run_id,t_epoch,dt,delta_bytes,delta_packets,delta_reorder,jitter_ns,rtt_ns,active_flows
MC_s9_dynamic_BigBuckBunny,1789984812.789,0.1001,0,0,0,0,0,0
MC_s9_dynamic_BigBuckBunny,1789984812.89,0.1013,0,0,0,0,0,0
MC_s9_dynamic_BigBuckBunny,1789984812.991,0.1013,0,0,0,0,0,0
MC_s9_dynamic_BigBuckBunny,1789984813.092,0.1011,0,0,0,0,0,0
MC_s9_dynamic_BigBuckBunny,1789984813.193,0.101,0,0,0,0,0,0
MC_s9_dynamic_BigBuckBunny,1789984813.295,0.1011,0,0,0,0,0,0
MC_s9_dynamic_BigBuckBunny,1789984813.396,0.1013,0,0,0,0,0,0
MC_s9_dynamic_BigBuckBunny,1789984813.497,0.1013,0,0,0,0,0,0
MC_s9_dynamic_BigBuckBunny,1789984813.598,0.1011,0,0,0,0,0,0
MC_s9_dynamic_BigBuckBunny,1789984813.699,0.1011,0,0,0,0,0,0
MC_s9_dynamic_BigBuckBunny,1789984813.8,0.101,0,0,0,0,0,0
MC_s9_dynamic_BigBuckBunny,1789984813.902,0.1015,0,0,0,0,0,0
MC_s9_dynamic_BigBuckBunny,1789984814.003,0.1015,0,0,0,0,0,0
MC_s9_dynamic_BigBuckBunny,1789984814.105,0.1014,0,0,0,0,0,0
MC_s9_dynamic_BigBuckBunny,1789984814.206,0.1014,0,0,0,0,0,0
MC_s9_dynamic_BigBuckBunny,1789984814.307,0.1014,0,0,0,0,0,0
MC_s9_dynamic_BigBuckBunny,1789984814.409,0.1015,0,0,0,0,0,0
MC_s9_dynamic_BigBuckBunny,1789984814.51,0.1015,0,0,0,0,0,0
MC_s9_dynamic_BigBuckBunny,1789984814.612,0.1013,0,0,0,0,0,0
MC_s9_dynamic_BigBuckBunny,1789984814.713,0.1014,0,0,0,0,0,0
MC_s9_dynamic_BigBuckBunny,1789984814.815,0.1014,0,0,0,0,0,0
MC_s9_dynamic_BigBuckBunny,1789984814.916,0.1015,0,0,0,0,0,0
MC_s9_dynamic_BigBuckBunny,1789984815.018,0.1016,0,0,0,0,0,0
MC_s9_dynamic_BigBuckBunny,1789984815.119,0.1013,0,0,0,0,0,0
MC_s9_dynamic_BigBuckBunny,1789984815.22,0.1013,0,0,0,0,0,0
MC_s9_dynamic_BigBuckBunny,1789984815.322,0.1014,0,0,0,0,0,0
MC_s9_dynamic_BigBuckBunny,1789984815.423,0.1017,0,0,0,0,0,0
MC_s9_dynamic_BigBuckBunny,1789984815.525,0.1015,0,0,0,0,0,0
MC_s9_dynamic_BigBuckBunny,1789984815.626,0.1014,0,0,0,0,0,0
MC_s9_dynamic_BigBuckBunny,1789984815.728,0.1021,0,0,0,0,0,0
MC_s9_dynamic_BigBuckBunny,1789984815.831,0.1022,0,0,0,0,0,0
MC_s9_dynamic_BigBuckBunny,1789984815.932,0.1017,0,0,0,0,0,0
MC_s9_dynamic_BigBuckBunny,1789984816.034,0.1015,0,0,0,0,0,0
MC_s9_dynamic_BigBuckBunny,1789984816.135,0.1013,0,0,0,0,0,0
MC_s9_dynamic_BigBuckBunny,1789984816.236,0.1014,0,0,0,0,0,0
MC_s9_dynamic_BigBuckBunny,1789984816.338,0.1015,0,0,0,0,0,0
MC_s9_dynamic_BigBuckBunny,1789984816.441,0.1026,0,0,0,0,0,0
MC_s9_dynamic_BigBuckBunny,1789984816.542,0.1016,0,0,0,0,0,0
MC_s9_dynamic_BigBuckBunny,1789984816.643,0.1014,0,0,0,0,0,0
MC_s9_dynamic_BigBuckBunny,1789984816.745,0.1013,0,0,0,0,0,0
MC_s9_dynamic_BigBuckBunny,1789984816.846,0.1016,0,0,0,0,0,0
MC_s9_dynamic_BigBuckBunny,1789984816.949,0.1026,0,0,0,0,0,0
MC_s9_dynamic_BigBuckBunny,1789984817.051,0.1015,0,0,0,0,0,0
MC_s9_dynamic_BigBuckBunny,1789984817.152,0.1014,0,0,0,0,0,0
MC_s9_dynamic_BigBuckBunny,1789984817.253,0.1013,0,0,0,0,0,0
MC_s9_dynamic_BigBuckBunny,1789984817.355,0.1015,0,0,0,0,0,0
MC_s9_dynamic_BigBuckBunny,1789984817.456,0.1015,0,0,0,0,0,0
MC_s9_dynamic_BigBuckBunny,1789984817.558,0.1014,0,0,0,0,0,0
MC_s9_dynamic_BigBuckBunny,1789984817.659,0.1015,0,0,0,0,0,0
MC_s9_dynamic_BigBuckBunny,1789984817.76,0.1013,0,0,0,0,0,0
MC_s9_dynamic_BigBuckBunny,1789984817.862,0.1016,0,0,0,0,0,0
MC_s9_dynamic_BigBuckBunny,1789984817.964,0.1015,0,0,0,0,0,0
MC_s9_dynamic_BigBuckBunny,1789984818.065,0.1013,0,0,0,0,0,0
MC_s9_dynamic_BigBuckBunny,1789984818.166,0.1013,0,0,0,0,0,0
MC_s9_dynamic_BigBuckBunny,1789984818.267,0.1013,0,0,0,0,0,0
MC_s9_dynamic_BigBuckBunny,1789984818.369,0.1017,0,0,0,0,0,0
MC_s9_dynamic_BigBuckBunny,1789984818.471,0.1015,0,0,0,0,0,0
MC_s9_dynamic_BigBuckBunny,1789984818.572,0.1013,0,0,0,0,0,0
MC_s9_dynamic_BigBuckBunny,1789984818.673,0.1013,0,0,0,0,0,0
MC_s9_dynamic_BigBuckBunny,1789984818.775,0.1013,0,0,0,0,0,0
MC_s9_dynamic_BigBuckBunny,1789984818.876,0.1015,0,0,0,0,0,0
MC_s9_dynamic_BigBuckBunny,1789984818.978,0.1015,0,0,0,0,0,0
MC_s9_dynamic_BigBuckBunny,1789984819.079,0.1013,0,0,0,0,0,0
MC_s9_dynamic_BigBuckBunny,1789984819.18,0.1012,0,0,0,0,0,0
MC_s9_dynamic_BigBuckBunny,1789984819.281,0.1013,0,0,0,0,0,0
MC_s9_dynamic_BigBuckBunny,1789984819.383,0.1015,0,0,0,0,0,0
MC_s9_dynamic_BigBuckBunny,1789984819.484,0.1015,0,0,0,0,0,0
MC_s9_dynamic_BigBuckBunny,1789984819.586,0.1013,0,0,0,0,0,0
MC_s9_dynamic_BigBuckBunny,1789984819.687,0.1013,0,0,0,0,0,0
MC_s9_dynamic_BigBuckBunny,1789984819.788,0.1014,0,0,0,0,0,0
MC_s9_dynamic_BigBuckBunny,1789984819.89,0.1015,0,0,0,0,0,0
MC_s9_dynamic_BigBuckBunny,1789984819.991,0.1015,0,0,0,0,0,0
MC_s9_dynamic_BigBuckBunny,1789984820.093,0.1013,0,0,0,0,0,0
MC_s9_dynamic_BigBuckBunny,1789984820.194,0.1013,0,0,0,0,0,0
MC_s9_dynamic_BigBuckBunny,1789984820.295,0.1014,0,0,0,0,0,0
MC_s9_dynamic_BigBuckBunny,1789984820.397,0.1015,0,0,0,0,0,0
MC_s9_dynamic_BigBuckBunny,1789984820.498,0.1015,0,0,0,0,0,0
MC_s9_dynamic_BigBuckBunny,1789984820.608,0.1095,0,0,0,0,0,0
MC_s9_dynamic_BigBuckBunny,1789984820.709,0.1013,0,0,0,0,0,0
MC_s9_dynamic_BigBuckBunny,1789984820.811,0.1013,0,0,0,0,0,0
MC_s9_dynamic_BigBuckBunny,1789984820.912,0.1015,0,0,0,0,0,0
MC_s9_dynamic_BigBuckBunny,1789984821.014,0.1016,0,0,0,0,0,0
MC_s9_dynamic_BigBuckBunny,1789984821.115,0.1015,0,0,0,0,0,0
MC_s9_dynamic_BigBuckBunny,1789984821.217,0.1013,0,0,0,0,0,0
MC_s9_dynamic_BigBuckBunny,1789984821.318,0.1015,0,0,0,0,0,0
MC_s9_dynamic_BigBuckBunny,1789984821.421,0.1032,0,0,0,0,0,0
MC_s9_dynamic_BigBuckBunny,1789984821.523,0.1016,0,0,0,0,0,0
MC_s9_dynamic_BigBuckBunny,1789984821.624,0.1013,0,0,0,0,0,0
MC_s9_dynamic_BigBuckBunny,1789984821.725,0.1013,0,0,0,0,0,0
MC_s9_dynamic_BigBuckBunny,1789984821.827,0.1019,0,0,0,0,0,0
MC_s9_dynamic_BigBuckBunny,1789984821.929,0.1016,0,0,0,0,0,0
MC_s9_dynamic_BigBuckBunny,1789984822.031,0.1015,0,0,0,0,0,0
MC_s9_dynamic_BigBuckBunny,1789984822.132,0.1013,0,0,0,0,0,0
MC_s9_dynamic_BigBuckBunny,1789984822.233,0.1013,0,0,0,0,0,0
MC_s9_dynamic_BigBuckBunny,1789984822.335,0.1018,0,0,0,0,0,0
MC_s9_dynamic_BigBuckBunny,1789984822.437,0.1025,0,0,0,0,0,0
MC_s9_dynamic_BigBuckBunny,1789984822.539,0.1015,0,0,0,0,0,0
MC_s9_dynamic_BigBuckBunny,1789984822.64,0.1013,0,0,0,0,0,0
MC_s9_dynamic_BigBuckBunny,1789984822.742,0.1013,0,0,0,0,0,0
MC_s9_dynamic_BigBuckBunny,1789984822.843,0.1016,0,0,0,0,0,0
MC_s9_dynamic_BigBuckBunny,1789984822.947,0.1038,0,0,0,0,0,0
MC_s9_dynamic_BigBuckBunny,1789984823.048,0.1014,0,0,0,0,0,0
MC_s9_dynamic_BigBuckBunny,1789984823.15,0.1013,0,0,0,0,0,0
MC_s9_dynamic_BigBuckBunny,1789984823.251,0.1013,0,0,0,0,0,0
MC_s9_dynamic_BigBuckBunny,1789984823.352,0.1015,0,0,0,0,0,0
MC_s9_dynamic_BigBuckBunny,1789984823.454,0.1015,0,0,0,0,0,0
MC_s9_dynamic_BigBuckBunny,1789984823.555,0.1014,0,0,0,0,0,0
MC_s9_dynamic_BigBuckBunny,1789984823.657,0.1013,0,0,0,0,0,0
MC_s9_dynamic_BigBuckBunny,1789984823.758,0.1013,0,0,0,0,0,0
MC_s9_dynamic_BigBuckBunny,1789984823.86,0.1016,0,0,0,0,0,0
MC_s9_dynamic_BigBuckBunny,1789984823.961,0.1015,0,0,0,0,0,0
MC_s9_dynamic_BigBuckBunny,1789984824.062,0.1013,0,0,0,0,0,0
MC_s9_dynamic_BigBuckBunny,1789984824.164,0.1013,0,0,0,0,0,0
MC_s9_dynamic_BigBuckBunny,1789984824.265,0.1013,0,0,0,0,0,0
MC_s9_dynamic_BigBuckBunny,1789984824.367,0.1016,0,0,0,0,0,0
MC_s9_dynamic_BigBuckBunny,1789984824.468,0.1015,0,0,0,0,0,0
MC_s9_dynamic_BigBuckBunny,1789984824.569,0.1013,0,0,0,0,0,0
MC_s9_dynamic_BigBuckBunny,1789984824.671,0.1013,0,0,0,0,0,0
MC_s9_dynamic_BigBuckBunny,1789984824.772,0.1012,0,0,0,0,0,0
MC_s9_dynamic_BigBuckBunny,1789984824.873,0.1015,0,0,0,0,0,0
MC_s9_dynamic_BigBuckBunny,1789984824.975,0.1015,0,0,0,0,0,0
MC_s9_dynamic_BigBuckBunny,1789984825.076,0.1013,0,0,0,0,0,0
MC_s9_dynamic_BigBuckBunny,1789984825.178,0.1013,0,0,0,0,0,0
MC_s9_dynamic_BigBuckBunny,1789984825.279,0.1013,0,0,0,0,0,0
MC_s9_dynamic_BigBuckBunny,1789984825.38,0.1015,0,0,0,0,0,0
MC_s9_dynamic_BigBuckBunny,1789984825.482,0.1015,0,0,0,0,0,0
MC_s9_dynamic_BigBuckBunny,1789984825.583,0.1013,0,0,0,0,0,0
MC_s9_dynamic_BigBuckBunny,1789984825.693,0.1094,0,0,0,0,0,0
MC_s9_dynamic_BigBuckBunny,1789984825.794,0.1013,0,0,0,0,0,0
MC_s9_dynamic_BigBuckBunny,1789984825.895,0.1015,0,0,0,0,0,0
MC_s9_dynamic_BigBuckBunny,1789984825.997,0.1015,0,0,0,0,0,0
MC_s9_dynamic_BigBuckBunny,1789984826.098,0.1013,0,0,0,0,0,0
MC_s9_dynamic_BigBuckBunny,1789984826.2,0.1013,0,0,0,0,0,0
MC_s9_dynamic_BigBuckBunny,1789984826.301,0.1015,0,0,0,0,0,0
MC_s9_dynamic_BigBuckBunny,1789984826.403,0.1015,0,0,0,0,0,0
MC_s9_dynamic_BigBuckBunny,1789984826.504,0.1017,0,0,0,0,0,0
MC_s9_dynamic_BigBuckBunny,1789984826.606,0.1014,0,0,0,0,0,0
MC_s9_dynamic_BigBuckBunny,1789984826.707,0.1014,0,0,0,0,0,0
MC_s9_dynamic_BigBuckBunny,1789984826.808,0.1015,0,0,0,0,0,0
MC_s9_dynamic_BigBuckBunny,1789984826.91,0.1016,0,0,0,0,0,0
MC_s9_dynamic_BigBuckBunny,1789984827.012,0.1016,0,0,0,0,0,0
MC_s9_dynamic_BigBuckBunny,1789984827.113,0.1014,0,0,0,0,0,0
MC_s9_dynamic_BigBuckBunny,1789984827.214,0.1014,0,0,0,0,0,0
MC_s9_dynamic_BigBuckBunny,1789984827.316,0.1014,0,0,0,0,0,0
MC_s9_dynamic_BigBuckBunny,1789984827.417,0.1015,0,0,0,0,0,0
MC_s9_dynamic_BigBuckBunny,1789984827.519,0.1016,0,0,0,0,0,0
MC_s9_dynamic_BigBuckBunny,1789984827.62,0.1013,0,0,0,0,0,0
MC_s9_dynamic_BigBuckBunny,1789984827.722,0.1013,0,0,0,0,0,0
MC_s9_dynamic_BigBuckBunny,1789984827.823,0.1013,0,0,0,0,0,0
MC_s9_dynamic_BigBuckBunny,1789984827.924,0.1015,0,0,0,0,0,0
MC_s9_dynamic_BigBuckBunny,1789984828.026,0.1015,0,0,0,0,0,0
MC_s9_dynamic_BigBuckBunny,1789984828.127,0.1013,0,0,0,0,0,0
MC_s9_dynamic_BigBuckBunny,1789984828.229,0.1018,0,0,0,0,0,0
MC_s9_dynamic_BigBuckBunny,1789984828.331,0.1018,0,0,0,0,0,0
MC_s9_dynamic_BigBuckBunny,1789984828.432,0.1015,0,0,0,0,0,0
MC_s9_dynamic_BigBuckBunny,1789984828.534,0.1016,0,0,0,0,0,0
MC_s9_dynamic_BigBuckBunny,1789984828.635,0.1013,0,0,0,0,0,0
MC_s9_dynamic_BigBuckBunny,1789984828.737,0.1013,0,0,0,0,0,0
MC_s9_dynamic_BigBuckBunny,1789984828.838,0.1016,0,0,0,0,0,0
MC_s9_dynamic_BigBuckBunny,1789984828.941,0.1031,0,0,0,0,0,0
MC_s9_dynamic_BigBuckBunny,1789984829.043,0.1016,0,0,0,0,0,0
MC_s9_dynamic_BigBuckBunny,1789984829.144,0.1013,0,0,0,0,0,0
MC_s9_dynamic_BigBuckBunny,1789984829.246,0.1013,0,0,0,0,0,0
MC_s9_dynamic_BigBuckBunny,1789984829.347,0.102,0,0,0,0,0,0
MC_s9_dynamic_BigBuckBunny,1789984829.45,0.1026,0,0,0,0,0,0
MC_s9_dynamic_BigBuckBunny,1789984829.551,0.1013,0,0,0,0,0,0
MC_s9_dynamic_BigBuckBunny,1789984829.653,0.1013,0,0,0,0,0,0
MC_s9_dynamic_BigBuckBunny,1789984829.754,0.1013,0,0,0,0,0,0
MC_s9_dynamic_BigBuckBunny,1789984829.856,0.1015,0,0,0,0,0,0
MC_s9_dynamic_BigBuckBunny,1789984829.957,0.1015,0,0,0,0,0,0
MC_s9_dynamic_BigBuckBunny,1789984830.058,0.1014,0,0,0,0,0,0
MC_s9_dynamic_BigBuckBunny,1789984830.16,0.1013,0,0,0,0,0,0
MC_s9_dynamic_BigBuckBunny,1789984830.261,0.1013,0,0,0,0,0,0
MC_s9_dynamic_BigBuckBunny,1789984830.362,0.1015,0,0,0,0,0,0
MC_s9_dynamic_BigBuckBunny,1789984830.464,0.1016,0,0,0,0,0,0
MC_s9_dynamic_BigBuckBunny,1789984830.565,0.1014,0,0,0,0,0,0
MC_s9_dynamic_BigBuckBunny,1789984830.667,0.1013,0,0,0,0,0,0
MC_s9_dynamic_BigBuckBunny,1789984830.77,0.1033,0,0,0,0,0,0
MC_s9_dynamic_BigBuckBunny,1789984830.872,0.1015,0,0,0,0,0,0
MC_s9_dynamic_BigBuckBunny,1789984830.973,0.1015,0,0,0,0,0,0
MC_s9_dynamic_BigBuckBunny,1789984831.074,0.1013,0,0,0,0,0,0
MC_s9_dynamic_BigBuckBunny,1789984831.176,0.1013,0,0,0,0,0,0
MC_s9_dynamic_BigBuckBunny,1789984831.277,0.1013,0,0,0,0,0,0
MC_s9_dynamic_BigBuckBunny,1789984831.378,0.1016,0,0,0,0,0,0
MC_s9_dynamic_BigBuckBunny,1789984831.48,0.1015,0,0,0,0,0,0
MC_s9_dynamic_BigBuckBunny,1789984831.581,0.1014,0,0,0,0,0,0
MC_s9_dynamic_BigBuckBunny,1789984831.683,0.1014,0,0,0,0,0,0
MC_s9_dynamic_BigBuckBunny,1789984831.784,0.1014,0,0,0,0,0,0
MC_s9_dynamic_BigBuckBunny,1789984831.886,0.1015,0,0,0,0,0,0
MC_s9_dynamic_BigBuckBunny,1789984831.987,0.1015,0,0,0,0,0,0
MC_s9_dynamic_BigBuckBunny,1789984832.088,0.1013,0,0,0,0,0,0
MC_s9_dynamic_BigBuckBunny,1789984832.19,0.1013,0,0,0,0,0,0
MC_s9_dynamic_BigBuckBunny,1789984832.291,0.1014,0,0,0,0,0,0
MC_s9_dynamic_BigBuckBunny,1789984832.393,0.1015,0,0,0,0,0,0
MC_s9_dynamic_BigBuckBunny,1789984832.494,0.1016,0,0,0,0,0,0
MC_s9_dynamic_BigBuckBunny,1789984832.596,0.1013,0,0,0,0,0,0
MC_s9_dynamic_BigBuckBunny,1789984832.697,0.1013,0,0,0,0,0,0
MC_s9_dynamic_BigBuckBunny,1789984832.798,0.1013,0,0,0,0,0,0
MC_s9_dynamic_BigBuckBunny,1789984832.9,0.1016,0,0,0,0,0,0
MC_s9_dynamic_BigBuckBunny,1789984833.001,0.1015,0,0,0,0,0,0
MC_s9_dynamic_BigBuckBunny,1789984833.103,0.1016,0,0,0,0,0,0
MC_s9_dynamic_BigBuckBunny,1789984833.204,0.1013,0,0,0,0,0,0
MC_s9_dynamic_BigBuckBunny,1789984833.306,0.1013,0,0,0,0,0,0
MC_s9_dynamic_BigBuckBunny,1789984833.407,0.1016,0,0,0,0,0,0
MC_s9_dynamic_BigBuckBunny,1789984833.509,0.1015,0,0,0,0,0,0
MC_s9_dynamic_BigBuckBunny,1789984833.61,0.1013,0,0,0,0,0,0
MC_s9_dynamic_BigBuckBunny,1789984833.711,0.1013,0,0,0,0,0,0
MC_s9_dynamic_BigBuckBunny,1789984833.813,0.1014,0,0,0,0,0,0
MC_s9_dynamic_BigBuckBunny,1789984833.914,0.1016,0,0,0,0,0,0
MC_s9_dynamic_BigBuckBunny,1789984834.016,0.1016,0,0,0,0,0,0
MC_s9_dynamic_BigBuckBunny,1789984834.117,0.1014,0,0,0,0,0,0
MC_s9_dynamic_BigBuckBunny,1789984834.219,0.1014,0,0,0,0,0,0
MC_s9_dynamic_BigBuckBunny,1789984834.32,0.1013,0,0,0,0,0,0
MC_s9_dynamic_BigBuckBunny,1789984834.422,0.1015,0,0,0,0,0,0
MC_s9_dynamic_BigBuckBunny,1789984834.523,0.1016,0,0,0,0,0,0
MC_s9_dynamic_BigBuckBunny,1789984834.625,0.1014,0,0,0,0,0,0
MC_s9_dynamic_BigBuckBunny,1789984834.726,0.1013,0,0,0,0,0,0
MC_s9_dynamic_BigBuckBunny,1789984834.827,0.1014,0,0,0,0,0,0
MC_s9_dynamic_BigBuckBunny,1789984834.929,0.1016,0,0,0,0,0,0
MC_s9_dynamic_BigBuckBunny,1789984835.03,0.1016,0,0,0,0,0,0
MC_s9_dynamic_BigBuckBunny,1789984835.132,0.1013,0,0,0,0,0,0
MC_s9_dynamic_BigBuckBunny,1789984835.233,0.1013,0,0,0,0,0,0
MC_s9_dynamic_BigBuckBunny,1789984835.335,0.1017,0,0,0,0,0,0
MC_s9_dynamic_BigBuckBunny,1789984835.437,0.1025,0,0,0,0,0,0
MC_s9_dynamic_BigBuckBunny,1789984835.539,0.1016,0,0,0,0,0,0
MC_s9_dynamic_BigBuckBunny,1789984835.64,0.1013,0,0,0,0,0,0
MC_s9_dynamic_BigBuckBunny,1789984835.741,0.1013,0,0,0,0,0,0
MC_s9_dynamic_BigBuckBunny,1789984835.851,0.1097,0,0,0,0,0,0
MC_s9_dynamic_BigBuckBunny,1789984835.953,0.1021,0,0,0,0,0,0
MC_s9_dynamic_BigBuckBunny,1789984836.055,0.1014,0,0,0,0,0,0
MC_s9_dynamic_BigBuckBunny,1789984836.156,0.1013,0,0,0,0,0,0
MC_s9_dynamic_BigBuckBunny,1789984836.257,0.1013,0,0,0,0,0,0
MC_s9_dynamic_BigBuckBunny,1789984836.359,0.1016,0,0,0,0,0,0
MC_s9_dynamic_BigBuckBunny,1789984836.46,0.1016,0,0,0,0,0,0
MC_s9_dynamic_BigBuckBunny,1789984836.562,0.1014,0,0,0,0,0,0
MC_s9_dynamic_BigBuckBunny,1789984836.663,0.1013,0,0,0,0,0,0
MC_s9_dynamic_BigBuckBunny,1789984836.765,0.1015,0,0,0,0,0,0
MC_s9_dynamic_BigBuckBunny,1789984836.866,0.1015,0,0,0,0,0,0
MC_s9_dynamic_BigBuckBunny,1789984836.968,0.1015,0,0,0,0,0,0
MC_s9_dynamic_BigBuckBunny,1789984837.069,0.1014,0,0,0,0,0,0
MC_s9_dynamic_BigBuckBunny,1789984837.17,0.1013,0,0,0,0,0,0
MC_s9_dynamic_BigBuckBunny,1789984837.272,0.1013,0,0,0,0,0,0
MC_s9_dynamic_BigBuckBunny,1789984837.373,0.1016,0,0,0,0,0,0
MC_s9_dynamic_BigBuckBunny,1789984837.475,0.1016,0,0,0,0,0,0
MC_s9_dynamic_BigBuckBunny,1789984837.576,0.1014,0,0,0,0,0,0
MC_s9_dynamic_BigBuckBunny,1789984837.677,0.1013,0,0,0,0,0,0
MC_s9_dynamic_BigBuckBunny,1789984837.779,0.1013,0,0,0,0,0,0
MC_s9_dynamic_BigBuckBunny,1789984837.88,0.1016,0,0,0,0,0,0
MC_s9_dynamic_BigBuckBunny,1789984837.982,0.1016,0,0,0,0,0,0
MC_s9_dynamic_BigBuckBunny,1789984838.083,0.1013,0,0,0,0,0,0
MC_s9_dynamic_BigBuckBunny,1789984838.184,0.1013,0,0,0,0,0,0
MC_s9_dynamic_BigBuckBunny,1789984838.286,0.1013,0,0,0,0,0,0
MC_s9_dynamic_BigBuckBunny,1789984838.387,0.1016,0,0,0,0,0,0
MC_s9_dynamic_BigBuckBunny,1789984838.489,0.1016,0,0,0,0,0,0
MC_s9_dynamic_BigBuckBunny,1789984838.59,0.1013,0,0,0,0,0,0
MC_s9_dynamic_BigBuckBunny,1789984838.692,0.1013,0,0,0,0,0,0
MC_s9_dynamic_BigBuckBunny,1789984838.793,0.1013,0,0,0,0,0,0
MC_s9_dynamic_BigBuckBunny,1789984838.895,0.1016,0,0,0,0,0,0
MC_s9_dynamic_BigBuckBunny,1789984838.996,0.1016,0,0,0,0,0,0
MC_s9_dynamic_BigBuckBunny,1789984839.097,0.1013,0,0,0,0,0,0
MC_s9_dynamic_BigBuckBunny,1789984839.199,0.1013,0,0,0,0,0,0
MC_s9_dynamic_BigBuckBunny,1789984839.3,0.1013,0,0,0,0,0,0
MC_s9_dynamic_BigBuckBunny,1789984839.402,0.1017,0,0,0,0,0,0
MC_s9_dynamic_BigBuckBunny,1789984839.503,0.1016,0,0,0,0,0,0
MC_s9_dynamic_BigBuckBunny,1789984839.605,0.1013,0,0,0,0,0,0
MC_s9_dynamic_BigBuckBunny,1789984839.706,0.1013,0,0,0,0,0,0
MC_s9_dynamic_BigBuckBunny,1789984839.807,0.1014,0,0,0,0,0,0
MC_s9_dynamic_BigBuckBunny,1789984839.909,0.1016,0,0,0,0,0,0
MC_s9_dynamic_BigBuckBunny,1789984840.011,0.1016,0,0,0,0,0,0
MC_s9_dynamic_BigBuckBunny,1789984840.112,0.1013,0,0,0,0,0,0
MC_s9_dynamic_BigBuckBunny,1789984840.213,0.1013,0,0,0,0,0,0
MC_s9_dynamic_BigBuckBunny,1789984840.314,0.1014,0,0,0,0,0,0
MC_s9_dynamic_BigBuckBunny,1789984840.416,0.1015,0,0,0,0,0,0
MC_s9_dynamic_BigBuckBunny,1789984840.518,0.1016,0,0,0,0,0,0
MC_s9_dynamic_BigBuckBunny,1789984840.619,0.1014,0,0,0,0,0,0
MC_s9_dynamic_BigBuckBunny,1789984840.72,0.1013,0,0,0,0,0,0
MC_s9_dynamic_BigBuckBunny,1789984840.822,0.1013,0,0,0,0,0,0
MC_s9_dynamic_BigBuckBunny,1789984840.931,0.1097,0,0,0,0,0,0
MC_s9_dynamic_BigBuckBunny,1789984841.033,0.1016,0,0,0,0,0,0
MC_s9_dynamic_BigBuckBunny,1789984841.134,0.1013,0,0,0,0,0,0
MC_s9_dynamic_BigBuckBunny,1789984841.235,0.1013,0,0,0,0,0,0
MC_s9_dynamic_BigBuckBunny,1789984841.337,0.1015,0,0,0,0,0,0
MC_s9_dynamic_BigBuckBunny,1789984841.44,0.1026,0,0,0,0,0,0
MC_s9_dynamic_BigBuckBunny,1789984841.541,0.1015,0,0,0,0,0,0
MC_s9_dynamic_BigBuckBunny,1789984841.642,0.1013,0,0,0,0,0,0
MC_s9_dynamic_BigBuckBunny,1789984841.744,0.1014,0,0,0,0,0,0
MC_s9_dynamic_BigBuckBunny,1789984841.845,0.1016,0,0,0,0,0,0
MC_s9_dynamic_BigBuckBunny,1789984841.948,0.1027,0,0,0,0,0,0
MC_s9_dynamic_BigBuckBunny,1789984842.05,0.1014,0,0,0,0,0,0
MC_s9_dynamic_BigBuckBunny,1789984842.151,0.1013,0,0,0,0,0,0
MC_s9_dynamic_BigBuckBunny,1789984842.252,0.1013,0,0,0,0,0,0
MC_s9_dynamic_BigBuckBunny,1789984842.354,0.1015,0,0,0,0,0,0
MC_s9_dynamic_BigBuckBunny,1789984842.455,0.1016,0,0,0,0,0,0
MC_s9_dynamic_BigBuckBunny,1789984842.557,0.1013,0,0,0,0,0,0
MC_s9_dynamic_BigBuckBunny,1789984842.658,0.1013,0,0,0,0,0,0
MC_s9_dynamic_BigBuckBunny,1789984842.759,0.1013,0,0,0,0,0,0
MC_s9_dynamic_BigBuckBunny,1789984842.861,0.1015,0,0,0,0,0,0
MC_s9_dynamic_BigBuckBunny,1789984842.962,0.1016,0,0,0,0,0,0
MC_s9_dynamic_BigBuckBunny,1789984843.064,0.1014,0,0,0,0,0,0
MC_s9_dynamic_BigBuckBunny,1789984843.165,0.1013,0,0,0,0,0,0
MC_s9_dynamic_BigBuckBunny,1789984843.266,0.1016,0,0,0,0,0,0
MC_s9_dynamic_BigBuckBunny,1789984843.368,0.1015,0,0,0,0,0,0
MC_s9_dynamic_BigBuckBunny,1789984843.47,0.1016,0,0,0,0,0,0
MC_s9_dynamic_BigBuckBunny,1789984843.571,0.1013,0,0,0,0,0,0
MC_s9_dynamic_BigBuckBunny,1789984843.672,0.1013,0,0,0,0,0,0
MC_s9_dynamic_BigBuckBunny,1789984843.773,0.1013,0,0,0,0,0,0
MC_s9_dynamic_BigBuckBunny,1789984843.875,0.1016,0,0,0,0,0,0
MC_s9_dynamic_BigBuckBunny,1789984843.977,0.1015,0,0,0,0,0,0
MC_s9_dynamic_BigBuckBunny,1789984844.078,0.1013,0,0,0,0,0,0
MC_s9_dynamic_BigBuckBunny,1789984844.179,0.1013,0,0,0,0,0,0
MC_s9_dynamic_BigBuckBunny,1789984844.28,0.1013,0,0,0,0,0,0
MC_s9_dynamic_BigBuckBunny,1789984844.382,0.1015,0,0,0,0,0,0
MC_s9_dynamic_BigBuckBunny,1789984844.483,0.1015,0,0,0,0,0,0
MC_s9_dynamic_BigBuckBunny,1789984844.585,0.1013,0,0,0,0,0,0
MC_s9_dynamic_BigBuckBunny,1789984844.686,0.1013,0,0,0,0,0,0
MC_s9_dynamic_BigBuckBunny,1789984844.787,0.1012,0,0,0,0,0,0
MC_s9_dynamic_BigBuckBunny,1789984844.889,0.1015,0,0,0,0,0,0
MC_s9_dynamic_BigBuckBunny,1789984844.99,0.1016,0,0,0,0,0,0
MC_s9_dynamic_BigBuckBunny,1789984845.092,0.1013,0,0,0,0,0,0
MC_s9_dynamic_BigBuckBunny,1789984845.193,0.1013,0,0,0,0,0,0
MC_s9_dynamic_BigBuckBunny,1789984845.294,0.1013,0,0,0,0,0,0
MC_s9_dynamic_BigBuckBunny,1789984845.396,0.1015,0,0,0,0,0,0
MC_s9_dynamic_BigBuckBunny,1789984845.497,0.1015,0,0,0,0,0,0
MC_s9_dynamic_BigBuckBunny,1789984845.598,0.1013,0,0,0,0,0,0
MC_s9_dynamic_BigBuckBunny,1789984845.7,0.1013,0,0,0,0,0,0
MC_s9_dynamic_BigBuckBunny,1789984845.801,0.1013,0,0,0,0,0,0
MC_s9_dynamic_BigBuckBunny,1789984845.903,0.1016,0,0,0,0,0,0
MC_s9_dynamic_BigBuckBunny,1789984846.006,0.1035,0,0,0,0,0,0
MC_s9_dynamic_BigBuckBunny,1789984846.107,0.1013,0,0,0,0,0,0
MC_s9_dynamic_BigBuckBunny,1789984846.209,0.1013,0,0,0,0,0,0
MC_s9_dynamic_BigBuckBunny,1789984846.31,0.1013,0,0,0,0,0,0
MC_s9_dynamic_BigBuckBunny,1789984846.412,0.1015,0,0,0,0,0,0
MC_s9_dynamic_BigBuckBunny,1789984846.513,0.1015,0,0,0,0,0,0
MC_s9_dynamic_BigBuckBunny,1789984846.614,0.1013,0,0,0,0,0,0
MC_s9_dynamic_BigBuckBunny,1789984846.716,0.1013,0,0,0,0,0,0
MC_s9_dynamic_BigBuckBunny,1789984846.817,0.1013,0,0,0,0,0,0
MC_s9_dynamic_BigBuckBunny,1789984846.919,0.1016,0,0,0,0,0,0
MC_s9_dynamic_BigBuckBunny,1789984847.02,0.1016,0,0,0,0,0,0
MC_s9_dynamic_BigBuckBunny,1789984847.121,0.1013,0,0,0,0,0,0
MC_s9_dynamic_BigBuckBunny,1789984847.223,0.1013,0,0,0,0,0,0
MC_s9_dynamic_BigBuckBunny,1789984847.324,0.1015,0,0,0,0,0,0
MC_s9_dynamic_BigBuckBunny,1789984847.426,0.1016,0,0,0,0,0,0
MC_s9_dynamic_BigBuckBunny,1789984847.527,0.1016,0,0,0,0,0,0
MC_s9_dynamic_BigBuckBunny,1789984847.629,0.1013,0,0,0,0,0,0
MC_s9_dynamic_BigBuckBunny,1789984847.73,0.1013,0,0,0,0,0,0
MC_s9_dynamic_BigBuckBunny,1789984847.832,0.1015,0,0,0,0,0,0
MC_s9_dynamic_BigBuckBunny,1789984847.933,0.1016,0,0,0,0,0,0
MC_s9_dynamic_BigBuckBunny,1789984848.035,0.1016,0,0,0,0,0,0
MC_s9_dynamic_BigBuckBunny,1789984848.136,0.1013,0,0,0,0,0,0
MC_s9_dynamic_BigBuckBunny,1789984848.237,0.1013,0,0,0,0,0,0
MC_s9_dynamic_BigBuckBunny,1789984848.339,0.1015,0,0,0,0,0,0
MC_s9_dynamic_BigBuckBunny,1789984848.441,0.1025,0,0,0,0,0,0
MC_s9_dynamic_BigBuckBunny,1789984848.543,0.1015,0,0,0,0,0,0
MC_s9_dynamic_BigBuckBunny,1789984848.644,0.1013,0,0,0,0,0,0
MC_s9_dynamic_BigBuckBunny,1789984848.745,0.1013,0,0,0,0,0,0
MC_s9_dynamic_BigBuckBunny,1789984848.847,0.1016,0,0,0,0,0,0
MC_s9_dynamic_BigBuckBunny,1789984848.949,0.1017,0,0,0,0,0,0
MC_s9_dynamic_BigBuckBunny,1789984849.05,0.1013,0,0,0,0,0,0
MC_s9_dynamic_BigBuckBunny,1789984849.151,0.1012,0,0,0,0,0,0
MC_s9_dynamic_BigBuckBunny,1789984849.253,0.1013,0,0,0,0,0,0
MC_s9_dynamic_BigBuckBunny,1789984849.354,0.1017,0,0,0,0,0,0
MC_s9_dynamic_BigBuckBunny,1789984849.456,0.1015,0,0,0,0,0,0
MC_s9_dynamic_BigBuckBunny,1789984849.557,0.1013,0,0,0,0,0,0
MC_s9_dynamic_BigBuckBunny,1789984849.658,0.1013,0,0,0,0,0,0
MC_s9_dynamic_BigBuckBunny,1789984849.76,0.1014,0,0,0,0,0,0
MC_s9_dynamic_BigBuckBunny,1789984849.861,0.1016,0,0,0,0,0,0
MC_s9_dynamic_BigBuckBunny,1789984849.963,0.1015,0,0,0,0,0,0
MC_s9_dynamic_BigBuckBunny,1789984850.064,0.1013,0,0,0,0,0,0
MC_s9_dynamic_BigBuckBunny,1789984850.166,0.1013,0,0,0,0,0,0
MC_s9_dynamic_BigBuckBunny,1789984850.267,0.1013,0,0,0,0,0,0
MC_s9_dynamic_BigBuckBunny,1789984850.368,0.1015,0,0,0,0,0,0
MC_s9_dynamic_BigBuckBunny,1789984850.47,0.1015,0,0,0,0,0,0
MC_s9_dynamic_BigBuckBunny,1789984850.571,0.1013,0,0,0,0,0,0
MC_s9_dynamic_BigBuckBunny,1789984850.672,0.1013,0,0,0,0,0,0
MC_s9_dynamic_BigBuckBunny,1789984850.774,0.1013,0,0,0,0,0,0
MC_s9_dynamic_BigBuckBunny,1789984850.875,0.1016,0,0,0,0,0,0
MC_s9_dynamic_BigBuckBunny,1789984850.977,0.1015,0,0,0,0,0,0
MC_s9_dynamic_BigBuckBunny,1789984851.086,0.1094,0,0,0,0,0,0
MC_s9_dynamic_BigBuckBunny,1789984851.187,0.1013,0,0,0,0,0,0
MC_s9_dynamic_BigBuckBunny,1789984851.289,0.1013,0,0,0,0,0,0
MC_s9_dynamic_BigBuckBunny,1789984851.39,0.1016,0,0,0,0,0,0
MC_s9_dynamic_BigBuckBunny,1789984851.492,0.1015,0,0,0,0,0,0
MC_s9_dynamic_BigBuckBunny,1789984851.593,0.1013,0,0,0,0,0,0
MC_s9_dynamic_BigBuckBunny,1789984851.695,0.1013,0,0,0,0,0,0
MC_s9_dynamic_BigBuckBunny,1789984851.796,0.1013,0,0,0,0,0,0
MC_s9_dynamic_BigBuckBunny,1789984851.897,0.1015,0,0,0,0,0,0
MC_s9_dynamic_BigBuckBunny,1789984851.999,0.1016,0,0,0,0,0,0
MC_s9_dynamic_BigBuckBunny,1789984852.1,0.1013,0,0,0,0,0,0
MC_s9_dynamic_BigBuckBunny,1789984852.201,0.1013,0,0,0,0,0,0
MC_s9_dynamic_BigBuckBunny,1789984852.303,0.1013,0,0,0,0,0,0
MC_s9_dynamic_BigBuckBunny,1789984852.404,0.1016,0,0,0,0,0,0
MC_s9_dynamic_BigBuckBunny,1789984852.506,0.1016,0,0,0,0,0,0
MC_s9_dynamic_BigBuckBunny,1789984852.607,0.1015,0,0,0,0,0,0
MC_s9_dynamic_BigBuckBunny,1789984852.709,0.1014,0,0,0,0,0,0
MC_s9_dynamic_BigBuckBunny,1789984852.81,0.1014,0,0,0,0,0,0
MC_s9_dynamic_BigBuckBunny,1789984852.912,0.1016,0,0,0,0,0,0
MC_s9_dynamic_BigBuckBunny,1789984853.013,0.1015,0,0,0,0,0,0
MC_s9_dynamic_BigBuckBunny,1789984853.115,0.1013,0,0,0,0,0,0
MC_s9_dynamic_BigBuckBunny,1789984853.216,0.1013,0,0,0,0,0,0
MC_s9_dynamic_BigBuckBunny,1789984853.317,0.1013,0,0,0,0,0,0
MC_s9_dynamic_BigBuckBunny,1789984853.419,0.102,0,0,0,0,0,0
MC_s9_dynamic_BigBuckBunny,1789984853.521,0.1016,0,0,0,0,0,0
MC_s9_dynamic_BigBuckBunny,1789984853.622,0.1014,0,0,0,0,0,0
MC_s9_dynamic_BigBuckBunny,1789984853.724,0.1014,0,0,0,0,0,0
MC_s9_dynamic_BigBuckBunny,1789984853.825,0.1014,0,0,0,0,0,0
MC_s9_dynamic_BigBuckBunny,1789984853.927,0.1017,0,0,0,0,0,0
MC_s9_dynamic_BigBuckBunny,1789984854.028,0.1016,0,0,0,0,0,0
MC_s9_dynamic_BigBuckBunny,1789984854.13,0.1013,0,0,0,0,0,0
MC_s9_dynamic_BigBuckBunny,1789984854.232,0.1027,0,0,0,0,0,0
MC_s9_dynamic_BigBuckBunny,1789984854.334,0.1017,0,0,0,0,0,0
MC_s9_dynamic_BigBuckBunny,1789984854.437,0.1024,0,0,0,0,0,0
MC_s9_dynamic_BigBuckBunny,1789984854.538,0.1016,0,0,0,0,0,0
MC_s9_dynamic_BigBuckBunny,1789984854.639,0.1013,0,0,0,0,0,0
MC_s9_dynamic_BigBuckBunny,1789984854.741,0.1013,0,0,0,0,0,0
MC_s9_dynamic_BigBuckBunny,1789984854.842,0.1016,0,0,0,0,0,0
MC_s9_dynamic_BigBuckBunny,1789984854.945,0.1027,0,0,0,0,0,0
MC_s9_dynamic_BigBuckBunny,1789984855.047,0.1015,0,0,0,0,0,0
MC_s9_dynamic_BigBuckBunny,1789984855.148,0.1013,0,0,0,0,0,0
MC_s9_dynamic_BigBuckBunny,1789984855.249,0.1014,0,0,0,0,0,0
MC_s9_dynamic_BigBuckBunny,1789984855.351,0.1015,0,0,0,0,0,0
MC_s9_dynamic_BigBuckBunny,1789984855.453,0.1016,0,0,0,0,0,0
MC_s9_dynamic_BigBuckBunny,1789984855.554,0.1013,0,0,0,0,0,0
MC_s9_dynamic_BigBuckBunny,1789984855.655,0.1014,0,0,0,0,0,0
MC_s9_dynamic_BigBuckBunny,1789984855.757,0.1013,0,0,0,0,0,0
MC_s9_dynamic_BigBuckBunny,1789984855.858,0.1016,0,0,0,0,0,0
MC_s9_dynamic_BigBuckBunny,1789984855.96,0.1015,0,0,0,0,0,0
MC_s9_dynamic_BigBuckBunny,1789984856.061,0.1014,0,0,0,0,0,0
MC_s9_dynamic_BigBuckBunny,1789984856.162,0.1013,0,0,0,0,0,0
MC_s9_dynamic_BigBuckBunny,1789984856.264,0.1014,0,0,0,0,0,0
MC_s9_dynamic_BigBuckBunny,1789984856.365,0.1015,0,0,0,0,0,0
MC_s9_dynamic_BigBuckBunny,1789984856.467,0.1015,0,0,0,0,0,0
MC_s9_dynamic_BigBuckBunny,1789984856.568,0.1013,0,0,0,0,0,0
MC_s9_dynamic_BigBuckBunny,1789984856.67,0.1013,0,0,0,0,0,0
MC_s9_dynamic_BigBuckBunny,1789984856.771,0.1014,0,0,0,0,0,0
MC_s9_dynamic_BigBuckBunny,1789984856.872,0.1015,0,0,0,0,0,0
MC_s9_dynamic_BigBuckBunny,1789984856.974,0.1016,0,0,0,0,0,0
MC_s9_dynamic_BigBuckBunny,1789984857.075,0.1013,0,0,0,0,0,0
MC_s9_dynamic_BigBuckBunny,1789984857.177,0.1013,0,0,0,0,0,0
MC_s9_dynamic_BigBuckBunny,1789984857.278,0.1013,0,0,0,0,0,0
MC_s9_dynamic_BigBuckBunny,1789984857.379,0.1015,0,0,0,0,0,0
MC_s9_dynamic_BigBuckBunny,1789984857.481,0.1015,0,0,0,0,0,0
MC_s9_dynamic_BigBuckBunny,1789984857.583,0.1015,0,0,0,0,0,0
MC_s9_dynamic_BigBuckBunny,1789984857.684,0.1014,0,0,0,0,0,0
MC_s9_dynamic_BigBuckBunny,1789984857.786,0.1018,0,0,0,0,0,0
MC_s9_dynamic_BigBuckBunny,1789984857.887,0.1016,0,0,0,0,0,0
MC_s9_dynamic_BigBuckBunny,1789984857.99,0.1024,0,0,0,0,0,0
MC_s9_dynamic_BigBuckBunny,1789984858.091,0.1015,0,0,0,0,0,0
MC_s9_dynamic_BigBuckBunny,1789984858.193,0.1014,0,0,0,0,0,0
MC_s9_dynamic_BigBuckBunny,1789984858.294,0.1015,0,0,0,0,0,0
MC_s9_dynamic_BigBuckBunny,1789984858.396,0.1015,0,0,0,0,0,0
MC_s9_dynamic_BigBuckBunny,1789984858.497,0.1016,0,0,0,0,0,0
MC_s9_dynamic_BigBuckBunny,1789984858.599,0.1014,0,0,0,0,0,0
MC_s9_dynamic_BigBuckBunny,1789984858.7,0.1014,0,0,0,0,0,0
MC_s9_dynamic_BigBuckBunny,1789984858.801,0.1014,0,0,0,0,0,0
MC_s9_dynamic_BigBuckBunny,1789984858.903,0.1016,0,0,0,0,0,0
MC_s9_dynamic_BigBuckBunny,1789984859.004,0.1015,0,0,0,0,0,0
MC_s9_dynamic_BigBuckBunny,1789984859.106,0.1013,0,0,0,0,0,0
MC_s9_dynamic_BigBuckBunny,1789984859.207,0.1014,0,0,0,0,0,0
MC_s9_dynamic_BigBuckBunny,1789984859.309,0.1014,0,0,0,0,0,0
MC_s9_dynamic_BigBuckBunny,1789984859.41,0.1015,0,0,0,0,0,0
MC_s9_dynamic_BigBuckBunny,1789984859.512,0.1015,0,0,0,0,0,0
MC_s9_dynamic_BigBuckBunny,1789984859.613,0.1013,0,0,0,0,0,0
MC_s9_dynamic_BigBuckBunny,1789984859.714,0.1014,0,0,0,0,0,0
MC_s9_dynamic_BigBuckBunny,1789984859.816,0.1014,0,0,0,0,0,0
MC_s9_dynamic_BigBuckBunny,1789984859.917,0.1016,0,0,0,0,0,0
MC_s9_dynamic_BigBuckBunny,1789984860.019,0.1016,0,0,0,0,0,0
MC_s9_dynamic_BigBuckBunny,1789984860.12,0.1013,0,0,0,0,0,0
MC_s9_dynamic_BigBuckBunny,1789984860.221,0.1013,0,0,0,0,0,0
MC_s9_dynamic_BigBuckBunny,1789984860.323,0.1014,0,0,0,0,0,0
MC_s9_dynamic_BigBuckBunny,1789984860.424,0.1015,0,0,0,0,0,0
MC_s9_dynamic_BigBuckBunny,1789984860.526,0.1016,0,0,0,0,0,0
MC_s9_dynamic_BigBuckBunny,1789984860.628,0.1016,0,0,0,0,0,0
MC_s9_dynamic_BigBuckBunny,1789984860.73,0.102,0,0,0,0,0,0
MC_s9_dynamic_BigBuckBunny,1789984860.833,0.1032,0,0,0,0,0,0
MC_s9_dynamic_BigBuckBunny,1789984860.935,0.1019,0,0,0,0,0,0
MC_s9_dynamic_BigBuckBunny,1789984861.036,0.1015,0,0,0,0,0,0
MC_s9_dynamic_BigBuckBunny,1789984861.138,0.1013,0,0,0,0,0,0
MC_s9_dynamic_BigBuckBunny,1789984861.239,0.1014,0,0,0,0,0,0
MC_s9_dynamic_BigBuckBunny,1789984861.34,0.1016,0,0,0,0,0,0
MC_s9_dynamic_BigBuckBunny,1789984861.446,0.1054,0,0,0,0,0,0
MC_s9_dynamic_BigBuckBunny,1789984861.548,0.1019,0,0,0,0,0,0
MC_s9_dynamic_BigBuckBunny,1789984861.649,0.1015,0,0,0,0,0,0
MC_s9_dynamic_BigBuckBunny,1789984861.751,0.1014,0,0,0,0,0,0
MC_s9_dynamic_BigBuckBunny,1789984861.852,0.1015,0,0,0,0,0,0
MC_s9_dynamic_BigBuckBunny,1789984861.954,0.1016,0,0,0,0,0,0
MC_s9_dynamic_BigBuckBunny,1789984862.055,0.1014,0,0,0,0,0,0
MC_s9_dynamic_BigBuckBunny,1789984862.157,0.102,0,0,0,0,0,0
MC_s9_dynamic_BigBuckBunny,1789984862.259,0.1019,342,4,0,3008787.0,11679766.2,2
MC_s9_dynamic_BigBuckBunny,1789984862.361,0.1023,0,0,0,0,0,0
MC_s9_dynamic_BigBuckBunny,1789984862.464,0.1023,52,1,0,0.0,163229793.0,1
MC_s9_dynamic_BigBuckBunny,1789984862.566,0.1022,0,0,0,0,0,0
MC_s9_dynamic_BigBuckBunny,1789984862.668,0.1024,0,0,0,0,0,0
MC_s9_dynamic_BigBuckBunny,1789984862.771,0.1022,0,0,0,0,0,0
MC_s9_dynamic_BigBuckBunny,1789984862.873,0.1023,0,0,0,0,0,0
MC_s9_dynamic_BigBuckBunny,1789984862.975,0.1023,0,0,0,0,0,0
MC_s9_dynamic_BigBuckBunny,1789984863.077,0.1022,0,0,0,0,0,0
MC_s9_dynamic_BigBuckBunny,1789984863.179,0.1021,0,0,0,0,0,0
MC_s9_dynamic_BigBuckBunny,1789984863.282,0.1022,0,0,0,0,0,0
MC_s9_dynamic_BigBuckBunny,1789984863.384,0.1024,0,0,0,0,0,0
MC_s9_dynamic_BigBuckBunny,1789984863.486,0.1023,41,1,1,76756622.0,0,1
MC_s9_dynamic_BigBuckBunny,1789984863.589,0.1026,3052,3,0,132163667.7,483793.0,2
MC_s9_dynamic_BigBuckBunny,1789984863.691,0.1022,2140,3,0,128509463.7,483886.0,2
MC_s9_dynamic_BigBuckBunny,1789984863.794,0.1023,0,0,0,0,0,0
MC_s9_dynamic_BigBuckBunny,1789984863.896,0.1023,0,0,0,0,0,0
MC_s9_dynamic_BigBuckBunny,1789984863.998,0.1024,0,0,0,0,0,0
MC_s9_dynamic_BigBuckBunny,1789984864.1,0.1021,0,0,0,0,0,0
MC_s9_dynamic_BigBuckBunny,1789984864.203,0.1022,0,0,0,0,0,0
MC_s9_dynamic_BigBuckBunny,1789984864.305,0.1022,0,0,0,0,0,0
MC_s9_dynamic_BigBuckBunny,1789984864.407,0.1024,0,0,0,0,0,0
MC_s9_dynamic_BigBuckBunny,1789984864.51,0.1024,60,1,0,0.0,0,1
MC_s9_dynamic_BigBuckBunny,1789984864.612,0.1024,0,0,0,0,0,0
MC_s9_dynamic_BigBuckBunny,1789984864.714,0.1025,652,5,1,38761541.2,20047566.4,3
MC_s9_dynamic_BigBuckBunny,1789984864.817,0.1026,4604,5,0,9915129.8,39731506.0,2
MC_s9_dynamic_BigBuckBunny,1789984864.92,0.1027,1078,3,0,72798549.3,165638642.4,3
MC_s9_dynamic_BigBuckBunny,1789984865.022,0.1027,1789,2,0,15923961.5,96090783.0,2
MC_s9_dynamic_BigBuckBunny,1789984865.125,0.1025,0,0,0,0,0,0
MC_s9_dynamic_BigBuckBunny,1789984865.227,0.1026,6104,6,0,21903057.0,130094834.5,2
MC_s9_dynamic_BigBuckBunny,1789984865.332,0.1042,6104,6,0,34197756.3,182286807.5,2
MC_s9_dynamic_BigBuckBunny,1789984865.434,0.1026,3052,3,0,40865195.3,262240842.3,2
MC_s9_dynamic_BigBuckBunny,1789984865.537,0.1026,3052,3,0,40214316.7,148117426.3,2
MC_s9_dynamic_BigBuckBunny,1789984865.639,0.1025,6104,6,0,46353783.7,199464831.4,2
MC_s9_dynamic_BigBuckBunny,1789984865.742,0.1026,6104,6,0,49387083.3,187987155.4,2
MC_s9_dynamic_BigBuckBunny,1789984865.845,0.1028,6145,7,1,70033440.9,184656750.0,3
MC_s9_dynamic_BigBuckBunny,1789984865.949,0.1041,0,0,0,0,0,0
MC_s9_dynamic_BigBuckBunny,1789984866.051,0.1026,6168,7,0,76389221.4,222388972.2,3
MC_s9_dynamic_BigBuckBunny,1789984866.154,0.1026,6052,5,0,62749745.4,242114615.8,2
MC_s9_dynamic_BigBuckBunny,1789984866.257,0.1026,52,1,0,66395457.0,24528498.0,1
MC_s9_dynamic_BigBuckBunny,1789984866.359,0.1027,6104,6,0,66580389.7,239803189.4,2
MC_s9_dynamic_BigBuckBunny,1789984866.464,0.1047,3000,2,0,74687710.0,277706939.0,1
MC_s9_dynamic_BigBuckBunny,1789984866.567,0.1026,3104,4,0,70815094.5,168969286.6,2
MC_s9_dynamic_BigBuckBunny,1789984866.669,0.1025,6104,6,0,75310459.3,213914516.1,2
MC_s9_dynamic_BigBuckBunny,1789984866.772,0.1025,112,2,0,42646282.0,0,2
MC_s9_dynamic_BigBuckBunny,1789984866.874,0.1027,6040,5,0,74368814.4,301566200.0,2
MC_s9_dynamic_BigBuckBunny,1789984866.977,0.1027,3603,6,1,57974854.7,176988949.6,4
MC_s9_dynamic_BigBuckBunny,1789984867.08,0.1028,1905,4,0,52885547.0,104752037.7,3
MC_s9_dynamic_BigBuckBunny,1789984867.183,0.1027,0,0,0,0,0,0
MC_s9_dynamic_BigBuckBunny,1789984867.285,0.1027,6104,6,0,24891141.3,132289867.8,2
MC_s9_dynamic_BigBuckBunny,1789984867.388,0.1029,3052,3,0,36053981.7,529607.0,2
MC_s9_dynamic_BigBuckBunny,1789984867.491,0.1028,3052,3,0,36595466.0,182311788.6,2
MC_s9_dynamic_BigBuckBunny,1789984867.594,0.1027,6104,6,0,46018872.3,239410167.2,2
MC_s9_dynamic_BigBuckBunny,1789984867.697,0.1028,3052,3,0,52667422.7,273611321.2,2
MC_s9_dynamic_BigBuckBunny,1789984867.799,0.1027,3052,3,0,51060529.3,159487421.2,2
MC_s9_dynamic_BigBuckBunny,1789984867.902,0.103,6104,6,0,56450234.3,216639684.2,2
MC_s9_dynamic_BigBuckBunny,1789984868.005,0.1028,6104,6,0,60840047.0,222283176.1,2
MC_s9_dynamic_BigBuckBunny,1789984868.108,0.1027,41,1,1,156667644.0,0,1
MC_s9_dynamic_BigBuckBunny,1789984868.21,0.1027,6104,6,0,65785693.3,234360521.0,2
MC_s9_dynamic_BigBuckBunny,1789984868.313,0.1029,3116,4,0,95848292.0,297656410.1,3
MC_s9_dynamic_BigBuckBunny,1789984868.416,0.103,3052,3,0,69825937.3,182883437.8,2
MC_s9_dynamic_BigBuckBunny,1789984868.519,0.1028,6104,6,0,73096995.0,239688334.5,2
MC_s9_dynamic_BigBuckBunny,1789984868.622,0.1027,0,0,0,0,0,0
MC_s9_dynamic_BigBuckBunny,1789984868.725,0.1028,6156,7,0,90634561.4,241100000.0,3
MC_s9_dynamic_BigBuckBunny,1789984868.829,0.1042,6208,8,0,106785686.0,237864579.1,4
MC_s9_dynamic_BigBuckBunny,1789984868.932,0.1031,3052,3,0,77106308.0,230096149.9,2
MC_s9_dynamic_BigBuckBunny,1789984869.035,0.103,6104,6,0,73259070.0,183388274.5,2
MC_s9_dynamic_BigBuckBunny,1789984869.138,0.1029,3052,3,0,71507142.7,205570021.8,2
MC_s9_dynamic_BigBuckBunny,1789984869.241,0.1029,6104,6,0,68348180.7,205041758.8,2
MC_s9_dynamic_BigBuckBunny,1789984869.344,0.103,3052,3,0,64958727.0,172820496.2,2
MC_s9_dynamic_BigBuckBunny,1789984869.449,0.1048,6104,6,0,61398237.0,155206642.1,2
MC_s9_dynamic_BigBuckBunny,1789984869.552,0.1031,6104,6,0,60757857.3,169729084.2,2
MC_s9_dynamic_BigBuckBunny,1789984869.655,0.1029,3052,3,0,60061634.3,205144753.8,2
MC_s9_dynamic_BigBuckBunny,1789984869.758,0.103,6104,6,0,58736491.3,205083839.9,2
MC_s9_dynamic_BigBuckBunny,1789984869.861,0.1033,3052,3,0,58105829.0,205209781.9,2
MC_s9_dynamic_BigBuckBunny,1789984869.964,0.103,6104,6,0,56915894.0,204979798.7,2
MC_s9_dynamic_BigBuckBunny,1789984870.067,0.1029,3052,3,0,56356337.0,205224743.9,2
MC_s9_dynamic_BigBuckBunny,1789984870.17,0.1029,6104,6,0,55306774.0,205144461.1,2
MC_s9_dynamic_BigBuckBunny,1789984870.273,0.103,3052,3,0,54820298.3,205070907.4,2
MC_s9_dynamic_BigBuckBunny,1789984870.376,0.1031,6104,6,0,53910845.7,205179526.1,2
MC_s9_dynamic_BigBuckBunny,1789984870.479,0.103,3052,3,0,53487866.0,205050856.8,2
MC_s9_dynamic_BigBuckBunny,1789984870.582,0.1029,6104,6,0,52707408.0,205118541.7,2
MC_s9_dynamic_BigBuckBunny,1789984870.686,0.1044,3052,3,0,52352808.3,205185026.9,2
MC_s9_dynamic_BigBuckBunny,1789984870.789,0.103,6104,6,0,51691991.0,205088023.8,2
MC_s9_dynamic_BigBuckBunny,1789984870.892,0.1031,3052,3,0,51388900.3,205245215.6,2
MC_s9_dynamic_BigBuckBunny,1789984870.995,0.103,6104,6,0,50836798.7,205106676.4,2
MC_s9_dynamic_BigBuckBunny,1789984871.098,0.1029,6104,6,0,49484307.7,177597785.0,2
MC_s9_dynamic_BigBuckBunny,1789984871.201,0.1029,6104,6,0,48252446.3,155944546.9,2
MC_s9_dynamic_BigBuckBunny,1789984871.304,0.1029,2941,4,0,41735184.5,139945541.1,2
MC_s9_dynamic_BigBuckBunny,1789984871.407,0.1031,6104,6,0,52623001.7,108948054.8,2
MC_s9_dynamic_BigBuckBunny,1789984871.518,0.1111,0,0,0,0,0,0
MC_s9_dynamic_BigBuckBunny,1789984871.621,0.103,6104,6,0,55570575.7,159503325.9,2
MC_s9_dynamic_BigBuckBunny,1789984871.724,0.1029,6104,6,0,58121206.7,205082061.4,2
MC_s9_dynamic_BigBuckBunny,1789984871.828,0.1039,6104,6,0,60332876.0,205110513.2,2
MC_s9_dynamic_BigBuckBunny,1789984871.932,0.1044,0,0,0,0,0,0
MC_s9_dynamic_BigBuckBunny,1789984872.035,0.103,6104,6,0,62247883.7,205121782.5,2
MC_s9_dynamic_BigBuckBunny,1789984872.138,0.1029,6104,6,0,63912871.7,205183955.1,2
MC_s9_dynamic_BigBuckBunny,1789984872.241,0.1029,6104,6,0,65365952.3,205105179.0,2
MC_s9_dynamic_BigBuckBunny,1789984872.344,0.1031,0,0,0,0,0,0
MC_s9_dynamic_BigBuckBunny,1789984872.449,0.1043,6104,6,0,66625449.7,205143772.8,2
MC_s9_dynamic_BigBuckBunny,1789984872.552,0.1031,6104,6,0,67730130.7,205169712.7,2
MC_s9_dynamic_BigBuckBunny,1789984872.655,0.103,3052,3,0,72224970.7,250898695.3,2
MC_s9_dynamic_BigBuckBunny,1789984872.758,0.1029,3052,3,0,68691732.3,159446126.0,2
MC_s9_dynamic_BigBuckBunny,1789984872.861,0.103,6104,6,0,69522411.0,205202316.4,2
MC_s9_dynamic_BigBuckBunny,1789984872.964,0.103,6104,6,0,70259816.0,205093480.4,2
MC_s9_dynamic_BigBuckBunny,1789984873.067,0.1031,3052,3,0,74588305.0,250868689.4,2
MC_s9_dynamic_BigBuckBunny,1789984873.17,0.1029,3052,3,0,70905795.3,159452557.9,2
MC_s9_dynamic_BigBuckBunny,1789984873.273,0.1031,6104,6,0,71473813.7,205137039.6,2
MC_s9_dynamic_BigBuckBunny,1789984873.376,0.103,6104,6,0,71968352.7,205121280.2,2
MC_s9_dynamic_BigBuckBunny,1789984873.479,0.103,6104,6,0,69391659.3,178576568.5,2
MC_s9_dynamic_BigBuckBunny,1789984873.582,0.1031,0,0,0,0,0,0
MC_s9_dynamic_BigBuckBunny,1789984873.685,0.103,6104,6,0,70336065.0,191919672.3,2
MC_s9_dynamic_BigBuckBunny,1789984873.788,0.1029,6104,6,0,71130553.7,205071279.7,2
MC_s9_dynamic_BigBuckBunny,1789984873.891,0.1035,6104,6,0,71780042.3,205098527.5,2
MC_s9_dynamic_BigBuckBunny,1789984873.994,0.103,0,0,0,0,0,0
MC_s9_dynamic_BigBuckBunny,1789984874.097,0.1029,6104,6,0,72329666.0,205178636.8,2
MC_s9_dynamic_BigBuckBunny,1789984874.2,0.103,6104,6,0,72786259.3,205154692.6,2
MC_s9_dynamic_BigBuckBunny,1789984874.303,0.1029,3052,3,0,76977946.3,250917046.4,2
MC_s9_dynamic_BigBuckBunny,1789984874.406,0.1031,3052,3,0,73163068.7,159516812.5,2
MC_s9_dynamic_BigBuckBunny,1789984874.509,0.103,6104,6,0,73483493.7,205135683.7,2
MC_s9_dynamic_BigBuckBunny,1789984874.612,0.1028,6104,6,0,73757552.7,205078013.9,2
MC_s9_dynamic_BigBuckBunny,1789984874.715,0.103,3052,3,0,77873633.0,250848268.6,2
MC_s9_dynamic_BigBuckBunny,1789984874.818,0.1029,6104,6,0,75440495.3,192310886.4,2
MC_s9_dynamic_BigBuckBunny,1789984874.921,0.1031,3052,3,0,71285623.3,133717110.1,2
MC_s9_dynamic_BigBuckBunny,1789984875.024,0.1029,6104,6,0,71994487.7,192316008.6,2
MC_s9_dynamic_BigBuckBunny,1789984875.127,0.1031,6104,6,0,72577116.7,205083044.6,2
MC_s9_dynamic_BigBuckBunny,1789984875.23,0.103,0,0,0,0,0,0
MC_s9_dynamic_BigBuckBunny,1789984875.335,0.1053,6104,6,0,73052879.7,205117521.8,2
MC_s9_dynamic_BigBuckBunny,1789984875.438,0.1031,6104,6,0,73448359.3,205131973.3,2
MC_s9_dynamic_BigBuckBunny,1789984875.541,0.1029,6104,6,0,73765154.0,205109893.2,2
MC_s9_dynamic_BigBuckBunny,1789984875.644,0.1028,0,0,0,0,0,0
MC_s9_dynamic_BigBuckBunny,1789984875.747,0.1029,6104,6,0,74032677.3,205175297.1,2
MC_s9_dynamic_BigBuckBunny,1789984875.85,0.103,1870,2,0,79008520.5,185448300.8,2
MC_s9_dynamic_BigBuckBunny,1789984875.953,0.1029,1788,2,0,74224296.5,75531023.9,2
MC_s9_dynamic_BigBuckBunny,1789984876.056,0.1028,6104,6,0,66389198.3,110610156.4,2
MC_s9_dynamic_BigBuckBunny,1789984876.158,0.1029,3052,3,0,71238304.7,463404.0,2
MC_s9_dynamic_BigBuckBunny,1789984876.261,0.1029,3052,3,0,68006211.3,159446599.6,2
MC_s9_dynamic_BigBuckBunny,1789984876.364,0.1031,6104,6,0,69422368.3,206265355.2,2
MC_s9_dynamic_BigBuckBunny,1789984876.468,0.1031,6104,6,0,73095592.7,229010242.8,2
MC_s9_dynamic_BigBuckBunny,1789984876.571,0.1036,0,0,0,0,0,0
MC_s9_dynamic_BigBuckBunny,1789984876.674,0.1032,6104,6,0,73440301.7,216828195.3,2
MC_s9_dynamic_BigBuckBunny,1789984876.777,0.1031,6104,6,0,70551311.0,177068537.6,2
MC_s9_dynamic_BigBuckBunny,1789984876.881,0.1032,6104,6,0,67388036.7,155662707.6,2
MC_s9_dynamic_BigBuckBunny,1789984876.984,0.1032,6104,6,0,68824442.0,187482890.7,2
MC_s9_dynamic_BigBuckBunny,1789984877.087,0.1032,3052,3,0,73430361.3,250781324.1,2
MC_s9_dynamic_BigBuckBunny,1789984877.19,0.1032,3052,3,0,69986129.0,159511866.4,2
MC_s9_dynamic_BigBuckBunny,1789984877.293,0.1032,6104,6,0,70931604.0,205173195.2,2
MC_s9_dynamic_BigBuckBunny,1789984877.397,0.1033,6104,6,0,71698510.7,205151553.2,2
MC_s9_dynamic_BigBuckBunny,1789984877.5,0.1032,3052,3,0,76025777.3,250798976.4,2
MC_s9_dynamic_BigBuckBunny,1789984877.603,0.1032,3052,3,0,72330239.3,159331731.2,2
MC_s9_dynamic_BigBuckBunny,1789984877.706,0.1031,6190,7,0,72951386.6,188754893.0,2
MC_s9_dynamic_BigBuckBunny,1789984877.809,0.1031,1789,2,0,75960442.0,75263445.0,2
MC_s9_dynamic_BigBuckBunny,1789984877.912,0.1033,6104,6,0,68107432.0,110409096.2,2
MC_s9_dynamic_BigBuckBunny,1789984878.016,0.1032,3052,3,0,72753480.3,458293.0,2
MC_s9_dynamic_BigBuckBunny,1789984878.119,0.1031,3052,3,0,69343313.0,159469558.4,2
MC_s9_dynamic_BigBuckBunny,1789984878.222,0.1031,6104,6,0,70356905.0,205220195.9,2
MC_s9_dynamic_BigBuckBunny,1789984878.325,0.1031,6104,6,0,69110934.3,186869248.2,2
MC_s9_dynamic_BigBuckBunny,1789984878.428,0.1033,3052,3,0,73668111.7,232584058.8,2
MC_s9_dynamic_BigBuckBunny,1789984878.531,0.1032,3052,3,0,70178948.0,159495383.0,2
MC_s9_dynamic_BigBuckBunny,1789984878.635,0.1031,6104,6,0,71056817.0,205173627.7,2
MC_s9_dynamic_BigBuckBunny,1789984878.738,0.1031,6104,6,0,71777823.3,205145539.3,2
MC_s9_dynamic_BigBuckBunny,1789984878.841,0.1033,3052,3,0,76084772.0,250922173.4,2
MC_s9_dynamic_BigBuckBunny,1789984878.946,0.1048,3052,3,0,72368898.3,159447264.3,2
MC_s9_dynamic_BigBuckBunny,1789984879.049,0.1033,6104,6,0,72851503.7,205169412.3,2
MC_s9_dynamic_BigBuckBunny,1789984879.152,0.1031,6104,6,0,73261654.3,205095138.6,2
MC_s9_dynamic_BigBuckBunny,1789984879.255,0.1031,3052,3,0,77432447.3,250923478.2,2
MC_s9_dynamic_BigBuckBunny,1789984879.358,0.1031,3052,3,0,73599262.0,159392248.3,2
MC_s9_dynamic_BigBuckBunny,1789984879.462,0.1032,6104,6,0,73873388.0,205064872.1,2
MC_s9_dynamic_BigBuckBunny,1789984879.565,0.1032,6104,6,0,74101483.0,205180256.8,2
MC_s9_dynamic_BigBuckBunny,1789984879.668,0.1031,3052,3,0,78195757.3,250807561.0,2
MC_s9_dynamic_BigBuckBunny,1789984879.771,0.1033,3052,3,0,74290131.7,159441279.6,2
MC_s9_dynamic_BigBuckBunny,1789984879.874,0.1032,6104,6,0,74449174.7,205132598.4,2
MC_s9_dynamic_BigBuckBunny,1789984879.978,0.1032,6104,6,0,74590231.0,205140232.2,2
MC_s9_dynamic_BigBuckBunny,1789984880.081,0.1031,0,0,0,0,0,0
MC_s9_dynamic_BigBuckBunny,1789984880.184,0.1032,6104,6,0,74698098.3,205207971.5,2
MC_s9_dynamic_BigBuckBunny,1789984880.287,0.103,6104,6,0,74791527.7,205093920.0,2
MC_s9_dynamic_BigBuckBunny,1789984880.39,0.1031,6104,6,0,74871981.7,205125925.8,2
MC_s9_dynamic_BigBuckBunny,1789984880.493,0.1032,3052,3,0,76243140.3,224890741.6,2
MC_s9_dynamic_BigBuckBunny,1789984880.596,0.1031,3052,3,0,72034154.7,133640076.0,2
MC_s9_dynamic_BigBuckBunny,1789984880.699,0.1031,6104,6,0,72665537.3,192217743.7,2
MC_s9_dynamic_BigBuckBunny,1789984880.803,0.1031,3555,5,0,76116058.4,159867436.1,2
MC_s9_dynamic_BigBuckBunny,1789984880.906,0.1033,1787,2,0,79964755.0,75752298.2,2
MC_s9_dynamic_BigBuckBunny,1789984881.009,0.1034,196151,170,4,1925073.3,6174169.3,2
MC_s9_dynamic_BigBuckBunny,1789984881.115,0.1053,220282,179,0,325633.0,440322.4,2
MC_s9_dynamic_BigBuckBunny,1789984881.218,0.1032,0,0,0,0,0,0
MC_s9_dynamic_BigBuckBunny,1789984881.321,0.1031,0,0,0,0,0,0
MC_s9_dynamic_BigBuckBunny,1789984881.424,0.1034,0,0,0,0,0,0
MC_s9_dynamic_BigBuckBunny,1789984881.528,0.1034,0,0,0,0,0,0
MC_s9_dynamic_BigBuckBunny,1789984881.639,0.1113,0,0,0,0,0,0
MC_s9_dynamic_BigBuckBunny,1789984881.742,0.1032,0,0,0,0,0,0
MC_s9_dynamic_BigBuckBunny,1789984881.845,0.1032,0,0,0,0,0,0
MC_s9_dynamic_BigBuckBunny,1789984881.95,0.105,0,0,0,0,0,0
MC_s9_dynamic_BigBuckBunny,1789984882.054,0.1031,0,0,0,0,0,0
MC_s9_dynamic_BigBuckBunny,1789984882.157,0.103,0,0,0,0,0,0
MC_s9_dynamic_BigBuckBunny,1789984882.26,0.1032,0,0,0,0,0,0
MC_s9_dynamic_BigBuckBunny,1789984882.363,0.1031,0,0,0,0,0,0
MC_s9_dynamic_BigBuckBunny,1789984882.466,0.1032,0,0,0,0,0,0
MC_s9_dynamic_BigBuckBunny,1789984882.569,0.1031,0,0,0,0,0,0
MC_s9_dynamic_BigBuckBunny,1789984882.672,0.1032,0,0,0,0,0,0
MC_s9_dynamic_BigBuckBunny,1789984882.775,0.1031,0,0,0,0,0,0
MC_s9_dynamic_BigBuckBunny,1789984882.879,0.1033,0,0,0,0,0,0
MC_s9_dynamic_BigBuckBunny,1789984882.982,0.1031,0,0,0,0,0,0
MC_s9_dynamic_BigBuckBunny,1789984883.085,0.103,0,0,0,0,0,0
MC_s9_dynamic_BigBuckBunny,1789984883.188,0.103,0,0,0,0,0,0
MC_s9_dynamic_BigBuckBunny,1789984883.291,0.103,0,0,0,0,0,0
MC_s9_dynamic_BigBuckBunny,1789984883.394,0.1033,0,0,0,0,0,0
MC_s9_dynamic_BigBuckBunny,1789984883.498,0.1033,0,0,0,0,0,0
MC_s9_dynamic_BigBuckBunny,1789984883.601,0.1031,0,0,0,0,0,0
MC_s9_dynamic_BigBuckBunny,1789984883.704,0.1031,0,0,0,0,0,0
MC_s9_dynamic_BigBuckBunny,1789984883.807,0.1032,0,0,0,0,0,0
MC_s9_dynamic_BigBuckBunny,1789984883.91,0.1034,0,0,0,0,0,0
MC_s9_dynamic_BigBuckBunny,1789984884.014,0.1032,0,0,0,0,0,0
MC_s9_dynamic_BigBuckBunny,1789984884.117,0.1032,15498,12,0,246258985.0,4143391.2,2
MC_s9_dynamic_BigBuckBunny,1789984884.221,0.1037,15052,11,0,144140106.4,97663486.5,2
MC_s9_dynamic_BigBuckBunny,1789984884.324,0.1034,15104,12,0,113295617.3,49082560.9,2
MC_s9_dynamic_BigBuckBunny,1789984884.427,0.1034,18052,13,0,64419862.0,129086405.0,2
MC_s9_dynamic_BigBuckBunny,1789984884.531,0.1033,13604,11,0,72910194.9,138468352.5,2
MC_s9_dynamic_BigBuckBunny,1789984884.634,0.1031,10552,8,0,53291446.2,138656703.6,2
MC_s9_dynamic_BigBuckBunny,1789984884.737,0.1033,22604,17,0,43037719.3,143833282.8,2
MC_s9_dynamic_BigBuckBunny,1789984884.84,0.1034,12104,10,0,53855527.4,39012914.9,2
MC_s9_dynamic_BigBuckBunny,1789984884.946,0.1057,15104,12,0,43796328.2,93840365.2,2
MC_s9_dynamic_BigBuckBunny,1789984885.049,0.1032,12274,11,0,41641855.5,89314296.2,2
MC_s9_dynamic_BigBuckBunny,1789984885.152,0.103,0,0,0,0,0,0
MC_s9_dynamic_BigBuckBunny,1789984885.256,0.1031,0,0,0,0,0,0
MC_s9_dynamic_BigBuckBunny,1789984885.359,0.1031,0,0,0,0,0,0
MC_s9_dynamic_BigBuckBunny,1789984885.462,0.1033,0,0,0,0,0,0
MC_s9_dynamic_BigBuckBunny,1789984885.565,0.1031,0,0,0,0,0,0
MC_s9_dynamic_BigBuckBunny,1789984885.668,0.103,0,0,0,0,0,0
MC_s9_dynamic_BigBuckBunny,1789984885.771,0.1031,0,0,0,0,0,0
MC_s9_dynamic_BigBuckBunny,1789984885.874,0.1031,0,0,0,0,0,0
MC_s9_dynamic_BigBuckBunny,1789984885.977,0.1032,0,0,0,0,0,0
MC_s9_dynamic_BigBuckBunny,1789984886.08,0.103,0,0,0,0,0,0
MC_s9_dynamic_BigBuckBunny,1789984886.184,0.1031,0,0,0,0,0,0
MC_s9_dynamic_BigBuckBunny,1789984886.287,0.1031,0,0,0,0,0,0
MC_s9_dynamic_BigBuckBunny,1789984886.39,0.1032,0,0,0,0,0,0
MC_s9_dynamic_BigBuckBunny,1789984886.493,0.1032,0,0,0,0,0,0
MC_s9_dynamic_BigBuckBunny,1789984886.596,0.103,0,0,0,0,0,0
MC_s9_dynamic_BigBuckBunny,1789984886.699,0.1032,0,0,0,0,0,0
MC_s9_dynamic_BigBuckBunny,1789984886.802,0.1031,0,0,0,0,0,0
MC_s9_dynamic_BigBuckBunny,1789984886.906,0.1035,0,0,0,0,0,0
MC_s9_dynamic_BigBuckBunny,1789984887.009,0.1031,0,0,0,0,0,0
MC_s9_dynamic_BigBuckBunny,1789984887.112,0.103,0,0,0,0,0,0
MC_s9_dynamic_BigBuckBunny,1789984887.215,0.1031,0,0,0,0,0,0
MC_s9_dynamic_BigBuckBunny,1789984887.318,0.1031,0,0,0,0,0,0
MC_s9_dynamic_BigBuckBunny,1789984887.421,0.1032,0,0,0,0,0,0
MC_s9_dynamic_BigBuckBunny,1789984887.525,0.1031,0,0,0,0,0,0
MC_s9_dynamic_BigBuckBunny,1789984887.628,0.103,0,0,0,0,0,0
MC_s9_dynamic_BigBuckBunny,1789984887.731,0.1038,0,0,0,0,0,0
MC_s9_dynamic_BigBuckBunny,1789984887.835,0.1037,0,0,0,0,0,0
MC_s9_dynamic_BigBuckBunny,1789984887.938,0.1031,0,0,0,0,0,0
MC_s9_dynamic_BigBuckBunny,1789984888.042,0.1032,15498,12,0,275300191.3,619341.6,2
MC_s9_dynamic_BigBuckBunny,1789984888.145,0.1033,15104,12,0,181456152.8,47759022.8,2
MC_s9_dynamic_BigBuckBunny,1789984888.248,0.1032,15104,12,0,128451523.0,98781633.1,2
MC_s9_dynamic_BigBuckBunny,1789984888.351,0.1032,15104,12,0,97488299.2,98836401.9,2
MC_s9_dynamic_BigBuckBunny,1789984888.454,0.1032,15104,12,0,78469553.2,98800432.2,2
MC_s9_dynamic_BigBuckBunny,1789984888.558,0.1031,15104,12,0,66053385.7,98783773.5,2
MC_s9_dynamic_BigBuckBunny,1789984888.661,0.1031,15104,12,0,57395130.7,98834483.8,2
MC_s9_dynamic_BigBuckBunny,1789984888.764,0.103,15104,12,0,50968073.0,98851950.0,2
MC_s9_dynamic_BigBuckBunny,1789984888.867,0.1032,15104,12,0,45937595.5,98819186.6,2
MC_s9_dynamic_BigBuckBunny,1789984888.97,0.1032,14778,12,0,41681208.8,97704450.2,2
MC_s9_dynamic_BigBuckBunny,1789984889.073,0.1031,0,0,0,0,0,0
MC_s9_dynamic_BigBuckBunny,1789984889.176,0.103,0,0,0,0,0,0
MC_s9_dynamic_BigBuckBunny,1789984889.279,0.1031,0,0,0,0,0,0
MC_s9_dynamic_BigBuckBunny,1789984889.382,0.103,0,0,0,0,0,0
MC_s9_dynamic_BigBuckBunny,1789984889.485,0.1032,0,0,0,0,0,0
MC_s9_dynamic_BigBuckBunny,1789984889.589,0.1033,0,0,0,0,0,0
MC_s9_dynamic_BigBuckBunny,1789984889.692,0.1032,0,0,0,0,0,0
MC_s9_dynamic_BigBuckBunny,1789984889.795,0.1031,0,0,0,0,0,0
MC_s9_dynamic_BigBuckBunny,1789984889.898,0.1033,0,0,0,0,0,0
MC_s9_dynamic_BigBuckBunny,1789984890.001,0.1032,0,0,0,0,0,0
MC_s9_dynamic_BigBuckBunny,1789984890.105,0.1031,0,0,0,0,0,0
MC_s9_dynamic_BigBuckBunny,1789984890.208,0.1031,0,0,0,0,0,0
MC_s9_dynamic_BigBuckBunny,1789984890.311,0.1031,0,0,0,0,0,0
MC_s9_dynamic_BigBuckBunny,1789984890.414,0.1031,0,0,0,0,0,0
MC_s9_dynamic_BigBuckBunny,1789984890.517,0.1031,0,0,0,0,0,0
MC_s9_dynamic_BigBuckBunny,1789984890.62,0.1031,0,0,0,0,0,0
MC_s9_dynamic_BigBuckBunny,1789984890.723,0.1031,0,0,0,0,0,0
MC_s9_dynamic_BigBuckBunny,1789984890.826,0.1031,0,0,0,0,0,0
MC_s9_dynamic_BigBuckBunny,1789984890.93,0.1033,0,0,0,0,0,0
MC_s9_dynamic_BigBuckBunny,1789984891.033,0.1032,0,0,0,0,0,0
MC_s9_dynamic_BigBuckBunny,1789984891.136,0.103,0,0,0,0,0,0
MC_s9_dynamic_BigBuckBunny,1789984891.239,0.1031,0,0,0,0,0,0
MC_s9_dynamic_BigBuckBunny,1789984891.342,0.1032,0,0,0,0,0,0
MC_s9_dynamic_BigBuckBunny,1789984891.447,0.1047,0,0,0,0,0,0
MC_s9_dynamic_BigBuckBunny,1789984891.55,0.1032,0,0,0,0,0,0
MC_s9_dynamic_BigBuckBunny,1789984891.653,0.103,0,0,0,0,0,0
MC_s9_dynamic_BigBuckBunny,1789984891.764,0.1111,0,0,0,0,0,0
MC_s9_dynamic_BigBuckBunny,1789984891.867,0.1032,0,0,0,0,0,0
MC_s9_dynamic_BigBuckBunny,1789984891.97,0.1032,0,0,0,0,0,0
MC_s9_dynamic_BigBuckBunny,1789984892.074,0.1032,0,0,0,0,0,0
MC_s9_dynamic_BigBuckBunny,1789984892.177,0.1031,0,0,0,0,0,0
MC_s9_dynamic_BigBuckBunny,1789984892.28,0.103,0,0,0,0,0,0
MC_s9_dynamic_BigBuckBunny,1789984892.383,0.1031,0,0,0,0,0,0
MC_s9_dynamic_BigBuckBunny,1789984892.486,0.1031,0,0,0,0,0,0
MC_s9_dynamic_BigBuckBunny,1789984892.589,0.1031,24550,19,0,242927035.1,28717183.5,2
MC_s9_dynamic_BigBuckBunny,1789984892.692,0.1031,9052,7,0,186030151.7,612478.0,2
MC_s9_dynamic_BigBuckBunny,1789984892.795,0.103,18104,14,0,123900636.6,118772075.2,2
MC_s9_dynamic_BigBuckBunny,1789984892.898,0.1033,18104,14,0,91621351.9,118696409.1,2
MC_s9_dynamic_BigBuckBunny,1789984893.002,0.1032,13604,11,0,88328971.9,103623761.9,2
MC_s9_dynamic_BigBuckBunny,1789984893.105,0.103,19656,16,0,73331898.0,128458076.9,2
MC_s9_dynamic_BigBuckBunny,1789984893.208,0.1031,15104,12,0,59930072.0,128598318.6,2
MC_s9_dynamic_BigBuckBunny,1789984893.311,0.1031,10604,9,0,65950167.0,128250288.7,2
MC_s9_dynamic_BigBuckBunny,1789984893.414,0.1033,9626,9,0,58681509.1,95440850.8,2
MC_s9_dynamic_BigBuckBunny,1789984893.517,0.1032,0,0,0,0,0,0
MC_s9_dynamic_BigBuckBunny,1789984893.62,0.1031,0,0,0,0,0,0
MC_s9_dynamic_BigBuckBunny,1789984893.723,0.103,0,0,0,0,0,0
MC_s9_dynamic_BigBuckBunny,1789984893.826,0.103,0,0,0,0,0,0
MC_s9_dynamic_BigBuckBunny,1789984893.93,0.1033,0,0,0,0,0,0
MC_s9_dynamic_BigBuckBunny,1789984894.033,0.1031,0,0,0,0,0,0
MC_s9_dynamic_BigBuckBunny,1789984894.136,0.103,0,0,0,0,0,0
MC_s9_dynamic_BigBuckBunny,1789984894.239,0.1031,0,0,0,0,0,0
MC_s9_dynamic_BigBuckBunny,1789984894.342,0.1032,0,0,0,0,0,0
MC_s9_dynamic_BigBuckBunny,1789984894.446,0.1042,0,0,0,0,0,0
MC_s9_dynamic_BigBuckBunny,1789984894.55,0.1036,0,0,0,0,0,0
MC_s9_dynamic_BigBuckBunny,1789984894.653,0.1031,0,0,0,0,0,0
MC_s9_dynamic_BigBuckBunny,1789984894.756,0.1032,0,0,0,0,0,0
MC_s9_dynamic_BigBuckBunny,1789984894.859,0.1031,0,0,0,0,0,0
MC_s9_dynamic_BigBuckBunny,1789984894.962,0.1031,0,0,0,0,0,0
MC_s9_dynamic_BigBuckBunny,1789984895.065,0.1032,0,0,0,0,0,0
MC_s9_dynamic_BigBuckBunny,1789984895.169,0.1031,0,0,0,0,0,0
MC_s9_dynamic_BigBuckBunny,1789984895.272,0.103,0,0,0,0,0,0
MC_s9_dynamic_BigBuckBunny,1789984895.375,0.1032,0,0,0,0,0,0
MC_s9_dynamic_BigBuckBunny,1789984895.478,0.1031,0,0,0,0,0,0
MC_s9_dynamic_BigBuckBunny,1789984895.581,0.103,0,0,0,0,0,0
MC_s9_dynamic_BigBuckBunny,1789984895.684,0.1031,0,0,0,0,0,0
MC_s9_dynamic_BigBuckBunny,1789984895.787,0.103,0,0,0,0,0,0
MC_s9_dynamic_BigBuckBunny,1789984895.89,0.1033,0,0,0,0,0,0
MC_s9_dynamic_BigBuckBunny,1789984895.994,0.1033,0,0,0,0,0,0
MC_s9_dynamic_BigBuckBunny,1789984896.097,0.1031,0,0,0,0,0,0
MC_s9_dynamic_BigBuckBunny,1789984896.2,0.1033,0,0,0,0,0,0
MC_s9_dynamic_BigBuckBunny,1789984896.303,0.1032,0,0,0,0,0,0
MC_s9_dynamic_BigBuckBunny,1789984896.407,0.1033,15499,12,0,282345000.3,4287087.6,2
MC_s9_dynamic_BigBuckBunny,1789984896.51,0.1033,10552,8,0,197563872.2,67603675.4,2
MC_s9_dynamic_BigBuckBunny,1789984896.613,0.1032,21104,16,0,118860873.5,138717415.4,2
MC_s9_dynamic_BigBuckBunny,1789984896.716,0.1032,10552,8,0,97793861.1,138677467.5,2
MC_s9_dynamic_BigBuckBunny,1789984896.819,0.1032,21052,15,0,55178902.2,139146999.6,2
MC_s9_dynamic_BigBuckBunny,1789984896.923,0.1033,12156,11,0,108192298.0,98230736.6,2
MC_s9_dynamic_BigBuckBunny,1789984897.026,0.1032,10552,8,0,58294335.0,148599296.2,2
MC_s9_dynamic_BigBuckBunny,1789984897.129,0.1031,21104,16,0,50715930.8,131577582.5,2
MC_s9_dynamic_BigBuckBunny,1789984897.232,0.1031,10552,8,0,47848566.6,138800118.6,2
MC_s9_dynamic_BigBuckBunny,1789984897.336,0.1042,23699,20,0,53951855.6,97533213.4,2
MC_s9_dynamic_BigBuckBunny,1789984897.444,0.1076,0,0,0,0,0,0
MC_s9_dynamic_BigBuckBunny,1789984897.547,0.1032,0,0,0,0,0,0
MC_s9_dynamic_BigBuckBunny,1789984897.65,0.1032,0,0,0,0,0,0
MC_s9_dynamic_BigBuckBunny,1789984897.754,0.1032,0,0,0,0,0,0
MC_s9_dynamic_BigBuckBunny,1789984897.857,0.1034,0,0,0,0,0,0
MC_s9_dynamic_BigBuckBunny,1789984897.96,0.1032,0,0,0,0,0,0
MC_s9_dynamic_BigBuckBunny,1789984898.063,0.103,0,0,0,0,0,0
MC_s9_dynamic_BigBuckBunny,1789984898.167,0.1034,0,0,0,0,0,0
MC_s9_dynamic_BigBuckBunny,1789984898.27,0.1031,0,0,0,0,0,0
MC_s9_dynamic_BigBuckBunny,1789984898.373,0.1034,0,0,0,0,0,0
MC_s9_dynamic_BigBuckBunny,1789984898.476,0.1034,0,0,0,0,0,0
MC_s9_dynamic_BigBuckBunny,1789984898.58,0.1032,0,0,0,0,0,0
MC_s9_dynamic_BigBuckBunny,1789984898.683,0.1032,0,0,0,0,0,0
MC_s9_dynamic_BigBuckBunny,1789984898.786,0.1031,0,0,0,0,0,0
MC_s9_dynamic_BigBuckBunny,1789984898.889,0.1032,0,0,0,0,0,0
MC_s9_dynamic_BigBuckBunny,1789984898.993,0.1034,0,0,0,0,0,0
MC_s9_dynamic_BigBuckBunny,1789984899.096,0.1032,0,0,0,0,0,0
MC_s9_dynamic_BigBuckBunny,1789984899.199,0.1032,0,0,0,0,0,0
MC_s9_dynamic_BigBuckBunny,1789984899.302,0.1031,0,0,0,0,0,0
MC_s9_dynamic_BigBuckBunny,1789984899.405,0.1034,0,0,0,0,0,0
MC_s9_dynamic_BigBuckBunny,1789984899.509,0.1033,0,0,0,0,0,0
MC_s9_dynamic_BigBuckBunny,1789984899.612,0.1032,0,0,0,0,0,0
MC_s9_dynamic_BigBuckBunny,1789984899.715,0.1032,0,0,0,0,0,0
MC_s9_dynamic_BigBuckBunny,1789984899.819,0.1033,0,0,0,0,0,0
MC_s9_dynamic_BigBuckBunny,1789984899.922,0.1033,0,0,0,0,0,0
MC_s9_dynamic_BigBuckBunny,1789984900.025,0.1033,0,0,0,0,0,0
MC_s9_dynamic_BigBuckBunny,1789984900.128,0.1033,0,0,0,0,0,0
MC_s9_dynamic_BigBuckBunny,1789984900.232,0.1032,0,0,0,0,0,0
MC_s9_dynamic_BigBuckBunny,1789984900.335,0.1035,0,0,0,0,0,0
MC_s9_dynamic_BigBuckBunny,1789984900.44,0.1052,15499,12,0,282750554.8,646868.3,2
MC_s9_dynamic_BigBuckBunny,1789984900.544,0.1033,18104,14,0,168378992.3,58373436.2,2
MC_s9_dynamic_BigBuckBunny,1789984900.647,0.1031,13604,11,0,137284185.5,88731560.7,2
MC_s9_dynamic_BigBuckBunny,1789984900.75,0.1032,15104,12,0,101652435.7,98774026.2,2
MC_s9_dynamic_BigBuckBunny,1789984900.853,0.1032,21156,17,0,79421077.4,95417920.1,2
MC_s9_dynamic_BigBuckBunny,1789984900.957,0.1033,16604,13,0,62918474.7,108721167.6,2
MC_s9_dynamic_BigBuckBunny,1789984901.06,0.103,12156,11,0,78637376.8,117880612.2,2
MC_s9_dynamic_BigBuckBunny,1789984901.163,0.1031,12104,10,0,57028040.2,123451063.3,2
MC_s9_dynamic_BigBuckBunny,1789984901.266,0.1032,19656,16,0,47330458.2,128447712.7,2
MC_s9_dynamic_BigBuckBunny,1789984901.369,0.1032,10050,9,0,47292581.9,101764284.9,2
MC_s9_dynamic_BigBuckBunny,1789984901.472,0.1033,0,0,0,0,0,0
MC_s9_dynamic_BigBuckBunny,1789984901.575,0.1031,0,0,0,0,0,0
MC_s9_dynamic_BigBuckBunny,1789984901.679,0.1031,0,0,0,0,0,0
MC_s9_dynamic_BigBuckBunny,1789984901.782,0.1032,0,0,0,0,0,0
MC_s9_dynamic_BigBuckBunny,1789984901.885,0.1032,0,0,0,0,0,0
MC_s9_dynamic_BigBuckBunny,1789984901.996,0.1113,0,0,0,0,0,0
MC_s9_dynamic_BigBuckBunny,1789984902.099,0.1031,0,0,0,0,0,0
MC_s9_dynamic_BigBuckBunny,1789984902.203,0.1031,0,0,0,0,0,0
MC_s9_dynamic_BigBuckBunny,1789984902.306,0.1032,0,0,0,0,0,0
MC_s9_dynamic_BigBuckBunny,1789984902.409,0.1033,0,0,0,0,0,0
MC_s9_dynamic_BigBuckBunny,1789984902.512,0.1032,0,0,0,0,0,0
MC_s9_dynamic_BigBuckBunny,1789984902.615,0.1032,0,0,0,0,0,0
MC_s9_dynamic_BigBuckBunny,1789984902.719,0.1032,0,0,0,0,0,0
MC_s9_dynamic_BigBuckBunny,1789984902.822,0.1031,0,0,0,0,0,0
MC_s9_dynamic_BigBuckBunny,1789984902.925,0.1034,0,0,0,0,0,0
MC_s9_dynamic_BigBuckBunny,1789984903.028,0.1032,0,0,0,0,0,0
MC_s9_dynamic_BigBuckBunny,1789984903.131,0.1031,0,0,0,0,0,0
MC_s9_dynamic_BigBuckBunny,1789984903.235,0.1032,0,0,0,0,0,0
MC_s9_dynamic_BigBuckBunny,1789984903.338,0.1035,0,0,0,0,0,0
MC_s9_dynamic_BigBuckBunny,1789984903.443,0.1051,0,0,0,0,0,0
MC_s9_dynamic_BigBuckBunny,1789984903.546,0.1033,0,0,0,0,0,0
MC_s9_dynamic_BigBuckBunny,1789984903.649,0.103,0,0,0,0,0,0
MC_s9_dynamic_BigBuckBunny,1789984903.753,0.1032,0,0,0,0,0,0
MC_s9_dynamic_BigBuckBunny,1789984903.856,0.1031,0,0,0,0,0,0
MC_s9_dynamic_BigBuckBunny,1789984903.959,0.1032,0,0,0,0,0,0
MC_s9_dynamic_BigBuckBunny,1789984904.062,0.103,0,0,0,0,0,0
MC_s9_dynamic_BigBuckBunny,1789984904.165,0.103,0,0,0,0,0,0
MC_s9_dynamic_BigBuckBunny,1789984904.268,0.1031,0,0,0,0,0,0
MC_s9_dynamic_BigBuckBunny,1789984904.371,0.1032,0,0,0,0,0,0
MC_s9_dynamic_BigBuckBunny,1789984904.474,0.1032,27848,22,0,197739956.0,23893520.7,2
MC_s9_dynamic_BigBuckBunny,1789984904.578,0.1031,10552,8,0,137086383.1,555645.0,2
MC_s9_dynamic_BigBuckBunny,1789984904.681,0.1032,21104,16,0,88712268.6,138772130.7,2
MC_s9_dynamic_BigBuckBunny,1789984904.784,0.1032,10552,8,0,75454271.1,138624326.7,2
MC_s9_dynamic_BigBuckBunny,1789984904.888,0.1035,15104,12,0,73668729.2,118557427.9,2
MC_s9_dynamic_BigBuckBunny,1789984904.991,0.1032,18104,14,0,57252716.7,148587937.3,2
MC_s9_dynamic_BigBuckBunny,1789984905.094,0.1031,10552,8,0,49069342.4,138689783.4,2
MC_s9_dynamic_BigBuckBunny,1789984905.197,0.1031,24156,19,0,48745651.6,93832486.9,2
MC_s9_dynamic_BigBuckBunny,1789984905.3,0.1031,15104,12,0,46047467.0,93784429.4,2
MC_s9_dynamic_BigBuckBunny,1789984905.403,0.1032,15104,12,0,42203740.2,98721774.6,2
MC_s9_dynamic_BigBuckBunny,1789984905.506,0.1032,15104,12,0,38870868.0,98696134.1,2
MC_s9_dynamic_BigBuckBunny,1789984905.609,0.1031,15104,12,0,35963093.5,98700539.6,2
MC_s9_dynamic_BigBuckBunny,1789984905.713,0.1032,15104,12,0,33420235.0,98678385.6,2
MC_s9_dynamic_BigBuckBunny,1789984905.816,0.1031,15104,12,0,31193720.3,98748312.1,2
MC_s9_dynamic_BigBuckBunny,1789984905.919,0.1032,15104,12,0,29237530.2,98664687.7,2
MC_s9_dynamic_BigBuckBunny,1789984906.022,0.1033,15104,12,0,27522201.7,98622466.6,2
MC_s9_dynamic_BigBuckBunny,1789984906.125,0.1031,15104,12,0,26017802.0,98772729.6,2
MC_s9_dynamic_BigBuckBunny,1789984906.229,0.1033,15104,12,0,24693092.8,98729076.5,2
MC_s9_dynamic_BigBuckBunny,1789984906.333,0.1043,15104,12,0,23529472.0,98711462.2,2
MC_s9_dynamic_BigBuckBunny,1789984906.436,0.1032,7552,6,0,27680716.0,148385764.5,2
MC_s9_dynamic_BigBuckBunny,1789984906.539,0.1032,15104,12,0,27974753.0,138430583.8,2
MC_s9_dynamic_BigBuckBunny,1789984906.643,0.1032,7552,6,0,26483514.5,128632769.5,2
MC_s9_dynamic_BigBuckBunny,1789984906.746,0.1032,15104,12,0,27725995.5,146050030.5,2
MC_s9_dynamic_BigBuckBunny,1789984906.849,0.1034,15104,12,0,24551645.2,98737687.4,2
MC_s9_dynamic_BigBuckBunny,1789984906.953,0.1043,15104,12,0,22540562.8,98797596.3,2
MC_s9_dynamic_BigBuckBunny,1789984907.065,0.1112,15104,12,0,21187224.7,98839107.6,2
MC_s9_dynamic_BigBuckBunny,1789984907.168,0.1032,15104,12,0,20213006.5,98767674.2,2
MC_s9_dynamic_BigBuckBunny,1789984907.271,0.1033,22656,18,0,19161104.0,98769636.7,2
MC_s9_dynamic_BigBuckBunny,1789984907.374,0.1032,15104,12,0,18621631.8,98713848.9,2
MC_s9_dynamic_BigBuckBunny,1789984907.477,0.1032,15104,12,0,18168492.0,98707347.0,2
MC_s9_dynamic_BigBuckBunny,1789984907.581,0.1031,15104,12,0,17783099.2,98725773.5,2
MC_s9_dynamic_BigBuckBunny,1789984907.684,0.1031,15104,12,0,17449383.8,98805398.0,2
MC_s9_dynamic_BigBuckBunny,1789984907.787,0.1032,15104,12,0,17160330.2,98799954.2,2
MC_s9_dynamic_BigBuckBunny,1789984907.89,0.1033,15104,12,0,16910553.3,98718035.5,2
MC_s9_dynamic_BigBuckBunny,1789984907.993,0.1032,15104,12,0,16688284.0,98743779.5,2
MC_s9_dynamic_BigBuckBunny,1789984908.096,0.1031,15104,12,0,16493879.2,98763445.1,2
MC_s9_dynamic_BigBuckBunny,1789984908.2,0.1032,15104,12,0,16323546.8,98750758.4,2
MC_s9_dynamic_BigBuckBunny,1789984908.303,0.1032,15104,12,0,16175930.7,98766942.9,2
MC_s9_dynamic_BigBuckBunny,1789984908.406,0.1032,15104,12,0,16045379.5,98779802.9,2
MC_s9_dynamic_BigBuckBunny,1789984908.509,0.1032,14696,13,0,15890466.5,66570069.5,2
MC_s9_dynamic_BigBuckBunny,1789984908.612,0.1032,15104,12,0,16395418.7,98734263.5,2
MC_s9_dynamic_BigBuckBunny,1789984908.716,0.1032,22656,18,0,16246184.0,98745268.4,2
MC_s9_dynamic_BigBuckBunny,1789984908.819,0.1032,15104,12,0,16129649.5,98725844.0,2
MC_s9_dynamic_BigBuckBunny,1789984908.922,0.1033,15104,12,0,16016135.7,98785862.0,2
MC_s9_dynamic_BigBuckBunny,1789984909.025,0.1032,15104,12,0,15909248.3,98772152.0,2
MC_s9_dynamic_BigBuckBunny,1789984909.128,0.1031,15104,12,0,15816302.2,98745013.1,2
MC_s9_dynamic_BigBuckBunny,1789984909.232,0.1032,15104,12,0,15730076.2,98616101.9,2
MC_s9_dynamic_BigBuckBunny,1789984909.336,0.1042,15104,12,0,15654129.5,98775887.5,2
MC_s9_dynamic_BigBuckBunny,1789984909.439,0.1034,15104,12,0,15589405.7,98856373.6,2
MC_s9_dynamic_BigBuckBunny,1789984909.542,0.1032,15104,12,0,15527386.3,98756556.6,2
MC_s9_dynamic_BigBuckBunny,1789984909.646,0.1031,15104,12,0,15474227.3,98770494.6,2
MC_s9_dynamic_BigBuckBunny,1789984909.749,0.1036,15104,12,0,15427857.8,98815523.1,2
MC_s9_dynamic_BigBuckBunny,1789984909.852,0.1032,15104,12,0,15386699.5,98840110.8,2
MC_s9_dynamic_BigBuckBunny,1789984909.956,0.1032,15104,12,0,15350410.3,98777003.4,2
MC_s9_dynamic_BigBuckBunny,1789984910.059,0.1032,15104,12,0,15318580.7,98790527.2,2
MC_s9_dynamic_BigBuckBunny,1789984910.162,0.1031,15104,12,0,15291794.3,98735350.0,2
MC_s9_dynamic_BigBuckBunny,1789984910.265,0.1033,22604,17,0,16097673.1,98976289.2,2
MC_s9_dynamic_BigBuckBunny,1789984910.368,0.1031,7604,7,0,15891059.6,127736445.9,2
MC_s9_dynamic_BigBuckBunny,1789984910.471,0.1032,7552,6,0,17645346.0,128493581.1,2
MC_s9_dynamic_BigBuckBunny,1789984910.575,0.1032,15104,12,0,19910855.7,138502650.1,2
MC_s9_dynamic_BigBuckBunny,1789984910.678,0.1031,15104,12,0,21354486.5,138464818.5,2
MC_s9_dynamic_BigBuckBunny,1789984910.781,0.1031,7552,6,0,24754077.2,148464701.2,2
MC_s9_dynamic_BigBuckBunny,1789984910.884,0.1033,7552,6,0,23138220.0,148517521.2,2
MC_s9_dynamic_BigBuckBunny,1789984910.987,0.1032,15104,12,0,23534864.5,138486991.6,2
MC_s9_dynamic_BigBuckBunny,1789984911.091,0.1031,7552,6,0,26589421.5,148373257.5,2
MC_s9_dynamic_BigBuckBunny,1789984911.194,0.1031,7552,6,0,24711005.0,148383766.6,2
MC_s9_dynamic_BigBuckBunny,1789984911.297,0.1032,15104,12,0,23934848.2,128567010.7,2
MC_s9_dynamic_BigBuckBunny,1789984911.4,0.1032,15104,12,0,24383426.5,138555039.8,2
MC_s9_dynamic_BigBuckBunny,1789984911.503,0.1032,7552,6,0,26497350.0,138253466.5,2
MC_s9_dynamic_BigBuckBunny,1789984911.606,0.1032,7552,6,0,24731794.5,138526072.2,2
MC_s9_dynamic_BigBuckBunny,1789984911.71,0.1031,15104,12,0,25814372.0,148350590.4,2
MC_s9_dynamic_BigBuckBunny,1789984911.813,0.1031,7552,6,0,28624691.2,148355852.3,2
MC_s9_dynamic_BigBuckBunny,1789984911.916,0.1032,15104,12,0,28294193.7,143441879.1,2
MC_s9_dynamic_BigBuckBunny,1789984912.019,0.1032,7552,6,0,26253710.7,138400395.7,2
MC_s9_dynamic_BigBuckBunny,1789984912.13,0.1112,15104,12,0,26153194.8,138532816.8,2
MC_s9_dynamic_BigBuckBunny,1789984912.233,0.1031,7552,6,0,29003867.5,148508438.5,2
MC_s9_dynamic_BigBuckBunny,1789984912.337,0.1034,15104,12,0,27773473.0,138537001.6,2
MC_s9_dynamic_BigBuckBunny,1789984912.441,0.1041,15052,11,0,24042335.6,116997175.9,2
MC_s9_dynamic_BigBuckBunny,1789984912.544,0.1034,15156,13,0,22782463.5,101240237.1,2
MC_s9_dynamic_BigBuckBunny,1789984912.647,0.103,15104,12,0,20576056.5,98737473.1,2
MC_s9_dynamic_BigBuckBunny,1789984912.75,0.103,15104,12,0,19523801.8,98778908.7,2
MC_s9_dynamic_BigBuckBunny,1789984912.854,0.1033,15104,12,0,18784946.0,98770955.6,2
MC_s9_dynamic_BigBuckBunny,1789984912.957,0.1032,15104,12,0,18228165.2,98721245.5,2
MC_s9_dynamic_BigBuckBunny,1789984913.06,0.103,17389,16,0,17239386.2,83773871.1,2
MC_s9_dynamic_BigBuckBunny,1789984913.163,0.1031,16894,14,0,17000516.9,24888618.7,2
MC_s9_dynamic_BigBuckBunny,1789984913.266,0.1031,15104,12,0,17078016.0,98848434.6,2
MC_s9_dynamic_BigBuckBunny,1789984913.369,0.1032,15104,12,0,16979567.8,98760919.2,2
MC_s9_dynamic_BigBuckBunny,1789984913.473,0.1032,15104,12,0,16823688.5,98819752.3,2
MC_s9_dynamic_BigBuckBunny,1789984913.576,0.1031,15104,12,0,16654471.0,98868652.9,2
MC_s9_dynamic_BigBuckBunny,1789984913.679,0.1032,15104,12,0,16485115.0,98832644.7,2
MC_s9_dynamic_BigBuckBunny,1789984913.782,0.1031,15104,12,0,16328730.8,98789932.5,2
MC_s9_dynamic_BigBuckBunny,1789984913.885,0.1033,15104,12,0,16181632.2,98837461.6,2
MC_s9_dynamic_BigBuckBunny,1789984913.988,0.1032,15104,12,0,16049674.3,98804467.8,2
MC_s9_dynamic_BigBuckBunny,1789984914.092,0.1031,15104,12,0,16788571.2,103346741.6,2
MC_s9_dynamic_BigBuckBunny,1789984914.195,0.103,7552,6,0,16620127.0,107877033.6,2
MC_s9_dynamic_BigBuckBunny,1789984914.298,0.103,15104,12,0,18651100.0,128521650.6,2
MC_s9_dynamic_BigBuckBunny,1789984914.401,0.1032,15104,12,0,20684629.0,138483706.4,2
MC_s9_dynamic_BigBuckBunny,1789984914.504,0.1032,7552,6,0,23328654.8,138489943.6,2
MC_s9_dynamic_BigBuckBunny,1789984914.607,0.1031,7552,6,0,21976183.0,138409623.4,2
MC_s9_dynamic_BigBuckBunny,1789984914.71,0.1032,15104,12,0,23658875.8,148382131.4,2
MC_s9_dynamic_BigBuckBunny,1789984914.813,0.1031,7552,6,0,26687089.7,148275834.5,2
MC_s9_dynamic_BigBuckBunny,1789984914.917,0.1033,12740,12,0,26767398.0,129190884.8,2
MC_s9_dynamic_BigBuckBunny,1789984915.02,0.1032,1798,2,0,27921446.5,34863798.3,2
MC_s9_dynamic_BigBuckBunny,1789984915.123,0.1031,15104,12,0,26090365.3,95891094.3,2
MC_s9_dynamic_BigBuckBunny,1789984915.227,0.1036,7552,6,0,27859856.8,138478544.2,2
MC_s9_dynamic_BigBuckBunny,1789984915.332,0.1056,7552,6,0,25840106.3,138407880.3,2
MC_s9_dynamic_BigBuckBunny,1789984915.435,0.1033,15104,12,0,26584671.5,148425668.6,2
MC_s9_dynamic_BigBuckBunny,1789984915.538,0.1031,15104,12,0,25499252.3,128447614.2,2
MC_s9_dynamic_BigBuckBunny,1789984915.642,0.1032,7552,6,0,27542996.3,138541112.5,2
MC_s9_dynamic_BigBuckBunny,1789984915.745,0.1031,7552,6,0,25712612.0,138588764.7,2
MC_s9_dynamic_BigBuckBunny,1789984915.848,0.1032,15104,12,0,25875219.5,138577256.2,2
MC_s9_dynamic_BigBuckBunny,1789984915.951,0.1035,15052,11,0,25841925.7,148923254.7,2
MC_s9_dynamic_BigBuckBunny,1789984916.055,0.1032,7604,7,0,30666919.4,147326468.8,2
MC_s9_dynamic_BigBuckBunny,1789984916.158,0.1031,7552,6,0,27404663.0,148284943.1,2
MC_s9_dynamic_BigBuckBunny,1789984916.261,0.103,15104,12,0,27008814.8,138409118.3,2
MC_s9_dynamic_BigBuckBunny,1789984916.364,0.1032,7552,6,0,28821206.5,138423950.5,2
MC_s9_dynamic_BigBuckBunny,1789984916.467,0.1032,7552,6,0,26813249.2,138308933.5,2
MC_s9_dynamic_BigBuckBunny,1789984916.57,0.1032,15104,12,0,27530845.0,148420313.5,2
MC_s9_dynamic_BigBuckBunny,1789984916.673,0.1031,7552,6,0,30195685.3,148381181.1,2
MC_s9_dynamic_BigBuckBunny,1789984916.777,0.1031,15104,12,0,29633321.3,143536674.7,2
MC_s9_dynamic_BigBuckBunny,1789984916.88,0.1031,7552,6,0,27493848.8,138528544.6,2
MC_s9_dynamic_BigBuckBunny,1789984916.983,0.1032,15104,12,0,27224142.5,138459977.8,2
MC_s9_dynamic_BigBuckBunny,1789984917.086,0.1031,7552,6,0,30006936.2,148445833.2,2
MC_s9_dynamic_BigBuckBunny,1789984917.197,0.1112,7552,6,0,27883322.0,148520729.7,2
MC_s9_dynamic_BigBuckBunny,1789984917.3,0.1032,15104,12,0,28292516.7,148503909.6,2
MC_s9_dynamic_BigBuckBunny,1789984917.404,0.1032,15104,12,0,27759622.2,138467897.5,2
MC_s9_dynamic_BigBuckBunny,1789984917.507,0.1032,7552,6,0,29520581.2,138416395.6,2
MC_s9_dynamic_BigBuckBunny,1789984917.61,0.1033,7552,6,0,27459268.3,138433113.9,2
MC_s9_dynamic_BigBuckBunny,1789984917.713,0.1031,15104,12,0,28086928.8,148412920.5,2
MC_s9_dynamic_BigBuckBunny,1789984917.816,0.1031,7552,6,0,30715767.3,148530756.9,2
MC_s9_dynamic_BigBuckBunny,1789984917.919,0.1032,7552,6,0,28477278.3,148556126.0,2
MC_s9_dynamic_BigBuckBunny,1789984918.023,0.1032,15104,12,0,27913063.7,138395261.8,2
MC_s9_dynamic_BigBuckBunny,1789984918.126,0.1031,15104,12,0,27597328.8,138482611.8,2
MC_s9_dynamic_BigBuckBunny,1789984918.229,0.1031,7552,6,0,30357236.8,148372608.0,2
MC_s9_dynamic_BigBuckBunny,1789984918.334,0.1052,7552,6,0,28213970.7,148501563.5,2
MC_s9_dynamic_BigBuckBunny,1789984918.437,0.1033,9650,10,0,31640875.8,122912306.8,2
MC_s9_dynamic_BigBuckBunny,1789984918.541,0.1033,7552,6,0,34816858.2,124485396.7,2
MC_s9_dynamic_BigBuckBunny,1789984918.644,0.1033,4552,4,0,40906779.2,108282059.3,2
MC_s9_dynamic_BigBuckBunny,1789984918.747,0.1033,4552,4,0,38860408.5,569145.0,2
MC_s9_dynamic_BigBuckBunny,1789984918.851,0.1036,9104,8,0,42554925.0,147683236.3,2
MC_s9_dynamic_BigBuckBunny,1789984918.954,0.1036,9104,8,0,44303631.5,137885008.1,2
MC_s9_dynamic_BigBuckBunny,1789984919.058,0.1032,4552,4,0,48748163.0,137881080.7,2
MC_s9_dynamic_BigBuckBunny,1789984919.161,0.1033,4552,4,0,45640618.5,137745243.2,2
MC_s9_dynamic_BigBuckBunny,1789984919.264,0.1033,9104,8,0,46689878.5,137873371.0,2
MC_s9_dynamic_BigBuckBunny,1789984919.368,0.1033,4552,4,0,51880188.5,147822822.6,2
MC_s9_dynamic_BigBuckBunny,1789984919.471,0.1033,9104,8,0,50467445.8,132914058.6,2
MC_s9_dynamic_BigBuckBunny,1789984919.574,0.1034,4552,4,0,46937234.5,118164082.4,2
MC_s9_dynamic_BigBuckBunny,1789984919.678,0.1033,9104,8,0,46819476.5,128044539.9,2
MC_s9_dynamic_BigBuckBunny,1789984919.781,0.1035,12156,11,0,44558353.5,132774201.5,2
MC_s9_dynamic_BigBuckBunny,1789984919.884,0.1035,7604,7,0,45513918.7,147459535.4,2
MC_s9_dynamic_BigBuckBunny,1789984919.988,0.1034,6052,5,0,39295864.6,148211663.2,2
MC_s9_dynamic_BigBuckBunny,1789984920.091,0.1033,13656,12,0,37623464.5,137922665.7,2
MC_s9_dynamic_BigBuckBunny,1789984920.194,0.1033,7604,7,0,40926919.0,147466133.4,2
MC_s9_dynamic_BigBuckBunny,1789984920.298,0.1033,4552,4,0,42142243.8,117971464.0,2
MC_s9_dynamic_BigBuckBunny,1789984920.401,0.1035,9104,8,0,41506030.0,122813764.2,2
MC_s9_dynamic_BigBuckBunny,1789984920.505,0.1034,9104,8,0,40761720.2,118045811.8,2
MC_s9_dynamic_BigBuckBunny,1789984920.608,0.1034,4552,4,0,40166549.2,128034960.4,2
MC_s9_dynamic_BigBuckBunny,1789984920.711,0.1033,9104,8,0,40797080.2,137848294.3,2
MC_s9_dynamic_BigBuckBunny,1789984920.815,0.1035,4552,4,0,42915396.2,147836207.5,2
MC_s9_dynamic_BigBuckBunny,1789984920.918,0.1033,4552,4,0,42087239.5,147787885.8,2
MC_s9_dynamic_BigBuckBunny,1789984921.021,0.1034,9104,8,0,42892047.5,147747429.1,2
MC_s9_dynamic_BigBuckBunny,1789984921.125,0.1033,4552,4,0,42893240.0,131339933.2,2
MC_s9_dynamic_BigBuckBunny,1789984921.229,0.1039,9104,8,0,39034438.8,114474975.4,2
MC_s9_dynamic_BigBuckBunny,1789984921.333,0.1045,9104,8,0,39868118.2,127561607.7,2
MC_s9_dynamic_BigBuckBunny,1789984921.437,0.1035,4552,4,0,40942629.8,137793810.8,2
MC_s9_dynamic_BigBuckBunny,1789984921.54,0.1035,9104,8,0,40474218.0,142862875.7,2
MC_s9_dynamic_BigBuckBunny,1789984921.643,0.1033,4552,4,0,40158643.0,137970856.1,2
MC_s9_dynamic_BigBuckBunny,1789984921.747,0.1033,4552,4,0,39845624.2,137969740.3,2
MC_s9_dynamic_BigBuckBunny,1789984921.85,0.1033,9104,8,0,40237905.8,147763958.5,2
MC_s9_dynamic_BigBuckBunny,1789984921.955,0.1048,4552,4,0,39111114.0,128009634.5,2
MC_s9_dynamic_BigBuckBunny,1789984922.058,0.1034,9104,8,0,38741862.5,132926277.5,2
MC_s9_dynamic_BigBuckBunny,1789984922.162,0.1033,4552,4,0,38483380.0,137938804.8,2
MC_s9_dynamic_BigBuckBunny,1789984922.273,0.1114,9104,8,0,37997116.2,137908257.5,2
MC_s9_dynamic_BigBuckBunny,1789984922.376,0.1033,4552,4,0,38771525.5,147649352.6,2
MC_s9_dynamic_BigBuckBunny,1789984922.48,0.1034,9104,8,0,39192418.0,147835566.1,2
MC_s9_dynamic_BigBuckBunny,1789984922.583,0.1032,4552,4,0,38865328.0,147749688.8,2
MC_s9_dynamic_BigBuckBunny,1789984922.686,0.1033,9104,8,0,38048951.0,137969460.5,2
MC_s9_dynamic_BigBuckBunny,1789984922.789,0.1033,4552,4,0,37011150.2,127928958.0,2
MC_s9_dynamic_BigBuckBunny,1789984922.893,0.1034,9104,8,0,36121800.8,127988331.9,2
MC_s9_dynamic_BigBuckBunny,1789984922.996,0.1034,4552,4,0,36236688.0,128021786.8,2
MC_s9_dynamic_BigBuckBunny,1789984923.1,0.1033,9104,8,0,37133905.5,147551482.4,2
MC_s9_dynamic_BigBuckBunny,1789984923.203,0.1034,4552,4,0,37925290.8,147677089.4,2
MC_s9_dynamic_BigBuckBunny,1789984923.306,0.1033,4552,4,0,37723115.8,147789317.4,2
MC_s9_dynamic_BigBuckBunny,1789984923.41,0.1034,9104,8,0,37101131.0,137879761.1,2
MC_s9_dynamic_BigBuckBunny,1789984923.513,0.1034,4552,4,0,36837967.8,137811874.9,2
MC_s9_dynamic_BigBuckBunny,1789984923.616,0.1032,9104,8,0,37397841.5,142822066.6,2
MC_s9_dynamic_BigBuckBunny,1789984923.72,0.1035,4552,4,0,37200456.8,147836920.7,2
MC_s9_dynamic_BigBuckBunny,1789984923.823,0.1033,5368,7,0,32368722.9,121710385.1,2
MC_s9_dynamic_BigBuckBunny,1789984923.927,0.1036,4552,4,0,43218916.0,121503516.6,2
MC_s9_dynamic_BigBuckBunny,1789984924.03,0.1035,0,0,0,0,0,0
MC_s9_dynamic_BigBuckBunny,1789984924.133,0.1033,6104,6,0,44301888.0,117471405.4,2
MC_s9_dynamic_BigBuckBunny,1789984924.237,0.1033,7604,7,0,46728115.0,98158874.4,2
MC_s9_dynamic_BigBuckBunny,1789984924.34,0.1034,6104,6,0,43006928.3,107810978.3,2
MC_s9_dynamic_BigBuckBunny,1789984924.446,0.1055,7604,7,0,42427595.4,103224523.3,2
MC_s9_dynamic_BigBuckBunny,1789984924.549,0.1035,7604,7,0,44670266.0,103018714.8,2
MC_s9_dynamic_BigBuckBunny,1789984924.652,0.1033,4552,4,0,42380564.8,118283326.9,2
MC_s9_dynamic_BigBuckBunny,1789984924.756,0.1033,7604,7,0,41795461.1,142593143.2,2
MC_s9_dynamic_BigBuckBunny,1789984924.859,0.1033,9104,8,0,41118146.0,117985177.2,2
MC_s9_dynamic_BigBuckBunny,1789984924.962,0.1034,9104,8,0,39022840.5,101374350.3,2
MC_s9_dynamic_BigBuckBunny,1789984925.066,0.1033,7604,7,0,40657581.4,112853100.3,2
MC_s9_dynamic_BigBuckBunny,1789984925.169,0.1033,7604,7,0,41469108.6,127709235.6,2
MC_s9_dynamic_BigBuckBunny,1789984925.272,0.1032,10656,10,0,39806758.1,147230253.7,2
MC_s9_dynamic_BigBuckBunny,1789984925.376,0.1033,7604,7,0,41142559.7,137602296.1,2
MC_s9_dynamic_BigBuckBunny,1789984925.479,0.1034,1296,2,0,43941435.0,56906745.1,2
MC_s9_dynamic_BigBuckBunny,1789984925.583,0.1037,1798,2,0,41321372.0,49736180.2,2
MC_s9_dynamic_BigBuckBunny,1789984925.686,0.1032,12104,10,0,34830060.8,96105284.9,2
MC_s9_dynamic_BigBuckBunny,1789984925.789,0.1033,12104,10,0,34739252.8,138311140.7,2
MC_s9_dynamic_BigBuckBunny,1789984925.893,0.1035,6052,5,0,37635443.2,138214879.7,2
MC_s9_dynamic_BigBuckBunny,1789984925.996,0.1034,6052,5,0,34788992.2,138355494.0,2
MC_s9_dynamic_BigBuckBunny,1789984926.099,0.1033,12104,10,0,34910004.4,138313520.1,2
MC_s9_dynamic_BigBuckBunny,1789984926.203,0.1033,6052,5,0,37870651.2,138242751.3,2
MC_s9_dynamic_BigBuckBunny,1789984926.306,0.1033,6052,5,0,35071132.6,138367533.4,2
MC_s9_dynamic_BigBuckBunny,1789984926.41,0.1036,12104,10,0,35234013.6,138256941.2,2
MC_s9_dynamic_BigBuckBunny,1789984926.513,0.1034,12104,10,0,35393807.6,138272433.0,2
MC_s9_dynamic_BigBuckBunny,1789984926.616,0.1032,6052,5,0,38351700.8,138164206.9,2
MC_s9_dynamic_BigBuckBunny,1789984926.72,0.1034,6052,5,0,35542183.6,138297166.3,2
MC_s9_dynamic_BigBuckBunny,1789984926.823,0.1033,12104,10,0,35683523.6,138332427.6,2
MC_s9_dynamic_BigBuckBunny,1789984926.927,0.1036,12104,10,0,35812003.2,138181492.5,2
MC_s9_dynamic_BigBuckBunny,1789984927.03,0.1034,6052,5,0,38753035.0,138172931.0,2
MC_s9_dynamic_BigBuckBunny,1789984927.133,0.1032,6052,5,0,35925503.4,138219417.2,2
MC_s9_dynamic_BigBuckBunny,1789984927.237,0.1034,12104,10,0,36026359.8,138227193.9,2
MC_s9_dynamic_BigBuckBunny,1789984927.348,0.1113,13656,12,0,35810644.8,132944605.6,2
MC_s9_dynamic_BigBuckBunny,1789984927.453,0.1046,7604,7,0,37998081.6,122986000.8,2
MC_s9_dynamic_BigBuckBunny,1789984927.556,0.1034,6104,6,0,41319790.0,127102273.5,2
MC_s9_dynamic_BigBuckBunny,1789984927.659,0.1033,3124,4,0,47135935.5,148656562.2,2
MC_s9_dynamic_BigBuckBunny,1789984927.763,0.1035,12104,10,0,40755236.8,93481069.6,2
MC_s9_dynamic_BigBuckBunny,1789984927.866,0.1035,6052,5,0,42567510.4,138361671.4,2
MC_s9_dynamic_BigBuckBunny,1789984927.97,0.1034,6052,5,0,38868318.8,138306662.7,2
MC_s9_dynamic_BigBuckBunny,1789984928.073,0.1033,12104,10,0,37775873.2,138228207.8,2
MC_s9_dynamic_BigBuckBunny,1789984928.176,0.1033,6052,5,0,40306118.6,138188485.5,2
MC_s9_dynamic_BigBuckBunny,1789984928.28,0.1035,6052,5,0,37160385.0,138308310.3,2
MC_s9_dynamic_BigBuckBunny,1789984928.383,0.1035,12104,10,0,36823187.4,138295004.9,2
MC_s9_dynamic_BigBuckBunny,1789984928.487,0.1035,12104,10,0,36633964.0,138212150.1,2
MC_s9_dynamic_BigBuckBunny,1789984928.59,0.1033,6052,5,0,39458926.8,138368870.8,2
MC_s9_dynamic_BigBuckBunny,1789984928.693,0.1033,6052,5,0,36536984.8,138204052.2,2
MC_s9_dynamic_BigBuckBunny,1789984928.797,0.1035,12104,10,0,36498074.2,138282085.9,2
MC_s9_dynamic_BigBuckBunny,1789984928.9,0.1035,12104,10,0,36488756.2,138169024.1,2
MC_s9_dynamic_BigBuckBunny,1789984929.004,0.1035,6052,5,0,39374524.4,138157406.5,2
MC_s9_dynamic_BigBuckBunny,1789984929.107,0.1033,6052,5,0,36501538.4,138181390.7,2
MC_s9_dynamic_BigBuckBunny,1789984929.21,0.1035,5971,6,0,42970132.0,124596415.4,2
MC_s9_dynamic_BigBuckBunny,1789984929.314,0.1033,12104,10,0,38682038.2,93466599.5,2
MC_s9_dynamic_BigBuckBunny,1789984929.417,0.1034,12104,10,0,38002586.8,138257519.9,2
MC_s9_dynamic_BigBuckBunny,1789984929.521,0.1035,6052,5,0,40649816.6,138294931.9,2
MC_s9_dynamic_BigBuckBunny,1789984929.624,0.1033,6052,5,0,37583267.6,138195047.7,2
MC_s9_dynamic_BigBuckBunny,1789984929.727,0.1034,12104,10,0,37324109.0,138349894.9,2
MC_s9_dynamic_BigBuckBunny,1789984929.833,0.1054,12104,10,0,37157252.4,138291549.6,2
MC_s9_dynamic_BigBuckBunny,1789984929.936,0.1035,6052,5,0,39980596.8,138375864.1,2
MC_s9_dynamic_BigBuckBunny,1789984930.04,0.1035,6052,5,0,37052488.6,138292329.3,2
MC_s9_dynamic_BigBuckBunny,1789984930.143,0.1033,9104,8,0,40168971.2,127999672.0,2
MC_s9_dynamic_BigBuckBunny,1789984930.247,0.1035,12104,10,0,36977027.0,148724605.9,2
MC_s9_dynamic_BigBuckBunny,1789984930.35,0.1035,9104,8,0,39468451.0,88369078.0,2
MC_s9_dynamic_BigBuckBunny,1789984930.454,0.1039,9104,8,0,40425263.0,118110438.2,2
MC_s9_dynamic_BigBuckBunny,1789984930.557,0.1032,4552,4,0,43582895.5,117984472.4,2
MC_s9_dynamic_BigBuckBunny,1789984930.661,0.1034,9104,8,0,44118098.2,118094662.4,2
MC_s9_dynamic_BigBuckBunny,1789984930.764,0.1034,4552,4,0,41520895.2,118019533.0,2
MC_s9_dynamic_BigBuckBunny,1789984930.867,0.1034,5859,7,0,45896405.3,97186896.6,2
MC_s9_dynamic_BigBuckBunny,1789984930.971,0.1034,9104,8,0,42438717.0,85464786.2,2
MC_s9_dynamic_BigBuckBunny,1789984931.074,0.1033,9104,8,0,42436335.8,118098432.9,2
MC_s9_dynamic_BigBuckBunny,1789984931.177,0.1033,9104,8,0,42432675.2,118074506.2,2
MC_s9_dynamic_BigBuckBunny,1789984931.281,0.1035,9104,8,0,42445679.2,118115520.3,2
MC_s9_dynamic_BigBuckBunny,1789984931.384,0.1034,9104,8,0,42466402.5,118102705.5,2
MC_s9_dynamic_BigBuckBunny,1789984931.488,0.1035,4552,4,0,45273782.0,118060559.7,2
MC_s9_dynamic_BigBuckBunny,1789984931.591,0.1034,4552,4,0,42480691.5,118081574.4,2
MC_s9_dynamic_BigBuckBunny,1789984931.694,0.1033,9104,8,0,42492452.8,118065004.9,2
MC_s9_dynamic_BigBuckBunny,1789984931.798,0.1035,9104,8,0,42504809.5,118052406.2,2
MC_s9_dynamic_BigBuckBunny,1789984931.901,0.1035,9104,8,0,42524007.5,118108049.7,2
MC_s9_dynamic_BigBuckBunny,1789984932.005,0.1034,9104,8,0,42530698.8,117976937.3,2
MC_s9_dynamic_BigBuckBunny,1789984932.108,0.1033,9104,8,0,42544864.5,118135730.4,2
MC_s9_dynamic_BigBuckBunny,1789984932.212,0.1034,4552,4,0,45353282.5,118079310.3,2
MC_s9_dynamic_BigBuckBunny,1789984932.315,0.1033,9104,8,0,45353186.2,118138697.9,2
MC_s9_dynamic_BigBuckBunny,1789984932.426,0.1115,4552,4,0,42553378.5,117956812.0,2
MC_s9_dynamic_BigBuckBunny,1789984932.53,0.1034,9104,8,0,42553720.2,118127049.0,2
MC_s9_dynamic_BigBuckBunny,1789984932.633,0.1035,18208,16,0,35227220.5,79506435.8,2
MC_s9_dynamic_BigBuckBunny,1789984932.737,0.1036,9104,8,0,35162726.5,98819889.9,2
MC_s9_dynamic_BigBuckBunny,1789984932.841,0.1037,9104,8,0,35006231.0,98322110.0,2
MC_s9_dynamic_BigBuckBunny,1789984932.946,0.1055,9104,8,0,34845954.5,98371432.7,2
MC_s9_dynamic_BigBuckBunny,1789984933.05,0.1039,9104,8,0,34710476.0,98300875.8,2
MC_s9_dynamic_BigBuckBunny,1789984933.154,0.1036,9104,8,0,34565345.0,98087006.8,2
MC_s9_dynamic_BigBuckBunny,1789984933.257,0.1036,9104,8,0,34417815.2,98351679.4,2
MC_s9_dynamic_BigBuckBunny,1789984933.361,0.1036,9104,8,0,34282198.0,98401273.1,2
MC_s9_dynamic_BigBuckBunny,1789984933.464,0.1037,9104,8,0,34183801.2,98405295.5,2
MC_s9_dynamic_BigBuckBunny,1789984933.568,0.1038,7969,8,0,39482133.1,71406052.0,2
MC_s9_dynamic_BigBuckBunny,1789984933.672,0.1036,9104,8,0,37532752.0,98348130.1,2
MC_s9_dynamic_BigBuckBunny,1789984933.775,0.1036,9104,8,0,36958946.2,98337482.9,2
MC_s9_dynamic_BigBuckBunny,1789984933.879,0.1037,9104,8,0,36540820.2,98349047.5,2
MC_s9_dynamic_BigBuckBunny,1789984933.983,0.1036,9104,8,0,36233936.5,98336898.4,2
MC_s9_dynamic_BigBuckBunny,1789984934.086,0.1035,13604,11,0,33337721.8,98722667.1,2
MC_s9_dynamic_BigBuckBunny,1789984934.19,0.1035,9156,9,0,34804073.0,97804676.5,2
MC_s9_dynamic_BigBuckBunny,1789984934.293,0.1036,9104,8,0,33798775.5,98364642.2,2
MC_s9_dynamic_BigBuckBunny,1789984934.397,0.1037,9104,8,0,33707941.2,98369326.7,2
MC_s9_dynamic_BigBuckBunny,1789984934.501,0.1036,9104,8,0,33638987.2,98384193.7,2
MC_s9_dynamic_BigBuckBunny,1789984934.604,0.1036,9104,8,0,33577906.5,98334383.3,2
MC_s9_dynamic_BigBuckBunny,1789984934.708,0.1037,9104,8,0,33535708.8,98372731.0,2
MC_s9_dynamic_BigBuckBunny,1789984934.812,0.1036,9104,8,0,33496886.2,98298066.1,2
MC_s9_dynamic_BigBuckBunny,1789984934.915,0.1038,9104,8,0,33462565.8,98333527.5,2
MC_s9_dynamic_BigBuckBunny,1789984935.019,0.1036,9104,8,0,33437376.0,98352832.3,2
MC_s9_dynamic_BigBuckBunny,1789984935.122,0.1035,167017,136,6,2184126.2,9139076.6,2
MC_s9_dynamic_BigBuckBunny,1789984935.227,0.1041,317137,246,0,228434.5,307700.6,2
MC_s9_dynamic_BigBuckBunny,1789984935.332,0.1053,0,0,0,0,0,0
MC_s9_dynamic_BigBuckBunny,1789984935.435,0.1035,0,0,0,0,0,0
MC_s9_dynamic_BigBuckBunny,1789984935.539,0.1036,0,0,0,0,0,0
MC_s9_dynamic_BigBuckBunny,1789984935.643,0.1035,0,0,0,0,0,0
MC_s9_dynamic_BigBuckBunny,1789984935.746,0.1036,0,0,0,0,0,0
MC_s9_dynamic_BigBuckBunny,1789984935.85,0.1036,0,0,0,0,0,0
MC_s9_dynamic_BigBuckBunny,1789984935.955,0.105,0,0,0,0,0,0
MC_s9_dynamic_BigBuckBunny,1789984936.058,0.1036,0,0,0,0,0,0
MC_s9_dynamic_BigBuckBunny,1789984936.162,0.1035,447,1,0,64919069.0,0,1
MC_s9_dynamic_BigBuckBunny,1789984936.265,0.1035,49708,37,0,30107039.8,31932035.1,2
MC_s9_dynamic_BigBuckBunny,1789984936.369,0.1037,27848,32,0,22664319.8,48944888.0,2
MC_s9_dynamic_BigBuckBunny,1789984936.473,0.1036,43284,47,7,11663455.3,61415743.1,2
MC_s9_dynamic_BigBuckBunny,1789984936.576,0.1037,6520,6,0,8782852.0,64170300.6,2
MC_s9_dynamic_BigBuckBunny,1789984936.68,0.1035,0,0,0,0,0,0
MC_s9_dynamic_BigBuckBunny,1789984936.783,0.1035,156,3,0,36561564.0,357534.7,2
MC_s9_dynamic_BigBuckBunny,1789984936.887,0.1036,0,0,0,0,0,0
MC_s9_dynamic_BigBuckBunny,1789984936.991,0.1036,0,0,0,0,0,0
MC_s9_dynamic_BigBuckBunny,1789984937.094,0.1035,0,0,0,0,0,0
MC_s9_dynamic_BigBuckBunny,1789984937.198,0.1035,0,0,0,0,0,0
MC_s9_dynamic_BigBuckBunny,1789984937.301,0.1035,0,0,0,0,0,0
MC_s9_dynamic_BigBuckBunny,1789984937.405,0.1037,0,0,0,0,0,0
MC_s9_dynamic_BigBuckBunny,1789984937.516,0.1116,0,0,0,0,0,0
MC_s9_dynamic_BigBuckBunny,1789984937.62,0.1037,0,0,0,0,0,0
MC_s9_dynamic_BigBuckBunny,1789984937.724,0.1035,0,0,0,0,0,0
MC_s9_dynamic_BigBuckBunny,1789984937.828,0.1046,0,0,0,0,0,0
MC_s9_dynamic_BigBuckBunny,1789984937.932,0.1037,0,0,0,0,0,0
MC_s9_dynamic_BigBuckBunny,1789984938.036,0.1036,0,0,0,0,0,0
MC_s9_dynamic_BigBuckBunny,1789984938.139,0.1035,0,0,0,0,0,0
MC_s9_dynamic_BigBuckBunny,1789984938.243,0.1035,0,0,0,0,0,0
MC_s9_dynamic_BigBuckBunny,1789984938.346,0.1037,0,0,0,0,0,0
MC_s9_dynamic_BigBuckBunny,1789984938.452,0.1053,0,0,0,0,0,0
MC_s9_dynamic_BigBuckBunny,1789984938.555,0.1036,0,0,0,0,0,0
MC_s9_dynamic_BigBuckBunny,1789984938.659,0.1038,0,0,0,0,0,0
MC_s9_dynamic_BigBuckBunny,1789984938.763,0.1036,0,0,0,0,0,0
MC_s9_dynamic_BigBuckBunny,1789984938.866,0.1036,0,0,0,0,0,0
MC_s9_dynamic_BigBuckBunny,1789984938.97,0.1035,0,0,0,0,0,0
MC_s9_dynamic_BigBuckBunny,1789984939.073,0.1035,0,0,0,0,0,0
MC_s9_dynamic_BigBuckBunny,1789984939.177,0.1035,0,0,0,0,0,0
MC_s9_dynamic_BigBuckBunny,1789984939.28,0.1036,0,0,0,0,0,0
MC_s9_dynamic_BigBuckBunny,1789984939.384,0.1035,0,0,0,0,0,0
MC_s9_dynamic_BigBuckBunny,1789984939.487,0.1036,0,0,0,0,0,0
MC_s9_dynamic_BigBuckBunny,1789984939.591,0.1035,0,0,0,0,0,0
MC_s9_dynamic_BigBuckBunny,1789984939.694,0.1035,0,0,0,0,0,0
MC_s9_dynamic_BigBuckBunny,1789984939.798,0.1036,0,0,0,0,0,0
MC_s9_dynamic_BigBuckBunny,1789984939.902,0.1036,0,0,0,0,0,0
MC_s9_dynamic_BigBuckBunny,1789984940.005,0.1035,0,0,0,0,0,0
MC_s9_dynamic_BigBuckBunny,1789984940.109,0.1035,30775,27,0,2970541.4,13734565.5,2
MC_s9_dynamic_BigBuckBunny,1789984940.212,0.1038,38068,35,0,2195135.9,49730607.4,2
MC_s9_dynamic_BigBuckBunny,1789984940.316,0.1037,34584,44,4,3815793.0,63486331.5,2
MC_s9_dynamic_BigBuckBunny,1789984940.42,0.104,40700,49,17,6470231.1,47263771.2,2
MC_s9_dynamic_BigBuckBunny,1789984940.524,0.1038,38452,41,0,2271587.3,59016620.4,2
MC_s9_dynamic_BigBuckBunny,1789984940.628,0.1037,23943,32,6,4873505.0,60022445.3,2
MC_s9_dynamic_BigBuckBunny,1789984940.731,0.1038,0,0,0,0,0,0
MC_s9_dynamic_BigBuckBunny,1789984940.836,0.1044,0,0,0,0,0,0
MC_s9_dynamic_BigBuckBunny,1789984940.939,0.1037,0,0,0,0,0,0
MC_s9_dynamic_BigBuckBunny,1789984941.043,0.1038,0,0,0,0,0,0
MC_s9_dynamic_BigBuckBunny,1789984941.147,0.1037,0,0,0,0,0,0
MC_s9_dynamic_BigBuckBunny,1789984941.251,0.1037,0,0,0,0,0,0
MC_s9_dynamic_BigBuckBunny,1789984941.354,0.1038,0,0,0,0,0,0
MC_s9_dynamic_BigBuckBunny,1789984941.458,0.1038,0,0,0,0,0,0
MC_s9_dynamic_BigBuckBunny,1789984941.562,0.1037,0,0,0,0,0,0
MC_s9_dynamic_BigBuckBunny,1789984941.666,0.1038,0,0,0,0,0,0
MC_s9_dynamic_BigBuckBunny,1789984941.77,0.1044,0,0,0,0,0,0
MC_s9_dynamic_BigBuckBunny,1789984941.874,0.1038,0,0,0,0,0,0
MC_s9_dynamic_BigBuckBunny,1789984941.978,0.1038,0,0,0,0,0,0
MC_s9_dynamic_BigBuckBunny,1789984942.082,0.1037,0,0,0,0,0,0
MC_s9_dynamic_BigBuckBunny,1789984942.185,0.1038,0,0,0,0,0,0
MC_s9_dynamic_BigBuckBunny,1789984942.289,0.1038,0,0,0,0,0,0
MC_s9_dynamic_BigBuckBunny,1789984942.393,0.1037,0,0,0,0,0,0
MC_s9_dynamic_BigBuckBunny,1789984942.497,0.1038,0,0,0,0,0,0
MC_s9_dynamic_BigBuckBunny,1789984942.609,0.112,0,0,0,0,0,0
MC_s9_dynamic_BigBuckBunny,1789984942.712,0.1038,0,0,0,0,0,0
MC_s9_dynamic_BigBuckBunny,1789984942.816,0.1038,0,0,0,0,0,0
MC_s9_dynamic_BigBuckBunny,1789984942.92,0.1039,0,0,0,0,0,0
MC_s9_dynamic_BigBuckBunny,1789984943.024,0.1038,0,0,0,0,0,0
MC_s9_dynamic_BigBuckBunny,1789984943.127,0.1035,0,0,0,0,0,0
MC_s9_dynamic_BigBuckBunny,1789984943.231,0.1038,0,0,0,0,0,0
MC_s9_dynamic_BigBuckBunny,1789984943.336,0.1044,0,0,0,0,0,0
MC_s9_dynamic_BigBuckBunny,1789984943.44,0.1048,0,0,0,0,0,0
MC_s9_dynamic_BigBuckBunny,1789984943.544,0.1038,0,0,0,0,0,0
MC_s9_dynamic_BigBuckBunny,1789984943.648,0.1037,0,0,0,0,0,0
MC_s9_dynamic_BigBuckBunny,1789984943.751,0.1037,0,0,0,0,0,0
MC_s9_dynamic_BigBuckBunny,1789984943.855,0.1039,0,0,0,0,0,0
MC_s9_dynamic_BigBuckBunny,1789984943.959,0.1038,0,0,0,0,0,0
MC_s9_dynamic_BigBuckBunny,1789984944.063,0.1037,0,0,0,0,0,0
MC_s9_dynamic_BigBuckBunny,1789984944.167,0.1037,0,0,0,0,0,0
MC_s9_dynamic_BigBuckBunny,1789984944.27,0.1038,50155,38,0,103036645.1,30106227.0,2
MC_s9_dynamic_BigBuckBunny,1789984944.374,0.1039,27468,27,0,81305227.7,49699496.0,2
MC_s9_dynamic_BigBuckBunny,1789984944.478,0.1038,33573,41,1,35243683.3,72518759.4,2
MC_s9_dynamic_BigBuckBunny,1789984944.582,0.1037,0,0,0,0,0,0
MC_s9_dynamic_BigBuckBunny,1789984944.685,0.1037,0,0,0,0,0,0
MC_s9_dynamic_BigBuckBunny,1789984944.789,0.1039,0,0,0,0,0,0
MC_s9_dynamic_BigBuckBunny,1789984944.893,0.1039,0,0,0,0,0,0
MC_s9_dynamic_BigBuckBunny,1789984944.997,0.1038,0,0,0,0,0,0
MC_s9_dynamic_BigBuckBunny,1789984945.101,0.1037,0,0,0,0,0,0
MC_s9_dynamic_BigBuckBunny,1789984945.204,0.1038,0,0,0,0,0,0
MC_s9_dynamic_BigBuckBunny,1789984945.308,0.1037,0,0,0,0,0,0
MC_s9_dynamic_BigBuckBunny,1789984945.412,0.1038,0,0,0,0,0,0
MC_s9_dynamic_BigBuckBunny,1789984945.516,0.1038,0,0,0,0,0,0
MC_s9_dynamic_BigBuckBunny,1789984945.619,0.1037,0,0,0,0,0,0
MC_s9_dynamic_BigBuckBunny,1789984945.723,0.1038,0,0,0,0,0,0
MC_s9_dynamic_BigBuckBunny,1789984945.827,0.1037,0,0,0,0,0,0
MC_s9_dynamic_BigBuckBunny,1789984945.931,0.1037,0,0,0,0,0,0
MC_s9_dynamic_BigBuckBunny,1789984946.034,0.1038,0,0,0,0,0,0
MC_s9_dynamic_BigBuckBunny,1789984946.138,0.1036,0,0,0,0,0,0
MC_s9_dynamic_BigBuckBunny,1789984946.242,0.1037,0,0,0,0,0,0
MC_s9_dynamic_BigBuckBunny,1789984946.346,0.1042,0,0,0,0,0,0
MC_s9_dynamic_BigBuckBunny,1789984946.451,0.1056,0,0,0,0,0,0
MC_s9_dynamic_BigBuckBunny,1789984946.555,0.1038,0,0,0,0,0,0
MC_s9_dynamic_BigBuckBunny,1789984946.659,0.1037,0,0,0,0,0,0
MC_s9_dynamic_BigBuckBunny,1789984946.763,0.1037,0,0,0,0,0,0
MC_s9_dynamic_BigBuckBunny,1789984946.867,0.1039,0,0,0,0,0,0
MC_s9_dynamic_BigBuckBunny,1789984946.97,0.1037,0,0,0,0,0,0
MC_s9_dynamic_BigBuckBunny,1789984947.074,0.1037,0,0,0,0,0,0
MC_s9_dynamic_BigBuckBunny,1789984947.178,0.1036,0,0,0,0,0,0
MC_s9_dynamic_BigBuckBunny,1789984947.281,0.1038,0,0,0,0,0,0
MC_s9_dynamic_BigBuckBunny,1789984947.385,0.1038,0,0,0,0,0,0
MC_s9_dynamic_BigBuckBunny,1789984947.489,0.1037,0,0,0,0,0,0
MC_s9_dynamic_BigBuckBunny,1789984947.593,0.1037,0,0,0,0,0,0
MC_s9_dynamic_BigBuckBunny,1789984947.704,0.1117,0,0,0,0,0,0
MC_s9_dynamic_BigBuckBunny,1789984947.808,0.1038,0,0,0,0,0,0
MC_s9_dynamic_BigBuckBunny,1789984947.912,0.1039,0,0,0,0,0,0
MC_s9_dynamic_BigBuckBunny,1789984948.016,0.1037,0,0,0,0,0,0
MC_s9_dynamic_BigBuckBunny,1789984948.119,0.1036,39603,30,0,143064879.0,18171536.8,2
MC_s9_dynamic_BigBuckBunny,1789984948.223,0.1037,42208,32,0,61302003.4,62928649.8,2
MC_s9_dynamic_BigBuckBunny,1789984948.327,0.1037,33208,26,0,49517062.1,71353062.0,2
MC_s9_dynamic_BigBuckBunny,1789984948.43,0.1038,13098,11,0,49554417.3,53606961.6,2
MC_s9_dynamic_BigBuckBunny,1789984948.534,0.1037,0,0,0,0,0,0
MC_s9_dynamic_BigBuckBunny,1789984948.638,0.1036,0,0,0,0,0,0
MC_s9_dynamic_BigBuckBunny,1789984948.742,0.1038,0,0,0,0,0,0
MC_s9_dynamic_BigBuckBunny,1789984948.845,0.1037,0,0,0,0,0,0
MC_s9_dynamic_BigBuckBunny,1789984948.951,0.1056,0,0,0,0,0,0
MC_s9_dynamic_BigBuckBunny,1789984949.055,0.1038,0,0,0,0,0,0
MC_s9_dynamic_BigBuckBunny,1789984949.159,0.1037,0,0,0,0,0,0
MC_s9_dynamic_BigBuckBunny,1789984949.262,0.1037,0,0,0,0,0,0
MC_s9_dynamic_BigBuckBunny,1789984949.366,0.1038,0,0,0,0,0,0
MC_s9_dynamic_BigBuckBunny,1789984949.47,0.1037,0,0,0,0,0,0
MC_s9_dynamic_BigBuckBunny,1789984949.573,0.1037,0,0,0,0,0,0
MC_s9_dynamic_BigBuckBunny,1789984949.677,0.1037,0,0,0,0,0,0
MC_s9_dynamic_BigBuckBunny,1789984949.781,0.1038,0,0,0,0,0,0
MC_s9_dynamic_BigBuckBunny,1789984949.885,0.1037,0,0,0,0,0,0
MC_s9_dynamic_BigBuckBunny,1789984949.988,0.1038,0,0,0,0,0,0
MC_s9_dynamic_BigBuckBunny,1789984950.092,0.1037,0,0,0,0,0,0
MC_s9_dynamic_BigBuckBunny,1789984950.196,0.1037,0,0,0,0,0,0
MC_s9_dynamic_BigBuckBunny,1789984950.299,0.1037,0,0,0,0,0,0
MC_s9_dynamic_BigBuckBunny,1789984950.403,0.1037,0,0,0,0,0,0
MC_s9_dynamic_BigBuckBunny,1789984950.507,0.1038,0,0,0,0,0,0
MC_s9_dynamic_BigBuckBunny,1789984950.611,0.1038,0,0,0,0,0,0
MC_s9_dynamic_BigBuckBunny,1789984950.714,0.1037,0,0,0,0,0,0
MC_s9_dynamic_BigBuckBunny,1789984950.818,0.1038,0,0,0,0,0,0
MC_s9_dynamic_BigBuckBunny,1789984950.922,0.1039,0,0,0,0,0,0
MC_s9_dynamic_BigBuckBunny,1789984951.026,0.1038,0,0,0,0,0,0
MC_s9_dynamic_BigBuckBunny,1789984951.13,0.1036,0,0,0,0,0,0
MC_s9_dynamic_BigBuckBunny,1789984951.233,0.1037,0,0,0,0,0,0
MC_s9_dynamic_BigBuckBunny,1789984951.338,0.1043,0,0,0,0,0,0
MC_s9_dynamic_BigBuckBunny,1789984951.442,0.104,0,0,0,0,0,0
MC_s9_dynamic_BigBuckBunny,1789984951.545,0.1039,0,0,0,0,0,0
MC_s9_dynamic_BigBuckBunny,1789984951.649,0.1037,0,0,0,0,0,0
MC_s9_dynamic_BigBuckBunny,1789984951.753,0.1037,0,0,0,0,0,0
MC_s9_dynamic_BigBuckBunny,1789984951.857,0.1037,0,0,0,0,0,0
MC_s9_dynamic_BigBuckBunny,1789984951.96,0.1037,0,0,0,0,0,0
MC_s9_dynamic_BigBuckBunny,1789984952.064,0.1037,0,0,0,0,0,0
MC_s9_dynamic_BigBuckBunny,1789984952.168,0.1037,0,0,0,0,0,0
MC_s9_dynamic_BigBuckBunny,1789984952.272,0.1047,0,0,0,0,0,0
MC_s9_dynamic_BigBuckBunny,1789984952.376,0.1037,0,0,0,0,0,0
MC_s9_dynamic_BigBuckBunny,1789984952.48,0.1037,27551,21,0,250134514.1,17877444.0,2
MC_s9_dynamic_BigBuckBunny,1789984952.583,0.1037,37708,29,0,106687022.5,65020015.0,2
MC_s9_dynamic_BigBuckBunny,1789984952.687,0.1038,31376,25,0,77297214.4,54134773.8,2
MC_s9_dynamic_BigBuckBunny,1789984952.792,0.1042,0,0,0,0,0,0
MC_s9_dynamic_BigBuckBunny,1789984952.896,0.1042,0,0,0,0,0,0
MC_s9_dynamic_BigBuckBunny,1789984953.0,0.104,0,0,0,0,0,0
MC_s9_dynamic_BigBuckBunny,1789984953.104,0.1039,0,0,0,0,0,0
MC_s9_dynamic_BigBuckBunny,1789984953.208,0.1041,0,0,0,0,0,0
MC_s9_dynamic_BigBuckBunny,1789984953.312,0.104,0,0,0,0,0,0
MC_s9_dynamic_BigBuckBunny,1789984953.416,0.1041,0,0,0,0,0,0
MC_s9_dynamic_BigBuckBunny,1789984953.52,0.1039,0,0,0,0,0,0
MC_s9_dynamic_BigBuckBunny,1789984953.624,0.104,0,0,0,0,0,0
MC_s9_dynamic_BigBuckBunny,1789984953.728,0.1042,0,0,0,0,0,0
MC_s9_dynamic_BigBuckBunny,1789984953.836,0.1086,0,0,0,0,0,0
MC_s9_dynamic_BigBuckBunny,1789984953.941,0.1051,0,0,0,0,0,0
MC_s9_dynamic_BigBuckBunny,1789984954.046,0.1041,0,0,0,0,0,0
MC_s9_dynamic_BigBuckBunny,1789984954.149,0.1039,0,0,0,0,0,0
MC_s9_dynamic_BigBuckBunny,1789984954.253,0.1038,0,0,0,0,0,0
MC_s9_dynamic_BigBuckBunny,1789984954.357,0.104,0,0,0,0,0,0
MC_s9_dynamic_BigBuckBunny,1789984954.461,0.1041,0,0,0,0,0,0
MC_s9_dynamic_BigBuckBunny,1789984954.565,0.104,0,0,0,0,0,0
MC_s9_dynamic_BigBuckBunny,1789984954.669,0.1041,0,0,0,0,0,0
MC_s9_dynamic_BigBuckBunny,1789984954.773,0.1039,0,0,0,0,0,0
MC_s9_dynamic_BigBuckBunny,1789984954.877,0.1041,0,0,0,0,0,0
MC_s9_dynamic_BigBuckBunny,1789984954.981,0.1041,0,0,0,0,0,0
MC_s9_dynamic_BigBuckBunny,1789984955.085,0.1039,0,0,0,0,0,0
MC_s9_dynamic_BigBuckBunny,1789984955.189,0.1039,0,0,0,0,0,0
MC_s9_dynamic_BigBuckBunny,1789984955.293,0.1039,0,0,0,0,0,0
MC_s9_dynamic_BigBuckBunny,1789984955.397,0.1039,0,0,0,0,0,0
MC_s9_dynamic_BigBuckBunny,1789984955.501,0.1039,0,0,0,0,0,0
MC_s9_dynamic_BigBuckBunny,1789984955.605,0.104,0,0,0,0,0,0
MC_s9_dynamic_BigBuckBunny,1789984955.709,0.104,0,0,0,0,0,0
MC_s9_dynamic_BigBuckBunny,1789984955.813,0.1039,0,0,0,0,0,0
MC_s9_dynamic_BigBuckBunny,1789984955.917,0.1041,0,0,0,0,0,0
MC_s9_dynamic_BigBuckBunny,1789984956.021,0.104,0,0,0,0,0,0
MC_s9_dynamic_BigBuckBunny,1789984956.125,0.104,0,0,0,0,0,0
MC_s9_dynamic_BigBuckBunny,1789984956.229,0.1042,0,0,0,0,0,0
MC_s9_dynamic_BigBuckBunny,1789984956.335,0.1055,447,1,0,595867612.0,0,1
MC_s9_dynamic_BigBuckBunny,1789984956.439,0.1042,16656,14,0,356076983.3,80078915.7,2
MC_s9_dynamic_BigBuckBunny,1789984956.543,0.1039,9104,8,0,294355096.5,83578471.9,2
MC_s9_dynamic_BigBuckBunny,1789984956.647,0.1039,6052,5,0,238546674.8,87948477.8,2
MC_s9_dynamic_BigBuckBunny,1789984956.751,0.1044,7604,7,0,234691385.6,70668256.2,2
MC_s9_dynamic_BigBuckBunny,1789984956.855,0.104,15208,14,0,171640641.1,82400760.5,2
MC_s9_dynamic_BigBuckBunny,1789984956.959,0.104,9104,8,0,135185124.0,66666939.1,2
MC_s9_dynamic_BigBuckBunny,1789984957.063,0.1039,9104,8,0,117590037.2,79318905.1,2
MC_s9_dynamic_BigBuckBunny,1789984957.167,0.1039,18208,16,0,91674207.8,75118619.9,2
MC_s9_dynamic_BigBuckBunny,1789984957.271,0.1039,9104,8,0,81738161.0,66790773.3,2
MC_s9_dynamic_BigBuckBunny,1789984957.375,0.1041,9647,9,0,69285163.7,63027151.7,2
MC_s9_dynamic_BigBuckBunny,1789984957.479,0.1041,52,1,0,206019523.0,50404727.0,1
MC_s9_dynamic_BigBuckBunny,1789984957.583,0.1039,0,0,0,0,0,0
MC_s9_dynamic_BigBuckBunny,1789984957.687,0.104,0,0,0,0,0,0
MC_s9_dynamic_BigBuckBunny,1789984957.799,0.112,0,0,0,0,0,0
MC_s9_dynamic_BigBuckBunny,1789984957.903,0.1039,0,0,0,0,0,0
MC_s9_dynamic_BigBuckBunny,1789984958.007,0.1041,0,0,0,0,0,0
MC_s9_dynamic_BigBuckBunny,1789984958.111,0.104,0,0,0,0,0,0
MC_s9_dynamic_BigBuckBunny,1789984958.215,0.104,0,0,0,0,0,0
MC_s9_dynamic_BigBuckBunny,1789984958.319,0.1039,0,0,0,0,0,0
MC_s9_dynamic_BigBuckBunny,1789984958.423,0.1041,0,0,0,0,0,0
MC_s9_dynamic_BigBuckBunny,1789984958.527,0.104,0,0,0,0,0,0
MC_s9_dynamic_BigBuckBunny,1789984958.631,0.104,0,0,0,0,0,0
MC_s9_dynamic_BigBuckBunny,1789984958.735,0.1039,0,0,0,0,0,0
MC_s9_dynamic_BigBuckBunny,1789984958.839,0.1041,0,0,0,0,0,0
MC_s9_dynamic_BigBuckBunny,1789984958.945,0.1057,0,0,0,0,0,0
MC_s9_dynamic_BigBuckBunny,1789984959.049,0.1039,0,0,0,0,0,0
MC_s9_dynamic_BigBuckBunny,1789984959.152,0.1039,0,0,0,0,0,0
MC_s9_dynamic_BigBuckBunny,1789984959.256,0.104,0,0,0,0,0,0
MC_s9_dynamic_BigBuckBunny,1789984959.36,0.104,0,0,0,0,0,0
MC_s9_dynamic_BigBuckBunny,1789984959.464,0.1039,0,0,0,0,0,0
MC_s9_dynamic_BigBuckBunny,1789984959.568,0.104,0,0,0,0,0,0
MC_s9_dynamic_BigBuckBunny,1789984959.672,0.104,0,0,0,0,0,0
MC_s9_dynamic_BigBuckBunny,1789984959.776,0.104,0,0,0,0,0,0
MC_s9_dynamic_BigBuckBunny,1789984959.88,0.1039,0,0,0,0,0,0
MC_s9_dynamic_BigBuckBunny,1789984959.984,0.1041,0,0,0,0,0,0
MC_s9_dynamic_BigBuckBunny,1789984960.088,0.104,0,0,0,0,0,0
MC_s9_dynamic_BigBuckBunny,1789984960.192,0.1039,0,0,0,0,0,0
MC_s9_dynamic_BigBuckBunny,1789984960.296,0.1039,0,0,0,0,0,0
MC_s9_dynamic_BigBuckBunny,1789984960.4,0.104,447,1,0,374376518.0,0,1
MC_s9_dynamic_BigBuckBunny,1789984960.504,0.104,4552,4,0,412832685.0,53328326.0,2
MC_s9_dynamic_BigBuckBunny,1789984960.608,0.104,6104,6,0,361844456.0,83074624.3,2
MC_s9_dynamic_BigBuckBunny,1789984960.712,0.104,3052,3,0,333590832.0,78918547.7,2
MC_s9_dynamic_BigBuckBunny,1789984960.816,0.104,3052,3,0,308020914.3,79102048.1,2
MC_s9_dynamic_BigBuckBunny,1789984960.92,0.1041,3052,3,0,285003253.7,83217598.4,2
MC_s9_dynamic_BigBuckBunny,1789984961.024,0.104,6104,6,0,245568237.3,83122877.7,2
MC_s9_dynamic_BigBuckBunny,1789984961.128,0.1039,3052,3,0,228687222.0,83110570.3,2
MC_s9_dynamic_BigBuckBunny,1789984961.232,0.104,4552,4,0,194883345.0,87880250.2,2
MC_s9_dynamic_BigBuckBunny,1789984961.337,0.1053,4552,4,0,176015987.2,87921010.3,2
MC_s9_dynamic_BigBuckBunny,1789984961.442,0.1043,4552,4,0,159937891.5,87957868.4,2
MC_s9_dynamic_BigBuckBunny,1789984961.546,0.1039,4552,4,0,149635236.8,79428555.3,2
MC_s9_dynamic_BigBuckBunny,1789984961.65,0.1042,6104,6,0,141522484.7,85335380.0,2
MC_s9_dynamic_BigBuckBunny,1789984961.754,0.1039,6104,6,0,124581016.7,84953058.1,2
MC_s9_dynamic_BigBuckBunny,1789984961.858,0.1039,4552,4,0,109307603.0,87794829.8,2
MC_s9_dynamic_BigBuckBunny,1789984961.962,0.104,3104,4,0,124838521.5,120017191.5,2
MC_s9_dynamic_BigBuckBunny,1789984962.066,0.104,3052,3,0,104601155.7,79003499.6,2
MC_s9_dynamic_BigBuckBunny,1789984962.169,0.1039,3052,3,0,101247761.0,83160942.9,2
MC_s9_dynamic_BigBuckBunny,1789984962.273,0.104,68825,59,2,18580163.5,8966300.8,2
MC_s9_dynamic_BigBuckBunny,1789984962.377,0.1038,0,0,0,0,0,0
MC_s9_dynamic_BigBuckBunny,1789984962.481,0.104,0,0,0,0,0,0
MC_s9_dynamic_BigBuckBunny,1789984962.585,0.1038,0,0,0,0,0,0
MC_s9_dynamic_BigBuckBunny,1789984962.689,0.104,0,0,0,0,0,0
MC_s9_dynamic_BigBuckBunny,1789984962.801,0.1121,0,0,0,0,0,0
MC_s9_dynamic_BigBuckBunny,1789984962.905,0.1041,0,0,0,0,0,0
MC_s9_dynamic_BigBuckBunny,1789984963.009,0.104,0,0,0,0,0,0
MC_s9_dynamic_BigBuckBunny,1789984963.113,0.1039,0,0,0,0,0,0
MC_s9_dynamic_BigBuckBunny,1789984963.217,0.104,0,0,0,0,0,0
MC_s9_dynamic_BigBuckBunny,1789984963.321,0.1039,0,0,0,0,0,0
MC_s9_dynamic_BigBuckBunny,1789984963.425,0.1041,0,0,0,0,0,0
MC_s9_dynamic_BigBuckBunny,1789984963.529,0.104,0,0,0,0,0,0
MC_s9_dynamic_BigBuckBunny,1789984963.633,0.1037,0,0,0,0,0,0
MC_s9_dynamic_BigBuckBunny,1789984963.737,0.104,0,0,0,0,0,0
MC_s9_dynamic_BigBuckBunny,1789984963.841,0.104,0,0,0,0,0,0
MC_s9_dynamic_BigBuckBunny,1789984963.945,0.1045,0,0,0,0,0,0
MC_s9_dynamic_BigBuckBunny,1789984964.049,0.104,0,0,0,0,0,0
MC_s9_dynamic_BigBuckBunny,1789984964.153,0.104,0,0,0,0,0,0
MC_s9_dynamic_BigBuckBunny,1789984964.257,0.104,0,0,0,0,0,0
MC_s9_dynamic_BigBuckBunny,1789984964.361,0.104,447,1,0,191194084.0,0,1
MC_s9_dynamic_BigBuckBunny,1789984964.465,0.104,7552,6,0,232820375.3,119955516.0,2
MC_s9_dynamic_BigBuckBunny,1789984964.569,0.104,13656,12,0,168148177.8,89123212.3,2
MC_s9_dynamic_BigBuckBunny,1789984964.673,0.104,4552,4,0,148519642.0,84887905.6,2
MC_s9_dynamic_BigBuckBunny,1789984964.777,0.104,18156,15,0,96113760.6,110203982.6,2
MC_s9_dynamic_BigBuckBunny,1789984964.881,0.1039,18156,15,0,66450174.0,73064927.3,2
MC_s9_dynamic_BigBuckBunny,1789984964.985,0.1039,18156,15,0,50026982.8,67939279.7,2
MC_s9_dynamic_BigBuckBunny,1789984965.089,0.1039,18156,15,0,40278065.4,67855339.8,2
MC_s9_dynamic_BigBuckBunny,1789984965.193,0.104,19708,17,0,35594533.6,64943321.2,2
MC_s9_dynamic_BigBuckBunny,1789984965.297,0.1039,15156,13,0,31460299.6,84965623.3,2
MC_s9_dynamic_BigBuckBunny,1789984965.401,0.1039,15156,13,0,28568710.1,84981505.9,2
MC_s9_dynamic_BigBuckBunny,1789984965.505,0.104,17214,16,0,25821412.0,76947951.5,2
MC_s9_dynamic_BigBuckBunny,1789984965.608,0.1039,0,0,0,0,0,0
MC_s9_dynamic_BigBuckBunny,1789984965.712,0.1039,0,0,0,0,0,0
MC_s9_dynamic_BigBuckBunny,1789984965.816,0.1039,0,0,0,0,0,0
MC_s9_dynamic_BigBuckBunny,1789984965.92,0.104,0,0,0,0,0,0
MC_s9_dynamic_BigBuckBunny,1789984966.024,0.1039,0,0,0,0,0,0
MC_s9_dynamic_BigBuckBunny,1789984966.128,0.1039,0,0,0,0,0,0
MC_s9_dynamic_BigBuckBunny,1789984966.232,0.1039,0,0,0,0,0,0
MC_s9_dynamic_BigBuckBunny,1789984966.336,0.1041,0,0,0,0,0,0
MC_s9_dynamic_BigBuckBunny,1789984966.44,0.1039,0,0,0,0,0,0
MC_s9_dynamic_BigBuckBunny,1789984966.544,0.104,0,0,0,0,0,0
MC_s9_dynamic_BigBuckBunny,1789984966.648,0.104,0,0,0,0,0,0
MC_s9_dynamic_BigBuckBunny,1789984966.752,0.1039,0,0,0,0,0,0
MC_s9_dynamic_BigBuckBunny,1789984966.856,0.1039,0,0,0,0,0,0
MC_s9_dynamic_BigBuckBunny,1789984966.96,0.1039,0,0,0,0,0,0
MC_s9_dynamic_BigBuckBunny,1789984967.064,0.104,0,0,0,0,0,0
MC_s9_dynamic_BigBuckBunny,1789984967.168,0.1045,0,0,0,0,0,0
MC_s9_dynamic_BigBuckBunny,1789984967.272,0.104,0,0,0,0,0,0
MC_s9_dynamic_BigBuckBunny,1789984967.376,0.1039,0,0,0,0,0,0
MC_s9_dynamic_BigBuckBunny,1789984967.48,0.104,0,0,0,0,0,0
MC_s9_dynamic_BigBuckBunny,1789984967.584,0.1039,0,0,0,0,0,0
MC_s9_dynamic_BigBuckBunny,1789984967.688,0.104,0,0,0,0,0,0
MC_s9_dynamic_BigBuckBunny,1789984967.8,0.112,0,0,0,0,0,0
MC_s9_dynamic_BigBuckBunny,1789984967.904,0.1039,0,0,0,0,0,0
MC_s9_dynamic_BigBuckBunny,1789984968.008,0.1041,0,0,0,0,0,0
MC_s9_dynamic_BigBuckBunny,1789984968.112,0.1039,447,1,0,210427882.0,0,1
MC_s9_dynamic_BigBuckBunny,1789984968.216,0.104,0,0,0,0,0,0
MC_s9_dynamic_BigBuckBunny,1789984968.32,0.104,447,1,1,341373623.0,0,1
MC_s9_dynamic_BigBuckBunny,1789984968.424,0.1041,0,0,0,0,0,0
MC_s9_dynamic_BigBuckBunny,1789984968.528,0.1039,0,0,0,0,0,0
MC_s9_dynamic_BigBuckBunny,1789984968.632,0.104,1947,2,1,268087114.0,351739392.0,2
MC_s9_dynamic_BigBuckBunny,1789984968.736,0.104,6216,7,0,304882899.3,117262184.6,2
MC_s9_dynamic_BigBuckBunny,1789984968.84,0.1042,6104,6,0,258139288.3,101403796.2,2
MC_s9_dynamic_BigBuckBunny,1789984968.946,0.1055,6104,6,0,221409788.3,118335641.3,2
MC_s9_dynamic_BigBuckBunny,1789984969.049,0.1039,4552,4,0,196037027.0,127782865.0,2
MC_s9_dynamic_BigBuckBunny,1789984969.153,0.1039,3052,3,0,184953506.0,126915141.4,2
MC_s9_dynamic_BigBuckBunny,1789984969.257,0.1039,6104,6,0,163381615.0,118290035.4,2
MC_s9_dynamic_BigBuckBunny,1789984969.361,0.104,7604,7,0,136748736.3,127411806.9,2
MC_s9_dynamic_BigBuckBunny,1789984969.465,0.104,4552,4,0,126781703.8,127592707.9,2
MC_s9_dynamic_BigBuckBunny,1789984969.569,0.104,6104,6,0,121343537.3,101449818.1,2
MC_s9_dynamic_BigBuckBunny,1789984969.673,0.1039,6104,6,0,112233748.7,118310018.1,2
MC_s9_dynamic_BigBuckBunny,1789984969.777,0.104,1500,1,0,86074168.0,0,1
MC_s9_dynamic_BigBuckBunny,1789984969.881,0.1041,6104,6,0,101424582.0,127065796.4,2
MC_s9_dynamic_BigBuckBunny,1789984969.985,0.104,7604,7,0,89216732.9,123108576.7,2
MC_s9_dynamic_BigBuckBunny,1789984970.089,0.1039,6104,6,0,89274710.7,101464266.9,2
MC_s9_dynamic_BigBuckBunny,1789984970.193,0.104,6104,6,0,86162274.7,118384838.8,2
MC_s9_dynamic_BigBuckBunny,1789984970.297,0.104,4552,4,0,79521312.0,127834521.5,2
MC_s9_dynamic_BigBuckBunny,1789984970.401,0.1039,3052,3,0,80867770.3,126784790.9,2
MC_s9_dynamic_BigBuckBunny,1789984970.505,0.104,7604,7,0,73473447.0,123196336.1,2
MC_s9_dynamic_BigBuckBunny,1789984970.609,0.104,6104,6,0,75760562.7,101315092.9,2
MC_s9_dynamic_BigBuckBunny,1789984970.713,0.104,6104,6,0,74958878.0,118281596.2,2
MC_s9_dynamic_BigBuckBunny,1789984970.817,0.1042,7604,7,0,65450361.3,95227332.0,2
MC_s9_dynamic_BigBuckBunny,1789984970.921,0.1041,7604,7,0,63865111.3,123059140.9,2
MC_s9_dynamic_BigBuckBunny,1789984971.025,0.104,6104,6,0,67231079.3,122570875.2,2
MC_s9_dynamic_BigBuckBunny,1789984971.129,0.1039,1500,1,0,52596100.0,0,1
MC_s9_dynamic_BigBuckBunny,1789984971.233,0.1041,2859,3,0,68455566.7,125936544.6,2
MC_s9_dynamic_BigBuckBunny,1789984971.337,0.1041,0,0,0,0,0,0
MC_s9_dynamic_BigBuckBunny,1789984971.444,0.1064,0,0,0,0,0,0
MC_s9_dynamic_BigBuckBunny,1789984971.548,0.1041,0,0,0,0,0,0
MC_s9_dynamic_BigBuckBunny,1789984971.652,0.1038,0,0,0,0,0,0
MC_s9_dynamic_BigBuckBunny,1789984971.756,0.104,0,0,0,0,0,0
MC_s9_dynamic_BigBuckBunny,1789984971.86,0.104,0,0,0,0,0,0
MC_s9_dynamic_BigBuckBunny,1789984971.964,0.104,0,0,0,0,0,0
MC_s9_dynamic_BigBuckBunny,1789984972.067,0.1039,0,0,0,0,0,0
MC_s9_dynamic_BigBuckBunny,1789984972.171,0.1039,448,1,0,152830096.0,0,1
MC_s9_dynamic_BigBuckBunny,1789984972.275,0.104,9156,9,0,144685531.9,47276832.8,2
MC_s9_dynamic_BigBuckBunny,1789984972.379,0.104,9104,8,0,118312560.2,101979953.2,2
MC_s9_dynamic_BigBuckBunny,1789984972.483,0.104,9104,8,0,98367418.8,101956447.5,2
MC_s9_dynamic_BigBuckBunny,1789984972.587,0.1039,9104,8,0,84075578.8,101952745.3,2
MC_s9_dynamic_BigBuckBunny,1789984972.691,0.1041,9104,8,0,73713113.5,101887778.2,2
MC_s9_dynamic_BigBuckBunny,1789984972.803,0.1121,9104,8,0,66092095.0,101930784.2,2
MC_s9_dynamic_BigBuckBunny,1789984972.907,0.1039,9104,8,0,60404095.0,101938290.3,2
MC_s9_dynamic_BigBuckBunny,1789984973.011,0.1041,9104,8,0,56090409.0,101931069.4,2
MC_s9_dynamic_BigBuckBunny,1789984973.115,0.104,10656,10,0,53385420.4,101605501.1,2
MC_s9_dynamic_BigBuckBunny,1789984973.219,0.104,6104,6,0,54421090.7,109800305.6,2
MC_s9_dynamic_BigBuckBunny,1789984973.324,0.1042,12156,11,0,46751245.7,118868516.0,2
MC_s9_dynamic_BigBuckBunny,1789984973.428,0.1039,9104,8,0,44539164.8,118980436.3,2
MC_s9_dynamic_BigBuckBunny,1789984973.532,0.1041,9104,8,0,38924145.0,119036684.1,2
MC_s9_dynamic_BigBuckBunny,1789984973.636,0.1039,13656,12,0,36547920.0,127534125.1,2
MC_s9_dynamic_BigBuckBunny,1789984973.74,0.1039,9104,8,0,37112647.2,106191298.6,2
MC_s9_dynamic_BigBuckBunny,1789984973.844,0.104,9104,8,0,37524428.0,101957996.0,2
MC_s9_dynamic_BigBuckBunny,1789984973.949,0.1056,9104,8,0,37731510.2,101933181.6,2
MC_s9_dynamic_BigBuckBunny,1789984974.053,0.104,9104,8,0,37817032.5,101874694.6,2
MC_s9_dynamic_BigBuckBunny,1789984974.157,0.1039,9104,8,0,37831666.0,101874802.9,2
MC_s9_dynamic_BigBuckBunny,1789984974.261,0.104,9104,8,0,37809007.8,101989038.3,2
MC_s9_dynamic_BigBuckBunny,1789984974.365,0.1039,9104,8,0,37753623.2,101944324.2,2
MC_s9_dynamic_BigBuckBunny,1789984974.469,0.104,9104,8,0,37682497.2,102011560.0,2
MC_s9_dynamic_BigBuckBunny,1789984974.573,0.104,12156,11,0,36046722.6,106036612.9,2
MC_s9_dynamic_BigBuckBunny,1789984974.677,0.104,7604,7,0,37483917.0,127075814.8,2
MC_s9_dynamic_BigBuckBunny,1789984974.781,0.104,7604,7,0,38590431.0,93149900.0,2
MC_s9_dynamic_BigBuckBunny,1789984974.885,0.1039,6052,5,0,36273241.2,102478027.5,2
MC_s9_dynamic_BigBuckBunny,1789984974.989,0.104,10604,9,0,35214645.6,136321987.8,2
MC_s9_dynamic_BigBuckBunny,1789984975.093,0.1039,12104,10,0,33503784.2,119330127.6,2
MC_s9_dynamic_BigBuckBunny,1789984975.197,0.1039,12104,10,0,32761464.0,119346835.5,2
MC_s9_dynamic_BigBuckBunny,1789984975.301,0.104,12104,10,0,32321120.6,119332498.7,2
MC_s9_dynamic_BigBuckBunny,1789984975.405,0.1041,6052,5,0,34667398.2,119377260.9,2
MC_s9_dynamic_BigBuckBunny,1789984975.509,0.104,12104,10,0,34469201.6,119368509.0,2
MC_s9_dynamic_BigBuckBunny,1789984975.613,0.104,7604,7,0,38159796.7,110239440.6,2
MC_s9_dynamic_BigBuckBunny,1789984975.717,0.104,9104,8,0,37446987.0,93404504.3,2
MC_s9_dynamic_BigBuckBunny,1789984975.821,0.104,9104,8,0,37267889.5,106414057.3,2
MC_s9_dynamic_BigBuckBunny,1789984975.925,0.1039,6052,5,0,33279172.2,110802299.1,2
MC_s9_dynamic_BigBuckBunny,1789984976.029,0.104,12104,10,0,32473311.8,119307160.8,2
MC_s9_dynamic_BigBuckBunny,1789984976.133,0.1039,12104,10,0,32022627.0,119314331.6,2
MC_s9_dynamic_BigBuckBunny,1789984976.237,0.104,12104,10,0,31774352.8,119382966.8,2
MC_s9_dynamic_BigBuckBunny,1789984976.341,0.1039,13656,12,0,31395380.2,114803130.6,2
MC_s9_dynamic_BigBuckBunny,1789984976.452,0.112,9104,8,0,32713246.2,136012298.4,2
MC_s9_dynamic_BigBuckBunny,1789984976.556,0.1036,9104,8,0,33755340.5,101961347.2,2
MC_s9_dynamic_BigBuckBunny,1789984976.66,0.104,9104,8,0,34502498.0,101873969.1,2
MC_s9_dynamic_BigBuckBunny,1789984976.764,0.1039,9104,8,0,35029641.2,101892193.8,2
MC_s9_dynamic_BigBuckBunny,1789984976.868,0.1039,9104,8,0,35412971.2,101952780.0,2
MC_s9_dynamic_BigBuckBunny,1789984976.972,0.1039,9104,8,0,35692278.5,101945568.8,2
MC_s9_dynamic_BigBuckBunny,1789984977.076,0.104,9104,8,0,35898059.8,101928073.0,2
MC_s9_dynamic_BigBuckBunny,1789984977.18,0.104,9104,8,0,36060842.5,101960099.1,2
MC_s9_dynamic_BigBuckBunny,1789984977.284,0.1039,9104,8,0,36193194.5,102023961.9,2
MC_s9_dynamic_BigBuckBunny,1789984977.388,0.1039,7604,7,0,37877003.3,97408872.0,2
MC_s9_dynamic_BigBuckBunny,1789984977.492,0.104,7604,7,0,38342574.7,110002698.9,2
MC_s9_dynamic_BigBuckBunny,1789984977.596,0.1044,15208,14,0,33625104.9,116882600.2,2
MC_s9_dynamic_BigBuckBunny,1789984977.7,0.1039,7289,8,0,35841214.5,82096357.7,2
MC_s9_dynamic_BigBuckBunny,1789984977.812,0.1122,12104,10,0,32738043.8,79465130.9,2
MC_s9_dynamic_BigBuckBunny,1789984977.916,0.1041,6052,5,0,34770274.6,119428658.3,2
MC_s9_dynamic_BigBuckBunny,1789984978.02,0.104,6052,5,0,31944233.0,119387747.3,2
MC_s9_dynamic_BigBuckBunny,1789984978.124,0.1041,12104,10,0,32294702.2,127825289.2,2
MC_s9_dynamic_BigBuckBunny,1789984978.229,0.1044,10604,9,0,32256743.0,106350639.8,2
MC_s9_dynamic_BigBuckBunny,1789984978.334,0.1054,7604,7,0,35796865.0,101696204.7,2
MC_s9_dynamic_BigBuckBunny,1789984978.438,0.1039,9104,8,0,36238187.8,114936685.0,2
MC_s9_dynamic_BigBuckBunny,1789984978.542,0.1039,6104,6,0,41762659.0,92819959.1,2
MC_s9_dynamic_BigBuckBunny,1789984978.646,0.1039,6104,6,0,45366006.7,109937432.2,2
MC_s9_dynamic_BigBuckBunny,1789984978.75,0.1039,7604,7,0,46386495.7,127378751.2,2
MC_s9_dynamic_BigBuckBunny,1789984978.854,0.1039,3052,3,0,52874091.0,118352998.2,2
MC_s9_dynamic_BigBuckBunny,1789984978.958,0.1039,4552,4,0,51713853.5,119093032.1,2
MC_s9_dynamic_BigBuckBunny,1789984979.062,0.104,6104,6,0,51660221.0,126963050.5,2
MC_s9_dynamic_BigBuckBunny,1789984979.165,0.1039,4552,4,0,53956821.8,127484795.1,2
MC_s9_dynamic_BigBuckBunny,1789984979.269,0.1039,6104,6,0,56076332.0,101326954.1,2
MC_s9_dynamic_BigBuckBunny,1789984979.373,0.1039,6104,6,0,57895573.0,118340598.7,2
MC_s9_dynamic_BigBuckBunny,1789984979.477,0.104,7604,7,0,55988292.4,127376802.4,2
MC_s9_dynamic_BigBuckBunny,1789984979.581,0.1039,4552,4,0,57224902.5,110580197.5,2
MC_s9_dynamic_BigBuckBunny,1789984979.685,0.104,7604,7,0,53603882.1,106091227.2,2
MC_s9_dynamic_BigBuckBunny,1789984979.789,0.104,9104,8,0,50090170.5,101936071.1,2
MC_s9_dynamic_BigBuckBunny,1789984979.893,0.1041,4552,4,0,46352306.2,110499740.4,2
MC_s9_dynamic_BigBuckBunny,1789984979.997,0.1041,9104,8,0,45809580.2,119029707.3,2
MC_s9_dynamic_BigBuckBunny,1789984980.101,0.1041,9104,8,0,46320106.8,127505427.1,2
MC_s9_dynamic_BigBuckBunny,1789984980.205,0.104,9104,8,0,46727933.5,127595247.1,2
MC_s9_dynamic_BigBuckBunny,1789984980.31,0.1042,9104,8,0,43586696.0,93442853.8,2
MC_s9_dynamic_BigBuckBunny,1789984980.413,0.1039,9104,8,0,42159452.5,101965750.5,2
MC_s9_dynamic_BigBuckBunny,1789984980.517,0.104,9104,8,0,41102664.5,101954716.9,2
MC_s9_dynamic_BigBuckBunny,1789984980.621,0.1039,9104,8,0,40298711.0,101933679.6,2
MC_s9_dynamic_BigBuckBunny,1789984980.725,0.1039,10656,10,0,39340934.0,101683086.2,2
MC_s9_dynamic_BigBuckBunny,1789984980.832,0.1064,12156,11,0,36352144.0,113207460.8,2
MC_s9_dynamic_BigBuckBunny,1789984980.935,0.1039,6104,6,0,39124688.7,118403565.5,2
MC_s9_dynamic_BigBuckBunny,1789984981.039,0.104,12156,11,0,36495062.0,118864456.8,2
MC_s9_dynamic_BigBuckBunny,1789984981.143,0.1039,10604,9,0,34479522.9,119175589.0,2
MC_s9_dynamic_BigBuckBunny,1789984981.247,0.104,13656,12,0,32387963.8,116201740.7,2
MC_s9_dynamic_BigBuckBunny,1789984981.351,0.104,10604,9,0,28155266.4,114982799.2,2
MC_s9_dynamic_BigBuckBunny,1789984981.456,0.1043,15156,13,0,26817642.2,119203146.8,2
MC_s9_dynamic_BigBuckBunny,1789984981.559,0.1038,15156,13,0,26567171.2,127709300.9,2
MC_s9_dynamic_BigBuckBunny,1789984981.663,0.1039,9104,8,0,27809573.2,127578657.4,2
MC_s9_dynamic_BigBuckBunny,1789984981.767,0.104,16656,14,0,24817970.8,116392849.9,2
MC_s9_dynamic_BigBuckBunny,1789984981.871,0.104,15104,12,0,22857498.7,119547072.5,2
MC_s9_dynamic_BigBuckBunny,1789984981.975,0.104,12104,10,0,21669872.2,119358166.8,2
MC_s9_dynamic_BigBuckBunny,1789984982.079,0.104,14683,13,0,25051153.2,98087447.9,2
MC_s9_dynamic_BigBuckBunny,1789984982.183,0.104,9052,7,0,21905810.0,581959.0,2
MC_s9_dynamic_BigBuckBunny,1789984982.287,0.1039,18104,14,0,21042060.1,128249891.7,2
MC_s9_dynamic_BigBuckBunny,1789984982.391,0.104,16604,13,0,20476579.2,115381966.6,2
MC_s9_dynamic_BigBuckBunny,1789984982.495,0.1039,18104,14,0,19606779.1,115457235.2,2
MC_s9_dynamic_BigBuckBunny,1789984982.599,0.104,15104,12,0,20749012.2,119452570.7,2
MC_s9_dynamic_BigBuckBunny,1789984982.703,0.104,10604,9,0,22238136.4,84941362.9,2
MC_s9_dynamic_BigBuckBunny,1789984982.815,0.1121,12156,11,0,24257456.3,101821369.4,2
MC_s9_dynamic_BigBuckBunny,1789984982.919,0.1039,7604,7,0,26879071.0,118774897.0,2
MC_s9_dynamic_BigBuckBunny,1789984983.023,0.1039,15156,13,0,25925366.5,121953790.3,2
MC_s9_dynamic_BigBuckBunny,1789984983.127,0.1039,10604,9,0,27356433.0,110690916.7,2
MC_s9_dynamic_BigBuckBunny,1789984983.231,0.104,10656,10,0,29762238.7,97340247.0,2
MC_s9_dynamic_BigBuckBunny,1789984983.335,0.1042,9104,8,0,31073365.2,114624903.7,2
MC_s9_dynamic_BigBuckBunny,1789984983.439,0.1041,7604,7,0,28455155.0,118767306.8,2
MC_s9_dynamic_BigBuckBunny,1789984983.543,0.1042,12156,11,0,28874103.2,118817452.4,2
MC_s9_dynamic_BigBuckBunny,1789984983.647,0.1039,9725,11,0,35043620.3,123980273.7,2
MC_s9_dynamic_BigBuckBunny,1789984983.752,0.1042,6052,5,0,36040695.0,80114179.2,2
MC_s9_dynamic_BigBuckBunny,1789984983.855,0.104,12104,10,0,34614063.6,119293858.8,2
MC_s9_dynamic_BigBuckBunny,1789984983.959,0.1039,6052,5,0,31699116.6,119431642.0,2
MC_s9_dynamic_BigBuckBunny,1789984984.063,0.104,12104,10,0,31166584.8,119337348.0,2
MC_s9_dynamic_BigBuckBunny,1789984984.167,0.1039,10604,9,0,32075557.9,114943065.2,2
MC_s9_dynamic_BigBuckBunny,1789984984.271,0.1041,9104,8,0,33100320.0,127564559.0,2
MC_s9_dynamic_BigBuckBunny,1789984984.375,0.1041,7604,7,0,35129177.6,152801540.8,2
MC_s9_dynamic_BigBuckBunny,1789984984.479,0.1039,9104,8,0,37358647.8,93413408.9,2
MC_s9_dynamic_BigBuckBunny,1789984984.583,0.104,9104,8,0,37591009.8,132025085.4,2
MC_s9_dynamic_BigBuckBunny,1789984984.687,0.1039,6052,5,0,33607825.2,110815713.7,2
MC_s9_dynamic_BigBuckBunny,1789984984.791,0.104,12104,10,0,32509390.6,119361376.0,2
MC_s9_dynamic_BigBuckBunny,1789984984.895,0.104,12104,10,0,31896539.8,119342918.8,2
MC_s9_dynamic_BigBuckBunny,1789984984.999,0.1039,12104,10,0,31569832.0,119389113.8,2
MC_s9_dynamic_BigBuckBunny,1789984985.103,0.1039,12104,10,0,31408276.4,119448334.2,2
MC_s9_dynamic_BigBuckBunny,1789984985.207,0.104,10604,9,0,32580263.2,114999080.5,2
MC_s9_dynamic_BigBuckBunny,1789984985.311,0.104,7604,7,0,35271552.3,93311923.4,2
MC_s9_dynamic_BigBuckBunny,1789984985.415,0.1042,9156,9,0,31051211.0,53367122.3,2
MC_s9_dynamic_BigBuckBunny,1789984985.519,0.104,10604,9,0,30305274.3,110676961.8,2
MC_s9_dynamic_BigBuckBunny,1789984985.623,0.1039,12104,10,0,30157302.6,119404846.1,2
MC_s9_dynamic_BigBuckBunny,1789984985.727,0.104,12104,10,0,30343788.8,119423135.9,2
MC_s9_dynamic_BigBuckBunny,1789984985.832,0.1052,6052,5,0,32919010.6,119437263.3,2
MC_s9_dynamic_BigBuckBunny,1789984985.937,0.1043,13656,12,0,33083538.8,110523797.1,2
MC_s9_dynamic_BigBuckBunny,1789984986.041,0.1039,6052,5,0,29483038.0,127784245.5,2
MC_s9_dynamic_BigBuckBunny,1789984986.145,0.104,13604,11,0,33948255.3,125176893.7,2
MC_s9_dynamic_BigBuckBunny,1789984986.249,0.1039,9104,8,0,35729170.2,101906318.4,2
MC_s9_dynamic_BigBuckBunny,1789984986.353,0.1039,9156,9,0,37575174.0,101283136.2,2
MC_s9_dynamic_BigBuckBunny,1789984986.457,0.1047,9104,8,0,37090662.0,101875905.3,2
MC_s9_dynamic_BigBuckBunny,1789984986.561,0.104,9104,8,0,37486661.5,101641183.7,2
MC_s9_dynamic_BigBuckBunny,1789984986.665,0.1039,9104,8,0,37798862.8,101928874.5,2
MC_s9_dynamic_BigBuckBunny,1789984986.769,0.1039,9104,8,0,38041502.5,101949797.4,2
MC_s9_dynamic_BigBuckBunny,1789984986.873,0.1039,9104,8,0,38230521.5,101882133.8,2
MC_s9_dynamic_BigBuckBunny,1789984986.977,0.1039,9104,8,0,38382849.5,101966186.9,2
MC_s9_dynamic_BigBuckBunny,1789984987.081,0.1041,6104,6,0,41395547.3,92946983.2,2
MC_s9_dynamic_BigBuckBunny,1789984987.185,0.1041,4552,4,0,37552578.2,110843762.9,2
MC_s9_dynamic_BigBuckBunny,1789984987.289,0.1041,6104,6,0,43894037.0,157131334.1,2
MC_s9_dynamic_BigBuckBunny,1789984987.393,0.104,7604,7,0,45257644.6,127343365.1,2
MC_s9_dynamic_BigBuckBunny,1789984987.497,0.1041,540,2,0,51153662.0,21038621.6,2
MC_s9_dynamic_BigBuckBunny,1789984987.601,0.1041,4552,4,0,46708021.2,107249215.0,2
MC_s9_dynamic_BigBuckBunny,1789984987.705,0.1041,6104,6,0,49619797.3,101455769.6,2
MC_s9_dynamic_BigBuckBunny,1789984987.818,0.1122,6104,6,0,52537262.7,118374831.7,2
MC_s9_dynamic_BigBuckBunny,1789984987.922,0.1043,7604,7,0,51911669.4,127357150.7,2
MC_s9_dynamic_BigBuckBunny,1789984988.027,0.1045,4552,4,0,54676142.0,119001497.8,2
MC_s9_dynamic_BigBuckBunny,1789984988.131,0.1041,3052,3,0,53022139.0,127127598.2,2
MC_s9_dynamic_BigBuckBunny,1789984988.235,0.1042,6104,6,0,55356371.0,101301533.1,2
MC_s9_dynamic_BigBuckBunny,1789984988.339,0.1041,6104,6,0,57406899.7,118349488.0,2
MC_s9_dynamic_BigBuckBunny,1789984988.444,0.1048,7604,7,0,55611311.0,127411008.7,2
MC_s9_dynamic_BigBuckBunny,1789984988.548,0.1042,7604,7,0,55202544.3,123142377.8,2
MC_s9_dynamic_BigBuckBunny,1789984988.652,0.1041,3052,3,0,61070502.7,101432607.9,2
MC_s9_dynamic_BigBuckBunny,1789984988.756,0.1043,9156,9,0,57125638.7,93339613.2,2
MC_s9_dynamic_BigBuckBunny,1789984988.861,0.1043,7604,7,0,50757095.4,84375642.4,2
MC_s9_dynamic_BigBuckBunny,1789984988.965,0.1044,7604,7,0,49750015.1,106054204.8,2
MC_s9_dynamic_BigBuckBunny,1789984989.069,0.1043,6104,6,0,52101686.3,105597039.0,2
MC_s9_dynamic_BigBuckBunny,1789984989.173,0.1043,6052,5,0,47633220.8,119606467.3,2
MC_s9_dynamic_BigBuckBunny,1789984989.278,0.1043,7604,7,0,49005528.3,148598036.1,2
MC_s9_dynamic_BigBuckBunny,1789984989.382,0.1043,4552,4,0,50243106.8,110523003.2,2
MC_s9_dynamic_BigBuckBunny,1789984989.486,0.1043,4552,4,0,45944438.8,119304399.4,2
MC_s9_dynamic_BigBuckBunny,1789984989.591,0.1043,9104,8,0,45302217.8,123334539.1,2
MC_s9_dynamic_BigBuckBunny,1789984989.695,0.1044,9104,8,0,44993152.2,119027577.3,2
MC_s9_dynamic_BigBuckBunny,1789984989.8,0.1045,9104,8,0,44810470.5,119097366.4,2
MC_s9_dynamic_BigBuckBunny,1789984989.904,0.1044,9104,8,0,44693119.8,118897981.0,2
MC_s9_dynamic_BigBuckBunny,1789984990.008,0.1043,9104,8,0,44627399.5,119002864.2,2
MC_s9_dynamic_BigBuckBunny,1789984990.113,0.1043,4552,4,0,47835276.8,119073246.8,2
MC_s9_dynamic_BigBuckBunny,1789984990.217,0.1044,9104,8,0,47816464.0,119016331.2,2
MC_s9_dynamic_BigBuckBunny,1789984990.321,0.1043,4552,4,0,44591185.0,118938532.5,2
MC_s9_dynamic_BigBuckBunny,1789984990.426,0.1044,9104,8,0,44601212.2,118982125.3,2
MC_s9_dynamic_BigBuckBunny,1789984990.53,0.1043,9104,8,0,44620241.0,118993761.6,2
MC_s9_dynamic_BigBuckBunny,1789984990.634,0.1042,9104,8,0,44636251.0,119029240.7,2
MC_s9_dynamic_BigBuckBunny,1789984990.739,0.1044,6104,6,0,49024215.7,109934794.3,2
MC_s9_dynamic_BigBuckBunny,1789984990.843,0.1043,7604,7,0,47408257.0,106080605.8,2
MC_s9_dynamic_BigBuckBunny,1789984990.95,0.1067,7604,7,0,47656878.0,110132355.7,2
MC_s9_dynamic_BigBuckBunny,1789984991.054,0.1044,9104,8,0,46000303.8,118920593.6,2
MC_s9_dynamic_BigBuckBunny,1789984991.158,0.1043,4552,4,0,48965043.5,119038426.8,2
MC_s9_dynamic_BigBuckBunny,1789984991.263,0.1045,4552,4,0,45526340.2,119021836.0,2
MC_s9_dynamic_BigBuckBunny,1789984991.367,0.1044,9104,8,0,45208519.8,118944307.6,2
MC_s9_dynamic_BigBuckBunny,1789984991.471,0.1043,9104,8,0,45018483.8,119032412.0,2
MC_s9_dynamic_BigBuckBunny,1789984991.576,0.1044,9104,8,0,44906241.8,118974985.8,2
MC_s9_dynamic_BigBuckBunny,1789984991.68,0.1042,6104,6,0,49185965.7,109806896.2,2
MC_s9_dynamic_BigBuckBunny,1789984991.784,0.1044,7604,7,0,47516344.6,106091888.4,2
MC_s9_dynamic_BigBuckBunny,1789984991.889,0.1044,7604,7,0,47721719.7,110256327.4,2
MC_s9_dynamic_BigBuckBunny,1789984991.993,0.1043,9104,8,0,46043913.0,118981565.4,2
MC_s9_dynamic_BigBuckBunny,1789984992.098,0.1043,4552,4,0,49000680.2,119073510.2,2
MC_s9_dynamic_BigBuckBunny,1789984992.202,0.1043,6052,5,0,46965216.2,119419675.5,2
MC_s9_dynamic_BigBuckBunny,1789984992.306,0.1044,7604,7,0,46285068.3,118805886.5,2
MC_s9_dynamic_BigBuckBunny,1789984992.411,0.1045,9104,8,0,45036310.5,118955766.0,2
MC_s9_dynamic_BigBuckBunny,1789984992.515,0.1044,1195,2,0,53115021.5,63465235.3,2
MC_s9_dynamic_BigBuckBunny,1789984992.619,0.1045,9104,8,0,42470607.5,89574817.3,2
MC_s9_dynamic_BigBuckBunny,1789984992.724,0.1043,9104,8,0,42954802.2,118970950.1,2
MC_s9_dynamic_BigBuckBunny,1789984992.837,0.1133,9104,8,0,43323086.8,119022397.9,2
MC_s9_dynamic_BigBuckBunny,1789984992.943,0.1064,9104,8,0,43611052.8,119062769.3,2
MC_s9_dynamic_BigBuckBunny,1789984993.048,0.1043,7604,7,0,46014414.6,114494381.1,2
MC_s9_dynamic_BigBuckBunny,1789984993.152,0.1042,6104,6,0,49238225.7,101370868.1,2
MC_s9_dynamic_BigBuckBunny,1789984993.256,0.1043,7604,7,0,47464198.1,110341798.5,2
MC_s9_dynamic_BigBuckBunny,1789984993.361,0.1043,9104,8,0,46018089.8,114813338.7,2
MC_s9_dynamic_BigBuckBunny,1789984993.465,0.1044,4552,4,0,49035953.5,118948201.1,2
MC_s9_dynamic_BigBuckBunny,1789984993.569,0.1044,4552,4,0,45637854.5,119124700.5,2
MC_s9_dynamic_BigBuckBunny,1789984993.674,0.1045,9104,8,0,45373054.5,119063162.9,2
MC_s9_dynamic_BigBuckBunny,1789984993.778,0.1043,9104,8,0,45193748.8,118997253.7,2
MC_s9_dynamic_BigBuckBunny,1789984993.882,0.1043,9104,8,0,45087929.0,119103419.5,2
MC_s9_dynamic_BigBuckBunny,1789984993.987,0.1044,7604,7,0,47314659.0,114401172.4,2
MC_s9_dynamic_BigBuckBunny,1789984994.091,0.1043,6104,6,0,50459875.0,101443510.7,2
MC_s9_dynamic_BigBuckBunny,1789984994.196,0.1044,7604,7,0,48398428.6,110404191.4,2
MC_s9_dynamic_BigBuckBunny,1789984994.3,0.1043,9104,8,0,46715502.2,114792520.6,2
MC_s9_dynamic_BigBuckBunny,1789984994.404,0.1043,4552,4,0,49664435.5,119109660.1,2
MC_s9_dynamic_BigBuckBunny,1789984994.508,0.1043,9104,8,0,49239938.0,119029028.6,2
MC_s9_dynamic_BigBuckBunny,1789984994.613,0.1043,4552,4,0,45853676.0,119007957.2,2
MC_s9_dynamic_BigBuckBunny,1789984994.717,0.1044,9104,8,0,45608490.5,119104340.5,2
MC_s9_dynamic_BigBuckBunny,1789984994.821,0.1043,9104,8,0,45440951.5,119073402.9,2
MC_s9_dynamic_BigBuckBunny,1789984994.926,0.1047,7604,7,0,45823065.3,97310904.0,2
MC_s9_dynamic_BigBuckBunny,1789984995.031,0.1044,6104,6,0,49299000.3,101339475.0,2
MC_s9_dynamic_BigBuckBunny,1789984995.135,0.1044,7604,7,0,47505833.9,110290531.6,2
MC_s9_dynamic_BigBuckBunny,1789984995.239,0.1043,9104,8,0,46074114.0,114685753.4,2
MC_s9_dynamic_BigBuckBunny,1789984995.344,0.1046,9104,8,0,45749776.8,118977108.9,2
MC_s9_dynamic_BigBuckBunny,1789984995.45,0.1062,9104,8,0,45528721.2,119044562.1,2
MC_s9_dynamic_BigBuckBunny,1789984995.554,0.1043,4552,4,0,48671981.5,118999942.4,2
MC_s9_dynamic_BigBuckBunny,1789984995.659,0.1045,4552,4,0,45375363.0,119116767.8,2
MC_s9_dynamic_BigBuckBunny,1789984995.763,0.1044,9104,8,0,45262617.0,119036424.2,2
MC_s9_dynamic_BigBuckBunny,1789984995.868,0.1044,7604,7,0,47524600.3,114520883.5,2
MC_s9_dynamic_BigBuckBunny,1789984995.972,0.1045,6104,6,0,50683533.0,101403098.6,2
MC_s9_dynamic_BigBuckBunny,1789984996.077,0.1045,7604,7,0,48570306.6,110351686.7,2
MC_s9_dynamic_BigBuckBunny,1789984996.181,0.1043,9104,8,0,46857372.8,114683208.7,2
MC_s9_dynamic_BigBuckBunny,1789984996.285,0.1043,9104,8,0,46353936.5,119109904.3,2
MC_s9_dynamic_BigBuckBunny,1789984996.39,0.1043,9104,8,0,45995957.8,118953754.0,2
MC_s9_dynamic_BigBuckBunny,1789984996.494,0.1043,4552,4,0,49080206.0,118961660.7,2
MC_s9_dynamic_BigBuckBunny,1789984996.598,0.1042,8506,8,0,48513987.8,117274994.6,2
MC_s9_dynamic_BigBuckBunny,1789984996.702,0.1043,4999,5,0,55657709.4,79446610.6,2
MC_s9_dynamic_BigBuckBunny,1789984996.807,0.1045,4552,4,0,47724566.8,633626.0,2
MC_s9_dynamic_BigBuckBunny,1789984996.911,0.1046,9104,8,0,46932746.5,119020290.4,2
MC_s9_dynamic_BigBuckBunny,1789984997.016,0.1043,9104,8,0,46379487.5,118977719.7,2
MC_s9_dynamic_BigBuckBunny,1789984997.12,0.1043,9104,8,0,45985213.8,118807055.7,2
MC_s9_dynamic_BigBuckBunny,1789984997.224,0.1044,7604,7,0,48088921.6,114524204.7,2
MC_s9_dynamic_BigBuckBunny,1789984997.33,0.1052,6104,6,0,51165120.7,101452656.3,2
MC_s9_dynamic_BigBuckBunny,1789984997.434,0.1044,7604,7,0,48984853.4,110767433.0,2
MC_s9_dynamic_BigBuckBunny,1789984997.538,0.1043,9104,8,0,45432509.2,97672388.2,2
MC_s9_dynamic_BigBuckBunny,1789984997.642,0.1041,9104,8,0,41829458.2,84815236.8,2
MC_s9_dynamic_BigBuckBunny,1789984997.747,0.1044,13656,12,0,39727190.2,84917646.4,2
MC_s9_dynamic_BigBuckBunny,1789984997.859,0.1124,13656,12,0,35667109.5,84873701.1,2
MC_s9_dynamic_BigBuckBunny,1789984997.964,0.1043,7604,7,0,36127433.0,80370060.6,2
MC_s9_dynamic_BigBuckBunny,1789984998.068,0.1045,9104,8,0,33786506.0,101890054.4,2
MC_s9_dynamic_BigBuckBunny,1789984998.173,0.1045,13656,12,0,32381055.8,110492644.1,2
MC_s9_dynamic_BigBuckBunny,1789984998.277,0.1044,13708,13,0,32064720.1,101525237.8,2
MC_s9_dynamic_BigBuckBunny,1789984998.381,0.1042,12156,11,0,30405836.2,101798115.6,2
MC_s9_dynamic_BigBuckBunny,1789984998.486,0.1048,12156,11,0,29467334.6,101772436.6,2
MC_s9_dynamic_BigBuckBunny,1789984998.59,0.1043,9104,8,0,26365558.2,101940511.8,2
MC_s9_dynamic_BigBuckBunny,1789984998.695,0.1043,13656,12,0,25681031.8,110522133.8,2
MC_s9_dynamic_BigBuckBunny,1789984998.799,0.1043,15156,13,0,24918748.7,119141812.0,2
MC_s9_dynamic_BigBuckBunny,1789984998.903,0.1043,15156,13,0,24637469.8,119157315.3,2
MC_s9_dynamic_BigBuckBunny,1789984999.007,0.1043,7552,6,0,25419972.8,128144258.1,2
MC_s9_dynamic_BigBuckBunny,1789984999.112,0.1043,16656,14,0,25260629.2,110711175.1,2
MC_s9_dynamic_BigBuckBunny,1789984999.216,0.1044,13604,11,0,25081666.8,132260604.7,2
MC_s9_dynamic_BigBuckBunny,1789984999.32,0.1042,10604,9,0,26509531.2,115001892.3,2
MC_s9_dynamic_BigBuckBunny,1789984999.425,0.1042,10604,9,0,27294403.1,93559454.3,2
MC_s9_dynamic_BigBuckBunny,1789984999.529,0.1043,10797,10,0,28584010.4,93073017.2,2
MC_s9_dynamic_BigBuckBunny,1789984999.633,0.1043,12104,10,0,27113443.8,65036713.2,2
MC_s9_dynamic_BigBuckBunny,1789984999.738,0.1044,12104,10,0,26555772.4,102217081.7,2
MC_s9_dynamic_BigBuckBunny,1789984999.842,0.1042,12104,10,0,26198077.6,102102359.8,2
MC_s9_dynamic_BigBuckBunny,1789984999.948,0.1066,10604,9,0,26826816.1,97822627.6,2
MC_s9_dynamic_BigBuckBunny,1789985000.053,0.1045,15156,13,0,25085801.7,114860620.0,2
MC_s9_dynamic_BigBuckBunny,1789985000.157,0.1044,16656,14,0,23330090.1,122101892.2,2
MC_s9_dynamic_BigBuckBunny,1789985000.262,0.1043,7552,6,0,24503646.7,119584369.8,2
MC_s9_dynamic_BigBuckBunny,1789985000.366,0.1042,15104,12,0,24352691.2,119578238.2,2
MC_s9_dynamic_BigBuckBunny,1789985000.47,0.1043,16656,14,0,23063909.2,103835816.0,2
MC_s9_dynamic_BigBuckBunny,1789985000.575,0.1044,13604,11,0,22083689.4,121227166.2,2
MC_s9_dynamic_BigBuckBunny,1789985000.679,0.1044,13604,11,0,19993412.1,119443829.5,2
MC_s9_dynamic_BigBuckBunny,1789985000.784,0.1046,18156,15,0,19478064.6,119393482.0,2
MC_s9_dynamic_BigBuckBunny,1789985000.888,0.1044,18156,15,0,19505249.6,127875793.1,2
MC_s9_dynamic_BigBuckBunny,1789985000.992,0.1044,9104,8,0,20216237.5,118987514.4,2
MC_s9_dynamic_BigBuckBunny,1789985001.097,0.1043,18156,15,0,19692522.2,119392157.1,2
MC_s9_dynamic_BigBuckBunny,1789985001.201,0.1044,15104,12,0,19526284.5,123896666.3,2
MC_s9_dynamic_BigBuckBunny,1789985001.305,0.1043,13604,11,0,18284173.7,128015986.2,2
MC_s9_dynamic_BigBuckBunny,1789985001.41,0.1044,16656,14,0,20922395.1,113512515.1,2
MC_s9_dynamic_BigBuckBunny,1789985001.514,0.1044,13656,12,0,22060446.0,84773099.6,2
MC_s9_dynamic_BigBuckBunny,1789985001.618,0.1043,10604,9,0,22373197.6,114978108.7,2
MC_s9_dynamic_BigBuckBunny,1789985001.723,0.1044,15156,13,0,21568044.0,119223749.6,2
MC_s9_dynamic_BigBuckBunny,1789985001.829,0.1057,8040,8,0,24452978.9,88048172.0,2
MC_s9_dynamic_BigBuckBunny,1789985001.933,0.1046,9104,8,0,26400858.5,64644641.7,2
MC_s9_dynamic_BigBuckBunny,1789985002.037,0.1043,13656,12,0,29483724.0,87647669.7,2
MC_s9_dynamic_BigBuckBunny,1789985002.142,0.1043,9104,8,0,30505553.8,93466618.0,2
MC_s9_dynamic_BigBuckBunny,1789985002.246,0.1047,12156,11,0,30461524.9,90407344.3,2
MC_s9_dynamic_BigBuckBunny,1789985002.351,0.1043,9104,8,0,29464867.8,101939048.0,2
MC_s9_dynamic_BigBuckBunny,1789985002.456,0.1054,13656,12,0,27379351.0,121832800.6,2
MC_s9_dynamic_BigBuckBunny,1789985002.561,0.1045,13656,12,0,26165936.0,110492966.6,2
MC_s9_dynamic_BigBuckBunny,1789985002.665,0.1043,7604,7,0,27529675.3,110306978.6,2
MC_s9_dynamic_BigBuckBunny,1789985002.769,0.1045,13656,12,0,26773875.8,110511100.4,2
MC_s9_dynamic_BigBuckBunny,1789985002.882,0.1124,13656,12,0,26432018.0,110448881.9,2
MC_s9_dynamic_BigBuckBunny,1789985002.986,0.1043,15156,13,0,25777456.8,119089577.9,2
MC_s9_dynamic_BigBuckBunny,1789985003.09,0.1043,12104,10,0,25846385.0,119389570.3,2
MC_s9_dynamic_BigBuckBunny,1789985003.195,0.1044,10604,9,0,23559261.0,119128719.7,2
MC_s9_dynamic_BigBuckBunny,1789985003.299,0.1044,16656,14,0,23255881.4,127786562.4,2
MC_s9_dynamic_BigBuckBunny,1789985003.404,0.1045,13656,12,0,24471142.5,100597260.1,2
MC_s9_dynamic_BigBuckBunny,1789985003.508,0.1044,12156,11,0,25333464.1,87111412.6,2
MC_s9_dynamic_BigBuckBunny,1789985003.613,0.1045,13656,12,0,25679451.5,107638249.5,2
MC_s9_dynamic_BigBuckBunny,1789985003.717,0.1044,9104,8,0,23738187.5,110500268.0,2
MC_s9_dynamic_BigBuckBunny,1789985003.821,0.1043,15156,13,0,23663910.1,119073410.9,2
MC_s9_dynamic_BigBuckBunny,1789985003.926,0.1044,15156,13,0,23772969.2,119151252.8,2
MC_s9_dynamic_BigBuckBunny,1789985004.03,0.1043,15104,12,0,23026803.8,123761060.2,2
MC_s9_dynamic_BigBuckBunny,1789985004.135,0.1044,13604,11,0,23568428.6,115169857.8,2
MC_s9_dynamic_BigBuckBunny,1789985004.239,0.1043,10604,9,0,24256975.1,127694673.7,2
MC_s9_dynamic_BigBuckBunny,1789985004.343,0.1046,10822,10,0,25938451.7,126022929.6,2
MC_s9_dynamic_BigBuckBunny,1789985004.45,0.1064,9052,7,0,25713031.1,81452395.7,2
MC_s9_dynamic_BigBuckBunny,1789985004.554,0.1044,9104,8,0,27060940.5,59078513.1,2
MC_s9_dynamic_BigBuckBunny,1789985004.659,0.1043,12104,10,0,26197316.0,98024864.7,2
MC_s9_dynamic_BigBuckBunny,1789985004.763,0.1045,12104,10,0,25837886.0,102166518.5,2
MC_s9_dynamic_BigBuckBunny,1789985004.868,0.1045,13656,12,0,29297898.0,93447377.2,2
MC_s9_dynamic_BigBuckBunny,1789985004.972,0.1045,15156,13,0,27434912.3,127672082.3,2
MC_s9_dynamic_BigBuckBunny,1789985005.076,0.1044,10604,9,0,27423649.7,119216866.8,2
MC_s9_dynamic_BigBuckBunny,1789985005.181,0.1042,12104,10,0,23870362.2,123642154.9,2
MC_s9_dynamic_BigBuckBunny,1789985005.285,0.1044,16656,14,0,23181797.1,127770563.6,2
MC_s9_dynamic_BigBuckBunny,1789985005.389,0.1043,9104,8,0,24675800.5,127562930.3,2
MC_s9_dynamic_BigBuckBunny,1789985005.494,0.1046,16656,14,0,24040705.0,127798426.2,2
MC_s9_dynamic_BigBuckBunny,1789985005.598,0.1044,9104,8,0,25367424.5,84819917.2,2
MC_s9_dynamic_BigBuckBunny,1789985005.703,0.1045,12104,10,0,25057135.2,97941317.8,2
MC_s9_dynamic_BigBuckBunny,1789985005.807,0.1044,12104,10,0,24980123.0,102239493.4,2
MC_s9_dynamic_BigBuckBunny,1789985005.912,0.1045,12104,10,0,24966057.0,102236161.2,2
MC_s9_dynamic_BigBuckBunny,1789985006.016,0.1044,13656,12,0,24466152.2,97625373.8,2
MC_s9_dynamic_BigBuckBunny,1789985006.12,0.1043,15156,13,0,23626256.2,119146887.3,2
MC_s9_dynamic_BigBuckBunny,1789985006.225,0.1044,9104,8,0,24863932.2,119024061.4,2
MC_s9_dynamic_BigBuckBunny,1789985006.332,0.1072,16656,14,0,24081828.0,127926248.4,2
MC_s9_dynamic_BigBuckBunny,1789985006.436,0.1043,12104,10,0,24621994.4,127968964.4,2
MC_s9_dynamic_BigBuckBunny,1789985006.541,0.1043,12104,10,0,21935809.2,127908070.7,2
MC_s9_dynamic_BigBuckBunny,1789985006.645,0.1043,10604,9,0,23373673.6,136323451.5,2
MC_s9_dynamic_BigBuckBunny,1789985006.749,0.1043,12104,10,0,23843434.2,97991596.9,2
MC_s9_dynamic_BigBuckBunny,1789985006.853,0.1042,12104,10,0,24161462.6,102142542.2,2
MC_s9_dynamic_BigBuckBunny,1789985006.959,0.1051,16673,15,0,24186581.8,73743907.4,2
MC_s9_dynamic_BigBuckBunny,1789985007.063,0.1042,12104,10,0,24396853.6,102231323.0,2
MC_s9_dynamic_BigBuckBunny,1789985007.167,0.1043,12104,10,0,25154816.8,102183446.5,2
MC_s9_dynamic_BigBuckBunny,1789985007.271,0.1044,16656,14,0,24813935.0,99265494.8,2
MC_s9_dynamic_BigBuckBunny,1789985007.376,0.1043,10604,9,0,24832882.3,119267426.3,2
MC_s9_dynamic_BigBuckBunny,1789985007.48,0.1044,9104,8,0,25938581.5,127626075.4,2
MC_s9_dynamic_BigBuckBunny,1789985007.585,0.1044,16656,14,0,24866650.5,127761425.4,2
MC_s9_dynamic_BigBuckBunny,1789985007.689,0.1045,13604,11,0,21262992.7,128053822.4,2
MC_s9_dynamic_BigBuckBunny,1789985007.794,0.1045,10604,9,0,22470957.2,115021444.5,2
MC_s9_dynamic_BigBuckBunny,1789985007.906,0.1125,12104,10,0,23019820.0,102279490.7,2
MC_s9_dynamic_BigBuckBunny,1789985008.01,0.1043,12104,10,0,23433371.2,102237838.5,2
MC_s9_dynamic_BigBuckBunny,1789985008.115,0.1043,15104,12,0,26536404.7,96729052.4,2
MC_s9_dynamic_BigBuckBunny,1789985008.219,0.1044,10656,10,0,23479693.9,110202860.2,2
MC_s9_dynamic_BigBuckBunny,1789985008.323,0.1043,15156,13,0,22813946.8,119172462.7,2
MC_s9_dynamic_BigBuckBunny,1789985008.428,0.1045,16656,14,0,22366149.8,127806863.5,2
MC_s9_dynamic_BigBuckBunny,1789985008.532,0.1043,10604,9,0,23663021.3,127708690.8,2
MC_s9_dynamic_BigBuckBunny,1789985008.637,0.1044,12104,10,0,24270165.8,127953448.1,2
MC_s9_dynamic_BigBuckBunny,1789985008.741,0.1043,10604,9,0,25548346.8,110641476.5,2
MC_s9_dynamic_BigBuckBunny,1789985008.845,0.1042,12104,10,0,25790475.0,102188982.2,2
MC_s9_dynamic_BigBuckBunny,1789985008.952,0.1068,12104,10,0,26021305.0,102255093.5,2
MC_s9_dynamic_BigBuckBunny,1789985009.056,0.1044,15140,14,0,25788593.0,92621574.3,2
MC_s9_dynamic_BigBuckBunny,1789985009.161,0.1044,12104,10,0,25392228.6,64965206.1,2
MC_s9_dynamic_BigBuckBunny,1789985009.265,0.1043,12104,10,0,25305760.2,102150482.9,2
MC_s9_dynamic_BigBuckBunny,1789985009.369,0.1042,12104,10,0,25265058.4,102243959.0,2
MC_s9_dynamic_BigBuckBunny,1789985009.473,0.1042,10604,9,0,26038826.7,97875920.8,2
MC_s9_dynamic_BigBuckBunny,1789985009.578,0.1043,10604,9,0,25733595.3,119273056.2,2
MC_s9_dynamic_BigBuckBunny,1789985009.682,0.1045,16656,14,0,22741907.4,116887090.3,2
MC_s9_dynamic_BigBuckBunny,1789985009.787,0.1044,10604,9,0,24126609.6,123818613.8,2
MC_s9_dynamic_BigBuckBunny,1789985009.891,0.1046,12104,10,0,24717467.8,98010694.8,2
MC_s9_dynamic_BigBuckBunny,1789985009.996,0.1045,16656,14,0,24391646.6,99301074.4,2
MC_s9_dynamic_BigBuckBunny,1789985010.1,0.1042,9104,8,0,25162217.2,110250895.9,2
MC_s9_dynamic_BigBuckBunny,1789985010.204,0.1044,15156,13,0,23933831.0,127723322.5,2
MC_s9_dynamic_BigBuckBunny,1789985010.309,0.1043,9104,8,0,25002984.8,119113070.4,2
MC_s9_dynamic_BigBuckBunny,1789985010.413,0.1042,16656,14,0,24204480.1,124974572.4,2
MC_s9_dynamic_BigBuckBunny,1789985010.517,0.1044,12104,10,0,24651309.8,127957389.1,2
MC_s9_dynamic_BigBuckBunny,1789985010.622,0.1044,10604,9,0,22487155.9,127792589.0,2
MC_s9_dynamic_BigBuckBunny,1789985010.726,0.1044,16656,14,0,22352461.3,127783784.2,2
MC_s9_dynamic_BigBuckBunny,1789985010.832,0.1063,10604,9,0,23756942.7,97764775.8,2
MC_s9_dynamic_BigBuckBunny,1789985010.937,0.1046,12104,10,0,24125542.6,97954157.5,2
MC_s9_dynamic_BigBuckBunny,1789985011.041,0.1045,12104,10,0,24396771.6,102205293.9,2
MC_s9_dynamic_BigBuckBunny,1789985011.146,0.1044,9167,9,0,26373040.7,79344204.5,2
MC_s9_dynamic_BigBuckBunny,1789985011.25,0.1044,52,1,0,34448654.0,55547640.0,1
MC_s9_dynamic_BigBuckBunny,1789985011.355,0.1044,0,0,0,0,0,0
MC_s9_dynamic_BigBuckBunny,1789985011.459,0.1043,0,0,0,0,0,0
MC_s9_dynamic_BigBuckBunny,1789985011.563,0.1044,0,0,0,0,0,0
MC_s9_dynamic_BigBuckBunny,1789985011.668,0.1043,0,0,0,0,0,0
MC_s9_dynamic_BigBuckBunny,1789985011.772,0.1043,0,0,0,0,0,0
MC_s9_dynamic_BigBuckBunny,1789985011.876,0.1044,0,0,0,0,0,0
MC_s9_dynamic_BigBuckBunny,1789985011.981,0.1044,0,0,0,0,0,0
MC_s9_dynamic_BigBuckBunny,1789985012.085,0.1044,0,0,0,0,0,0
MC_s9_dynamic_BigBuckBunny,1789985012.189,0.1044,0,0,0,0,0,0
MC_s9_dynamic_BigBuckBunny,1789985012.294,0.1044,0,0,0,0,0,0
MC_s9_dynamic_BigBuckBunny,1789985012.398,0.1045,0,0,0,0,0,0
MC_s9_dynamic_BigBuckBunny,1789985012.503,0.1044,0,0,0,0,0,0
MC_s9_dynamic_BigBuckBunny,1789985012.607,0.1043,0,0,0,0,0,0
MC_s9_dynamic_BigBuckBunny,1789985012.711,0.1043,0,0,0,0,0,0
MC_s9_dynamic_BigBuckBunny,1789985012.816,0.1043,0,0,0,0,0,0
MC_s9_dynamic_BigBuckBunny,1789985012.929,0.1135,0,0,0,0,0,0
MC_s9_dynamic_BigBuckBunny,1789985013.034,0.1043,0,0,0,0,0,0
MC_s9_dynamic_BigBuckBunny,1789985013.138,0.1043,0,0,0,0,0,0
MC_s9_dynamic_BigBuckBunny,1789985013.242,0.1043,6498,6,0,248393522.3,58659066.8,2
MC_s9_dynamic_BigBuckBunny,1789985013.346,0.1043,12104,10,0,170323954.8,102296518.5,2
MC_s9_dynamic_BigBuckBunny,1789985013.453,0.1064,12104,10,0,123829661.2,102146944.7,2
MC_s9_dynamic_BigBuckBunny,1789985013.557,0.1044,12104,10,0,94722210.4,102261601.7,2
MC_s9_dynamic_BigBuckBunny,1789985013.662,0.1043,7933,8,0,85073440.5,72779337.4,2
MC_s9_dynamic_BigBuckBunny,1789985013.766,0.1043,52,1,0,159858442.0,40889655.0,1
MC_s9_dynamic_BigBuckBunny,1789985013.87,0.1044,0,0,0,0,0,0
MC_s9_dynamic_BigBuckBunny,1789985013.975,0.1044,0,0,0,0,0,0
MC_s9_dynamic_BigBuckBunny,1789985014.079,0.1044,0,0,0,0,0,0
MC_s9_dynamic_BigBuckBunny,1789985014.183,0.1044,0,0,0,0,0,0
MC_s9_dynamic_BigBuckBunny,1789985014.288,0.1044,0,0,0,0,0,0
MC_s9_dynamic_BigBuckBunny,1789985014.392,0.1044,0,0,0,0,0,0
MC_s9_dynamic_BigBuckBunny,1789985014.497,0.1044,0,0,0,0,0,0
MC_s9_dynamic_BigBuckBunny,1789985014.601,0.1043,0,0,0,0,0,0
MC_s9_dynamic_BigBuckBunny,1789985014.705,0.1043,0,0,0,0,0,0
MC_s9_dynamic_BigBuckBunny,1789985014.809,0.1043,0,0,0,0,0,0
MC_s9_dynamic_BigBuckBunny,1789985014.914,0.1044,0,0,0,0,0,0
MC_s9_dynamic_BigBuckBunny,1789985015.018,0.1043,0,0,0,0,0,0
MC_s9_dynamic_BigBuckBunny,1789985015.122,0.1042,0,0,0,0,0,0
MC_s9_dynamic_BigBuckBunny,1789985015.227,0.1043,0,0,0,0,0,0
MC_s9_dynamic_BigBuckBunny,1789985015.333,0.1065,0,0,0,0,0,0
MC_s9_dynamic_BigBuckBunny,1789985015.439,0.1055,0,0,0,0,0,0
MC_s9_dynamic_BigBuckBunny,1789985015.543,0.1043,0,0,0,0,0,0
MC_s9_dynamic_BigBuckBunny,1789985015.647,0.1043,0,0,0,0,0,0
MC_s9_dynamic_BigBuckBunny,1789985015.752,0.1043,0,0,0,0,0,0
MC_s9_dynamic_BigBuckBunny,1789985015.856,0.1045,0,0,0,0,0,0
MC_s9_dynamic_BigBuckBunny,1789985015.961,0.1048,0,0,0,0,0,0
MC_s9_dynamic_BigBuckBunny,1789985016.065,0.1041,0,0,0,0,0,0
MC_s9_dynamic_BigBuckBunny,1789985016.169,0.1042,0,0,0,0,0,0
MC_s9_dynamic_BigBuckBunny,1789985016.273,0.1042,0,0,0,0,0,0
MC_s9_dynamic_BigBuckBunny,1789985016.377,0.1042,0,0,0,0,0,0
MC_s9_dynamic_BigBuckBunny,1789985016.482,0.1043,0,0,0,0,0,0
MC_s9_dynamic_BigBuckBunny,1789985016.586,0.1043,0,0,0,0,0,0
MC_s9_dynamic_BigBuckBunny,1789985016.69,0.1042,0,0,0,0,0,0
MC_s9_dynamic_BigBuckBunny,1789985016.794,0.1042,0,0,0,0,0,0
MC_s9_dynamic_BigBuckBunny,1789985016.899,0.1042,0,0,0,0,0,0
MC_s9_dynamic_BigBuckBunny,1789985017.003,0.1043,0,0,0,0,0,0
MC_s9_dynamic_BigBuckBunny,1789985017.107,0.1041,0,0,0,0,0,0
MC_s9_dynamic_BigBuckBunny,1789985017.211,0.1043,446,1,0,368653632.0,0,1
MC_s9_dynamic_BigBuckBunny,1789985017.316,0.1043,0,0,0,0,0,0
MC_s9_dynamic_BigBuckBunny,1789985017.42,0.1045,7820,10,0,428733143.0,202139756.0,2
MC_s9_dynamic_BigBuckBunny,1789985017.524,0.1043,12512,16,3,264803099.5,96793116.3,2
MC_s9_dynamic_BigBuckBunny,1789985017.629,0.1043,1564,2,1,254355133.5,98929922.4,2
MC_s9_dynamic_BigBuckBunny,1789985017.733,0.1042,3128,4,2,229637412.0,88820169.4,2
MC_s9_dynamic_BigBuckBunny,1789985017.838,0.1049,6252,8,4,188060967.0,92085235.7,2
MC_s9_dynamic_BigBuckBunny,1789985017.952,0.1147,9384,12,4,135371054.0,93602221.9,2
MC_s9_dynamic_BigBuckBunny,1789985018.057,0.1043,6272,8,2,112267579.5,87315491.2,2
MC_s9_dynamic_BigBuckBunny,1789985018.161,0.1041,7796,10,4,89076845.5,93313386.3,2
MC_s9_dynamic_BigBuckBunny,1789985018.265,0.1044,2968,3,0,87316866.0,99821996.2,2
MC_s9_dynamic_BigBuckBunny,1789985018.369,0.1042,0,0,0,0,0,0
MC_s9_dynamic_BigBuckBunny,1789985018.474,0.1042,0,0,0,0,0,0
MC_s9_dynamic_BigBuckBunny,1789985018.578,0.1043,0,0,0,0,0,0
MC_s9_dynamic_BigBuckBunny,1789985018.682,0.1043,0,0,0,0,0,0
MC_s9_dynamic_BigBuckBunny,1789985018.787,0.1042,0,0,0,0,0,0
MC_s9_dynamic_BigBuckBunny,1789985018.891,0.1044,0,0,0,0,0,0
MC_s9_dynamic_BigBuckBunny,1789985018.995,0.1043,0,0,0,0,0,0
MC_s9_dynamic_BigBuckBunny,1789985019.1,0.1043,0,0,0,0,0,0
MC_s9_dynamic_BigBuckBunny,1789985019.204,0.1044,0,0,0,0,0,0
MC_s9_dynamic_BigBuckBunny,1789985019.308,0.1043,0,0,0,0,0,0
MC_s9_dynamic_BigBuckBunny,1789985019.413,0.1049,0,0,0,0,0,0
MC_s9_dynamic_BigBuckBunny,1789985019.518,0.1043,0,0,0,0,0,0
MC_s9_dynamic_BigBuckBunny,1789985019.622,0.1042,0,0,0,0,0,0
MC_s9_dynamic_BigBuckBunny,1789985019.726,0.1043,0,0,0,0,0,0
MC_s9_dynamic_BigBuckBunny,1789985019.832,0.106,0,0,0,0,0,0
MC_s9_dynamic_BigBuckBunny,1789985019.936,0.1043,0,0,0,0,0,0
MC_s9_dynamic_BigBuckBunny,1789985020.041,0.1043,0,0,0,0,0,0
MC_s9_dynamic_BigBuckBunny,1789985020.145,0.1042,0,0,0,0,0,0
MC_s9_dynamic_BigBuckBunny,1789985020.249,0.1043,0,0,0,0,0,0
MC_s9_dynamic_BigBuckBunny,1789985020.353,0.1042,0,0,0,0,0,0
MC_s9_dynamic_BigBuckBunny,1789985020.458,0.1043,0,0,0,0,0,0
MC_s9_dynamic_BigBuckBunny,1789985020.562,0.1042,0,0,0,0,0,0
MC_s9_dynamic_BigBuckBunny,1789985020.666,0.1043,0,0,0,0,0,0
MC_s9_dynamic_BigBuckBunny,1789985020.77,0.1043,0,0,0,0,0,0
MC_s9_dynamic_BigBuckBunny,1789985020.875,0.1043,0,0,0,0,0,0
MC_s9_dynamic_BigBuckBunny,1789985020.979,0.1042,0,0,0,0,0,0
MC_s9_dynamic_BigBuckBunny,1789985021.083,0.1043,0,0,0,0,0,0
MC_s9_dynamic_BigBuckBunny,1789985021.188,0.1043,0,0,0,0,0,0
MC_s9_dynamic_BigBuckBunny,1789985021.292,0.1043,447,1,0,271634462.0,0,1
MC_s9_dynamic_BigBuckBunny,1789985021.396,0.1044,1564,2,0,359167461.5,107558042.0,2
MC_s9_dynamic_BigBuckBunny,1789985021.501,0.1043,7656,8,1,367439480.5,95801259.3,2
MC_s9_dynamic_BigBuckBunny,1789985021.605,0.1043,4604,5,0,314714503.2,94346341.0,2
MC_s9_dynamic_BigBuckBunny,1789985021.709,0.1043,6104,6,0,261509108.7,102562618.2,2
MC_s9_dynamic_BigBuckBunny,1789985021.813,0.1043,6244,8,3,218671958.0,94928920.1,2
MC_s9_dynamic_BigBuckBunny,1789985021.918,0.1045,3052,3,0,199648796.3,105273936.1,2
MC_s9_dynamic_BigBuckBunny,1789985022.022,0.1044,4680,6,2,179982886.0,103193015.9,2
MC_s9_dynamic_BigBuckBunny,1789985022.127,0.1043,4616,5,1,160612831.4,97149328.4,2
MC_s9_dynamic_BigBuckBunny,1789985022.231,0.1044,1552,2,0,158367884.0,89341235.3,2
MC_s9_dynamic_BigBuckBunny,1789985022.336,0.1051,1604,3,0,148936745.3,94446881.7,2
MC_s9_dynamic_BigBuckBunny,1789985022.44,0.1042,3052,3,0,129193670.3,100036249.6,2
MC_s9_dynamic_BigBuckBunny,1789985022.545,0.1042,4668,6,1,117218165.5,90774447.2,2
MC_s9_dynamic_BigBuckBunny,1789985022.649,0.1043,3104,4,0,109981363.5,94276009.2,2
MC_s9_dynamic_BigBuckBunny,1789985022.753,0.1043,4668,6,1,102890468.0,96263324.4,2
MC_s9_dynamic_BigBuckBunny,1789985022.857,0.1042,4552,4,0,92962976.0,97026740.9,2
MC_s9_dynamic_BigBuckBunny,1789985022.962,0.1042,3168,5,1,90022485.0,96991491.9,2
MC_s9_dynamic_BigBuckBunny,1789985023.066,0.1044,4616,5,1,83102837.2,95121518.8,2
MC_s9_dynamic_BigBuckBunny,1789985023.17,0.1042,4463,5,0,80423117.8,87909686.2,2
MC_s9_dynamic_BigBuckBunny,1789985023.274,0.1043,1790,2,0,82470731.0,69403456.8,2
MC_s9_dynamic_BigBuckBunny,1789985023.379,0.1044,6244,8,2,70007416.5,92740005.7,2
MC_s9_dynamic_BigBuckBunny,1789985023.483,0.1043,6232,8,2,65395728.5,95610815.0,2
MC_s9_dynamic_BigBuckBunny,1789985023.587,0.1042,3052,3,0,63704511.0,96878540.2,2
MC_s9_dynamic_BigBuckBunny,1789985023.692,0.1042,3104,4,0,63194492.0,94223132.1,2
MC_s9_dynamic_BigBuckBunny,1789985023.796,0.1042,4616,5,1,60136578.8,99341822.2,2
MC_s9_dynamic_BigBuckBunny,1789985023.9,0.1043,4616,5,1,61779075.6,99506515.6,2
MC_s9_dynamic_BigBuckBunny,1789985024.004,0.1043,4732,7,2,58125571.3,94001264.0,2
MC_s9_dynamic_BigBuckBunny,1789985024.109,0.1043,3052,3,0,58294043.7,102195036.9,2
MC_s9_dynamic_BigBuckBunny,1789985024.213,0.1043,4604,5,0,56907196.4,97389634.3,2
MC_s9_dynamic_BigBuckBunny,1789985024.317,0.1042,4616,5,1,57959488.6,95992253.4,2
MC_s9_dynamic_BigBuckBunny,1789985024.421,0.1044,3116,4,1,58432254.5,98460657.9,2
MC_s9_dynamic_BigBuckBunny,1789985024.526,0.1042,4668,6,1,60555785.0,97392845.2,2
MC_s9_dynamic_BigBuckBunny,1789985024.63,0.1043,9156,9,0,54967508.3,97922899.8,2
MC_s9_dynamic_BigBuckBunny,1789985024.734,0.1042,6180,7,2,51918896.9,92845524.6,2
MC_s9_dynamic_BigBuckBunny,1789985024.838,0.1042,7668,8,1,49659117.9,96586207.2,2
MC_s9_dynamic_BigBuckBunny,1789985024.944,0.1059,7604,7,0,47136095.7,95030956.4,2
MC_s9_dynamic_BigBuckBunny,1789985025.049,0.1042,7656,8,0,44874794.2,96500078.8,2
MC_s9_dynamic_BigBuckBunny,1789985025.153,0.1042,921,2,0,45952263.0,55226920.3,2
MC_s9_dynamic_BigBuckBunny,1789985025.257,0.1042,10936,14,6,37298142.5,92479752.6,2
MC_s9_dynamic_BigBuckBunny,1789985025.361,0.1042,7744,9,3,37075716.1,94867496.2,2
MC_s9_dynamic_BigBuckBunny,1789985025.465,0.1042,7808,10,3,39228285.5,95301192.1,2
MC_s9_dynamic_BigBuckBunny,1789985025.57,0.1043,3052,3,1,43060300.7,98985988.7,2
MC_s9_dynamic_BigBuckBunny,1789985025.674,0.1047,3116,4,0,45839726.5,94855721.7,2
MC_s9_dynamic_BigBuckBunny,1789985025.779,0.1049,4668,6,2,51774721.0,93704787.5,2
MC_s9_dynamic_BigBuckBunny,1789985025.883,0.1042,3052,3,0,51027657.7,99418894.7,2
MC_s9_dynamic_BigBuckBunny,1789985025.988,0.1042,3168,5,1,48079381.0,93984506.7,2
MC_s9_dynamic_BigBuckBunny,1789985026.092,0.1043,4552,4,0,48544842.0,95745302.0,2
MC_s9_dynamic_BigBuckBunny,1789985026.196,0.1042,4668,6,1,49639548.0,92012887.2,2
MC_s9_dynamic_BigBuckBunny,1789985026.3,0.1043,3116,4,1,50668583.5,99325223.9,2
MC_s9_dynamic_BigBuckBunny,1789985026.405,0.1042,3116,4,1,55345419.5,88872082.1,2
MC_s9_dynamic_BigBuckBunny,1789985026.509,0.1042,4668,6,1,56889133.0,95714361.2,2
MC_s9_dynamic_BigBuckBunny,1789985026.613,0.1043,3052,3,0,58391898.0,107399371.4,2
MC_s9_dynamic_BigBuckBunny,1789985026.717,0.1043,4604,5,0,57231692.8,94624784.8,2
MC_s9_dynamic_BigBuckBunny,1789985026.822,0.1043,6168,7,1,56854414.3,93788250.9,2
MC_s9_dynamic_BigBuckBunny,1789985026.926,0.1044,4668,6,1,54806472.0,93810306.5,2
MC_s9_dynamic_BigBuckBunny,1789985027.03,0.1042,6180,7,2,52983612.7,100969188.8,2
MC_s9_dynamic_BigBuckBunny,1789985027.135,0.1042,6244,8,3,51237197.0,90394014.2,2
MC_s9_dynamic_BigBuckBunny,1789985027.239,0.1043,1500,1,0,53151749.0,90264630.0,1
MC_s9_dynamic_BigBuckBunny,1789985027.343,0.1043,4668,6,1,54298555.5,99027756.9,2
MC_s9_dynamic_BigBuckBunny,1789985027.449,0.1058,4628,7,1,51328039.6,85969324.4,2
MC_s9_dynamic_BigBuckBunny,1789985027.553,0.1042,3052,3,0,57538824.3,94521630.4,2
MC_s9_dynamic_BigBuckBunny,1789985027.657,0.1043,3064,3,1,58558060.0,95672152.0,2
MC_s9_dynamic_BigBuckBunny,1789985027.762,0.1043,3168,5,1,57459187.4,88225148.3,2
MC_s9_dynamic_BigBuckBunny,1789985027.866,0.1042,3052,3,0,58611499.0,108634816.7,2
MC_s9_dynamic_BigBuckBunny,1789985027.97,0.1043,3168,5,1,53925013.4,100909588.3,2
MC_s9_dynamic_BigBuckBunny,1789985028.074,0.1043,4552,4,0,55538637.2,97781280.2,2
MC_s9_dynamic_BigBuckBunny,1789985028.179,0.1043,3168,5,1,52261460.2,88151158.6,2
MC_s9_dynamic_BigBuckBunny,1789985028.283,0.1042,4604,5,0,53691666.0,96559039.2,2
MC_s9_dynamic_BigBuckBunny,1789985028.387,0.1043,6180,7,2,50749065.3,93214892.7,2
MC_s9_dynamic_BigBuckBunny,1789985028.491,0.1042,6168,7,1,46229537.3,91881885.6,2
MC_s9_dynamic_BigBuckBunny,1789985028.596,0.1043,6104,6,0,47975441.3,101437155.6,2
MC_s9_dynamic_BigBuckBunny,1789985028.7,0.1043,10796,12,2,48496959.0,94552975.0,2
MC_s9_dynamic_BigBuckBunny,1789985028.804,0.1043,7732,9,1,43266808.0,96825621.2,2
MC_s9_dynamic_BigBuckBunny,1789985028.909,0.1044,6156,7,0,44286456.4,96612055.6,2
MC_s9_dynamic_BigBuckBunny,1789985029.013,0.1042,6104,6,0,40859469.3,99117950.5,2
MC_s9_dynamic_BigBuckBunny,1789985029.117,0.1043,6180,7,2,41963532.9,98146358.9,2
MC_s9_dynamic_BigBuckBunny,1789985029.221,0.1043,6168,7,1,43801881.9,99740251.4,2
MC_s9_dynamic_BigBuckBunny,1789985029.326,0.1042,9220,10,1,40736064.0,95448269.0,2
MC_s9_dynamic_BigBuckBunny,1789985029.43,0.1044,6180,7,2,41903579.4,99716794.8,2
MC_s9_dynamic_BigBuckBunny,1789985029.534,0.1042,6168,7,1,45242868.4,105470489.2,2
MC_s9_dynamic_BigBuckBunny,1789985029.639,0.1043,6180,7,2,46735976.7,100031244.1,2
MC_s9_dynamic_BigBuckBunny,1789985029.743,0.1042,1552,2,0,49239043.5,105677985.6,2
MC_s9_dynamic_BigBuckBunny,1789985029.848,0.1047,1604,3,0,49353463.7,104108435.0,2
MC_s9_dynamic_BigBuckBunny,1789985029.952,0.1044,4616,5,1,45742534.6,95606332.9,2
MC_s9_dynamic_BigBuckBunny,1789985030.056,0.1044,3104,4,0,44801569.0,102198477.6,2
MC_s9_dynamic_BigBuckBunny,1789985030.161,0.1042,4616,5,1,46073170.8,101348548.8,2
MC_s9_dynamic_BigBuckBunny,1789985030.265,0.1042,3104,4,0,45996137.5,102509306.8,2
MC_s9_dynamic_BigBuckBunny,1789985030.369,0.1042,4552,4,0,47734201.0,98309629.1,2
MC_s9_dynamic_BigBuckBunny,1789985030.473,0.1042,3104,4,0,46883966.5,104203986.1,2
MC_s9_dynamic_BigBuckBunny,1789985030.577,0.1043,9368,12,4,49032748.5,93533504.1,2
MC_s9_dynamic_BigBuckBunny,1789985030.682,0.1043,4616,5,1,49173560.0,94195998.1,2
MC_s9_dynamic_BigBuckBunny,1789985030.786,0.1043,3104,4,0,48334129.5,98000249.5,2
MC_s9_dynamic_BigBuckBunny,1789985030.89,0.1043,4552,4,0,51719213.0,106280295.3,2
MC_s9_dynamic_BigBuckBunny,1789985030.994,0.1042,3104,4,0,52701559.0,102434185.0,2
MC_s9_dynamic_BigBuckBunny,1789985031.099,0.1041,4552,4,0,51994390.0,97753303.4,2
MC_s9_dynamic_BigBuckBunny,1789985031.203,0.1043,5144,8,2,47099736.5,93706704.3,2
MC_s9_dynamic_BigBuckBunny,1789985031.307,0.1044,6691,9,2,43998529.1,83116946.9,2
MC_s9_dynamic_BigBuckBunny,1789985031.412,0.1045,9296,11,2,41377991.1,91260956.8,2
MC_s9_dynamic_BigBuckBunny,1789985031.516,0.1043,9296,11,2,38221737.9,97807081.4,2
MC_s9_dynamic_BigBuckBunny,1789985031.62,0.1044,6104,6,0,40866347.3,102422473.5,2
MC_s9_dynamic_BigBuckBunny,1789985031.725,0.1044,6104,6,0,42676934.7,93113262.3,2
MC_s9_dynamic_BigBuckBunny,1789985031.831,0.1064,7732,9,2,42498106.8,96100729.1,2
MC_s9_dynamic_BigBuckBunny,1789985031.936,0.1046,6116,6,1,42857780.3,96005843.2,2
MC_s9_dynamic_BigBuckBunny,1789985032.04,0.1043,3168,5,1,46157139.8,100329551.0,2
MC_s9_dynamic_BigBuckBunny,1789985032.144,0.1043,6168,7,1,47096341.4,100144993.4,2
MC_s9_dynamic_BigBuckBunny,1789985032.249,0.1045,10720,11,1,41276403.1,90760387.7,2
MC_s9_dynamic_BigBuckBunny,1789985032.353,0.1043,6052,5,0,42307496.6,97965398.2,2
MC_s9_dynamic_BigBuckBunny,1789985032.458,0.1044,9104,8,0,39708412.0,92488358.7,2
MC_s9_dynamic_BigBuckBunny,1789985032.562,0.1044,9104,8,0,38822957.0,95337087.3,2
MC_s9_dynamic_BigBuckBunny,1789985032.666,0.1045,9104,8,0,38426979.5,99575886.3,2
MC_s9_dynamic_BigBuckBunny,1789985032.771,0.1044,9104,8,0,37465377.8,100408236.6,2
MC_s9_dynamic_BigBuckBunny,1789985032.875,0.1045,1174,2,0,40233101.5,64465026.7,2
MC_s9_dynamic_BigBuckBunny,1789985032.98,0.1045,10936,14,3,32519820.0,91132309.8,2
MC_s9_dynamic_BigBuckBunny,1789985033.084,0.1042,7796,10,3,32390035.0,92100127.3,2
MC_s9_dynamic_BigBuckBunny,1789985033.197,0.1126,6180,7,1,34560869.0,101693645.3,2
MC_s9_dynamic_BigBuckBunny,1789985033.301,0.1043,7616,7,1,36524259.3,101873965.9,2
MC_s9_dynamic_BigBuckBunny,1789985033.405,0.1045,6244,8,2,41570558.5,101620205.3,2
MC_s9_dynamic_BigBuckBunny,1789985033.51,0.1043,6104,6,0,44043200.0,101043426.0,2
MC_s9_dynamic_BigBuckBunny,1789985033.614,0.1043,7796,10,2,44173854.0,91876758.6,2
MC_s9_dynamic_BigBuckBunny,1789985033.718,0.1042,9296,11,2,40245126.3,94002630.8,2
MC_s9_dynamic_BigBuckBunny,1789985033.822,0.1042,6104,6,0,39208255.3,98181608.1,2
MC_s9_dynamic_BigBuckBunny,1789985033.927,0.1044,7732,9,2,37412762.1,92098357.0,2
MC_s9_dynamic_BigBuckBunny,1789985034.031,0.1043,6180,7,2,37039733.6,100116379.1,2
MC_s9_dynamic_BigBuckBunny,1789985034.135,0.1042,6104,6,0,38130105.3,100473067.3,2
MC_s9_dynamic_BigBuckBunny,1789985034.24,0.1043,4732,7,1,41063493.1,102808198.4,2
MC_s9_dynamic_BigBuckBunny,1789985034.344,0.1044,3052,3,0,40853948.3,103852967.4,2
MC_s9_dynamic_BigBuckBunny,1789985034.45,0.1063,1604,3,0,40927276.3,90925093.9,2
MC_s9_dynamic_BigBuckBunny,1789985034.554,0.1042,4616,5,1,40700954.2,98340703.7,2
MC_s9_dynamic_BigBuckBunny,1789985034.659,0.1042,3052,3,0,41152046.0,99144885.0,2
MC_s9_dynamic_BigBuckBunny,1789985034.763,0.1042,4616,5,1,44030874.6,90128232.3,2
MC_s9_dynamic_BigBuckBunny,1789985034.867,0.1043,4680,6,1,47294031.0,94973441.4,2
MC_s9_dynamic_BigBuckBunny,1789985034.971,0.1043,4604,5,0,50016813.8,98196675.7,2
MC_s9_dynamic_BigBuckBunny,1789985035.076,0.1043,4616,5,1,51853623.6,101689471.8,2
MC_s9_dynamic_BigBuckBunny,1789985035.18,0.1042,4668,6,1,50837714.0,102391002.6,2
MC_s9_dynamic_BigBuckBunny,1789985035.284,0.1042,4780,5,0,50584768.6,93694864.5,2
MC_s9_dynamic_BigBuckBunny,1789985035.388,0.1044,6104,6,0,49074976.3,89453561.2,2
MC_s9_dynamic_BigBuckBunny,1789985035.493,0.1043,6104,6,0,48872996.7,89687189.3,2
MC_s9_dynamic_BigBuckBunny,1789985035.597,0.1043,7604,7,0,46577808.4,90473897.6,2
MC_s9_dynamic_BigBuckBunny,1789985035.701,0.1043,7808,10,4,45065677.0,96184049.0,2
MC_s9_dynamic_BigBuckBunny,1789985035.806,0.1043,4616,5,1,48149711.0,94832678.5,2
MC_s9_dynamic_BigBuckBunny,1789985035.91,0.1044,6104,6,0,49313529.7,96537815.0,2
MC_s9_dynamic_BigBuckBunny,1789985036.014,0.1043,6104,6,0,50939102.7,103097727.5,2
MC_s9_dynamic_BigBuckBunny,1789985036.118,0.1042,6104,6,0,52622115.7,103008282.0,2
MC_s9_dynamic_BigBuckBunny,1789985036.223,0.1042,7732,9,2,50748990.4,94182722.9,2
MC_s9_dynamic_BigBuckBunny,1789985036.327,0.1042,7732,9,2,47865461.6,94301440.5,2
MC_s9_dynamic_BigBuckBunny,1789985036.431,0.1043,7732,9,2,45189918.8,96983767.4,2
MC_s9_dynamic_BigBuckBunny,1789985036.535,0.1043,4616,5,1,48323454.6,90883148.6,2
MC_s9_dynamic_BigBuckBunny,1789985036.64,0.1042,3052,3,0,52421171.7,102035572.0,2
MC_s9_dynamic_BigBuckBunny,1789985036.744,0.1042,6244,8,2,50996313.0,92719361.6,2
MC_s9_dynamic_BigBuckBunny,1789985036.848,0.1043,4680,6,2,52061282.0,93750791.7,2
MC_s9_dynamic_BigBuckBunny,1789985036.952,0.1043,3116,4,1,55369861.0,100131556.3,2
MC_s9_dynamic_BigBuckBunny,1789985037.057,0.1043,4552,4,0,60125768.8,95373682.8,2
MC_s9_dynamic_BigBuckBunny,1789985037.161,0.1042,4604,5,0,60346565.0,90955584.2,2
MC_s9_dynamic_BigBuckBunny,1789985037.265,0.1041,9156,9,0,56341643.3,96535176.5,2
MC_s9_dynamic_BigBuckBunny,1789985037.369,0.1042,3052,3,0,60206546.3,97302071.4,2
MC_s9_dynamic_BigBuckBunny,1789985037.473,0.1043,6104,6,0,60025844.7,105083734.2,2
MC_s9_dynamic_BigBuckBunny,1789985037.578,0.1044,4123,5,0,59085659.8,95294286.7,2
MC_s9_dynamic_BigBuckBunny,1789985037.682,0.1042,7604,7,0,51136617.9,90307645.4,2
MC_s9_dynamic_BigBuckBunny,1789985037.786,0.1042,6156,7,0,50337333.3,92895493.9,2
MC_s9_dynamic_BigBuckBunny,1789985037.891,0.1044,9296,11,2,44651405.5,97573521.1,2
MC_s9_dynamic_BigBuckBunny,1789985037.995,0.1043,6168,7,1,44319850.0,89845081.8,2
MC_s9_dynamic_BigBuckBunny,1789985038.099,0.1042,7732,9,1,42586278.8,94343719.4,2
MC_s9_dynamic_BigBuckBunny,1789985038.211,0.1122,4604,5,0,42089649.8,90792515.2,2
MC_s9_dynamic_BigBuckBunny,1789985038.315,0.1042,6168,7,1,44485354.6,95765468.9,2
MC_s9_dynamic_BigBuckBunny,1789985038.42,0.1044,6168,7,1,45037772.7,101631656.3,2
MC_s9_dynamic_BigBuckBunny,1789985038.524,0.1043,4604,5,0,43600977.0,100088059.2,2
MC_s9_dynamic_BigBuckBunny,1789985038.628,0.1042,4616,5,1,46829820.2,99340391.8,2
MC_s9_dynamic_BigBuckBunny,1789985038.733,0.1042,4552,4,0,48389580.8,101145846.0,2
MC_s9_dynamic_BigBuckBunny,1789985038.837,0.1045,3104,4,0,49586797.0,96242421.6,2
MC_s9_dynamic_BigBuckBunny,1789985038.943,0.1061,6104,6,0,48425682.0,94430939.5,2
MC_s9_dynamic_BigBuckBunny,1789985039.047,0.1042,6104,6,0,47485227.7,105719655.2,2
MC_s9_dynamic_BigBuckBunny,1789985039.152,0.1043,9232,10,2,41946391.4,90316573.8,2
MC_s9_dynamic_BigBuckBunny,1789985039.256,0.1042,4680,6,2,39054176.5,93863603.9,2
MC_s9_dynamic_BigBuckBunny,1789985039.36,0.1043,6180,7,2,39890496.7,94772368.9,2
MC_s9_dynamic_BigBuckBunny,1789985039.464,0.1042,6244,8,3,41382363.0,92229627.8,2
MC_s9_dynamic_BigBuckBunny,1789985039.569,0.1043,3052,3,0,44349136.3,95823634.5,2
MC_s9_dynamic_BigBuckBunny,1789985039.673,0.1043,4680,6,2,44415783.5,87997867.1,2
MC_s9_dynamic_BigBuckBunny,1789985039.777,0.1043,1175,2,0,47159171.0,68895412.4,2
MC_s9_dynamic_BigBuckBunny,1789985039.882,0.1042,3052,3,0,46990742.3,94969813.6,2
MC_s9_dynamic_BigBuckBunny,1789985039.986,0.1042,4680,6,1,46082975.5,90699080.2,2
MC_s9_dynamic_BigBuckBunny,1789985040.09,0.1044,4604,5,0,47112507.4,93780487.9,2
MC_s9_dynamic_BigBuckBunny,1789985040.194,0.1043,4552,4,0,49850786.0,97465046.0,2
MC_s9_dynamic_BigBuckBunny,1789985040.299,0.1047,3116,4,1,47994881.5,102488610.2,2
MC_s9_dynamic_BigBuckBunny,1789985040.403,0.1043,4680,6,2,50112622.0,95387025.2,2
MC_s9_dynamic_BigBuckBunny,1789985040.508,0.1042,3052,3,0,53482886.0,93936959.3,2
MC_s9_dynamic_BigBuckBunny,1789985040.612,0.1043,4616,5,1,54440075.0,95997643.1,2
MC_s9_dynamic_BigBuckBunny,1789985040.716,0.1042,4668,6,1,57341188.0,98823571.1,2
MC_s9_dynamic_BigBuckBunny,1789985040.821,0.1044,6052,5,0,57200014.8,96101173.3,2
MC_s9_dynamic_BigBuckBunny,1789985040.925,0.1044,4668,6,1,59644384.5,96900961.7,2
MC_s9_dynamic_BigBuckBunny,1789985041.029,0.1042,7604,7,0,58360172.0,103597177.2,2
MC_s9_dynamic_BigBuckBunny,1789985041.133,0.1043,7732,9,2,54752461.6,98453703.8,2
MC_s9_dynamic_BigBuckBunny,1789985041.238,0.1043,7604,7,0,52103650.0,103530103.7,2
MC_s9_dynamic_BigBuckBunny,1789985041.342,0.1042,9232,10,2,47921973.0,96780877.2,2
MC_s9_dynamic_BigBuckBunny,1789985041.448,0.106,12348,14,2,41853113.6,94422532.3,2
MC_s9_dynamic_BigBuckBunny,1789985041.552,0.1042,10848,13,4,34645235.8,91923204.2,2
MC_s9_dynamic_BigBuckBunny,1789985041.656,0.1042,9308,11,3,32764130.3,92377919.8,2
MC_s9_dynamic_BigBuckBunny,1789985041.761,0.1043,4552,4,0,34790773.8,92230725.3,2
MC_s9_dynamic_BigBuckBunny,1789985041.865,0.1043,3168,5,1,38578006.0,92659181.0,2
MC_s9_dynamic_BigBuckBunny,1789985041.97,0.1048,6168,7,1,39527401.6,100676875.9,2
MC_s9_dynamic_BigBuckBunny,1789985042.074,0.1043,4604,5,0,40958875.2,105299709.4,2
MC_s9_dynamic_BigBuckBunny,1789985042.178,0.1042,4616,5,1,41650469.8,93434352.1,2
MC_s9_dynamic_BigBuckBunny,1789985042.282,0.1042,3104,4,0,40340407.5,90070955.7,2
MC_s9_dynamic_BigBuckBunny,1789985042.387,0.1044,3052,3,0,42843822.0,102120352.8,2
MC_s9_dynamic_BigBuckBunny,1789985042.491,0.1042,4668,6,1,40236638.5,92375427.1,2
MC_s9_dynamic_BigBuckBunny,1789985042.595,0.1043,3104,4,0,38055706.5,91862315.6,2
MC_s9_dynamic_BigBuckBunny,1789985042.7,0.1044,3822,5,0,41119864.0,84665319.4,2
MC_s9_dynamic_BigBuckBunny,1789985042.804,0.1046,4616,5,1,42556916.0,94880508.7,2
MC_s9_dynamic_BigBuckBunny,1789985042.909,0.1044,4680,6,2,45124623.5,88239965.9,2
MC_s9_dynamic_BigBuckBunny,1789985043.013,0.1046,3052,3,0,49384772.7,90294582.4,2
MC_s9_dynamic_BigBuckBunny,1789985043.118,0.1044,4616,5,1,49855624.6,93352163.9,2
MC_s9_dynamic_BigBuckBunny,1789985043.23,0.1128,3168,5,1,49184713.6,96316817.0,2
MC_s9_dynamic_BigBuckBunny,1789985043.336,0.1054,3052,3,0,50469385.7,93244892.9,2
MC_s9_dynamic_BigBuckBunny,1789985043.445,0.1095,4680,6,1,48130349.5,87542168.0,2
MC_s9_dynamic_BigBuckBunny,1789985043.55,0.1043,0,0,0,0,0,0
MC_s9_dynamic_BigBuckBunny,1789985043.654,0.1042,44368,45,3,19840968.6,23973700.6,2
MC_s9_dynamic_BigBuckBunny,1789985043.758,0.1044,50384,50,0,8758347.6,17307267.5,2
MC_s9_dynamic_BigBuckBunny,1789985043.863,0.1047,27249,25,0,7455494.3,21012086.9,2
MC_s9_dynamic_BigBuckBunny,1789985043.967,0.1044,0,0,0,0,0,0
MC_s9_dynamic_BigBuckBunny,1789985044.072,0.1046,0,0,0,0,0,0
MC_s9_dynamic_BigBuckBunny,1789985044.176,0.1043,0,0,0,0,0,0
MC_s9_dynamic_BigBuckBunny,1789985044.281,0.1043,0,0,0,0,0,0
MC_s9_dynamic_BigBuckBunny,1789985044.385,0.1046,0,0,0,0,0,0
MC_s9_dynamic_BigBuckBunny,1789985044.49,0.1044,0,0,0,0,0,0
MC_s9_dynamic_BigBuckBunny,1789985044.594,0.1042,0,0,0,0,0,0
MC_s9_dynamic_BigBuckBunny,1789985044.698,0.1043,0,0,0,0,0,0
MC_s9_dynamic_BigBuckBunny,1789985044.802,0.1042,0,0,0,0,0,0
MC_s9_dynamic_BigBuckBunny,1789985044.907,0.1044,57811,46,0,28958975.7,16712059.8,2
MC_s9_dynamic_BigBuckBunny,1789985045.011,0.1044,60416,48,0,13307397.5,23521483.2,2
MC_s9_dynamic_BigBuckBunny,1789985045.116,0.1044,34264,28,0,12809284.9,34002410.8,2
MC_s9_dynamic_BigBuckBunny,1789985045.22,0.1045,0,0,0,0,0,0
MC_s9_dynamic_BigBuckBunny,1789985045.324,0.1042,0,0,0,0,0,0
MC_s9_dynamic_BigBuckBunny,1789985045.428,0.1042,0,0,0,0,0,0
MC_s9_dynamic_BigBuckBunny,1789985045.533,0.1042,0,0,0,0,0,0
MC_s9_dynamic_BigBuckBunny,1789985045.637,0.1041,0,0,0,0,0,0
MC_s9_dynamic_BigBuckBunny,1789985045.741,0.1043,0,0,0,0,0,0
MC_s9_dynamic_BigBuckBunny,1789985045.845,0.1043,0,0,0,0,0,0
MC_s9_dynamic_BigBuckBunny,1789985045.952,0.1063,0,0,0,0,0,0
MC_s9_dynamic_BigBuckBunny,1789985046.056,0.1041,0,0,0,0,0,0
MC_s9_dynamic_BigBuckBunny,1789985046.16,0.1041,0,0,0,0,0,0
MC_s9_dynamic_BigBuckBunny,1789985046.264,0.1041,0,0,0,0,0,0
MC_s9_dynamic_BigBuckBunny,1789985046.368,0.1042,0,0,0,0,0,0
MC_s9_dynamic_BigBuckBunny,1789985046.472,0.1043,0,0,0,0,0,0
MC_s9_dynamic_BigBuckBunny,1789985046.577,0.1043,0,0,0,0,0,0
MC_s9_dynamic_BigBuckBunny,1789985046.681,0.1041,0,0,0,0,0,0
MC_s9_dynamic_BigBuckBunny,1789985046.785,0.1041,0,0,0,0,0,0
MC_s9_dynamic_BigBuckBunny,1789985046.889,0.1042,0,0,0,0,0,0
MC_s9_dynamic_BigBuckBunny,1789985046.993,0.1043,0,0,0,0,0,0
MC_s9_dynamic_BigBuckBunny,1789985047.098,0.1042,0,0,0,0,0,0
MC_s9_dynamic_BigBuckBunny,1789985047.202,0.1042,0,0,0,0,0,0
MC_s9_dynamic_BigBuckBunny,1789985047.306,0.1043,0,0,0,0,0,0
MC_s9_dynamic_BigBuckBunny,1789985047.41,0.1044,0,0,0,0,0,0
MC_s9_dynamic_BigBuckBunny,1789985047.515,0.1042,0,0,0,0,0,0
MC_s9_dynamic_BigBuckBunny,1789985047.619,0.1041,0,0,0,0,0,0
MC_s9_dynamic_BigBuckBunny,1789985047.723,0.1041,0,0,0,0,0,0
MC_s9_dynamic_BigBuckBunny,1789985047.827,0.1044,0,0,0,0,0,0
MC_s9_dynamic_BigBuckBunny,1789985047.932,0.1044,0,0,0,0,0,0
MC_s9_dynamic_BigBuckBunny,1789985048.036,0.1042,0,0,0,0,0,0
MC_s9_dynamic_BigBuckBunny,1789985048.14,0.1042,0,0,0,0,0,0
MC_s9_dynamic_BigBuckBunny,1789985048.244,0.1041,0,0,0,0,0,0
MC_s9_dynamic_BigBuckBunny,1789985048.348,0.1042,0,0,0,0,0,0
MC_s9_dynamic_BigBuckBunny,1789985048.454,0.1053,0,0,0,0,0,0
MC_s9_dynamic_BigBuckBunny,1789985048.558,0.1043,0,0,0,0,0,0
MC_s9_dynamic_BigBuckBunny,1789985048.662,0.1043,0,0,0,0,0,0
MC_s9_dynamic_BigBuckBunny,1789985048.767,0.1043,0,0,0,0,0,0
MC_s9_dynamic_BigBuckBunny,1789985048.871,0.1043,0,0,0,0,0,0
MC_s9_dynamic_BigBuckBunny,1789985048.975,0.1043,0,0,0,0,0,0
MC_s9_dynamic_BigBuckBunny,1789985049.08,0.1045,0,0,0,0,0,0
MC_s9_dynamic_BigBuckBunny,1789985049.184,0.1042,15499,12,0,337465220.8,3413205.3,2
MC_s9_dynamic_BigBuckBunny,1789985049.288,0.1043,67916,53,0,65337251.5,25208647.7,2
MC_s9_dynamic_BigBuckBunny,1789985049.392,0.1043,9271,9,0,73409135.6,21303202.4,2
MC_s9_dynamic_BigBuckBunny,1789985049.497,0.1043,0,0,0,0,0,0
MC_s9_dynamic_BigBuckBunny,1789985049.601,0.1043,0,0,0,0,0,0
MC_s9_dynamic_BigBuckBunny,1789985049.705,0.1042,0,0,0,0,0,0
MC_s9_dynamic_BigBuckBunny,1789985049.809,0.1042,0,0,0,0,0,0
MC_s9_dynamic_BigBuckBunny,1789985049.914,0.1044,0,0,0,0,0,0
MC_s9_dynamic_BigBuckBunny,1789985050.018,0.1043,0,0,0,0,0,0
MC_s9_dynamic_BigBuckBunny,1789985050.122,0.1042,0,0,0,0,0,0
MC_s9_dynamic_BigBuckBunny,1789985050.227,0.1043,0,0,0,0,0,0
MC_s9_dynamic_BigBuckBunny,1789985050.332,0.1058,0,0,0,0,0,0
MC_s9_dynamic_BigBuckBunny,1789985050.437,0.1045,0,0,0,0,0,0
MC_s9_dynamic_BigBuckBunny,1789985050.541,0.1042,0,0,0,0,0,0
MC_s9_dynamic_BigBuckBunny,1789985050.645,0.1043,0,0,0,0,0,0
MC_s9_dynamic_BigBuckBunny,1789985050.75,0.1046,0,0,0,0,0,0
MC_s9_dynamic_BigBuckBunny,1789985050.854,0.1042,0,0,0,0,0,0
MC_s9_dynamic_BigBuckBunny,1789985050.958,0.1042,0,0,0,0,0,0
MC_s9_dynamic_BigBuckBunny,1789985051.063,0.1044,0,0,0,0,0,0
MC_s9_dynamic_BigBuckBunny,1789985051.167,0.1044,0,0,0,0,0,0
MC_s9_dynamic_BigBuckBunny,1789985051.271,0.1043,0,0,0,0,0,0
MC_s9_dynamic_BigBuckBunny,1789985051.376,0.1042,0,0,0,0,0,0
MC_s9_dynamic_BigBuckBunny,1789985051.48,0.1043,0,0,0,0,0,0
MC_s9_dynamic_BigBuckBunny,1789985051.584,0.1043,0,0,0,0,0,0
MC_s9_dynamic_BigBuckBunny,1789985051.689,0.1043,0,0,0,0,0,0
MC_s9_dynamic_BigBuckBunny,1789985051.793,0.1043,0,0,0,0,0,0
MC_s9_dynamic_BigBuckBunny,1789985051.897,0.1043,0,0,0,0,0,0
MC_s9_dynamic_BigBuckBunny,1789985052.001,0.1043,0,0,0,0,0,0
MC_s9_dynamic_BigBuckBunny,1789985052.106,0.1042,0,0,0,0,0,0
MC_s9_dynamic_BigBuckBunny,1789985052.21,0.1043,0,0,0,0,0,0
MC_s9_dynamic_BigBuckBunny,1789985052.314,0.1044,0,0,0,0,0,0
MC_s9_dynamic_BigBuckBunny,1789985052.418,0.1042,0,0,0,0,0,0
MC_s9_dynamic_BigBuckBunny,1789985052.523,0.1042,0,0,0,0,0,0
MC_s9_dynamic_BigBuckBunny,1789985052.627,0.1042,0,0,0,0,0,0
MC_s9_dynamic_BigBuckBunny,1789985052.731,0.1043,0,0,0,0,0,0
MC_s9_dynamic_BigBuckBunny,1789985052.836,0.1046,0,0,0,0,0,0
MC_s9_dynamic_BigBuckBunny,1789985052.94,0.1042,51655,39,0,123828131.9,20104612.3,2
MC_s9_dynamic_BigBuckBunny,1789985053.044,0.1044,48208,36,0,59791120.2,44150311.3,2
MC_s9_dynamic_BigBuckBunny,1789985053.149,0.1045,36156,27,0,46491727.8,62240894.0,2
MC_s9_dynamic_BigBuckBunny,1789985053.253,0.1044,14062,12,0,59701106.5,53911643.5,2
MC_s9_dynamic_BigBuckBunny,1789985053.366,0.1124,0,0,0,0,0,0
MC_s9_dynamic_BigBuckBunny,1789985053.47,0.1044,0,0,0,0,0,0
MC_s9_dynamic_BigBuckBunny,1789985053.574,0.1043,0,0,0,0,0,0
MC_s9_dynamic_BigBuckBunny,1789985053.679,0.1044,0,0,0,0,0,0
MC_s9_dynamic_BigBuckBunny,1789985053.783,0.1044,0,0,0,0,0,0
MC_s9_dynamic_BigBuckBunny,1789985053.888,0.1043,0,0,0,0,0,0
MC_s9_dynamic_BigBuckBunny,1789985053.992,0.1042,0,0,0,0,0,0
MC_s9_dynamic_BigBuckBunny,1789985054.096,0.1043,0,0,0,0,0,0
MC_s9_dynamic_BigBuckBunny,1789985054.2,0.1043,0,0,0,0,0,0
MC_s9_dynamic_BigBuckBunny,1789985054.305,0.1043,0,0,0,0,0,0
MC_s9_dynamic_BigBuckBunny,1789985054.409,0.1045,0,0,0,0,0,0
MC_s9_dynamic_BigBuckBunny,1789985054.513,0.1043,0,0,0,0,0,0
MC_s9_dynamic_BigBuckBunny,1789985054.618,0.1043,0,0,0,0,0,0
MC_s9_dynamic_BigBuckBunny,1789985054.722,0.1045,0,0,0,0,0,0
MC_s9_dynamic_BigBuckBunny,1789985054.827,0.1043,0,0,0,0,0,0
MC_s9_dynamic_BigBuckBunny,1789985054.931,0.1045,0,0,0,0,0,0
MC_s9_dynamic_BigBuckBunny,1789985055.035,0.1043,0,0,0,0,0,0
MC_s9_dynamic_BigBuckBunny,1789985055.14,0.1043,0,0,0,0,0,0
MC_s9_dynamic_BigBuckBunny,1789985055.244,0.1044,0,0,0,0,0,0
MC_s9_dynamic_BigBuckBunny,1789985055.348,0.1043,0,0,0,0,0,0
MC_s9_dynamic_BigBuckBunny,1789985055.453,0.1049,0,0,0,0,0,0
MC_s9_dynamic_BigBuckBunny,1789985055.558,0.1043,0,0,0,0,0,0
MC_s9_dynamic_BigBuckBunny,1789985055.662,0.1043,0,0,0,0,0,0
MC_s9_dynamic_BigBuckBunny,1789985055.766,0.1044,0,0,0,0,0,0
MC_s9_dynamic_BigBuckBunny,1789985055.871,0.1044,0,0,0,0,0,0
MC_s9_dynamic_BigBuckBunny,1789985055.975,0.1043,0,0,0,0,0,0
MC_s9_dynamic_BigBuckBunny,1789985056.079,0.1043,0,0,0,0,0,0
MC_s9_dynamic_BigBuckBunny,1789985056.184,0.1043,0,0,0,0,0,0
MC_s9_dynamic_BigBuckBunny,1789985056.288,0.1044,0,0,0,0,0,0
MC_s9_dynamic_BigBuckBunny,1789985056.393,0.1045,0,0,0,0,0,0
MC_s9_dynamic_BigBuckBunny,1789985056.497,0.1043,0,0,0,0,0,0
MC_s9_dynamic_BigBuckBunny,1789985056.601,0.1043,0,0,0,0,0,0
MC_s9_dynamic_BigBuckBunny,1789985056.706,0.1044,0,0,0,0,0,0
MC_s9_dynamic_BigBuckBunny,1789985056.81,0.1043,0,0,0,0,0,0
MC_s9_dynamic_BigBuckBunny,1789985056.914,0.1044,0,0,0,0,0,0
MC_s9_dynamic_BigBuckBunny,1789985057.019,0.1045,0,0,0,0,0,0
MC_s9_dynamic_BigBuckBunny,1789985057.123,0.1044,0,0,0,0,0,0
MC_s9_dynamic_BigBuckBunny,1789985057.228,0.1045,0,0,0,0,0,0
MC_s9_dynamic_BigBuckBunny,1789985057.335,0.1069,63708,48,0,111370144.4,24566543.9,2
MC_s9_dynamic_BigBuckBunny,1789985057.44,0.1059,64864,50,0,59370186.0,39254761.2,2
MC_s9_dynamic_BigBuckBunny,1789985057.545,0.1043,58812,45,0,38687533.6,45292276.8,2
MC_s9_dynamic_BigBuckBunny,1789985057.649,0.1044,69364,53,0,25982913.0,48429795.3,2
MC_s9_dynamic_BigBuckBunny,1789985057.754,0.1044,68176,58,0,17829060.1,42722440.4,2
MC_s9_dynamic_BigBuckBunny,1789985057.858,0.1044,59296,48,0,11487098.8,40049355.9,2
MC_s9_dynamic_BigBuckBunny,1789985057.962,0.1044,65332,59,0,6190549.0,29872555.6,2
MC_s9_dynamic_BigBuckBunny,1789985058.067,0.1044,65020,53,0,4798934.8,46666297.7,2
MC_s9_dynamic_BigBuckBunny,1789985058.171,0.1044,63260,47,0,4412019.1,59827672.5,2
MC_s9_dynamic_BigBuckBunny,1789985058.276,0.1045,63260,47,0,4369045.9,62228556.1,2
MC_s9_dynamic_BigBuckBunny,1789985058.38,0.1043,69260,51,0,4111995.7,63664514.4,2
MC_s9_dynamic_BigBuckBunny,1789985058.484,0.1043,69260,51,0,3985386.7,66119034.1,2
MC_s9_dynamic_BigBuckBunny,1789985058.589,0.1044,65020,53,0,3075649.7,58230087.8,2
MC_s9_dynamic_BigBuckBunny,1789985058.693,0.1044,66938,66,0,776479.7,18343055.6,2
MC_s9_dynamic_BigBuckBunny,1789985058.797,0.1044,65644,65,0,186542.4,40903528.6,2
MC_s9_dynamic_BigBuckBunny,1789985058.902,0.1047,65644,65,0,65475.0,42485592.6,2
MC_s9_dynamic_BigBuckBunny,1789985059.007,0.1045,60920,77,0,1669366.0,42401098.9,2
MC_s9_dynamic_BigBuckBunny,1789985059.111,0.1044,71944,92,0,3980696.0,47680696.1,2
MC_s9_dynamic_BigBuckBunny,1789985059.215,0.1044,56092,47,1,3872152.4,37920507.7,2
MC_s9_dynamic_BigBuckBunny,1789985059.32,0.1043,75728,64,0,1746300.9,35888494.0,2
MC_s9_dynamic_BigBuckBunny,1789985059.424,0.1045,65176,56,0,1555635.5,45129073.8,2
MC_s9_dynamic_BigBuckBunny,1789985059.529,0.1045,65592,64,0,333549.0,37176365.0,2
MC_s9_dynamic_BigBuckBunny,1789985059.633,0.1045,65644,65,0,127014.1,38557872.6,2
MC_s9_dynamic_BigBuckBunny,1789985059.737,0.1044,65592,64,0,53081.5,42531212.8,2
MC_s9_dynamic_BigBuckBunny,1789985059.842,0.1045,66328,74,0,70978.2,42107796.5,2
MC_s9_dynamic_BigBuckBunny,1789985059.949,0.1074,70179,79,2,856608.8,22311565.0,2
MC_s9_dynamic_BigBuckBunny,1789985060.054,0.1046,65176,56,0,1876341.7,50014350.6,2
MC_s9_dynamic_BigBuckBunny,1789985060.158,0.1044,65644,65,0,310642.7,33548779.7,2
MC_s9_dynamic_BigBuckBunny,1789985060.263,0.1043,65592,64,0,90238.2,36533217.9,2
MC_s9_dynamic_BigBuckBunny,1789985060.367,0.1045,65644,65,0,60849.1,37758509.1,2
MC_s9_dynamic_BigBuckBunny,1789985060.472,0.1046,65644,65,0,34206.8,38881388.7,2
MC_s9_dynamic_BigBuckBunny,1789985060.576,0.1045,65592,64,0,21883.0,40139380.2,2
MC_s9_dynamic_BigBuckBunny,1789985060.681,0.1044,54936,54,0,23338.7,42557267.8,2
MC_s9_dynamic_BigBuckBunny,1789985060.785,0.1044,37360,46,7,5324674.0,59232241.5,2
MC_s9_dynamic_BigBuckBunny,1789985060.89,0.1045,18756,24,3,9487853.5,58513737.2,2
MC_s9_dynamic_BigBuckBunny,1789985060.994,0.1046,43864,36,0,7585255.8,60066941.4,2
MC_s9_dynamic_BigBuckBunny,1789985061.099,0.1044,61916,49,0,5067825.2,35295939.6,2
MC_s9_dynamic_BigBuckBunny,1789985061.203,0.1048,70916,55,0,4509550.8,37238642.6,2
MC_s9_dynamic_BigBuckBunny,1789985061.308,0.1044,60416,48,0,4290614.0,40707449.8,2
MC_s9_dynamic_BigBuckBunny,1789985061.412,0.1044,64864,50,0,4213976.5,43910484.9,2
MC_s9_dynamic_BigBuckBunny,1789985061.517,0.1044,58812,45,0,4230646.1,46454080.6,2
MC_s9_dynamic_BigBuckBunny,1789985061.621,0.1044,61812,47,0,4287652.4,48935596.3,2
MC_s9_dynamic_BigBuckBunny,1789985061.725,0.1046,78780,67,0,2685276.6,43165773.5,2
MC_s9_dynamic_BigBuckBunny,1789985061.835,0.1092,54260,41,0,4030653.8,54541578.1,2
MC_s9_dynamic_BigBuckBunny,1789985061.939,0.1045,69780,61,0,1464372.4,45006109.7,2
MC_s9_dynamic_BigBuckBunny,1789985062.044,0.1044,64760,48,0,3742057.0,59001382.9,2
MC_s9_dynamic_BigBuckBunny,1789985062.148,0.1045,74644,71,0,630493.2,39634155.4,2
MC_s9_dynamic_BigBuckBunny,1789985062.252,0.1045,65644,65,0,160699.3,37138588.6,2
MC_s9_dynamic_BigBuckBunny,1789985062.357,0.1044,65592,64,0,61535.5,38619279.7,2
MC_s9_dynamic_BigBuckBunny,1789985062.461,0.1045,65644,65,0,38841.6,40121508.2,2
MC_s9_dynamic_BigBuckBunny,1789985062.566,0.1044,65592,64,0,24395.4,42531953.1,2
MC_s9_dynamic_BigBuckBunny,1789985062.67,0.1046,65644,65,0,39245.4,40923148.7,2
MC_s9_dynamic_BigBuckBunny,1789985062.775,0.1044,65656,65,0,100507.8,41836526.5,2
MC_s9_dynamic_BigBuckBunny,1789985062.879,0.1044,56304,72,0,1641044.5,45704561.5,2
MC_s9_dynamic_BigBuckBunny,1789985062.984,0.1046,71944,92,0,3975667.5,47661992.6,2
MC_s9_dynamic_BigBuckBunny,1789985063.088,0.1044,61525,55,1,3690394.6,24540906.9,2
MC_s9_dynamic_BigBuckBunny,1789985063.193,0.1043,70760,52,0,4862460.1,46304226.9,2
MC_s9_dynamic_BigBuckBunny,1789985063.297,0.1045,71436,65,0,999374.6,39084059.7,2
MC_s9_dynamic_BigBuckBunny,1789985063.402,0.1045,55812,43,0,3428465.0,58669452.3,2
MC_s9_dynamic_BigBuckBunny,1789985063.506,0.1043,74228,63,0,1789245.0,49856019.8,2
MC_s9_dynamic_BigBuckBunny,1789985063.61,0.1045,65644,65,0,390304.6,41709417.5,2
MC_s9_dynamic_BigBuckBunny,1789985063.715,0.1044,65960,69,0,137593.9,43936018.3,2
MC_s9_dynamic_BigBuckBunny,1789985063.819,0.1045,59600,76,0,3015026.5,48718575.5,2
MC_s9_dynamic_BigBuckBunny,1789985063.924,0.1043,75164,93,3,3320694.1,36466468.6,2
MC_s9_dynamic_BigBuckBunny,1789985064.028,0.1045,65176,56,0,1831638.2,42731090.6,2
MC_s9_dynamic_BigBuckBunny,1789985064.133,0.1045,65644,65,0,350938.1,36173412.9,2
MC_s9_dynamic_BigBuckBunny,1789985064.237,0.1044,65592,64,0,101534.4,38952152.6,2
MC_s9_dynamic_BigBuckBunny,1789985064.341,0.1044,67144,66,0,44517.7,40899176.9,2
MC_s9_dynamic_BigBuckBunny,1789985064.449,0.108,67752,74,0,56225.8,42798259.1,2
MC_s9_dynamic_BigBuckBunny,1789985064.554,0.1045,66524,75,2,3601406.9,47838596.7,2
MC_s9_dynamic_BigBuckBunny,1789985064.658,0.1044,60312,46,0,3783011.7,55444258.4,2
MC_s9_dynamic_BigBuckBunny,1789985064.763,0.1044,69416,54,0,2950267.4,55285662.7,2
MC_s9_dynamic_BigBuckBunny,1789985064.867,0.1044,58864,46,0,3697689.1,58006600.3,2
MC_s9_dynamic_BigBuckBunny,1789985064.972,0.1043,69260,51,0,3778568.1,64203534.7,2
MC_s9_dynamic_BigBuckBunny,1789985065.076,0.1043,54208,40,0,3768174.4,65284189.4,2
MC_s9_dynamic_BigBuckBunny,1789985065.18,0.1044,78166,71,0,900421.5,33987086.1,2
MC_s9_dynamic_BigBuckBunny,1789985065.285,0.1044,65592,64,0,198889.6,42543481.1,2
MC_s9_dynamic_BigBuckBunny,1789985065.389,0.1044,50460,51,0,2352582.5,51379223.4,2
MC_s9_dynamic_BigBuckBunny,1789985065.494,0.1045,36084,46,9,5411630.5,54570351.5,2
MC_s9_dynamic_BigBuckBunny,1789985065.598,0.1047,48964,48,1,6986253.3,58525178.1,2
MC_s9_dynamic_BigBuckBunny,1789985065.703,0.1044,46760,36,0,6175967.8,57428704.8,2
MC_s9_dynamic_BigBuckBunny,1789985065.807,0.1044,55812,43,0,4910935.8,46453771.3,2
MC_s9_dynamic_BigBuckBunny,1789985065.911,0.1045,70864,54,0,4619631.0,42470873.3,2
MC_s9_dynamic_BigBuckBunny,1789985066.016,0.1044,60312,46,0,4596123.5,47702980.9,2
MC_s9_dynamic_BigBuckBunny,1789985066.12,0.1043,61812,47,0,4583154.5,48535137.0,2
MC_s9_dynamic_BigBuckBunny,1789985066.224,0.1044,65228,57,0,1825544.6,41156041.7,2
MC_s9_dynamic_BigBuckBunny,1789985066.331,0.1061,77436,69,0,956575.9,41094552.0,2
MC_s9_dynamic_BigBuckBunny,1789985066.435,0.1044,65176,56,0,1365029.2,45106682.0,2
MC_s9_dynamic_BigBuckBunny,1789985066.539,0.1044,61864,48,0,3474876.5,58603564.3,2
MC_s9_dynamic_BigBuckBunny,1789985066.644,0.1043,61760,46,0,3880559.0,60851264.8,2
MC_s9_dynamic_BigBuckBunny,1789985066.748,0.1044,70968,56,0,2983310.2,55333022.1,2
MC_s9_dynamic_BigBuckBunny,1789985066.853,0.1044,67144,66,0,590226.0,35323554.1,2
MC_s9_dynamic_BigBuckBunny,1789985066.957,0.1044,64092,63,0,148980.7,40169814.2,2
MC_s9_dynamic_BigBuckBunny,1789985067.061,0.1042,65644,65,0,57676.3,41714969.2,2
MC_s9_dynamic_BigBuckBunny,1789985067.166,0.1044,67092,65,0,42356.2,41385144.4,2
MC_s9_dynamic_BigBuckBunny,1789985067.27,0.1045,65644,65,0,31561.6,42529192.6,2
MC_s9_dynamic_BigBuckBunny,1789985067.374,0.1043,57552,70,0,51849.5,39415658.8,2
MC_s9_dynamic_BigBuckBunny,1789985067.479,0.1043,75072,96,0,3918236.5,47719076.7,2
MC_s9_dynamic_BigBuckBunny,1789985067.591,0.1124,72372,72,1,3325860.0,34049513.1,2
MC_s9_dynamic_BigBuckBunny,1789985067.696,0.1045,60676,53,0,3012199.6,46775039.5,2
MC_s9_dynamic_BigBuckBunny,1789985067.8,0.1042,62020,51,0,3613114.0,53852287.0,2
MC_s9_dynamic_BigBuckBunny,1789985067.904,0.1043,72520,58,0,2335899.9,59172588.9,2
MC_s9_dynamic_BigBuckBunny,1789985068.009,0.1045,65592,64,0,461531.5,37776967.2,2
MC_s9_dynamic_BigBuckBunny,1789985068.113,0.1045,65872,68,0,167816.1,42399537.2,2
MC_s9_dynamic_BigBuckBunny,1789985068.218,0.1045,64112,82,2,2876955.5,49065378.6,2
MC_s9_dynamic_BigBuckBunny,1789985068.322,0.1043,66312,50,0,3849000.8,51623027.5,2
MC_s9_dynamic_BigBuckBunny,1789985068.427,0.1048,51208,38,0,4454959.3,70185806.8,2
MC_s9_dynamic_BigBuckBunny,1789985068.531,0.1046,56176,50,0,2412182.2,58234340.8,2
MC_s9_dynamic_BigBuckBunny,1789985068.636,0.1047,53436,53,0,1584239.5,47295893.7,2
MC_s9_dynamic_BigBuckBunny,1789985068.741,0.1046,61660,68,0,736922.4,46876935.3,2
MC_s9_dynamic_BigBuckBunny,1789985068.845,0.1046,46984,61,0,4424866.9,56570239.5,2
MC_s9_dynamic_BigBuckBunny,1789985068.952,0.1065,37320,45,1,6973133.6,70225712.3,2
MC_s9_dynamic_BigBuckBunny,1789985069.056,0.1044,37708,29,0,7058301.1,70201922.3,2
MC_s9_dynamic_BigBuckBunny,1789985069.161,0.1045,40708,31,0,6729869.2,67615693.2,2
MC_s9_dynamic_BigBuckBunny,1789985069.265,0.1047,31656,24,0,7538088.1,60595997.9,2
MC_s9_dynamic_BigBuckBunny,1789985069.37,0.1045,34708,27,0,9000735.6,59174431.1,2
MC_s9_dynamic_BigBuckBunny,1789985069.475,0.1047,43708,33,0,7002692.0,65410163.8,2
MC_s9_dynamic_BigBuckBunny,1789985069.579,0.1048,36156,27,0,7327517.3,67092134.6,2
MC_s9_dynamic_BigBuckBunny,1789985069.684,0.1046,36156,27,0,6872238.9,66913625.6,2
MC_s9_dynamic_BigBuckBunny,1789985069.789,0.1046,25656,20,0,9562809.2,68200783.8,2
MC_s9_dynamic_BigBuckBunny,1789985069.893,0.1048,31708,25,0,10102382.0,57347563.3,2
MC_s9_dynamic_BigBuckBunny,1789985069.998,0.1045,27156,21,0,9404082.4,63738610.9,2
MC_s9_dynamic_BigBuckBunny,1789985070.103,0.1047,25369,22,0,11056723.1,58898391.0,2
MC_s9_dynamic_BigBuckBunny,1789985070.207,0.1046,21104,16,0,10331980.8,57068664.0,2
MC_s9_dynamic_BigBuckBunny,1789985070.312,0.1046,42208,32,0,8618995.4,60962240.3,2
MC_s9_dynamic_BigBuckBunny,1789985070.416,0.1047,42208,32,0,8838392.5,62188699.9,2
MC_s9_dynamic_BigBuckBunny,1789985070.521,0.1046,21104,16,0,9157166.0,67089115.8,2
MC_s9_dynamic_BigBuckBunny,1789985070.626,0.1046,40708,31,0,9954601.2,67022854.5,2
MC_s9_dynamic_BigBuckBunny,1789985070.73,0.1047,21104,16,0,9976051.4,69389483.4,2
MC_s9_dynamic_BigBuckBunny,1789985070.836,0.1055,36208,28,0,11048049.4,63341025.0,2
MC_s9_dynamic_BigBuckBunny,1789985070.941,0.1056,30208,24,0,13467061.0,59666279.5,2
MC_s9_dynamic_BigBuckBunny,1789985071.046,0.1047,15104,12,0,13940726.3,63253845.9,2
MC_s9_dynamic_BigBuckBunny,1789985071.151,0.1045,30208,24,0,14790227.3,66910646.2,2
MC_s9_dynamic_BigBuckBunny,1789985071.255,0.1046,15104,12,0,15240969.8,69327680.4,2
MC_s9_dynamic_BigBuckBunny,1789985071.36,0.1045,30208,24,0,13066502.8,52450127.2,2
MC_s9_dynamic_BigBuckBunny,1789985071.464,0.1046,22656,18,0,17327027.5,71790127.7,2
MC_s9_dynamic_BigBuckBunny,1789985071.569,0.1045,18208,16,0,20907860.2,55827175.5,2
MC_s9_dynamic_BigBuckBunny,1789985071.674,0.1052,12104,10,0,18832546.2,81212382.3,2
MC_s9_dynamic_BigBuckBunny,1789985071.779,0.1046,18208,16,0,23457085.2,65826126.8,2
MC_s9_dynamic_BigBuckBunny,1789985071.883,0.1047,6052,5,0,24883245.6,71592805.3,2
MC_s9_dynamic_BigBuckBunny,1789985071.988,0.1045,13708,13,0,29466125.2,66409364.2,2
MC_s9_dynamic_BigBuckBunny,1789985072.092,0.1045,18208,16,0,26310076.8,60087524.5,2
MC_s9_dynamic_BigBuckBunny,1789985072.197,0.1047,18208,16,0,23368080.2,47455043.8,2
MC_s9_dynamic_BigBuckBunny,1789985072.302,0.1045,18208,16,0,22077022.0,48539130.1,2
MC_s9_dynamic_BigBuckBunny,1789985072.406,0.1044,18208,16,0,21976963.8,52249610.1,2
MC_s9_dynamic_BigBuckBunny,1789985072.511,0.1045,27312,24,0,17320771.2,36285740.3,2
MC_s9_dynamic_BigBuckBunny,1789985072.617,0.1065,19708,17,0,18476176.9,52870396.1,2
MC_s9_dynamic_BigBuckBunny,1789985072.722,0.1045,18156,15,0,18825304.6,55546583.8,2
MC_s9_dynamic_BigBuckBunny,1789985072.826,0.1047,18156,15,0,16173993.0,49129147.6,2
MC_s9_dynamic_BigBuckBunny,1789985072.932,0.1056,24208,20,0,17526411.4,61944661.2,2
MC_s9_dynamic_BigBuckBunny,1789985073.036,0.1044,30208,24,0,15738221.7,63975617.0,2
MC_s9_dynamic_BigBuckBunny,1789985073.14,0.1043,15104,12,0,15550470.8,64298078.8,2
MC_s9_dynamic_BigBuckBunny,1789985073.245,0.1044,30208,24,0,15767743.8,66927541.2,2
MC_s9_dynamic_BigBuckBunny,1789985073.349,0.1043,15104,12,0,15852886.0,66909725.6,2
MC_s9_dynamic_BigBuckBunny,1789985073.455,0.1056,30208,24,0,15987076.7,66890608.1,2
MC_s9_dynamic_BigBuckBunny,1789985073.559,0.1044,15104,12,0,16043082.3,66925448.7,2
MC_s9_dynamic_BigBuckBunny,1789985073.664,0.1048,30208,24,0,16142924.5,66884101.6,2
MC_s9_dynamic_BigBuckBunny,1789985073.769,0.1047,22656,18,0,18303839.8,66896902.1,2
MC_s9_dynamic_BigBuckBunny,1789985073.873,0.1044,22656,18,0,16242810.0,66941962.7,2
MC_s9_dynamic_BigBuckBunny,1789985073.978,0.1045,22656,18,0,18379432.7,66919451.5,2
MC_s9_dynamic_BigBuckBunny,1789985074.082,0.1046,22656,18,0,16303587.0,66926627.3,2
MC_s9_dynamic_BigBuckBunny,1789985074.187,0.1046,30208,24,0,16342541.7,66973659.4,2
MC_s9_dynamic_BigBuckBunny,1789985074.291,0.1046,15104,12,0,16353186.0,66842283.6,2
MC_s9_dynamic_BigBuckBunny,1789985074.396,0.1046,30208,24,0,16373988.7,66934114.6,2
MC_s9_dynamic_BigBuckBunny,1789985074.501,0.1045,15104,12,0,16378353.2,66851957.9,2
MC_s9_dynamic_BigBuckBunny,1789985074.605,0.1046,30208,24,0,16401034.5,66906375.1,2
MC_s9_dynamic_BigBuckBunny,1789985074.71,0.1045,15104,12,0,16406457.5,66870769.7,2
MC_s9_dynamic_BigBuckBunny,1789985074.814,0.1046,30208,24,0,16417334.8,66911532.7,2
MC_s9_dynamic_BigBuckBunny,1789985074.919,0.1047,22656,18,0,18063672.3,65208734.4,2
MC_s9_dynamic_BigBuckBunny,1789985075.023,0.1045,22656,18,0,16183138.2,65278690.4,2
MC_s9_dynamic_BigBuckBunny,1789985075.128,0.1045,22656,18,0,18409535.8,66940220.2,2
MC_s9_dynamic_BigBuckBunny,1789985075.233,0.1047,22656,18,0,16354230.5,66879100.1,2
MC_s9_dynamic_BigBuckBunny,1789985075.337,0.1047,30208,24,0,16401896.3,66909968.7,2
MC_s9_dynamic_BigBuckBunny,1789985075.445,0.1071,15104,12,0,16407281.5,66927827.7,2
MC_s9_dynamic_BigBuckBunny,1789985075.549,0.1047,25236,22,0,18356340.2,56344954.1,2
MC_s9_dynamic_BigBuckBunny,1789985075.654,0.1049,22656,18,0,18414734.8,66970981.6,2
MC_s9_dynamic_BigBuckBunny,1789985075.759,0.1045,22656,18,0,16239690.2,66869803.1,2
MC_s9_dynamic_BigBuckBunny,1789985075.863,0.1045,22656,18,0,18344180.7,66851090.5,2
MC_s9_dynamic_BigBuckBunny,1789985075.968,0.1045,22656,18,0,16258434.2,66888026.2,2
MC_s9_dynamic_BigBuckBunny,1789985076.072,0.1045,22656,18,0,18406633.0,66936211.4,2
MC_s9_dynamic_BigBuckBunny,1789985076.177,0.1048,22656,18,0,16329865.0,66921399.9,2
MC_s9_dynamic_BigBuckBunny,1789985076.281,0.1046,30208,24,0,16364129.5,66952085.4,2
MC_s9_dynamic_BigBuckBunny,1789985076.386,0.1045,15104,12,0,16376882.0,66990637.8,2
MC_s9_dynamic_BigBuckBunny,1789985076.491,0.1047,30208,24,0,16385010.5,66863321.4,2
MC_s9_dynamic_BigBuckBunny,1789985076.595,0.1047,15104,12,0,16401746.5,66911840.0,2
MC_s9_dynamic_BigBuckBunny,1789985076.7,0.1046,22111,19,0,18707867.0,55226770.0,2
MC_s9_dynamic_BigBuckBunny,1789985076.805,0.1046,22656,18,0,18852088.5,66814441.9,2
MC_s9_dynamic_BigBuckBunny,1789985076.909,0.1048,22656,18,0,16515338.5,66921776.9,2
MC_s9_dynamic_BigBuckBunny,1789985077.014,0.1045,30208,24,0,16424983.7,66936443.2,2
MC_s9_dynamic_BigBuckBunny,1789985077.118,0.1046,15104,12,0,16413795.2,66960616.7,2
MC_s9_dynamic_BigBuckBunny,1789985077.223,0.1046,30208,24,0,16420570.8,66950947.5,2
MC_s9_dynamic_BigBuckBunny,1789985077.33,0.1072,15104,12,0,16427410.3,66918689.6,2
MC_s9_dynamic_BigBuckBunny,1789985077.435,0.1048,30208,24,0,16431173.8,66890901.0,2
MC_s9_dynamic_BigBuckBunny,1789985077.539,0.1045,30208,24,0,15561373.7,58082084.1,2
MC_s9_dynamic_BigBuckBunny,1789985077.646,0.1064,15104,12,0,15867650.3,66956450.7,2
MC_s9_dynamic_BigBuckBunny,1789985077.751,0.1049,30208,24,0,16149364.5,66887846.4,2
MC_s9_dynamic_BigBuckBunny,1789985077.855,0.1046,15104,12,0,16216307.7,66908785.5,2
MC_s9_dynamic_BigBuckBunny,1789985077.96,0.1045,30208,24,0,16299190.3,66912193.6,2
MC_s9_dynamic_BigBuckBunny,1789985078.064,0.1045,15104,12,0,16325014.7,66952286.9,2
MC_s9_dynamic_BigBuckBunny,1789985078.169,0.1046,30208,24,0,16348330.0,66866556.5,2
MC_s9_dynamic_BigBuckBunny,1789985078.274,0.1051,22656,18,0,18480068.0,66902336.0,2
MC_s9_dynamic_BigBuckBunny,1789985078.379,0.1046,22656,18,0,16387432.2,66963068.5,2
MC_s9_dynamic_BigBuckBunny,1789985078.483,0.1045,22656,18,0,18501656.2,66929224.6,2
MC_s9_dynamic_BigBuckBunny,1789985078.588,0.1045,22656,18,0,16404958.2,66950124.7,2
MC_s9_dynamic_BigBuckBunny,1789985078.692,0.1045,30208,24,0,16416863.2,66902056.6,2
MC_s9_dynamic_BigBuckBunny,1789985078.797,0.1047,15104,12,0,16420040.2,66964901.8,2
MC_s9_dynamic_BigBuckBunny,1789985078.902,0.1046,30208,24,0,16427308.8,66913753.8,2
MC_s9_dynamic_BigBuckBunny,1789985079.006,0.1045,15104,12,0,16432100.2,66981683.8,2
MC_s9_dynamic_BigBuckBunny,1789985079.111,0.1046,30208,24,0,16448297.3,66922667.7,2
MC_s9_dynamic_BigBuckBunny,1789985079.215,0.1046,15104,12,0,16465812.8,66880186.5,2
MC_s9_dynamic_BigBuckBunny,1789985079.32,0.1045,30208,24,0,16465617.2,66850122.5,2
MC_s9_dynamic_BigBuckBunny,1789985079.424,0.1046,15104,12,0,16462136.7,66859033.5,2
MC_s9_dynamic_BigBuckBunny,1789985079.529,0.1047,30208,24,0,16462415.2,66888787.7,2
MC_s9_dynamic_BigBuckBunny,1789985079.634,0.1046,22656,18,0,18554176.2,66927793.1,2
MC_s9_dynamic_BigBuckBunny,1789985079.738,0.1046,22656,18,0,16450177.5,66741814.1,2
MC_s9_dynamic_BigBuckBunny,1789985079.843,0.1045,22656,18,0,18559710.5,66837620.0,2
MC_s9_dynamic_BigBuckBunny,1789985079.949,0.1059,37760,30,0,13141085.5,50374287.1,2
MC_s9_dynamic_BigBuckBunny,1789985080.053,0.1044,30208,24,0,13098694.0,46275880.5,2
MC_s9_dynamic_BigBuckBunny,1789985080.158,0.1045,18104,14,0,12888622.7,69487875.4,2
MC_s9_dynamic_BigBuckBunny,1789985080.262,0.1046,27208,22,0,15776563.6,61271184.5,2
MC_s9_dynamic_BigBuckBunny,1789985080.367,0.1044,22656,18,0,17714445.8,66813504.5,2
MC_s9_dynamic_BigBuckBunny,1789985080.471,0.1046,22656,18,0,15779615.5,66922007.0,2
MC_s9_dynamic_BigBuckBunny,1789985080.576,0.1045,22656,18,0,18006166.8,66917174.6,2
MC_s9_dynamic_BigBuckBunny,1789985080.68,0.1047,22656,18,0,15998313.0,66930361.3,2
MC_s9_dynamic_BigBuckBunny,1789985080.785,0.1045,30208,24,0,16112400.2,66902278.5,2
MC_s9_dynamic_BigBuckBunny,1789985080.89,0.1045,4074,6,0,29151093.0,38325536.8,2
MC_s9_dynamic_BigBuckBunny,1789985080.994,0.1045,15104,12,0,17113150.0,52753481.4,2
MC_s9_dynamic_BigBuckBunny,1789985081.099,0.1046,30208,24,0,16273302.2,66887149.9,2
MC_s9_dynamic_BigBuckBunny,1789985081.204,0.1048,22656,18,0,18250829.7,66959925.0,2
MC_s9_dynamic_BigBuckBunny,1789985081.308,0.1045,22656,18,0,16136270.2,66974065.4,2
MC_s9_dynamic_BigBuckBunny,1789985081.413,0.1045,22656,18,0,18284148.3,66877597.1,2
MC_s9_dynamic_BigBuckBunny,1789985081.517,0.1045,22656,18,0,16214647.5,66913301.4,2
MC_s9_dynamic_BigBuckBunny,1789985081.622,0.1046,30156,23,0,15118827.2,67061292.4,2
MC_s9_dynamic_BigBuckBunny,1789985081.726,0.1047,15156,13,0,18315750.6,66589454.0,2
MC_s9_dynamic_BigBuckBunny,1789985081.835,0.1084,30208,24,0,16334125.5,66887553.9,2
MC_s9_dynamic_BigBuckBunny,1789985081.939,0.1045,15104,12,0,16349180.5,66880883.7,2
MC_s9_dynamic_BigBuckBunny,1789985082.044,0.1045,30208,24,0,16372692.7,66939200.4,2
MC_s9_dynamic_BigBuckBunny,1789985082.149,0.105,15104,12,0,16389748.0,66935860.7,2
MC_s9_dynamic_BigBuckBunny,1789985082.253,0.1046,30208,24,0,16412788.0,66927488.9,2
MC_s9_dynamic_BigBuckBunny,1789985082.358,0.1047,22656,18,0,18529399.8,66859998.7,2
MC_s9_dynamic_BigBuckBunny,1789985082.462,0.1045,22656,18,0,16433885.2,66908805.8,2
MC_s9_dynamic_BigBuckBunny,1789985082.567,0.1045,22656,18,0,18554466.7,66892156.6,2
MC_s9_dynamic_BigBuckBunny,1789985082.673,0.1065,22656,18,0,16456570.3,66917330.5,2
MC_s9_dynamic_BigBuckBunny,1789985082.778,0.1046,30208,24,0,16461764.8,66946672.3,2
MC_s9_dynamic_BigBuckBunny,1789985082.883,0.1045,15104,12,0,16459710.2,66916746.4,2
MC_s9_dynamic_BigBuckBunny,1789985082.987,0.1045,30208,24,0,16451655.7,66866643.4,2
MC_s9_dynamic_BigBuckBunny,1789985083.092,0.1045,15104,12,0,16453974.8,66889023.7,2
MC_s9_dynamic_BigBuckBunny,1789985083.196,0.1046,30208,24,0,16461207.3,66887719.7,2
MC_s9_dynamic_BigBuckBunny,1789985083.301,0.1045,15104,12,0,16458897.2,66843096.4,2
MC_s9_dynamic_BigBuckBunny,1789985083.405,0.1046,30208,24,0,16459007.2,66956814.4,2
MC_s9_dynamic_BigBuckBunny,1789985083.51,0.1045,15104,12,0,16456824.7,66975016.4,2
MC_s9_dynamic_BigBuckBunny,1789985083.614,0.1047,30208,24,0,15681700.5,62069118.8,2
MC_s9_dynamic_BigBuckBunny,1789985083.719,0.1045,30208,24,0,16160101.3,66861652.1,2
MC_s9_dynamic_BigBuckBunny,1789985083.823,0.1045,15104,12,0,16250827.5,66960694.3,2
MC_s9_dynamic_BigBuckBunny,1789985083.928,0.1045,30208,24,0,16345096.7,66953787.5,2
MC_s9_dynamic_BigBuckBunny,1789985084.033,0.1045,15104,12,0,16386755.5,66915902.5,2
MC_s9_dynamic_BigBuckBunny,1789985084.137,0.1047,26993,23,0,17858182.0,57555670.3,2
MC_s9_dynamic_BigBuckBunny,1789985084.242,0.1045,15104,12,0,16247956.8,66860495.1,2
MC_s9_dynamic_BigBuckBunny,1789985084.347,0.1048,30208,24,0,16205164.8,66871402.9,2
MC_s9_dynamic_BigBuckBunny,1789985084.452,0.1057,22656,18,0,18335386.5,66884022.3,2
MC_s9_dynamic_BigBuckBunny,1789985084.557,0.1045,22656,18,0,16255601.2,66813591.2,2
MC_s9_dynamic_BigBuckBunny,1789985084.661,0.1045,22656,18,0,18396655.7,66926243.3,2
MC_s9_dynamic_BigBuckBunny,1789985084.766,0.1046,22656,18,0,16319260.2,66846972.9,2
MC_s9_dynamic_BigBuckBunny,1789985084.87,0.1045,30208,24,0,16356398.8,66889307.2,2
MC_s9_dynamic_BigBuckBunny,1789985084.975,0.1045,15104,12,0,16365445.8,66886444.2,2
MC_s9_dynamic_BigBuckBunny,1789985085.079,0.1045,30208,24,0,16379730.5,66905465.9,2
MC_s9_dynamic_BigBuckBunny,1789985085.184,0.1046,15104,12,0,16387700.3,66912688.2,2
MC_s9_dynamic_BigBuckBunny,1789985085.288,0.1046,30208,24,0,16404642.8,66936274.4,2
MC_s9_dynamic_BigBuckBunny,1789985085.393,0.1047,15104,12,0,16412588.0,66962771.5,2
MC_s9_dynamic_BigBuckBunny,1789985085.498,0.1046,30208,24,0,16414491.8,66867449.6,2
MC_s9_dynamic_BigBuckBunny,1789985085.603,0.1048,22604,17,0,17067067.3,67103815.3,2
MC_s9_dynamic_BigBuckBunny,1789985085.707,0.1045,22708,19,0,17869758.9,66715866.3,2
MC_s9_dynamic_BigBuckBunny,1789985085.812,0.1045,22656,18,0,18555859.0,66900796.9,2
MC_s9_dynamic_BigBuckBunny,1789985085.916,0.1046,22656,18,0,16455221.3,66935157.9,2
MC_s9_dynamic_BigBuckBunny,1789985086.021,0.1045,22656,18,0,18567314.2,66982493.6,2
MC_s9_dynamic_BigBuckBunny,1789985086.125,0.1047,22656,18,0,16465194.3,66893024.3,2
MC_s9_dynamic_BigBuckBunny,1789985086.23,0.1045,37760,30,0,15359530.8,44094792.8,2
MC_s9_dynamic_BigBuckBunny,1789985086.336,0.1058,22656,18,0,14780639.0,66918213.6,2
MC_s9_dynamic_BigBuckBunny,1789985086.44,0.1045,30156,23,0,14485278.7,66976137.8,2
MC_s9_dynamic_BigBuckBunny,1789985086.545,0.1045,15156,13,0,17629395.1,66743208.0,2
MC_s9_dynamic_BigBuckBunny,1789985086.649,0.1045,22103,19,0,18241680.7,56078864.4,2
MC_s9_dynamic_BigBuckBunny,1789985086.754,0.1044,15104,12,0,16572838.8,66783100.0,2
MC_s9_dynamic_BigBuckBunny,1789985086.858,0.1046,30208,24,0,16294332.5,66941952.0,2
MC_s9_dynamic_BigBuckBunny,1789985086.963,0.1045,22656,18,0,18365759.7,66873355.4,2
MC_s9_dynamic_BigBuckBunny,1789985087.067,0.1046,22656,18,0,16270562.3,66958636.7,2
MC_s9_dynamic_BigBuckBunny,1789985087.172,0.1045,22656,18,0,18402651.2,66823565.4,2
MC_s9_dynamic_BigBuckBunny,1789985087.276,0.1046,22656,18,0,16325693.8,66926377.3,2
MC_s9_dynamic_BigBuckBunny,1789985087.381,0.1044,30208,24,0,16362248.8,66897617.3,2
MC_s9_dynamic_BigBuckBunny,1789985087.485,0.1045,15104,12,0,16369335.5,66888332.8,2
MC_s9_dynamic_BigBuckBunny,1789985087.59,0.1045,30208,24,0,16386192.2,66879496.0,2
MC_s9_dynamic_BigBuckBunny,1789985087.702,0.1125,15104,12,0,16395367.5,67006653.2,2
MC_s9_dynamic_BigBuckBunny,1789985087.807,0.1047,30208,24,0,16412352.7,66960162.2,2
MC_s9_dynamic_BigBuckBunny,1789985087.912,0.1047,22656,18,0,18523073.5,66930422.2,2
MC_s9_dynamic_BigBuckBunny,1789985088.016,0.1045,22656,18,0,16415406.8,66901303.9,2
MC_s9_dynamic_BigBuckBunny,1789985088.121,0.1045,22656,18,0,18533313.3,66868976.0,2
MC_s9_dynamic_BigBuckBunny,1789985088.225,0.1044,22656,18,0,16426179.0,66935118.0,2
MC_s9_dynamic_BigBuckBunny,1789985088.332,0.1066,30208,24,0,16433952.5,66938653.4,2
MC_s9_dynamic_BigBuckBunny,1789985088.436,0.1045,15104,12,0,16433513.8,66947610.0,2
MC_s9_dynamic_BigBuckBunny,1789985088.541,0.1044,30208,24,0,16440857.5,66930978.8,2
MC_s9_dynamic_BigBuckBunny,1789985088.645,0.1046,15104,12,0,16444353.7,66894355.7,2
MC_s9_dynamic_BigBuckBunny,1789985088.75,0.1046,30208,24,0,16444166.5,66898433.3,2
MC_s9_dynamic_BigBuckBunny,1789985088.854,0.1046,15104,12,0,16447309.3,66952876.0,2
MC_s9_dynamic_BigBuckBunny,1789985088.959,0.1046,30208,24,0,16458854.0,66912995.8,2
MC_s9_dynamic_BigBuckBunny,1789985089.064,0.1048,22604,17,0,17095383.5,67057215.1,2
MC_s9_dynamic_BigBuckBunny,1789985089.169,0.1047,22708,19,0,17900003.0,66697594.3,2
MC_s9_dynamic_BigBuckBunny,1789985089.273,0.1046,30208,24,0,15845069.5,62891401.4,2
MC_s9_dynamic_BigBuckBunny,1789985089.378,0.1047,15104,12,0,16082354.2,66871650.8,2
MC_s9_dynamic_BigBuckBunny,1789985089.482,0.1045,30208,24,0,16291097.7,66953033.7,2
MC_s9_dynamic_BigBuckBunny,1789985089.587,0.1045,15104,12,0,16331325.0,66914354.8,2
MC_s9_dynamic_BigBuckBunny,1789985089.692,0.1046,27146,23,0,17874796.7,58218139.9,2
MC_s9_dynamic_BigBuckBunny,1789985089.796,0.1045,15104,12,0,16259416.2,66839670.8,2
MC_s9_dynamic_BigBuckBunny,1789985089.901,0.1049,30208,24,0,16213102.7,66844175.7,2
MC_s9_dynamic_BigBuckBunny,1789985090.006,0.1046,22656,18,0,18349277.2,66910902.0,2
MC_s9_dynamic_BigBuckBunny,1789985090.11,0.1047,22656,18,0,16272573.5,66922673.8,2
MC_s9_dynamic_BigBuckBunny,1789985090.215,0.1046,22656,18,0,18422220.8,66857025.7,2
MC_s9_dynamic_BigBuckBunny,1789985090.32,0.1047,22656,18,0,16346367.5,66910437.6,2
MC_s9_dynamic_BigBuckBunny,1789985090.424,0.1046,30208,24,0,16374256.5,66920828.2,2
MC_s9_dynamic_BigBuckBunny,1789985090.529,0.1046,15104,12,0,16389509.5,66895094.3,2
MC_s9_dynamic_BigBuckBunny,1789985090.633,0.1045,23978,21,0,18986016.2,56740808.8,2
MC_s9_dynamic_BigBuckBunny,1789985090.738,0.1046,30208,24,0,13616762.2,49645482.8,2
MC_s9_dynamic_BigBuckBunny,1789985090.842,0.1044,22656,18,0,17073192.3,66920465.5,2
MC_s9_dynamic_BigBuckBunny,1789985090.95,0.1073,22656,18,0,15537195.5,66902385.5,2
MC_s9_dynamic_BigBuckBunny,1789985091.054,0.1046,22656,18,0,17921178.2,66950713.6,2
MC_s9_dynamic_BigBuckBunny,1789985091.159,0.1045,22656,18,0,15975174.5,66942258.2,2
MC_s9_dynamic_BigBuckBunny,1789985091.263,0.1045,30208,24,0,16110984.7,66951742.4,2
MC_s9_dynamic_BigBuckBunny,1789985091.368,0.1044,15104,12,0,16155276.7,66891231.0,2
MC_s9_dynamic_BigBuckBunny,1789985091.472,0.1044,30208,24,0,16225971.3,66957638.8,2
MC_s9_dynamic_BigBuckBunny,1789985091.577,0.1045,15104,12,0,16257032.3,66829395.5,2
MC_s9_dynamic_BigBuckBunny,1789985091.681,0.1045,30208,24,0,16308763.8,66871496.7,2
MC_s9_dynamic_BigBuckBunny,1789985091.785,0.1044,15104,12,0,16332707.3,66984993.3,2
MC_s9_dynamic_BigBuckBunny,1789985091.89,0.1044,30208,24,0,16362533.8,66940682.2,2
MC_s9_dynamic_BigBuckBunny,1789985091.994,0.1044,22604,17,0,17028183.6,67060094.1,2
MC_s9_dynamic_BigBuckBunny,1789985092.099,0.1046,22708,19,0,17820857.8,66812617.4,2
MC_s9_dynamic_BigBuckBunny,1789985092.203,0.1046,15104,12,0,16813504.7,71888027.6,2
MC_s9_dynamic_BigBuckBunny,1789985092.308,0.1046,30208,24,0,17017096.5,70572540.5,2
MC_s9_dynamic_BigBuckBunny,1789985092.413,0.1047,15104,12,0,17208565.3,71776000.1,2
MC_s9_dynamic_BigBuckBunny,1789985092.517,0.1046,20294,18,0,20541908.7,59020991.8,2
MC_s9_dynamic_BigBuckBunny,1789985092.623,0.1051,15104,12,0,18164301.8,71783856.4,2
MC_s9_dynamic_BigBuckBunny,1789985092.73,0.1078,30208,24,0,17738929.8,71710255.7,2
MC_s9_dynamic_BigBuckBunny,1789985092.835,0.1051,15104,12,0,17691889.0,71816179.6,2
MC_s9_dynamic_BigBuckBunny,1789985092.94,0.1048,30208,24,0,17492043.7,70460980.8,2
MC_s9_dynamic_BigBuckBunny,1789985093.045,0.1045,15104,12,0,17187536.0,66940237.8,2
MC_s9_dynamic_BigBuckBunny,1789985093.149,0.1047,30208,24,0,17527993.7,71733675.8,2
MC_s9_dynamic_BigBuckBunny,1789985093.254,0.1046,15104,12,0,17606415.7,71746397.3,2
MC_s9_dynamic_BigBuckBunny,1789985093.358,0.1045,30208,24,0,15591471.8,58744765.3,2
MC_s9_dynamic_BigBuckBunny,1789985093.463,0.1046,22604,17,0,17273679.8,71051475.6,2
MC_s9_dynamic_BigBuckBunny,1789985093.567,0.1044,22708,19,0,18556839.1,70768392.4,2
MC_s9_dynamic_BigBuckBunny,1789985093.672,0.1046,15104,12,0,17276181.7,71791133.9,2
MC_s9_dynamic_BigBuckBunny,1789985093.777,0.1046,30208,24,0,17497113.7,71745739.9,2
MC_s9_dynamic_BigBuckBunny,1789985093.881,0.1046,15104,12,0,17560275.2,71731723.4,2
MC_s9_dynamic_BigBuckBunny,1789985093.986,0.1046,30208,24,0,17451440.7,70507677.5,2
MC_s9_dynamic_BigBuckBunny,1789985094.09,0.1046,15104,12,0,17167918.5,66915645.7,2
MC_s9_dynamic_BigBuckBunny,1789985094.195,0.1046,26522,23,0,19512074.0,64212699.0,2
MC_s9_dynamic_BigBuckBunny,1789985094.3,0.1047,15104,12,0,17670610.8,71808636.2,2
MC_s9_dynamic_BigBuckBunny,1789985094.404,0.1047,22656,18,0,19922453.0,71725146.8,2
MC_s9_dynamic_BigBuckBunny,1789985094.509,0.1046,22656,18,0,17385257.2,70056175.4,2
MC_s9_dynamic_BigBuckBunny,1789985094.614,0.1048,868722,690,10,85399.4,2461871.7,2
MC_s9_dynamic_BigBuckBunny,1789985094.718,0.1045,12284,13,0,6870329.8,72529497.7,2
MC_s9_dynamic_BigBuckBunny,1789985094.823,0.1046,7820,10,5,14401465.0,44572871.1,2
MC_s9_dynamic_BigBuckBunny,1789985094.928,0.1047,21896,28,14,15013504.5,58638972.3,2
MC_s9_dynamic_BigBuckBunny,1789985095.032,0.1046,25024,32,16,10353320.0,59159230.1,2
MC_s9_dynamic_BigBuckBunny,1789985095.137,0.1048,38212,38,4,9365311.1,62002181.7,2
MC_s9_dynamic_BigBuckBunny,1789985095.242,0.1047,39312,32,0,8847268.1,63844009.3,2
MC_s9_dynamic_BigBuckBunny,1789985095.346,0.1046,20296,26,1,9895197.5,56340373.6,2
MC_s9_dynamic_BigBuckBunny,1789985095.452,0.1056,33208,26,0,10354041.5,65685229.0,2
MC_s9_dynamic_BigBuckBunny,1789985095.557,0.1047,21104,16,0,9598199.2,67695016.4,2
MC_s9_dynamic_BigBuckBunny,1789985095.661,0.1047,42208,32,0,9690496.0,67771345.8,2
MC_s9_dynamic_BigBuckBunny,1789985095.766,0.1047,34708,27,0,10413864.8,54975568.5,2
MC_s9_dynamic_BigBuckBunny,1789985095.87,0.1045,36156,27,0,7861187.3,58366782.2,2
MC_s9_dynamic_BigBuckBunny,1789985095.975,0.1046,48208,36,0,7472636.2,55849858.8,2
MC_s9_dynamic_BigBuckBunny,1789985096.08,0.1047,37708,29,0,10280213.5,62310330.8,2
MC_s9_dynamic_BigBuckBunny,1789985096.184,0.1046,37760,30,0,10347702.0,45513004.6,2
MC_s9_dynamic_BigBuckBunny,1789985096.289,0.1047,25527,21,0,7934723.8,18445141.5,2
MC_s9_dynamic_BigBuckBunny,1789985096.394,0.1047,0,0,0,0,0,0
MC_s9_dynamic_BigBuckBunny,1789985096.498,0.1046,0,0,0,0,0,0
MC_s9_dynamic_BigBuckBunny,1789985096.603,0.1046,0,0,0,0,0,0
MC_s9_dynamic_BigBuckBunny,1789985096.708,0.1047,0,0,0,0,0,0
MC_s9_dynamic_BigBuckBunny,1789985096.812,0.1047,0,0,0,0,0,0
MC_s9_dynamic_BigBuckBunny,1789985096.917,0.1047,0,0,0,0,0,0
MC_s9_dynamic_BigBuckBunny,1789985097.021,0.1046,0,0,0,0,0,0
MC_s9_dynamic_BigBuckBunny,1789985097.126,0.1047,0,0,0,0,0,0
MC_s9_dynamic_BigBuckBunny,1789985097.231,0.1046,0,0,0,0,0,0
MC_s9_dynamic_BigBuckBunny,1789985097.336,0.1051,447,1,0,83692664.0,0,1
MC_s9_dynamic_BigBuckBunny,1789985097.441,0.1047,0,0,0,0,0,0
MC_s9_dynamic_BigBuckBunny,1789985097.545,0.1046,1947,2,1,106033855.0,292905291.0,2
MC_s9_dynamic_BigBuckBunny,1789985097.65,0.1047,12104,10,0,113955724.6,60555941.6,2
MC_s9_dynamic_BigBuckBunny,1789985097.763,0.1128,12208,12,0,86135798.3,52434706.6,2
MC_s9_dynamic_BigBuckBunny,1789985097.867,0.1047,15156,13,0,60486431.3,56962133.6,2
MC_s9_dynamic_BigBuckBunny,1789985097.972,0.1047,6156,7,0,63256409.9,61550131.0,2
MC_s9_dynamic_BigBuckBunny,1789985098.077,0.1048,13656,12,0,46431006.0,78678288.7,2
MC_s9_dynamic_BigBuckBunny,1789985098.182,0.1047,15320,15,0,39448725.1,58308903.3,2
MC_s9_dynamic_BigBuckBunny,1789985098.286,0.1047,19760,18,0,31806681.8,68774863.8,2
MC_s9_dynamic_BigBuckBunny,1789985098.391,0.1046,12156,11,0,27767812.5,59248279.7,2
MC_s9_dynamic_BigBuckBunny,1789985098.495,0.1046,17784,17,0,27070847.1,57785960.0,2
MC_s9_dynamic_BigBuckBunny,1789985098.6,0.1046,0,0,0,0,0,0
MC_s9_dynamic_BigBuckBunny,1789985098.705,0.1047,0,0,0,0,0,0
MC_s9_dynamic_BigBuckBunny,1789985098.81,0.1047,0,0,0,0,0,0
MC_s9_dynamic_BigBuckBunny,1789985098.914,0.1048,0,0,0,0,0,0
MC_s9_dynamic_BigBuckBunny,1789985099.019,0.1046,0,0,0,0,0,0
MC_s9_dynamic_BigBuckBunny,1789985099.124,0.1047,0,0,0,0,0,0
MC_s9_dynamic_BigBuckBunny,1789985099.228,0.1047,0,0,0,0,0,0
MC_s9_dynamic_BigBuckBunny,1789985099.334,0.1059,0,0,0,0,0,0
MC_s9_dynamic_BigBuckBunny,1789985099.44,0.106,0,0,0,0,0,0
MC_s9_dynamic_BigBuckBunny,1789985099.545,0.1046,0,0,0,0,0,0
MC_s9_dynamic_BigBuckBunny,1789985099.65,0.1046,0,0,0,0,0,0
MC_s9_dynamic_BigBuckBunny,1789985099.754,0.1046,0,0,0,0,0,0
MC_s9_dynamic_BigBuckBunny,1789985099.859,0.1046,0,0,0,0,0,0
MC_s9_dynamic_BigBuckBunny,1789985099.963,0.1047,0,0,0,0,0,0
MC_s9_dynamic_BigBuckBunny,1789985100.068,0.1047,0,0,0,0,0,0
MC_s9_dynamic_BigBuckBunny,1789985100.173,0.1047,0,0,0,0,0,0
MC_s9_dynamic_BigBuckBunny,1789985100.278,0.1047,0,0,0,0,0,0
MC_s9_dynamic_BigBuckBunny,1789985100.382,0.1047,0,0,0,0,0,0
MC_s9_dynamic_BigBuckBunny,1789985100.487,0.1048,0,0,0,0,0,0
MC_s9_dynamic_BigBuckBunny,1789985100.592,0.1049,0,0,0,0,0,0
MC_s9_dynamic_BigBuckBunny,1789985100.697,0.1048,0,0,0,0,0,0
MC_s9_dynamic_BigBuckBunny,1789985100.801,0.1048,0,0,0,0,0,0
MC_s9_dynamic_BigBuckBunny,1789985100.906,0.1049,0,0,0,0,0,0
MC_s9_dynamic_BigBuckBunny,1789985101.011,0.1048,0,0,0,0,0,0
MC_s9_dynamic_BigBuckBunny,1789985101.116,0.1048,0,0,0,0,0,0
MC_s9_dynamic_BigBuckBunny,1789985101.221,0.1048,0,0,0,0,0,0
MC_s9_dynamic_BigBuckBunny,1789985101.326,0.1048,0,0,0,0,0,0
MC_s9_dynamic_BigBuckBunny,1789985101.432,0.106,0,0,0,0,0,0
MC_s9_dynamic_BigBuckBunny,1789985101.536,0.1047,447,1,0,239051575.0,0,1
MC_s9_dynamic_BigBuckBunny,1789985101.641,0.1049,7604,7,0,320241081.0,53946020.1,2
MC_s9_dynamic_BigBuckBunny,1789985101.746,0.1049,18208,16,0,193280890.0,48729981.1,2
MC_s9_dynamic_BigBuckBunny,1789985101.851,0.1048,18208,16,0,124808409.5,60344306.6,2
MC_s9_dynamic_BigBuckBunny,1789985101.958,0.1072,22708,19,0,74007941.9,52935541.0,2
MC_s9_dynamic_BigBuckBunny,1789985102.063,0.1051,30312,26,0,49660365.6,43833801.1,2
MC_s9_dynamic_BigBuckBunny,1789985102.168,0.1048,37916,33,0,31155306.5,44650532.8,2
MC_s9_dynamic_BigBuckBunny,1789985102.273,0.1049,30260,25,0,23321280.2,47717705.9,2
MC_s9_dynamic_BigBuckBunny,1789985102.378,0.1047,7442,6,0,21686655.8,66762527.4,2
MC_s9_dynamic_BigBuckBunny,1789985102.482,0.1048,0,0,0,0,0,0
MC_s9_dynamic_BigBuckBunny,1789985102.587,0.1048,0,0,0,0,0,0
MC_s9_dynamic_BigBuckBunny,1789985102.692,0.1048,0,0,0,0,0,0
MC_s9_dynamic_BigBuckBunny,1789985102.805,0.1129,0,0,0,0,0,0
MC_s9_dynamic_BigBuckBunny,1789985102.91,0.105,0,0,0,0,0,0
MC_s9_dynamic_BigBuckBunny,1789985103.015,0.1048,0,0,0,0,0,0
MC_s9_dynamic_BigBuckBunny,1789985103.12,0.1053,0,0,0,0,0,0
MC_s9_dynamic_BigBuckBunny,1789985103.225,0.1048,0,0,0,0,0,0
MC_s9_dynamic_BigBuckBunny,1789985103.334,0.1088,0,0,0,0,0,0
MC_s9_dynamic_BigBuckBunny,1789985103.438,0.1047,0,0,0,0,0,0
MC_s9_dynamic_BigBuckBunny,1789985103.543,0.1047,0,0,0,0,0,0
MC_s9_dynamic_BigBuckBunny,1789985103.648,0.1049,0,0,0,0,0,0
MC_s9_dynamic_BigBuckBunny,1789985103.753,0.1048,0,0,0,0,0,0
MC_s9_dynamic_BigBuckBunny,1789985103.857,0.1047,0,0,0,0,0,0
MC_s9_dynamic_BigBuckBunny,1789985103.962,0.1048,0,0,0,0,0,0
MC_s9_dynamic_BigBuckBunny,1789985104.067,0.1049,0,0,0,0,0,0
MC_s9_dynamic_BigBuckBunny,1789985104.172,0.1048,0,0,0,0,0,0
MC_s9_dynamic_BigBuckBunny,1789985104.277,0.1048,0,0,0,0,0,0
MC_s9_dynamic_BigBuckBunny,1789985104.381,0.1047,0,0,0,0,0,0
MC_s9_dynamic_BigBuckBunny,1789985104.486,0.1047,0,0,0,0,0,0
MC_s9_dynamic_BigBuckBunny,1789985104.591,0.1047,0,0,0,0,0,0
MC_s9_dynamic_BigBuckBunny,1789985104.696,0.1047,0,0,0,0,0,0
MC_s9_dynamic_BigBuckBunny,1789985104.8,0.1048,0,0,0,0,0,0
MC_s9_dynamic_BigBuckBunny,1789985104.905,0.1046,0,0,0,0,0,0
MC_s9_dynamic_BigBuckBunny,1789985105.01,0.1046,0,0,0,0,0,0
MC_s9_dynamic_BigBuckBunny,1789985105.114,0.1047,0,0,0,0,0,0
MC_s9_dynamic_BigBuckBunny,1789985105.219,0.1047,0,0,0,0,0,0
MC_s9_dynamic_BigBuckBunny,1789985105.324,0.1049,0,0,0,0,0,0
MC_s9_dynamic_BigBuckBunny,1789985105.429,0.1048,15551,13,0,271251367.5,39505482.3,2
MC_s9_dynamic_BigBuckBunny,1789985105.533,0.1047,18104,14,0,147004074.0,66612190.2,2
MC_s9_dynamic_BigBuckBunny,1789985105.638,0.1048,36208,28,0,66662092.1,62101272.3,2
MC_s9_dynamic_BigBuckBunny,1789985105.743,0.1047,28708,23,0,52271876.6,52255451.2,2
MC_s9_dynamic_BigBuckBunny,1789985105.848,0.1047,42312,34,0,35125772.1,62875067.4,2
MC_s9_dynamic_BigBuckBunny,1789985105.954,0.1067,14581,14,0,45623206.6,58998511.5,2
MC_s9_dynamic_BigBuckBunny,1789985106.059,0.1049,22656,18,0,28206055.5,49520524.9,2
MC_s9_dynamic_BigBuckBunny,1789985106.164,0.1048,15104,12,0,26505074.8,61605427.4,2
MC_s9_dynamic_BigBuckBunny,1789985106.269,0.1048,30208,24,0,24071772.7,64594675.0,2
MC_s9_dynamic_BigBuckBunny,1789985106.373,0.1047,21208,18,0,28684734.0,60764914.2,2
MC_s9_dynamic_BigBuckBunny,1789985106.478,0.1048,12104,10,0,26607419.8,65497436.1,2
MC_s9_dynamic_BigBuckBunny,1789985106.583,0.1048,24208,20,0,25605974.2,65477777.5,2
MC_s9_dynamic_BigBuckBunny,1789985106.688,0.1049,18156,15,0,26459860.4,60145865.2,2
MC_s9_dynamic_BigBuckBunny,1789985106.793,0.1049,18156,15,0,23391682.8,61508599.3,2
MC_s9_dynamic_BigBuckBunny,1789985106.898,0.105,24208,20,0,22863367.8,63514405.3,2
MC_s9_dynamic_BigBuckBunny,1789985107.002,0.1048,12104,10,0,22800128.2,65553946.8,2
MC_s9_dynamic_BigBuckBunny,1789985107.107,0.1048,24208,20,0,22864992.8,67464192.3,2
MC_s9_dynamic_BigBuckBunny,1789985107.212,0.1048,30260,25,0,17838834.0,49426640.3,2
MC_s9_dynamic_BigBuckBunny,1789985107.317,0.1049,21454,18,0,20733101.0,59559601.0,2
MC_s9_dynamic_BigBuckBunny,1789985107.422,0.1049,45312,36,0,11732462.8,30179426.4,2
MC_s9_dynamic_BigBuckBunny,1789985107.527,0.1048,45312,36,0,9512020.8,31532285.3,2
MC_s9_dynamic_BigBuckBunny,1789985107.632,0.1049,52864,42,0,8956006.8,31541247.9,2
MC_s9_dynamic_BigBuckBunny,1789985107.736,0.1048,52812,41,0,7514748.0,31509820.2,2
MC_s9_dynamic_BigBuckBunny,1789985107.843,0.1068,45364,37,0,7617669.6,31453889.7,2
MC_s9_dynamic_BigBuckBunny,1789985107.95,0.1069,45312,36,0,7111754.7,31520003.1,2
MC_s9_dynamic_BigBuckBunny,1789985108.055,0.1048,52864,42,0,7497269.7,31549248.2,2
MC_s9_dynamic_BigBuckBunny,1789985108.16,0.1049,52864,42,0,6792025.2,31547415.0,2
MC_s9_dynamic_BigBuckBunny,1789985108.265,0.1048,39902,34,0,8133679.8,27670673.5,2
MC_s9_dynamic_BigBuckBunny,1789985108.369,0.1047,52864,42,0,6687218.8,31533458.9,2
MC_s9_dynamic_BigBuckBunny,1789985108.474,0.1048,75520,60,0,4285713.7,20739197.7,2
MC_s9_dynamic_BigBuckBunny,1789985108.579,0.1048,52864,42,0,6161280.7,28153256.6,2
MC_s9_dynamic_BigBuckBunny,1789985108.684,0.1049,45312,36,0,6642011.2,31507126.0,2
MC_s9_dynamic_BigBuckBunny,1789985108.789,0.1048,52864,42,0,6272213.2,31505664.9,2
MC_s9_dynamic_BigBuckBunny,1789985108.894,0.105,45312,36,0,6377277.0,31491992.6,2
MC_s9_dynamic_BigBuckBunny,1789985108.998,0.1048,30208,24,0,9697336.3,55644859.5,2
MC_s9_dynamic_BigBuckBunny,1789985109.103,0.1048,30208,24,0,10524765.3,53602474.7,2
MC_s9_dynamic_BigBuckBunny,1789985109.208,0.1049,27156,21,0,11400578.1,54899892.1,2
MC_s9_dynamic_BigBuckBunny,1789985109.313,0.1048,16221,14,0,13815316.9,52651574.3,2
MC_s9_dynamic_BigBuckBunny,1789985109.418,0.1051,18208,16,0,18014473.8,57312370.6,2
MC_s9_dynamic_BigBuckBunny,1789985109.523,0.1048,25760,22,0,16279752.0,78578541.1,2
MC_s9_dynamic_BigBuckBunny,1789985109.628,0.1049,27208,22,0,14394765.5,55561295.7,2
MC_s9_dynamic_BigBuckBunny,1789985109.733,0.1051,16656,14,0,14798409.8,65496654.8,2
MC_s9_dynamic_BigBuckBunny,1789985109.838,0.1057,40864,34,0,13486799.4,54626284.3,2
MC_s9_dynamic_BigBuckBunny,1789985109.952,0.1136,43760,34,0,10313395.6,43167814.2,2
MC_s9_dynamic_BigBuckBunny,1789985110.057,0.1048,36156,27,0,9461450.1,54744856.4,2
MC_s9_dynamic_BigBuckBunny,1789985110.162,0.105,16708,15,0,12831011.9,56251468.5,2
MC_s9_dynamic_BigBuckBunny,1789985110.267,0.1049,18156,15,0,13552851.0,60217110.2,2
MC_s9_dynamic_BigBuckBunny,1789985110.372,0.105,24208,20,0,14187365.6,63033933.3,2
MC_s9_dynamic_BigBuckBunny,1789985110.477,0.1048,24208,20,0,11488630.0,46463487.8,2
MC_s9_dynamic_BigBuckBunny,1789985110.581,0.1048,36312,30,0,11422932.2,40844842.7,2
MC_s9_dynamic_BigBuckBunny,1789985110.687,0.1052,21208,18,0,12950917.3,47442992.1,2
MC_s9_dynamic_BigBuckBunny,1789985110.792,0.1052,30260,25,0,11241092.4,64502905.6,2
MC_s9_dynamic_BigBuckBunny,1789985110.897,0.1052,27260,23,0,13182935.8,61515514.5,2
MC_s9_dynamic_BigBuckBunny,1789985111.002,0.1051,2941,3,0,17327412.0,90482674.8,2
MC_s9_dynamic_BigBuckBunny,1789985111.107,0.1051,0,0,0,0,0,0
MC_s9_dynamic_BigBuckBunny,1789985111.212,0.1051,0,0,0,0,0,0
MC_s9_dynamic_BigBuckBunny,1789985111.317,0.105,0,0,0,0,0,0
MC_s9_dynamic_BigBuckBunny,1789985111.423,0.1052,0,0,0,0,0,0
MC_s9_dynamic_BigBuckBunny,1789985111.528,0.1052,0,0,0,0,0,0
MC_s9_dynamic_BigBuckBunny,1789985111.633,0.1053,0,0,0,0,0,0
MC_s9_dynamic_BigBuckBunny,1789985111.738,0.1052,0,0,0,0,0,0
MC_s9_dynamic_BigBuckBunny,1789985111.843,0.1053,0,0,0,0,0,0
MC_s9_dynamic_BigBuckBunny,1789985111.95,0.1065,0,0,0,0,0,0
MC_s9_dynamic_BigBuckBunny,1789985112.055,0.1053,0,0,0,0,0,0
MC_s9_dynamic_BigBuckBunny,1789985112.16,0.1051,0,0,0,0,0,0
MC_s9_dynamic_BigBuckBunny,1789985112.266,0.1052,0,0,0,0,0,0
MC_s9_dynamic_BigBuckBunny,1789985112.371,0.1051,0,0,0,0,0,0
MC_s9_dynamic_BigBuckBunny,1789985112.476,0.1052,0,0,0,0,0,0
MC_s9_dynamic_BigBuckBunny,1789985112.581,0.1051,0,0,0,0,0,0
MC_s9_dynamic_BigBuckBunny,1789985112.686,0.105,0,0,0,0,0,0
MC_s9_dynamic_BigBuckBunny,1789985112.791,0.105,0,0,0,0,0,0
MC_s9_dynamic_BigBuckBunny,1789985112.898,0.1069,0,0,0,0,0,0
MC_s9_dynamic_BigBuckBunny,1789985113.003,0.1054,0,0,0,0,0,0
MC_s9_dynamic_BigBuckBunny,1789985113.108,0.1049,0,0,0,0,0,0
MC_s9_dynamic_BigBuckBunny,1789985113.213,0.1051,0,0,0,0,0,0
MC_s9_dynamic_BigBuckBunny,1789985113.319,0.1053,0,0,0,0,0,0
MC_s9_dynamic_BigBuckBunny,1789985113.424,0.1052,0,0,0,0,0,0
MC_s9_dynamic_BigBuckBunny,1789985113.529,0.105,447,1,0,179111232.0,0,1
MC_s9_dynamic_BigBuckBunny,1789985113.634,0.1056,30208,24,0,135339062.5,49388420.5,2
MC_s9_dynamic_BigBuckBunny,1789985113.74,0.1051,30208,24,0,67543318.3,59552897.0,2
MC_s9_dynamic_BigBuckBunny,1789985113.845,0.105,27208,22,0,48987766.9,60883474.7,2
MC_s9_dynamic_BigBuckBunny,1789985113.951,0.1066,18208,16,0,49534256.5,49983576.1,2
MC_s9_dynamic_BigBuckBunny,1789985114.056,0.1051,16708,15,0,45574710.7,65280930.7,2
MC_s9_dynamic_BigBuckBunny,1789985114.161,0.1052,22760,20,0,35767272.2,34975967.1,2
MC_s9_dynamic_BigBuckBunny,1789985114.267,0.1052,22760,20,0,30452693.5,46955139.7,2
MC_s9_dynamic_BigBuckBunny,1789985114.372,0.1051,18208,16,0,28519571.2,49358275.7,2
MC_s9_dynamic_BigBuckBunny,1789985114.477,0.105,18208,16,0,27099416.0,50342070.6,2
MC_s9_dynamic_BigBuckBunny,1789985114.582,0.1051,18208,16,0,24831620.2,45359145.6,2
MC_s9_dynamic_BigBuckBunny,1789985114.687,0.1053,59176,52,0,10997339.5,19042337.7,2
MC_s9_dynamic_BigBuckBunny,1789985114.792,0.105,77384,68,0,5313095.5,11445138.5,2
MC_s9_dynamic_BigBuckBunny,1789985114.897,0.1052,65584,59,0,3760529.0,11206508.4,2
MC_s9_dynamic_BigBuckBunny,1789985115.003,0.1052,0,0,0,0,0,0
MC_s9_dynamic_BigBuckBunny,1789985115.107,0.1049,0,0,0,0,0,0
MC_s9_dynamic_BigBuckBunny,1789985115.213,0.1051,0,0,0,0,0,0
MC_s9_dynamic_BigBuckBunny,1789985115.318,0.105,0,0,0,0,0,0
MC_s9_dynamic_BigBuckBunny,1789985115.423,0.1052,0,0,0,0,0,0
MC_s9_dynamic_BigBuckBunny,1789985115.528,0.105,0,0,0,0,0,0
MC_s9_dynamic_BigBuckBunny,1789985115.633,0.1051,0,0,0,0,0,0
MC_s9_dynamic_BigBuckBunny,1789985115.738,0.1051,0,0,0,0,0,0
MC_s9_dynamic_BigBuckBunny,1789985115.843,0.105,0,0,0,0,0,0
MC_s9_dynamic_BigBuckBunny,1789985115.951,0.1075,0,0,0,0,0,0
MC_s9_dynamic_BigBuckBunny,1789985116.056,0.1051,0,0,0,0,0,0
MC_s9_dynamic_BigBuckBunny,1789985116.161,0.1051,0,0,0,0,0,0
MC_s9_dynamic_BigBuckBunny,1789985116.266,0.1051,0,0,0,0,0,0
MC_s9_dynamic_BigBuckBunny,1789985116.371,0.105,0,0,0,0,0,0
MC_s9_dynamic_BigBuckBunny,1789985116.476,0.1051,0,0,0,0,0,0
MC_s9_dynamic_BigBuckBunny,1789985116.581,0.105,0,0,0,0,0,0
MC_s9_dynamic_BigBuckBunny,1789985116.686,0.1051,0,0,0,0,0,0
MC_s9_dynamic_BigBuckBunny,1789985116.791,0.105,0,0,0,0,0,0
MC_s9_dynamic_BigBuckBunny,1789985116.896,0.1052,0,0,0,0,0,0
MC_s9_dynamic_BigBuckBunny,1789985117.001,0.105,0,0,0,0,0,0
MC_s9_dynamic_BigBuckBunny,1789985117.106,0.105,0,0,0,0,0,0
MC_s9_dynamic_BigBuckBunny,1789985117.211,0.1052,0,0,0,0,0,0
MC_s9_dynamic_BigBuckBunny,1789985117.317,0.1051,0,0,0,0,0,0
MC_s9_dynamic_BigBuckBunny,1789985117.422,0.1053,0,0,0,0,0,0
MC_s9_dynamic_BigBuckBunny,1789985117.527,0.105,9551,9,0,262951279.0,40957176.6,2
MC_s9_dynamic_BigBuckBunny,1789985117.632,0.1054,22708,19,0,129439848.4,49968766.1,2
MC_s9_dynamic_BigBuckBunny,1789985117.737,0.1051,24208,20,0,72589662.8,51434160.9,2
MC_s9_dynamic_BigBuckBunny,1789985117.843,0.1052,25708,21,0,50490051.0,50998603.8,2
MC_s9_dynamic_BigBuckBunny,1789985117.952,0.1092,19708,17,0,42367895.1,66048884.6,2
MC_s9_dynamic_BigBuckBunny,1789985118.057,0.1051,30208,24,0,27018394.3,55598807.4,2
MC_s9_dynamic_BigBuckBunny,1789985118.162,0.1053,30208,24,0,23175558.7,55581056.5,2
MC_s9_dynamic_BigBuckBunny,1789985118.267,0.1052,30208,24,0,20800320.2,55567959.7,2
MC_s9_dynamic_BigBuckBunny,1789985118.372,0.105,30208,24,0,19121710.5,55626174.1,2
MC_s9_dynamic_BigBuckBunny,1789985118.477,0.105,30208,24,0,17871911.3,55558306.3,2
MC_s9_dynamic_BigBuckBunny,1789985118.582,0.1051,22656,18,0,18885274.7,55561590.6,2
MC_s9_dynamic_BigBuckBunny,1789985118.688,0.1054,30208,24,0,18113522.8,55456175.8,2
MC_s9_dynamic_BigBuckBunny,1789985118.793,0.1051,22656,18,0,15891724.7,55585239.0,2
MC_s9_dynamic_BigBuckBunny,1789985118.898,0.1052,30208,24,0,15385890.2,55451093.4,2
MC_s9_dynamic_BigBuckBunny,1789985119.003,0.1051,30208,24,0,15005906.3,55626347.1,2
MC_s9_dynamic_BigBuckBunny,1789985119.108,0.1051,12595,11,0,15610732.8,53822131.4,2
MC_s9_dynamic_BigBuckBunny,1789985119.213,0.1052,0,0,0,0,0,0
MC_s9_dynamic_BigBuckBunny,1789985119.319,0.1053,0,0,0,0,0,0
MC_s9_dynamic_BigBuckBunny,1789985119.424,0.1053,0,0,0,0,0,0
MC_s9_dynamic_BigBuckBunny,1789985119.529,0.105,0,0,0,0,0,0
MC_s9_dynamic_BigBuckBunny,1789985119.634,0.1052,0,0,0,0,0,0
MC_s9_dynamic_BigBuckBunny,1789985119.74,0.1053,0,0,0,0,0,0
MC_s9_dynamic_BigBuckBunny,1789985119.845,0.1053,0,0,0,0,0,0
MC_s9_dynamic_BigBuckBunny,1789985119.952,0.1071,0,0,0,0,0,0
MC_s9_dynamic_BigBuckBunny,1789985120.057,0.1049,0,0,0,0,0,0
MC_s9_dynamic_BigBuckBunny,1789985120.162,0.1052,0,0,0,0,0,0
MC_s9_dynamic_BigBuckBunny,1789985120.267,0.1053,0,0,0,0,0,0
MC_s9_dynamic_BigBuckBunny,1789985120.373,0.1053,0,0,0,0,0,0
MC_s9_dynamic_BigBuckBunny,1789985120.478,0.105,0,0,0,0,0,0
MC_s9_dynamic_BigBuckBunny,1789985120.583,0.1051,0,0,0,0,0,0
MC_s9_dynamic_BigBuckBunny,1789985120.688,0.1052,0,0,0,0,0,0
MC_s9_dynamic_BigBuckBunny,1789985120.793,0.1051,0,0,0,0,0,0
MC_s9_dynamic_BigBuckBunny,1789985120.898,0.1053,0,0,0,0,0,0
MC_s9_dynamic_BigBuckBunny,1789985121.003,0.1051,0,0,0,0,0,0
MC_s9_dynamic_BigBuckBunny,1789985121.108,0.105,448,1,0,167814410.0,0,1
MC_s9_dynamic_BigBuckBunny,1789985121.214,0.1052,30208,24,0,111757725.7,50778042.7,2
MC_s9_dynamic_BigBuckBunny,1789985121.319,0.1052,30208,24,0,56834519.3,52586080.4,2
MC_s9_dynamic_BigBuckBunny,1789985121.424,0.1054,45312,36,0,29257627.2,31984864.9,2
MC_s9_dynamic_BigBuckBunny,1789985121.529,0.105,31708,25,0,24551995.9,52082740.0,2
MC_s9_dynamic_BigBuckBunny,1789985121.634,0.1051,36208,28,0,19402191.4,53642492.5,2
MC_s9_dynamic_BigBuckBunny,1789985121.739,0.1052,36208,28,0,17614410.3,54624614.5,2
MC_s9_dynamic_BigBuckBunny,1789985121.845,0.1051,28656,22,0,18287095.8,64356793.3,2
MC_s9_dynamic_BigBuckBunny,1789985121.952,0.1075,52760,40,0,12283133.9,52485404.7,2
MC_s9_dynamic_BigBuckBunny,1789985122.057,0.105,42208,32,0,11520837.0,52626574.9,2
MC_s9_dynamic_BigBuckBunny,1789985122.162,0.1052,31656,24,0,12647284.9,56356669.8,2
MC_s9_dynamic_BigBuckBunny,1789985122.267,0.1051,31656,24,0,10966106.9,57606368.0,2
MC_s9_dynamic_BigBuckBunny,1789985122.372,0.1049,43760,34,0,11037197.8,58097969.2,2
MC_s9_dynamic_BigBuckBunny,1789985122.477,0.105,42208,32,0,10379152.8,60713107.8,2
MC_s9_dynamic_BigBuckBunny,1789985122.582,0.1051,24156,19,0,10839459.4,61655295.8,2
MC_s9_dynamic_BigBuckBunny,1789985122.688,0.1053,49812,39,0,9131897.1,59658430.1,2
MC_s9_dynamic_BigBuckBunny,1789985122.793,0.1052,49760,38,0,8176243.6,55703776.0,2
MC_s9_dynamic_BigBuckBunny,1789985122.898,0.1052,54208,40,0,6855138.5,59718489.1,2
MC_s9_dynamic_BigBuckBunny,1789985123.005,0.1071,42208,32,0,7901315.9,52358828.4,2
MC_s9_dynamic_BigBuckBunny,1789985123.11,0.1051,43656,32,0,5989616.1,58416328.0,2
MC_s9_dynamic_BigBuckBunny,1789985123.216,0.1053,60208,44,0,5881102.5,60795030.6,2
MC_s9_dynamic_BigBuckBunny,1789985123.321,0.1053,46708,35,0,7074912.4,60995540.7,2
MC_s9_dynamic_BigBuckBunny,1789985123.426,0.1052,51260,39,0,7450209.5,72128360.3,2
MC_s9_dynamic_BigBuckBunny,1789985123.531,0.1051,49916,41,0,4901013.4,59992577.6,2
MC_s9_dynamic_BigBuckBunny,1789985123.636,0.1051,60260,45,0,4940104.4,63006462.0,2
MC_s9_dynamic_BigBuckBunny,1789985123.741,0.1052,63260,47,0,5201550.4,66579226.0,2
MC_s9_dynamic_BigBuckBunny,1789985123.847,0.1051,54208,40,0,5780245.8,55712936.0,2
MC_s9_dynamic_BigBuckBunny,1789985123.953,0.106,41539,33,0,6247880.8,34337131.2,2
MC_s9_dynamic_BigBuckBunny,1789985124.058,0.105,54208,40,0,5906061.6,51625853.2,2
MC_s9_dynamic_BigBuckBunny,1789985124.163,0.1055,40656,30,0,5640282.7,57089880.3,2
MC_s9_dynamic_BigBuckBunny,1789985124.268,0.1052,54208,40,0,5974171.5,59774960.4,2
MC_s9_dynamic_BigBuckBunny,1789985124.373,0.1052,54208,40,0,6138409.2,59717629.5,2
MC_s9_dynamic_BigBuckBunny,1789985124.479,0.1051,40656,30,0,7459961.5,60419896.9,2
MC_s9_dynamic_BigBuckBunny,1789985124.584,0.105,40656,30,0,6452601.8,61770232.6,2
MC_s9_dynamic_BigBuckBunny,1789985124.689,0.105,54208,40,0,6726857.4,63822565.5,2
MC_s9_dynamic_BigBuckBunny,1789985124.794,0.105,40656,30,0,7367029.8,56405073.2,2
MC_s9_dynamic_BigBuckBunny,1789985124.899,0.1054,40656,30,0,6878532.8,64472171.9,2
MC_s9_dynamic_BigBuckBunny,1789985125.004,0.105,54208,40,0,7238306.7,67831923.6,2
MC_s9_dynamic_BigBuckBunny,1789985125.109,0.105,40656,30,0,7645165.4,56330507.4,2
MC_s9_dynamic_BigBuckBunny,1789985125.214,0.1051,40656,30,0,6665329.2,59097194.8,2
MC_s9_dynamic_BigBuckBunny,1789985125.319,0.105,54208,40,0,6786605.3,60770886.1,2
MC_s9_dynamic_BigBuckBunny,1789985125.424,0.1052,40656,30,0,8014875.8,61688415.5,2
MC_s9_dynamic_BigBuckBunny,1789985125.53,0.1056,40656,30,0,6968140.5,63084811.6,2
MC_s9_dynamic_BigBuckBunny,1789985125.635,0.1049,54208,40,0,7069236.4,63785354.7,2
MC_s9_dynamic_BigBuckBunny,1789985125.74,0.1051,40656,30,0,8519528.7,64349560.4,2
MC_s9_dynamic_BigBuckBunny,1789985125.845,0.105,40656,30,0,6205705.2,51659788.8,2
MC_s9_dynamic_BigBuckBunny,1789985125.954,0.1087,54208,40,0,7234068.8,67802094.0,2
MC_s9_dynamic_BigBuckBunny,1789985126.059,0.1051,40656,30,0,8392282.0,65792703.1,2
MC_s9_dynamic_BigBuckBunny,1789985126.164,0.1052,54208,40,0,7494427.8,56238596.7,2
MC_s9_dynamic_BigBuckBunny,1789985126.269,0.1052,40656,30,0,6675483.5,58370870.9,2
MC_s9_dynamic_BigBuckBunny,1789985126.374,0.105,54208,40,0,6612234.3,58770855.0,2
MC_s9_dynamic_BigBuckBunny,1789985126.479,0.1051,54208,40,0,6677226.2,59720648.1,2
MC_s9_dynamic_BigBuckBunny,1789985126.584,0.1051,37358,29,0,8787233.6,57279351.5,2
MC_s9_dynamic_BigBuckBunny,1789985126.689,0.1053,40656,30,0,7987653.8,47233773.8,2
MC_s9_dynamic_BigBuckBunny,1789985126.795,0.1052,54208,40,0,7405010.8,56197322.8,2
MC_s9_dynamic_BigBuckBunny,1789985126.9,0.1052,40656,30,0,6843648.8,63081953.0,2
MC_s9_dynamic_BigBuckBunny,1789985127.005,0.1051,40656,30,0,8574298.0,66481945.0,2
MC_s9_dynamic_BigBuckBunny,1789985127.11,0.105,40656,30,0,6507681.0,57070996.6,2
MC_s9_dynamic_BigBuckBunny,1789985127.215,0.1051,54208,40,0,7263231.9,67799818.7,2
MC_s9_dynamic_BigBuckBunny,1789985127.32,0.1052,40656,30,0,8859513.7,67792300.0,2
MC_s9_dynamic_BigBuckBunny,1789985127.425,0.105,40656,30,0,7515621.0,67777050.6,2
MC_s9_dynamic_BigBuckBunny,1789985127.53,0.105,40656,30,0,8113600.9,63809089.1,2
MC_s9_dynamic_BigBuckBunny,1789985127.636,0.1052,54208,40,0,7666916.4,55276396.4,2
MC_s9_dynamic_BigBuckBunny,1789985127.741,0.1051,54208,40,0,7586884.6,55208608.9,2
MC_s9_dynamic_BigBuckBunny,1789985127.846,0.105,40656,30,0,6767975.7,61150356.0,2
MC_s9_dynamic_BigBuckBunny,1789985127.952,0.1067,54208,40,0,6865006.8,61767091.3,2
MC_s9_dynamic_BigBuckBunny,1789985128.059,0.1071,40656,30,0,8276463.9,63776116.5,2
MC_s9_dynamic_BigBuckBunny,1789985128.165,0.1051,38529,30,0,9853452.4,54079968.5,2
MC_s9_dynamic_BigBuckBunny,1789985128.27,0.105,40656,30,0,7286118.7,63783992.6,2
MC_s9_dynamic_BigBuckBunny,1789985128.375,0.105,40656,30,0,8458368.1,63730782.3,2
MC_s9_dynamic_BigBuckBunny,1789985128.48,0.1053,40656,30,0,7403723.5,66461854.2,2
MC_s9_dynamic_BigBuckBunny,1789985128.585,0.1051,54208,40,0,7566127.1,67800475.7,2
MC_s9_dynamic_BigBuckBunny,1789985128.69,0.1051,27104,20,0,7610325.9,67853460.2,2
MC_s9_dynamic_BigBuckBunny,1789985128.795,0.105,54208,40,0,7369993.4,64733728.0,2
MC_s9_dynamic_BigBuckBunny,1789985128.9,0.1053,54208,40,0,6710948.9,54708163.3,2
MC_s9_dynamic_BigBuckBunny,1789985129.006,0.1052,40656,30,0,7912900.4,59695247.0,2
MC_s9_dynamic_BigBuckBunny,1789985129.111,0.105,40656,30,0,6725740.3,58415929.0,2
MC_s9_dynamic_BigBuckBunny,1789985129.216,0.1052,54208,40,0,6758973.1,59730849.2,2
MC_s9_dynamic_BigBuckBunny,1789985129.321,0.1051,54208,40,0,6735540.3,59746628.0,2
MC_s9_dynamic_BigBuckBunny,1789985129.426,0.1051,40656,30,0,7796720.0,59783027.0,2
MC_s9_dynamic_BigBuckBunny,1789985129.531,0.105,54208,40,0,7422363.4,56251784.3,2
MC_s9_dynamic_BigBuckBunny,1789985129.636,0.1051,40656,30,0,6869835.8,63099013.6,2
MC_s9_dynamic_BigBuckBunny,1789985129.741,0.105,40656,30,0,8665736.6,67855539.4,2
MC_s9_dynamic_BigBuckBunny,1789985129.846,0.1049,40656,30,0,7381366.3,67806291.2,2
MC_s9_dynamic_BigBuckBunny,1789985129.953,0.1072,40656,30,0,8921982.9,67706676.5,2
MC_s9_dynamic_BigBuckBunny,1789985130.058,0.1049,40656,30,0,7564297.2,67759746.8,2
MC_s9_dynamic_BigBuckBunny,1789985130.163,0.1051,54208,40,0,6808445.9,55747259.4,2
MC_s9_dynamic_BigBuckBunny,1789985130.268,0.1051,54208,40,0,6796346.1,58758142.2,2
MC_s9_dynamic_BigBuckBunny,1789985130.374,0.1051,30305,24,0,10599042.3,54707455.9,2
MC_s9_dynamic_BigBuckBunny,1789985130.479,0.105,54208,40,0,7253966.9,55698176.1,2
MC_s9_dynamic_BigBuckBunny,1789985130.584,0.105,27104,20,0,7133056.4,63732174.5,2
MC_s9_dynamic_BigBuckBunny,1789985130.688,0.1049,54208,40,0,7222982.5,64788031.2,2
MC_s9_dynamic_BigBuckBunny,1789985130.793,0.1049,54208,40,0,6757568.1,52035160.8,2
MC_s9_dynamic_BigBuckBunny,1789985130.898,0.105,40656,30,0,8654380.8,67794681.3,2
MC_s9_dynamic_BigBuckBunny,1789985131.004,0.1052,40656,30,0,7073850.4,63758577.2,2
MC_s9_dynamic_BigBuckBunny,1789985131.108,0.1049,54208,40,0,6492963.1,54709442.7,2
MC_s9_dynamic_BigBuckBunny,1789985131.213,0.105,54208,40,0,6674324.8,59761603.3,2
MC_s9_dynamic_BigBuckBunny,1789985131.319,0.1052,40656,30,0,7695989.0,58397154.4,2
MC_s9_dynamic_BigBuckBunny,1789985131.424,0.1051,40656,30,0,6654471.7,59655598.7,2
MC_s9_dynamic_BigBuckBunny,1789985131.529,0.105,54208,40,0,6653516.7,59707822.3,2
MC_s9_dynamic_BigBuckBunny,1789985131.634,0.1049,54208,40,0,6652596.2,59670380.3,2
MC_s9_dynamic_BigBuckBunny,1789985131.739,0.1052,40656,30,0,7385880.2,54997777.2,2
MC_s9_dynamic_BigBuckBunny,1789985131.844,0.1049,40656,30,0,6837771.7,63108034.9,2
MC_s9_dynamic_BigBuckBunny,1789985131.951,0.1076,54208,40,0,7264252.0,67819883.5,2
MC_s9_dynamic_BigBuckBunny,1789985132.056,0.1049,27104,20,0,7359587.8,67864720.4,2
MC_s9_dynamic_BigBuckBunny,1789985132.161,0.1049,54208,40,0,7500549.5,67816902.7,2
MC_s9_dynamic_BigBuckBunny,1789985132.266,0.1051,40656,30,0,7840718.2,59824088.9,2
MC_s9_dynamic_BigBuckBunny,1789985132.371,0.105,40656,30,0,7123381.8,63853689.5,2
MC_s9_dynamic_BigBuckBunny,1789985132.476,0.1051,54156,39,0,6569996.8,63807029.0,2
MC_s9_dynamic_BigBuckBunny,1789985132.582,0.1053,40708,31,0,7645229.7,63728685.2,2
MC_s9_dynamic_BigBuckBunny,1789985132.687,0.1053,40656,30,0,6604553.7,63743475.5,2
MC_s9_dynamic_BigBuckBunny,1789985132.792,0.1052,40656,30,0,7041656.8,63788186.4,2
MC_s9_dynamic_BigBuckBunny,1789985132.897,0.1052,33874,27,0,7485087.0,59750480.4,2
MC_s9_dynamic_BigBuckBunny,1789985133.003,0.1052,54208,40,0,6459215.1,56038633.1,2
MC_s9_dynamic_BigBuckBunny,1789985133.116,0.1131,54208,40,0,6592406.1,63753948.0,2
MC_s9_dynamic_BigBuckBunny,1789985133.221,0.1052,27104,20,0,6672427.1,63695263.7,2
MC_s9_dynamic_BigBuckBunny,1789985133.326,0.1053,54208,40,0,6815108.8,63598293.7,2
MC_s9_dynamic_BigBuckBunny,1789985133.432,0.1053,40656,30,0,8161529.7,63752285.5,2
MC_s9_dynamic_BigBuckBunny,1789985133.537,0.1051,40656,30,0,6969355.2,63823817.5,2
MC_s9_dynamic_BigBuckBunny,1789985133.642,0.1051,54208,40,0,7044207.1,63728700.2,2
MC_s9_dynamic_BigBuckBunny,1789985133.747,0.1052,40656,30,0,8343743.8,63786603.7,2
MC_s9_dynamic_BigBuckBunny,1789985133.852,0.1051,40656,30,0,7119008.6,63692754.1,2
MC_s9_dynamic_BigBuckBunny,1789985133.957,0.1054,54208,40,0,7158599.7,63848093.6,2
MC_s9_dynamic_BigBuckBunny,1789985134.062,0.105,27104,20,0,7171672.9,63768038.1,2
MC_s9_dynamic_BigBuckBunny,1789985134.168,0.1052,54208,40,0,7195024.7,63766082.0,2
MC_s9_dynamic_BigBuckBunny,1789985134.273,0.1052,40656,30,0,8464403.8,63820058.3,2
MC_s9_dynamic_BigBuckBunny,1789985134.378,0.105,40656,30,0,7220293.3,63787128.1,2
MC_s9_dynamic_BigBuckBunny,1789985134.483,0.1052,54208,40,0,7227498.6,63783799.0,2
MC_s9_dynamic_BigBuckBunny,1789985134.588,0.1051,40656,30,0,8493005.9,63770633.1,2
MC_s9_dynamic_BigBuckBunny,1789985134.694,0.1056,40656,30,0,7242794.7,63770808.1,2
MC_s9_dynamic_BigBuckBunny,1789985134.799,0.1051,54208,40,0,7238439.3,63624852.5,2
MC_s9_dynamic_BigBuckBunny,1789985134.904,0.105,40656,30,0,8506242.3,63822362.8,2
MC_s9_dynamic_BigBuckBunny,1789985135.009,0.1053,40656,30,0,7260106.6,63704574.4,2
MC_s9_dynamic_BigBuckBunny,1789985135.114,0.1051,40656,30,0,8523642.0,63773639.5,2
MC_s9_dynamic_BigBuckBunny,1789985135.219,0.1052,40656,30,0,7269383.8,63784871.3,2
MC_s9_dynamic_BigBuckBunny,1789985135.324,0.1051,54208,40,0,6698792.0,58069497.3,2
MC_s9_dynamic_BigBuckBunny,1789985135.43,0.1053,54208,40,0,7132637.0,63796673.7,2
MC_s9_dynamic_BigBuckBunny,1789985135.535,0.1051,27104,20,0,7176571.5,63774921.3,2
MC_s9_dynamic_BigBuckBunny,1789985135.64,0.1051,54208,40,0,7211469.4,63768047.5,2
MC_s9_dynamic_BigBuckBunny,1789985135.745,0.1053,40656,30,0,8484447.6,63739583.7,2
MC_s9_dynamic_BigBuckBunny,1789985135.85,0.1051,36382,28,0,11125060.7,55607428.2,2
MC_s9_dynamic_BigBuckBunny,1789985135.956,0.1057,40656,30,0,7628311.5,63648759.0,2
MC_s9_dynamic_BigBuckBunny,1789985136.061,0.105,54208,40,0,7350618.1,63761866.9,2
MC_s9_dynamic_BigBuckBunny,1789985136.166,0.1053,27104,20,0,7326458.5,63787175.4,2
MC_s9_dynamic_BigBuckBunny,1789985136.272,0.1052,54208,40,0,7311375.8,63718153.6,2
MC_s9_dynamic_BigBuckBunny,1789985136.377,0.1051,40656,30,0,8561678.3,63836038.5,2
MC_s9_dynamic_BigBuckBunny,1789985136.482,0.1052,40656,30,0,7304814.4,63727100.2,2
MC_s9_dynamic_BigBuckBunny,1789985136.587,0.1051,54208,40,0,7300614.1,63728190.2,2
MC_s9_dynamic_BigBuckBunny,1789985136.692,0.1052,40656,30,0,8557586.2,63748127.4,2
MC_s9_dynamic_BigBuckBunny,1789985136.797,0.1051,40656,30,0,7295064.1,63798864.1,2
MC_s9_dynamic_BigBuckBunny,1789985136.903,0.1053,54208,40,0,7291563.2,63769184.2,2
MC_s9_dynamic_BigBuckBunny,1789985137.008,0.1052,40656,30,0,8543636.7,63753705.9,2
MC_s9_dynamic_BigBuckBunny,1789985137.113,0.1052,40656,30,0,7282939.0,63705502.7,2
MC_s9_dynamic_BigBuckBunny,1789985137.218,0.1052,54208,40,0,7016739.2,61084602.1,2
MC_s9_dynamic_BigBuckBunny,1789985137.323,0.1052,27104,20,0,7165890.6,63779975.1,2
MC_s9_dynamic_BigBuckBunny,1789985137.429,0.1053,54208,40,0,7235140.6,63803081.5,2
MC_s9_dynamic_BigBuckBunny,1789985137.534,0.1052,40656,30,0,8506584.7,63826581.9,2
MC_s9_dynamic_BigBuckBunny,1789985137.639,0.1049,40656,30,0,7253535.9,63773139.9,2
MC_s9_dynamic_BigBuckBunny,1789985137.744,0.1052,54208,40,0,7258526.1,63774221.6,2
MC_s9_dynamic_BigBuckBunny,1789985137.849,0.1051,40656,30,0,8520520.5,63787644.5,2
MC_s9_dynamic_BigBuckBunny,1789985137.955,0.1059,40656,30,0,7261840.8,63674411.0,2
MC_s9_dynamic_BigBuckBunny,1789985138.06,0.105,54208,40,0,7267594.9,63808344.7,2
MC_s9_dynamic_BigBuckBunny,1789985138.173,0.1133,40656,30,0,8529573.1,63719878.0,2
MC_s9_dynamic_BigBuckBunny,1789985138.278,0.1052,40656,30,0,7270018.6,63803477.8,2
MC_s9_dynamic_BigBuckBunny,1789985138.383,0.105,54208,40,0,7272395.5,63722842.8,2
MC_s9_dynamic_BigBuckBunny,1789985138.488,0.1051,40656,30,0,8533190.0,63777933.7,2
MC_s9_dynamic_BigBuckBunny,1789985138.594,0.1051,40656,30,0,7278446.3,63816981.8,2
MC_s9_dynamic_BigBuckBunny,1789985138.699,0.1052,40656,30,0,8533809.1,63831139.2,2
MC_s9_dynamic_BigBuckBunny,1789985138.804,0.1052,40656,30,0,7271158.0,63753598.3,2
MC_s9_dynamic_BigBuckBunny,1789985138.909,0.1052,38901,30,0,8962763.5,53744744.3,2
MC_s9_dynamic_BigBuckBunny,1789985139.014,0.1053,54208,40,0,7458581.8,63724952.4,2
MC_s9_dynamic_BigBuckBunny,1789985139.12,0.1051,27104,20,0,7392572.6,63732695.5,2
MC_s9_dynamic_BigBuckBunny,1789985139.225,0.1053,54208,40,0,7354548.6,63835533.8,2
MC_s9_dynamic_BigBuckBunny,1789985139.333,0.1083,54208,40,0,7335924.1,63817695.2,2
MC_s9_dynamic_BigBuckBunny,1789985139.439,0.1053,27104,20,0,7328345.6,63732646.4,2
MC_s9_dynamic_BigBuckBunny,1789985139.544,0.1051,54208,40,0,7314045.0,63782926.9,2
MC_s9_dynamic_BigBuckBunny,1789985139.649,0.1053,40656,30,0,8566090.9,63822855.0,2
MC_s9_dynamic_BigBuckBunny,1789985139.754,0.1053,40656,30,0,7301265.0,63747343.5,2
MC_s9_dynamic_BigBuckBunny,1789985139.859,0.105,54208,40,0,7293301.4,63731779.9,2
MC_s9_dynamic_BigBuckBunny,1789985139.964,0.1051,40656,30,0,8542221.4,63752021.2,2
MC_s9_dynamic_BigBuckBunny,1789985140.07,0.1052,40656,30,0,7287981.1,63786559.2,2
MC_s9_dynamic_BigBuckBunny,1789985140.175,0.1052,54208,40,0,7282766.6,63725582.8,2
MC_s9_dynamic_BigBuckBunny,1789985140.28,0.1051,27104,20,0,7287399.2,63827787.7,2
MC_s9_dynamic_BigBuckBunny,1789985140.385,0.1051,54208,40,0,7283772.8,63795916.5,2
MC_s9_dynamic_BigBuckBunny,1789985140.49,0.1051,40656,30,0,8543960.3,63763095.2,2
MC_s9_dynamic_BigBuckBunny,1789985140.595,0.1052,40656,30,0,7283790.4,63815343.5,2
MC_s9_dynamic_BigBuckBunny,1789985140.701,0.1052,413990,348,18,186544.0,4873836.6,2
MC_s9_dynamic_BigBuckBunny,1789985140.806,0.1053,0,0,0,0,0,0
MC_s9_dynamic_BigBuckBunny,1789985140.912,0.1056,0,0,0,0,0,0
MC_s9_dynamic_BigBuckBunny,1789985141.017,0.105,0,0,0,0,0,0
MC_s9_dynamic_BigBuckBunny,1789985141.122,0.1051,0,0,0,0,0,0
MC_s9_dynamic_BigBuckBunny,1789985141.227,0.1053,448,1,0,32892822.0,0,1
MC_s9_dynamic_BigBuckBunny,1789985141.334,0.1068,1564,2,0,47861694.5,107095396.0,2
MC_s9_dynamic_BigBuckBunny,1789985141.439,0.1054,1564,2,1,62445481.0,81618682.0,2
MC_s9_dynamic_BigBuckBunny,1789985141.544,0.1051,3128,4,2,60705936.0,85321498.8,2
MC_s9_dynamic_BigBuckBunny,1789985141.649,0.1051,6256,8,4,57343250.5,85217368.1,2
MC_s9_dynamic_BigBuckBunny,1789985141.755,0.1054,6232,8,3,55958299.0,97503211.2,2
MC_s9_dynamic_BigBuckBunny,1789985141.86,0.1051,6256,8,0,51725762.0,100145007.3,2
MC_s9_dynamic_BigBuckBunny,1789985141.965,0.1051,6292,9,3,39989656.9,93226539.4,3
MC_s9_dynamic_BigBuckBunny,1789985142.07,0.1054,6599,8,0,27167162.2,86237748.6,4
MC_s9_dynamic_BigBuckBunny,1789985142.176,0.1055,15312,16,0,6883843.0,56679198.0,2
MC_s9_dynamic_BigBuckBunny,1789985142.281,0.1055,15644,19,0,12459369.3,100240376.5,2
MC_s9_dynamic_BigBuckBunny,1789985142.387,0.1052,15800,20,4,13480176.0,97719652.0,2
MC_s9_dynamic_BigBuckBunny,1789985142.492,0.1053,21904,27,10,15351072.5,92776176.1,2
MC_s9_dynamic_BigBuckBunny,1789985142.597,0.1054,24936,31,1,12358854.5,99114915.5,2
MC_s9_dynamic_BigBuckBunny,1789985142.703,0.1054,19812,19,0,12544636.2,89310874.8,2
MC_s9_dynamic_BigBuckBunny,1789985142.808,0.1055,32072,32,0,8298033.2,60787756.8,2
MC_s9_dynamic_BigBuckBunny,1789985142.914,0.1054,13708,13,0,12031321.5,98187594.2,2
MC_s9_dynamic_BigBuckBunny,1789985143.019,0.1053,14076,18,1,17432463.0,81559947.9,2
MC_s9_dynamic_BigBuckBunny,1789985143.124,0.1054,8461,10,2,15294105.0,78442660.0,2
MC_s9_dynamic_BigBuckBunny,1789985143.232,0.1074,0,0,0,0,0,0
MC_s9_dynamic_BigBuckBunny,1789985143.337,0.1057,0,0,0,0,0,0
MC_s9_dynamic_BigBuckBunny,1789985143.445,0.1077,0,0,0,0,0,0
MC_s9_dynamic_BigBuckBunny,1789985143.551,0.1055,0,0,0,0,0,0
MC_s9_dynamic_BigBuckBunny,1789985143.656,0.1055,0,0,0,0,0,0
MC_s9_dynamic_BigBuckBunny,1789985143.762,0.1056,0,0,0,0,0,0
MC_s9_dynamic_BigBuckBunny,1789985143.867,0.1056,0,0,0,0,0,0
MC_s9_dynamic_BigBuckBunny,1789985143.973,0.1055,0,0,0,0,0,0
MC_s9_dynamic_BigBuckBunny,1789985144.078,0.1055,0,0,0,0,0,0
MC_s9_dynamic_BigBuckBunny,1789985144.184,0.1056,0,0,0,0,0,0
MC_s9_dynamic_BigBuckBunny,1789985144.29,0.1057,0,0,0,0,0,0
MC_s9_dynamic_BigBuckBunny,1789985144.395,0.1054,0,0,0,0,0,0
MC_s9_dynamic_BigBuckBunny,1789985144.5,0.1055,0,0,0,0,0,0
MC_s9_dynamic_BigBuckBunny,1789985144.606,0.1056,0,0,0,0,0,0
MC_s9_dynamic_BigBuckBunny,1789985144.712,0.1056,0,0,0,0,0,0
MC_s9_dynamic_BigBuckBunny,1789985144.817,0.1056,0,0,0,0,0,0
MC_s9_dynamic_BigBuckBunny,1789985144.923,0.1057,0,0,0,0,0,0
MC_s9_dynamic_BigBuckBunny,1789985145.028,0.1054,0,0,0,0,0,0
MC_s9_dynamic_BigBuckBunny,1789985145.134,0.1056,447,1,0,143180597.0,0,1
MC_s9_dynamic_BigBuckBunny,1789985145.24,0.1061,9156,9,0,217818798.0,90661285.0,2
MC_s9_dynamic_BigBuckBunny,1789985145.346,0.1054,9384,12,0,158879361.0,92799102.0,2
MC_s9_dynamic_BigBuckBunny,1789985145.453,0.1075,12272,13,2,114684917.8,84754721.5,2
MC_s9_dynamic_BigBuckBunny,1789985145.559,0.1055,10656,10,0,89359968.7,91463391.9,2
MC_s9_dynamic_BigBuckBunny,1789985145.664,0.1056,16760,16,0,62579706.9,94391832.7,2
MC_s9_dynamic_BigBuckBunny,1789985145.77,0.1056,9208,10,0,55923591.2,94675372.0,2
MC_s9_dynamic_BigBuckBunny,1789985145.876,0.1057,12208,12,0,42993369.7,98900270.8,2
MC_s9_dynamic_BigBuckBunny,1789985145.981,0.1058,9308,11,0,43673498.3,102245030.0,2
MC_s9_dynamic_BigBuckBunny,1789985146.087,0.1058,7808,10,2,40996395.0,87948529.4,2
MC_s9_dynamic_BigBuckBunny,1789985146.193,0.1058,7604,7,0,36836978.6,94506777.9,2
MC_s9_dynamic_BigBuckBunny,1789985146.299,0.1059,9208,10,0,37632531.4,82412437.5,2
MC_s9_dynamic_BigBuckBunny,1789985146.405,0.1057,10656,10,0,33083911.2,92746717.9,2
MC_s9_dynamic_BigBuckBunny,1789985146.51,0.1056,10873,12,0,31783777.7,92191105.1,2
MC_s9_dynamic_BigBuckBunny,1789985146.616,0.1058,0,0,0,0,0,0
MC_s9_dynamic_BigBuckBunny,1789985146.722,0.1059,0,0,0,0,0,0
MC_s9_dynamic_BigBuckBunny,1789985146.831,0.1087,0,0,0,0,0,0
MC_s9_dynamic_BigBuckBunny,1789985146.936,0.1059,0,0,0,0,0,0
MC_s9_dynamic_BigBuckBunny,1789985147.042,0.1058,0,0,0,0,0,0
MC_s9_dynamic_BigBuckBunny,1789985147.148,0.1058,0,0,0,0,0,0
MC_s9_dynamic_BigBuckBunny,1789985147.254,0.1059,0,0,0,0,0,0
MC_s9_dynamic_BigBuckBunny,1789985147.36,0.1056,0,0,0,0,0,0
MC_s9_dynamic_BigBuckBunny,1789985147.465,0.1056,0,0,0,0,0,0
MC_s9_dynamic_BigBuckBunny,1789985147.571,0.1057,0,0,0,0,0,0
MC_s9_dynamic_BigBuckBunny,1789985147.677,0.1058,0,0,0,0,0,0
MC_s9_dynamic_BigBuckBunny,1789985147.782,0.1056,0,0,0,0,0,0
MC_s9_dynamic_BigBuckBunny,1789985147.888,0.1058,0,0,0,0,0,0
MC_s9_dynamic_BigBuckBunny,1789985147.994,0.1057,0,0,0,0,0,0
MC_s9_dynamic_BigBuckBunny,1789985148.099,0.1056,0,0,0,0,0,0
MC_s9_dynamic_BigBuckBunny,1789985148.205,0.1058,0,0,0,0,0,0
MC_s9_dynamic_BigBuckBunny,1789985148.313,0.1076,0,0,0,0,0,0
MC_s9_dynamic_BigBuckBunny,1789985148.418,0.1056,0,0,0,0,0,0
MC_s9_dynamic_BigBuckBunny,1789985148.524,0.1059,0,0,0,0,0,0
MC_s9_dynamic_BigBuckBunny,1789985148.63,0.1058,0,0,0,0,0,0
MC_s9_dynamic_BigBuckBunny,1789985148.736,0.106,0,0,0,0,0,0
MC_s9_dynamic_BigBuckBunny,1789985148.842,0.1061,0,0,0,0,0,0
MC_s9_dynamic_BigBuckBunny,1789985148.949,0.1068,0,0,0,0,0,0
MC_s9_dynamic_BigBuckBunny,1789985149.055,0.1061,0,0,0,0,0,0
MC_s9_dynamic_BigBuckBunny,1789985149.161,0.1057,0,0,0,0,0,0
MC_s9_dynamic_BigBuckBunny,1789985149.267,0.1058,0,0,0,0,0,0
MC_s9_dynamic_BigBuckBunny,1789985149.372,0.1057,0,0,0,0,0,0
MC_s9_dynamic_BigBuckBunny,1789985149.478,0.1057,0,0,0,0,0,0
MC_s9_dynamic_BigBuckBunny,1789985149.584,0.1057,447,1,0,224846236.0,0,1
MC_s9_dynamic_BigBuckBunny,1789985149.689,0.1057,10656,10,0,313914472.9,88457082.3,2
MC_s9_dynamic_BigBuckBunny,1789985149.795,0.1056,32020,31,0,116735044.3,33948202.2,2
MC_s9_dynamic_BigBuckBunny,1789985149.9,0.1055,30520,30,0,54433302.3,43475181.3,2
MC_s9_dynamic_BigBuckBunny,1789985150.006,0.1056,28968,28,0,30261272.2,51263839.9,2
MC_s9_dynamic_BigBuckBunny,1789985150.112,0.1058,6623,9,0,29988727.2,51851695.0,2
MC_s9_dynamic_BigBuckBunny,1789985150.218,0.1058,0,0,0,0,0,0
MC_s9_dynamic_BigBuckBunny,1789985150.323,0.1058,0,0,0,0,0,0
MC_s9_dynamic_BigBuckBunny,1789985150.429,0.1059,0,0,0,0,0,0
MC_s9_dynamic_BigBuckBunny,1789985150.535,0.1057,0,0,0,0,0,0
MC_s9_dynamic_BigBuckBunny,1789985150.641,0.1056,0,0,0,0,0,0
MC_s9_dynamic_BigBuckBunny,1789985150.746,0.1058,0,0,0,0,0,0
MC_s9_dynamic_BigBuckBunny,1789985150.852,0.1056,0,0,0,0,0,0
MC_s9_dynamic_BigBuckBunny,1789985150.957,0.1056,0,0,0,0,0,0
MC_s9_dynamic_BigBuckBunny,1789985151.063,0.1057,0,0,0,0,0,0
MC_s9_dynamic_BigBuckBunny,1789985151.169,0.1057,0,0,0,0,0,0
MC_s9_dynamic_BigBuckBunny,1789985151.275,0.1058,0,0,0,0,0,0
MC_s9_dynamic_BigBuckBunny,1789985151.38,0.1055,0,0,0,0,0,0
MC_s9_dynamic_BigBuckBunny,1789985151.486,0.1059,0,0,0,0,0,0
MC_s9_dynamic_BigBuckBunny,1789985151.592,0.1058,0,0,0,0,0,0
MC_s9_dynamic_BigBuckBunny,1789985151.698,0.1057,0,0,0,0,0,0
MC_s9_dynamic_BigBuckBunny,1789985151.803,0.1055,0,0,0,0,0,0
MC_s9_dynamic_BigBuckBunny,1789985151.909,0.1056,0,0,0,0,0,0
MC_s9_dynamic_BigBuckBunny,1789985152.014,0.1058,0,0,0,0,0,0
MC_s9_dynamic_BigBuckBunny,1789985152.12,0.1058,0,0,0,0,0,0
MC_s9_dynamic_BigBuckBunny,1789985152.226,0.1058,0,0,0,0,0,0
MC_s9_dynamic_BigBuckBunny,1789985152.336,0.11,0,0,0,0,0,0
MC_s9_dynamic_BigBuckBunny,1789985152.442,0.1057,0,0,0,0,0,0
MC_s9_dynamic_BigBuckBunny,1789985152.547,0.1056,0,0,0,0,0,0
MC_s9_dynamic_BigBuckBunny,1789985152.653,0.1057,0,0,0,0,0,0
MC_s9_dynamic_BigBuckBunny,1789985152.759,0.1057,0,0,0,0,0,0
MC_s9_dynamic_BigBuckBunny,1789985152.864,0.1054,0,0,0,0,0,0
MC_s9_dynamic_BigBuckBunny,1789985152.97,0.1056,0,0,0,0,0,0
MC_s9_dynamic_BigBuckBunny,1789985153.076,0.1058,0,0,0,0,0,0
MC_s9_dynamic_BigBuckBunny,1789985153.181,0.1057,0,0,0,0,0,0
MC_s9_dynamic_BigBuckBunny,1789985153.287,0.1058,0,0,0,0,0,0
MC_s9_dynamic_BigBuckBunny,1789985153.394,0.1074,0,0,0,0,0,0
MC_s9_dynamic_BigBuckBunny,1789985153.5,0.1056,0,0,0,0,0,0
MC_s9_dynamic_BigBuckBunny,1789985153.605,0.1055,0,0,0,0,0,0
MC_s9_dynamic_BigBuckBunny,1789985153.711,0.1057,447,1,0,266539508.0,0,1
MC_s9_dynamic_BigBuckBunny,1789985153.817,0.1056,3052,3,0,461333998.3,96706679.4,2
MC_s9_dynamic_BigBuckBunny,1789985153.922,0.1056,6256,8,2,375164309.0,87226915.1,2
MC_s9_dynamic_BigBuckBunny,1789985154.028,0.1056,6256,8,4,298002810.5,72279962.0,2
MC_s9_dynamic_BigBuckBunny,1789985154.134,0.1055,10772,12,2,210116890.0,86957913.6,2
MC_s9_dynamic_BigBuckBunny,1789985154.239,0.1057,10656,10,0,155040212.8,94982216.9,2
MC_s9_dynamic_BigBuckBunny,1789985154.345,0.1054,9711,12,0,81913548.6,92223195.5,4
MC_s9_dynamic_BigBuckBunny,1789985154.453,0.108,15312,16,0,7111676.9,64313862.8,2
MC_s9_dynamic_BigBuckBunny,1789985154.558,0.1056,21532,23,0,10294232.6,97355136.1,2
MC_s9_dynamic_BigBuckBunny,1789985154.664,0.1056,30020,38,1,9620741.0,93776746.2,2
MC_s9_dynamic_BigBuckBunny,1789985154.77,0.1059,34452,42,13,4660070.2,72542540.1,2
MC_s9_dynamic_BigBuckBunny,1789985154.875,0.1056,31068,37,0,3384014.6,100716535.5,2
MC_s9_dynamic_BigBuckBunny,1789985154.981,0.1057,34396,43,3,4965349.3,90730585.8,2
MC_s9_dynamic_BigBuckBunny,1789985155.087,0.1059,29488,29,0,5589575.0,81755518.2,2
MC_s9_dynamic_BigBuckBunny,1789985155.193,0.1058,52,1,0,7635917.0,43202235.0,1
MC_s9_dynamic_BigBuckBunny,1789985155.298,0.1058,0,0,0,0,0,0
MC_s9_dynamic_BigBuckBunny,1789985155.404,0.1058,0,0,0,0,0,0
MC_s9_dynamic_BigBuckBunny,1789985155.51,0.1057,0,0,0,0,0,0
MC_s9_dynamic_BigBuckBunny,1789985155.616,0.1056,0,0,0,0,0,0
MC_s9_dynamic_BigBuckBunny,1789985155.721,0.1059,0,0,0,0,0,0
MC_s9_dynamic_BigBuckBunny,1789985155.828,0.1066,0,0,0,0,0,0
MC_s9_dynamic_BigBuckBunny,1789985155.934,0.1059,0,0,0,0,0,0
MC_s9_dynamic_BigBuckBunny,1789985156.04,0.1056,0,0,0,0,0,0
MC_s9_dynamic_BigBuckBunny,1789985156.145,0.1055,0,0,0,0,0,0
MC_s9_dynamic_BigBuckBunny,1789985156.251,0.1059,0,0,0,0,0,0
MC_s9_dynamic_BigBuckBunny,1789985156.357,0.1056,0,0,0,0,0,0
MC_s9_dynamic_BigBuckBunny,1789985156.462,0.1057,0,0,0,0,0,0
MC_s9_dynamic_BigBuckBunny,1789985156.568,0.1057,0,0,0,0,0,0
MC_s9_dynamic_BigBuckBunny,1789985156.674,0.1058,0,0,0,0,0,0
MC_s9_dynamic_BigBuckBunny,1789985156.78,0.1058,0,0,0,0,0,0
MC_s9_dynamic_BigBuckBunny,1789985156.885,0.1056,0,0,0,0,0,0
MC_s9_dynamic_BigBuckBunny,1789985156.991,0.1056,0,0,0,0,0,0
MC_s9_dynamic_BigBuckBunny,1789985157.096,0.1056,0,0,0,0,0,0
MC_s9_dynamic_BigBuckBunny,1789985157.202,0.1059,0,0,0,0,0,0
MC_s9_dynamic_BigBuckBunny,1789985157.308,0.1058,0,0,0,0,0,0
MC_s9_dynamic_BigBuckBunny,1789985157.414,0.1058,0,0,0,0,0,0
MC_s9_dynamic_BigBuckBunny,1789985157.52,0.1057,0,0,0,0,0,0
MC_s9_dynamic_BigBuckBunny,1789985157.625,0.1058,0,0,0,0,0,0
MC_s9_dynamic_BigBuckBunny,1789985157.731,0.1059,447,1,0,162050528.0,0,1
MC_s9_dynamic_BigBuckBunny,1789985157.838,0.1069,3052,3,0,319676638.7,101688397.2,2
MC_s9_dynamic_BigBuckBunny,1789985157.946,0.1079,12512,16,4,201596655.0,75360489.2,2
MC_s9_dynamic_BigBuckBunny,1789985158.052,0.1057,12348,14,4,136441588.3,92092272.0,2
MC_s9_dynamic_BigBuckBunny,1789985158.157,0.1057,12208,12,0,96613167.3,91313704.3,2
MC_s9_dynamic_BigBuckBunny,1789985158.263,0.1059,9156,9,0,80163332.7,100848313.1,2
MC_s9_dynamic_BigBuckBunny,1789985158.369,0.1056,6256,8,0,76196312.5,100562622.5,2
MC_s9_dynamic_BigBuckBunny,1789985158.476,0.1076,10860,13,5,62839887.4,74711206.6,2
MC_s9_dynamic_BigBuckBunny,1789985158.582,0.1057,13760,14,0,45048617.6,75192176.1,2
MC_s9_dynamic_BigBuckBunny,1789985158.688,0.1058,28968,28,0,24008156.7,41258181.1,2
MC_s9_dynamic_BigBuckBunny,1789985158.794,0.1058,41176,40,0,11720730.9,29457668.8,2
MC_s9_dynamic_BigBuckBunny,1789985158.9,0.1058,4957,6,0,10718670.7,30325744.5,2
MC_s9_dynamic_BigBuckBunny,1789985159.005,0.1056,0,0,0,0,0,0
MC_s9_dynamic_BigBuckBunny,1789985159.111,0.1058,0,0,0,0,0,0
MC_s9_dynamic_BigBuckBunny,1789985159.217,0.1058,0,0,0,0,0,0
MC_s9_dynamic_BigBuckBunny,1789985159.323,0.1057,0,0,0,0,0,0
MC_s9_dynamic_BigBuckBunny,1789985159.428,0.1058,0,0,0,0,0,0
MC_s9_dynamic_BigBuckBunny,1789985159.534,0.1057,0,0,0,0,0,0
MC_s9_dynamic_BigBuckBunny,1789985159.64,0.1057,0,0,0,0,0,0
MC_s9_dynamic_BigBuckBunny,1789985159.746,0.1058,0,0,0,0,0,0
MC_s9_dynamic_BigBuckBunny,1789985159.851,0.1056,0,0,0,0,0,0
MC_s9_dynamic_BigBuckBunny,1789985159.957,0.106,0,0,0,0,0,0
MC_s9_dynamic_BigBuckBunny,1789985160.063,0.1058,0,0,0,0,0,0
MC_s9_dynamic_BigBuckBunny,1789985160.169,0.1057,0,0,0,0,0,0
MC_s9_dynamic_BigBuckBunny,1789985160.275,0.1058,0,0,0,0,0,0
MC_s9_dynamic_BigBuckBunny,1789985160.38,0.1056,0,0,0,0,0,0
MC_s9_dynamic_BigBuckBunny,1789985160.486,0.1057,0,0,0,0,0,0
MC_s9_dynamic_BigBuckBunny,1789985160.592,0.1058,0,0,0,0,0,0
MC_s9_dynamic_BigBuckBunny,1789985160.698,0.1058,0,0,0,0,0,0
MC_s9_dynamic_BigBuckBunny,1789985160.803,0.1057,0,0,0,0,0,0
MC_s9_dynamic_BigBuckBunny,1789985160.909,0.1058,0,0,0,0,0,0
MC_s9_dynamic_BigBuckBunny,1789985161.015,0.1057,0,0,0,0,0,0
MC_s9_dynamic_BigBuckBunny,1789985161.121,0.1058,0,0,0,0,0,0
MC_s9_dynamic_BigBuckBunny,1789985161.226,0.1058,0,0,0,0,0,0
MC_s9_dynamic_BigBuckBunny,1789985161.334,0.1073,0,0,0,0,0,0
MC_s9_dynamic_BigBuckBunny,1789985161.439,0.1057,911,3,0,268375560.3,31395129.2,2
MC_s9_dynamic_BigBuckBunny,1789985161.545,0.1057,0,0,0,0,0,0
MC_s9_dynamic_BigBuckBunny,1789985161.651,0.1057,0,0,0,0,0,0
MC_s9_dynamic_BigBuckBunny,1789985161.757,0.1058,0,0,0,0,0,0
MC_s9_dynamic_BigBuckBunny,1789985161.862,0.1058,0,0,0,0,0,0
MC_s9_dynamic_BigBuckBunny,1789985161.968,0.1056,0,0,0,0,0,0
MC_s9_dynamic_BigBuckBunny,1789985162.074,0.1058,0,0,0,0,0,0
MC_s9_dynamic_BigBuckBunny,1789985162.179,0.1057,0,0,0,0,0,0
MC_s9_dynamic_BigBuckBunny,1789985162.285,0.1056,0,0,0,0,0,0
MC_s9_dynamic_BigBuckBunny,1789985162.391,0.1056,0,0,0,0,0,0
MC_s9_dynamic_BigBuckBunny,1789985162.496,0.1057,911,3,0,344524215.3,39768967.5,2
MC_s9_dynamic_BigBuckBunny,1789985162.602,0.1058,0,0,0,0,0,0
MC_s9_dynamic_BigBuckBunny,1789985162.708,0.1058,0,0,0,0,0,0
MC_s9_dynamic_BigBuckBunny,1789985162.814,0.1058,0,0,0,0,0,0
MC_s9_dynamic_BigBuckBunny,1789985162.919,0.1058,0,0,0,0,0,0
MC_s9_dynamic_BigBuckBunny,1789985163.025,0.1056,0,0,0,0,0,0
MC_s9_dynamic_BigBuckBunny,1789985163.131,0.1057,0,0,0,0,0,0
MC_s9_dynamic_BigBuckBunny,1789985163.236,0.1058,0,0,0,0,0,0
MC_s9_dynamic_BigBuckBunny,1789985163.342,0.1056,0,0,0,0,0,0
MC_s9_dynamic_BigBuckBunny,1789985163.45,0.1081,859,2,0,329456236.5,20726077.0,2
MC_s9_dynamic_BigBuckBunny,1789985163.564,0.1138,52,1,0,448340357.0,55056902.0,1
MC_s9_dynamic_BigBuckBunny,1789985163.67,0.1055,0,0,0,0,0,0
MC_s9_dynamic_BigBuckBunny,1789985163.775,0.1058,0,0,0,0,0,0
MC_s9_dynamic_BigBuckBunny,1789985163.881,0.1055,0,0,0,0,0,0
MC_s9_dynamic_BigBuckBunny,1789985163.986,0.1057,0,0,0,0,0,0
MC_s9_dynamic_BigBuckBunny,1789985164.092,0.1055,0,0,0,0,0,0
MC_s9_dynamic_BigBuckBunny,1789985164.198,0.1059,0,0,0,0,0,0
MC_s9_dynamic_BigBuckBunny,1789985164.304,0.1058,0,0,0,0,0,0
MC_s9_dynamic_BigBuckBunny,1789985164.409,0.1057,0,0,0,0,0,0
MC_s9_dynamic_BigBuckBunny,1789985164.515,0.1058,859,2,0,349423897.5,20772928.0,2
MC_s9_dynamic_BigBuckBunny,1789985164.621,0.1056,52,1,0,499672039.0,56026155.0,1
MC_s9_dynamic_BigBuckBunny,1789985164.727,0.1059,0,0,0,0,0,0
MC_s9_dynamic_BigBuckBunny,1789985164.835,0.108,0,0,0,0,0,0
MC_s9_dynamic_BigBuckBunny,1789985164.94,0.1056,0,0,0,0,0,0
MC_s9_dynamic_BigBuckBunny,1789985165.046,0.1056,0,0,0,0,0,0
MC_s9_dynamic_BigBuckBunny,1789985165.152,0.1058,0,0,0,0,0,0
MC_s9_dynamic_BigBuckBunny,1789985165.257,0.1058,0,0,0,0,0,0
MC_s9_dynamic_BigBuckBunny,1789985165.363,0.1058,0,0,0,0,0,0
MC_s9_dynamic_BigBuckBunny,1789985165.469,0.1056,0,0,0,0,0,0
MC_s9_dynamic_BigBuckBunny,1789985165.575,0.1058,0,0,0,0,0,0
MC_s9_dynamic_BigBuckBunny,1789985165.68,0.1058,0,0,0,0,0,0
MC_s9_dynamic_BigBuckBunny,1789985165.786,0.1058,156,3,0,460061179.3,16434744.7,2
MC_s9_dynamic_BigBuckBunny,1789985165.892,0.1057,0,0,0,0,0,0
MC_s9_dynamic_BigBuckBunny,1789985165.997,0.1056,0,0,0,0,0,0
MC_s9_dynamic_BigBuckBunny,1789985166.103,0.1055,0,0,0,0,0,0
MC_s9_dynamic_BigBuckBunny,1789985166.209,0.1058,0,0,0,0,0,0
MC_s9_dynamic_BigBuckBunny,1789985166.315,0.1058,0,0,0,0,0,0
MC_s9_dynamic_BigBuckBunny,1789985166.421,0.1061,0,0,0,0,0,0
MC_s9_dynamic_BigBuckBunny,1789985166.526,0.1057,0,0,0,0,0,0
MC_s9_dynamic_BigBuckBunny,1789985166.632,0.1056,0,0,0,0,0,0
MC_s9_dynamic_BigBuckBunny,1789985166.738,0.1058,0,0,0,0,0,0
MC_s9_dynamic_BigBuckBunny,1789985166.843,0.1057,0,0,0,0,0,0
MC_s9_dynamic_BigBuckBunny,1789985166.951,0.1079,0,0,0,0,0,0
MC_s9_dynamic_BigBuckBunny,1789985167.057,0.1055,0,0,0,0,0,0
MC_s9_dynamic_BigBuckBunny,1789985167.162,0.1056,0,0,0,0,0,0
MC_s9_dynamic_BigBuckBunny,1789985167.268,0.1058,0,0,0,0,0,0
MC_s9_dynamic_BigBuckBunny,1789985167.374,0.1056,0,0,0,0,0,0
MC_s9_dynamic_BigBuckBunny,1789985167.48,0.1056,0,0,0,0,0,0
MC_s9_dynamic_BigBuckBunny,1789985167.585,0.1059,0,0,0,0,0,0
MC_s9_dynamic_BigBuckBunny,1789985167.691,0.1056,0,0,0,0,0,0
MC_s9_dynamic_BigBuckBunny,1789985167.797,0.1058,0,0,0,0,0,0
MC_s9_dynamic_BigBuckBunny,1789985167.903,0.1058,0,0,0,0,0,0
MC_s9_dynamic_BigBuckBunny,1789985168.008,0.1057,0,0,0,0,0,0
MC_s9_dynamic_BigBuckBunny,1789985168.114,0.1056,0,0,0,0,0,0
MC_s9_dynamic_BigBuckBunny,1789985168.22,0.1058,0,0,0,0,0,0
MC_s9_dynamic_BigBuckBunny,1789985168.326,0.1058,0,0,0,0,0,0
MC_s9_dynamic_BigBuckBunny,1789985168.432,0.1062,0,0,0,0,0,0
MC_s9_dynamic_BigBuckBunny,1789985168.537,0.1056,0,0,0,0,0,0
MC_s9_dynamic_BigBuckBunny,1789985168.645,0.1076,0,0,0,0,0,0
MC_s9_dynamic_BigBuckBunny,1789985168.751,0.1059,0,0,0,0,0,0
MC_s9_dynamic_BigBuckBunny,1789985168.856,0.1056,0,0,0,0,0,0
MC_s9_dynamic_BigBuckBunny,1789985168.962,0.1057,0,0,0,0,0,0
MC_s9_dynamic_BigBuckBunny,1789985169.068,0.1059,0,0,0,0,0,0
MC_s9_dynamic_BigBuckBunny,1789985169.174,0.1057,0,0,0,0,0,0
MC_s9_dynamic_BigBuckBunny,1789985169.28,0.1058,0,0,0,0,0,0
MC_s9_dynamic_BigBuckBunny,1789985169.385,0.1055,0,0,0,0,0,0
MC_s9_dynamic_BigBuckBunny,1789985169.491,0.1057,0,0,0,0,0,0
MC_s9_dynamic_BigBuckBunny,1789985169.596,0.1057,0,0,0,0,0,0
MC_s9_dynamic_BigBuckBunny,1789985169.702,0.1058,0,0,0,0,0,0
MC_s9_dynamic_BigBuckBunny,1789985169.808,0.1059,0,0,0,0,0,0
MC_s9_dynamic_BigBuckBunny,1789985169.914,0.1058,0,0,0,0,0,0
MC_s9_dynamic_BigBuckBunny,1789985170.019,0.1056,0,0,0,0,0,0
MC_s9_dynamic_BigBuckBunny,1789985170.125,0.1057,0,0,0,0,0,0
MC_s9_dynamic_BigBuckBunny,1789985170.231,0.1058,0,0,0,0,0,0
MC_s9_dynamic_BigBuckBunny,1789985170.338,0.1068,0,0,0,0,0,0
MC_s9_dynamic_BigBuckBunny,1789985170.449,0.1111,0,0,0,0,0,0
MC_s9_dynamic_BigBuckBunny,1789985170.554,0.1056,0,0,0,0,0,0
MC_s9_dynamic_BigBuckBunny,1789985170.66,0.1058,0,0,0,0,0,0
MC_s9_dynamic_BigBuckBunny,1789985170.766,0.1058,0,0,0,0,0,0
MC_s9_dynamic_BigBuckBunny,1789985170.872,0.1056,0,0,0,0,0,0
MC_s9_dynamic_BigBuckBunny,1789985170.977,0.1057,0,0,0,0,0,0
MC_s9_dynamic_BigBuckBunny,1789985171.083,0.1057,0,0,0,0,0,0
MC_s9_dynamic_BigBuckBunny,1789985171.189,0.1057,0,0,0,0,0,0
MC_s9_dynamic_BigBuckBunny,1789985171.295,0.1058,0,0,0,0,0,0
MC_s9_dynamic_BigBuckBunny,1789985171.4,0.1058,0,0,0,0,0,0
MC_s9_dynamic_BigBuckBunny,1789985171.506,0.1056,0,0,0,0,0,0
MC_s9_dynamic_BigBuckBunny,1789985171.612,0.1057,0,0,0,0,0,0
MC_s9_dynamic_BigBuckBunny,1789985171.717,0.1058,0,0,0,0,0,0
MC_s9_dynamic_BigBuckBunny,1789985171.823,0.1057,0,0,0,0,0,0
MC_s9_dynamic_BigBuckBunny,1789985171.929,0.1056,0,0,0,0,0,0
MC_s9_dynamic_BigBuckBunny,1789985172.034,0.1057,0,0,0,0,0,0
MC_s9_dynamic_BigBuckBunny,1789985172.14,0.1057,0,0,0,0,0,0
MC_s9_dynamic_BigBuckBunny,1789985172.246,0.1058,0,0,0,0,0,0
MC_s9_dynamic_BigBuckBunny,1789985172.352,0.1056,0,0,0,0,0,0
MC_s9_dynamic_BigBuckBunny,1789985172.457,0.1058,0,0,0,0,0,0
MC_s9_dynamic_BigBuckBunny,1789985172.563,0.1055,0,0,0,0,0,0
MC_s9_dynamic_BigBuckBunny,1789985172.669,0.1057,0,0,0,0,0,0
MC_s9_dynamic_BigBuckBunny,1789985172.775,0.1062,0,0,0,0,0,0
MC_s9_dynamic_BigBuckBunny,1789985172.88,0.1056,0,0,0,0,0,0
MC_s9_dynamic_BigBuckBunny,1789985172.986,0.1057,0,0,0,0,0,0
MC_s9_dynamic_BigBuckBunny,1789985173.092,0.1057,0,0,0,0,0,0
MC_s9_dynamic_BigBuckBunny,1789985173.198,0.1058,0,0,0,0,0,0
MC_s9_dynamic_BigBuckBunny,1789985173.303,0.1058,0,0,0,0,0,0
MC_s9_dynamic_BigBuckBunny,1789985173.409,0.1056,0,0,0,0,0,0
MC_s9_dynamic_BigBuckBunny,1789985173.515,0.1058,0,0,0,0,0,0
MC_s9_dynamic_BigBuckBunny,1789985173.62,0.1058,0,0,0,0,0,0
MC_s9_dynamic_BigBuckBunny,1789985173.728,0.1078,0,0,0,0,0,0
MC_s9_dynamic_BigBuckBunny,1789985173.835,0.1067,0,0,0,0,0,0
MC_s9_dynamic_BigBuckBunny,1789985173.942,0.1072,0,0,0,0,0,0
MC_s9_dynamic_BigBuckBunny,1789985174.048,0.1056,0,0,0,0,0,0
MC_s9_dynamic_BigBuckBunny,1789985174.154,0.1058,0,0,0,0,0,0
MC_s9_dynamic_BigBuckBunny,1789985174.259,0.1058,0,0,0,0,0,0
MC_s9_dynamic_BigBuckBunny,1789985174.365,0.1055,0,0,0,0,0,0
MC_s9_dynamic_BigBuckBunny,1789985174.471,0.1056,0,0,0,0,0,0
MC_s9_dynamic_BigBuckBunny,1789985174.576,0.1058,0,0,0,0,0,0
MC_s9_dynamic_BigBuckBunny,1789985174.682,0.1057,0,0,0,0,0,0
MC_s9_dynamic_BigBuckBunny,1789985174.788,0.1057,0,0,0,0,0,0
MC_s9_dynamic_BigBuckBunny,1789985174.893,0.1056,0,0,0,0,0,0
MC_s9_dynamic_BigBuckBunny,1789985174.999,0.1056,0,0,0,0,0,0
MC_s9_dynamic_BigBuckBunny,1789985175.105,0.1057,0,0,0,0,0,0
MC_s9_dynamic_BigBuckBunny,1789985175.21,0.1058,0,0,0,0,0,0
MC_s9_dynamic_BigBuckBunny,1789985175.316,0.1057,0,0,0,0,0,0
MC_s9_dynamic_BigBuckBunny,1789985175.422,0.1058,0,0,0,0,0,0
MC_s9_dynamic_BigBuckBunny,1789985175.528,0.1056,0,0,0,0,0,0
MC_s9_dynamic_BigBuckBunny,1789985175.633,0.1058,0,0,0,0,0,0
MC_s9_dynamic_BigBuckBunny,1789985175.739,0.1058,0,0,0,0,0,0
MC_s9_dynamic_BigBuckBunny,1789985175.845,0.1061,0,0,0,0,0,0
MC_s9_dynamic_BigBuckBunny,1789985175.953,0.1081,0,0,0,0,0,0
MC_s9_dynamic_BigBuckBunny,1789985176.059,0.1056,0,0,0,0,0,0
MC_s9_dynamic_BigBuckBunny,1789985176.165,0.1058,0,0,0,0,0,0
MC_s9_dynamic_BigBuckBunny,1789985176.27,0.1058,0,0,0,0,0,0
MC_s9_dynamic_BigBuckBunny,1789985176.376,0.1056,0,0,0,0,0,0
MC_s9_dynamic_BigBuckBunny,1789985176.482,0.1056,0,0,0,0,0,0
MC_s9_dynamic_BigBuckBunny,1789985176.587,0.1057,0,0,0,0,0,0
MC_s9_dynamic_BigBuckBunny,1789985176.693,0.1056,0,0,0,0,0,0
MC_s9_dynamic_BigBuckBunny,1789985176.799,0.1057,0,0,0,0,0,0
MC_s9_dynamic_BigBuckBunny,1789985176.904,0.1057,0,0,0,0,0,0
MC_s9_dynamic_BigBuckBunny,1789985177.01,0.1059,0,0,0,0,0,0
MC_s9_dynamic_BigBuckBunny,1789985177.116,0.1057,0,0,0,0,0,0
MC_s9_dynamic_BigBuckBunny,1789985177.222,0.1057,0,0,0,0,0,0
MC_s9_dynamic_BigBuckBunny,1789985177.328,0.1062,0,0,0,0,0,0
MC_s9_dynamic_BigBuckBunny,1789985177.434,0.1057,0,0,0,0,0,0
MC_s9_dynamic_BigBuckBunny,1789985177.539,0.1056,0,0,0,0,0,0
MC_s9_dynamic_BigBuckBunny,1789985177.645,0.1057,0,0,0,0,0,0
MC_s9_dynamic_BigBuckBunny,1789985177.751,0.1057,0,0,0,0,0,0
MC_s9_dynamic_BigBuckBunny,1789985177.856,0.1056,0,0,0,0,0,0
MC_s9_dynamic_BigBuckBunny,1789985177.962,0.1056,0,0,0,0,0,0
MC_s9_dynamic_BigBuckBunny,1789985178.067,0.1056,0,0,0,0,0,0
MC_s9_dynamic_BigBuckBunny,1789985178.173,0.1056,0,0,0,0,0,0
MC_s9_dynamic_BigBuckBunny,1789985178.279,0.1058,0,0,0,0,0,0
MC_s9_dynamic_BigBuckBunny,1789985178.385,0.1056,0,0,0,0,0,0
MC_s9_dynamic_BigBuckBunny,1789985178.49,0.1057,0,0,0,0,0,0
MC_s9_dynamic_BigBuckBunny,1789985178.596,0.1057,0,0,0,0,0,0
MC_s9_dynamic_BigBuckBunny,1789985178.702,0.1057,0,0,0,0,0,0
MC_s9_dynamic_BigBuckBunny,1789985178.807,0.1058,0,0,0,0,0,0
MC_s9_dynamic_BigBuckBunny,1789985178.913,0.1059,0,0,0,0,0,0
MC_s9_dynamic_BigBuckBunny,1789985179.019,0.1056,0,0,0,0,0,0
MC_s9_dynamic_BigBuckBunny,1789985179.133,0.1137,0,0,0,0,0,0
MC_s9_dynamic_BigBuckBunny,1789985179.238,0.1058,0,0,0,0,0,0
MC_s9_dynamic_BigBuckBunny,1789985179.344,0.1059,0,0,0,0,0,0
MC_s9_dynamic_BigBuckBunny,1789985179.452,0.1077,0,0,0,0,0,0
MC_s9_dynamic_BigBuckBunny,1789985179.558,0.1056,0,0,0,0,0,0
MC_s9_dynamic_BigBuckBunny,1789985179.663,0.1057,0,0,0,0,0,0
MC_s9_dynamic_BigBuckBunny,1789985179.769,0.1058,0,0,0,0,0,0
MC_s9_dynamic_BigBuckBunny,1789985179.875,0.1056,0,0,0,0,0,0
MC_s9_dynamic_BigBuckBunny,1789985179.98,0.1056,0,0,0,0,0,0
MC_s9_dynamic_BigBuckBunny,1789985180.086,0.1058,0,0,0,0,0,0
MC_s9_dynamic_BigBuckBunny,1789985180.192,0.1057,0,0,0,0,0,0
MC_s9_dynamic_BigBuckBunny,1789985180.298,0.1058,0,0,0,0,0,0
MC_s9_dynamic_BigBuckBunny,1789985180.403,0.1058,0,0,0,0,0,0
MC_s9_dynamic_BigBuckBunny,1789985180.509,0.1056,0,0,0,0,0,0
MC_s9_dynamic_BigBuckBunny,1789985180.615,0.1058,0,0,0,0,0,0
MC_s9_dynamic_BigBuckBunny,1789985180.721,0.1057,0,0,0,0,0,0
MC_s9_dynamic_BigBuckBunny,1789985180.826,0.1057,0,0,0,0,0,0
MC_s9_dynamic_BigBuckBunny,1789985180.932,0.1058,0,0,0,0,0,0
MC_s9_dynamic_BigBuckBunny,1789985181.038,0.1056,0,0,0,0,0,0
MC_s9_dynamic_BigBuckBunny,1789985181.143,0.1057,0,0,0,0,0,0
MC_s9_dynamic_BigBuckBunny,1789985181.249,0.1057,0,0,0,0,0,0
MC_s9_dynamic_BigBuckBunny,1789985181.355,0.1056,0,0,0,0,0,0
MC_s9_dynamic_BigBuckBunny,1789985181.46,0.1056,0,0,0,0,0,0
MC_s9_dynamic_BigBuckBunny,1789985181.566,0.1058,0,0,0,0,0,0
MC_s9_dynamic_BigBuckBunny,1789985181.672,0.1058,0,0,0,0,0,0
MC_s9_dynamic_BigBuckBunny,1789985181.778,0.1057,0,0,0,0,0,0
MC_s9_dynamic_BigBuckBunny,1789985181.883,0.1055,0,0,0,0,0,0
MC_s9_dynamic_BigBuckBunny,1789985181.989,0.1056,0,0,0,0,0,0
MC_s9_dynamic_BigBuckBunny,1789985182.094,0.1057,0,0,0,0,0,0
MC_s9_dynamic_BigBuckBunny,1789985182.2,0.1057,0,0,0,0,0,0
MC_s9_dynamic_BigBuckBunny,1789985182.306,0.1058,0,0,0,0,0,0
MC_s9_dynamic_BigBuckBunny,1789985182.412,0.1058,0,0,0,0,0,0
MC_s9_dynamic_BigBuckBunny,1789985182.518,0.1058,0,0,0,0,0,0
MC_s9_dynamic_BigBuckBunny,1789985182.623,0.1058,0,0,0,0,0,0
MC_s9_dynamic_BigBuckBunny,1789985182.729,0.1058,0,0,0,0,0,0
MC_s9_dynamic_BigBuckBunny,1789985182.836,0.1066,0,0,0,0,0,0
MC_s9_dynamic_BigBuckBunny,1789985182.941,0.1056,0,0,0,0,0,0
MC_s9_dynamic_BigBuckBunny,1789985183.047,0.1057,0,0,0,0,0,0
MC_s9_dynamic_BigBuckBunny,1789985183.153,0.1057,0,0,0,0,0,0
MC_s9_dynamic_BigBuckBunny,1789985183.259,0.106,0,0,0,0,0,0
MC_s9_dynamic_BigBuckBunny,1789985183.364,0.1056,0,0,0,0,0,0
MC_s9_dynamic_BigBuckBunny,1789985183.47,0.1056,0,0,0,0,0,0
MC_s9_dynamic_BigBuckBunny,1789985183.576,0.1058,0,0,0,0,0,0
MC_s9_dynamic_BigBuckBunny,1789985183.681,0.1058,0,0,0,0,0,0
MC_s9_dynamic_BigBuckBunny,1789985183.787,0.1059,0,0,0,0,0,0
MC_s9_dynamic_BigBuckBunny,1789985183.893,0.1056,0,0,0,0,0,0
MC_s9_dynamic_BigBuckBunny,1789985183.998,0.1057,0,0,0,0,0,0
MC_s9_dynamic_BigBuckBunny,1789985184.104,0.1056,0,0,0,0,0,0
MC_s9_dynamic_BigBuckBunny,1789985184.212,0.1076,0,0,0,0,0,0
MC_s9_dynamic_BigBuckBunny,1789985184.317,0.1059,0,0,0,0,0,0
MC_s9_dynamic_BigBuckBunny,1789985184.423,0.1058,0,0,0,0,0,0
MC_s9_dynamic_BigBuckBunny,1789985184.529,0.1057,0,0,0,0,0,0
MC_s9_dynamic_BigBuckBunny,1789985184.635,0.1056,0,0,0,0,0,0
MC_s9_dynamic_BigBuckBunny,1789985184.74,0.1056,0,0,0,0,0,0
MC_s9_dynamic_BigBuckBunny,1789985184.846,0.1059,0,0,0,0,0,0
MC_s9_dynamic_BigBuckBunny,1789985184.953,0.1072,0,0,0,0,0,0
MC_s9_dynamic_BigBuckBunny,1789985185.059,0.1058,0,0,0,0,0,0
MC_s9_dynamic_BigBuckBunny,1789985185.165,0.1055,0,0,0,0,0,0
MC_s9_dynamic_BigBuckBunny,1789985185.27,0.1056,0,0,0,0,0,0
MC_s9_dynamic_BigBuckBunny,1789985185.376,0.1056,0,0,0,0,0,0
MC_s9_dynamic_BigBuckBunny,1789985185.481,0.1057,0,0,0,0,0,0
MC_s9_dynamic_BigBuckBunny,1789985185.587,0.1056,0,0,0,0,0,0
MC_s9_dynamic_BigBuckBunny,1789985185.693,0.1055,0,0,0,0,0,0
