run_id,t_epoch,dt,delta_bytes,delta_packets,delta_reorder,jitter_ns,rtt_ns,active_flows
MC_s1_bola_TearsOfSteel,1789972856.025,0.1001,0,0,0,0,0,0
MC_s1_bola_TearsOfSteel,1789972856.127,0.1014,0,0,0,0,0,0
MC_s1_bola_TearsOfSteel,1789972856.228,0.1013,0,0,0,0,0,0
MC_s1_bola_TearsOfSteel,1789972856.331,0.1025,0,0,0,0,0,0
MC_s1_bola_TearsOfSteel,1789972856.432,0.1017,0,0,0,0,0,0
MC_s1_bola_TearsOfSteel,1789972856.534,0.1017,0,0,0,0,0,0
MC_s1_bola_TearsOfSteel,1789972856.635,0.1014,0,0,0,0,0,0
MC_s1_bola_TearsOfSteel,1789972856.737,0.1015,0,0,0,0,0,0
MC_s1_bola_TearsOfSteel,1789972856.838,0.1015,0,0,0,0,0,0
MC_s1_bola_TearsOfSteel,1789972856.941,0.1026,0,0,0,0,0,0
MC_s1_bola_TearsOfSteel,1789972857.043,0.1015,0,0,0,0,0,0
MC_s1_bola_TearsOfSteel,1789972857.144,0.1013,0,0,0,0,0,0
MC_s1_bola_TearsOfSteel,1789972857.245,0.1014,0,0,0,0,0,0
MC_s1_bola_TearsOfSteel,1789972857.347,0.1016,0,0,0,0,0,0
MC_s1_bola_TearsOfSteel,1789972857.449,0.1018,0,0,0,0,0,0
MC_s1_bola_TearsOfSteel,1789972857.55,0.1013,0,0,0,0,0,0
MC_s1_bola_TearsOfSteel,1789972857.651,0.1013,0,0,0,0,0,0
MC_s1_bola_TearsOfSteel,1789972857.753,0.1014,0,0,0,0,0,0
MC_s1_bola_TearsOfSteel,1789972857.854,0.1016,0,0,0,0,0,0
MC_s1_bola_TearsOfSteel,1789972857.956,0.1015,0,0,0,0,0,0
MC_s1_bola_TearsOfSteel,1789972858.057,0.1014,0,0,0,0,0,0
MC_s1_bola_TearsOfSteel,1789972858.159,0.1014,0,0,0,0,0,0
MC_s1_bola_TearsOfSteel,1789972858.26,0.1014,0,0,0,0,0,0
MC_s1_bola_TearsOfSteel,1789972858.362,0.1015,0,0,0,0,0,0
MC_s1_bola_TearsOfSteel,1789972858.463,0.1016,0,0,0,0,0,0
MC_s1_bola_TearsOfSteel,1789972858.564,0.1013,0,0,0,0,0,0
MC_s1_bola_TearsOfSteel,1789972858.666,0.1013,0,0,0,0,0,0
MC_s1_bola_TearsOfSteel,1789972858.767,0.1014,0,0,0,0,0,0
MC_s1_bola_TearsOfSteel,1789972858.869,0.1015,0,0,0,0,0,0
MC_s1_bola_TearsOfSteel,1789972858.97,0.1016,0,0,0,0,0,0
MC_s1_bola_TearsOfSteel,1789972859.072,0.1014,0,0,0,0,0,0
MC_s1_bola_TearsOfSteel,1789972859.173,0.1013,0,0,0,0,0,0
MC_s1_bola_TearsOfSteel,1789972859.274,0.1014,0,0,0,0,0,0
MC_s1_bola_TearsOfSteel,1789972859.376,0.1016,0,0,0,0,0,0
MC_s1_bola_TearsOfSteel,1789972859.477,0.1016,0,0,0,0,0,0
MC_s1_bola_TearsOfSteel,1789972859.579,0.1014,0,0,0,0,0,0
MC_s1_bola_TearsOfSteel,1789972859.68,0.1013,0,0,0,0,0,0
MC_s1_bola_TearsOfSteel,1789972859.782,0.1014,0,0,0,0,0,0
MC_s1_bola_TearsOfSteel,1789972859.883,0.1016,0,0,0,0,0,0
MC_s1_bola_TearsOfSteel,1789972859.985,0.1016,0,0,0,0,0,0
MC_s1_bola_TearsOfSteel,1789972860.086,0.1014,0,0,0,0,0,0
MC_s1_bola_TearsOfSteel,1789972860.188,0.1014,0,0,0,0,0,0
MC_s1_bola_TearsOfSteel,1789972860.289,0.1014,0,0,0,0,0,0
MC_s1_bola_TearsOfSteel,1789972860.391,0.1015,0,0,0,0,0,0
MC_s1_bola_TearsOfSteel,1789972860.492,0.1015,0,0,0,0,0,0
MC_s1_bola_TearsOfSteel,1789972860.593,0.1013,0,0,0,0,0,0
MC_s1_bola_TearsOfSteel,1789972860.695,0.1014,0,0,0,0,0,0
MC_s1_bola_TearsOfSteel,1789972860.796,0.1014,0,0,0,0,0,0
MC_s1_bola_TearsOfSteel,1789972860.898,0.1015,0,0,0,0,0,0
MC_s1_bola_TearsOfSteel,1789972860.999,0.1016,0,0,0,0,0,0
MC_s1_bola_TearsOfSteel,1789972861.101,0.1013,0,0,0,0,0,0
MC_s1_bola_TearsOfSteel,1789972861.202,0.1015,0,0,0,0,0,0
MC_s1_bola_TearsOfSteel,1789972861.304,0.1014,0,0,0,0,0,0
MC_s1_bola_TearsOfSteel,1789972861.405,0.1016,0,0,0,0,0,0
MC_s1_bola_TearsOfSteel,1789972861.507,0.1016,0,0,0,0,0,0
MC_s1_bola_TearsOfSteel,1789972861.608,0.1014,0,0,0,0,0,0
MC_s1_bola_TearsOfSteel,1789972861.71,0.1013,0,0,0,0,0,0
MC_s1_bola_TearsOfSteel,1789972861.811,0.1014,0,0,0,0,0,0
MC_s1_bola_TearsOfSteel,1789972861.912,0.1015,0,0,0,0,0,0
MC_s1_bola_TearsOfSteel,1789972862.014,0.1016,0,0,0,0,0,0
MC_s1_bola_TearsOfSteel,1789972862.115,0.1013,0,0,0,0,0,0
MC_s1_bola_TearsOfSteel,1789972862.225,0.1096,0,0,0,0,0,0
MC_s1_bola_TearsOfSteel,1789972862.326,0.1014,0,0,0,0,0,0
MC_s1_bola_TearsOfSteel,1789972862.428,0.1015,0,0,0,0,0,0
MC_s1_bola_TearsOfSteel,1789972862.529,0.1016,0,0,0,0,0,0
MC_s1_bola_TearsOfSteel,1789972862.631,0.1013,0,0,0,0,0,0
MC_s1_bola_TearsOfSteel,1789972862.732,0.1016,0,0,0,0,0,0
MC_s1_bola_TearsOfSteel,1789972862.834,0.1016,0,0,0,0,0,0
MC_s1_bola_TearsOfSteel,1789972862.937,0.1025,0,0,0,0,0,0
MC_s1_bola_TearsOfSteel,1789972863.038,0.1016,0,0,0,0,0,0
MC_s1_bola_TearsOfSteel,1789972863.139,0.1013,0,0,0,0,0,0
MC_s1_bola_TearsOfSteel,1789972863.241,0.1014,0,0,0,0,0,0
MC_s1_bola_TearsOfSteel,1789972863.342,0.1017,0,0,0,0,0,0
MC_s1_bola_TearsOfSteel,1789972863.445,0.1028,0,0,0,0,0,0
MC_s1_bola_TearsOfSteel,1789972863.547,0.1016,0,0,0,0,0,0
MC_s1_bola_TearsOfSteel,1789972863.648,0.1014,0,0,0,0,0,0
MC_s1_bola_TearsOfSteel,1789972863.75,0.1014,0,0,0,0,0,0
MC_s1_bola_TearsOfSteel,1789972863.851,0.1016,0,0,0,0,0,0
MC_s1_bola_TearsOfSteel,1789972863.953,0.1017,0,0,0,0,0,0
MC_s1_bola_TearsOfSteel,1789972864.054,0.1014,0,0,0,0,0,0
MC_s1_bola_TearsOfSteel,1789972864.156,0.1013,0,0,0,0,0,0
MC_s1_bola_TearsOfSteel,1789972864.257,0.1015,0,0,0,0,0,0
MC_s1_bola_TearsOfSteel,1789972864.359,0.1017,0,0,0,0,0,0
MC_s1_bola_TearsOfSteel,1789972864.46,0.1016,0,0,0,0,0,0
MC_s1_bola_TearsOfSteel,1789972864.562,0.1014,0,0,0,0,0,0
MC_s1_bola_TearsOfSteel,1789972864.663,0.1015,0,0,0,0,0,0
MC_s1_bola_TearsOfSteel,1789972864.765,0.1014,0,0,0,0,0,0
MC_s1_bola_TearsOfSteel,1789972864.866,0.1015,0,0,0,0,0,0
MC_s1_bola_TearsOfSteel,1789972864.968,0.1016,0,0,0,0,0,0
MC_s1_bola_TearsOfSteel,1789972865.069,0.1014,0,0,0,0,0,0
MC_s1_bola_TearsOfSteel,1789972865.171,0.1014,0,0,0,0,0,0
MC_s1_bola_TearsOfSteel,1789972865.272,0.1013,0,0,0,0,0,0
MC_s1_bola_TearsOfSteel,1789972865.373,0.1015,0,0,0,0,0,0
MC_s1_bola_TearsOfSteel,1789972865.475,0.1015,0,0,0,0,0,0
MC_s1_bola_TearsOfSteel,1789972865.576,0.1013,0,0,0,0,0,0
MC_s1_bola_TearsOfSteel,1789972865.678,0.1013,0,0,0,0,0,0
MC_s1_bola_TearsOfSteel,1789972865.779,0.1014,0,0,0,0,0,0
MC_s1_bola_TearsOfSteel,1789972865.881,0.1016,0,0,0,0,0,0
MC_s1_bola_TearsOfSteel,1789972865.982,0.1016,0,0,0,0,0,0
MC_s1_bola_TearsOfSteel,1789972866.084,0.1013,0,0,0,0,0,0
MC_s1_bola_TearsOfSteel,1789972866.185,0.1018,0,0,0,0,0,0
MC_s1_bola_TearsOfSteel,1789972866.287,0.1014,0,0,0,0,0,0
MC_s1_bola_TearsOfSteel,1789972866.388,0.1016,0,0,0,0,0,0
MC_s1_bola_TearsOfSteel,1789972866.49,0.1016,0,0,0,0,0,0
MC_s1_bola_TearsOfSteel,1789972866.591,0.1014,0,0,0,0,0,0
MC_s1_bola_TearsOfSteel,1789972866.693,0.1014,0,0,0,0,0,0
MC_s1_bola_TearsOfSteel,1789972866.794,0.1015,0,0,0,0,0,0
MC_s1_bola_TearsOfSteel,1789972866.896,0.1015,0,0,0,0,0,0
MC_s1_bola_TearsOfSteel,1789972866.997,0.1015,0,0,0,0,0,0
MC_s1_bola_TearsOfSteel,1789972867.099,0.1013,0,0,0,0,0,0
MC_s1_bola_TearsOfSteel,1789972867.2,0.1013,0,0,0,0,0,0
MC_s1_bola_TearsOfSteel,1789972867.301,0.1013,0,0,0,0,0,0
MC_s1_bola_TearsOfSteel,1789972867.403,0.1015,0,0,0,0,0,0
MC_s1_bola_TearsOfSteel,1789972867.504,0.1015,0,0,0,0,0,0
MC_s1_bola_TearsOfSteel,1789972867.606,0.1013,0,0,0,0,0,0
MC_s1_bola_TearsOfSteel,1789972867.707,0.1014,0,0,0,0,0,0
MC_s1_bola_TearsOfSteel,1789972867.808,0.1013,0,0,0,0,0,0
MC_s1_bola_TearsOfSteel,1789972867.91,0.1015,0,0,0,0,0,0
MC_s1_bola_TearsOfSteel,1789972868.011,0.1015,0,0,0,0,0,0
MC_s1_bola_TearsOfSteel,1789972868.113,0.1013,0,0,0,0,0,0
MC_s1_bola_TearsOfSteel,1789972868.214,0.1013,0,0,0,0,0,0
MC_s1_bola_TearsOfSteel,1789972868.315,0.1014,0,0,0,0,0,0
MC_s1_bola_TearsOfSteel,1789972868.417,0.1015,0,0,0,0,0,0
MC_s1_bola_TearsOfSteel,1789972868.518,0.1016,0,0,0,0,0,0
MC_s1_bola_TearsOfSteel,1789972868.62,0.1014,0,0,0,0,0,0
MC_s1_bola_TearsOfSteel,1789972868.721,0.1014,0,0,0,0,0,0
MC_s1_bola_TearsOfSteel,1789972868.823,0.1014,0,0,0,0,0,0
MC_s1_bola_TearsOfSteel,1789972868.924,0.1015,0,0,0,0,0,0
MC_s1_bola_TearsOfSteel,1789972869.026,0.1015,0,0,0,0,0,0
MC_s1_bola_TearsOfSteel,1789972869.127,0.1013,0,0,0,0,0,0
MC_s1_bola_TearsOfSteel,1789972869.228,0.1015,0,0,0,0,0,0
MC_s1_bola_TearsOfSteel,1789972869.332,0.1033,0,0,0,0,0,0
MC_s1_bola_TearsOfSteel,1789972869.433,0.1015,0,0,0,0,0,0
MC_s1_bola_TearsOfSteel,1789972869.535,0.1015,0,0,0,0,0,0
MC_s1_bola_TearsOfSteel,1789972869.636,0.1013,0,0,0,0,0,0
MC_s1_bola_TearsOfSteel,1789972869.738,0.1014,0,0,0,0,0,0
MC_s1_bola_TearsOfSteel,1789972869.839,0.1015,0,0,0,0,0,0
MC_s1_bola_TearsOfSteel,1789972869.942,0.1035,0,0,0,0,0,0
MC_s1_bola_TearsOfSteel,1789972870.044,0.1015,0,0,0,0,0,0
MC_s1_bola_TearsOfSteel,1789972870.145,0.1013,0,0,0,0,0,0
MC_s1_bola_TearsOfSteel,1789972870.247,0.1013,0,0,0,0,0,0
MC_s1_bola_TearsOfSteel,1789972870.348,0.1015,0,0,0,0,0,0
MC_s1_bola_TearsOfSteel,1789972870.45,0.1022,0,0,0,0,0,0
MC_s1_bola_TearsOfSteel,1789972870.552,0.1014,0,0,0,0,0,0
MC_s1_bola_TearsOfSteel,1789972870.653,0.1014,0,0,0,0,0,0
MC_s1_bola_TearsOfSteel,1789972870.755,0.1013,0,0,0,0,0,0
MC_s1_bola_TearsOfSteel,1789972870.856,0.1015,0,0,0,0,0,0
MC_s1_bola_TearsOfSteel,1789972870.958,0.1015,0,0,0,0,0,0
MC_s1_bola_TearsOfSteel,1789972871.059,0.1014,0,0,0,0,0,0
MC_s1_bola_TearsOfSteel,1789972871.16,0.1013,0,0,0,0,0,0
MC_s1_bola_TearsOfSteel,1789972871.262,0.1014,0,0,0,0,0,0
MC_s1_bola_TearsOfSteel,1789972871.363,0.1018,0,0,0,0,0,0
MC_s1_bola_TearsOfSteel,1789972871.465,0.1015,0,0,0,0,0,0
MC_s1_bola_TearsOfSteel,1789972871.566,0.1014,0,0,0,0,0,0
MC_s1_bola_TearsOfSteel,1789972871.668,0.1014,0,0,0,0,0,0
MC_s1_bola_TearsOfSteel,1789972871.769,0.1014,0,0,0,0,0,0
MC_s1_bola_TearsOfSteel,1789972871.871,0.1016,0,0,0,0,0,0
MC_s1_bola_TearsOfSteel,1789972871.972,0.1015,0,0,0,0,0,0
MC_s1_bola_TearsOfSteel,1789972872.074,0.1015,0,0,0,0,0,0
MC_s1_bola_TearsOfSteel,1789972872.175,0.1013,0,0,0,0,0,0
MC_s1_bola_TearsOfSteel,1789972872.276,0.1013,0,0,0,0,0,0
MC_s1_bola_TearsOfSteel,1789972872.386,0.1096,0,0,0,0,0,0
MC_s1_bola_TearsOfSteel,1789972872.487,0.1015,0,0,0,0,0,0
MC_s1_bola_TearsOfSteel,1789972872.589,0.1013,0,0,0,0,0,0
MC_s1_bola_TearsOfSteel,1789972872.69,0.1014,0,0,0,0,0,0
MC_s1_bola_TearsOfSteel,1789972872.791,0.1014,0,0,0,0,0,0
MC_s1_bola_TearsOfSteel,1789972872.893,0.1015,0,0,0,0,0,0
MC_s1_bola_TearsOfSteel,1789972872.995,0.1016,0,0,0,0,0,0
MC_s1_bola_TearsOfSteel,1789972873.096,0.1013,0,0,0,0,0,0
MC_s1_bola_TearsOfSteel,1789972873.197,0.1014,0,0,0,0,0,0
MC_s1_bola_TearsOfSteel,1789972873.299,0.1014,0,0,0,0,0,0
MC_s1_bola_TearsOfSteel,1789972873.4,0.1015,0,0,0,0,0,0
MC_s1_bola_TearsOfSteel,1789972873.502,0.1015,0,0,0,0,0,0
MC_s1_bola_TearsOfSteel,1789972873.603,0.1013,0,0,0,0,0,0
MC_s1_bola_TearsOfSteel,1789972873.704,0.1013,0,0,0,0,0,0
MC_s1_bola_TearsOfSteel,1789972873.806,0.1014,0,0,0,0,0,0
MC_s1_bola_TearsOfSteel,1789972873.907,0.1015,0,0,0,0,0,0
MC_s1_bola_TearsOfSteel,1789972874.009,0.1015,0,0,0,0,0,0
MC_s1_bola_TearsOfSteel,1789972874.11,0.1013,0,0,0,0,0,0
MC_s1_bola_TearsOfSteel,1789972874.211,0.1014,0,0,0,0,0,0
MC_s1_bola_TearsOfSteel,1789972874.313,0.1013,0,0,0,0,0,0
MC_s1_bola_TearsOfSteel,1789972874.414,0.1015,0,0,0,0,0,0
MC_s1_bola_TearsOfSteel,1789972874.516,0.1015,0,0,0,0,0,0
MC_s1_bola_TearsOfSteel,1789972874.617,0.1014,0,0,0,0,0,0
MC_s1_bola_TearsOfSteel,1789972874.719,0.1014,0,0,0,0,0,0
MC_s1_bola_TearsOfSteel,1789972874.82,0.1013,0,0,0,0,0,0
MC_s1_bola_TearsOfSteel,1789972874.921,0.1015,0,0,0,0,0,0
MC_s1_bola_TearsOfSteel,1789972875.023,0.1015,0,0,0,0,0,0
MC_s1_bola_TearsOfSteel,1789972875.124,0.1013,0,0,0,0,0,0
MC_s1_bola_TearsOfSteel,1789972875.226,0.1013,0,0,0,0,0,0
MC_s1_bola_TearsOfSteel,1789972875.327,0.1016,0,0,0,0,0,0
MC_s1_bola_TearsOfSteel,1789972875.429,0.1016,0,0,0,0,0,0
MC_s1_bola_TearsOfSteel,1789972875.53,0.1015,0,0,0,0,0,0
MC_s1_bola_TearsOfSteel,1789972875.632,0.1014,0,0,0,0,0,0
MC_s1_bola_TearsOfSteel,1789972875.733,0.1016,0,0,0,0,0,0
MC_s1_bola_TearsOfSteel,1789972875.835,0.1015,0,0,0,0,0,0
MC_s1_bola_TearsOfSteel,1789972875.937,0.1022,0,0,0,0,0,0
MC_s1_bola_TearsOfSteel,1789972876.039,0.1016,0,0,0,0,0,0
MC_s1_bola_TearsOfSteel,1789972876.14,0.1013,0,0,0,0,0,0
MC_s1_bola_TearsOfSteel,1789972876.241,0.1014,0,0,0,0,0,0
MC_s1_bola_TearsOfSteel,1789972876.343,0.1018,0,0,0,0,0,0
MC_s1_bola_TearsOfSteel,1789972876.446,0.1024,0,0,0,0,0,0
MC_s1_bola_TearsOfSteel,1789972876.547,0.1014,0,0,0,0,0,0
MC_s1_bola_TearsOfSteel,1789972876.648,0.1014,0,0,0,0,0,0
MC_s1_bola_TearsOfSteel,1789972876.75,0.1014,0,0,0,0,0,0
MC_s1_bola_TearsOfSteel,1789972876.851,0.1015,0,0,0,0,0,0
MC_s1_bola_TearsOfSteel,1789972876.953,0.102,0,0,0,0,0,0
MC_s1_bola_TearsOfSteel,1789972877.055,0.1015,0,0,0,0,0,0
MC_s1_bola_TearsOfSteel,1789972877.156,0.1014,0,0,0,0,0,0
MC_s1_bola_TearsOfSteel,1789972877.258,0.1015,0,0,0,0,0,0
MC_s1_bola_TearsOfSteel,1789972877.359,0.1015,0,0,0,0,0,0
MC_s1_bola_TearsOfSteel,1789972877.469,0.1096,0,0,0,0,0,0
MC_s1_bola_TearsOfSteel,1789972877.57,0.1014,0,0,0,0,0,0
MC_s1_bola_TearsOfSteel,1789972877.671,0.1013,0,0,0,0,0,0
MC_s1_bola_TearsOfSteel,1789972877.773,0.1014,0,0,0,0,0,0
MC_s1_bola_TearsOfSteel,1789972877.874,0.1016,0,0,0,0,0,0
MC_s1_bola_TearsOfSteel,1789972877.976,0.1015,0,0,0,0,0,0
MC_s1_bola_TearsOfSteel,1789972878.077,0.1014,0,0,0,0,0,0
MC_s1_bola_TearsOfSteel,1789972878.179,0.1013,0,0,0,0,0,0
MC_s1_bola_TearsOfSteel,1789972878.28,0.1014,0,0,0,0,0,0
MC_s1_bola_TearsOfSteel,1789972878.382,0.1015,0,0,0,0,0,0
MC_s1_bola_TearsOfSteel,1789972878.486,0.1043,0,0,0,0,0,0
MC_s1_bola_TearsOfSteel,1789972878.587,0.1014,0,0,0,0,0,0
MC_s1_bola_TearsOfSteel,1789972878.689,0.1014,0,0,0,0,0,0
MC_s1_bola_TearsOfSteel,1789972878.79,0.1014,0,0,0,0,0,0
MC_s1_bola_TearsOfSteel,1789972878.892,0.1015,0,0,0,0,0,0
MC_s1_bola_TearsOfSteel,1789972878.993,0.1015,0,0,0,0,0,0
MC_s1_bola_TearsOfSteel,1789972879.094,0.1013,0,0,0,0,0,0
MC_s1_bola_TearsOfSteel,1789972879.196,0.1014,0,0,0,0,0,0
MC_s1_bola_TearsOfSteel,1789972879.297,0.1013,0,0,0,0,0,0
MC_s1_bola_TearsOfSteel,1789972879.399,0.1015,0,0,0,0,0,0
MC_s1_bola_TearsOfSteel,1789972879.5,0.1015,0,0,0,0,0,0
MC_s1_bola_TearsOfSteel,1789972879.602,0.1014,0,0,0,0,0,0
MC_s1_bola_TearsOfSteel,1789972879.703,0.1015,0,0,0,0,0,0
MC_s1_bola_TearsOfSteel,1789972879.804,0.1014,0,0,0,0,0,0
MC_s1_bola_TearsOfSteel,1789972879.906,0.1015,0,0,0,0,0,0
MC_s1_bola_TearsOfSteel,1789972880.007,0.1015,0,0,0,0,0,0
MC_s1_bola_TearsOfSteel,1789972880.109,0.1013,0,0,0,0,0,0
MC_s1_bola_TearsOfSteel,1789972880.21,0.1014,0,0,0,0,0,0
MC_s1_bola_TearsOfSteel,1789972880.311,0.1013,0,0,0,0,0,0
MC_s1_bola_TearsOfSteel,1789972880.413,0.1015,0,0,0,0,0,0
MC_s1_bola_TearsOfSteel,1789972880.515,0.1015,0,0,0,0,0,0
MC_s1_bola_TearsOfSteel,1789972880.616,0.1013,0,0,0,0,0,0
MC_s1_bola_TearsOfSteel,1789972880.717,0.1014,0,0,0,0,0,0
MC_s1_bola_TearsOfSteel,1789972880.819,0.1013,0,0,0,0,0,0
MC_s1_bola_TearsOfSteel,1789972880.92,0.1015,0,0,0,0,0,0
MC_s1_bola_TearsOfSteel,1789972881.022,0.1016,0,0,0,0,0,0
MC_s1_bola_TearsOfSteel,1789972881.123,0.1014,0,0,0,0,0,0
MC_s1_bola_TearsOfSteel,1789972881.224,0.1014,0,0,0,0,0,0
MC_s1_bola_TearsOfSteel,1789972881.326,0.1014,0,0,0,0,0,0
MC_s1_bola_TearsOfSteel,1789972881.427,0.1015,0,0,0,0,0,0
MC_s1_bola_TearsOfSteel,1789972881.529,0.1015,0,0,0,0,0,0
MC_s1_bola_TearsOfSteel,1789972881.63,0.1014,0,0,0,0,0,0
MC_s1_bola_TearsOfSteel,1789972881.732,0.1014,0,0,0,0,0,0
MC_s1_bola_TearsOfSteel,1789972881.833,0.1016,0,0,0,0,0,0
MC_s1_bola_TearsOfSteel,1789972881.935,0.102,0,0,0,0,0,0
MC_s1_bola_TearsOfSteel,1789972882.037,0.1016,0,0,0,0,0,0
MC_s1_bola_TearsOfSteel,1789972882.138,0.1013,0,0,0,0,0,0
MC_s1_bola_TearsOfSteel,1789972882.24,0.1014,0,0,0,0,0,0
MC_s1_bola_TearsOfSteel,1789972882.341,0.1015,0,0,0,0,0,0
MC_s1_bola_TearsOfSteel,1789972882.443,0.1021,0,0,0,0,0,0
MC_s1_bola_TearsOfSteel,1789972882.545,0.1015,0,0,0,0,0,0
MC_s1_bola_TearsOfSteel,1789972882.646,0.1014,0,0,0,0,0,0
MC_s1_bola_TearsOfSteel,1789972882.748,0.1015,0,0,0,0,0,0
MC_s1_bola_TearsOfSteel,1789972882.849,0.1016,0,0,0,0,0,0
MC_s1_bola_TearsOfSteel,1789972882.952,0.1027,0,0,0,0,0,0
MC_s1_bola_TearsOfSteel,1789972883.053,0.1014,0,0,0,0,0,0
MC_s1_bola_TearsOfSteel,1789972883.155,0.1014,0,0,0,0,0,0
MC_s1_bola_TearsOfSteel,1789972883.256,0.1015,0,0,0,0,0,0
MC_s1_bola_TearsOfSteel,1789972883.358,0.1018,0,0,0,0,0,0
MC_s1_bola_TearsOfSteel,1789972883.46,0.1016,0,0,0,0,0,0
MC_s1_bola_TearsOfSteel,1789972883.561,0.1015,0,0,0,0,0,0
MC_s1_bola_TearsOfSteel,1789972883.662,0.1014,0,0,0,0,0,0
MC_s1_bola_TearsOfSteel,1789972883.764,0.1015,0,0,0,0,0,0
MC_s1_bola_TearsOfSteel,1789972883.866,0.1017,0,0,0,0,0,0
MC_s1_bola_TearsOfSteel,1789972883.967,0.1016,0,0,0,0,0,0
MC_s1_bola_TearsOfSteel,1789972884.069,0.1014,0,0,0,0,0,0
MC_s1_bola_TearsOfSteel,1789972884.17,0.1014,0,0,0,0,0,0
MC_s1_bola_TearsOfSteel,1789972884.271,0.1014,0,0,0,0,0,0
MC_s1_bola_TearsOfSteel,1789972884.373,0.1016,0,0,0,0,0,0
MC_s1_bola_TearsOfSteel,1789972884.474,0.1016,0,0,0,0,0,0
MC_s1_bola_TearsOfSteel,1789972884.576,0.1014,0,0,0,0,0,0
MC_s1_bola_TearsOfSteel,1789972884.677,0.1014,0,0,0,0,0,0
MC_s1_bola_TearsOfSteel,1789972884.779,0.1014,0,0,0,0,0,0
MC_s1_bola_TearsOfSteel,1789972884.88,0.1015,0,0,0,0,0,0
MC_s1_bola_TearsOfSteel,1789972884.982,0.1015,0,0,0,0,0,0
MC_s1_bola_TearsOfSteel,1789972885.083,0.1013,0,0,0,0,0,0
MC_s1_bola_TearsOfSteel,1789972885.184,0.1013,0,0,0,0,0,0
MC_s1_bola_TearsOfSteel,1789972885.286,0.1013,0,0,0,0,0,0
MC_s1_bola_TearsOfSteel,1789972885.387,0.1015,0,0,0,0,0,0
MC_s1_bola_TearsOfSteel,1789972885.489,0.1015,0,0,0,0,0,0
MC_s1_bola_TearsOfSteel,1789972885.59,0.1013,0,0,0,0,0,0
MC_s1_bola_TearsOfSteel,1789972885.691,0.1013,0,0,0,0,0,0
MC_s1_bola_TearsOfSteel,1789972885.793,0.1013,0,0,0,0,0,0
MC_s1_bola_TearsOfSteel,1789972885.894,0.1016,0,0,0,0,0,0
MC_s1_bola_TearsOfSteel,1789972885.996,0.1015,0,0,0,0,0,0
MC_s1_bola_TearsOfSteel,1789972886.097,0.1013,0,0,0,0,0,0
MC_s1_bola_TearsOfSteel,1789972886.198,0.1013,0,0,0,0,0,0
MC_s1_bola_TearsOfSteel,1789972886.3,0.1013,0,0,0,0,0,0
MC_s1_bola_TearsOfSteel,1789972886.401,0.1016,0,0,0,0,0,0
MC_s1_bola_TearsOfSteel,1789972886.503,0.1018,0,0,0,0,0,0
MC_s1_bola_TearsOfSteel,1789972886.604,0.1013,0,0,0,0,0,0
MC_s1_bola_TearsOfSteel,1789972886.706,0.1013,0,0,0,0,0,0
MC_s1_bola_TearsOfSteel,1789972886.807,0.1013,0,0,0,0,0,0
MC_s1_bola_TearsOfSteel,1789972886.909,0.1015,0,0,0,0,0,0
MC_s1_bola_TearsOfSteel,1789972887.01,0.1015,0,0,0,0,0,0
MC_s1_bola_TearsOfSteel,1789972887.111,0.1013,0,0,0,0,0,0
MC_s1_bola_TearsOfSteel,1789972887.213,0.1013,0,0,0,0,0,0
MC_s1_bola_TearsOfSteel,1789972887.314,0.1013,0,0,0,0,0,0
MC_s1_bola_TearsOfSteel,1789972887.415,0.1015,0,0,0,0,0,0
MC_s1_bola_TearsOfSteel,1789972887.517,0.1015,0,0,0,0,0,0
MC_s1_bola_TearsOfSteel,1789972887.626,0.1094,0,0,0,0,0,0
MC_s1_bola_TearsOfSteel,1789972887.728,0.1014,0,0,0,0,0,0
MC_s1_bola_TearsOfSteel,1789972887.83,0.1028,0,0,0,0,0,0
MC_s1_bola_TearsOfSteel,1789972887.932,0.1015,0,0,0,0,0,0
MC_s1_bola_TearsOfSteel,1789972888.033,0.1015,0,0,0,0,0,0
MC_s1_bola_TearsOfSteel,1789972888.135,0.1013,0,0,0,0,0,0
MC_s1_bola_TearsOfSteel,1789972888.236,0.1014,0,0,0,0,0,0
MC_s1_bola_TearsOfSteel,1789972888.338,0.1015,0,0,0,0,0,0
MC_s1_bola_TearsOfSteel,1789972888.442,0.104,0,0,0,0,0,0
MC_s1_bola_TearsOfSteel,1789972888.543,0.1015,0,0,0,0,0,0
MC_s1_bola_TearsOfSteel,1789972888.644,0.1013,0,0,0,0,0,0
MC_s1_bola_TearsOfSteel,1789972888.746,0.1013,0,0,0,0,0,0
MC_s1_bola_TearsOfSteel,1789972888.847,0.1015,0,0,0,0,0,0
MC_s1_bola_TearsOfSteel,1789972888.95,0.1027,0,0,0,0,0,0
MC_s1_bola_TearsOfSteel,1789972889.051,0.1013,0,0,0,0,0,0
MC_s1_bola_TearsOfSteel,1789972889.153,0.1013,0,0,0,0,0,0
MC_s1_bola_TearsOfSteel,1789972889.254,0.1013,0,0,0,0,0,0
MC_s1_bola_TearsOfSteel,1789972889.356,0.1015,0,0,0,0,0,0
MC_s1_bola_TearsOfSteel,1789972889.457,0.1016,0,0,0,0,0,0
MC_s1_bola_TearsOfSteel,1789972889.558,0.1014,0,0,0,0,0,0
MC_s1_bola_TearsOfSteel,1789972889.66,0.1013,0,0,0,0,0,0
MC_s1_bola_TearsOfSteel,1789972889.761,0.1013,0,0,0,0,0,0
MC_s1_bola_TearsOfSteel,1789972889.863,0.1017,0,0,0,0,0,0
MC_s1_bola_TearsOfSteel,1789972889.964,0.1016,0,0,0,0,0,0
MC_s1_bola_TearsOfSteel,1789972890.066,0.1013,0,0,0,0,0,0
MC_s1_bola_TearsOfSteel,1789972890.167,0.1013,0,0,0,0,0,0
MC_s1_bola_TearsOfSteel,1789972890.268,0.1013,0,0,0,0,0,0
MC_s1_bola_TearsOfSteel,1789972890.37,0.1015,0,0,0,0,0,0
MC_s1_bola_TearsOfSteel,1789972890.471,0.1015,0,0,0,0,0,0
MC_s1_bola_TearsOfSteel,1789972890.573,0.1013,0,0,0,0,0,0
MC_s1_bola_TearsOfSteel,1789972890.674,0.1013,0,0,0,0,0,0
MC_s1_bola_TearsOfSteel,1789972890.775,0.1013,0,0,0,0,0,0
MC_s1_bola_TearsOfSteel,1789972890.877,0.1016,0,0,0,0,0,0
MC_s1_bola_TearsOfSteel,1789972890.979,0.1016,0,0,0,0,0,0
MC_s1_bola_TearsOfSteel,1789972891.08,0.1013,0,0,0,0,0,0
MC_s1_bola_TearsOfSteel,1789972891.181,0.1013,0,0,0,0,0,0
MC_s1_bola_TearsOfSteel,1789972891.282,0.1013,0,0,0,0,0,0
MC_s1_bola_TearsOfSteel,1789972891.384,0.1016,0,0,0,0,0,0
MC_s1_bola_TearsOfSteel,1789972891.486,0.1015,0,0,0,0,0,0
MC_s1_bola_TearsOfSteel,1789972891.587,0.1013,0,0,0,0,0,0
MC_s1_bola_TearsOfSteel,1789972891.688,0.1013,0,0,0,0,0,0
MC_s1_bola_TearsOfSteel,1789972891.79,0.1013,0,0,0,0,0,0
MC_s1_bola_TearsOfSteel,1789972891.891,0.1016,0,0,0,0,0,0
MC_s1_bola_TearsOfSteel,1789972891.993,0.1016,0,0,0,0,0,0
MC_s1_bola_TearsOfSteel,1789972892.094,0.1013,0,0,0,0,0,0
MC_s1_bola_TearsOfSteel,1789972892.195,0.1013,0,0,0,0,0,0
MC_s1_bola_TearsOfSteel,1789972892.297,0.1013,0,0,0,0,0,0
MC_s1_bola_TearsOfSteel,1789972892.398,0.1016,0,0,0,0,0,0
MC_s1_bola_TearsOfSteel,1789972892.5,0.1016,0,0,0,0,0,0
MC_s1_bola_TearsOfSteel,1789972892.601,0.1013,0,0,0,0,0,0
MC_s1_bola_TearsOfSteel,1789972892.711,0.1095,0,0,0,0,0,0
MC_s1_bola_TearsOfSteel,1789972892.812,0.1014,0,0,0,0,0,0
MC_s1_bola_TearsOfSteel,1789972892.914,0.1016,0,0,0,0,0,0
MC_s1_bola_TearsOfSteel,1789972893.016,0.1026,0,0,0,0,0,0
MC_s1_bola_TearsOfSteel,1789972893.118,0.1014,0,0,0,0,0,0
MC_s1_bola_TearsOfSteel,1789972893.219,0.1013,0,0,0,0,0,0
MC_s1_bola_TearsOfSteel,1789972893.32,0.1013,0,0,0,0,0,0
MC_s1_bola_TearsOfSteel,1789972893.422,0.1015,0,0,0,0,0,0
MC_s1_bola_TearsOfSteel,1789972893.523,0.1015,0,0,0,0,0,0
MC_s1_bola_TearsOfSteel,1789972893.625,0.1013,0,0,0,0,0,0
MC_s1_bola_TearsOfSteel,1789972893.726,0.1013,0,0,0,0,0,0
MC_s1_bola_TearsOfSteel,1789972893.829,0.1029,0,0,0,0,0,0
MC_s1_bola_TearsOfSteel,1789972893.93,0.1016,0,0,0,0,0,0
MC_s1_bola_TearsOfSteel,1789972894.032,0.1015,0,0,0,0,0,0
MC_s1_bola_TearsOfSteel,1789972894.133,0.1013,0,0,0,0,0,0
MC_s1_bola_TearsOfSteel,1789972894.234,0.1013,0,0,0,0,0,0
MC_s1_bola_TearsOfSteel,1789972894.336,0.1017,0,0,0,0,0,0
MC_s1_bola_TearsOfSteel,1789972894.44,0.1035,0,0,0,0,0,0
MC_s1_bola_TearsOfSteel,1789972894.541,0.1016,0,0,0,0,0,0
MC_s1_bola_TearsOfSteel,1789972894.643,0.1015,0,0,0,0,0,0
MC_s1_bola_TearsOfSteel,1789972894.744,0.1014,0,0,0,0,0,0
MC_s1_bola_TearsOfSteel,1789972894.846,0.1015,0,0,0,0,0,0
MC_s1_bola_TearsOfSteel,1789972894.948,0.1023,0,0,0,0,0,0
MC_s1_bola_TearsOfSteel,1789972895.049,0.1014,0,0,0,0,0,0
MC_s1_bola_TearsOfSteel,1789972895.151,0.1014,0,0,0,0,0,0
MC_s1_bola_TearsOfSteel,1789972895.252,0.1013,0,0,0,0,0,0
MC_s1_bola_TearsOfSteel,1789972895.354,0.1015,0,0,0,0,0,0
MC_s1_bola_TearsOfSteel,1789972895.455,0.1015,0,0,0,0,0,0
MC_s1_bola_TearsOfSteel,1789972895.556,0.1013,0,0,0,0,0,0
MC_s1_bola_TearsOfSteel,1789972895.658,0.1013,0,0,0,0,0,0
MC_s1_bola_TearsOfSteel,1789972895.759,0.1013,0,0,0,0,0,0
MC_s1_bola_TearsOfSteel,1789972895.861,0.1015,0,0,0,0,0,0
MC_s1_bola_TearsOfSteel,1789972895.962,0.1015,0,0,0,0,0,0
MC_s1_bola_TearsOfSteel,1789972896.064,0.1014,0,0,0,0,0,0
MC_s1_bola_TearsOfSteel,1789972896.165,0.1013,0,0,0,0,0,0
MC_s1_bola_TearsOfSteel,1789972896.266,0.1013,0,0,0,0,0,0
MC_s1_bola_TearsOfSteel,1789972896.368,0.1016,0,0,0,0,0,0
MC_s1_bola_TearsOfSteel,1789972896.469,0.1015,0,0,0,0,0,0
MC_s1_bola_TearsOfSteel,1789972896.571,0.1014,0,0,0,0,0,0
MC_s1_bola_TearsOfSteel,1789972896.672,0.1016,0,0,0,0,0,0
MC_s1_bola_TearsOfSteel,1789972896.773,0.1013,0,0,0,0,0,0
MC_s1_bola_TearsOfSteel,1789972896.875,0.1016,0,0,0,0,0,0
MC_s1_bola_TearsOfSteel,1789972896.977,0.1015,0,0,0,0,0,0
MC_s1_bola_TearsOfSteel,1789972897.078,0.1013,0,0,0,0,0,0
MC_s1_bola_TearsOfSteel,1789972897.179,0.1013,0,0,0,0,0,0
MC_s1_bola_TearsOfSteel,1789972897.28,0.1013,0,0,0,0,0,0
MC_s1_bola_TearsOfSteel,1789972897.382,0.1015,0,0,0,0,0,0
MC_s1_bola_TearsOfSteel,1789972897.483,0.1015,0,0,0,0,0,0
MC_s1_bola_TearsOfSteel,1789972897.585,0.1013,0,0,0,0,0,0
MC_s1_bola_TearsOfSteel,1789972897.686,0.1013,0,0,0,0,0,0
MC_s1_bola_TearsOfSteel,1789972897.796,0.1094,0,0,0,0,0,0
MC_s1_bola_TearsOfSteel,1789972897.897,0.1014,0,0,0,0,0,0
MC_s1_bola_TearsOfSteel,1789972897.999,0.1015,0,0,0,0,0,0
MC_s1_bola_TearsOfSteel,1789972898.1,0.1013,0,0,0,0,0,0
MC_s1_bola_TearsOfSteel,1789972898.201,0.1013,0,0,0,0,0,0
MC_s1_bola_TearsOfSteel,1789972898.303,0.1016,0,0,0,0,0,0
MC_s1_bola_TearsOfSteel,1789972898.404,0.1015,0,0,0,0,0,0
MC_s1_bola_TearsOfSteel,1789972898.506,0.1015,0,0,0,0,0,0
MC_s1_bola_TearsOfSteel,1789972898.607,0.1013,0,0,0,0,0,0
MC_s1_bola_TearsOfSteel,1789972898.708,0.1013,0,0,0,0,0,0
MC_s1_bola_TearsOfSteel,1789972898.81,0.1013,0,0,0,0,0,0
MC_s1_bola_TearsOfSteel,1789972898.911,0.1015,0,0,0,0,0,0
MC_s1_bola_TearsOfSteel,1789972899.013,0.1015,0,0,0,0,0,0
MC_s1_bola_TearsOfSteel,1789972899.114,0.1013,0,0,0,0,0,0
MC_s1_bola_TearsOfSteel,1789972899.215,0.1014,0,0,0,0,0,0
MC_s1_bola_TearsOfSteel,1789972899.317,0.1014,0,0,0,0,0,0
MC_s1_bola_TearsOfSteel,1789972899.418,0.1015,0,0,0,0,0,0
MC_s1_bola_TearsOfSteel,1789972899.52,0.1015,0,0,0,0,0,0
MC_s1_bola_TearsOfSteel,1789972899.621,0.1013,0,0,0,0,0,0
MC_s1_bola_TearsOfSteel,1789972899.722,0.1013,0,0,0,0,0,0
MC_s1_bola_TearsOfSteel,1789972899.824,0.1013,0,0,0,0,0,0
MC_s1_bola_TearsOfSteel,1789972899.925,0.1015,0,0,0,0,0,0
MC_s1_bola_TearsOfSteel,1789972900.027,0.1015,0,0,0,0,0,0
MC_s1_bola_TearsOfSteel,1789972900.128,0.1013,0,0,0,0,0,0
MC_s1_bola_TearsOfSteel,1789972900.23,0.1016,0,0,0,0,0,0
MC_s1_bola_TearsOfSteel,1789972900.331,0.1016,0,0,0,0,0,0
MC_s1_bola_TearsOfSteel,1789972900.433,0.1015,0,0,0,0,0,0
MC_s1_bola_TearsOfSteel,1789972900.534,0.1016,0,0,0,0,0,0
MC_s1_bola_TearsOfSteel,1789972900.636,0.1014,0,0,0,0,0,0
MC_s1_bola_TearsOfSteel,1789972900.737,0.1014,0,0,0,0,0,0
MC_s1_bola_TearsOfSteel,1789972900.839,0.1015,0,0,0,0,0,0
MC_s1_bola_TearsOfSteel,1789972900.941,0.1021,0,0,0,0,0,0
MC_s1_bola_TearsOfSteel,1789972901.042,0.1016,0,0,0,0,0,0
MC_s1_bola_TearsOfSteel,1789972901.144,0.1014,0,0,0,0,0,0
MC_s1_bola_TearsOfSteel,1789972901.245,0.1015,0,0,0,0,0,0
MC_s1_bola_TearsOfSteel,1789972901.347,0.1016,0,0,0,0,0,0
MC_s1_bola_TearsOfSteel,1789972901.449,0.1024,0,0,0,0,0,0
MC_s1_bola_TearsOfSteel,1789972901.55,0.1014,0,0,0,0,0,0
MC_s1_bola_TearsOfSteel,1789972901.652,0.1014,0,0,0,0,0,0
MC_s1_bola_TearsOfSteel,1789972901.753,0.1013,0,0,0,0,0,0
MC_s1_bola_TearsOfSteel,1789972901.855,0.1016,0,0,0,0,0,0
MC_s1_bola_TearsOfSteel,1789972901.956,0.1015,0,0,0,0,0,0
MC_s1_bola_TearsOfSteel,1789972902.058,0.1014,0,0,0,0,0,0
MC_s1_bola_TearsOfSteel,1789972902.159,0.1014,0,0,0,0,0,0
MC_s1_bola_TearsOfSteel,1789972902.26,0.1013,0,0,0,0,0,0
MC_s1_bola_TearsOfSteel,1789972902.362,0.1015,0,0,0,0,0,0
MC_s1_bola_TearsOfSteel,1789972902.463,0.1015,0,0,0,0,0,0
MC_s1_bola_TearsOfSteel,1789972902.565,0.1014,0,0,0,0,0,0
MC_s1_bola_TearsOfSteel,1789972902.666,0.1013,0,0,0,0,0,0
MC_s1_bola_TearsOfSteel,1789972902.767,0.1013,0,0,0,0,0,0
MC_s1_bola_TearsOfSteel,1789972902.869,0.1016,0,0,0,0,0,0
MC_s1_bola_TearsOfSteel,1789972902.971,0.1016,0,0,0,0,0,0
MC_s1_bola_TearsOfSteel,1789972903.072,0.1013,0,0,0,0,0,0
MC_s1_bola_TearsOfSteel,1789972903.173,0.1014,0,0,0,0,0,0
MC_s1_bola_TearsOfSteel,1789972903.275,0.1013,0,0,0,0,0,0
MC_s1_bola_TearsOfSteel,1789972903.376,0.1016,0,0,0,0,0,0
MC_s1_bola_TearsOfSteel,1789972903.478,0.1015,0,0,0,0,0,0
MC_s1_bola_TearsOfSteel,1789972903.579,0.1015,0,0,0,0,0,0
MC_s1_bola_TearsOfSteel,1789972903.681,0.1014,0,0,0,0,0,0
MC_s1_bola_TearsOfSteel,1789972903.782,0.1017,0,0,0,0,0,0
MC_s1_bola_TearsOfSteel,1789972903.884,0.1016,0,0,0,0,0,0
MC_s1_bola_TearsOfSteel,1789972903.985,0.1014,0,0,0,0,0,0
MC_s1_bola_TearsOfSteel,1789972904.087,0.1016,0,0,0,0,0,0
MC_s1_bola_TearsOfSteel,1789972904.188,0.1013,0,0,0,0,0,0
MC_s1_bola_TearsOfSteel,1789972904.29,0.1014,0,0,0,0,0,0
MC_s1_bola_TearsOfSteel,1789972904.391,0.1016,0,0,0,0,0,0
MC_s1_bola_TearsOfSteel,1789972904.493,0.1015,0,0,0,0,0,0
MC_s1_bola_TearsOfSteel,1789972904.594,0.1017,0,0,0,0,0,0
MC_s1_bola_TearsOfSteel,1789972904.696,0.1015,0,0,0,0,0,0
MC_s1_bola_TearsOfSteel,1789972904.797,0.1014,0,0,0,0,0,0
MC_s1_bola_TearsOfSteel,1789972904.899,0.1016,0,0,0,0,0,0
MC_s1_bola_TearsOfSteel,1789972905.0,0.1015,0,0,0,0,0,0
MC_s1_bola_TearsOfSteel,1789972905.102,0.1013,0,0,0,0,0,0
MC_s1_bola_TearsOfSteel,1789972905.203,0.1013,0,0,0,0,0,0
MC_s1_bola_TearsOfSteel,1789972905.304,0.1014,0,0,0,0,0,0
MC_s1_bola_TearsOfSteel,1789972905.406,0.1016,0,0,0,0,0,0
MC_s1_bola_TearsOfSteel,1789972905.508,0.102,5130,10,0,280122.8,168806.1,2
MC_s1_bola_TearsOfSteel,1789972905.61,0.1021,0,0,0,0,0,0
MC_s1_bola_TearsOfSteel,1789972905.712,0.1023,0,0,0,0,0,0
MC_s1_bola_TearsOfSteel,1789972905.815,0.1022,0,0,0,0,0,0
MC_s1_bola_TearsOfSteel,1789972905.917,0.1023,0,0,0,0,0,0
MC_s1_bola_TearsOfSteel,1789972906.019,0.1023,0,0,0,0,0,0
MC_s1_bola_TearsOfSteel,1789972906.121,0.102,0,0,0,0,0,0
MC_s1_bola_TearsOfSteel,1789972906.223,0.1022,0,0,0,0,0,0
MC_s1_bola_TearsOfSteel,1789972906.326,0.1022,5407,10,0,50174.6,455830.9,2
MC_s1_bola_TearsOfSteel,1789972906.428,0.1027,1368349,1031,0,44296.1,397224.8,2
MC_s1_bola_TearsOfSteel,1789972906.531,0.1029,3551612,2669,1,272184.9,489228.8,4
MC_s1_bola_TearsOfSteel,1789972906.634,0.1025,2615683,1954,0,175267.2,1624994.7,2
MC_s1_bola_TearsOfSteel,1789972906.736,0.1026,2945412,2202,0,184593.0,3715129.4,2
MC_s1_bola_TearsOfSteel,1789972906.839,0.1029,1854230,1385,0,136314.4,4306137.1,2
MC_s1_bola_TearsOfSteel,1789972906.943,0.1034,2657268,1986,0,155627.0,4095192.9,2
MC_s1_bola_TearsOfSteel,1789972907.045,0.1027,3136520,2342,0,54946.4,3080502.1,2
MC_s1_bola_TearsOfSteel,1789972907.148,0.1025,2718245,2030,0,59019.5,3097771.3,2
MC_s1_bola_TearsOfSteel,1789972907.25,0.1025,2097682,1569,0,56915.3,3536500.2,2
MC_s1_bola_TearsOfSteel,1789972907.353,0.1026,2202480,1647,0,74528.1,1846236.6,2
MC_s1_bola_TearsOfSteel,1789972907.456,0.1028,2526320,1888,0,919509.2,1851312.6,2
MC_s1_bola_TearsOfSteel,1789972907.558,0.1026,3230188,2415,1,176233.9,2106629.5,4
MC_s1_bola_TearsOfSteel,1789972907.661,0.1025,3036402,2268,0,52779.3,3139265.8,2
MC_s1_bola_TearsOfSteel,1789972907.763,0.1026,3137824,2347,0,113211.0,2888031.0,2
MC_s1_bola_TearsOfSteel,1789972907.866,0.1027,3082563,2307,0,136682.2,3099162.4,2
MC_s1_bola_TearsOfSteel,1789972907.969,0.1026,2982245,2230,0,56984.2,3297609.9,2
MC_s1_bola_TearsOfSteel,1789972908.071,0.1026,3004868,2246,0,60160.6,2805444.0,2
MC_s1_bola_TearsOfSteel,1789972908.174,0.1025,52,1,0,3014579.0,0,1
MC_s1_bola_TearsOfSteel,1789972908.276,0.1026,0,0,0,0,0,0
MC_s1_bola_TearsOfSteel,1789972908.379,0.1026,0,0,0,0,0,0
MC_s1_bola_TearsOfSteel,1789972908.482,0.1027,0,0,0,0,0,0
MC_s1_bola_TearsOfSteel,1789972908.584,0.1025,105,2,1,55986377.5,0,2
MC_s1_bola_TearsOfSteel,1789972908.687,0.1026,0,0,0,0,0,0
MC_s1_bola_TearsOfSteel,1789972908.789,0.1026,0,0,0,0,0,0
MC_s1_bola_TearsOfSteel,1789972908.892,0.1026,0,0,0,0,0,0
MC_s1_bola_TearsOfSteel,1789972908.995,0.1027,0,0,0,0,0,0
MC_s1_bola_TearsOfSteel,1789972909.105,0.1107,0,0,0,0,0,0
MC_s1_bola_TearsOfSteel,1789972909.208,0.1027,0,0,0,0,0,0
MC_s1_bola_TearsOfSteel,1789972909.311,0.1026,0,0,0,0,0,0
MC_s1_bola_TearsOfSteel,1789972909.413,0.1027,0,0,0,0,0,0
MC_s1_bola_TearsOfSteel,1789972909.516,0.1026,0,0,0,0,0,0
MC_s1_bola_TearsOfSteel,1789972909.618,0.1025,105,2,1,53335554.0,0,2
MC_s1_bola_TearsOfSteel,1789972909.721,0.1026,0,0,0,0,0,0
MC_s1_bola_TearsOfSteel,1789972909.824,0.1028,0,0,0,0,0,0
MC_s1_bola_TearsOfSteel,1789972909.927,0.1029,0,0,0,0,0,0
MC_s1_bola_TearsOfSteel,1789972910.029,0.1027,0,0,0,0,0,0
MC_s1_bola_TearsOfSteel,1789972910.132,0.1026,0,0,0,0,0,0
MC_s1_bola_TearsOfSteel,1789972910.235,0.1029,0,0,0,0,0,0
MC_s1_bola_TearsOfSteel,1789972910.338,0.1028,0,0,0,0,0,0
MC_s1_bola_TearsOfSteel,1789972910.441,0.1037,0,0,0,0,0,0
MC_s1_bola_TearsOfSteel,1789972910.544,0.1028,156,3,0,90233220.7,322928377.3,2
MC_s1_bola_TearsOfSteel,1789972910.647,0.1026,0,0,0,0,0,0
MC_s1_bola_TearsOfSteel,1789972910.75,0.1027,0,0,0,0,0,0
MC_s1_bola_TearsOfSteel,1789972910.852,0.1028,0,0,0,0,0,0
MC_s1_bola_TearsOfSteel,1789972910.955,0.1029,0,0,0,0,0,0
MC_s1_bola_TearsOfSteel,1789972911.058,0.1027,0,0,0,0,0,0
MC_s1_bola_TearsOfSteel,1789972911.161,0.1027,818486,612,0,606935.9,1341801.7,2
MC_s1_bola_TearsOfSteel,1789972911.263,0.1028,2592350,1940,0,60296.8,2093474.1,2
MC_s1_bola_TearsOfSteel,1789972911.366,0.1027,0,0,0,0,0,0
MC_s1_bola_TearsOfSteel,1789972911.469,0.1028,0,0,0,0,0,0
MC_s1_bola_TearsOfSteel,1789972911.572,0.1028,0,0,0,0,0,0
MC_s1_bola_TearsOfSteel,1789972911.674,0.1028,0,0,0,0,0,0
MC_s1_bola_TearsOfSteel,1789972911.777,0.1027,0,0,0,0,0,0
MC_s1_bola_TearsOfSteel,1789972911.88,0.1029,0,0,0,0,0,0
MC_s1_bola_TearsOfSteel,1789972911.983,0.1028,0,0,0,0,0,0
MC_s1_bola_TearsOfSteel,1789972912.086,0.1027,0,0,0,0,0,0
MC_s1_bola_TearsOfSteel,1789972912.188,0.1027,0,0,0,0,0,0
MC_s1_bola_TearsOfSteel,1789972912.291,0.1027,0,0,0,0,0,0
MC_s1_bola_TearsOfSteel,1789972912.394,0.1029,0,0,0,0,0,0
MC_s1_bola_TearsOfSteel,1789972912.497,0.1028,0,0,0,0,0,0
MC_s1_bola_TearsOfSteel,1789972912.6,0.1027,0,0,0,0,0,0
MC_s1_bola_TearsOfSteel,1789972912.702,0.1027,0,0,0,0,0,0
MC_s1_bola_TearsOfSteel,1789972912.805,0.1027,0,0,0,0,0,0
MC_s1_bola_TearsOfSteel,1789972912.908,0.1028,0,0,0,0,0,0
MC_s1_bola_TearsOfSteel,1789972913.011,0.1028,0,0,0,0,0,0
MC_s1_bola_TearsOfSteel,1789972913.113,0.1026,0,0,0,0,0,0
MC_s1_bola_TearsOfSteel,1789972913.216,0.1026,0,0,0,0,0,0
MC_s1_bola_TearsOfSteel,1789972913.318,0.1026,0,0,0,0,0,0
MC_s1_bola_TearsOfSteel,1789972913.421,0.1029,0,0,0,0,0,0
MC_s1_bola_TearsOfSteel,1789972913.524,0.1028,0,0,0,0,0,0
MC_s1_bola_TearsOfSteel,1789972913.627,0.1026,0,0,0,0,0,0
MC_s1_bola_TearsOfSteel,1789972913.73,0.1029,0,0,0,0,0,0
MC_s1_bola_TearsOfSteel,1789972913.833,0.1035,0,0,0,0,0,0
MC_s1_bola_TearsOfSteel,1789972913.936,0.103,0,0,0,0,0,0
MC_s1_bola_TearsOfSteel,1789972914.039,0.1031,0,0,0,0,0,0
MC_s1_bola_TearsOfSteel,1789972914.15,0.1109,0,0,0,0,0,0
MC_s1_bola_TearsOfSteel,1789972914.253,0.1028,0,0,0,0,0,0
MC_s1_bola_TearsOfSteel,1789972914.356,0.1029,0,0,0,0,0,0
MC_s1_bola_TearsOfSteel,1789972914.459,0.1029,0,0,0,0,0,0
MC_s1_bola_TearsOfSteel,1789972914.561,0.1027,0,0,0,0,0,0
MC_s1_bola_TearsOfSteel,1789972914.664,0.1028,0,0,0,0,0,0
MC_s1_bola_TearsOfSteel,1789972914.767,0.1027,0,0,0,0,0,0
MC_s1_bola_TearsOfSteel,1789972914.87,0.1028,1841614,1380,0,62198.7,1379192.9,2
MC_s1_bola_TearsOfSteel,1789972914.974,0.1043,1290889,966,0,416551.4,2072241.5,2
MC_s1_bola_TearsOfSteel,1789972915.077,0.1028,0,0,0,0,0,0
MC_s1_bola_TearsOfSteel,1789972915.179,0.1026,0,0,0,0,0,0
MC_s1_bola_TearsOfSteel,1789972915.282,0.1027,0,0,0,0,0,0
MC_s1_bola_TearsOfSteel,1789972915.386,0.1034,0,0,0,0,0,0
MC_s1_bola_TearsOfSteel,1789972915.488,0.1029,0,0,0,0,0,0
MC_s1_bola_TearsOfSteel,1789972915.591,0.1027,0,0,0,0,0,0
MC_s1_bola_TearsOfSteel,1789972915.695,0.1038,0,0,0,0,0,0
MC_s1_bola_TearsOfSteel,1789972915.797,0.1025,0,0,0,0,0,0
MC_s1_bola_TearsOfSteel,1789972915.9,0.1028,0,0,0,0,0,0
MC_s1_bola_TearsOfSteel,1789972916.003,0.1029,0,0,0,0,0,0
MC_s1_bola_TearsOfSteel,1789972916.106,0.1027,0,0,0,0,0,0
MC_s1_bola_TearsOfSteel,1789972916.208,0.1027,0,0,0,0,0,0
MC_s1_bola_TearsOfSteel,1789972916.311,0.1027,0,0,0,0,0,0
MC_s1_bola_TearsOfSteel,1789972916.414,0.1029,0,0,0,0,0,0
MC_s1_bola_TearsOfSteel,1789972916.517,0.1028,0,0,0,0,0,0
MC_s1_bola_TearsOfSteel,1789972916.62,0.1026,0,0,0,0,0,0
MC_s1_bola_TearsOfSteel,1789972916.722,0.1028,0,0,0,0,0,0
MC_s1_bola_TearsOfSteel,1789972916.825,0.1027,0,0,0,0,0,0
MC_s1_bola_TearsOfSteel,1789972916.928,0.1029,0,0,0,0,0,0
MC_s1_bola_TearsOfSteel,1789972917.031,0.1028,0,0,0,0,0,0
MC_s1_bola_TearsOfSteel,1789972917.134,0.1031,0,0,0,0,0,0
MC_s1_bola_TearsOfSteel,1789972917.237,0.1027,0,0,0,0,0,0
MC_s1_bola_TearsOfSteel,1789972917.339,0.1028,0,0,0,0,0,0
MC_s1_bola_TearsOfSteel,1789972917.444,0.1048,0,0,0,0,0,0
MC_s1_bola_TearsOfSteel,1789972917.547,0.1029,0,0,0,0,0,0
MC_s1_bola_TearsOfSteel,1789972917.65,0.1026,0,0,0,0,0,0
MC_s1_bola_TearsOfSteel,1789972917.752,0.1027,0,0,0,0,0,0
MC_s1_bola_TearsOfSteel,1789972917.855,0.1028,0,0,0,0,0,0
MC_s1_bola_TearsOfSteel,1789972917.958,0.1028,0,0,0,0,0,0
MC_s1_bola_TearsOfSteel,1789972918.061,0.1026,0,0,0,0,0,0
MC_s1_bola_TearsOfSteel,1789972918.163,0.1027,0,0,0,0,0,0
MC_s1_bola_TearsOfSteel,1789972918.266,0.1027,0,0,0,0,0,0
MC_s1_bola_TearsOfSteel,1789972918.369,0.1029,0,0,0,0,0,0
MC_s1_bola_TearsOfSteel,1789972918.472,0.1028,0,0,0,0,0,0
MC_s1_bola_TearsOfSteel,1789972918.574,0.1026,0,0,0,0,0,0
MC_s1_bola_TearsOfSteel,1789972918.677,0.1027,0,0,0,0,0,0
MC_s1_bola_TearsOfSteel,1789972918.78,0.1027,0,0,0,0,0,0
MC_s1_bola_TearsOfSteel,1789972918.883,0.1028,0,0,0,0,0,0
MC_s1_bola_TearsOfSteel,1789972918.985,0.1028,0,0,0,0,0,0
MC_s1_bola_TearsOfSteel,1789972919.088,0.1027,3091762,2309,0,61777.0,1822388.8,2
MC_s1_bola_TearsOfSteel,1789972919.199,0.1109,0,0,0,0,0,0
MC_s1_bola_TearsOfSteel,1789972919.303,0.1039,0,0,0,0,0,0
MC_s1_bola_TearsOfSteel,1789972919.406,0.1036,0,0,0,0,0,0
MC_s1_bola_TearsOfSteel,1789972919.509,0.1027,0,0,0,0,0,0
MC_s1_bola_TearsOfSteel,1789972919.612,0.1027,0,0,0,0,0,0
MC_s1_bola_TearsOfSteel,1789972919.715,0.1028,0,0,0,0,0,0
MC_s1_bola_TearsOfSteel,1789972919.817,0.1028,0,0,0,0,0,0
MC_s1_bola_TearsOfSteel,1789972919.92,0.103,0,0,0,0,0,0
MC_s1_bola_TearsOfSteel,1789972920.023,0.1028,0,0,0,0,0,0
MC_s1_bola_TearsOfSteel,1789972920.126,0.1026,0,0,0,0,0,0
MC_s1_bola_TearsOfSteel,1789972920.229,0.1029,0,0,0,0,0,0
MC_s1_bola_TearsOfSteel,1789972920.333,0.104,0,0,0,0,0,0
MC_s1_bola_TearsOfSteel,1789972920.435,0.1028,0,0,0,0,0,0
MC_s1_bola_TearsOfSteel,1789972920.538,0.1028,0,0,0,0,0,0
MC_s1_bola_TearsOfSteel,1789972920.641,0.1026,0,0,0,0,0,0
MC_s1_bola_TearsOfSteel,1789972920.744,0.1028,0,0,0,0,0,0
MC_s1_bola_TearsOfSteel,1789972920.847,0.1028,0,0,0,0,0,0
MC_s1_bola_TearsOfSteel,1789972920.95,0.1038,0,0,0,0,0,0
MC_s1_bola_TearsOfSteel,1789972921.053,0.1028,0,0,0,0,0,0
MC_s1_bola_TearsOfSteel,1789972921.156,0.1027,0,0,0,0,0,0
MC_s1_bola_TearsOfSteel,1789972921.259,0.1029,0,0,0,0,0,0
MC_s1_bola_TearsOfSteel,1789972921.362,0.1029,0,0,0,0,0,0
MC_s1_bola_TearsOfSteel,1789972921.464,0.1028,0,0,0,0,0,0
MC_s1_bola_TearsOfSteel,1789972921.567,0.1028,0,0,0,0,0,0
MC_s1_bola_TearsOfSteel,1789972921.67,0.1028,0,0,0,0,0,0
MC_s1_bola_TearsOfSteel,1789972921.773,0.1027,0,0,0,0,0,0
MC_s1_bola_TearsOfSteel,1789972921.876,0.1029,0,0,0,0,0,0
MC_s1_bola_TearsOfSteel,1789972921.979,0.1029,0,0,0,0,0,0
MC_s1_bola_TearsOfSteel,1789972922.081,0.1026,0,0,0,0,0,0
MC_s1_bola_TearsOfSteel,1789972922.184,0.1028,0,0,0,0,0,0
MC_s1_bola_TearsOfSteel,1789972922.287,0.1028,0,0,0,0,0,0
MC_s1_bola_TearsOfSteel,1789972922.39,0.1029,0,0,0,0,0,0
MC_s1_bola_TearsOfSteel,1789972922.492,0.1028,0,0,0,0,0,0
MC_s1_bola_TearsOfSteel,1789972922.595,0.1027,0,0,0,0,0,0
MC_s1_bola_TearsOfSteel,1789972922.698,0.1028,0,0,0,0,0,0
MC_s1_bola_TearsOfSteel,1789972922.801,0.1027,0,0,0,0,0,0
MC_s1_bola_TearsOfSteel,1789972922.904,0.103,0,0,0,0,0,0
MC_s1_bola_TearsOfSteel,1789972923.006,0.1028,0,0,0,0,0,0
MC_s1_bola_TearsOfSteel,1789972923.109,0.1027,0,0,0,0,0,0
MC_s1_bola_TearsOfSteel,1789972923.212,0.1028,1594158,1188,0,92212.0,1852508.9,2
MC_s1_bola_TearsOfSteel,1789972923.315,0.1031,1456280,1091,0,56693.1,1859670.2,2
MC_s1_bola_TearsOfSteel,1789972923.418,0.1033,0,0,0,0,0,0
MC_s1_bola_TearsOfSteel,1789972923.522,0.1041,0,0,0,0,0,0
MC_s1_bola_TearsOfSteel,1789972923.625,0.1029,0,0,0,0,0,0
MC_s1_bola_TearsOfSteel,1789972923.729,0.1034,0,0,0,0,0,0
MC_s1_bola_TearsOfSteel,1789972923.833,0.1041,0,0,0,0,0,0
MC_s1_bola_TearsOfSteel,1789972923.936,0.103,0,0,0,0,0,0
MC_s1_bola_TearsOfSteel,1789972924.039,0.1029,0,0,0,0,0,0
MC_s1_bola_TearsOfSteel,1789972924.141,0.1026,0,0,0,0,0,0
MC_s1_bola_TearsOfSteel,1789972924.252,0.111,0,0,0,0,0,0
MC_s1_bola_TearsOfSteel,1789972924.355,0.1028,0,0,0,0,0,0
MC_s1_bola_TearsOfSteel,1789972924.458,0.1032,0,0,0,0,0,0
MC_s1_bola_TearsOfSteel,1789972924.561,0.1029,0,0,0,0,0,0
MC_s1_bola_TearsOfSteel,1789972924.664,0.1028,0,0,0,0,0,0
MC_s1_bola_TearsOfSteel,1789972924.767,0.1027,0,0,0,0,0,0
MC_s1_bola_TearsOfSteel,1789972924.87,0.1028,0,0,0,0,0,0
MC_s1_bola_TearsOfSteel,1789972924.972,0.1028,0,0,0,0,0,0
MC_s1_bola_TearsOfSteel,1789972925.075,0.1027,0,0,0,0,0,0
MC_s1_bola_TearsOfSteel,1789972925.178,0.1027,0,0,0,0,0,0
MC_s1_bola_TearsOfSteel,1789972925.281,0.1028,0,0,0,0,0,0
MC_s1_bola_TearsOfSteel,1789972925.384,0.1029,0,0,0,0,0,0
MC_s1_bola_TearsOfSteel,1789972925.486,0.1029,0,0,0,0,0,0
MC_s1_bola_TearsOfSteel,1789972925.589,0.1027,0,0,0,0,0,0
MC_s1_bola_TearsOfSteel,1789972925.692,0.1028,0,0,0,0,0,0
MC_s1_bola_TearsOfSteel,1789972925.795,0.1028,0,0,0,0,0,0
MC_s1_bola_TearsOfSteel,1789972925.898,0.1029,0,0,0,0,0,0
MC_s1_bola_TearsOfSteel,1789972926.001,0.1029,0,0,0,0,0,0
MC_s1_bola_TearsOfSteel,1789972926.103,0.1027,0,0,0,0,0,0
MC_s1_bola_TearsOfSteel,1789972926.206,0.1028,0,0,0,0,0,0
MC_s1_bola_TearsOfSteel,1789972926.309,0.1027,0,0,0,0,0,0
MC_s1_bola_TearsOfSteel,1789972926.412,0.1028,0,0,0,0,0,0
MC_s1_bola_TearsOfSteel,1789972926.514,0.1029,0,0,0,0,0,0
MC_s1_bola_TearsOfSteel,1789972926.617,0.1027,0,0,0,0,0,0
MC_s1_bola_TearsOfSteel,1789972926.72,0.1027,0,0,0,0,0,0
MC_s1_bola_TearsOfSteel,1789972926.823,0.1027,0,0,0,0,0,0
MC_s1_bola_TearsOfSteel,1789972926.925,0.1029,0,0,0,0,0,0
MC_s1_bola_TearsOfSteel,1789972927.028,0.1028,0,0,0,0,0,0
MC_s1_bola_TearsOfSteel,1789972927.131,0.1027,0,0,0,0,0,0
MC_s1_bola_TearsOfSteel,1789972927.235,0.1037,0,0,0,0,0,0
MC_s1_bola_TearsOfSteel,1789972927.337,0.1027,349646,256,0,11247632.2,1029882.1,2
MC_s1_bola_TearsOfSteel,1789972927.442,0.1045,2890430,2166,0,59399.1,1950153.2,2
MC_s1_bola_TearsOfSteel,1789972927.545,0.1027,0,0,0,0,0,0
MC_s1_bola_TearsOfSteel,1789972927.647,0.1025,0,0,0,0,0,0
MC_s1_bola_TearsOfSteel,1789972927.75,0.1027,0,0,0,0,0,0
MC_s1_bola_TearsOfSteel,1789972927.853,0.1031,0,0,0,0,0,0
MC_s1_bola_TearsOfSteel,1789972927.956,0.1029,0,0,0,0,0,0
MC_s1_bola_TearsOfSteel,1789972928.058,0.1027,0,0,0,0,0,0
MC_s1_bola_TearsOfSteel,1789972928.161,0.1027,0,0,0,0,0,0
MC_s1_bola_TearsOfSteel,1789972928.264,0.1027,0,0,0,0,0,0
MC_s1_bola_TearsOfSteel,1789972928.367,0.1028,0,0,0,0,0,0
MC_s1_bola_TearsOfSteel,1789972928.469,0.1029,0,0,0,0,0,0
MC_s1_bola_TearsOfSteel,1789972928.572,0.1029,0,0,0,0,0,0
MC_s1_bola_TearsOfSteel,1789972928.675,0.1028,0,0,0,0,0,0
MC_s1_bola_TearsOfSteel,1789972928.778,0.1027,0,0,0,0,0,0
MC_s1_bola_TearsOfSteel,1789972928.881,0.103,0,0,0,0,0,0
MC_s1_bola_TearsOfSteel,1789972928.984,0.1029,0,0,0,0,0,0
MC_s1_bola_TearsOfSteel,1789972929.087,0.1028,0,0,0,0,0,0
MC_s1_bola_TearsOfSteel,1789972929.189,0.1028,0,0,0,0,0,0
MC_s1_bola_TearsOfSteel,1789972929.3,0.1108,0,0,0,0,0,0
MC_s1_bola_TearsOfSteel,1789972929.403,0.1028,0,0,0,0,0,0
MC_s1_bola_TearsOfSteel,1789972929.506,0.1029,0,0,0,0,0,0
MC_s1_bola_TearsOfSteel,1789972929.609,0.1029,0,0,0,0,0,0
MC_s1_bola_TearsOfSteel,1789972929.712,0.1029,0,0,0,0,0,0
MC_s1_bola_TearsOfSteel,1789972929.814,0.1029,0,0,0,0,0,0
MC_s1_bola_TearsOfSteel,1789972929.917,0.1028,0,0,0,0,0,0
MC_s1_bola_TearsOfSteel,1789972930.02,0.1029,0,0,0,0,0,0
MC_s1_bola_TearsOfSteel,1789972930.123,0.1027,0,0,0,0,0,0
MC_s1_bola_TearsOfSteel,1789972930.226,0.1027,0,0,0,0,0,0
MC_s1_bola_TearsOfSteel,1789972930.329,0.103,0,0,0,0,0,0
MC_s1_bola_TearsOfSteel,1789972930.431,0.1028,0,0,0,0,0,0
MC_s1_bola_TearsOfSteel,1789972930.534,0.1028,0,0,0,0,0,0
MC_s1_bola_TearsOfSteel,1789972930.637,0.1027,0,0,0,0,0,0
MC_s1_bola_TearsOfSteel,1789972930.74,0.1028,0,0,0,0,0,0
MC_s1_bola_TearsOfSteel,1789972930.842,0.1027,0,0,0,0,0,0
MC_s1_bola_TearsOfSteel,1789972930.946,0.1038,0,0,0,0,0,0
MC_s1_bola_TearsOfSteel,1789972931.049,0.1029,0,0,0,0,0,0
MC_s1_bola_TearsOfSteel,1789972931.152,0.1028,0,0,0,0,0,0
MC_s1_bola_TearsOfSteel,1789972931.255,0.103,0,0,0,0,0,0
MC_s1_bola_TearsOfSteel,1789972931.359,0.1044,0,0,0,0,0,0
MC_s1_bola_TearsOfSteel,1789972931.462,0.1029,0,0,0,0,0,0
MC_s1_bola_TearsOfSteel,1789972931.565,0.1027,3257424,2435,0,61920.3,1748997.2,2
MC_s1_bola_TearsOfSteel,1789972931.668,0.1028,0,0,0,0,0,0
MC_s1_bola_TearsOfSteel,1789972931.771,0.1026,0,0,0,0,0,0
MC_s1_bola_TearsOfSteel,1789972931.873,0.1028,0,0,0,0,0,0
MC_s1_bola_TearsOfSteel,1789972931.976,0.1029,0,0,0,0,0,0
MC_s1_bola_TearsOfSteel,1789972932.079,0.1027,0,0,0,0,0,0
MC_s1_bola_TearsOfSteel,1789972932.182,0.1027,0,0,0,0,0,0
MC_s1_bola_TearsOfSteel,1789972932.285,0.1028,0,0,0,0,0,0
MC_s1_bola_TearsOfSteel,1789972932.387,0.1028,0,0,0,0,0,0
MC_s1_bola_TearsOfSteel,1789972932.49,0.1029,0,0,0,0,0,0
MC_s1_bola_TearsOfSteel,1789972932.593,0.1027,0,0,0,0,0,0
MC_s1_bola_TearsOfSteel,1789972932.696,0.1028,0,0,0,0,0,0
MC_s1_bola_TearsOfSteel,1789972932.798,0.1027,0,0,0,0,0,0
MC_s1_bola_TearsOfSteel,1789972932.901,0.1029,0,0,0,0,0,0
MC_s1_bola_TearsOfSteel,1789972933.004,0.1029,0,0,0,0,0,0
MC_s1_bola_TearsOfSteel,1789972933.107,0.1028,0,0,0,0,0,0
MC_s1_bola_TearsOfSteel,1789972933.21,0.1028,0,0,0,0,0,0
MC_s1_bola_TearsOfSteel,1789972933.312,0.1027,0,0,0,0,0,0
MC_s1_bola_TearsOfSteel,1789972933.415,0.103,0,0,0,0,0,0
MC_s1_bola_TearsOfSteel,1789972933.518,0.1029,0,0,0,0,0,0
MC_s1_bola_TearsOfSteel,1789972933.621,0.1027,0,0,0,0,0,0
MC_s1_bola_TearsOfSteel,1789972933.724,0.1028,0,0,0,0,0,0
MC_s1_bola_TearsOfSteel,1789972933.827,0.1028,0,0,0,0,0,0
MC_s1_bola_TearsOfSteel,1789972933.929,0.1029,0,0,0,0,0,0
MC_s1_bola_TearsOfSteel,1789972934.032,0.1029,0,0,0,0,0,0
MC_s1_bola_TearsOfSteel,1789972934.135,0.1027,0,0,0,0,0,0
MC_s1_bola_TearsOfSteel,1789972934.238,0.1027,0,0,0,0,0,0
MC_s1_bola_TearsOfSteel,1789972934.349,0.1111,0,0,0,0,0,0
MC_s1_bola_TearsOfSteel,1789972934.453,0.104,0,0,0,0,0,0
MC_s1_bola_TearsOfSteel,1789972934.555,0.1027,0,0,0,0,0,0
MC_s1_bola_TearsOfSteel,1789972934.658,0.1028,0,0,0,0,0,0
MC_s1_bola_TearsOfSteel,1789972934.761,0.1027,0,0,0,0,0,0
MC_s1_bola_TearsOfSteel,1789972934.864,0.1031,0,0,0,0,0,0
MC_s1_bola_TearsOfSteel,1789972934.967,0.1029,0,0,0,0,0,0
MC_s1_bola_TearsOfSteel,1789972935.07,0.1029,0,0,0,0,0,0
MC_s1_bola_TearsOfSteel,1789972935.173,0.1028,1226806,918,0,120839.3,1437417.1,2
MC_s1_bola_TearsOfSteel,1789972935.277,0.1046,1936010,1446,0,55730.8,1719356.5,2
MC_s1_bola_TearsOfSteel,1789972935.38,0.1027,0,0,0,0,0,0
MC_s1_bola_TearsOfSteel,1789972935.484,0.1046,0,0,0,0,0,0
MC_s1_bola_TearsOfSteel,1789972935.588,0.1033,0,0,0,0,0,0
MC_s1_bola_TearsOfSteel,1789972935.69,0.1026,0,0,0,0,0,0
MC_s1_bola_TearsOfSteel,1789972935.793,0.1028,0,0,0,0,0,0
MC_s1_bola_TearsOfSteel,1789972935.896,0.103,0,0,0,0,0,0
MC_s1_bola_TearsOfSteel,1789972935.999,0.1029,0,0,0,0,0,0
MC_s1_bola_TearsOfSteel,1789972936.102,0.1027,0,0,0,0,0,0
MC_s1_bola_TearsOfSteel,1789972936.204,0.1028,0,0,0,0,0,0
MC_s1_bola_TearsOfSteel,1789972936.307,0.1028,0,0,0,0,0,0
MC_s1_bola_TearsOfSteel,1789972936.41,0.103,0,0,0,0,0,0
MC_s1_bola_TearsOfSteel,1789972936.513,0.1029,0,0,0,0,0,0
MC_s1_bola_TearsOfSteel,1789972936.616,0.1027,0,0,0,0,0,0
MC_s1_bola_TearsOfSteel,1789972936.719,0.1027,0,0,0,0,0,0
MC_s1_bola_TearsOfSteel,1789972936.821,0.1027,0,0,0,0,0,0
MC_s1_bola_TearsOfSteel,1789972936.924,0.1029,0,0,0,0,0,0
MC_s1_bola_TearsOfSteel,1789972937.027,0.1029,0,0,0,0,0,0
MC_s1_bola_TearsOfSteel,1789972937.13,0.1027,0,0,0,0,0,0
MC_s1_bola_TearsOfSteel,1789972937.232,0.1028,0,0,0,0,0,0
MC_s1_bola_TearsOfSteel,1789972937.336,0.1034,0,0,0,0,0,0
MC_s1_bola_TearsOfSteel,1789972937.44,0.1042,0,0,0,0,0,0
MC_s1_bola_TearsOfSteel,1789972937.543,0.1028,0,0,0,0,0,0
MC_s1_bola_TearsOfSteel,1789972937.646,0.1026,0,0,0,0,0,0
MC_s1_bola_TearsOfSteel,1789972937.749,0.103,0,0,0,0,0,0
MC_s1_bola_TearsOfSteel,1789972937.852,0.103,0,0,0,0,0,0
MC_s1_bola_TearsOfSteel,1789972937.955,0.103,0,0,0,0,0,0
MC_s1_bola_TearsOfSteel,1789972938.057,0.1027,0,0,0,0,0,0
MC_s1_bola_TearsOfSteel,1789972938.16,0.1028,0,0,0,0,0,0
MC_s1_bola_TearsOfSteel,1789972938.263,0.1027,0,0,0,0,0,0
MC_s1_bola_TearsOfSteel,1789972938.366,0.1029,0,0,0,0,0,0
MC_s1_bola_TearsOfSteel,1789972938.469,0.1029,0,0,0,0,0,0
MC_s1_bola_TearsOfSteel,1789972938.572,0.1028,0,0,0,0,0,0
MC_s1_bola_TearsOfSteel,1789972938.674,0.1028,0,0,0,0,0,0
MC_s1_bola_TearsOfSteel,1789972938.777,0.1027,0,0,0,0,0,0
MC_s1_bola_TearsOfSteel,1789972938.88,0.103,0,0,0,0,0,0
MC_s1_bola_TearsOfSteel,1789972938.983,0.103,0,0,0,0,0,0
MC_s1_bola_TearsOfSteel,1789972939.086,0.1028,0,0,0,0,0,0
MC_s1_bola_TearsOfSteel,1789972939.189,0.1029,0,0,0,0,0,0
MC_s1_bola_TearsOfSteel,1789972939.291,0.1026,0,0,0,0,0,0
MC_s1_bola_TearsOfSteel,1789972939.403,0.1115,3036685,2271,0,51218.0,1549681.4,2
MC_s1_bola_TearsOfSteel,1789972939.506,0.1029,0,0,0,0,0,0
MC_s1_bola_TearsOfSteel,1789972939.608,0.1026,0,0,0,0,0,0
MC_s1_bola_TearsOfSteel,1789972939.711,0.1028,0,0,0,0,0,0
MC_s1_bola_TearsOfSteel,1789972939.814,0.1027,0,0,0,0,0,0
MC_s1_bola_TearsOfSteel,1789972939.917,0.103,0,0,0,0,0,0
MC_s1_bola_TearsOfSteel,1789972940.019,0.1029,0,0,0,0,0,0
MC_s1_bola_TearsOfSteel,1789972940.122,0.1027,0,0,0,0,0,0
MC_s1_bola_TearsOfSteel,1789972940.225,0.1027,0,0,0,0,0,0
MC_s1_bola_TearsOfSteel,1789972940.329,0.1039,0,0,0,0,0,0
MC_s1_bola_TearsOfSteel,1789972940.432,0.103,0,0,0,0,0,0
MC_s1_bola_TearsOfSteel,1789972940.535,0.1029,0,0,0,0,0,0
MC_s1_bola_TearsOfSteel,1789972940.637,0.1027,0,0,0,0,0,0
MC_s1_bola_TearsOfSteel,1789972940.74,0.1028,0,0,0,0,0,0
MC_s1_bola_TearsOfSteel,1789972940.843,0.1032,0,0,0,0,0,0
MC_s1_bola_TearsOfSteel,1789972940.948,0.1046,0,0,0,0,0,0
MC_s1_bola_TearsOfSteel,1789972941.051,0.1028,0,0,0,0,0,0
MC_s1_bola_TearsOfSteel,1789972941.153,0.1026,0,0,0,0,0,0
MC_s1_bola_TearsOfSteel,1789972941.256,0.1029,0,0,0,0,0,0
MC_s1_bola_TearsOfSteel,1789972941.359,0.1028,0,0,0,0,0,0
MC_s1_bola_TearsOfSteel,1789972941.462,0.1028,0,0,0,0,0,0
MC_s1_bola_TearsOfSteel,1789972941.565,0.1027,0,0,0,0,0,0
MC_s1_bola_TearsOfSteel,1789972941.667,0.1027,0,0,0,0,0,0
MC_s1_bola_TearsOfSteel,1789972941.77,0.1027,0,0,0,0,0,0
MC_s1_bola_TearsOfSteel,1789972941.873,0.1029,0,0,0,0,0,0
MC_s1_bola_TearsOfSteel,1789972941.976,0.1029,0,0,0,0,0,0
MC_s1_bola_TearsOfSteel,1789972942.079,0.1027,0,0,0,0,0,0
MC_s1_bola_TearsOfSteel,1789972942.181,0.1027,0,0,0,0,0,0
MC_s1_bola_TearsOfSteel,1789972942.284,0.1027,0,0,0,0,0,0
MC_s1_bola_TearsOfSteel,1789972942.387,0.1029,0,0,0,0,0,0
MC_s1_bola_TearsOfSteel,1789972942.49,0.1029,0,0,0,0,0,0
MC_s1_bola_TearsOfSteel,1789972942.592,0.1027,0,0,0,0,0,0
MC_s1_bola_TearsOfSteel,1789972942.695,0.1027,0,0,0,0,0,0
MC_s1_bola_TearsOfSteel,1789972942.798,0.1027,0,0,0,0,0,0
MC_s1_bola_TearsOfSteel,1789972942.901,0.1029,0,0,0,0,0,0
MC_s1_bola_TearsOfSteel,1789972943.003,0.1029,0,0,0,0,0,0
MC_s1_bola_TearsOfSteel,1789972943.106,0.1027,0,0,0,0,0,0
MC_s1_bola_TearsOfSteel,1789972943.209,0.103,0,0,0,0,0,0
MC_s1_bola_TearsOfSteel,1789972943.313,0.1037,0,0,0,0,0,0
MC_s1_bola_TearsOfSteel,1789972943.416,0.1029,0,0,0,0,0,0
MC_s1_bola_TearsOfSteel,1789972943.519,0.1028,15502,12,0,328188960.5,4033731.9,2
MC_s1_bola_TearsOfSteel,1789972943.621,0.1027,0,0,0,0,0,0
MC_s1_bola_TearsOfSteel,1789972943.724,0.1027,0,0,0,0,0,0
MC_s1_bola_TearsOfSteel,1789972943.827,0.1029,0,0,0,0,0,0
MC_s1_bola_TearsOfSteel,1789972943.931,0.1042,0,0,0,0,0,0
MC_s1_bola_TearsOfSteel,1789972944.034,0.1029,15052,11,0,219138821.2,507282547.9,2
MC_s1_bola_TearsOfSteel,1789972944.137,0.1027,1564,2,1,337537757.5,0,2
MC_s1_bola_TearsOfSteel,1789972944.239,0.1028,0,0,0,0,0,0
MC_s1_bola_TearsOfSteel,1789972944.342,0.103,7552,6,0,207687426.2,359144638.0,2
MC_s1_bola_TearsOfSteel,1789972944.456,0.1131,0,0,0,0,0,0
MC_s1_bola_TearsOfSteel,1789972944.558,0.1028,1552,2,0,299201182.5,400998575.4,2
MC_s1_bola_TearsOfSteel,1789972944.661,0.1028,4552,4,0,208009129.5,306520648.0,2
MC_s1_bola_TearsOfSteel,1789972944.764,0.1028,0,0,0,0,0,0
MC_s1_bola_TearsOfSteel,1789972944.867,0.1028,4552,4,0,197162881.0,622681.0,2
MC_s1_bola_TearsOfSteel,1789972944.97,0.1029,0,0,0,0,0,0
MC_s1_bola_TearsOfSteel,1789972945.072,0.1028,0,0,0,0,0,0
MC_s1_bola_TearsOfSteel,1789972945.175,0.1027,0,0,0,0,0,0
MC_s1_bola_TearsOfSteel,1789972945.278,0.1027,6052,5,0,193615719.4,563838097.5,2
MC_s1_bola_TearsOfSteel,1789972945.381,0.103,3052,3,0,221011337.3,492868.0,2
MC_s1_bola_TearsOfSteel,1789972945.484,0.1031,0,0,0,0,0,0
MC_s1_bola_TearsOfSteel,1789972945.587,0.1028,0,0,0,0,0,0
MC_s1_bola_TearsOfSteel,1789972945.69,0.1028,4552,4,0,211190663.0,869270532.8,2
MC_s1_bola_TearsOfSteel,1789972945.792,0.1028,0,0,0,0,0,0
MC_s1_bola_TearsOfSteel,1789972945.895,0.103,4552,4,0,201122593.5,511212501.1,2
MC_s1_bola_TearsOfSteel,1789972945.998,0.1029,0,0,0,0,0,0
MC_s1_bola_TearsOfSteel,1789972946.101,0.1027,4552,4,0,199721830.0,408700256.9,2
MC_s1_bola_TearsOfSteel,1789972946.204,0.1028,0,0,0,0,0,0
MC_s1_bola_TearsOfSteel,1789972946.307,0.1029,4552,4,0,189293083.8,408730469.7,2
MC_s1_bola_TearsOfSteel,1789972946.41,0.103,0,0,0,0,0,0
MC_s1_bola_TearsOfSteel,1789972946.513,0.1029,0,0,0,0,0,0
MC_s1_bola_TearsOfSteel,1789972946.615,0.1027,4552,4,0,199511915.2,511089154.5,2
MC_s1_bola_TearsOfSteel,1789972946.718,0.1028,3052,3,0,207731521.7,457388038.8,2
MC_s1_bola_TearsOfSteel,1789972946.821,0.1028,3052,3,0,197205817.7,515071.0,2
MC_s1_bola_TearsOfSteel,1789972946.924,0.103,0,0,0,0,0,0
MC_s1_bola_TearsOfSteel,1789972947.027,0.1029,6052,5,0,165153127.6,409912520.9,2
MC_s1_bola_TearsOfSteel,1789972947.129,0.1027,3052,3,0,179394297.7,406516808.8,2
MC_s1_bola_TearsOfSteel,1789972947.232,0.1028,3052,3,0,171441256.3,406526901.1,2
MC_s1_bola_TearsOfSteel,1789972947.335,0.103,0,0,0,0,0,0
MC_s1_bola_TearsOfSteel,1789972947.44,0.105,6052,5,0,146284688.4,410093775.8,2
MC_s1_bola_TearsOfSteel,1789972947.544,0.1037,3052,3,0,159160598.7,406473336.4,2
MC_s1_bola_TearsOfSteel,1789972947.647,0.1029,0,0,0,0,0,0
MC_s1_bola_TearsOfSteel,1789972947.75,0.1028,0,0,0,0,0,0
MC_s1_bola_TearsOfSteel,1789972947.853,0.103,0,0,0,0,0,0
MC_s1_bola_TearsOfSteel,1789972947.956,0.1031,3052,3,0,179234381.3,660935589.3,2
MC_s1_bola_TearsOfSteel,1789972948.059,0.1032,3052,3,0,176004433.3,457417318.1,2
MC_s1_bola_TearsOfSteel,1789972948.162,0.1028,0,0,0,0,0,0
MC_s1_bola_TearsOfSteel,1789972948.264,0.1027,0,0,0,0,0,0
MC_s1_bola_TearsOfSteel,1789972948.367,0.1028,1500,1,0,156219652.0,0,1
MC_s1_bola_TearsOfSteel,1789972948.47,0.1029,3104,4,0,206603850.0,550636931.2,2
MC_s1_bola_TearsOfSteel,1789972948.573,0.1027,3052,3,0,181997647.3,559166172.9,2
MC_s1_bola_TearsOfSteel,1789972948.676,0.1027,0,0,0,0,0,0
MC_s1_bola_TearsOfSteel,1789972948.778,0.1028,0,0,0,0,0,0
MC_s1_bola_TearsOfSteel,1789972948.882,0.1032,3052,3,0,194057406.7,458411412.2,2
MC_s1_bola_TearsOfSteel,1789972948.984,0.1029,0,0,0,0,0,0
MC_s1_bola_TearsOfSteel,1789972949.087,0.1028,4552,4,0,177669540.5,562331445.2,2
MC_s1_bola_TearsOfSteel,1789972949.19,0.1028,0,0,0,0,0,0
MC_s1_bola_TearsOfSteel,1789972949.293,0.1027,0,0,0,0,0,0
MC_s1_bola_TearsOfSteel,1789972949.396,0.1032,0,0,0,0,0,0
MC_s1_bola_TearsOfSteel,1789972949.507,0.1109,3052,3,0,205060386.3,864425480.9,2
MC_s1_bola_TearsOfSteel,1789972949.61,0.1029,3052,3,0,199652217.0,660973355.5,2
MC_s1_bola_TearsOfSteel,1789972949.712,0.1028,0,0,0,0,0,0
MC_s1_bola_TearsOfSteel,1789972949.815,0.1027,0,0,0,0,0,0
MC_s1_bola_TearsOfSteel,1789972949.918,0.103,0,0,0,0,0,0
MC_s1_bola_TearsOfSteel,1789972950.021,0.1029,4552,4,0,209661794.8,511114610.8,2
MC_s1_bola_TearsOfSteel,1789972950.124,0.1028,3104,4,0,209750287.5,550296844.1,2
MC_s1_bola_TearsOfSteel,1789972950.227,0.1031,0,0,0,0,0,0
MC_s1_bola_TearsOfSteel,1789972950.333,0.1062,0,0,0,0,0,0
MC_s1_bola_TearsOfSteel,1789972950.436,0.103,0,0,0,0,0,0
MC_s1_bola_TearsOfSteel,1789972950.539,0.1029,3052,3,0,222098710.0,559223296.0,2
MC_s1_bola_TearsOfSteel,1789972950.642,0.1027,3052,3,0,214783835.0,566525310.4,2
MC_s1_bola_TearsOfSteel,1789972950.745,0.1028,0,0,0,0,0,0
MC_s1_bola_TearsOfSteel,1789972950.847,0.1028,0,0,0,0,0,0
MC_s1_bola_TearsOfSteel,1789972950.951,0.1039,0,0,0,0,0,0
MC_s1_bola_TearsOfSteel,1789972951.054,0.1029,3052,3,0,228247518.0,864461667.4,2
MC_s1_bola_TearsOfSteel,1789972951.157,0.1027,3052,3,0,219197026.0,457288780.6,2
MC_s1_bola_TearsOfSteel,1789972951.26,0.1028,0,0,0,0,0,0
MC_s1_bola_TearsOfSteel,1789972951.363,0.1029,0,0,0,0,0,0
MC_s1_bola_TearsOfSteel,1789972951.466,0.1029,3052,3,0,232151477.3,457452456.5,2
MC_s1_bola_TearsOfSteel,1789972951.568,0.1028,3052,3,0,222660100.3,457198130.3,2
MC_s1_bola_TearsOfSteel,1789972951.671,0.1027,0,0,0,0,0,0
MC_s1_bola_TearsOfSteel,1789972951.774,0.1027,0,0,0,0,0,0
MC_s1_bola_TearsOfSteel,1789972951.877,0.103,0,0,0,0,0,0
MC_s1_bola_TearsOfSteel,1789972951.98,0.1029,3052,3,0,235224399.7,457234953.0,2
MC_s1_bola_TearsOfSteel,1789972952.082,0.1028,1552,2,0,233806091.5,53582172.0,2
MC_s1_bola_TearsOfSteel,1789972952.185,0.1027,3052,3,0,212797717.7,508260870.2,2
MC_s1_bola_TearsOfSteel,1789972952.288,0.1027,0,0,0,0,0,0
MC_s1_bola_TearsOfSteel,1789972952.391,0.1029,0,0,0,0,0,0
MC_s1_bola_TearsOfSteel,1789972952.494,0.1029,4552,4,0,212364672.0,433809874.2,2
MC_s1_bola_TearsOfSteel,1789972952.596,0.1027,3104,4,0,207199159.0,450489169.8,2
MC_s1_bola_TearsOfSteel,1789972952.699,0.1028,0,0,0,0,0,0
MC_s1_bola_TearsOfSteel,1789972952.802,0.1027,0,0,0,0,0,0
MC_s1_bola_TearsOfSteel,1789972952.905,0.103,0,0,0,0,0,0
MC_s1_bola_TearsOfSteel,1789972953.008,0.1029,4552,4,0,207367204.5,485626068.3,2
MC_s1_bola_TearsOfSteel,1789972953.11,0.1027,3104,4,0,203212039.5,500292954.1,2
MC_s1_bola_TearsOfSteel,1789972953.213,0.1027,0,0,0,0,0,0
MC_s1_bola_TearsOfSteel,1789972953.316,0.1027,0,0,0,0,0,0
MC_s1_bola_TearsOfSteel,1789972953.419,0.103,0,0,0,0,0,0
MC_s1_bola_TearsOfSteel,1789972953.522,0.1028,3052,3,0,213171969.0,508310297.5,2
MC_s1_bola_TearsOfSteel,1789972953.624,0.1027,3052,3,0,205540238.0,510798511.3,2
MC_s1_bola_TearsOfSteel,1789972953.727,0.1027,0,0,0,0,0,0
MC_s1_bola_TearsOfSteel,1789972953.831,0.1044,0,0,0,0,0,0
MC_s1_bola_TearsOfSteel,1789972953.934,0.103,0,0,0,0,0,0
MC_s1_bola_TearsOfSteel,1789972954.037,0.1031,3052,3,0,225023083.7,864464844.2,2
MC_s1_bola_TearsOfSteel,1789972954.14,0.1028,3052,3,0,217172584.3,610045469.8,2
MC_s1_bola_TearsOfSteel,1789972954.243,0.1027,0,0,0,0,0,0
MC_s1_bola_TearsOfSteel,1789972954.346,0.1029,0,0,0,0,0,0
MC_s1_bola_TearsOfSteel,1789972954.45,0.1039,0,0,0,0,0,0
MC_s1_bola_TearsOfSteel,1789972954.561,0.1109,3052,3,0,240692487.7,966212227.1,2
MC_s1_bola_TearsOfSteel,1789972954.664,0.1029,3052,3,0,232265712.7,660903335.8,2
MC_s1_bola_TearsOfSteel,1789972954.766,0.1028,0,0,0,0,0,0
MC_s1_bola_TearsOfSteel,1789972954.869,0.1029,0,0,0,0,0,0
MC_s1_bola_TearsOfSteel,1789972954.972,0.1028,0,0,0,0,0,0
MC_s1_bola_TearsOfSteel,1789972955.075,0.1028,0,0,0,0,0,0
MC_s1_bola_TearsOfSteel,1789972955.178,0.1028,3052,3,0,254254175.7,559152099.9,2
MC_s1_bola_TearsOfSteel,1789972955.28,0.1027,3052,3,0,244459745.0,559171068.0,2
MC_s1_bola_TearsOfSteel,1789972955.383,0.1028,0,0,0,0,0,0
MC_s1_bola_TearsOfSteel,1789972955.486,0.1028,0,0,0,0,0,0
MC_s1_bola_TearsOfSteel,1789972955.589,0.1027,3052,3,0,254707314.7,457350943.5,2
MC_s1_bola_TearsOfSteel,1789972955.692,0.1028,0,0,0,0,0,0
MC_s1_bola_TearsOfSteel,1789972955.794,0.1027,4552,4,0,232672878.8,511029484.2,2
MC_s1_bola_TearsOfSteel,1789972955.897,0.1029,0,0,0,0,0,0
MC_s1_bola_TearsOfSteel,1789972956.0,0.1029,0,0,0,0,0,0
MC_s1_bola_TearsOfSteel,1789972956.103,0.1029,4552,4,0,233257908.5,511145456.4,2
MC_s1_bola_TearsOfSteel,1789972956.206,0.1027,0,0,0,0,0,0
MC_s1_bola_TearsOfSteel,1789972956.309,0.1028,4552,4,0,216015502.8,511118683.8,2
MC_s1_bola_TearsOfSteel,1789972956.412,0.103,0,0,0,0,0,0
MC_s1_bola_TearsOfSteel,1789972956.515,0.1031,0,0,0,0,0,0
MC_s1_bola_TearsOfSteel,1789972956.617,0.1028,4552,4,0,219340792.5,511058833.8,2
MC_s1_bola_TearsOfSteel,1789972956.72,0.1028,0,0,0,0,0,0
MC_s1_bola_TearsOfSteel,1789972956.823,0.1027,4552,4,0,204363678.5,511055798.3,2
MC_s1_bola_TearsOfSteel,1789972956.926,0.1029,0,0,0,0,0,0
MC_s1_bola_TearsOfSteel,1789972957.029,0.1029,0,0,0,0,0,0
MC_s1_bola_TearsOfSteel,1789972957.132,0.1027,4552,4,0,209572951.5,511108182.4,2
MC_s1_bola_TearsOfSteel,1789972957.235,0.1031,0,0,0,0,0,0
MC_s1_bola_TearsOfSteel,1789972957.338,0.1031,4552,4,0,199762390.8,562299285.0,2
MC_s1_bola_TearsOfSteel,1789972957.442,0.104,0,0,0,0,0,0
MC_s1_bola_TearsOfSteel,1789972957.545,0.103,0,0,0,0,0,0
MC_s1_bola_TearsOfSteel,1789972957.647,0.1027,4552,4,0,199520044.0,511028515.1,2
MC_s1_bola_TearsOfSteel,1789972957.75,0.1027,0,0,0,0,0,0
MC_s1_bola_TearsOfSteel,1789972957.853,0.1029,0,0,0,0,0,0
MC_s1_bola_TearsOfSteel,1789972957.957,0.1038,4552,4,0,193858061.5,562359332.9,2
MC_s1_bola_TearsOfSteel,1789972958.06,0.1029,0,0,0,0,0,0
MC_s1_bola_TearsOfSteel,1789972958.163,0.1029,4552,4,0,188062416.8,511126792.6,2
MC_s1_bola_TearsOfSteel,1789972958.265,0.1028,0,0,0,0,0,0
MC_s1_bola_TearsOfSteel,1789972958.369,0.1034,0,0,0,0,0,0
MC_s1_bola_TearsOfSteel,1789972958.472,0.103,4552,4,0,182894641.5,511169112.3,2
MC_s1_bola_TearsOfSteel,1789972958.575,0.1029,0,0,0,0,0,0
MC_s1_bola_TearsOfSteel,1789972958.677,0.1028,4552,4,0,178266460.2,511077354.9,2
MC_s1_bola_TearsOfSteel,1789972958.78,0.1028,0,0,0,0,0,0
MC_s1_bola_TearsOfSteel,1789972958.883,0.1028,0,0,0,0,0,0
MC_s1_bola_TearsOfSteel,1789972958.986,0.103,4552,4,0,179325071.2,562173407.9,2
MC_s1_bola_TearsOfSteel,1789972959.089,0.1028,0,0,0,0,0,0
MC_s1_bola_TearsOfSteel,1789972959.192,0.1028,0,0,0,0,0,0
MC_s1_bola_TearsOfSteel,1789972959.295,0.1029,4552,4,0,175556552.0,562303821.7,2
MC_s1_bola_TearsOfSteel,1789972959.398,0.1029,0,0,0,0,0,0
MC_s1_bola_TearsOfSteel,1789972959.5,0.1028,0,0,0,0,0,0
MC_s1_bola_TearsOfSteel,1789972959.611,0.111,4552,4,0,176636446.0,562272792.6,2
MC_s1_bola_TearsOfSteel,1789972959.714,0.103,0,0,0,0,0,0
MC_s1_bola_TearsOfSteel,1789972959.817,0.1029,4552,4,0,172912596.8,562198772.4,2
MC_s1_bola_TearsOfSteel,1789972959.92,0.1031,0,0,0,0,0,0
MC_s1_bola_TearsOfSteel,1789972960.023,0.1031,0,0,0,0,0,0
MC_s1_bola_TearsOfSteel,1789972960.126,0.103,4552,4,0,169100244.8,513675876.6,2
MC_s1_bola_TearsOfSteel,1789972960.23,0.1031,0,0,0,0,0,0
MC_s1_bola_TearsOfSteel,1789972960.333,0.1038,4552,4,0,165475259.5,513565915.8,2
MC_s1_bola_TearsOfSteel,1789972960.436,0.103,0,0,0,0,0,0
MC_s1_bola_TearsOfSteel,1789972960.539,0.103,0,0,0,0,0,0
MC_s1_bola_TearsOfSteel,1789972960.642,0.1029,4552,4,0,162426792.5,513444189.1,2
MC_s1_bola_TearsOfSteel,1789972960.745,0.1029,0,0,0,0,0,0
MC_s1_bola_TearsOfSteel,1789972960.848,0.1031,4552,4,0,159487502.2,513298292.1,2
MC_s1_bola_TearsOfSteel,1789972960.951,0.1031,0,0,0,0,0,0
MC_s1_bola_TearsOfSteel,1789972961.054,0.1029,0,0,0,0,0,0
MC_s1_bola_TearsOfSteel,1789972961.157,0.1029,4552,4,0,162029353.0,562368785.2,2
MC_s1_bola_TearsOfSteel,1789972961.26,0.1031,0,0,0,0,0,0
MC_s1_bola_TearsOfSteel,1789972961.363,0.1031,0,0,0,0,0,0
MC_s1_bola_TearsOfSteel,1789972961.466,0.1031,4552,4,0,159602663.2,562324219.1,2
MC_s1_bola_TearsOfSteel,1789972961.569,0.103,0,0,0,0,0,0
MC_s1_bola_TearsOfSteel,1789972961.672,0.1031,4552,4,0,156681931.8,511072084.6,2
MC_s1_bola_TearsOfSteel,1789972961.775,0.103,0,0,0,0,0,0
MC_s1_bola_TearsOfSteel,1789972961.878,0.103,0,0,0,0,0,0
MC_s1_bola_TearsOfSteel,1789972961.981,0.103,4552,4,0,159290300.2,562360801.4,2
MC_s1_bola_TearsOfSteel,1789972962.084,0.103,0,0,0,0,0,0
MC_s1_bola_TearsOfSteel,1789972962.187,0.1029,0,0,0,0,0,0
MC_s1_bola_TearsOfSteel,1789972962.29,0.1029,4552,4,0,156944368.5,562197672.7,2
MC_s1_bola_TearsOfSteel,1789972962.393,0.1031,0,0,0,0,0,0
MC_s1_bola_TearsOfSteel,1789972962.496,0.103,4552,4,0,154119733.0,511068826.1,2
MC_s1_bola_TearsOfSteel,1789972962.599,0.1029,0,0,0,0,0,0
MC_s1_bola_TearsOfSteel,1789972962.702,0.1029,0,0,0,0,0,0
MC_s1_bola_TearsOfSteel,1789972962.805,0.1029,4552,4,0,151616250.5,511185189.4,2
MC_s1_bola_TearsOfSteel,1789972962.908,0.1031,0,0,0,0,0,0
MC_s1_bola_TearsOfSteel,1789972963.011,0.1031,0,0,0,0,0,0
MC_s1_bola_TearsOfSteel,1789972963.114,0.1029,4552,4,0,154604989.2,562246977.9,2
MC_s1_bola_TearsOfSteel,1789972963.217,0.103,0,0,0,0,0,0
MC_s1_bola_TearsOfSteel,1789972963.32,0.1029,0,0,0,0,0,0
MC_s1_bola_TearsOfSteel,1789972963.423,0.1033,4552,4,0,152600526.8,562302021.4,2
MC_s1_bola_TearsOfSteel,1789972963.526,0.1031,52,1,0,84814065.0,0,1
MC_s1_bola_TearsOfSteel,1789972963.629,0.1029,4540,4,0,151041142.0,517105116.0,2
MC_s1_bola_TearsOfSteel,1789972963.732,0.1029,0,0,0,0,0,0
MC_s1_bola_TearsOfSteel,1789972963.835,0.1033,0,0,0,0,0,0
MC_s1_bola_TearsOfSteel,1789972963.942,0.1063,4500,3,0,179164825.0,568777003.0,1
MC_s1_bola_TearsOfSteel,1789972964.045,0.1031,52,1,0,174574159.0,550598893.0,1
MC_s1_bola_TearsOfSteel,1789972964.148,0.1029,0,0,0,0,0,0
MC_s1_bola_TearsOfSteel,1789972964.251,0.1029,0,0,0,0,0,0
MC_s1_bola_TearsOfSteel,1789972964.354,0.103,0,0,0,0,0,0
MC_s1_bola_TearsOfSteel,1789972964.457,0.103,0,0,0,0,0,0
MC_s1_bola_TearsOfSteel,1789972964.56,0.1029,60,1,0,0.0,0,1
MC_s1_bola_TearsOfSteel,1789972964.671,0.1112,0,0,0,0,0,0
MC_s1_bola_TearsOfSteel,1789972964.774,0.1031,679,4,0,8352203.0,26381373.4,3
MC_s1_bola_TearsOfSteel,1789972964.877,0.1033,0,0,0,0,0,0
MC_s1_bola_TearsOfSteel,1789972964.981,0.1033,0,0,0,0,0,0
MC_s1_bola_TearsOfSteel,1789972965.084,0.1034,0,0,0,0,0,0
MC_s1_bola_TearsOfSteel,1789972965.187,0.1033,1172,5,0,18730090.8,228403014.9,4
MC_s1_bola_TearsOfSteel,1789972965.291,0.1034,0,0,0,0,0,0
MC_s1_bola_TearsOfSteel,1789972965.394,0.1035,0,0,0,0,0,0
MC_s1_bola_TearsOfSteel,1789972965.498,0.1035,0,0,0,0,0,0
MC_s1_bola_TearsOfSteel,1789972965.601,0.1034,0,0,0,0,0,0
MC_s1_bola_TearsOfSteel,1789972965.704,0.1034,0,0,0,0,0,0
MC_s1_bola_TearsOfSteel,1789972965.808,0.1033,508,1,1,52910412.0,0,1
MC_s1_bola_TearsOfSteel,1789972965.911,0.1035,0,0,0,0,0,0
MC_s1_bola_TearsOfSteel,1789972966.015,0.1035,0,0,0,0,0,0
MC_s1_bola_TearsOfSteel,1789972966.118,0.1034,0,0,0,0,0,0
MC_s1_bola_TearsOfSteel,1789972966.222,0.1034,0,0,0,0,0,0
MC_s1_bola_TearsOfSteel,1789972966.325,0.1034,0,0,0,0,0,0
MC_s1_bola_TearsOfSteel,1789972966.429,0.1037,0,0,0,0,0,0
MC_s1_bola_TearsOfSteel,1789972966.532,0.1035,0,0,0,0,0,0
MC_s1_bola_TearsOfSteel,1789972966.636,0.1037,0,0,0,0,0,0
MC_s1_bola_TearsOfSteel,1789972966.739,0.1036,508,1,1,66173567.0,0,1
MC_s1_bola_TearsOfSteel,1789972966.843,0.1036,0,0,0,0,0,0
MC_s1_bola_TearsOfSteel,1789972966.949,0.1055,0,0,0,0,0,0
MC_s1_bola_TearsOfSteel,1789972967.052,0.1036,0,0,0,0,0,0
MC_s1_bola_TearsOfSteel,1789972967.156,0.1035,0,0,0,0,0,0
MC_s1_bola_TearsOfSteel,1789972967.259,0.1036,1552,2,0,117343192.0,1338218495.0,2
MC_s1_bola_TearsOfSteel,1789972967.363,0.1036,0,0,0,0,0,0
MC_s1_bola_TearsOfSteel,1789972967.466,0.1036,0,0,0,0,0,0
MC_s1_bola_TearsOfSteel,1789972967.57,0.1036,0,0,0,0,0,0
MC_s1_bola_TearsOfSteel,1789972967.674,0.1036,0,0,0,0,0,0
MC_s1_bola_TearsOfSteel,1789972967.777,0.1036,3052,3,0,194848108.7,510822280.7,2
MC_s1_bola_TearsOfSteel,1789972967.881,0.1035,0,0,0,0,0,0
MC_s1_bola_TearsOfSteel,1789972967.984,0.1035,0,0,0,0,0,0
MC_s1_bola_TearsOfSteel,1789972968.088,0.1035,3052,3,0,195983960.3,254653008.6,2
MC_s1_bola_TearsOfSteel,1789972968.191,0.1036,52,1,0,99699610.0,44931688.0,1
MC_s1_bola_TearsOfSteel,1789972968.295,0.1035,0,0,0,0,0,0
MC_s1_bola_TearsOfSteel,1789972968.399,0.1036,1552,2,0,176982050.5,51104224.0,2
MC_s1_bola_TearsOfSteel,1789972968.502,0.1036,3052,3,0,192907258.7,358045400.6,2
MC_s1_bola_TearsOfSteel,1789972968.605,0.1033,0,0,0,0,0,0
MC_s1_bola_TearsOfSteel,1789972968.709,0.104,1500,1,0,235270432.0,593781351.0,1
MC_s1_bola_TearsOfSteel,1789972968.813,0.1035,1552,2,0,178902893.0,369275300.4,2
MC_s1_bola_TearsOfSteel,1789972968.917,0.1036,3104,4,0,169937307.5,417471434.3,2
MC_s1_bola_TearsOfSteel,1789972969.02,0.1036,0,0,0,0,0,0
MC_s1_bola_TearsOfSteel,1789972969.124,0.1036,0,0,0,0,0,0
MC_s1_bola_TearsOfSteel,1789972969.228,0.1038,0,0,0,0,0,0
MC_s1_bola_TearsOfSteel,1789972969.334,0.1063,4552,4,0,205781288.5,514101522.5,2
MC_s1_bola_TearsOfSteel,1789972969.437,0.1035,360740,309,4,631629.2,1039000.4,2
MC_s1_bola_TearsOfSteel,1789972969.542,0.1048,665304,542,0,70938.6,181803.6,2
MC_s1_bola_TearsOfSteel,1789972969.646,0.1036,0,0,0,0,0,0
MC_s1_bola_TearsOfSteel,1789972969.758,0.1117,3052,3,0,23934721.3,239622049.5,2
MC_s1_bola_TearsOfSteel,1789972969.861,0.1037,3052,3,0,25579298.7,43113033.0,2
MC_s1_bola_TearsOfSteel,1789972969.965,0.1038,4552,4,0,21519795.2,43227754.0,2
MC_s1_bola_TearsOfSteel,1789972970.069,0.1038,3052,3,0,20055803.3,43128254.0,2
MC_s1_bola_TearsOfSteel,1789972970.172,0.1037,52,1,0,24598256.0,47840393.0,1
MC_s1_bola_TearsOfSteel,1789972970.276,0.1038,1564,2,1,24595266.0,0,2
MC_s1_bola_TearsOfSteel,1789972970.38,0.1037,3128,4,0,27893517.5,553809151.0,2
MC_s1_bola_TearsOfSteel,1789972970.484,0.1037,4692,6,0,30814024.0,553908502.0,2
MC_s1_bola_TearsOfSteel,1789972970.587,0.1037,1572,2,0,31552474.5,421298757.0,2
MC_s1_bola_TearsOfSteel,1789972970.691,0.1037,0,0,0,0,0,0
MC_s1_bola_TearsOfSteel,1789972970.795,0.1037,1572,2,1,40245008.5,406501072.5,2
MC_s1_bola_TearsOfSteel,1789972970.899,0.1039,3072,3,2,45000885.7,499320333.7,2
MC_s1_bola_TearsOfSteel,1789972971.003,0.1038,3216,5,2,40081759.4,437188712.4,2
MC_s1_bola_TearsOfSteel,1789972971.106,0.1037,1572,2,1,37672427.0,487882694.6,2
MC_s1_bola_TearsOfSteel,1789972971.21,0.1036,0,0,0,0,0,0
MC_s1_bola_TearsOfSteel,1789972971.313,0.1036,3144,4,2,61602169.0,528538097.9,2
MC_s1_bola_TearsOfSteel,1789972971.417,0.1038,0,0,0,0,0,0
MC_s1_bola_TearsOfSteel,1789972971.521,0.1037,4740,6,3,72774559.0,511200642.5,2
MC_s1_bola_TearsOfSteel,1789972971.625,0.1036,1580,2,1,68233586.0,0,2
MC_s1_bola_TearsOfSteel,1789972971.729,0.1039,0,0,0,0,0,0
MC_s1_bola_TearsOfSteel,1789972971.834,0.106,3160,4,2,83290510.0,468518617.0,2
MC_s1_bola_TearsOfSteel,1789972971.939,0.1046,3160,4,2,83525947.5,0,2
MC_s1_bola_TearsOfSteel,1789972972.043,0.1038,3160,4,2,86243172.0,485389049.5,2
MC_s1_bola_TearsOfSteel,1789972972.147,0.1037,1580,2,1,80857041.0,511171078.0,2
MC_s1_bola_TearsOfSteel,1789972972.25,0.1037,1580,2,1,83796971.0,468494858.0,2
MC_s1_bola_TearsOfSteel,1789972972.354,0.1038,4740,6,3,76072669.5,468514895.0,2
MC_s1_bola_TearsOfSteel,1789972972.458,0.1037,0,0,0,0,0,0
MC_s1_bola_TearsOfSteel,1789972972.561,0.1036,3160,4,2,85011157.0,553788539.0,2
MC_s1_bola_TearsOfSteel,1789972972.665,0.1039,1572,2,1,82362296.5,487861551.9,2
MC_s1_bola_TearsOfSteel,1789972972.769,0.1037,1580,2,1,85212327.5,511349670.0,2
MC_s1_bola_TearsOfSteel,1789972972.873,0.1037,4740,6,3,77244717.5,511213065.3,2
MC_s1_bola_TearsOfSteel,1789972972.976,0.1037,0,0,0,0,0,0
MC_s1_bola_TearsOfSteel,1789972973.08,0.1037,4740,6,3,73349889.0,465143000.1,2
MC_s1_bola_TearsOfSteel,1789972973.184,0.1036,0,0,0,0,0,0
MC_s1_bola_TearsOfSteel,1789972973.287,0.1036,3072,3,2,78914528.3,499261617.1,2
MC_s1_bola_TearsOfSteel,1789972973.391,0.1039,3216,5,2,70276377.2,476964236.5,2
MC_s1_bola_TearsOfSteel,1789972973.495,0.1038,0,0,0,0,0,0
MC_s1_bola_TearsOfSteel,1789972973.599,0.1037,3144,4,2,72111217.5,487876564.7,2
MC_s1_bola_TearsOfSteel,1789972973.702,0.1036,3144,4,2,71212133.0,528581629.3,2
MC_s1_bola_TearsOfSteel,1789972973.806,0.1036,3144,4,2,83236356.0,528480375.9,2
MC_s1_bola_TearsOfSteel,1789972973.91,0.1039,3128,4,2,75666700.0,531221061.9,2
MC_s1_bola_TearsOfSteel,1789972974.014,0.1037,0,0,0,0,0,0
MC_s1_bola_TearsOfSteel,1789972974.117,0.1037,3144,4,0,84666324.5,511246466.0,2
MC_s1_bola_TearsOfSteel,1789972974.221,0.1036,3144,4,0,84738732.0,511206559.0,2
MC_s1_bola_TearsOfSteel,1789972974.324,0.1036,3160,4,0,95130585.0,511248096.0,2
MC_s1_bola_TearsOfSteel,1789972974.428,0.1039,3160,4,0,93942146.0,553774188.0,2
MC_s1_bola_TearsOfSteel,1789972974.532,0.1038,3160,4,2,87728260.5,485440621.7,2
MC_s1_bola_TearsOfSteel,1789972974.636,0.1037,3160,4,2,79606135.5,444934615.4,2
MC_s1_bola_TearsOfSteel,1789972974.739,0.1037,1580,2,1,74635512.5,482849.0,2
MC_s1_bola_TearsOfSteel,1789972974.851,0.112,3144,4,2,75936118.0,447213199.8,2
MC_s1_bola_TearsOfSteel,1789972974.956,0.1047,4680,6,3,62601307.5,471073119.4,2
MC_s1_bola_TearsOfSteel,1789972975.06,0.1036,1552,2,0,60157536.5,47659579.0,2
MC_s1_bola_TearsOfSteel,1789972975.163,0.1035,3128,4,0,62157679.0,553901224.0,2
MC_s1_bola_TearsOfSteel,1789972975.267,0.1036,3144,4,0,64957801.5,553950372.0,2
MC_s1_bola_TearsOfSteel,1789972975.371,0.1038,0,0,0,0,0,0
MC_s1_bola_TearsOfSteel,1789972975.475,0.1039,6320,8,0,78651109.0,553999510.5,2
MC_s1_bola_TearsOfSteel,1789972975.578,0.1038,0,0,0,0,0,0
MC_s1_bola_TearsOfSteel,1789972975.682,0.1037,4740,6,2,76821430.0,503511835.9,2
MC_s1_bola_TearsOfSteel,1789972975.786,0.1037,1580,2,1,72026116.5,485367539.4,2
MC_s1_bola_TearsOfSteel,1789972975.89,0.1039,1580,2,1,72867918.0,444892944.3,2
MC_s1_bola_TearsOfSteel,1789972975.994,0.1038,4724,6,3,70042742.5,446404715.9,2
MC_s1_bola_TearsOfSteel,1789972976.097,0.1038,1564,2,1,65675867.5,581848.0,2
MC_s1_bola_TearsOfSteel,1789972976.201,0.1038,1564,2,1,66894613.0,531300375.9,2
MC_s1_bola_TearsOfSteel,1789972976.305,0.1038,3144,4,2,66619552.5,553816318.0,2
MC_s1_bola_TearsOfSteel,1789972976.409,0.1039,3144,4,1,71379652.5,511031653.0,2
MC_s1_bola_TearsOfSteel,1789972976.513,0.1039,3144,4,0,70572515.0,553811706.0,2
MC_s1_bola_TearsOfSteel,1789972976.617,0.1037,3160,4,0,72356286.0,553855576.0,2
MC_s1_bola_TearsOfSteel,1789972976.72,0.1037,3160,4,1,71233470.0,465131705.4,2
MC_s1_bola_TearsOfSteel,1789972976.824,0.1037,1572,2,1,66787612.0,527515.0,2
MC_s1_bola_TearsOfSteel,1789972976.928,0.1039,1572,2,1,70613351.0,511292781.0,2
MC_s1_bola_TearsOfSteel,1789972977.032,0.1037,3144,4,0,69565406.5,468587005.0,2
MC_s1_bola_TearsOfSteel,1789972977.135,0.1038,3144,4,2,61151584.5,468436265.0,2
MC_s1_bola_TearsOfSteel,1789972977.239,0.1037,3136,4,2,58911357.5,511255966.5,2
MC_s1_bola_TearsOfSteel,1789972977.343,0.1039,3144,4,0,59613658.5,553911409.0,2
MC_s1_bola_TearsOfSteel,1789972977.449,0.1057,0,0,0,0,0,0
MC_s1_bola_TearsOfSteel,1789972977.553,0.1039,4628,5,1,67771903.8,538578209.3,2
MC_s1_bola_TearsOfSteel,1789972977.656,0.1037,3192,5,0,57965815.2,553833845.0,2
MC_s1_bola_TearsOfSteel,1789972977.76,0.1037,1572,2,0,57041480.0,511261151.0,2
MC_s1_bola_TearsOfSteel,1789972977.864,0.1038,3128,4,1,52643569.5,449398934.4,2
MC_s1_bola_TearsOfSteel,1789972977.968,0.1038,0,0,0,0,0,0
MC_s1_bola_TearsOfSteel,1789972978.071,0.1038,3144,4,0,66939608.5,511207124.5,2
MC_s1_bola_TearsOfSteel,1789972978.175,0.1037,3144,4,0,58844448.5,511322021.5,2
MC_s1_bola_TearsOfSteel,1789972978.279,0.1039,0,0,0,0,0,0
MC_s1_bola_TearsOfSteel,1789972978.383,0.1041,3136,4,1,62541700.5,513291801.9,2
MC_s1_bola_TearsOfSteel,1789972978.487,0.1039,52,1,0,804758668.0,0,1
MC_s1_bola_TearsOfSteel,1789972978.591,0.1039,1572,2,1,72097466.5,534371953.7,2
MC_s1_bola_TearsOfSteel,1789972978.695,0.1038,3136,4,1,75989781.0,515418292.6,2
MC_s1_bola_TearsOfSteel,1789972978.799,0.1038,1572,2,0,76687038.0,515231127.0,2
MC_s1_bola_TearsOfSteel,1789972978.903,0.104,1572,2,1,77331899.5,491720031.4,2
MC_s1_bola_TearsOfSteel,1789972979.007,0.104,104,2,0,777774848.0,241063257.5,2
MC_s1_bola_TearsOfSteel,1789972979.111,0.1043,1564,2,1,85930739.0,493919346.8,2
MC_s1_bola_TearsOfSteel,1789972979.215,0.104,3116,4,1,88126952.5,495827955.2,2
MC_s1_bola_TearsOfSteel,1789972979.319,0.1038,1564,2,0,87953942.5,513179510.0,2
MC_s1_bola_TearsOfSteel,1789972979.423,0.1041,3128,4,0,85133331.0,555639658.0,2
MC_s1_bola_TearsOfSteel,1789972979.527,0.1039,0,0,0,0,0,0
MC_s1_bola_TearsOfSteel,1789972979.631,0.1038,1564,2,0,93133276.0,511191892.0,2
MC_s1_bola_TearsOfSteel,1789972979.734,0.1038,3116,4,1,91848048.0,492258118.0,2
MC_s1_bola_TearsOfSteel,1789972979.839,0.1045,1500,1,0,91467683.0,511240300.0,1
MC_s1_bola_TearsOfSteel,1789972979.953,0.1142,52,1,0,94826940.0,55117311.0,1
MC_s1_bola_TearsOfSteel,1789972980.057,0.1039,0,0,0,0,0,0
MC_s1_bola_TearsOfSteel,1789972980.161,0.1038,1552,2,0,93363141.5,454450508.3,2
MC_s1_bola_TearsOfSteel,1789972980.265,0.1039,3052,3,0,95895195.3,503294600.0,2
MC_s1_bola_TearsOfSteel,1789972980.368,0.1038,1500,1,0,94449296.0,456671208.0,1
MC_s1_bola_TearsOfSteel,1789972980.472,0.1039,52,1,0,96847412.0,39928589.0,1
MC_s1_bola_TearsOfSteel,1789972980.576,0.1039,0,0,0,0,0,0
MC_s1_bola_TearsOfSteel,1789972980.68,0.1038,4604,5,0,101976584.0,456691549.5,2
MC_s1_bola_TearsOfSteel,1789972980.784,0.1038,1552,2,0,98850643.0,45141576.0,2
MC_s1_bola_TearsOfSteel,1789972980.888,0.104,1500,1,0,98542004.0,514497613.0,1
MC_s1_bola_TearsOfSteel,1789972980.992,0.104,52,1,0,100160007.0,47322841.0,1
MC_s1_bola_TearsOfSteel,1789972981.096,0.1039,0,0,0,0,0,0
MC_s1_bola_TearsOfSteel,1789972981.2,0.1039,1500,1,0,97712069.0,507610470.0,1
MC_s1_bola_TearsOfSteel,1789972981.304,0.104,3104,4,0,104610720.0,536083762.0,2
MC_s1_bola_TearsOfSteel,1789972981.408,0.1039,1552,2,0,103751046.5,534843529.7,2
MC_s1_bola_TearsOfSteel,1789972981.512,0.104,1552,2,0,99008000.0,491901920.8,2
MC_s1_bola_TearsOfSteel,1789972981.616,0.1039,1500,1,0,93237510.0,413440823.0,1
MC_s1_bola_TearsOfSteel,1789972981.72,0.1039,3104,4,0,96059141.5,453802961.3,2
MC_s1_bola_TearsOfSteel,1789972981.823,0.1038,1500,1,0,91837119.0,427199980.0,1
MC_s1_bola_TearsOfSteel,1789972981.928,0.1042,52,1,0,99546497.0,41160082.0,1
MC_s1_bola_TearsOfSteel,1789972982.031,0.104,1552,2,0,94227041.5,444616716.3,2
MC_s1_bola_TearsOfSteel,1789972982.135,0.1039,1500,1,0,85715360.0,456692522.0,1
MC_s1_bola_TearsOfSteel,1789972982.239,0.104,52,1,0,92802578.0,40661492.0,1
MC_s1_bola_TearsOfSteel,1789972982.343,0.104,6104,6,0,81521213.0,503520431.4,2
MC_s1_bola_TearsOfSteel,1789972982.449,0.1056,0,0,0,0,0,0
MC_s1_bola_TearsOfSteel,1789972982.553,0.104,0,0,0,0,0,0
MC_s1_bola_TearsOfSteel,1789972982.657,0.1039,1564,2,0,96689743.0,471117083.0,2
MC_s1_bola_TearsOfSteel,1789972982.761,0.1039,0,0,0,0,0,0
MC_s1_bola_TearsOfSteel,1789972982.865,0.1039,6256,8,0,95352566.0,511254763.5,2
MC_s1_bola_TearsOfSteel,1789972982.968,0.1039,0,0,0,0,0,0
MC_s1_bola_TearsOfSteel,1789972983.072,0.1039,0,0,0,0,0,0
MC_s1_bola_TearsOfSteel,1789972983.176,0.1038,3052,3,1,110653251.7,418716671.7,2
MC_s1_bola_TearsOfSteel,1789972983.28,0.1038,3052,3,0,103825500.7,419547122.7,2
MC_s1_bola_TearsOfSteel,1789972983.384,0.1039,52,1,0,108830033.0,53311063.0,1
MC_s1_bola_TearsOfSteel,1789972983.488,0.1039,0,0,0,0,0,0
MC_s1_bola_TearsOfSteel,1789972983.592,0.1041,0,0,0,0,0,0
MC_s1_bola_TearsOfSteel,1789972983.696,0.1039,1500,1,0,115896056.0,553924984.0,1
MC_s1_bola_TearsOfSteel,1789972983.8,0.1039,3104,4,0,132782502.0,536170475.3,2
MC_s1_bola_TearsOfSteel,1789972983.904,0.1041,0,0,0,0,0,0
MC_s1_bola_TearsOfSteel,1789972984.008,0.1039,0,0,0,0,0,0
MC_s1_bola_TearsOfSteel,1789972984.112,0.104,0,0,0,0,0,0
MC_s1_bola_TearsOfSteel,1789972984.216,0.1038,1564,2,0,149892740.0,465421710.0,2
MC_s1_bola_TearsOfSteel,1789972984.319,0.1038,3128,4,0,157055205.5,511127708.0,2
MC_s1_bola_TearsOfSteel,1789972984.423,0.1041,0,0,0,0,0,0
MC_s1_bola_TearsOfSteel,1789972984.527,0.1039,52,1,0,163470993.0,0,1
MC_s1_bola_TearsOfSteel,1789972984.631,0.1039,1564,2,0,161534921.5,0,2
MC_s1_bola_TearsOfSteel,1789972984.735,0.1039,3040,3,2,156391510.3,489962596.5,2
MC_s1_bola_TearsOfSteel,1789972984.839,0.1039,0,0,0,0,0,0
MC_s1_bola_TearsOfSteel,1789972984.954,0.1146,52,1,0,159112246.0,476598826.0,1
MC_s1_bola_TearsOfSteel,1789972985.057,0.1039,1500,1,0,159940038.0,427746070.0,1
MC_s1_bola_TearsOfSteel,1789972985.161,0.1038,0,0,0,0,0,0
MC_s1_bola_TearsOfSteel,1789972985.266,0.1049,0,0,0,0,0,0
MC_s1_bola_TearsOfSteel,1789972985.37,0.1041,0,0,0,0,0,0
MC_s1_bola_TearsOfSteel,1789972985.474,0.1041,0,0,0,0,0,0
MC_s1_bola_TearsOfSteel,1789972985.578,0.1039,60,1,0,0.0,0,1
MC_s1_bola_TearsOfSteel,1789972985.682,0.104,0,0,0,0,0,0
MC_s1_bola_TearsOfSteel,1789972985.786,0.104,60,1,0,0.0,0,1
MC_s1_bola_TearsOfSteel,1789972985.891,0.1044,621,3,0,16822062.0,39453401.8,2
MC_s1_bola_TearsOfSteel,1789972985.995,0.1042,0,0,0,0,0,0
MC_s1_bola_TearsOfSteel,1789972986.099,0.1042,112,2,0,0.0,190143670.3,2
MC_s1_bola_TearsOfSteel,1789972986.203,0.1043,0,0,0,0,0,0
MC_s1_bola_TearsOfSteel,1789972986.307,0.1042,0,0,0,0,0,0
MC_s1_bola_TearsOfSteel,1789972986.412,0.1043,1063,3,0,37216514.3,255157169.8,2
MC_s1_bola_TearsOfSteel,1789972986.516,0.1042,0,0,0,0,0,0
MC_s1_bola_TearsOfSteel,1789972986.62,0.1041,0,0,0,0,0,0
MC_s1_bola_TearsOfSteel,1789972986.724,0.1043,0,0,0,0,0,0
MC_s1_bola_TearsOfSteel,1789972986.832,0.1072,0,0,0,0,0,0
MC_s1_bola_TearsOfSteel,1789972986.936,0.1042,0,0,0,0,0,0
MC_s1_bola_TearsOfSteel,1789972987.04,0.1042,0,0,0,0,0,0
MC_s1_bola_TearsOfSteel,1789972987.144,0.1043,0,0,0,0,0,0
MC_s1_bola_TearsOfSteel,1789972987.248,0.1043,509,1,1,71409774.0,0,1
MC_s1_bola_TearsOfSteel,1789972987.353,0.1042,0,0,0,0,0,0
MC_s1_bola_TearsOfSteel,1789972987.457,0.1046,0,0,0,0,0,0
MC_s1_bola_TearsOfSteel,1789972987.561,0.1042,0,0,0,0,0,0
MC_s1_bola_TearsOfSteel,1789972987.665,0.104,0,0,0,0,0,0
MC_s1_bola_TearsOfSteel,1789972987.77,0.1041,1628,3,0,149491559.0,503163090.0,2
MC_s1_bola_TearsOfSteel,1789972987.874,0.1041,0,0,0,0,0,0
MC_s1_bola_TearsOfSteel,1789972987.978,0.1043,0,0,0,0,0,0
MC_s1_bola_TearsOfSteel,1789972988.082,0.1043,0,0,0,0,0,0
MC_s1_bola_TearsOfSteel,1789972988.186,0.1042,1564,2,1,140528726.5,408527188.9,2
MC_s1_bola_TearsOfSteel,1789972988.291,0.1042,0,0,0,0,0,0
MC_s1_bola_TearsOfSteel,1789972988.395,0.1044,3128,4,2,146505613.5,163063180.1,2
MC_s1_bola_TearsOfSteel,1789972988.499,0.1042,0,0,0,0,0,0
MC_s1_bola_TearsOfSteel,1789972988.604,0.1043,4692,6,3,130519540.5,184427115.1,2
MC_s1_bola_TearsOfSteel,1789972988.708,0.1042,3128,4,2,114835689.5,164973380.6,2
MC_s1_bola_TearsOfSteel,1789972988.812,0.1043,4616,5,2,102085641.8,209266497.0,2
MC_s1_bola_TearsOfSteel,1789972988.916,0.1042,3104,4,0,92314604.0,288794597.2,2
MC_s1_bola_TearsOfSteel,1789972989.02,0.1042,4552,4,0,90317531.8,295154653.7,2
MC_s1_bola_TearsOfSteel,1789972989.125,0.1043,3104,4,0,73918413.0,264983681.6,2
MC_s1_bola_TearsOfSteel,1789972989.229,0.1042,3052,3,0,75795095.0,292680690.4,2
MC_s1_bola_TearsOfSteel,1789972989.334,0.1055,4604,5,0,69828066.4,333504116.2,2
MC_s1_bola_TearsOfSteel,1789972989.439,0.1043,1552,2,0,65952420.5,291788394.7,2
MC_s1_bola_TearsOfSteel,1789972989.543,0.1048,6104,6,0,68668190.7,334816697.5,2
MC_s1_bola_TearsOfSteel,1789972989.648,0.1043,3052,3,0,63056418.3,333531676.5,2
MC_s1_bola_TearsOfSteel,1789972989.752,0.1046,4552,4,0,62455918.0,361476245.0,2
MC_s1_bola_TearsOfSteel,1789972989.857,0.1049,3104,4,0,55634623.0,373067641.3,2
MC_s1_bola_TearsOfSteel,1789972989.97,0.1127,3052,3,0,60955325.0,378763918.4,2
MC_s1_bola_TearsOfSteel,1789972990.075,0.1047,4552,4,0,62697544.0,383108271.9,2
MC_s1_bola_TearsOfSteel,1789972990.179,0.1046,3104,4,0,55648419.0,430410512.6,2
MC_s1_bola_TearsOfSteel,1789972990.284,0.1046,4604,5,0,57794107.2,413963128.2,2
MC_s1_bola_TearsOfSteel,1789972990.388,0.1045,3052,3,0,61111737.3,436890921.4,2
MC_s1_bola_TearsOfSteel,1789972990.493,0.1046,3052,3,0,61411441.7,434733611.1,2
MC_s1_bola_TearsOfSteel,1789972990.598,0.1045,0,0,0,0,0,0
MC_s1_bola_TearsOfSteel,1789972990.702,0.1045,1500,1,0,81366008.0,557656313.0,1
MC_s1_bola_TearsOfSteel,1789972990.807,0.1046,4692,6,0,70564873.5,468856192.8,2
MC_s1_bola_TearsOfSteel,1789972990.911,0.1047,3128,4,0,72340219.0,511279948.0,2
MC_s1_bola_TearsOfSteel,1789972991.016,0.1045,3128,4,0,73907336.0,511263041.0,2
MC_s1_bola_TearsOfSteel,1789972991.121,0.1046,0,0,0,0,0,0
MC_s1_bola_TearsOfSteel,1789972991.225,0.1045,3128,4,0,95944106.5,511314300.0,2
MC_s1_bola_TearsOfSteel,1789972991.332,0.1064,3116,4,2,86829018.0,430647828.8,2
MC_s1_bola_TearsOfSteel,1789972991.436,0.1045,4552,4,0,77802914.2,421584264.8,2
MC_s1_bola_TearsOfSteel,1789972991.541,0.1045,52,1,0,71799293.0,88412700.0,1
MC_s1_bola_TearsOfSteel,1789972991.645,0.1046,1500,1,0,84040459.0,425884489.0,1
MC_s1_bola_TearsOfSteel,1789972991.75,0.1045,3052,3,0,80900362.3,461381459.7,2
MC_s1_bola_TearsOfSteel,1789972991.854,0.1046,1552,2,0,78372230.5,454205812.1,2
MC_s1_bola_TearsOfSteel,1789972991.959,0.1046,4604,5,0,72351220.4,458554773.2,2
MC_s1_bola_TearsOfSteel,1789972992.063,0.1047,1552,2,0,68868931.0,493400274.1,2
MC_s1_bola_TearsOfSteel,1789972992.168,0.1046,0,0,0,0,0,0
MC_s1_bola_TearsOfSteel,1789972992.273,0.1047,3052,3,0,82525899.7,544514322.0,2
MC_s1_bola_TearsOfSteel,1789972992.377,0.1045,3052,3,0,83189587.3,544462518.4,2
MC_s1_bola_TearsOfSteel,1789972992.482,0.1046,3128,4,0,78223484.0,553776577.0,2
MC_s1_bola_TearsOfSteel,1789972992.586,0.1046,0,0,0,0,0,0
MC_s1_bola_TearsOfSteel,1789972992.691,0.1047,0,0,0,0,0,0
MC_s1_bola_TearsOfSteel,1789972992.796,0.1046,3144,4,0,110060543.0,511185041.0,2
MC_s1_bola_TearsOfSteel,1789972992.9,0.1045,4708,6,1,103028929.5,468252609.5,2
MC_s1_bola_TearsOfSteel,1789972993.005,0.1046,0,0,0,0,0,0
MC_s1_bola_TearsOfSteel,1789972993.109,0.1047,0,0,0,0,0,0
MC_s1_bola_TearsOfSteel,1789972993.214,0.1046,0,0,0,0,0,0
MC_s1_bola_TearsOfSteel,1789972993.319,0.1047,4616,5,2,123052867.0,456852273.4,2
MC_s1_bola_TearsOfSteel,1789972993.423,0.1047,3052,3,0,111693573.0,503243991.0,2
MC_s1_bola_TearsOfSteel,1789972993.528,0.1046,52,1,0,107968994.0,84572075.0,1
MC_s1_bola_TearsOfSteel,1789972993.633,0.1046,0,0,0,0,0,0
MC_s1_bola_TearsOfSteel,1789972993.737,0.1047,3128,4,0,123046989.0,468630893.5,2
MC_s1_bola_TearsOfSteel,1789972993.842,0.1045,3128,4,0,115976182.5,468551598.0,2
MC_s1_bola_TearsOfSteel,1789972993.948,0.1057,3128,4,0,104428188.5,469827979.0,2
MC_s1_bola_TearsOfSteel,1789972994.052,0.1046,0,0,0,0,0,0
MC_s1_bola_TearsOfSteel,1789972994.157,0.1046,0,0,0,0,0,0
MC_s1_bola_TearsOfSteel,1789972994.261,0.1046,1564,2,1,116557606.5,425859933.0,2
MC_s1_bola_TearsOfSteel,1789972994.366,0.1047,3128,4,0,119932214.0,468540691.0,2
MC_s1_bola_TearsOfSteel,1789972994.471,0.1046,1564,2,0,112437272.5,468571135.0,2
MC_s1_bola_TearsOfSteel,1789972994.575,0.1046,0,0,0,0,0,0
MC_s1_bola_TearsOfSteel,1789972994.68,0.1048,0,0,0,0,0,0
MC_s1_bola_TearsOfSteel,1789972994.785,0.1048,3052,3,1,132095718.0,460716250.0,2
MC_s1_bola_TearsOfSteel,1789972994.89,0.1047,4604,5,0,116645501.0,500736594.2,2
MC_s1_bola_TearsOfSteel,1789972995.002,0.1128,0,0,0,0,0,0
MC_s1_bola_TearsOfSteel,1789972995.107,0.1047,0,0,0,0,0,0
MC_s1_bola_TearsOfSteel,1789972995.212,0.1045,1500,1,0,122135783.0,468499672.0,1
MC_s1_bola_TearsOfSteel,1789972995.316,0.1045,3104,4,0,132479030.5,495012225.2,2
MC_s1_bola_TearsOfSteel,1789972995.421,0.1049,3052,3,0,124134438.3,502592709.8,2
MC_s1_bola_TearsOfSteel,1789972995.526,0.1046,1552,2,0,119443260.5,42201538.0,2
MC_s1_bola_TearsOfSteel,1789972995.63,0.1045,0,0,0,0,0,0
MC_s1_bola_TearsOfSteel,1789972995.735,0.1045,0,0,0,0,0,0
MC_s1_bola_TearsOfSteel,1789972995.839,0.1048,1552,2,0,127045564.5,487525508.6,2
MC_s1_bola_TearsOfSteel,1789972995.944,0.1046,4616,5,0,125144326.8,478050980.5,2
MC_s1_bola_TearsOfSteel,1789972996.049,0.1046,0,0,0,0,0,0
MC_s1_bola_TearsOfSteel,1789972996.153,0.1046,0,0,0,0,0,0
MC_s1_bola_TearsOfSteel,1789972996.258,0.1046,4692,6,0,130427112.0,374448914.0,2
MC_s1_bola_TearsOfSteel,1789972996.362,0.1045,1564,2,1,124934247.5,364521236.6,2
MC_s1_bola_TearsOfSteel,1789972996.467,0.1046,0,0,0,0,0,0
MC_s1_bola_TearsOfSteel,1789972996.572,0.1047,0,0,0,0,0,0
MC_s1_bola_TearsOfSteel,1789972996.676,0.1046,1552,2,1,138455388.0,494188910.1,2
MC_s1_bola_TearsOfSteel,1789972996.781,0.1045,3052,3,0,143166503.7,461336211.3,2
MC_s1_bola_TearsOfSteel,1789972996.885,0.1047,1552,2,0,136203576.0,495747103.3,2
MC_s1_bola_TearsOfSteel,1789972996.99,0.1047,0,0,0,0,0,0
MC_s1_bola_TearsOfSteel,1789972997.095,0.1047,0,0,0,0,0,0
MC_s1_bola_TearsOfSteel,1789972997.199,0.1046,1500,1,0,143664042.0,511236096.0,1
MC_s1_bola_TearsOfSteel,1789972997.304,0.1045,3104,4,0,156821222.0,494922110.1,2
MC_s1_bola_TearsOfSteel,1789972997.409,0.1048,3052,3,0,146750293.7,498465385.7,2
MC_s1_bola_TearsOfSteel,1789972997.513,0.1047,0,0,0,0,0,0
MC_s1_bola_TearsOfSteel,1789972997.618,0.1047,0,0,0,0,0,0
MC_s1_bola_TearsOfSteel,1789972997.723,0.1045,1500,1,0,153848401.0,459027378.0,1
MC_s1_bola_TearsOfSteel,1789972997.827,0.1048,3104,4,0,167573645.5,495032976.7,2
MC_s1_bola_TearsOfSteel,1789972997.933,0.1057,4552,4,0,148339707.2,505444983.8,2
MC_s1_bola_TearsOfSteel,1789972998.038,0.1046,52,1,0,161207836.0,45122316.0,1
MC_s1_bola_TearsOfSteel,1789972998.142,0.1046,0,0,0,0,0,0
MC_s1_bola_TearsOfSteel,1789972998.247,0.1045,1500,1,0,147718260.0,455838935.0,1
MC_s1_bola_TearsOfSteel,1789972998.352,0.1047,3104,4,0,158896055.5,494790287.4,2
MC_s1_bola_TearsOfSteel,1789972998.457,0.1051,3052,3,0,147491343.0,502376833.8,2
MC_s1_bola_TearsOfSteel,1789972998.561,0.1045,1552,2,0,145665889.0,493625401.0,2
MC_s1_bola_TearsOfSteel,1789972998.666,0.1047,0,0,0,0,0,0
MC_s1_bola_TearsOfSteel,1789972998.77,0.1046,1552,2,0,146239224.0,452973953.6,2
MC_s1_bola_TearsOfSteel,1789972998.875,0.1045,3052,3,0,144336290.7,502549064.0,2
MC_s1_bola_TearsOfSteel,1789972998.98,0.1046,3052,3,0,137865384.0,502581867.5,2
MC_s1_bola_TearsOfSteel,1789972999.084,0.1047,1552,2,0,139241254.0,497857684.3,2
MC_s1_bola_TearsOfSteel,1789972999.189,0.1046,0,0,0,0,0,0
MC_s1_bola_TearsOfSteel,1789972999.293,0.1046,1552,2,0,134614824.5,448220155.9,2
MC_s1_bola_TearsOfSteel,1789972999.398,0.1047,3052,3,0,131574047.0,502570817.8,2
MC_s1_bola_TearsOfSteel,1789972999.503,0.1046,3052,3,0,126441929.7,502507234.4,2
MC_s1_bola_TearsOfSteel,1789972999.607,0.1046,1500,1,0,123588898.0,507349082.0,1
MC_s1_bola_TearsOfSteel,1789972999.712,0.1046,1552,2,0,128463710.5,403646884.8,2
MC_s1_bola_TearsOfSteel,1789972999.817,0.1046,3104,4,0,122546240.0,453722864.7,2
MC_s1_bola_TearsOfSteel,1789972999.921,0.1047,3052,3,0,115167702.0,460536979.8,2
MC_s1_bola_TearsOfSteel,1789973000.034,0.113,0,0,0,0,0,0
MC_s1_bola_TearsOfSteel,1789973000.139,0.1047,3052,3,0,127921618.7,492211651.2,2
MC_s1_bola_TearsOfSteel,1789973000.244,0.1046,1500,1,0,123996649.0,460280833.0,1
MC_s1_bola_TearsOfSteel,1789973000.348,0.1046,3104,4,0,121258605.0,494971949.3,2
MC_s1_bola_TearsOfSteel,1789973000.455,0.107,3052,3,0,115017345.3,502289428.3,2
MC_s1_bola_TearsOfSteel,1789973000.56,0.1047,0,0,0,0,0,0
MC_s1_bola_TearsOfSteel,1789973000.665,0.1046,0,0,0,0,0,0
MC_s1_bola_TearsOfSteel,1789973000.769,0.1045,4616,5,0,131995755.8,514819919.5,2
MC_s1_bola_TearsOfSteel,1789973000.874,0.1045,3128,4,0,121669045.5,553964612.0,2
MC_s1_bola_TearsOfSteel,1789973000.978,0.1046,3128,4,0,117252872.5,553302024.0,2
MC_s1_bola_TearsOfSteel,1789973001.083,0.1047,0,0,0,0,0,0
MC_s1_bola_TearsOfSteel,1789973001.187,0.1046,3144,4,0,128874982.5,468564005.0,2
MC_s1_bola_TearsOfSteel,1789973001.292,0.1045,3128,4,1,118431232.0,408498281.7,2
MC_s1_bola_TearsOfSteel,1789973001.397,0.1047,3128,4,0,106588748.0,383330156.0,2
MC_s1_bola_TearsOfSteel,1789973001.501,0.1046,0,0,0,0,0,0
MC_s1_bola_TearsOfSteel,1789973001.606,0.1046,3052,3,1,108498249.3,376785934.8,2
MC_s1_bola_TearsOfSteel,1789973001.71,0.1045,3052,3,0,99272261.7,461352795.6,2
MC_s1_bola_TearsOfSteel,1789973001.815,0.1047,3104,4,0,92577410.5,454561437.3,2
MC_s1_bola_TearsOfSteel,1789973001.92,0.1047,1552,2,0,87492273.5,454830220.4,2
MC_s1_bola_TearsOfSteel,1789973002.024,0.1046,1500,1,0,86082243.0,468460191.0,1
MC_s1_bola_TearsOfSteel,1789973002.129,0.1047,3104,4,0,88491152.5,453673271.5,2
MC_s1_bola_TearsOfSteel,1789973002.234,0.1047,3052,3,0,83322656.3,493268934.2,2
MC_s1_bola_TearsOfSteel,1789973002.339,0.1049,3104,4,0,78726546.5,494817080.6,2
MC_s1_bola_TearsOfSteel,1789973002.445,0.1065,1552,2,0,76493339.0,442476778.7,2
MC_s1_bola_TearsOfSteel,1789973002.55,0.1048,0,0,0,0,0,0
MC_s1_bola_TearsOfSteel,1789973002.655,0.1047,4616,5,0,89359197.8,494259465.2,2
MC_s1_bola_TearsOfSteel,1789973002.759,0.1048,1564,2,0,86179607.0,466318463.0,2
MC_s1_bola_TearsOfSteel,1789973002.864,0.1046,4692,6,0,78674653.5,490444556.0,2
MC_s1_bola_TearsOfSteel,1789973002.969,0.1047,0,0,0,0,0,0
MC_s1_bola_TearsOfSteel,1789973003.073,0.1046,0,0,0,0,0,0
MC_s1_bola_TearsOfSteel,1789973003.178,0.1045,3128,4,0,102799052.0,553914354.0,2
MC_s1_bola_TearsOfSteel,1789973003.282,0.1045,3116,4,2,92851372.0,512781033.2,2
MC_s1_bola_TearsOfSteel,1789973003.387,0.1046,3064,3,0,88865871.3,501462816.3,2
MC_s1_bola_TearsOfSteel,1789973003.492,0.1047,0,0,0,0,0,0
MC_s1_bola_TearsOfSteel,1789973003.596,0.1047,0,0,0,0,0,0
MC_s1_bola_TearsOfSteel,1789973003.701,0.1046,3128,4,0,102025286.5,468615227.0,2
MC_s1_bola_TearsOfSteel,1789973003.805,0.1046,3128,4,0,89682596.5,511186300.0,2
MC_s1_bola_TearsOfSteel,1789973003.91,0.1048,3128,4,0,91819788.5,511297855.0,2
MC_s1_bola_TearsOfSteel,1789973004.015,0.1046,1552,2,1,88746398.0,497053.0,2
MC_s1_bola_TearsOfSteel,1789973004.119,0.1046,0,0,0,0,0,0
MC_s1_bola_TearsOfSteel,1789973004.224,0.1048,3052,3,0,96445439.3,482484163.9,2
MC_s1_bola_TearsOfSteel,1789973004.332,0.1076,1552,2,0,96186200.0,413155547.8,2
MC_s1_bola_TearsOfSteel,1789973004.437,0.1047,3104,4,0,86038297.0,454380885.8,2
MC_s1_bola_TearsOfSteel,1789973004.541,0.1046,0,0,0,0,0,0
MC_s1_bola_TearsOfSteel,1789973004.646,0.1047,1500,1,0,87503109.0,419403065.0,1
MC_s1_bola_TearsOfSteel,1789973004.751,0.1046,1604,3,0,93944457.7,402033693.9,2
MC_s1_bola_TearsOfSteel,1789973004.855,0.1046,3052,3,0,89881263.3,460537992.5,2
MC_s1_bola_TearsOfSteel,1789973004.96,0.1047,3052,3,0,82436112.3,460788821.3,2
MC_s1_bola_TearsOfSteel,1789973005.073,0.113,0,0,0,0,0,0
MC_s1_bola_TearsOfSteel,1789973005.178,0.1047,1500,1,0,89518678.0,504274417.0,1
MC_s1_bola_TearsOfSteel,1789973005.282,0.1046,1552,2,0,93680923.5,495944028.2,2
MC_s1_bola_TearsOfSteel,1789973005.387,0.1046,3104,4,0,94123052.0,536200026.0,2
MC_s1_bola_TearsOfSteel,1789973005.491,0.1047,3104,4,0,89946057.0,535308832.0,2
MC_s1_bola_TearsOfSteel,1789973005.596,0.1046,0,0,0,0,0,0
MC_s1_bola_TearsOfSteel,1789973005.701,0.1046,0,0,0,0,0,0
MC_s1_bola_TearsOfSteel,1789973005.805,0.1046,3040,3,0,108914291.7,528140696.5,2
MC_s1_bola_TearsOfSteel,1789973005.91,0.1048,3000,2,0,108801659.0,511223189.0,1
MC_s1_bola_TearsOfSteel,1789973006.015,0.1046,3052,3,0,99441492.0,498109824.5,1
MC_s1_bola_TearsOfSteel,1789973006.119,0.1047,0,0,0,0,0,0
MC_s1_bola_TearsOfSteel,1789973006.224,0.1046,0,0,0,0,0,0
MC_s1_bola_TearsOfSteel,1789973006.332,0.1081,0,0,0,0,0,0
MC_s1_bola_TearsOfSteel,1789973006.437,0.1048,0,0,0,0,0,0
MC_s1_bola_TearsOfSteel,1789973006.542,0.1047,509,1,0,1253068814.0,0,1
MC_s1_bola_TearsOfSteel,1789973006.646,0.1046,0,0,0,0,0,0
MC_s1_bola_TearsOfSteel,1789973006.751,0.1048,52,1,0,0.0,237706399.0,1
MC_s1_bola_TearsOfSteel,1789973006.856,0.1048,955,2,0,1861598047.5,18937662.0,2
MC_s1_bola_TearsOfSteel,1789973006.961,0.1047,0,0,0,0,0,0
MC_s1_bola_TearsOfSteel,1789973007.065,0.1049,0,0,0,0,0,0
MC_s1_bola_TearsOfSteel,1789973007.17,0.1048,1810,2,0,1757933004.0,252377517.4,2
MC_s1_bola_TearsOfSteel,1789973007.275,0.1048,0,0,0,0,0,0
MC_s1_bola_TearsOfSteel,1789973007.38,0.1048,0,0,0,0,0,0
MC_s1_bola_TearsOfSteel,1789973007.485,0.1048,0,0,0,0,0,0
MC_s1_bola_TearsOfSteel,1789973007.589,0.1048,0,0,0,0,0,0
MC_s1_bola_TearsOfSteel,1789973007.694,0.1048,0,0,0,0,0,0
MC_s1_bola_TearsOfSteel,1789973007.799,0.1048,0,0,0,0,0,0
MC_s1_bola_TearsOfSteel,1789973007.904,0.105,450,1,1,2167209207.0,0,1
MC_s1_bola_TearsOfSteel,1789973008.009,0.105,0,0,0,0,0,0
MC_s1_bola_TearsOfSteel,1789973008.114,0.1048,0,0,0,0,0,0
MC_s1_bola_TearsOfSteel,1789973008.219,0.1048,0,0,0,0,0,0
MC_s1_bola_TearsOfSteel,1789973008.323,0.1048,1628,3,0,1485236902.7,839548542.0,2
MC_s1_bola_TearsOfSteel,1789973008.428,0.1049,0,0,0,0,0,0
MC_s1_bola_TearsOfSteel,1789973008.533,0.1047,0,0,0,0,0,0
MC_s1_bola_TearsOfSteel,1789973008.638,0.1048,0,0,0,0,0,0
MC_s1_bola_TearsOfSteel,1789973008.743,0.1048,0,0,0,0,0,0
MC_s1_bola_TearsOfSteel,1789973008.847,0.1049,1564,2,1,1538794983.5,451594467.2,2
MC_s1_bola_TearsOfSteel,1789973008.954,0.1065,0,0,0,0,0,0
MC_s1_bola_TearsOfSteel,1789973009.059,0.105,0,0,0,0,0,0
MC_s1_bola_TearsOfSteel,1789973009.164,0.1049,0,0,0,0,0,0
MC_s1_bola_TearsOfSteel,1789973009.269,0.105,0,0,0,0,0,0
MC_s1_bola_TearsOfSteel,1789973009.373,0.1047,1564,2,1,1447882681.5,531273965.6,2
MC_s1_bola_TearsOfSteel,1789973009.478,0.1049,0,0,0,0,0,0
MC_s1_bola_TearsOfSteel,1789973009.583,0.1048,0,0,0,0,0,0
MC_s1_bola_TearsOfSteel,1789973009.688,0.1048,0,0,0,0,0,0
MC_s1_bola_TearsOfSteel,1789973009.793,0.1048,0,0,0,0,0,0
MC_s1_bola_TearsOfSteel,1789973009.898,0.1048,3144,4,2,1304374008.0,511233800.0,2
MC_s1_bola_TearsOfSteel,1789973010.002,0.1049,0,0,0,0,0,0
MC_s1_bola_TearsOfSteel,1789973010.115,0.1128,0,0,0,0,0,0
MC_s1_bola_TearsOfSteel,1789973010.22,0.1049,0,0,0,0,0,0
MC_s1_bola_TearsOfSteel,1789973010.325,0.1048,0,0,0,0,0,0
MC_s1_bola_TearsOfSteel,1789973010.43,0.105,3128,4,2,1198091249.5,490415099.1,2
MC_s1_bola_TearsOfSteel,1789973010.535,0.1053,0,0,0,0,0,0
MC_s1_bola_TearsOfSteel,1789973010.64,0.1049,0,0,0,0,0,0
MC_s1_bola_TearsOfSteel,1789973010.745,0.1047,0,0,0,0,0,0
MC_s1_bola_TearsOfSteel,1789973010.85,0.1048,0,0,0,0,0,0
MC_s1_bola_TearsOfSteel,1789973010.954,0.1049,3128,4,2,1112492333.0,531074736.8,2
MC_s1_bola_TearsOfSteel,1789973011.059,0.1048,0,0,0,0,0,0
MC_s1_bola_TearsOfSteel,1789973011.164,0.1049,0,0,0,0,0,0
MC_s1_bola_TearsOfSteel,1789973011.269,0.1048,0,0,0,0,0,0
MC_s1_bola_TearsOfSteel,1789973011.374,0.1047,3128,4,0,1034572942.5,468560820.0,2
MC_s1_bola_TearsOfSteel,1789973011.479,0.105,3128,4,0,919618844.0,0,2
MC_s1_bola_TearsOfSteel,1789973011.583,0.1049,0,0,0,0,0,0
MC_s1_bola_TearsOfSteel,1789973011.688,0.1048,0,0,0,0,0,0
MC_s1_bola_TearsOfSteel,1789973011.793,0.1048,0,0,0,0,0,0
MC_s1_bola_TearsOfSteel,1789973011.898,0.1047,3116,4,2,852065036.5,451204868.0,2
MC_s1_bola_TearsOfSteel,1789973012.003,0.1048,3052,3,0,721523613.0,461350233.1,2
MC_s1_bola_TearsOfSteel,1789973012.107,0.1048,0,0,0,0,0,0
MC_s1_bola_TearsOfSteel,1789973012.212,0.1048,0,0,0,0,0,0
MC_s1_bola_TearsOfSteel,1789973012.317,0.105,0,0,0,0,0,0
MC_s1_bola_TearsOfSteel,1789973012.422,0.1049,0,0,0,0,0,0
MC_s1_bola_TearsOfSteel,1789973012.527,0.1047,6272,8,0,659481194.5,553921983.0,2
MC_s1_bola_TearsOfSteel,1789973012.632,0.1049,0,0,0,0,0,0
MC_s1_bola_TearsOfSteel,1789973012.736,0.1047,0,0,0,0,0,0
MC_s1_bola_TearsOfSteel,1789973012.841,0.1047,0,0,0,0,0,0
MC_s1_bola_TearsOfSteel,1789973012.948,0.1067,4732,6,2,579626238.5,405095641.7,2
MC_s1_bola_TearsOfSteel,1789973013.053,0.1049,1564,2,1,543402304.5,672200.0,2
MC_s1_bola_TearsOfSteel,1789973013.157,0.1047,0,0,0,0,0,0
MC_s1_bola_TearsOfSteel,1789973013.262,0.1048,0,0,0,0,0,0
MC_s1_bola_TearsOfSteel,1789973013.367,0.1048,1552,2,1,528093799.5,452896439.2,2
MC_s1_bola_TearsOfSteel,1789973013.472,0.1048,4552,4,0,433072692.5,505358947.4,2
MC_s1_bola_TearsOfSteel,1789973013.577,0.1049,1552,2,0,458901214.0,495427796.4,2
MC_s1_bola_TearsOfSteel,1789973013.682,0.1049,0,0,0,0,0,0
MC_s1_bola_TearsOfSteel,1789973013.787,0.1049,0,0,0,0,0,0
MC_s1_bola_TearsOfSteel,1789973013.891,0.1049,4604,5,0,406264728.2,460458290.3,2
MC_s1_bola_TearsOfSteel,1789973013.996,0.105,3052,3,0,363125592.3,462608413.8,2
MC_s1_bola_TearsOfSteel,1789973014.101,0.105,1552,2,0,374340929.5,53357470.0,2
MC_s1_bola_TearsOfSteel,1789973014.207,0.105,0,0,0,0,0,0
MC_s1_bola_TearsOfSteel,1789973014.312,0.1051,0,0,0,0,0,0
MC_s1_bola_TearsOfSteel,1789973014.417,0.1051,1552,2,0,368049445.0,493271028.5,2
MC_s1_bola_TearsOfSteel,1789973014.522,0.105,6052,5,0,285007494.0,550935477.2,2
MC_s1_bola_TearsOfSteel,1789973014.627,0.1052,1604,3,0,341750122.7,472136767.2,2
MC_s1_bola_TearsOfSteel,1789973014.732,0.1051,0,0,0,0,0,0
MC_s1_bola_TearsOfSteel,1789973014.839,0.1072,0,0,0,0,0,0
MC_s1_bola_TearsOfSteel,1789973014.945,0.1062,1552,2,0,308821574.0,445559718.6,2
MC_s1_bola_TearsOfSteel,1789973015.05,0.1049,6104,6,0,256303974.3,502477811.1,2
MC_s1_bola_TearsOfSteel,1789973015.163,0.1132,1552,2,0,265472076.0,442646040.4,2
MC_s1_bola_TearsOfSteel,1789973015.268,0.105,0,0,0,0,0,0
MC_s1_bola_TearsOfSteel,1789973015.373,0.1048,0,0,0,0,0,0
MC_s1_bola_TearsOfSteel,1789973015.478,0.105,4604,5,0,245018401.0,474779715.4,2
MC_s1_bola_TearsOfSteel,1789973015.583,0.1048,3052,3,0,222083819.7,502535812.2,2
MC_s1_bola_TearsOfSteel,1789973015.688,0.105,0,0,0,0,0,0
MC_s1_bola_TearsOfSteel,1789973015.793,0.1049,0,0,0,0,0,0
MC_s1_bola_TearsOfSteel,1789973015.898,0.1049,1564,2,0,246423476.0,458110569.0,2
MC_s1_bola_TearsOfSteel,1789973016.003,0.105,3128,4,0,236902311.0,511306133.0,2
MC_s1_bola_TearsOfSteel,1789973016.108,0.105,3128,4,0,218547144.5,511155578.0,2
MC_s1_bola_TearsOfSteel,1789973016.213,0.1051,0,0,0,0,0,0
MC_s1_bola_TearsOfSteel,1789973016.318,0.105,0,0,0,0,0,0
MC_s1_bola_TearsOfSteel,1789973016.423,0.105,3116,4,2,225592253.0,430649358.0,2
MC_s1_bola_TearsOfSteel,1789973016.528,0.105,3104,4,0,200589391.5,371749296.3,2
MC_s1_bola_TearsOfSteel,1789973016.633,0.1051,0,0,0,0,0,0
MC_s1_bola_TearsOfSteel,1789973016.738,0.1051,0,0,0,0,0,0
MC_s1_bola_TearsOfSteel,1789973016.843,0.1049,3052,3,0,196499173.3,421071179.3,2
MC_s1_bola_TearsOfSteel,1789973016.95,0.1072,3052,3,0,187013592.0,423159189.8,2
MC_s1_bola_TearsOfSteel,1789973017.055,0.105,1552,2,0,188486003.5,414086977.4,2
MC_s1_bola_TearsOfSteel,1789973017.16,0.105,0,0,0,0,0,0
MC_s1_bola_TearsOfSteel,1789973017.265,0.1051,4552,4,0,170536606.0,369605570.1,2
MC_s1_bola_TearsOfSteel,1789973017.37,0.1051,3104,4,0,171030588.5,403274452.3,2
MC_s1_bola_TearsOfSteel,1789973017.475,0.1049,4604,5,0,149853658.2,309202841.6,2
MC_s1_bola_TearsOfSteel,1789973017.58,0.1051,3052,3,0,134717212.0,263969376.6,2
MC_s1_bola_TearsOfSteel,1789973017.685,0.105,3052,3,0,126912639.3,307020992.6,2
MC_s1_bola_TearsOfSteel,1789973017.79,0.1051,0,0,0,0,0,0
MC_s1_bola_TearsOfSteel,1789973017.895,0.1048,0,0,0,0,0,0
MC_s1_bola_TearsOfSteel,1789973018.0,0.1049,4604,5,0,139451941.4,486379274.4,2
MC_s1_bola_TearsOfSteel,1789973018.105,0.105,3052,3,0,130888385.0,502590269.7,2
MC_s1_bola_TearsOfSteel,1789973018.21,0.1052,3052,3,0,125030376.7,502612003.4,2
MC_s1_bola_TearsOfSteel,1789973018.315,0.1051,0,0,0,0,0,0
MC_s1_bola_TearsOfSteel,1789973018.421,0.1052,0,0,0,0,0,0
MC_s1_bola_TearsOfSteel,1789973018.526,0.1051,1552,2,0,140241906.0,497573406.5,2
MC_s1_bola_TearsOfSteel,1789973018.631,0.1051,6104,6,0,134311911.3,545485213.8,2
MC_s1_bola_TearsOfSteel,1789973018.736,0.1051,3052,3,0,128054024.7,546473446.0,2
MC_s1_bola_TearsOfSteel,1789973018.841,0.105,0,0,0,0,0,0
MC_s1_bola_TearsOfSteel,1789973018.949,0.1081,1500,1,0,123989003.0,424535460.0,1
MC_s1_bola_TearsOfSteel,1789973019.054,0.1048,3104,4,0,138730854.0,455716298.1,2
MC_s1_bola_TearsOfSteel,1789973019.159,0.1052,0,0,0,0,0,0
MC_s1_bola_TearsOfSteel,1789973019.264,0.1053,3052,3,0,136884628.3,546315029.7,2
MC_s1_bola_TearsOfSteel,1789973019.369,0.105,3052,3,0,132035940.0,546306750.7,2
MC_s1_bola_TearsOfSteel,1789973019.474,0.1052,1552,2,0,135021885.5,403622868.2,2
MC_s1_bola_TearsOfSteel,1789973019.58,0.1052,3052,3,0,126231649.3,462399081.5,2
MC_s1_bola_TearsOfSteel,1789973019.685,0.1051,0,0,0,0,0,0
MC_s1_bola_TearsOfSteel,1789973019.79,0.1051,3052,3,0,139057273.3,544379170.1,2
MC_s1_bola_TearsOfSteel,1789973019.895,0.1051,3052,3,0,135613795.7,544486450.5,2
MC_s1_bola_TearsOfSteel,1789973020.0,0.1051,4604,5,0,126093864.8,475821967.8,2
MC_s1_bola_TearsOfSteel,1789973020.105,0.1052,1552,2,0,123867639.0,47911874.0,2
MC_s1_bola_TearsOfSteel,1789973020.219,0.1133,0,0,0,0,0,0
MC_s1_bola_TearsOfSteel,1789973020.324,0.1052,3052,3,0,129035533.0,544349726.3,2
MC_s1_bola_TearsOfSteel,1789973020.429,0.1052,4552,4,0,120625578.8,502323149.8,2
MC_s1_bola_TearsOfSteel,1789973020.534,0.1051,3104,4,0,116489945.5,494988136.8,2
MC_s1_bola_TearsOfSteel,1789973020.639,0.1051,0,0,0,0,0,0
MC_s1_bola_TearsOfSteel,1789973020.744,0.1051,0,0,0,0,0,0
MC_s1_bola_TearsOfSteel,1789973020.849,0.1051,3128,4,0,142733749.5,553917891.0,2
MC_s1_bola_TearsOfSteel,1789973020.956,0.1064,1572,2,0,136474925.5,416213862.0,2
MC_s1_bola_TearsOfSteel,1789973021.061,0.1054,4716,6,0,122456634.5,468605634.0,2
MC_s1_bola_TearsOfSteel,1789973021.166,0.1051,0,0,0,0,0,0
MC_s1_bola_TearsOfSteel,1789973021.271,0.105,0,0,0,0,0,0
MC_s1_bola_TearsOfSteel,1789973021.376,0.105,0,0,0,0,0,0
MC_s1_bola_TearsOfSteel,1789973021.481,0.1052,3144,4,2,148943072.5,489887301.0,2
MC_s1_bola_TearsOfSteel,1789973021.587,0.1051,3128,4,1,130910761.5,511205726.0,2
MC_s1_bola_TearsOfSteel,1789973021.692,0.1051,0,0,0,0,0,0
MC_s1_bola_TearsOfSteel,1789973021.797,0.105,0,0,0,0,0,0
MC_s1_bola_TearsOfSteel,1789973021.902,0.105,0,0,0,0,0,0
MC_s1_bola_TearsOfSteel,1789973022.007,0.1052,4616,5,2,150065424.6,498444035.0,2
MC_s1_bola_TearsOfSteel,1789973022.112,0.1051,1552,2,0,143419217.5,495565767.3,2
MC_s1_bola_TearsOfSteel,1789973022.217,0.1051,0,0,0,0,0,0
MC_s1_bola_TearsOfSteel,1789973022.322,0.1052,0,0,0,0,0,0
MC_s1_bola_TearsOfSteel,1789973022.428,0.1052,3052,3,0,162113060.0,502570055.4,2
MC_s1_bola_TearsOfSteel,1789973022.533,0.1053,3052,3,0,158733312.7,544424671.7,2
MC_s1_bola_TearsOfSteel,1789973022.638,0.1052,4700,6,2,142063030.5,293368919.0,2
MC_s1_bola_TearsOfSteel,1789973022.743,0.1051,0,0,0,0,0,0
MC_s1_bola_TearsOfSteel,1789973022.848,0.1051,0,0,0,0,0,0
MC_s1_bola_TearsOfSteel,1789973022.955,0.1064,0,0,0,0,0,0
MC_s1_bola_TearsOfSteel,1789973023.06,0.1049,0,0,0,0,0,0
MC_s1_bola_TearsOfSteel,1789973023.165,0.1051,0,0,0,0,0,0
MC_s1_bola_TearsOfSteel,1789973023.27,0.105,0,0,0,0,0,0
MC_s1_bola_TearsOfSteel,1789973023.375,0.1051,0,0,0,0,0,0
MC_s1_bola_TearsOfSteel,1789973023.48,0.1053,1552,2,1,184207600.0,788621164.1,2
MC_s1_bola_TearsOfSteel,1789973023.585,0.1053,0,0,0,0,0,0
MC_s1_bola_TearsOfSteel,1789973023.691,0.1052,3052,3,0,209425277.0,175060379.2,2
MC_s1_bola_TearsOfSteel,1789973023.796,0.1052,0,0,0,0,0,0
MC_s1_bola_TearsOfSteel,1789973023.901,0.1052,3052,3,0,202709162.0,174342222.3,2
MC_s1_bola_TearsOfSteel,1789973024.006,0.1053,3052,3,0,198032361.3,188974371.0,2
MC_s1_bola_TearsOfSteel,1789973024.112,0.1053,0,0,0,0,0,0
MC_s1_bola_TearsOfSteel,1789973024.217,0.1054,6104,6,0,176076688.7,145167418.6,2
MC_s1_bola_TearsOfSteel,1789973024.322,0.1052,0,0,0,0,0,0
MC_s1_bola_TearsOfSteel,1789973024.428,0.1052,6104,6,0,161740115.0,217969382.0,2
MC_s1_bola_TearsOfSteel,1789973024.533,0.1053,6104,6,0,147165198.7,254446204.6,2
MC_s1_bola_TearsOfSteel,1789973024.638,0.1053,0,0,0,0,0,0
MC_s1_bola_TearsOfSteel,1789973024.744,0.1053,6104,6,0,137248901.7,254562170.4,2
MC_s1_bola_TearsOfSteel,1789973024.849,0.1053,0,0,0,0,0,0
MC_s1_bola_TearsOfSteel,1789973024.955,0.1058,6104,6,0,129384412.7,261819761.7,2
MC_s1_bola_TearsOfSteel,1789973025.06,0.1052,3052,3,0,132683988.0,334615748.1,2
MC_s1_bola_TearsOfSteel,1789973025.165,0.1054,3052,3,0,124791031.3,218088567.5,2
MC_s1_bola_TearsOfSteel,1789973025.279,0.1136,6104,6,0,121148489.0,283532979.1,2
MC_s1_bola_TearsOfSteel,1789973025.384,0.1052,0,0,0,0,0,0
MC_s1_bola_TearsOfSteel,1789973025.489,0.1053,6104,6,0,116612843.3,269004272.5,2
MC_s1_bola_TearsOfSteel,1789973025.595,0.1054,3052,3,0,118285997.3,305566371.3,2
MC_s1_bola_TearsOfSteel,1789973025.7,0.1055,3052,3,0,111327788.3,188894296.6,2
MC_s1_bola_TearsOfSteel,1789973025.806,0.1054,6104,6,0,107050226.3,239913449.9,2
MC_s1_bola_TearsOfSteel,1789973025.911,0.1052,0,0,0,0,0,0
MC_s1_bola_TearsOfSteel,1789973026.016,0.1054,6104,6,0,106883787.3,269070533.8,2
MC_s1_bola_TearsOfSteel,1789973026.121,0.1053,0,0,0,0,0,0
MC_s1_bola_TearsOfSteel,1789973026.227,0.1053,6104,6,0,106734392.7,283699160.3,2
MC_s1_bola_TearsOfSteel,1789973026.334,0.1076,6104,6,0,104968201.0,268979783.7,2
MC_s1_bola_TearsOfSteel,1789973026.44,0.1059,0,0,0,0,0,0
MC_s1_bola_TearsOfSteel,1789973026.546,0.1053,6104,6,0,103527270.7,261816371.5,2
MC_s1_bola_TearsOfSteel,1789973026.651,0.1053,0,0,0,0,0,0
MC_s1_bola_TearsOfSteel,1789973026.756,0.1052,6104,6,0,104001587.0,276396364.2,2
MC_s1_bola_TearsOfSteel,1789973026.861,0.1053,3052,3,0,106924484.7,320123888.3,2
MC_s1_bola_TearsOfSteel,1789973026.967,0.1053,3052,3,0,101075676.0,188917425.4,2
MC_s1_bola_TearsOfSteel,1789973027.072,0.1054,6104,6,0,100343642.7,254468878.3,2
MC_s1_bola_TearsOfSteel,1789973027.177,0.1052,52,1,0,121244561.0,0,1
MC_s1_bola_TearsOfSteel,1789973027.283,0.1053,6040,5,0,92271661.6,266322381.0,2
MC_s1_bola_TearsOfSteel,1789973027.388,0.1052,3052,3,0,83272263.0,224434683.0,1
MC_s1_bola_TearsOfSteel,1789973027.493,0.1053,0,0,0,0,0,0
MC_s1_bola_TearsOfSteel,1789973027.599,0.1054,0,0,0,0,0,0
MC_s1_bola_TearsOfSteel,1789973027.704,0.1052,0,0,0,0,0,0
MC_s1_bola_TearsOfSteel,1789973027.809,0.1052,0,0,0,0,0,0
MC_s1_bola_TearsOfSteel,1789973027.914,0.1053,0,0,0,0,0,0
MC_s1_bola_TearsOfSteel,1789973028.02,0.1053,0,0,0,0,0,0
MC_s1_bola_TearsOfSteel,1789973028.125,0.1053,60,1,0,0.0,0,1
MC_s1_bola_TearsOfSteel,1789973028.23,0.1055,0,0,0,0,0,0
MC_s1_bola_TearsOfSteel,1789973028.337,0.1067,618,3,0,5309042.7,12751771.7,2
MC_s1_bola_TearsOfSteel,1789973028.444,0.1069,1056,3,0,11711617.3,78391755.6,2
MC_s1_bola_TearsOfSteel,1789973028.549,0.1054,0,0,0,0,0,0
MC_s1_bola_TearsOfSteel,1789973028.655,0.1056,3052,3,0,25235044.7,172759213.9,2
MC_s1_bola_TearsOfSteel,1789973028.761,0.1056,3052,3,0,34145282.7,145456053.7,2
MC_s1_bola_TearsOfSteel,1789973028.866,0.1055,0,0,0,0,0,0
MC_s1_bola_TearsOfSteel,1789973028.972,0.1055,4552,4,0,42702604.2,175701086.1,2
MC_s1_bola_TearsOfSteel,1789973029.077,0.1057,3052,3,0,47932160.7,145272662.7,2
MC_s1_bola_TearsOfSteel,1789973029.183,0.1056,3052,3,0,47342820.0,588089.0,2
MC_s1_bola_TearsOfSteel,1789973029.289,0.1057,3052,3,0,58021514.3,188837215.2,2
MC_s1_bola_TearsOfSteel,1789973029.394,0.1056,3052,3,0,56768350.0,188876426.8,2
MC_s1_bola_TearsOfSteel,1789973029.5,0.1055,3052,3,0,64744368.7,159944163.7,2
MC_s1_bola_TearsOfSteel,1789973029.605,0.1054,0,0,0,0,0,0
MC_s1_bola_TearsOfSteel,1789973029.711,0.1055,3052,3,0,70032684.3,174722382.1,2
MC_s1_bola_TearsOfSteel,1789973029.816,0.1055,1500,1,0,88283252.0,0,1
MC_s1_bola_TearsOfSteel,1789973029.922,0.1055,3052,3,0,71463827.0,189523486.1,2
MC_s1_bola_TearsOfSteel,1789973030.027,0.1054,4552,4,0,77302794.8,190906695.9,2
MC_s1_bola_TearsOfSteel,1789973030.133,0.1056,1500,1,0,91423244.0,103081684.0,1
MC_s1_bola_TearsOfSteel,1789973030.238,0.1056,1552,2,0,65513776.0,15348518.0,2
MC_s1_bola_TearsOfSteel,1789973030.352,0.1133,3052,3,0,73089366.7,116327031.4,2
MC_s1_bola_TearsOfSteel,1789973030.457,0.1058,4552,4,0,73512058.5,131682372.5,2
MC_s1_bola_TearsOfSteel,1789973030.563,0.1053,7604,7,0,65415464.4,131502529.3,2
MC_s1_bola_TearsOfSteel,1789973030.668,0.1054,3052,3,0,66560342.3,130575187.9,2
MC_s1_bola_TearsOfSteel,1789973030.774,0.1055,4552,4,0,62275034.5,146440345.9,2
MC_s1_bola_TearsOfSteel,1789973030.879,0.1053,6104,6,0,61909460.0,152463884.9,2
MC_s1_bola_TearsOfSteel,1789973030.984,0.1054,1500,1,0,73642853.0,0,1
MC_s1_bola_TearsOfSteel,1789973031.09,0.1055,6104,6,0,63932128.0,189035026.6,2
MC_s1_bola_TearsOfSteel,1789973031.195,0.1055,3052,3,0,71738405.7,174386359.1,2
MC_s1_bola_TearsOfSteel,1789973031.301,0.1055,3052,3,0,69102962.7,174318372.0,2
MC_s1_bola_TearsOfSteel,1789973031.406,0.1055,4552,4,0,72784020.8,190292513.4,2
MC_s1_bola_TearsOfSteel,1789973031.512,0.1054,3052,3,0,70086928.3,188916715.6,2
MC_s1_bola_TearsOfSteel,1789973031.618,0.1059,7604,7,0,70593671.1,189781641.2,2
MC_s1_bola_TearsOfSteel,1789973031.723,0.1055,0,0,0,0,0,0
MC_s1_bola_TearsOfSteel,1789973031.831,0.1082,7604,7,0,71415995.3,189706205.6,2
MC_s1_bola_TearsOfSteel,1789973031.937,0.1053,3327,4,0,76917852.0,113384229.4,2
MC_s1_bola_TearsOfSteel,1789973032.042,0.1054,1797,2,0,77935204.5,74256997.8,2
MC_s1_bola_TearsOfSteel,1789973032.147,0.1054,3052,3,0,73412555.7,113724706.1,2
MC_s1_bola_TearsOfSteel,1789973032.253,0.1055,3052,3,0,70333723.3,492719.0,2
MC_s1_bola_TearsOfSteel,1789973032.358,0.1054,6104,6,0,71673826.3,174345571.7,2
MC_s1_bola_TearsOfSteel,1789973032.464,0.1054,6104,6,0,72723200.7,218036197.5,2
MC_s1_bola_TearsOfSteel,1789973032.569,0.1056,3052,3,0,76985166.3,261657657.0,2
MC_s1_bola_TearsOfSteel,1789973032.675,0.1055,3052,3,0,73558479.0,174351675.3,2
MC_s1_bola_TearsOfSteel,1789973032.78,0.1054,6104,6,0,74224950.3,218030215.5,2
MC_s1_bola_TearsOfSteel,1789973032.886,0.1053,3052,3,0,78324356.3,261810800.8,2
MC_s1_bola_TearsOfSteel,1789973032.991,0.1054,3052,3,0,74754544.7,174416180.9,2
MC_s1_bola_TearsOfSteel,1789973033.096,0.1055,6104,6,0,75177044.3,218037690.0,2
MC_s1_bola_TearsOfSteel,1789973033.202,0.1058,6104,6,0,75513274.0,218061371.4,2
MC_s1_bola_TearsOfSteel,1789973033.308,0.1056,3052,3,0,79478307.3,261719575.8,2
MC_s1_bola_TearsOfSteel,1789973033.413,0.1056,3052,3,0,75788355.0,174439585.1,2
MC_s1_bola_TearsOfSteel,1789973033.519,0.1054,3753,5,0,78345610.6,167725377.2,2
MC_s1_bola_TearsOfSteel,1789973033.625,0.1057,6104,6,0,77503887.0,113981503.8,2
MC_s1_bola_TearsOfSteel,1789973033.73,0.1056,3052,3,0,81299990.0,469867.0,2
MC_s1_bola_TearsOfSteel,1789973033.837,0.1065,3052,3,0,77452336.7,174342959.4,2
MC_s1_bola_TearsOfSteel,1789973033.942,0.1054,6104,6,0,77407715.7,218123308.8,2
MC_s1_bola_TearsOfSteel,1789973034.047,0.1054,3052,3,0,81212473.7,261804236.3,2
MC_s1_bola_TearsOfSteel,1789973034.153,0.1055,3052,3,0,77375182.3,174338433.1,2
MC_s1_bola_TearsOfSteel,1789973034.258,0.1055,6104,6,0,77338700.3,218077291.0,2
MC_s1_bola_TearsOfSteel,1789973034.364,0.1053,6104,6,0,77309225.0,218116136.6,2
MC_s1_bola_TearsOfSteel,1789973034.469,0.1054,3052,3,0,81113353.7,261814905.0,2
MC_s1_bola_TearsOfSteel,1789973034.575,0.1056,3052,3,0,77282583.3,174414909.7,2
MC_s1_bola_TearsOfSteel,1789973034.68,0.1055,6104,6,0,77275923.7,218024894.1,2
MC_s1_bola_TearsOfSteel,1789973034.786,0.1057,4996,5,0,79856738.6,193126051.6,2
MC_s1_bola_TearsOfSteel,1789973034.891,0.1053,0,0,0,0,0,0
MC_s1_bola_TearsOfSteel,1789973034.997,0.1053,6104,6,0,77992739.3,112825091.9,2
MC_s1_bola_TearsOfSteel,1789973035.102,0.1055,6104,6,0,77842511.3,174382698.0,2
MC_s1_bola_TearsOfSteel,1789973035.207,0.1054,3052,3,0,81593364.0,261834642.3,2
MC_s1_bola_TearsOfSteel,1789973035.313,0.1055,3052,3,0,77712746.3,174348384.5,2
MC_s1_bola_TearsOfSteel,1789973035.427,0.1136,6104,6,0,77619517.3,218001834.7,2
MC_s1_bola_TearsOfSteel,1789973035.532,0.1054,6104,6,0,77542994.0,218049237.4,2
MC_s1_bola_TearsOfSteel,1789973035.637,0.1054,3052,3,0,81333595.3,261728339.2,2
MC_s1_bola_TearsOfSteel,1789973035.743,0.1055,3052,3,0,77480586.3,174262051.1,2
MC_s1_bola_TearsOfSteel,1789973035.848,0.1053,6104,6,0,77428759.7,217978554.8,2
MC_s1_bola_TearsOfSteel,1789973035.955,0.1071,3052,3,0,81228292.7,261698242.1,2
MC_s1_bola_TearsOfSteel,1789973036.06,0.1052,3052,3,0,77385327.3,174250317.9,2
MC_s1_bola_TearsOfSteel,1789973036.166,0.1054,3864,5,0,79814905.4,168854802.7,2
MC_s1_bola_TearsOfSteel,1789973036.271,0.1054,1797,2,0,82629958.0,75169199.9,2
MC_s1_bola_TearsOfSteel,1789973036.377,0.1053,6104,6,0,74223975.7,113362782.5,2
MC_s1_bola_TearsOfSteel,1789973036.482,0.1053,3052,3,0,78342644.0,515996.0,2
MC_s1_bola_TearsOfSteel,1789973036.587,0.1054,3052,3,0,74785407.3,174384982.2,2
MC_s1_bola_TearsOfSteel,1789973036.693,0.1053,6104,6,0,75227826.7,218040744.6,2
MC_s1_bola_TearsOfSteel,1789973036.798,0.1054,6104,6,0,75587908.3,218015099.1,2
MC_s1_bola_TearsOfSteel,1789973036.903,0.1055,3052,3,0,79562314.7,261775236.1,2
MC_s1_bola_TearsOfSteel,1789973037.009,0.1054,3052,3,0,75874651.7,174350035.8,2
MC_s1_bola_TearsOfSteel,1789973037.114,0.1054,6104,6,0,76104328.7,218098024.1,2
MC_s1_bola_TearsOfSteel,1789973037.22,0.1054,3052,3,0,80024140.0,261714748.7,2
MC_s1_bola_TearsOfSteel,1789973037.325,0.1053,6104,6,0,75673287.7,196191763.6,2
MC_s1_bola_TearsOfSteel,1789973037.43,0.1056,12208,12,0,58870056.7,108742210.0,2
MC_s1_bola_TearsOfSteel,1789973037.536,0.1053,9156,9,0,49608808.0,86882608.8,2
MC_s1_bola_TearsOfSteel,1789973037.641,0.1053,11845,13,0,40058977.5,81598956.9,2
MC_s1_bola_TearsOfSteel,1789973037.746,0.1053,12208,12,0,34714428.0,56668006.5,2
MC_s1_bola_TearsOfSteel,1789973037.852,0.1053,9156,9,0,31570227.7,86875095.5,2
MC_s1_bola_TearsOfSteel,1789973037.959,0.1071,12208,12,0,28469202.7,86870920.1,2
MC_s1_bola_TearsOfSteel,1789973038.064,0.1054,12208,12,0,26239278.7,86933293.6,2
MC_s1_bola_TearsOfSteel,1789973038.17,0.1054,9156,9,0,24977646.0,86898626.8,2
MC_s1_bola_TearsOfSteel,1789973038.275,0.1057,12208,12,0,23779522.0,87272659.5,2
MC_s1_bola_TearsOfSteel,1789973038.381,0.1054,6104,6,0,23891503.3,92794350.0,2
MC_s1_bola_TearsOfSteel,1789973038.486,0.1055,5425,7,0,27451949.9,130195007.4,2
MC_s1_bola_TearsOfSteel,1789973038.592,0.1056,1798,2,0,28975321.0,53227941.1,2
MC_s1_bola_TearsOfSteel,1789973038.697,0.1056,6104,6,0,32988570.0,83966718.2,2
MC_s1_bola_TearsOfSteel,1789973038.803,0.1056,6104,6,0,37365839.7,145267222.3,2
MC_s1_bola_TearsOfSteel,1789973038.909,0.1057,6104,6,0,40905865.3,174347331.3,2
MC_s1_bola_TearsOfSteel,1789973039.014,0.1056,6104,6,0,43776527.7,174333915.4,2
MC_s1_bola_TearsOfSteel,1789973039.12,0.1056,6104,6,0,46111382.3,174326937.9,2
MC_s1_bola_TearsOfSteel,1789973039.226,0.1056,3052,3,0,49666001.0,203390287.2,2
MC_s1_bola_TearsOfSteel,1789973039.334,0.1081,6104,6,0,51402209.7,174402397.1,2
MC_s1_bola_TearsOfSteel,1789973039.44,0.106,6104,6,0,52822208.3,174309878.5,2
MC_s1_bola_TearsOfSteel,1789973039.545,0.1056,3052,3,0,50892412.7,145146181.7,2
MC_s1_bola_TearsOfSteel,1789973039.651,0.1058,6104,6,0,51982417.0,174248597.2,2
MC_s1_bola_TearsOfSteel,1789973039.757,0.1057,6104,6,0,52885920.3,174279220.3,2
MC_s1_bola_TearsOfSteel,1789973039.863,0.1056,6104,6,0,53636698.0,174360053.3,2
MC_s1_bola_TearsOfSteel,1789973039.968,0.1056,6104,6,0,54263181.3,174356920.3,2
MC_s1_bola_TearsOfSteel,1789973040.074,0.1055,6104,6,0,54788412.7,174321293.5,2
MC_s1_bola_TearsOfSteel,1789973040.179,0.1058,6104,6,0,55246650.0,174315198.1,2
MC_s1_bola_TearsOfSteel,1789973040.285,0.1056,3052,3,0,57994652.3,203436726.6,2
MC_s1_bola_TearsOfSteel,1789973040.391,0.1056,6104,6,0,58345925.0,174334962.7,2
MC_s1_bola_TearsOfSteel,1789973040.504,0.1137,6104,6,0,58622467.0,174288318.5,2
MC_s1_bola_TearsOfSteel,1789973040.61,0.1057,3052,3,0,56202774.3,145192488.5,2
MC_s1_bola_TearsOfSteel,1789973040.716,0.1057,6104,6,0,56452019.7,174161283.9,2
MC_s1_bola_TearsOfSteel,1789973040.821,0.1056,6104,6,0,56669503.7,174292155.0,2
MC_s1_bola_TearsOfSteel,1789973040.927,0.1058,6104,6,0,56852638.7,174341507.0,2
MC_s1_bola_TearsOfSteel,1789973041.033,0.1057,5566,7,0,55436236.3,155365645.1,2
MC_s1_bola_TearsOfSteel,1789973041.139,0.1057,1798,2,0,56290387.5,52396889.8,2
MC_s1_bola_TearsOfSteel,1789973041.244,0.1057,6104,6,0,53315974.0,83882922.0,2
MC_s1_bola_TearsOfSteel,1789973041.35,0.1056,6104,6,0,54177491.3,145148386.4,2
MC_s1_bola_TearsOfSteel,1789973041.456,0.1059,6104,6,0,54860678.0,174323985.5,2
MC_s1_bola_TearsOfSteel,1789973041.562,0.1058,6104,6,0,55405084.7,174370259.1,2
MC_s1_bola_TearsOfSteel,1789973041.667,0.1058,6104,6,0,55850285.0,174365153.5,2
MC_s1_bola_TearsOfSteel,1789973041.773,0.1056,3052,3,0,58590622.3,203502784.1,2
MC_s1_bola_TearsOfSteel,1789973041.879,0.1058,6104,6,0,58921134.7,174378315.0,2
MC_s1_bola_TearsOfSteel,1789973041.985,0.1057,3052,3,0,56519860.3,145235372.3,2
MC_s1_bola_TearsOfSteel,1789973042.09,0.1058,6104,6,0,56755814.3,174285608.2,2
MC_s1_bola_TearsOfSteel,1789973042.197,0.1062,6104,6,0,56949803.0,174332724.0,2
MC_s1_bola_TearsOfSteel,1789973042.302,0.1059,6104,6,0,57121336.7,174408523.4,2
MC_s1_bola_TearsOfSteel,1789973042.408,0.1058,6104,6,0,57260518.3,174296808.6,2
MC_s1_bola_TearsOfSteel,1789973042.514,0.1058,6104,6,0,57404064.3,174310217.5,2
MC_s1_bola_TearsOfSteel,1789973042.62,0.1056,6104,6,0,57507334.3,174093957.0,2
MC_s1_bola_TearsOfSteel,1789973042.725,0.1056,3052,3,0,60095730.0,203564924.0,2
MC_s1_bola_TearsOfSteel,1789973042.832,0.1068,6104,6,0,60154647.0,174404307.9,2
MC_s1_bola_TearsOfSteel,1789973042.938,0.1056,6104,6,0,60198192.7,174285375.6,2
MC_s1_bola_TearsOfSteel,1789973043.043,0.1057,9104,8,0,53620231.8,138055046.6,2
MC_s1_bola_TearsOfSteel,1789973043.149,0.1056,6156,7,0,48741662.7,106864580.6,2
MC_s1_bola_TearsOfSteel,1789973043.255,0.1057,6104,6,0,50504142.7,151263700.0,2
MC_s1_bola_TearsOfSteel,1789973043.36,0.1056,6104,6,0,51876926.0,174336590.9,2
MC_s1_bola_TearsOfSteel,1789973043.466,0.1057,3052,3,0,55002700.7,203453558.8,2
MC_s1_bola_TearsOfSteel,1789973043.572,0.1059,6104,6,0,55983642.7,174336101.2,2
MC_s1_bola_TearsOfSteel,1789973043.678,0.1058,3052,3,0,53853561.7,145297740.8,2
MC_s1_bola_TearsOfSteel,1789973043.783,0.1057,6104,6,0,54557484.0,174356946.5,2
MC_s1_bola_TearsOfSteel,1789973043.889,0.1056,6104,6,0,55144417.7,174340306.7,2
MC_s1_bola_TearsOfSteel,1789973043.995,0.1057,6104,6,0,55630834.3,174228431.7,2
MC_s1_bola_TearsOfSteel,1789973044.101,0.1058,3281,4,0,52155757.5,94172353.4,2
MC_s1_bola_TearsOfSteel,1789973044.206,0.1057,6052,5,0,50187564.2,84540794.5,2
MC_s1_bola_TearsOfSteel,1789973044.312,0.1057,3104,4,0,52473738.0,609311.0,2
MC_s1_bola_TearsOfSteel,1789973044.418,0.1058,3052,3,0,51570964.0,145921663.3,2
MC_s1_bola_TearsOfSteel,1789973044.524,0.1058,6104,6,0,59393670.0,233561935.6,2
MC_s1_bola_TearsOfSteel,1789973044.63,0.1059,0,0,0,0,0,0
MC_s1_bola_TearsOfSteel,1789973044.736,0.106,6104,6,0,65658064.3,262091763.8,2
MC_s1_bola_TearsOfSteel,1789973044.842,0.1061,3052,3,0,73434785.3,320018191.4,2
MC_s1_bola_TearsOfSteel,1789973044.949,0.1075,3052,3,0,70761512.7,203449288.6,2
MC_s1_bola_TearsOfSteel,1789973045.055,0.106,6104,6,0,74926155.7,261713733.8,2
MC_s1_bola_TearsOfSteel,1789973045.161,0.106,0,0,0,0,0,0
MC_s1_bola_TearsOfSteel,1789973045.267,0.1061,6104,6,0,78341572.3,261781586.4,2
MC_s1_bola_TearsOfSteel,1789973045.373,0.1057,3052,3,0,84905917.7,320144309.5,2
MC_s1_bola_TearsOfSteel,1789973045.479,0.106,3052,3,0,81146658.0,203498969.9,2
MC_s1_bola_TearsOfSteel,1789973045.593,0.1141,6104,6,0,83471552.3,261756063.7,2
MC_s1_bola_TearsOfSteel,1789973045.699,0.1059,0,0,0,0,0,0
MC_s1_bola_TearsOfSteel,1789973045.805,0.1059,6104,6,0,85402625.0,261812518.1,2
MC_s1_bola_TearsOfSteel,1789973045.911,0.1058,3052,3,0,91339123.3,320090431.3,2
MC_s1_bola_TearsOfSteel,1789973046.017,0.1059,3052,3,0,87016507.0,203518028.9,2
MC_s1_bola_TearsOfSteel,1789973046.123,0.1061,6104,6,0,88367763.0,261735383.9,2
MC_s1_bola_TearsOfSteel,1789973046.229,0.1065,0,0,0,0,0,0
MC_s1_bola_TearsOfSteel,1789973046.337,0.1074,6104,6,0,89510915.0,261800752.4,2
MC_s1_bola_TearsOfSteel,1789973046.444,0.1069,3052,3,0,95108790.7,320150269.3,2
MC_s1_bola_TearsOfSteel,1789973046.549,0.106,3052,3,0,90479359.0,203407774.8,2
MC_s1_bola_TearsOfSteel,1789973046.655,0.106,6104,6,0,91285518.0,261691216.0,2
MC_s1_bola_TearsOfSteel,1789973046.761,0.106,3052,3,0,93485506.3,288641130.5,2
MC_s1_bola_TearsOfSteel,1789973046.867,0.1058,3052,3,0,88407444.7,172076613.8,2
MC_s1_bola_TearsOfSteel,1789973046.973,0.1058,6104,6,0,89667277.0,245987336.9,2
MC_s1_bola_TearsOfSteel,1789973047.079,0.106,0,0,0,0,0,0
MC_s1_bola_TearsOfSteel,1789973047.185,0.1059,2260,4,0,97797575.0,244081140.3,2
MC_s1_bola_TearsOfSteel,1789973047.291,0.1061,6104,6,0,92572729.3,120903083.4,2
MC_s1_bola_TearsOfSteel,1789973047.397,0.106,6104,6,0,86406507.3,145285569.5,2
MC_s1_bola_TearsOfSteel,1789973047.503,0.1059,6104,6,0,81438529.0,174341353.5,2
MC_s1_bola_TearsOfSteel,1789973047.609,0.1059,3052,3,0,81874053.3,203509511.6,2
MC_s1_bola_TearsOfSteel,1789973047.715,0.1059,6104,6,0,78255726.7,174425377.6,2
MC_s1_bola_TearsOfSteel,1789973047.821,0.1059,6104,6,0,75301608.7,174412881.4,2
MC_s1_bola_TearsOfSteel,1789973047.927,0.1059,3052,3,0,71486587.3,145353484.1,2
MC_s1_bola_TearsOfSteel,1789973048.032,0.1059,6104,6,0,69298406.3,174369389.2,2
MC_s1_bola_TearsOfSteel,1789973048.138,0.1057,6104,6,0,67528194.3,174216994.6,2
MC_s1_bola_TearsOfSteel,1789973048.244,0.106,6104,6,0,66057929.7,174274451.8,2
MC_s1_bola_TearsOfSteel,1789973048.35,0.1059,3052,3,0,67969133.3,203418023.7,2
MC_s1_bola_TearsOfSteel,1789973048.456,0.1064,3052,3,0,68392075.7,203436060.1,2
MC_s1_bola_TearsOfSteel,1789973048.563,0.1061,6104,6,0,68833236.0,261858988.8,2
MC_s1_bola_TearsOfSteel,1789973048.669,0.106,43080,44,4,17896122.1,34698943.8,2
MC_s1_bola_TearsOfSteel,1789973048.775,0.106,394225,313,0,315182.9,237909.4,2
MC_s1_bola_TearsOfSteel,1789973048.88,0.1058,0,0,0,0,0,0
MC_s1_bola_TearsOfSteel,1789973048.986,0.1059,0,0,0,0,0,0
MC_s1_bola_TearsOfSteel,1789973049.092,0.106,0,0,0,0,0,0
MC_s1_bola_TearsOfSteel,1789973049.198,0.106,0,0,0,0,0,0
MC_s1_bola_TearsOfSteel,1789973049.304,0.106,0,0,0,0,0,0
MC_s1_bola_TearsOfSteel,1789973049.41,0.1058,0,0,0,0,0,0
MC_s1_bola_TearsOfSteel,1789973049.516,0.1059,0,0,0,0,0,0
MC_s1_bola_TearsOfSteel,1789973049.622,0.106,0,0,0,0,0,0
MC_s1_bola_TearsOfSteel,1789973049.729,0.1065,0,0,0,0,0,0
MC_s1_bola_TearsOfSteel,1789973049.836,0.1074,0,0,0,0,0,0
MC_s1_bola_TearsOfSteel,1789973049.942,0.1058,0,0,0,0,0,0
MC_s1_bola_TearsOfSteel,1789973050.048,0.1058,0,0,0,0,0,0
MC_s1_bola_TearsOfSteel,1789973050.154,0.1061,0,0,0,0,0,0
MC_s1_bola_TearsOfSteel,1789973050.26,0.1059,0,0,0,0,0,0
MC_s1_bola_TearsOfSteel,1789973050.365,0.1058,0,0,0,0,0,0
MC_s1_bola_TearsOfSteel,1789973050.471,0.1058,0,0,0,0,0,0
MC_s1_bola_TearsOfSteel,1789973050.577,0.1059,0,0,0,0,0,0
MC_s1_bola_TearsOfSteel,1789973050.691,0.114,0,0,0,0,0,0
MC_s1_bola_TearsOfSteel,1789973050.797,0.1061,0,0,0,0,0,0
MC_s1_bola_TearsOfSteel,1789973050.903,0.1058,0,0,0,0,0,0
MC_s1_bola_TearsOfSteel,1789973051.009,0.1058,0,0,0,0,0,0
MC_s1_bola_TearsOfSteel,1789973051.115,0.106,0,0,0,0,0,0
MC_s1_bola_TearsOfSteel,1789973051.221,0.106,0,0,0,0,0,0
MC_s1_bola_TearsOfSteel,1789973051.327,0.1061,0,0,0,0,0,0
MC_s1_bola_TearsOfSteel,1789973051.433,0.1062,0,0,0,0,0,0
MC_s1_bola_TearsOfSteel,1789973051.539,0.1059,0,0,0,0,0,0
MC_s1_bola_TearsOfSteel,1789973051.645,0.1059,0,0,0,0,0,0
MC_s1_bola_TearsOfSteel,1789973051.751,0.1058,0,0,0,0,0,0
MC_s1_bola_TearsOfSteel,1789973051.857,0.1058,0,0,0,0,0,0
MC_s1_bola_TearsOfSteel,1789973051.962,0.1058,0,0,0,0,0,0
MC_s1_bola_TearsOfSteel,1789973052.069,0.1061,0,0,0,0,0,0
MC_s1_bola_TearsOfSteel,1789973052.175,0.1059,0,0,0,0,0,0
MC_s1_bola_TearsOfSteel,1789973052.28,0.1059,0,0,0,0,0,0
MC_s1_bola_TearsOfSteel,1789973052.386,0.1059,6501,6,0,403891628.3,82803803.6,2
MC_s1_bola_TearsOfSteel,1789973052.492,0.1059,7604,7,0,314402648.7,25238808.5,2
MC_s1_bola_TearsOfSteel,1789973052.598,0.106,7604,7,0,252184733.6,86873412.6,2
MC_s1_bola_TearsOfSteel,1789973052.704,0.1059,7604,7,0,207416785.7,123937248.5,2
MC_s1_bola_TearsOfSteel,1789973052.81,0.1063,6104,6,0,187401891.7,156407250.4,2
MC_s1_bola_TearsOfSteel,1789973052.916,0.106,7604,7,0,154299077.9,122152343.0,2
MC_s1_bola_TearsOfSteel,1789973053.022,0.1059,9104,8,0,126354908.0,126686689.1,2
MC_s1_bola_TearsOfSteel,1789973053.128,0.106,4552,4,0,121048732.8,131081075.2,2
MC_s1_bola_TearsOfSteel,1789973053.234,0.1059,13656,12,0,93739508.2,107663576.5,2
MC_s1_bola_TearsOfSteel,1789973053.34,0.1061,9104,8,0,82815190.0,104640244.9,2
MC_s1_bola_TearsOfSteel,1789973053.449,0.1089,9104,8,0,74544421.8,104716421.4,2
MC_s1_bola_TearsOfSteel,1789973053.555,0.1058,9104,8,0,68187225.0,104754353.3,2
MC_s1_bola_TearsOfSteel,1789973053.661,0.106,9104,8,0,63215546.0,104747481.9,2
MC_s1_bola_TearsOfSteel,1789973053.767,0.106,9104,8,0,59261313.2,104766923.8,2
MC_s1_bola_TearsOfSteel,1789973053.873,0.1057,9104,8,0,56069390.2,104771541.3,2
MC_s1_bola_TearsOfSteel,1789973053.979,0.1058,9104,8,0,53451249.0,104694565.6,2
MC_s1_bola_TearsOfSteel,1789973054.085,0.106,262,2,0,71946197.5,74200468.0,2
MC_s1_bola_TearsOfSteel,1789973054.191,0.106,0,0,0,0,0,0
MC_s1_bola_TearsOfSteel,1789973054.297,0.1061,0,0,0,0,0,0
MC_s1_bola_TearsOfSteel,1789973054.403,0.1064,0,0,0,0,0,0
MC_s1_bola_TearsOfSteel,1789973054.509,0.1059,0,0,0,0,0,0
MC_s1_bola_TearsOfSteel,1789973054.615,0.106,0,0,0,0,0,0
MC_s1_bola_TearsOfSteel,1789973054.722,0.1063,0,0,0,0,0,0
MC_s1_bola_TearsOfSteel,1789973054.828,0.1063,0,0,0,0,0,0
MC_s1_bola_TearsOfSteel,1789973054.934,0.1058,0,0,0,0,0,0
MC_s1_bola_TearsOfSteel,1789973055.04,0.1062,0,0,0,0,0,0
MC_s1_bola_TearsOfSteel,1789973055.146,0.1061,0,0,0,0,0,0
MC_s1_bola_TearsOfSteel,1789973055.252,0.1061,0,0,0,0,0,0
MC_s1_bola_TearsOfSteel,1789973055.358,0.1059,0,0,0,0,0,0
MC_s1_bola_TearsOfSteel,1789973055.464,0.106,0,0,0,0,0,0
MC_s1_bola_TearsOfSteel,1789973055.57,0.1061,0,0,0,0,0,0
MC_s1_bola_TearsOfSteel,1789973055.677,0.1065,0,0,0,0,0,0
MC_s1_bola_TearsOfSteel,1789973055.782,0.1058,0,0,0,0,0,0
MC_s1_bola_TearsOfSteel,1789973055.888,0.1058,0,0,0,0,0,0
MC_s1_bola_TearsOfSteel,1789973055.994,0.1059,0,0,0,0,0,0
MC_s1_bola_TearsOfSteel,1789973056.1,0.106,0,0,0,0,0,0
MC_s1_bola_TearsOfSteel,1789973056.206,0.1061,0,0,0,0,0,0
MC_s1_bola_TearsOfSteel,1789973056.312,0.106,0,0,0,0,0,0
MC_s1_bola_TearsOfSteel,1789973056.418,0.106,0,0,0,0,0,0
MC_s1_bola_TearsOfSteel,1789973056.524,0.1059,0,0,0,0,0,0
MC_s1_bola_TearsOfSteel,1789973056.63,0.1061,449,1,0,252047808.0,0,1
MC_s1_bola_TearsOfSteel,1789973056.736,0.1059,9104,8,0,294551030.8,61647462.7,2
MC_s1_bola_TearsOfSteel,1789973056.842,0.1058,9104,8,0,227822031.2,104736665.6,2
MC_s1_bola_TearsOfSteel,1789973056.95,0.1085,9104,8,0,181509924.5,113453847.9,2
MC_s1_bola_TearsOfSteel,1789973057.056,0.1059,9104,8,0,146670331.2,95961761.2,2
MC_s1_bola_TearsOfSteel,1789973057.162,0.1059,9104,8,0,123277516.8,113522474.8,2
MC_s1_bola_TearsOfSteel,1789973057.268,0.1061,9104,8,0,107042933.2,122188773.4,2
MC_s1_bola_TearsOfSteel,1789973057.374,0.1058,9104,8,0,94979928.5,122267442.1,2
MC_s1_bola_TearsOfSteel,1789973057.48,0.1058,9104,8,0,84102190.2,104676201.9,2
MC_s1_bola_TearsOfSteel,1789973057.586,0.106,9104,8,0,75810431.2,104682333.9,2
MC_s1_bola_TearsOfSteel,1789973057.692,0.1063,9104,8,0,69436620.5,105230239.6,2
MC_s1_bola_TearsOfSteel,1789973057.798,0.1061,4552,4,0,71069703.5,122625680.7,2
MC_s1_bola_TearsOfSteel,1789973057.904,0.1061,4552,4,0,66187668.8,122745473.3,2
MC_s1_bola_TearsOfSteel,1789973058.01,0.106,9104,8,0,63434939.8,122327427.9,2
MC_s1_bola_TearsOfSteel,1789973058.116,0.1062,9104,8,0,61122992.5,122316706.7,2
MC_s1_bola_TearsOfSteel,1789973058.223,0.1061,9104,8,0,59165542.8,122318752.9,2
MC_s1_bola_TearsOfSteel,1789973058.331,0.1084,8388,8,0,57193096.0,120043328.7,2
MC_s1_bola_TearsOfSteel,1789973058.437,0.1061,0,0,0,0,0,0
MC_s1_bola_TearsOfSteel,1789973058.543,0.106,0,0,0,0,0,0
MC_s1_bola_TearsOfSteel,1789973058.649,0.1061,0,0,0,0,0,0
MC_s1_bola_TearsOfSteel,1789973058.756,0.1065,0,0,0,0,0,0
MC_s1_bola_TearsOfSteel,1789973058.862,0.1059,0,0,0,0,0,0
MC_s1_bola_TearsOfSteel,1789973058.968,0.106,0,0,0,0,0,0
MC_s1_bola_TearsOfSteel,1789973059.074,0.1063,0,0,0,0,0,0
MC_s1_bola_TearsOfSteel,1789973059.18,0.1063,0,0,0,0,0,0
MC_s1_bola_TearsOfSteel,1789973059.286,0.1061,0,0,0,0,0,0
MC_s1_bola_TearsOfSteel,1789973059.392,0.1061,0,0,0,0,0,0
MC_s1_bola_TearsOfSteel,1789973059.498,0.106,0,0,0,0,0,0
MC_s1_bola_TearsOfSteel,1789973059.605,0.1062,0,0,0,0,0,0
MC_s1_bola_TearsOfSteel,1789973059.711,0.1061,0,0,0,0,0,0
MC_s1_bola_TearsOfSteel,1789973059.817,0.1061,0,0,0,0,0,0
MC_s1_bola_TearsOfSteel,1789973059.923,0.1061,0,0,0,0,0,0
MC_s1_bola_TearsOfSteel,1789973060.029,0.106,0,0,0,0,0,0
MC_s1_bola_TearsOfSteel,1789973060.135,0.1062,0,0,0,0,0,0
MC_s1_bola_TearsOfSteel,1789973060.241,0.1061,0,0,0,0,0,0
MC_s1_bola_TearsOfSteel,1789973060.347,0.106,0,0,0,0,0,0
MC_s1_bola_TearsOfSteel,1789973060.455,0.1078,449,1,0,235076318.0,0,1
MC_s1_bola_TearsOfSteel,1789973060.561,0.1062,4552,4,0,293798431.2,117841682.9,2
MC_s1_bola_TearsOfSteel,1789973060.667,0.1062,6104,6,0,254228657.3,104189351.1,2
MC_s1_bola_TearsOfSteel,1789973060.775,0.1082,6104,6,0,219818068.3,121607294.2,2
MC_s1_bola_TearsOfSteel,1789973060.882,0.1061,7604,7,0,180361414.6,130891568.6,2
MC_s1_bola_TearsOfSteel,1789973060.988,0.106,4552,4,0,164083502.8,130995329.5,2
MC_s1_bola_TearsOfSteel,1789973061.093,0.1059,3052,3,0,166012647.3,104152017.4,2
MC_s1_bola_TearsOfSteel,1789973061.2,0.1061,3052,3,0,153743987.7,499701.0,2
MC_s1_bola_TearsOfSteel,1789973061.306,0.106,6104,6,0,139276846.7,121566923.0,2
MC_s1_bola_TearsOfSteel,1789973061.412,0.106,3052,3,0,136724228.7,113028184.3,2
MC_s1_bola_TearsOfSteel,1789973061.518,0.1061,3052,3,0,132867406.0,121759697.5,2
MC_s1_bola_TearsOfSteel,1789973061.624,0.1062,4552,4,0,118734870.8,131323590.2,2
MC_s1_bola_TearsOfSteel,1789973061.73,0.1061,4552,4,0,112746338.5,131200099.0,2
MC_s1_bola_TearsOfSteel,1789973061.837,0.1072,0,0,0,0,0,0
MC_s1_bola_TearsOfSteel,1789973061.945,0.1075,4552,4,0,107491433.8,131241554.8,2
MC_s1_bola_TearsOfSteel,1789973062.051,0.106,3052,3,0,111385126.3,112979267.9,2
MC_s1_bola_TearsOfSteel,1789973062.157,0.1062,3052,3,0,109363567.7,121795605.3,2
MC_s1_bola_TearsOfSteel,1789973062.263,0.1061,4552,4,0,100753276.8,131300549.6,2
MC_s1_bola_TearsOfSteel,1789973062.369,0.106,4552,4,0,95949783.0,122471526.4,2
MC_s1_bola_TearsOfSteel,1789973062.475,0.106,1500,1,0,87897252.0,0,1
MC_s1_bola_TearsOfSteel,1789973062.581,0.1062,6104,6,0,88052104.3,113107333.1,2
MC_s1_bola_TearsOfSteel,1789973062.687,0.1061,7604,7,0,79484506.0,126534740.7,2
MC_s1_bola_TearsOfSteel,1789973062.793,0.106,6104,6,0,79303079.3,125924467.9,2
MC_s1_bola_TearsOfSteel,1789973062.9,0.1062,3052,3,0,82048599.7,112878414.5,2
MC_s1_bola_TearsOfSteel,1789973063.006,0.106,3052,3,0,81538621.3,104323549.2,2
MC_s1_bola_TearsOfSteel,1789973063.112,0.1063,4552,4,0,78009400.2,131254595.8,2
MC_s1_bola_TearsOfSteel,1789973063.218,0.1063,0,0,0,0,0,0
MC_s1_bola_TearsOfSteel,1789973063.324,0.1063,4552,4,0,76873367.8,131288350.4,2
MC_s1_bola_TearsOfSteel,1789973063.431,0.1067,4552,4,0,75761882.8,131246151.2,2
MC_s1_bola_TearsOfSteel,1789973063.537,0.106,3052,3,0,78191406.7,112964782.4,2
MC_s1_bola_TearsOfSteel,1789973063.643,0.1063,3052,3,0,79776874.3,130505805.8,2
MC_s1_bola_TearsOfSteel,1789973063.75,0.1062,4552,4,0,76180075.8,107480736.8,2
MC_s1_bola_TearsOfSteel,1789973063.856,0.1062,2593,3,0,75697489.0,101718733.5,2
MC_s1_bola_TearsOfSteel,1789973063.962,0.1065,0,0,0,0,0,0
MC_s1_bola_TearsOfSteel,1789973064.069,0.1064,0,0,0,0,0,0
MC_s1_bola_TearsOfSteel,1789973064.175,0.1063,0,0,0,0,0,0
MC_s1_bola_TearsOfSteel,1789973064.281,0.1063,0,0,0,0,0,0
MC_s1_bola_TearsOfSteel,1789973064.388,0.1063,449,1,0,88880001.0,0,1
MC_s1_bola_TearsOfSteel,1789973064.494,0.1062,6104,6,0,121529534.7,100897002.0,2
MC_s1_bola_TearsOfSteel,1789973064.6,0.1064,3052,3,0,119354682.7,121608447.9,2
MC_s1_bola_TearsOfSteel,1789973064.707,0.1063,3052,3,0,110260325.7,121620286.7,2
MC_s1_bola_TearsOfSteel,1789973064.813,0.1062,7604,7,0,96773490.9,126493427.4,2
MC_s1_bola_TearsOfSteel,1789973064.919,0.1063,6104,6,0,91114052.0,126293413.1,2
MC_s1_bola_TearsOfSteel,1789973065.025,0.1061,4552,4,0,86856080.8,113681026.8,2
MC_s1_bola_TearsOfSteel,1789973065.131,0.1064,4552,4,0,82772929.0,113735174.3,2
MC_s1_bola_TearsOfSteel,1789973065.238,0.1063,4552,4,0,80126742.8,122526703.3,2
MC_s1_bola_TearsOfSteel,1789973065.344,0.1061,3052,3,0,80871203.0,95467264.8,2
MC_s1_bola_TearsOfSteel,1789973065.452,0.1086,3052,3,0,81693807.0,121841775.4,2
MC_s1_bola_TearsOfSteel,1789973065.559,0.1062,0,0,0,0,0,0
MC_s1_bola_TearsOfSteel,1789973065.665,0.1059,4552,4,0,79400440.8,131324364.6,2
MC_s1_bola_TearsOfSteel,1789973065.779,0.1143,4552,4,0,77445978.2,131182436.5,2
MC_s1_bola_TearsOfSteel,1789973065.885,0.1061,4552,4,0,75701379.0,131299736.4,2
MC_s1_bola_TearsOfSteel,1789973065.991,0.1061,4552,4,0,74136364.8,131178870.5,2
MC_s1_bola_TearsOfSteel,1789973066.098,0.1064,1500,1,0,80388805.0,0,1
MC_s1_bola_TearsOfSteel,1789973066.204,0.1063,3052,3,0,71165638.7,130086183.6,2
MC_s1_bola_TearsOfSteel,1789973066.31,0.1061,3052,3,0,72807259.7,113038508.0,2
MC_s1_bola_TearsOfSteel,1789973066.416,0.1061,3052,3,0,72205685.7,97784235.7,2
MC_s1_bola_TearsOfSteel,1789973066.522,0.1062,1552,2,0,69346403.5,54389390.0,2
MC_s1_bola_TearsOfSteel,1789973066.629,0.1063,3052,3,0,73555158.7,76408244.0,2
MC_s1_bola_TearsOfSteel,1789973066.735,0.1063,3052,3,0,73336693.3,95629736.2,2
MC_s1_bola_TearsOfSteel,1789973066.842,0.1066,3052,3,0,72693085.0,104380368.1,2
MC_s1_bola_TearsOfSteel,1789973066.95,0.1086,3052,3,0,72060376.7,104361765.2,2
MC_s1_bola_TearsOfSteel,1789973067.056,0.1061,3052,3,0,71441321.3,104381639.1,2
MC_s1_bola_TearsOfSteel,1789973067.163,0.1063,3052,3,0,70837799.3,104369199.5,2
MC_s1_bola_TearsOfSteel,1789973067.269,0.1062,4552,4,0,70638143.5,113793557.2,2
MC_s1_bola_TearsOfSteel,1789973067.375,0.1061,4552,4,0,67711844.0,113674713.4,2
MC_s1_bola_TearsOfSteel,1789973067.481,0.1062,4552,4,0,65227534.8,113641693.8,2
MC_s1_bola_TearsOfSteel,1789973067.588,0.1064,3052,3,0,58582296.3,18258852.0,2
MC_s1_bola_TearsOfSteel,1789973067.694,0.1062,7604,7,0,57167041.1,126474222.1,2
MC_s1_bola_TearsOfSteel,1789973067.8,0.1062,6104,6,0,57484883.0,125768019.4,2
MC_s1_bola_TearsOfSteel,1789973067.906,0.1063,4552,4,0,59478865.0,113641974.8,2
MC_s1_bola_TearsOfSteel,1789973068.012,0.1061,4552,4,0,58715560.2,111638945.5,2
MC_s1_bola_TearsOfSteel,1789973068.119,0.1064,1214,2,0,55556237.5,3844236.0,2
MC_s1_bola_TearsOfSteel,1789973068.225,0.1062,1798,2,0,54407318.5,97225713.3,2
MC_s1_bola_TearsOfSteel,1789973068.334,0.1085,3052,3,0,56733543.7,118562586.0,2
MC_s1_bola_TearsOfSteel,1789973068.44,0.1063,0,0,0,0,0,0
MC_s1_bola_TearsOfSteel,1789973068.546,0.1062,3052,3,0,59720826.0,112761557.9,2
MC_s1_bola_TearsOfSteel,1789973068.652,0.1062,3052,3,0,62808695.0,130542403.4,2
MC_s1_bola_TearsOfSteel,1789973068.758,0.1062,1552,2,0,58159193.5,44270507.0,2
MC_s1_bola_TearsOfSteel,1789973068.865,0.1062,3000,2,0,76974021.0,97682976.0,1
MC_s1_bola_TearsOfSteel,1789973068.971,0.1062,52,1,0,40732349.0,9381647.0,1
MC_s1_bola_TearsOfSteel,1789973069.077,0.1065,6713,10,0,41003290.5,88517765.2,4
MC_s1_bola_TearsOfSteel,1789973069.184,0.1065,52,1,0,0.0,114891779.0,1
MC_s1_bola_TearsOfSteel,1789973069.29,0.1066,3052,3,0,8692639.7,688311.0,2
MC_s1_bola_TearsOfSteel,1789973069.397,0.1064,3052,3,0,17015730.0,112860998.9,2
MC_s1_bola_TearsOfSteel,1789973069.503,0.1064,4552,4,0,24513598.5,131246869.1,2
MC_s1_bola_TearsOfSteel,1789973069.61,0.1066,3052,3,0,30767050.3,121516919.5,2
MC_s1_bola_TearsOfSteel,1789973069.716,0.1064,6104,6,0,34082041.0,86549873.0,2
MC_s1_bola_TearsOfSteel,1789973069.823,0.1064,6104,6,0,37502083.3,104021465.5,2
MC_s1_bola_TearsOfSteel,1789973069.929,0.1064,7604,7,0,38957837.6,113432737.4,2
MC_s1_bola_TearsOfSteel,1789973070.035,0.1064,7604,7,0,38615913.4,98976977.9,2
MC_s1_bola_TearsOfSteel,1789973070.142,0.1064,6104,6,0,42165335.7,117219612.6,2
MC_s1_bola_TearsOfSteel,1789973070.248,0.1064,7604,7,0,43226216.9,120490591.1,2
MC_s1_bola_TearsOfSteel,1789973070.355,0.1064,1500,1,0,46171994.0,0,1
MC_s1_bola_TearsOfSteel,1789973070.461,0.1064,7604,7,0,46823071.0,130919594.2,2
MC_s1_bola_TearsOfSteel,1789973070.568,0.1067,6104,6,0,45615811.0,113086184.4,2
MC_s1_bola_TearsOfSteel,1789973070.674,0.1065,6104,6,0,47755992.7,160874772.1,2
MC_s1_bola_TearsOfSteel,1789973070.804,0.1296,8022,8,0,56088552.2,131033540.6,2
MC_s1_bola_TearsOfSteel,1789973070.91,0.1064,3052,3,0,53243904.3,539293.0,2
MC_s1_bola_TearsOfSteel,1789973071.017,0.1064,6104,6,0,54921545.7,130259685.7,2
MC_s1_bola_TearsOfSteel,1789973071.123,0.1066,6104,6,0,58271603.7,186989007.6,2
MC_s1_bola_TearsOfSteel,1789973071.23,0.1065,6104,6,0,56869232.3,159340594.9,2
MC_s1_bola_TearsOfSteel,1789973071.337,0.1071,9156,9,0,56414214.0,141480590.4,2
MC_s1_bola_TearsOfSteel,1789973071.444,0.1077,18312,18,0,38185579.0,70935016.2,2
MC_s1_bola_TearsOfSteel,1789973071.551,0.1064,18312,18,0,27387519.7,51803201.0,2
MC_s1_bola_TearsOfSteel,1789973071.657,0.1064,18442,19,0,21338884.3,40964987.2,2
MC_s1_bola_TearsOfSteel,1789973071.764,0.1064,9156,9,0,25242134.3,86750616.3,2
MC_s1_bola_TearsOfSteel,1789973071.87,0.1063,6104,6,0,28990504.0,130274273.4,2
MC_s1_bola_TearsOfSteel,1789973071.976,0.1063,6104,6,0,31995799.3,130304627.0,2
MC_s1_bola_TearsOfSteel,1789973072.083,0.1067,18312,18,0,26711829.7,82713858.1,2
MC_s1_bola_TearsOfSteel,1789973072.19,0.1065,18312,18,0,20535585.3,51828057.4,2
MC_s1_bola_TearsOfSteel,1789973072.296,0.1065,19287,20,0,16535763.0,39368707.4,2
MC_s1_bola_TearsOfSteel,1789973072.403,0.1065,18312,18,0,14954820.3,51788615.3,2
MC_s1_bola_TearsOfSteel,1789973072.509,0.1063,18312,18,0,13886558.3,51823164.1,2
MC_s1_bola_TearsOfSteel,1789973072.615,0.1065,18312,18,0,13203271.7,51826146.9,2
MC_s1_bola_TearsOfSteel,1789973072.722,0.1066,18312,18,0,12765713.7,51776881.2,2
MC_s1_bola_TearsOfSteel,1789973072.831,0.1089,1972,3,0,12329155.7,45065752.2,2
MC_s1_bola_TearsOfSteel,1789973072.937,0.1064,0,0,0,0,0,0
MC_s1_bola_TearsOfSteel,1789973073.044,0.1064,0,0,0,0,0,0
MC_s1_bola_TearsOfSteel,1789973073.15,0.1065,0,0,0,0,0,0
MC_s1_bola_TearsOfSteel,1789973073.257,0.1064,0,0,0,0,0,0
MC_s1_bola_TearsOfSteel,1789973073.363,0.1063,0,0,0,0,0,0
MC_s1_bola_TearsOfSteel,1789973073.469,0.1064,0,0,0,0,0,0
MC_s1_bola_TearsOfSteel,1789973073.576,0.1066,0,0,0,0,0,0
MC_s1_bola_TearsOfSteel,1789973073.682,0.1064,0,0,0,0,0,0
MC_s1_bola_TearsOfSteel,1789973073.789,0.1064,0,0,0,0,0,0
MC_s1_bola_TearsOfSteel,1789973073.895,0.1063,0,0,0,0,0,0
MC_s1_bola_TearsOfSteel,1789973074.001,0.1064,0,0,0,0,0,0
MC_s1_bola_TearsOfSteel,1789973074.108,0.107,0,0,0,0,0,0
MC_s1_bola_TearsOfSteel,1789973074.215,0.1066,0,0,0,0,0,0
MC_s1_bola_TearsOfSteel,1789973074.321,0.1064,0,0,0,0,0,0
MC_s1_bola_TearsOfSteel,1789973074.428,0.1065,0,0,0,0,0,0
MC_s1_bola_TearsOfSteel,1789973074.534,0.1064,0,0,0,0,0,0
MC_s1_bola_TearsOfSteel,1789973074.641,0.1065,0,0,0,0,0,0
MC_s1_bola_TearsOfSteel,1789973074.747,0.1066,0,0,0,0,0,0
MC_s1_bola_TearsOfSteel,1789973074.854,0.1064,0,0,0,0,0,0
MC_s1_bola_TearsOfSteel,1789973074.961,0.1072,0,0,0,0,0,0
MC_s1_bola_TearsOfSteel,1789973075.067,0.1063,0,0,0,0,0,0
MC_s1_bola_TearsOfSteel,1789973075.174,0.1068,0,0,0,0,0,0
MC_s1_bola_TearsOfSteel,1789973075.281,0.1066,0,0,0,0,0,0
MC_s1_bola_TearsOfSteel,1789973075.387,0.1065,0,0,0,0,0,0
MC_s1_bola_TearsOfSteel,1789973075.494,0.1065,0,0,0,0,0,0
MC_s1_bola_TearsOfSteel,1789973075.6,0.1066,0,0,0,0,0,0
MC_s1_bola_TearsOfSteel,1789973075.707,0.1066,0,0,0,0,0,0
MC_s1_bola_TearsOfSteel,1789973075.815,0.1085,0,0,0,0,0,0
MC_s1_bola_TearsOfSteel,1789973075.922,0.1067,0,0,0,0,0,0
MC_s1_bola_TearsOfSteel,1789973076.029,0.1066,0,0,0,0,0,0
MC_s1_bola_TearsOfSteel,1789973076.135,0.1067,0,0,0,0,0,0
MC_s1_bola_TearsOfSteel,1789973076.242,0.1067,0,0,0,0,0,0
MC_s1_bola_TearsOfSteel,1789973076.348,0.1065,449,1,0,226324475.0,0,1
MC_s1_bola_TearsOfSteel,1789973076.456,0.1072,0,0,0,0,0,0
MC_s1_bola_TearsOfSteel,1789973076.562,0.1064,0,0,0,0,0,0
MC_s1_bola_TearsOfSteel,1789973076.669,0.1067,449,1,1,418039399.0,0,1
MC_s1_bola_TearsOfSteel,1789973076.776,0.1075,1552,2,0,332904894.5,357224719.3,2
MC_s1_bola_TearsOfSteel,1789973076.883,0.1065,0,0,0,0,0,0
MC_s1_bola_TearsOfSteel,1789973076.989,0.1065,0,0,0,0,0,0
MC_s1_bola_TearsOfSteel,1789973077.096,0.1068,0,0,0,0,0,0
MC_s1_bola_TearsOfSteel,1789973077.203,0.1068,1552,2,0,431918485.5,356488995.8,2
MC_s1_bola_TearsOfSteel,1789973077.31,0.1067,1500,1,0,453709664.0,126134506.0,1
MC_s1_bola_TearsOfSteel,1789973077.416,0.1067,52,1,0,386515411.0,45794424.0,1
MC_s1_bola_TearsOfSteel,1789973077.523,0.1065,1552,2,0,393921792.5,128679567.3,2
MC_s1_bola_TearsOfSteel,1789973077.63,0.1067,1500,1,0,399322302.0,126225265.0,1
MC_s1_bola_TearsOfSteel,1789973077.736,0.1067,52,1,0,340067802.0,44098786.0,1
MC_s1_bola_TearsOfSteel,1789973077.843,0.1067,1612,3,0,233453907.7,86071426.1,3
MC_s1_bola_TearsOfSteel,1789973077.951,0.1083,2153,6,0,112531002.3,97845827.0,4
MC_s1_bola_TearsOfSteel,1789973078.058,0.1068,6104,6,0,7579876.7,9514497.5,2
MC_s1_bola_TearsOfSteel,1789973078.165,0.1069,6104,6,0,17907544.7,130222237.9,2
MC_s1_bola_TearsOfSteel,1789973078.272,0.1068,6104,6,0,26166783.7,169546307.4,2
MC_s1_bola_TearsOfSteel,1789973078.378,0.1068,6104,6,0,32809030.3,169530756.3,2
MC_s1_bola_TearsOfSteel,1789973078.485,0.1067,6104,6,0,39148538.3,178246877.6,2
MC_s1_bola_TearsOfSteel,1789973078.592,0.1069,6104,6,0,45252025.7,191348895.8,2
MC_s1_bola_TearsOfSteel,1789973078.699,0.1071,6104,6,0,48238225.0,178266645.8,2
MC_s1_bola_TearsOfSteel,1789973078.806,0.1068,0,0,0,0,0,0
MC_s1_bola_TearsOfSteel,1789973078.913,0.1068,6104,6,0,52651691.7,186967992.2,2
MC_s1_bola_TearsOfSteel,1789973079.019,0.1067,6104,6,0,55260849.0,187007453.7,2
MC_s1_bola_TearsOfSteel,1789973079.126,0.107,931,2,0,58503616.0,83885573.9,2
MC_s1_bola_TearsOfSteel,1789973079.233,0.107,0,0,0,0,0,0
MC_s1_bola_TearsOfSteel,1789973079.34,0.1071,0,0,0,0,0,0
MC_s1_bola_TearsOfSteel,1789973079.45,0.1094,0,0,0,0,0,0
MC_s1_bola_TearsOfSteel,1789973079.556,0.1066,0,0,0,0,0,0
MC_s1_bola_TearsOfSteel,1789973079.663,0.1069,0,0,0,0,0,0
MC_s1_bola_TearsOfSteel,1789973079.77,0.107,0,0,0,0,0,0
MC_s1_bola_TearsOfSteel,1789973079.877,0.1066,0,0,0,0,0,0
MC_s1_bola_TearsOfSteel,1789973079.984,0.1067,0,0,0,0,0,0
MC_s1_bola_TearsOfSteel,1789973080.09,0.1068,0,0,0,0,0,0
MC_s1_bola_TearsOfSteel,1789973080.197,0.1069,0,0,0,0,0,0
MC_s1_bola_TearsOfSteel,1789973080.304,0.107,0,0,0,0,0,0
MC_s1_bola_TearsOfSteel,1789973080.411,0.1068,0,0,0,0,0,0
MC_s1_bola_TearsOfSteel,1789973080.518,0.1068,0,0,0,0,0,0
MC_s1_bola_TearsOfSteel,1789973080.625,0.1068,449,1,0,145350717.0,0,1
MC_s1_bola_TearsOfSteel,1789973080.732,0.107,6104,6,0,213807361.3,90295510.8,2
MC_s1_bola_TearsOfSteel,1789973080.841,0.1098,6104,6,0,183355876.3,121534963.2,2
MC_s1_bola_TearsOfSteel,1789973080.951,0.1099,6104,6,0,160194546.7,165266050.6,2
MC_s1_bola_TearsOfSteel,1789973081.058,0.1066,6104,6,0,141803131.7,169541095.3,2
MC_s1_bola_TearsOfSteel,1789973081.165,0.1068,6104,6,0,128141845.3,178261474.0,2
MC_s1_bola_TearsOfSteel,1789973081.272,0.107,6104,6,0,117240268.3,182623685.1,2
MC_s1_bola_TearsOfSteel,1789973081.379,0.1071,6104,6,0,105378134.3,154996431.8,2
MC_s1_bola_TearsOfSteel,1789973081.486,0.1067,6104,6,0,98953162.7,168750163.2,2
MC_s1_bola_TearsOfSteel,1789973081.592,0.1067,3052,3,0,100036459.3,226036657.7,2
MC_s1_bola_TearsOfSteel,1789973081.699,0.1068,2463,3,0,93565961.3,134984236.8,2
MC_s1_bola_TearsOfSteel,1789973081.806,0.1068,0,0,0,0,0,0
MC_s1_bola_TearsOfSteel,1789973081.913,0.1068,0,0,0,0,0,0
MC_s1_bola_TearsOfSteel,1789973082.02,0.1067,0,0,0,0,0,0
MC_s1_bola_TearsOfSteel,1789973082.126,0.1066,0,0,0,0,0,0
MC_s1_bola_TearsOfSteel,1789973082.233,0.107,0,0,0,0,0,0
MC_s1_bola_TearsOfSteel,1789973082.341,0.1074,0,0,0,0,0,0
MC_s1_bola_TearsOfSteel,1789973082.451,0.11,0,0,0,0,0,0
MC_s1_bola_TearsOfSteel,1789973082.557,0.1067,0,0,0,0,0,0
MC_s1_bola_TearsOfSteel,1789973082.664,0.107,0,0,0,0,0,0
MC_s1_bola_TearsOfSteel,1789973082.771,0.1069,0,0,0,0,0,0
MC_s1_bola_TearsOfSteel,1789973082.878,0.1066,0,0,0,0,0,0
MC_s1_bola_TearsOfSteel,1789973082.985,0.1067,0,0,0,0,0,0
MC_s1_bola_TearsOfSteel,1789973083.091,0.1069,0,0,0,0,0,0
MC_s1_bola_TearsOfSteel,1789973083.198,0.107,0,0,0,0,0,0
MC_s1_bola_TearsOfSteel,1789973083.305,0.1069,0,0,0,0,0,0
MC_s1_bola_TearsOfSteel,1789973083.412,0.1068,0,0,0,0,0,0
MC_s1_bola_TearsOfSteel,1789973083.519,0.1067,0,0,0,0,0,0
MC_s1_bola_TearsOfSteel,1789973083.626,0.1069,0,0,0,0,0,0
MC_s1_bola_TearsOfSteel,1789973083.733,0.1068,0,0,0,0,0,0
MC_s1_bola_TearsOfSteel,1789973083.84,0.1074,0,0,0,0,0,0
MC_s1_bola_TearsOfSteel,1789973083.949,0.1092,0,0,0,0,0,0
MC_s1_bola_TearsOfSteel,1789973084.056,0.1067,0,0,0,0,0,0
MC_s1_bola_TearsOfSteel,1789973084.163,0.1069,449,1,0,279731935.0,0,1
MC_s1_bola_TearsOfSteel,1789973084.27,0.1069,6104,6,0,359544694.7,85913318.8,2
MC_s1_bola_TearsOfSteel,1789973084.376,0.1067,3052,3,0,334155624.3,530960.0,2
MC_s1_bola_TearsOfSteel,1789973084.483,0.1067,3052,3,0,304307841.3,139063411.8,2
MC_s1_bola_TearsOfSteel,1789973084.59,0.1068,6104,6,0,260330851.0,182602956.9,2
MC_s1_bola_TearsOfSteel,1789973084.697,0.1069,6104,6,0,225206753.3,182655974.2,2
MC_s1_bola_TearsOfSteel,1789973084.804,0.1073,6104,6,0,197050152.7,182623797.4,2
MC_s1_bola_TearsOfSteel,1789973084.911,0.1069,6104,6,0,174417247.3,182555364.7,2
MC_s1_bola_TearsOfSteel,1789973085.018,0.1067,6104,6,0,156153010.7,182596586.4,2
MC_s1_bola_TearsOfSteel,1789973085.125,0.107,3052,3,0,152175365.7,226328009.3,2
MC_s1_bola_TearsOfSteel,1789973085.232,0.1068,4955,6,0,136902997.7,172600942.7,2
MC_s1_bola_TearsOfSteel,1789973085.339,0.1075,0,0,0,0,0,0
MC_s1_bola_TearsOfSteel,1789973085.453,0.1141,0,0,0,0,0,0
MC_s1_bola_TearsOfSteel,1789973085.56,0.1066,0,0,0,0,0,0
MC_s1_bola_TearsOfSteel,1789973085.667,0.1068,0,0,0,0,0,0
MC_s1_bola_TearsOfSteel,1789973085.773,0.1068,0,0,0,0,0,0
MC_s1_bola_TearsOfSteel,1789973085.888,0.1147,0,0,0,0,0,0
MC_s1_bola_TearsOfSteel,1789973085.995,0.1068,0,0,0,0,0,0
MC_s1_bola_TearsOfSteel,1789973086.102,0.1067,0,0,0,0,0,0
MC_s1_bola_TearsOfSteel,1789973086.208,0.1068,0,0,0,0,0,0
MC_s1_bola_TearsOfSteel,1789973086.315,0.1068,0,0,0,0,0,0
MC_s1_bola_TearsOfSteel,1789973086.422,0.1068,0,0,0,0,0,0
MC_s1_bola_TearsOfSteel,1789973086.529,0.1068,0,0,0,0,0,0
MC_s1_bola_TearsOfSteel,1789973086.636,0.1068,0,0,0,0,0,0
MC_s1_bola_TearsOfSteel,1789973086.743,0.1069,0,0,0,0,0,0
MC_s1_bola_TearsOfSteel,1789973086.849,0.1067,0,0,0,0,0,0
MC_s1_bola_TearsOfSteel,1789973086.957,0.1076,0,0,0,0,0,0
MC_s1_bola_TearsOfSteel,1789973087.063,0.1066,0,0,0,0,0,0
MC_s1_bola_TearsOfSteel,1789973087.17,0.107,0,0,0,0,0,0
MC_s1_bola_TearsOfSteel,1789973087.281,0.111,0,0,0,0,0,0
MC_s1_bola_TearsOfSteel,1789973087.388,0.1067,0,0,0,0,0,0
MC_s1_bola_TearsOfSteel,1789973087.495,0.1068,0,0,0,0,0,0
MC_s1_bola_TearsOfSteel,1789973087.602,0.1069,0,0,0,0,0,0
MC_s1_bola_TearsOfSteel,1789973087.709,0.1068,0,0,0,0,0,0
MC_s1_bola_TearsOfSteel,1789973087.816,0.1069,0,0,0,0,0,0
MC_s1_bola_TearsOfSteel,1789973087.922,0.1068,0,0,0,0,0,0
MC_s1_bola_TearsOfSteel,1789973088.029,0.1067,0,0,0,0,0,0
MC_s1_bola_TearsOfSteel,1789973088.136,0.1068,0,0,0,0,0,0
MC_s1_bola_TearsOfSteel,1789973088.243,0.1068,0,0,0,0,0,0
MC_s1_bola_TearsOfSteel,1789973088.35,0.107,0,0,0,0,0,0
MC_s1_bola_TearsOfSteel,1789973088.459,0.1094,0,0,0,0,0,0
MC_s1_bola_TearsOfSteel,1789973088.566,0.1066,0,0,0,0,0,0
MC_s1_bola_TearsOfSteel,1789973088.672,0.1067,0,0,0,0,0,0
MC_s1_bola_TearsOfSteel,1789973088.779,0.1068,0,0,0,0,0,0
MC_s1_bola_TearsOfSteel,1789973088.886,0.1066,15501,12,0,362845252.7,4433747.0,2
MC_s1_bola_TearsOfSteel,1789973088.993,0.1068,30156,23,0,150839089.7,64974696.2,2
MC_s1_bola_TearsOfSteel,1789973089.1,0.1069,13604,11,0,132065270.9,61143287.6,2
MC_s1_bola_TearsOfSteel,1789973089.206,0.1069,18104,14,0,88187751.7,114171587.3,2
MC_s1_bola_TearsOfSteel,1789973089.313,0.1069,21104,16,0,64501425.9,123017934.8,2
MC_s1_bola_TearsOfSteel,1789973089.42,0.1068,16604,13,0,64886997.2,118520077.7,2
MC_s1_bola_TearsOfSteel,1789973089.527,0.1067,12104,10,0,71990245.0,96203566.9,2
MC_s1_bola_TearsOfSteel,1789973089.634,0.1069,13604,11,0,62497341.8,109525548.9,2
MC_s1_bola_TearsOfSteel,1789973089.741,0.1069,15104,12,0,54762446.0,122841993.0,2
MC_s1_bola_TearsOfSteel,1789973089.848,0.1071,4389,5,0,94977953.0,98565809.1,2
MC_s1_bola_TearsOfSteel,1789973089.957,0.1089,15104,12,0,49792007.2,73555635.0,2
MC_s1_bola_TearsOfSteel,1789973090.063,0.1066,7552,6,0,50341103.5,131482641.6,2
MC_s1_bola_TearsOfSteel,1789973090.17,0.1067,22656,18,0,40618981.5,102488073.4,2
MC_s1_bola_TearsOfSteel,1789973090.277,0.1068,16656,14,0,40263935.3,82992252.5,2
MC_s1_bola_TearsOfSteel,1789973090.383,0.1067,18156,15,0,34429926.2,110870724.5,2
MC_s1_bola_TearsOfSteel,1789973090.49,0.1067,10604,9,0,36302339.4,140064543.0,2
MC_s1_bola_TearsOfSteel,1789973090.597,0.1069,12104,10,0,34421810.2,104984970.6,2
MC_s1_bola_TearsOfSteel,1789973090.704,0.107,12104,10,0,34658722.4,113781656.5,2
MC_s1_bola_TearsOfSteel,1789973090.811,0.1069,12104,10,0,34535011.2,113886530.0,2
MC_s1_bola_TearsOfSteel,1789973090.92,0.1086,6052,5,0,37387500.6,122498645.9,2
MC_s1_bola_TearsOfSteel,1789973091.026,0.1067,12104,10,0,37666710.4,122618636.9,2
MC_s1_bola_TearsOfSteel,1789973091.133,0.1069,7604,7,0,42937107.6,113312287.7,2
MC_s1_bola_TearsOfSteel,1789973091.24,0.1068,10604,9,0,40124174.3,122467520.1,2
MC_s1_bola_TearsOfSteel,1789973091.347,0.1071,9104,8,0,41433648.2,104545847.8,2
MC_s1_bola_TearsOfSteel,1789973091.456,0.1089,9104,8,0,41617784.5,104757016.6,2
MC_s1_bola_TearsOfSteel,1789973091.563,0.1067,9104,8,0,41677977.5,104783668.5,2
MC_s1_bola_TearsOfSteel,1789973091.67,0.1069,9104,8,0,41662383.2,104774466.0,2
MC_s1_bola_TearsOfSteel,1789973091.777,0.107,9104,8,0,42498629.5,109072944.7,2
MC_s1_bola_TearsOfSteel,1789973091.883,0.1067,6775,8,0,47301550.9,101991478.5,2
MC_s1_bola_TearsOfSteel,1789973091.99,0.1067,1809,2,0,51786359.0,57503271.7,2
MC_s1_bola_TearsOfSteel,1789973092.097,0.1069,9104,8,0,42489768.0,93282360.9,2
MC_s1_bola_TearsOfSteel,1789973092.204,0.1069,4552,4,0,47019382.2,131084808.2,2
MC_s1_bola_TearsOfSteel,1789973092.311,0.1068,9104,8,0,47434076.0,126626108.0,2
MC_s1_bola_TearsOfSteel,1789973092.417,0.1069,9104,8,0,45876402.2,113519586.6,2
MC_s1_bola_TearsOfSteel,1789973092.528,0.1109,15208,14,0,37685950.4,79737055.4,2
MC_s1_bola_TearsOfSteel,1789973092.635,0.1068,13656,12,0,30369053.2,75528225.6,2
MC_s1_bola_TearsOfSteel,1789973092.742,0.1068,22708,19,0,24091322.4,87366329.7,2
MC_s1_bola_TearsOfSteel,1789973092.849,0.1071,7604,7,0,27631983.6,104531860.4,2
MC_s1_bola_TearsOfSteel,1789973092.958,0.1087,12104,10,0,26764707.8,140162952.3,2
MC_s1_bola_TearsOfSteel,1789973093.064,0.1067,15104,12,0,26617893.8,118467221.8,2
MC_s1_bola_TearsOfSteel,1789973093.172,0.1072,7552,6,0,24696860.7,132125380.5,2
MC_s1_bola_TearsOfSteel,1789973093.279,0.1071,15104,12,0,24854932.7,123277793.8,2
MC_s1_bola_TearsOfSteel,1789973093.386,0.1068,15104,12,0,23901805.3,122953262.8,2
MC_s1_bola_TearsOfSteel,1789973093.492,0.1069,15052,11,0,23896336.2,127683946.9,2
MC_s1_bola_TearsOfSteel,1789973093.6,0.107,9156,9,0,26297104.3,121394716.4,2
MC_s1_bola_TearsOfSteel,1789973093.707,0.1072,7604,7,0,28294805.4,95660617.1,2
MC_s1_bola_TearsOfSteel,1789973093.814,0.1071,7604,7,0,26615408.4,122076045.3,2
MC_s1_bola_TearsOfSteel,1789973093.921,0.1069,12156,11,0,27681834.4,133739145.1,2
MC_s1_bola_TearsOfSteel,1789973094.028,0.1068,7604,7,0,30724851.7,117605731.4,2
MC_s1_bola_TearsOfSteel,1789973094.135,0.1071,9104,8,0,31815047.8,104789695.5,2
MC_s1_bola_TearsOfSteel,1789973094.242,0.1071,9104,8,0,34373451.0,122284221.0,2
MC_s1_bola_TearsOfSteel,1789973094.349,0.1072,4161,5,0,39271403.2,104446817.8,2
MC_s1_bola_TearsOfSteel,1789973094.458,0.109,4552,4,0,44761465.8,108389855.2,2
MC_s1_bola_TearsOfSteel,1789973094.565,0.1067,9104,8,0,43138362.8,102964284.2,2
MC_s1_bola_TearsOfSteel,1789973094.672,0.1071,9104,8,0,43678034.5,112599139.4,2
MC_s1_bola_TearsOfSteel,1789973094.779,0.107,4552,4,0,40749081.0,122332675.1,2
MC_s1_bola_TearsOfSteel,1789973094.885,0.1067,9104,8,0,40546090.5,113563080.1,2
MC_s1_bola_TearsOfSteel,1789973094.992,0.1067,7604,7,0,42208479.9,108928221.4,2
MC_s1_bola_TearsOfSteel,1789973095.099,0.1069,6104,6,0,46661509.7,112802366.8,2
MC_s1_bola_TearsOfSteel,1789973095.206,0.107,6104,6,0,49634788.0,112881002.9,2
MC_s1_bola_TearsOfSteel,1789973095.313,0.107,7604,7,0,48202206.1,109023744.5,2
MC_s1_bola_TearsOfSteel,1789973095.42,0.1069,6104,6,0,50420751.3,108574325.7,2
MC_s1_bola_TearsOfSteel,1789973095.527,0.1067,6052,5,0,48161910.6,131643065.8,2
MC_s1_bola_TearsOfSteel,1789973095.634,0.107,7604,7,0,50182208.9,174518785.1,2
MC_s1_bola_TearsOfSteel,1789973095.741,0.107,6104,6,0,53907219.3,104204690.6,2
MC_s1_bola_TearsOfSteel,1789973095.848,0.1073,6104,6,0,50784024.7,71227347.4,2
MC_s1_bola_TearsOfSteel,1789973095.957,0.1094,7604,7,0,50862634.7,130876857.8,2
MC_s1_bola_TearsOfSteel,1789973096.064,0.1068,3052,3,0,57268421.0,121554880.5,2
MC_s1_bola_TearsOfSteel,1789973096.171,0.1071,4552,4,0,55569135.8,122246417.2,2
MC_s1_bola_TearsOfSteel,1789973096.278,0.1071,6104,6,0,55170410.0,130450765.6,2
MC_s1_bola_TearsOfSteel,1789973096.385,0.1069,4552,4,0,57136088.2,131076372.1,2
MC_s1_bola_TearsOfSteel,1789973096.492,0.1069,6104,6,0,58485424.0,95428750.9,2
MC_s1_bola_TearsOfSteel,1789973096.599,0.1071,6104,6,0,59257401.0,112827822.0,2
MC_s1_bola_TearsOfSteel,1789973096.706,0.1073,3052,3,0,63737411.3,113009218.9,2
MC_s1_bola_TearsOfSteel,1789973096.813,0.107,4552,4,0,61727498.0,87134457.1,2
MC_s1_bola_TearsOfSteel,1789973096.921,0.1072,16812,17,0,41400012.8,40287537.7,2
MC_s1_bola_TearsOfSteel,1789973097.028,0.1071,16760,16,0,29702254.9,37972801.0,2
MC_s1_bola_TearsOfSteel,1789973097.135,0.1073,18208,16,0,23366450.5,49942714.4,2
MC_s1_bola_TearsOfSteel,1789973097.242,0.1073,18208,16,0,20044478.0,52072896.3,2
MC_s1_bola_TearsOfSteel,1789973097.35,0.1076,14654,15,0,21620367.7,44911831.3,2
MC_s1_bola_TearsOfSteel,1789973097.458,0.1084,4552,4,0,24132617.5,87252751.4,2
MC_s1_bola_TearsOfSteel,1789973097.565,0.1069,10604,9,0,26894580.7,126877619.7,2
MC_s1_bola_TearsOfSteel,1789973097.673,0.1072,6104,6,0,30536121.0,86689223.7,2
MC_s1_bola_TearsOfSteel,1789973097.78,0.1074,7604,7,0,34483241.1,122179287.7,2
MC_s1_bola_TearsOfSteel,1789973097.887,0.107,4552,4,0,40766363.0,130987101.7,2
MC_s1_bola_TearsOfSteel,1789973097.994,0.1073,3052,3,0,44905423.3,104143135.2,2
MC_s1_bola_TearsOfSteel,1789973098.101,0.1067,6104,6,0,48446908.7,112930020.8,2
MC_s1_bola_TearsOfSteel,1789973098.208,0.1072,4552,4,0,48782550.5,113480649.8,2
MC_s1_bola_TearsOfSteel,1789973098.318,0.1098,6104,6,0,46825403.3,121759545.7,2
MC_s1_bola_TearsOfSteel,1789973098.425,0.1071,6104,6,0,48493041.0,104178835.1,2
MC_s1_bola_TearsOfSteel,1789973098.532,0.1071,7604,7,0,47268858.1,113275807.7,2
MC_s1_bola_TearsOfSteel,1789973098.64,0.1072,13656,12,0,43814697.8,92050828.4,2
MC_s1_bola_TearsOfSteel,1789973098.747,0.1071,9104,8,0,41665577.0,95957292.5,2
MC_s1_bola_TearsOfSteel,1789973098.854,0.1072,12156,11,0,37919788.8,86995769.7,2
MC_s1_bola_TearsOfSteel,1789973098.961,0.1072,7604,7,0,36864693.1,95805886.7,2
MC_s1_bola_TearsOfSteel,1789973099.068,0.1068,10656,10,0,34998946.7,115968047.3,2
MC_s1_bola_TearsOfSteel,1789973099.175,0.1071,12156,11,0,33619605.4,122012767.6,2
MC_s1_bola_TearsOfSteel,1789973099.282,0.1071,13656,12,0,32141946.8,125197816.9,2
MC_s1_bola_TearsOfSteel,1789973099.389,0.1069,7604,7,0,34670642.0,130746586.2,2
MC_s1_bola_TearsOfSteel,1789973099.496,0.107,10604,9,0,34219992.1,131123991.9,2
MC_s1_bola_TearsOfSteel,1789973099.603,0.1071,7604,7,0,37992828.6,117612318.6,2
MC_s1_bola_TearsOfSteel,1789973099.71,0.1071,13708,13,0,30436415.8,78043564.4,2
MC_s1_bola_TearsOfSteel,1789973099.817,0.1072,18156,15,0,23502341.6,66940163.2,2
MC_s1_bola_TearsOfSteel,1789973099.924,0.1071,21479,19,0,20826109.5,49374805.0,2
MC_s1_bola_TearsOfSteel,1789973100.031,0.107,18156,15,0,18497906.4,69854157.3,2
MC_s1_bola_TearsOfSteel,1789973100.139,0.1072,12104,10,0,21149208.6,87324826.7,2
MC_s1_bola_TearsOfSteel,1789973100.246,0.1071,13656,12,0,23078248.2,100376166.4,2
MC_s1_bola_TearsOfSteel,1789973100.353,0.1074,9104,8,0,24931711.0,144243937.7,2
MC_s1_bola_TearsOfSteel,1789973100.46,0.1071,15156,13,0,23151672.4,119449460.0,2
MC_s1_bola_TearsOfSteel,1789973100.567,0.1068,9104,8,0,24410343.2,117920673.5,2
MC_s1_bola_TearsOfSteel,1789973100.674,0.1071,13604,11,0,21127669.8,131561780.2,2
MC_s1_bola_TearsOfSteel,1789973100.781,0.1072,22912,22,0,17855720.3,102883027.0,2
MC_s1_bola_TearsOfSteel,1789973100.889,0.1081,295651,233,8,374346.9,178256.3,2
MC_s1_bola_TearsOfSteel,1789973101.004,0.1149,0,0,0,0,0,0
MC_s1_bola_TearsOfSteel,1789973101.111,0.1067,0,0,0,0,0,0
MC_s1_bola_TearsOfSteel,1789973101.218,0.1071,0,0,0,0,0,0
MC_s1_bola_TearsOfSteel,1789973101.325,0.1071,0,0,0,0,0,0
MC_s1_bola_TearsOfSteel,1789973101.432,0.107,0,0,0,0,0,0
MC_s1_bola_TearsOfSteel,1789973101.539,0.1069,0,0,0,0,0,0
MC_s1_bola_TearsOfSteel,1789973101.646,0.1071,0,0,0,0,0,0
MC_s1_bola_TearsOfSteel,1789973101.753,0.1071,0,0,0,0,0,0
MC_s1_bola_TearsOfSteel,1789973101.86,0.1068,0,0,0,0,0,0
MC_s1_bola_TearsOfSteel,1789973101.967,0.107,0,0,0,0,0,0
MC_s1_bola_TearsOfSteel,1789973102.074,0.1071,0,0,0,0,0,0
MC_s1_bola_TearsOfSteel,1789973102.181,0.1071,0,0,0,0,0,0
MC_s1_bola_TearsOfSteel,1789973102.288,0.1071,0,0,0,0,0,0
MC_s1_bola_TearsOfSteel,1789973102.395,0.107,0,0,0,0,0,0
MC_s1_bola_TearsOfSteel,1789973102.502,0.107,0,0,0,0,0,0
MC_s1_bola_TearsOfSteel,1789973102.609,0.107,0,0,0,0,0,0
MC_s1_bola_TearsOfSteel,1789973102.716,0.107,0,0,0,0,0,0
MC_s1_bola_TearsOfSteel,1789973102.823,0.1072,0,0,0,0,0,0
MC_s1_bola_TearsOfSteel,1789973102.931,0.1073,0,0,0,0,0,0
MC_s1_bola_TearsOfSteel,1789973103.038,0.1069,0,0,0,0,0,0
MC_s1_bola_TearsOfSteel,1789973103.145,0.1071,0,0,0,0,0,0
MC_s1_bola_TearsOfSteel,1789973103.252,0.1071,0,0,0,0,0,0
MC_s1_bola_TearsOfSteel,1789973103.359,0.1069,0,0,0,0,0,0
MC_s1_bola_TearsOfSteel,1789973103.466,0.1069,0,0,0,0,0,0
MC_s1_bola_TearsOfSteel,1789973103.573,0.1068,0,0,0,0,0,0
MC_s1_bola_TearsOfSteel,1789973103.68,0.107,0,0,0,0,0,0
MC_s1_bola_TearsOfSteel,1789973103.787,0.1071,0,0,0,0,0,0
MC_s1_bola_TearsOfSteel,1789973103.894,0.1069,0,0,0,0,0,0
MC_s1_bola_TearsOfSteel,1789973104.0,0.1069,0,0,0,0,0,0
MC_s1_bola_TearsOfSteel,1789973104.107,0.107,0,0,0,0,0,0
MC_s1_bola_TearsOfSteel,1789973104.215,0.1071,0,0,0,0,0,0
MC_s1_bola_TearsOfSteel,1789973104.321,0.1069,0,0,0,0,0,0
MC_s1_bola_TearsOfSteel,1789973104.429,0.1071,449,1,0,225285138.0,0,1
MC_s1_bola_TearsOfSteel,1789973104.535,0.1069,0,0,0,0,0,0
MC_s1_bola_TearsOfSteel,1789973104.643,0.1071,0,0,0,0,0,0
MC_s1_bola_TearsOfSteel,1789973104.75,0.107,449,1,1,415471795.0,0,1
MC_s1_bola_TearsOfSteel,1789973104.857,0.107,1552,2,0,324573170.5,379026061.7,2
MC_s1_bola_TearsOfSteel,1789973104.964,0.107,1564,2,1,423057281.0,273074571.0,2
MC_s1_bola_TearsOfSteel,1789973105.07,0.1068,0,0,0,0,0,0
MC_s1_bola_TearsOfSteel,1789973105.178,0.1071,0,0,0,0,0,0
MC_s1_bola_TearsOfSteel,1789973105.285,0.1071,0,0,0,0,0,0
MC_s1_bola_TearsOfSteel,1789973105.392,0.1069,0,0,0,0,0,0
MC_s1_bola_TearsOfSteel,1789973105.499,0.1071,1552,2,0,415057512.0,428383686.4,2
MC_s1_bola_TearsOfSteel,1789973105.606,0.1073,9104,8,0,339780844.5,99565739.4,2
MC_s1_bola_TearsOfSteel,1789973105.713,0.1073,0,0,0,0,0,0
MC_s1_bola_TearsOfSteel,1789973105.82,0.107,4552,4,0,304229556.0,188879094.9,2
MC_s1_bola_TearsOfSteel,1789973105.927,0.1073,6204,8,0,229838704.0,114562577.5,3
MC_s1_bola_TearsOfSteel,1789973106.058,0.1303,5061,6,0,110947739.5,151837583.8,3
MC_s1_bola_TearsOfSteel,1789973106.165,0.1074,0,0,0,0,0,0
MC_s1_bola_TearsOfSteel,1789973106.273,0.1079,3104,4,0,12536574.5,159563576.9,2
MC_s1_bola_TearsOfSteel,1789973106.38,0.107,0,0,0,0,0,0
MC_s1_bola_TearsOfSteel,1789973106.487,0.1071,3052,3,0,25945878.0,173546916.7,2
MC_s1_bola_TearsOfSteel,1789973106.594,0.1069,7604,7,0,34406766.6,159808142.2,2
MC_s1_bola_TearsOfSteel,1789973106.701,0.1073,0,0,0,0,0,0
MC_s1_bola_TearsOfSteel,1789973106.809,0.1072,6104,6,0,44771365.7,202197474.7,2
MC_s1_bola_TearsOfSteel,1789973106.916,0.1073,3052,3,0,51454919.0,289025190.1,2
MC_s1_bola_TearsOfSteel,1789973107.023,0.1073,3052,3,0,50257366.7,173383197.7,2
MC_s1_bola_TearsOfSteel,1789973107.13,0.1072,6104,6,0,56343468.0,231142949.1,2
MC_s1_bola_TearsOfSteel,1789973107.238,0.1074,6104,6,0,59660232.3,223962279.7,2
MC_s1_bola_TearsOfSteel,1789973107.345,0.1072,3052,3,0,64878670.7,260173775.5,2
MC_s1_bola_TearsOfSteel,1789973107.454,0.1089,3052,3,0,62369592.7,173264398.4,2
MC_s1_bola_TearsOfSteel,1789973107.561,0.107,6104,6,0,64618071.0,216661288.1,2
MC_s1_bola_TearsOfSteel,1789973107.668,0.1074,196,2,0,66341470.5,98926993.7,2
MC_s1_bola_TearsOfSteel,1789973107.775,0.1072,0,0,0,0,0,0
MC_s1_bola_TearsOfSteel,1789973107.883,0.1072,0,0,0,0,0,0
MC_s1_bola_TearsOfSteel,1789973107.99,0.1069,0,0,0,0,0,0
MC_s1_bola_TearsOfSteel,1789973108.097,0.1071,0,0,0,0,0,0
MC_s1_bola_TearsOfSteel,1789973108.204,0.1074,0,0,0,0,0,0
MC_s1_bola_TearsOfSteel,1789973108.311,0.1072,0,0,0,0,0,0
MC_s1_bola_TearsOfSteel,1789973108.418,0.1071,0,0,0,0,0,0
MC_s1_bola_TearsOfSteel,1789973108.526,0.1072,0,0,0,0,0,0
MC_s1_bola_TearsOfSteel,1789973108.633,0.1072,0,0,0,0,0,0
MC_s1_bola_TearsOfSteel,1789973108.74,0.1074,449,1,0,114834875.0,0,1
MC_s1_bola_TearsOfSteel,1789973108.848,0.1073,6104,6,0,168807740.7,137730648.0,2
MC_s1_bola_TearsOfSteel,1789973108.957,0.1097,3052,3,0,164292630.0,526090.0,2
MC_s1_bola_TearsOfSteel,1789973109.064,0.107,3052,3,0,151929936.7,187732421.8,2
MC_s1_bola_TearsOfSteel,1789973109.172,0.1074,6104,6,0,137023056.0,224014294.8,2
MC_s1_bola_TearsOfSteel,1789973109.279,0.1072,6104,6,0,125247944.3,216672229.4,2
MC_s1_bola_TearsOfSteel,1789973109.386,0.1072,3052,3,0,124109735.7,260242359.7,2
MC_s1_bola_TearsOfSteel,1789973109.493,0.1072,3052,3,0,115909617.7,173174571.6,2
MC_s1_bola_TearsOfSteel,1789973109.601,0.1073,6104,6,0,108481801.0,216779026.4,2
MC_s1_bola_TearsOfSteel,1789973109.708,0.1076,6104,6,0,102570962.7,216716388.5,2
MC_s1_bola_TearsOfSteel,1789973109.815,0.1072,0,0,0,0,0,0
MC_s1_bola_TearsOfSteel,1789973109.923,0.1073,12208,12,0,84846814.0,176250528.1,2
MC_s1_bola_TearsOfSteel,1789973110.03,0.1071,923,1,0,76825408.0,126409412.0,1
MC_s1_bola_TearsOfSteel,1789973110.138,0.1079,52,1,0,104786482.0,54325149.0,1
MC_s1_bola_TearsOfSteel,1789973110.245,0.1074,0,0,0,0,0,0
MC_s1_bola_TearsOfSteel,1789973110.352,0.1072,0,0,0,0,0,0
MC_s1_bola_TearsOfSteel,1789973110.461,0.109,0,0,0,0,0,0
MC_s1_bola_TearsOfSteel,1789973110.569,0.1072,0,0,0,0,0,0
MC_s1_bola_TearsOfSteel,1789973110.676,0.1071,0,0,0,0,0,0
MC_s1_bola_TearsOfSteel,1789973110.783,0.1077,0,0,0,0,0,0
MC_s1_bola_TearsOfSteel,1789973110.89,0.1071,0,0,0,0,0,0
MC_s1_bola_TearsOfSteel,1789973110.998,0.1073,0,0,0,0,0,0
MC_s1_bola_TearsOfSteel,1789973111.107,0.1093,0,0,0,0,0,0
MC_s1_bola_TearsOfSteel,1789973111.214,0.1073,0,0,0,0,0,0
MC_s1_bola_TearsOfSteel,1789973111.322,0.1074,0,0,0,0,0,0
MC_s1_bola_TearsOfSteel,1789973111.429,0.1074,0,0,0,0,0,0
MC_s1_bola_TearsOfSteel,1789973111.536,0.1072,0,0,0,0,0,0
MC_s1_bola_TearsOfSteel,1789973111.644,0.1077,0,0,0,0,0,0
MC_s1_bola_TearsOfSteel,1789973111.752,0.1076,0,0,0,0,0,0
MC_s1_bola_TearsOfSteel,1789973111.859,0.1072,0,0,0,0,0,0
MC_s1_bola_TearsOfSteel,1789973111.966,0.1073,0,0,0,0,0,0
MC_s1_bola_TearsOfSteel,1789973112.073,0.1072,0,0,0,0,0,0
MC_s1_bola_TearsOfSteel,1789973112.181,0.1074,0,0,0,0,0,0
MC_s1_bola_TearsOfSteel,1789973112.288,0.1072,0,0,0,0,0,0
MC_s1_bola_TearsOfSteel,1789973112.395,0.1071,0,0,0,0,0,0
MC_s1_bola_TearsOfSteel,1789973112.502,0.1073,0,0,0,0,0,0
MC_s1_bola_TearsOfSteel,1789973112.609,0.1071,449,1,0,246268240.0,0,1
MC_s1_bola_TearsOfSteel,1789973112.717,0.1072,0,0,0,0,0,0
MC_s1_bola_TearsOfSteel,1789973112.824,0.1075,3052,3,0,387420535.7,147146393.5,2
MC_s1_bola_TearsOfSteel,1789973112.932,0.1074,3052,3,0,362423833.7,173479092.3,2
MC_s1_bola_TearsOfSteel,1789973113.039,0.1072,0,0,0,0,0,0
MC_s1_bola_TearsOfSteel,1789973113.146,0.1073,7604,7,0,292947060.6,159722435.8,2
MC_s1_bola_TearsOfSteel,1789973113.253,0.1072,3052,3,0,277024710.7,144224025.8,2
MC_s1_bola_TearsOfSteel,1789973113.36,0.1071,3052,3,0,253746565.3,568089.0,2
MC_s1_bola_TearsOfSteel,1789973113.468,0.1073,6104,6,0,220825403.7,216783962.6,2
MC_s1_bola_TearsOfSteel,1789973113.575,0.1072,3052,3,0,212224586.0,274634150.0,2
MC_s1_bola_TearsOfSteel,1789973113.683,0.1076,3052,3,0,196133768.7,187656292.0,2
MC_s1_bola_TearsOfSteel,1789973113.79,0.1073,6104,6,0,176339301.3,238476788.6,2
MC_s1_bola_TearsOfSteel,1789973113.897,0.1072,6104,6,0,155641864.3,196290798.8,2
MC_s1_bola_TearsOfSteel,1789973114.004,0.1073,6104,6,0,137130771.0,159467845.5,2
MC_s1_bola_TearsOfSteel,1789973114.112,0.1074,1741,3,0,132829170.0,187251342.5,2
MC_s1_bola_TearsOfSteel,1789973114.219,0.1072,0,0,0,0,0,0
MC_s1_bola_TearsOfSteel,1789973114.326,0.1074,0,0,0,0,0,0
MC_s1_bola_TearsOfSteel,1789973114.434,0.1075,0,0,0,0,0,0
MC_s1_bola_TearsOfSteel,1789973114.541,0.1072,0,0,0,0,0,0
MC_s1_bola_TearsOfSteel,1789973114.648,0.1074,0,0,0,0,0,0
MC_s1_bola_TearsOfSteel,1789973114.756,0.1073,0,0,0,0,0,0
MC_s1_bola_TearsOfSteel,1789973114.863,0.1073,0,0,0,0,0,0
MC_s1_bola_TearsOfSteel,1789973114.97,0.1072,0,0,0,0,0,0
MC_s1_bola_TearsOfSteel,1789973115.078,0.1075,0,0,0,0,0,0
MC_s1_bola_TearsOfSteel,1789973115.185,0.1075,0,0,0,0,0,0
MC_s1_bola_TearsOfSteel,1789973115.293,0.1074,0,0,0,0,0,0
MC_s1_bola_TearsOfSteel,1789973115.4,0.1071,0,0,0,0,0,0
MC_s1_bola_TearsOfSteel,1789973115.507,0.1072,0,0,0,0,0,0
MC_s1_bola_TearsOfSteel,1789973115.614,0.1074,0,0,0,0,0,0
MC_s1_bola_TearsOfSteel,1789973115.722,0.1073,0,0,0,0,0,0
MC_s1_bola_TearsOfSteel,1789973115.834,0.1124,0,0,0,0,0,0
MC_s1_bola_TearsOfSteel,1789973115.943,0.1089,0,0,0,0,0,0
MC_s1_bola_TearsOfSteel,1789973116.05,0.1071,0,0,0,0,0,0
MC_s1_bola_TearsOfSteel,1789973116.159,0.1094,0,0,0,0,0,0
MC_s1_bola_TearsOfSteel,1789973116.267,0.1074,0,0,0,0,0,0
MC_s1_bola_TearsOfSteel,1789973116.374,0.107,0,0,0,0,0,0
MC_s1_bola_TearsOfSteel,1789973116.481,0.1072,0,0,0,0,0,0
MC_s1_bola_TearsOfSteel,1789973116.589,0.1075,0,0,0,0,0,0
MC_s1_bola_TearsOfSteel,1789973116.696,0.1074,449,1,0,326497682.0,0,1
MC_s1_bola_TearsOfSteel,1789973116.803,0.1073,3052,3,0,435094081.3,156359523.7,2
MC_s1_bola_TearsOfSteel,1789973116.911,0.1071,0,0,0,0,0,0
MC_s1_bola_TearsOfSteel,1789973117.018,0.1077,7604,7,0,346832596.6,92295397.6,2
MC_s1_bola_TearsOfSteel,1789973117.125,0.1071,4552,4,0,304923197.5,130886799.0,2
MC_s1_bola_TearsOfSteel,1789973117.233,0.1074,3052,3,0,288096994.3,30004669.0,2
MC_s1_bola_TearsOfSteel,1789973117.34,0.1077,7604,7,0,237585079.9,181365744.2,2
MC_s1_bola_TearsOfSteel,1789973117.45,0.1092,0,0,0,0,0,0
MC_s1_bola_TearsOfSteel,1789973117.557,0.1074,7604,7,0,200466056.7,159613113.3,2
MC_s1_bola_TearsOfSteel,1789973117.664,0.1074,4552,4,0,184369350.5,188623173.1,2
MC_s1_bola_TearsOfSteel,1789973117.772,0.1073,3052,3,0,182362923.0,188329813.3,2
MC_s1_bola_TearsOfSteel,1789973117.879,0.1072,6104,6,0,168154568.3,216670371.4,2
MC_s1_bola_TearsOfSteel,1789973117.986,0.1072,0,0,0,0,0,0
MC_s1_bola_TearsOfSteel,1789973118.093,0.1073,6104,6,0,156738272.3,260166423.0,2
MC_s1_bola_TearsOfSteel,1789973118.201,0.1073,0,0,0,0,0,0
MC_s1_bola_TearsOfSteel,1789973118.308,0.1075,6104,6,0,148942510.0,274683768.2,2
MC_s1_bola_TearsOfSteel,1789973118.415,0.1071,3052,3,0,151246179.3,347094658.2,2
MC_s1_bola_TearsOfSteel,1789973118.522,0.1072,3052,3,0,142445681.0,216774426.1,2
MC_s1_bola_TearsOfSteel,1789973118.63,0.1073,6104,6,0,137005586.7,281941408.5,2
MC_s1_bola_TearsOfSteel,1789973118.737,0.1073,0,0,0,0,0,0
MC_s1_bola_TearsOfSteel,1789973118.845,0.1075,6104,6,0,130809154.7,267355969.0,2
MC_s1_bola_TearsOfSteel,1789973118.954,0.1098,3052,3,0,131675577.7,303652313.5,2
MC_s1_bola_TearsOfSteel,1789973119.061,0.107,3052,3,0,123989526.7,187641999.6,2
MC_s1_bola_TearsOfSteel,1789973119.169,0.1073,6104,6,0,116665679.0,224037575.0,2
MC_s1_bola_TearsOfSteel,1789973119.276,0.1073,6104,6,0,112245997.7,231160017.9,2
MC_s1_bola_TearsOfSteel,1789973119.383,0.1072,0,0,0,0,0,0
MC_s1_bola_TearsOfSteel,1789973119.49,0.1071,6104,6,0,110168968.7,252898244.6,2
MC_s1_bola_TearsOfSteel,1789973119.597,0.1072,0,0,0,0,0,0
MC_s1_bola_TearsOfSteel,1789973119.705,0.1073,6104,6,0,110002741.3,274711855.6,2
MC_s1_bola_TearsOfSteel,1789973119.812,0.1073,6104,6,0,108270060.0,268846405.6,2
MC_s1_bola_TearsOfSteel,1789973119.919,0.1073,6104,6,0,96783346.3,174024673.1,2
MC_s1_bola_TearsOfSteel,1789973120.027,0.1072,6104,6,0,87381086.7,129644903.8,2
MC_s1_bola_TearsOfSteel,1789973120.134,0.1072,6104,6,0,79344583.7,127174718.1,2
MC_s1_bola_TearsOfSteel,1789973120.241,0.1074,4767,5,0,80259096.0,135956845.5,2
MC_s1_bola_TearsOfSteel,1789973120.348,0.1071,6104,6,0,74258037.7,83246746.7,2
MC_s1_bola_TearsOfSteel,1789973120.456,0.108,6104,6,0,71988588.3,144293641.0,2
MC_s1_bola_TearsOfSteel,1789973120.563,0.1069,6104,6,0,71692397.0,187714308.0,2
MC_s1_bola_TearsOfSteel,1789973120.67,0.1071,6104,6,0,69723837.3,180577801.9,2
MC_s1_bola_TearsOfSteel,1789973120.778,0.1075,3052,3,0,72882313.3,216773451.2,2
MC_s1_bola_TearsOfSteel,1789973120.885,0.1072,3052,3,0,69694848.3,158864459.1,2
MC_s1_bola_TearsOfSteel,1789973120.992,0.1071,6104,6,0,69609565.7,194987563.2,2
MC_s1_bola_TearsOfSteel,1789973121.099,0.1073,6104,6,0,69486087.0,195034753.3,2
MC_s1_bola_TearsOfSteel,1789973121.215,0.1153,6104,6,0,67702492.0,180435583.8,2
MC_s1_bola_TearsOfSteel,1789973121.322,0.1073,6104,6,0,66211956.3,173196965.8,2
MC_s1_bola_TearsOfSteel,1789973121.429,0.1071,0,0,0,0,0,0
MC_s1_bola_TearsOfSteel,1789973121.536,0.1072,6104,6,0,70131821.0,218954262.7,2
MC_s1_bola_TearsOfSteel,1789973121.644,0.1072,6104,6,0,71398997.3,224989487.3,2
MC_s1_bola_TearsOfSteel,1789973121.751,0.1073,3052,3,0,75730416.0,260160166.6,2
MC_s1_bola_TearsOfSteel,1789973121.858,0.1073,3052,3,0,72404178.7,173091815.6,2
MC_s1_bola_TearsOfSteel,1789973121.965,0.1072,6104,6,0,73194491.7,216774759.7,2
MC_s1_bola_TearsOfSteel,1789973122.073,0.1073,6104,6,0,72176692.3,202275264.1,2
MC_s1_bola_TearsOfSteel,1789973122.18,0.1073,6104,6,0,71361782.3,194891733.8,2
MC_s1_bola_TearsOfSteel,1789973122.287,0.1073,0,0,0,0,0,0
MC_s1_bola_TearsOfSteel,1789973122.394,0.107,6104,6,0,73970817.7,223994883.1,2
MC_s1_bola_TearsOfSteel,1789973122.501,0.1071,6104,6,0,76078456.7,238503923.7,2
MC_s1_bola_TearsOfSteel,1789973122.609,0.1073,0,0,0,0,0,0
MC_s1_bola_TearsOfSteel,1789973122.716,0.1074,6104,6,0,77794820.3,238479512.5,2
MC_s1_bola_TearsOfSteel,1789973122.823,0.1073,3052,3,0,84453296.3,303693980.7,2
MC_s1_bola_TearsOfSteel,1789973122.931,0.1072,3052,3,0,80821653.3,202162460.3,2
MC_s1_bola_TearsOfSteel,1789973123.038,0.1072,6104,6,0,83285603.3,260160933.1,2
MC_s1_bola_TearsOfSteel,1789973123.145,0.1076,0,0,0,0,0,0
MC_s1_bola_TearsOfSteel,1789973123.253,0.1074,6104,6,0,85306135.0,260085622.6,2
MC_s1_bola_TearsOfSteel,1789973123.36,0.1077,4138,5,0,91625512.4,222906890.7,2
MC_s1_bola_TearsOfSteel,1789973123.468,0.1072,3052,3,0,91091796.0,93459336.1,2
MC_s1_bola_TearsOfSteel,1789973123.575,0.1073,12208,12,0,69407641.3,86386772.3,2
MC_s1_bola_TearsOfSteel,1789973123.682,0.1074,9156,9,0,57410855.0,86314931.0,2
MC_s1_bola_TearsOfSteel,1789973123.789,0.1071,12208,12,0,46156671.7,86406604.6,2
MC_s1_bola_TearsOfSteel,1789973123.897,0.1071,9156,9,0,40176828.7,86405832.2,2
MC_s1_bola_TearsOfSteel,1789973124.004,0.1073,6104,6,0,45232949.3,158814825.1,2
MC_s1_bola_TearsOfSteel,1789973124.111,0.1071,0,0,0,0,0,0
MC_s1_bola_TearsOfSteel,1789973124.219,0.1075,6104,6,0,50916719.7,209456892.4,2
MC_s1_bola_TearsOfSteel,1789973124.326,0.1074,6104,6,0,55484415.0,216774613.3,2
MC_s1_bola_TearsOfSteel,1789973124.433,0.1075,3052,3,0,61226665.0,260166478.2,2
MC_s1_bola_TearsOfSteel,1789973124.541,0.1073,3052,3,0,59173896.7,173242512.6,2
MC_s1_bola_TearsOfSteel,1789973124.648,0.1074,6104,6,0,62159223.3,216744796.7,2
MC_s1_bola_TearsOfSteel,1789973124.755,0.1074,3110,4,0,67783622.5,218972806.8,2
MC_s1_bola_TearsOfSteel,1789973124.863,0.1071,6104,6,0,69384723.7,110856731.4,2
MC_s1_bola_TearsOfSteel,1789973124.97,0.1072,6104,6,0,67091793.7,143711962.9,2
MC_s1_bola_TearsOfSteel,1789973125.077,0.1072,9156,9,0,55229407.3,105502929.5,2
MC_s1_bola_TearsOfSteel,1789973125.184,0.1075,12208,12,0,44242521.3,86372433.8,2
MC_s1_bola_TearsOfSteel,1789973125.292,0.1073,12208,12,0,36922837.3,86380910.3,2
MC_s1_bola_TearsOfSteel,1789973125.399,0.1071,9156,9,0,33033357.7,86376754.5,2
MC_s1_bola_TearsOfSteel,1789973125.506,0.1071,9156,9,0,30117250.0,86400461.2,2
MC_s1_bola_TearsOfSteel,1789973125.614,0.1076,3052,3,0,38287348.3,173275214.9,2
MC_s1_bola_TearsOfSteel,1789973125.721,0.1072,3052,3,0,38408765.3,173008955.9,2
MC_s1_bola_TearsOfSteel,1789973125.83,0.1093,6104,6,0,45094707.0,216669725.4,2
MC_s1_bola_TearsOfSteel,1789973125.937,0.1072,6104,6,0,50502705.7,216637127.4,2
MC_s1_bola_TearsOfSteel,1789973126.044,0.1072,3052,3,0,56612427.3,260167346.6,2
MC_s1_bola_TearsOfSteel,1789973126.152,0.1073,3052,3,0,54899007.3,173266107.7,2
MC_s1_bola_TearsOfSteel,1789973126.261,0.1092,6104,6,0,56841985.7,202240368.1,2
MC_s1_bola_TearsOfSteel,1789973126.369,0.1075,6104,6,0,60080576.3,209416100.1,2
MC_s1_bola_TearsOfSteel,1789973126.476,0.1072,6104,6,0,61094711.3,202271323.9,2
MC_s1_bola_TearsOfSteel,1789973126.583,0.1072,3052,3,0,64707186.7,231172511.8,2
MC_s1_bola_TearsOfSteel,1789973126.69,0.1073,6104,6,0,63994687.3,187754606.8,2
MC_s1_bola_TearsOfSteel,1789973126.798,0.1073,3052,3,0,61031776.7,144294765.9,2
MC_s1_bola_TearsOfSteel,1789973126.905,0.1074,6104,6,0,65246003.7,216668690.7,2
MC_s1_bola_TearsOfSteel,1789973127.012,0.1072,0,0,0,0,0,0
MC_s1_bola_TearsOfSteel,1789973127.119,0.1072,6104,6,0,70335443.3,252894720.7,2
MC_s1_bola_TearsOfSteel,1789973127.226,0.1072,3052,3,0,77582360.3,318133691.8,2
MC_s1_bola_TearsOfSteel,1789973127.337,0.111,3052,3,0,74487583.3,202071242.9,2
MC_s1_bola_TearsOfSteel,1789973127.445,0.1074,6104,6,0,77871124.3,260167190.6,2
MC_s1_bola_TearsOfSteel,1789973127.552,0.1072,9156,9,0,68027313.0,172295637.4,2
MC_s1_bola_TearsOfSteel,1789973127.66,0.1077,4133,5,0,66879522.6,53149152.4,2
MC_s1_bola_TearsOfSteel,1789973127.768,0.108,6104,6,0,65393011.7,536858.0,2
MC_s1_bola_TearsOfSteel,1789973127.875,0.1073,3052,3,0,62421870.3,144398077.5,2
MC_s1_bola_TearsOfSteel,1789973127.982,0.1075,6104,6,0,61659322.0,173291040.8,2
MC_s1_bola_TearsOfSteel,1789973128.09,0.1074,6104,6,0,61026425.7,173254670.6,2
MC_s1_bola_TearsOfSteel,1789973128.197,0.1075,3052,3,0,69272156.7,260045682.0,2
MC_s1_bola_TearsOfSteel,1789973128.305,0.1074,3052,3,0,67066561.7,202243687.7,2
MC_s1_bola_TearsOfSteel,1789973128.412,0.1073,6104,6,0,71960135.3,260200174.9,2
MC_s1_bola_TearsOfSteel,1789973128.519,0.1074,3052,3,0,77620649.3,303605667.7,2
MC_s1_bola_TearsOfSteel,1789973128.627,0.1074,3052,3,0,74293581.7,187619079.4,2
MC_s1_bola_TearsOfSteel,1789973128.734,0.1075,6104,6,0,76204420.0,238489521.9,2
MC_s1_bola_TearsOfSteel,1789973128.842,0.1077,0,0,0,0,0,0
MC_s1_bola_TearsOfSteel,1789973128.952,0.1103,6104,6,0,81060830.0,267345850.5,2
MC_s1_bola_TearsOfSteel,1789973129.06,0.1074,3052,3,0,88840454.0,347029536.8,2
MC_s1_bola_TearsOfSteel,1789973129.167,0.1076,3052,3,0,85025787.3,216639526.2,2
MC_s1_bola_TearsOfSteel,1789973129.275,0.1081,6104,6,0,86639068.3,267328532.7,2
MC_s1_bola_TearsOfSteel,1789973129.383,0.1076,0,0,0,0,0,0
MC_s1_bola_TearsOfSteel,1789973129.49,0.1073,6104,6,0,89624717.3,274654717.8,2
MC_s1_bola_TearsOfSteel,1789973129.598,0.1075,3052,3,0,93615034.7,318179873.1,2
MC_s1_bola_TearsOfSteel,1789973129.705,0.1075,3052,3,0,88793730.7,187779736.0,2
MC_s1_bola_TearsOfSteel,1789973129.813,0.1077,4821,5,0,93012177.8,223517817.7,2
MC_s1_bola_TearsOfSteel,1789973129.92,0.1073,0,0,0,0,0,0
MC_s1_bola_TearsOfSteel,1789973130.028,0.1073,3052,3,0,99648192.0,168735552.1,2
MC_s1_bola_TearsOfSteel,1789973130.135,0.1076,3052,3,0,102451511.3,160982500.4,2
MC_s1_bola_TearsOfSteel,1789973130.243,0.1076,0,0,0,0,0,0
MC_s1_bola_TearsOfSteel,1789973130.351,0.1078,7604,7,0,91874724.1,145236352.7,2
MC_s1_bola_TearsOfSteel,1789973130.458,0.1076,3052,3,0,94405353.7,144386678.3,2
MC_s1_bola_TearsOfSteel,1789973130.565,0.107,3052,3,0,89097587.3,674292.0,2
MC_s1_bola_TearsOfSteel,1789973130.673,0.1074,6104,6,0,86574020.7,216779942.6,2
MC_s1_bola_TearsOfSteel,1789973130.78,0.1077,6104,6,0,86234165.3,231116894.2,2
MC_s1_bola_TearsOfSteel,1789973130.888,0.1075,0,0,0,0,0,0
MC_s1_bola_TearsOfSteel,1789973130.995,0.1073,6104,6,0,85995608.0,238467982.1,2
MC_s1_bola_TearsOfSteel,1789973131.103,0.1075,6104,6,0,85835986.0,238421457.5,2
MC_s1_bola_TearsOfSteel,1789973131.21,0.1077,0,0,0,0,0,0
MC_s1_bola_TearsOfSteel,1789973131.32,0.1095,6104,6,0,85749440.7,238421063.0,2
MC_s1_bola_TearsOfSteel,1789973131.427,0.1073,3052,3,0,93146244.7,318113741.0,2
MC_s1_bola_TearsOfSteel,1789973131.534,0.1074,3052,3,0,88967565.3,216632395.2,2
MC_s1_bola_TearsOfSteel,1789973131.642,0.1074,6104,6,0,91568855.3,281954110.6,2
MC_s1_bola_TearsOfSteel,1789973131.749,0.1076,0,0,0,0,0,0
MC_s1_bola_TearsOfSteel,1789973131.857,0.1073,6104,6,0,92089682.0,267195039.0,2
MC_s1_bola_TearsOfSteel,1789973131.964,0.1075,3052,3,0,97394792.0,318008004.0,2
MC_s1_bola_TearsOfSteel,1789973132.072,0.1076,3052,3,0,92556664.0,202314095.5,2
MC_s1_bola_TearsOfSteel,1789973132.179,0.1075,6104,6,0,92954472.3,260142482.7,2
MC_s1_bola_TearsOfSteel,1789973132.287,0.1077,0,0,0,0,0,0
MC_s1_bola_TearsOfSteel,1789973132.394,0.1074,6104,6,0,93296690.7,260219491.3,2
MC_s1_bola_TearsOfSteel,1789973132.502,0.1074,3052,3,0,98512349.7,318132608.8,2
MC_s1_bola_TearsOfSteel,1789973132.609,0.1075,3052,3,0,93596594.7,202291516.8,2
MC_s1_bola_TearsOfSteel,1789973132.717,0.1075,6104,6,0,93853272.3,260037452.7,2
MC_s1_bola_TearsOfSteel,1789973132.824,0.1076,0,0,0,0,0,0
MC_s1_bola_TearsOfSteel,1789973132.932,0.1077,6104,6,0,94084652.7,260182166.6,2
MC_s1_bola_TearsOfSteel,1789973133.04,0.1076,4441,5,0,98059207.2,213168705.2,2
MC_s1_bola_TearsOfSteel,1789973133.147,0.1076,0,0,0,0,0,0
MC_s1_bola_TearsOfSteel,1789973133.255,0.1077,6104,6,0,95752414.7,139387818.2,2
MC_s1_bola_TearsOfSteel,1789973133.362,0.1073,3052,3,0,100758374.3,468793.0,2
MC_s1_bola_TearsOfSteel,1789973133.47,0.1074,3052,3,0,95643652.0,202263281.8,2
MC_s1_bola_TearsOfSteel,1789973133.577,0.1077,6104,6,0,95575989.7,260188480.6,2
MC_s1_bola_TearsOfSteel,1789973133.685,0.1075,0,0,0,0,0,0
MC_s1_bola_TearsOfSteel,1789973133.793,0.1076,6104,6,0,95535182.0,260205339.0,2
MC_s1_bola_TearsOfSteel,1789973133.9,0.1075,3052,3,0,100583276.7,318190381.7,2
MC_s1_bola_TearsOfSteel,1789973134.007,0.1073,3052,3,0,95508515.7,202283026.3,2
MC_s1_bola_TearsOfSteel,1789973134.115,0.1075,6104,6,0,95497792.0,260215492.3,2
MC_s1_bola_TearsOfSteel,1789973134.222,0.1074,6104,6,0,89118972.3,203930385.4,2
MC_s1_bola_TearsOfSteel,1789973134.331,0.1089,0,0,0,0,0,0
MC_s1_bola_TearsOfSteel,1789973134.439,0.1075,6104,6,0,90312506.0,232113945.2,2
MC_s1_bola_TearsOfSteel,1789973134.546,0.1073,3052,3,0,95892033.3,317910406.1,2
MC_s1_bola_TearsOfSteel,1789973134.653,0.1075,2995,4,0,93366924.0,167361744.8,2
MC_s1_bola_TearsOfSteel,1789973134.761,0.1075,0,0,0,0,0,0
MC_s1_bola_TearsOfSteel,1789973134.868,0.1072,0,0,0,0,0,0
MC_s1_bola_TearsOfSteel,1789973134.975,0.1072,449,1,1,120233253.0,0,1
MC_s1_bola_TearsOfSteel,1789973135.083,0.1074,0,0,0,0,0,0
MC_s1_bola_TearsOfSteel,1789973135.19,0.1075,0,0,0,0,0,0
MC_s1_bola_TearsOfSteel,1789973135.297,0.1074,449,1,1,113253129.0,0,1
MC_s1_bola_TearsOfSteel,1789973135.405,0.1073,0,0,0,0,0,0
MC_s1_bola_TearsOfSteel,1789973135.512,0.1074,0,0,0,0,0,0
MC_s1_bola_TearsOfSteel,1789973135.62,0.1073,0,0,0,0,0,0
MC_s1_bola_TearsOfSteel,1789973135.727,0.1076,0,0,0,0,0,0
MC_s1_bola_TearsOfSteel,1789973135.839,0.1123,449,1,1,123875991.0,0,1
MC_s1_bola_TearsOfSteel,1789973135.95,0.1103,0,0,0,0,0,0
MC_s1_bola_TearsOfSteel,1789973136.057,0.1073,0,0,0,0,0,0
MC_s1_bola_TearsOfSteel,1789973136.165,0.1076,0,0,0,0,0,0
MC_s1_bola_TearsOfSteel,1789973136.272,0.1076,0,0,0,0,0,0
MC_s1_bola_TearsOfSteel,1789973136.388,0.1154,0,0,0,0,0,0
MC_s1_bola_TearsOfSteel,1789973136.495,0.1074,0,0,0,0,0,0
MC_s1_bola_TearsOfSteel,1789973136.602,0.1074,0,0,0,0,0,0
MC_s1_bola_TearsOfSteel,1789973136.71,0.1075,0,0,0,0,0,0
MC_s1_bola_TearsOfSteel,1789973136.817,0.1075,0,0,0,0,0,0
MC_s1_bola_TearsOfSteel,1789973136.925,0.108,1552,2,0,182291694.5,990333212.2,2
MC_s1_bola_TearsOfSteel,1789973137.033,0.1074,1500,1,0,338944023.0,106230998.0,1
MC_s1_bola_TearsOfSteel,1789973137.14,0.1075,6104,6,0,245799717.3,15232499.5,2
MC_s1_bola_TearsOfSteel,1789973137.248,0.1077,4552,4,0,228771034.5,174339608.9,2
MC_s1_bola_TearsOfSteel,1789973137.355,0.1073,3052,3,0,204395510.7,188319338.9,2
MC_s1_bola_TearsOfSteel,1789973137.463,0.1076,4552,4,0,190873019.5,188690084.9,2
MC_s1_bola_TearsOfSteel,1789973137.57,0.107,3052,3,0,173619483.7,188226536.9,2
MC_s1_bola_TearsOfSteel,1789973137.678,0.1076,6104,6,0,157485432.0,187762805.3,2
MC_s1_bola_TearsOfSteel,1789973137.785,0.1075,0,0,0,0,0,0
MC_s1_bola_TearsOfSteel,1789973137.893,0.1075,6104,6,0,145058464.3,260157499.5,2
MC_s1_bola_TearsOfSteel,1789973138.0,0.1073,6104,6,0,135244674.0,260151789.9,2
MC_s1_bola_TearsOfSteel,1789973138.108,0.1076,0,0,0,0,0,0
MC_s1_bola_TearsOfSteel,1789973138.215,0.1078,6104,6,0,127497376.7,260158605.3,2
MC_s1_bola_TearsOfSteel,1789973138.323,0.1075,3052,3,0,129319056.7,318181711.4,2
MC_s1_bola_TearsOfSteel,1789973138.43,0.1074,3052,3,0,121370786.7,202307356.8,2
MC_s1_bola_TearsOfSteel,1789973138.538,0.108,6104,6,0,116498439.7,260092233.4,2
MC_s1_bola_TearsOfSteel,1789973138.646,0.1076,0,0,0,0,0,0
MC_s1_bola_TearsOfSteel,1789973138.753,0.1075,6104,6,0,112628044.7,260144409.9,2
MC_s1_bola_TearsOfSteel,1789973138.861,0.1075,3052,3,0,116060390.7,318226949.8,2
MC_s1_bola_TearsOfSteel,1789973138.968,0.1074,3052,3,0,109527353.0,202154852.2,2
MC_s1_bola_TearsOfSteel,1789973139.076,0.1076,6104,6,0,107038917.0,260199988.9,2
MC_s1_bola_TearsOfSteel,1789973139.183,0.1076,0,0,0,0,0,0
MC_s1_bola_TearsOfSteel,1789973139.291,0.1074,6104,6,0,105032310.0,260262770.8,2
MC_s1_bola_TearsOfSteel,1789973139.398,0.1072,3052,3,0,109248126.3,318072211.2,2
MC_s1_bola_TearsOfSteel,1789973139.505,0.1073,3052,3,0,103426683.3,202264495.2,2
MC_s1_bola_TearsOfSteel,1789973139.613,0.1076,6104,6,0,98397176.7,227254859.0,2
MC_s1_bola_TearsOfSteel,1789973139.721,0.1076,3104,4,0,108743190.5,281191817.7,2
MC_s1_bola_TearsOfSteel,1789973139.831,0.1105,2468,3,0,95304671.3,197480774.0,2
MC_s1_bola_TearsOfSteel,1789973139.939,0.1077,3104,4,0,94911335.5,141324757.1,2
MC_s1_bola_TearsOfSteel,1789973140.046,0.1074,0,0,0,0,0,0
MC_s1_bola_TearsOfSteel,1789973140.154,0.1078,3052,3,0,102380159.7,173596243.9,2
MC_s1_bola_TearsOfSteel,1789973140.262,0.1077,1500,1,0,99435367.0,0,1
MC_s1_bola_TearsOfSteel,1789973140.369,0.1074,3052,3,0,100505531.3,188381775.0,2
MC_s1_bola_TearsOfSteel,1789973140.477,0.1075,3052,3,0,103213372.0,158952613.7,2
MC_s1_bola_TearsOfSteel,1789973140.584,0.1077,0,0,0,0,0,0
MC_s1_bola_TearsOfSteel,1789973140.692,0.1077,3052,3,0,104596877.0,173470989.7,2
MC_s1_bola_TearsOfSteel,1789973140.8,0.1079,1500,1,0,111596209.0,0,1
MC_s1_bola_TearsOfSteel,1789973140.907,0.1074,3052,3,0,101903011.7,188241347.1,2
MC_s1_bola_TearsOfSteel,1789973141.015,0.1075,1500,1,0,111089981.0,0,1
MC_s1_bola_TearsOfSteel,1789973141.122,0.1077,3052,3,0,99728527.3,188327643.5,2
MC_s1_bola_TearsOfSteel,1789973141.23,0.1078,4552,4,0,100011737.5,189045331.4,2
MC_s1_bola_TearsOfSteel,1789973141.338,0.1082,0,0,0,0,0,0
MC_s1_bola_TearsOfSteel,1789973141.448,0.1095,4552,4,0,98546919.2,189090275.0,2
MC_s1_bola_TearsOfSteel,1789973141.555,0.1076,1500,1,0,109125291.0,0,1
MC_s1_bola_TearsOfSteel,1789973141.663,0.1079,3052,3,0,93344887.3,173795486.1,2
MC_s1_bola_TearsOfSteel,1789973141.771,0.1079,3052,3,0,95897962.7,159132180.3,2
MC_s1_bola_TearsOfSteel,1789973141.879,0.1074,0,0,0,0,0,0
MC_s1_bola_TearsOfSteel,1789973141.986,0.1076,3052,3,0,97479247.3,173467986.5,2
MC_s1_bola_TearsOfSteel,1789973142.094,0.1079,0,0,0,0,0,0
MC_s1_bola_TearsOfSteel,1789973142.202,0.1079,4552,4,0,99230296.5,189126658.2,2
MC_s1_bola_TearsOfSteel,1789973142.31,0.1077,3466,4,0,89743913.5,140095785.8,2
MC_s1_bola_TearsOfSteel,1789973142.417,0.1077,0,0,0,0,0,0
MC_s1_bola_TearsOfSteel,1789973142.525,0.1076,6104,6,0,95716524.3,139912114.1,2
MC_s1_bola_TearsOfSteel,1789973142.633,0.1077,3052,3,0,99550368.0,158955447.1,2
MC_s1_bola_TearsOfSteel,1789973142.74,0.1078,0,0,0,0,0,0
MC_s1_bola_TearsOfSteel,1789973142.849,0.1088,3052,3,0,101168725.7,173629355.6,2
MC_s1_bola_TearsOfSteel,1789973142.96,0.1106,0,0,0,0,0,0
MC_s1_bola_TearsOfSteel,1789973143.068,0.1076,4552,4,0,101978338.5,189135059.5,2
MC_s1_bola_TearsOfSteel,1789973143.175,0.1077,1500,1,0,116457800.0,0,1
MC_s1_bola_TearsOfSteel,1789973143.283,0.1077,3052,3,0,95787994.0,188159882.9,2
MC_s1_bola_TearsOfSteel,1789973143.391,0.1077,3052,3,0,97321569.7,144444790.7,2
MC_s1_bola_TearsOfSteel,1789973143.498,0.1074,0,0,0,0,0,0
MC_s1_bola_TearsOfSteel,1789973143.606,0.1075,3052,3,0,98937620.7,173509531.5,2
MC_s1_bola_TearsOfSteel,1789973143.714,0.1079,1500,1,0,120962187.0,0,1
MC_s1_bola_TearsOfSteel,1789973143.821,0.1077,3052,3,0,95846484.0,188328658.1,2
MC_s1_bola_TearsOfSteel,1789973143.929,0.1076,4552,4,0,98577891.5,189136377.8,2
MC_s1_bola_TearsOfSteel,1789973144.037,0.1076,0,0,0,0,0,0
MC_s1_bola_TearsOfSteel,1789973144.145,0.108,3052,3,0,95106719.0,145981701.9,2
MC_s1_bola_TearsOfSteel,1789973144.253,0.108,3052,3,0,96821986.3,174226309.0,2
MC_s1_bola_TearsOfSteel,1789973144.36,0.1076,0,0,0,0,0,0
MC_s1_bola_TearsOfSteel,1789973144.468,0.108,4552,4,0,97151180.5,160023002.5,2
MC_s1_bola_TearsOfSteel,1789973144.576,0.108,1500,1,0,116873305.0,0,1
MC_s1_bola_TearsOfSteel,1789973144.684,0.1079,3052,3,0,89787223.0,184977616.0,2
MC_s1_bola_TearsOfSteel,1789973144.792,0.1079,3052,3,0,90736519.0,130095914.8,2
MC_s1_bola_TearsOfSteel,1789973144.9,0.1076,3052,3,0,90140672.0,144616531.4,2
MC_s1_bola_TearsOfSteel,1789973145.007,0.1078,0,0,0,0,0,0
MC_s1_bola_TearsOfSteel,1789973145.115,0.1077,4552,4,0,91424184.0,160128828.5,2
MC_s1_bola_TearsOfSteel,1789973145.223,0.1079,4552,4,0,87852853.5,160079561.7,2
MC_s1_bola_TearsOfSteel,1789973145.332,0.1094,3052,3,0,78212526.3,29970094.0,2
MC_s1_bola_TearsOfSteel,1789973145.443,0.1103,7604,7,0,77189667.9,181327175.2,2
MC_s1_bola_TearsOfSteel,1789973145.55,0.1075,0,0,0,0,0,0
MC_s1_bola_TearsOfSteel,1789973145.658,0.1079,1259,2,0,71812940.0,110292460.8,2
MC_s1_bola_TearsOfSteel,1789973145.766,0.1079,6104,6,0,73213466.0,141393957.9,2
MC_s1_bola_TearsOfSteel,1789973145.874,0.1077,1500,1,0,85244670.0,0,1
MC_s1_bola_TearsOfSteel,1789973145.981,0.1077,6104,6,0,72500971.0,188007682.8,2
MC_s1_bola_TearsOfSteel,1789973146.089,0.1078,3052,3,0,79341920.0,173261613.4,2
MC_s1_bola_TearsOfSteel,1789973146.197,0.108,4552,4,0,72711067.0,189239525.9,2
MC_s1_bola_TearsOfSteel,1789973146.305,0.1078,4552,4,0,76755616.0,188801474.3,2
MC_s1_bola_TearsOfSteel,1789973146.412,0.1075,3052,3,0,72408481.3,188270417.1,2
MC_s1_bola_TearsOfSteel,1789973146.522,0.1095,7604,7,0,72209576.0,188551273.9,2
MC_s1_bola_TearsOfSteel,1789973146.63,0.1078,0,0,0,0,0,0
MC_s1_bola_TearsOfSteel,1789973146.737,0.1078,6104,6,0,76150642.3,187705727.7,2
MC_s1_bola_TearsOfSteel,1789973146.845,0.1078,3052,3,0,82883923.0,318174297.1,2
MC_s1_bola_TearsOfSteel,1789973146.954,0.1088,3052,3,0,79325721.7,202101934.1,2
MC_s1_bola_TearsOfSteel,1789973147.061,0.1075,6104,6,0,81922562.0,260217833.2,2
MC_s1_bola_TearsOfSteel,1789973147.169,0.1076,0,0,0,0,0,0
MC_s1_bola_TearsOfSteel,1789973147.277,0.1078,6104,6,0,84067044.3,260204434.0,2
MC_s1_bola_TearsOfSteel,1789973147.384,0.1075,3052,3,0,90060871.3,318140279.2,2
MC_s1_bola_TearsOfSteel,1789973147.492,0.1078,3052,3,0,85842150.0,202273070.6,2
MC_s1_bola_TearsOfSteel,1789973147.6,0.1078,6104,6,0,87312910.3,260195101.5,2
MC_s1_bola_TearsOfSteel,1789973147.708,0.1078,3052,3,0,90195088.3,290790365.8,2
MC_s1_bola_TearsOfSteel,1789973147.816,0.1078,3052,3,0,85451456.3,174988426.3,2
MC_s1_bola_TearsOfSteel,1789973147.923,0.1076,4045,5,0,90069624.6,196488699.1,2
MC_s1_bola_TearsOfSteel,1789973148.031,0.1078,3052,3,0,94547253.0,141666817.8,2
MC_s1_bola_TearsOfSteel,1789973148.139,0.1077,3052,3,0,89902390.0,524256.0,2
MC_s1_bola_TearsOfSteel,1789973148.246,0.1078,6104,6,0,92459451.7,217402118.3,2
MC_s1_bola_TearsOfSteel,1789973148.354,0.1076,0,0,0,0,0,0
MC_s1_bola_TearsOfSteel,1789973148.462,0.1076,6104,6,0,93719444.0,274965161.2,2
MC_s1_bola_TearsOfSteel,1789973148.569,0.1078,6104,6,0,86983310.7,216726674.6,2
MC_s1_bola_TearsOfSteel,1789973148.677,0.1078,3052,3,0,89794955.3,231191250.6,2
MC_s1_bola_TearsOfSteel,1789973148.785,0.1078,3052,3,0,85112397.0,173202705.0,2
MC_s1_bola_TearsOfSteel,1789973148.893,0.1076,6104,6,0,83598262.3,216763113.8,2
MC_s1_bola_TearsOfSteel,1789973149.0,0.1076,3052,3,0,89739864.3,289201573.7,2
MC_s1_bola_TearsOfSteel,1789973149.108,0.1078,3052,3,0,85650100.3,202286893.2,2
MC_s1_bola_TearsOfSteel,1789973149.216,0.1079,6104,6,0,87321724.3,260112795.3,2
MC_s1_bola_TearsOfSteel,1789973149.324,0.1084,0,0,0,0,0,0
MC_s1_bola_TearsOfSteel,1789973149.432,0.1079,6104,6,0,88688755.7,260106044.1,2
MC_s1_bola_TearsOfSteel,1789973149.54,0.1077,3052,3,0,94345979.0,318004979.9,2
MC_s1_bola_TearsOfSteel,1789973149.648,0.1077,3052,3,0,89813239.3,202192016.0,2
MC_s1_bola_TearsOfSteel,1789973149.756,0.1081,6104,6,0,92372919.3,274732207.6,2
MC_s1_bola_TearsOfSteel,1789973149.863,0.1076,0,0,0,0,0,0
MC_s1_bola_TearsOfSteel,1789973149.971,0.1076,6104,6,0,92826986.7,267384567.7,2
MC_s1_bola_TearsOfSteel,1789973150.079,0.1079,3052,3,0,96597838.3,303645032.0,2
MC_s1_bola_TearsOfSteel,1789973150.186,0.1077,3052,3,0,91577873.7,187747226.6,2
MC_s1_bola_TearsOfSteel,1789973150.294,0.1076,879,2,0,95971382.5,68632573.4,2
MC_s1_bola_TearsOfSteel,1789973150.402,0.1075,6104,6,0,88741791.3,155609053.6,2
MC_s1_bola_TearsOfSteel,1789973150.509,0.1077,0,0,0,0,0,0
MC_s1_bola_TearsOfSteel,1789973150.617,0.1076,6104,6,0,88170158.7,186834487.4,2
MC_s1_bola_TearsOfSteel,1789973150.725,0.1078,6104,6,0,82880599.0,194584866.2,2
MC_s1_bola_TearsOfSteel,1789973150.835,0.1106,6104,6,0,78591448.3,173297866.4,2
MC_s1_bola_TearsOfSteel,1789973150.943,0.1082,6104,6,0,75092296.7,173294889.2,2
MC_s1_bola_TearsOfSteel,1789973151.051,0.1075,6104,6,0,72237993.3,173270646.1,2
MC_s1_bola_TearsOfSteel,1789973151.158,0.1075,6104,6,0,69900109.0,173209154.7,2
MC_s1_bola_TearsOfSteel,1789973151.266,0.1078,6104,6,0,67981713.0,173269811.3,2
MC_s1_bola_TearsOfSteel,1789973151.374,0.1075,6104,6,0,66397410.3,173258343.5,2
MC_s1_bola_TearsOfSteel,1789973151.481,0.1075,3052,3,0,68249571.7,202187878.1,2
MC_s1_bola_TearsOfSteel,1789973151.591,0.1097,6104,6,0,67050263.3,173234172.0,2
MC_s1_bola_TearsOfSteel,1789973151.699,0.1078,6104,6,0,66040715.0,173110087.8,2
MC_s1_bola_TearsOfSteel,1789973151.807,0.1078,3052,3,0,63066517.3,144268182.2,2
MC_s1_bola_TearsOfSteel,1789973151.914,0.1076,7337,7,0,62285798.0,177798908.8,2
MC_s1_bola_TearsOfSteel,1789973152.022,0.1075,52,1,0,71015246.0,42878571.0,1
MC_s1_bola_TearsOfSteel,1789973152.129,0.1077,0,0,0,0,0,0
MC_s1_bola_TearsOfSteel,1789973152.237,0.1074,0,0,0,0,0,0
MC_s1_bola_TearsOfSteel,1789973152.344,0.1075,0,0,0,0,0,0
MC_s1_bola_TearsOfSteel,1789973152.454,0.1098,449,1,0,88756408.0,0,1
MC_s1_bola_TearsOfSteel,1789973152.562,0.1074,6104,6,0,106577615.0,73418416.6,2
MC_s1_bola_TearsOfSteel,1789973152.669,0.1078,3052,3,0,108554833.0,535015.0,2
MC_s1_bola_TearsOfSteel,1789973152.777,0.1078,3052,3,0,101962584.0,187734933.0,2
MC_s1_bola_TearsOfSteel,1789973152.885,0.1075,6104,6,0,100030306.3,252938179.5,2
MC_s1_bola_TearsOfSteel,1789973152.992,0.1076,0,0,0,0,0,0
MC_s1_bola_TearsOfSteel,1789973153.1,0.1074,6104,6,0,98600318.0,260100512.0,2
MC_s1_bola_TearsOfSteel,1789973153.207,0.1078,3052,3,0,104595912.0,332578344.0,2
MC_s1_bola_TearsOfSteel,1789973153.315,0.1078,3052,3,0,99184091.3,216778471.0,2
MC_s1_bola_TearsOfSteel,1789973153.423,0.1077,6104,6,0,96454109.3,253020526.6,2
MC_s1_bola_TearsOfSteel,1789973153.53,0.1075,0,0,0,0,0,0
MC_s1_bola_TearsOfSteel,1789973153.638,0.1078,6104,6,0,95963806.0,252787239.6,2
MC_s1_bola_TearsOfSteel,1789973153.746,0.1078,6104,6,0,95627404.0,260135051.7,2
MC_s1_bola_TearsOfSteel,1789973153.854,0.1076,0,0,0,0,0,0
MC_s1_bola_TearsOfSteel,1789973153.961,0.1075,6104,6,0,97039061.0,274631614.9,2
MC_s1_bola_TearsOfSteel,1789973154.068,0.1073,0,0,0,0,0,0
MC_s1_bola_TearsOfSteel,1789973154.176,0.1078,6104,6,0,94942967.0,252954395.1,2
MC_s1_bola_TearsOfSteel,1789973154.284,0.1078,6104,6,0,94916738.7,252976854.0,2
MC_s1_bola_TearsOfSteel,1789973154.391,0.1075,0,0,0,0,0,0
MC_s1_bola_TearsOfSteel,1789973154.499,0.1077,6104,6,0,94921149.7,260166339.7,2
MC_s1_bola_TearsOfSteel,1789973154.607,0.1076,6104,6,0,91758955.0,232022805.0,2
MC_s1_bola_TearsOfSteel,1789973154.715,0.1079,1162,1,0,81529028.0,217918964.0,1
MC_s1_bola_TearsOfSteel,1789973154.823,0.1078,52,1,0,109748298.0,54453352.0,1
MC_s1_bola_TearsOfSteel,1789973154.93,0.1075,0,0,0,0,0,0
MC_s1_bola_TearsOfSteel,1789973155.038,0.1076,0,0,0,0,0,0
MC_s1_bola_TearsOfSteel,1789973155.145,0.1074,0,0,0,0,0,0
MC_s1_bola_TearsOfSteel,1789973155.253,0.1079,0,0,0,0,0,0
MC_s1_bola_TearsOfSteel,1789973155.36,0.1076,0,0,0,0,0,0
MC_s1_bola_TearsOfSteel,1789973155.468,0.1076,0,0,0,0,0,0
MC_s1_bola_TearsOfSteel,1789973155.575,0.1075,0,0,0,0,0,0
MC_s1_bola_TearsOfSteel,1789973155.683,0.1077,0,0,0,0,0,0
MC_s1_bola_TearsOfSteel,1789973155.791,0.1077,0,0,0,0,0,0
MC_s1_bola_TearsOfSteel,1789973155.898,0.1075,0,0,0,0,0,0
MC_s1_bola_TearsOfSteel,1789973156.006,0.1075,0,0,0,0,0,0
MC_s1_bola_TearsOfSteel,1789973156.113,0.1076,0,0,0,0,0,0
MC_s1_bola_TearsOfSteel,1789973156.221,0.1079,0,0,0,0,0,0
MC_s1_bola_TearsOfSteel,1789973156.329,0.1079,0,0,0,0,0,0
MC_s1_bola_TearsOfSteel,1789973156.437,0.1081,0,0,0,0,0,0
MC_s1_bola_TearsOfSteel,1789973156.545,0.1076,0,0,0,0,0,0
MC_s1_bola_TearsOfSteel,1789973156.661,0.1157,0,0,0,0,0,0
MC_s1_bola_TearsOfSteel,1789973156.768,0.1079,449,1,0,218815906.0,0,1
MC_s1_bola_TearsOfSteel,1789973156.876,0.1077,3052,3,0,327258903.0,138952343.5,2
MC_s1_bola_TearsOfSteel,1789973156.984,0.1075,0,0,0,0,0,0
MC_s1_bola_TearsOfSteel,1789973157.091,0.1078,3052,3,0,307063762.0,158909935.7,2
MC_s1_bola_TearsOfSteel,1789973157.199,0.108,1500,1,0,299383516.0,0,1
MC_s1_bola_TearsOfSteel,1789973157.307,0.1078,6104,6,0,256082710.0,130178482.3,2
MC_s1_bola_TearsOfSteel,1789973157.415,0.1077,3052,3,0,235161945.0,86576201.4,2
MC_s1_bola_TearsOfSteel,1789973157.523,0.1076,4552,4,0,204885794.2,101770776.8,2
MC_s1_bola_TearsOfSteel,1789973157.63,0.1077,4552,4,0,182013317.8,101700653.6,2
MC_s1_bola_TearsOfSteel,1789973157.738,0.1077,4552,4,0,162739491.0,101751421.7,2
MC_s1_bola_TearsOfSteel,1789973157.846,0.1075,4552,4,0,146459766.8,101701353.0,2
MC_s1_bola_TearsOfSteel,1789973157.955,0.1092,7604,7,0,125811130.4,101665514.7,2
MC_s1_bola_TearsOfSteel,1789973158.062,0.1074,4552,4,0,115688889.5,116066082.7,2
MC_s1_bola_TearsOfSteel,1789973158.17,0.1076,6104,6,0,110732373.3,130099954.8,2
MC_s1_bola_TearsOfSteel,1789973158.278,0.1077,6104,6,0,102682646.7,115269660.0,2
MC_s1_bola_TearsOfSteel,1789973158.385,0.1074,3052,3,0,96674603.7,144195259.7,2
MC_s1_bola_TearsOfSteel,1789973158.492,0.1075,6104,6,0,90637205.3,173231862.5,2
MC_s1_bola_TearsOfSteel,1789973158.6,0.1078,6104,6,0,85641497.0,173249365.4,2
MC_s1_bola_TearsOfSteel,1789973158.708,0.1078,2442,3,0,85398729.3,195622708.7,2
MC_s1_bola_TearsOfSteel,1789973158.816,0.1079,0,0,0,0,0,0
MC_s1_bola_TearsOfSteel,1789973158.924,0.1075,0,0,0,0,0,0
MC_s1_bola_TearsOfSteel,1789973159.031,0.1075,0,0,0,0,0,0
MC_s1_bola_TearsOfSteel,1789973159.139,0.1079,0,0,0,0,0,0
MC_s1_bola_TearsOfSteel,1789973159.247,0.1078,0,0,0,0,0,0
MC_s1_bola_TearsOfSteel,1789973159.354,0.1075,0,0,0,0,0,0
MC_s1_bola_TearsOfSteel,1789973159.462,0.1077,0,0,0,0,0,0
MC_s1_bola_TearsOfSteel,1789973159.569,0.1074,0,0,0,0,0,0
MC_s1_bola_TearsOfSteel,1789973159.677,0.1077,0,0,0,0,0,0
MC_s1_bola_TearsOfSteel,1789973159.785,0.1078,0,0,0,0,0,0
MC_s1_bola_TearsOfSteel,1789973159.892,0.1075,0,0,0,0,0,0
MC_s1_bola_TearsOfSteel,1789973160.0,0.1077,0,0,0,0,0,0
MC_s1_bola_TearsOfSteel,1789973160.108,0.1083,0,0,0,0,0,0
MC_s1_bola_TearsOfSteel,1789973160.216,0.1078,0,0,0,0,0,0
MC_s1_bola_TearsOfSteel,1789973160.324,0.1078,0,0,0,0,0,0
MC_s1_bola_TearsOfSteel,1789973160.432,0.108,0,0,0,0,0,0
MC_s1_bola_TearsOfSteel,1789973160.54,0.1077,0,0,0,0,0,0
MC_s1_bola_TearsOfSteel,1789973160.647,0.1078,0,0,0,0,0,0
MC_s1_bola_TearsOfSteel,1789973160.756,0.1084,3501,4,0,329308298.5,52055840.0,2
MC_s1_bola_TearsOfSteel,1789973160.863,0.1075,6104,6,0,274365754.3,625561.0,2
MC_s1_bola_TearsOfSteel,1789973160.971,0.1076,64708,58,4,42992516.8,2389985.8,2
MC_s1_bola_TearsOfSteel,1789973161.078,0.1076,0,0,0,0,0,0
MC_s1_bola_TearsOfSteel,1789973161.186,0.1075,0,0,0,0,0,0
MC_s1_bola_TearsOfSteel,1789973161.294,0.1077,0,0,0,0,0,0
MC_s1_bola_TearsOfSteel,1789973161.401,0.1077,0,0,0,0,0,0
MC_s1_bola_TearsOfSteel,1789973161.509,0.1076,0,0,0,0,0,0
MC_s1_bola_TearsOfSteel,1789973161.617,0.1078,0,0,0,0,0,0
MC_s1_bola_TearsOfSteel,1789973161.727,0.1099,0,0,0,0,0,0
MC_s1_bola_TearsOfSteel,1789973161.837,0.1103,0,0,0,0,0,0
MC_s1_bola_TearsOfSteel,1789973161.947,0.1105,0,0,0,0,0,0
MC_s1_bola_TearsOfSteel,1789973162.055,0.1075,0,0,0,0,0,0
MC_s1_bola_TearsOfSteel,1789973162.163,0.1078,0,0,0,0,0,0
MC_s1_bola_TearsOfSteel,1789973162.271,0.1079,0,0,0,0,0,0
MC_s1_bola_TearsOfSteel,1789973162.378,0.1075,0,0,0,0,0,0
MC_s1_bola_TearsOfSteel,1789973162.486,0.1076,0,0,0,0,0,0
MC_s1_bola_TearsOfSteel,1789973162.593,0.1077,0,0,0,0,0,0
MC_s1_bola_TearsOfSteel,1789973162.701,0.1077,0,0,0,0,0,0
MC_s1_bola_TearsOfSteel,1789973162.809,0.1078,0,0,0,0,0,0
MC_s1_bola_TearsOfSteel,1789973162.916,0.1076,0,0,0,0,0,0
MC_s1_bola_TearsOfSteel,1789973163.024,0.1075,0,0,0,0,0,0
MC_s1_bola_TearsOfSteel,1789973163.131,0.1076,0,0,0,0,0,0
MC_s1_bola_TearsOfSteel,1789973163.239,0.1078,0,0,0,0,0,0
MC_s1_bola_TearsOfSteel,1789973163.347,0.1079,0,0,0,0,0,0
MC_s1_bola_TearsOfSteel,1789973163.458,0.1107,0,0,0,0,0,0
MC_s1_bola_TearsOfSteel,1789973163.565,0.1075,0,0,0,0,0,0
MC_s1_bola_TearsOfSteel,1789973163.673,0.1076,0,0,0,0,0,0
MC_s1_bola_TearsOfSteel,1789973163.781,0.1077,0,0,0,0,0,0
MC_s1_bola_TearsOfSteel,1789973163.888,0.1075,0,0,0,0,0,0
MC_s1_bola_TearsOfSteel,1789973163.996,0.1075,0,0,0,0,0,0
MC_s1_bola_TearsOfSteel,1789973164.103,0.1077,0,0,0,0,0,0
MC_s1_bola_TearsOfSteel,1789973164.211,0.1078,0,0,0,0,0,0
MC_s1_bola_TearsOfSteel,1789973164.319,0.1078,0,0,0,0,0,0
MC_s1_bola_TearsOfSteel,1789973164.427,0.1076,0,0,0,0,0,0
MC_s1_bola_TearsOfSteel,1789973164.534,0.1075,27657,23,0,225413623.8,6110424.1,2
MC_s1_bola_TearsOfSteel,1789973164.642,0.1077,22656,18,0,119355046.7,65241002.3,2
MC_s1_bola_TearsOfSteel,1789973164.749,0.1077,30208,24,0,70481658.0,65249054.9,2
MC_s1_bola_TearsOfSteel,1789973164.857,0.1075,6114,6,0,63408274.0,58851359.8,2
MC_s1_bola_TearsOfSteel,1789973164.964,0.1075,0,0,0,0,0,0
MC_s1_bola_TearsOfSteel,1789973165.072,0.1077,0,0,0,0,0,0
MC_s1_bola_TearsOfSteel,1789973165.18,0.1077,0,0,0,0,0,0
MC_s1_bola_TearsOfSteel,1789973165.288,0.1077,0,0,0,0,0,0
MC_s1_bola_TearsOfSteel,1789973165.395,0.1076,0,0,0,0,0,0
MC_s1_bola_TearsOfSteel,1789973165.503,0.1076,0,0,0,0,0,0
MC_s1_bola_TearsOfSteel,1789973165.611,0.1079,0,0,0,0,0,0
MC_s1_bola_TearsOfSteel,1789973165.718,0.1078,0,0,0,0,0,0
MC_s1_bola_TearsOfSteel,1789973165.826,0.1077,0,0,0,0,0,0
MC_s1_bola_TearsOfSteel,1789973165.934,0.1081,0,0,0,0,0,0
MC_s1_bola_TearsOfSteel,1789973166.041,0.1071,0,0,0,0,0,0
MC_s1_bola_TearsOfSteel,1789973166.149,0.1078,0,0,0,0,0,0
MC_s1_bola_TearsOfSteel,1789973166.257,0.1077,0,0,0,0,0,0
MC_s1_bola_TearsOfSteel,1789973166.364,0.1075,0,0,0,0,0,0
MC_s1_bola_TearsOfSteel,1789973166.472,0.1076,0,0,0,0,0,0
MC_s1_bola_TearsOfSteel,1789973166.58,0.1078,0,0,0,0,0,0
MC_s1_bola_TearsOfSteel,1789973166.687,0.1078,0,0,0,0,0,0
MC_s1_bola_TearsOfSteel,1789973166.797,0.1096,0,0,0,0,0,0
MC_s1_bola_TearsOfSteel,1789973166.905,0.1075,0,0,0,0,0,0
MC_s1_bola_TearsOfSteel,1789973167.012,0.1075,0,0,0,0,0,0
MC_s1_bola_TearsOfSteel,1789973167.12,0.1077,0,0,0,0,0,0
MC_s1_bola_TearsOfSteel,1789973167.228,0.1083,0,0,0,0,0,0
MC_s1_bola_TearsOfSteel,1789973167.339,0.1114,0,0,0,0,0,0
MC_s1_bola_TearsOfSteel,1789973167.449,0.1091,0,0,0,0,0,0
MC_s1_bola_TearsOfSteel,1789973167.556,0.1074,0,0,0,0,0,0
MC_s1_bola_TearsOfSteel,1789973167.664,0.1075,0,0,0,0,0,0
MC_s1_bola_TearsOfSteel,1789973167.771,0.1076,0,0,0,0,0,0
MC_s1_bola_TearsOfSteel,1789973167.878,0.1073,0,0,0,0,0,0
MC_s1_bola_TearsOfSteel,1789973167.986,0.1074,0,0,0,0,0,0
MC_s1_bola_TearsOfSteel,1789973168.093,0.1075,0,0,0,0,0,0
MC_s1_bola_TearsOfSteel,1789973168.201,0.1077,0,0,0,0,0,0
MC_s1_bola_TearsOfSteel,1789973168.309,0.1077,0,0,0,0,0,0
MC_s1_bola_TearsOfSteel,1789973168.416,0.1075,26359,21,0,254622972.9,13880421.7,2
MC_s1_bola_TearsOfSteel,1789973168.524,0.1074,18104,14,0,148787402.3,78420930.7,2
MC_s1_bola_TearsOfSteel,1789973168.631,0.1076,27156,21,0,91101110.0,78464018.7,2
MC_s1_bola_TearsOfSteel,1789973168.739,0.1077,27156,21,0,66415160.0,78494456.0,2
MC_s1_bola_TearsOfSteel,1789973168.846,0.1074,27156,21,0,53218625.3,78512089.2,2
MC_s1_bola_TearsOfSteel,1789973168.955,0.1088,18104,14,0,47140633.9,78480222.1,2
MC_s1_bola_TearsOfSteel,1789973169.062,0.1073,27156,21,0,40123557.4,78448950.8,2
MC_s1_bola_TearsOfSteel,1789973169.17,0.1077,27156,21,0,34663056.1,78520506.4,2
MC_s1_bola_TearsOfSteel,1789973169.278,0.1077,22656,18,0,33765214.5,71850949.9,2
MC_s1_bola_TearsOfSteel,1789973169.385,0.1073,12104,10,0,37916098.6,84885434.5,2
MC_s1_bola_TearsOfSteel,1789973169.492,0.1074,12104,10,0,37557475.6,91427060.0,2
MC_s1_bola_TearsOfSteel,1789973169.6,0.1076,12104,10,0,36728644.2,91356540.0,2
MC_s1_bola_TearsOfSteel,1789973169.708,0.1077,12104,10,0,36878308.6,104495884.4,2
MC_s1_bola_TearsOfSteel,1789973169.815,0.1077,12104,10,0,36583246.4,104554516.4,2
MC_s1_bola_TearsOfSteel,1789973169.923,0.1075,12104,10,0,36073762.6,104510783.3,2
MC_s1_bola_TearsOfSteel,1789973170.03,0.1074,12104,10,0,35480059.6,104465141.4,2
MC_s1_bola_TearsOfSteel,1789973170.138,0.1075,12104,10,0,34852886.2,104385485.9,2
MC_s1_bola_TearsOfSteel,1789973170.245,0.1077,12104,10,0,34244623.6,104551186.2,2
MC_s1_bola_TearsOfSteel,1789973170.353,0.1073,21833,19,0,32229644.0,92041306.4,2
MC_s1_bola_TearsOfSteel,1789973170.461,0.108,12553,11,0,32649070.4,52823968.1,2
MC_s1_bola_TearsOfSteel,1789973170.568,0.1074,12104,10,0,29395775.4,97946082.3,2
MC_s1_bola_TearsOfSteel,1789973170.676,0.1075,12104,10,0,29834927.8,104534746.4,2
MC_s1_bola_TearsOfSteel,1789973170.783,0.1077,12104,10,0,30039710.8,104559006.8,2
MC_s1_bola_TearsOfSteel,1789973170.891,0.1077,12104,10,0,30096110.2,104397322.8,2
MC_s1_bola_TearsOfSteel,1789973170.999,0.1075,12156,11,0,30876964.6,90912077.7,2
MC_s1_bola_TearsOfSteel,1789973171.106,0.1077,27208,22,0,21933502.5,72168909.8,2
MC_s1_bola_TearsOfSteel,1789973171.214,0.1077,24208,20,0,18730789.6,81578318.5,2
MC_s1_bola_TearsOfSteel,1789973171.321,0.1073,19656,16,0,16875687.8,84842870.0,2
MC_s1_bola_TearsOfSteel,1789973171.429,0.1073,28708,23,0,15276442.7,84979743.3,2
MC_s1_bola_TearsOfSteel,1789973171.536,0.1074,25708,21,0,14825995.9,84751985.1,2
MC_s1_bola_TearsOfSteel,1789973171.644,0.1077,10604,9,0,17650723.4,97888942.0,2
MC_s1_bola_TearsOfSteel,1789973171.751,0.1077,12156,11,0,19868970.8,84460041.2,2
MC_s1_bola_TearsOfSteel,1789973171.867,0.1155,19708,17,0,22913436.3,101103018.2,2
MC_s1_bola_TearsOfSteel,1789973171.974,0.1074,19708,17,0,21158957.9,101348971.2,2
MC_s1_bola_TearsOfSteel,1789973172.082,0.1077,16656,14,0,20909931.1,102435636.0,2
MC_s1_bola_TearsOfSteel,1789973172.189,0.1076,15104,12,0,19839828.7,104729160.3,2
MC_s1_bola_TearsOfSteel,1789973172.297,0.1077,18104,14,0,19187545.3,104914703.7,2
MC_s1_bola_TearsOfSteel,1789973172.405,0.1075,18104,14,0,18654525.3,108814988.7,2
MC_s1_bola_TearsOfSteel,1789973172.512,0.1076,25656,20,0,15282915.3,85605538.6,2
MC_s1_bola_TearsOfSteel,1789973172.619,0.1073,18104,14,0,13930830.7,75263316.0,2
MC_s1_bola_TearsOfSteel,1789973172.728,0.1081,32351,27,0,13096549.4,61354142.3,2
MC_s1_bola_TearsOfSteel,1789973172.838,0.1109,18104,14,0,12472194.6,78531658.2,2
MC_s1_bola_TearsOfSteel,1789973172.949,0.1104,27156,21,0,12038158.3,78432288.5,2
MC_s1_bola_TearsOfSteel,1789973173.056,0.1075,27156,21,0,11678235.1,78513747.2,2
MC_s1_bola_TearsOfSteel,1789973173.164,0.1077,25708,21,0,12067247.8,78279969.4,2
MC_s1_bola_TearsOfSteel,1789973173.272,0.1078,25708,21,0,12253937.0,89866127.5,2
MC_s1_bola_TearsOfSteel,1789973173.379,0.1075,21156,17,0,12353844.8,91474715.9,2
MC_s1_bola_TearsOfSteel,1789973173.487,0.1075,22656,18,0,12379120.7,95904240.5,2
MC_s1_bola_TearsOfSteel,1789973173.595,0.1076,22656,18,0,14284028.0,104825867.2,2
MC_s1_bola_TearsOfSteel,1789973173.702,0.1078,15156,13,0,15548688.3,78250448.6,2
MC_s1_bola_TearsOfSteel,1789973173.81,0.1079,24156,19,0,15031430.3,96033024.3,2
MC_s1_bola_TearsOfSteel,1789973173.918,0.1075,18104,14,0,15543593.4,111440631.4,2
MC_s1_bola_TearsOfSteel,1789973174.025,0.1075,9052,7,0,17320549.0,111482235.3,2
MC_s1_bola_TearsOfSteel,1789973174.133,0.1078,25656,20,0,16104280.2,104803872.9,2
MC_s1_bola_TearsOfSteel,1789973174.241,0.108,18104,14,0,15930063.1,101538792.7,2
MC_s1_bola_TearsOfSteel,1789973174.349,0.1077,18104,14,0,16374533.1,111660050.5,2
MC_s1_bola_TearsOfSteel,1789973174.458,0.1089,18104,14,0,16183862.6,105082352.9,2
MC_s1_bola_TearsOfSteel,1789973174.566,0.1079,13604,11,0,17425953.3,94827289.5,2
MC_s1_bola_TearsOfSteel,1789973174.673,0.1079,12104,10,0,18970024.8,84872199.5,2
MC_s1_bola_TearsOfSteel,1789973174.782,0.108,21156,17,0,20043288.6,89274983.2,2
MC_s1_bola_TearsOfSteel,1789973174.889,0.1077,15104,12,0,19530330.7,91572933.2,2
MC_s1_bola_TearsOfSteel,1789973174.997,0.1078,19656,16,0,19518310.1,91486575.7,2
MC_s1_bola_TearsOfSteel,1789973175.105,0.108,12104,10,0,20685909.2,111059517.7,2
MC_s1_bola_TearsOfSteel,1789973175.213,0.1078,10604,9,0,21918825.8,134009862.2,2
MC_s1_bola_TearsOfSteel,1789973175.321,0.108,12104,10,0,22164066.6,91427699.5,2
MC_s1_bola_TearsOfSteel,1789973175.429,0.1079,18156,15,0,23920405.0,89198022.6,2
MC_s1_bola_TearsOfSteel,1789973175.537,0.1078,15156,13,0,23415525.5,80322648.2,2
MC_s1_bola_TearsOfSteel,1789973175.644,0.1079,15482,14,0,22825011.7,51812697.7,2
MC_s1_bola_TearsOfSteel,1789973175.753,0.1082,22656,18,0,19124432.2,78381151.4,2
MC_s1_bola_TearsOfSteel,1789973175.86,0.1077,15104,12,0,19136645.2,91534202.2,2
MC_s1_bola_TearsOfSteel,1789973175.968,0.108,22656,18,0,17856995.5,91515755.9,2
MC_s1_bola_TearsOfSteel,1789973176.076,0.1078,15104,12,0,17844057.5,91478290.5,2
MC_s1_bola_TearsOfSteel,1789973176.184,0.1082,15104,12,0,17833387.5,91566388.9,2
MC_s1_bola_TearsOfSteel,1789973176.292,0.1082,15104,12,0,17829839.3,91649272.7,2
MC_s1_bola_TearsOfSteel,1789973176.401,0.1087,22656,18,0,19095752.7,91605053.5,2
MC_s1_bola_TearsOfSteel,1789973176.51,0.1089,15104,12,0,19085806.2,91557089.5,2
MC_s1_bola_TearsOfSteel,1789973176.618,0.1077,22656,18,0,18327923.7,95979091.0,2
MC_s1_bola_TearsOfSteel,1789973176.726,0.1081,15104,12,0,19081277.2,98175076.2,2
MC_s1_bola_TearsOfSteel,1789973176.838,0.1124,15104,12,0,19288846.5,104625783.2,2
MC_s1_bola_TearsOfSteel,1789973176.951,0.1132,15104,12,0,19301919.0,104750939.5,2
MC_s1_bola_TearsOfSteel,1789973177.059,0.1079,15104,12,0,19708084.7,108079617.4,2
MC_s1_bola_TearsOfSteel,1789973177.167,0.1082,15104,12,0,19758993.3,111380764.2,2
MC_s1_bola_TearsOfSteel,1789973177.276,0.1084,15104,12,0,19672151.7,111296765.5,2
MC_s1_bola_TearsOfSteel,1789973177.384,0.1078,7552,6,0,19928135.3,111373044.1,2
MC_s1_bola_TearsOfSteel,1789973177.492,0.1081,15104,12,0,19775684.0,111321708.3,2
MC_s1_bola_TearsOfSteel,1789973177.6,0.1082,15104,12,0,19616565.3,111216130.9,2
MC_s1_bola_TearsOfSteel,1789973177.708,0.1083,15104,12,0,19194991.5,104768875.8,2
MC_s1_bola_TearsOfSteel,1789973177.816,0.1082,15104,12,0,18963344.3,104698645.7,2
MC_s1_bola_TearsOfSteel,1789973177.924,0.1079,15104,12,0,19097248.5,111234579.7,2
MC_s1_bola_TearsOfSteel,1789973178.032,0.108,12633,12,0,18951243.0,101088300.5,2
MC_s1_bola_TearsOfSteel,1789973178.14,0.1081,15104,12,0,19766400.8,75372641.4,2
MC_s1_bola_TearsOfSteel,1789973178.249,0.1082,15104,12,0,20023860.0,111236423.2,2
MC_s1_bola_TearsOfSteel,1789973178.357,0.108,15104,12,0,20348939.7,111314116.2,2
MC_s1_bola_TearsOfSteel,1789973178.465,0.108,15104,12,0,20156505.2,104830307.7,2
MC_s1_bola_TearsOfSteel,1789973178.573,0.1081,15104,12,0,20623024.0,110541239.8,2
MC_s1_bola_TearsOfSteel,1789973178.681,0.108,15104,12,0,19452884.7,91556376.3,2
MC_s1_bola_TearsOfSteel,1789973178.789,0.1081,15104,12,0,19357777.7,98221018.4,2
MC_s1_bola_TearsOfSteel,1789973178.897,0.1078,22656,18,0,20423492.8,100327794.9,2
MC_s1_bola_TearsOfSteel,1789973179.005,0.1079,15104,12,0,20359179.0,104730725.6,2
MC_s1_bola_TearsOfSteel,1789973179.113,0.1081,15104,12,0,20222704.3,104689878.2,2
MC_s1_bola_TearsOfSteel,1789973179.221,0.1079,15104,12,0,20077834.2,104906411.6,2
MC_s1_bola_TearsOfSteel,1789973179.331,0.11,15104,12,0,19378124.7,91586405.4,2
MC_s1_bola_TearsOfSteel,1789973179.439,0.108,22656,18,0,17666163.3,91475167.7,2
MC_s1_bola_TearsOfSteel,1789973179.546,0.1078,15104,12,0,18097890.7,98140241.6,2
MC_s1_bola_TearsOfSteel,1789973179.654,0.108,15104,12,0,18922765.8,104718708.0,2
MC_s1_bola_TearsOfSteel,1789973179.762,0.1077,15104,12,0,19459383.8,104781379.3,2
MC_s1_bola_TearsOfSteel,1789973179.87,0.1078,15104,12,0,19826212.3,104665316.1,2
MC_s1_bola_TearsOfSteel,1789973179.978,0.1078,15104,12,0,20096371.0,104749487.4,2
MC_s1_bola_TearsOfSteel,1789973180.086,0.1082,15104,12,0,20309972.5,104677916.1,2
MC_s1_bola_TearsOfSteel,1789973180.194,0.1084,15104,12,0,21020803.3,111227730.1,2
MC_s1_bola_TearsOfSteel,1789973180.302,0.1081,15104,12,0,21498098.7,111340315.9,2
MC_s1_bola_TearsOfSteel,1789973180.41,0.1078,15104,12,0,21833873.8,111269412.6,2
MC_s1_bola_TearsOfSteel,1789973180.518,0.1081,15104,12,0,22084069.7,111304870.7,2
MC_s1_bola_TearsOfSteel,1789973180.626,0.1079,5813,6,0,27147791.7,87699127.7,2
MC_s1_bola_TearsOfSteel,1789973180.734,0.1081,15104,12,0,23169970.5,68343641.4,2
MC_s1_bola_TearsOfSteel,1789973180.842,0.1082,15104,12,0,23000707.3,111356315.1,2
MC_s1_bola_TearsOfSteel,1789973180.953,0.1103,15104,12,0,22948138.7,111265616.7,2
MC_s1_bola_TearsOfSteel,1789973181.06,0.1078,15104,12,0,22952942.8,111111827.6,2
MC_s1_bola_TearsOfSteel,1789973181.168,0.1081,15104,12,0,22998703.7,111169626.0,2
MC_s1_bola_TearsOfSteel,1789973181.277,0.1083,15104,12,0,22522785.2,104668248.5,2
MC_s1_bola_TearsOfSteel,1789973181.385,0.1079,15104,12,0,22251403.3,104731322.4,2
MC_s1_bola_TearsOfSteel,1789973181.493,0.1078,15104,12,0,22619286.7,111208992.7,2
MC_s1_bola_TearsOfSteel,1789973181.601,0.108,15104,12,0,22844508.3,111303643.1,2
MC_s1_bola_TearsOfSteel,1789973181.709,0.1083,15104,12,0,22995050.8,111365372.4,2
MC_s1_bola_TearsOfSteel,1789973181.817,0.1078,15104,12,0,23097539.7,111294170.2,2
MC_s1_bola_TearsOfSteel,1789973181.925,0.1079,15104,12,0,22642205.3,104706173.9,2
MC_s1_bola_TearsOfSteel,1789973182.035,0.11,15104,12,0,22373159.2,104715280.2,2
MC_s1_bola_TearsOfSteel,1789973182.143,0.1081,15104,12,0,22091935.8,103325129.2,2
MC_s1_bola_TearsOfSteel,1789973182.251,0.1083,15104,12,0,22026041.7,104752519.4,2
MC_s1_bola_TearsOfSteel,1789973182.359,0.1077,15104,12,0,21970319.7,104699576.8,2
MC_s1_bola_TearsOfSteel,1789973182.467,0.108,15104,12,0,21928863.3,104695794.7,2
MC_s1_bola_TearsOfSteel,1789973182.575,0.1083,15104,12,0,21895350.2,104706751.5,2
MC_s1_bola_TearsOfSteel,1789973182.683,0.1082,15104,12,0,21889303.5,105072718.4,2
MC_s1_bola_TearsOfSteel,1789973182.791,0.1082,15104,12,0,21877204.2,105044117.9,2
MC_s1_bola_TearsOfSteel,1789973182.899,0.1079,15104,12,0,21834345.2,104640447.0,2
MC_s1_bola_TearsOfSteel,1789973183.007,0.1081,15104,12,0,22340762.0,111350222.2,2
MC_s1_bola_TearsOfSteel,1789973183.116,0.1084,15104,12,0,22640242.3,111189643.2,2
MC_s1_bola_TearsOfSteel,1789973183.224,0.108,15104,12,0,22889436.5,111959893.9,2
MC_s1_bola_TearsOfSteel,1789973183.335,0.1116,12823,12,0,27403634.2,74788739.3,2
MC_s1_bola_TearsOfSteel,1789973183.445,0.1092,15104,12,0,24142364.0,98243419.9,2
MC_s1_bola_TearsOfSteel,1789973183.553,0.1082,15104,12,0,22710183.7,94913983.7,2
MC_s1_bola_TearsOfSteel,1789973183.661,0.1085,15104,12,0,22332007.5,104762294.9,2
MC_s1_bola_TearsOfSteel,1789973183.77,0.1088,15104,12,0,21935565.5,104711091.4,2
MC_s1_bola_TearsOfSteel,1789973183.878,0.1083,22656,18,0,20738940.5,104750909.1,2
MC_s1_bola_TearsOfSteel,1789973183.987,0.1083,7552,6,0,21206664.5,104783350.9,2
MC_s1_bola_TearsOfSteel,1789973184.095,0.1086,15104,12,0,21153510.0,111327298.8,2
MC_s1_bola_TearsOfSteel,1789973184.203,0.108,15104,12,0,20694758.7,104713529.3,2
MC_s1_bola_TearsOfSteel,1789973184.312,0.1087,15104,12,0,20617295.7,111356576.0,2
MC_s1_bola_TearsOfSteel,1789973184.421,0.1085,15104,12,0,20445048.3,111268946.8,2
MC_s1_bola_TearsOfSteel,1789973184.529,0.1083,15104,12,0,19621551.7,108089902.2,2
MC_s1_bola_TearsOfSteel,1789973184.638,0.1086,15104,12,0,19346691.8,101463070.5,2
MC_s1_bola_TearsOfSteel,1789973184.746,0.1083,22656,18,0,18562429.5,106966741.6,2
MC_s1_bola_TearsOfSteel,1789973184.854,0.1084,15104,12,0,17612529.2,94832712.4,2
MC_s1_bola_TearsOfSteel,1789973184.963,0.1085,15104,12,0,18773973.7,108058087.8,2
MC_s1_bola_TearsOfSteel,1789973185.071,0.1083,15104,12,0,18957393.7,107862225.0,2
MC_s1_bola_TearsOfSteel,1789973185.18,0.109,15104,12,0,19762742.7,111318524.4,2
MC_s1_bola_TearsOfSteel,1789973185.288,0.1084,15104,12,0,20355485.8,111254641.7,2
MC_s1_bola_TearsOfSteel,1789973185.397,0.1085,15104,12,0,20767625.5,107967760.1,2
MC_s1_bola_TearsOfSteel,1789973185.505,0.1085,7552,6,0,22480420.0,111269245.2,2
MC_s1_bola_TearsOfSteel,1789973185.614,0.1084,15104,12,0,22046451.5,108322306.6,2
MC_s1_bola_TearsOfSteel,1789973185.722,0.108,15104,12,0,22026352.2,111457812.2,2
MC_s1_bola_TearsOfSteel,1789973185.834,0.1124,15104,12,0,21305339.8,108030012.4,2
MC_s1_bola_TearsOfSteel,1789973185.946,0.1124,15525,13,0,21744955.9,108049009.7,2
MC_s1_bola_TearsOfSteel,1789973186.055,0.1084,15104,12,0,20932765.5,68605173.4,2
MC_s1_bola_TearsOfSteel,1789973186.163,0.1084,15104,12,0,20658085.2,104678482.7,2
MC_s1_bola_TearsOfSteel,1789973186.272,0.1088,15104,12,0,21117445.7,111256840.0,2
MC_s1_bola_TearsOfSteel,1789973186.38,0.1084,15104,12,0,21422985.0,108042311.2,2
MC_s1_bola_TearsOfSteel,1789973186.489,0.1085,15104,12,0,21064843.7,108024677.9,2
MC_s1_bola_TearsOfSteel,1789973186.598,0.1088,15104,12,0,21499019.7,111202701.2,2
MC_s1_bola_TearsOfSteel,1789973186.706,0.1085,15104,12,0,21820293.0,111283222.7,2
MC_s1_bola_TearsOfSteel,1789973186.814,0.1082,15104,12,0,21977352.5,107454819.0,2
MC_s1_bola_TearsOfSteel,1789973186.923,0.1084,15104,12,0,20476781.5,94756367.7,2
MC_s1_bola_TearsOfSteel,1789973187.04,0.117,15104,12,0,20732453.8,104724518.5,2
MC_s1_bola_TearsOfSteel,1789973187.148,0.1083,15104,12,0,20908243.5,104753192.3,2
MC_s1_bola_TearsOfSteel,1789973187.257,0.1086,15104,12,0,21026267.8,104638157.2,2
MC_s1_bola_TearsOfSteel,1789973187.365,0.1084,15104,12,0,21121105.2,104791230.0,2
MC_s1_bola_TearsOfSteel,1789973187.473,0.1083,15104,12,0,21199989.7,104713976.6,2
MC_s1_bola_TearsOfSteel,1789973187.582,0.1082,15104,12,0,21255098.7,104658308.5,2
MC_s1_bola_TearsOfSteel,1789973187.69,0.1088,15104,12,0,21311789.3,104804330.9,2
MC_s1_bola_TearsOfSteel,1789973187.799,0.1083,15104,12,0,21361039.5,104705223.9,2
MC_s1_bola_TearsOfSteel,1789973187.907,0.1083,22656,18,0,22974807.8,106401631.4,2
MC_s1_bola_TearsOfSteel,1789973188.015,0.1084,15104,12,0,23100258.0,100676579.9,2
MC_s1_bola_TearsOfSteel,1789973188.124,0.1085,15104,12,0,23228788.3,104669582.8,2
MC_s1_bola_TearsOfSteel,1789973188.232,0.1083,15104,12,0,23302958.8,104663357.2,2
MC_s1_bola_TearsOfSteel,1789973188.341,0.1084,15104,12,0,23354543.5,104692709.1,2
MC_s1_bola_TearsOfSteel,1789973188.451,0.1106,15104,12,0,23393923.2,104718886.7,2
MC_s1_bola_TearsOfSteel,1789973188.56,0.1084,9312,8,0,24156960.8,87005517.5,2
MC_s1_bola_TearsOfSteel,1789973188.668,0.1087,15104,12,0,21578704.3,81877261.8,2
MC_s1_bola_TearsOfSteel,1789973188.777,0.1086,15104,12,0,22042356.0,111248967.1,2
MC_s1_bola_TearsOfSteel,1789973188.886,0.1085,15104,12,0,21760864.7,101413226.5,2
MC_s1_bola_TearsOfSteel,1789973188.994,0.1084,15104,12,0,21002373.5,101362185.6,2
MC_s1_bola_TearsOfSteel,1789973189.102,0.1082,15104,12,0,21094232.5,101341018.8,2
MC_s1_bola_TearsOfSteel,1789973189.21,0.1082,15104,12,0,21026003.2,104671283.3,2
MC_s1_bola_TearsOfSteel,1789973189.318,0.1081,15104,12,0,20922033.5,104678579.8,2
MC_s1_bola_TearsOfSteel,1789973189.427,0.1083,15104,12,0,21343559.5,111256681.8,2
MC_s1_bola_TearsOfSteel,1789973189.535,0.1084,15104,12,0,20979433.0,101349715.0,2
MC_s1_bola_TearsOfSteel,1789973189.643,0.1081,15104,12,0,21127744.8,111256469.0,2
MC_s1_bola_TearsOfSteel,1789973189.752,0.1083,15104,12,0,21063109.5,107804512.7,2
MC_s1_bola_TearsOfSteel,1789973189.86,0.1084,15104,12,0,20341006.8,108006618.0,2
MC_s1_bola_TearsOfSteel,1789973189.968,0.1084,15104,12,0,19951672.3,108045760.2,2
MC_s1_bola_TearsOfSteel,1789973190.076,0.1082,15104,12,0,19847077.5,108066875.1,2
MC_s1_bola_TearsOfSteel,1789973190.185,0.1088,15104,12,0,20472680.3,111360120.4,2
MC_s1_bola_TearsOfSteel,1789973190.294,0.1085,15104,12,0,20936057.7,111288784.3,2
MC_s1_bola_TearsOfSteel,1789973190.402,0.1085,15104,12,0,21247392.3,108025220.1,2
MC_s1_bola_TearsOfSteel,1789973190.511,0.1086,15104,12,0,20904067.2,108019642.8,2
MC_s1_bola_TearsOfSteel,1789973190.619,0.1087,15104,12,0,21351589.5,111222165.7,2
MC_s1_bola_TearsOfSteel,1789973190.728,0.1083,15104,12,0,21686554.0,111264250.4,2
MC_s1_bola_TearsOfSteel,1789973190.84,0.1124,15104,12,0,21898442.3,108022056.3,2
MC_s1_bola_TearsOfSteel,1789973190.952,0.112,15104,12,0,20935720.3,101486602.0,2
MC_s1_bola_TearsOfSteel,1789973191.061,0.1084,15104,12,0,21466974.2,107958637.3,2
MC_s1_bola_TearsOfSteel,1789973191.169,0.1088,15104,12,0,21217536.0,108028840.4,2
MC_s1_bola_TearsOfSteel,1789973191.278,0.1085,1464,2,0,28430397.5,77237863.8,2
MC_s1_bola_TearsOfSteel,1789973191.386,0.1085,0,0,0,0,0,0
MC_s1_bola_TearsOfSteel,1789973191.495,0.1084,0,0,0,0,0,0
MC_s1_bola_TearsOfSteel,1789973191.603,0.1086,0,0,0,0,0,0
MC_s1_bola_TearsOfSteel,1789973191.712,0.1086,0,0,0,0,0,0
MC_s1_bola_TearsOfSteel,1789973191.82,0.1082,0,0,0,0,0,0
MC_s1_bola_TearsOfSteel,1789973191.929,0.1085,0,0,0,0,0,0
MC_s1_bola_TearsOfSteel,1789973192.039,0.1107,0,0,0,0,0,0
MC_s1_bola_TearsOfSteel,1789973192.148,0.1087,0,0,0,0,0,0
MC_s1_bola_TearsOfSteel,1789973192.257,0.1085,0,0,0,0,0,0
MC_s1_bola_TearsOfSteel,1789973192.365,0.1084,0,0,0,0,0,0
MC_s1_bola_TearsOfSteel,1789973192.474,0.1085,0,0,0,0,0,0
MC_s1_bola_TearsOfSteel,1789973192.582,0.1088,0,0,0,0,0,0
MC_s1_bola_TearsOfSteel,1789973192.691,0.1086,0,0,0,0,0,0
MC_s1_bola_TearsOfSteel,1789973192.8,0.1087,449,1,0,122119354.0,0,1
MC_s1_bola_TearsOfSteel,1789973192.908,0.1084,0,0,0,0,0,0
MC_s1_bola_TearsOfSteel,1789973193.016,0.1085,0,0,0,0,0,0
MC_s1_bola_TearsOfSteel,1789973193.125,0.1086,449,1,1,188588068.0,0,1
MC_s1_bola_TearsOfSteel,1789973193.233,0.1082,0,0,0,0,0,0
MC_s1_bola_TearsOfSteel,1789973193.343,0.1097,449,1,1,176960200.0,0,1
MC_s1_bola_TearsOfSteel,1789973193.455,0.1119,0,0,0,0,0,0
MC_s1_bola_TearsOfSteel,1789973193.563,0.1084,0,0,0,0,0,0
MC_s1_bola_TearsOfSteel,1789973193.672,0.1086,0,0,0,0,0,0
MC_s1_bola_TearsOfSteel,1789973193.78,0.1084,1500,1,0,177126240.0,419939913.0,1
MC_s1_bola_TearsOfSteel,1789973193.889,0.1085,52,1,0,175628273.0,46449587.0,1
MC_s1_bola_TearsOfSteel,1789973193.997,0.1085,6104,6,0,240919004.3,104167376.4,2
MC_s1_bola_TearsOfSteel,1789973194.106,0.1086,6104,6,0,204877919.0,139986580.6,2
MC_s1_bola_TearsOfSteel,1789973194.214,0.1085,7604,7,0,168833489.7,111229195.9,2
MC_s1_bola_TearsOfSteel,1789973194.323,0.1086,7704,9,0,120910492.1,97173274.7,3
MC_s1_bola_TearsOfSteel,1789973194.432,0.1088,3561,5,0,51630653.6,90416672.0,3
MC_s1_bola_TearsOfSteel,1789973194.54,0.1087,6156,7,0,8490183.3,78044674.6,2
MC_s1_bola_TearsOfSteel,1789973194.649,0.1085,6104,6,0,17578158.0,110250211.5,2
MC_s1_bola_TearsOfSteel,1789973194.757,0.1085,12208,12,0,26154515.3,128294244.5,2
MC_s1_bola_TearsOfSteel,1789973194.866,0.1088,6104,6,0,29156178.7,109936531.7,2
MC_s1_bola_TearsOfSteel,1789973194.975,0.1086,12208,12,0,33537546.0,116737996.7,2
MC_s1_bola_TearsOfSteel,1789973195.083,0.1084,6104,6,0,35129151.7,116670288.3,2
MC_s1_bola_TearsOfSteel,1789973195.192,0.1091,21364,21,0,25568681.0,64414248.2,2
MC_s1_bola_TearsOfSteel,1789973195.301,0.1087,24416,24,0,17114633.3,38543056.0,2
MC_s1_bola_TearsOfSteel,1789973195.41,0.1087,24416,24,0,13175559.3,38542558.5,2
MC_s1_bola_TearsOfSteel,1789973195.518,0.1088,16910,18,0,11225427.3,37490389.9,2
MC_s1_bola_TearsOfSteel,1789973195.627,0.1083,0,0,0,0,0,0
MC_s1_bola_TearsOfSteel,1789973195.735,0.1088,0,0,0,0,0,0
MC_s1_bola_TearsOfSteel,1789973195.844,0.1091,0,0,0,0,0,0
MC_s1_bola_TearsOfSteel,1789973195.955,0.1108,0,0,0,0,0,0
MC_s1_bola_TearsOfSteel,1789973196.064,0.1085,0,0,0,0,0,0
MC_s1_bola_TearsOfSteel,1789973196.172,0.1082,0,0,0,0,0,0
MC_s1_bola_TearsOfSteel,1789973196.281,0.1089,0,0,0,0,0,0
MC_s1_bola_TearsOfSteel,1789973196.389,0.1084,0,0,0,0,0,0
MC_s1_bola_TearsOfSteel,1789973196.498,0.1086,0,0,0,0,0,0
MC_s1_bola_TearsOfSteel,1789973196.607,0.1089,38105,29,0,48916922.2,33289608.1,2
MC_s1_bola_TearsOfSteel,1789973196.716,0.1086,21156,17,0,36230539.6,45418726.5,2
MC_s1_bola_TearsOfSteel,1789973196.824,0.1088,28604,21,0,21790391.0,87466199.3,2
MC_s1_bola_TearsOfSteel,1789973196.933,0.1088,21156,17,0,24027673.9,85961906.8,2
MC_s1_bola_TearsOfSteel,1789973197.043,0.1093,20343,17,0,21358782.6,79843519.4,2
MC_s1_bola_TearsOfSteel,1789973197.151,0.1084,0,0,0,0,0,0
MC_s1_bola_TearsOfSteel,1789973197.26,0.109,0,0,0,0,0,0
MC_s1_bola_TearsOfSteel,1789973197.368,0.1085,0,0,0,0,0,0
MC_s1_bola_TearsOfSteel,1789973197.477,0.1088,0,0,0,0,0,0
MC_s1_bola_TearsOfSteel,1789973197.586,0.1085,0,0,0,0,0,0
MC_s1_bola_TearsOfSteel,1789973197.695,0.1087,0,0,0,0,0,0
MC_s1_bola_TearsOfSteel,1789973197.803,0.1088,0,0,0,0,0,0
MC_s1_bola_TearsOfSteel,1789973197.912,0.1087,0,0,0,0,0,0
MC_s1_bola_TearsOfSteel,1789973198.021,0.1086,0,0,0,0,0,0
MC_s1_bola_TearsOfSteel,1789973198.129,0.1087,0,0,0,0,0,0
MC_s1_bola_TearsOfSteel,1789973198.238,0.1088,0,0,0,0,0,0
MC_s1_bola_TearsOfSteel,1789973198.347,0.109,0,0,0,0,0,0
MC_s1_bola_TearsOfSteel,1789973198.457,0.1103,0,0,0,0,0,0
MC_s1_bola_TearsOfSteel,1789973198.566,0.1085,0,0,0,0,0,0
MC_s1_bola_TearsOfSteel,1789973198.675,0.1087,0,0,0,0,0,0
MC_s1_bola_TearsOfSteel,1789973198.783,0.1089,0,0,0,0,0,0
MC_s1_bola_TearsOfSteel,1789973198.892,0.1087,0,0,0,0,0,0
MC_s1_bola_TearsOfSteel,1789973199.001,0.1086,0,0,0,0,0,0
MC_s1_bola_TearsOfSteel,1789973199.109,0.1087,0,0,0,0,0,0
MC_s1_bola_TearsOfSteel,1789973199.218,0.109,0,0,0,0,0,0
MC_s1_bola_TearsOfSteel,1789973199.328,0.1093,0,0,0,0,0,0
MC_s1_bola_TearsOfSteel,1789973199.437,0.109,0,0,0,0,0,0
MC_s1_bola_TearsOfSteel,1789973199.545,0.1085,0,0,0,0,0,0
MC_s1_bola_TearsOfSteel,1789973199.654,0.1085,0,0,0,0,0,0
MC_s1_bola_TearsOfSteel,1789973199.762,0.1088,0,0,0,0,0,0
MC_s1_bola_TearsOfSteel,1789973199.871,0.1085,0,0,0,0,0,0
MC_s1_bola_TearsOfSteel,1789973199.979,0.1086,0,0,0,0,0,0
MC_s1_bola_TearsOfSteel,1789973200.088,0.1088,0,0,0,0,0,0
MC_s1_bola_TearsOfSteel,1789973200.197,0.1089,0,0,0,0,0,0
MC_s1_bola_TearsOfSteel,1789973200.306,0.1088,0,0,0,0,0,0
MC_s1_bola_TearsOfSteel,1789973200.415,0.1086,0,0,0,0,0,0
MC_s1_bola_TearsOfSteel,1789973200.523,0.1085,0,0,0,0,0,0
MC_s1_bola_TearsOfSteel,1789973200.632,0.1087,26053,20,0,214548962.7,24061528.2,2
MC_s1_bola_TearsOfSteel,1789973200.74,0.1084,21104,16,0,116962876.5,91779764.6,2
MC_s1_bola_TearsOfSteel,1789973200.849,0.1087,31656,24,0,65901748.6,91721134.4,2
MC_s1_bola_TearsOfSteel,1789973200.959,0.11,24156,19,0,58266797.8,81698839.0,2
MC_s1_bola_TearsOfSteel,1789973201.067,0.1084,18469,15,0,44315585.5,92427170.6,2
MC_s1_bola_TearsOfSteel,1789973201.176,0.1087,0,0,0,0,0,0
MC_s1_bola_TearsOfSteel,1789973201.285,0.1088,0,0,0,0,0,0
MC_s1_bola_TearsOfSteel,1789973201.393,0.1085,0,0,0,0,0,0
MC_s1_bola_TearsOfSteel,1789973201.502,0.1087,0,0,0,0,0,0
MC_s1_bola_TearsOfSteel,1789973201.611,0.1084,0,0,0,0,0,0
MC_s1_bola_TearsOfSteel,1789973201.719,0.1087,0,0,0,0,0,0
MC_s1_bola_TearsOfSteel,1789973201.83,0.1105,0,0,0,0,0,0
MC_s1_bola_TearsOfSteel,1789973201.938,0.1086,0,0,0,0,0,0
MC_s1_bola_TearsOfSteel,1789973202.055,0.1166,0,0,0,0,0,0
MC_s1_bola_TearsOfSteel,1789973202.164,0.1089,0,0,0,0,0,0
MC_s1_bola_TearsOfSteel,1789973202.273,0.1087,0,0,0,0,0,0
MC_s1_bola_TearsOfSteel,1789973202.381,0.1085,0,0,0,0,0,0
MC_s1_bola_TearsOfSteel,1789973202.49,0.1085,0,0,0,0,0,0
MC_s1_bola_TearsOfSteel,1789973202.598,0.1089,0,0,0,0,0,0
MC_s1_bola_TearsOfSteel,1789973202.707,0.1087,0,0,0,0,0,0
MC_s1_bola_TearsOfSteel,1789973202.816,0.1085,0,0,0,0,0,0
MC_s1_bola_TearsOfSteel,1789973202.924,0.1085,0,0,0,0,0,0
MC_s1_bola_TearsOfSteel,1789973203.033,0.1085,0,0,0,0,0,0
MC_s1_bola_TearsOfSteel,1789973203.141,0.1087,0,0,0,0,0,0
MC_s1_bola_TearsOfSteel,1789973203.25,0.1085,0,0,0,0,0,0
MC_s1_bola_TearsOfSteel,1789973203.358,0.1085,0,0,0,0,0,0
MC_s1_bola_TearsOfSteel,1789973203.468,0.1095,0,0,0,0,0,0
MC_s1_bola_TearsOfSteel,1789973203.576,0.1083,0,0,0,0,0,0
MC_s1_bola_TearsOfSteel,1789973203.685,0.1087,0,0,0,0,0,0
MC_s1_bola_TearsOfSteel,1789973203.793,0.1086,0,0,0,0,0,0
MC_s1_bola_TearsOfSteel,1789973203.902,0.1086,0,0,0,0,0,0
MC_s1_bola_TearsOfSteel,1789973204.011,0.1085,0,0,0,0,0,0
MC_s1_bola_TearsOfSteel,1789973204.119,0.1087,0,0,0,0,0,0
MC_s1_bola_TearsOfSteel,1789973204.228,0.1089,0,0,0,0,0,0
MC_s1_bola_TearsOfSteel,1789973204.34,0.1117,0,0,0,0,0,0
MC_s1_bola_TearsOfSteel,1789973204.452,0.1123,0,0,0,0,0,0
MC_s1_bola_TearsOfSteel,1789973204.561,0.1085,0,0,0,0,0,0
MC_s1_bola_TearsOfSteel,1789973204.669,0.1088,449,1,0,453388161.0,0,1
MC_s1_bola_TearsOfSteel,1789973204.778,0.1084,15628,20,5,323273488.0,95469433.9,2
MC_s1_bola_TearsOfSteel,1789973204.886,0.1085,25052,32,8,121724638.0,68460158.1,2
MC_s1_bola_TearsOfSteel,1789973204.995,0.1088,21960,27,9,56537743.9,72358093.8,2
MC_s1_bola_TearsOfSteel,1789973205.103,0.1084,15872,21,6,35370425.5,99215771.2,2
MC_s1_bola_TearsOfSteel,1789973205.212,0.1084,14132,18,7,28620037.5,75914326.0,2
MC_s1_bola_TearsOfSteel,1789973205.32,0.1083,7828,10,2,28152134.0,106895725.4,2
MC_s1_bola_TearsOfSteel,1789973205.429,0.1086,7796,10,2,26799269.5,90231370.1,2
MC_s1_bola_TearsOfSteel,1789973205.537,0.1086,3052,3,0,31796427.0,94405221.5,2
MC_s1_bola_TearsOfSteel,1789973205.646,0.1083,3052,3,0,35333112.0,95080397.0,2
MC_s1_bola_TearsOfSteel,1789973205.755,0.1089,6104,6,0,39867871.7,114381998.9,2
MC_s1_bola_TearsOfSteel,1789973205.863,0.1085,3128,4,0,48624547.5,124704905.0,2
MC_s1_bola_TearsOfSteel,1789973205.972,0.1088,1564,2,1,49064356.0,55181088.0,2
MC_s1_bola_TearsOfSteel,1789973206.081,0.1086,3116,4,1,44472831.0,61129651.7,2
MC_s1_bola_TearsOfSteel,1789973206.189,0.1086,3052,3,0,44325713.0,129902836.9,2
MC_s1_bola_TearsOfSteel,1789973206.298,0.1088,4668,6,1,42947994.0,78575871.2,2
MC_s1_bola_TearsOfSteel,1789973206.406,0.1085,3116,4,1,43492920.0,82082825.1,2
MC_s1_bola_TearsOfSteel,1789973206.515,0.1085,3116,4,1,49094707.0,117285904.4,2
MC_s1_bola_TearsOfSteel,1789973206.624,0.1087,3052,3,0,48825765.3,100999706.6,2
MC_s1_bola_TearsOfSteel,1789973206.733,0.1089,1564,2,0,50911570.0,130073020.0,2
MC_s1_bola_TearsOfSteel,1789973206.842,0.1095,4680,6,1,53956005.5,65128404.6,2
MC_s1_bola_TearsOfSteel,1789973206.954,0.1119,1552,2,1,52500179.0,134464824.7,2
MC_s1_bola_TearsOfSteel,1789973207.063,0.1087,3116,4,1,47709213.5,70812668.6,2
MC_s1_bola_TearsOfSteel,1789973207.171,0.1088,3116,4,1,44931339.0,49596493.1,2
MC_s1_bola_TearsOfSteel,1789973207.28,0.1084,1564,2,0,45405107.0,80664007.0,2
MC_s1_bola_TearsOfSteel,1789973207.388,0.1086,4616,5,1,43634427.6,72437432.2,2
MC_s1_bola_TearsOfSteel,1789973207.497,0.1085,1604,3,0,43798374.7,122033846.3,2
MC_s1_bola_TearsOfSteel,1789973207.605,0.1083,1604,3,0,43314125.0,138679513.9,2
MC_s1_bola_TearsOfSteel,1789973207.714,0.1084,4540,4,1,40717414.5,122194243.5,2
MC_s1_bola_TearsOfSteel,1789973207.822,0.1083,0,0,0,0,0,0
MC_s1_bola_TearsOfSteel,1789973207.931,0.1086,0,0,0,0,0,0
MC_s1_bola_TearsOfSteel,1789973208.039,0.1084,0,0,0,0,0,0
MC_s1_bola_TearsOfSteel,1789973208.147,0.1083,0,0,0,0,0,0
MC_s1_bola_TearsOfSteel,1789973208.256,0.1088,0,0,0,0,0,0
MC_s1_bola_TearsOfSteel,1789973208.365,0.1085,0,0,0,0,0,0
MC_s1_bola_TearsOfSteel,1789973208.473,0.1085,0,0,0,0,0,0
MC_s1_bola_TearsOfSteel,1789973208.582,0.1087,0,0,0,0,0,0
MC_s1_bola_TearsOfSteel,1789973208.691,0.1088,0,0,0,0,0,0
MC_s1_bola_TearsOfSteel,1789973208.799,0.1089,0,0,0,0,0,0
MC_s1_bola_TearsOfSteel,1789973208.908,0.1087,0,0,0,0,0,0
MC_s1_bola_TearsOfSteel,1789973209.017,0.1085,0,0,0,0,0,0
MC_s1_bola_TearsOfSteel,1789973209.125,0.1087,0,0,0,0,0,0
MC_s1_bola_TearsOfSteel,1789973209.234,0.1085,0,0,0,0,0,0
MC_s1_bola_TearsOfSteel,1789973209.343,0.1091,0,0,0,0,0,0
MC_s1_bola_TearsOfSteel,1789973209.454,0.1115,0,0,0,0,0,0
MC_s1_bola_TearsOfSteel,1789973209.563,0.1085,0,0,0,0,0,0
MC_s1_bola_TearsOfSteel,1789973209.672,0.1087,0,0,0,0,0,0
MC_s1_bola_TearsOfSteel,1789973209.78,0.1089,0,0,0,0,0,0
MC_s1_bola_TearsOfSteel,1789973209.889,0.1085,0,0,0,0,0,0
MC_s1_bola_TearsOfSteel,1789973209.997,0.1085,0,0,0,0,0,0
MC_s1_bola_TearsOfSteel,1789973210.106,0.1088,0,0,0,0,0,0
MC_s1_bola_TearsOfSteel,1789973210.215,0.1089,0,0,0,0,0,0
MC_s1_bola_TearsOfSteel,1789973210.324,0.1088,0,0,0,0,0,0
MC_s1_bola_TearsOfSteel,1789973210.433,0.1089,0,0,0,0,0,0
MC_s1_bola_TearsOfSteel,1789973210.541,0.1085,0,0,0,0,0,0
MC_s1_bola_TearsOfSteel,1789973210.65,0.1088,0,0,0,0,0,0
MC_s1_bola_TearsOfSteel,1789973210.758,0.1083,0,0,0,0,0,0
MC_s1_bola_TearsOfSteel,1789973210.867,0.1087,0,0,0,0,0,0
MC_s1_bola_TearsOfSteel,1789973210.976,0.1086,0,0,0,0,0,0
MC_s1_bola_TearsOfSteel,1789973211.085,0.1089,0,0,0,0,0,0
MC_s1_bola_TearsOfSteel,1789973211.193,0.1089,0,0,0,0,0,0
MC_s1_bola_TearsOfSteel,1789973211.302,0.109,0,0,0,0,0,0
MC_s1_bola_TearsOfSteel,1789973211.411,0.1087,0,0,0,0,0,0
MC_s1_bola_TearsOfSteel,1789973211.52,0.1088,0,0,0,0,0,0
MC_s1_bola_TearsOfSteel,1789973211.629,0.1088,0,0,0,0,0,0
MC_s1_bola_TearsOfSteel,1789973211.738,0.1089,0,0,0,0,0,0
MC_s1_bola_TearsOfSteel,1789973211.846,0.1086,0,0,0,0,0,0
MC_s1_bola_TearsOfSteel,1789973211.956,0.11,0,0,0,0,0,0
MC_s1_bola_TearsOfSteel,1789973212.065,0.1086,0,0,0,0,0,0
MC_s1_bola_TearsOfSteel,1789973212.173,0.1088,0,0,0,0,0,0
MC_s1_bola_TearsOfSteel,1789973212.282,0.1084,0,0,0,0,0,0
MC_s1_bola_TearsOfSteel,1789973212.39,0.1085,0,0,0,0,0,0
MC_s1_bola_TearsOfSteel,1789973212.499,0.1085,0,0,0,0,0,0
MC_s1_bola_TearsOfSteel,1789973212.607,0.1084,0,0,0,0,0,0
MC_s1_bola_TearsOfSteel,1789973212.716,0.1088,0,0,0,0,0,0
MC_s1_bola_TearsOfSteel,1789973212.824,0.1083,0,0,0,0,0,0
MC_s1_bola_TearsOfSteel,1789973212.933,0.1086,0,0,0,0,0,0
MC_s1_bola_TearsOfSteel,1789973213.043,0.1104,0,0,0,0,0,0
MC_s1_bola_TearsOfSteel,1789973213.152,0.1089,0,0,0,0,0,0
MC_s1_bola_TearsOfSteel,1789973213.261,0.109,0,0,0,0,0,0
MC_s1_bola_TearsOfSteel,1789973213.37,0.1086,0,0,0,0,0,0
MC_s1_bola_TearsOfSteel,1789973213.479,0.1088,0,0,0,0,0,0
MC_s1_bola_TearsOfSteel,1789973213.587,0.1087,0,0,0,0,0,0
MC_s1_bola_TearsOfSteel,1789973213.696,0.1088,0,0,0,0,0,0
MC_s1_bola_TearsOfSteel,1789973213.805,0.1088,0,0,0,0,0,0
MC_s1_bola_TearsOfSteel,1789973213.913,0.1085,0,0,0,0,0,0
MC_s1_bola_TearsOfSteel,1789973214.022,0.1085,0,0,0,0,0,0
MC_s1_bola_TearsOfSteel,1789973214.13,0.1085,0,0,0,0,0,0
MC_s1_bola_TearsOfSteel,1789973214.239,0.1088,0,0,0,0,0,0
MC_s1_bola_TearsOfSteel,1789973214.348,0.1089,0,0,0,0,0,0
MC_s1_bola_TearsOfSteel,1789973214.458,0.1096,0,0,0,0,0,0
MC_s1_bola_TearsOfSteel,1789973214.566,0.1084,0,0,0,0,0,0
MC_s1_bola_TearsOfSteel,1789973214.675,0.1086,0,0,0,0,0,0
MC_s1_bola_TearsOfSteel,1789973214.783,0.1084,0,0,0,0,0,0
MC_s1_bola_TearsOfSteel,1789973214.891,0.1085,0,0,0,0,0,0
MC_s1_bola_TearsOfSteel,1789973215.0,0.1085,0,0,0,0,0,0
MC_s1_bola_TearsOfSteel,1789973215.109,0.1088,0,0,0,0,0,0
MC_s1_bola_TearsOfSteel,1789973215.218,0.1088,0,0,0,0,0,0
MC_s1_bola_TearsOfSteel,1789973215.326,0.1087,0,0,0,0,0,0
MC_s1_bola_TearsOfSteel,1789973215.435,0.1087,0,0,0,0,0,0
MC_s1_bola_TearsOfSteel,1789973215.543,0.1085,0,0,0,0,0,0
MC_s1_bola_TearsOfSteel,1789973215.652,0.1087,0,0,0,0,0,0
MC_s1_bola_TearsOfSteel,1789973215.761,0.1083,0,0,0,0,0,0
MC_s1_bola_TearsOfSteel,1789973215.869,0.1085,0,0,0,0,0,0
MC_s1_bola_TearsOfSteel,1789973215.977,0.1084,0,0,0,0,0,0
MC_s1_bola_TearsOfSteel,1789973216.086,0.1084,0,0,0,0,0,0
MC_s1_bola_TearsOfSteel,1789973216.195,0.1087,0,0,0,0,0,0
MC_s1_bola_TearsOfSteel,1789973216.303,0.1083,0,0,0,0,0,0
MC_s1_bola_TearsOfSteel,1789973216.411,0.1085,0,0,0,0,0,0
MC_s1_bola_TearsOfSteel,1789973216.52,0.1085,0,0,0,0,0,0
MC_s1_bola_TearsOfSteel,1789973216.628,0.1082,0,0,0,0,0,0
MC_s1_bola_TearsOfSteel,1789973216.737,0.1088,0,0,0,0,0,0
MC_s1_bola_TearsOfSteel,1789973216.845,0.1084,0,0,0,0,0,0
MC_s1_bola_TearsOfSteel,1789973216.956,0.1104,0,0,0,0,0,0
MC_s1_bola_TearsOfSteel,1789973217.064,0.1086,0,0,0,0,0,0
MC_s1_bola_TearsOfSteel,1789973217.173,0.1086,0,0,0,0,0,0
MC_s1_bola_TearsOfSteel,1789973217.282,0.1088,0,0,0,0,0,0
MC_s1_bola_TearsOfSteel,1789973217.39,0.1084,0,0,0,0,0,0
MC_s1_bola_TearsOfSteel,1789973217.499,0.1085,0,0,0,0,0,0
MC_s1_bola_TearsOfSteel,1789973217.607,0.1086,0,0,0,0,0,0
MC_s1_bola_TearsOfSteel,1789973217.716,0.1087,0,0,0,0,0,0
MC_s1_bola_TearsOfSteel,1789973217.825,0.1087,0,0,0,0,0,0
MC_s1_bola_TearsOfSteel,1789973217.934,0.1096,0,0,0,0,0,0
MC_s1_bola_TearsOfSteel,1789973218.044,0.1104,0,0,0,0,0,0
MC_s1_bola_TearsOfSteel,1789973218.153,0.1087,0,0,0,0,0,0
MC_s1_bola_TearsOfSteel,1789973218.262,0.1087,0,0,0,0,0,0
MC_s1_bola_TearsOfSteel,1789973218.37,0.1084,0,0,0,0,0,0
MC_s1_bola_TearsOfSteel,1789973218.479,0.1085,0,0,0,0,0,0
MC_s1_bola_TearsOfSteel,1789973218.587,0.1084,0,0,0,0,0,0
MC_s1_bola_TearsOfSteel,1789973218.696,0.1088,0,0,0,0,0,0
MC_s1_bola_TearsOfSteel,1789973218.805,0.1088,0,0,0,0,0,0
MC_s1_bola_TearsOfSteel,1789973218.913,0.1086,0,0,0,0,0,0
MC_s1_bola_TearsOfSteel,1789973219.022,0.1085,0,0,0,0,0,0
MC_s1_bola_TearsOfSteel,1789973219.13,0.1087,0,0,0,0,0,0
MC_s1_bola_TearsOfSteel,1789973219.239,0.1086,0,0,0,0,0,0
MC_s1_bola_TearsOfSteel,1789973219.347,0.1082,0,0,0,0,0,0
MC_s1_bola_TearsOfSteel,1789973219.457,0.1093,0,0,0,0,0,0
MC_s1_bola_TearsOfSteel,1789973219.565,0.1082,0,0,0,0,0,0
MC_s1_bola_TearsOfSteel,1789973219.673,0.1084,0,0,0,0,0,0
MC_s1_bola_TearsOfSteel,1789973219.782,0.1086,0,0,0,0,0,0
MC_s1_bola_TearsOfSteel,1789973219.89,0.1083,0,0,0,0,0,0
MC_s1_bola_TearsOfSteel,1789973219.998,0.1082,0,0,0,0,0,0
MC_s1_bola_TearsOfSteel,1789973220.107,0.1086,0,0,0,0,0,0
MC_s1_bola_TearsOfSteel,1789973220.215,0.1087,0,0,0,0,0,0
MC_s1_bola_TearsOfSteel,1789973220.324,0.1086,0,0,0,0,0,0
MC_s1_bola_TearsOfSteel,1789973220.433,0.1084,0,0,0,0,0,0
MC_s1_bola_TearsOfSteel,1789973220.541,0.1082,0,0,0,0,0,0
MC_s1_bola_TearsOfSteel,1789973220.649,0.1085,0,0,0,0,0,0
MC_s1_bola_TearsOfSteel,1789973220.758,0.1087,0,0,0,0,0,0
MC_s1_bola_TearsOfSteel,1789973220.866,0.1082,0,0,0,0,0,0
MC_s1_bola_TearsOfSteel,1789973220.974,0.1082,0,0,0,0,0,0
MC_s1_bola_TearsOfSteel,1789973221.083,0.1086,0,0,0,0,0,0
MC_s1_bola_TearsOfSteel,1789973221.191,0.1085,0,0,0,0,0,0
MC_s1_bola_TearsOfSteel,1789973221.3,0.1087,0,0,0,0,0,0
MC_s1_bola_TearsOfSteel,1789973221.409,0.1086,0,0,0,0,0,0
MC_s1_bola_TearsOfSteel,1789973221.517,0.1083,0,0,0,0,0,0
MC_s1_bola_TearsOfSteel,1789973221.626,0.1086,0,0,0,0,0,0
MC_s1_bola_TearsOfSteel,1789973221.734,0.1087,0,0,0,0,0,0
MC_s1_bola_TearsOfSteel,1789973221.843,0.1086,0,0,0,0,0,0
MC_s1_bola_TearsOfSteel,1789973221.954,0.1108,0,0,0,0,0,0
MC_s1_bola_TearsOfSteel,1789973222.062,0.1083,0,0,0,0,0,0
MC_s1_bola_TearsOfSteel,1789973222.17,0.1085,0,0,0,0,0,0
MC_s1_bola_TearsOfSteel,1789973222.279,0.1086,0,0,0,0,0,0
MC_s1_bola_TearsOfSteel,1789973222.387,0.1081,0,0,0,0,0,0
MC_s1_bola_TearsOfSteel,1789973222.495,0.1082,0,0,0,0,0,0
MC_s1_bola_TearsOfSteel,1789973222.604,0.1086,0,0,0,0,0,0
MC_s1_bola_TearsOfSteel,1789973222.713,0.1085,0,0,0,0,0,0
MC_s1_bola_TearsOfSteel,1789973222.821,0.1086,0,0,0,0,0,0
MC_s1_bola_TearsOfSteel,1789973222.93,0.1084,0,0,0,0,0,0
MC_s1_bola_TearsOfSteel,1789973223.038,0.1082,0,0,0,0,0,0
MC_s1_bola_TearsOfSteel,1789973223.155,0.1168,0,0,0,0,0,0
MC_s1_bola_TearsOfSteel,1789973223.263,0.1087,0,0,0,0,0,0
MC_s1_bola_TearsOfSteel,1789973223.371,0.1082,0,0,0,0,0,0
MC_s1_bola_TearsOfSteel,1789973223.48,0.1083,0,0,0,0,0,0
MC_s1_bola_TearsOfSteel,1789973223.588,0.1087,0,0,0,0,0,0
MC_s1_bola_TearsOfSteel,1789973223.697,0.1085,0,0,0,0,0,0
MC_s1_bola_TearsOfSteel,1789973223.805,0.1082,0,0,0,0,0,0
MC_s1_bola_TearsOfSteel,1789973223.913,0.1082,0,0,0,0,0,0
MC_s1_bola_TearsOfSteel,1789973224.022,0.1083,0,0,0,0,0,0
MC_s1_bola_TearsOfSteel,1789973224.13,0.1085,0,0,0,0,0,0
MC_s1_bola_TearsOfSteel,1789973224.239,0.1086,0,0,0,0,0,0
MC_s1_bola_TearsOfSteel,1789973224.347,0.1082,0,0,0,0,0,0
MC_s1_bola_TearsOfSteel,1789973224.457,0.1105,0,0,0,0,0,0
MC_s1_bola_TearsOfSteel,1789973224.566,0.1083,0,0,0,0,0,0
MC_s1_bola_TearsOfSteel,1789973224.674,0.1085,0,0,0,0,0,0
MC_s1_bola_TearsOfSteel,1789973224.783,0.1086,0,0,0,0,0,0
MC_s1_bola_TearsOfSteel,1789973224.891,0.1082,0,0,0,0,0,0
MC_s1_bola_TearsOfSteel,1789973224.999,0.1082,0,0,0,0,0,0
MC_s1_bola_TearsOfSteel,1789973225.108,0.1086,0,0,0,0,0,0
MC_s1_bola_TearsOfSteel,1789973225.217,0.109,0,0,0,0,0,0
MC_s1_bola_TearsOfSteel,1789973225.325,0.1085,0,0,0,0,0,0
MC_s1_bola_TearsOfSteel,1789973225.435,0.1094,0,0,0,0,0,0
MC_s1_bola_TearsOfSteel,1789973225.543,0.1083,0,0,0,0,0,0
MC_s1_bola_TearsOfSteel,1789973225.651,0.1083,0,0,0,0,0,0
MC_s1_bola_TearsOfSteel,1789973225.76,0.1087,0,0,0,0,0,0
MC_s1_bola_TearsOfSteel,1789973225.868,0.1083,0,0,0,0,0,0
MC_s1_bola_TearsOfSteel,1789973225.977,0.1084,0,0,0,0,0,0
MC_s1_bola_TearsOfSteel,1789973226.085,0.1086,0,0,0,0,0,0
MC_s1_bola_TearsOfSteel,1789973226.194,0.1085,0,0,0,0,0,0
MC_s1_bola_TearsOfSteel,1789973226.302,0.1088,0,0,0,0,0,0
MC_s1_bola_TearsOfSteel,1789973226.411,0.1084,0,0,0,0,0,0
MC_s1_bola_TearsOfSteel,1789973226.519,0.1083,0,0,0,0,0,0
MC_s1_bola_TearsOfSteel,1789973226.628,0.1085,0,0,0,0,0,0
MC_s1_bola_TearsOfSteel,1789973226.736,0.1084,0,0,0,0,0,0
MC_s1_bola_TearsOfSteel,1789973226.845,0.1087,0,0,0,0,0,0
MC_s1_bola_TearsOfSteel,1789973226.955,0.1106,0,0,0,0,0,0
MC_s1_bola_TearsOfSteel,1789973227.064,0.1082,0,0,0,0,0,0
MC_s1_bola_TearsOfSteel,1789973227.172,0.1087,0,0,0,0,0,0
MC_s1_bola_TearsOfSteel,1789973227.28,0.1082,0,0,0,0,0,0
MC_s1_bola_TearsOfSteel,1789973227.389,0.1082,0,0,0,0,0,0
MC_s1_bola_TearsOfSteel,1789973227.497,0.1083,0,0,0,0,0,0
MC_s1_bola_TearsOfSteel,1789973227.605,0.1085,0,0,0,0,0,0
MC_s1_bola_TearsOfSteel,1789973227.714,0.1084,0,0,0,0,0,0
MC_s1_bola_TearsOfSteel,1789973227.822,0.1087,0,0,0,0,0,0
MC_s1_bola_TearsOfSteel,1789973227.931,0.1083,0,0,0,0,0,0
MC_s1_bola_TearsOfSteel,1789973228.039,0.1083,0,0,0,0,0,0
MC_s1_bola_TearsOfSteel,1789973228.147,0.1084,0,0,0,0,0,0
MC_s1_bola_TearsOfSteel,1789973228.256,0.1087,0,0,0,0,0,0
MC_s1_bola_TearsOfSteel,1789973228.364,0.1081,0,0,0,0,0,0
MC_s1_bola_TearsOfSteel,1789973228.473,0.1083,0,0,0,0,0,0
MC_s1_bola_TearsOfSteel,1789973228.581,0.1086,0,0,0,0,0,0
MC_s1_bola_TearsOfSteel,1789973228.69,0.1084,0,0,0,0,0,0
MC_s1_bola_TearsOfSteel,1789973228.798,0.1086,0,0,0,0,0,0
MC_s1_bola_TearsOfSteel,1789973228.906,0.1081,0,0,0,0,0,0
MC_s1_bola_TearsOfSteel,1789973229.015,0.1082,0,0,0,0,0,0
