run_id,t_epoch,dt,delta_bytes,delta_packets,delta_reorder,jitter_ns,rtt_ns,active_flows
CONT_s7_bola_Valkaama,1789497002.894,0.1001,0,0,0,0,0,0
CONT_s7_bola_Valkaama,1789497002.996,0.1013,0,0,0,0,0,0
CONT_s7_bola_Valkaama,1789497003.097,0.1011,0,0,0,0,0,0
CONT_s7_bola_Valkaama,1789497003.198,0.101,0,0,0,0,0,0
CONT_s7_bola_Valkaama,1789497003.299,0.101,0,0,0,0,0,0
CONT_s7_bola_Valkaama,1789497003.4,0.1013,0,0,0,0,0,0
CONT_s7_bola_Valkaama,1789497003.501,0.1012,0,0,0,0,0,0
CONT_s7_bola_Valkaama,1789497003.602,0.101,0,0,0,0,0,0
CONT_s7_bola_Valkaama,1789497003.703,0.1011,0,0,0,0,0,0
CONT_s7_bola_Valkaama,1789497003.804,0.101,0,0,0,0,0,0
CONT_s7_bola_Valkaama,1789497003.905,0.1012,0,0,0,0,0,0
CONT_s7_bola_Valkaama,1789497004.007,0.1012,0,0,0,0,0,0
CONT_s7_bola_Valkaama,1789497004.108,0.1011,0,0,0,0,0,0
CONT_s7_bola_Valkaama,1789497004.209,0.101,0,0,0,0,0,0
CONT_s7_bola_Valkaama,1789497004.31,0.101,0,0,0,0,0,0
CONT_s7_bola_Valkaama,1789497004.411,0.1012,0,0,0,0,0,0
CONT_s7_bola_Valkaama,1789497004.512,0.1012,0,0,0,0,0,0
CONT_s7_bola_Valkaama,1789497004.613,0.101,0,0,0,0,0,0
CONT_s7_bola_Valkaama,1789497004.714,0.101,0,0,0,0,0,0
CONT_s7_bola_Valkaama,1789497004.815,0.101,0,0,0,0,0,0
CONT_s7_bola_Valkaama,1789497004.916,0.1012,0,0,0,0,0,0
CONT_s7_bola_Valkaama,1789497005.018,0.1012,0,0,0,0,0,0
CONT_s7_bola_Valkaama,1789497005.119,0.1011,0,0,0,0,0,0
CONT_s7_bola_Valkaama,1789497005.22,0.101,0,0,0,0,0,0
CONT_s7_bola_Valkaama,1789497005.321,0.101,0,0,0,0,0,0
CONT_s7_bola_Valkaama,1789497005.422,0.1012,0,0,0,0,0,0
CONT_s7_bola_Valkaama,1789497005.523,0.1012,0,0,0,0,0,0
CONT_s7_bola_Valkaama,1789497005.624,0.1011,0,0,0,0,0,0
CONT_s7_bola_Valkaama,1789497005.725,0.101,0,0,0,0,0,0
CONT_s7_bola_Valkaama,1789497005.826,0.101,0,0,0,0,0,0
CONT_s7_bola_Valkaama,1789497005.928,0.1019,0,0,0,0,0,0
CONT_s7_bola_Valkaama,1789497006.029,0.1012,0,0,0,0,0,0
CONT_s7_bola_Valkaama,1789497006.13,0.1011,0,0,0,0,0,0
CONT_s7_bola_Valkaama,1789497006.231,0.101,0,0,0,0,0,0
CONT_s7_bola_Valkaama,1789497006.333,0.1013,0,0,0,0,0,0
CONT_s7_bola_Valkaama,1789497006.436,0.103,0,0,0,0,0,0
CONT_s7_bola_Valkaama,1789497006.537,0.1012,0,0,0,0,0,0
CONT_s7_bola_Valkaama,1789497006.638,0.1011,0,0,0,0,0,0
CONT_s7_bola_Valkaama,1789497006.739,0.101,0,0,0,0,0,0
CONT_s7_bola_Valkaama,1789497006.84,0.1015,0,0,0,0,0,0
CONT_s7_bola_Valkaama,1789497006.942,0.1022,0,0,0,0,0,0
CONT_s7_bola_Valkaama,1789497007.043,0.1011,0,0,0,0,0,0
CONT_s7_bola_Valkaama,1789497007.145,0.1011,0,0,0,0,0,0
CONT_s7_bola_Valkaama,1789497007.246,0.101,0,0,0,0,0,0
CONT_s7_bola_Valkaama,1789497007.347,0.1012,0,0,0,0,0,0
CONT_s7_bola_Valkaama,1789497007.448,0.1012,0,0,0,0,0,0
CONT_s7_bola_Valkaama,1789497007.549,0.101,0,0,0,0,0,0
CONT_s7_bola_Valkaama,1789497007.65,0.1011,0,0,0,0,0,0
CONT_s7_bola_Valkaama,1789497007.751,0.101,0,0,0,0,0,0
CONT_s7_bola_Valkaama,1789497007.852,0.1012,0,0,0,0,0,0
CONT_s7_bola_Valkaama,1789497007.954,0.1015,0,0,0,0,0,0
CONT_s7_bola_Valkaama,1789497008.055,0.1013,0,0,0,0,0,0
CONT_s7_bola_Valkaama,1789497008.156,0.1014,0,0,0,0,0,0
CONT_s7_bola_Valkaama,1789497008.258,0.1013,0,0,0,0,0,0
CONT_s7_bola_Valkaama,1789497008.359,0.1016,0,0,0,0,0,0
CONT_s7_bola_Valkaama,1789497008.461,0.1017,0,0,0,0,0,0
CONT_s7_bola_Valkaama,1789497008.562,0.1014,0,0,0,0,0,0
CONT_s7_bola_Valkaama,1789497008.664,0.1013,0,0,0,0,0,0
CONT_s7_bola_Valkaama,1789497008.765,0.1013,0,0,0,0,0,0
CONT_s7_bola_Valkaama,1789497008.867,0.1015,0,0,0,0,0,0
CONT_s7_bola_Valkaama,1789497008.968,0.1015,0,0,0,0,0,0
CONT_s7_bola_Valkaama,1789497009.069,0.1013,0,0,0,0,0,0
CONT_s7_bola_Valkaama,1789497009.171,0.1013,0,0,0,0,0,0
CONT_s7_bola_Valkaama,1789497009.272,0.1013,0,0,0,0,0,0
CONT_s7_bola_Valkaama,1789497009.374,0.1015,0,0,0,0,0,0
CONT_s7_bola_Valkaama,1789497009.475,0.1015,0,0,0,0,0,0
CONT_s7_bola_Valkaama,1789497009.576,0.1013,0,0,0,0,0,0
CONT_s7_bola_Valkaama,1789497009.678,0.1014,0,0,0,0,0,0
CONT_s7_bola_Valkaama,1789497009.779,0.1013,0,0,0,0,0,0
CONT_s7_bola_Valkaama,1789497009.88,0.1015,0,0,0,0,0,0
CONT_s7_bola_Valkaama,1789497009.982,0.1015,0,0,0,0,0,0
CONT_s7_bola_Valkaama,1789497010.083,0.1013,0,0,0,0,0,0
CONT_s7_bola_Valkaama,1789497010.185,0.1013,0,0,0,0,0,0
CONT_s7_bola_Valkaama,1789497010.286,0.1013,0,0,0,0,0,0
CONT_s7_bola_Valkaama,1789497010.387,0.1015,0,0,0,0,0,0
CONT_s7_bola_Valkaama,1789497010.489,0.1015,0,0,0,0,0,0
CONT_s7_bola_Valkaama,1789497010.59,0.1014,0,0,0,0,0,0
CONT_s7_bola_Valkaama,1789497010.692,0.1013,0,0,0,0,0,0
CONT_s7_bola_Valkaama,1789497010.793,0.1013,0,0,0,0,0,0
CONT_s7_bola_Valkaama,1789497010.894,0.1016,0,0,0,0,0,0
CONT_s7_bola_Valkaama,1789497010.996,0.1015,0,0,0,0,0,0
CONT_s7_bola_Valkaama,1789497011.097,0.1013,0,0,0,0,0,0
CONT_s7_bola_Valkaama,1789497011.198,0.1014,0,0,0,0,0,0
CONT_s7_bola_Valkaama,1789497011.3,0.1014,0,0,0,0,0,0
CONT_s7_bola_Valkaama,1789497011.401,0.1015,0,0,0,0,0,0
CONT_s7_bola_Valkaama,1789497011.503,0.1015,0,0,0,0,0,0
CONT_s7_bola_Valkaama,1789497011.604,0.1013,0,0,0,0,0,0
CONT_s7_bola_Valkaama,1789497011.705,0.1013,0,0,0,0,0,0
CONT_s7_bola_Valkaama,1789497011.807,0.1013,0,0,0,0,0,0
CONT_s7_bola_Valkaama,1789497011.908,0.1015,0,0,0,0,0,0
CONT_s7_bola_Valkaama,1789497012.01,0.1015,0,0,0,0,0,0
CONT_s7_bola_Valkaama,1789497012.111,0.1015,0,0,0,0,0,0
CONT_s7_bola_Valkaama,1789497012.213,0.1013,0,0,0,0,0,0
CONT_s7_bola_Valkaama,1789497012.314,0.1013,0,0,0,0,0,0
CONT_s7_bola_Valkaama,1789497012.415,0.1015,0,0,0,0,0,0
CONT_s7_bola_Valkaama,1789497012.517,0.1015,0,0,0,0,0,0
CONT_s7_bola_Valkaama,1789497012.618,0.1013,0,0,0,0,0,0
CONT_s7_bola_Valkaama,1789497012.719,0.1013,0,0,0,0,0,0
CONT_s7_bola_Valkaama,1789497012.821,0.1014,0,0,0,0,0,0
CONT_s7_bola_Valkaama,1789497012.922,0.1015,0,0,0,0,0,0
CONT_s7_bola_Valkaama,1789497013.024,0.1018,0,0,0,0,0,0
CONT_s7_bola_Valkaama,1789497013.125,0.1013,0,0,0,0,0,0
CONT_s7_bola_Valkaama,1789497013.227,0.1014,0,0,0,0,0,0
CONT_s7_bola_Valkaama,1789497013.329,0.1019,0,0,0,0,0,0
CONT_s7_bola_Valkaama,1789497013.43,0.1016,0,0,0,0,0,0
CONT_s7_bola_Valkaama,1789497013.532,0.1015,0,0,0,0,0,0
CONT_s7_bola_Valkaama,1789497013.633,0.1013,0,0,0,0,0,0
CONT_s7_bola_Valkaama,1789497013.735,0.1013,0,0,0,0,0,0
CONT_s7_bola_Valkaama,1789497013.836,0.1015,0,0,0,0,0,0
CONT_s7_bola_Valkaama,1789497013.939,0.1027,0,0,0,0,0,0
CONT_s7_bola_Valkaama,1789497014.04,0.1015,0,0,0,0,0,0
CONT_s7_bola_Valkaama,1789497014.142,0.1014,0,0,0,0,0,0
CONT_s7_bola_Valkaama,1789497014.243,0.1013,0,0,0,0,0,0
CONT_s7_bola_Valkaama,1789497014.345,0.1015,0,0,0,0,0,0
CONT_s7_bola_Valkaama,1789497014.447,0.1026,0,0,0,0,0,0
CONT_s7_bola_Valkaama,1789497014.549,0.1014,0,0,0,0,0,0
CONT_s7_bola_Valkaama,1789497014.65,0.1013,0,0,0,0,0,0
CONT_s7_bola_Valkaama,1789497014.751,0.1013,0,0,0,0,0,0
CONT_s7_bola_Valkaama,1789497014.853,0.1015,0,0,0,0,0,0
CONT_s7_bola_Valkaama,1789497014.954,0.1015,0,0,0,0,0,0
CONT_s7_bola_Valkaama,1789497015.056,0.1014,0,0,0,0,0,0
CONT_s7_bola_Valkaama,1789497015.157,0.1013,0,0,0,0,0,0
CONT_s7_bola_Valkaama,1789497015.258,0.1013,0,0,0,0,0,0
CONT_s7_bola_Valkaama,1789497015.36,0.1015,0,0,0,0,0,0
CONT_s7_bola_Valkaama,1789497015.461,0.1015,0,0,0,0,0,0
CONT_s7_bola_Valkaama,1789497015.563,0.1014,0,0,0,0,0,0
CONT_s7_bola_Valkaama,1789497015.664,0.1013,0,0,0,0,0,0
CONT_s7_bola_Valkaama,1789497015.765,0.1013,0,0,0,0,0,0
CONT_s7_bola_Valkaama,1789497015.867,0.1015,0,0,0,0,0,0
CONT_s7_bola_Valkaama,1789497015.968,0.1016,0,0,0,0,0,0
CONT_s7_bola_Valkaama,1789497016.07,0.1013,0,0,0,0,0,0
CONT_s7_bola_Valkaama,1789497016.171,0.1013,0,0,0,0,0,0
CONT_s7_bola_Valkaama,1789497016.272,0.1013,0,0,0,0,0,0
CONT_s7_bola_Valkaama,1789497016.374,0.1015,0,0,0,0,0,0
CONT_s7_bola_Valkaama,1789497016.475,0.1015,0,0,0,0,0,0
CONT_s7_bola_Valkaama,1789497016.577,0.1013,0,0,0,0,0,0
CONT_s7_bola_Valkaama,1789497016.678,0.1013,0,0,0,0,0,0
CONT_s7_bola_Valkaama,1789497016.779,0.1013,0,0,0,0,0,0
CONT_s7_bola_Valkaama,1789497016.881,0.1015,0,0,0,0,0,0
CONT_s7_bola_Valkaama,1789497016.982,0.1016,0,0,0,0,0,0
CONT_s7_bola_Valkaama,1789497017.084,0.1014,0,0,0,0,0,0
CONT_s7_bola_Valkaama,1789497017.185,0.1013,0,0,0,0,0,0
CONT_s7_bola_Valkaama,1789497017.286,0.1015,0,0,0,0,0,0
CONT_s7_bola_Valkaama,1789497017.388,0.1014,0,0,0,0,0,0
CONT_s7_bola_Valkaama,1789497017.489,0.1016,0,0,0,0,0,0
CONT_s7_bola_Valkaama,1789497017.591,0.1014,0,0,0,0,0,0
CONT_s7_bola_Valkaama,1789497017.692,0.1013,0,0,0,0,0,0
CONT_s7_bola_Valkaama,1789497017.793,0.1013,0,0,0,0,0,0
CONT_s7_bola_Valkaama,1789497017.895,0.1015,0,0,0,0,0,0
CONT_s7_bola_Valkaama,1789497017.997,0.1015,0,0,0,0,0,0
CONT_s7_bola_Valkaama,1789497018.098,0.1013,0,0,0,0,0,0
CONT_s7_bola_Valkaama,1789497018.199,0.1013,0,0,0,0,0,0
CONT_s7_bola_Valkaama,1789497018.301,0.1014,0,0,0,0,0,0
CONT_s7_bola_Valkaama,1789497018.402,0.1016,0,0,0,0,0,0
CONT_s7_bola_Valkaama,1789497018.504,0.1016,0,0,0,0,0,0
CONT_s7_bola_Valkaama,1789497018.605,0.1013,0,0,0,0,0,0
CONT_s7_bola_Valkaama,1789497018.706,0.1013,0,0,0,0,0,0
CONT_s7_bola_Valkaama,1789497018.808,0.1013,0,0,0,0,0,0
CONT_s7_bola_Valkaama,1789497018.909,0.1015,0,0,0,0,0,0
CONT_s7_bola_Valkaama,1789497019.011,0.1016,0,0,0,0,0,0
CONT_s7_bola_Valkaama,1789497019.112,0.1014,0,0,0,0,0,0
CONT_s7_bola_Valkaama,1789497019.213,0.1014,0,0,0,0,0,0
CONT_s7_bola_Valkaama,1789497019.315,0.1013,0,0,0,0,0,0
CONT_s7_bola_Valkaama,1789497019.416,0.1015,0,0,0,0,0,0
CONT_s7_bola_Valkaama,1789497019.518,0.1015,0,0,0,0,0,0
CONT_s7_bola_Valkaama,1789497019.619,0.1013,0,0,0,0,0,0
CONT_s7_bola_Valkaama,1789497019.72,0.1013,0,0,0,0,0,0
CONT_s7_bola_Valkaama,1789497019.822,0.1013,0,0,0,0,0,0
CONT_s7_bola_Valkaama,1789497019.923,0.1015,0,0,0,0,0,0
CONT_s7_bola_Valkaama,1789497020.025,0.1015,0,0,0,0,0,0
CONT_s7_bola_Valkaama,1789497020.126,0.1014,0,0,0,0,0,0
CONT_s7_bola_Valkaama,1789497020.228,0.1021,0,0,0,0,0,0
CONT_s7_bola_Valkaama,1789497020.33,0.102,0,0,0,0,0,0
CONT_s7_bola_Valkaama,1789497020.432,0.1015,0,0,0,0,0,0
CONT_s7_bola_Valkaama,1789497020.533,0.1014,0,0,0,0,0,0
CONT_s7_bola_Valkaama,1789497020.634,0.1013,0,0,0,0,0,0
CONT_s7_bola_Valkaama,1789497020.736,0.1014,0,0,0,0,0,0
CONT_s7_bola_Valkaama,1789497020.837,0.1016,0,0,0,0,0,0
CONT_s7_bola_Valkaama,1789497020.94,0.1029,0,0,0,0,0,0
CONT_s7_bola_Valkaama,1789497021.042,0.1015,0,0,0,0,0,0
CONT_s7_bola_Valkaama,1789497021.143,0.1013,0,0,0,0,0,0
CONT_s7_bola_Valkaama,1789497021.244,0.1014,0,0,0,0,0,0
CONT_s7_bola_Valkaama,1789497021.346,0.1016,0,0,0,0,0,0
CONT_s7_bola_Valkaama,1789497021.449,0.1025,0,0,0,0,0,0
CONT_s7_bola_Valkaama,1789497021.55,0.1013,0,0,0,0,0,0
CONT_s7_bola_Valkaama,1789497021.651,0.1013,0,0,0,0,0,0
CONT_s7_bola_Valkaama,1789497021.753,0.1014,0,0,0,0,0,0
CONT_s7_bola_Valkaama,1789497021.854,0.1015,0,0,0,0,0,0
CONT_s7_bola_Valkaama,1789497021.956,0.1015,0,0,0,0,0,0
CONT_s7_bola_Valkaama,1789497022.057,0.1013,0,0,0,0,0,0
CONT_s7_bola_Valkaama,1789497022.158,0.1013,0,0,0,0,0,0
CONT_s7_bola_Valkaama,1789497022.26,0.1014,0,0,0,0,0,0
CONT_s7_bola_Valkaama,1789497022.361,0.1015,0,0,0,0,0,0
CONT_s7_bola_Valkaama,1789497022.463,0.1015,0,0,0,0,0,0
CONT_s7_bola_Valkaama,1789497022.564,0.1015,0,0,0,0,0,0
CONT_s7_bola_Valkaama,1789497022.666,0.1016,0,0,0,0,0,0
CONT_s7_bola_Valkaama,1789497022.767,0.1013,0,0,0,0,0,0
CONT_s7_bola_Valkaama,1789497022.868,0.1016,0,0,0,0,0,0
CONT_s7_bola_Valkaama,1789497022.97,0.1017,0,0,0,0,0,0
CONT_s7_bola_Valkaama,1789497023.072,0.1014,0,0,0,0,0,0
CONT_s7_bola_Valkaama,1789497023.173,0.1016,0,0,0,0,0,0
CONT_s7_bola_Valkaama,1789497023.275,0.1014,0,0,0,0,0,0
CONT_s7_bola_Valkaama,1789497023.376,0.1017,0,0,0,0,0,0
CONT_s7_bola_Valkaama,1789497023.478,0.1015,0,0,0,0,0,0
CONT_s7_bola_Valkaama,1789497023.579,0.1013,0,0,0,0,0,0
CONT_s7_bola_Valkaama,1789497023.68,0.1014,0,0,0,0,0,0
CONT_s7_bola_Valkaama,1789497023.782,0.1014,0,0,0,0,0,0
CONT_s7_bola_Valkaama,1789497023.883,0.1016,0,0,0,0,0,0
CONT_s7_bola_Valkaama,1789497023.985,0.1015,0,0,0,0,0,0
CONT_s7_bola_Valkaama,1789497024.086,0.1013,0,0,0,0,0,0
CONT_s7_bola_Valkaama,1789497024.188,0.1014,0,0,0,0,0,0
CONT_s7_bola_Valkaama,1789497024.289,0.1013,0,0,0,0,0,0
CONT_s7_bola_Valkaama,1789497024.39,0.1015,0,0,0,0,0,0
CONT_s7_bola_Valkaama,1789497024.492,0.1015,0,0,0,0,0,0
CONT_s7_bola_Valkaama,1789497024.593,0.1013,0,0,0,0,0,0
CONT_s7_bola_Valkaama,1789497024.695,0.1013,0,0,0,0,0,0
CONT_s7_bola_Valkaama,1789497024.796,0.1013,0,0,0,0,0,0
CONT_s7_bola_Valkaama,1789497024.897,0.1015,0,0,0,0,0,0
CONT_s7_bola_Valkaama,1789497024.999,0.1015,0,0,0,0,0,0
CONT_s7_bola_Valkaama,1789497025.1,0.1013,0,0,0,0,0,0
CONT_s7_bola_Valkaama,1789497025.201,0.1014,0,0,0,0,0,0
CONT_s7_bola_Valkaama,1789497025.303,0.1013,0,0,0,0,0,0
CONT_s7_bola_Valkaama,1789497025.404,0.1015,0,0,0,0,0,0
CONT_s7_bola_Valkaama,1789497025.506,0.1015,0,0,0,0,0,0
CONT_s7_bola_Valkaama,1789497025.607,0.1013,0,0,0,0,0,0
CONT_s7_bola_Valkaama,1789497025.708,0.1013,0,0,0,0,0,0
CONT_s7_bola_Valkaama,1789497025.81,0.1013,0,0,0,0,0,0
CONT_s7_bola_Valkaama,1789497025.911,0.1016,0,0,0,0,0,0
CONT_s7_bola_Valkaama,1789497026.013,0.1015,0,0,0,0,0,0
CONT_s7_bola_Valkaama,1789497026.114,0.1013,0,0,0,0,0,0
CONT_s7_bola_Valkaama,1789497026.215,0.1013,0,0,0,0,0,0
CONT_s7_bola_Valkaama,1789497026.317,0.1013,0,0,0,0,0,0
CONT_s7_bola_Valkaama,1789497026.418,0.1015,0,0,0,0,0,0
CONT_s7_bola_Valkaama,1789497026.52,0.1015,0,0,0,0,0,0
CONT_s7_bola_Valkaama,1789497026.621,0.1013,0,0,0,0,0,0
CONT_s7_bola_Valkaama,1789497026.722,0.1014,0,0,0,0,0,0
CONT_s7_bola_Valkaama,1789497026.824,0.1013,0,0,0,0,0,0
CONT_s7_bola_Valkaama,1789497026.925,0.1015,0,0,0,0,0,0
CONT_s7_bola_Valkaama,1789497027.027,0.1016,0,0,0,0,0,0
CONT_s7_bola_Valkaama,1789497027.128,0.1013,0,0,0,0,0,0
CONT_s7_bola_Valkaama,1789497027.23,0.1014,0,0,0,0,0,0
CONT_s7_bola_Valkaama,1789497027.332,0.1021,0,0,0,0,0,0
CONT_s7_bola_Valkaama,1789497027.433,0.1015,0,0,0,0,0,0
CONT_s7_bola_Valkaama,1789497027.535,0.1015,0,0,0,0,0,0
CONT_s7_bola_Valkaama,1789497027.636,0.1014,0,0,0,0,0,0
CONT_s7_bola_Valkaama,1789497027.737,0.1014,0,0,0,0,0,0
CONT_s7_bola_Valkaama,1789497027.839,0.1015,0,0,0,0,0,0
CONT_s7_bola_Valkaama,1789497027.941,0.1017,0,0,0,0,0,0
CONT_s7_bola_Valkaama,1789497028.042,0.1015,0,0,0,0,0,0
CONT_s7_bola_Valkaama,1789497028.143,0.1013,0,0,0,0,0,0
CONT_s7_bola_Valkaama,1789497028.245,0.1013,0,0,0,0,0,0
CONT_s7_bola_Valkaama,1789497028.347,0.1022,0,0,0,0,0,0
CONT_s7_bola_Valkaama,1789497028.449,0.1022,0,0,0,0,0,0
CONT_s7_bola_Valkaama,1789497028.551,0.1014,0,0,0,0,0,0
CONT_s7_bola_Valkaama,1789497028.652,0.1015,0,0,0,0,0,0
CONT_s7_bola_Valkaama,1789497028.753,0.1013,0,0,0,0,0,0
CONT_s7_bola_Valkaama,1789497028.855,0.1016,0,0,0,0,0,0
CONT_s7_bola_Valkaama,1789497028.956,0.1015,0,0,0,0,0,0
CONT_s7_bola_Valkaama,1789497029.058,0.1014,0,0,0,0,0,0
CONT_s7_bola_Valkaama,1789497029.159,0.1014,0,0,0,0,0,0
CONT_s7_bola_Valkaama,1789497029.261,0.1014,0,0,0,0,0,0
CONT_s7_bola_Valkaama,1789497029.362,0.1016,0,0,0,0,0,0
CONT_s7_bola_Valkaama,1789497029.464,0.1015,0,0,0,0,0,0
CONT_s7_bola_Valkaama,1789497029.565,0.1014,0,0,0,0,0,0
CONT_s7_bola_Valkaama,1789497029.667,0.1014,0,0,0,0,0,0
CONT_s7_bola_Valkaama,1789497029.768,0.1013,0,0,0,0,0,0
CONT_s7_bola_Valkaama,1789497029.869,0.1015,0,0,0,0,0,0
CONT_s7_bola_Valkaama,1789497029.971,0.1015,0,0,0,0,0,0
CONT_s7_bola_Valkaama,1789497030.072,0.1013,0,0,0,0,0,0
CONT_s7_bola_Valkaama,1789497030.174,0.1013,0,0,0,0,0,0
CONT_s7_bola_Valkaama,1789497030.275,0.1013,0,0,0,0,0,0
CONT_s7_bola_Valkaama,1789497030.376,0.1015,0,0,0,0,0,0
CONT_s7_bola_Valkaama,1789497030.478,0.1015,0,0,0,0,0,0
CONT_s7_bola_Valkaama,1789497030.579,0.1013,0,0,0,0,0,0
CONT_s7_bola_Valkaama,1789497030.681,0.1013,0,0,0,0,0,0
CONT_s7_bola_Valkaama,1789497030.782,0.1013,0,0,0,0,0,0
CONT_s7_bola_Valkaama,1789497030.883,0.1015,0,0,0,0,0,0
CONT_s7_bola_Valkaama,1789497030.985,0.1015,0,0,0,0,0,0
CONT_s7_bola_Valkaama,1789497031.086,0.1013,0,0,0,0,0,0
CONT_s7_bola_Valkaama,1789497031.188,0.1014,0,0,0,0,0,0
CONT_s7_bola_Valkaama,1789497031.289,0.1013,0,0,0,0,0,0
CONT_s7_bola_Valkaama,1789497031.39,0.1015,0,0,0,0,0,0
CONT_s7_bola_Valkaama,1789497031.492,0.1015,0,0,0,0,0,0
CONT_s7_bola_Valkaama,1789497031.593,0.1013,0,0,0,0,0,0
CONT_s7_bola_Valkaama,1789497031.694,0.1013,0,0,0,0,0,0
CONT_s7_bola_Valkaama,1789497031.796,0.1013,0,0,0,0,0,0
CONT_s7_bola_Valkaama,1789497031.897,0.1015,0,0,0,0,0,0
CONT_s7_bola_Valkaama,1789497031.999,0.1016,0,0,0,0,0,0
CONT_s7_bola_Valkaama,1789497032.1,0.1013,0,0,0,0,0,0
CONT_s7_bola_Valkaama,1789497032.202,0.1014,0,0,0,0,0,0
CONT_s7_bola_Valkaama,1789497032.303,0.1013,0,0,0,0,0,0
CONT_s7_bola_Valkaama,1789497032.404,0.1015,0,0,0,0,0,0
CONT_s7_bola_Valkaama,1789497032.506,0.1015,0,0,0,0,0,0
CONT_s7_bola_Valkaama,1789497032.607,0.1013,0,0,0,0,0,0
CONT_s7_bola_Valkaama,1789497032.709,0.1014,0,0,0,0,0,0
CONT_s7_bola_Valkaama,1789497032.81,0.1014,0,0,0,0,0,0
CONT_s7_bola_Valkaama,1789497032.911,0.1015,0,0,0,0,0,0
CONT_s7_bola_Valkaama,1789497033.013,0.1015,0,0,0,0,0,0
CONT_s7_bola_Valkaama,1789497033.114,0.1015,0,0,0,0,0,0
CONT_s7_bola_Valkaama,1789497033.216,0.1013,0,0,0,0,0,0
CONT_s7_bola_Valkaama,1789497033.317,0.1016,0,0,0,0,0,0
CONT_s7_bola_Valkaama,1789497033.419,0.1015,0,0,0,0,0,0
CONT_s7_bola_Valkaama,1789497033.52,0.1015,0,0,0,0,0,0
CONT_s7_bola_Valkaama,1789497033.622,0.1012,0,0,0,0,0,0
CONT_s7_bola_Valkaama,1789497033.723,0.1013,0,0,0,0,0,0
CONT_s7_bola_Valkaama,1789497033.824,0.1013,0,0,0,0,0,0
CONT_s7_bola_Valkaama,1789497033.926,0.1015,0,0,0,0,0,0
CONT_s7_bola_Valkaama,1789497034.027,0.1015,0,0,0,0,0,0
CONT_s7_bola_Valkaama,1789497034.128,0.1013,0,0,0,0,0,0
CONT_s7_bola_Valkaama,1789497034.23,0.1013,0,0,0,0,0,0
CONT_s7_bola_Valkaama,1789497034.331,0.1016,0,0,0,0,0,0
CONT_s7_bola_Valkaama,1789497034.433,0.1015,0,0,0,0,0,0
CONT_s7_bola_Valkaama,1789497034.534,0.1014,0,0,0,0,0,0
CONT_s7_bola_Valkaama,1789497034.636,0.1015,0,0,0,0,0,0
CONT_s7_bola_Valkaama,1789497034.737,0.1013,0,0,0,0,0,0
CONT_s7_bola_Valkaama,1789497034.839,0.1016,0,0,0,0,0,0
CONT_s7_bola_Valkaama,1789497034.943,0.104,0,0,0,0,0,0
CONT_s7_bola_Valkaama,1789497035.044,0.1016,0,0,0,0,0,0
CONT_s7_bola_Valkaama,1789497035.145,0.1013,0,0,0,0,0,0
CONT_s7_bola_Valkaama,1789497035.247,0.1014,0,0,0,0,0,0
CONT_s7_bola_Valkaama,1789497035.348,0.1015,0,0,0,0,0,0
CONT_s7_bola_Valkaama,1789497035.451,0.1029,0,0,0,0,0,0
CONT_s7_bola_Valkaama,1789497035.553,0.1014,0,0,0,0,0,0
CONT_s7_bola_Valkaama,1789497035.654,0.1014,0,0,0,0,0,0
CONT_s7_bola_Valkaama,1789497035.755,0.1013,0,0,0,0,0,0
CONT_s7_bola_Valkaama,1789497035.857,0.1015,0,0,0,0,0,0
CONT_s7_bola_Valkaama,1789497035.958,0.1016,0,0,0,0,0,0
CONT_s7_bola_Valkaama,1789497036.06,0.1013,0,0,0,0,0,0
CONT_s7_bola_Valkaama,1789497036.161,0.1013,0,0,0,0,0,0
CONT_s7_bola_Valkaama,1789497036.262,0.1013,0,0,0,0,0,0
CONT_s7_bola_Valkaama,1789497036.364,0.1015,0,0,0,0,0,0
CONT_s7_bola_Valkaama,1789497036.465,0.1015,0,0,0,0,0,0
CONT_s7_bola_Valkaama,1789497036.567,0.1014,0,0,0,0,0,0
CONT_s7_bola_Valkaama,1789497036.668,0.1013,0,0,0,0,0,0
CONT_s7_bola_Valkaama,1789497036.769,0.1013,0,0,0,0,0,0
CONT_s7_bola_Valkaama,1789497036.871,0.1015,0,0,0,0,0,0
CONT_s7_bola_Valkaama,1789497036.972,0.1015,0,0,0,0,0,0
CONT_s7_bola_Valkaama,1789497037.074,0.1013,0,0,0,0,0,0
CONT_s7_bola_Valkaama,1789497037.175,0.1013,0,0,0,0,0,0
CONT_s7_bola_Valkaama,1789497037.276,0.1013,0,0,0,0,0,0
CONT_s7_bola_Valkaama,1789497037.378,0.1015,0,0,0,0,0,0
CONT_s7_bola_Valkaama,1789497037.479,0.1015,0,0,0,0,0,0
CONT_s7_bola_Valkaama,1789497037.581,0.1014,0,0,0,0,0,0
CONT_s7_bola_Valkaama,1789497037.682,0.1013,0,0,0,0,0,0
CONT_s7_bola_Valkaama,1789497037.783,0.1013,0,0,0,0,0,0
CONT_s7_bola_Valkaama,1789497037.885,0.1015,0,0,0,0,0,0
CONT_s7_bola_Valkaama,1789497037.986,0.1016,0,0,0,0,0,0
CONT_s7_bola_Valkaama,1789497038.088,0.1014,0,0,0,0,0,0
CONT_s7_bola_Valkaama,1789497038.189,0.1013,0,0,0,0,0,0
CONT_s7_bola_Valkaama,1789497038.291,0.1015,0,0,0,0,0,0
CONT_s7_bola_Valkaama,1789497038.392,0.1014,0,0,0,0,0,0
CONT_s7_bola_Valkaama,1789497038.493,0.1015,0,0,0,0,0,0
CONT_s7_bola_Valkaama,1789497038.595,0.1014,0,0,0,0,0,0
CONT_s7_bola_Valkaama,1789497038.696,0.1013,0,0,0,0,0,0
CONT_s7_bola_Valkaama,1789497038.798,0.1013,0,0,0,0,0,0
CONT_s7_bola_Valkaama,1789497038.899,0.1015,0,0,0,0,0,0
CONT_s7_bola_Valkaama,1789497039.001,0.1015,0,0,0,0,0,0
CONT_s7_bola_Valkaama,1789497039.102,0.1013,0,0,0,0,0,0
CONT_s7_bola_Valkaama,1789497039.203,0.1013,0,0,0,0,0,0
CONT_s7_bola_Valkaama,1789497039.305,0.1013,0,0,0,0,0,0
CONT_s7_bola_Valkaama,1789497039.406,0.1015,0,0,0,0,0,0
CONT_s7_bola_Valkaama,1789497039.507,0.1015,0,0,0,0,0,0
CONT_s7_bola_Valkaama,1789497039.609,0.1013,0,0,0,0,0,0
CONT_s7_bola_Valkaama,1789497039.71,0.1014,0,0,0,0,0,0
CONT_s7_bola_Valkaama,1789497039.812,0.1013,0,0,0,0,0,0
CONT_s7_bola_Valkaama,1789497039.913,0.1015,0,0,0,0,0,0
CONT_s7_bola_Valkaama,1789497040.015,0.1016,0,0,0,0,0,0
CONT_s7_bola_Valkaama,1789497040.116,0.1014,0,0,0,0,0,0
CONT_s7_bola_Valkaama,1789497040.217,0.1014,0,0,0,0,0,0
CONT_s7_bola_Valkaama,1789497040.319,0.1013,0,0,0,0,0,0
CONT_s7_bola_Valkaama,1789497040.42,0.1015,0,0,0,0,0,0
CONT_s7_bola_Valkaama,1789497040.522,0.1015,0,0,0,0,0,0
CONT_s7_bola_Valkaama,1789497040.623,0.1013,0,0,0,0,0,0
CONT_s7_bola_Valkaama,1789497040.724,0.1013,0,0,0,0,0,0
CONT_s7_bola_Valkaama,1789497040.826,0.1014,0,0,0,0,0,0
CONT_s7_bola_Valkaama,1789497040.927,0.1015,0,0,0,0,0,0
CONT_s7_bola_Valkaama,1789497041.029,0.1015,0,0,0,0,0,0
CONT_s7_bola_Valkaama,1789497041.13,0.1013,0,0,0,0,0,0
CONT_s7_bola_Valkaama,1789497041.231,0.1014,0,0,0,0,0,0
CONT_s7_bola_Valkaama,1789497041.333,0.1015,0,0,0,0,0,0
CONT_s7_bola_Valkaama,1789497041.434,0.1015,0,0,0,0,0,0
CONT_s7_bola_Valkaama,1789497041.536,0.1016,0,0,0,0,0,0
CONT_s7_bola_Valkaama,1789497041.637,0.1013,0,0,0,0,0,0
CONT_s7_bola_Valkaama,1789497041.739,0.1014,0,0,0,0,0,0
CONT_s7_bola_Valkaama,1789497041.84,0.1015,0,0,0,0,0,0
CONT_s7_bola_Valkaama,1789497041.943,0.1026,0,0,0,0,0,0
CONT_s7_bola_Valkaama,1789497042.044,0.1015,0,0,0,0,0,0
CONT_s7_bola_Valkaama,1789497042.146,0.1013,0,0,0,0,0,0
CONT_s7_bola_Valkaama,1789497042.247,0.1014,0,0,0,0,0,0
CONT_s7_bola_Valkaama,1789497042.348,0.1015,0,0,0,0,0,0
CONT_s7_bola_Valkaama,1789497042.451,0.1024,0,0,0,0,0,0
CONT_s7_bola_Valkaama,1789497042.552,0.1013,0,0,0,0,0,0
CONT_s7_bola_Valkaama,1789497042.653,0.1013,0,0,0,0,0,0
CONT_s7_bola_Valkaama,1789497042.755,0.1014,0,0,0,0,0,0
CONT_s7_bola_Valkaama,1789497042.856,0.1015,0,0,0,0,0,0
CONT_s7_bola_Valkaama,1789497042.958,0.1015,0,0,0,0,0,0
CONT_s7_bola_Valkaama,1789497043.059,0.1013,0,0,0,0,0,0
CONT_s7_bola_Valkaama,1789497043.16,0.1013,0,0,0,0,0,0
CONT_s7_bola_Valkaama,1789497043.262,0.1013,0,0,0,0,0,0
CONT_s7_bola_Valkaama,1789497043.363,0.1015,0,0,0,0,0,0
CONT_s7_bola_Valkaama,1789497043.465,0.1018,0,0,0,0,0,0
CONT_s7_bola_Valkaama,1789497043.567,0.1015,0,0,0,0,0,0
CONT_s7_bola_Valkaama,1789497043.668,0.1013,0,0,0,0,0,0
CONT_s7_bola_Valkaama,1789497043.769,0.1013,0,0,0,0,0,0
CONT_s7_bola_Valkaama,1789497043.871,0.1015,0,0,0,0,0,0
CONT_s7_bola_Valkaama,1789497043.972,0.1015,0,0,0,0,0,0
CONT_s7_bola_Valkaama,1789497044.074,0.1013,0,0,0,0,0,0
CONT_s7_bola_Valkaama,1789497044.175,0.1013,0,0,0,0,0,0
CONT_s7_bola_Valkaama,1789497044.276,0.1014,0,0,0,0,0,0
CONT_s7_bola_Valkaama,1789497044.378,0.1015,0,0,0,0,0,0
CONT_s7_bola_Valkaama,1789497044.479,0.1015,0,0,0,0,0,0
CONT_s7_bola_Valkaama,1789497044.58,0.1013,0,0,0,0,0,0
CONT_s7_bola_Valkaama,1789497044.682,0.1013,0,0,0,0,0,0
CONT_s7_bola_Valkaama,1789497044.783,0.1013,0,0,0,0,0,0
CONT_s7_bola_Valkaama,1789497044.884,0.1015,0,0,0,0,0,0
CONT_s7_bola_Valkaama,1789497044.986,0.1015,0,0,0,0,0,0
CONT_s7_bola_Valkaama,1789497045.087,0.1013,0,0,0,0,0,0
CONT_s7_bola_Valkaama,1789497045.189,0.1013,0,0,0,0,0,0
CONT_s7_bola_Valkaama,1789497045.29,0.1013,0,0,0,0,0,0
CONT_s7_bola_Valkaama,1789497045.391,0.1015,0,0,0,0,0,0
CONT_s7_bola_Valkaama,1789497045.493,0.1015,0,0,0,0,0,0
CONT_s7_bola_Valkaama,1789497045.594,0.1013,0,0,0,0,0,0
CONT_s7_bola_Valkaama,1789497045.695,0.1013,0,0,0,0,0,0
CONT_s7_bola_Valkaama,1789497045.797,0.1013,0,0,0,0,0,0
CONT_s7_bola_Valkaama,1789497045.898,0.1015,0,0,0,0,0,0
CONT_s7_bola_Valkaama,1789497046.0,0.1015,0,0,0,0,0,0
CONT_s7_bola_Valkaama,1789497046.101,0.1013,0,0,0,0,0,0
CONT_s7_bola_Valkaama,1789497046.202,0.1013,0,0,0,0,0,0
CONT_s7_bola_Valkaama,1789497046.304,0.1013,0,0,0,0,0,0
CONT_s7_bola_Valkaama,1789497046.405,0.1015,0,0,0,0,0,0
CONT_s7_bola_Valkaama,1789497046.507,0.1015,0,0,0,0,0,0
CONT_s7_bola_Valkaama,1789497046.608,0.1013,0,0,0,0,0,0
CONT_s7_bola_Valkaama,1789497046.709,0.1013,0,0,0,0,0,0
CONT_s7_bola_Valkaama,1789497046.811,0.1013,0,0,0,0,0,0
CONT_s7_bola_Valkaama,1789497046.912,0.1015,0,0,0,0,0,0
CONT_s7_bola_Valkaama,1789497047.014,0.1015,0,0,0,0,0,0
CONT_s7_bola_Valkaama,1789497047.115,0.1013,0,0,0,0,0,0
CONT_s7_bola_Valkaama,1789497047.216,0.1013,0,0,0,0,0,0
CONT_s7_bola_Valkaama,1789497047.317,0.1013,0,0,0,0,0,0
CONT_s7_bola_Valkaama,1789497047.419,0.1015,0,0,0,0,0,0
CONT_s7_bola_Valkaama,1789497047.52,0.1015,0,0,0,0,0,0
CONT_s7_bola_Valkaama,1789497047.622,0.1013,0,0,0,0,0,0
CONT_s7_bola_Valkaama,1789497047.723,0.1014,0,0,0,0,0,0
CONT_s7_bola_Valkaama,1789497047.824,0.1013,0,0,0,0,0,0
CONT_s7_bola_Valkaama,1789497047.926,0.1015,0,0,0,0,0,0
CONT_s7_bola_Valkaama,1789497048.028,0.1015,0,0,0,0,0,0
CONT_s7_bola_Valkaama,1789497048.129,0.1013,0,0,0,0,0,0
CONT_s7_bola_Valkaama,1789497048.23,0.1013,0,0,0,0,0,0
CONT_s7_bola_Valkaama,1789497048.332,0.1016,0,0,0,0,0,0
CONT_s7_bola_Valkaama,1789497048.433,0.1015,0,0,0,0,0,0
CONT_s7_bola_Valkaama,1789497048.535,0.1016,0,0,0,0,0,0
CONT_s7_bola_Valkaama,1789497048.636,0.1013,0,0,0,0,0,0
CONT_s7_bola_Valkaama,1789497048.737,0.1013,0,0,0,0,0,0
CONT_s7_bola_Valkaama,1789497048.839,0.1015,0,0,0,0,0,0
CONT_s7_bola_Valkaama,1789497048.943,0.1036,0,0,0,0,0,0
CONT_s7_bola_Valkaama,1789497049.044,0.1016,0,0,0,0,0,0
CONT_s7_bola_Valkaama,1789497049.146,0.1014,0,0,0,0,0,0
CONT_s7_bola_Valkaama,1789497049.247,0.1015,0,0,0,0,0,0
CONT_s7_bola_Valkaama,1789497049.349,0.1015,0,0,0,0,0,0
CONT_s7_bola_Valkaama,1789497049.451,0.1027,0,0,0,0,0,0
CONT_s7_bola_Valkaama,1789497049.553,0.1013,0,0,0,0,0,0
CONT_s7_bola_Valkaama,1789497049.654,0.1013,0,0,0,0,0,0
CONT_s7_bola_Valkaama,1789497049.755,0.1014,0,0,0,0,0,0
CONT_s7_bola_Valkaama,1789497049.857,0.1014,0,0,0,0,0,0
CONT_s7_bola_Valkaama,1789497049.958,0.1015,0,0,0,0,0,0
CONT_s7_bola_Valkaama,1789497050.059,0.1013,0,0,0,0,0,0
CONT_s7_bola_Valkaama,1789497050.161,0.1013,0,0,0,0,0,0
CONT_s7_bola_Valkaama,1789497050.262,0.1014,0,0,0,0,0,0
CONT_s7_bola_Valkaama,1789497050.364,0.1015,0,0,0,0,0,0
CONT_s7_bola_Valkaama,1789497050.465,0.1015,0,0,0,0,0,0
CONT_s7_bola_Valkaama,1789497050.567,0.1014,0,0,0,0,0,0
CONT_s7_bola_Valkaama,1789497050.668,0.1016,0,0,0,0,0,0
CONT_s7_bola_Valkaama,1789497050.77,0.1014,0,0,0,0,0,0
CONT_s7_bola_Valkaama,1789497050.872,0.1019,0,0,0,0,0,0
CONT_s7_bola_Valkaama,1789497050.973,0.1014,0,0,0,0,0,0
CONT_s7_bola_Valkaama,1789497051.074,0.1015,0,0,0,0,0,0
CONT_s7_bola_Valkaama,1789497051.176,0.1013,0,0,0,0,0,0
CONT_s7_bola_Valkaama,1789497051.277,0.1013,0,0,0,0,0,0
CONT_s7_bola_Valkaama,1789497051.379,0.1016,0,0,0,0,0,0
CONT_s7_bola_Valkaama,1789497051.48,0.1016,0,0,0,0,0,0
CONT_s7_bola_Valkaama,1789497051.582,0.102,0,0,0,0,0,0
CONT_s7_bola_Valkaama,1789497051.684,0.102,0,0,0,0,0,0
CONT_s7_bola_Valkaama,1789497051.786,0.1014,0,0,0,0,0,0
CONT_s7_bola_Valkaama,1789497051.887,0.1015,0,0,0,0,0,0
CONT_s7_bola_Valkaama,1789497051.989,0.1015,60,1,0,0.0,0,1
CONT_s7_bola_Valkaama,1789497052.09,0.1015,0,0,0,0,0,0
CONT_s7_bola_Valkaama,1789497052.192,0.1015,60,1,0,0.0,0,1
CONT_s7_bola_Valkaama,1789497052.293,0.1016,681,3,0,10416924.7,22884765.2,2
CONT_s7_bola_Valkaama,1789497052.395,0.1019,1784,4,0,11064057.8,9887292.8,2
CONT_s7_bola_Valkaama,1789497052.497,0.1019,1868,4,0,30243204.5,199935635.0,2
CONT_s7_bola_Valkaama,1789497052.599,0.1017,0,0,0,0,0,0
CONT_s7_bola_Valkaama,1789497052.7,0.1017,2922,5,0,26528341.6,223167326.7,2
CONT_s7_bola_Valkaama,1789497052.802,0.1018,954,7,0,45843949.6,226434411.4,2
CONT_s7_bola_Valkaama,1789497052.904,0.102,5566,7,0,37073890.4,248000438.4,2
CONT_s7_bola_Valkaama,1789497053.006,0.102,52,1,0,49667945.0,251330694.0,1
CONT_s7_bola_Valkaama,1789497053.108,0.102,0,0,0,0,0,0
CONT_s7_bola_Valkaama,1789497053.21,0.1018,0,0,0,0,0,0
CONT_s7_bola_Valkaama,1789497053.312,0.1018,0,0,0,0,0,0
CONT_s7_bola_Valkaama,1789497053.414,0.1019,0,0,0,0,0,0
CONT_s7_bola_Valkaama,1789497053.516,0.102,0,0,0,0,0,0
CONT_s7_bola_Valkaama,1789497053.618,0.1021,0,0,0,0,0,0
CONT_s7_bola_Valkaama,1789497053.719,0.1018,60,1,0,0.0,0,1
CONT_s7_bola_Valkaama,1789497053.821,0.1018,0,0,0,0,0,0
CONT_s7_bola_Valkaama,1789497053.924,0.1023,2100,6,1,24151652.0,8050059.6,4
CONT_s7_bola_Valkaama,1789497054.027,0.1038,0,0,0,0,0,0
CONT_s7_bola_Valkaama,1789497054.129,0.1021,5390,10,0,21222837.0,124220741.9,4
CONT_s7_bola_Valkaama,1789497054.232,0.1023,64,1,0,110576407.0,1261884164.0,1
CONT_s7_bola_Valkaama,1789497054.334,0.1023,0,0,0,0,0,0
CONT_s7_bola_Valkaama,1789497054.437,0.1032,5467,12,0,39395219.0,234605622.0,4
CONT_s7_bola_Valkaama,1789497054.54,0.1023,0,0,0,0,0,0
CONT_s7_bola_Valkaama,1789497054.642,0.102,314,3,0,47951918.7,208971958.7,2
CONT_s7_bola_Valkaama,1789497054.744,0.1022,1564,2,1,67344562.0,308440147.8,2
CONT_s7_bola_Valkaama,1789497054.846,0.1022,0,0,0,0,0,0
CONT_s7_bola_Valkaama,1789497054.949,0.1035,0,0,0,0,0,0
CONT_s7_bola_Valkaama,1789497055.052,0.1022,2207,3,1,77393004.3,170257575.3,2
CONT_s7_bola_Valkaama,1789497055.154,0.1021,0,0,0,0,0,0
CONT_s7_bola_Valkaama,1789497055.256,0.1021,2049,3,1,87339988.3,171647351.5,3
CONT_s7_bola_Valkaama,1789497055.358,0.1022,0,0,0,0,0,0
CONT_s7_bola_Valkaama,1789497055.46,0.1022,64,1,0,103846112.0,0,1
CONT_s7_bola_Valkaama,1789497055.562,0.1021,12052,9,0,49475083.4,249528766.8,2
CONT_s7_bola_Valkaama,1789497055.665,0.1021,0,0,0,0,0,0
CONT_s7_bola_Valkaama,1789497055.767,0.1021,15052,11,0,45352657.5,249319952.3,2
CONT_s7_bola_Valkaama,1789497055.869,0.1022,0,0,0,0,0,0
CONT_s7_bola_Valkaama,1789497055.971,0.1023,0,0,0,0,0,0
CONT_s7_bola_Valkaama,1789497056.073,0.1021,5975,6,0,69237541.7,220615394.8,2
CONT_s7_bola_Valkaama,1789497056.176,0.1021,0,0,0,0,0,0
CONT_s7_bola_Valkaama,1789497056.278,0.1022,2011,2,0,85669665.5,170453203.8,2
CONT_s7_bola_Valkaama,1789497056.38,0.1023,0,0,0,0,0,0
CONT_s7_bola_Valkaama,1789497056.482,0.1023,41,1,1,104308568.0,0,1
CONT_s7_bola_Valkaama,1789497056.584,0.102,13564,10,0,54360826.9,251844819.5,2
CONT_s7_bola_Valkaama,1789497056.687,0.1021,64,1,0,98175321.0,0,1
CONT_s7_bola_Valkaama,1789497056.789,0.1022,12512,16,0,58665635.5,250222444.0,2
CONT_s7_bola_Valkaama,1789497056.891,0.1023,1564,2,1,59455659.5,608994.0,2
CONT_s7_bola_Valkaama,1789497056.993,0.1023,0,0,0,0,0,0
CONT_s7_bola_Valkaama,1789497057.095,0.102,10604,9,1,55986653.9,247727099.7,2
CONT_s7_bola_Valkaama,1789497057.198,0.1022,1661372,1347,6,95811.1,229423.0,2
CONT_s7_bola_Valkaama,1789497057.3,0.1028,3627205,2963,0,56484.0,198777.9,2
CONT_s7_bola_Valkaama,1789497057.403,0.1021,3809131,3110,0,97488.9,364232.3,2
CONT_s7_bola_Valkaama,1789497057.505,0.1029,3561969,2906,0,73740.2,342475.0,2
CONT_s7_bola_Valkaama,1789497057.608,0.1022,3672833,2999,0,106870.3,338941.3,2
CONT_s7_bola_Valkaama,1789497057.71,0.1028,3952926,3226,1,156039.5,311645.0,4
CONT_s7_bola_Valkaama,1789497057.813,0.1027,4899700,4002,0,61792.8,181461.1,2
CONT_s7_bola_Valkaama,1789497057.916,0.103,3564732,2916,0,225468.3,281573.4,4
CONT_s7_bola_Valkaama,1789497058.018,0.1022,0,0,0,0,0,0
CONT_s7_bola_Valkaama,1789497058.12,0.1018,0,0,0,0,0,0
CONT_s7_bola_Valkaama,1789497058.222,0.1021,0,0,0,0,0,0
CONT_s7_bola_Valkaama,1789497058.324,0.1021,0,0,0,0,0,0
CONT_s7_bola_Valkaama,1789497058.427,0.1023,0,0,0,0,0,0
CONT_s7_bola_Valkaama,1789497058.529,0.1022,0,0,0,0,0,0
CONT_s7_bola_Valkaama,1789497058.631,0.102,0,0,0,0,0,0
CONT_s7_bola_Valkaama,1789497058.733,0.1021,0,0,0,0,0,0
CONT_s7_bola_Valkaama,1789497058.835,0.1024,0,0,0,0,0,0
CONT_s7_bola_Valkaama,1789497058.938,0.1026,0,0,0,0,0,0
CONT_s7_bola_Valkaama,1789497059.04,0.1022,0,0,0,0,0,0
CONT_s7_bola_Valkaama,1789497059.142,0.1021,0,0,0,0,0,0
CONT_s7_bola_Valkaama,1789497059.244,0.1021,0,0,0,0,0,0
CONT_s7_bola_Valkaama,1789497059.347,0.1023,0,0,0,0,0,0
CONT_s7_bola_Valkaama,1789497059.449,0.1026,0,0,0,0,0,0
CONT_s7_bola_Valkaama,1789497059.551,0.102,0,0,0,0,0,0
CONT_s7_bola_Valkaama,1789497059.653,0.102,0,0,0,0,0,0
CONT_s7_bola_Valkaama,1789497059.755,0.1021,0,0,0,0,0,0
CONT_s7_bola_Valkaama,1789497059.858,0.1022,0,0,0,0,0,0
CONT_s7_bola_Valkaama,1789497059.96,0.1022,0,0,0,0,0,0
CONT_s7_bola_Valkaama,1789497060.062,0.102,0,0,0,0,0,0
CONT_s7_bola_Valkaama,1789497060.164,0.1021,0,0,0,0,0,0
CONT_s7_bola_Valkaama,1789497060.266,0.1022,0,0,0,0,0,0
CONT_s7_bola_Valkaama,1789497060.368,0.1022,0,0,0,0,0,0
CONT_s7_bola_Valkaama,1789497060.471,0.1022,653,1,0,160584373.0,0,1
CONT_s7_bola_Valkaama,1789497060.573,0.1024,2924484,2384,0,68979.4,331745.7,2
CONT_s7_bola_Valkaama,1789497060.675,0.1022,0,0,0,0,0,0
CONT_s7_bola_Valkaama,1789497060.777,0.1019,0,0,0,0,0,0
CONT_s7_bola_Valkaama,1789497060.879,0.1022,0,0,0,0,0,0
CONT_s7_bola_Valkaama,1789497060.982,0.1023,0,0,0,0,0,0
CONT_s7_bola_Valkaama,1789497061.084,0.102,0,0,0,0,0,0
CONT_s7_bola_Valkaama,1789497061.186,0.1021,0,0,0,0,0,0
CONT_s7_bola_Valkaama,1789497061.288,0.1021,0,0,0,0,0,0
CONT_s7_bola_Valkaama,1789497061.39,0.1023,0,0,0,0,0,0
CONT_s7_bola_Valkaama,1789497061.492,0.1022,0,0,0,0,0,0
CONT_s7_bola_Valkaama,1789497061.594,0.102,0,0,0,0,0,0
CONT_s7_bola_Valkaama,1789497061.696,0.102,0,0,0,0,0,0
CONT_s7_bola_Valkaama,1789497061.798,0.1021,0,0,0,0,0,0
CONT_s7_bola_Valkaama,1789497061.901,0.1023,0,0,0,0,0,0
CONT_s7_bola_Valkaama,1789497062.003,0.1022,0,0,0,0,0,0
CONT_s7_bola_Valkaama,1789497062.105,0.102,0,0,0,0,0,0
CONT_s7_bola_Valkaama,1789497062.207,0.1021,0,0,0,0,0,0
CONT_s7_bola_Valkaama,1789497062.309,0.1021,0,0,0,0,0,0
CONT_s7_bola_Valkaama,1789497062.411,0.1022,0,0,0,0,0,0
CONT_s7_bola_Valkaama,1789497062.513,0.1022,0,0,0,0,0,0
CONT_s7_bola_Valkaama,1789497062.615,0.102,0,0,0,0,0,0
CONT_s7_bola_Valkaama,1789497062.718,0.102,0,0,0,0,0,0
CONT_s7_bola_Valkaama,1789497062.82,0.1021,0,0,0,0,0,0
CONT_s7_bola_Valkaama,1789497062.922,0.1023,0,0,0,0,0,0
CONT_s7_bola_Valkaama,1789497063.024,0.1022,0,0,0,0,0,0
CONT_s7_bola_Valkaama,1789497063.126,0.102,0,0,0,0,0,0
CONT_s7_bola_Valkaama,1789497063.228,0.1023,0,0,0,0,0,0
CONT_s7_bola_Valkaama,1789497063.333,0.1051,0,0,0,0,0,0
CONT_s7_bola_Valkaama,1789497063.436,0.1024,0,0,0,0,0,0
CONT_s7_bola_Valkaama,1789497063.538,0.1022,0,0,0,0,0,0
CONT_s7_bola_Valkaama,1789497063.64,0.102,0,0,0,0,0,0
CONT_s7_bola_Valkaama,1789497063.742,0.1021,0,0,0,0,0,0
CONT_s7_bola_Valkaama,1789497063.845,0.1026,0,0,0,0,0,0
CONT_s7_bola_Valkaama,1789497063.948,0.1035,0,0,0,0,0,0
CONT_s7_bola_Valkaama,1789497064.05,0.1021,0,0,0,0,0,0
CONT_s7_bola_Valkaama,1789497064.153,0.1021,0,0,0,0,0,0
CONT_s7_bola_Valkaama,1789497064.255,0.1021,0,0,0,0,0,0
CONT_s7_bola_Valkaama,1789497064.357,0.1022,0,0,0,0,0,0
CONT_s7_bola_Valkaama,1789497064.459,0.1022,0,0,0,0,0,0
CONT_s7_bola_Valkaama,1789497064.561,0.1021,0,0,0,0,0,0
CONT_s7_bola_Valkaama,1789497064.663,0.102,805795,656,0,394972.1,537729.4,2
CONT_s7_bola_Valkaama,1789497064.766,0.1026,2208905,1803,0,66127.7,318863.3,2
CONT_s7_bola_Valkaama,1789497064.868,0.1022,52,1,0,3574624.0,0,1
CONT_s7_bola_Valkaama,1789497064.97,0.1022,0,0,0,0,0,0
CONT_s7_bola_Valkaama,1789497065.072,0.102,0,0,0,0,0,0
CONT_s7_bola_Valkaama,1789497065.174,0.1021,0,0,0,0,0,0
CONT_s7_bola_Valkaama,1789497065.276,0.1021,0,0,0,0,0,0
CONT_s7_bola_Valkaama,1789497065.379,0.1022,0,0,0,0,0,0
CONT_s7_bola_Valkaama,1789497065.481,0.1022,0,0,0,0,0,0
CONT_s7_bola_Valkaama,1789497065.583,0.102,0,0,0,0,0,0
CONT_s7_bola_Valkaama,1789497065.685,0.102,0,0,0,0,0,0
CONT_s7_bola_Valkaama,1789497065.787,0.1021,0,0,0,0,0,0
CONT_s7_bola_Valkaama,1789497065.889,0.1023,0,0,0,0,0,0
CONT_s7_bola_Valkaama,1789497065.991,0.1023,0,0,0,0,0,0
CONT_s7_bola_Valkaama,1789497066.093,0.102,0,0,0,0,0,0
CONT_s7_bola_Valkaama,1789497066.196,0.1021,0,0,0,0,0,0
CONT_s7_bola_Valkaama,1789497066.298,0.1021,0,0,0,0,0,0
CONT_s7_bola_Valkaama,1789497066.4,0.1024,0,0,0,0,0,0
CONT_s7_bola_Valkaama,1789497066.502,0.1023,0,0,0,0,0,0
CONT_s7_bola_Valkaama,1789497066.604,0.102,0,0,0,0,0,0
CONT_s7_bola_Valkaama,1789497066.706,0.1021,0,0,0,0,0,0
CONT_s7_bola_Valkaama,1789497066.809,0.1022,0,0,0,0,0,0
CONT_s7_bola_Valkaama,1789497066.911,0.1023,0,0,0,0,0,0
CONT_s7_bola_Valkaama,1789497067.013,0.1022,0,0,0,0,0,0
CONT_s7_bola_Valkaama,1789497067.115,0.102,0,0,0,0,0,0
CONT_s7_bola_Valkaama,1789497067.217,0.102,0,0,0,0,0,0
CONT_s7_bola_Valkaama,1789497067.319,0.1021,0,0,0,0,0,0
CONT_s7_bola_Valkaama,1789497067.421,0.1023,0,0,0,0,0,0
CONT_s7_bola_Valkaama,1789497067.524,0.1022,0,0,0,0,0,0
CONT_s7_bola_Valkaama,1789497067.626,0.1021,0,0,0,0,0,0
CONT_s7_bola_Valkaama,1789497067.728,0.1022,0,0,0,0,0,0
CONT_s7_bola_Valkaama,1789497067.831,0.103,0,0,0,0,0,0
CONT_s7_bola_Valkaama,1789497067.933,0.1022,0,0,0,0,0,0
CONT_s7_bola_Valkaama,1789497068.035,0.1022,0,0,0,0,0,0
CONT_s7_bola_Valkaama,1789497068.137,0.102,0,0,0,0,0,0
CONT_s7_bola_Valkaama,1789497068.239,0.1021,0,0,0,0,0,0
CONT_s7_bola_Valkaama,1789497068.342,0.1022,0,0,0,0,0,0
CONT_s7_bola_Valkaama,1789497068.445,0.1037,0,0,0,0,0,0
CONT_s7_bola_Valkaama,1789497068.547,0.1022,0,0,0,0,0,0
CONT_s7_bola_Valkaama,1789497068.649,0.102,0,0,0,0,0,0
CONT_s7_bola_Valkaama,1789497068.751,0.1021,0,0,0,0,0,0
CONT_s7_bola_Valkaama,1789497068.854,0.1022,2933284,2387,0,67501.5,306024.5,2
CONT_s7_bola_Valkaama,1789497068.956,0.1021,0,0,0,0,0,0
CONT_s7_bola_Valkaama,1789497069.058,0.1022,0,0,0,0,0,0
CONT_s7_bola_Valkaama,1789497069.16,0.1022,0,0,0,0,0,0
CONT_s7_bola_Valkaama,1789497069.262,0.1021,0,0,0,0,0,0
CONT_s7_bola_Valkaama,1789497069.365,0.1022,0,0,0,0,0,0
CONT_s7_bola_Valkaama,1789497069.467,0.1022,0,0,0,0,0,0
CONT_s7_bola_Valkaama,1789497069.569,0.1021,0,0,0,0,0,0
CONT_s7_bola_Valkaama,1789497069.671,0.1021,0,0,0,0,0,0
CONT_s7_bola_Valkaama,1789497069.773,0.1023,0,0,0,0,0,0
CONT_s7_bola_Valkaama,1789497069.875,0.1022,0,0,0,0,0,0
CONT_s7_bola_Valkaama,1789497069.977,0.1021,0,0,0,0,0,0
CONT_s7_bola_Valkaama,1789497070.08,0.1021,0,0,0,0,0,0
CONT_s7_bola_Valkaama,1789497070.182,0.102,0,0,0,0,0,0
CONT_s7_bola_Valkaama,1789497070.284,0.102,0,0,0,0,0,0
CONT_s7_bola_Valkaama,1789497070.386,0.1022,0,0,0,0,0,0
CONT_s7_bola_Valkaama,1789497070.488,0.1022,0,0,0,0,0,0
CONT_s7_bola_Valkaama,1789497070.59,0.1021,0,0,0,0,0,0
CONT_s7_bola_Valkaama,1789497070.692,0.102,0,0,0,0,0,0
CONT_s7_bola_Valkaama,1789497070.794,0.102,0,0,0,0,0,0
CONT_s7_bola_Valkaama,1789497070.896,0.1022,0,0,0,0,0,0
CONT_s7_bola_Valkaama,1789497070.999,0.1022,0,0,0,0,0,0
CONT_s7_bola_Valkaama,1789497071.101,0.102,0,0,0,0,0,0
CONT_s7_bola_Valkaama,1789497071.203,0.102,0,0,0,0,0,0
CONT_s7_bola_Valkaama,1789497071.305,0.102,0,0,0,0,0,0
CONT_s7_bola_Valkaama,1789497071.407,0.1023,0,0,0,0,0,0
CONT_s7_bola_Valkaama,1789497071.509,0.1022,0,0,0,0,0,0
CONT_s7_bola_Valkaama,1789497071.611,0.102,0,0,0,0,0,0
CONT_s7_bola_Valkaama,1789497071.713,0.102,0,0,0,0,0,0
CONT_s7_bola_Valkaama,1789497071.815,0.1021,0,0,0,0,0,0
CONT_s7_bola_Valkaama,1789497071.918,0.1025,0,0,0,0,0,0
CONT_s7_bola_Valkaama,1789497072.02,0.1022,0,0,0,0,0,0
CONT_s7_bola_Valkaama,1789497072.122,0.102,0,0,0,0,0,0
CONT_s7_bola_Valkaama,1789497072.224,0.102,0,0,0,0,0,0
CONT_s7_bola_Valkaama,1789497072.326,0.102,0,0,0,0,0,0
CONT_s7_bola_Valkaama,1789497072.428,0.1025,428795,347,0,3252427.8,599067.5,2
CONT_s7_bola_Valkaama,1789497072.531,0.1026,2642327,2161,0,67601.3,327157.8,2
CONT_s7_bola_Valkaama,1789497072.633,0.1021,0,0,0,0,0,0
CONT_s7_bola_Valkaama,1789497072.735,0.1019,0,0,0,0,0,0
CONT_s7_bola_Valkaama,1789497072.838,0.1025,0,0,0,0,0,0
CONT_s7_bola_Valkaama,1789497072.941,0.1034,0,0,0,0,0,0
CONT_s7_bola_Valkaama,1789497073.043,0.1023,0,0,0,0,0,0
CONT_s7_bola_Valkaama,1789497073.145,0.102,0,0,0,0,0,0
CONT_s7_bola_Valkaama,1789497073.247,0.1021,0,0,0,0,0,0
CONT_s7_bola_Valkaama,1789497073.35,0.1023,0,0,0,0,0,0
CONT_s7_bola_Valkaama,1789497073.452,0.103,0,0,0,0,0,0
CONT_s7_bola_Valkaama,1789497073.555,0.102,0,0,0,0,0,0
CONT_s7_bola_Valkaama,1789497073.657,0.102,0,0,0,0,0,0
CONT_s7_bola_Valkaama,1789497073.759,0.102,0,0,0,0,0,0
CONT_s7_bola_Valkaama,1789497073.861,0.1024,0,0,0,0,0,0
CONT_s7_bola_Valkaama,1789497073.963,0.1022,0,0,0,0,0,0
CONT_s7_bola_Valkaama,1789497074.066,0.1024,0,0,0,0,0,0
CONT_s7_bola_Valkaama,1789497074.168,0.102,0,0,0,0,0,0
CONT_s7_bola_Valkaama,1789497074.27,0.102,0,0,0,0,0,0
CONT_s7_bola_Valkaama,1789497074.372,0.1023,0,0,0,0,0,0
CONT_s7_bola_Valkaama,1789497074.474,0.1022,0,0,0,0,0,0
CONT_s7_bola_Valkaama,1789497074.576,0.102,0,0,0,0,0,0
CONT_s7_bola_Valkaama,1789497074.678,0.1021,0,0,0,0,0,0
CONT_s7_bola_Valkaama,1789497074.78,0.1021,0,0,0,0,0,0
CONT_s7_bola_Valkaama,1789497074.883,0.1023,0,0,0,0,0,0
CONT_s7_bola_Valkaama,1789497074.985,0.1022,0,0,0,0,0,0
CONT_s7_bola_Valkaama,1789497075.087,0.1021,0,0,0,0,0,0
CONT_s7_bola_Valkaama,1789497075.189,0.1019,0,0,0,0,0,0
CONT_s7_bola_Valkaama,1789497075.291,0.102,0,0,0,0,0,0
CONT_s7_bola_Valkaama,1789497075.393,0.1022,0,0,0,0,0,0
CONT_s7_bola_Valkaama,1789497075.495,0.1022,0,0,0,0,0,0
CONT_s7_bola_Valkaama,1789497075.597,0.102,0,0,0,0,0,0
CONT_s7_bola_Valkaama,1789497075.699,0.102,0,0,0,0,0,0
CONT_s7_bola_Valkaama,1789497075.801,0.102,0,0,0,0,0,0
CONT_s7_bola_Valkaama,1789497075.904,0.1024,0,0,0,0,0,0
CONT_s7_bola_Valkaama,1789497076.006,0.1023,0,0,0,0,0,0
CONT_s7_bola_Valkaama,1789497076.108,0.102,0,0,0,0,0,0
CONT_s7_bola_Valkaama,1789497076.21,0.1021,0,0,0,0,0,0
CONT_s7_bola_Valkaama,1789497076.312,0.1021,0,0,0,0,0,0
CONT_s7_bola_Valkaama,1789497076.414,0.1022,242534,202,0,98720.6,112107.0,2
CONT_s7_bola_Valkaama,1789497076.517,0.1024,135520,100,0,425885.2,219888.9,2
CONT_s7_bola_Valkaama,1789497076.619,0.1022,1987313,1608,0,66875.1,297090.5,2
CONT_s7_bola_Valkaama,1789497076.722,0.1034,850245,696,0,108575.2,413401.7,4
CONT_s7_bola_Valkaama,1789497076.825,0.1022,0,0,0,0,0,0
CONT_s7_bola_Valkaama,1789497076.927,0.1023,104,2,0,18388030.5,211800314.0,2
CONT_s7_bola_Valkaama,1789497077.029,0.1023,0,0,0,0,0,0
CONT_s7_bola_Valkaama,1789497077.131,0.1021,0,0,0,0,0,0
CONT_s7_bola_Valkaama,1789497077.234,0.1022,136376,104,0,2304563.8,59614.7,2
CONT_s7_bola_Valkaama,1789497077.336,0.1027,0,0,0,0,0,0
CONT_s7_bola_Valkaama,1789497077.439,0.1029,104,2,0,21211356.0,205908106.0,2
CONT_s7_bola_Valkaama,1789497077.542,0.1024,0,0,0,0,0,0
CONT_s7_bola_Valkaama,1789497077.644,0.1022,0,0,0,0,0,0
CONT_s7_bola_Valkaama,1789497077.746,0.1023,0,0,0,0,0,0
CONT_s7_bola_Valkaama,1789497077.849,0.1025,136404,103,0,4030950.8,184249.6,2
CONT_s7_bola_Valkaama,1789497077.952,0.1035,0,0,0,0,0,0
CONT_s7_bola_Valkaama,1789497078.054,0.1023,104,2,0,28475795.5,204424693.0,2
CONT_s7_bola_Valkaama,1789497078.157,0.1022,0,0,0,0,0,0
CONT_s7_bola_Valkaama,1789497078.259,0.1022,0,0,0,0,0,0
CONT_s7_bola_Valkaama,1789497078.361,0.1025,0,0,0,0,0,0
CONT_s7_bola_Valkaama,1789497078.464,0.1024,136560,106,0,4890648.8,52220887.2,2
CONT_s7_bola_Valkaama,1789497078.566,0.1023,0,0,0,0,0,0
CONT_s7_bola_Valkaama,1789497078.668,0.1022,104,2,0,29813408.0,206435267.0,2
CONT_s7_bola_Valkaama,1789497078.771,0.1022,0,0,0,0,0,0
CONT_s7_bola_Valkaama,1789497078.873,0.1024,0,0,0,0,0,0
CONT_s7_bola_Valkaama,1789497078.975,0.1024,0,0,0,0,0,0
CONT_s7_bola_Valkaama,1789497079.078,0.1022,0,0,0,0,0,0
CONT_s7_bola_Valkaama,1789497079.181,0.103,136456,104,0,5179615.1,62039234.0,2
CONT_s7_bola_Valkaama,1789497079.283,0.1025,0,0,0,0,0,0
CONT_s7_bola_Valkaama,1789497079.386,0.1024,104,2,0,33399541.0,208160123.0,2
CONT_s7_bola_Valkaama,1789497079.488,0.1024,0,0,0,0,0,0
CONT_s7_bola_Valkaama,1789497079.59,0.1022,0,0,0,0,0,0
CONT_s7_bola_Valkaama,1789497079.692,0.1022,0,0,0,0,0,0
CONT_s7_bola_Valkaama,1789497079.795,0.1022,0,0,0,0,0,0
CONT_s7_bola_Valkaama,1789497079.897,0.1024,136404,103,0,5452871.3,86775560.0,2
CONT_s7_bola_Valkaama,1789497079.999,0.1024,0,0,0,0,0,0
CONT_s7_bola_Valkaama,1789497080.102,0.1022,104,2,0,36018397.5,205344852.0,2
CONT_s7_bola_Valkaama,1789497080.204,0.1023,0,0,0,0,0,0
CONT_s7_bola_Valkaama,1789497080.306,0.1024,0,0,0,0,0,0
CONT_s7_bola_Valkaama,1789497080.409,0.1023,0,0,0,0,0,0
CONT_s7_bola_Valkaama,1789497080.511,0.1024,104,2,0,46696246.5,411349104.0,2
CONT_s7_bola_Valkaama,1789497080.613,0.1022,136404,103,0,5364141.3,95614.5,2
CONT_s7_bola_Valkaama,1789497080.715,0.1023,291827,237,0,9087057.2,549169.5,2
CONT_s7_bola_Valkaama,1789497080.818,0.1028,2778497,2272,0,98745.8,268197.1,4
CONT_s7_bola_Valkaama,1789497080.921,0.1025,0,0,0,0,0,0
CONT_s7_bola_Valkaama,1789497081.023,0.1022,0,0,0,0,0,0
CONT_s7_bola_Valkaama,1789497081.125,0.1022,0,0,0,0,0,0
CONT_s7_bola_Valkaama,1789497081.227,0.1023,104,2,0,44554715.5,411649490.0,2
CONT_s7_bola_Valkaama,1789497081.331,0.1038,136456,104,0,5117116.0,89312.0,2
CONT_s7_bola_Valkaama,1789497081.433,0.1023,0,0,0,0,0,0
CONT_s7_bola_Valkaama,1789497081.536,0.1024,104,2,0,31696608.0,207514239.0,2
CONT_s7_bola_Valkaama,1789497081.638,0.1023,0,0,0,0,0,0
CONT_s7_bola_Valkaama,1789497081.74,0.1022,0,0,0,0,0,0
CONT_s7_bola_Valkaama,1789497081.843,0.1027,0,0,0,0,0,0
CONT_s7_bola_Valkaama,1789497081.947,0.1043,104,2,0,42984307.0,419396349.0,2
CONT_s7_bola_Valkaama,1789497082.05,0.1023,136352,102,0,4918409.8,131941.0,2
CONT_s7_bola_Valkaama,1789497082.152,0.1023,0,0,0,0,0,0
CONT_s7_bola_Valkaama,1789497082.254,0.1022,104,2,0,33480824.5,204308471.0,2
CONT_s7_bola_Valkaama,1789497082.357,0.1024,0,0,0,0,0,0
CONT_s7_bola_Valkaama,1789497082.459,0.1024,0,0,0,0,0,0
CONT_s7_bola_Valkaama,1789497082.561,0.1022,0,0,0,0,0,0
CONT_s7_bola_Valkaama,1789497082.663,0.1023,136560,106,0,5456775.6,70271328.7,2
CONT_s7_bola_Valkaama,1789497082.766,0.1023,0,0,0,0,0,0
CONT_s7_bola_Valkaama,1789497082.868,0.1027,104,2,0,31868684.0,207465555.0,2
CONT_s7_bola_Valkaama,1789497082.971,0.1024,0,0,0,0,0,0
CONT_s7_bola_Valkaama,1789497083.073,0.1022,0,0,0,0,0,0
CONT_s7_bola_Valkaama,1789497083.175,0.1023,0,0,0,0,0,0
CONT_s7_bola_Valkaama,1789497083.277,0.1022,0,0,0,0,0,0
CONT_s7_bola_Valkaama,1789497083.38,0.1025,136560,106,0,5306430.4,47321227.4,2
CONT_s7_bola_Valkaama,1789497083.482,0.1024,249660,204,0,354963.1,137895.2,3
CONT_s7_bola_Valkaama,1789497083.585,0.1026,135572,101,0,560298.0,159284.8,2
CONT_s7_bola_Valkaama,1789497083.687,0.1025,0,0,0,0,0,0
CONT_s7_bola_Valkaama,1789497083.79,0.1024,616,2,0,16483611.0,192705083.1,2
CONT_s7_bola_Valkaama,1789497083.893,0.1026,0,0,0,0,0,0
CONT_s7_bola_Valkaama,1789497083.995,0.1026,104,2,0,18100428.5,209008171.0,2
CONT_s7_bola_Valkaama,1789497084.098,0.1024,0,0,0,0,0,0
CONT_s7_bola_Valkaama,1789497084.2,0.1024,0,0,0,0,0,0
CONT_s7_bola_Valkaama,1789497084.303,0.1028,136324,103,0,2274739.2,94696.9,2
CONT_s7_bola_Valkaama,1789497084.405,0.1027,1439441,1168,0,69307.3,320708.3,2
CONT_s7_bola_Valkaama,1789497084.509,0.1037,1750576,1433,0,94179.5,308788.9,4
CONT_s7_bola_Valkaama,1789497084.612,0.1024,0,0,0,0,0,0
CONT_s7_bola_Valkaama,1789497084.714,0.1023,0,0,0,0,0,0
CONT_s7_bola_Valkaama,1789497084.816,0.1024,0,0,0,0,0,0
CONT_s7_bola_Valkaama,1789497084.919,0.1029,104,2,0,33450170.0,415618049.0,2
CONT_s7_bola_Valkaama,1789497085.022,0.1026,136404,103,0,3907709.5,104552.0,2
CONT_s7_bola_Valkaama,1789497085.124,0.1024,0,0,0,0,0,0
CONT_s7_bola_Valkaama,1789497085.227,0.1025,104,2,0,28006611.0,204960633.0,2
CONT_s7_bola_Valkaama,1789497085.331,0.1047,0,0,0,0,0,0
CONT_s7_bola_Valkaama,1789497085.434,0.1025,0,0,0,0,0,0
CONT_s7_bola_Valkaama,1789497085.536,0.1025,0,0,0,0,0,0
CONT_s7_bola_Valkaama,1789497085.639,0.1024,136468,105,0,4886380.7,69660631.7,2
CONT_s7_bola_Valkaama,1789497085.741,0.1025,0,0,0,0,0,0
CONT_s7_bola_Valkaama,1789497085.844,0.1028,104,2,0,30825989.5,207488462.0,2
CONT_s7_bola_Valkaama,1789497085.948,0.1036,0,0,0,0,0,0
CONT_s7_bola_Valkaama,1789497086.05,0.1026,0,0,0,0,0,0
CONT_s7_bola_Valkaama,1789497086.153,0.1024,0,0,0,0,0,0
CONT_s7_bola_Valkaama,1789497086.255,0.1025,0,0,0,0,0,0
CONT_s7_bola_Valkaama,1789497086.358,0.1025,136508,105,0,5256721.3,72341270.5,2
CONT_s7_bola_Valkaama,1789497086.46,0.1026,0,0,0,0,0,0
CONT_s7_bola_Valkaama,1789497086.563,0.1024,104,2,0,32177195.5,204959391.0,2
CONT_s7_bola_Valkaama,1789497086.665,0.1024,0,0,0,0,0,0
CONT_s7_bola_Valkaama,1789497086.768,0.1024,0,0,0,0,0,0
CONT_s7_bola_Valkaama,1789497086.87,0.1025,0,0,0,0,0,0
CONT_s7_bola_Valkaama,1789497086.973,0.1026,104,2,0,43094766.0,411387529.0,2
CONT_s7_bola_Valkaama,1789497087.075,0.1024,136220,103,0,5004353.7,161151.7,2
CONT_s7_bola_Valkaama,1789497087.177,0.1024,0,0,0,0,0,0
CONT_s7_bola_Valkaama,1789497087.28,0.1024,104,2,0,32360184.5,206435676.0,2
CONT_s7_bola_Valkaama,1789497087.382,0.1025,0,0,0,0,0,0
CONT_s7_bola_Valkaama,1789497087.485,0.1026,0,0,0,0,0,0
CONT_s7_bola_Valkaama,1789497087.587,0.1025,0,0,0,0,0,0
CONT_s7_bola_Valkaama,1789497087.69,0.1027,104,2,0,43120559.5,410895312.0,2
CONT_s7_bola_Valkaama,1789497087.793,0.1025,136352,102,0,4919674.6,141758.1,2
CONT_s7_bola_Valkaama,1789497087.895,0.1027,0,0,0,0,0,0
CONT_s7_bola_Valkaama,1789497087.998,0.1026,104,2,0,33594933.5,206292583.0,2
CONT_s7_bola_Valkaama,1789497088.1,0.1025,0,0,0,0,0,0
CONT_s7_bola_Valkaama,1789497088.203,0.1025,0,0,0,0,0,0
CONT_s7_bola_Valkaama,1789497088.305,0.1024,0,0,0,0,0,0
CONT_s7_bola_Valkaama,1789497088.408,0.1025,104,2,0,44586398.5,415531531.0,2
CONT_s7_bola_Valkaama,1789497088.51,0.1026,205333,155,0,27505480.7,588767.8,4
CONT_s7_bola_Valkaama,1789497088.613,0.1024,2381626,1946,0,167401.7,331335.7,2
CONT_s7_bola_Valkaama,1789497088.715,0.1026,411992,339,0,280461.2,219873.3,4
CONT_s7_bola_Valkaama,1789497088.818,0.1023,0,0,0,0,0,0
CONT_s7_bola_Valkaama,1789497088.92,0.1026,0,0,0,0,0,0
CONT_s7_bola_Valkaama,1789497089.023,0.1026,0,0,0,0,0,0
CONT_s7_bola_Valkaama,1789497089.125,0.1023,136500,105,0,5711214.1,52324253.0,2
CONT_s7_bola_Valkaama,1789497089.228,0.1029,0,0,0,0,0,0
CONT_s7_bola_Valkaama,1789497089.332,0.1035,104,2,0,33978351.0,207558554.0,2
CONT_s7_bola_Valkaama,1789497089.434,0.1025,0,0,0,0,0,0
CONT_s7_bola_Valkaama,1789497089.537,0.1025,0,0,0,0,0,0
CONT_s7_bola_Valkaama,1789497089.639,0.1024,0,0,0,0,0,0
CONT_s7_bola_Valkaama,1789497089.741,0.1024,0,0,0,0,0,0
CONT_s7_bola_Valkaama,1789497089.844,0.1027,136456,104,0,5501414.7,84313662.1,2
CONT_s7_bola_Valkaama,1789497089.948,0.1036,0,0,0,0,0,0
CONT_s7_bola_Valkaama,1789497090.05,0.1026,104,2,0,34642306.5,207256649.0,2
CONT_s7_bola_Valkaama,1789497090.153,0.1025,0,0,0,0,0,0
CONT_s7_bola_Valkaama,1789497090.255,0.1025,0,0,0,0,0,0
CONT_s7_bola_Valkaama,1789497090.358,0.1025,0,0,0,0,0,0
CONT_s7_bola_Valkaama,1789497090.46,0.1025,104,2,0,46259668.5,426826729.0,2
CONT_s7_bola_Valkaama,1789497090.563,0.1026,136352,102,0,5224588.0,105563.0,2
CONT_s7_bola_Valkaama,1789497090.665,0.1025,0,0,0,0,0,0
CONT_s7_bola_Valkaama,1789497090.77,0.1047,104,2,0,35059029.5,208288196.0,2
CONT_s7_bola_Valkaama,1789497090.873,0.1025,0,0,0,0,0,0
CONT_s7_bola_Valkaama,1789497090.975,0.1026,0,0,0,0,0,0
CONT_s7_bola_Valkaama,1789497091.078,0.1025,0,0,0,0,0,0
CONT_s7_bola_Valkaama,1789497091.18,0.1025,104,2,0,46870739.0,431426893.0,2
CONT_s7_bola_Valkaama,1789497091.283,0.1025,136272,104,0,5420029.4,122000.3,2
CONT_s7_bola_Valkaama,1789497091.385,0.1027,0,0,0,0,0,0
CONT_s7_bola_Valkaama,1789497091.488,0.1026,104,2,0,32714676.5,207571332.0,2
CONT_s7_bola_Valkaama,1789497091.59,0.1024,0,0,0,0,0,0
CONT_s7_bola_Valkaama,1789497091.693,0.1024,0,0,0,0,0,0
CONT_s7_bola_Valkaama,1789497091.795,0.1024,0,0,0,0,0,0
CONT_s7_bola_Valkaama,1789497091.898,0.1026,104,2,0,44895685.0,435172601.0,2
CONT_s7_bola_Valkaama,1789497092.0,0.1026,136352,102,0,5074325.7,89815.1,2
CONT_s7_bola_Valkaama,1789497092.103,0.1024,0,0,0,0,0,0
CONT_s7_bola_Valkaama,1789497092.205,0.1025,104,2,0,34250189.0,204400100.0,2
CONT_s7_bola_Valkaama,1789497092.308,0.1024,0,0,0,0,0,0
CONT_s7_bola_Valkaama,1789497092.41,0.1026,0,0,0,0,0,0
CONT_s7_bola_Valkaama,1789497092.513,0.1026,0,0,0,0,0,0
CONT_s7_bola_Valkaama,1789497092.615,0.1025,104,2,0,45030753.0,410778831.0,2
CONT_s7_bola_Valkaama,1789497092.718,0.1024,2124209,1724,0,377444.8,321990.5,4
CONT_s7_bola_Valkaama,1789497092.82,0.1025,973909,795,0,71071.0,268933.1,2
CONT_s7_bola_Valkaama,1789497092.923,0.1025,104,2,0,31926573.0,207509017.0,2
CONT_s7_bola_Valkaama,1789497093.025,0.1025,0,0,0,0,0,0
CONT_s7_bola_Valkaama,1789497093.128,0.1024,0,0,0,0,0,0
CONT_s7_bola_Valkaama,1789497093.23,0.1025,0,0,0,0,0,0
CONT_s7_bola_Valkaama,1789497093.333,0.1031,136508,105,0,5185264.3,81922565.3,2
CONT_s7_bola_Valkaama,1789497093.436,0.1025,52,1,0,40974241.0,0,1
CONT_s7_bola_Valkaama,1789497093.538,0.1026,0,0,0,0,0,0
CONT_s7_bola_Valkaama,1789497093.641,0.1024,104,2,0,32456638.5,210214106.0,2
CONT_s7_bola_Valkaama,1789497093.743,0.1025,0,0,0,0,0,0
CONT_s7_bola_Valkaama,1789497093.846,0.1025,0,0,0,0,0,0
CONT_s7_bola_Valkaama,1789497093.95,0.1038,0,0,0,0,0,0
CONT_s7_bola_Valkaama,1789497094.052,0.1025,35743,30,0,21174632.2,142870882.8,2
CONT_s7_bola_Valkaama,1789497094.155,0.1025,0,0,0,0,0,0
CONT_s7_bola_Valkaama,1789497094.257,0.1024,0,0,0,0,0,0
CONT_s7_bola_Valkaama,1789497094.36,0.1025,0,0,0,0,0,0
CONT_s7_bola_Valkaama,1789497094.462,0.1025,0,0,0,0,0,0
CONT_s7_bola_Valkaama,1789497094.565,0.1028,885,7,0,20275001.3,32032866.7,4
CONT_s7_bola_Valkaama,1789497094.668,0.1027,241241,197,0,801607.7,312622.0,2
CONT_s7_bola_Valkaama,1789497094.77,0.1026,0,0,0,0,0,0
CONT_s7_bola_Valkaama,1789497094.873,0.1027,104,2,0,14935821.0,206337805.0,2
CONT_s7_bola_Valkaama,1789497094.976,0.1027,67812,51,0,3837956.5,136972.0,2
CONT_s7_bola_Valkaama,1789497095.078,0.1026,0,0,0,0,0,0
CONT_s7_bola_Valkaama,1789497095.181,0.1026,360,2,0,24833485.5,183287122.9,2
CONT_s7_bola_Valkaama,1789497095.283,0.1027,52,1,0,42322167.0,0,1
CONT_s7_bola_Valkaama,1789497095.386,0.1027,0,0,0,0,0,0
CONT_s7_bola_Valkaama,1789497095.489,0.1027,0,0,0,0,0,0
CONT_s7_bola_Valkaama,1789497095.591,0.1026,21392,19,0,28758998.1,247759131.3,2
CONT_s7_bola_Valkaama,1789497095.694,0.1027,64,1,0,54664685.0,0,1
CONT_s7_bola_Valkaama,1789497095.797,0.1026,1500,1,1,36406789.0,255252715.0,1
CONT_s7_bola_Valkaama,1789497095.9,0.1034,64,1,0,60219168.0,526551.0,1
CONT_s7_bola_Valkaama,1789497096.003,0.103,0,0,0,0,0,0
CONT_s7_bola_Valkaama,1789497096.106,0.1027,3128,4,2,59790422.5,239935861.2,2
CONT_s7_bola_Valkaama,1789497096.209,0.1027,0,0,0,0,0,0
CONT_s7_bola_Valkaama,1789497096.311,0.1028,6909,9,4,89544769.0,239925748.3,3
CONT_s7_bola_Valkaama,1789497096.414,0.1029,0,0,0,0,0,0
CONT_s7_bola_Valkaama,1789497096.517,0.1027,0,0,0,0,0,0
CONT_s7_bola_Valkaama,1789497096.619,0.1025,20717,23,9,162874552.6,245752942.6,4
CONT_s7_bola_Valkaama,1789497096.722,0.1027,9104,8,0,288327916.8,1029796.5,2
CONT_s7_bola_Valkaama,1789497096.825,0.1027,20268,25,12,56176803.1,240678869.6,3
CONT_s7_bola_Valkaama,1789497096.928,0.1029,6296,9,4,75411441.0,9519319.9,3
CONT_s7_bola_Valkaama,1789497097.03,0.1028,15232,14,0,181925175.0,333174446.4,2
CONT_s7_bola_Valkaama,1789497097.133,0.1025,24260,21,0,35944435.3,247497287.8,2
CONT_s7_bola_Valkaama,1789497097.236,0.1027,15208,14,0,29913198.7,379014232.4,2
CONT_s7_bola_Valkaama,1789497097.339,0.1029,12856,19,0,118366868.8,342261829.8,4
CONT_s7_bola_Valkaama,1789497097.443,0.104,6320,8,2,134426051.5,370932403.6,2
CONT_s7_bola_Valkaama,1789497097.546,0.1028,25216,32,0,27370335.5,370209627.2,2
CONT_s7_bola_Valkaama,1789497097.648,0.1025,17380,22,7,60992463.3,317491746.1,4
CONT_s7_bola_Valkaama,1789497097.751,0.1026,15736,20,10,72001841.9,319721670.8,4
CONT_s7_bola_Valkaama,1789497097.853,0.1027,15800,20,10,18124796.0,335257437.8,2
CONT_s7_bola_Valkaama,1789497097.956,0.1027,14032,17,8,10550210.1,341621394.1,2
CONT_s7_bola_Valkaama,1789497098.059,0.1027,15512,18,4,61414091.7,375601216.9,4
CONT_s7_bola_Valkaama,1789497098.161,0.1026,15584,18,0,47281156.8,378349071.1,4
CONT_s7_bola_Valkaama,1789497098.264,0.1026,16144,16,0,14599515.9,378820839.8,2
CONT_s7_bola_Valkaama,1789497098.367,0.1027,10872,13,0,13577652.2,387031500.1,2
CONT_s7_bola_Valkaama,1789497098.469,0.1027,18840,24,5,42355062.8,377682228.8,4
CONT_s7_bola_Valkaama,1789497098.572,0.1027,15656,20,0,30722396.9,382715554.5,4
CONT_s7_bola_Valkaama,1789497098.675,0.1026,15688,20,1,22141935.5,361739054.4,2
CONT_s7_bola_Valkaama,1789497098.777,0.1026,15664,20,3,36511945.9,335414805.1,4
CONT_s7_bola_Valkaama,1789497098.88,0.1028,15640,20,0,35050298.8,330456000.9,4
CONT_s7_bola_Valkaama,1789497098.983,0.1027,11096,15,3,16326999.8,287025681.9,2
CONT_s7_bola_Valkaama,1789497099.085,0.1026,16708,15,1,24216236.1,308928974.1,4
CONT_s7_bola_Valkaama,1789497099.188,0.1027,16812,17,0,40223054.2,317299812.4,4
CONT_s7_bola_Valkaama,1789497099.291,0.1026,15312,16,0,17217502.2,315191729.1,3
CONT_s7_bola_Valkaama,1789497099.393,0.1027,13656,12,0,16222565.0,331733672.2,2
CONT_s7_bola_Valkaama,1789497099.496,0.1027,16708,15,0,47179021.9,353466552.3,4
CONT_s7_bola_Valkaama,1789497099.599,0.1026,13708,13,0,31417765.2,362382138.3,4
CONT_s7_bola_Valkaama,1789497099.701,0.1026,12349,15,1,211831470.5,373156920.8,5
CONT_s7_bola_Valkaama,1789497099.804,0.1027,12052,9,0,34502107.9,374605470.4,3
CONT_s7_bola_Valkaama,1789497099.907,0.1029,21156,17,0,41809118.4,357679779.9,3
CONT_s7_bola_Valkaama,1789497100.01,0.1029,15064,11,0,288482405.8,549072372.9,3
CONT_s7_bola_Valkaama,1789497100.113,0.1028,9785,11,0,33259364.0,327863128.0,5
CONT_s7_bola_Valkaama,1789497100.215,0.1029,18156,15,0,35578420.0,316266221.9,2
CONT_s7_bola_Valkaama,1789497100.318,0.103,6467,9,0,40287795.8,232189635.0,4
CONT_s7_bola_Valkaama,1789497100.421,0.1029,15052,11,0,30090857.9,249327534.0,2
CONT_s7_bola_Valkaama,1789497100.524,0.1029,3104,4,0,41716198.5,241808228.2,2
CONT_s7_bola_Valkaama,1789497100.627,0.1027,16970,17,0,38122253.4,247501234.4,4
CONT_s7_bola_Valkaama,1789497100.73,0.1028,18156,15,0,33066649.8,256513831.4,2
CONT_s7_bola_Valkaama,1789497100.833,0.1034,16708,15,0,47958312.1,247051802.9,4
CONT_s7_bola_Valkaama,1789497100.936,0.103,15260,15,0,40668440.7,347413824.9,2
CONT_s7_bola_Valkaama,1789497101.039,0.1029,12104,10,0,43160804.3,369744801.1,4
CONT_s7_bola_Valkaama,1789497101.142,0.1027,16708,15,0,42056016.5,334969036.1,4
CONT_s7_bola_Valkaama,1789497101.244,0.1028,15428,17,0,41583713.0,363605657.2,2
CONT_s7_bola_Valkaama,1789497101.347,0.1029,15768,20,0,32575051.0,384401870.0,2
CONT_s7_bola_Valkaama,1789497101.451,0.1036,15104,12,0,49381069.3,381697292.7,2
CONT_s7_bola_Valkaama,1789497101.554,0.1028,15692,19,0,40437911.3,363523575.1,4
CONT_s7_bola_Valkaama,1789497101.656,0.1028,16052,22,7,21531099.5,313273436.8,2
CONT_s7_bola_Valkaama,1789497101.759,0.1029,10964,14,1,58136889.1,320397729.5,4
CONT_s7_bola_Valkaama,1789497101.862,0.1029,20444,26,7,35993327.6,308660042.4,4
CONT_s7_bola_Valkaama,1789497101.965,0.1028,15428,17,5,15284579.5,319861288.9,2
CONT_s7_bola_Valkaama,1789497102.068,0.1029,15400,17,3,39040250.9,323857714.2,4
CONT_s7_bola_Valkaama,1789497102.171,0.1028,15208,14,0,35768730.1,325360323.2,4
CONT_s7_bola_Valkaama,1789497102.274,0.1028,12260,13,0,19773450.6,370659186.2,2
CONT_s7_bola_Valkaama,1789497102.376,0.103,15752,20,0,19554683.0,384175835.6,2
CONT_s7_bola_Valkaama,1789497102.479,0.1029,15476,17,0,42722734.7,376086880.1,4
CONT_s7_bola_Valkaama,1789497102.582,0.1028,15768,20,0,32133915.1,363444456.2,4
CONT_s7_bola_Valkaama,1789497102.685,0.1028,15800,20,0,22917550.0,373697711.6,2
CONT_s7_bola_Valkaama,1789497102.788,0.1028,14204,18,5,16790648.5,360203587.0,2
CONT_s7_bola_Valkaama,1789497102.891,0.1028,18792,24,5,52109892.8,352984791.0,4
CONT_s7_bola_Valkaama,1789497102.993,0.1028,15260,15,1,13133948.7,358956966.1,2
CONT_s7_bola_Valkaama,1789497103.096,0.1028,13760,14,0,8437522.4,356740507.7,2
CONT_s7_bola_Valkaama,1789497103.199,0.1028,15324,16,2,44368537.7,358546747.7,4
CONT_s7_bola_Valkaama,1789497103.302,0.1028,15260,15,0,31504206.7,366088577.4,4
CONT_s7_bola_Valkaama,1789497103.405,0.103,13708,13,0,13844526.2,370716326.8,2
CONT_s7_bola_Valkaama,1789497103.508,0.1029,15260,15,0,14784647.3,377666420.8,2
CONT_s7_bola_Valkaama,1789497103.61,0.1027,16824,17,0,58989895.3,370988182.2,4
CONT_s7_bola_Valkaama,1789497103.713,0.1027,14076,18,0,17624314.5,381620495.5,2
CONT_s7_bola_Valkaama,1789497103.816,0.1028,15672,20,0,19124758.5,377747713.6,2
CONT_s7_bola_Valkaama,1789497103.919,0.103,17128,20,0,34872642.5,375355759.1,4
CONT_s7_bola_Valkaama,1789497104.022,0.1032,13864,15,1,58244002.0,372333047.1,4
CONT_s7_bola_Valkaama,1789497104.125,0.1032,15712,20,2,12142313.0,333270490.4,2
CONT_s7_bola_Valkaama,1789497104.229,0.1038,10948,14,0,7783690.0,303601398.5,2
CONT_s7_bola_Valkaama,1789497104.333,0.1035,19876,20,2,58958520.2,315861247.5,4
CONT_s7_bola_Valkaama,1789497104.436,0.103,15260,15,0,12952955.0,326810725.8,2
CONT_s7_bola_Valkaama,1789497104.539,0.103,13708,13,0,8285179.5,327286457.1,2
CONT_s7_bola_Valkaama,1789497104.642,0.1028,16760,16,0,65317581.4,316980270.8,4
CONT_s7_bola_Valkaama,1789497104.744,0.1029,15312,16,0,15831261.9,324503109.4,2
CONT_s7_bola_Valkaama,1789497104.848,0.1033,13708,13,0,16049585.2,337354735.6,2
CONT_s7_bola_Valkaama,1789497104.952,0.1039,15208,14,0,53847554.4,337832204.5,4
CONT_s7_bola_Valkaama,1789497105.055,0.1029,16760,16,0,43461630.7,342053660.1,4
CONT_s7_bola_Valkaama,1789497105.157,0.1027,15208,14,0,20304068.0,350870683.0,2
CONT_s7_bola_Valkaama,1789497105.26,0.1028,12260,13,0,18329883.1,355570065.3,2
CONT_s7_bola_Valkaama,1789497105.363,0.1028,15208,14,0,75220514.9,358232275.8,2
CONT_s7_bola_Valkaama,1789497105.466,0.1029,15260,15,0,25869906.7,362225933.9,2
CONT_s7_bola_Valkaama,1789497105.569,0.1028,15260,15,0,21573579.7,365187055.8,2
CONT_s7_bola_Valkaama,1789497105.672,0.1029,16708,15,0,45353632.5,373731447.8,4
CONT_s7_bola_Valkaama,1789497105.774,0.1028,13708,13,0,64290625.6,378251309.1,4
CONT_s7_bola_Valkaama,1789497105.877,0.1028,15640,20,0,25603699.5,339343217.3,2
CONT_s7_bola_Valkaama,1789497105.98,0.1029,15640,20,0,23303254.0,352891658.8,2
CONT_s7_bola_Valkaama,1789497106.083,0.1028,15156,13,0,74094560.4,352867976.8,2
CONT_s7_bola_Valkaama,1789497106.186,0.1029,15564,19,2,37865136.1,342282162.4,4
CONT_s7_bola_Valkaama,1789497106.289,0.1029,15324,16,2,18148257.4,310363827.5,2
CONT_s7_bola_Valkaama,1789497106.392,0.103,15156,13,0,68243181.2,308464963.4,2
CONT_s7_bola_Valkaama,1789497106.495,0.103,15260,15,0,32837621.7,301622007.4,4
CONT_s7_bola_Valkaama,1789497106.598,0.1029,13708,13,0,19308006.8,306429095.5,2
CONT_s7_bola_Valkaama,1789497106.701,0.1029,13656,12,0,58620449.5,318043873.6,4
CONT_s7_bola_Valkaama,1789497106.803,0.1028,16708,15,0,48346557.4,327970990.0,4
CONT_s7_bola_Valkaama,1789497106.906,0.103,16760,16,0,25516188.9,341406634.5,2
CONT_s7_bola_Valkaama,1789497107.009,0.1029,9156,9,0,23193845.0,341599465.1,2
CONT_s7_bola_Valkaama,1789497107.112,0.1028,19708,17,0,62156154.6,359500572.1,2
CONT_s7_bola_Valkaama,1789497107.215,0.1029,15640,20,0,31430212.0,344932411.2,2
CONT_s7_bola_Valkaama,1789497107.318,0.1028,15640,20,0,24335312.0,352843092.5,2
CONT_s7_bola_Valkaama,1789497107.421,0.103,15232,14,0,56876985.9,369104306.5,4
CONT_s7_bola_Valkaama,1789497107.524,0.1029,15384,16,2,49924636.9,356356922.6,4
CONT_s7_bola_Valkaama,1789497107.626,0.1028,15640,20,0,19378661.5,321716329.2,2
CONT_s7_bola_Valkaama,1789497107.73,0.1036,13616,11,0,47849183.9,320223146.4,4
CONT_s7_bola_Valkaama,1789497107.834,0.1038,16900,18,1,50581806.6,303665476.0,4
CONT_s7_bola_Valkaama,1789497107.937,0.1029,15256,15,0,16433530.3,307311796.5,3
CONT_s7_bola_Valkaama,1789497108.04,0.103,15256,14,0,60276617.9,321004379.2,3
CONT_s7_bola_Valkaama,1789497108.143,0.1029,12640,18,2,49829633.6,295524737.9,3
CONT_s7_bola_Valkaama,1789497108.246,0.103,14181,12,0,21257022.9,300168509.1,3
CONT_s7_bola_Valkaama,1789497108.349,0.1031,18768,24,1,38556056.0,250175574.0,2
CONT_s7_bola_Valkaama,1789497108.453,0.104,0,0,0,0,0,0
CONT_s7_bola_Valkaama,1789497108.556,0.103,13967,14,1,38204135.6,241832713.0,4
CONT_s7_bola_Valkaama,1789497108.659,0.103,7604,7,0,37312890.6,246799714.6,2
CONT_s7_bola_Valkaama,1789497108.762,0.103,12366,12,0,33611823.2,248812676.1,2
CONT_s7_bola_Valkaama,1789497108.865,0.1032,21156,17,0,35510668.2,261823585.8,2
CONT_s7_bola_Valkaama,1789497108.968,0.1031,0,0,0,0,0,0
CONT_s7_bola_Valkaama,1789497109.071,0.103,24260,21,0,40248936.4,247498328.0,2
CONT_s7_bola_Valkaama,1789497109.174,0.1031,6104,6,0,40956086.7,1182064.0,2
CONT_s7_bola_Valkaama,1789497109.277,0.1032,24488,24,0,48735492.2,352887620.8,4
CONT_s7_bola_Valkaama,1789497109.38,0.1031,15260,15,0,42215642.7,1080657.2,2
CONT_s7_bola_Valkaama,1789497109.484,0.1032,15644,19,0,34075039.2,378268963.2,2
CONT_s7_bola_Valkaama,1789497109.587,0.1031,17236,22,1,52392113.1,368704013.7,4
CONT_s7_bola_Valkaama,1789497109.69,0.103,14148,18,2,43188961.0,350968898.1,4
CONT_s7_bola_Valkaama,1789497109.793,0.1031,14472,20,4,26195889.5,288985044.3,2
CONT_s7_bola_Valkaama,1789497109.896,0.103,18288,17,2,40593830.4,259115205.7,4
CONT_s7_bola_Valkaama,1789497109.999,0.1032,14264,19,8,25124359.0,244802089.1,4
CONT_s7_bola_Valkaama,1789497110.102,0.1031,15636,20,10,19674496.0,286703947.0,2
CONT_s7_bola_Valkaama,1789497110.205,0.103,13604,11,0,43292385.7,329539705.7,2
CONT_s7_bola_Valkaama,1789497110.308,0.1031,15488,18,0,31968957.9,333863395.2,4
CONT_s7_bola_Valkaama,1789497110.411,0.1032,15656,20,0,25291971.5,382282411.2,2
CONT_s7_bola_Valkaama,1789497110.514,0.1032,12640,16,0,21531376.5,381849822.2,2
CONT_s7_bola_Valkaama,1789497110.617,0.1031,20364,26,0,49518079.2,384368455.6,4
CONT_s7_bola_Valkaama,1789497110.72,0.103,15800,20,3,20359240.5,325282523.3,2
CONT_s7_bola_Valkaama,1789497110.824,0.1031,15752,20,9,14996858.5,306528741.8,2
CONT_s7_bola_Valkaama,1789497110.927,0.1032,15336,16,2,47828489.4,309955745.9,4
CONT_s7_bola_Valkaama,1789497111.03,0.1031,15540,19,4,19235912.9,320931053.6,3
CONT_s7_bola_Valkaama,1789497111.133,0.103,13760,14,0,13877757.0,356505875.0,2
CONT_s7_bola_Valkaama,1789497111.236,0.1031,15260,15,0,21965903.0,365137124.1,4
CONT_s7_bola_Valkaama,1789497111.339,0.103,15260,15,0,43796348.9,363661299.7,4
CONT_s7_bola_Valkaama,1789497111.443,0.1045,13708,13,0,27018331.8,376308059.8,4
CONT_s7_bola_Valkaama,1789497111.547,0.1032,15260,15,0,16696891.0,377850754.1,2
CONT_s7_bola_Valkaama,1789497111.65,0.1029,15412,17,0,38691788.7,373963596.7,4
CONT_s7_bola_Valkaama,1789497111.753,0.1034,15520,18,0,39579162.9,377418621.5,4
CONT_s7_bola_Valkaama,1789497111.856,0.103,15720,20,0,21791017.5,360707746.5,2
CONT_s7_bola_Valkaama,1789497111.959,0.103,17292,22,0,19781424.0,370297990.7,2
CONT_s7_bola_Valkaama,1789497112.062,0.103,15616,20,1,63532353.2,367000650.7,4
CONT_s7_bola_Valkaama,1789497112.165,0.103,15000,10,1,13832690.0,340816597.7,1
CONT_s7_bola_Valkaama,1789497112.268,0.103,15064,11,0,21440010.7,296695852.6,3
CONT_s7_bola_Valkaama,1789497112.371,0.103,10732,11,3,64416658.2,284181283.0,3
CONT_s7_bola_Valkaama,1789497112.474,0.1031,52,1,0,75918506.0,52706803.0,1
CONT_s7_bola_Valkaama,1789497112.577,0.103,6104,6,0,71794077.7,246188233.0,2
CONT_s7_bola_Valkaama,1789497112.68,0.103,6104,6,0,62900403.3,246254964.7,2
CONT_s7_bola_Valkaama,1789497112.783,0.1029,3052,3,0,66951064.3,245976442.8,2
CONT_s7_bola_Valkaama,1789497112.886,0.1031,9104,8,0,53894162.8,247317501.5,2
CONT_s7_bola_Valkaama,1789497112.989,0.1031,1552,2,0,61276964.0,243197514.7,2
CONT_s7_bola_Valkaama,1789497113.092,0.103,13656,12,0,45389237.0,247316960.5,2
CONT_s7_bola_Valkaama,1789497113.195,0.103,0,0,0,0,0,0
CONT_s7_bola_Valkaama,1789497113.298,0.1029,4604,5,0,59052366.8,245063651.0,2
CONT_s7_bola_Valkaama,1789497113.401,0.1031,12104,10,0,40242447.8,248044370.1,2
CONT_s7_bola_Valkaama,1789497113.504,0.1031,0,0,0,0,0,0
CONT_s7_bola_Valkaama,1789497113.607,0.103,16656,14,0,42759233.4,247898741.4,2
CONT_s7_bola_Valkaama,1789497113.71,0.103,0,0,0,0,0,0
CONT_s7_bola_Valkaama,1789497113.813,0.1029,4552,4,0,58573578.0,247374179.6,2
CONT_s7_bola_Valkaama,1789497113.916,0.1032,12104,10,0,44623375.2,248040508.7,2
CONT_s7_bola_Valkaama,1789497114.019,0.1031,0,0,0,0,0,0
CONT_s7_bola_Valkaama,1789497114.122,0.103,16656,14,0,47100423.7,247832605.4,2
CONT_s7_bola_Valkaama,1789497114.225,0.103,0,0,0,0,0,0
CONT_s7_bola_Valkaama,1789497114.333,0.1074,12104,10,0,52568083.4,248028141.2,2
CONT_s7_bola_Valkaama,1789497114.436,0.1031,4732,7,0,2178292072.6,244563467.6,4
CONT_s7_bola_Valkaama,1789497114.539,0.1031,4552,4,0,64130142.8,247371059.7,2
CONT_s7_bola_Valkaama,1789497114.642,0.103,12104,10,0,48442322.6,248033364.1,2
CONT_s7_bola_Valkaama,1789497114.745,0.1031,0,0,0,0,0,0
CONT_s7_bola_Valkaama,1789497114.848,0.1032,16656,14,0,50091909.4,247869620.1,2
CONT_s7_bola_Valkaama,1789497114.952,0.1043,0,0,0,0,0,0
CONT_s7_bola_Valkaama,1789497115.056,0.103,6052,5,0,60591462.0,248033068.9,2
CONT_s7_bola_Valkaama,1789497115.159,0.1035,12104,10,0,48147830.2,248030515.2,2
CONT_s7_bola_Valkaama,1789497115.262,0.103,0,0,0,0,0,0
CONT_s7_bola_Valkaama,1789497115.365,0.1031,18156,15,0,47859064.0,248030620.7,2
CONT_s7_bola_Valkaama,1789497115.468,0.1031,0,0,0,0,0,0
CONT_s7_bola_Valkaama,1789497115.571,0.103,7552,6,0,55194090.5,248503312.8,2
CONT_s7_bola_Valkaama,1789497115.674,0.1032,12104,10,0,46473862.6,248031803.4,2
CONT_s7_bola_Valkaama,1789497115.777,0.103,0,0,0,0,0,0
CONT_s7_bola_Valkaama,1789497115.881,0.1032,19656,16,0,45049131.1,248223998.5,2
CONT_s7_bola_Valkaama,1789497115.984,0.1031,0,0,0,0,0,0
CONT_s7_bola_Valkaama,1789497116.087,0.103,16604,13,0,44668628.0,248613087.0,2
CONT_s7_bola_Valkaama,1789497116.19,0.103,4552,4,0,48827727.8,247318877.9,2
CONT_s7_bola_Valkaama,1789497116.293,0.103,0,0,0,0,0,0
CONT_s7_bola_Valkaama,1789497116.396,0.1033,21144,17,0,42443880.5,248478283.3,2
CONT_s7_bola_Valkaama,1789497116.499,0.1031,0,0,0,0,0,0
CONT_s7_bola_Valkaama,1789497116.602,0.103,10500,7,0,34975589.0,250218555.0,1
CONT_s7_bola_Valkaama,1789497116.705,0.103,0,0,0,0,0,0
CONT_s7_bola_Valkaama,1789497116.808,0.103,0,0,0,0,0,0
CONT_s7_bola_Valkaama,1789497116.911,0.1032,0,0,0,0,0,0
CONT_s7_bola_Valkaama,1789497117.014,0.1031,0,0,0,0,0,0
CONT_s7_bola_Valkaama,1789497117.117,0.1031,0,0,0,0,0,0
CONT_s7_bola_Valkaama,1789497117.22,0.103,0,0,0,0,0,0
CONT_s7_bola_Valkaama,1789497117.323,0.103,112,2,0,2507984371.5,0,2
CONT_s7_bola_Valkaama,1789497117.427,0.1033,0,0,0,0,0,0
CONT_s7_bola_Valkaama,1789497117.53,0.1032,0,0,0,0,0,0
CONT_s7_bola_Valkaama,1789497117.633,0.103,2190,6,0,859572453.2,13729315.2,4
CONT_s7_bola_Valkaama,1789497117.736,0.1033,0,0,0,0,0,0
CONT_s7_bola_Valkaama,1789497117.839,0.1032,4735,8,0,14892027.0,141096617.3,4
CONT_s7_bola_Valkaama,1789497117.945,0.1058,769,2,0,42689305.0,0,1
CONT_s7_bola_Valkaama,1789497118.049,0.1035,0,0,0,0,0,0
CONT_s7_bola_Valkaama,1789497118.152,0.1034,15139,17,0,31326094.0,246737764.5,4
CONT_s7_bola_Valkaama,1789497118.256,0.1034,0,0,0,0,0,0
CONT_s7_bola_Valkaama,1789497118.359,0.1033,15418,15,0,42916917.7,247687765.9,4
CONT_s7_bola_Valkaama,1789497118.462,0.1035,15260,15,0,39702359.0,1057198.2,2
CONT_s7_bola_Valkaama,1789497118.566,0.1034,0,0,0,0,0,0
CONT_s7_bola_Valkaama,1789497118.669,0.1034,24260,21,0,32570314.9,247498374.5,2
CONT_s7_bola_Valkaama,1789497118.772,0.1034,15260,15,0,29846535.7,356977835.3,2
CONT_s7_bola_Valkaama,1789497118.876,0.1035,15536,18,0,26581019.6,350169991.2,2
CONT_s7_bola_Valkaama,1789497118.979,0.1034,15800,20,0,24137129.0,0,2
CONT_s7_bola_Valkaama,1789497119.083,0.1035,14472,20,0,21891714.5,385307524.2,2
CONT_s7_bola_Valkaama,1789497119.186,0.1036,15800,20,0,21356793.5,385226404.6,2
CONT_s7_bola_Valkaama,1789497119.29,0.1035,15724,20,8,15092395.0,315849413.3,2
CONT_s7_bola_Valkaama,1789497119.393,0.1035,0,0,0,0,0,0
CONT_s7_bola_Valkaama,1789497119.497,0.1034,13604,11,0,25733407.3,248335101.5,2
CONT_s7_bola_Valkaama,1789497119.6,0.1033,22984,22,0,19344045.4,282390850.1,2
CONT_s7_bola_Valkaama,1789497119.704,0.1033,10720,11,0,18748042.5,691975.2,2
CONT_s7_bola_Valkaama,1789497119.807,0.1034,20332,26,0,18500187.5,275220579.5,2
CONT_s7_bola_Valkaama,1789497119.911,0.1035,14076,18,0,18846310.5,321058830.0,2
CONT_s7_bola_Valkaama,1789497120.014,0.1034,15720,20,0,19398768.5,378692098.0,2
CONT_s7_bola_Valkaama,1789497120.117,0.1034,17364,22,6,13050619.5,351747503.5,2
CONT_s7_bola_Valkaama,1789497120.221,0.1034,15776,20,8,6962060.5,325858916.8,2
CONT_s7_bola_Valkaama,1789497120.324,0.1034,15672,20,2,5581368.0,339671912.2,2
CONT_s7_bola_Valkaama,1789497120.428,0.1035,15564,19,2,5237174.6,352557790.8,2
CONT_s7_bola_Valkaama,1789497120.531,0.1035,15260,15,0,4593249.0,386876873.3,2
CONT_s7_bola_Valkaama,1789497120.634,0.1033,14064,18,0,2976703.0,370282384.5,2
CONT_s7_bola_Valkaama,1789497120.738,0.1035,15640,20,0,1621361.5,382937076.4,2
CONT_s7_bola_Valkaama,1789497120.841,0.1034,15640,20,0,5090064.5,380213040.5,2
CONT_s7_bola_Valkaama,1789497120.947,0.1058,17140,21,0,10688651.9,382020899.0,2
CONT_s7_bola_Valkaama,1789497121.051,0.1035,14172,19,1,5830117.8,361474329.1,2
CONT_s7_bola_Valkaama,1789497121.154,0.1035,15640,20,0,3086041.0,339415579.0,2
CONT_s7_bola_Valkaama,1789497121.258,0.1035,15552,19,1,2000860.2,276355437.7,2
CONT_s7_bola_Valkaama,1789497121.361,0.1036,15260,15,0,1181918.3,275841621.2,2
CONT_s7_bola_Valkaama,1789497121.465,0.1035,15260,15,0,787819.3,275803777.3,2
CONT_s7_bola_Valkaama,1789497121.568,0.1035,13708,13,0,3877326.8,276325202.1,2
CONT_s7_bola_Valkaama,1789497121.672,0.1033,16760,16,0,9094309.7,282069318.9,2
CONT_s7_bola_Valkaama,1789497121.775,0.1033,13708,13,0,11232745.9,286182230.1,2
CONT_s7_bola_Valkaama,1789497121.878,0.1034,16760,16,0,12789126.6,294367660.2,2
CONT_s7_bola_Valkaama,1789497121.982,0.1034,15260,15,0,13498817.0,298270352.9,2
CONT_s7_bola_Valkaama,1789497122.085,0.1034,15260,15,0,13934248.3,303881606.5,2
CONT_s7_bola_Valkaama,1789497122.189,0.1034,13708,13,0,14138537.4,313449990.9,2
CONT_s7_bola_Valkaama,1789497122.292,0.1035,15260,15,0,14064670.0,316523086.8,2
CONT_s7_bola_Valkaama,1789497122.396,0.1034,15260,15,0,14191116.7,316117230.0,2
CONT_s7_bola_Valkaama,1789497122.499,0.1035,16760,16,0,14400831.0,325012059.9,2
CONT_s7_bola_Valkaama,1789497122.602,0.1034,13708,13,0,14369770.9,324683936.5,2
CONT_s7_bola_Valkaama,1789497122.706,0.1033,15260,15,0,14196964.0,326327437.5,2
CONT_s7_bola_Valkaama,1789497122.809,0.1034,15260,15,0,14266802.7,326396651.5,2
CONT_s7_bola_Valkaama,1789497122.913,0.1035,13708,13,0,14349035.5,334809407.0,2
CONT_s7_bola_Valkaama,1789497123.016,0.1036,15260,15,0,14115151.7,336699788.2,2
CONT_s7_bola_Valkaama,1789497123.12,0.1035,15260,15,0,14197639.0,336502041.2,2
CONT_s7_bola_Valkaama,1789497123.223,0.1035,15260,15,0,14205020.0,336575150.6,2
CONT_s7_bola_Valkaama,1789497123.327,0.1034,16760,16,0,14336726.0,335290102.5,2
CONT_s7_bola_Valkaama,1789497123.43,0.1036,15260,15,0,14150479.3,336714399.0,2
CONT_s7_bola_Valkaama,1789497123.534,0.1035,15260,15,0,14159706.7,336399579.7,2
CONT_s7_bola_Valkaama,1789497123.637,0.1033,13708,13,0,14210884.5,334647870.7,2
CONT_s7_bola_Valkaama,1789497123.74,0.1033,15260,15,0,14000879.7,336760957.6,2
CONT_s7_bola_Valkaama,1789497123.844,0.1034,15260,15,0,14147342.0,336823529.0,2
CONT_s7_bola_Valkaama,1789497123.948,0.1044,15260,15,0,14146037.7,336794832.1,2
CONT_s7_bola_Valkaama,1789497124.052,0.1035,16760,16,0,14293564.4,335111484.6,2
CONT_s7_bola_Valkaama,1789497124.155,0.1034,15260,15,0,14104848.0,336606453.0,2
CONT_s7_bola_Valkaama,1789497124.258,0.1034,15260,15,0,14166503.7,336832559.2,2
CONT_s7_bola_Valkaama,1789497124.362,0.1033,13708,13,0,14222548.2,334859681.8,2
CONT_s7_bola_Valkaama,1789497124.465,0.1034,15260,15,0,14054362.3,336771381.5,2
CONT_s7_bola_Valkaama,1789497124.569,0.1034,15260,15,0,14191206.7,336704579.6,2
CONT_s7_bola_Valkaama,1789497124.672,0.1034,15260,15,0,14183899.3,336636786.9,2
CONT_s7_bola_Valkaama,1789497124.775,0.1033,13708,13,0,14325928.4,334783896.1,2
CONT_s7_bola_Valkaama,1789497124.879,0.1036,15260,15,0,14080059.7,336744684.7,2
CONT_s7_bola_Valkaama,1789497124.982,0.1036,15260,15,0,14185448.7,336493687.5,2
CONT_s7_bola_Valkaama,1789497125.086,0.1035,16760,16,0,14173939.1,335106995.3,2
CONT_s7_bola_Valkaama,1789497125.189,0.1033,13708,13,0,14057884.4,337312614.5,2
CONT_s7_bola_Valkaama,1789497125.293,0.1033,15260,15,0,14014217.0,346918119.9,2
CONT_s7_bola_Valkaama,1789497125.396,0.1034,15260,15,0,14159040.7,346682956.1,2
CONT_s7_bola_Valkaama,1789497125.5,0.1038,16760,16,0,14235780.7,345601916.1,2
CONT_s7_bola_Valkaama,1789497125.603,0.1033,15260,15,0,14095628.0,349351994.4,2
CONT_s7_bola_Valkaama,1789497125.707,0.1034,15260,15,0,14159207.7,356907377.5,2
CONT_s7_bola_Valkaama,1789497125.81,0.1033,15260,15,0,14165840.3,357043334.4,2
CONT_s7_bola_Valkaama,1789497125.913,0.1036,15208,14,0,14320027.6,355938088.9,2
CONT_s7_bola_Valkaama,1789497126.017,0.1034,15260,15,0,13935871.0,367562754.1,2
CONT_s7_bola_Valkaama,1789497126.12,0.1034,15260,15,0,14086782.3,367666027.2,2
CONT_s7_bola_Valkaama,1789497126.224,0.1034,13708,13,0,14345157.6,375772208.8,2
CONT_s7_bola_Valkaama,1789497126.327,0.1036,16836,17,0,13993859.1,370714155.7,2
CONT_s7_bola_Valkaama,1789497126.431,0.1036,15512,18,0,15949840.7,374085819.4,2
CONT_s7_bola_Valkaama,1789497126.534,0.1035,12640,18,0,17684801.1,373994131.0,2
CONT_s7_bola_Valkaama,1789497126.638,0.1034,15640,20,0,19282738.0,379060698.5,2
CONT_s7_bola_Valkaama,1789497126.741,0.1034,17204,22,0,18855333.0,386471479.0,2
CONT_s7_bola_Valkaama,1789497126.845,0.1035,15400,17,2,13178794.5,365961699.9,2
CONT_s7_bola_Valkaama,1789497126.949,0.1046,15260,15,0,7868412.3,331097924.6,2
CONT_s7_bola_Valkaama,1789497127.053,0.1036,15260,15,0,4910310.0,285804846.9,2
CONT_s7_bola_Valkaama,1789497127.156,0.1034,13708,13,0,7716807.5,286275104.1,2
CONT_s7_bola_Valkaama,1789497127.26,0.1034,16760,16,0,11178216.7,296414528.7,2
CONT_s7_bola_Valkaama,1789497127.363,0.1034,13708,13,0,12629879.3,306852508.2,2
CONT_s7_bola_Valkaama,1789497127.466,0.1035,16760,16,0,13507278.9,316898956.9,2
CONT_s7_bola_Valkaama,1789497127.57,0.1033,13760,14,0,13379814.0,323279893.8,2
CONT_s7_bola_Valkaama,1789497127.673,0.1033,15260,15,0,13671769.0,331652445.2,2
CONT_s7_bola_Valkaama,1789497127.777,0.1036,15260,15,0,14291512.3,339064776.5,2
CONT_s7_bola_Valkaama,1789497127.88,0.1034,16760,16,0,14229054.2,349546748.9,2
CONT_s7_bola_Valkaama,1789497127.984,0.1034,15260,15,0,14427919.0,355106468.1,2
CONT_s7_bola_Valkaama,1789497128.087,0.1035,13708,13,0,14628430.8,365439736.7,2
CONT_s7_bola_Valkaama,1789497128.19,0.1034,15260,15,0,14354538.3,367303707.7,2
CONT_s7_bola_Valkaama,1789497128.294,0.1034,15260,15,0,14378426.7,367409301.2,2
CONT_s7_bola_Valkaama,1789497128.397,0.1036,15260,15,0,14320738.7,377513305.7,2
CONT_s7_bola_Valkaama,1789497128.501,0.1034,15260,15,0,14289791.3,383047843.3,2
CONT_s7_bola_Valkaama,1789497128.605,0.1039,15260,15,0,14212395.3,387904794.7,2
CONT_s7_bola_Valkaama,1789497128.708,0.1034,15260,15,0,14172161.7,387745871.2,2
CONT_s7_bola_Valkaama,1789497128.811,0.1032,15640,20,0,15219624.5,394303144.2,2
CONT_s7_bola_Valkaama,1789497128.915,0.1035,15640,20,0,17841520.0,394447439.6,2
CONT_s7_bola_Valkaama,1789497129.018,0.1035,15640,20,0,19253535.0,394450210.0,2
CONT_s7_bola_Valkaama,1789497129.122,0.1033,15640,20,0,19949628.5,394525083.2,2
CONT_s7_bola_Valkaama,1789497129.225,0.1035,15640,20,0,14201164.0,382473465.3,2
CONT_s7_bola_Valkaama,1789497129.332,0.1073,15640,20,0,7564629.5,342636101.4,2
CONT_s7_bola_Valkaama,1789497129.436,0.1034,15640,20,0,4064523.0,295140690.0,2
CONT_s7_bola_Valkaama,1789497129.539,0.1034,15324,16,1,2626467.5,283181582.9,2
CONT_s7_bola_Valkaama,1789497129.642,0.1032,15260,15,0,1658037.3,285770973.5,2
CONT_s7_bola_Valkaama,1789497129.746,0.1034,15156,13,0,8873746.8,247639773.3,2
CONT_s7_bola_Valkaama,1789497129.849,0.1035,13708,13,0,11057110.3,288835827.4,2
CONT_s7_bola_Valkaama,1789497129.953,0.1038,16760,16,0,12704581.7,298346056.4,2
CONT_s7_bola_Valkaama,1789497130.057,0.1036,13708,13,0,13396306.2,290782034.4,2
CONT_s7_bola_Valkaama,1789497130.16,0.1034,15260,15,0,14030509.0,314227787.4,2
CONT_s7_bola_Valkaama,1789497130.264,0.1034,15260,15,0,14280443.3,326611395.3,2
CONT_s7_bola_Valkaama,1789497130.367,0.1034,15260,15,0,14327130.3,331538950.0,2
CONT_s7_bola_Valkaama,1789497130.47,0.1034,15260,15,0,14313287.3,341812352.0,2
CONT_s7_bola_Valkaama,1789497130.574,0.1035,16760,16,0,14099841.0,349490259.4,2
CONT_s7_bola_Valkaama,1789497130.677,0.1034,15260,15,0,14211749.3,357094010.6,2
CONT_s7_bola_Valkaama,1789497130.781,0.1034,13708,13,0,14389596.6,362841559.5,2
CONT_s7_bola_Valkaama,1789497130.884,0.1034,15260,15,0,14197977.0,367445742.2,2
CONT_s7_bola_Valkaama,1789497130.987,0.1034,15260,15,0,14214603.3,367213939.7,2
CONT_s7_bola_Valkaama,1789497131.091,0.1034,15260,15,0,14192746.7,377521935.9,2
CONT_s7_bola_Valkaama,1789497131.194,0.1035,15260,15,0,14142286.3,380337820.4,2
CONT_s7_bola_Valkaama,1789497131.298,0.1034,15260,15,0,14109868.0,387843078.8,2
CONT_s7_bola_Valkaama,1789497131.401,0.1035,15412,17,0,13970370.2,384365238.1,2
CONT_s7_bola_Valkaama,1789497131.505,0.1034,15640,20,0,16418003.5,394860498.8,2
CONT_s7_bola_Valkaama,1789497131.608,0.1033,15640,20,0,18497255.0,394872813.4,2
CONT_s7_bola_Valkaama,1789497131.711,0.1033,15640,20,0,19570698.0,394743195.8,2
CONT_s7_bola_Valkaama,1789497131.814,0.1033,15640,20,0,20141119.0,394539124.0,2
CONT_s7_bola_Valkaama,1789497131.918,0.1035,15640,20,0,11023194.5,367925474.9,2
CONT_s7_bola_Valkaama,1789497132.021,0.1034,15640,20,0,5867458.0,323290765.9,2
CONT_s7_bola_Valkaama,1789497132.125,0.1033,15552,19,1,3577290.7,273814155.8,2
CONT_s7_bola_Valkaama,1789497132.229,0.1042,15260,15,0,2149578.7,285828458.9,2
CONT_s7_bola_Valkaama,1789497132.334,0.1052,9156,9,0,1653070.7,285817178.7,2
CONT_s7_bola_Valkaama,1789497132.438,0.1035,21260,19,0,10521589.3,273549657.2,2
CONT_s7_bola_Valkaama,1789497132.541,0.1035,13708,13,0,12241194.8,293778702.5,2
CONT_s7_bola_Valkaama,1789497132.645,0.1034,16760,16,0,13482039.7,290994789.4,2
CONT_s7_bola_Valkaama,1789497132.748,0.1034,13708,13,0,14025414.2,316832405.2,2
CONT_s7_bola_Valkaama,1789497132.851,0.1034,15260,15,0,13534084.3,318896325.1,2
CONT_s7_bola_Valkaama,1789497132.955,0.1037,15260,15,0,14175950.3,323632243.7,2
CONT_s7_bola_Valkaama,1789497133.059,0.1035,15260,15,0,14447876.7,333987520.0,2
CONT_s7_bola_Valkaama,1789497133.162,0.1034,15260,15,0,14476910.7,344952817.3,2
CONT_s7_bola_Valkaama,1789497133.265,0.1034,13708,13,0,14646076.9,357801248.1,2
CONT_s7_bola_Valkaama,1789497133.369,0.1035,16760,16,0,14074768.4,359794854.4,2
CONT_s7_bola_Valkaama,1789497133.472,0.1034,15260,15,0,14232572.3,367571233.2,2
CONT_s7_bola_Valkaama,1789497133.576,0.1034,15260,15,0,14315294.7,365319390.3,2
CONT_s7_bola_Valkaama,1789497133.679,0.1034,15260,15,0,14299247.3,377583034.5,2
CONT_s7_bola_Valkaama,1789497133.783,0.1034,15260,15,0,14255728.0,377350636.2,2
CONT_s7_bola_Valkaama,1789497133.886,0.1035,15260,15,0,14216913.3,387859543.9,2
CONT_s7_bola_Valkaama,1789497133.989,0.1034,15260,15,0,14182021.0,387895968.1,2
CONT_s7_bola_Valkaama,1789497134.093,0.1034,15540,19,0,67180645.0,382170850.4,3
CONT_s7_bola_Valkaama,1789497134.196,0.1036,15640,20,0,17020223.5,394585486.2,2
CONT_s7_bola_Valkaama,1789497134.3,0.1034,15640,20,0,18776195.0,394619141.6,2
CONT_s7_bola_Valkaama,1789497134.403,0.1035,15744,22,0,152191823.5,393410032.8,4
CONT_s7_bola_Valkaama,1789497134.507,0.1035,15488,18,1,17370343.8,376223728.9,2
CONT_s7_bola_Valkaama,1789497134.61,0.1033,15260,15,0,10271709.7,346125682.8,2
CONT_s7_bola_Valkaama,1789497134.714,0.1033,13760,14,0,6613895.2,300150307.1,2
CONT_s7_bola_Valkaama,1789497134.817,0.1033,15260,15,0,6921534.0,281607380.2,2
CONT_s7_bola_Valkaama,1789497134.92,0.1035,13708,13,0,10421124.2,294041981.2,2
CONT_s7_bola_Valkaama,1789497135.024,0.1034,16760,16,0,12658243.6,302425040.4,2
CONT_s7_bola_Valkaama,1789497135.127,0.1034,13708,13,0,13579165.2,314327591.8,2
CONT_s7_bola_Valkaama,1789497135.231,0.1035,15260,15,0,13287008.3,318683257.9,2
CONT_s7_bola_Valkaama,1789497135.334,0.1037,15260,15,0,13451235.3,326779915.6,2
CONT_s7_bola_Valkaama,1789497135.438,0.1033,15260,15,0,14036364.0,334255145.9,2
CONT_s7_bola_Valkaama,1789497135.541,0.1034,15260,15,0,14418546.0,344701316.2,2
CONT_s7_bola_Valkaama,1789497135.644,0.1034,16760,16,0,14649263.3,357441545.9,2
CONT_s7_bola_Valkaama,1789497135.748,0.1034,13708,13,0,14272607.8,358049701.5,2
CONT_s7_bola_Valkaama,1789497135.852,0.1038,15260,15,0,14375643.0,367178469.7,2
CONT_s7_bola_Valkaama,1789497135.955,0.1036,16760,16,0,14442530.8,369865749.6,2
CONT_s7_bola_Valkaama,1789497136.059,0.1035,13708,13,0,14503254.2,378425907.9,2
CONT_s7_bola_Valkaama,1789497136.162,0.1034,15260,15,0,14278513.7,377699011.2,2
CONT_s7_bola_Valkaama,1789497136.265,0.1034,15260,15,0,14284922.0,387727166.3,2
CONT_s7_bola_Valkaama,1789497136.369,0.1035,15412,17,0,14187042.5,376150458.9,2
CONT_s7_bola_Valkaama,1789497136.472,0.1034,15640,20,0,16608239.5,394880390.0,2
CONT_s7_bola_Valkaama,1789497136.576,0.1033,15640,20,0,18557394.0,394933316.6,2
CONT_s7_bola_Valkaama,1789497136.679,0.1033,15640,20,0,19626032.5,394922483.4,2
CONT_s7_bola_Valkaama,1789497136.782,0.1033,15628,20,1,16135292.5,372865074.8,2
CONT_s7_bola_Valkaama,1789497136.886,0.1034,15640,20,0,8548475.5,358112185.4,2
CONT_s7_bola_Valkaama,1789497136.989,0.1034,15640,20,0,4596888.0,311332393.6,2
CONT_s7_bola_Valkaama,1789497137.092,0.1033,15412,17,2,4955675.5,281441508.6,2
CONT_s7_bola_Valkaama,1789497137.196,0.1034,15320,16,0,2816334.7,285667495.3,3
CONT_s7_bola_Valkaama,1789497137.299,0.1035,15260,15,0,1927285.7,285737821.4,2
CONT_s7_bola_Valkaama,1789497137.403,0.1035,15877,17,0,7233213.5,273871576.4,4
CONT_s7_bola_Valkaama,1789497137.506,0.1037,15000,10,0,13282676.0,301384253.0,1
CONT_s7_bola_Valkaama,1789497137.61,0.1035,15000,10,0,15456910.0,311769276.8,1
CONT_s7_bola_Valkaama,1789497137.713,0.1035,7863,8,0,23810183.5,293425063.0,3
CONT_s7_bola_Valkaama,1789497137.817,0.1035,0,0,0,0,0,0
CONT_s7_bola_Valkaama,1789497137.921,0.1038,0,0,0,0,0,0
CONT_s7_bola_Valkaama,1789497138.024,0.104,12366,12,0,33367704.5,248560421.7,2
CONT_s7_bola_Valkaama,1789497138.128,0.1035,0,0,0,0,0,0
CONT_s7_bola_Valkaama,1789497138.232,0.1035,21208,18,0,41133121.2,247752112.6,2
CONT_s7_bola_Valkaama,1789497138.336,0.1043,9156,9,0,40656413.3,1039510.0,2
CONT_s7_bola_Valkaama,1789497138.44,0.1038,15112,12,0,26508596.0,249334610.0,3
CONT_s7_bola_Valkaama,1789497138.543,0.1037,15260,15,0,34883057.3,876040.6,2
CONT_s7_bola_Valkaama,1789497138.647,0.1036,15320,16,0,27077395.9,368432547.0,3
CONT_s7_bola_Valkaama,1789497138.751,0.1037,17782,24,0,24340889.3,284630640.4,4
CONT_s7_bola_Valkaama,1789497138.854,0.1039,17536,24,0,22572238.0,386029369.5,2
CONT_s7_bola_Valkaama,1789497138.959,0.1044,15768,20,0,21731308.5,385937813.0,2
CONT_s7_bola_Valkaama,1789497139.063,0.1039,17930,25,2,18260315.6,323455465.9,5
CONT_s7_bola_Valkaama,1789497139.167,0.1039,15800,20,6,10219536.0,338750958.2,2
CONT_s7_bola_Valkaama,1789497139.271,0.1039,14220,18,4,9930609.5,312462525.5,2
CONT_s7_bola_Valkaama,1789497139.374,0.1038,17380,22,11,8614375.0,353277332.7,2
CONT_s7_bola_Valkaama,1789497139.478,0.1039,15828,21,8,8414014.3,383007030.7,3
CONT_s7_bola_Valkaama,1789497139.582,0.104,15800,20,0,8358463.5,395335087.8,2
CONT_s7_bola_Valkaama,1789497139.686,0.1039,15337,20,0,9469451.4,382021343.9,4
CONT_s7_bola_Valkaama,1789497139.79,0.1038,15800,20,1,3033945.5,370994886.9,2
CONT_s7_bola_Valkaama,1789497139.894,0.1039,15792,20,4,1660421.0,367748909.7,2
CONT_s7_bola_Valkaama,1789497139.998,0.1039,15572,19,3,968027.9,376063548.0,2
CONT_s7_bola_Valkaama,1789497140.102,0.1039,16081,18,1,24702180.0,331573644.7,4
CONT_s7_bola_Valkaama,1789497140.206,0.1039,14825,15,0,11438024.1,336156787.8,4
CONT_s7_bola_Valkaama,1789497140.309,0.1038,15260,15,0,2465870.7,333962738.2,2
CONT_s7_bola_Valkaama,1789497140.413,0.104,15574,18,0,39927892.3,328464746.2,4
CONT_s7_bola_Valkaama,1789497140.517,0.1039,13760,14,0,24053518.1,375265652.4,4
CONT_s7_bola_Valkaama,1789497140.621,0.1039,15260,15,0,14319716.7,369269201.9,2
CONT_s7_bola_Valkaama,1789497140.725,0.1039,17052,20,0,14691179.9,361534316.8,2
CONT_s7_bola_Valkaama,1789497140.831,0.1062,15640,20,0,52891114.3,369945595.8,4
CONT_s7_bola_Valkaama,1789497140.935,0.1039,15688,20,0,37169501.3,384120254.8,4
CONT_s7_bola_Valkaama,1789497141.039,0.1039,15768,20,0,21496128.0,384425133.8,2
CONT_s7_bola_Valkaama,1789497141.143,0.1039,14156,18,1,39067720.3,354489540.5,4
CONT_s7_bola_Valkaama,1789497141.247,0.1039,17224,22,3,44584011.9,332272015.2,4
CONT_s7_bola_Valkaama,1789497141.351,0.1039,15580,19,2,26986079.4,378382102.3,4
CONT_s7_bola_Valkaama,1789497141.455,0.1045,15208,14,0,32238901.1,303284752.0,4
CONT_s7_bola_Valkaama,1789497141.559,0.104,15312,16,0,35237766.7,305745963.2,4
CONT_s7_bola_Valkaama,1789497141.663,0.104,14074,17,0,29645332.6,301162835.4,4
CONT_s7_bola_Valkaama,1789497141.767,0.1039,16812,17,0,41709736.9,297468096.7,4
CONT_s7_bola_Valkaama,1789497141.871,0.1039,15260,15,0,41950252.0,306615618.9,4
CONT_s7_bola_Valkaama,1789497141.975,0.1039,13708,13,0,16165974.7,320314517.3,2
CONT_s7_bola_Valkaama,1789497142.079,0.1039,15260,15,0,32996780.5,324411480.3,4
CONT_s7_bola_Valkaama,1789497142.183,0.104,16812,17,0,45849366.1,327727484.8,4
CONT_s7_bola_Valkaama,1789497142.287,0.1039,13760,14,0,30334608.2,334115265.8,4
CONT_s7_bola_Valkaama,1789497142.391,0.1039,16760,16,0,17628560.4,335084686.9,2
CONT_s7_bola_Valkaama,1789497142.495,0.104,13708,13,0,55513281.7,347545224.2,4
CONT_s7_bola_Valkaama,1789497142.598,0.1038,15208,14,0,39273871.9,337844253.9,4
CONT_s7_bola_Valkaama,1789497142.702,0.1039,16812,17,0,22721994.5,344430632.9,3
CONT_s7_bola_Valkaama,1789497142.806,0.1038,15260,15,0,33673809.7,342053127.3,4
CONT_s7_bola_Valkaama,1789497142.91,0.104,15208,14,0,51664278.6,358466878.4,4
CONT_s7_bola_Valkaama,1789497143.014,0.104,13760,14,0,28649052.7,362198267.5,4
CONT_s7_bola_Valkaama,1789497143.118,0.104,16812,17,0,22208326.2,364786834.8,3
CONT_s7_bola_Valkaama,1789497143.222,0.1039,15260,15,0,43525031.9,367023107.7,4
CONT_s7_bola_Valkaama,1789497143.326,0.1041,15260,15,0,37543087.1,358571706.2,4
CONT_s7_bola_Valkaama,1789497143.43,0.1043,13708,13,0,22957086.0,363217566.9,3
CONT_s7_bola_Valkaama,1789497143.534,0.1039,16812,17,0,32364874.1,364998428.1,4
CONT_s7_bola_Valkaama,1789497143.638,0.1039,13708,13,0,44630079.2,367936145.5,4
CONT_s7_bola_Valkaama,1789497143.742,0.1039,15312,16,0,28910207.4,370043306.5,4
CONT_s7_bola_Valkaama,1789497143.846,0.104,16760,16,0,21527927.1,374177795.8,3
CONT_s7_bola_Valkaama,1789497143.95,0.1043,13760,14,0,34528976.6,374756194.9,4
CONT_s7_bola_Valkaama,1789497144.054,0.1038,16760,16,0,40744423.9,372773694.9,4
CONT_s7_bola_Valkaama,1789497144.158,0.1039,15260,15,0,26269631.3,370580459.4,4
CONT_s7_bola_Valkaama,1789497144.262,0.104,13708,13,0,21897432.0,372739873.5,3
CONT_s7_bola_Valkaama,1789497144.366,0.104,16760,16,0,39471449.7,376158879.1,4
CONT_s7_bola_Valkaama,1789497144.47,0.1038,13760,14,0,36695106.4,381463444.8,4
CONT_s7_bola_Valkaama,1789497144.574,0.1039,16708,15,0,19649769.4,366982256.6,2
CONT_s7_bola_Valkaama,1789497144.678,0.1039,13900,16,0,40513493.1,364658989.9,4
CONT_s7_bola_Valkaama,1789497144.781,0.1038,15424,17,0,48358034.4,368668102.3,4
CONT_s7_bola_Valkaama,1789497144.885,0.1038,16772,16,0,28018813.2,374898383.9,4
CONT_s7_bola_Valkaama,1789497144.989,0.1039,13760,14,0,18642480.4,374523833.3,2
CONT_s7_bola_Valkaama,1789497145.093,0.104,13772,14,2,39814164.1,365165194.5,4
CONT_s7_bola_Valkaama,1789497145.197,0.1039,16812,17,0,36232797.3,360664791.1,4
CONT_s7_bola_Valkaama,1789497145.301,0.1039,13800,15,0,30443761.9,366062050.5,4
CONT_s7_bola_Valkaama,1789497145.405,0.104,16552,12,0,35235406.1,370543204.9,3
CONT_s7_bola_Valkaama,1789497145.509,0.1039,15000,10,0,28551625.8,372792392.4,2
CONT_s7_bola_Valkaama,1789497145.613,0.1039,15104,12,0,46447473.2,382073765.8,3
CONT_s7_bola_Valkaama,1789497145.717,0.1039,10744,11,0,46407371.5,328445421.2,3
CONT_s7_bola_Valkaama,1789497145.821,0.1039,6256,8,0,54979827.5,250179778.0,2
CONT_s7_bola_Valkaama,1789497145.925,0.1041,6180,7,1,49467722.0,242897708.4,2
CONT_s7_bola_Valkaama,1789497146.028,0.1039,4604,5,0,51524107.0,244573680.1,2
CONT_s7_bola_Valkaama,1789497146.132,0.1039,3052,3,0,49218974.0,246750621.3,2
CONT_s7_bola_Valkaama,1789497146.237,0.1044,5299,7,0,98376415.7,243537387.3,3
CONT_s7_bola_Valkaama,1789497146.341,0.1038,3000,2,0,50598935.0,250175056.0,1
CONT_s7_bola_Valkaama,1789497146.446,0.1057,7995,6,0,211899006.7,230127244.0,3
CONT_s7_bola_Valkaama,1789497146.55,0.104,0,0,0,0,0,0
CONT_s7_bola_Valkaama,1789497146.654,0.1039,0,0,0,0,0,0
CONT_s7_bola_Valkaama,1789497146.758,0.1038,6052,5,0,574154714.4,251862519.2,2
CONT_s7_bola_Valkaama,1789497146.862,0.104,0,0,0,0,0,0
CONT_s7_bola_Valkaama,1789497146.966,0.1039,10552,8,0,405263467.1,248983540.2,2
CONT_s7_bola_Valkaama,1789497147.07,0.104,0,0,0,0,0,0
CONT_s7_bola_Valkaama,1789497147.174,0.104,0,0,0,0,0,0
CONT_s7_bola_Valkaama,1789497147.278,0.104,10552,8,0,299163359.5,248960418.8,2
CONT_s7_bola_Valkaama,1789497147.382,0.1038,0,0,0,0,0,0
CONT_s7_bola_Valkaama,1789497147.485,0.1038,0,0,0,0,0,0
CONT_s7_bola_Valkaama,1789497147.589,0.1039,0,0,0,0,0,0
CONT_s7_bola_Valkaama,1789497147.693,0.1038,0,0,0,0,0,0
CONT_s7_bola_Valkaama,1789497147.797,0.1038,0,0,0,0,0,0
CONT_s7_bola_Valkaama,1789497147.901,0.104,1564,2,0,415359347.0,686064817.0,2
CONT_s7_bola_Valkaama,1789497148.005,0.1039,7700,8,5,334671777.4,37937842.2,2
CONT_s7_bola_Valkaama,1789497148.109,0.104,7980,12,3,257587808.2,44079078.0,2
CONT_s7_bola_Valkaama,1789497148.213,0.1039,13900,16,3,147250621.1,45196854.6,2
CONT_s7_bola_Valkaama,1789497148.317,0.1039,27832,32,8,60355683.3,45961525.7,2
CONT_s7_bola_Valkaama,1789497148.421,0.1039,13996,17,5,42036299.8,43705294.9,2
CONT_s7_bola_Valkaama,1789497148.524,0.1039,13772,14,1,30589690.8,54485465.6,2
CONT_s7_bola_Valkaama,1789497148.628,0.1038,21644,25,5,21663902.2,39286931.5,2
CONT_s7_bola_Valkaama,1789497148.732,0.1039,5970,9,3,19966983.3,45713430.2,2
CONT_s7_bola_Valkaama,1789497148.836,0.1042,0,0,0,0,0,0
CONT_s7_bola_Valkaama,1789497148.941,0.1045,0,0,0,0,0,0
CONT_s7_bola_Valkaama,1789497149.045,0.104,1991,2,0,40755390.0,244209748.4,2
CONT_s7_bola_Valkaama,1789497149.149,0.1037,10924,14,4,46925935.5,40393014.5,2
CONT_s7_bola_Valkaama,1789497149.253,0.104,12208,12,0,39076150.3,47692198.6,2
CONT_s7_bola_Valkaama,1789497149.356,0.1039,583,2,0,38746706.0,53981847.6,2
CONT_s7_bola_Valkaama,1789497149.46,0.1039,0,0,0,0,0,0
CONT_s7_bola_Valkaama,1789497149.564,0.104,0,0,0,0,0,0
CONT_s7_bola_Valkaama,1789497149.668,0.1039,0,0,0,0,0,0
CONT_s7_bola_Valkaama,1789497149.772,0.1039,0,0,0,0,0,0
CONT_s7_bola_Valkaama,1789497149.876,0.1039,0,0,0,0,0,0
CONT_s7_bola_Valkaama,1789497149.98,0.1039,0,0,0,0,0,0
CONT_s7_bola_Valkaama,1789497150.084,0.104,0,0,0,0,0,0
CONT_s7_bola_Valkaama,1789497150.188,0.1039,0,0,0,0,0,0
CONT_s7_bola_Valkaama,1789497150.292,0.1039,0,0,0,0,0,0
CONT_s7_bola_Valkaama,1789497150.396,0.1039,0,0,0,0,0,0
CONT_s7_bola_Valkaama,1789497150.5,0.1039,0,0,0,0,0,0
CONT_s7_bola_Valkaama,1789497150.604,0.1039,0,0,0,0,0,0
CONT_s7_bola_Valkaama,1789497150.707,0.1038,0,0,0,0,0,0
CONT_s7_bola_Valkaama,1789497150.811,0.1039,0,0,0,0,0,0
CONT_s7_bola_Valkaama,1789497150.915,0.1041,0,0,0,0,0,0
CONT_s7_bola_Valkaama,1789497151.019,0.1039,0,0,0,0,0,0
CONT_s7_bola_Valkaama,1789497151.123,0.1039,0,0,0,0,0,0
CONT_s7_bola_Valkaama,1789497151.228,0.1045,0,0,0,0,0,0
CONT_s7_bola_Valkaama,1789497151.335,0.1071,0,0,0,0,0,0
CONT_s7_bola_Valkaama,1789497151.439,0.1041,0,0,0,0,0,0
CONT_s7_bola_Valkaama,1789497151.543,0.1039,0,0,0,0,0,0
CONT_s7_bola_Valkaama,1789497151.647,0.1047,0,0,0,0,0,0
CONT_s7_bola_Valkaama,1789497151.751,0.1041,0,0,0,0,0,0
CONT_s7_bola_Valkaama,1789497151.855,0.1039,0,0,0,0,0,0
CONT_s7_bola_Valkaama,1789497151.959,0.104,0,0,0,0,0,0
CONT_s7_bola_Valkaama,1789497152.063,0.104,0,0,0,0,0,0
CONT_s7_bola_Valkaama,1789497152.167,0.1038,0,0,0,0,0,0
CONT_s7_bola_Valkaama,1789497152.271,0.1039,0,0,0,0,0,0
CONT_s7_bola_Valkaama,1789497152.375,0.1039,3703,4,0,399033675.0,38694595.2,2
CONT_s7_bola_Valkaama,1789497152.479,0.104,15464,18,3,230597954.4,42847710.4,2
CONT_s7_bola_Valkaama,1789497152.583,0.1039,5879,8,3,181718984.0,53828307.1,2
CONT_s7_bola_Valkaama,1789497152.687,0.1042,0,0,0,0,0,0
CONT_s7_bola_Valkaama,1789497152.791,0.1041,0,0,0,0,0,0
CONT_s7_bola_Valkaama,1789497152.895,0.1041,0,0,0,0,0,0
CONT_s7_bola_Valkaama,1789497152.999,0.104,0,0,0,0,0,0
CONT_s7_bola_Valkaama,1789497153.103,0.1039,0,0,0,0,0,0
CONT_s7_bola_Valkaama,1789497153.207,0.1042,0,0,0,0,0,0
CONT_s7_bola_Valkaama,1789497153.311,0.1041,0,0,0,0,0,0
CONT_s7_bola_Valkaama,1789497153.415,0.1041,0,0,0,0,0,0
CONT_s7_bola_Valkaama,1789497153.52,0.1041,0,0,0,0,0,0
CONT_s7_bola_Valkaama,1789497153.624,0.104,0,0,0,0,0,0
CONT_s7_bola_Valkaama,1789497153.728,0.1045,0,0,0,0,0,0
CONT_s7_bola_Valkaama,1789497153.835,0.1069,0,0,0,0,0,0
CONT_s7_bola_Valkaama,1789497153.941,0.1058,0,0,0,0,0,0
CONT_s7_bola_Valkaama,1789497154.045,0.1039,0,0,0,0,0,0
CONT_s7_bola_Valkaama,1789497154.149,0.1039,0,0,0,0,0,0
CONT_s7_bola_Valkaama,1789497154.253,0.1041,0,0,0,0,0,0
CONT_s7_bola_Valkaama,1789497154.356,0.1038,0,0,0,0,0,0
CONT_s7_bola_Valkaama,1789497154.46,0.1039,0,0,0,0,0,0
CONT_s7_bola_Valkaama,1789497154.564,0.104,0,0,0,0,0,0
CONT_s7_bola_Valkaama,1789497154.668,0.1039,0,0,0,0,0,0
CONT_s7_bola_Valkaama,1789497154.772,0.1038,0,0,0,0,0,0
CONT_s7_bola_Valkaama,1789497154.876,0.1039,0,0,0,0,0,0
CONT_s7_bola_Valkaama,1789497154.98,0.104,0,0,0,0,0,0
CONT_s7_bola_Valkaama,1789497155.084,0.104,0,0,0,0,0,0
CONT_s7_bola_Valkaama,1789497155.188,0.1039,0,0,0,0,0,0
CONT_s7_bola_Valkaama,1789497155.292,0.1039,0,0,0,0,0,0
CONT_s7_bola_Valkaama,1789497155.396,0.104,0,0,0,0,0,0
CONT_s7_bola_Valkaama,1789497155.5,0.104,0,0,0,0,0,0
CONT_s7_bola_Valkaama,1789497155.604,0.1039,0,0,0,0,0,0
CONT_s7_bola_Valkaama,1789497155.708,0.1039,0,0,0,0,0,0
CONT_s7_bola_Valkaama,1789497155.811,0.1039,0,0,0,0,0,0
CONT_s7_bola_Valkaama,1789497155.916,0.1041,0,0,0,0,0,0
CONT_s7_bola_Valkaama,1789497156.02,0.104,0,0,0,0,0,0
CONT_s7_bola_Valkaama,1789497156.123,0.1039,0,0,0,0,0,0
CONT_s7_bola_Valkaama,1789497156.227,0.104,0,0,0,0,0,0
CONT_s7_bola_Valkaama,1789497156.332,0.105,0,0,0,0,0,0
CONT_s7_bola_Valkaama,1789497156.436,0.104,0,0,0,0,0,0
CONT_s7_bola_Valkaama,1789497156.54,0.1039,0,0,0,0,0,0
CONT_s7_bola_Valkaama,1789497156.645,0.1042,2649,3,0,576995663.7,24648789.1,2
CONT_s7_bola_Valkaama,1789497156.748,0.1039,7604,7,0,524981901.6,40046349.0,2
CONT_s7_bola_Valkaama,1789497156.852,0.1039,9232,10,1,390494642.4,48664907.3,2
CONT_s7_bola_Valkaama,1789497156.956,0.1039,4616,5,2,338446472.6,56089224.9,2
CONT_s7_bola_Valkaama,1789497157.06,0.104,6168,7,1,276913443.6,43202244.4,2
CONT_s7_bola_Valkaama,1789497157.164,0.1039,7668,8,1,214951104.6,50124857.7,2
CONT_s7_bola_Valkaama,1789497157.268,0.1039,7732,9,2,171005260.1,38349087.6,2
CONT_s7_bola_Valkaama,1789497157.372,0.1039,16984,19,0,104092774.1,46221626.9,2
CONT_s7_bola_Valkaama,1789497157.476,0.1041,10748,15,4,72997665.5,44820653.2,2
CONT_s7_bola_Valkaama,1789497157.58,0.104,5047,5,0,62844335.0,38745987.8,2
CONT_s7_bola_Valkaama,1789497157.684,0.1039,12208,12,0,48684926.0,45308383.3,2
CONT_s7_bola_Valkaama,1789497157.788,0.1039,12424,15,4,41189797.9,44741325.8,2
CONT_s7_bola_Valkaama,1789497157.892,0.104,12360,14,0,35824128.1,54664277.1,2
CONT_s7_bola_Valkaama,1789497157.996,0.104,9368,12,3,31569312.5,41234543.3,2
CONT_s7_bola_Valkaama,1789497158.1,0.104,9232,10,0,32739640.2,58150641.4,2
CONT_s7_bola_Valkaama,1789497158.204,0.104,13932,16,6,26988738.1,53907366.0,2
CONT_s7_bola_Valkaama,1789497158.308,0.1039,4668,6,0,27242500.0,51207944.1,2
CONT_s7_bola_Valkaama,1789497158.412,0.1038,6168,7,2,25218372.1,58336734.0,2
CONT_s7_bola_Valkaama,1789497158.515,0.1039,7744,9,2,25520059.4,48852179.0,2
CONT_s7_bola_Valkaama,1789497158.619,0.104,6104,6,1,23769255.7,64057646.7,2
CONT_s7_bola_Valkaama,1789497158.723,0.1039,3667,5,0,26682606.4,32920521.1,2
CONT_s7_bola_Valkaama,1789497158.827,0.1039,13924,16,2,24560734.9,40020849.6,2
CONT_s7_bola_Valkaama,1789497158.931,0.1041,10796,12,1,21477649.8,40297939.7,2
CONT_s7_bola_Valkaama,1789497159.035,0.1038,9348,12,2,24643663.0,55122045.7,2
CONT_s7_bola_Valkaama,1789497159.139,0.1039,7772,9,1,26365832.2,41862050.4,2
CONT_s7_bola_Valkaama,1789497159.243,0.104,7668,8,1,23779132.4,42401819.0,2
CONT_s7_bola_Valkaama,1789497159.347,0.1039,9156,9,1,21904978.3,43824824.7,2
CONT_s7_bola_Valkaama,1789497159.453,0.106,7668,8,1,20797120.1,49268999.3,2
CONT_s7_bola_Valkaama,1789497159.557,0.1041,12348,14,2,22206116.1,43718714.6,2
CONT_s7_bola_Valkaama,1789497159.661,0.1039,10784,12,2,19565303.5,36255577.2,2
CONT_s7_bola_Valkaama,1789497159.765,0.104,9156,9,0,19421864.7,53416666.7,2
CONT_s7_bola_Valkaama,1789497159.869,0.1039,16964,19,2,14609600.1,35003430.1,2
CONT_s7_bola_Valkaama,1789497159.973,0.1039,12348,14,3,16045587.4,45258164.2,2
CONT_s7_bola_Valkaama,1789497160.077,0.104,10848,13,3,19243524.2,50931158.8,2
CONT_s7_bola_Valkaama,1789497160.181,0.1039,9360,12,3,20337765.0,40978927.0,2
CONT_s7_bola_Valkaama,1789497160.285,0.104,4767,5,0,19200164.2,45728278.7,2
CONT_s7_bola_Valkaama,1789497160.389,0.1039,9727,11,1,18921834.4,37012868.2,2
CONT_s7_bola_Valkaama,1789497160.493,0.1039,15412,17,2,17804105.9,41929881.7,2
CONT_s7_bola_Valkaama,1789497160.597,0.104,17112,21,6,17429833.9,46905627.5,2
CONT_s7_bola_Valkaama,1789497160.7,0.104,15504,18,2,15523104.0,53984872.4,2
CONT_s7_bola_Valkaama,1789497160.804,0.104,9400,12,2,16843174.0,50074914.8,2
CONT_s7_bola_Valkaama,1789497160.908,0.104,10784,12,1,16500570.8,47687641.8,2
CONT_s7_bola_Valkaama,1789497161.012,0.104,18388,19,2,15610982.1,43295163.8,2
CONT_s7_bola_Valkaama,1789497161.116,0.1039,13848,15,2,13173768.6,45494673.9,2
CONT_s7_bola_Valkaama,1789497161.22,0.1039,15260,15,0,16517856.7,38779620.7,2
CONT_s7_bola_Valkaama,1789497161.324,0.1039,6244,8,2,21822334.5,46328335.5,2
CONT_s7_bola_Valkaama,1789497161.429,0.105,6180,7,1,23191659.0,44162186.9,2
CONT_s7_bola_Valkaama,1789497161.533,0.1039,9220,10,2,19683229.0,37761242.1,2
CONT_s7_bola_Valkaama,1789497161.637,0.1039,13900,16,3,18707621.9,45596201.5,2
CONT_s7_bola_Valkaama,1789497161.741,0.1039,12296,13,3,17834491.2,49180784.3,2
CONT_s7_bola_Valkaama,1789497161.845,0.1039,7828,10,2,17851286.0,40121762.7,2
CONT_s7_bola_Valkaama,1789497161.95,0.1057,15990,20,3,18050540.7,40549066.6,2
CONT_s7_bola_Valkaama,1789497162.054,0.1039,5766,7,2,19640225.7,43661998.9,2
CONT_s7_bola_Valkaama,1789497162.158,0.1039,15568,19,5,18869192.7,42645546.7,2
CONT_s7_bola_Valkaama,1789497162.262,0.1038,7836,10,3,16269781.0,42276361.8,2
CONT_s7_bola_Valkaama,1789497162.366,0.104,6168,7,1,17584311.6,54318179.5,2
CONT_s7_bola_Valkaama,1789497162.47,0.1039,10796,12,2,20599290.2,39159763.9,2
CONT_s7_bola_Valkaama,1789497162.574,0.1039,10912,14,4,18552311.0,49212086.3,2
CONT_s7_bola_Valkaama,1789497162.678,0.1038,9360,12,3,20043285.0,50871258.3,2
CONT_s7_bola_Valkaama,1789497162.782,0.1038,10848,13,3,21752710.3,36532757.9,2
CONT_s7_bola_Valkaama,1789497162.886,0.1041,9232,10,2,18002965.4,42649336.6,2
CONT_s7_bola_Valkaama,1789497162.99,0.1039,16760,16,0,19110173.8,51052573.8,2
CONT_s7_bola_Valkaama,1789497163.093,0.1039,15540,19,5,17068496.6,43405038.0,2
CONT_s7_bola_Valkaama,1789497163.197,0.1038,14337,17,4,13541426.1,49974602.5,2
CONT_s7_bola_Valkaama,1789497163.301,0.1038,23356,29,10,10235775.4,42453960.5,2
CONT_s7_bola_Valkaama,1789497163.405,0.104,26376,32,6,9416120.8,45371748.6,2
CONT_s7_bola_Valkaama,1789497163.509,0.1039,27928,33,8,9392292.0,46747103.3,2
CONT_s7_bola_Valkaama,1789497163.613,0.1039,25052,33,12,8470255.8,50615180.7,2
CONT_s7_bola_Valkaama,1789497163.717,0.1039,16257,22,6,8762612.5,40308286.5,2
CONT_s7_bola_Valkaama,1789497163.821,0.1038,0,0,0,0,0,0
CONT_s7_bola_Valkaama,1789497163.925,0.104,0,0,0,0,0,0
CONT_s7_bola_Valkaama,1789497164.029,0.1039,0,0,0,0,0,0
CONT_s7_bola_Valkaama,1789497164.132,0.1039,0,0,0,0,0,0
CONT_s7_bola_Valkaama,1789497164.236,0.1039,0,0,0,0,0,0
CONT_s7_bola_Valkaama,1789497164.34,0.1039,0,0,0,0,0,0
CONT_s7_bola_Valkaama,1789497164.445,0.1051,0,0,0,0,0,0
CONT_s7_bola_Valkaama,1789497164.549,0.1039,0,0,0,0,0,0
CONT_s7_bola_Valkaama,1789497164.653,0.1039,0,0,0,0,0,0
CONT_s7_bola_Valkaama,1789497164.757,0.1039,13076,16,4,88590758.5,37289545.5,2
CONT_s7_bola_Valkaama,1789497164.861,0.1039,27984,34,7,36064903.4,47469520.4,2
CONT_s7_bola_Valkaama,1789497164.965,0.1039,29432,34,10,16415374.9,47165035.2,2
CONT_s7_bola_Valkaama,1789497165.069,0.104,26572,34,8,10564346.0,46638082.8,2
CONT_s7_bola_Valkaama,1789497165.173,0.1039,18760,24,6,8961624.5,49561314.5,2
CONT_s7_bola_Valkaama,1789497165.276,0.1039,5835,8,2,12404205.5,46959406.2,2
CONT_s7_bola_Valkaama,1789497165.38,0.1039,0,0,0,0,0,0
CONT_s7_bola_Valkaama,1789497165.484,0.1039,0,0,0,0,0,0
CONT_s7_bola_Valkaama,1789497165.588,0.1039,0,0,0,0,0,0
CONT_s7_bola_Valkaama,1789497165.692,0.1038,0,0,0,0,0,0
CONT_s7_bola_Valkaama,1789497165.796,0.1038,0,0,0,0,0,0
CONT_s7_bola_Valkaama,1789497165.9,0.104,0,0,0,0,0,0
CONT_s7_bola_Valkaama,1789497166.004,0.1039,0,0,0,0,0,0
CONT_s7_bola_Valkaama,1789497166.108,0.1038,0,0,0,0,0,0
CONT_s7_bola_Valkaama,1789497166.211,0.1038,0,0,0,0,0,0
CONT_s7_bola_Valkaama,1789497166.315,0.1038,0,0,0,0,0,0
CONT_s7_bola_Valkaama,1789497166.419,0.104,0,0,0,0,0,0
CONT_s7_bola_Valkaama,1789497166.523,0.1039,0,0,0,0,0,0
CONT_s7_bola_Valkaama,1789497166.627,0.1038,0,0,0,0,0,0
CONT_s7_bola_Valkaama,1789497166.731,0.1038,0,0,0,0,0,0
CONT_s7_bola_Valkaama,1789497166.836,0.1049,0,0,0,0,0,0
CONT_s7_bola_Valkaama,1789497166.939,0.1039,0,0,0,0,0,0
CONT_s7_bola_Valkaama,1789497167.044,0.1044,0,0,0,0,0,0
CONT_s7_bola_Valkaama,1789497167.148,0.1038,0,0,0,0,0,0
CONT_s7_bola_Valkaama,1789497167.252,0.104,0,0,0,0,0,0
CONT_s7_bola_Valkaama,1789497167.356,0.1039,0,0,0,0,0,0
CONT_s7_bola_Valkaama,1789497167.46,0.104,0,0,0,0,0,0
CONT_s7_bola_Valkaama,1789497167.563,0.1039,0,0,0,0,0,0
CONT_s7_bola_Valkaama,1789497167.667,0.104,0,0,0,0,0,0
CONT_s7_bola_Valkaama,1789497167.771,0.1039,0,0,0,0,0,0
CONT_s7_bola_Valkaama,1789497167.875,0.104,0,0,0,0,0,0
CONT_s7_bola_Valkaama,1789497167.979,0.104,0,0,0,0,0,0
CONT_s7_bola_Valkaama,1789497168.083,0.104,0,0,0,0,0,0
CONT_s7_bola_Valkaama,1789497168.187,0.104,0,0,0,0,0,0
CONT_s7_bola_Valkaama,1789497168.291,0.104,0,0,0,0,0,0
CONT_s7_bola_Valkaama,1789497168.395,0.104,0,0,0,0,0,0
CONT_s7_bola_Valkaama,1789497168.499,0.1041,0,0,0,0,0,0
CONT_s7_bola_Valkaama,1789497168.603,0.1039,0,0,0,0,0,0
CONT_s7_bola_Valkaama,1789497168.707,0.1039,0,0,0,0,0,0
CONT_s7_bola_Valkaama,1789497168.811,0.104,0,0,0,0,0,0
CONT_s7_bola_Valkaama,1789497168.915,0.1041,2650,3,0,368118758.7,30402138.7,2
CONT_s7_bola_Valkaama,1789497169.019,0.104,18620,22,6,230331630.5,45145989.3,2
CONT_s7_bola_Valkaama,1789497169.123,0.1041,17164,22,4,118096257.0,45020485.4,2
CONT_s7_bola_Valkaama,1789497169.228,0.1043,21828,27,7,54673983.6,45009824.5,2
CONT_s7_bola_Valkaama,1789497169.333,0.1057,23452,30,7,26686582.0,47375667.1,2
CONT_s7_bola_Valkaama,1789497169.438,0.1044,23444,29,4,15946432.0,43833287.5,2
CONT_s7_bola_Valkaama,1789497169.542,0.104,13988,17,3,14526928.2,52183781.8,2
CONT_s7_bola_Valkaama,1789497169.646,0.1042,26364,31,6,10412584.9,45076826.5,2
CONT_s7_bola_Valkaama,1789497169.75,0.104,6196,10,1,11109223.0,45898870.1,2
CONT_s7_bola_Valkaama,1789497169.854,0.1041,21888,28,10,11788892.0,44122994.4,2
CONT_s7_bola_Valkaama,1789497169.958,0.1039,15720,20,2,13991207.0,51455389.5,2
CONT_s7_bola_Valkaama,1789497170.062,0.1038,15464,18,5,14228327.9,53085971.0,2
CONT_s7_bola_Valkaama,1789497170.166,0.1039,10872,13,3,18358351.9,55154072.6,2
CONT_s7_bola_Valkaama,1789497170.269,0.1039,9388,12,5,20170209.0,47711865.2,2
CONT_s7_bola_Valkaama,1789497170.373,0.1039,13920,16,4,17219070.1,51170878.1,2
CONT_s7_bola_Valkaama,1789497170.477,0.104,15464,18,3,18397679.1,47082787.9,2
CONT_s7_bola_Valkaama,1789497170.581,0.1039,15336,16,0,18789140.2,51629817.5,2
CONT_s7_bola_Valkaama,1789497170.685,0.1039,20092,23,6,15472145.7,42923267.5,2
CONT_s7_bola_Valkaama,1789497170.789,0.1038,16432,19,3,16229401.6,49658088.3,2
CONT_s7_bola_Valkaama,1789497170.893,0.1039,24884,30,5,12147629.9,41784557.1,2
CONT_s7_bola_Valkaama,1789497170.997,0.1039,23452,30,10,11826374.0,50325895.7,2
CONT_s7_bola_Valkaama,1789497171.101,0.1039,23468,30,9,10532517.0,49810424.1,2
CONT_s7_bola_Valkaama,1789497171.205,0.1039,24608,27,3,9451675.8,46589724.6,2
CONT_s7_bola_Valkaama,1789497171.308,0.1039,20276,25,7,9479232.3,46134996.0,2
CONT_s7_bola_Valkaama,1789497171.412,0.104,12048,15,5,11058253.1,48682092.1,2
CONT_s7_bola_Valkaama,1789497171.516,0.104,52,1,0,15075067.0,56334216.0,1
CONT_s7_bola_Valkaama,1789497171.62,0.1039,0,0,0,0,0,0
CONT_s7_bola_Valkaama,1789497171.724,0.1038,0,0,0,0,0,0
CONT_s7_bola_Valkaama,1789497171.829,0.1044,0,0,0,0,0,0
CONT_s7_bola_Valkaama,1789497171.933,0.1042,0,0,0,0,0,0
CONT_s7_bola_Valkaama,1789497172.037,0.1039,0,0,0,0,0,0
CONT_s7_bola_Valkaama,1789497172.141,0.1039,0,0,0,0,0,0
CONT_s7_bola_Valkaama,1789497172.245,0.1039,0,0,0,0,0,0
CONT_s7_bola_Valkaama,1789497172.348,0.1039,0,0,0,0,0,0
CONT_s7_bola_Valkaama,1789497172.454,0.1052,652,1,0,70055230.0,0,1
CONT_s7_bola_Valkaama,1789497172.557,0.1039,18732,24,5,70674411.0,43817356.2,2
CONT_s7_bola_Valkaama,1789497172.661,0.1039,15464,18,2,45238105.0,52408646.0,2
CONT_s7_bola_Valkaama,1789497172.765,0.1039,18604,22,5,28362282.5,52821126.1,2
CONT_s7_bola_Valkaama,1789497172.869,0.1041,26312,31,4,17022599.7,49966446.1,2
CONT_s7_bola_Valkaama,1789497172.974,0.1041,27880,32,8,10010373.4,48517422.2,2
CONT_s7_bola_Valkaama,1789497173.078,0.1041,21932,28,6,8704586.5,47815447.5,2
CONT_s7_bola_Valkaama,1789497173.182,0.1039,10407,14,5,8940767.0,48501899.7,2
CONT_s7_bola_Valkaama,1789497173.285,0.1039,0,0,0,0,0,0
CONT_s7_bola_Valkaama,1789497173.389,0.104,60,1,0,0.0,0,1
CONT_s7_bola_Valkaama,1789497173.493,0.104,2544,7,0,6645672.3,23610187.7,2
CONT_s7_bola_Valkaama,1789497173.598,0.1041,36422,49,14,6958258.6,39621807.1,2
CONT_s7_bola_Valkaama,1789497173.702,0.1042,35968,46,16,5254778.5,47646512.0,2
CONT_s7_bola_Valkaama,1789497173.806,0.1041,20196,24,6,5555929.4,53901507.3,2
CONT_s7_bola_Valkaama,1789497173.91,0.1043,18544,21,5,8605088.3,56498308.3,2
CONT_s7_bola_Valkaama,1789497174.014,0.1041,15528,19,4,11054481.9,56992366.0,2
CONT_s7_bola_Valkaama,1789497174.118,0.1041,13848,15,3,15291413.2,50180359.7,2
CONT_s7_bola_Valkaama,1789497174.222,0.1041,12376,14,3,14382448.3,46415569.2,2
CONT_s7_bola_Valkaama,1789497174.327,0.1041,4680,6,0,16765342.5,46297416.6,2
CONT_s7_bola_Valkaama,1789497174.431,0.1044,4692,6,0,25723556.0,67661413.5,2
CONT_s7_bola_Valkaama,1789497174.535,0.1042,4616,5,1,26014886.4,37107704.1,2
CONT_s7_bola_Valkaama,1789497174.639,0.1041,9284,11,2,23916602.4,43301048.5,2
CONT_s7_bola_Valkaama,1789497174.743,0.1041,6116,6,0,22036650.0,40408553.1,2
CONT_s7_bola_Valkaama,1789497174.847,0.1041,15348,16,4,23014077.8,45637067.2,2
CONT_s7_bola_Valkaama,1789497174.952,0.1052,12336,14,1,18759403.4,40001699.0,2
CONT_s7_bola_Valkaama,1789497175.057,0.1043,20016,22,3,18066992.3,48276092.7,2
CONT_s7_bola_Valkaama,1789497175.161,0.1041,12360,14,3,19012458.4,50387855.0,2
CONT_s7_bola_Valkaama,1789497175.265,0.1041,9220,10,1,17003808.0,53352614.5,2
CONT_s7_bola_Valkaama,1789497175.369,0.104,12284,13,0,20540746.4,42645119.3,2
CONT_s7_bola_Valkaama,1789497175.473,0.1041,3116,4,2,19947587.5,64350543.2,2
CONT_s7_bola_Valkaama,1789497175.577,0.1041,45996,48,5,10989729.9,17898992.3,2
CONT_s7_bola_Valkaama,1789497175.681,0.1041,41072,38,0,7343262.2,18402852.7,2
CONT_s7_bola_Valkaama,1789497175.785,0.1041,45572,41,0,6469666.5,21478002.0,2
CONT_s7_bola_Valkaama,1789497175.889,0.1041,41020,37,0,6288128.3,28574561.3,2
CONT_s7_bola_Valkaama,1789497175.994,0.1041,42416,36,0,6355406.9,34973874.5,2
CONT_s7_bola_Valkaama,1789497176.098,0.1041,39364,33,0,6302435.8,40572964.9,2
CONT_s7_bola_Valkaama,1789497176.202,0.1041,45364,37,0,6340872.3,44497908.1,2
CONT_s7_bola_Valkaama,1789497176.306,0.1041,42312,34,0,6399875.6,49165475.6,2
CONT_s7_bola_Valkaama,1789497176.41,0.1042,45312,36,0,6513829.5,52813044.3,2
CONT_s7_bola_Valkaama,1789497176.514,0.1041,36260,29,0,6748327.3,56195436.3,2
CONT_s7_bola_Valkaama,1789497176.618,0.1041,49812,39,0,6872496.8,58905110.0,2
CONT_s7_bola_Valkaama,1789497176.722,0.1041,42964,35,0,55504651.0,61152470.2,4
CONT_s7_bola_Valkaama,1789497176.827,0.1042,36364,31,0,100231061.9,77339387.1,4
CONT_s7_bola_Valkaama,1789497176.931,0.1043,51416,42,0,46739713.0,84222607.8,4
CONT_s7_bola_Valkaama,1789497177.035,0.1041,41220,35,0,72702402.7,90625585.8,4
CONT_s7_bola_Valkaama,1789497177.139,0.1041,44192,42,0,58410337.4,50207510.2,4
CONT_s7_bola_Valkaama,1789497177.243,0.1042,40812,33,0,31481868.2,51931583.5,4
CONT_s7_bola_Valkaama,1789497177.347,0.1041,45096,38,0,29391354.1,72168448.7,4
CONT_s7_bola_Valkaama,1789497177.453,0.1053,43316,43,0,26856938.0,28668519.4,4
CONT_s7_bola_Valkaama,1789497177.557,0.1041,45520,40,0,20269592.4,35033440.0,4
CONT_s7_bola_Valkaama,1789497177.661,0.1041,33260,27,0,16546072.6,79053894.5,4
CONT_s7_bola_Valkaama,1789497177.765,0.1041,24707,27,0,12425345.0,68453676.7,6
CONT_s7_bola_Valkaama,1789497177.869,0.1042,51393,44,0,4515765.5,19205476.1,2
CONT_s7_bola_Valkaama,1789497177.973,0.1043,40572,49,0,1468194.9,57639909.1,2
CONT_s7_bola_Valkaama,1789497178.078,0.1042,40816,52,11,4294386.0,47973760.2,2
CONT_s7_bola_Valkaama,1789497178.182,0.1044,53168,67,11,5595367.8,52067498.8,2
CONT_s7_bola_Valkaama,1789497178.286,0.1043,42896,45,0,2033414.9,36598653.2,2
CONT_s7_bola_Valkaama,1789497178.391,0.1044,42460,55,5,2324292.7,61083399.9,2
CONT_s7_bola_Valkaama,1789497178.495,0.1043,47120,56,8,3155353.7,39815446.2,2
CONT_s7_bola_Valkaama,1789497178.599,0.1043,35148,40,0,1108863.0,47594847.6,2
CONT_s7_bola_Valkaama,1789497178.703,0.1042,13120,18,1,2895933.0,44084282.7,2
CONT_s7_bola_Valkaama,1789497178.808,0.1044,48260,37,0,7573774.7,35712083.4,2
CONT_s7_bola_Valkaama,1789497178.912,0.1044,19828,17,0,7454259.6,46003908.1,2
CONT_s7_bola_Valkaama,1789497179.016,0.1043,0,0,0,0,0,0
CONT_s7_bola_Valkaama,1789497179.121,0.1042,39208,30,0,13764874.1,14077807.7,2
CONT_s7_bola_Valkaama,1789497179.225,0.1044,28928,24,0,11060062.7,41886792.4,2
CONT_s7_bola_Valkaama,1789497179.33,0.1052,0,0,0,0,0,0
CONT_s7_bola_Valkaama,1789497179.435,0.1044,15104,12,0,25431629.0,236960.1,2
CONT_s7_bola_Valkaama,1789497179.539,0.1043,48208,36,0,11562570.6,47682715.5,2
CONT_s7_bola_Valkaama,1789497179.643,0.1043,4804,5,0,13883428.6,39346735.7,2
CONT_s7_bola_Valkaama,1789497179.748,0.1045,0,0,0,0,0,0
CONT_s7_bola_Valkaama,1789497179.852,0.1046,42208,32,0,15764916.4,15944841.7,2
CONT_s7_bola_Valkaama,1789497179.957,0.1043,25872,20,0,11112870.7,63140706.0,2
CONT_s7_bola_Valkaama,1789497180.061,0.1042,0,0,0,0,0,0
CONT_s7_bola_Valkaama,1789497180.165,0.1044,28656,22,0,20772260.5,15942264.7,2
CONT_s7_bola_Valkaama,1789497180.27,0.1043,49232,40,0,76655026.3,53789983.7,4
CONT_s7_bola_Valkaama,1789497180.374,0.1047,45728,44,0,67514745.6,20925705.9,2
CONT_s7_bola_Valkaama,1789497180.479,0.1044,42832,44,0,25433617.6,20748050.1,3
CONT_s7_bola_Valkaama,1789497180.583,0.1043,43888,36,0,20252744.7,52955368.4,4
CONT_s7_bola_Valkaama,1789497180.687,0.1043,42668,37,0,21514376.7,78126689.1,4
CONT_s7_bola_Valkaama,1789497180.792,0.1044,32129,33,0,15683645.7,28457739.8,2
CONT_s7_bola_Valkaama,1789497180.896,0.1043,45060,35,0,14442233.6,34251109.1,2
CONT_s7_bola_Valkaama,1789497181.0,0.1043,23160,18,0,11000889.2,65529170.0,2
CONT_s7_bola_Valkaama,1789497181.105,0.1043,0,0,0,0,0,0
CONT_s7_bola_Valkaama,1789497181.209,0.1044,28656,22,0,20152933.6,15858365.9,2
CONT_s7_bola_Valkaama,1789497181.313,0.1044,39424,30,0,11490515.6,65241425.4,2
CONT_s7_bola_Valkaama,1789497181.418,0.1044,0,0,0,0,0,0
CONT_s7_bola_Valkaama,1789497181.522,0.1042,15104,12,0,28370291.8,245938.8,2
CONT_s7_bola_Valkaama,1789497181.626,0.1043,40656,30,0,13470443.7,48487888.0,2
CONT_s7_bola_Valkaama,1789497181.731,0.1043,12320,10,0,11939091.6,62071153.7,2
CONT_s7_bola_Valkaama,1789497181.836,0.1052,0,0,0,0,0,0
CONT_s7_bola_Valkaama,1789497181.941,0.1052,42208,32,0,17306639.8,15868875.3,2
CONT_s7_bola_Valkaama,1789497182.045,0.1043,25872,20,0,12255563.6,65170944.5,2
CONT_s7_bola_Valkaama,1789497182.15,0.1043,0,0,0,0,0,0
CONT_s7_bola_Valkaama,1789497182.254,0.1043,28656,22,0,21970950.9,15908094.5,2
CONT_s7_bola_Valkaama,1789497182.358,0.1042,39424,30,0,12447933.3,63387253.2,2
CONT_s7_bola_Valkaama,1789497182.463,0.1043,0,0,0,0,0,0
CONT_s7_bola_Valkaama,1789497182.567,0.1043,15104,12,0,29531085.7,237391.7,2
CONT_s7_bola_Valkaama,1789497182.671,0.1042,40656,30,0,14076306.2,48134888.0,2
CONT_s7_bola_Valkaama,1789497182.775,0.1042,12320,10,0,12520612.6,61847276.2,2
CONT_s7_bola_Valkaama,1789497182.88,0.1044,0,0,0,0,0,0
CONT_s7_bola_Valkaama,1789497182.984,0.1043,42208,32,0,17930160.6,15917312.9,2
CONT_s7_bola_Valkaama,1789497183.088,0.1043,25468,19,0,13332770.6,64370997.2,2
CONT_s7_bola_Valkaama,1789497183.192,0.1042,0,0,0,0,0,0
CONT_s7_bola_Valkaama,1789497183.297,0.1044,16604,13,0,28525457.8,177096.3,2
CONT_s7_bola_Valkaama,1789497183.401,0.1045,51756,45,0,14365914.7,35682150.0,2
CONT_s7_bola_Valkaama,1789497183.506,0.1044,0,0,0,0,0,0
CONT_s7_bola_Valkaama,1789497183.61,0.1043,0,0,0,0,0,0
CONT_s7_bola_Valkaama,1789497183.714,0.1042,50176,46,0,12644869.5,23068961.4,2
CONT_s7_bola_Valkaama,1789497183.819,0.1043,18276,15,0,8673611.5,65397882.1,2
CONT_s7_bola_Valkaama,1789497183.923,0.1045,0,0,0,0,0,0
CONT_s7_bola_Valkaama,1789497184.027,0.1044,42520,38,0,13150260.8,26636539.7,2
CONT_s7_bola_Valkaama,1789497184.132,0.1044,26412,32,2,9551900.8,42109790.6,2
CONT_s7_bola_Valkaama,1789497184.236,0.1044,0,0,0,0,0,0
CONT_s7_bola_Valkaama,1789497184.341,0.1042,27759,21,0,26800696.8,187001.0,3
CONT_s7_bola_Valkaama,1789497184.448,0.1071,42517,35,0,96123330.2,57071350.1,4
CONT_s7_bola_Valkaama,1789497184.552,0.1043,43336,42,0,103350953.5,23615462.9,4
CONT_s7_bola_Valkaama,1789497184.656,0.1044,42728,42,0,38482391.7,20806172.4,2
CONT_s7_bola_Valkaama,1789497184.761,0.1044,45468,39,0,24918319.1,37800488.9,4
CONT_s7_bola_Valkaama,1789497184.865,0.1043,33312,28,0,22714908.5,68583708.7,4
CONT_s7_bola_Valkaama,1789497184.97,0.1045,53428,49,0,16346260.4,42752505.0,4
CONT_s7_bola_Valkaama,1789497185.074,0.1044,35072,34,0,15721815.5,26517078.7,4
CONT_s7_bola_Valkaama,1789497185.178,0.1044,44608,38,0,16503398.8,64695279.6,4
CONT_s7_bola_Valkaama,1789497185.283,0.1045,49716,45,0,15550913.4,50535727.9,4
CONT_s7_bola_Valkaama,1789497185.387,0.1043,33624,34,0,10323843.4,20865354.0,3
CONT_s7_bola_Valkaama,1789497185.492,0.1044,42260,33,0,14682640.3,58385527.8,4
CONT_s7_bola_Valkaama,1789497185.596,0.1046,53192,46,0,14355618.5,70678342.5,4
CONT_s7_bola_Valkaama,1789497185.701,0.1044,42728,42,0,8785933.0,20678671.5,2
CONT_s7_bola_Valkaama,1789497185.805,0.1044,42468,37,0,16711092.1,41044694.8,4
CONT_s7_bola_Valkaama,1789497185.909,0.1043,42652,35,0,14059352.2,72825423.0,4
CONT_s7_bola_Valkaama,1789497186.014,0.1044,44008,42,0,11593104.8,41475361.9,4
CONT_s7_bola_Valkaama,1789497186.118,0.1046,41072,38,0,12479483.3,28728471.3,4
CONT_s7_bola_Valkaama,1789497186.223,0.1044,46760,36,0,12188669.6,80222222.2,4
CONT_s7_bola_Valkaama,1789497186.327,0.1047,44072,40,0,13358350.6,63622444.5,4
CONT_s7_bola_Valkaama,1789497186.433,0.1053,39728,40,0,8667856.5,21053262.5,3
CONT_s7_bola_Valkaama,1789497186.537,0.1043,46760,36,0,14121140.3,64252151.3,4
CONT_s7_bola_Valkaama,1789497186.641,0.1044,42888,38,0,15047505.3,76166863.9,4
CONT_s7_bola_Valkaama,1789497186.746,0.1045,44190,45,0,8306390.3,17156501.8,2
CONT_s7_bola_Valkaama,1789497186.85,0.1043,42364,35,0,15161950.2,50462409.1,4
CONT_s7_bola_Valkaama,1789497186.955,0.105,45312,36,0,14450535.1,71673525.6,4
CONT_s7_bola_Valkaama,1789497187.06,0.1043,37864,32,0,17401463.6,63359397.4,4
CONT_s7_bola_Valkaama,1789497187.164,0.1044,42216,36,0,15784632.8,73889011.9,4
CONT_s7_bola_Valkaama,1789497187.269,0.1046,45916,39,0,16578164.8,83248264.8,4
CONT_s7_bola_Valkaama,1789497187.373,0.1046,45468,39,0,15762857.1,74479435.5,4
CONT_s7_bola_Valkaama,1789497187.477,0.1043,39416,34,0,16444240.9,72433673.8,4
CONT_s7_bola_Valkaama,1789497187.582,0.1043,45468,39,0,15705021.5,64310280.8,4
CONT_s7_bola_Valkaama,1789497187.686,0.1044,41541,37,0,13824864.9,62955330.5,6
CONT_s7_bola_Valkaama,1789497187.791,0.1046,45858,41,0,8945324.5,39781114.6,4
CONT_s7_bola_Valkaama,1789497187.896,0.105,42416,36,0,11426896.2,55494103.9,4
CONT_s7_bola_Valkaama,1789497188.0,0.1045,42416,36,0,13008732.1,57453035.5,4
CONT_s7_bola_Valkaama,1789497188.105,0.1045,42416,36,0,13992522.7,57137424.1,4
CONT_s7_bola_Valkaama,1789497188.209,0.1045,42416,36,0,14623570.0,57071402.1,4
CONT_s7_bola_Valkaama,1789497188.314,0.1044,42416,36,0,15045637.7,57340516.0,4
CONT_s7_bola_Valkaama,1789497188.418,0.1047,49916,41,0,15068871.1,56262731.2,4
CONT_s7_bola_Valkaama,1789497188.523,0.1045,42468,37,0,15961082.6,57066118.3,4
CONT_s7_bola_Valkaama,1789497188.627,0.1045,42416,36,0,16110037.2,57276737.7,4
CONT_s7_bola_Valkaama,1789497188.732,0.1048,42416,36,0,16224435.4,57163503.3,4
CONT_s7_bola_Valkaama,1789497188.837,0.105,42416,36,0,16294286.8,57063922.2,4
CONT_s7_bola_Valkaama,1789497188.941,0.1044,42416,36,0,16342284.8,57013864.8,4
CONT_s7_bola_Valkaama,1789497189.046,0.1044,42416,36,0,16378269.1,57172839.5,4
CONT_s7_bola_Valkaama,1789497189.15,0.1044,43363,40,0,16448673.7,39902832.4,4
CONT_s7_bola_Valkaama,1789497189.255,0.1046,42416,36,0,14982763.3,54510129.9,4
CONT_s7_bola_Valkaama,1789497189.36,0.1047,49968,42,0,14201217.1,56188967.0,4
CONT_s7_bola_Valkaama,1789497189.464,0.1045,42416,36,0,15265600.6,57225321.9,4
CONT_s7_bola_Valkaama,1789497189.57,0.1055,42416,36,0,15483916.9,57104006.1,4
CONT_s7_bola_Valkaama,1789497189.674,0.1046,45416,38,0,16700161.2,59523997.1,4
CONT_s7_bola_Valkaama,1789497189.779,0.1044,42468,37,0,16799706.6,57091644.8,4
CONT_s7_bola_Valkaama,1789497189.883,0.1048,42416,36,0,16393872.8,56960593.2,4
CONT_s7_bola_Valkaama,1789497189.988,0.1046,45416,38,0,16336764.9,57114182.5,4
CONT_s7_bola_Valkaama,1789497190.093,0.1044,42468,37,0,16474458.1,57096643.9,4
CONT_s7_bola_Valkaama,1789497190.197,0.1045,42416,36,0,15963741.9,57060441.1,4
CONT_s7_bola_Valkaama,1789497190.302,0.1046,42416,36,0,15957518.1,57011435.3,4
CONT_s7_bola_Valkaama,1789497190.406,0.1045,42416,36,0,15975533.0,57249381.4,4
CONT_s7_bola_Valkaama,1789497190.511,0.1045,42416,36,0,16012034.8,57127441.5,4
CONT_s7_bola_Valkaama,1789497190.615,0.1044,42416,36,0,16032369.1,57047828.9,4
CONT_s7_bola_Valkaama,1789497190.719,0.1045,42416,36,0,16058091.0,57219227.7,4
CONT_s7_bola_Valkaama,1789497190.824,0.1044,42416,36,0,16058756.4,57279675.5,4
CONT_s7_bola_Valkaama,1789497190.928,0.1045,42416,36,0,16076650.4,57096757.6,4
CONT_s7_bola_Valkaama,1789497191.033,0.1047,49916,41,0,15699679.2,56125355.0,4
CONT_s7_bola_Valkaama,1789497191.138,0.1045,42468,37,0,16490069.9,56897569.4,4
CONT_s7_bola_Valkaama,1789497191.242,0.1046,42416,36,0,16529157.2,57030644.2,4
CONT_s7_bola_Valkaama,1789497191.347,0.1047,42416,36,0,16508562.9,57177971.0,4
CONT_s7_bola_Valkaama,1789497191.456,0.1096,42416,36,0,16512709.8,57507035.8,4
CONT_s7_bola_Valkaama,1789497191.561,0.1044,42416,36,0,16515023.6,57469277.3,4
CONT_s7_bola_Valkaama,1789497191.666,0.1047,42416,36,0,16507616.8,57529316.0,4
CONT_s7_bola_Valkaama,1789497191.77,0.1046,49968,42,0,15151641.8,56369528.8,4
CONT_s7_bola_Valkaama,1789497191.875,0.1045,45348,42,0,17374559.9,46510705.4,4
CONT_s7_bola_Valkaama,1789497191.979,0.1046,42416,36,0,14799927.0,48937949.8,4
CONT_s7_bola_Valkaama,1789497192.083,0.1043,42468,37,0,15755638.6,57040453.4,4
CONT_s7_bola_Valkaama,1789497192.188,0.1046,42416,36,0,15722786.7,57284024.6,4
CONT_s7_bola_Valkaama,1789497192.293,0.1046,45416,38,0,15905385.7,57241623.3,4
CONT_s7_bola_Valkaama,1789497192.397,0.1045,42468,37,0,16155340.9,57150266.5,4
CONT_s7_bola_Valkaama,1789497192.502,0.1046,42416,36,0,15780441.4,57217929.1,4
CONT_s7_bola_Valkaama,1789497192.606,0.1044,42416,36,0,15859184.3,57153844.1,4
CONT_s7_bola_Valkaama,1789497192.711,0.1046,42416,36,0,15906817.0,56914563.2,4
CONT_s7_bola_Valkaama,1789497192.815,0.1045,42416,36,0,15937294.2,57247028.9,4
CONT_s7_bola_Valkaama,1789497192.92,0.1045,42416,36,0,15966292.3,57219160.4,4
CONT_s7_bola_Valkaama,1789497193.024,0.1044,42416,36,0,15971784.4,56994137.2,4
CONT_s7_bola_Valkaama,1789497193.129,0.1045,42416,36,0,15973266.3,57128927.7,4
CONT_s7_bola_Valkaama,1789497193.233,0.1046,42416,36,0,16003594.8,57384658.5,4
CONT_s7_bola_Valkaama,1789497193.338,0.1046,49968,42,0,15623959.3,55890301.7,4
CONT_s7_bola_Valkaama,1789497193.445,0.1068,42416,36,0,16462691.6,57220871.2,4
CONT_s7_bola_Valkaama,1789497193.549,0.1045,42416,36,0,16483956.1,57181676.3,4
CONT_s7_bola_Valkaama,1789497193.654,0.1044,42416,36,0,16500720.3,57105476.3,4
CONT_s7_bola_Valkaama,1789497193.758,0.1045,47910,42,0,16299025.0,44508281.6,4
CONT_s7_bola_Valkaama,1789497193.862,0.1044,42468,37,0,15418928.3,54766561.8,4
CONT_s7_bola_Valkaama,1789497193.967,0.1045,42416,36,0,15791686.3,57102462.2,4
CONT_s7_bola_Valkaama,1789497194.071,0.1045,42416,36,0,16005234.2,57320640.2,4
CONT_s7_bola_Valkaama,1789497194.176,0.1044,42416,36,0,16171802.0,57237840.8,4
CONT_s7_bola_Valkaama,1789497194.28,0.1046,42416,36,0,16282501.0,56989313.2,4
CONT_s7_bola_Valkaama,1789497194.385,0.1044,42416,36,0,16334499.0,57285304.2,4
CONT_s7_bola_Valkaama,1789497194.489,0.1045,42416,36,0,16373043.0,57377431.7,4
CONT_s7_bola_Valkaama,1789497194.594,0.1045,42416,36,0,16432512.2,57072570.1,4
CONT_s7_bola_Valkaama,1789497194.698,0.1046,42416,36,0,16451095.2,57149591.4,4
CONT_s7_bola_Valkaama,1789497194.803,0.1045,49968,42,0,15114471.4,55999586.1,4
CONT_s7_bola_Valkaama,1789497194.907,0.1045,42416,36,0,16002588.2,57069145.4,4
CONT_s7_bola_Valkaama,1789497195.012,0.1044,42416,36,0,16010184.2,57116044.4,4
CONT_s7_bola_Valkaama,1789497195.117,0.1046,45416,38,0,17052099.6,59626759.4,4
CONT_s7_bola_Valkaama,1789497195.221,0.1044,42468,37,0,17085123.6,57158399.0,4
CONT_s7_bola_Valkaama,1789497195.325,0.1044,42416,36,0,16529278.1,56894408.9,4
CONT_s7_bola_Valkaama,1789497195.43,0.1046,42416,36,0,16540270.8,57393111.6,4
CONT_s7_bola_Valkaama,1789497195.534,0.1045,45416,38,0,16637871.9,57191339.9,4
CONT_s7_bola_Valkaama,1789497195.639,0.1045,42468,37,0,16741165.9,55496878.2,4
CONT_s7_bola_Valkaama,1789497195.743,0.1044,42416,36,0,16159889.1,57393581.6,4
CONT_s7_bola_Valkaama,1789497195.848,0.1044,42416,36,0,16139587.8,57422045.9,4
CONT_s7_bola_Valkaama,1789497195.954,0.1063,42416,36,0,16119492.2,57489419.9,4
CONT_s7_bola_Valkaama,1789497196.058,0.1044,42416,36,0,16107245.8,57509442.4,4
CONT_s7_bola_Valkaama,1789497196.163,0.1045,45796,42,0,16310589.9,39482167.6,4
CONT_s7_bola_Valkaama,1789497196.267,0.1045,42416,36,0,15126565.6,57517225.7,4
CONT_s7_bola_Valkaama,1789497196.372,0.1043,42416,36,0,15423850.2,57460195.0,4
CONT_s7_bola_Valkaama,1789497196.476,0.1044,42416,36,0,15616708.0,57513889.7,4
CONT_s7_bola_Valkaama,1789497196.581,0.1045,42416,36,0,15747056.7,57528030.7,4
CONT_s7_bola_Valkaama,1789497196.685,0.1044,42416,36,0,15833311.6,57518136.7,4
CONT_s7_bola_Valkaama,1789497196.789,0.1044,49968,42,0,15533859.7,56375243.4,4
CONT_s7_bola_Valkaama,1789497196.894,0.1045,42416,36,0,16394011.0,57291696.8,4
CONT_s7_bola_Valkaama,1789497196.998,0.1044,42416,36,0,16411373.8,57087332.4,4
CONT_s7_bola_Valkaama,1789497197.103,0.1045,42416,36,0,16452934.3,57044615.1,4
CONT_s7_bola_Valkaama,1789497197.207,0.1045,42416,36,0,16454660.8,57229633.4,4
CONT_s7_bola_Valkaama,1789497197.312,0.1044,42416,36,0,16465462.4,57130471.9,4
CONT_s7_bola_Valkaama,1789497197.416,0.1043,42416,36,0,16478948.7,57161631.1,4
CONT_s7_bola_Valkaama,1789497197.52,0.1044,42416,36,0,16472115.6,57256675.2,4
CONT_s7_bola_Valkaama,1789497197.625,0.1045,42416,36,0,16475610.2,57115448.0,4
CONT_s7_bola_Valkaama,1789497197.73,0.105,49916,41,0,15143166.7,56083140.4,4
CONT_s7_bola_Valkaama,1789497197.835,0.1049,42468,37,0,15996839.7,57314860.0,4
CONT_s7_bola_Valkaama,1789497197.94,0.1051,43604,40,0,17931423.1,50179216.7,4
CONT_s7_bola_Valkaama,1789497198.044,0.1044,42416,36,0,15791730.2,57121900.6,4
CONT_s7_bola_Valkaama,1789497198.149,0.1045,42416,36,0,15877279.8,57236122.6,4
CONT_s7_bola_Valkaama,1789497198.253,0.1045,42416,36,0,15938072.4,57114109.8,4
CONT_s7_bola_Valkaama,1789497198.358,0.1048,42416,36,0,15959292.9,57197019.9,4
CONT_s7_bola_Valkaama,1789497198.463,0.1044,42416,36,0,15986533.9,57274606.1,4
CONT_s7_bola_Valkaama,1789497198.567,0.1046,42416,36,0,16002873.0,57162218.2,4
CONT_s7_bola_Valkaama,1789497198.672,0.1045,42416,36,0,16014594.1,57123822.1,4
CONT_s7_bola_Valkaama,1789497198.776,0.1045,49968,42,0,15636637.1,56073792.5,4
CONT_s7_bola_Valkaama,1789497198.88,0.1044,42352,35,0,15765679.7,57335900.2,4
CONT_s7_bola_Valkaama,1789497198.985,0.1044,37760,30,0,7943293.3,38458128.9,2
CONT_s7_bola_Valkaama,1789497199.089,0.1045,45312,36,0,6912317.0,35320047.6,2
CONT_s7_bola_Valkaama,1789497199.194,0.1045,45312,36,0,6442462.0,35479566.3,2
CONT_s7_bola_Valkaama,1789497199.298,0.1045,37760,30,0,6199772.0,35418541.2,2
CONT_s7_bola_Valkaama,1789497199.403,0.1043,45312,36,0,6012159.7,35556886.5,2
CONT_s7_bola_Valkaama,1789497199.507,0.1045,45312,36,0,5869876.5,35424492.6,2
CONT_s7_bola_Valkaama,1789497199.612,0.1045,42767,35,0,5839273.2,29014902.5,2
CONT_s7_bola_Valkaama,1789497199.716,0.1045,45312,36,0,5854530.3,35331810.4,2
CONT_s7_bola_Valkaama,1789497199.821,0.1045,37760,30,0,5795182.2,35425699.7,2
CONT_s7_bola_Valkaama,1789497199.925,0.1045,45312,36,0,5727340.5,35546384.0,2
CONT_s7_bola_Valkaama,1789497200.03,0.1044,45312,36,0,5683782.2,35360164.4,2
CONT_s7_bola_Valkaama,1789497200.134,0.1045,45260,35,0,5792175.6,35479219.6,2
CONT_s7_bola_Valkaama,1789497200.239,0.1045,37812,31,0,5480463.6,35400476.4,2
CONT_s7_bola_Valkaama,1789497200.343,0.1043,45312,36,0,5631391.7,35389122.9,2
CONT_s7_bola_Valkaama,1789497200.449,0.1061,45312,36,0,5609715.0,35635862.8,2
CONT_s7_bola_Valkaama,1789497200.553,0.1043,37760,30,0,5599414.7,35528487.6,2
CONT_s7_bola_Valkaama,1789497200.658,0.1045,45312,36,0,5591551.2,35456747.9,2
CONT_s7_bola_Valkaama,1789497200.762,0.1045,45312,36,0,5586989.5,35377573.1,2
CONT_s7_bola_Valkaama,1789497200.867,0.1043,45260,35,0,5725384.9,35406991.0,2
CONT_s7_bola_Valkaama,1789497200.971,0.1044,41989,36,0,5460151.3,28423906.0,2
CONT_s7_bola_Valkaama,1789497201.075,0.1044,37760,30,0,5722735.5,35496238.7,2
CONT_s7_bola_Valkaama,1789497201.18,0.1045,45312,36,0,5688025.0,35410588.0,2
CONT_s7_bola_Valkaama,1789497201.284,0.1045,45312,36,0,5651576.7,35298351.0,2
CONT_s7_bola_Valkaama,1789497201.389,0.1045,45312,36,0,5617883.3,35572080.5,2
CONT_s7_bola_Valkaama,1789497201.493,0.1044,37760,30,0,5610141.8,35779784.1,2
CONT_s7_bola_Valkaama,1789497201.598,0.1044,45312,36,0,5586956.3,35848042.4,2
CONT_s7_bola_Valkaama,1789497201.702,0.1044,45312,36,0,5588509.8,35707261.2,2
CONT_s7_bola_Valkaama,1789497201.807,0.1044,37760,30,0,5580786.5,35756403.7,2
CONT_s7_bola_Valkaama,1789497201.911,0.1046,45312,36,0,5587082.3,35516554.0,2
CONT_s7_bola_Valkaama,1789497202.016,0.1044,45312,36,0,5591402.2,35414608.9,2
CONT_s7_bola_Valkaama,1789497202.12,0.1043,37760,30,0,5589127.3,35717165.4,2
CONT_s7_bola_Valkaama,1789497202.225,0.1046,45312,36,0,5596101.8,35304774.9,2
CONT_s7_bola_Valkaama,1789497202.33,0.1054,15911,14,0,5284857.5,29839635.9,2
CONT_s7_bola_Valkaama,1789497202.434,0.1044,0,0,0,0,0,0
CONT_s7_bola_Valkaama,1789497202.539,0.1044,0,0,0,0,0,0
CONT_s7_bola_Valkaama,1789497202.643,0.1044,0,0,0,0,0,0
CONT_s7_bola_Valkaama,1789497202.747,0.1043,0,0,0,0,0,0
CONT_s7_bola_Valkaama,1789497202.852,0.1044,0,0,0,0,0,0
CONT_s7_bola_Valkaama,1789497202.956,0.1044,0,0,0,0,0,0
CONT_s7_bola_Valkaama,1789497203.061,0.1044,0,0,0,0,0,0
CONT_s7_bola_Valkaama,1789497203.165,0.1044,0,0,0,0,0,0
CONT_s7_bola_Valkaama,1789497203.269,0.1044,0,0,0,0,0,0
CONT_s7_bola_Valkaama,1789497203.374,0.1045,0,0,0,0,0,0
CONT_s7_bola_Valkaama,1789497203.478,0.1044,0,0,0,0,0,0
CONT_s7_bola_Valkaama,1789497203.583,0.1044,0,0,0,0,0,0
CONT_s7_bola_Valkaama,1789497203.687,0.1046,0,0,0,0,0,0
CONT_s7_bola_Valkaama,1789497203.792,0.1043,0,0,0,0,0,0
CONT_s7_bola_Valkaama,1789497203.896,0.1044,0,0,0,0,0,0
CONT_s7_bola_Valkaama,1789497204.0,0.1044,0,0,0,0,0,0
CONT_s7_bola_Valkaama,1789497204.105,0.1042,0,0,0,0,0,0
CONT_s7_bola_Valkaama,1789497204.209,0.1046,0,0,0,0,0,0
CONT_s7_bola_Valkaama,1789497204.314,0.1045,0,0,0,0,0,0
CONT_s7_bola_Valkaama,1789497204.418,0.1045,0,0,0,0,0,0
CONT_s7_bola_Valkaama,1789497204.523,0.1044,0,0,0,0,0,0
CONT_s7_bola_Valkaama,1789497204.627,0.1044,0,0,0,0,0,0
CONT_s7_bola_Valkaama,1789497204.732,0.1045,0,0,0,0,0,0
CONT_s7_bola_Valkaama,1789497204.836,0.1047,23256,18,0,164121251.8,9065501.8,2
CONT_s7_bola_Valkaama,1789497204.944,0.108,45260,35,0,52297692.0,35427111.2,2
CONT_s7_bola_Valkaama,1789497205.049,0.1045,37812,31,0,36312511.2,35587217.7,2
CONT_s7_bola_Valkaama,1789497205.153,0.1044,45312,36,0,22321782.5,35332192.6,2
CONT_s7_bola_Valkaama,1789497205.258,0.1045,45312,36,0,16707733.3,35507089.5,2
CONT_s7_bola_Valkaama,1789497205.362,0.1044,37760,30,0,13608749.2,35491184.9,2
CONT_s7_bola_Valkaama,1789497205.466,0.1045,45312,36,0,11027469.0,35582918.1,2
CONT_s7_bola_Valkaama,1789497205.571,0.1045,45312,36,0,9282470.7,35453475.8,2
CONT_s7_bola_Valkaama,1789497205.675,0.1045,37760,30,0,8264555.7,35371206.0,2
CONT_s7_bola_Valkaama,1789497205.78,0.1044,45312,36,0,7393199.5,35711386.9,2
CONT_s7_bola_Valkaama,1789497205.884,0.1044,45312,36,0,6804449.0,35682626.7,2
CONT_s7_bola_Valkaama,1789497205.989,0.1044,45312,36,0,6426179.8,35512438.6,2
CONT_s7_bola_Valkaama,1789497206.093,0.1044,39564,33,0,6042346.8,32922228.9,2
CONT_s7_bola_Valkaama,1789497206.198,0.1045,0,0,0,0,0,0
CONT_s7_bola_Valkaama,1789497206.302,0.1043,0,0,0,0,0,0
CONT_s7_bola_Valkaama,1789497206.406,0.1043,0,0,0,0,0,0
CONT_s7_bola_Valkaama,1789497206.511,0.1044,0,0,0,0,0,0
CONT_s7_bola_Valkaama,1789497206.615,0.1043,0,0,0,0,0,0
CONT_s7_bola_Valkaama,1789497206.719,0.1043,0,0,0,0,0,0
CONT_s7_bola_Valkaama,1789497206.824,0.1043,0,0,0,0,0,0
CONT_s7_bola_Valkaama,1789497206.928,0.1046,0,0,0,0,0,0
CONT_s7_bola_Valkaama,1789497207.033,0.1044,0,0,0,0,0,0
CONT_s7_bola_Valkaama,1789497207.137,0.1045,0,0,0,0,0,0
CONT_s7_bola_Valkaama,1789497207.241,0.1044,0,0,0,0,0,0
CONT_s7_bola_Valkaama,1789497207.346,0.1043,0,0,0,0,0,0
CONT_s7_bola_Valkaama,1789497207.451,0.1053,0,0,0,0,0,0
CONT_s7_bola_Valkaama,1789497207.555,0.1044,0,0,0,0,0,0
CONT_s7_bola_Valkaama,1789497207.66,0.1043,0,0,0,0,0,0
CONT_s7_bola_Valkaama,1789497207.764,0.1042,0,0,0,0,0,0
CONT_s7_bola_Valkaama,1789497207.868,0.1043,0,0,0,0,0,0
CONT_s7_bola_Valkaama,1789497207.973,0.1044,0,0,0,0,0,0
CONT_s7_bola_Valkaama,1789497208.077,0.1044,0,0,0,0,0,0
CONT_s7_bola_Valkaama,1789497208.181,0.1043,0,0,0,0,0,0
CONT_s7_bola_Valkaama,1789497208.286,0.1043,0,0,0,0,0,0
CONT_s7_bola_Valkaama,1789497208.39,0.1045,0,0,0,0,0,0
CONT_s7_bola_Valkaama,1789497208.495,0.1044,0,0,0,0,0,0
CONT_s7_bola_Valkaama,1789497208.599,0.1044,0,0,0,0,0,0
CONT_s7_bola_Valkaama,1789497208.704,0.1045,51420,40,0,74215035.7,28132539.7,2
CONT_s7_bola_Valkaama,1789497208.808,0.1049,36260,29,0,42949136.4,57201906.1,2
CONT_s7_bola_Valkaama,1789497208.913,0.1045,48312,38,0,26128403.7,57216838.0,2
CONT_s7_bola_Valkaama,1789497209.017,0.1044,43760,34,0,19451014.1,57380910.6,2
CONT_s7_bola_Valkaama,1789497209.122,0.1045,40760,32,0,16524821.8,57444804.2,2
CONT_s7_bola_Valkaama,1789497209.227,0.1051,36260,29,0,14838808.6,57276935.6,2
CONT_s7_bola_Valkaama,1789497209.334,0.1073,49812,39,0,11782635.9,58685380.2,2
CONT_s7_bola_Valkaama,1789497209.439,0.1045,48208,36,0,9425625.7,62787612.7,2
CONT_s7_bola_Valkaama,1789497209.543,0.1046,18156,15,0,11197476.6,64247288.9,2
CONT_s7_bola_Valkaama,1789497209.648,0.1046,31268,40,19,12995561.0,20870701.1,2
CONT_s7_bola_Valkaama,1789497209.752,0.1045,31760,26,0,9599882.0,40757637.7,2
CONT_s7_bola_Valkaama,1789497209.857,0.1044,31656,24,0,8400819.1,61371089.1,2
CONT_s7_bola_Valkaama,1789497209.961,0.1044,31656,24,0,8009701.1,62603547.0,2
CONT_s7_bola_Valkaama,1789497210.066,0.1045,33208,26,0,8185847.8,56676163.2,2
CONT_s7_bola_Valkaama,1789497210.17,0.1046,36156,27,0,7660726.0,71600049.8,2
CONT_s7_bola_Valkaama,1789497210.275,0.1044,38865,30,0,7643316.0,64718598.9,2
CONT_s7_bola_Valkaama,1789497210.379,0.1044,0,0,0,0,0,0
CONT_s7_bola_Valkaama,1789497210.484,0.1044,0,0,0,0,0,0
CONT_s7_bola_Valkaama,1789497210.588,0.1043,0,0,0,0,0,0
CONT_s7_bola_Valkaama,1789497210.692,0.1045,0,0,0,0,0,0
CONT_s7_bola_Valkaama,1789497210.797,0.1044,0,0,0,0,0,0
CONT_s7_bola_Valkaama,1789497210.901,0.1045,0,0,0,0,0,0
CONT_s7_bola_Valkaama,1789497211.006,0.1045,0,0,0,0,0,0
CONT_s7_bola_Valkaama,1789497211.11,0.1044,0,0,0,0,0,0
CONT_s7_bola_Valkaama,1789497211.215,0.1044,0,0,0,0,0,0
CONT_s7_bola_Valkaama,1789497211.319,0.1046,0,0,0,0,0,0
CONT_s7_bola_Valkaama,1789497211.424,0.1046,0,0,0,0,0,0
CONT_s7_bola_Valkaama,1789497211.528,0.1044,0,0,0,0,0,0
CONT_s7_bola_Valkaama,1789497211.633,0.1044,0,0,0,0,0,0
CONT_s7_bola_Valkaama,1789497211.737,0.1043,0,0,0,0,0,0
CONT_s7_bola_Valkaama,1789497211.841,0.1046,0,0,0,0,0,0
CONT_s7_bola_Valkaama,1789497211.948,0.1064,0,0,0,0,0,0
CONT_s7_bola_Valkaama,1789497212.052,0.1046,0,0,0,0,0,0
CONT_s7_bola_Valkaama,1789497212.157,0.1045,0,0,0,0,0,0
CONT_s7_bola_Valkaama,1789497212.261,0.1045,0,0,0,0,0,0
CONT_s7_bola_Valkaama,1789497212.366,0.1043,0,0,0,0,0,0
CONT_s7_bola_Valkaama,1789497212.47,0.1044,0,0,0,0,0,0
CONT_s7_bola_Valkaama,1789497212.575,0.1044,0,0,0,0,0,0
CONT_s7_bola_Valkaama,1789497212.679,0.1045,0,0,0,0,0,0
CONT_s7_bola_Valkaama,1789497212.784,0.1044,652,1,0,164968971.0,0,1
CONT_s7_bola_Valkaama,1789497212.888,0.1044,38716,30,0,96618153.6,18139649.8,2
CONT_s7_bola_Valkaama,1789497212.992,0.1045,45260,35,0,42167090.0,73980452.8,2
CONT_s7_bola_Valkaama,1789497213.097,0.1045,33208,26,0,31970915.8,79475181.8,2
CONT_s7_bola_Valkaama,1789497213.201,0.1044,27156,21,0,25650790.1,80664857.4,2
CONT_s7_bola_Valkaama,1789497213.306,0.1043,42208,32,0,19495522.4,82943887.8,2
CONT_s7_bola_Valkaama,1789497213.41,0.1046,30156,23,0,17789305.0,86745232.2,2
CONT_s7_bola_Valkaama,1789497213.515,0.1046,37708,29,0,16350521.5,89661549.4,2
CONT_s7_bola_Valkaama,1789497213.619,0.1045,31656,24,0,14249393.4,91079459.1,2
CONT_s7_bola_Valkaama,1789497213.724,0.1044,39208,30,0,13377359.7,94222140.7,2
CONT_s7_bola_Valkaama,1789497213.829,0.1049,32464,37,0,9262938.3,50335390.8,2
CONT_s7_bola_Valkaama,1789497213.933,0.1046,37052,41,1,8418765.5,66848822.2,2
CONT_s7_bola_Valkaama,1789497214.038,0.1044,31708,25,0,7896606.7,68152790.6,2
CONT_s7_bola_Valkaama,1789497214.142,0.1045,27742,23,0,7922390.1,63897293.4,2
CONT_s7_bola_Valkaama,1789497214.247,0.1046,0,0,0,0,0,0
CONT_s7_bola_Valkaama,1789497214.352,0.1046,0,0,0,0,0,0
CONT_s7_bola_Valkaama,1789497214.456,0.1048,0,0,0,0,0,0
CONT_s7_bola_Valkaama,1789497214.56,0.1042,0,0,0,0,0,0
CONT_s7_bola_Valkaama,1789497214.665,0.1043,0,0,0,0,0,0
CONT_s7_bola_Valkaama,1789497214.769,0.1042,0,0,0,0,0,0
CONT_s7_bola_Valkaama,1789497214.873,0.1043,0,0,0,0,0,0
CONT_s7_bola_Valkaama,1789497214.978,0.1045,0,0,0,0,0,0
CONT_s7_bola_Valkaama,1789497215.082,0.1043,0,0,0,0,0,0
CONT_s7_bola_Valkaama,1789497215.186,0.1043,0,0,0,0,0,0
CONT_s7_bola_Valkaama,1789497215.291,0.1042,0,0,0,0,0,0
CONT_s7_bola_Valkaama,1789497215.395,0.1046,0,0,0,0,0,0
CONT_s7_bola_Valkaama,1789497215.5,0.1044,0,0,0,0,0,0
CONT_s7_bola_Valkaama,1789497215.604,0.1044,0,0,0,0,0,0
CONT_s7_bola_Valkaama,1789497215.708,0.1045,0,0,0,0,0,0
CONT_s7_bola_Valkaama,1789497215.813,0.1044,0,0,0,0,0,0
CONT_s7_bola_Valkaama,1789497215.917,0.1046,0,0,0,0,0,0
CONT_s7_bola_Valkaama,1789497216.022,0.1044,0,0,0,0,0,0
CONT_s7_bola_Valkaama,1789497216.126,0.1044,0,0,0,0,0,0
CONT_s7_bola_Valkaama,1789497216.231,0.1045,0,0,0,0,0,0
CONT_s7_bola_Valkaama,1789497216.336,0.1051,0,0,0,0,0,0
CONT_s7_bola_Valkaama,1789497216.44,0.1044,0,0,0,0,0,0
CONT_s7_bola_Valkaama,1789497216.545,0.1045,0,0,0,0,0,0
CONT_s7_bola_Valkaama,1789497216.649,0.1046,15704,12,0,208868604.8,1607479.0,2
CONT_s7_bola_Valkaama,1789497216.754,0.1049,35238,28,0,74409678.3,33948029.5,2
CONT_s7_bola_Valkaama,1789497216.859,0.1046,24104,18,0,42790964.3,72075859.9,2
CONT_s7_bola_Valkaama,1789497216.963,0.1045,37708,29,0,32330450.9,67272528.4,2
CONT_s7_bola_Valkaama,1789497217.068,0.1046,39208,30,0,24916305.8,79564982.4,2
CONT_s7_bola_Valkaama,1789497217.172,0.1045,28656,22,0,22065871.1,85431734.1,2
CONT_s7_bola_Valkaama,1789497217.277,0.1046,40708,31,0,18199666.3,87462535.5,2
CONT_s7_bola_Valkaama,1789497217.381,0.1044,36208,28,0,17058176.0,89812706.2,2
CONT_s7_bola_Valkaama,1789497217.486,0.1044,31656,24,0,14577439.5,92965629.3,2
CONT_s7_bola_Valkaama,1789497217.59,0.1045,31656,24,0,13526274.2,94545152.8,2
CONT_s7_bola_Valkaama,1789497217.695,0.1045,31656,24,0,12657733.5,94300708.9,2
CONT_s7_bola_Valkaama,1789497217.799,0.1044,40708,31,0,11896841.9,82016739.8,2
CONT_s7_bola_Valkaama,1789497217.904,0.1047,33208,26,0,11606466.8,64170770.8,2
CONT_s7_bola_Valkaama,1789497218.008,0.1045,36208,28,0,10672823.3,65524758.2,2
CONT_s7_bola_Valkaama,1789497218.113,0.1045,34708,27,0,10349502.6,76171289.9,2
CONT_s7_bola_Valkaama,1789497218.217,0.1045,31708,25,0,10353444.1,79507032.1,2
CONT_s7_bola_Valkaama,1789497218.322,0.1045,16681,14,0,9687783.7,64846466.6,2
CONT_s7_bola_Valkaama,1789497218.427,0.1046,0,0,0,0,0,0
CONT_s7_bola_Valkaama,1789497218.531,0.1045,0,0,0,0,0,0
CONT_s7_bola_Valkaama,1789497218.636,0.1045,0,0,0,0,0,0
CONT_s7_bola_Valkaama,1789497218.74,0.1045,0,0,0,0,0,0
CONT_s7_bola_Valkaama,1789497218.845,0.1045,0,0,0,0,0,0
CONT_s7_bola_Valkaama,1789497218.951,0.1067,0,0,0,0,0,0
CONT_s7_bola_Valkaama,1789497219.056,0.1045,0,0,0,0,0,0
CONT_s7_bola_Valkaama,1789497219.16,0.1045,0,0,0,0,0,0
CONT_s7_bola_Valkaama,1789497219.265,0.1049,0,0,0,0,0,0
CONT_s7_bola_Valkaama,1789497219.37,0.1044,0,0,0,0,0,0
CONT_s7_bola_Valkaama,1789497219.474,0.1045,0,0,0,0,0,0
CONT_s7_bola_Valkaama,1789497219.579,0.1046,0,0,0,0,0,0
CONT_s7_bola_Valkaama,1789497219.683,0.1045,0,0,0,0,0,0
CONT_s7_bola_Valkaama,1789497219.787,0.1044,0,0,0,0,0,0
CONT_s7_bola_Valkaama,1789497219.892,0.1045,0,0,0,0,0,0
CONT_s7_bola_Valkaama,1789497219.996,0.1044,0,0,0,0,0,0
CONT_s7_bola_Valkaama,1789497220.101,0.1045,0,0,0,0,0,0
CONT_s7_bola_Valkaama,1789497220.205,0.1045,0,0,0,0,0,0
CONT_s7_bola_Valkaama,1789497220.31,0.1045,0,0,0,0,0,0
CONT_s7_bola_Valkaama,1789497220.414,0.1046,0,0,0,0,0,0
CONT_s7_bola_Valkaama,1789497220.519,0.1045,0,0,0,0,0,0
CONT_s7_bola_Valkaama,1789497220.623,0.1044,0,0,0,0,0,0
CONT_s7_bola_Valkaama,1789497220.728,0.1045,0,0,0,0,0,0
CONT_s7_bola_Valkaama,1789497220.836,0.1077,24704,18,0,153009434.1,17747899.0,2
CONT_s7_bola_Valkaama,1789497220.941,0.1056,37268,30,0,67291179.7,79595347.0,2
CONT_s7_bola_Valkaama,1789497221.046,0.1045,34708,27,0,39674408.4,82872236.5,2
CONT_s7_bola_Valkaama,1789497221.15,0.1046,30156,23,0,28945903.3,86898533.1,2
CONT_s7_bola_Valkaama,1789497221.255,0.1046,30156,23,0,24579210.8,89728672.7,2
CONT_s7_bola_Valkaama,1789497221.359,0.1044,30156,23,0,21510735.3,89701321.3,2
CONT_s7_bola_Valkaama,1789497221.464,0.1045,46708,35,0,16872594.0,94226848.5,2
CONT_s7_bola_Valkaama,1789497221.568,0.1045,34992,32,0,17509597.4,72496535.9,2
CONT_s7_bola_Valkaama,1789497221.673,0.1045,35972,46,0,10874970.5,81481952.0,2
CONT_s7_bola_Valkaama,1789497221.777,0.1046,30260,25,1,8462526.4,61676852.3,2
CONT_s7_bola_Valkaama,1789497221.882,0.1045,31708,25,0,8387845.9,70840027.0,2
CONT_s7_bola_Valkaama,1789497221.986,0.1045,36208,28,0,8173208.0,76496376.3,2
CONT_s7_bola_Valkaama,1789497222.091,0.1047,34708,27,0,8187592.3,78407688.1,2
CONT_s7_bola_Valkaama,1789497222.196,0.1048,34708,27,0,8161612.3,80672674.6,2
CONT_s7_bola_Valkaama,1789497222.3,0.1045,28656,22,0,8147441.3,85185846.8,2
CONT_s7_bola_Valkaama,1789497222.405,0.1049,42208,32,0,7949400.2,85236670.3,2
CONT_s7_bola_Valkaama,1789497222.51,0.1045,13412,11,0,8371465.8,82402991.8,2
CONT_s7_bola_Valkaama,1789497222.614,0.1045,0,0,0,0,0,0
CONT_s7_bola_Valkaama,1789497222.719,0.1045,0,0,0,0,0,0
CONT_s7_bola_Valkaama,1789497222.823,0.1045,0,0,0,0,0,0
CONT_s7_bola_Valkaama,1789497222.928,0.1046,0,0,0,0,0,0
CONT_s7_bola_Valkaama,1789497223.032,0.1045,0,0,0,0,0,0
CONT_s7_bola_Valkaama,1789497223.137,0.1045,0,0,0,0,0,0
CONT_s7_bola_Valkaama,1789497223.241,0.1045,0,0,0,0,0,0
CONT_s7_bola_Valkaama,1789497223.346,0.1044,0,0,0,0,0,0
CONT_s7_bola_Valkaama,1789497223.451,0.1057,0,0,0,0,0,0
CONT_s7_bola_Valkaama,1789497223.556,0.1046,0,0,0,0,0,0
CONT_s7_bola_Valkaama,1789497223.661,0.1045,0,0,0,0,0,0
CONT_s7_bola_Valkaama,1789497223.765,0.1044,0,0,0,0,0,0
CONT_s7_bola_Valkaama,1789497223.869,0.1044,0,0,0,0,0,0
CONT_s7_bola_Valkaama,1789497223.974,0.1045,0,0,0,0,0,0
CONT_s7_bola_Valkaama,1789497224.078,0.1045,0,0,0,0,0,0
CONT_s7_bola_Valkaama,1789497224.183,0.1044,0,0,0,0,0,0
CONT_s7_bola_Valkaama,1789497224.287,0.1046,0,0,0,0,0,0
CONT_s7_bola_Valkaama,1789497224.392,0.1044,0,0,0,0,0,0
CONT_s7_bola_Valkaama,1789497224.496,0.1045,17707,14,0,162487572.6,2310053.3,2
CONT_s7_bola_Valkaama,1789497224.601,0.1045,38716,30,0,53315545.4,56782985.7,2
CONT_s7_bola_Valkaama,1789497224.705,0.1045,28656,22,0,34390981.0,85407810.3,2
CONT_s7_bola_Valkaama,1789497224.81,0.1046,42208,32,0,23209873.0,90726043.8,2
CONT_s7_bola_Valkaama,1789497224.914,0.1046,27156,21,0,22098143.0,83565143.5,2
CONT_s7_bola_Valkaama,1789497225.019,0.1045,43708,33,0,17238506.8,55687416.0,2
CONT_s7_bola_Valkaama,1789497225.124,0.1046,24156,19,0,17544489.5,69149292.1,2
CONT_s7_bola_Valkaama,1789497225.228,0.1045,36156,27,0,13113114.7,71694924.0,2
CONT_s7_bola_Valkaama,1789497225.334,0.1062,36156,27,0,11961029.7,71737557.6,2
CONT_s7_bola_Valkaama,1789497225.439,0.1049,39208,30,0,11833898.3,70368658.7,2
CONT_s7_bola_Valkaama,1789497225.544,0.1045,37656,28,0,10654551.8,85660034.1,2
CONT_s7_bola_Valkaama,1789497225.648,0.1045,28708,23,0,11718441.5,84886777.1,2
CONT_s7_bola_Valkaama,1789497225.753,0.1045,37708,29,0,10344210.7,89781432.6,2
CONT_s7_bola_Valkaama,1789497225.857,0.1044,30156,23,0,9881494.7,89967645.3,2
CONT_s7_bola_Valkaama,1789497225.962,0.1046,31656,24,0,9531606.5,94225141.7,2
CONT_s7_bola_Valkaama,1789497226.066,0.1046,31656,24,0,9360265.8,94590220.1,2
CONT_s7_bola_Valkaama,1789497226.171,0.1046,46708,35,0,8774422.8,94335889.9,2
CONT_s7_bola_Valkaama,1789497226.275,0.1046,33208,26,0,9317549.8,72637990.8,2
CONT_s7_bola_Valkaama,1789497226.38,0.1044,27208,22,0,9461635.1,65333067.6,2
CONT_s7_bola_Valkaama,1789497226.484,0.1046,36208,28,0,8958306.9,71616628.0,2
CONT_s7_bola_Valkaama,1789497226.589,0.1047,39260,31,0,9162338.8,76205607.5,2
CONT_s7_bola_Valkaama,1789497226.694,0.1047,27156,21,0,9034147.9,81098906.8,2
CONT_s7_bola_Valkaama,1789497226.798,0.1046,40708,31,0,8775641.1,81048842.9,2
CONT_s7_bola_Valkaama,1789497226.903,0.1044,37656,28,0,8131920.5,79578900.9,2
CONT_s7_bola_Valkaama,1789497227.007,0.1045,27104,20,0,7817627.5,80969151.0,2
CONT_s7_bola_Valkaama,1789497227.112,0.1044,37656,28,0,7743749.5,74851215.0,2
CONT_s7_bola_Valkaama,1789497227.216,0.1046,27104,20,0,7529413.5,80790873.9,2
CONT_s7_bola_Valkaama,1789497227.321,0.1046,40656,30,0,7336692.5,80809042.4,2
CONT_s7_bola_Valkaama,1789497227.425,0.1044,40656,30,0,7189270.7,80656324.5,2
CONT_s7_bola_Valkaama,1789497227.53,0.1045,27104,20,0,7107793.0,80780226.7,2
CONT_s7_bola_Valkaama,1789497227.634,0.1043,40656,30,0,7006304.1,80956090.0,2
CONT_s7_bola_Valkaama,1789497227.739,0.1045,27104,20,0,6953976.5,81118715.2,2
CONT_s7_bola_Valkaama,1789497227.843,0.1046,40656,30,0,6882246.5,80702560.9,2
CONT_s7_bola_Valkaama,1789497227.95,0.1068,27104,20,0,6827321.7,80655195.8,2
CONT_s7_bola_Valkaama,1789497228.055,0.1045,40656,30,0,6774203.4,80651139.3,2
CONT_s7_bola_Valkaama,1789497228.159,0.1046,27104,20,0,6746372.2,80853762.6,2
CONT_s7_bola_Valkaama,1789497228.264,0.1045,46058,36,0,6915395.5,59003506.4,2
CONT_s7_bola_Valkaama,1789497228.368,0.1044,25604,19,0,7197259.9,86994755.7,2
CONT_s7_bola_Valkaama,1789497228.473,0.1044,30104,22,0,7000071.1,89914698.9,2
CONT_s7_bola_Valkaama,1789497228.577,0.1046,48480,41,0,4443180.4,64547769.5,2
CONT_s7_bola_Valkaama,1789497228.682,0.1045,29716,38,0,4613823.5,95336174.0,2
CONT_s7_bola_Valkaama,1789497228.786,0.1045,38080,35,1,6781781.1,61982697.3,2
CONT_s7_bola_Valkaama,1789497228.891,0.1044,31708,25,0,7455632.5,70511337.5,2
CONT_s7_bola_Valkaama,1789497228.995,0.1044,36208,28,0,7555731.1,76113961.9,2
CONT_s7_bola_Valkaama,1789497229.099,0.1045,34708,27,0,7679965.6,78354946.0,2
CONT_s7_bola_Valkaama,1789497229.204,0.1045,34708,27,0,7748739.7,80618802.2,2
CONT_s7_bola_Valkaama,1789497229.309,0.1045,28656,22,0,7846185.1,85166393.3,2
CONT_s7_bola_Valkaama,1789497229.413,0.1046,42208,32,0,7742300.6,85126628.7,2
CONT_s7_bola_Valkaama,1789497229.518,0.1045,37656,28,0,7912448.3,88916960.8,2
CONT_s7_bola_Valkaama,1789497229.622,0.1045,30208,24,0,8184292.2,89671303.7,2
CONT_s7_bola_Valkaama,1789497229.728,0.1054,31656,24,0,8089868.5,92761448.5,2
CONT_s7_bola_Valkaama,1789497229.835,0.1071,40708,31,0,8217109.3,94508787.9,2
CONT_s7_bola_Valkaama,1789497229.939,0.1047,33156,25,0,8225367.4,95892242.3,2
CONT_s7_bola_Valkaama,1789497230.044,0.1044,30156,23,0,8138512.4,59819446.0,2
CONT_s7_bola_Valkaama,1789497230.148,0.1045,39208,30,0,8029606.3,60277275.2,2
CONT_s7_bola_Valkaama,1789497230.253,0.1045,28708,23,0,8425308.4,71514024.2,2
CONT_s7_bola_Valkaama,1789497230.357,0.1043,39208,30,0,8230410.1,76170326.7,2
CONT_s7_bola_Valkaama,1789497230.461,0.1044,36208,28,0,8491698.6,80531919.7,2
CONT_s7_bola_Valkaama,1789497230.566,0.1045,28656,22,0,8461449.9,82172133.1,2
CONT_s7_bola_Valkaama,1789497230.67,0.1045,40656,30,0,7715462.0,78029567.4,2
CONT_s7_bola_Valkaama,1789497230.775,0.1044,30156,23,0,7994751.3,70418380.7,2
CONT_s7_bola_Valkaama,1789497230.879,0.1045,27104,20,0,7729697.3,90077860.6,2
CONT_s7_bola_Valkaama,1789497230.984,0.1044,45156,33,0,7281314.3,89951774.5,2
CONT_s7_bola_Valkaama,1789497231.088,0.1045,30104,22,0,7148533.4,89767672.9,2
CONT_s7_bola_Valkaama,1789497231.193,0.1045,33156,25,0,7514928.1,77618597.4,2
CONT_s7_bola_Valkaama,1789497231.297,0.1044,43864,36,0,5018790.1,71354008.8,2
CONT_s7_bola_Valkaama,1789497231.402,0.1044,32400,36,0,5368925.8,72689438.1,2
CONT_s7_bola_Valkaama,1789497231.506,0.1045,32424,36,1,7024590.2,59841810.0,2
CONT_s7_bola_Valkaama,1789497231.611,0.1045,39260,31,0,7546582.0,66829377.6,2
CONT_s7_bola_Valkaama,1789497231.715,0.1044,33208,26,0,7670855.0,74301814.4,2
CONT_s7_bola_Valkaama,1789497231.819,0.1045,34708,27,0,7670095.9,77673881.7,2
CONT_s7_bola_Valkaama,1789497231.924,0.1045,27156,21,0,7682736.9,81007147.7,2
CONT_s7_bola_Valkaama,1789497232.028,0.1045,39208,30,0,7543218.3,83213494.1,2
CONT_s7_bola_Valkaama,1789497232.133,0.1045,33670,29,0,7299854.6,46488985.2,2
CONT_s7_bola_Valkaama,1789497232.237,0.1044,39156,29,0,7291611.9,83827310.9,2
CONT_s7_bola_Valkaama,1789497232.342,0.1044,30104,22,0,7077841.3,90043472.7,2
CONT_s7_bola_Valkaama,1789497232.449,0.1071,30104,22,0,6972173.3,90032103.8,2
CONT_s7_bola_Valkaama,1789497232.553,0.1046,45156,33,0,6850328.3,90044932.3,2
CONT_s7_bola_Valkaama,1789497232.658,0.1046,30104,22,0,6786955.5,90114760.7,2
CONT_s7_bola_Valkaama,1789497232.762,0.1045,39156,29,0,7084472.2,83740405.8,2
CONT_s7_bola_Valkaama,1789497232.867,0.1044,31656,24,0,7468759.4,94305952.3,2
CONT_s7_bola_Valkaama,1789497232.971,0.1045,31656,24,0,7688839.0,88258696.4,2
CONT_s7_bola_Valkaama,1789497233.076,0.1044,34656,26,0,7548789.9,64072247.1,2
CONT_s7_bola_Valkaama,1789497233.18,0.1045,36897,31,0,6724063.6,70269009.2,4
CONT_s7_bola_Valkaama,1789497233.285,0.1047,38150,32,0,7862375.2,73995696.5,4
CONT_s7_bola_Valkaama,1789497233.39,0.1047,36312,30,0,13501440.7,92895960.5,4
CONT_s7_bola_Valkaama,1789497233.494,0.1046,34431,30,0,14637885.5,73912679.1,4
CONT_s7_bola_Valkaama,1789497233.599,0.1047,35342,30,0,15636849.5,57464027.8,4
CONT_s7_bola_Valkaama,1789497233.704,0.1047,31864,28,0,18831693.6,88056006.6,4
CONT_s7_bola_Valkaama,1789497233.808,0.1047,33312,28,0,16436722.6,88701385.7,4
CONT_s7_bola_Valkaama,1789497233.913,0.1048,33312,28,0,16448364.7,87752125.9,4
CONT_s7_bola_Valkaama,1789497234.018,0.1046,40864,34,0,18502890.8,94704751.2,4
CONT_s7_bola_Valkaama,1789497234.122,0.1046,31812,27,0,20553903.6,93925096.0,4
CONT_s7_bola_Valkaama,1789497234.227,0.1047,37812,31,0,17563833.1,94526282.0,4
CONT_s7_bola_Valkaama,1789497234.334,0.1065,30260,25,0,19364946.7,98376140.3,4
CONT_s7_bola_Valkaama,1789497234.439,0.105,37812,31,0,17820305.6,100203352.6,4
CONT_s7_bola_Valkaama,1789497234.543,0.1046,36312,30,0,22110274.5,108870783.0,4
CONT_s7_bola_Valkaama,1789497234.648,0.1046,34864,30,0,21218799.4,65940524.8,4
CONT_s7_bola_Valkaama,1789497234.752,0.1046,30364,27,0,24696308.9,83307453.4,4
CONT_s7_bola_Valkaama,1789497234.857,0.1045,37864,32,0,17640364.3,84676079.4,4
CONT_s7_bola_Valkaama,1789497234.961,0.1046,27260,23,0,19937530.8,89292386.5,4
CONT_s7_bola_Valkaama,1789497235.066,0.1045,42364,35,0,20032025.0,94414098.7,4
CONT_s7_bola_Valkaama,1789497235.171,0.1047,31812,27,0,22369428.7,93833970.0,4
CONT_s7_bola_Valkaama,1789497235.275,0.1047,39312,32,0,18271383.4,96246545.3,4
CONT_s7_bola_Valkaama,1789497235.38,0.1046,34812,29,0,19253081.2,97378351.3,4
CONT_s7_bola_Valkaama,1789497235.485,0.1047,27208,22,0,21579514.2,101567261.4,4
CONT_s7_bola_Valkaama,1789497235.589,0.1047,42260,33,0,17076197.2,94268065.8,4
CONT_s7_bola_Valkaama,1789497235.694,0.1047,33260,27,0,24298304.4,104755982.6,4
CONT_s7_bola_Valkaama,1789497235.799,0.1047,30312,26,0,24369988.2,77188159.8,4
CONT_s7_bola_Valkaama,1789497235.903,0.1045,37864,32,0,23789962.7,76886892.5,4
CONT_s7_bola_Valkaama,1789497236.008,0.1047,33260,27,0,19199009.5,78174807.4,4
CONT_s7_bola_Valkaama,1789497236.113,0.1046,39312,32,0,21773219.8,82529913.1,4
CONT_s7_bola_Valkaama,1789497236.217,0.1047,33312,28,0,20353387.8,78088513.8,4
CONT_s7_bola_Valkaama,1789497236.322,0.1047,25760,22,0,20542230.5,74987562.9,4
CONT_s7_bola_Valkaama,1789497236.427,0.1047,42364,35,0,20019713.4,94046596.8,4
CONT_s7_bola_Valkaama,1789497236.531,0.1047,33312,28,0,21951907.3,97971392.0,4
CONT_s7_bola_Valkaama,1789497236.636,0.1046,30260,25,0,19274237.4,98921482.4,4
CONT_s7_bola_Valkaama,1789497236.74,0.1046,40812,33,0,18169590.5,101245373.3,4
CONT_s7_bola_Valkaama,1789497236.845,0.1045,31760,26,0,20305985.6,103523562.6,4
CONT_s7_bola_Valkaama,1789497236.951,0.1064,37812,31,0,18915940.2,102073131.0,4
CONT_s7_bola_Valkaama,1789497237.056,0.1047,36364,31,0,25675251.5,91060979.0,4
CONT_s7_bola_Valkaama,1789497237.161,0.1046,30312,26,0,20014394.0,79938177.7,4
CONT_s7_bola_Valkaama,1789497237.265,0.1047,37864,32,0,21469333.3,86929235.6,4
CONT_s7_bola_Valkaama,1789497237.37,0.1046,38403,36,0,24735355.9,67300741.0,4
CONT_s7_bola_Valkaama,1789497237.475,0.1048,30842,27,0,20155164.9,51091507.7,4
CONT_s7_bola_Valkaama,1789497237.579,0.1046,28760,24,0,17750398.3,91559178.9,4
CONT_s7_bola_Valkaama,1789497237.684,0.1046,42364,35,0,18755498.3,95008448.3,4
CONT_s7_bola_Valkaama,1789497237.789,0.1048,33312,28,0,20844429.6,97649187.9,4
CONT_s7_bola_Valkaama,1789497237.893,0.1045,30260,25,0,18759591.2,98487356.9,4
CONT_s7_bola_Valkaama,1789497237.998,0.1046,40812,33,0,17903549.6,98775415.0,4
CONT_s7_bola_Valkaama,1789497238.102,0.1046,36312,30,0,18911744.1,101912435.6,4
CONT_s7_bola_Valkaama,1789497238.207,0.1046,32489,30,0,19583430.7,68178307.3,6
CONT_s7_bola_Valkaama,1789497238.312,0.1049,35254,32,0,10678212.9,57325403.3,4
CONT_s7_bola_Valkaama,1789497238.417,0.1048,33260,27,0,12879943.9,73230546.3,4
CONT_s7_bola_Valkaama,1789497238.522,0.1047,37864,32,0,16167827.2,81174613.9,4
CONT_s7_bola_Valkaama,1789497238.626,0.1047,33260,27,0,15511430.9,76346572.3,4
CONT_s7_bola_Valkaama,1789497238.731,0.1049,36312,30,0,17810978.8,82857864.7,4
CONT_s7_bola_Valkaama,1789497238.836,0.1053,28812,25,0,20055134.8,72238392.7,4
CONT_s7_bola_Valkaama,1789497238.941,0.1049,40812,33,0,14859390.6,90631157.8,4
CONT_s7_bola_Valkaama,1789497239.046,0.1047,37448,34,0,20939456.4,59516419.0,4
CONT_s7_bola_Valkaama,1789497239.151,0.1048,33842,29,0,18242183.7,93344122.4,4
CONT_s7_bola_Valkaama,1789497239.256,0.1048,34812,29,0,18594101.1,104615688.4,4
CONT_s7_bola_Valkaama,1789497239.36,0.1047,31760,26,0,16991321.0,102952202.9,4
CONT_s7_bola_Valkaama,1789497239.465,0.1048,37812,31,0,17390504.5,101769607.1,4
CONT_s7_bola_Valkaama,1789497239.57,0.1047,34864,30,0,22587363.8,81849213.1,4
CONT_s7_bola_Valkaama,1789497239.675,0.1048,33260,27,0,18062465.0,76045946.8,4
CONT_s7_bola_Valkaama,1789497239.779,0.1047,36312,30,0,20422045.8,82826333.4,4
CONT_s7_bola_Valkaama,1789497239.884,0.1049,27260,23,0,22489090.1,80235976.8,4
CONT_s7_bola_Valkaama,1789497239.99,0.1052,42416,36,0,20652166.6,77028737.5,4
CONT_s7_bola_Valkaama,1789497240.094,0.105,34812,29,0,18092608.0,94599864.0,4
CONT_s7_bola_Valkaama,1789497240.2,0.1056,30260,25,0,19193561.5,97059009.4,4
CONT_s7_bola_Valkaama,1789497240.305,0.1051,36312,30,0,17808687.4,96987861.5,4
CONT_s7_bola_Valkaama,1789497240.41,0.1052,30260,25,0,19381122.9,98558495.5,4
CONT_s7_bola_Valkaama,1789497240.515,0.105,31760,26,0,19194696.0,100724576.6,4
CONT_s7_bola_Valkaama,1789497240.62,0.1051,1089250,909,17,205704.4,7932662.9,4
CONT_s7_bola_Valkaama,1789497240.725,0.1049,569939,469,0,3944828.5,2206020.9,4
CONT_s7_bola_Valkaama,1789497240.834,0.1082,36696,36,4,10167673.5,71832395.4,4
CONT_s7_bola_Valkaama,1789497240.939,0.1051,33364,29,0,13267218.2,70946421.5,4
CONT_s7_bola_Valkaama,1789497241.044,0.1049,30260,25,0,14301646.8,86263440.3,4
CONT_s7_bola_Valkaama,1789497241.148,0.1049,39364,33,0,15883613.9,90092281.4,4
CONT_s7_bola_Valkaama,1789497241.253,0.1048,36312,30,0,16531954.7,83642550.5,4
CONT_s7_bola_Valkaama,1789497241.358,0.1047,36312,30,0,17787159.3,92991188.4,4
CONT_s7_bola_Valkaama,1789497241.463,0.1048,31760,26,0,18579978.1,92953704.3,4
CONT_s7_bola_Valkaama,1789497241.567,0.1048,36312,30,0,19237133.7,72563641.5,4
CONT_s7_bola_Valkaama,1789497241.672,0.1048,36312,30,0,19415720.1,70855896.8,4
CONT_s7_bola_Valkaama,1789497241.777,0.1048,36312,30,0,19599234.7,70807598.0,4
CONT_s7_bola_Valkaama,1789497241.882,0.1047,36312,30,0,19850374.5,73173066.7,4
CONT_s7_bola_Valkaama,1789497241.987,0.1049,33364,29,0,19219575.6,81068185.5,4
CONT_s7_bola_Valkaama,1789497242.091,0.1047,34812,29,0,17991463.5,84133185.0,4
CONT_s7_bola_Valkaama,1789497242.196,0.1047,34812,29,0,20606942.4,83904687.4,4
CONT_s7_bola_Valkaama,1789497242.301,0.1047,31812,27,0,20329051.2,82527458.1,4
CONT_s7_bola_Valkaama,1789497242.406,0.1048,37812,31,0,18577956.8,86978948.6,4
CONT_s7_bola_Valkaama,1789497242.51,0.1047,33260,27,0,20358814.5,88257573.5,4
CONT_s7_bola_Valkaama,1789497242.615,0.1048,39364,33,0,20664822.7,82106383.3,4
CONT_s7_bola_Valkaama,1789497242.72,0.1047,31812,27,0,21195913.4,85532110.3,4
CONT_s7_bola_Valkaama,1789497242.824,0.1047,37812,31,0,19401611.2,92130730.6,4
CONT_s7_bola_Valkaama,1789497242.929,0.1049,31812,27,0,18183375.0,74296867.7,4
CONT_s7_bola_Valkaama,1789497243.034,0.1047,36312,30,0,20579571.3,84672323.2,4
CONT_s7_bola_Valkaama,1789497243.139,0.1048,36312,30,0,19551588.3,88339230.6,4
CONT_s7_bola_Valkaama,1789497243.244,0.1047,34864,30,0,20030570.1,88375087.7,4
CONT_s7_bola_Valkaama,1789497243.348,0.1047,37812,31,0,18766283.3,92036774.7,4
CONT_s7_bola_Valkaama,1789497243.455,0.1062,33260,27,0,19120285.8,94891199.0,4
CONT_s7_bola_Valkaama,1789497243.559,0.1046,37864,32,0,21446846.0,65994206.5,4
CONT_s7_bola_Valkaama,1789497243.664,0.1048,34864,30,0,20517631.8,72407989.6,4
CONT_s7_bola_Valkaama,1789497243.769,0.1047,31812,27,0,20224441.0,93383319.0,4
CONT_s7_bola_Valkaama,1789497243.873,0.1046,37752,32,0,20132956.6,81704819.7,4
CONT_s7_bola_Valkaama,1789497243.978,0.1047,36416,32,0,13120185.2,31835783.1,2
CONT_s7_bola_Valkaama,1789497244.083,0.1047,31864,28,0,10015300.2,25845767.1,2
CONT_s7_bola_Valkaama,1789497244.188,0.1048,36416,32,0,8464737.2,25794510.8,2
CONT_s7_bola_Valkaama,1789497244.292,0.1047,36416,32,0,7671277.8,25935787.2,2
CONT_s7_bola_Valkaama,1789497244.397,0.1047,32517,29,0,9296769.6,25842417.7,3
CONT_s7_bola_Valkaama,1789497244.502,0.1047,33260,27,0,35469432.6,61028108.2,4
CONT_s7_bola_Valkaama,1789497244.606,0.1048,40812,33,0,24380361.1,79526776.4,4
CONT_s7_bola_Valkaama,1789497244.711,0.1047,36260,29,0,21064334.6,85652423.7,4
CONT_s7_bola_Valkaama,1789497244.816,0.1049,30208,24,0,20638384.9,88441236.3,4
CONT_s7_bola_Valkaama,1789497244.921,0.1048,39260,31,0,21054928.4,88357756.7,4
CONT_s7_bola_Valkaama,1789497245.026,0.1047,30208,24,0,21022167.0,88499396.2,4
CONT_s7_bola_Valkaama,1789497245.13,0.1047,39260,31,0,19449793.4,88550672.9,4
CONT_s7_bola_Valkaama,1789497245.235,0.1047,36260,29,0,21888356.0,88501060.1,4
CONT_s7_bola_Valkaama,1789497245.34,0.1047,36196,28,0,19712338.9,88689221.5,4
CONT_s7_bola_Valkaama,1789497245.447,0.1071,28708,23,0,16405728.3,71848535.1,2
CONT_s7_bola_Valkaama,1789497245.552,0.1048,40760,32,0,12218999.6,58944435.1,2
CONT_s7_bola_Valkaama,1789497245.656,0.1047,31656,24,0,10243908.6,62165087.1,2
CONT_s7_bola_Valkaama,1789497245.761,0.1047,31656,24,0,9526485.2,61620646.7,2
CONT_s7_bola_Valkaama,1789497245.866,0.1047,33208,26,0,9654996.0,55825016.6,2
CONT_s7_bola_Valkaama,1789497245.971,0.1053,45208,34,0,8442582.2,66148987.2,2
CONT_s7_bola_Valkaama,1789497246.076,0.1051,24104,18,0,8102912.7,71024270.0,2
CONT_s7_bola_Valkaama,1789497246.181,0.105,36156,27,0,7810005.2,71018899.2,2
CONT_s7_bola_Valkaama,1789497246.286,0.105,34656,26,0,7700529.8,67596889.4,2
CONT_s7_bola_Valkaama,1789497246.391,0.1048,36156,27,0,7460111.8,70981066.1,2
CONT_s7_bola_Valkaama,1789497246.496,0.1049,36153,28,0,7771648.4,66169385.6,2
CONT_s7_bola_Valkaama,1789497246.601,0.105,0,0,0,0,0,0
CONT_s7_bola_Valkaama,1789497246.706,0.1049,0,0,0,0,0,0
CONT_s7_bola_Valkaama,1789497246.811,0.105,0,0,0,0,0,0
CONT_s7_bola_Valkaama,1789497246.916,0.1051,0,0,0,0,0,0
CONT_s7_bola_Valkaama,1789497247.021,0.1048,0,0,0,0,0,0
CONT_s7_bola_Valkaama,1789497247.125,0.1048,0,0,0,0,0,0
CONT_s7_bola_Valkaama,1789497247.23,0.1051,0,0,0,0,0,0
CONT_s7_bola_Valkaama,1789497247.336,0.1053,0,0,0,0,0,0
CONT_s7_bola_Valkaama,1789497247.441,0.1056,0,0,0,0,0,0
CONT_s7_bola_Valkaama,1789497247.546,0.1049,0,0,0,0,0,0
CONT_s7_bola_Valkaama,1789497247.651,0.1047,0,0,0,0,0,0
CONT_s7_bola_Valkaama,1789497247.756,0.105,0,0,0,0,0,0
CONT_s7_bola_Valkaama,1789497247.861,0.1049,0,0,0,0,0,0
CONT_s7_bola_Valkaama,1789497247.966,0.1048,0,0,0,0,0,0
CONT_s7_bola_Valkaama,1789497248.07,0.1048,0,0,0,0,0,0
CONT_s7_bola_Valkaama,1789497248.175,0.1047,0,0,0,0,0,0
CONT_s7_bola_Valkaama,1789497248.28,0.1049,0,0,0,0,0,0
CONT_s7_bola_Valkaama,1789497248.385,0.1047,0,0,0,0,0,0
CONT_s7_bola_Valkaama,1789497248.49,0.1049,0,0,0,0,0,0
CONT_s7_bola_Valkaama,1789497248.594,0.1048,40869,32,0,80050454.9,18831743.5,2
CONT_s7_bola_Valkaama,1789497248.699,0.1048,27156,21,0,44687312.3,76081263.8,2
CONT_s7_bola_Valkaama,1789497248.804,0.1048,40708,31,0,26709468.1,81678586.9,2
CONT_s7_bola_Valkaama,1789497248.909,0.1049,37708,29,0,22097899.8,87348944.4,2
CONT_s7_bola_Valkaama,1789497249.014,0.1048,30156,23,0,18721544.4,88498550.0,2
CONT_s7_bola_Valkaama,1789497249.119,0.1048,31656,24,0,16324262.5,93212023.6,2
CONT_s7_bola_Valkaama,1789497249.223,0.1049,42208,32,0,14332328.1,82996401.3,2
CONT_s7_bola_Valkaama,1789497249.332,0.1088,31656,24,0,12966280.2,61660996.6,2
CONT_s7_bola_Valkaama,1789497249.437,0.1052,40708,31,0,11776113.1,59546621.1,2
CONT_s7_bola_Valkaama,1789497249.542,0.1049,31656,24,0,10746064.8,61621735.3,2
CONT_s7_bola_Valkaama,1789497249.647,0.1048,33208,26,0,10844104.6,55904399.9,2
CONT_s7_bola_Valkaama,1789497249.752,0.1049,39208,30,0,9734790.4,75115805.3,2
CONT_s7_bola_Valkaama,1789497249.857,0.1047,36208,28,0,9646670.6,84302721.0,2
CONT_s7_bola_Valkaama,1789497249.962,0.1048,8925,8,0,10694140.0,54253552.0,2
CONT_s7_bola_Valkaama,1789497250.066,0.1047,0,0,0,0,0,0
CONT_s7_bola_Valkaama,1789497250.171,0.1049,0,0,0,0,0,0
CONT_s7_bola_Valkaama,1789497250.276,0.1048,0,0,0,0,0,0
CONT_s7_bola_Valkaama,1789497250.381,0.1047,0,0,0,0,0,0
CONT_s7_bola_Valkaama,1789497250.486,0.1048,0,0,0,0,0,0
CONT_s7_bola_Valkaama,1789497250.59,0.1048,0,0,0,0,0,0
CONT_s7_bola_Valkaama,1789497250.696,0.1053,0,0,0,0,0,0
CONT_s7_bola_Valkaama,1789497250.8,0.1048,0,0,0,0,0,0
CONT_s7_bola_Valkaama,1789497250.905,0.1049,0,0,0,0,0,0
CONT_s7_bola_Valkaama,1789497251.01,0.1048,0,0,0,0,0,0
CONT_s7_bola_Valkaama,1789497251.115,0.1048,0,0,0,0,0,0
CONT_s7_bola_Valkaama,1789497251.22,0.1048,0,0,0,0,0,0
CONT_s7_bola_Valkaama,1789497251.325,0.1049,0,0,0,0,0,0
CONT_s7_bola_Valkaama,1789497251.429,0.1049,0,0,0,0,0,0
CONT_s7_bola_Valkaama,1789497251.534,0.1047,0,0,0,0,0,0
CONT_s7_bola_Valkaama,1789497251.639,0.1048,0,0,0,0,0,0
CONT_s7_bola_Valkaama,1789497251.744,0.1049,0,0,0,0,0,0
CONT_s7_bola_Valkaama,1789497251.849,0.105,0,0,0,0,0,0
CONT_s7_bola_Valkaama,1789497251.954,0.1052,0,0,0,0,0,0
CONT_s7_bola_Valkaama,1789497252.059,0.1045,0,0,0,0,0,0
CONT_s7_bola_Valkaama,1789497252.163,0.1048,0,0,0,0,0,0
CONT_s7_bola_Valkaama,1789497252.268,0.1049,0,0,0,0,0,0
CONT_s7_bola_Valkaama,1789497252.373,0.1047,0,0,0,0,0,0
CONT_s7_bola_Valkaama,1789497252.478,0.1048,27757,21,0,142941623.6,18726420.6,2
CONT_s7_bola_Valkaama,1789497252.583,0.1049,35716,28,0,60557498.3,81002982.1,2
CONT_s7_bola_Valkaama,1789497252.687,0.1049,36208,28,0,37802336.3,86484879.6,2
CONT_s7_bola_Valkaama,1789497252.792,0.1048,30156,23,0,28530023.7,88526813.4,2
CONT_s7_bola_Valkaama,1789497252.897,0.1049,31656,24,0,23694006.1,93005181.7,2
CONT_s7_bola_Valkaama,1789497253.002,0.1048,31656,24,0,20911007.9,93242939.4,2
CONT_s7_bola_Valkaama,1789497253.107,0.1048,46708,35,0,16971173.7,93402499.1,2
CONT_s7_bola_Valkaama,1789497253.212,0.1049,28656,22,0,17146109.6,60259564.2,2
CONT_s7_bola_Valkaama,1789497253.316,0.1048,42208,32,0,14173141.1,61830818.7,2
CONT_s7_bola_Valkaama,1789497253.421,0.1049,31656,24,0,12866460.2,61625501.5,2
CONT_s7_bola_Valkaama,1789497253.527,0.1058,37708,29,0,12131651.9,58304227.2,2
CONT_s7_bola_Valkaama,1789497253.632,0.105,31708,25,0,11868175.9,73610603.1,2
CONT_s7_bola_Valkaama,1789497253.737,0.1048,28656,22,0,10776121.1,82651550.1,2
CONT_s7_bola_Valkaama,1789497253.842,0.1047,42208,32,0,9876740.9,84069062.8,2
CONT_s7_bola_Valkaama,1789497253.949,0.107,39208,30,0,9692545.1,87547829.5,2
CONT_s7_bola_Valkaama,1789497254.054,0.1049,30156,23,0,9390336.7,88626179.2,2
CONT_s7_bola_Valkaama,1789497254.158,0.1047,39208,30,0,9119850.8,89924086.8,2
CONT_s7_bola_Valkaama,1789497254.263,0.1049,31656,24,0,8817088.4,93074595.1,2
CONT_s7_bola_Valkaama,1789497254.368,0.1048,6837,6,0,9036840.8,72813788.6,2
CONT_s7_bola_Valkaama,1789497254.473,0.1048,0,0,0,0,0,0
CONT_s7_bola_Valkaama,1789497254.577,0.1048,0,0,0,0,0,0
CONT_s7_bola_Valkaama,1789497254.682,0.1048,0,0,0,0,0,0
CONT_s7_bola_Valkaama,1789497254.787,0.1047,0,0,0,0,0,0
CONT_s7_bola_Valkaama,1789497254.892,0.1048,0,0,0,0,0,0
CONT_s7_bola_Valkaama,1789497254.997,0.1048,0,0,0,0,0,0
CONT_s7_bola_Valkaama,1789497255.101,0.1047,0,0,0,0,0,0
CONT_s7_bola_Valkaama,1789497255.206,0.1048,0,0,0,0,0,0
CONT_s7_bola_Valkaama,1789497255.311,0.1048,0,0,0,0,0,0
CONT_s7_bola_Valkaama,1789497255.416,0.1049,0,0,0,0,0,0
CONT_s7_bola_Valkaama,1789497255.521,0.1048,0,0,0,0,0,0
CONT_s7_bola_Valkaama,1789497255.625,0.1048,0,0,0,0,0,0
CONT_s7_bola_Valkaama,1789497255.73,0.1048,0,0,0,0,0,0
CONT_s7_bola_Valkaama,1789497255.836,0.1059,0,0,0,0,0,0
CONT_s7_bola_Valkaama,1789497255.943,0.1066,0,0,0,0,0,0
CONT_s7_bola_Valkaama,1789497256.047,0.1048,0,0,0,0,0,0
CONT_s7_bola_Valkaama,1789497256.152,0.1047,0,0,0,0,0,0
CONT_s7_bola_Valkaama,1789497256.257,0.1048,0,0,0,0,0,0
CONT_s7_bola_Valkaama,1789497256.362,0.1047,0,0,0,0,0,0
CONT_s7_bola_Valkaama,1789497256.466,0.1048,0,0,0,0,0,0
CONT_s7_bola_Valkaama,1789497256.571,0.1048,0,0,0,0,0,0
CONT_s7_bola_Valkaama,1789497256.676,0.1047,0,0,0,0,0,0
CONT_s7_bola_Valkaama,1789497256.781,0.1047,0,0,0,0,0,0
CONT_s7_bola_Valkaama,1789497256.885,0.1047,31339,25,0,126107285.6,4268583.0,2
CONT_s7_bola_Valkaama,1789497256.99,0.1048,40656,30,0,43816474.7,82402284.9,2
CONT_s7_bola_Valkaama,1789497257.095,0.1046,31812,27,0,41799750.0,68570912.4,2
CONT_s7_bola_Valkaama,1789497257.199,0.1048,39260,31,0,26069037.5,67431388.6,2
CONT_s7_bola_Valkaama,1789497257.304,0.1048,28708,23,0,23354715.2,69638293.3,2
CONT_s7_bola_Valkaama,1789497257.409,0.105,37708,29,0,17376073.1,73006414.8,2
CONT_s7_bola_Valkaama,1789497257.514,0.105,33208,26,0,16282311.3,74970462.4,2
CONT_s7_bola_Valkaama,1789497257.619,0.105,34708,27,0,14157394.5,79551976.4,2
CONT_s7_bola_Valkaama,1789497257.724,0.1049,40708,31,0,11957648.1,81789052.4,2
CONT_s7_bola_Valkaama,1789497257.833,0.109,36208,28,0,11512228.0,83992748.1,2
CONT_s7_bola_Valkaama,1789497257.938,0.1049,30156,23,0,10566000.7,88465584.7,2
CONT_s7_bola_Valkaama,1789497258.043,0.1048,40708,31,0,9894804.9,88625534.4,2
CONT_s7_bola_Valkaama,1789497258.148,0.1047,31656,24,0,9423426.9,90010720.3,2
CONT_s7_bola_Valkaama,1789497258.252,0.1048,31656,24,0,9117587.2,93332257.6,2
CONT_s7_bola_Valkaama,1789497258.357,0.1047,40708,31,0,8812587.7,75077712.5,2
CONT_s7_bola_Valkaama,1789497258.462,0.1048,31656,24,0,8398852.1,61685150.5,2
CONT_s7_bola_Valkaama,1789497258.567,0.1049,33208,26,0,8498711.3,57332140.8,2
CONT_s7_bola_Valkaama,1789497258.671,0.1048,37708,29,0,8299871.7,74023348.3,2
CONT_s7_bola_Valkaama,1789497258.776,0.105,34708,27,0,8365868.2,78602555.4,2
CONT_s7_bola_Valkaama,1789497258.881,0.1047,14819,12,0,8277629.7,72310891.8,2
CONT_s7_bola_Valkaama,1789497258.986,0.1048,0,0,0,0,0,0
CONT_s7_bola_Valkaama,1789497259.091,0.1048,0,0,0,0,0,0
CONT_s7_bola_Valkaama,1789497259.196,0.1048,0,0,0,0,0,0
CONT_s7_bola_Valkaama,1789497259.3,0.1048,0,0,0,0,0,0
CONT_s7_bola_Valkaama,1789497259.405,0.1049,0,0,0,0,0,0
CONT_s7_bola_Valkaama,1789497259.51,0.1047,0,0,0,0,0,0
CONT_s7_bola_Valkaama,1789497259.615,0.1048,0,0,0,0,0,0
CONT_s7_bola_Valkaama,1789497259.72,0.1048,0,0,0,0,0,0
CONT_s7_bola_Valkaama,1789497259.824,0.1047,0,0,0,0,0,0
CONT_s7_bola_Valkaama,1789497259.929,0.1049,0,0,0,0,0,0
CONT_s7_bola_Valkaama,1789497260.034,0.1047,0,0,0,0,0,0
CONT_s7_bola_Valkaama,1789497260.139,0.1049,0,0,0,0,0,0
CONT_s7_bola_Valkaama,1789497260.244,0.1049,0,0,0,0,0,0
CONT_s7_bola_Valkaama,1789497260.348,0.1047,15705,12,0,126348437.5,3934044.6,2
CONT_s7_bola_Valkaama,1789497260.455,0.1064,46216,35,0,36683505.3,63949862.3,2
CONT_s7_bola_Valkaama,1789497260.56,0.1049,34760,28,0,29233531.1,81513836.8,2
CONT_s7_bola_Valkaama,1789497260.664,0.1048,30156,23,0,20029281.4,88612245.9,2
CONT_s7_bola_Valkaama,1789497260.769,0.1048,30156,23,0,17649164.3,88939330.5,2
CONT_s7_bola_Valkaama,1789497260.874,0.1047,45208,34,0,14498919.0,88622883.5,2
CONT_s7_bola_Valkaama,1789497260.979,0.1049,31656,24,0,13806410.4,93240625.1,2
CONT_s7_bola_Valkaama,1789497261.084,0.1048,31656,24,0,12887861.9,93116429.5,2
CONT_s7_bola_Valkaama,1789497261.189,0.1051,31864,28,0,11978769.2,79359308.4,2
CONT_s7_bola_Valkaama,1789497261.293,0.1048,44936,52,1,10118752.8,74464277.2,2
CONT_s7_bola_Valkaama,1789497261.398,0.1049,30208,24,0,8350361.2,64935784.3,2
CONT_s7_bola_Valkaama,1789497261.503,0.1048,34708,27,0,8089933.7,71912522.1,2
CONT_s7_bola_Valkaama,1789497261.608,0.1047,42260,33,0,8019525.1,75952862.6,2
CONT_s7_bola_Valkaama,1789497261.713,0.1049,27156,21,0,7932012.9,79442340.6,2
CONT_s7_bola_Valkaama,1789497261.817,0.1047,39208,30,0,7699750.1,81031472.5,2
CONT_s7_bola_Valkaama,1789497261.922,0.1049,8019,8,0,7814728.8,53406663.4,2
CONT_s7_bola_Valkaama,1789497262.027,0.1048,0,0,0,0,0,0
CONT_s7_bola_Valkaama,1789497262.132,0.1048,0,0,0,0,0,0
CONT_s7_bola_Valkaama,1789497262.237,0.1048,0,0,0,0,0,0
CONT_s7_bola_Valkaama,1789497262.342,0.1049,0,0,0,0,0,0
CONT_s7_bola_Valkaama,1789497262.449,0.1069,0,0,0,0,0,0
CONT_s7_bola_Valkaama,1789497262.553,0.1047,0,0,0,0,0,0
CONT_s7_bola_Valkaama,1789497262.658,0.1048,0,0,0,0,0,0
CONT_s7_bola_Valkaama,1789497262.763,0.1049,0,0,0,0,0,0
CONT_s7_bola_Valkaama,1789497262.868,0.1048,0,0,0,0,0,0
CONT_s7_bola_Valkaama,1789497262.973,0.1048,0,0,0,0,0,0
CONT_s7_bola_Valkaama,1789497263.077,0.1047,0,0,0,0,0,0
CONT_s7_bola_Valkaama,1789497263.182,0.1048,0,0,0,0,0,0
CONT_s7_bola_Valkaama,1789497263.287,0.1048,0,0,0,0,0,0
CONT_s7_bola_Valkaama,1789497263.392,0.1047,0,0,0,0,0,0
CONT_s7_bola_Valkaama,1789497263.496,0.1048,0,0,0,0,0,0
CONT_s7_bola_Valkaama,1789497263.601,0.1047,0,0,0,0,0,0
CONT_s7_bola_Valkaama,1789497263.706,0.1048,0,0,0,0,0,0
CONT_s7_bola_Valkaama,1789497263.811,0.1047,0,0,0,0,0,0
CONT_s7_bola_Valkaama,1789497263.916,0.1049,0,0,0,0,0,0
CONT_s7_bola_Valkaama,1789497264.021,0.1053,0,0,0,0,0,0
CONT_s7_bola_Valkaama,1789497264.125,0.1047,0,0,0,0,0,0
CONT_s7_bola_Valkaama,1789497264.23,0.1048,0,0,0,0,0,0
CONT_s7_bola_Valkaama,1789497264.336,0.1054,0,0,0,0,0,0
CONT_s7_bola_Valkaama,1789497264.44,0.1048,29759,23,0,138278520.8,12354583.3,2
CONT_s7_bola_Valkaama,1789497264.545,0.1047,35716,28,0,56907673.0,79118426.2,2
CONT_s7_bola_Valkaama,1789497264.65,0.1048,34708,27,0,36404970.5,87236648.9,2
CONT_s7_bola_Valkaama,1789497264.755,0.1048,30156,23,0,26907824.1,88540051.4,2
CONT_s7_bola_Valkaama,1789497264.86,0.1048,31656,24,0,22419099.8,91618682.8,2
CONT_s7_bola_Valkaama,1789497264.964,0.1047,48416,40,0,18549180.8,75917713.1,2
CONT_s7_bola_Valkaama,1789497265.069,0.1048,29780,39,0,14517946.3,89702998.6,2
CONT_s7_bola_Valkaama,1789497265.174,0.1052,38080,35,1,9620027.6,61399305.6,2
CONT_s7_bola_Valkaama,1789497265.279,0.1048,31708,25,0,8605266.4,69388960.1,2
CONT_s7_bola_Valkaama,1789497265.384,0.1047,36208,28,0,8304695.1,75086891.1,2
CONT_s7_bola_Valkaama,1789497265.489,0.1049,34708,27,0,8272469.4,77465391.5,2
CONT_s7_bola_Valkaama,1789497265.594,0.1049,34708,27,0,8192773.0,79651190.4,2
CONT_s7_bola_Valkaama,1789497265.699,0.1049,42156,31,0,7764383.2,84338441.8,2
CONT_s7_bola_Valkaama,1789497265.803,0.1048,28708,23,0,8100289.7,84143639.3,2
CONT_s7_bola_Valkaama,1789497265.908,0.1051,37708,29,0,8188703.7,87675642.7,2
CONT_s7_bola_Valkaama,1789497266.013,0.1048,39156,29,0,8127281.4,88684168.4,2
CONT_s7_bola_Valkaama,1789497266.118,0.1047,31708,25,0,8329228.3,93027714.2,2
CONT_s7_bola_Valkaama,1789497266.223,0.1049,31656,24,0,8213151.5,92924215.3,2
CONT_s7_bola_Valkaama,1789497266.328,0.1056,42208,32,0,8260288.8,85642871.5,2
CONT_s7_bola_Valkaama,1789497266.434,0.1057,31656,24,0,7992861.0,60549222.6,2
CONT_s7_bola_Valkaama,1789497266.539,0.1048,31656,24,0,7752768.9,62084310.2,2
CONT_s7_bola_Valkaama,1789497266.644,0.1048,42156,31,0,7574789.7,61957245.3,2
CONT_s7_bola_Valkaama,1789497266.749,0.1049,34760,28,0,7611687.1,60504167.1,2
CONT_s7_bola_Valkaama,1789497266.854,0.105,34708,27,0,7914064.6,77766090.1,2
CONT_s7_bola_Valkaama,1789497266.958,0.1048,34708,27,0,8107164.7,82269456.5,2
CONT_s7_bola_Valkaama,1789497267.063,0.1048,28656,22,0,8185888.3,84551193.9,2
CONT_s7_bola_Valkaama,1789497267.168,0.1048,30156,23,0,8259701.8,89056080.9,2
CONT_s7_bola_Valkaama,1789497267.273,0.1049,45208,34,0,8068957.4,88921426.5,2
CONT_s7_bola_Valkaama,1789497267.378,0.1047,31656,24,0,8139511.9,91651708.7,2
CONT_s7_bola_Valkaama,1789497267.482,0.1048,40708,31,0,8366863.4,93118450.0,2
CONT_s7_bola_Valkaama,1789497267.587,0.1048,31656,24,0,8360848.6,93200390.0,2
CONT_s7_bola_Valkaama,1789497267.692,0.1048,31656,24,0,8388670.2,92974680.0,2
CONT_s7_bola_Valkaama,1789497267.797,0.1048,39260,31,0,8627105.1,64109018.6,2
CONT_s7_bola_Valkaama,1789497267.902,0.1049,36260,29,0,8811739.4,68737919.1,2
CONT_s7_bola_Valkaama,1789497268.006,0.1048,25656,20,0,8711436.1,73604428.5,2
CONT_s7_bola_Valkaama,1789497268.111,0.105,42727,35,0,8577112.3,54243097.3,2
CONT_s7_bola_Valkaama,1789497268.216,0.1049,36156,27,0,7945641.3,77970297.5,2
CONT_s7_bola_Valkaama,1789497268.321,0.1048,27104,20,0,7628657.9,79649616.2,2
CONT_s7_bola_Valkaama,1789497268.426,0.1049,40656,30,0,7396601.5,79857564.9,2
CONT_s7_bola_Valkaama,1789497268.531,0.1048,40656,30,0,7220486.3,79703062.2,2
CONT_s7_bola_Valkaama,1789497268.635,0.1048,27104,20,0,7124457.3,79401246.0,2
CONT_s7_bola_Valkaama,1789497268.74,0.1048,40656,30,0,7002575.8,79791759.4,2
CONT_s7_bola_Valkaama,1789497268.845,0.1049,27104,20,0,6930159.8,79656002.8,2
CONT_s7_bola_Valkaama,1789497268.95,0.1049,40656,30,0,6842919.7,79675412.9,2
CONT_s7_bola_Valkaama,1789497269.056,0.106,27104,20,0,6800664.5,79790806.3,2
CONT_s7_bola_Valkaama,1789497269.161,0.1047,40656,30,0,6728999.1,79712436.8,2
CONT_s7_bola_Valkaama,1789497269.266,0.1052,40656,30,0,6674676.3,79731237.7,2
CONT_s7_bola_Valkaama,1789497269.371,0.1047,27104,20,0,6643893.5,79591424.4,2
CONT_s7_bola_Valkaama,1789497269.476,0.105,40656,30,0,6608147.3,79562319.1,2
CONT_s7_bola_Valkaama,1789497269.581,0.1048,27104,20,0,6587374.4,79748312.8,2
CONT_s7_bola_Valkaama,1789497269.686,0.105,40656,30,0,6559797.5,79605837.7,2
CONT_s7_bola_Valkaama,1789497269.79,0.1049,1018387,815,18,5576661.3,1301707.4,2
CONT_s7_bola_Valkaama,1789497269.895,0.1048,7820,10,4,10166201.5,46936390.0,2
CONT_s7_bola_Valkaama,1789497270.0,0.1048,6272,8,3,17953712.0,47043450.9,2
CONT_s7_bola_Valkaama,1789497270.105,0.1047,6192,7,4,18734266.7,47973865.9,2
CONT_s7_bola_Valkaama,1789497270.21,0.1049,5262,8,2,17804299.5,47755034.7,2
CONT_s7_bola_Valkaama,1789497270.314,0.1048,7732,9,2,22056701.2,51051513.6,2
CONT_s7_bola_Valkaama,1789497270.419,0.1049,7732,9,1,22764845.3,44213062.5,2
CONT_s7_bola_Valkaama,1789497270.524,0.1047,7784,10,2,24854408.5,50537024.0,2
CONT_s7_bola_Valkaama,1789497270.629,0.1047,7732,9,2,24705055.6,48233833.1,2
CONT_s7_bola_Valkaama,1789497270.734,0.1048,6232,8,2,27924801.5,48582739.4,2
CONT_s7_bola_Valkaama,1789497270.839,0.105,10860,13,4,27698715.4,48540658.0,2
CONT_s7_bola_Valkaama,1789497270.945,0.1065,9156,9,0,27415932.3,46761561.3,2
CONT_s7_bola_Valkaama,1789497271.05,0.1047,13836,15,2,25453102.4,47305079.7,2
CONT_s7_bola_Valkaama,1789497271.155,0.1048,12348,14,3,23672276.4,51401797.2,2
CONT_s7_bola_Valkaama,1789497271.259,0.1049,10860,13,4,24429986.8,49455264.3,2
CONT_s7_bola_Valkaama,1789497271.364,0.1046,9104,8,0,24741189.8,52947673.7,2
CONT_s7_bola_Valkaama,1789497271.469,0.105,6220,8,1,25117931.0,49558223.4,2
CONT_s7_bola_Valkaama,1789497271.573,0.1045,6168,7,1,28460661.1,52805580.5,2
CONT_s7_bola_Valkaama,1789497271.679,0.1053,7668,8,1,28460608.2,46815726.4,2
CONT_s7_bola_Valkaama,1789497271.784,0.1048,10912,14,3,31119446.5,45154305.5,2
CONT_s7_bola_Valkaama,1789497271.888,0.1047,9244,10,2,30842665.6,49751830.1,2
CONT_s7_bola_Valkaama,1789497271.993,0.1048,7720,9,1,28856853.7,48085715.2,2
CONT_s7_bola_Valkaama,1789497272.098,0.1047,7732,9,2,26011497.2,46808726.9,2
CONT_s7_bola_Valkaama,1789497272.203,0.1048,6168,7,1,28117176.3,48849522.4,2
CONT_s7_bola_Valkaama,1789497272.307,0.1048,9232,10,1,27294537.4,46478609.3,2
CONT_s7_bola_Valkaama,1789497272.412,0.105,10848,13,4,28799628.7,45875756.9,2
CONT_s7_bola_Valkaama,1789497272.517,0.1048,9232,10,1,28219442.6,53283927.4,2
CONT_s7_bola_Valkaama,1789497272.622,0.1047,7836,11,2,28927101.5,48236375.6,2
CONT_s7_bola_Valkaama,1789497272.727,0.105,7744,9,3,30095212.9,46749030.6,2
CONT_s7_bola_Valkaama,1789497272.833,0.1059,7792,10,0,28547963.5,46509911.7,3
CONT_s7_bola_Valkaama,1789497272.938,0.1054,15028,23,6,19630751.1,42694773.6,4
CONT_s7_bola_Valkaama,1789497273.043,0.1049,38070,52,17,9368450.6,49970959.5,4
CONT_s7_bola_Valkaama,1789497273.148,0.1051,31276,40,15,12216536.3,88543818.9,4
CONT_s7_bola_Valkaama,1789497273.253,0.105,26932,35,4,13912759.9,144076243.3,4
CONT_s7_bola_Valkaama,1789497273.358,0.1049,28360,35,7,7889262.2,133471644.5,3
CONT_s7_bola_Valkaama,1789497273.463,0.1052,31356,38,16,7219570.1,126019974.8,4
CONT_s7_bola_Valkaama,1789497273.568,0.1051,27896,33,3,13272541.8,139112417.9,4
CONT_s7_bola_Valkaama,1789497273.673,0.1051,28376,36,4,14200717.9,132314046.7,4
CONT_s7_bola_Valkaama,1789497273.778,0.1049,29816,37,13,10577493.9,116172484.6,4
CONT_s7_bola_Valkaama,1789497273.883,0.1049,28180,36,8,5138788.5,114837716.2,3
CONT_s7_bola_Valkaama,1789497273.988,0.1051,27800,32,5,12940838.3,126690110.8,4
CONT_s7_bola_Valkaama,1789497274.093,0.105,29044,29,3,14033857.3,130927586.5,4
CONT_s7_bola_Valkaama,1789497274.198,0.105,26364,32,6,8557041.8,134405904.2,3
CONT_s7_bola_Valkaama,1789497274.304,0.1053,30820,34,6,17887635.9,134217726.8,4
CONT_s7_bola_Valkaama,1789497274.409,0.1051,28308,38,3,11803918.4,128536210.2,4
CONT_s7_bola_Valkaama,1789497274.514,0.1049,27800,32,5,10983206.9,113035398.1,4
CONT_s7_bola_Valkaama,1789497274.619,0.1051,29160,31,2,12880596.4,97275607.9,4
CONT_s7_bola_Valkaama,1789497274.724,0.105,27736,31,5,13512045.8,104389248.2,4
CONT_s7_bola_Valkaama,1789497274.83,0.1058,27928,34,8,16641976.1,109474408.4,4
CONT_s7_bola_Valkaama,1789497274.935,0.1051,29192,31,4,14360304.8,118108065.6,4
CONT_s7_bola_Valkaama,1789497275.04,0.1049,26120,28,4,8644118.1,114536142.7,3
CONT_s7_bola_Valkaama,1789497275.145,0.1052,30584,31,1,13292862.0,119894056.9,4
CONT_s7_bola_Valkaama,1789497275.25,0.105,27544,28,2,15053112.2,117179854.9,4
CONT_s7_bola_Valkaama,1789497275.355,0.1049,27800,32,5,15235416.0,116062536.1,4
CONT_s7_bola_Valkaama,1789497275.46,0.1054,27468,27,0,14058525.0,124876211.4,4
CONT_s7_bola_Valkaama,1789497275.565,0.105,29236,32,4,11567820.6,122895859.7,4
CONT_s7_bola_Valkaama,1789497275.67,0.1051,26300,31,6,11814842.5,114055903.1,4
CONT_s7_bola_Valkaama,1789497275.775,0.1051,30904,36,6,12321056.9,118296626.5,4
CONT_s7_bola_Valkaama,1789497275.88,0.105,27572,29,0,14264353.7,132011921.1,4
CONT_s7_bola_Valkaama,1789497275.985,0.1051,29248,32,2,10526290.5,129020583.1,4
CONT_s7_bola_Valkaama,1789497276.09,0.105,26664,35,4,14276715.3,123379925.8,4
CONT_s7_bola_Valkaama,1789497276.195,0.105,29516,36,5,10813975.1,109358617.4,4
CONT_s7_bola_Valkaama,1789497276.3,0.1051,29276,33,4,14942110.8,96521682.7,4
CONT_s7_bola_Valkaama,1789497276.405,0.1049,26160,29,3,13855603.1,98573913.2,4
CONT_s7_bola_Valkaama,1789497276.51,0.105,27520,28,0,13961534.2,103770573.4,4
CONT_s7_bola_Valkaama,1789497276.616,0.1051,30788,34,3,17571936.6,108859722.2,4
CONT_s7_bola_Valkaama,1789497276.721,0.1051,27812,32,5,14773895.6,111493231.0,4
CONT_s7_bola_Valkaama,1789497276.826,0.1049,27852,33,5,14211658.6,117954207.4,4
CONT_s7_bola_Valkaama,1789497276.932,0.1064,29236,32,6,14938589.5,119943117.5,4
CONT_s7_bola_Valkaama,1789497277.037,0.1049,27904,34,6,16431716.3,121704081.9,4
CONT_s7_bola_Valkaama,1789497277.142,0.1052,29044,29,2,8185124.2,130983451.1,3
CONT_s7_bola_Valkaama,1789497277.247,0.1051,27724,31,3,15307794.7,133324766.9,4
CONT_s7_bola_Valkaama,1789497277.352,0.1049,28916,27,0,16820324.3,130409774.1,4
CONT_s7_bola_Valkaama,1789497277.458,0.1058,26288,31,4,16523602.2,128711484.1,4
CONT_s7_bola_Valkaama,1789497277.563,0.1051,27928,34,7,11269171.7,128887388.9,4
CONT_s7_bola_Valkaama,1789497277.668,0.1052,30532,30,1,14093549.9,135837317.8,4
CONT_s7_bola_Valkaama,1789497277.773,0.105,26236,30,4,17996740.4,134693420.0,4
CONT_s7_bola_Valkaama,1789497277.878,0.1049,29184,31,1,16713005.6,136363781.2,4
CONT_s7_bola_Valkaama,1789497277.983,0.1052,29236,32,5,9673958.2,131276779.5,3
CONT_s7_bola_Valkaama,1789497278.088,0.105,27852,33,4,8402185.5,125272277.1,3
CONT_s7_bola_Valkaama,1789497278.193,0.1051,26224,30,6,15463913.7,129445084.7,4
CONT_s7_bola_Valkaama,1789497278.299,0.1052,30852,35,5,10047614.1,131139033.4,4
CONT_s7_bola_Valkaama,1789497278.404,0.1052,27988,34,6,11844089.9,134842532.4,4
CONT_s7_bola_Valkaama,1789497278.509,0.1052,29676,37,6,15481466.3,137271433.6,4
CONT_s7_bola_Valkaama,1789497278.614,0.1048,27916,34,6,18007647.8,109956570.4,4
CONT_s7_bola_Valkaama,1789497278.719,0.105,27736,31,5,13328708.3,110158606.3,4
CONT_s7_bola_Valkaama,1789497278.824,0.105,29236,32,5,13396107.4,112226051.2,4
CONT_s7_bola_Valkaama,1789497278.929,0.1051,27700,31,2,13418671.0,112814472.9,4
CONT_s7_bola_Valkaama,1789497279.034,0.1051,27620,29,4,17631878.4,115119984.2,4
CONT_s7_bola_Valkaama,1789497279.139,0.105,27596,29,1,15034751.3,122638696.2,4
CONT_s7_bola_Valkaama,1789497279.244,0.1051,27532,28,2,15124719.2,120194123.6,4
CONT_s7_bola_Valkaama,1789497279.349,0.105,29212,32,2,13053940.8,125179676.8,4
CONT_s7_bola_Valkaama,1789497279.455,0.106,29368,33,8,14403125.0,123637673.0,4
CONT_s7_bola_Valkaama,1789497279.56,0.1049,27868,32,7,21565811.2,135121617.4,4
CONT_s7_bola_Valkaama,1789497279.665,0.1052,29620,35,1,21053591.0,132032212.2,4
CONT_s7_bola_Valkaama,1789497279.771,0.1062,27884,33,4,18628161.4,111942898.0,4
CONT_s7_bola_Valkaama,1789497279.876,0.105,27748,31,5,20877458.0,105828502.1,4
CONT_s7_bola_Valkaama,1789497279.981,0.105,29376,34,6,16482063.9,109169926.7,4
CONT_s7_bola_Valkaama,1789497280.086,0.105,28528,34,7,28761775.0,60790000.8,4
CONT_s7_bola_Valkaama,1789497280.191,0.105,28004,33,10,17328785.8,88210106.2,4
CONT_s7_bola_Valkaama,1789497280.297,0.1052,29108,30,3,14880469.3,118536856.4,4
CONT_s7_bola_Valkaama,1789497280.402,0.1049,26020,27,0,15178704.4,119469573.8,4
CONT_s7_bola_Valkaama,1789497280.507,0.1051,29236,32,4,16614805.5,117630164.2,4
CONT_s7_bola_Valkaama,1789497280.612,0.105,29128,30,3,21481362.5,126602875.5,4
CONT_s7_bola_Valkaama,1789497280.717,0.1051,27852,33,5,21071794.6,131398930.6,4
CONT_s7_bola_Valkaama,1789497280.822,0.105,26556,33,7,15954702.5,90038910.6,4
CONT_s7_bola_Valkaama,1789497280.927,0.1052,29300,33,7,15138160.3,121212063.8,4
CONT_s7_bola_Valkaama,1789497281.032,0.1051,29452,35,8,12232572.5,112130044.6,4
CONT_s7_bola_Valkaama,1789497281.137,0.1051,29300,33,7,9147692.0,123045972.9,4
CONT_s7_bola_Valkaama,1789497281.242,0.1052,27864,33,5,14661013.7,119863203.5,4
CONT_s7_bola_Valkaama,1789497281.347,0.1049,15516,19,4,24074277.1,97224882.1,4
CONT_s7_bola_Valkaama,1789497281.454,0.107,32884,42,10,12578757.2,43683256.5,4
CONT_s7_bola_Valkaama,1789497281.559,0.1048,27904,33,9,13131585.4,101529571.0,4
CONT_s7_bola_Valkaama,1789497281.664,0.1051,29236,32,4,13364708.1,132664180.7,4
CONT_s7_bola_Valkaama,1789497281.769,0.105,27988,34,1,15282663.7,135894917.0,4
CONT_s7_bola_Valkaama,1789497281.874,0.1049,27976,34,2,10846693.3,122494354.6,4
CONT_s7_bola_Valkaama,1789497281.979,0.105,23172,27,4,22216238.0,80418662.0,4
CONT_s7_bola_Valkaama,1789497282.084,0.105,9348,12,3,33301704.8,44670948.0,3
CONT_s7_bola_Valkaama,1789497282.189,0.1054,40636,50,17,10220592.3,57015923.9,4
CONT_s7_bola_Valkaama,1789497282.295,0.1051,27756,31,5,11989473.3,103667059.4,4
CONT_s7_bola_Valkaama,1789497282.4,0.1052,29096,30,2,10618228.4,106567100.0,4
CONT_s7_bola_Valkaama,1789497282.505,0.105,26400,32,7,18717138.5,109364497.1,4
CONT_s7_bola_Valkaama,1789497282.61,0.1051,29184,31,4,11571213.1,118803351.4,4
CONT_s7_bola_Valkaama,1789497282.715,0.1052,16876,18,1,32026274.4,71827674.3,4
CONT_s7_bola_Valkaama,1789497282.82,0.105,26548,32,14,15930814.7,39769306.6,4
CONT_s7_bola_Valkaama,1789497282.925,0.1051,28368,38,11,15838175.3,89000064.1,4
CONT_s7_bola_Valkaama,1789497283.03,0.1051,27832,32,8,13914417.3,120626304.3,4
CONT_s7_bola_Valkaama,1789497283.135,0.105,29300,33,5,13367514.2,125511058.0,4
CONT_s7_bola_Valkaama,1789497283.24,0.1051,27468,27,0,9784854.5,127190049.3,4
CONT_s7_bola_Valkaama,1789497283.345,0.1051,26948,30,3,18844434.8,123049754.7,4
CONT_s7_bola_Valkaama,1789497283.452,0.1062,9272,11,1,43981000.6,42052457.7,3
CONT_s7_bola_Valkaama,1789497283.557,0.1049,29873,40,15,23214604.1,43089449.1,4
CONT_s7_bola_Valkaama,1789497283.662,0.105,7604,7,0,36304794.0,50949709.7,2
CONT_s7_bola_Valkaama,1789497283.767,0.105,6104,6,0,34329062.0,41489973.3,2
CONT_s7_bola_Valkaama,1789497283.872,0.1052,10848,13,3,30717607.4,48468691.5,2
CONT_s7_bola_Valkaama,1789497283.977,0.1052,10796,12,3,27204257.9,51071025.5,2
CONT_s7_bola_Valkaama,1789497284.082,0.105,3104,4,0,25913668.5,51999911.5,2
CONT_s7_bola_Valkaama,1789497284.187,0.105,6220,8,1,27248556.0,44288917.8,3
CONT_s7_bola_Valkaama,1789497284.292,0.1051,9232,10,2,22792764.2,43409909.7,2
CONT_s7_bola_Valkaama,1789497284.397,0.1051,13912,16,3,22658296.7,50020332.5,2
CONT_s7_bola_Valkaama,1789497284.502,0.105,7668,8,1,22610089.2,46770453.8,2
CONT_s7_bola_Valkaama,1789497284.607,0.1051,10848,13,3,22371432.0,48703022.5,2
CONT_s7_bola_Valkaama,1789497284.712,0.1052,12308,14,0,23786548.5,50506732.4,4
CONT_s7_bola_Valkaama,1789497284.818,0.1053,17557,22,2,19406726.6,50953632.4,5
CONT_s7_bola_Valkaama,1789497284.923,0.1056,40797,49,8,11916544.5,45341256.3,4
CONT_s7_bola_Valkaama,1789497285.028,0.1051,28796,24,11,17878994.7,120904211.9,3
CONT_s7_bola_Valkaama,1789497285.134,0.1054,19656,16,2,20121095.9,114389540.8,3
CONT_s7_bola_Valkaama,1789497285.239,0.1054,21312,20,0,22955282.7,46997431.7,2
CONT_s7_bola_Valkaama,1789497285.345,0.1055,12432,15,5,23982794.7,46830549.9,2
CONT_s7_bola_Valkaama,1789497285.452,0.1076,10860,13,4,23545062.5,45064547.7,2
CONT_s7_bola_Valkaama,1789497285.557,0.105,9232,10,1,23394683.6,45783611.5,2
CONT_s7_bola_Valkaama,1789497285.663,0.1054,6104,6,0,23135725.7,41825208.6,2
CONT_s7_bola_Valkaama,1789497285.768,0.1054,10836,13,2,23427197.4,49239070.2,2
CONT_s7_bola_Valkaama,1789497285.873,0.1052,15464,18,4,20280915.1,47823400.7,2
CONT_s7_bola_Valkaama,1789497285.979,0.1052,9220,10,1,20064994.2,48270110.1,2
CONT_s7_bola_Valkaama,1789497286.084,0.1052,15260,15,0,21063509.7,47130305.0,2
CONT_s7_bola_Valkaama,1789497286.189,0.1052,15464,18,4,19336761.9,49232858.6,2
CONT_s7_bola_Valkaama,1789497286.294,0.1052,13860,15,2,18981470.0,42577087.9,2
CONT_s7_bola_Valkaama,1789497286.399,0.1051,7604,7,0,19730789.0,46880323.9,2
CONT_s7_bola_Valkaama,1789497286.505,0.1054,7882,9,0,22159481.9,42313865.1,2
CONT_s7_bola_Valkaama,1789497286.61,0.1053,8095,8,0,23482040.8,48456071.1,2
CONT_s7_bola_Valkaama,1789497286.715,0.1055,12360,14,3,25280831.6,44127015.0,2
CONT_s7_bola_Valkaama,1789497286.821,0.1052,8913,13,3,24530683.3,48083983.0,2
CONT_s7_bola_Valkaama,1789497286.926,0.1053,7796,10,3,25842323.5,45919580.6,2
CONT_s7_bola_Valkaama,1789497287.031,0.1052,7732,9,2,26282458.9,42211272.5,2
CONT_s7_bola_Valkaama,1789497287.136,0.1051,7732,9,1,26246410.4,51612949.1,2
CONT_s7_bola_Valkaama,1789497287.242,0.1054,9087,12,4,26394188.0,43405241.7,2
CONT_s7_bola_Valkaama,1789497287.347,0.1053,9284,11,2,24930240.5,43152662.4,2
CONT_s7_bola_Valkaama,1789497287.454,0.1067,9296,11,3,26429414.5,47483767.2,2
CONT_s7_bola_Valkaama,1789497287.559,0.1052,6440,9,2,26540292.2,41915682.4,2
CONT_s7_bola_Valkaama,1789497287.664,0.1053,0,0,0,0,0,0
CONT_s7_bola_Valkaama,1789497287.769,0.1051,0,0,0,0,0,0
CONT_s7_bola_Valkaama,1789497287.874,0.1051,0,0,0,0,0,0
CONT_s7_bola_Valkaama,1789497287.979,0.1051,0,0,0,0,0,0
CONT_s7_bola_Valkaama,1789497288.085,0.1051,0,0,0,0,0,0
CONT_s7_bola_Valkaama,1789497288.19,0.1052,0,0,0,0,0,0
CONT_s7_bola_Valkaama,1789497288.295,0.1053,0,0,0,0,0,0
CONT_s7_bola_Valkaama,1789497288.4,0.1053,0,0,0,0,0,0
CONT_s7_bola_Valkaama,1789497288.505,0.1051,0,0,0,0,0,0
CONT_s7_bola_Valkaama,1789497288.611,0.1052,0,0,0,0,0,0
CONT_s7_bola_Valkaama,1789497288.716,0.1053,0,0,0,0,0,0
CONT_s7_bola_Valkaama,1789497288.821,0.1052,0,0,0,0,0,0
CONT_s7_bola_Valkaama,1789497288.926,0.1053,0,0,0,0,0,0
CONT_s7_bola_Valkaama,1789497289.032,0.1052,0,0,0,0,0,0
CONT_s7_bola_Valkaama,1789497289.137,0.1051,0,0,0,0,0,0
CONT_s7_bola_Valkaama,1789497289.242,0.1053,0,0,0,0,0,0
CONT_s7_bola_Valkaama,1789497289.347,0.1051,0,0,0,0,0,0
CONT_s7_bola_Valkaama,1789497289.453,0.1062,0,0,0,0,0,0
CONT_s7_bola_Valkaama,1789497289.558,0.1051,0,0,0,0,0,0
CONT_s7_bola_Valkaama,1789497289.664,0.1055,0,0,0,0,0,0
CONT_s7_bola_Valkaama,1789497289.769,0.1053,0,0,0,0,0,0
CONT_s7_bola_Valkaama,1789497289.874,0.1051,0,0,0,0,0,0
CONT_s7_bola_Valkaama,1789497289.979,0.1051,0,0,0,0,0,0
CONT_s7_bola_Valkaama,1789497290.084,0.1051,0,0,0,0,0,0
CONT_s7_bola_Valkaama,1789497290.19,0.1052,0,0,0,0,0,0
CONT_s7_bola_Valkaama,1789497290.295,0.1054,0,0,0,0,0,0
CONT_s7_bola_Valkaama,1789497290.4,0.1051,0,0,0,0,0,0
CONT_s7_bola_Valkaama,1789497290.505,0.1052,0,0,0,0,0,0
CONT_s7_bola_Valkaama,1789497290.611,0.1052,654,1,0,214966004.0,0,1
CONT_s7_bola_Valkaama,1789497290.716,0.1053,5109,6,1,357885330.5,42855719.4,2
CONT_s7_bola_Valkaama,1789497290.821,0.1052,7668,8,1,281045932.1,48372926.1,2
CONT_s7_bola_Valkaama,1789497290.926,0.1054,7604,7,0,222076642.7,52149786.5,2
CONT_s7_bola_Valkaama,1789497291.032,0.1052,9296,11,3,167876227.8,45949842.0,2
CONT_s7_bola_Valkaama,1789497291.137,0.1051,10708,11,0,121287936.5,52157432.8,2
CONT_s7_bola_Valkaama,1789497291.242,0.1054,15548,15,0,80483759.7,44239469.3,2
CONT_s7_bola_Valkaama,1789497291.347,0.1051,11098,10,0,62347635.0,46373435.0,2
CONT_s7_bola_Valkaama,1789497291.454,0.1065,19760,18,0,42397879.0,48567006.4,2
CONT_s7_bola_Valkaama,1789497291.559,0.1052,23156,26,7,30246677.0,47905988.9,2
CONT_s7_bola_Valkaama,1789497291.665,0.1057,23016,24,3,19856198.9,48330206.0,2
CONT_s7_bola_Valkaama,1789497291.77,0.1053,6849,7,0,23307821.9,42685378.0,2
CONT_s7_bola_Valkaama,1789497291.875,0.1051,18676,23,6,17313069.1,40519130.0,2
CONT_s7_bola_Valkaama,1789497291.98,0.1052,13836,15,2,16276861.0,49095129.7,2
CONT_s7_bola_Valkaama,1789497292.085,0.1051,10720,11,1,18667108.4,51595942.7,2
CONT_s7_bola_Valkaama,1789497292.191,0.1053,9360,12,3,24188155.0,51917292.6,2
CONT_s7_bola_Valkaama,1789497292.296,0.1052,7668,8,1,25265518.5,46313072.8,2
CONT_s7_bola_Valkaama,1789497292.401,0.1051,7668,8,1,27488614.0,51533821.9,2
CONT_s7_bola_Valkaama,1789497292.506,0.1052,12208,12,0,26465283.0,47743514.4,2
CONT_s7_bola_Valkaama,1789497292.611,0.1054,18684,23,6,21911517.0,45446014.1,2
CONT_s7_bola_Valkaama,1789497292.717,0.1057,6104,6,0,25110627.0,49989685.2,2
CONT_s7_bola_Valkaama,1789497292.823,0.1055,9245,10,0,24272159.6,46763674.2,2
CONT_s7_bola_Valkaama,1789497292.928,0.1053,8239,10,2,24224303.5,51893098.6,2
CONT_s7_bola_Valkaama,1789497293.033,0.1052,13912,16,4,22521375.6,45980921.0,2
CONT_s7_bola_Valkaama,1789497293.138,0.1051,12432,15,4,22860303.1,51755794.5,2
CONT_s7_bola_Valkaama,1789497293.244,0.1054,6104,6,0,22557078.0,47621894.0,2
CONT_s7_bola_Valkaama,1789497293.349,0.1051,7796,10,3,25205159.5,47664579.6,2
CONT_s7_bola_Valkaama,1789497293.455,0.106,6168,7,1,25717456.9,52529761.6,2
CONT_s7_bola_Valkaama,1789497293.56,0.1054,7732,9,2,22835250.1,46221948.5,2
CONT_s7_bola_Valkaama,1789497293.666,0.1053,7732,9,1,24385310.7,49570617.6,2
CONT_s7_bola_Valkaama,1789497293.771,0.1053,12284,13,3,23156553.6,46567170.1,2
CONT_s7_bola_Valkaama,1789497293.876,0.1051,10796,12,2,22301478.3,46239000.8,2
CONT_s7_bola_Valkaama,1789497293.981,0.1052,9348,12,2,24767571.0,54477279.0,2
CONT_s7_bola_Valkaama,1789497294.086,0.1052,4546,6,1,26640487.5,35349304.6,2
CONT_s7_bola_Valkaama,1789497294.192,0.1052,7732,9,2,28110046.1,47851814.6,2
CONT_s7_bola_Valkaama,1789497294.297,0.1053,12284,13,2,29040973.9,46542218.1,2
CONT_s7_bola_Valkaama,1789497294.402,0.1054,12284,13,2,25679242.7,47270116.2,2
CONT_s7_bola_Valkaama,1789497294.508,0.1053,15336,16,2,23641367.8,48325322.7,2
CONT_s7_bola_Valkaama,1789497294.613,0.1051,15336,16,1,21444341.5,50445936.7,2
CONT_s7_bola_Valkaama,1789497294.718,0.1051,15208,14,0,18720809.1,43952050.6,2
CONT_s7_bola_Valkaama,1789497294.823,0.1052,16760,16,0,18574928.7,49935241.4,2
CONT_s7_bola_Valkaama,1789497294.928,0.1053,5113,5,0,21618819.2,47786436.6,2
CONT_s7_bola_Valkaama,1789497295.033,0.1051,17564,21,5,20023722.1,44086084.1,2
CONT_s7_bola_Valkaama,1789497295.139,0.1054,23156,26,5,14628343.7,46689263.6,2
CONT_s7_bola_Valkaama,1789497295.244,0.1052,21812,27,9,12786546.4,46944894.8,2
CONT_s7_bola_Valkaama,1789497295.349,0.1051,9296,11,3,16631903.7,49816851.4,2
CONT_s7_bola_Valkaama,1789497295.455,0.1061,7720,9,1,19735010.7,50901665.0,2
CONT_s7_bola_Valkaama,1789497295.56,0.1051,7668,8,1,23150758.6,53117955.5,2
CONT_s7_bola_Valkaama,1789497295.666,0.1052,15400,17,2,21479551.7,45657651.7,2
CONT_s7_bola_Valkaama,1789497295.771,0.1054,13708,13,0,20637162.5,50846772.9,2
CONT_s7_bola_Valkaama,1789497295.876,0.1051,18528,21,4,16499071.4,48877003.1,2
CONT_s7_bola_Valkaama,1789497295.981,0.1052,23220,27,3,15962515.8,44213880.0,2
CONT_s7_bola_Valkaama,1789497296.087,0.1052,16824,17,2,14509837.6,48143808.3,2
CONT_s7_bola_Valkaama,1789497296.192,0.1053,13836,15,2,17197481.6,48495898.6,2
CONT_s7_bola_Valkaama,1789497296.297,0.1053,12284,13,2,16886612.9,47255231.7,2
CONT_s7_bola_Valkaama,1789497296.403,0.1055,13836,15,2,20103571.2,43147858.1,2
CONT_s7_bola_Valkaama,1789497296.508,0.1052,10990,11,0,21423436.0,47769051.5,2
CONT_s7_bola_Valkaama,1789497296.613,0.1052,9820,12,2,19061037.5,45088314.3,2
CONT_s7_bola_Valkaama,1789497296.718,0.1052,16900,18,3,18724351.5,51528135.1,2
CONT_s7_bola_Valkaama,1789497296.823,0.1052,12208,12,0,20340687.3,46052246.7,2
CONT_s7_bola_Valkaama,1789497296.929,0.1053,15336,16,2,19803247.4,44170441.8,2
CONT_s7_bola_Valkaama,1789497297.034,0.1053,10796,12,2,21633210.7,47504395.8,2
CONT_s7_bola_Valkaama,1789497297.139,0.1051,12208,12,0,21961156.3,42022856.0,2
CONT_s7_bola_Valkaama,1789497297.244,0.1053,9296,11,3,23293207.2,49459734.4,2
CONT_s7_bola_Valkaama,1789497297.35,0.1052,9296,11,3,23421498.1,48623926.0,2
CONT_s7_bola_Valkaama,1789497297.456,0.1061,4604,5,0,23396500.0,49678788.1,2
CONT_s7_bola_Valkaama,1789497297.561,0.1053,12208,12,0,23529227.0,49988823.5,2
CONT_s7_bola_Valkaama,1789497297.666,0.1054,12208,12,0,22924322.3,50319756.6,2
CONT_s7_bola_Valkaama,1789497297.772,0.1054,18388,19,2,18294412.7,43736033.8,2
CONT_s7_bola_Valkaama,1789497297.877,0.1051,18312,18,0,18861899.3,48493058.6,2
CONT_s7_bola_Valkaama,1789497297.982,0.1053,21312,20,0,16765371.7,49668249.1,2
CONT_s7_bola_Valkaama,1789497298.088,0.1053,26364,31,9,12089557.7,46347093.8,2
CONT_s7_bola_Valkaama,1789497298.193,0.1053,9220,10,1,13894537.2,46761606.5,2
CONT_s7_bola_Valkaama,1789497298.298,0.1053,12208,12,0,17757198.7,54746404.2,2
CONT_s7_bola_Valkaama,1789497298.403,0.1051,4090,4,0,19019417.5,35925821.3,2
CONT_s7_bola_Valkaama,1789497298.508,0.1052,13860,15,5,17343296.8,47833694.1,2
CONT_s7_bola_Valkaama,1789497298.614,0.1052,9284,11,1,21201298.1,52134857.7,2
CONT_s7_bola_Valkaama,1789497298.719,0.1052,12208,12,0,22933723.3,50697752.0,2
CONT_s7_bola_Valkaama,1789497298.824,0.1052,18260,17,0,21901693.4,47500605.0,2
CONT_s7_bola_Valkaama,1789497298.929,0.1054,13900,16,1,21260248.3,48679850.8,2
CONT_s7_bola_Valkaama,1789497299.035,0.1053,26184,29,5,12934459.4,47622419.5,2
CONT_s7_bola_Valkaama,1789497299.14,0.1051,21580,24,3,10989446.9,46186867.7,2
CONT_s7_bola_Valkaama,1789497299.245,0.1053,10784,12,2,15084225.8,48231941.4,2
CONT_s7_bola_Valkaama,1789497299.35,0.1051,7668,8,1,18689541.1,47604043.9,2
CONT_s7_bola_Valkaama,1789497299.456,0.1059,12272,13,1,21410953.2,48598606.5,2
CONT_s7_bola_Valkaama,1789497299.561,0.1052,15400,17,3,19761257.8,45804848.6,2
CONT_s7_bola_Valkaama,1789497299.667,0.1052,18312,18,0,16988179.0,47212958.8,2
CONT_s7_bola_Valkaama,1789497299.772,0.1052,20092,23,6,13055133.2,48660221.5,2
CONT_s7_bola_Valkaama,1789497299.877,0.1051,19116,25,8,13045306.2,42896658.0,2
CONT_s7_bola_Valkaama,1789497299.982,0.1052,26436,32,9,12954582.3,43286584.9,2
CONT_s7_bola_Valkaama,1789497300.087,0.1052,18668,23,6,13849064.4,50366089.7,2
CONT_s7_bola_Valkaama,1789497300.193,0.1053,24608,27,5,11386483.5,46682643.8,2
CONT_s7_bola_Valkaama,1789497300.298,0.1053,10860,13,3,15167173.2,41893216.7,2
CONT_s7_bola_Valkaama,1789497300.403,0.1052,9360,12,2,17902399.0,47278612.8,2
CONT_s7_bola_Valkaama,1789497300.508,0.1052,7732,9,1,18415080.7,43908642.7,2
CONT_s7_bola_Valkaama,1789497300.613,0.1052,10604,9,1,19558771.8,46097166.8,2
CONT_s7_bola_Valkaama,1789497300.719,0.1054,14188,20,5,19682024.2,43084732.2,2
CONT_s7_bola_Valkaama,1789497300.824,0.1051,13836,15,3,18858290.8,49033981.6,2
CONT_s7_bola_Valkaama,1789497300.929,0.1051,12424,15,3,21499797.2,48136864.1,2
CONT_s7_bola_Valkaama,1789497301.034,0.1051,15400,17,1,21145605.4,48025403.1,2
CONT_s7_bola_Valkaama,1789497301.139,0.1052,15464,18,4,19052718.9,46319150.3,2
CONT_s7_bola_Valkaama,1789497301.245,0.1053,16964,19,3,16645827.4,46269506.8,2
CONT_s7_bola_Valkaama,1789497301.35,0.105,9156,9,0,19296185.3,46884104.3,2
CONT_s7_bola_Valkaama,1789497301.455,0.1056,12208,12,0,21177419.7,43004846.3,2
CONT_s7_bola_Valkaama,1789497301.56,0.1049,9296,11,2,23518560.5,45241622.3,2
CONT_s7_bola_Valkaama,1789497301.666,0.1053,6621,7,0,24332509.0,46302695.4,2
CONT_s7_bola_Valkaama,1789497301.771,0.1052,9232,10,2,27051643.8,47586902.3,2
CONT_s7_bola_Valkaama,1789497301.876,0.105,15208,14,0,24284164.0,47640811.2,2
CONT_s7_bola_Valkaama,1789497301.981,0.1052,13708,13,0,24612097.0,51427228.7,2
CONT_s7_bola_Valkaama,1789497302.086,0.1052,18949,20,0,17628384.6,48122752.2,4
CONT_s7_bola_Valkaama,1789497302.192,0.1055,31989,46,11,13127363.3,44906205.5,4
CONT_s7_bola_Valkaama,1789497302.297,0.1054,34468,43,16,11695284.7,64049455.9,4
CONT_s7_bola_Valkaama,1789497302.402,0.1052,30928,36,8,11643039.2,110340676.2,4
CONT_s7_bola_Valkaama,1789497302.507,0.1053,27608,29,3,11009090.1,103437075.8,4
CONT_s7_bola_Valkaama,1789497302.613,0.1053,27736,31,4,12232675.7,97313651.2,4
CONT_s7_bola_Valkaama,1789497302.718,0.1054,27928,34,8,14288907.2,93170547.3,4
CONT_s7_bola_Valkaama,1789497302.824,0.1054,27544,28,2,12405200.6,98090218.0,4
CONT_s7_bola_Valkaama,1789497302.929,0.1055,29300,33,3,10034439.9,89014171.5,4
CONT_s7_bola_Valkaama,1789497303.034,0.1053,29148,31,3,11726129.0,98719992.8,4
CONT_s7_bola_Valkaama,1789497303.139,0.105,25992,26,1,13893262.0,106076164.2,4
CONT_s7_bola_Valkaama,1789497303.245,0.106,30648,32,3,15052528.4,103171511.2,4
CONT_s7_bola_Valkaama,1789497303.351,0.1052,27608,29,2,15718657.4,112039238.3,4
CONT_s7_bola_Valkaama,1789497303.456,0.1052,29044,29,2,11303668.1,113560342.4,4
CONT_s7_bola_Valkaama,1789497303.561,0.1051,26172,29,2,13425830.2,110415217.5,4
CONT_s7_bola_Valkaama,1789497303.666,0.1053,29300,33,4,12657861.7,115165408.1,4
CONT_s7_bola_Valkaama,1789497303.772,0.1053,29148,31,3,17306546.7,119347282.7,4
CONT_s7_bola_Valkaama,1789497303.877,0.1052,27684,30,4,17147831.5,120053224.7,4
CONT_s7_bola_Valkaama,1789497303.982,0.1053,29184,31,4,13356028.0,127039607.5,4
CONT_s7_bola_Valkaama,1789497304.087,0.1053,26300,31,5,10173515.9,112814843.5,4
CONT_s7_bola_Valkaama,1789497304.193,0.1053,29212,32,4,13037723.4,124876858.1,4
CONT_s7_bola_Valkaama,1789497304.298,0.1054,29160,31,2,11308461.9,127957574.4,4
CONT_s7_bola_Valkaama,1789497304.404,0.1054,26172,29,4,16372079.6,130633782.6,4
CONT_s7_bola_Valkaama,1789497304.509,0.1053,30544,30,1,12676998.9,137953809.6,4
CONT_s7_bola_Valkaama,1789497304.614,0.1054,26596,34,3,13605362.0,135022392.0,4
CONT_s7_bola_Valkaama,1789497304.72,0.1054,30836,34,1,12748627.7,118318653.8,4
CONT_s7_bola_Valkaama,1789497304.825,0.1054,26440,33,8,15324414.5,92485357.2,4
CONT_s7_bola_Valkaama,1789497304.931,0.1058,27812,32,4,12407103.5,95489394.0,4
CONT_s7_bola_Valkaama,1789497305.036,0.1053,30660,32,3,16555865.7,103894333.8,4
CONT_s7_bola_Valkaama,1789497305.141,0.1054,27532,28,1,16701144.8,113394420.3,4
CONT_s7_bola_Valkaama,1789497305.247,0.1054,27948,34,8,11852661.8,113657967.4,4
CONT_s7_bola_Valkaama,1789497305.352,0.1051,29404,35,5,10693250.5,111453464.5,4
CONT_s7_bola_Valkaama,1789497305.457,0.1053,27684,30,4,13682201.0,121590112.9,4
CONT_s7_bola_Valkaama,1789497305.563,0.1055,29288,33,5,14903939.1,125193274.7,4
CONT_s7_bola_Valkaama,1789497305.668,0.1054,27608,29,2,15252197.0,122641731.2,4
CONT_s7_bola_Valkaama,1789497305.774,0.1054,27736,31,3,12250707.0,132370470.4,4
CONT_s7_bola_Valkaama,1789497305.879,0.1052,29556,37,8,18359385.9,132402589.2,4
CONT_s7_bola_Valkaama,1789497305.984,0.1053,27736,31,6,18293262.9,138520079.5,4
CONT_s7_bola_Valkaama,1789497306.089,0.1051,29556,36,2,15561441.5,133244264.2,4
CONT_s7_bola_Valkaama,1789497306.195,0.1054,28084,35,6,10740808.5,127218062.5,4
CONT_s7_bola_Valkaama,1789497306.3,0.1054,29276,33,4,19362726.0,112836904.7,4
CONT_s7_bola_Valkaama,1789497306.405,0.1051,26184,29,5,16924414.8,109334240.0,4
CONT_s7_bola_Valkaama,1789497306.51,0.1053,30968,36,8,12958184.5,103147444.1,4
CONT_s7_bola_Valkaama,1789497306.616,0.1054,27963,35,7,13239389.1,109743044.9,4
CONT_s7_bola_Valkaama,1789497306.721,0.1054,29416,35,5,17929065.9,113727799.8,4
CONT_s7_bola_Valkaama,1789497306.827,0.1054,27616,29,2,22242355.0,123049095.9,4
CONT_s7_bola_Valkaama,1789497306.932,0.1055,29528,36,5,12347620.3,129410842.0,4
CONT_s7_bola_Valkaama,1789497307.037,0.1053,27672,30,2,15096085.1,124567659.2,4
CONT_s7_bola_Valkaama,1789497307.143,0.1054,26300,31,5,12246423.8,120366428.1,4
CONT_s7_bola_Valkaama,1789497307.248,0.1055,30660,32,3,10735695.5,125918148.5,4
CONT_s7_bola_Valkaama,1789497307.353,0.1052,28244,36,5,11827077.9,120374589.9,4
CONT_s7_bola_Valkaama,1789497307.459,0.1053,29452,35,8,13185432.2,125232161.4,4
CONT_s7_bola_Valkaama,1789497307.564,0.1053,26484,32,4,12789778.7,128649657.4,4
CONT_s7_bola_Valkaama,1789497307.669,0.1054,29108,30,1,11764596.6,134646606.1,4
CONT_s7_bola_Valkaama,1789497307.775,0.1054,29676,37,10,13016039.4,111483893.2,4
CONT_s7_bola_Valkaama,1789497307.88,0.1052,28120,35,10,11795828.4,121496643.1,4
CONT_s7_bola_Valkaama,1789497307.985,0.1052,20056,23,4,14913610.2,119429487.4,4
CONT_s7_bola_Valkaama,1789497308.09,0.1053,37508,46,15,13921033.2,43128537.0,4
CONT_s7_bola_Valkaama,1789497308.196,0.1055,27840,32,5,9209943.3,125350265.1,4
CONT_s7_bola_Valkaama,1789497308.301,0.1054,15504,19,3,23734630.4,121143054.0,4
CONT_s7_bola_Valkaama,1789497308.407,0.1054,36128,45,16,12991024.8,41352608.3,4
CONT_s7_bola_Valkaama,1789497308.512,0.1052,27944,32,9,14383946.6,112666555.0,4
CONT_s7_bola_Valkaama,1789497308.617,0.1054,18388,19,0,21183948.2,134635761.0,4
CONT_s7_bola_Valkaama,1789497308.723,0.1054,29588,36,4,23100964.1,49293181.2,4
CONT_s7_bola_Valkaama,1789497308.829,0.1058,34320,41,13,14429340.4,70906670.5,4
CONT_s7_bola_Valkaama,1789497308.934,0.1054,28024,35,7,13736694.5,115103393.1,4
CONT_s7_bola_Valkaama,1789497309.039,0.1052,26404,31,7,19706741.9,103762430.3,4
CONT_s7_bola_Valkaama,1789497309.144,0.1053,30480,29,4,18869393.1,133244950.4,4
CONT_s7_bola_Valkaama,1789497309.25,0.1054,27208,22,1,23571389.4,108111518.3,3
CONT_s7_bola_Valkaama,1789497309.355,0.1052,18464,20,3,22992400.0,53164300.7,2
CONT_s7_bola_Valkaama,1789497309.46,0.1052,26212,29,4,14961935.3,52205132.5,2
CONT_s7_bola_Valkaama,1789497309.566,0.1054,21644,25,4,12181883.9,47509161.7,2
CONT_s7_bola_Valkaama,1789497309.671,0.1055,7546,10,3,11732293.5,42113144.5,2
CONT_s7_bola_Valkaama,1789497309.777,0.1054,19900,20,2,15760490.8,50282832.0,2
CONT_s7_bola_Valkaama,1789497309.882,0.1052,10860,13,3,18568212.5,46915399.1,2
CONT_s7_bola_Valkaama,1789497309.987,0.1053,18592,22,6,15364903.0,47850423.1,2
CONT_s7_bola_Valkaama,1789497310.092,0.1053,15336,16,1,17053713.0,50040984.3,2
CONT_s7_bola_Valkaama,1789497310.198,0.1054,7656,8,0,18482985.4,41515513.2,2
CONT_s7_bola_Valkaama,1789497310.303,0.1055,9296,11,2,18430173.3,44126487.2,2
CONT_s7_bola_Valkaama,1789497310.408,0.1052,9232,10,2,21806029.6,44403773.6,2
CONT_s7_bola_Valkaama,1789497310.514,0.1053,12336,14,3,19510660.1,44929627.6,2
CONT_s7_bola_Valkaama,1789497310.619,0.1052,10720,11,1,21875145.3,48685984.4,2
CONT_s7_bola_Valkaama,1789497310.724,0.1052,13912,16,2,19836105.2,46958284.6,2
CONT_s7_bola_Valkaama,1789497310.832,0.1082,10860,13,2,22010937.5,49400663.7,2
CONT_s7_bola_Valkaama,1789497310.938,0.1054,13836,15,2,23545362.8,49017124.6,2
CONT_s7_bola_Valkaama,1789497311.043,0.1053,12412,15,2,19832498.4,48908229.8,2
CONT_s7_bola_Valkaama,1789497311.148,0.1052,18536,21,5,16587023.6,45578017.0,2
CONT_s7_bola_Valkaama,1789497311.254,0.1058,15400,17,2,17102111.6,48860722.9,2
CONT_s7_bola_Valkaama,1789497311.36,0.1054,15400,17,4,16118510.2,46748160.3,2
CONT_s7_bola_Valkaama,1789497311.465,0.1054,11170,14,3,16598848.0,43265739.4,2
CONT_s7_bola_Valkaama,1789497311.57,0.1055,13720,13,1,17650414.9,48701545.7,2
CONT_s7_bola_Valkaama,1789497311.676,0.1054,15388,17,2,16724170.5,44349688.8,2
CONT_s7_bola_Valkaama,1789497311.781,0.1054,16824,17,1,13788735.4,47683914.5,2
CONT_s7_bola_Valkaama,1789497311.887,0.1053,15400,17,2,14886734.6,49624267.6,2
CONT_s7_bola_Valkaama,1789497311.992,0.1054,12336,14,3,15790165.7,51712507.6,2
CONT_s7_bola_Valkaama,1789497312.097,0.1053,10720,11,1,16808889.5,50542624.2,2
CONT_s7_bola_Valkaama,1789497312.203,0.1055,12208,12,0,18344628.3,48357353.3,2
CONT_s7_bola_Valkaama,1789497312.308,0.1055,15336,16,2,18247053.8,47828017.6,2
CONT_s7_bola_Valkaama,1789497312.414,0.1056,26184,29,4,13746393.1,46270100.5,2
CONT_s7_bola_Valkaama,1789497312.519,0.1054,7009,8,2,14309472.1,51526528.2,2
CONT_s7_bola_Valkaama,1789497312.625,0.1053,0,0,0,0,0,0
CONT_s7_bola_Valkaama,1789497312.73,0.1055,0,0,0,0,0,0
CONT_s7_bola_Valkaama,1789497312.836,0.1059,0,0,0,0,0,0
CONT_s7_bola_Valkaama,1789497312.942,0.1055,0,0,0,0,0,0
CONT_s7_bola_Valkaama,1789497313.047,0.1053,0,0,0,0,0,0
CONT_s7_bola_Valkaama,1789497313.152,0.1054,0,0,0,0,0,0
CONT_s7_bola_Valkaama,1789497313.258,0.1054,0,0,0,0,0,0
CONT_s7_bola_Valkaama,1789497313.363,0.1052,0,0,0,0,0,0
CONT_s7_bola_Valkaama,1789497313.468,0.1053,0,0,0,0,0,0
CONT_s7_bola_Valkaama,1789497313.573,0.1054,0,0,0,0,0,0
CONT_s7_bola_Valkaama,1789497313.679,0.1054,0,0,0,0,0,0
CONT_s7_bola_Valkaama,1789497313.785,0.1058,0,0,0,0,0,0
CONT_s7_bola_Valkaama,1789497313.89,0.1052,0,0,0,0,0,0
CONT_s7_bola_Valkaama,1789497313.995,0.1053,0,0,0,0,0,0
CONT_s7_bola_Valkaama,1789497314.1,0.1053,0,0,0,0,0,0
CONT_s7_bola_Valkaama,1789497314.206,0.1053,0,0,0,0,0,0
CONT_s7_bola_Valkaama,1789497314.311,0.1054,0,0,0,0,0,0
CONT_s7_bola_Valkaama,1789497314.416,0.1052,0,0,0,0,0,0
CONT_s7_bola_Valkaama,1789497314.522,0.1053,0,0,0,0,0,0
CONT_s7_bola_Valkaama,1789497314.627,0.1053,0,0,0,0,0,0
CONT_s7_bola_Valkaama,1789497314.732,0.1054,0,0,0,0,0,0
CONT_s7_bola_Valkaama,1789497314.838,0.1056,0,0,0,0,0,0
CONT_s7_bola_Valkaama,1789497314.946,0.1079,0,0,0,0,0,0
CONT_s7_bola_Valkaama,1789497315.051,0.1054,11268,10,0,253710289.0,19284950.8,2
CONT_s7_bola_Valkaama,1789497315.157,0.1053,22964,23,2,124105387.1,19802140.8,2
CONT_s7_bola_Valkaama,1789497315.262,0.1057,32220,33,3,51629905.9,19732881.4,2
CONT_s7_bola_Valkaama,1789497315.368,0.1055,29120,30,1,27031886.0,19749786.8,2
CONT_s7_bola_Valkaama,1789497315.473,0.1055,34760,28,0,13442147.0,20053687.8,2
CONT_s7_bola_Valkaama,1789497315.579,0.1056,20920,17,0,12480239.9,20023755.8,2
CONT_s7_bola_Valkaama,1789497315.684,0.1054,0,0,0,0,0,0
CONT_s7_bola_Valkaama,1789497315.79,0.1054,0,0,0,0,0,0
CONT_s7_bola_Valkaama,1789497315.895,0.1055,0,0,0,0,0,0
CONT_s7_bola_Valkaama,1789497316.0,0.1054,0,0,0,0,0,0
CONT_s7_bola_Valkaama,1789497316.106,0.1054,0,0,0,0,0,0
CONT_s7_bola_Valkaama,1789497316.211,0.1054,0,0,0,0,0,0
CONT_s7_bola_Valkaama,1789497316.316,0.1053,0,0,0,0,0,0
CONT_s7_bola_Valkaama,1789497316.422,0.1053,0,0,0,0,0,0
CONT_s7_bola_Valkaama,1789497316.527,0.1054,0,0,0,0,0,0
CONT_s7_bola_Valkaama,1789497316.633,0.1054,0,0,0,0,0,0
CONT_s7_bola_Valkaama,1789497316.738,0.1054,0,0,0,0,0,0
CONT_s7_bola_Valkaama,1789497316.843,0.1054,0,0,0,0,0,0
CONT_s7_bola_Valkaama,1789497316.95,0.1065,0,0,0,0,0,0
CONT_s7_bola_Valkaama,1789497317.055,0.1054,0,0,0,0,0,0
CONT_s7_bola_Valkaama,1789497317.161,0.1053,0,0,0,0,0,0
CONT_s7_bola_Valkaama,1789497317.266,0.1055,0,0,0,0,0,0
CONT_s7_bola_Valkaama,1789497317.371,0.1053,0,0,0,0,0,0
CONT_s7_bola_Valkaama,1789497317.477,0.1053,0,0,0,0,0,0
CONT_s7_bola_Valkaama,1789497317.582,0.1053,0,0,0,0,0,0
CONT_s7_bola_Valkaama,1789497317.687,0.1053,0,0,0,0,0,0
CONT_s7_bola_Valkaama,1789497317.793,0.1053,0,0,0,0,0,0
CONT_s7_bola_Valkaama,1789497317.898,0.1054,0,0,0,0,0,0
CONT_s7_bola_Valkaama,1789497318.003,0.1053,0,0,0,0,0,0
CONT_s7_bola_Valkaama,1789497318.109,0.1053,0,0,0,0,0,0
CONT_s7_bola_Valkaama,1789497318.214,0.1055,0,0,0,0,0,0
CONT_s7_bola_Valkaama,1789497318.32,0.1055,0,0,0,0,0,0
CONT_s7_bola_Valkaama,1789497318.425,0.1055,0,0,0,0,0,0
CONT_s7_bola_Valkaama,1789497318.53,0.1054,0,0,0,0,0,0
CONT_s7_bola_Valkaama,1789497318.636,0.1054,0,0,0,0,0,0
CONT_s7_bola_Valkaama,1789497318.741,0.1053,0,0,0,0,0,0
CONT_s7_bola_Valkaama,1789497318.846,0.1053,0,0,0,0,0,0
CONT_s7_bola_Valkaama,1789497318.953,0.1066,0,0,0,0,0,0
CONT_s7_bola_Valkaama,1789497319.059,0.1055,0,0,0,0,0,0
CONT_s7_bola_Valkaama,1789497319.164,0.1053,39912,32,0,145666702.8,20686374.9,2
CONT_s7_bola_Valkaama,1789497319.27,0.1057,43864,36,0,60271020.0,28215052.3,2
CONT_s7_bola_Valkaama,1789497319.375,0.1053,48364,39,0,32562420.6,36547267.0,2
CONT_s7_bola_Valkaama,1789497319.48,0.1054,41568,45,5,22800723.8,25208689.9,2
CONT_s7_bola_Valkaama,1789497319.586,0.1055,36888,43,4,11497295.3,20695463.0,2
CONT_s7_bola_Valkaama,1789497319.691,0.1054,0,0,0,0,0,0
CONT_s7_bola_Valkaama,1789497319.797,0.1053,0,0,0,0,0,0
CONT_s7_bola_Valkaama,1789497319.902,0.1055,0,0,0,0,0,0
CONT_s7_bola_Valkaama,1789497320.007,0.1055,0,0,0,0,0,0
CONT_s7_bola_Valkaama,1789497320.113,0.1055,0,0,0,0,0,0
CONT_s7_bola_Valkaama,1789497320.218,0.1054,0,0,0,0,0,0
CONT_s7_bola_Valkaama,1789497320.324,0.1054,0,0,0,0,0,0
CONT_s7_bola_Valkaama,1789497320.429,0.1054,0,0,0,0,0,0
CONT_s7_bola_Valkaama,1789497320.534,0.1052,0,0,0,0,0,0
CONT_s7_bola_Valkaama,1789497320.64,0.1052,0,0,0,0,0,0
CONT_s7_bola_Valkaama,1789497320.745,0.1053,0,0,0,0,0,0
CONT_s7_bola_Valkaama,1789497320.85,0.1054,0,0,0,0,0,0
CONT_s7_bola_Valkaama,1789497320.957,0.1062,0,0,0,0,0,0
CONT_s7_bola_Valkaama,1789497321.062,0.1055,0,0,0,0,0,0
CONT_s7_bola_Valkaama,1789497321.167,0.1054,0,0,0,0,0,0
CONT_s7_bola_Valkaama,1789497321.273,0.1054,0,0,0,0,0,0
CONT_s7_bola_Valkaama,1789497321.378,0.1052,0,0,0,0,0,0
CONT_s7_bola_Valkaama,1789497321.483,0.1053,0,0,0,0,0,0
CONT_s7_bola_Valkaama,1789497321.588,0.1051,0,0,0,0,0,0
CONT_s7_bola_Valkaama,1789497321.694,0.1053,0,0,0,0,0,0
CONT_s7_bola_Valkaama,1789497321.799,0.1053,0,0,0,0,0,0
CONT_s7_bola_Valkaama,1789497321.904,0.1052,0,0,0,0,0,0
CONT_s7_bola_Valkaama,1789497322.009,0.1052,0,0,0,0,0,0
CONT_s7_bola_Valkaama,1789497322.115,0.1053,0,0,0,0,0,0
CONT_s7_bola_Valkaama,1789497322.22,0.1054,0,0,0,0,0,0
CONT_s7_bola_Valkaama,1789497322.326,0.1054,0,0,0,0,0,0
CONT_s7_bola_Valkaama,1789497322.431,0.1055,0,0,0,0,0,0
CONT_s7_bola_Valkaama,1789497322.536,0.1054,0,0,0,0,0,0
CONT_s7_bola_Valkaama,1789497322.641,0.1051,0,0,0,0,0,0
CONT_s7_bola_Valkaama,1789497322.747,0.1054,0,0,0,0,0,0
CONT_s7_bola_Valkaama,1789497322.852,0.1053,0,0,0,0,0,0
CONT_s7_bola_Valkaama,1789497322.957,0.1053,0,0,0,0,0,0
CONT_s7_bola_Valkaama,1789497323.063,0.1054,0,0,0,0,0,0
CONT_s7_bola_Valkaama,1789497323.168,0.1053,8204,7,0,386047408.9,22049606.2,2
CONT_s7_bola_Valkaama,1789497323.274,0.1055,27528,27,1,165884761.3,19803925.2,2
CONT_s7_bola_Valkaama,1789497323.379,0.1055,18400,19,2,99507135.8,19788627.3,2
CONT_s7_bola_Valkaama,1789497323.484,0.1053,29040,28,0,48093255.0,19818558.5,2
CONT_s7_bola_Valkaama,1789497323.59,0.1055,21324,20,2,31419190.5,19907295.5,2
CONT_s7_bola_Valkaama,1789497323.695,0.1056,18400,19,2,27518485.4,19731563.3,2
CONT_s7_bola_Valkaama,1789497323.801,0.1055,31900,28,0,16186204.8,19922462.3,2
CONT_s7_bola_Valkaama,1789497323.907,0.1058,15152,17,2,15483513.0,19761170.4,2
CONT_s7_bola_Valkaama,1789497324.012,0.1054,0,0,0,0,0,0
CONT_s7_bola_Valkaama,1789497324.118,0.1054,0,0,0,0,0,0
CONT_s7_bola_Valkaama,1789497324.223,0.1054,0,0,0,0,0,0
CONT_s7_bola_Valkaama,1789497324.329,0.1058,0,0,0,0,0,0
CONT_s7_bola_Valkaama,1789497324.435,0.1065,0,0,0,0,0,0
CONT_s7_bola_Valkaama,1789497324.541,0.1053,0,0,0,0,0,0
CONT_s7_bola_Valkaama,1789497324.646,0.1054,0,0,0,0,0,0
CONT_s7_bola_Valkaama,1789497324.751,0.1055,0,0,0,0,0,0
CONT_s7_bola_Valkaama,1789497324.857,0.1052,0,0,0,0,0,0
CONT_s7_bola_Valkaama,1789497324.962,0.1053,0,0,0,0,0,0
CONT_s7_bola_Valkaama,1789497325.067,0.1054,0,0,0,0,0,0
CONT_s7_bola_Valkaama,1789497325.172,0.1052,0,0,0,0,0,0
CONT_s7_bola_Valkaama,1789497325.278,0.1055,0,0,0,0,0,0
CONT_s7_bola_Valkaama,1789497325.383,0.1053,0,0,0,0,0,0
CONT_s7_bola_Valkaama,1789497325.489,0.1052,0,0,0,0,0,0
CONT_s7_bola_Valkaama,1789497325.594,0.1052,0,0,0,0,0,0
CONT_s7_bola_Valkaama,1789497325.699,0.1055,0,0,0,0,0,0
CONT_s7_bola_Valkaama,1789497325.805,0.1054,0,0,0,0,0,0
CONT_s7_bola_Valkaama,1789497325.91,0.1053,0,0,0,0,0,0
CONT_s7_bola_Valkaama,1789497326.015,0.1053,0,0,0,0,0,0
CONT_s7_bola_Valkaama,1789497326.121,0.1053,0,0,0,0,0,0
CONT_s7_bola_Valkaama,1789497326.226,0.1055,0,0,0,0,0,0
CONT_s7_bola_Valkaama,1789497326.335,0.1094,0,0,0,0,0,0
CONT_s7_bola_Valkaama,1789497326.442,0.1063,0,0,0,0,0,0
CONT_s7_bola_Valkaama,1789497326.547,0.1054,0,0,0,0,0,0
CONT_s7_bola_Valkaama,1789497326.653,0.1055,0,0,0,0,0,0
CONT_s7_bola_Valkaama,1789497326.758,0.1054,0,0,0,0,0,0
CONT_s7_bola_Valkaama,1789497326.863,0.1053,0,0,0,0,0,0
CONT_s7_bola_Valkaama,1789497326.969,0.1053,8718,8,0,331918725.0,19033272.1,2
CONT_s7_bola_Valkaama,1789497327.074,0.1053,39260,31,0,95978699.0,20037050.3,2
CONT_s7_bola_Valkaama,1789497327.179,0.1056,29260,32,3,63079334.2,19638914.4,2
CONT_s7_bola_Valkaama,1789497327.285,0.1056,48572,43,0,21609099.1,19932666.9,2
CONT_s7_bola_Valkaama,1789497327.391,0.1055,48520,42,0,12737846.4,22392705.2,2
CONT_s7_bola_Valkaama,1789497327.496,0.1056,45468,39,0,9883977.7,35241733.1,2
CONT_s7_bola_Valkaama,1789497327.601,0.1054,43184,48,3,7341127.9,23379464.0,2
CONT_s7_bola_Valkaama,1789497327.707,0.1055,24860,30,4,8228338.5,19551676.9,2
CONT_s7_bola_Valkaama,1789497327.813,0.1055,18400,19,2,11288968.7,19731733.4,2
CONT_s7_bola_Valkaama,1789497327.918,0.1053,31900,28,0,9507863.0,19920550.6,2
CONT_s7_bola_Valkaama,1789497328.023,0.1053,29016,28,2,9149027.9,19837318.4,2
CONT_s7_bola_Valkaama,1789497328.129,0.1055,45260,35,0,6521632.6,20054018.7,2
CONT_s7_bola_Valkaama,1789497328.234,0.1056,48364,39,0,6244202.0,23721419.3,2
CONT_s7_bola_Valkaama,1789497328.34,0.1059,40864,34,0,6148172.0,30944517.4,2
CONT_s7_bola_Valkaama,1789497328.447,0.1069,51228,41,0,6403203.1,31629146.9,2
CONT_s7_bola_Valkaama,1789497328.552,0.1055,37864,32,0,6724891.1,43880344.8,2
CONT_s7_bola_Valkaama,1789497328.658,0.1055,49272,53,7,6837697.3,24841668.4,2
CONT_s7_bola_Valkaama,1789497328.763,0.1055,42416,36,0,6900807.1,35245919.2,2
CONT_s7_bola_Valkaama,1789497328.869,0.1056,40968,36,0,6542112.5,37553077.5,2
CONT_s7_bola_Valkaama,1789497328.974,0.1054,46864,38,0,6580610.4,42580245.3,2
CONT_s7_bola_Valkaama,1789497329.08,0.1054,45364,37,0,6765830.7,47241793.6,2
CONT_s7_bola_Valkaama,1789497329.185,0.1053,43864,36,0,6810403.3,50315284.8,2
CONT_s7_bola_Valkaama,1789497329.291,0.1058,39260,31,0,6653678.3,54820465.6,2
CONT_s7_bola_Valkaama,1789497329.396,0.1053,39260,31,0,6741450.7,58442549.1,2
CONT_s7_bola_Valkaama,1789497329.502,0.1056,39572,34,0,5799597.7,41081869.7,2
CONT_s7_bola_Valkaama,1789497329.607,0.1054,49760,38,0,6516756.3,62887111.8,2
CONT_s7_bola_Valkaama,1789497329.713,0.1056,43760,34,0,6972974.1,67925190.6,2
CONT_s7_bola_Valkaama,1789497329.818,0.1056,45208,34,0,6590663.1,71873779.6,2
CONT_s7_bola_Valkaama,1789497329.924,0.1057,37708,29,0,6755350.6,72716491.0,2
CONT_s7_bola_Valkaama,1789497330.029,0.1053,42208,32,0,6850334.1,76148137.6,2
CONT_s7_bola_Valkaama,1789497330.135,0.1053,48208,36,0,6552334.9,79036267.6,2
CONT_s7_bola_Valkaama,1789497330.248,0.1137,42208,32,0,6830309.0,81853157.2,2
CONT_s7_bola_Valkaama,1789497330.354,0.1053,50296,46,0,6571037.8,74651408.3,2
CONT_s7_bola_Valkaama,1789497330.459,0.1059,45192,56,9,2324671.9,48413838.1,2
CONT_s7_bola_Valkaama,1789497330.565,0.1057,41400,46,2,3733487.8,40145057.8,2
CONT_s7_bola_Valkaama,1789497330.671,0.1056,48416,40,0,5860093.6,25693488.7,2
CONT_s7_bola_Valkaama,1789497330.776,0.1056,35552,40,4,7490005.6,21199053.3,2
CONT_s7_bola_Valkaama,1789497330.882,0.1053,30464,28,1,9236400.6,19870532.8,2
CONT_s7_bola_Valkaama,1789497330.987,0.1055,27452,26,2,9105633.3,19859321.2,2
CONT_s7_bola_Valkaama,1789497331.092,0.1053,40760,32,0,7705365.9,20038549.4,2
CONT_s7_bola_Valkaama,1789497331.198,0.1054,30528,29,3,8249312.7,19818979.6,2
CONT_s7_bola_Valkaama,1789497331.303,0.1055,49760,38,0,5701987.1,20074155.7,2
CONT_s7_bola_Valkaama,1789497331.409,0.1055,42364,35,0,6228384.4,27234596.5,2
CONT_s7_bola_Valkaama,1789497331.514,0.1054,45468,39,0,6566340.5,33906138.7,2
CONT_s7_bola_Valkaama,1789497331.619,0.1053,44260,42,0,6760321.3,35110912.8,2
CONT_s7_bola_Valkaama,1789497331.725,0.1055,36257,47,6,6780523.5,19544049.1,2
CONT_s7_bola_Valkaama,1789497331.832,0.1073,21155,23,1,8315433.0,18964503.6,2
CONT_s7_bola_Valkaama,1789497331.938,0.1059,26080,27,4,9896295.6,19743778.5,2
CONT_s7_bola_Valkaama,1789497332.044,0.1054,36260,29,0,7748436.3,20019597.0,2
CONT_s7_bola_Valkaama,1789497332.149,0.1053,33656,33,3,8971852.7,19782741.6,2
CONT_s7_bola_Valkaama,1789497332.255,0.1057,36520,34,0,8341080.3,19873958.6,2
CONT_s7_bola_Valkaama,1789497332.36,0.1053,35260,36,3,8222970.8,19723824.6,2
CONT_s7_bola_Valkaama,1789497332.465,0.1053,21516,23,2,8624020.8,19753445.1,2
CONT_s7_bola_Valkaama,1789497332.571,0.1056,34760,28,0,8158741.0,20020897.7,2
CONT_s7_bola_Valkaama,1789497332.676,0.1055,30528,29,3,8515374.2,19825684.9,2
CONT_s7_bola_Valkaama,1789497332.782,0.1057,49760,38,0,5744593.1,20067010.0,2
CONT_s7_bola_Valkaama,1789497332.888,0.1058,47072,42,0,6639571.3,26433803.4,2
CONT_s7_bola_Valkaama,1789497332.993,0.1054,47492,48,3,5181487.3,26798169.4,2
CONT_s7_bola_Valkaama,1789497333.099,0.1054,23396,29,7,9832346.8,19522819.5,2
CONT_s7_bola_Valkaama,1789497333.204,0.1054,30260,25,0,8850943.6,19993173.7,2
CONT_s7_bola_Valkaama,1789497333.309,0.1054,36208,28,0,6755385.0,20058503.0,2
CONT_s7_bola_Valkaama,1789497333.415,0.1053,12512,16,7,11874900.5,31539471.4,2
CONT_s7_bola_Valkaama,1789497333.52,0.1053,26080,27,2,11775119.0,19754814.6,2
CONT_s7_bola_Valkaama,1789497333.625,0.1053,18400,19,2,13296261.7,19732606.0,2
CONT_s7_bola_Valkaama,1789497333.731,0.1058,34760,28,0,9258550.6,20020739.2,2
CONT_s7_bola_Valkaama,1789497333.837,0.1059,45260,35,0,6843201.6,20060475.3,2
CONT_s7_bola_Valkaama,1789497333.943,0.1059,46968,40,0,6157265.0,29730490.8,2
CONT_s7_bola_Valkaama,1789497334.048,0.1053,45364,37,0,6293898.1,34860927.2,2
CONT_s7_bola_Valkaama,1789497334.154,0.1054,42260,33,0,6164969.4,39501527.6,2
CONT_s7_bola_Valkaama,1789497334.259,0.1055,39208,30,0,5931583.5,43745506.8,2
CONT_s7_bola_Valkaama,1789497334.364,0.1053,49760,38,0,6136301.9,47664016.9,2
CONT_s7_bola_Valkaama,1789497334.47,0.1056,34760,28,0,6139433.1,52799958.5,2
CONT_s7_bola_Valkaama,1789497334.575,0.1054,48208,36,0,5948754.1,57250033.4,2
CONT_s7_bola_Valkaama,1789497334.681,0.1053,37656,28,0,5676253.9,58211033.2,2
CONT_s7_bola_Valkaama,1789497334.786,0.1054,52760,40,0,5910947.0,62465318.4,2
CONT_s7_bola_Valkaama,1789497334.892,0.1061,42260,33,0,6356991.0,65877009.9,2
CONT_s7_bola_Valkaama,1789497334.998,0.1054,46372,52,9,5183629.9,45774000.8,2
CONT_s7_bola_Valkaama,1789497335.103,0.1055,44748,50,1,3671843.0,41235964.3,2
CONT_s7_bola_Valkaama,1789497335.209,0.1057,44608,48,1,4400475.5,27163910.2,2
CONT_s7_bola_Valkaama,1789497335.314,0.1055,44480,46,2,5964973.7,25378765.2,2
CONT_s7_bola_Valkaama,1789497335.42,0.1055,38404,41,1,5544326.4,19921098.4,2
CONT_s7_bola_Valkaama,1789497335.525,0.1054,22683,22,0,6182768.5,19336226.6,2
CONT_s7_bola_Valkaama,1789497335.631,0.1054,0,0,0,0,0,0
CONT_s7_bola_Valkaama,1789497335.736,0.1054,1346,1,0,23080051.0,248349386.0,1
CONT_s7_bola_Valkaama,1789497335.842,0.1056,23565,23,2,21983930.4,20024784.1,2
CONT_s7_bola_Valkaama,1789497335.95,0.1084,21400,21,2,18195835.0,19830586.2,2
CONT_s7_bola_Valkaama,1789497336.056,0.1055,24260,21,0,14079971.8,19936692.7,2
CONT_s7_bola_Valkaama,1789497336.161,0.1053,40760,32,0,8274477.5,20046539.7,2
CONT_s7_bola_Valkaama,1789497336.266,0.1054,48364,39,0,6459215.4,24379850.9,2
CONT_s7_bola_Valkaama,1789497336.372,0.1053,44336,43,4,7372103.5,19860185.5,2
CONT_s7_bola_Valkaama,1789497336.477,0.1054,48572,43,0,7098969.6,24899303.5,2
CONT_s7_bola_Valkaama,1789497336.582,0.1054,43916,37,0,7129604.2,33767905.2,2
CONT_s7_bola_Valkaama,1789497336.688,0.1054,36416,32,0,7092311.5,37726084.3,2
CONT_s7_bola_Valkaama,1789497336.793,0.1055,46992,40,0,7066394.7,39562010.1,2
CONT_s7_bola_Valkaama,1789497336.899,0.1053,44556,47,6,5780115.5,27999476.0,2
CONT_s7_bola_Valkaama,1789497337.004,0.1055,47236,44,0,6356107.8,33905783.5,2
CONT_s7_bola_Valkaama,1789497337.109,0.1054,40120,45,5,5574781.9,20365944.4,2
CONT_s7_bola_Valkaama,1789497337.215,0.1054,19964,21,4,7455710.1,19696532.6,2
CONT_s7_bola_Valkaama,1789497337.32,0.1056,43760,34,0,6578193.6,20057239.3,2
CONT_s7_bola_Valkaama,1789497337.426,0.1055,36708,36,4,7303973.0,19809875.5,2
CONT_s7_bola_Valkaama,1789497337.531,0.1053,35092,33,1,6851251.7,19887200.5,2
CONT_s7_bola_Valkaama,1789497337.636,0.1053,49760,38,0,5397358.2,20068575.6,2
CONT_s7_bola_Valkaama,1789497337.742,0.1053,36708,36,3,6524484.7,19860711.6,2
CONT_s7_bola_Valkaama,1789497337.847,0.1054,42464,36,0,6702842.2,19956726.5,2
CONT_s7_bola_Valkaama,1789497337.954,0.1067,32484,37,5,8293173.9,19589132.8,2
CONT_s7_bola_Valkaama,1789497338.059,0.1056,43760,34,0,6322171.6,20036399.2,2
CONT_s7_bola_Valkaama,1789497338.165,0.1053,45632,41,0,6635835.5,20728919.4,2
CONT_s7_bola_Valkaama,1789497338.27,0.1054,38156,36,3,7256575.1,19826316.9,2
CONT_s7_bola_Valkaama,1789497338.375,0.1053,51364,41,0,6382780.5,22221152.1,2
CONT_s7_bola_Valkaama,1789497338.481,0.1054,38016,34,0,6889598.3,27791857.2,2
CONT_s7_bola_Valkaama,1789497338.586,0.1054,34128,40,7,8258353.6,19515604.4,2
CONT_s7_bola_Valkaama,1789497338.692,0.1054,39260,31,0,6669133.1,20051802.3,2
CONT_s7_bola_Valkaama,1789497338.797,0.1054,46812,37,0,6043140.8,22797782.0,2
CONT_s7_bola_Valkaama,1789497338.902,0.1055,46864,38,0,6134941.6,30746926.1,2
CONT_s7_bola_Valkaama,1789497339.008,0.1054,23592,31,1,6903642.6,22177707.6,2
CONT_s7_bola_Valkaama,1789497339.113,0.1054,16791,15,0,10835139.2,39254938.6,2
CONT_s7_bola_Valkaama,1789497339.219,0.1055,27760,24,3,10581947.8,19984441.9,2
CONT_s7_bola_Valkaama,1789497339.324,0.1056,23012,22,1,11390200.0,22297530.3,2
CONT_s7_bola_Valkaama,1789497339.43,0.1056,3116,4,2,11833166.0,19472465.3,2
CONT_s7_bola_Valkaama,1789497339.535,0.1054,0,0,0,0,0,0
CONT_s7_bola_Valkaama,1789497339.641,0.1053,0,0,0,0,0,0
CONT_s7_bola_Valkaama,1789497339.746,0.1054,0,0,0,0,0,0
CONT_s7_bola_Valkaama,1789497339.851,0.1055,0,0,0,0,0,0
CONT_s7_bola_Valkaama,1789497339.957,0.1056,0,0,0,0,0,0
CONT_s7_bola_Valkaama,1789497340.062,0.1052,0,0,0,0,0,0
CONT_s7_bola_Valkaama,1789497340.168,0.1053,0,0,0,0,0,0
CONT_s7_bola_Valkaama,1789497340.273,0.1053,0,0,0,0,0,0
CONT_s7_bola_Valkaama,1789497340.378,0.1052,0,0,0,0,0,0
CONT_s7_bola_Valkaama,1789497340.483,0.1053,0,0,0,0,0,0
CONT_s7_bola_Valkaama,1789497340.589,0.1054,0,0,0,0,0,0
CONT_s7_bola_Valkaama,1789497340.694,0.1053,0,0,0,0,0,0
CONT_s7_bola_Valkaama,1789497340.799,0.1054,0,0,0,0,0,0
CONT_s7_bola_Valkaama,1789497340.905,0.1053,0,0,0,0,0,0
CONT_s7_bola_Valkaama,1789497341.01,0.1054,0,0,0,0,0,0
CONT_s7_bola_Valkaama,1789497341.115,0.1051,0,0,0,0,0,0
CONT_s7_bola_Valkaama,1789497341.221,0.1054,0,0,0,0,0,0
CONT_s7_bola_Valkaama,1789497341.326,0.1054,0,0,0,0,0,0
CONT_s7_bola_Valkaama,1789497341.432,0.106,0,0,0,0,0,0
CONT_s7_bola_Valkaama,1789497341.537,0.1053,0,0,0,0,0,0
CONT_s7_bola_Valkaama,1789497341.642,0.1052,0,0,0,0,0,0
CONT_s7_bola_Valkaama,1789497341.748,0.1052,0,0,0,0,0,0
CONT_s7_bola_Valkaama,1789497341.853,0.1054,0,0,0,0,0,0
CONT_s7_bola_Valkaama,1789497341.958,0.1054,0,0,0,0,0,0
CONT_s7_bola_Valkaama,1789497342.064,0.1053,0,0,0,0,0,0
CONT_s7_bola_Valkaama,1789497342.169,0.1052,0,0,0,0,0,0
CONT_s7_bola_Valkaama,1789497342.274,0.1053,0,0,0,0,0,0
CONT_s7_bola_Valkaama,1789497342.38,0.1053,0,0,0,0,0,0
CONT_s7_bola_Valkaama,1789497342.485,0.1053,0,0,0,0,0,0
CONT_s7_bola_Valkaama,1789497342.59,0.1052,0,0,0,0,0,0
CONT_s7_bola_Valkaama,1789497342.695,0.1052,0,0,0,0,0,0
CONT_s7_bola_Valkaama,1789497342.801,0.1053,0,0,0,0,0,0
CONT_s7_bola_Valkaama,1789497342.906,0.1053,654,1,0,233646647.0,0,1
CONT_s7_bola_Valkaama,1789497343.011,0.1054,26481,26,1,205999250.2,20085677.9,2
CONT_s7_bola_Valkaama,1789497343.117,0.1057,15357,17,1,128548830.4,18818262.0,2
CONT_s7_bola_Valkaama,1789497343.223,0.1055,31760,26,0,49854083.5,20226953.5,2
CONT_s7_bola_Valkaama,1789497343.328,0.1055,20097,23,3,43235560.6,19194933.7,2
CONT_s7_bola_Valkaama,1789497343.433,0.1053,39272,31,0,16769097.1,20063956.5,2
CONT_s7_bola_Valkaama,1789497343.539,0.1054,29220,31,3,16828386.1,19779399.7,2
CONT_s7_bola_Valkaama,1789497343.644,0.1055,3335,6,0,17985039.0,20163177.0,2
CONT_s7_bola_Valkaama,1789497343.749,0.1053,0,0,0,0,0,0
CONT_s7_bola_Valkaama,1789497343.855,0.1055,1564,2,1,32410614.5,237832890.5,2
CONT_s7_bola_Valkaama,1789497343.96,0.1054,0,0,0,0,0,0
CONT_s7_bola_Valkaama,1789497344.066,0.1059,2207,3,1,41344858.0,168142568.4,2
CONT_s7_bola_Valkaama,1789497344.172,0.1056,17203,16,0,29690595.2,19979283.8,2
CONT_s7_bola_Valkaama,1789497344.277,0.1055,18400,19,2,24426279.9,19745301.3,2
CONT_s7_bola_Valkaama,1789497344.383,0.1053,18400,19,1,18956374.2,19754499.0,2
CONT_s7_bola_Valkaama,1789497344.488,0.1055,28760,24,0,12613333.9,20023787.4,2
CONT_s7_bola_Valkaama,1789497344.593,0.1053,6541,7,0,12438096.1,19814863.5,2
CONT_s7_bola_Valkaama,1789497344.699,0.1054,0,0,0,0,0,0
CONT_s7_bola_Valkaama,1789497344.804,0.1054,4219,5,1,38416797.0,90870844.8,2
CONT_s7_bola_Valkaama,1789497344.91,0.1053,24400,23,0,22510147.9,20537337.7,2
CONT_s7_bola_Valkaama,1789497345.015,0.1054,22964,23,2,15612740.3,19799389.7,2
CONT_s7_bola_Valkaama,1789497345.12,0.1053,42260,33,0,8558306.1,20044425.4,2
CONT_s7_bola_Valkaama,1789497345.226,0.1054,16668,14,0,12446810.7,37015777.3,2
CONT_s7_bola_Valkaama,1789497345.334,0.1078,17128,21,8,15620989.8,19452450.7,2
CONT_s7_bola_Valkaama,1789497345.439,0.1057,45260,35,0,7698618.7,20077471.5,2
CONT_s7_bola_Valkaama,1789497345.545,0.1053,48416,40,0,7341158.0,25208092.9,2
CONT_s7_bola_Valkaama,1789497345.65,0.1054,34513,30,0,6108628.6,19718005.9,2
CONT_s7_bola_Valkaama,1789497345.756,0.1056,48312,38,0,6221706.7,37322001.7,2
CONT_s7_bola_Valkaama,1789497345.861,0.1055,36208,28,0,6261656.3,42459278.8,2
CONT_s7_bola_Valkaama,1789497345.966,0.1054,49812,39,0,6039157.5,44990975.4,2
CONT_s7_bola_Valkaama,1789497346.072,0.1054,44648,47,6,5541284.7,35027665.1,2
CONT_s7_bola_Valkaama,1789497346.177,0.1053,32858,33,1,6025199.9,26018097.4,2
CONT_s7_bola_Valkaama,1789497346.283,0.1054,48260,37,0,5529949.7,29939101.2,2
CONT_s7_bola_Valkaama,1789497346.388,0.1053,45364,37,0,6189871.4,42192094.7,2
CONT_s7_bola_Valkaama,1789497346.493,0.1054,39208,30,0,6041243.4,45676418.4,2
CONT_s7_bola_Valkaama,1789497346.599,0.1054,42260,33,0,6219151.6,49979949.6,2
CONT_s7_bola_Valkaama,1789497346.704,0.1054,46708,35,0,5972492.6,55312121.6,2
CONT_s7_bola_Valkaama,1789497346.809,0.1054,48208,36,0,5856355.8,57140189.5,2
CONT_s7_bola_Valkaama,1789497346.915,0.1055,40708,31,0,5770180.1,60546941.5,2
CONT_s7_bola_Valkaama,1789497347.02,0.1054,39208,30,0,6158191.7,64456964.7,2
CONT_s7_bola_Valkaama,1789497347.126,0.1054,45260,35,0,6822437.6,67378621.3,2
CONT_s7_bola_Valkaama,1789497347.231,0.1054,46168,37,0,7022520.7,64212663.0,2
CONT_s7_bola_Valkaama,1789497347.337,0.1061,32696,26,0,6594181.4,21639892.9,2
CONT_s7_bola_Valkaama,1789497347.446,0.1083,49760,38,0,7077890.6,75188429.4,2
CONT_s7_bola_Valkaama,1789497347.551,0.1052,48208,36,0,6956848.8,79491386.8,2
CONT_s7_bola_Valkaama,1789497347.656,0.1053,34864,30,0,5137474.4,68104544.4,2
CONT_s7_bola_Valkaama,1789497347.761,0.1053,51676,47,0,4089892.3,77817096.4,2
CONT_s7_bola_Valkaama,1789497347.867,0.1052,46820,57,1,5277593.7,71494161.6,2
CONT_s7_bola_Valkaama,1789497347.972,0.1053,43200,48,3,1331477.2,54345173.9,2
CONT_s7_bola_Valkaama,1789497348.077,0.1052,44984,52,4,2591815.9,41850657.6,2
CONT_s7_bola_Valkaama,1789497348.183,0.1054,42624,40,0,4985942.8,40925591.9,2
CONT_s7_bola_Valkaama,1789497348.288,0.1054,44124,41,0,5520934.9,42881103.5,2
CONT_s7_bola_Valkaama,1789497348.393,0.1052,43184,48,2,4048113.0,32659761.7,2
CONT_s7_bola_Valkaama,1789497348.498,0.1052,45624,42,0,5603191.4,35220872.3,2
CONT_s7_bola_Valkaama,1789497348.604,0.1054,43697,50,2,5291890.3,27079886.4,2
CONT_s7_bola_Valkaama,1789497348.709,0.1054,20822,18,1,5781343.3,20165749.8,2
CONT_s7_bola_Valkaama,1789497348.815,0.1057,44232,41,1,6860085.7,19844410.2,2
CONT_s7_bola_Valkaama,1789497348.92,0.1054,33684,34,3,7552052.5,19767102.8,2
CONT_s7_bola_Valkaama,1789497349.025,0.1052,30528,29,3,8804535.4,19827728.2,2
CONT_s7_bola_Valkaama,1789497349.131,0.1054,29016,28,2,8691444.6,19842503.5,2
CONT_s7_bola_Valkaama,1789497349.236,0.1054,29028,28,3,9908657.5,19820646.2,2
CONT_s7_bola_Valkaama,1789497349.342,0.1055,43760,34,0,6487472.5,20055914.3,2
CONT_s7_bola_Valkaama,1789497349.448,0.1067,49916,41,0,6379412.4,22042464.5,2
CONT_s7_bola_Valkaama,1789497349.554,0.1052,43968,38,0,6520768.1,32611617.6,2
CONT_s7_bola_Valkaama,1789497349.659,0.1053,45364,37,0,6425214.5,38021169.7,2
CONT_s7_bola_Valkaama,1789497349.764,0.1055,42416,36,0,6395894.6,43550543.3,2
CONT_s7_bola_Valkaama,1789497349.87,0.1052,40812,33,0,6581695.8,47474378.2,2
CONT_s7_bola_Valkaama,1789497349.975,0.1054,44152,36,0,6423731.5,49671666.5,2
CONT_s7_bola_Valkaama,1789497350.08,0.1053,42697,48,5,4842574.6,23722148.9,2
CONT_s7_bola_Valkaama,1789497350.186,0.1053,43336,50,2,3861062.9,30685783.4,2
CONT_s7_bola_Valkaama,1789497350.291,0.1055,42648,40,1,5594364.2,20480831.5,2
CONT_s7_bola_Valkaama,1789497350.396,0.1054,46968,40,0,5945969.1,23762617.2,2
CONT_s7_bola_Valkaama,1789497350.502,0.1053,30876,34,5,7880558.4,22896581.2,2
CONT_s7_bola_Valkaama,1789497350.607,0.1053,33696,34,1,6584470.5,19797621.3,2
CONT_s7_bola_Valkaama,1789497350.712,0.1052,33592,32,3,7950834.1,19823097.4,2
CONT_s7_bola_Valkaama,1789497350.818,0.1053,36520,34,0,7640986.1,19881493.5,2
CONT_s7_bola_Valkaama,1789497350.923,0.1052,51520,44,0,5839351.8,19967410.6,2
CONT_s7_bola_Valkaama,1789497351.028,0.1053,44824,51,3,6133030.3,20069874.8,2
CONT_s7_bola_Valkaama,1789497351.133,0.1053,29120,30,1,9312348.5,19753576.2,2
CONT_s7_bola_Valkaama,1789497351.239,0.1053,34760,28,0,7675993.1,20058429.2,2
CONT_s7_bola_Valkaama,1789497351.344,0.1052,45464,38,0,6407439.7,19971616.3,2
CONT_s7_bola_Valkaama,1789497351.451,0.1068,41364,42,4,6744932.8,19798970.3,2
CONT_s7_bola_Valkaama,1789497351.556,0.1052,51520,44,0,5983396.2,19956053.9,2
CONT_s7_bola_Valkaama,1789497351.661,0.1052,47020,41,0,6756937.1,29709993.9,2
CONT_s7_bola_Valkaama,1789497351.766,0.1053,42416,36,0,6872940.2,37929040.8,2
CONT_s7_bola_Valkaama,1789497351.871,0.1052,45312,36,0,6840750.3,42758404.0,2
CONT_s7_bola_Valkaama,1789497351.977,0.1055,44324,43,2,6807478.8,37090038.0,2
CONT_s7_bola_Valkaama,1789497352.082,0.1054,42892,44,5,5391606.6,30455926.9,2
CONT_s7_bola_Valkaama,1789497352.187,0.1052,44072,40,0,5926374.1,35494249.9,2
CONT_s7_bola_Valkaama,1789497352.293,0.1052,41020,37,0,6168927.9,40095289.5,2
CONT_s7_bola_Valkaama,1789497352.398,0.1052,30964,36,3,3915914.7,27098485.2,2
CONT_s7_bola_Valkaama,1789497352.503,0.1053,5616,7,1,12881217.7,33026252.1,2
CONT_s7_bola_Valkaama,1789497352.608,0.1052,27528,27,3,10927753.3,20469771.3,2
CONT_s7_bola_Valkaama,1789497352.714,0.1052,45260,35,0,6806158.0,20045876.1,2
CONT_s7_bola_Valkaama,1789497352.819,0.1053,35156,34,1,8342198.4,19801332.6,2
CONT_s7_bola_Valkaama,1789497352.924,0.1052,27400,25,2,9182375.7,19900964.8,2
CONT_s7_bola_Valkaama,1789497353.029,0.1053,36260,29,0,6749276.1,20020755.3,2
CONT_s7_bola_Valkaama,1789497353.135,0.1054,57416,46,0,6218762.8,23138565.3,2
CONT_s7_bola_Valkaama,1789497353.24,0.1055,40812,33,0,5915087.5,31375872.3,2
CONT_s7_bola_Valkaama,1789497353.345,0.1052,40812,33,0,5869480.4,38135086.1,2
CONT_s7_bola_Valkaama,1789497353.452,0.1066,45364,37,0,6269397.6,42305669.5,2
CONT_s7_bola_Valkaama,1789497353.557,0.1052,40708,31,0,6064751.7,48133495.5,2
CONT_s7_bola_Valkaama,1789497353.663,0.1054,43760,34,0,5966764.5,50194108.9,2
CONT_s7_bola_Valkaama,1789497353.768,0.1053,45208,34,0,5981315.7,55434417.9,2
CONT_s7_bola_Valkaama,1789497353.873,0.1052,39260,31,0,6504599.6,57444158.1,2
CONT_s7_bola_Valkaama,1789497353.978,0.1053,53832,56,6,5426248.1,45546751.5,2
CONT_s7_bola_Valkaama,1789497354.084,0.1053,43236,48,2,3177358.2,32787318.2,2
CONT_s7_bola_Valkaama,1789497354.189,0.1053,41352,42,3,6253169.2,27836041.6,2
CONT_s7_bola_Valkaama,1789497354.295,0.1055,28952,27,1,7861770.4,19884482.5,2
CONT_s7_bola_Valkaama,1789497354.4,0.1052,49812,39,0,5744535.9,20061032.7,2
CONT_s7_bola_Valkaama,1789497354.505,0.1053,39364,33,0,6323831.0,25156884.7,2
CONT_s7_bola_Valkaama,1789497354.611,0.1054,6256,8,3,13459968.5,38777653.3,2
CONT_s7_bola_Valkaama,1789497354.716,0.1053,45632,41,6,8390723.7,19879856.3,2
CONT_s7_bola_Valkaama,1789497354.821,0.1053,36912,39,3,8512870.2,19859821.0,2
CONT_s7_bola_Valkaama,1789497354.927,0.1054,25824,23,1,9814544.6,19914889.7,2
CONT_s7_bola_Valkaama,1789497355.032,0.1053,45260,35,0,6672798.7,20049426.8,2
CONT_s7_bola_Valkaama,1789497355.137,0.1053,54416,44,0,6287773.9,24841293.2,2
CONT_s7_bola_Valkaama,1789497355.243,0.1054,43916,37,0,6159516.1,33036846.6,2
CONT_s7_bola_Valkaama,1789497355.348,0.1052,42312,34,0,6212408.8,40589254.3,2
CONT_s7_bola_Valkaama,1789497355.455,0.1067,18040,13,0,6332840.3,43157256.0,2
CONT_s7_bola_Valkaama,1789497355.56,0.1053,0,0,0,0,0,0
CONT_s7_bola_Valkaama,1789497355.665,0.1053,0,0,0,0,0,0
CONT_s7_bola_Valkaama,1789497355.77,0.1053,0,0,0,0,0,0
CONT_s7_bola_Valkaama,1789497355.876,0.1052,0,0,0,0,0,0
CONT_s7_bola_Valkaama,1789497355.981,0.1057,0,0,0,0,0,0
CONT_s7_bola_Valkaama,1789497356.087,0.1054,0,0,0,0,0,0
CONT_s7_bola_Valkaama,1789497356.192,0.1053,0,0,0,0,0,0
CONT_s7_bola_Valkaama,1789497356.297,0.1054,0,0,0,0,0,0
CONT_s7_bola_Valkaama,1789497356.403,0.1054,0,0,0,0,0,0
CONT_s7_bola_Valkaama,1789497356.508,0.1053,0,0,0,0,0,0
CONT_s7_bola_Valkaama,1789497356.613,0.1052,0,0,0,0,0,0
CONT_s7_bola_Valkaama,1789497356.718,0.1051,0,0,0,0,0,0
CONT_s7_bola_Valkaama,1789497356.824,0.1052,0,0,0,0,0,0
CONT_s7_bola_Valkaama,1789497356.929,0.1054,0,0,0,0,0,0
CONT_s7_bola_Valkaama,1789497357.034,0.1053,0,0,0,0,0,0
CONT_s7_bola_Valkaama,1789497357.139,0.1051,0,0,0,0,0,0
CONT_s7_bola_Valkaama,1789497357.245,0.1052,0,0,0,0,0,0
CONT_s7_bola_Valkaama,1789497357.35,0.1052,0,0,0,0,0,0
CONT_s7_bola_Valkaama,1789497357.456,0.1062,0,0,0,0,0,0
CONT_s7_bola_Valkaama,1789497357.561,0.1054,0,0,0,0,0,0
CONT_s7_bola_Valkaama,1789497357.667,0.1052,0,0,0,0,0,0
CONT_s7_bola_Valkaama,1789497357.772,0.1052,0,0,0,0,0,0
CONT_s7_bola_Valkaama,1789497357.877,0.1052,0,0,0,0,0,0
CONT_s7_bola_Valkaama,1789497357.982,0.1052,0,0,0,0,0,0
CONT_s7_bola_Valkaama,1789497358.087,0.1054,0,0,0,0,0,0
CONT_s7_bola_Valkaama,1789497358.193,0.1053,0,0,0,0,0,0
CONT_s7_bola_Valkaama,1789497358.298,0.1053,0,0,0,0,0,0
CONT_s7_bola_Valkaama,1789497358.403,0.1052,0,0,0,0,0,0
CONT_s7_bola_Valkaama,1789497358.508,0.1052,0,0,0,0,0,0
CONT_s7_bola_Valkaama,1789497358.614,0.1052,0,0,0,0,0,0
CONT_s7_bola_Valkaama,1789497358.719,0.1054,0,0,0,0,0,0
CONT_s7_bola_Valkaama,1789497358.824,0.1053,0,0,0,0,0,0
CONT_s7_bola_Valkaama,1789497358.929,0.1052,0,0,0,0,0,0
CONT_s7_bola_Valkaama,1789497359.035,0.1053,0,0,0,0,0,0
CONT_s7_bola_Valkaama,1789497359.14,0.1053,0,0,0,0,0,0
CONT_s7_bola_Valkaama,1789497359.245,0.1053,0,0,0,0,0,0
CONT_s7_bola_Valkaama,1789497359.351,0.1052,0,0,0,0,0,0
CONT_s7_bola_Valkaama,1789497359.456,0.1057,0,0,0,0,0,0
CONT_s7_bola_Valkaama,1789497359.562,0.1055,0,0,0,0,0,0
CONT_s7_bola_Valkaama,1789497359.667,0.1053,0,0,0,0,0,0
CONT_s7_bola_Valkaama,1789497359.772,0.1052,0,0,0,0,0,0
CONT_s7_bola_Valkaama,1789497359.877,0.1052,0,0,0,0,0,0
CONT_s7_bola_Valkaama,1789497359.983,0.1053,0,0,0,0,0,0
CONT_s7_bola_Valkaama,1789497360.088,0.1053,0,0,0,0,0,0
CONT_s7_bola_Valkaama,1789497360.193,0.1053,0,0,0,0,0,0
CONT_s7_bola_Valkaama,1789497360.299,0.1053,0,0,0,0,0,0
CONT_s7_bola_Valkaama,1789497360.404,0.1054,0,0,0,0,0,0
CONT_s7_bola_Valkaama,1789497360.509,0.1054,0,0,0,0,0,0
CONT_s7_bola_Valkaama,1789497360.615,0.1055,0,0,0,0,0,0
CONT_s7_bola_Valkaama,1789497360.72,0.1054,0,0,0,0,0,0
CONT_s7_bola_Valkaama,1789497360.826,0.1053,0,0,0,0,0,0
CONT_s7_bola_Valkaama,1789497360.931,0.1053,0,0,0,0,0,0
CONT_s7_bola_Valkaama,1789497361.036,0.1053,0,0,0,0,0,0
CONT_s7_bola_Valkaama,1789497361.142,0.1054,0,0,0,0,0,0
CONT_s7_bola_Valkaama,1789497361.247,0.1054,0,0,0,0,0,0
CONT_s7_bola_Valkaama,1789497361.352,0.1052,0,0,0,0,0,0
CONT_s7_bola_Valkaama,1789497361.458,0.1056,0,0,0,0,0,0
CONT_s7_bola_Valkaama,1789497361.563,0.1054,0,0,0,0,0,0
CONT_s7_bola_Valkaama,1789497361.669,0.1053,0,0,0,0,0,0
CONT_s7_bola_Valkaama,1789497361.774,0.1053,0,0,0,0,0,0
CONT_s7_bola_Valkaama,1789497361.879,0.1052,0,0,0,0,0,0
CONT_s7_bola_Valkaama,1789497361.984,0.1052,0,0,0,0,0,0
CONT_s7_bola_Valkaama,1789497362.09,0.1053,0,0,0,0,0,0
CONT_s7_bola_Valkaama,1789497362.195,0.1052,0,0,0,0,0,0
CONT_s7_bola_Valkaama,1789497362.3,0.1054,0,0,0,0,0,0
CONT_s7_bola_Valkaama,1789497362.406,0.1054,0,0,0,0,0,0
CONT_s7_bola_Valkaama,1789497362.511,0.1053,0,0,0,0,0,0
CONT_s7_bola_Valkaama,1789497362.616,0.1053,0,0,0,0,0,0
CONT_s7_bola_Valkaama,1789497362.722,0.1053,0,0,0,0,0,0
CONT_s7_bola_Valkaama,1789497362.827,0.1055,0,0,0,0,0,0
CONT_s7_bola_Valkaama,1789497362.932,0.1053,0,0,0,0,0,0
CONT_s7_bola_Valkaama,1789497363.038,0.1053,0,0,0,0,0,0
CONT_s7_bola_Valkaama,1789497363.143,0.1055,0,0,0,0,0,0
CONT_s7_bola_Valkaama,1789497363.248,0.1053,0,0,0,0,0,0
CONT_s7_bola_Valkaama,1789497363.354,0.1052,0,0,0,0,0,0
CONT_s7_bola_Valkaama,1789497363.459,0.1053,0,0,0,0,0,0
CONT_s7_bola_Valkaama,1789497363.564,0.105,0,0,0,0,0,0
CONT_s7_bola_Valkaama,1789497363.669,0.1052,0,0,0,0,0,0
CONT_s7_bola_Valkaama,1789497363.775,0.1055,0,0,0,0,0,0
CONT_s7_bola_Valkaama,1789497363.88,0.1052,0,0,0,0,0,0
CONT_s7_bola_Valkaama,1789497363.985,0.1052,0,0,0,0,0,0
CONT_s7_bola_Valkaama,1789497364.09,0.1053,0,0,0,0,0,0
CONT_s7_bola_Valkaama,1789497364.196,0.1052,0,0,0,0,0,0
CONT_s7_bola_Valkaama,1789497364.301,0.1055,0,0,0,0,0,0
CONT_s7_bola_Valkaama,1789497364.406,0.1052,0,0,0,0,0,0
CONT_s7_bola_Valkaama,1789497364.512,0.1053,0,0,0,0,0,0
CONT_s7_bola_Valkaama,1789497364.617,0.1052,0,0,0,0,0,0
CONT_s7_bola_Valkaama,1789497364.722,0.1052,0,0,0,0,0,0
CONT_s7_bola_Valkaama,1789497364.828,0.1058,0,0,0,0,0,0
CONT_s7_bola_Valkaama,1789497364.933,0.1053,0,0,0,0,0,0
CONT_s7_bola_Valkaama,1789497365.038,0.1053,0,0,0,0,0,0
CONT_s7_bola_Valkaama,1789497365.143,0.1052,0,0,0,0,0,0
CONT_s7_bola_Valkaama,1789497365.249,0.1054,0,0,0,0,0,0
CONT_s7_bola_Valkaama,1789497365.354,0.1053,0,0,0,0,0,0
CONT_s7_bola_Valkaama,1789497365.459,0.1052,0,0,0,0,0,0
CONT_s7_bola_Valkaama,1789497365.565,0.1051,0,0,0,0,0,0
CONT_s7_bola_Valkaama,1789497365.67,0.1053,0,0,0,0,0,0
CONT_s7_bola_Valkaama,1789497365.775,0.1053,0,0,0,0,0,0
CONT_s7_bola_Valkaama,1789497365.88,0.1053,0,0,0,0,0,0
CONT_s7_bola_Valkaama,1789497365.986,0.1053,0,0,0,0,0,0
CONT_s7_bola_Valkaama,1789497366.091,0.1053,0,0,0,0,0,0
CONT_s7_bola_Valkaama,1789497366.196,0.1053,0,0,0,0,0,0
CONT_s7_bola_Valkaama,1789497366.302,0.1054,0,0,0,0,0,0
CONT_s7_bola_Valkaama,1789497366.407,0.1054,0,0,0,0,0,0
CONT_s7_bola_Valkaama,1789497366.513,0.1056,0,0,0,0,0,0
CONT_s7_bola_Valkaama,1789497366.618,0.1053,0,0,0,0,0,0
CONT_s7_bola_Valkaama,1789497366.723,0.1053,0,0,0,0,0,0
CONT_s7_bola_Valkaama,1789497366.829,0.106,0,0,0,0,0,0
CONT_s7_bola_Valkaama,1789497366.935,0.1052,0,0,0,0,0,0
CONT_s7_bola_Valkaama,1789497367.04,0.1052,0,0,0,0,0,0
CONT_s7_bola_Valkaama,1789497367.145,0.1053,0,0,0,0,0,0
CONT_s7_bola_Valkaama,1789497367.25,0.1053,0,0,0,0,0,0
CONT_s7_bola_Valkaama,1789497367.356,0.1052,0,0,0,0,0,0
CONT_s7_bola_Valkaama,1789497367.461,0.1052,0,0,0,0,0,0
CONT_s7_bola_Valkaama,1789497367.566,0.1054,0,0,0,0,0,0
CONT_s7_bola_Valkaama,1789497367.672,0.1053,0,0,0,0,0,0
CONT_s7_bola_Valkaama,1789497367.777,0.1053,0,0,0,0,0,0
CONT_s7_bola_Valkaama,1789497367.882,0.1052,0,0,0,0,0,0
CONT_s7_bola_Valkaama,1789497367.987,0.1052,0,0,0,0,0,0
CONT_s7_bola_Valkaama,1789497368.093,0.1053,0,0,0,0,0,0
CONT_s7_bola_Valkaama,1789497368.198,0.1053,0,0,0,0,0,0
CONT_s7_bola_Valkaama,1789497368.303,0.1054,0,0,0,0,0,0
CONT_s7_bola_Valkaama,1789497368.409,0.1054,0,0,0,0,0,0
CONT_s7_bola_Valkaama,1789497368.514,0.1054,0,0,0,0,0,0
CONT_s7_bola_Valkaama,1789497368.619,0.1054,0,0,0,0,0,0
CONT_s7_bola_Valkaama,1789497368.725,0.1053,0,0,0,0,0,0
CONT_s7_bola_Valkaama,1789497368.833,0.108,0,0,0,0,0,0
CONT_s7_bola_Valkaama,1789497368.938,0.1055,0,0,0,0,0,0
CONT_s7_bola_Valkaama,1789497369.044,0.1052,0,0,0,0,0,0
CONT_s7_bola_Valkaama,1789497369.149,0.1052,0,0,0,0,0,0
CONT_s7_bola_Valkaama,1789497369.254,0.1053,0,0,0,0,0,0
CONT_s7_bola_Valkaama,1789497369.359,0.1052,0,0,0,0,0,0
CONT_s7_bola_Valkaama,1789497369.464,0.1052,0,0,0,0,0,0
CONT_s7_bola_Valkaama,1789497369.57,0.1054,0,0,0,0,0,0
CONT_s7_bola_Valkaama,1789497369.675,0.1053,0,0,0,0,0,0
CONT_s7_bola_Valkaama,1789497369.78,0.1053,0,0,0,0,0,0
CONT_s7_bola_Valkaama,1789497369.886,0.1052,0,0,0,0,0,0
CONT_s7_bola_Valkaama,1789497369.991,0.1052,0,0,0,0,0,0
CONT_s7_bola_Valkaama,1789497370.096,0.1054,0,0,0,0,0,0
CONT_s7_bola_Valkaama,1789497370.202,0.1053,0,0,0,0,0,0
CONT_s7_bola_Valkaama,1789497370.307,0.1054,0,0,0,0,0,0
CONT_s7_bola_Valkaama,1789497370.412,0.1054,0,0,0,0,0,0
CONT_s7_bola_Valkaama,1789497370.518,0.1053,0,0,0,0,0,0
CONT_s7_bola_Valkaama,1789497370.623,0.1053,0,0,0,0,0,0
CONT_s7_bola_Valkaama,1789497370.728,0.1055,0,0,0,0,0,0
CONT_s7_bola_Valkaama,1789497370.836,0.1075,0,0,0,0,0,0
CONT_s7_bola_Valkaama,1789497370.943,0.1072,0,0,0,0,0,0
CONT_s7_bola_Valkaama,1789497371.048,0.1052,0,0,0,0,0,0
CONT_s7_bola_Valkaama,1789497371.154,0.1053,0,0,0,0,0,0
CONT_s7_bola_Valkaama,1789497371.259,0.1054,0,0,0,0,0,0
CONT_s7_bola_Valkaama,1789497371.364,0.1052,0,0,0,0,0,0
CONT_s7_bola_Valkaama,1789497371.469,0.1052,0,0,0,0,0,0
CONT_s7_bola_Valkaama,1789497371.575,0.1054,0,0,0,0,0,0
CONT_s7_bola_Valkaama,1789497371.68,0.1053,0,0,0,0,0,0
CONT_s7_bola_Valkaama,1789497371.785,0.1053,0,0,0,0,0,0
CONT_s7_bola_Valkaama,1789497371.89,0.1052,0,0,0,0,0,0
CONT_s7_bola_Valkaama,1789497371.996,0.1052,0,0,0,0,0,0
CONT_s7_bola_Valkaama,1789497372.101,0.1052,0,0,0,0,0,0
CONT_s7_bola_Valkaama,1789497372.206,0.1052,0,0,0,0,0,0
CONT_s7_bola_Valkaama,1789497372.312,0.1053,0,0,0,0,0,0
CONT_s7_bola_Valkaama,1789497372.417,0.1052,0,0,0,0,0,0
CONT_s7_bola_Valkaama,1789497372.522,0.1052,0,0,0,0,0,0
CONT_s7_bola_Valkaama,1789497372.627,0.1053,0,0,0,0,0,0
CONT_s7_bola_Valkaama,1789497372.733,0.1053,0,0,0,0,0,0
CONT_s7_bola_Valkaama,1789497372.839,0.1062,0,0,0,0,0,0
CONT_s7_bola_Valkaama,1789497372.946,0.1071,0,0,0,0,0,0
CONT_s7_bola_Valkaama,1789497373.051,0.1052,0,0,0,0,0,0
CONT_s7_bola_Valkaama,1789497373.156,0.1053,0,0,0,0,0,0
CONT_s7_bola_Valkaama,1789497373.262,0.1053,0,0,0,0,0,0
CONT_s7_bola_Valkaama,1789497373.367,0.1052,0,0,0,0,0,0
CONT_s7_bola_Valkaama,1789497373.472,0.1052,0,0,0,0,0,0
CONT_s7_bola_Valkaama,1789497373.578,0.1054,0,0,0,0,0,0
CONT_s7_bola_Valkaama,1789497373.683,0.1054,0,0,0,0,0,0
CONT_s7_bola_Valkaama,1789497373.788,0.1054,0,0,0,0,0,0
CONT_s7_bola_Valkaama,1789497373.894,0.1052,0,0,0,0,0,0
CONT_s7_bola_Valkaama,1789497373.999,0.1052,0,0,0,0,0,0
CONT_s7_bola_Valkaama,1789497374.104,0.1053,0,0,0,0,0,0
CONT_s7_bola_Valkaama,1789497374.209,0.1053,0,0,0,0,0,0
CONT_s7_bola_Valkaama,1789497374.315,0.1053,0,0,0,0,0,0
CONT_s7_bola_Valkaama,1789497374.42,0.1052,0,0,0,0,0,0
CONT_s7_bola_Valkaama,1789497374.525,0.1053,0,0,0,0,0,0
CONT_s7_bola_Valkaama,1789497374.63,0.1051,0,0,0,0,0,0
CONT_s7_bola_Valkaama,1789497374.735,0.1053,0,0,0,0,0,0
CONT_s7_bola_Valkaama,1789497374.841,0.1052,0,0,0,0,0,0
CONT_s7_bola_Valkaama,1789497374.948,0.1078,0,0,0,0,0,0
CONT_s7_bola_Valkaama,1789497375.054,0.1054,0,0,0,0,0,0
CONT_s7_bola_Valkaama,1789497375.159,0.1053,0,0,0,0,0,0
CONT_s7_bola_Valkaama,1789497375.264,0.1054,0,0,0,0,0,0
CONT_s7_bola_Valkaama,1789497375.37,0.1052,0,0,0,0,0,0
CONT_s7_bola_Valkaama,1789497375.475,0.1052,0,0,0,0,0,0
CONT_s7_bola_Valkaama,1789497375.58,0.1054,0,0,0,0,0,0
CONT_s7_bola_Valkaama,1789497375.686,0.1053,0,0,0,0,0,0
CONT_s7_bola_Valkaama,1789497375.791,0.1053,0,0,0,0,0,0
CONT_s7_bola_Valkaama,1789497375.896,0.1052,0,0,0,0,0,0
