run_id,t_epoch,dt,delta_bytes,delta_packets,delta_reorder,jitter_ns,rtt_ns,active_flows
CONT_s3_throughput_ElephantsDream,1789486233.579,0.1001,0,0,0,0,0,0
CONT_s3_throughput_ElephantsDream,1789486233.68,0.1014,0,0,0,0,0,0
CONT_s3_throughput_ElephantsDream,1789486233.781,0.1016,0,0,0,0,0,0
CONT_s3_throughput_ElephantsDream,1789486233.883,0.1016,0,0,0,0,0,0
CONT_s3_throughput_ElephantsDream,1789486233.985,0.1016,0,0,0,0,0,0
CONT_s3_throughput_ElephantsDream,1789486234.086,0.1015,0,0,0,0,0,0
CONT_s3_throughput_ElephantsDream,1789486234.188,0.1015,0,0,0,0,0,0
CONT_s3_throughput_ElephantsDream,1789486234.289,0.1014,0,0,0,0,0,0
CONT_s3_throughput_ElephantsDream,1789486234.391,0.1015,0,0,0,0,0,0
CONT_s3_throughput_ElephantsDream,1789486234.492,0.1015,0,0,0,0,0,0
CONT_s3_throughput_ElephantsDream,1789486234.593,0.1013,0,0,0,0,0,0
CONT_s3_throughput_ElephantsDream,1789486234.695,0.1014,0,0,0,0,0,0
CONT_s3_throughput_ElephantsDream,1789486234.796,0.1013,0,0,0,0,0,0
CONT_s3_throughput_ElephantsDream,1789486234.898,0.1017,0,0,0,0,0,0
CONT_s3_throughput_ElephantsDream,1789486235.0,0.1017,0,0,0,0,0,0
CONT_s3_throughput_ElephantsDream,1789486235.101,0.1014,0,0,0,0,0,0
CONT_s3_throughput_ElephantsDream,1789486235.202,0.1014,0,0,0,0,0,0
CONT_s3_throughput_ElephantsDream,1789486235.304,0.1014,0,0,0,0,0,0
CONT_s3_throughput_ElephantsDream,1789486235.405,0.1016,0,0,0,0,0,0
CONT_s3_throughput_ElephantsDream,1789486235.507,0.1017,0,0,0,0,0,0
CONT_s3_throughput_ElephantsDream,1789486235.608,0.1014,0,0,0,0,0,0
CONT_s3_throughput_ElephantsDream,1789486235.71,0.1014,0,0,0,0,0,0
CONT_s3_throughput_ElephantsDream,1789486235.811,0.1014,0,0,0,0,0,0
CONT_s3_throughput_ElephantsDream,1789486235.913,0.1016,0,0,0,0,0,0
CONT_s3_throughput_ElephantsDream,1789486236.014,0.1016,0,0,0,0,0,0
CONT_s3_throughput_ElephantsDream,1789486236.116,0.1013,0,0,0,0,0,0
CONT_s3_throughput_ElephantsDream,1789486236.217,0.1013,0,0,0,0,0,0
CONT_s3_throughput_ElephantsDream,1789486236.318,0.1013,0,0,0,0,0,0
CONT_s3_throughput_ElephantsDream,1789486236.42,0.1017,0,0,0,0,0,0
CONT_s3_throughput_ElephantsDream,1789486236.521,0.1015,0,0,0,0,0,0
CONT_s3_throughput_ElephantsDream,1789486236.623,0.1013,0,0,0,0,0,0
CONT_s3_throughput_ElephantsDream,1789486236.724,0.1014,0,0,0,0,0,0
CONT_s3_throughput_ElephantsDream,1789486236.825,0.1013,0,0,0,0,0,0
CONT_s3_throughput_ElephantsDream,1789486236.927,0.1017,0,0,0,0,0,0
CONT_s3_throughput_ElephantsDream,1789486237.029,0.1015,0,0,0,0,0,0
CONT_s3_throughput_ElephantsDream,1789486237.13,0.1014,0,0,0,0,0,0
CONT_s3_throughput_ElephantsDream,1789486237.231,0.1014,0,0,0,0,0,0
CONT_s3_throughput_ElephantsDream,1789486237.333,0.1016,0,0,0,0,0,0
CONT_s3_throughput_ElephantsDream,1789486237.434,0.1015,0,0,0,0,0,0
CONT_s3_throughput_ElephantsDream,1789486237.536,0.1014,0,0,0,0,0,0
CONT_s3_throughput_ElephantsDream,1789486237.637,0.1016,0,0,0,0,0,0
CONT_s3_throughput_ElephantsDream,1789486237.739,0.1013,0,0,0,0,0,0
CONT_s3_throughput_ElephantsDream,1789486237.84,0.1016,0,0,0,0,0,0
CONT_s3_throughput_ElephantsDream,1789486237.944,0.1032,0,0,0,0,0,0
CONT_s3_throughput_ElephantsDream,1789486238.045,0.1015,0,0,0,0,0,0
CONT_s3_throughput_ElephantsDream,1789486238.146,0.1013,0,0,0,0,0,0
CONT_s3_throughput_ElephantsDream,1789486238.248,0.1014,0,0,0,0,0,0
CONT_s3_throughput_ElephantsDream,1789486238.349,0.1015,0,0,0,0,0,0
CONT_s3_throughput_ElephantsDream,1789486238.451,0.1014,0,0,0,0,0,0
CONT_s3_throughput_ElephantsDream,1789486238.552,0.1014,0,0,0,0,0,0
CONT_s3_throughput_ElephantsDream,1789486238.653,0.1014,0,0,0,0,0,0
CONT_s3_throughput_ElephantsDream,1789486238.755,0.1013,0,0,0,0,0,0
CONT_s3_throughput_ElephantsDream,1789486238.856,0.1015,0,0,0,0,0,0
CONT_s3_throughput_ElephantsDream,1789486238.958,0.1015,0,0,0,0,0,0
CONT_s3_throughput_ElephantsDream,1789486239.059,0.1015,0,0,0,0,0,0
CONT_s3_throughput_ElephantsDream,1789486239.161,0.1013,0,0,0,0,0,0
CONT_s3_throughput_ElephantsDream,1789486239.262,0.1013,0,0,0,0,0,0
CONT_s3_throughput_ElephantsDream,1789486239.363,0.1015,0,0,0,0,0,0
CONT_s3_throughput_ElephantsDream,1789486239.465,0.1014,0,0,0,0,0,0
CONT_s3_throughput_ElephantsDream,1789486239.566,0.1013,0,0,0,0,0,0
CONT_s3_throughput_ElephantsDream,1789486239.667,0.1012,0,0,0,0,0,0
CONT_s3_throughput_ElephantsDream,1789486239.769,0.1013,0,0,0,0,0,0
CONT_s3_throughput_ElephantsDream,1789486239.87,0.1015,0,0,0,0,0,0
CONT_s3_throughput_ElephantsDream,1789486239.972,0.1014,0,0,0,0,0,0
CONT_s3_throughput_ElephantsDream,1789486240.073,0.1013,0,0,0,0,0,0
CONT_s3_throughput_ElephantsDream,1789486240.174,0.1013,0,0,0,0,0,0
CONT_s3_throughput_ElephantsDream,1789486240.276,0.1013,0,0,0,0,0,0
CONT_s3_throughput_ElephantsDream,1789486240.377,0.1015,0,0,0,0,0,0
CONT_s3_throughput_ElephantsDream,1789486240.479,0.1015,0,0,0,0,0,0
CONT_s3_throughput_ElephantsDream,1789486240.58,0.1013,0,0,0,0,0,0
CONT_s3_throughput_ElephantsDream,1789486240.681,0.1013,0,0,0,0,0,0
CONT_s3_throughput_ElephantsDream,1789486240.782,0.1014,0,0,0,0,0,0
CONT_s3_throughput_ElephantsDream,1789486240.884,0.1015,0,0,0,0,0,0
CONT_s3_throughput_ElephantsDream,1789486240.985,0.1015,0,0,0,0,0,0
CONT_s3_throughput_ElephantsDream,1789486241.087,0.1013,0,0,0,0,0,0
CONT_s3_throughput_ElephantsDream,1789486241.188,0.1013,0,0,0,0,0,0
CONT_s3_throughput_ElephantsDream,1789486241.289,0.1014,0,0,0,0,0,0
CONT_s3_throughput_ElephantsDream,1789486241.391,0.1015,0,0,0,0,0,0
CONT_s3_throughput_ElephantsDream,1789486241.492,0.1015,0,0,0,0,0,0
CONT_s3_throughput_ElephantsDream,1789486241.594,0.1013,0,0,0,0,0,0
CONT_s3_throughput_ElephantsDream,1789486241.695,0.1014,0,0,0,0,0,0
CONT_s3_throughput_ElephantsDream,1789486241.796,0.1014,0,0,0,0,0,0
CONT_s3_throughput_ElephantsDream,1789486241.898,0.1015,0,0,0,0,0,0
CONT_s3_throughput_ElephantsDream,1789486241.999,0.1015,0,0,0,0,0,0
CONT_s3_throughput_ElephantsDream,1789486242.101,0.1012,0,0,0,0,0,0
CONT_s3_throughput_ElephantsDream,1789486242.202,0.1013,0,0,0,0,0,0
CONT_s3_throughput_ElephantsDream,1789486242.303,0.1013,0,0,0,0,0,0
CONT_s3_throughput_ElephantsDream,1789486242.405,0.1015,0,0,0,0,0,0
CONT_s3_throughput_ElephantsDream,1789486242.506,0.1015,0,0,0,0,0,0
CONT_s3_throughput_ElephantsDream,1789486242.608,0.1013,0,0,0,0,0,0
CONT_s3_throughput_ElephantsDream,1789486242.709,0.1012,0,0,0,0,0,0
CONT_s3_throughput_ElephantsDream,1789486242.81,0.1014,0,0,0,0,0,0
CONT_s3_throughput_ElephantsDream,1789486242.912,0.1015,0,0,0,0,0,0
CONT_s3_throughput_ElephantsDream,1789486243.013,0.1015,0,0,0,0,0,0
CONT_s3_throughput_ElephantsDream,1789486243.114,0.1013,0,0,0,0,0,0
CONT_s3_throughput_ElephantsDream,1789486243.216,0.1013,0,0,0,0,0,0
CONT_s3_throughput_ElephantsDream,1789486243.317,0.1014,0,0,0,0,0,0
CONT_s3_throughput_ElephantsDream,1789486243.419,0.1015,0,0,0,0,0,0
CONT_s3_throughput_ElephantsDream,1789486243.52,0.1015,0,0,0,0,0,0
CONT_s3_throughput_ElephantsDream,1789486243.621,0.1013,0,0,0,0,0,0
CONT_s3_throughput_ElephantsDream,1789486243.723,0.1017,0,0,0,0,0,0
CONT_s3_throughput_ElephantsDream,1789486243.825,0.1014,0,0,0,0,0,0
CONT_s3_throughput_ElephantsDream,1789486243.926,0.1015,0,0,0,0,0,0
CONT_s3_throughput_ElephantsDream,1789486244.027,0.1015,0,0,0,0,0,0
CONT_s3_throughput_ElephantsDream,1789486244.129,0.1012,0,0,0,0,0,0
CONT_s3_throughput_ElephantsDream,1789486244.23,0.1014,0,0,0,0,0,0
CONT_s3_throughput_ElephantsDream,1789486244.332,0.1015,0,0,0,0,0,0
CONT_s3_throughput_ElephantsDream,1789486244.433,0.1014,0,0,0,0,0,0
CONT_s3_throughput_ElephantsDream,1789486244.535,0.1015,0,0,0,0,0,0
CONT_s3_throughput_ElephantsDream,1789486244.636,0.1013,0,0,0,0,0,0
CONT_s3_throughput_ElephantsDream,1789486244.737,0.1013,0,0,0,0,0,0
CONT_s3_throughput_ElephantsDream,1789486244.839,0.1015,0,0,0,0,0,0
CONT_s3_throughput_ElephantsDream,1789486244.941,0.1024,0,0,0,0,0,0
CONT_s3_throughput_ElephantsDream,1789486245.042,0.1014,0,0,0,0,0,0
CONT_s3_throughput_ElephantsDream,1789486245.144,0.1014,0,0,0,0,0,0
CONT_s3_throughput_ElephantsDream,1789486245.245,0.1014,0,0,0,0,0,0
CONT_s3_throughput_ElephantsDream,1789486245.347,0.1015,0,0,0,0,0,0
CONT_s3_throughput_ElephantsDream,1789486245.449,0.102,0,0,0,0,0,0
CONT_s3_throughput_ElephantsDream,1789486245.55,0.1014,0,0,0,0,0,0
CONT_s3_throughput_ElephantsDream,1789486245.651,0.1013,0,0,0,0,0,0
CONT_s3_throughput_ElephantsDream,1789486245.753,0.1013,0,0,0,0,0,0
CONT_s3_throughput_ElephantsDream,1789486245.854,0.1016,0,0,0,0,0,0
CONT_s3_throughput_ElephantsDream,1789486245.956,0.1016,0,0,0,0,0,0
CONT_s3_throughput_ElephantsDream,1789486246.057,0.1013,0,0,0,0,0,0
CONT_s3_throughput_ElephantsDream,1789486246.158,0.1013,0,0,0,0,0,0
CONT_s3_throughput_ElephantsDream,1789486246.26,0.1014,0,0,0,0,0,0
CONT_s3_throughput_ElephantsDream,1789486246.361,0.1015,0,0,0,0,0,0
CONT_s3_throughput_ElephantsDream,1789486246.463,0.1015,0,0,0,0,0,0
CONT_s3_throughput_ElephantsDream,1789486246.564,0.1013,0,0,0,0,0,0
CONT_s3_throughput_ElephantsDream,1789486246.665,0.1013,0,0,0,0,0,0
CONT_s3_throughput_ElephantsDream,1789486246.767,0.1013,0,0,0,0,0,0
CONT_s3_throughput_ElephantsDream,1789486246.868,0.1015,0,0,0,0,0,0
CONT_s3_throughput_ElephantsDream,1789486246.97,0.1015,0,0,0,0,0,0
CONT_s3_throughput_ElephantsDream,1789486247.071,0.1013,0,0,0,0,0,0
CONT_s3_throughput_ElephantsDream,1789486247.172,0.1013,0,0,0,0,0,0
CONT_s3_throughput_ElephantsDream,1789486247.274,0.1015,0,0,0,0,0,0
CONT_s3_throughput_ElephantsDream,1789486247.375,0.1015,0,0,0,0,0,0
CONT_s3_throughput_ElephantsDream,1789486247.477,0.1015,0,0,0,0,0,0
CONT_s3_throughput_ElephantsDream,1789486247.578,0.1013,0,0,0,0,0,0
CONT_s3_throughput_ElephantsDream,1789486247.68,0.1014,0,0,0,0,0,0
CONT_s3_throughput_ElephantsDream,1789486247.781,0.1013,0,0,0,0,0,0
CONT_s3_throughput_ElephantsDream,1789486247.882,0.1016,0,0,0,0,0,0
CONT_s3_throughput_ElephantsDream,1789486247.984,0.1015,0,0,0,0,0,0
CONT_s3_throughput_ElephantsDream,1789486248.085,0.1013,0,0,0,0,0,0
CONT_s3_throughput_ElephantsDream,1789486248.187,0.1013,0,0,0,0,0,0
CONT_s3_throughput_ElephantsDream,1789486248.288,0.1013,0,0,0,0,0,0
CONT_s3_throughput_ElephantsDream,1789486248.39,0.1016,0,0,0,0,0,0
CONT_s3_throughput_ElephantsDream,1789486248.491,0.1015,0,0,0,0,0,0
CONT_s3_throughput_ElephantsDream,1789486248.592,0.1014,0,0,0,0,0,0
CONT_s3_throughput_ElephantsDream,1789486248.694,0.1013,0,0,0,0,0,0
CONT_s3_throughput_ElephantsDream,1789486248.795,0.1013,0,0,0,0,0,0
CONT_s3_throughput_ElephantsDream,1789486248.897,0.1016,0,0,0,0,0,0
CONT_s3_throughput_ElephantsDream,1789486248.998,0.1015,0,0,0,0,0,0
CONT_s3_throughput_ElephantsDream,1789486249.1,0.1013,0,0,0,0,0,0
CONT_s3_throughput_ElephantsDream,1789486249.201,0.1014,0,0,0,0,0,0
CONT_s3_throughput_ElephantsDream,1789486249.302,0.1013,0,0,0,0,0,0
CONT_s3_throughput_ElephantsDream,1789486249.404,0.1016,0,0,0,0,0,0
CONT_s3_throughput_ElephantsDream,1789486249.505,0.1015,0,0,0,0,0,0
CONT_s3_throughput_ElephantsDream,1789486249.607,0.1015,0,0,0,0,0,0
CONT_s3_throughput_ElephantsDream,1789486249.708,0.1014,0,0,0,0,0,0
CONT_s3_throughput_ElephantsDream,1789486249.81,0.1013,0,0,0,0,0,0
CONT_s3_throughput_ElephantsDream,1789486249.911,0.1017,0,0,0,0,0,0
CONT_s3_throughput_ElephantsDream,1789486250.013,0.1017,0,0,0,0,0,0
CONT_s3_throughput_ElephantsDream,1789486250.114,0.1014,0,0,0,0,0,0
CONT_s3_throughput_ElephantsDream,1789486250.216,0.1013,0,0,0,0,0,0
CONT_s3_throughput_ElephantsDream,1789486250.317,0.1013,0,0,0,0,0,0
CONT_s3_throughput_ElephantsDream,1789486250.418,0.1016,0,0,0,0,0,0
CONT_s3_throughput_ElephantsDream,1789486250.52,0.1015,0,0,0,0,0,0
CONT_s3_throughput_ElephantsDream,1789486250.621,0.1013,0,0,0,0,0,0
CONT_s3_throughput_ElephantsDream,1789486250.723,0.1013,0,0,0,0,0,0
CONT_s3_throughput_ElephantsDream,1789486250.824,0.1014,0,0,0,0,0,0
CONT_s3_throughput_ElephantsDream,1789486250.925,0.1015,0,0,0,0,0,0
CONT_s3_throughput_ElephantsDream,1789486251.027,0.1015,0,0,0,0,0,0
CONT_s3_throughput_ElephantsDream,1789486251.128,0.1012,0,0,0,0,0,0
CONT_s3_throughput_ElephantsDream,1789486251.229,0.1013,0,0,0,0,0,0
CONT_s3_throughput_ElephantsDream,1789486251.333,0.1035,0,0,0,0,0,0
CONT_s3_throughput_ElephantsDream,1789486251.434,0.1015,0,0,0,0,0,0
CONT_s3_throughput_ElephantsDream,1789486251.536,0.1015,0,0,0,0,0,0
CONT_s3_throughput_ElephantsDream,1789486251.637,0.1014,0,0,0,0,0,0
CONT_s3_throughput_ElephantsDream,1789486251.739,0.1014,0,0,0,0,0,0
CONT_s3_throughput_ElephantsDream,1789486251.84,0.1015,0,0,0,0,0,0
CONT_s3_throughput_ElephantsDream,1789486251.943,0.1026,0,0,0,0,0,0
CONT_s3_throughput_ElephantsDream,1789486252.044,0.1016,0,0,0,0,0,0
CONT_s3_throughput_ElephantsDream,1789486252.146,0.1013,0,0,0,0,0,0
CONT_s3_throughput_ElephantsDream,1789486252.247,0.1014,0,0,0,0,0,0
CONT_s3_throughput_ElephantsDream,1789486252.349,0.1015,0,0,0,0,0,0
CONT_s3_throughput_ElephantsDream,1789486252.451,0.1023,0,0,0,0,0,0
CONT_s3_throughput_ElephantsDream,1789486252.552,0.1015,0,0,0,0,0,0
CONT_s3_throughput_ElephantsDream,1789486252.654,0.1013,0,0,0,0,0,0
CONT_s3_throughput_ElephantsDream,1789486252.755,0.1013,0,0,0,0,0,0
CONT_s3_throughput_ElephantsDream,1789486252.856,0.1014,0,0,0,0,0,0
CONT_s3_throughput_ElephantsDream,1789486252.958,0.1014,0,0,0,0,0,0
CONT_s3_throughput_ElephantsDream,1789486253.059,0.1013,0,0,0,0,0,0
CONT_s3_throughput_ElephantsDream,1789486253.161,0.1014,0,0,0,0,0,0
CONT_s3_throughput_ElephantsDream,1789486253.262,0.1016,0,0,0,0,0,0
CONT_s3_throughput_ElephantsDream,1789486253.364,0.1015,0,0,0,0,0,0
CONT_s3_throughput_ElephantsDream,1789486253.465,0.1015,0,0,0,0,0,0
CONT_s3_throughput_ElephantsDream,1789486253.567,0.1014,0,0,0,0,0,0
CONT_s3_throughput_ElephantsDream,1789486253.668,0.1013,0,0,0,0,0,0
CONT_s3_throughput_ElephantsDream,1789486253.769,0.1014,0,0,0,0,0,0
CONT_s3_throughput_ElephantsDream,1789486253.871,0.1018,0,0,0,0,0,0
CONT_s3_throughput_ElephantsDream,1789486253.973,0.1015,0,0,0,0,0,0
CONT_s3_throughput_ElephantsDream,1789486254.074,0.1013,0,0,0,0,0,0
CONT_s3_throughput_ElephantsDream,1789486254.175,0.1013,0,0,0,0,0,0
CONT_s3_throughput_ElephantsDream,1789486254.277,0.1013,0,0,0,0,0,0
CONT_s3_throughput_ElephantsDream,1789486254.378,0.1015,0,0,0,0,0,0
CONT_s3_throughput_ElephantsDream,1789486254.48,0.1015,0,0,0,0,0,0
CONT_s3_throughput_ElephantsDream,1789486254.581,0.1013,0,0,0,0,0,0
CONT_s3_throughput_ElephantsDream,1789486254.682,0.1013,0,0,0,0,0,0
CONT_s3_throughput_ElephantsDream,1789486254.784,0.1015,0,0,0,0,0,0
CONT_s3_throughput_ElephantsDream,1789486254.885,0.1015,0,0,0,0,0,0
CONT_s3_throughput_ElephantsDream,1789486254.987,0.1015,0,0,0,0,0,0
CONT_s3_throughput_ElephantsDream,1789486255.088,0.1013,0,0,0,0,0,0
CONT_s3_throughput_ElephantsDream,1789486255.189,0.1013,0,0,0,0,0,0
CONT_s3_throughput_ElephantsDream,1789486255.291,0.1013,0,0,0,0,0,0
CONT_s3_throughput_ElephantsDream,1789486255.392,0.1016,0,0,0,0,0,0
CONT_s3_throughput_ElephantsDream,1789486255.494,0.1017,0,0,0,0,0,0
CONT_s3_throughput_ElephantsDream,1789486255.595,0.1014,0,0,0,0,0,0
CONT_s3_throughput_ElephantsDream,1789486255.697,0.1013,0,0,0,0,0,0
CONT_s3_throughput_ElephantsDream,1789486255.798,0.1014,0,0,0,0,0,0
CONT_s3_throughput_ElephantsDream,1789486255.899,0.1016,0,0,0,0,0,0
CONT_s3_throughput_ElephantsDream,1789486256.001,0.1015,0,0,0,0,0,0
CONT_s3_throughput_ElephantsDream,1789486256.102,0.1014,0,0,0,0,0,0
CONT_s3_throughput_ElephantsDream,1789486256.204,0.1014,0,0,0,0,0,0
CONT_s3_throughput_ElephantsDream,1789486256.305,0.1014,0,0,0,0,0,0
CONT_s3_throughput_ElephantsDream,1789486256.407,0.1015,0,0,0,0,0,0
CONT_s3_throughput_ElephantsDream,1789486256.508,0.1015,0,0,0,0,0,0
CONT_s3_throughput_ElephantsDream,1789486256.609,0.1013,0,0,0,0,0,0
CONT_s3_throughput_ElephantsDream,1789486256.711,0.1014,0,0,0,0,0,0
CONT_s3_throughput_ElephantsDream,1789486256.812,0.1013,0,0,0,0,0,0
CONT_s3_throughput_ElephantsDream,1789486256.914,0.1015,0,0,0,0,0,0
CONT_s3_throughput_ElephantsDream,1789486257.015,0.1015,0,0,0,0,0,0
CONT_s3_throughput_ElephantsDream,1789486257.117,0.1013,0,0,0,0,0,0
CONT_s3_throughput_ElephantsDream,1789486257.218,0.1015,0,0,0,0,0,0
CONT_s3_throughput_ElephantsDream,1789486257.319,0.1013,0,0,0,0,0,0
CONT_s3_throughput_ElephantsDream,1789486257.421,0.1015,0,0,0,0,0,0
CONT_s3_throughput_ElephantsDream,1789486257.522,0.1015,0,0,0,0,0,0
CONT_s3_throughput_ElephantsDream,1789486257.624,0.1015,0,0,0,0,0,0
CONT_s3_throughput_ElephantsDream,1789486257.725,0.1015,0,0,0,0,0,0
CONT_s3_throughput_ElephantsDream,1789486257.827,0.1016,0,0,0,0,0,0
CONT_s3_throughput_ElephantsDream,1789486257.928,0.1015,0,0,0,0,0,0
CONT_s3_throughput_ElephantsDream,1789486258.03,0.1015,0,0,0,0,0,0
CONT_s3_throughput_ElephantsDream,1789486258.131,0.1013,0,0,0,0,0,0
CONT_s3_throughput_ElephantsDream,1789486258.233,0.1013,0,0,0,0,0,0
CONT_s3_throughput_ElephantsDream,1789486258.334,0.1015,0,0,0,0,0,0
CONT_s3_throughput_ElephantsDream,1789486258.437,0.1025,0,0,0,0,0,0
CONT_s3_throughput_ElephantsDream,1789486258.538,0.1015,0,0,0,0,0,0
CONT_s3_throughput_ElephantsDream,1789486258.639,0.1013,0,0,0,0,0,0
CONT_s3_throughput_ElephantsDream,1789486258.741,0.1014,0,0,0,0,0,0
CONT_s3_throughput_ElephantsDream,1789486258.842,0.1016,0,0,0,0,0,0
CONT_s3_throughput_ElephantsDream,1789486258.945,0.1025,0,0,0,0,0,0
CONT_s3_throughput_ElephantsDream,1789486259.046,0.1014,0,0,0,0,0,0
CONT_s3_throughput_ElephantsDream,1789486259.148,0.1014,0,0,0,0,0,0
CONT_s3_throughput_ElephantsDream,1789486259.249,0.1014,0,0,0,0,0,0
CONT_s3_throughput_ElephantsDream,1789486259.351,0.1015,0,0,0,0,0,0
CONT_s3_throughput_ElephantsDream,1789486259.453,0.1022,0,0,0,0,0,0
CONT_s3_throughput_ElephantsDream,1789486259.554,0.1013,0,0,0,0,0,0
CONT_s3_throughput_ElephantsDream,1789486259.655,0.1013,0,0,0,0,0,0
CONT_s3_throughput_ElephantsDream,1789486259.757,0.1013,0,0,0,0,0,0
CONT_s3_throughput_ElephantsDream,1789486259.858,0.1016,0,0,0,0,0,0
CONT_s3_throughput_ElephantsDream,1789486259.96,0.1015,0,0,0,0,0,0
CONT_s3_throughput_ElephantsDream,1789486260.061,0.1015,0,0,0,0,0,0
CONT_s3_throughput_ElephantsDream,1789486260.163,0.1013,0,0,0,0,0,0
CONT_s3_throughput_ElephantsDream,1789486260.264,0.1014,0,0,0,0,0,0
CONT_s3_throughput_ElephantsDream,1789486260.365,0.1015,0,0,0,0,0,0
CONT_s3_throughput_ElephantsDream,1789486260.467,0.1015,0,0,0,0,0,0
CONT_s3_throughput_ElephantsDream,1789486260.568,0.1013,0,0,0,0,0,0
CONT_s3_throughput_ElephantsDream,1789486260.67,0.1013,0,0,0,0,0,0
CONT_s3_throughput_ElephantsDream,1789486260.771,0.1013,0,0,0,0,0,0
CONT_s3_throughput_ElephantsDream,1789486260.872,0.1015,0,0,0,0,0,0
CONT_s3_throughput_ElephantsDream,1789486260.974,0.1015,0,0,0,0,0,0
CONT_s3_throughput_ElephantsDream,1789486261.075,0.1013,0,0,0,0,0,0
CONT_s3_throughput_ElephantsDream,1789486261.176,0.1013,0,0,0,0,0,0
CONT_s3_throughput_ElephantsDream,1789486261.278,0.1015,0,0,0,0,0,0
CONT_s3_throughput_ElephantsDream,1789486261.379,0.1015,0,0,0,0,0,0
CONT_s3_throughput_ElephantsDream,1789486261.481,0.1015,0,0,0,0,0,0
CONT_s3_throughput_ElephantsDream,1789486261.582,0.1013,0,0,0,0,0,0
CONT_s3_throughput_ElephantsDream,1789486261.684,0.1014,0,0,0,0,0,0
CONT_s3_throughput_ElephantsDream,1789486261.785,0.1013,0,0,0,0,0,0
CONT_s3_throughput_ElephantsDream,1789486261.886,0.1015,0,0,0,0,0,0
CONT_s3_throughput_ElephantsDream,1789486261.988,0.1015,0,0,0,0,0,0
CONT_s3_throughput_ElephantsDream,1789486262.089,0.1013,0,0,0,0,0,0
CONT_s3_throughput_ElephantsDream,1789486262.19,0.1013,0,0,0,0,0,0
CONT_s3_throughput_ElephantsDream,1789486262.292,0.1013,0,0,0,0,0,0
CONT_s3_throughput_ElephantsDream,1789486262.393,0.1015,0,0,0,0,0,0
CONT_s3_throughput_ElephantsDream,1789486262.495,0.1017,0,0,0,0,0,0
CONT_s3_throughput_ElephantsDream,1789486262.596,0.1014,0,0,0,0,0,0
CONT_s3_throughput_ElephantsDream,1789486262.698,0.1014,0,0,0,0,0,0
CONT_s3_throughput_ElephantsDream,1789486262.799,0.1013,0,0,0,0,0,0
CONT_s3_throughput_ElephantsDream,1789486262.901,0.1015,0,0,0,0,0,0
CONT_s3_throughput_ElephantsDream,1789486263.002,0.1017,0,0,0,0,0,0
CONT_s3_throughput_ElephantsDream,1789486263.104,0.1014,0,0,0,0,0,0
CONT_s3_throughput_ElephantsDream,1789486263.205,0.1014,0,0,0,0,0,0
CONT_s3_throughput_ElephantsDream,1789486263.306,0.1014,0,0,0,0,0,0
CONT_s3_throughput_ElephantsDream,1789486263.408,0.1015,0,0,0,0,0,0
CONT_s3_throughput_ElephantsDream,1789486263.509,0.1016,0,0,0,0,0,0
CONT_s3_throughput_ElephantsDream,1789486263.611,0.1014,0,0,0,0,0,0
CONT_s3_throughput_ElephantsDream,1789486263.712,0.1014,0,0,0,0,0,0
CONT_s3_throughput_ElephantsDream,1789486263.814,0.1014,0,0,0,0,0,0
CONT_s3_throughput_ElephantsDream,1789486263.915,0.1015,0,0,0,0,0,0
CONT_s3_throughput_ElephantsDream,1789486264.017,0.1018,0,0,0,0,0,0
CONT_s3_throughput_ElephantsDream,1789486264.118,0.1014,0,0,0,0,0,0
CONT_s3_throughput_ElephantsDream,1789486264.22,0.1013,0,0,0,0,0,0
CONT_s3_throughput_ElephantsDream,1789486264.321,0.1013,0,0,0,0,0,0
CONT_s3_throughput_ElephantsDream,1789486264.422,0.1015,0,0,0,0,0,0
CONT_s3_throughput_ElephantsDream,1789486264.524,0.1015,0,0,0,0,0,0
CONT_s3_throughput_ElephantsDream,1789486264.625,0.1013,0,0,0,0,0,0
CONT_s3_throughput_ElephantsDream,1789486264.727,0.1016,0,0,0,0,0,0
CONT_s3_throughput_ElephantsDream,1789486264.83,0.1029,0,0,0,0,0,0
CONT_s3_throughput_ElephantsDream,1789486264.931,0.1017,0,0,0,0,0,0
CONT_s3_throughput_ElephantsDream,1789486265.033,0.1015,0,0,0,0,0,0
CONT_s3_throughput_ElephantsDream,1789486265.135,0.1023,0,0,0,0,0,0
CONT_s3_throughput_ElephantsDream,1789486265.237,0.1016,0,0,0,0,0,0
CONT_s3_throughput_ElephantsDream,1789486265.338,0.1016,0,0,0,0,0,0
CONT_s3_throughput_ElephantsDream,1789486265.441,0.1025,0,0,0,0,0,0
CONT_s3_throughput_ElephantsDream,1789486265.542,0.1015,0,0,0,0,0,0
CONT_s3_throughput_ElephantsDream,1789486265.644,0.1013,0,0,0,0,0,0
CONT_s3_throughput_ElephantsDream,1789486265.745,0.1013,0,0,0,0,0,0
CONT_s3_throughput_ElephantsDream,1789486265.847,0.1016,0,0,0,0,0,0
CONT_s3_throughput_ElephantsDream,1789486265.949,0.1025,0,0,0,0,0,0
CONT_s3_throughput_ElephantsDream,1789486266.05,0.1014,0,0,0,0,0,0
CONT_s3_throughput_ElephantsDream,1789486266.152,0.1014,0,0,0,0,0,0
CONT_s3_throughput_ElephantsDream,1789486266.253,0.1013,0,0,0,0,0,0
CONT_s3_throughput_ElephantsDream,1789486266.355,0.1016,0,0,0,0,0,0
CONT_s3_throughput_ElephantsDream,1789486266.456,0.1014,0,0,0,0,0,0
CONT_s3_throughput_ElephantsDream,1789486266.557,0.1013,0,0,0,0,0,0
CONT_s3_throughput_ElephantsDream,1789486266.659,0.1013,0,0,0,0,0,0
CONT_s3_throughput_ElephantsDream,1789486266.76,0.1013,0,0,0,0,0,0
CONT_s3_throughput_ElephantsDream,1789486266.862,0.1016,0,0,0,0,0,0
CONT_s3_throughput_ElephantsDream,1789486266.963,0.1015,0,0,0,0,0,0
CONT_s3_throughput_ElephantsDream,1789486267.065,0.1014,0,0,0,0,0,0
CONT_s3_throughput_ElephantsDream,1789486267.166,0.1013,0,0,0,0,0,0
CONT_s3_throughput_ElephantsDream,1789486267.267,0.1013,0,0,0,0,0,0
CONT_s3_throughput_ElephantsDream,1789486267.369,0.1015,0,0,0,0,0,0
CONT_s3_throughput_ElephantsDream,1789486267.47,0.1015,0,0,0,0,0,0
CONT_s3_throughput_ElephantsDream,1789486267.572,0.1013,0,0,0,0,0,0
CONT_s3_throughput_ElephantsDream,1789486267.673,0.1013,0,0,0,0,0,0
CONT_s3_throughput_ElephantsDream,1789486267.774,0.1013,0,0,0,0,0,0
CONT_s3_throughput_ElephantsDream,1789486267.876,0.1015,0,0,0,0,0,0
CONT_s3_throughput_ElephantsDream,1789486267.977,0.1014,0,0,0,0,0,0
CONT_s3_throughput_ElephantsDream,1789486268.078,0.1013,0,0,0,0,0,0
CONT_s3_throughput_ElephantsDream,1789486268.18,0.1013,0,0,0,0,0,0
CONT_s3_throughput_ElephantsDream,1789486268.281,0.1013,0,0,0,0,0,0
CONT_s3_throughput_ElephantsDream,1789486268.383,0.1015,0,0,0,0,0,0
CONT_s3_throughput_ElephantsDream,1789486268.484,0.1015,0,0,0,0,0,0
CONT_s3_throughput_ElephantsDream,1789486268.585,0.1013,0,0,0,0,0,0
CONT_s3_throughput_ElephantsDream,1789486268.687,0.1013,0,0,0,0,0,0
CONT_s3_throughput_ElephantsDream,1789486268.788,0.1012,0,0,0,0,0,0
CONT_s3_throughput_ElephantsDream,1789486268.889,0.1015,0,0,0,0,0,0
CONT_s3_throughput_ElephantsDream,1789486268.991,0.1015,0,0,0,0,0,0
CONT_s3_throughput_ElephantsDream,1789486269.092,0.1013,0,0,0,0,0,0
CONT_s3_throughput_ElephantsDream,1789486269.193,0.1013,0,0,0,0,0,0
CONT_s3_throughput_ElephantsDream,1789486269.295,0.1013,0,0,0,0,0,0
CONT_s3_throughput_ElephantsDream,1789486269.396,0.1015,0,0,0,0,0,0
CONT_s3_throughput_ElephantsDream,1789486269.498,0.1015,0,0,0,0,0,0
CONT_s3_throughput_ElephantsDream,1789486269.599,0.1013,0,0,0,0,0,0
CONT_s3_throughput_ElephantsDream,1789486269.7,0.1012,0,0,0,0,0,0
CONT_s3_throughput_ElephantsDream,1789486269.801,0.1012,0,0,0,0,0,0
CONT_s3_throughput_ElephantsDream,1789486269.903,0.1015,0,0,0,0,0,0
CONT_s3_throughput_ElephantsDream,1789486270.004,0.1015,0,0,0,0,0,0
CONT_s3_throughput_ElephantsDream,1789486270.106,0.1013,0,0,0,0,0,0
CONT_s3_throughput_ElephantsDream,1789486270.207,0.1013,0,0,0,0,0,0
CONT_s3_throughput_ElephantsDream,1789486270.308,0.1012,0,0,0,0,0,0
CONT_s3_throughput_ElephantsDream,1789486270.41,0.1015,0,0,0,0,0,0
CONT_s3_throughput_ElephantsDream,1789486270.511,0.1017,0,0,0,0,0,0
CONT_s3_throughput_ElephantsDream,1789486270.613,0.1014,0,0,0,0,0,0
CONT_s3_throughput_ElephantsDream,1789486270.714,0.1013,0,0,0,0,0,0
CONT_s3_throughput_ElephantsDream,1789486270.815,0.1013,0,0,0,0,0,0
CONT_s3_throughput_ElephantsDream,1789486270.917,0.1015,0,0,0,0,0,0
CONT_s3_throughput_ElephantsDream,1789486271.018,0.1015,0,0,0,0,0,0
CONT_s3_throughput_ElephantsDream,1789486271.12,0.1013,0,0,0,0,0,0
CONT_s3_throughput_ElephantsDream,1789486271.221,0.1013,0,0,0,0,0,0
CONT_s3_throughput_ElephantsDream,1789486271.322,0.1014,0,0,0,0,0,0
CONT_s3_throughput_ElephantsDream,1789486271.424,0.1015,0,0,0,0,0,0
CONT_s3_throughput_ElephantsDream,1789486271.525,0.1015,0,0,0,0,0,0
CONT_s3_throughput_ElephantsDream,1789486271.627,0.1014,0,0,0,0,0,0
CONT_s3_throughput_ElephantsDream,1789486271.729,0.1019,0,0,0,0,0,0
CONT_s3_throughput_ElephantsDream,1789486271.831,0.1022,0,0,0,0,0,0
CONT_s3_throughput_ElephantsDream,1789486271.932,0.1016,0,0,0,0,0,0
CONT_s3_throughput_ElephantsDream,1789486272.034,0.1015,0,0,0,0,0,0
CONT_s3_throughput_ElephantsDream,1789486272.135,0.1013,0,0,0,0,0,0
CONT_s3_throughput_ElephantsDream,1789486272.237,0.1013,0,0,0,0,0,0
CONT_s3_throughput_ElephantsDream,1789486272.339,0.102,0,0,0,0,0,0
CONT_s3_throughput_ElephantsDream,1789486272.441,0.1029,0,0,0,0,0,0
CONT_s3_throughput_ElephantsDream,1789486272.543,0.1015,0,0,0,0,0,0
CONT_s3_throughput_ElephantsDream,1789486272.644,0.1013,0,0,0,0,0,0
CONT_s3_throughput_ElephantsDream,1789486272.745,0.1013,0,0,0,0,0,0
CONT_s3_throughput_ElephantsDream,1789486272.847,0.1015,0,0,0,0,0,0
CONT_s3_throughput_ElephantsDream,1789486272.95,0.1032,0,0,0,0,0,0
CONT_s3_throughput_ElephantsDream,1789486273.052,0.1015,0,0,0,0,0,0
CONT_s3_throughput_ElephantsDream,1789486273.153,0.1013,0,0,0,0,0,0
CONT_s3_throughput_ElephantsDream,1789486273.254,0.1013,0,0,0,0,0,0
CONT_s3_throughput_ElephantsDream,1789486273.356,0.1014,0,0,0,0,0,0
CONT_s3_throughput_ElephantsDream,1789486273.457,0.1015,0,0,0,0,0,0
CONT_s3_throughput_ElephantsDream,1789486273.559,0.1014,0,0,0,0,0,0
CONT_s3_throughput_ElephantsDream,1789486273.66,0.1013,0,0,0,0,0,0
CONT_s3_throughput_ElephantsDream,1789486273.761,0.1013,0,0,0,0,0,0
CONT_s3_throughput_ElephantsDream,1789486273.863,0.1015,0,0,0,0,0,0
CONT_s3_throughput_ElephantsDream,1789486273.964,0.1014,0,0,0,0,0,0
CONT_s3_throughput_ElephantsDream,1789486274.065,0.1013,0,0,0,0,0,0
CONT_s3_throughput_ElephantsDream,1789486274.167,0.1016,0,0,0,0,0,0
CONT_s3_throughput_ElephantsDream,1789486274.268,0.1013,0,0,0,0,0,0
CONT_s3_throughput_ElephantsDream,1789486274.37,0.1015,0,0,0,0,0,0
CONT_s3_throughput_ElephantsDream,1789486274.471,0.1014,0,0,0,0,0,0
CONT_s3_throughput_ElephantsDream,1789486274.573,0.1013,0,0,0,0,0,0
CONT_s3_throughput_ElephantsDream,1789486274.674,0.1013,0,0,0,0,0,0
CONT_s3_throughput_ElephantsDream,1789486274.775,0.1013,0,0,0,0,0,0
CONT_s3_throughput_ElephantsDream,1789486274.877,0.1015,0,0,0,0,0,0
CONT_s3_throughput_ElephantsDream,1789486274.978,0.1015,0,0,0,0,0,0
CONT_s3_throughput_ElephantsDream,1789486275.079,0.1014,0,0,0,0,0,0
CONT_s3_throughput_ElephantsDream,1789486275.181,0.1013,0,0,0,0,0,0
CONT_s3_throughput_ElephantsDream,1789486275.282,0.1013,0,0,0,0,0,0
CONT_s3_throughput_ElephantsDream,1789486275.384,0.1015,0,0,0,0,0,0
CONT_s3_throughput_ElephantsDream,1789486275.485,0.1015,0,0,0,0,0,0
CONT_s3_throughput_ElephantsDream,1789486275.586,0.1013,0,0,0,0,0,0
CONT_s3_throughput_ElephantsDream,1789486275.688,0.1013,0,0,0,0,0,0
CONT_s3_throughput_ElephantsDream,1789486275.789,0.1015,0,0,0,0,0,0
CONT_s3_throughput_ElephantsDream,1789486275.891,0.1014,0,0,0,0,0,0
CONT_s3_throughput_ElephantsDream,1789486275.992,0.1015,0,0,0,0,0,0
CONT_s3_throughput_ElephantsDream,1789486276.093,0.1013,0,0,0,0,0,0
CONT_s3_throughput_ElephantsDream,1789486276.195,0.1013,0,0,0,0,0,0
CONT_s3_throughput_ElephantsDream,1789486276.296,0.1013,0,0,0,0,0,0
CONT_s3_throughput_ElephantsDream,1789486276.397,0.1015,0,0,0,0,0,0
CONT_s3_throughput_ElephantsDream,1789486276.499,0.1014,0,0,0,0,0,0
CONT_s3_throughput_ElephantsDream,1789486276.6,0.1012,0,0,0,0,0,0
CONT_s3_throughput_ElephantsDream,1789486276.701,0.1013,0,0,0,0,0,0
CONT_s3_throughput_ElephantsDream,1789486276.803,0.1013,0,0,0,0,0,0
CONT_s3_throughput_ElephantsDream,1789486276.904,0.1015,0,0,0,0,0,0
CONT_s3_throughput_ElephantsDream,1789486277.006,0.1015,0,0,0,0,0,0
CONT_s3_throughput_ElephantsDream,1789486277.107,0.1013,0,0,0,0,0,0
CONT_s3_throughput_ElephantsDream,1789486277.208,0.1013,0,0,0,0,0,0
CONT_s3_throughput_ElephantsDream,1789486277.309,0.1013,0,0,0,0,0,0
CONT_s3_throughput_ElephantsDream,1789486277.411,0.1015,0,0,0,0,0,0
CONT_s3_throughput_ElephantsDream,1789486277.512,0.1015,0,0,0,0,0,0
CONT_s3_throughput_ElephantsDream,1789486277.614,0.1014,0,0,0,0,0,0
CONT_s3_throughput_ElephantsDream,1789486277.715,0.1013,0,0,0,0,0,0
CONT_s3_throughput_ElephantsDream,1789486277.816,0.1013,0,0,0,0,0,0
CONT_s3_throughput_ElephantsDream,1789486277.918,0.1015,0,0,0,0,0,0
CONT_s3_throughput_ElephantsDream,1789486278.019,0.1015,0,0,0,0,0,0
CONT_s3_throughput_ElephantsDream,1789486278.121,0.1013,0,0,0,0,0,0
CONT_s3_throughput_ElephantsDream,1789486278.222,0.1013,0,0,0,0,0,0
CONT_s3_throughput_ElephantsDream,1789486278.323,0.1013,0,0,0,0,0,0
CONT_s3_throughput_ElephantsDream,1789486278.425,0.1015,0,0,0,0,0,0
CONT_s3_throughput_ElephantsDream,1789486278.527,0.1016,0,0,0,0,0,0
CONT_s3_throughput_ElephantsDream,1789486278.628,0.1014,0,0,0,0,0,0
CONT_s3_throughput_ElephantsDream,1789486278.73,0.1022,0,0,0,0,0,0
CONT_s3_throughput_ElephantsDream,1789486278.832,0.1019,0,0,0,0,0,0
CONT_s3_throughput_ElephantsDream,1789486278.934,0.1015,0,0,0,0,0,0
CONT_s3_throughput_ElephantsDream,1789486279.035,0.1016,0,0,0,0,0,0
CONT_s3_throughput_ElephantsDream,1789486279.137,0.1014,0,0,0,0,0,0
CONT_s3_throughput_ElephantsDream,1789486279.238,0.1014,0,0,0,0,0,0
CONT_s3_throughput_ElephantsDream,1789486279.34,0.1015,0,0,0,0,0,0
CONT_s3_throughput_ElephantsDream,1789486279.443,0.1034,0,0,0,0,0,0
CONT_s3_throughput_ElephantsDream,1789486279.544,0.1015,0,0,0,0,0,0
CONT_s3_throughput_ElephantsDream,1789486279.646,0.1014,0,0,0,0,0,0
CONT_s3_throughput_ElephantsDream,1789486279.747,0.1014,0,0,0,0,0,0
CONT_s3_throughput_ElephantsDream,1789486279.849,0.1015,0,0,0,0,0,0
CONT_s3_throughput_ElephantsDream,1789486279.951,0.1025,0,0,0,0,0,0
CONT_s3_throughput_ElephantsDream,1789486280.053,0.1013,0,0,0,0,0,0
CONT_s3_throughput_ElephantsDream,1789486280.154,0.1014,0,0,0,0,0,0
CONT_s3_throughput_ElephantsDream,1789486280.255,0.1014,0,0,0,0,0,0
CONT_s3_throughput_ElephantsDream,1789486280.357,0.1015,0,0,0,0,0,0
CONT_s3_throughput_ElephantsDream,1789486280.458,0.1014,0,0,0,0,0,0
CONT_s3_throughput_ElephantsDream,1789486280.559,0.1013,0,0,0,0,0,0
CONT_s3_throughput_ElephantsDream,1789486280.661,0.1013,0,0,0,0,0,0
CONT_s3_throughput_ElephantsDream,1789486280.762,0.1013,0,0,0,0,0,0
CONT_s3_throughput_ElephantsDream,1789486280.864,0.1015,0,0,0,0,0,0
CONT_s3_throughput_ElephantsDream,1789486280.965,0.1015,0,0,0,0,0,0
CONT_s3_throughput_ElephantsDream,1789486281.066,0.1014,0,0,0,0,0,0
CONT_s3_throughput_ElephantsDream,1789486281.168,0.1013,0,0,0,0,0,0
CONT_s3_throughput_ElephantsDream,1789486281.269,0.1014,0,0,0,0,0,0
CONT_s3_throughput_ElephantsDream,1789486281.371,0.1016,0,0,0,0,0,0
CONT_s3_throughput_ElephantsDream,1789486281.472,0.1016,0,0,0,0,0,0
CONT_s3_throughput_ElephantsDream,1789486281.574,0.1015,0,0,0,0,0,0
CONT_s3_throughput_ElephantsDream,1789486281.675,0.1014,0,0,0,0,0,0
CONT_s3_throughput_ElephantsDream,1789486281.777,0.1013,0,0,0,0,0,0
CONT_s3_throughput_ElephantsDream,1789486281.878,0.1015,0,0,0,0,0,0
CONT_s3_throughput_ElephantsDream,1789486281.98,0.1015,0,0,0,0,0,0
CONT_s3_throughput_ElephantsDream,1789486282.081,0.1013,0,0,0,0,0,0
CONT_s3_throughput_ElephantsDream,1789486282.182,0.1014,0,0,0,0,0,0
CONT_s3_throughput_ElephantsDream,1789486282.284,0.1016,0,0,0,0,0,0
CONT_s3_throughput_ElephantsDream,1789486282.385,0.1015,0,0,0,0,0,0
CONT_s3_throughput_ElephantsDream,1789486282.487,0.1013,0,0,0,0,0,0
CONT_s3_throughput_ElephantsDream,1789486282.588,0.1013,0,0,0,0,0,0
CONT_s3_throughput_ElephantsDream,1789486282.689,0.1011,0,0,0,0,0,0
CONT_s3_throughput_ElephantsDream,1789486282.79,0.1011,0,0,0,0,0,0
CONT_s3_throughput_ElephantsDream,1789486282.891,0.1012,0,0,0,0,0,0
CONT_s3_throughput_ElephantsDream,1789486282.993,0.1014,0,0,0,0,0,0
CONT_s3_throughput_ElephantsDream,1789486283.094,0.1012,14137,34,0,1798667.9,626454.3,4
CONT_s3_throughput_ElephantsDream,1789486283.195,0.1014,7552,6,0,8860217.8,542571.0,2
CONT_s3_throughput_ElephantsDream,1789486283.296,0.1013,2142,4,0,9477726.5,133267916.2,3
CONT_s3_throughput_ElephantsDream,1789486283.398,0.1016,6052,5,0,26056397.4,217595524.8,2
CONT_s3_throughput_ElephantsDream,1789486283.5,0.1016,4836,7,0,18733142.9,8353005.2,4
CONT_s3_throughput_ElephantsDream,1789486283.601,0.1014,4552,4,0,37579690.2,366718781.7,2
CONT_s3_throughput_ElephantsDream,1789486283.703,0.1015,0,0,0,0,0,0
CONT_s3_throughput_ElephantsDream,1789486283.804,0.1014,7604,7,0,40489820.3,408616499.2,3
CONT_s3_throughput_ElephantsDream,1789486283.906,0.1016,2882,4,0,40043773.0,1242529.0,2
CONT_s3_throughput_ElephantsDream,1789486284.007,0.1016,4552,4,0,54446360.2,191957949.1,2
CONT_s3_throughput_ElephantsDream,1789486284.109,0.1015,4683,5,0,52512946.6,177067375.1,3
CONT_s3_throughput_ElephantsDream,1789486284.21,0.1015,3104,4,0,65875329.5,24945135.0,2
CONT_s3_throughput_ElephantsDream,1789486284.312,0.1016,2193,3,0,58735676.3,766088.0,2
CONT_s3_throughput_ElephantsDream,1789486284.413,0.1016,4552,4,0,72908619.2,385783945.3,2
CONT_s3_throughput_ElephantsDream,1789486284.515,0.1017,4552,4,0,73782611.8,386086247.7,2
CONT_s3_throughput_ElephantsDream,1789486284.616,0.1014,4552,4,0,72431212.5,242776686.0,2
CONT_s3_throughput_ElephantsDream,1789486284.718,0.1014,0,0,0,0,0,0
CONT_s3_throughput_ElephantsDream,1789486284.819,0.1014,4552,4,0,71249171.2,634329.0,2
CONT_s3_throughput_ElephantsDream,1789486284.921,0.1015,4612,5,0,56164934.6,364600294.1,3
CONT_s3_throughput_ElephantsDream,1789486285.022,0.1017,4552,4,0,69284828.8,364636149.0,2
CONT_s3_throughput_ElephantsDream,1789486285.124,0.1015,6583,8,0,39000341.6,254287893.5,4
CONT_s3_throughput_ElephantsDream,1789486285.226,0.1016,0,0,0,0,0,0
CONT_s3_throughput_ElephantsDream,1789486285.329,0.1031,4593,5,1,81782377.4,366770571.2,3
CONT_s3_throughput_ElephantsDream,1789486285.43,0.1017,7987,10,0,45342699.0,289769577.2,4
CONT_s3_throughput_ElephantsDream,1789486285.532,0.1017,0,0,0,0,0,0
CONT_s3_throughput_ElephantsDream,1789486285.634,0.1015,4616,5,0,84201290.0,449820818.6,3
CONT_s3_throughput_ElephantsDream,1789486285.735,0.1015,4735,6,0,64288437.0,428177814.8,4
CONT_s3_throughput_ElephantsDream,1789486285.837,0.1017,5245,6,0,52624088.3,1154233.0,2
CONT_s3_throughput_ElephantsDream,1789486285.939,0.1025,662,1,0,69045995.0,0,1
CONT_s3_throughput_ElephantsDream,1789486286.041,0.1017,4552,4,0,86469463.2,580789112.4,2
CONT_s3_throughput_ElephantsDream,1789486286.142,0.1015,6546,6,0,79761068.2,408153903.4,4
CONT_s3_throughput_ElephantsDream,1789486286.244,0.1015,4552,4,0,85565109.8,543791481.0,2
CONT_s3_throughput_ElephantsDream,1789486286.346,0.1017,0,0,0,0,0,0
CONT_s3_throughput_ElephantsDream,1789486286.447,0.1017,7604,7,0,79786358.7,366448210.7,4
CONT_s3_throughput_ElephantsDream,1789486286.549,0.1016,3052,3,0,79697514.3,592089.0,2
CONT_s3_throughput_ElephantsDream,1789486286.651,0.1016,4593,5,1,106760820.0,563347450.3,3
CONT_s3_throughput_ElephantsDream,1789486286.752,0.1015,0,0,0,0,0,0
CONT_s3_throughput_ElephantsDream,1789486286.854,0.1017,7604,7,0,98070011.6,521155926.2,4
CONT_s3_throughput_ElephantsDream,1789486286.955,0.1017,3116,4,0,108865046.0,483780148.9,3
CONT_s3_throughput_ElephantsDream,1789486287.057,0.1016,4552,4,0,106409247.8,407415381.4,2
CONT_s3_throughput_ElephantsDream,1789486287.159,0.1016,0,0,0,0,0,0
CONT_s3_throughput_ElephantsDream,1789486287.26,0.1015,7604,7,0,112587828.3,536058458.5,4
CONT_s3_throughput_ElephantsDream,1789486287.362,0.1017,3052,3,0,124700548.3,485735348.7,2
CONT_s3_throughput_ElephantsDream,1789486287.463,0.1017,4552,4,0,113637874.0,405367989.6,2
CONT_s3_throughput_ElephantsDream,1789486287.566,0.1021,0,0,0,0,0,0
CONT_s3_throughput_ElephantsDream,1789486287.668,0.1021,7604,7,0,123791888.6,534869387.2,4
CONT_s3_throughput_ElephantsDream,1789486287.77,0.1021,3052,3,0,140571080.3,483722957.5,2
CONT_s3_throughput_ElephantsDream,1789486287.872,0.1023,4552,4,0,119125678.0,404608900.2,2
CONT_s3_throughput_ElephantsDream,1789486287.974,0.1022,41,1,1,141556515.0,0,1
CONT_s3_throughput_ElephantsDream,1789486288.076,0.102,7604,7,0,132644495.9,533484181.0,4
CONT_s3_throughput_ElephantsDream,1789486288.178,0.1021,3052,3,0,153385476.7,483726966.0,2
CONT_s3_throughput_ElephantsDream,1789486288.28,0.1021,4500,3,0,132054588.0,409790757.0,1
CONT_s3_throughput_ElephantsDream,1789486288.383,0.1024,116,2,0,106204121.5,743699.0,2
CONT_s3_throughput_ElephantsDream,1789486288.485,0.1023,4552,4,0,117588355.5,406887940.2,2
CONT_s3_throughput_ElephantsDream,1789486288.587,0.1021,6104,6,0,163988034.3,606734230.2,2
CONT_s3_throughput_ElephantsDream,1789486288.689,0.1021,0,0,0,0,0,0
CONT_s3_throughput_ElephantsDream,1789486288.791,0.1021,4552,4,0,126777048.8,407256058.6,2
CONT_s3_throughput_ElephantsDream,1789486288.894,0.1022,4552,4,0,120512639.8,405337898.7,2
CONT_s3_throughput_ElephantsDream,1789486288.996,0.1023,6104,6,0,172346236.7,605734738.6,2
CONT_s3_throughput_ElephantsDream,1789486289.098,0.102,0,0,0,0,0,0
CONT_s3_throughput_ElephantsDream,1789486289.2,0.1021,4552,4,0,129430775.2,404729806.7,2
CONT_s3_throughput_ElephantsDream,1789486289.302,0.1021,4645,6,1,151098766.3,416710989.4,3
CONT_s3_throughput_ElephantsDream,1789486289.404,0.1022,6104,6,0,179161203.3,604613693.2,2
CONT_s3_throughput_ElephantsDream,1789486289.507,0.1023,0,0,0,0,0,0
CONT_s3_throughput_ElephantsDream,1789486289.609,0.102,4552,4,0,131550025.0,405281674.8,2
CONT_s3_throughput_ElephantsDream,1789486289.711,0.1022,4720,7,0,155039531.7,399650061.8,4
CONT_s3_throughput_ElephantsDream,1789486289.813,0.1021,6104,6,0,185149779.0,608380557.2,2
CONT_s3_throughput_ElephantsDream,1789486289.915,0.1024,0,0,0,0,0,0
CONT_s3_throughput_ElephantsDream,1789486290.017,0.1023,4552,4,0,133691289.5,409125615.0,2
CONT_s3_throughput_ElephantsDream,1789486290.12,0.1021,4552,4,0,126803957.0,408551850.6,2
CONT_s3_throughput_ElephantsDream,1789486290.222,0.1021,6104,6,0,189663553.0,606398026.7,2
CONT_s3_throughput_ElephantsDream,1789486290.324,0.1021,0,0,0,0,0,0
CONT_s3_throughput_ElephantsDream,1789486290.426,0.1023,4552,4,0,135135478.0,404643877.0,2
CONT_s3_throughput_ElephantsDream,1789486290.528,0.1022,4552,4,0,128075381.5,405065331.2,2
CONT_s3_throughput_ElephantsDream,1789486290.63,0.1021,6104,6,0,193387481.3,604627266.3,2
CONT_s3_throughput_ElephantsDream,1789486290.733,0.1022,0,0,0,0,0,0
CONT_s3_throughput_ElephantsDream,1789486290.835,0.1025,4552,4,0,136297266.2,404767868.2,2
CONT_s3_throughput_ElephantsDream,1789486290.94,0.1054,4552,4,0,129151499.2,404762382.1,2
CONT_s3_throughput_ElephantsDream,1789486291.043,0.1024,6104,6,0,196450334.3,604281536.2,2
CONT_s3_throughput_ElephantsDream,1789486291.145,0.102,0,0,0,0,0,0
CONT_s3_throughput_ElephantsDream,1789486291.247,0.1021,4552,4,0,137306623.2,404780622.9,2
CONT_s3_throughput_ElephantsDream,1789486291.349,0.1022,4552,4,0,130091957.8,404944590.9,2
CONT_s3_throughput_ElephantsDream,1789486291.453,0.1036,6104,6,0,199025964.7,604502481.1,2
CONT_s3_throughput_ElephantsDream,1789486291.555,0.1022,3052,3,0,140372614.0,362010623.6,2
CONT_s3_throughput_ElephantsDream,1789486291.657,0.102,3052,3,0,136110448.3,788551.0,2
CONT_s3_throughput_ElephantsDream,1789486291.759,0.1021,4552,4,0,126885470.2,445261062.5,2
CONT_s3_throughput_ElephantsDream,1789486291.861,0.1022,3052,3,0,214901690.3,765635926.4,2
CONT_s3_throughput_ElephantsDream,1789486291.964,0.1023,3052,3,0,205741298.3,523383425.9,2
CONT_s3_throughput_ElephantsDream,1789486292.066,0.1021,6104,6,0,133240361.7,342073444.3,2
CONT_s3_throughput_ElephantsDream,1789486292.168,0.1022,3052,3,0,208471425.0,685118861.3,2
CONT_s3_throughput_ElephantsDream,1789486292.27,0.1021,4552,4,0,182406380.8,402858102.7,3
CONT_s3_throughput_ElephantsDream,1789486292.372,0.1023,3104,4,0,137445729.5,357011279.1,2
CONT_s3_throughput_ElephantsDream,1789486292.475,0.1023,3052,3,0,129841387.3,362584283.3,2
CONT_s3_throughput_ElephantsDream,1789486292.577,0.102,3052,3,0,205289289.3,604734154.0,2
CONT_s3_throughput_ElephantsDream,1789486292.679,0.1022,3052,3,0,195529355.3,443331402.8,2
CONT_s3_throughput_ElephantsDream,1789486292.781,0.1022,6104,6,0,135841800.0,379710638.8,2
CONT_s3_throughput_ElephantsDream,1789486292.883,0.1023,3052,3,0,199346614.3,604601489.4,2
CONT_s3_throughput_ElephantsDream,1789486292.985,0.1023,3164,5,0,152000266.0,395991227.0,3
CONT_s3_throughput_ElephantsDream,1789486293.088,0.1021,3052,3,0,145438165.3,563914834.8,2
CONT_s3_throughput_ElephantsDream,1789486293.19,0.1022,6092,6,0,166776084.3,487756705.4,4
CONT_s3_throughput_ElephantsDream,1789486293.292,0.1022,5190,8,0,68861096.6,223686958.3,4
CONT_s3_throughput_ElephantsDream,1789486293.394,0.1025,3052,3,0,150092160.0,568068076.9,2
CONT_s3_throughput_ElephantsDream,1789486293.497,0.1025,3052,3,0,144852779.7,406133396.0,2
CONT_s3_throughput_ElephantsDream,1789486293.599,0.1024,8449,12,0,50405420.9,123909756.3,5
CONT_s3_throughput_ElephantsDream,1789486293.702,0.1025,3052,3,0,152617691.3,559611968.8,2
CONT_s3_throughput_ElephantsDream,1789486293.804,0.1024,3104,4,0,110148103.0,392142503.1,3
CONT_s3_throughput_ElephantsDream,1789486293.907,0.1025,4976,8,0,46645153.5,164315902.5,4
CONT_s3_throughput_ElephantsDream,1789486294.009,0.1026,3092,4,0,150482388.5,500807066.0,2
CONT_s3_throughput_ElephantsDream,1789486294.112,0.1024,4631,4,0,112212067.8,397038669.0,2
CONT_s3_throughput_ElephantsDream,1789486294.214,0.1026,3104,4,0,74162482.8,278548862.2,3
CONT_s3_throughput_ElephantsDream,1789486294.317,0.1024,6183,6,0,95451942.2,559573111.9,4
CONT_s3_throughput_ElephantsDream,1789486294.419,0.1027,3104,4,0,82124063.5,26891132.0,3
CONT_s3_throughput_ElephantsDream,1789486294.522,0.1031,3052,3,0,87069440.3,325820031.8,2
CONT_s3_throughput_ElephantsDream,1789486294.625,0.1024,3052,3,0,85072725.0,325862561.2,2
CONT_s3_throughput_ElephantsDream,1789486294.728,0.1028,6104,6,0,81438506.0,241266051.4,2
CONT_s3_throughput_ElephantsDream,1789486294.833,0.1053,3052,3,0,79784857.0,241660905.6,2
CONT_s3_throughput_ElephantsDream,1789486294.935,0.1025,3052,3,0,78231647.7,241648298.3,2
CONT_s3_throughput_ElephantsDream,1789486295.038,0.1026,3052,3,0,76774129.3,241100942.7,2
CONT_s3_throughput_ElephantsDream,1789486295.141,0.1025,6104,6,0,74132798.7,241144387.7,2
CONT_s3_throughput_ElephantsDream,1789486295.243,0.1025,3052,3,0,72937351.7,241273817.2,2
CONT_s3_throughput_ElephantsDream,1789486295.346,0.1025,3052,3,0,71818902.7,241646293.4,2
CONT_s3_throughput_ElephantsDream,1789486295.45,0.1039,3052,3,0,70757209.0,241540893.8,2
CONT_s3_throughput_ElephantsDream,1789486295.552,0.1024,6104,6,0,68837373.3,240998847.4,2
CONT_s3_throughput_ElephantsDream,1789486295.654,0.1025,3052,3,0,67976902.7,241023834.3,2
CONT_s3_throughput_ElephantsDream,1789486295.757,0.1025,3244,4,0,60135512.0,182081730.0,2
CONT_s3_throughput_ElephantsDream,1789486295.859,0.1026,3052,3,0,67699752.7,74357523.4,2
CONT_s3_throughput_ElephantsDream,1789486295.962,0.1026,6104,6,0,66347985.0,650496.0,2
CONT_s3_throughput_ElephantsDream,1789486296.065,0.1025,3052,3,0,65668959.3,241640793.2,2
CONT_s3_throughput_ElephantsDream,1789486296.167,0.1025,3052,3,0,65026839.7,241519808.8,2
CONT_s3_throughput_ElephantsDream,1789486296.27,0.1025,3052,3,0,64424088.7,241541088.3,2
CONT_s3_throughput_ElephantsDream,1789486296.372,0.1026,6104,6,0,63313149.3,241209463.4,2
CONT_s3_throughput_ElephantsDream,1789486296.476,0.1036,3052,3,0,62817266.3,241063331.9,2
CONT_s3_throughput_ElephantsDream,1789486296.578,0.1027,3052,3,0,62347595.0,241242288.1,2
CONT_s3_throughput_ElephantsDream,1789486296.681,0.1025,3052,3,0,61889527.7,240978724.7,2
CONT_s3_throughput_ElephantsDream,1789486296.784,0.1027,6104,6,0,61070393.7,241410119.3,2
CONT_s3_throughput_ElephantsDream,1789486296.886,0.1027,3052,3,0,60691547.7,240911212.2,2
CONT_s3_throughput_ElephantsDream,1789486296.989,0.1026,3052,3,0,60339983.3,241257417.5,2
CONT_s3_throughput_ElephantsDream,1789486297.091,0.1024,3052,3,0,60011090.0,241267182.8,2
CONT_s3_throughput_ElephantsDream,1789486297.194,0.1024,6104,6,0,59408976.3,241375997.6,2
CONT_s3_throughput_ElephantsDream,1789486297.296,0.1024,3052,3,0,59131143.3,241466773.3,2
CONT_s3_throughput_ElephantsDream,1789486297.399,0.1027,3052,3,0,58873964.3,241181973.7,2
CONT_s3_throughput_ElephantsDream,1789486297.501,0.1025,3052,3,0,58638845.0,241465073.9,2
CONT_s3_throughput_ElephantsDream,1789486297.604,0.1028,6104,6,0,58182384.0,241122813.6,2
CONT_s3_throughput_ElephantsDream,1789486297.707,0.1025,3052,3,0,57979911.7,241251037.5,2
CONT_s3_throughput_ElephantsDream,1789486297.809,0.1025,4869,5,0,51967062.6,188613371.5,2
CONT_s3_throughput_ElephantsDream,1789486297.912,0.1026,3052,3,0,56108076.7,75688552.0,2
CONT_s3_throughput_ElephantsDream,1789486298.014,0.1026,3052,3,0,56279629.3,925939.0,2
CONT_s3_throughput_ElephantsDream,1789486298.117,0.1024,6104,6,0,56403011.0,240971435.8,2
CONT_s3_throughput_ElephantsDream,1789486298.219,0.1025,3052,3,0,56427467.7,241245382.0,2
CONT_s3_throughput_ElephantsDream,1789486298.322,0.1025,3052,3,0,56436751.3,241076762.7,2
CONT_s3_throughput_ElephantsDream,1789486298.424,0.1026,3052,3,0,56426704.0,241468783.9,2
CONT_s3_throughput_ElephantsDream,1789486298.527,0.1026,6104,6,0,56377292.3,241659198.2,2
CONT_s3_throughput_ElephantsDream,1789486298.629,0.1025,3052,3,0,56344389.0,241588837.1,2
CONT_s3_throughput_ElephantsDream,1789486298.732,0.1024,3052,3,0,56302396.7,241540181.8,2
CONT_s3_throughput_ElephantsDream,1789486298.835,0.1033,3052,3,0,56259941.3,241636123.0,2
CONT_s3_throughput_ElephantsDream,1789486298.941,0.1061,6104,6,0,56179940.0,241418009.2,2
CONT_s3_throughput_ElephantsDream,1789486299.044,0.1026,3052,3,0,56130342.7,241395834.9,2
CONT_s3_throughput_ElephantsDream,1789486299.146,0.1024,3052,3,0,56090465.7,240847670.8,2
CONT_s3_throughput_ElephantsDream,1789486299.249,0.1025,3052,3,0,56043521.3,241067034.6,2
CONT_s3_throughput_ElephantsDream,1789486299.351,0.1025,6104,6,0,55939425.0,241371890.8,2
CONT_s3_throughput_ElephantsDream,1789486299.454,0.103,3052,3,0,55896318.7,241367600.4,2
CONT_s3_throughput_ElephantsDream,1789486299.556,0.1023,3052,3,0,55840652.0,241402618.5,2
CONT_s3_throughput_ElephantsDream,1789486299.659,0.1024,3052,3,0,55789998.0,240927323.6,2
CONT_s3_throughput_ElephantsDream,1789486299.761,0.1025,6104,6,0,55706610.7,241063469.9,2
CONT_s3_throughput_ElephantsDream,1789486299.864,0.1025,4103,5,0,49399009.4,140112228.7,2
CONT_s3_throughput_ElephantsDream,1789486299.966,0.1026,3052,3,0,55223744.3,76909873.7,2
CONT_s3_throughput_ElephantsDream,1789486300.069,0.1024,3052,3,0,55447254.3,871883.0,2
CONT_s3_throughput_ElephantsDream,1789486300.171,0.1024,3052,3,0,55570188.3,1391510.0,2
CONT_s3_throughput_ElephantsDream,1789486300.274,0.1024,6104,6,0,55743676.0,241402490.7,2
CONT_s3_throughput_ElephantsDream,1789486300.376,0.1026,3052,3,0,55803284.0,240809006.7,2
CONT_s3_throughput_ElephantsDream,1789486300.479,0.1026,3052,3,0,55844885.3,241044776.5,2
CONT_s3_throughput_ElephantsDream,1789486300.581,0.1024,3052,3,0,55869096.0,241383215.5,2
CONT_s3_throughput_ElephantsDream,1789486300.684,0.1024,6104,6,0,55875977.0,241294317.4,2
CONT_s3_throughput_ElephantsDream,1789486300.786,0.1024,3052,3,0,55882178.0,241327467.2,2
CONT_s3_throughput_ElephantsDream,1789486300.889,0.1026,3052,3,0,55882396.0,241324032.8,2
CONT_s3_throughput_ElephantsDream,1789486300.991,0.1025,3052,3,0,55871317.3,240933408.1,2
CONT_s3_throughput_ElephantsDream,1789486301.094,0.1024,6104,6,0,55820861.7,241122500.6,2
CONT_s3_throughput_ElephantsDream,1789486301.196,0.1024,3052,3,0,55805760.0,241232356.0,2
CONT_s3_throughput_ElephantsDream,1789486301.298,0.1024,3052,3,0,55790685.7,241553749.9,2
CONT_s3_throughput_ElephantsDream,1789486301.401,0.1026,3052,3,0,55760903.0,241095697.2,2
CONT_s3_throughput_ElephantsDream,1789486301.504,0.1026,6104,6,0,55687402.7,241351459.1,2
CONT_s3_throughput_ElephantsDream,1789486301.606,0.1025,3052,3,0,55663170.7,241026435.0,2
CONT_s3_throughput_ElephantsDream,1789486301.709,0.1024,3052,3,0,55628403.0,240996222.9,2
CONT_s3_throughput_ElephantsDream,1789486301.811,0.1025,3052,3,0,55587929.0,241634332.7,2
CONT_s3_throughput_ElephantsDream,1789486301.914,0.1026,6104,6,0,55530597.0,241428723.0,2
CONT_s3_throughput_ElephantsDream,1789486302.016,0.1026,4227,5,0,50435998.0,72515735.3,2
CONT_s3_throughput_ElephantsDream,1789486302.119,0.1025,3052,3,0,55155604.3,708477.0,2
CONT_s3_throughput_ElephantsDream,1789486302.221,0.1024,3052,3,0,55294007.0,543904.0,2
CONT_s3_throughput_ElephantsDream,1789486302.324,0.1025,3052,3,0,55409936.3,241200750.6,2
CONT_s3_throughput_ElephantsDream,1789486302.426,0.1026,6104,6,0,55578920.7,241555820.2,2
CONT_s3_throughput_ElephantsDream,1789486302.529,0.1025,3052,3,0,55637348.7,241417293.9,2
CONT_s3_throughput_ElephantsDream,1789486302.631,0.1024,3052,3,0,55664716.0,241026845.4,2
CONT_s3_throughput_ElephantsDream,1789486302.733,0.1024,3052,3,0,55686046.7,241651936.3,2
CONT_s3_throughput_ElephantsDream,1789486302.837,0.1031,6104,6,0,55706150.3,241652576.4,2
CONT_s3_throughput_ElephantsDream,1789486302.943,0.1067,3052,3,0,55713991.0,241451893.9,2
CONT_s3_throughput_ElephantsDream,1789486303.046,0.1026,3052,3,0,55705945.7,241524181.1,2
CONT_s3_throughput_ElephantsDream,1789486303.148,0.1023,6104,6,0,55675239.3,241209876.3,2
CONT_s3_throughput_ElephantsDream,1789486303.251,0.1025,3052,3,0,55651386.3,241286199.8,2
CONT_s3_throughput_ElephantsDream,1789486303.353,0.1026,3052,3,0,55629030.0,241609231.6,2
CONT_s3_throughput_ElephantsDream,1789486303.456,0.1025,3052,3,0,55611935.3,241523935.1,2
CONT_s3_throughput_ElephantsDream,1789486303.558,0.1024,6052,5,0,66043489.2,243412181.0,2
CONT_s3_throughput_ElephantsDream,1789486303.661,0.1024,3104,4,0,42443782.5,237368142.9,2
CONT_s3_throughput_ElephantsDream,1789486303.763,0.1024,3052,3,0,55523500.0,241345665.7,2
CONT_s3_throughput_ElephantsDream,1789486303.865,0.1026,3052,3,0,55503976.7,241675428.3,2
CONT_s3_throughput_ElephantsDream,1789486303.968,0.1025,3052,3,0,55473092.0,241056407.4,2
CONT_s3_throughput_ElephantsDream,1789486304.07,0.1024,6931,7,0,44521414.0,127045887.2,2
CONT_s3_throughput_ElephantsDream,1789486304.173,0.1024,3052,3,0,51127779.3,76373996.4,2
CONT_s3_throughput_ElephantsDream,1789486304.275,0.1024,3052,3,0,51789390.7,1229937.0,2
CONT_s3_throughput_ElephantsDream,1789486304.378,0.1025,6104,6,0,52730474.7,241278232.6,2
CONT_s3_throughput_ElephantsDream,1789486304.48,0.1025,3052,3,0,53105333.0,240963519.9,2
CONT_s3_throughput_ElephantsDream,1789486304.583,0.1024,3052,3,0,53423571.7,241053297.7,2
CONT_s3_throughput_ElephantsDream,1789486304.685,0.1025,3052,3,0,53697282.7,241475259.3,2
CONT_s3_throughput_ElephantsDream,1789486304.788,0.1029,6104,6,0,54141260.7,241520732.7,2
CONT_s3_throughput_ElephantsDream,1789486304.891,0.1027,3052,3,0,54312258.3,241558619.7,2
CONT_s3_throughput_ElephantsDream,1789486304.993,0.1026,3052,3,0,54455529.3,241182423.4,2
CONT_s3_throughput_ElephantsDream,1789486305.096,0.1024,3052,3,0,54572073.7,241293302.7,2
CONT_s3_throughput_ElephantsDream,1789486305.198,0.1025,6104,6,0,54751730.0,241011255.9,2
CONT_s3_throughput_ElephantsDream,1789486305.301,0.1025,3052,3,0,54832315.0,241056407.7,2
CONT_s3_throughput_ElephantsDream,1789486305.403,0.1027,3052,3,0,54886258.3,241225556.2,2
CONT_s3_throughput_ElephantsDream,1789486305.506,0.1026,3052,3,0,54943731.7,241535585.7,2
CONT_s3_throughput_ElephantsDream,1789486305.608,0.1024,6104,6,0,55000662.3,240918578.6,2
CONT_s3_throughput_ElephantsDream,1789486305.711,0.1024,3052,3,0,55028790.3,240924616.9,2
CONT_s3_throughput_ElephantsDream,1789486305.813,0.1024,3052,3,0,55040364.3,241280412.6,2
CONT_s3_throughput_ElephantsDream,1789486305.916,0.1027,3052,3,0,55057618.7,241612563.9,2
CONT_s3_throughput_ElephantsDream,1789486306.018,0.1025,6104,6,0,55086292.0,241458947.9,2
CONT_s3_throughput_ElephantsDream,1789486306.121,0.1025,3052,3,0,55092082.3,240892712.9,2
CONT_s3_throughput_ElephantsDream,1789486306.223,0.1025,3052,3,0,55089981.7,241267409.4,2
CONT_s3_throughput_ElephantsDream,1789486306.326,0.1024,3052,3,0,55086316.3,241054077.9,2
CONT_s3_throughput_ElephantsDream,1789486306.428,0.1026,6104,6,0,55083264.0,241292911.5,2
CONT_s3_throughput_ElephantsDream,1789486306.531,0.1026,3052,3,0,55085548.3,241528351.1,2
CONT_s3_throughput_ElephantsDream,1789486306.633,0.1024,3052,3,0,55074566.3,241476735.0,2
CONT_s3_throughput_ElephantsDream,1789486306.736,0.1024,3052,3,0,55064930.3,240877669.0,2
CONT_s3_throughput_ElephantsDream,1789486306.838,0.1026,6104,6,0,55050404.3,241045508.7,2
CONT_s3_throughput_ElephantsDream,1789486306.945,0.1071,3052,3,0,55034928.3,241273864.4,2
CONT_s3_throughput_ElephantsDream,1789486307.048,0.1027,3052,3,0,55028300.3,241686074.8,2
CONT_s3_throughput_ElephantsDream,1789486307.151,0.1025,3052,3,0,55024761.7,241547476.1,2
CONT_s3_throughput_ElephantsDream,1789486307.253,0.1026,6104,6,0,54995699.0,241164509.4,2
CONT_s3_throughput_ElephantsDream,1789486307.356,0.1025,3052,3,0,54993179.7,240945618.1,2
CONT_s3_throughput_ElephantsDream,1789486307.458,0.1025,3052,3,0,54990024.7,241008615.1,2
CONT_s3_throughput_ElephantsDream,1789486307.561,0.1024,3052,3,0,54983807.7,240986851.8,2
CONT_s3_throughput_ElephantsDream,1789486307.663,0.1025,6104,6,0,54980349.0,241593778.0,2
CONT_s3_throughput_ElephantsDream,1789486307.766,0.1025,3052,3,0,54968794.3,241308835.2,2
CONT_s3_throughput_ElephantsDream,1789486307.868,0.1026,3052,3,0,54961025.0,241600568.8,2
CONT_s3_throughput_ElephantsDream,1789486307.971,0.1025,3052,3,0,54958865.7,241281047.9,2
CONT_s3_throughput_ElephantsDream,1789486308.073,0.1024,5999,7,0,47813140.1,205131005.1,2
CONT_s3_throughput_ElephantsDream,1789486308.176,0.1024,3052,3,0,56512214.7,75928318.0,2
CONT_s3_throughput_ElephantsDream,1789486308.278,0.1024,3052,3,0,56549426.7,497552.0,2
CONT_s3_throughput_ElephantsDream,1789486308.381,0.1026,6104,6,0,56482658.3,240990532.6,2
CONT_s3_throughput_ElephantsDream,1789486308.483,0.1026,3052,3,0,56433277.0,241677676.9,2
CONT_s3_throughput_ElephantsDream,1789486308.586,0.1024,3052,3,0,56380672.0,241603291.1,2
CONT_s3_throughput_ElephantsDream,1789486308.688,0.1025,3052,3,0,56327268.0,241561850.7,2
CONT_s3_throughput_ElephantsDream,1789486308.791,0.1024,6104,6,0,56225471.7,241612384.6,2
CONT_s3_throughput_ElephantsDream,1789486308.893,0.1026,3052,3,0,56174057.0,241416152.5,2
CONT_s3_throughput_ElephantsDream,1789486308.996,0.1026,3052,3,0,56119510.3,241043076.7,2
CONT_s3_throughput_ElephantsDream,1789486309.098,0.1025,3052,3,0,56076111.3,241479169.0,2
CONT_s3_throughput_ElephantsDream,1789486309.201,0.1025,6104,6,0,55977582.7,241184219.7,2
CONT_s3_throughput_ElephantsDream,1789486309.303,0.1025,3052,3,0,55921745.3,241390112.3,2
CONT_s3_throughput_ElephantsDream,1789486309.406,0.1027,3052,3,0,55885157.7,241038173.8,2
CONT_s3_throughput_ElephantsDream,1789486309.509,0.1026,3052,3,0,55852017.3,241264945.3,2
CONT_s3_throughput_ElephantsDream,1789486309.611,0.1024,6104,6,0,55767565.7,241294177.2,2
CONT_s3_throughput_ElephantsDream,1789486309.713,0.1024,3052,3,0,55716759.7,241402187.2,2
CONT_s3_throughput_ElephantsDream,1789486309.816,0.1025,3052,3,0,55663441.3,240899572.7,2
CONT_s3_throughput_ElephantsDream,1789486309.919,0.1026,3052,3,0,55626552.3,241095355.4,2
CONT_s3_throughput_ElephantsDream,1789486310.021,0.1025,6104,6,0,55534419.7,241011882.5,2
CONT_s3_throughput_ElephantsDream,1789486310.123,0.1024,3052,3,0,55502206.7,241568052.4,2
CONT_s3_throughput_ElephantsDream,1789486310.226,0.1026,3052,3,0,55467110.7,241610649.2,2
CONT_s3_throughput_ElephantsDream,1789486310.331,0.1048,3052,3,0,55436288.7,241647842.9,2
CONT_s3_throughput_ElephantsDream,1789486310.433,0.1025,6104,6,0,55388903.0,241085667.3,2
CONT_s3_throughput_ElephantsDream,1789486310.536,0.1025,3052,3,0,55363669.7,241496470.9,2
CONT_s3_throughput_ElephantsDream,1789486310.638,0.1025,3052,3,0,55331198.3,241122916.5,2
CONT_s3_throughput_ElephantsDream,1789486310.741,0.1025,3052,3,0,55308700.3,241654838.8,2
CONT_s3_throughput_ElephantsDream,1789486310.844,0.1026,6104,6,0,55275078.0,241504840.6,2
CONT_s3_throughput_ElephantsDream,1789486310.948,0.1048,3052,3,0,55246232.3,240943331.5,2
CONT_s3_throughput_ElephantsDream,1789486311.051,0.1025,3052,3,0,55226547.0,241391263.0,2
CONT_s3_throughput_ElephantsDream,1789486311.153,0.1024,3052,3,0,55217314.7,241204714.6,2
CONT_s3_throughput_ElephantsDream,1789486311.256,0.1026,6104,6,0,55191828.7,241200446.9,2
CONT_s3_throughput_ElephantsDream,1789486311.359,0.1027,3052,3,0,55174788.7,241612425.2,2
CONT_s3_throughput_ElephantsDream,1789486311.461,0.1025,3052,3,0,55163534.0,241221237.1,2
CONT_s3_throughput_ElephantsDream,1789486311.564,0.1024,3052,3,0,55137913.7,241402606.3,2
CONT_s3_throughput_ElephantsDream,1789486311.666,0.1024,6104,6,0,55098572.0,241208050.2,2
CONT_s3_throughput_ElephantsDream,1789486311.768,0.1024,3052,3,0,55088780.7,241665799.9,2
CONT_s3_throughput_ElephantsDream,1789486311.871,0.1026,3052,3,0,55076935.7,241530002.0,2
CONT_s3_throughput_ElephantsDream,1789486311.973,0.1025,3052,3,0,55064956.7,241511283.2,2
CONT_s3_throughput_ElephantsDream,1789486312.076,0.1024,6104,6,0,55055393.7,240987046.9,2
CONT_s3_throughput_ElephantsDream,1789486312.178,0.1025,3052,3,0,55051109.7,241415654.7,2
CONT_s3_throughput_ElephantsDream,1789486312.281,0.1024,4363,5,0,48706064.0,144382599.5,2
CONT_s3_throughput_ElephantsDream,1789486312.383,0.1026,5045,5,0,46937397.0,47660596.8,2
CONT_s3_throughput_ElephantsDream,1789486312.486,0.1025,3052,3,0,51929641.0,901661.0,2
CONT_s3_throughput_ElephantsDream,1789486312.588,0.1025,3052,3,0,52416613.0,942012.0,2
CONT_s3_throughput_ElephantsDream,1789486312.691,0.1024,3052,3,0,52831894.7,240965545.7,2
CONT_s3_throughput_ElephantsDream,1789486312.793,0.1024,412863,334,4,223069.1,7417913.2,2
CONT_s3_throughput_ElephantsDream,1789486312.896,0.1026,0,0,0,0,0,0
CONT_s3_throughput_ElephantsDream,1789486312.998,0.1025,0,0,0,0,0,0
CONT_s3_throughput_ElephantsDream,1789486313.101,0.1024,0,0,0,0,0,0
CONT_s3_throughput_ElephantsDream,1789486313.203,0.1024,0,0,0,0,0,0
CONT_s3_throughput_ElephantsDream,1789486313.306,0.1024,0,0,0,0,0,0
CONT_s3_throughput_ElephantsDream,1789486313.408,0.1026,0,0,0,0,0,0
CONT_s3_throughput_ElephantsDream,1789486313.511,0.1025,0,0,0,0,0,0
CONT_s3_throughput_ElephantsDream,1789486313.613,0.1025,0,0,0,0,0,0
CONT_s3_throughput_ElephantsDream,1789486313.716,0.1025,0,0,0,0,0,0
CONT_s3_throughput_ElephantsDream,1789486313.818,0.1025,0,0,0,0,0,0
CONT_s3_throughput_ElephantsDream,1789486313.921,0.1026,0,0,0,0,0,0
CONT_s3_throughput_ElephantsDream,1789486314.023,0.1025,0,0,0,0,0,0
CONT_s3_throughput_ElephantsDream,1789486314.126,0.1025,0,0,0,0,0,0
CONT_s3_throughput_ElephantsDream,1789486314.228,0.1024,0,0,0,0,0,0
CONT_s3_throughput_ElephantsDream,1789486314.334,0.1055,0,0,0,0,0,0
CONT_s3_throughput_ElephantsDream,1789486314.436,0.1025,0,0,0,0,0,0
CONT_s3_throughput_ElephantsDream,1789486314.539,0.1025,0,0,0,0,0,0
CONT_s3_throughput_ElephantsDream,1789486314.641,0.1024,0,0,0,0,0,0
CONT_s3_throughput_ElephantsDream,1789486314.744,0.1024,0,0,0,0,0,0
CONT_s3_throughput_ElephantsDream,1789486314.846,0.1026,0,0,0,0,0,0
CONT_s3_throughput_ElephantsDream,1789486314.95,0.104,0,0,0,0,0,0
CONT_s3_throughput_ElephantsDream,1789486315.053,0.1029,0,0,0,0,0,0
CONT_s3_throughput_ElephantsDream,1789486315.156,0.1025,0,0,0,0,0,0
CONT_s3_throughput_ElephantsDream,1789486315.258,0.1025,0,0,0,0,0,0
CONT_s3_throughput_ElephantsDream,1789486315.361,0.1026,0,0,0,0,0,0
CONT_s3_throughput_ElephantsDream,1789486315.463,0.1026,0,0,0,0,0,0
CONT_s3_throughput_ElephantsDream,1789486315.566,0.1024,0,0,0,0,0,0
CONT_s3_throughput_ElephantsDream,1789486315.668,0.1024,0,0,0,0,0,0
CONT_s3_throughput_ElephantsDream,1789486315.771,0.1025,0,0,0,0,0,0
CONT_s3_throughput_ElephantsDream,1789486315.873,0.1026,0,0,0,0,0,0
CONT_s3_throughput_ElephantsDream,1789486315.976,0.1025,0,0,0,0,0,0
CONT_s3_throughput_ElephantsDream,1789486316.078,0.1024,0,0,0,0,0,0
CONT_s3_throughput_ElephantsDream,1789486316.181,0.1025,0,0,0,0,0,0
CONT_s3_throughput_ElephantsDream,1789486316.283,0.1025,0,0,0,0,0,0
CONT_s3_throughput_ElephantsDream,1789486316.386,0.1025,658,1,0,222463891.0,0,1
CONT_s3_throughput_ElephantsDream,1789486316.488,0.1025,9416,12,5,327231043.5,108878537.0,2
CONT_s3_throughput_ElephantsDream,1789486316.591,0.1024,10936,14,6,222701497.5,136692235.6,2
CONT_s3_throughput_ElephantsDream,1789486316.693,0.1025,6252,8,3,175449390.5,122066166.3,2
CONT_s3_throughput_ElephantsDream,1789486316.796,0.1025,4564,4,1,153003627.5,37606960.0,2
CONT_s3_throughput_ElephantsDream,1789486316.898,0.1027,3128,4,2,137594385.0,104514352.0,2
CONT_s3_throughput_ElephantsDream,1789486317.001,0.1026,4552,4,0,115900535.5,296639172.7,2
CONT_s3_throughput_ElephantsDream,1789486317.103,0.1024,3116,4,0,108917363.5,147824532.2,2
CONT_s3_throughput_ElephantsDream,1789486317.206,0.1024,6168,7,2,96377395.0,178317464.4,2
CONT_s3_throughput_ElephantsDream,1789486317.308,0.1024,3064,3,1,86501701.3,154912363.3,2
CONT_s3_throughput_ElephantsDream,1789486317.411,0.1027,4552,4,0,82169069.8,160395655.0,2
CONT_s3_throughput_ElephantsDream,1789486317.513,0.1026,52,1,0,96905985.0,45389707.0,1
CONT_s3_throughput_ElephantsDream,1789486317.616,0.1024,6104,6,0,80718636.7,119882024.6,2
CONT_s3_throughput_ElephantsDream,1789486317.718,0.1026,6104,6,0,79127359.7,127637907.6,2
CONT_s3_throughput_ElephantsDream,1789486317.821,0.1026,0,0,0,0,0,0
CONT_s3_throughput_ElephantsDream,1789486317.924,0.1027,7732,9,2,77497607.3,167759935.2,2
CONT_s3_throughput_ElephantsDream,1789486318.026,0.1026,3052,3,0,82183343.3,165559880.7,2
CONT_s3_throughput_ElephantsDream,1789486318.129,0.1024,3116,4,1,80792029.0,172906651.5,2
CONT_s3_throughput_ElephantsDream,1789486318.231,0.1025,6104,6,0,76545323.7,130750344.2,2
CONT_s3_throughput_ElephantsDream,1789486318.334,0.1027,0,0,0,0,0,0
CONT_s3_throughput_ElephantsDream,1789486318.438,0.1038,6244,8,2,82111844.5,178398730.1,2
CONT_s3_throughput_ElephantsDream,1789486318.54,0.1027,3052,3,0,84926004.7,140389189.4,2
CONT_s3_throughput_ElephantsDream,1789486318.643,0.1025,1500,1,0,81414746.0,114380278.0,1
CONT_s3_throughput_ElephantsDream,1789486318.745,0.1024,3104,4,0,85528869.5,35593251.0,2
CONT_s3_throughput_ElephantsDream,1789486318.848,0.1026,1500,1,0,77880022.0,123725663.0,1
CONT_s3_throughput_ElephantsDream,1789486318.951,0.1032,3168,5,1,82900501.8,153258351.0,2
CONT_s3_throughput_ElephantsDream,1789486319.053,0.1025,1552,2,0,80590035.0,128110447.3,2
CONT_s3_throughput_ElephantsDream,1789486319.156,0.1025,3052,3,0,73466796.7,179395567.2,2
CONT_s3_throughput_ElephantsDream,1789486319.258,0.1025,4616,5,1,74733835.2,100977366.2,2
CONT_s3_throughput_ElephantsDream,1789486319.361,0.1026,3116,4,1,74404625.0,126814962.6,2
CONT_s3_throughput_ElephantsDream,1789486319.464,0.1026,3116,4,1,69592320.0,145728432.1,2
CONT_s3_throughput_ElephantsDream,1789486319.566,0.1025,3052,3,0,69955490.7,136712837.6,2
CONT_s3_throughput_ElephantsDream,1789486319.668,0.1024,1564,2,0,70769686.5,126211313.0,2
CONT_s3_throughput_ElephantsDream,1789486319.771,0.1026,4604,5,1,67397966.6,109709037.6,2
CONT_s3_throughput_ElephantsDream,1789486319.874,0.1027,1552,2,0,65209596.5,155565580.5,2
CONT_s3_throughput_ElephantsDream,1789486319.976,0.1026,52,1,0,64744930.0,56981113.0,1
CONT_s3_throughput_ElephantsDream,1789486320.079,0.1024,4552,4,0,63542892.0,151408925.0,2
CONT_s3_throughput_ElephantsDream,1789486320.181,0.1025,3104,4,0,64791142.0,123756740.2,2
CONT_s3_throughput_ElephantsDream,1789486320.284,0.1025,1500,1,0,66287927.0,151836870.0,1
CONT_s3_throughput_ElephantsDream,1789486320.386,0.1026,3116,4,1,60485947.0,112215266.5,2
CONT_s3_throughput_ElephantsDream,1789486320.489,0.1026,1349,2,0,61022617.5,67765458.1,2
CONT_s3_throughput_ElephantsDream,1789486320.591,0.1024,3052,3,0,63520530.7,139146898.9,2
CONT_s3_throughput_ElephantsDream,1789486320.694,0.1024,3128,4,0,67403162.0,129303905.0,2
CONT_s3_throughput_ElephantsDream,1789486320.796,0.1025,0,0,0,0,0,0
CONT_s3_throughput_ElephantsDream,1789486320.899,0.1026,1564,2,1,70615946.0,117907219.0,2
CONT_s3_throughput_ElephantsDream,1789486321.001,0.1026,3116,4,1,74581687.5,157382966.9,2
CONT_s3_throughput_ElephantsDream,1789486321.104,0.1024,0,0,0,0,0,0
CONT_s3_throughput_ElephantsDream,1789486321.206,0.1024,3116,4,1,78907992.5,160327028.6,2
CONT_s3_throughput_ElephantsDream,1789486321.308,0.1024,1552,2,0,76293318.5,104147265.5,2
CONT_s3_throughput_ElephantsDream,1789486321.411,0.1026,1552,2,0,73483156.5,138995007.0,2
CONT_s3_throughput_ElephantsDream,1789486321.514,0.1029,3052,3,0,73347647.7,143984484.9,2
CONT_s3_throughput_ElephantsDream,1789486321.616,0.1025,3128,4,0,73367225.5,114352372.0,2
CONT_s3_throughput_ElephantsDream,1789486321.719,0.1025,3116,4,2,71846299.5,61736934.0,2
CONT_s3_throughput_ElephantsDream,1789486321.821,0.1025,3052,3,0,74979272.3,154153823.9,2
CONT_s3_throughput_ElephantsDream,1789486321.924,0.1026,1564,2,1,72466292.0,170183695.0,2
CONT_s3_throughput_ElephantsDream,1789486322.027,0.1026,3052,3,0,69677351.3,140803653.8,2
CONT_s3_throughput_ElephantsDream,1789486322.129,0.1026,52,1,0,71031258.0,48922609.0,1
CONT_s3_throughput_ElephantsDream,1789486322.232,0.1025,3128,4,1,72926555.0,152011609.5,2
CONT_s3_throughput_ElephantsDream,1789486322.335,0.1029,3116,4,1,80024539.5,162237958.6,2
CONT_s3_throughput_ElephantsDream,1789486322.439,0.1039,0,0,0,0,0,0
CONT_s3_throughput_ElephantsDream,1789486322.541,0.1027,3116,4,1,91535672.0,172307884.9,2
CONT_s3_throughput_ElephantsDream,1789486322.644,0.1026,0,0,0,0,0,0
CONT_s3_throughput_ElephantsDream,1789486322.746,0.1025,3052,3,0,97184456.0,158564109.4,2
CONT_s3_throughput_ElephantsDream,1789486322.849,0.1026,0,0,0,0,0,0
CONT_s3_throughput_ElephantsDream,1789486322.953,0.1039,3052,3,0,100878311.0,178331947.0,2
CONT_s3_throughput_ElephantsDream,1789486323.055,0.1025,3128,4,0,101879956.0,161703102.0,2
CONT_s3_throughput_ElephantsDream,1789486323.158,0.1025,4616,5,2,93753144.0,115906657.7,2
CONT_s3_throughput_ElephantsDream,1789486323.26,0.1025,3116,4,1,91309520.5,183613597.1,2
CONT_s3_throughput_ElephantsDream,1789486323.363,0.1026,0,0,0,0,0,0
CONT_s3_throughput_ElephantsDream,1789486323.466,0.1026,4680,6,2,86851812.5,131577001.0,2
CONT_s3_throughput_ElephantsDream,1789486323.568,0.1025,3116,4,1,89068808.5,155241505.2,2
CONT_s3_throughput_ElephantsDream,1789486323.671,0.1025,0,0,0,0,0,0
CONT_s3_throughput_ElephantsDream,1789486323.773,0.1025,3112,4,0,66805713.8,181944828.5,3
CONT_s3_throughput_ElephantsDream,1789486323.876,0.1027,52,1,0,90891566.0,46486163.0,1
CONT_s3_throughput_ElephantsDream,1789486323.978,0.1027,3733,6,0,48053898.3,122177626.9,4
CONT_s3_throughput_ElephantsDream,1789486324.081,0.1025,4915,7,0,48021378.4,109210337.4,4
CONT_s3_throughput_ElephantsDream,1789486324.184,0.1026,6311,8,0,48594090.2,105089767.4,4
CONT_s3_throughput_ElephantsDream,1789486324.286,0.1027,12468,15,6,36385757.3,182966257.3,4
CONT_s3_throughput_ElephantsDream,1789486324.389,0.1028,6363,9,1,47474863.9,183261254.7,4
CONT_s3_throughput_ElephantsDream,1789486324.492,0.1028,3144,4,0,33495421.5,232810142.0,2
CONT_s3_throughput_ElephantsDream,1789486324.594,0.1026,6264,8,2,42503564.5,357927682.1,2
CONT_s3_throughput_ElephantsDream,1789486324.697,0.1026,3144,4,2,46220324.5,461031092.0,2
CONT_s3_throughput_ElephantsDream,1789486324.8,0.1027,3152,4,2,49447350.5,0,2
CONT_s3_throughput_ElephantsDream,1789486324.902,0.1028,6288,8,0,94852827.2,485593836.0,4
CONT_s3_throughput_ElephantsDream,1789486325.005,0.1027,4740,6,1,44954223.0,420051959.5,2
CONT_s3_throughput_ElephantsDream,1789486325.108,0.1026,4708,6,2,112409577.0,279651746.6,4
CONT_s3_throughput_ElephantsDream,1789486325.21,0.1028,4740,6,3,45522265.5,291857316.0,2
CONT_s3_throughput_ElephantsDream,1789486325.314,0.1031,3160,4,2,42160018.0,365196850.5,2
CONT_s3_throughput_ElephantsDream,1789486325.416,0.1028,4696,6,3,76145125.0,338217867.3,4
CONT_s3_throughput_ElephantsDream,1789486325.519,0.1028,4680,6,2,75457782.2,363184070.7,4
CONT_s3_throughput_ElephantsDream,1789486325.622,0.1025,4624,5,2,31300167.2,338423506.6,2
CONT_s3_throughput_ElephantsDream,1789486325.724,0.1027,3052,3,0,28681157.3,359311566.2,2
CONT_s3_throughput_ElephantsDream,1789486325.829,0.1043,4604,5,0,58945929.2,393147291.2,3
CONT_s3_throughput_ElephantsDream,1789486325.932,0.103,4604,5,0,88216276.6,413208400.3,4
CONT_s3_throughput_ElephantsDream,1789486326.034,0.1028,4656,6,0,96249024.0,418943644.0,4
CONT_s3_throughput_ElephantsDream,1789486326.137,0.1027,3104,4,0,38328315.0,424538908.2,2
CONT_s3_throughput_ElephantsDream,1789486326.24,0.1028,6180,7,1,59026212.7,412461718.9,3
CONT_s3_throughput_ElephantsDream,1789486326.343,0.1029,3104,4,0,73250233.2,424366386.6,3
CONT_s3_throughput_ElephantsDream,1789486326.447,0.1042,4680,6,1,148349956.0,399091822.7,2
CONT_s3_throughput_ElephantsDream,1789486326.55,0.1027,4692,6,0,51379949.5,414861446.0,2
CONT_s3_throughput_ElephantsDream,1789486326.652,0.1027,4692,6,0,51071806.5,419933682.0,2
CONT_s3_throughput_ElephantsDream,1789486326.755,0.1027,4680,6,0,90129537.0,413299757.7,4
CONT_s3_throughput_ElephantsDream,1789486326.858,0.1028,3116,4,1,106746200.2,369961128.4,4
CONT_s3_throughput_ElephantsDream,1789486326.961,0.1027,4700,6,0,55281501.0,365328526.0,2
CONT_s3_throughput_ElephantsDream,1789486327.063,0.1026,4628,5,1,69970553.8,365641403.2,3
CONT_s3_throughput_ElephantsDream,1789486327.166,0.1028,4680,6,0,82374597.2,307059163.3,4
CONT_s3_throughput_ElephantsDream,1789486327.269,0.1027,4668,6,2,88085932.2,346046097.7,4
CONT_s3_throughput_ElephantsDream,1789486327.371,0.1028,4616,5,1,52335541.4,356377264.1,2
CONT_s3_throughput_ElephantsDream,1789486327.474,0.1028,3116,4,0,101970879.0,318549110.4,4
CONT_s3_throughput_ElephantsDream,1789486327.577,0.1026,3116,4,1,101964439.5,359070748.8,4
CONT_s3_throughput_ElephantsDream,1789486327.68,0.1027,6232,8,3,99357496.5,342604841.3,4
CONT_s3_throughput_ElephantsDream,1789486327.782,0.1027,4692,6,2,54420526.0,367723787.4,2
CONT_s3_throughput_ElephantsDream,1789486327.885,0.1028,4604,5,1,48836438.2,392841593.7,2
CONT_s3_throughput_ElephantsDream,1789486327.988,0.1027,3052,3,0,158408796.7,439135279.3,2
CONT_s3_throughput_ElephantsDream,1789486328.09,0.1027,4616,5,1,98954880.6,421277736.5,4
CONT_s3_throughput_ElephantsDream,1789486328.193,0.1027,5875,7,1,84354515.7,351323591.3,4
CONT_s3_throughput_ElephantsDream,1789486328.296,0.1028,3128,4,0,57090295.5,196991485.0,2
CONT_s3_throughput_ElephantsDream,1789486328.398,0.1027,5123,6,0,89480036.8,164933251.8,4
CONT_s3_throughput_ElephantsDream,1789486328.501,0.1028,4616,5,2,58217743.0,144169426.7,2
CONT_s3_throughput_ElephantsDream,1789486328.604,0.1025,4680,6,0,113219418.2,176746631.3,4
CONT_s3_throughput_ElephantsDream,1789486328.706,0.1025,4668,6,2,81921598.2,220269283.0,4
CONT_s3_throughput_ElephantsDream,1789486328.809,0.1026,4616,5,0,83571957.2,240569798.1,4
CONT_s3_throughput_ElephantsDream,1789486328.912,0.1029,1552,2,1,129672519.5,282537299.5,2
CONT_s3_throughput_ElephantsDream,1789486329.015,0.1028,4604,5,0,58787610.6,268362089.9,2
CONT_s3_throughput_ElephantsDream,1789486329.117,0.1026,6168,7,1,103001791.1,249007917.4,4
CONT_s3_throughput_ElephantsDream,1789486329.22,0.1028,4552,4,0,66433945.5,226974289.6,2
CONT_s3_throughput_ElephantsDream,1789486329.323,0.1027,3104,4,0,114931803.5,177530089.6,3
CONT_s3_throughput_ElephantsDream,1789486329.425,0.1028,4692,6,0,66813183.5,161154698.5,2
CONT_s3_throughput_ElephantsDream,1789486329.528,0.1028,4680,6,2,108977885.7,140957893.9,4
CONT_s3_throughput_ElephantsDream,1789486329.631,0.1026,4616,5,1,75848536.8,157238159.9,3
CONT_s3_throughput_ElephantsDream,1789486329.733,0.1027,4604,5,0,92048890.8,178775512.1,4
CONT_s3_throughput_ElephantsDream,1789486329.837,0.1033,4668,6,1,102027989.2,142400573.9,4
CONT_s3_throughput_ElephantsDream,1789486329.941,0.1046,4552,4,0,64223829.5,180180844.9,2
CONT_s3_throughput_ElephantsDream,1789486330.044,0.1028,3104,4,0,102551742.2,195431854.6,3
CONT_s3_throughput_ElephantsDream,1789486330.147,0.1026,4604,5,0,61047098.0,211154777.1,2
CONT_s3_throughput_ElephantsDream,1789486330.249,0.1026,4616,5,0,84802205.6,203836110.0,4
CONT_s3_throughput_ElephantsDream,1789486330.352,0.1028,4680,6,1,86613481.0,215469478.5,4
CONT_s3_throughput_ElephantsDream,1789486330.455,0.1028,4604,5,1,66046367.4,263073454.6,2
CONT_s3_throughput_ElephantsDream,1789486330.557,0.1026,3116,4,1,130005205.5,245735319.8,2
CONT_s3_throughput_ElephantsDream,1789486330.66,0.1026,4604,5,0,68136946.8,231917816.1,2
CONT_s3_throughput_ElephantsDream,1789486330.763,0.1026,4552,4,0,84635210.8,252000204.2,3
CONT_s3_throughput_ElephantsDream,1789486330.865,0.1027,3052,3,0,115335840.0,207708532.1,3
CONT_s3_throughput_ElephantsDream,1789486330.968,0.1027,6196,8,0,69854563.0,247584179.8,2
CONT_s3_throughput_ElephantsDream,1789486331.071,0.1027,3116,4,1,137411907.5,211749664.3,2
CONT_s3_throughput_ElephantsDream,1789486331.173,0.1026,4500,3,0,72010273.0,229111259.5,1
CONT_s3_throughput_ElephantsDream,1789486331.276,0.1026,4564,4,0,106207298.5,242896374.0,3
CONT_s3_throughput_ElephantsDream,1789486331.379,0.1027,3116,4,2,133986661.5,282231010.9,2
CONT_s3_throughput_ElephantsDream,1789486331.481,0.1027,3052,3,0,124192644.7,128203955.7,2
CONT_s3_throughput_ElephantsDream,1789486331.584,0.1025,1500,1,0,120611301.0,118460678.0,1
CONT_s3_throughput_ElephantsDream,1789486331.687,0.1026,3104,4,0,119228119.5,28869572.5,2
CONT_s3_throughput_ElephantsDream,1789486331.789,0.1026,3116,4,1,116107672.5,144134215.0,2
CONT_s3_throughput_ElephantsDream,1789486331.892,0.1028,3052,3,0,105426883.7,131561460.4,2
CONT_s3_throughput_ElephantsDream,1789486331.995,0.1027,1500,1,0,98035590.0,118748621.0,1
CONT_s3_throughput_ElephantsDream,1789486332.097,0.1026,3116,4,1,104192749.5,17835366.0,2
CONT_s3_throughput_ElephantsDream,1789486332.2,0.1026,3128,4,0,108962464.0,159107869.0,2
CONT_s3_throughput_ElephantsDream,1789486332.302,0.1026,1552,2,1,102768629.0,37139334.0,2
CONT_s3_throughput_ElephantsDream,1789486332.405,0.1028,3052,3,0,97410292.3,163878536.1,2
CONT_s3_throughput_ElephantsDream,1789486332.508,0.1027,1552,2,0,100032570.0,112201109.8,2
CONT_s3_throughput_ElephantsDream,1789486332.611,0.1026,3104,4,0,94372961.0,146516543.0,2
CONT_s3_throughput_ElephantsDream,1789486332.713,0.1026,0,0,0,0,0,0
CONT_s3_throughput_ElephantsDream,1789486332.816,0.1026,4552,4,0,85972376.0,153222741.7,2
CONT_s3_throughput_ElephantsDream,1789486332.919,0.1029,1604,3,0,90733037.0,103677500.5,2
CONT_s3_throughput_ElephantsDream,1789486333.021,0.1027,1564,2,0,84291120.0,121117846.0,2
CONT_s3_throughput_ElephantsDream,1789486333.124,0.1026,3116,4,1,75922394.5,136672798.2,2
CONT_s3_throughput_ElephantsDream,1789486333.226,0.1026,1552,2,0,72581516.5,123018121.5,2
CONT_s3_throughput_ElephantsDream,1789486333.33,0.1039,0,0,0,0,0,0
CONT_s3_throughput_ElephantsDream,1789486333.433,0.1026,3128,4,1,77936891.5,148330003.0,2
CONT_s3_throughput_ElephantsDream,1789486333.536,0.1026,0,0,0,0,0,0
CONT_s3_throughput_ElephantsDream,1789486333.638,0.1027,3104,4,1,82455362.0,164860571.7,2
CONT_s3_throughput_ElephantsDream,1789486333.741,0.1027,4604,5,0,75581765.8,106336083.0,2
CONT_s3_throughput_ElephantsDream,1789486333.844,0.1028,1500,1,0,72895448.0,139781855.0,1
CONT_s3_throughput_ElephantsDream,1789486333.947,0.1035,3016,5,1,71863215.6,97283978.7,2
CONT_s3_throughput_ElephantsDream,1789486334.05,0.1027,0,0,0,0,0,0
CONT_s3_throughput_ElephantsDream,1789486334.153,0.1025,1994,2,0,77402526.0,123522392.0,2
CONT_s3_throughput_ElephantsDream,1789486334.255,0.1027,3128,4,1,78324826.5,136037250.0,2
CONT_s3_throughput_ElephantsDream,1789486334.358,0.1027,1552,2,1,73857714.0,46022110.0,2
CONT_s3_throughput_ElephantsDream,1789486334.461,0.1027,3052,3,0,74293223.7,146617450.7,2
CONT_s3_throughput_ElephantsDream,1789486334.563,0.1027,4616,5,1,73863029.8,113619499.6,2
CONT_s3_throughput_ElephantsDream,1789486334.666,0.1026,1616,3,0,71758262.0,136771685.9,2
CONT_s3_throughput_ElephantsDream,1789486334.768,0.1026,1552,2,1,71549635.0,174412618.0,2
CONT_s3_throughput_ElephantsDream,1789486334.871,0.1028,3116,4,1,70412151.0,122710564.3,2
CONT_s3_throughput_ElephantsDream,1789486334.974,0.1027,3052,3,0,65909553.0,105601656.0,2
CONT_s3_throughput_ElephantsDream,1789486335.077,0.1026,3052,3,0,64616269.0,151044130.7,2
CONT_s3_throughput_ElephantsDream,1789486335.179,0.1028,3116,4,0,60932167.5,128476472.6,2
CONT_s3_throughput_ElephantsDream,1789486335.282,0.1027,1564,2,0,58963118.0,133758246.0,2
CONT_s3_throughput_ElephantsDream,1789486335.385,0.1028,3104,4,1,56530767.0,122899759.6,2
CONT_s3_throughput_ElephantsDream,1789486335.487,0.1027,3128,4,0,62207113.0,135841288.0,2
CONT_s3_throughput_ElephantsDream,1789486335.591,0.1031,1564,2,0,63698839.5,110757821.0,2
CONT_s3_throughput_ElephantsDream,1789486335.693,0.1026,1552,2,1,62977404.5,188575049.4,2
CONT_s3_throughput_ElephantsDream,1789486335.796,0.1026,1552,2,0,60937084.0,121357436.5,2
CONT_s3_throughput_ElephantsDream,1789486335.898,0.1027,1552,2,0,58557571.5,165162557.7,2
CONT_s3_throughput_ElephantsDream,1789486336.001,0.1027,3052,3,0,57590428.3,167062958.6,2
CONT_s3_throughput_ElephantsDream,1789486336.104,0.1025,4552,4,0,59431355.8,163588349.6,2
CONT_s3_throughput_ElephantsDream,1789486336.206,0.1026,52,1,0,62602938.0,48039393.0,1
CONT_s3_throughput_ElephantsDream,1789486336.309,0.1026,4552,4,0,68412288.0,166969741.0,2
CONT_s3_throughput_ElephantsDream,1789486336.412,0.1028,3168,5,1,64980462.0,129323389.1,2
CONT_s3_throughput_ElephantsDream,1789486336.514,0.1027,4552,4,0,68206243.0,130952209.1,2
CONT_s3_throughput_ElephantsDream,1789486336.617,0.1025,4604,5,0,63527285.0,116784454.3,2
CONT_s3_throughput_ElephantsDream,1789486336.72,0.1027,6104,6,0,61600522.0,135616345.9,2
CONT_s3_throughput_ElephantsDream,1789486336.822,0.1027,7744,9,2,53964749.4,110960753.5,2
CONT_s3_throughput_ElephantsDream,1789486336.925,0.1028,0,0,0,0,0,0
CONT_s3_throughput_ElephantsDream,1789486337.028,0.1027,2418,4,1,60799508.5,81556185.6,2
CONT_s3_throughput_ElephantsDream,1789486337.13,0.1026,7656,8,0,57848654.1,112933891.7,2
CONT_s3_throughput_ElephantsDream,1789486337.233,0.1026,0,0,0,0,0,0
CONT_s3_throughput_ElephantsDream,1789486337.336,0.1031,9316,11,4,56709262.9,137470919.7,2
CONT_s3_throughput_ElephantsDream,1789486337.44,0.1041,3104,4,0,56196434.5,116506825.3,2
CONT_s3_throughput_ElephantsDream,1789486337.543,0.1027,4680,6,2,52949572.5,129451958.7,2
CONT_s3_throughput_ElephantsDream,1789486337.646,0.1028,3052,3,0,52964983.7,124308723.6,2
CONT_s3_throughput_ElephantsDream,1789486337.748,0.1027,52,1,0,51200984.0,49228478.0,1
CONT_s3_throughput_ElephantsDream,1789486337.851,0.1028,1552,2,0,50810943.5,152736442.9,2
CONT_s3_throughput_ElephantsDream,1789486337.954,0.1027,65200,57,2,9926239.4,15080543.8,2
CONT_s3_throughput_ElephantsDream,1789486338.057,0.1027,9104,8,0,16147220.5,95142338.2,2
CONT_s3_throughput_ElephantsDream,1789486338.159,0.1026,9104,8,0,19694102.8,95122470.6,2
CONT_s3_throughput_ElephantsDream,1789486338.262,0.1027,9104,8,0,21969734.0,94975733.0,2
CONT_s3_throughput_ElephantsDream,1789486338.365,0.1028,9104,8,0,23379994.2,94837298.3,2
CONT_s3_throughput_ElephantsDream,1789486338.467,0.1028,9104,8,0,24251085.5,95104578.3,2
CONT_s3_throughput_ElephantsDream,1789486338.57,0.1026,9104,8,0,24731767.0,94843956.2,2
CONT_s3_throughput_ElephantsDream,1789486338.673,0.1028,13656,12,0,25016648.8,95237888.7,2
CONT_s3_throughput_ElephantsDream,1789486338.776,0.1028,9104,8,0,25041601.2,95192122.8,2
CONT_s3_throughput_ElephantsDream,1789486338.879,0.1029,9104,8,0,24998889.5,95253616.6,2
CONT_s3_throughput_ElephantsDream,1789486338.981,0.1027,7860,8,0,23458399.9,53975851.3,2
CONT_s3_throughput_ElephantsDream,1789486339.084,0.1026,13656,12,0,25581053.2,94811182.1,2
CONT_s3_throughput_ElephantsDream,1789486339.187,0.1028,9104,8,0,25392894.8,95047047.8,2
CONT_s3_throughput_ElephantsDream,1789486339.289,0.1027,9104,8,0,25212024.0,95185906.0,2
CONT_s3_throughput_ElephantsDream,1789486339.392,0.1028,9145,9,1,339704408.7,94729569.9,3
CONT_s3_throughput_ElephantsDream,1789486339.495,0.1027,9168,9,0,336544614.3,408952723.7,3
CONT_s3_throughput_ElephantsDream,1789486339.598,0.1028,9104,8,0,24796370.2,95676453.9,2
CONT_s3_throughput_ElephantsDream,1789486339.701,0.1028,9104,8,0,24643383.2,95169262.4,2
CONT_s3_throughput_ElephantsDream,1789486339.803,0.1027,9104,8,0,24501051.0,94654429.2,2
CONT_s3_throughput_ElephantsDream,1789486339.906,0.1027,9104,8,0,24390771.0,95114088.3,2
CONT_s3_throughput_ElephantsDream,1789486340.009,0.1027,14639,13,0,24086973.1,67887995.7,2
CONT_s3_throughput_ElephantsDream,1789486340.111,0.1027,9156,9,0,22373365.0,93911633.2,2
CONT_s3_throughput_ElephantsDream,1789486340.214,0.1027,9104,8,0,24379042.0,95146757.0,2
CONT_s3_throughput_ElephantsDream,1789486340.317,0.1027,9104,8,0,24383763.0,94921220.2,2
CONT_s3_throughput_ElephantsDream,1789486340.419,0.1027,9104,8,0,24351428.8,94665981.8,2
CONT_s3_throughput_ElephantsDream,1789486340.522,0.1027,9104,8,0,24302328.8,95089658.8,2
CONT_s3_throughput_ElephantsDream,1789486340.625,0.1026,9104,8,0,24248377.8,94859825.1,2
CONT_s3_throughput_ElephantsDream,1789486340.728,0.103,9104,8,0,24198519.2,94923749.6,2
CONT_s3_throughput_ElephantsDream,1789486340.833,0.1049,13604,11,0,26056816.0,95292980.6,2
CONT_s3_throughput_ElephantsDream,1789486340.936,0.1029,9156,9,0,21635941.0,94142134.4,2
CONT_s3_throughput_ElephantsDream,1789486341.038,0.1026,9104,8,0,23968577.8,95153106.7,2
CONT_s3_throughput_ElephantsDream,1789486341.141,0.1029,3878,4,0,23439119.2,87863100.3,2
CONT_s3_throughput_ElephantsDream,1789486341.244,0.1026,0,0,0,0,0,0
CONT_s3_throughput_ElephantsDream,1789486341.346,0.1027,0,0,0,0,0,0
CONT_s3_throughput_ElephantsDream,1789486341.45,0.1036,0,0,0,0,0,0
CONT_s3_throughput_ElephantsDream,1789486341.553,0.1027,0,0,0,0,0,0
CONT_s3_throughput_ElephantsDream,1789486341.655,0.1027,0,0,0,0,0,0
CONT_s3_throughput_ElephantsDream,1789486341.758,0.1026,0,0,0,0,0,0
CONT_s3_throughput_ElephantsDream,1789486341.861,0.1028,0,0,0,0,0,0
CONT_s3_throughput_ElephantsDream,1789486341.963,0.1027,0,0,0,0,0,0
CONT_s3_throughput_ElephantsDream,1789486342.066,0.1027,0,0,0,0,0,0
CONT_s3_throughput_ElephantsDream,1789486342.169,0.1026,0,0,0,0,0,0
CONT_s3_throughput_ElephantsDream,1789486342.271,0.1026,0,0,0,0,0,0
CONT_s3_throughput_ElephantsDream,1789486342.374,0.1027,0,0,0,0,0,0
CONT_s3_throughput_ElephantsDream,1789486342.477,0.1027,0,0,0,0,0,0
CONT_s3_throughput_ElephantsDream,1789486342.579,0.1026,0,0,0,0,0,0
CONT_s3_throughput_ElephantsDream,1789486342.682,0.1027,0,0,0,0,0,0
CONT_s3_throughput_ElephantsDream,1789486342.785,0.1026,0,0,0,0,0,0
CONT_s3_throughput_ElephantsDream,1789486342.887,0.1028,0,0,0,0,0,0
CONT_s3_throughput_ElephantsDream,1789486342.99,0.1027,0,0,0,0,0,0
CONT_s3_throughput_ElephantsDream,1789486343.093,0.1026,0,0,0,0,0,0
CONT_s3_throughput_ElephantsDream,1789486343.195,0.1026,0,0,0,0,0,0
CONT_s3_throughput_ElephantsDream,1789486343.298,0.1026,0,0,0,0,0,0
CONT_s3_throughput_ElephantsDream,1789486343.401,0.1028,0,0,0,0,0,0
CONT_s3_throughput_ElephantsDream,1789486343.503,0.1027,0,0,0,0,0,0
CONT_s3_throughput_ElephantsDream,1789486343.606,0.1025,0,0,0,0,0,0
CONT_s3_throughput_ElephantsDream,1789486343.709,0.1026,0,0,0,0,0,0
CONT_s3_throughput_ElephantsDream,1789486343.811,0.1027,0,0,0,0,0,0
CONT_s3_throughput_ElephantsDream,1789486343.914,0.1029,0,0,0,0,0,0
CONT_s3_throughput_ElephantsDream,1789486344.017,0.1028,0,0,0,0,0,0
CONT_s3_throughput_ElephantsDream,1789486344.12,0.1028,0,0,0,0,0,0
CONT_s3_throughput_ElephantsDream,1789486344.222,0.1027,24867,21,0,203321607.9,30532627.3,2
CONT_s3_throughput_ElephantsDream,1789486344.325,0.1026,9104,8,0,162067707.8,95060428.1,2
CONT_s3_throughput_ElephantsDream,1789486344.428,0.1028,9104,8,0,131092170.0,94816979.7,2
CONT_s3_throughput_ElephantsDream,1789486344.531,0.1028,9104,8,0,108415117.0,94864827.4,2
CONT_s3_throughput_ElephantsDream,1789486344.633,0.1025,9104,8,0,91586037.2,95292991.6,2
CONT_s3_throughput_ElephantsDream,1789486344.736,0.1028,9104,8,0,78892681.5,94826771.7,2
CONT_s3_throughput_ElephantsDream,1789486344.839,0.1028,9104,8,0,69177462.2,94689625.8,2
CONT_s3_throughput_ElephantsDream,1789486344.943,0.1044,9104,8,0,61595833.2,95216563.5,2
CONT_s3_throughput_ElephantsDream,1789486345.046,0.1027,13656,12,0,53064588.8,94848998.1,2
CONT_s3_throughput_ElephantsDream,1789486345.149,0.1028,3939,4,0,50312954.8,87965672.2,2
CONT_s3_throughput_ElephantsDream,1789486345.251,0.1027,0,0,0,0,0,0
CONT_s3_throughput_ElephantsDream,1789486345.354,0.1027,0,0,0,0,0,0
CONT_s3_throughput_ElephantsDream,1789486345.457,0.1027,0,0,0,0,0,0
CONT_s3_throughput_ElephantsDream,1789486345.559,0.1026,0,0,0,0,0,0
CONT_s3_throughput_ElephantsDream,1789486345.662,0.1026,0,0,0,0,0,0
CONT_s3_throughput_ElephantsDream,1789486345.765,0.1026,0,0,0,0,0,0
CONT_s3_throughput_ElephantsDream,1789486345.868,0.1032,0,0,0,0,0,0
CONT_s3_throughput_ElephantsDream,1789486345.97,0.1027,0,0,0,0,0,0
CONT_s3_throughput_ElephantsDream,1789486346.073,0.1025,0,0,0,0,0,0
CONT_s3_throughput_ElephantsDream,1789486346.176,0.1026,0,0,0,0,0,0
CONT_s3_throughput_ElephantsDream,1789486346.278,0.1026,0,0,0,0,0,0
CONT_s3_throughput_ElephantsDream,1789486346.381,0.1028,0,0,0,0,0,0
CONT_s3_throughput_ElephantsDream,1789486346.484,0.1028,0,0,0,0,0,0
CONT_s3_throughput_ElephantsDream,1789486346.586,0.1026,0,0,0,0,0,0
CONT_s3_throughput_ElephantsDream,1789486346.689,0.1027,0,0,0,0,0,0
CONT_s3_throughput_ElephantsDream,1789486346.792,0.1027,0,0,0,0,0,0
CONT_s3_throughput_ElephantsDream,1789486346.894,0.1027,0,0,0,0,0,0
CONT_s3_throughput_ElephantsDream,1789486346.997,0.1028,0,0,0,0,0,0
CONT_s3_throughput_ElephantsDream,1789486347.1,0.1026,0,0,0,0,0,0
CONT_s3_throughput_ElephantsDream,1789486347.202,0.1027,0,0,0,0,0,0
CONT_s3_throughput_ElephantsDream,1789486347.305,0.1026,0,0,0,0,0,0
CONT_s3_throughput_ElephantsDream,1789486347.408,0.1028,0,0,0,0,0,0
CONT_s3_throughput_ElephantsDream,1789486347.511,0.1028,0,0,0,0,0,0
CONT_s3_throughput_ElephantsDream,1789486347.613,0.1026,0,0,0,0,0,0
CONT_s3_throughput_ElephantsDream,1789486347.716,0.1026,0,0,0,0,0,0
CONT_s3_throughput_ElephantsDream,1789486347.818,0.1027,0,0,0,0,0,0
CONT_s3_throughput_ElephantsDream,1789486347.921,0.1027,0,0,0,0,0,0
CONT_s3_throughput_ElephantsDream,1789486348.024,0.1027,0,0,0,0,0,0
CONT_s3_throughput_ElephantsDream,1789486348.127,0.1027,0,0,0,0,0,0
CONT_s3_throughput_ElephantsDream,1789486348.229,0.1028,19842,18,0,248782551.1,8059923.4,2
CONT_s3_throughput_ElephantsDream,1789486348.333,0.1037,12104,10,0,171764981.4,133190333.4,2
CONT_s3_throughput_ElephantsDream,1789486348.436,0.1027,6052,5,0,149200270.6,127243171.4,2
CONT_s3_throughput_ElephantsDream,1789486348.538,0.1027,13604,11,0,110398716.7,135106781.1,2
CONT_s3_throughput_ElephantsDream,1789486348.641,0.1025,7552,6,0,94260293.7,159275562.5,2
CONT_s3_throughput_ElephantsDream,1789486348.744,0.1027,10581,9,0,90113145.0,135229042.3,2
CONT_s3_throughput_ElephantsDream,1789486348.846,0.1027,0,0,0,0,0,0
CONT_s3_throughput_ElephantsDream,1789486348.95,0.1036,0,0,0,0,0,0
CONT_s3_throughput_ElephantsDream,1789486349.053,0.1026,0,0,0,0,0,0
CONT_s3_throughput_ElephantsDream,1789486349.155,0.1027,0,0,0,0,0,0
CONT_s3_throughput_ElephantsDream,1789486349.258,0.1028,0,0,0,0,0,0
CONT_s3_throughput_ElephantsDream,1789486349.361,0.1026,0,0,0,0,0,0
CONT_s3_throughput_ElephantsDream,1789486349.464,0.1028,0,0,0,0,0,0
CONT_s3_throughput_ElephantsDream,1789486349.566,0.1027,0,0,0,0,0,0
CONT_s3_throughput_ElephantsDream,1789486349.669,0.1026,0,0,0,0,0,0
CONT_s3_throughput_ElephantsDream,1789486349.772,0.1026,0,0,0,0,0,0
CONT_s3_throughput_ElephantsDream,1789486349.874,0.1028,0,0,0,0,0,0
CONT_s3_throughput_ElephantsDream,1789486349.977,0.1027,0,0,0,0,0,0
CONT_s3_throughput_ElephantsDream,1789486350.08,0.1026,0,0,0,0,0,0
CONT_s3_throughput_ElephantsDream,1789486350.182,0.1027,0,0,0,0,0,0
CONT_s3_throughput_ElephantsDream,1789486350.285,0.1027,0,0,0,0,0,0
CONT_s3_throughput_ElephantsDream,1789486350.388,0.1029,0,0,0,0,0,0
CONT_s3_throughput_ElephantsDream,1789486350.491,0.1028,0,0,0,0,0,0
CONT_s3_throughput_ElephantsDream,1789486350.593,0.1025,0,0,0,0,0,0
CONT_s3_throughput_ElephantsDream,1789486350.696,0.1026,0,0,0,0,0,0
CONT_s3_throughput_ElephantsDream,1789486350.799,0.1027,0,0,0,0,0,0
CONT_s3_throughput_ElephantsDream,1789486350.901,0.1028,0,0,0,0,0,0
CONT_s3_throughput_ElephantsDream,1789486351.004,0.1029,0,0,0,0,0,0
CONT_s3_throughput_ElephantsDream,1789486351.107,0.1028,0,0,0,0,0,0
CONT_s3_throughput_ElephantsDream,1789486351.21,0.1027,0,0,0,0,0,0
CONT_s3_throughput_ElephantsDream,1789486351.312,0.1027,0,0,0,0,0,0
CONT_s3_throughput_ElephantsDream,1789486351.415,0.1028,0,0,0,0,0,0
CONT_s3_throughput_ElephantsDream,1789486351.518,0.1027,0,0,0,0,0,0
CONT_s3_throughput_ElephantsDream,1789486351.62,0.1027,0,0,0,0,0,0
CONT_s3_throughput_ElephantsDream,1789486351.723,0.1026,0,0,0,0,0,0
CONT_s3_throughput_ElephantsDream,1789486351.826,0.1026,0,0,0,0,0,0
CONT_s3_throughput_ElephantsDream,1789486351.928,0.1028,0,0,0,0,0,0
CONT_s3_throughput_ElephantsDream,1789486352.031,0.1027,0,0,0,0,0,0
CONT_s3_throughput_ElephantsDream,1789486352.134,0.1025,0,0,0,0,0,0
CONT_s3_throughput_ElephantsDream,1789486352.236,0.1026,0,0,0,0,0,0
CONT_s3_throughput_ElephantsDream,1789486352.339,0.1029,17793,15,0,321784021.4,9863785.8,2
CONT_s3_throughput_ElephantsDream,1789486352.45,0.1106,9052,7,0,235645736.3,810884.0,2
CONT_s3_throughput_ElephantsDream,1789486352.553,0.1027,7552,6,0,204164328.8,1195158.0,2
CONT_s3_throughput_ElephantsDream,1789486352.655,0.1026,9052,7,0,159768149.6,175809693.9,2
CONT_s3_throughput_ElephantsDream,1789486352.758,0.1026,10552,8,0,124728598.8,207727220.1,2
CONT_s3_throughput_ElephantsDream,1789486352.861,0.1028,12104,10,0,128640851.8,62733660.6,2
CONT_s3_throughput_ElephantsDream,1789486352.963,0.1028,6510,7,0,138434144.0,96915351.6,2
CONT_s3_throughput_ElephantsDream,1789486353.066,0.1027,0,0,0,0,0,0
CONT_s3_throughput_ElephantsDream,1789486353.169,0.1027,0,0,0,0,0,0
CONT_s3_throughput_ElephantsDream,1789486353.271,0.1026,0,0,0,0,0,0
CONT_s3_throughput_ElephantsDream,1789486353.374,0.1027,0,0,0,0,0,0
CONT_s3_throughput_ElephantsDream,1789486353.477,0.1027,0,0,0,0,0,0
CONT_s3_throughput_ElephantsDream,1789486353.579,0.1027,180,3,0,4990720512.0,601033.0,2
CONT_s3_throughput_ElephantsDream,1789486353.682,0.1026,0,0,0,0,0,0
CONT_s3_throughput_ElephantsDream,1789486353.785,0.1027,0,0,0,0,0,0
CONT_s3_throughput_ElephantsDream,1789486353.888,0.1028,0,0,0,0,0,0
CONT_s3_throughput_ElephantsDream,1789486353.99,0.1028,0,0,0,0,0,0
CONT_s3_throughput_ElephantsDream,1789486354.093,0.1026,0,0,0,0,0,0
CONT_s3_throughput_ElephantsDream,1789486354.196,0.1027,0,0,0,0,0,0
CONT_s3_throughput_ElephantsDream,1789486354.298,0.1026,0,0,0,0,0,0
CONT_s3_throughput_ElephantsDream,1789486354.401,0.1028,0,0,0,0,0,0
CONT_s3_throughput_ElephantsDream,1789486354.504,0.1027,0,0,0,0,0,0
CONT_s3_throughput_ElephantsDream,1789486354.606,0.1026,0,0,0,0,0,0
CONT_s3_throughput_ElephantsDream,1789486354.709,0.1025,0,0,0,0,0,0
CONT_s3_throughput_ElephantsDream,1789486354.812,0.1027,0,0,0,0,0,0
CONT_s3_throughput_ElephantsDream,1789486354.914,0.1028,0,0,0,0,0,0
CONT_s3_throughput_ElephantsDream,1789486355.017,0.1028,0,0,0,0,0,0
CONT_s3_throughput_ElephantsDream,1789486355.12,0.1026,0,0,0,0,0,0
CONT_s3_throughput_ElephantsDream,1789486355.222,0.1027,0,0,0,0,0,0
CONT_s3_throughput_ElephantsDream,1789486355.325,0.1026,0,0,0,0,0,0
CONT_s3_throughput_ElephantsDream,1789486355.428,0.1028,0,0,0,0,0,0
CONT_s3_throughput_ElephantsDream,1789486355.531,0.1028,0,0,0,0,0,0
CONT_s3_throughput_ElephantsDream,1789486355.633,0.1025,0,0,0,0,0,0
CONT_s3_throughput_ElephantsDream,1789486355.736,0.1026,0,0,0,0,0,0
CONT_s3_throughput_ElephantsDream,1789486355.839,0.103,0,0,0,0,0,0
CONT_s3_throughput_ElephantsDream,1789486355.943,0.1041,0,0,0,0,0,0
CONT_s3_throughput_ElephantsDream,1789486356.046,0.1028,0,0,0,0,0,0
CONT_s3_throughput_ElephantsDream,1789486356.149,0.103,0,0,0,0,0,0
CONT_s3_throughput_ElephantsDream,1789486356.251,0.1026,0,0,0,0,0,0
CONT_s3_throughput_ElephantsDream,1789486356.354,0.1027,20104,26,0,4172352.7,6606358.3,2
CONT_s3_throughput_ElephantsDream,1789486356.457,0.1029,9104,8,0,11652482.2,84519092.8,2
CONT_s3_throughput_ElephantsDream,1789486356.56,0.1028,12815,12,0,479221602.2,151284818.5,4
CONT_s3_throughput_ElephantsDream,1789486356.663,0.1028,7604,7,0,739501424.1,159632318.4,3
CONT_s3_throughput_ElephantsDream,1789486356.765,0.1028,7552,6,0,21698851.0,160141436.1,2
CONT_s3_throughput_ElephantsDream,1789486356.868,0.1029,8211,7,1,122948670.0,160418520.1,3
CONT_s3_throughput_ElephantsDream,1789486356.971,0.1029,9052,7,0,23912930.4,175922068.7,2
CONT_s3_throughput_ElephantsDream,1789486357.074,0.1028,9052,7,0,24318772.3,191602184.3,2
CONT_s3_throughput_ElephantsDream,1789486357.177,0.1028,15763,13,1,75531423.4,175452452.6,3
CONT_s3_throughput_ElephantsDream,1789486357.28,0.1029,10604,9,0,305881546.6,131683106.4,4
CONT_s3_throughput_ElephantsDream,1789486357.383,0.103,10604,9,0,31282227.1,175087503.4,2
CONT_s3_throughput_ElephantsDream,1789486357.486,0.1029,9104,8,0,416433577.5,158922841.5,2
CONT_s3_throughput_ElephantsDream,1789486357.588,0.1028,9104,8,0,39755359.2,206241417.2,2
CONT_s3_throughput_ElephantsDream,1789486357.691,0.1028,9104,8,0,329183411.5,190809604.3,2
CONT_s3_throughput_ElephantsDream,1789486357.794,0.1029,9104,8,0,46004551.8,262616115.8,2
CONT_s3_throughput_ElephantsDream,1789486357.897,0.103,9104,8,0,266974295.5,190360043.0,2
CONT_s3_throughput_ElephantsDream,1789486358.0,0.1029,9104,8,0,50460462.5,190997254.3,2
CONT_s3_throughput_ElephantsDream,1789486358.103,0.1028,13656,12,0,167024572.3,190703206.7,4
CONT_s3_throughput_ElephantsDream,1789486358.206,0.1029,9104,8,0,131457667.2,190650203.6,4
CONT_s3_throughput_ElephantsDream,1789486358.309,0.1028,9104,8,0,124606693.0,190656175.4,4
CONT_s3_throughput_ElephantsDream,1789486358.412,0.103,9104,8,0,118718253.1,190465325.6,4
CONT_s3_throughput_ElephantsDream,1789486358.515,0.1029,9104,8,0,113640752.2,190796443.8,4
CONT_s3_throughput_ElephantsDream,1789486358.617,0.1028,9104,8,0,109260379.5,190657689.2,4
CONT_s3_throughput_ElephantsDream,1789486358.72,0.1029,9104,8,0,105452428.0,190795014.0,4
CONT_s3_throughput_ElephantsDream,1789486358.823,0.1028,13084,11,0,89945559.0,171416771.3,4
CONT_s3_throughput_ElephantsDream,1789486358.926,0.103,9156,9,0,52933730.7,115527638.5,2
CONT_s3_throughput_ElephantsDream,1789486359.029,0.1029,7604,7,0,47164621.9,86990880.4,2
CONT_s3_throughput_ElephantsDream,1789486359.132,0.1028,10656,10,0,41812714.9,110661591.0,2
CONT_s3_throughput_ElephantsDream,1789486359.235,0.1029,10656,10,0,37907360.3,110480883.8,2
CONT_s3_throughput_ElephantsDream,1789486359.337,0.1029,7604,7,0,35701588.0,110855178.2,2
CONT_s3_throughput_ElephantsDream,1789486359.442,0.1049,12156,11,0,33317486.4,126569737.4,2
CONT_s3_throughput_ElephantsDream,1789486359.545,0.1029,7604,7,0,32057962.6,126803054.9,2
CONT_s3_throughput_ElephantsDream,1789486359.648,0.1028,10604,9,0,31225445.3,135325004.4,2
CONT_s3_throughput_ElephantsDream,1789486359.752,0.1035,7604,7,0,30663762.9,142672188.1,2
CONT_s3_throughput_ElephantsDream,1789486359.854,0.1029,9763,9,0,65267552.9,143006170.4,3
CONT_s3_throughput_ElephantsDream,1789486359.957,0.1029,12156,11,0,41472299.7,159206116.4,3
CONT_s3_throughput_ElephantsDream,1789486360.06,0.1029,7604,7,0,150456512.1,202874258.4,4
CONT_s3_throughput_ElephantsDream,1789486360.163,0.1028,12204,12,0,29315464.3,207265288.3,3
CONT_s3_throughput_ElephantsDream,1789486360.266,0.103,6052,5,0,162917139.0,191166010.3,3
CONT_s3_throughput_ElephantsDream,1789486360.369,0.103,14181,12,0,27947964.6,199737094.6,3
CONT_s3_throughput_ElephantsDream,1789486360.472,0.1031,8098,11,0,125542459.2,95672861.7,4
CONT_s3_throughput_ElephantsDream,1789486360.575,0.103,12208,12,0,64868302.7,77286467.5,4
CONT_s3_throughput_ElephantsDream,1789486360.678,0.103,9156,9,0,79996875.2,126218901.8,4
CONT_s3_throughput_ElephantsDream,1789486360.781,0.1029,9156,9,0,78717999.4,126261705.6,4
CONT_s3_throughput_ElephantsDream,1789486360.884,0.1031,9156,9,0,77183549.6,126125870.3,4
CONT_s3_throughput_ElephantsDream,1789486360.987,0.103,9156,9,0,75520227.8,126511039.6,4
CONT_s3_throughput_ElephantsDream,1789486361.09,0.103,10656,10,0,77169423.7,133492038.4,4
CONT_s3_throughput_ElephantsDream,1789486361.193,0.103,10656,10,0,74790713.8,142253015.6,4
CONT_s3_throughput_ElephantsDream,1789486361.296,0.103,7604,7,0,83872443.3,123626440.0,4
CONT_s3_throughput_ElephantsDream,1789486361.399,0.103,12208,12,0,81351950.5,162001218.6,4
CONT_s3_throughput_ElephantsDream,1789486361.502,0.103,7604,7,0,78546102.1,187636560.1,4
CONT_s3_throughput_ElephantsDream,1789486361.605,0.103,10656,10,0,81006489.3,151673077.5,4
CONT_s3_throughput_ElephantsDream,1789486361.708,0.1029,10656,10,0,68661077.6,190177134.8,4
CONT_s3_throughput_ElephantsDream,1789486361.811,0.103,7604,7,0,73995421.3,203054114.6,4
CONT_s3_throughput_ElephantsDream,1789486361.914,0.1032,10476,11,0,79171046.5,160080989.0,4
CONT_s3_throughput_ElephantsDream,1789486362.017,0.103,9260,11,0,64188434.9,201381328.3,4
CONT_s3_throughput_ElephantsDream,1789486362.12,0.1029,12208,12,0,46233265.3,94838839.0,2
CONT_s3_throughput_ElephantsDream,1789486362.223,0.103,9156,9,0,40315997.7,94376954.9,2
CONT_s3_throughput_ElephantsDream,1789486362.326,0.103,9156,9,0,35938423.3,94375547.5,2
CONT_s3_throughput_ElephantsDream,1789486362.429,0.1031,9156,9,0,32687729.0,94569160.4,2
CONT_s3_throughput_ElephantsDream,1789486362.532,0.103,9156,9,0,30246185.0,94343048.1,2
CONT_s3_throughput_ElephantsDream,1789486362.635,0.1029,12156,11,0,29312017.0,94634796.1,2
CONT_s3_throughput_ElephantsDream,1789486362.738,0.1029,9208,10,0,25133423.4,94152609.4,2
CONT_s3_throughput_ElephantsDream,1789486362.841,0.103,9156,9,0,25565046.3,94110880.7,2
CONT_s3_throughput_ElephantsDream,1789486362.946,0.1046,9156,9,0,24776224.3,94416872.5,2
CONT_s3_throughput_ElephantsDream,1789486363.049,0.1031,9156,9,0,24146825.3,94216796.5,2
CONT_s3_throughput_ElephantsDream,1789486363.152,0.1029,12156,11,0,25267430.5,94681479.6,2
CONT_s3_throughput_ElephantsDream,1789486363.255,0.1029,9208,10,0,21307113.8,93992631.7,2
CONT_s3_throughput_ElephantsDream,1789486363.358,0.1031,9156,9,0,22885537.7,94371103.7,2
CONT_s3_throughput_ElephantsDream,1789486363.461,0.103,9156,9,0,22643545.3,94298756.2,2
CONT_s3_throughput_ElephantsDream,1789486363.564,0.1029,9156,9,0,22467883.0,94341971.7,2
CONT_s3_throughput_ElephantsDream,1789486363.667,0.103,9156,9,0,22345596.7,94263389.9,2
CONT_s3_throughput_ElephantsDream,1789486363.77,0.1029,12208,12,0,22160688.3,94554503.0,2
CONT_s3_throughput_ElephantsDream,1789486363.873,0.1032,9156,9,0,22047656.0,94745852.7,2
CONT_s3_throughput_ElephantsDream,1789486363.976,0.1032,11282,14,0,14420662.1,77046039.1,4
CONT_s3_throughput_ElephantsDream,1789486364.079,0.1031,11246,14,0,9473261.9,37225657.4,2
CONT_s3_throughput_ElephantsDream,1789486364.182,0.1033,7552,6,0,14164588.3,611533.0,2
CONT_s3_throughput_ElephantsDream,1789486364.286,0.1031,10552,8,0,18440933.0,192316153.8,2
CONT_s3_throughput_ElephantsDream,1789486364.389,0.1034,6052,5,0,20029045.6,63217235.1,2
CONT_s3_throughput_ElephantsDream,1789486364.492,0.1032,6052,5,0,21356580.8,1112363.0,2
CONT_s3_throughput_ElephantsDream,1789486364.595,0.1031,16604,13,0,24631583.8,119443356.0,2
CONT_s3_throughput_ElephantsDream,1789486364.698,0.1031,6052,5,0,24652228.6,675089.0,2
CONT_s3_throughput_ElephantsDream,1789486364.801,0.103,15221,14,0,24343776.1,116599460.0,2
CONT_s3_throughput_ElephantsDream,1789486364.905,0.1032,0,0,0,0,0,0
CONT_s3_throughput_ElephantsDream,1789486365.008,0.1032,0,0,0,0,0,0
CONT_s3_throughput_ElephantsDream,1789486365.111,0.1033,0,0,0,0,0,0
CONT_s3_throughput_ElephantsDream,1789486365.214,0.1032,0,0,0,0,0,0
CONT_s3_throughput_ElephantsDream,1789486365.317,0.1032,0,0,0,0,0,0
CONT_s3_throughput_ElephantsDream,1789486365.421,0.1034,0,0,0,0,0,0
CONT_s3_throughput_ElephantsDream,1789486365.524,0.1032,0,0,0,0,0,0
CONT_s3_throughput_ElephantsDream,1789486365.627,0.1031,0,0,0,0,0,0
CONT_s3_throughput_ElephantsDream,1789486365.73,0.1031,0,0,0,0,0,0
CONT_s3_throughput_ElephantsDream,1789486365.834,0.1035,0,0,0,0,0,0
CONT_s3_throughput_ElephantsDream,1789486365.937,0.1031,0,0,0,0,0,0
CONT_s3_throughput_ElephantsDream,1789486366.04,0.1032,0,0,0,0,0,0
CONT_s3_throughput_ElephantsDream,1789486366.143,0.1031,0,0,0,0,0,0
CONT_s3_throughput_ElephantsDream,1789486366.246,0.1031,0,0,0,0,0,0
CONT_s3_throughput_ElephantsDream,1789486366.349,0.1032,0,0,0,0,0,0
CONT_s3_throughput_ElephantsDream,1789486366.453,0.104,0,0,0,0,0,0
CONT_s3_throughput_ElephantsDream,1789486366.557,0.1032,0,0,0,0,0,0
CONT_s3_throughput_ElephantsDream,1789486366.66,0.1031,0,0,0,0,0,0
CONT_s3_throughput_ElephantsDream,1789486366.763,0.103,0,0,0,0,0,0
CONT_s3_throughput_ElephantsDream,1789486366.866,0.1034,0,0,0,0,0,0
CONT_s3_throughput_ElephantsDream,1789486366.969,0.1032,0,0,0,0,0,0
CONT_s3_throughput_ElephantsDream,1789486367.072,0.1031,0,0,0,0,0,0
CONT_s3_throughput_ElephantsDream,1789486367.175,0.1031,0,0,0,0,0,0
CONT_s3_throughput_ElephantsDream,1789486367.279,0.1032,0,0,0,0,0,0
CONT_s3_throughput_ElephantsDream,1789486367.382,0.1033,0,0,0,0,0,0
CONT_s3_throughput_ElephantsDream,1789486367.485,0.1032,0,0,0,0,0,0
CONT_s3_throughput_ElephantsDream,1789486367.588,0.1031,0,0,0,0,0,0
CONT_s3_throughput_ElephantsDream,1789486367.691,0.1031,0,0,0,0,0,0
CONT_s3_throughput_ElephantsDream,1789486367.794,0.103,0,0,0,0,0,0
CONT_s3_throughput_ElephantsDream,1789486367.898,0.1033,14211,11,0,272997850.5,1584194.9,2
CONT_s3_throughput_ElephantsDream,1789486368.001,0.1032,15104,12,0,175728470.0,61057301.9,2
CONT_s3_throughput_ElephantsDream,1789486368.104,0.1031,7552,6,0,145962179.7,159707219.4,2
CONT_s3_throughput_ElephantsDream,1789486368.207,0.1031,7552,6,0,123659257.0,159626090.4,2
CONT_s3_throughput_ElephantsDream,1789486368.31,0.1031,15104,12,0,93935354.3,159365883.5,2
CONT_s3_throughput_ElephantsDream,1789486368.413,0.1033,9104,8,0,96730512.0,110854792.1,2
CONT_s3_throughput_ElephantsDream,1789486368.517,0.1032,8202,8,0,84719717.0,129759550.8,2
CONT_s3_throughput_ElephantsDream,1789486368.62,0.1031,0,0,0,0,0,0
CONT_s3_throughput_ElephantsDream,1789486368.723,0.1031,0,0,0,0,0,0
CONT_s3_throughput_ElephantsDream,1789486368.826,0.1033,0,0,0,0,0,0
CONT_s3_throughput_ElephantsDream,1789486368.93,0.1043,0,0,0,0,0,0
CONT_s3_throughput_ElephantsDream,1789486369.034,0.1032,0,0,0,0,0,0
CONT_s3_throughput_ElephantsDream,1789486369.137,0.103,0,0,0,0,0,0
CONT_s3_throughput_ElephantsDream,1789486369.24,0.1032,0,0,0,0,0,0
CONT_s3_throughput_ElephantsDream,1789486369.343,0.1032,0,0,0,0,0,0
CONT_s3_throughput_ElephantsDream,1789486369.448,0.1047,0,0,0,0,0,0
CONT_s3_throughput_ElephantsDream,1789486369.551,0.1032,0,0,0,0,0,0
CONT_s3_throughput_ElephantsDream,1789486369.654,0.103,0,0,0,0,0,0
CONT_s3_throughput_ElephantsDream,1789486369.759,0.1057,0,0,0,0,0,0
CONT_s3_throughput_ElephantsDream,1789486369.863,0.1032,0,0,0,0,0,0
CONT_s3_throughput_ElephantsDream,1789486369.966,0.1032,0,0,0,0,0,0
CONT_s3_throughput_ElephantsDream,1789486370.069,0.1032,0,0,0,0,0,0
CONT_s3_throughput_ElephantsDream,1789486370.172,0.1031,0,0,0,0,0,0
CONT_s3_throughput_ElephantsDream,1789486370.279,0.1071,0,0,0,0,0,0
CONT_s3_throughput_ElephantsDream,1789486370.382,0.1031,0,0,0,0,0,0
CONT_s3_throughput_ElephantsDream,1789486370.486,0.1032,0,0,0,0,0,0
CONT_s3_throughput_ElephantsDream,1789486370.589,0.1031,0,0,0,0,0,0
CONT_s3_throughput_ElephantsDream,1789486370.692,0.1032,0,0,0,0,0,0
CONT_s3_throughput_ElephantsDream,1789486370.795,0.1031,0,0,0,0,0,0
CONT_s3_throughput_ElephantsDream,1789486370.898,0.1032,0,0,0,0,0,0
CONT_s3_throughput_ElephantsDream,1789486371.001,0.1032,0,0,0,0,0,0
CONT_s3_throughput_ElephantsDream,1789486371.104,0.1031,0,0,0,0,0,0
CONT_s3_throughput_ElephantsDream,1789486371.208,0.1032,0,0,0,0,0,0
CONT_s3_throughput_ElephantsDream,1789486371.311,0.1031,0,0,0,0,0,0
CONT_s3_throughput_ElephantsDream,1789486371.414,0.1033,0,0,0,0,0,0
CONT_s3_throughput_ElephantsDream,1789486371.517,0.1032,0,0,0,0,0,0
CONT_s3_throughput_ElephantsDream,1789486371.62,0.1031,0,0,0,0,0,0
CONT_s3_throughput_ElephantsDream,1789486371.724,0.1032,0,0,0,0,0,0
CONT_s3_throughput_ElephantsDream,1789486371.827,0.1031,0,0,0,0,0,0
CONT_s3_throughput_ElephantsDream,1789486371.93,0.1036,0,0,0,0,0,0
CONT_s3_throughput_ElephantsDream,1789486372.034,0.1032,0,0,0,0,0,0
CONT_s3_throughput_ElephantsDream,1789486372.137,0.1031,24763,19,0,255808382.3,23467658.7,2
CONT_s3_throughput_ElephantsDream,1789486372.24,0.1031,24104,18,0,126515881.9,85568110.9,2
CONT_s3_throughput_ElephantsDream,1789486372.343,0.1032,13535,12,0,143503683.8,99998576.1,2
CONT_s3_throughput_ElephantsDream,1789486372.448,0.1046,0,0,0,0,0,0
CONT_s3_throughput_ElephantsDream,1789486372.551,0.1032,0,0,0,0,0,0
CONT_s3_throughput_ElephantsDream,1789486372.654,0.1032,0,0,0,0,0,0
CONT_s3_throughput_ElephantsDream,1789486372.757,0.1032,0,0,0,0,0,0
CONT_s3_throughput_ElephantsDream,1789486372.861,0.1033,0,0,0,0,0,0
CONT_s3_throughput_ElephantsDream,1789486372.964,0.1033,0,0,0,0,0,0
CONT_s3_throughput_ElephantsDream,1789486373.067,0.1033,0,0,0,0,0,0
CONT_s3_throughput_ElephantsDream,1789486373.17,0.1033,0,0,0,0,0,0
CONT_s3_throughput_ElephantsDream,1789486373.274,0.1032,0,0,0,0,0,0
CONT_s3_throughput_ElephantsDream,1789486373.377,0.1033,0,0,0,0,0,0
CONT_s3_throughput_ElephantsDream,1789486373.48,0.1033,0,0,0,0,0,0
CONT_s3_throughput_ElephantsDream,1789486373.583,0.1031,0,0,0,0,0,0
CONT_s3_throughput_ElephantsDream,1789486373.687,0.1031,0,0,0,0,0,0
CONT_s3_throughput_ElephantsDream,1789486373.79,0.1031,0,0,0,0,0,0
CONT_s3_throughput_ElephantsDream,1789486373.893,0.1033,0,0,0,0,0,0
CONT_s3_throughput_ElephantsDream,1789486373.996,0.1032,0,0,0,0,0,0
CONT_s3_throughput_ElephantsDream,1789486374.099,0.1031,0,0,0,0,0,0
CONT_s3_throughput_ElephantsDream,1789486374.202,0.1032,0,0,0,0,0,0
CONT_s3_throughput_ElephantsDream,1789486374.306,0.1031,0,0,0,0,0,0
CONT_s3_throughput_ElephantsDream,1789486374.409,0.1033,0,0,0,0,0,0
CONT_s3_throughput_ElephantsDream,1789486374.512,0.1032,0,0,0,0,0,0
CONT_s3_throughput_ElephantsDream,1789486374.615,0.1031,0,0,0,0,0,0
CONT_s3_throughput_ElephantsDream,1789486374.718,0.1032,0,0,0,0,0,0
CONT_s3_throughput_ElephantsDream,1789486374.821,0.1032,0,0,0,0,0,0
CONT_s3_throughput_ElephantsDream,1789486374.925,0.1034,0,0,0,0,0,0
CONT_s3_throughput_ElephantsDream,1789486375.028,0.1032,0,0,0,0,0,0
CONT_s3_throughput_ElephantsDream,1789486375.131,0.103,0,0,0,0,0,0
CONT_s3_throughput_ElephantsDream,1789486375.234,0.1033,0,0,0,0,0,0
CONT_s3_throughput_ElephantsDream,1789486375.337,0.1031,0,0,0,0,0,0
CONT_s3_throughput_ElephantsDream,1789486375.441,0.104,0,0,0,0,0,0
CONT_s3_throughput_ElephantsDream,1789486375.545,0.1031,0,0,0,0,0,0
CONT_s3_throughput_ElephantsDream,1789486375.648,0.1031,0,0,0,0,0,0
CONT_s3_throughput_ElephantsDream,1789486375.751,0.1032,0,0,0,0,0,0
CONT_s3_throughput_ElephantsDream,1789486375.854,0.1032,0,0,0,0,0,0
CONT_s3_throughput_ElephantsDream,1789486375.958,0.1039,26263,20,0,270687925.6,27538045.6,2
CONT_s3_throughput_ElephantsDream,1789486376.061,0.1031,19112,15,0,164431482.0,98535948.7,2
CONT_s3_throughput_ElephantsDream,1789486376.164,0.1031,21104,16,0,110900191.6,108850862.1,2
CONT_s3_throughput_ElephantsDream,1789486376.267,0.1032,5469,5,0,138952175.4,82067858.5,2
CONT_s3_throughput_ElephantsDream,1789486376.371,0.1032,0,0,0,0,0,0
CONT_s3_throughput_ElephantsDream,1789486376.474,0.1032,0,0,0,0,0,0
CONT_s3_throughput_ElephantsDream,1789486376.577,0.1032,0,0,0,0,0,0
CONT_s3_throughput_ElephantsDream,1789486376.68,0.1031,0,0,0,0,0,0
CONT_s3_throughput_ElephantsDream,1789486376.784,0.1035,0,0,0,0,0,0
CONT_s3_throughput_ElephantsDream,1789486376.887,0.1032,0,0,0,0,0,0
CONT_s3_throughput_ElephantsDream,1789486376.99,0.1032,0,0,0,0,0,0
CONT_s3_throughput_ElephantsDream,1789486377.093,0.1031,0,0,0,0,0,0
CONT_s3_throughput_ElephantsDream,1789486377.196,0.1031,0,0,0,0,0,0
CONT_s3_throughput_ElephantsDream,1789486377.299,0.1032,0,0,0,0,0,0
CONT_s3_throughput_ElephantsDream,1789486377.403,0.1033,0,0,0,0,0,0
CONT_s3_throughput_ElephantsDream,1789486377.506,0.1032,0,0,0,0,0,0
CONT_s3_throughput_ElephantsDream,1789486377.609,0.103,0,0,0,0,0,0
CONT_s3_throughput_ElephantsDream,1789486377.712,0.1032,0,0,0,0,0,0
CONT_s3_throughput_ElephantsDream,1789486377.815,0.1032,0,0,0,0,0,0
CONT_s3_throughput_ElephantsDream,1789486377.919,0.1033,0,0,0,0,0,0
CONT_s3_throughput_ElephantsDream,1789486378.022,0.1031,0,0,0,0,0,0
CONT_s3_throughput_ElephantsDream,1789486378.125,0.1031,0,0,0,0,0,0
CONT_s3_throughput_ElephantsDream,1789486378.229,0.104,0,0,0,0,0,0
CONT_s3_throughput_ElephantsDream,1789486378.334,0.1052,0,0,0,0,0,0
CONT_s3_throughput_ElephantsDream,1789486378.437,0.1031,0,0,0,0,0,0
CONT_s3_throughput_ElephantsDream,1789486378.54,0.1032,0,0,0,0,0,0
CONT_s3_throughput_ElephantsDream,1789486378.644,0.1031,0,0,0,0,0,0
CONT_s3_throughput_ElephantsDream,1789486378.747,0.1033,0,0,0,0,0,0
CONT_s3_throughput_ElephantsDream,1789486378.85,0.1032,0,0,0,0,0,0
CONT_s3_throughput_ElephantsDream,1789486378.955,0.1045,0,0,0,0,0,0
CONT_s3_throughput_ElephantsDream,1789486379.058,0.1032,0,0,0,0,0,0
CONT_s3_throughput_ElephantsDream,1789486379.161,0.1031,0,0,0,0,0,0
CONT_s3_throughput_ElephantsDream,1789486379.264,0.1032,0,0,0,0,0,0
CONT_s3_throughput_ElephantsDream,1789486379.367,0.1033,0,0,0,0,0,0
CONT_s3_throughput_ElephantsDream,1789486379.471,0.1032,0,0,0,0,0,0
CONT_s3_throughput_ElephantsDream,1789486379.574,0.1032,0,0,0,0,0,0
CONT_s3_throughput_ElephantsDream,1789486379.677,0.1032,0,0,0,0,0,0
CONT_s3_throughput_ElephantsDream,1789486379.78,0.1031,0,0,0,0,0,0
CONT_s3_throughput_ElephantsDream,1789486379.883,0.1032,0,0,0,0,0,0
CONT_s3_throughput_ElephantsDream,1789486379.986,0.1032,0,0,0,0,0,0
CONT_s3_throughput_ElephantsDream,1789486380.09,0.1031,0,0,0,0,0,0
CONT_s3_throughput_ElephantsDream,1789486380.193,0.1031,0,0,0,0,0,0
CONT_s3_throughput_ElephantsDream,1789486380.296,0.1031,15711,12,0,422776769.7,3994832.7,2
CONT_s3_throughput_ElephantsDream,1789486380.399,0.1033,23664,19,0,228497018.5,60257350.4,2
CONT_s3_throughput_ElephantsDream,1789486380.502,0.1033,24156,19,0,149226336.9,123473635.3,2
CONT_s3_throughput_ElephantsDream,1789486380.606,0.1032,15197,13,0,117957929.3,101260233.0,2
CONT_s3_throughput_ElephantsDream,1789486380.709,0.1032,0,0,0,0,0,0
CONT_s3_throughput_ElephantsDream,1789486380.812,0.1032,0,0,0,0,0,0
CONT_s3_throughput_ElephantsDream,1789486380.915,0.1032,0,0,0,0,0,0
CONT_s3_throughput_ElephantsDream,1789486381.018,0.1032,0,0,0,0,0,0
CONT_s3_throughput_ElephantsDream,1789486381.122,0.1032,0,0,0,0,0,0
CONT_s3_throughput_ElephantsDream,1789486381.225,0.1032,0,0,0,0,0,0
CONT_s3_throughput_ElephantsDream,1789486381.329,0.1038,0,0,0,0,0,0
CONT_s3_throughput_ElephantsDream,1789486381.432,0.1033,0,0,0,0,0,0
CONT_s3_throughput_ElephantsDream,1789486381.535,0.1032,0,0,0,0,0,0
CONT_s3_throughput_ElephantsDream,1789486381.638,0.1031,0,0,0,0,0,0
CONT_s3_throughput_ElephantsDream,1789486381.741,0.1032,0,0,0,0,0,0
CONT_s3_throughput_ElephantsDream,1789486381.845,0.1033,0,0,0,0,0,0
CONT_s3_throughput_ElephantsDream,1789486381.949,0.1046,18022,23,0,1677135.1,493441.8,2
CONT_s3_throughput_ElephantsDream,1789486382.053,0.1034,27208,22,0,9926501.5,59010194.7,2
CONT_s3_throughput_ElephantsDream,1789486382.156,0.1034,16604,13,0,11594165.2,101045175.9,2
CONT_s3_throughput_ElephantsDream,1789486382.26,0.1034,21104,16,0,12206625.0,108882232.9,2
CONT_s3_throughput_ElephantsDream,1789486382.363,0.1034,22604,17,0,12308181.3,112869107.7,2
CONT_s3_throughput_ElephantsDream,1789486382.466,0.1034,12052,9,0,12271221.4,125023735.0,2
CONT_s3_throughput_ElephantsDream,1789486382.57,0.1034,22656,18,0,12949284.8,85167941.5,2
CONT_s3_throughput_ElephantsDream,1789486382.673,0.1033,22708,19,0,13576279.5,85009786.3,2
CONT_s3_throughput_ElephantsDream,1789486382.776,0.1033,22656,18,0,13991961.0,93051547.0,2
CONT_s3_throughput_ElephantsDream,1789486382.88,0.1033,18208,16,0,13669593.0,92844799.3,2
CONT_s3_throughput_ElephantsDream,1789486382.983,0.1035,19656,16,0,14037809.9,100936563.5,2
CONT_s3_throughput_ElephantsDream,1789486383.086,0.1033,19656,16,0,14151019.6,100830261.1,2
CONT_s3_throughput_ElephantsDream,1789486383.19,0.1033,19656,16,0,14244808.5,100830195.8,2
CONT_s3_throughput_ElephantsDream,1789486383.293,0.1033,21156,17,0,14395054.9,108647178.1,2
CONT_s3_throughput_ElephantsDream,1789486383.397,0.1035,18104,14,0,14257576.9,112747625.1,2
CONT_s3_throughput_ElephantsDream,1789486383.5,0.1034,15104,12,0,14351876.0,116690545.5,2
CONT_s3_throughput_ElephantsDream,1789486383.603,0.1033,22656,18,0,14458552.5,116269348.2,2
CONT_s3_throughput_ElephantsDream,1789486383.707,0.1033,13604,11,0,14643840.6,124222705.3,2
CONT_s3_throughput_ElephantsDream,1789486383.81,0.1033,24156,19,0,14641088.5,124580524.8,2
CONT_s3_throughput_ElephantsDream,1789486383.913,0.1035,24156,19,0,14734629.1,93480288.7,2
CONT_s3_throughput_ElephantsDream,1789486384.017,0.1034,15104,12,0,14479403.2,77841293.8,2
CONT_s3_throughput_ElephantsDream,1789486384.12,0.1033,22656,18,0,14066547.3,77796074.1,2
CONT_s3_throughput_ElephantsDream,1789486384.223,0.1034,17765,15,0,154815302.9,69974741.7,4
CONT_s3_throughput_ElephantsDream,1789486384.327,0.1035,24208,20,0,145161879.5,88128490.9,4
CONT_s3_throughput_ElephantsDream,1789486384.43,0.1035,19708,17,0,192684385.2,85544448.0,4
CONT_s3_throughput_ElephantsDream,1789486384.534,0.1034,21208,18,0,150995996.1,108511433.1,4
CONT_s3_throughput_ElephantsDream,1789486384.637,0.1033,18208,16,0,88509756.4,110235600.8,4
CONT_s3_throughput_ElephantsDream,1789486384.741,0.1033,19708,17,0,78496444.5,122141209.2,4
CONT_s3_throughput_ElephantsDream,1789486384.844,0.1033,22760,20,0,132155424.3,117782030.3,4
CONT_s3_throughput_ElephantsDream,1789486384.949,0.1047,19708,17,0,98620932.9,97609093.3,4
CONT_s3_throughput_ElephantsDream,1789486385.052,0.1034,19708,17,0,85891108.3,117168516.7,4
CONT_s3_throughput_ElephantsDream,1789486385.156,0.1035,18208,16,0,56687894.5,128347472.9,4
CONT_s3_throughput_ElephantsDream,1789486385.259,0.1033,19708,17,0,72625799.1,119633390.1,4
CONT_s3_throughput_ElephantsDream,1789486385.362,0.1036,21208,18,0,64257744.7,103990951.9,4
CONT_s3_throughput_ElephantsDream,1789486385.466,0.1036,21156,17,0,60761618.7,108759273.7,4
CONT_s3_throughput_ElephantsDream,1789486385.57,0.1036,16808,17,0,57528573.6,107970606.9,5
CONT_s3_throughput_ElephantsDream,1789486385.673,0.1036,21785,19,0,47485429.1,105929738.7,5
CONT_s3_throughput_ElephantsDream,1789486385.777,0.1038,21702,22,0,47820906.4,74059530.1,4
CONT_s3_throughput_ElephantsDream,1789486385.881,0.1036,13708,13,0,39559408.4,103626375.2,4
CONT_s3_throughput_ElephantsDream,1789486385.984,0.1037,21208,18,0,35563106.6,113299833.5,4
CONT_s3_throughput_ElephantsDream,1789486386.088,0.1035,21208,18,0,36115553.7,124297609.0,4
CONT_s3_throughput_ElephantsDream,1789486386.191,0.1035,21208,18,0,36529781.3,124188808.8,4
CONT_s3_throughput_ElephantsDream,1789486386.295,0.1037,15208,14,0,40967540.7,118951764.8,4
CONT_s3_throughput_ElephantsDream,1789486386.399,0.1039,22708,19,0,35379520.8,132210871.3,4
CONT_s3_throughput_ElephantsDream,1789486386.503,0.1039,24208,20,0,34702723.2,139063977.6,4
CONT_s3_throughput_ElephantsDream,1789486386.606,0.1036,18104,14,0,27280792.9,124677377.1,2
CONT_s3_throughput_ElephantsDream,1789486386.71,0.1037,13656,12,0,41381506.5,147242986.5,4
CONT_s3_throughput_ElephantsDream,1789486386.814,0.1036,24208,20,0,35618313.7,134958074.4,4
CONT_s3_throughput_ElephantsDream,1789486386.917,0.1037,21208,18,0,38041732.0,135340207.5,4
CONT_s3_throughput_ElephantsDream,1789486387.021,0.1037,19760,18,0,39552705.4,101252870.9,4
CONT_s3_throughput_ElephantsDream,1789486387.125,0.104,21312,20,0,42879690.5,106732301.7,4
CONT_s3_throughput_ElephantsDream,1789486387.23,0.1048,21260,19,0,35986302.1,123249532.9,4
CONT_s3_throughput_ElephantsDream,1789486387.334,0.1045,18208,16,0,32412727.6,123824192.5,4
CONT_s3_throughput_ElephantsDream,1789486387.438,0.1036,19708,17,0,30243937.5,117274821.4,4
CONT_s3_throughput_ElephantsDream,1789486387.541,0.1036,15208,14,0,39417720.3,137756419.6,4
CONT_s3_throughput_ElephantsDream,1789486387.645,0.1036,27208,22,0,32074848.5,127405928.1,4
CONT_s3_throughput_ElephantsDream,1789486387.749,0.1037,18260,17,0,36760692.5,135054784.9,4
CONT_s3_throughput_ElephantsDream,1789486387.852,0.1036,16708,15,0,37505257.9,140929818.0,4
CONT_s3_throughput_ElephantsDream,1789486387.956,0.1036,19708,17,0,36461633.6,130496361.8,4
CONT_s3_throughput_ElephantsDream,1789486388.059,0.1034,24260,21,0,33202501.1,108462975.3,4
CONT_s3_throughput_ElephantsDream,1789486388.163,0.1036,18208,16,0,35881607.4,108291252.3,4
CONT_s3_throughput_ElephantsDream,1789486388.266,0.1036,21260,19,0,39794066.2,116994608.1,4
CONT_s3_throughput_ElephantsDream,1789486388.37,0.1036,18208,16,0,36189539.9,108370600.7,4
CONT_s3_throughput_ElephantsDream,1789486388.474,0.1036,22760,20,0,37836296.1,98423290.8,4
CONT_s3_throughput_ElephantsDream,1789486388.577,0.1036,18260,17,0,35452736.4,128811411.0,4
CONT_s3_throughput_ElephantsDream,1789486388.681,0.1036,19708,17,0,33766593.8,135688070.0,4
CONT_s3_throughput_ElephantsDream,1789486388.784,0.1036,21208,18,0,27787538.2,139803985.8,4
CONT_s3_throughput_ElephantsDream,1789486388.888,0.1035,12156,11,0,32413914.9,127632466.2,4
CONT_s3_throughput_ElephantsDream,1789486388.992,0.1036,25760,22,0,32184538.1,142829245.4,4
CONT_s3_throughput_ElephantsDream,1789486389.095,0.1035,21312,20,0,42432288.8,111097121.7,4
CONT_s3_throughput_ElephantsDream,1789486389.199,0.1037,19760,18,0,34711139.9,113475819.4,4
CONT_s3_throughput_ElephantsDream,1789486389.302,0.1036,21208,18,0,34428402.1,118114196.9,4
CONT_s3_throughput_ElephantsDream,1789486389.406,0.1036,16748,16,0,35223144.2,127936455.9,4
CONT_s3_throughput_ElephantsDream,1789486389.51,0.1036,19656,16,0,25838103.9,131133324.5,3
CONT_s3_throughput_ElephantsDream,1789486389.613,0.1035,16656,14,0,20274421.4,100693233.8,2
CONT_s3_throughput_ElephantsDream,1789486389.717,0.1036,25656,20,0,16548780.3,90544795.1,2
CONT_s3_throughput_ElephantsDream,1789486389.82,0.1036,18104,14,0,15380302.4,93150918.3,2
CONT_s3_throughput_ElephantsDream,1789486389.924,0.1037,18104,14,0,14702549.0,93481303.1,2
CONT_s3_throughput_ElephantsDream,1789486390.027,0.1036,19656,16,0,15022672.1,77583685.8,2
CONT_s3_throughput_ElephantsDream,1789486390.131,0.1035,18104,14,0,14376570.3,96958636.0,2
CONT_s3_throughput_ElephantsDream,1789486390.235,0.1036,21156,17,0,14559774.5,97170972.2,2
CONT_s3_throughput_ElephantsDream,1789486390.338,0.1037,21156,17,0,14587803.2,108820182.0,2
CONT_s3_throughput_ElephantsDream,1789486390.443,0.1051,22656,18,0,14521149.5,116345984.0,2
CONT_s3_throughput_ElephantsDream,1789486390.547,0.1037,13604,11,0,14558602.2,116424083.4,2
CONT_s3_throughput_ElephantsDream,1789486390.65,0.1035,19604,15,0,14105748.6,120836096.3,2
CONT_s3_throughput_ElephantsDream,1789486390.754,0.1036,24156,19,0,14298074.9,112778575.3,2
CONT_s3_throughput_ElephantsDream,1789486390.858,0.1036,21156,17,0,14585051.6,103439329.1,2
CONT_s3_throughput_ElephantsDream,1789486390.961,0.1035,21208,18,0,14854272.2,74547882.7,2
CONT_s3_throughput_ElephantsDream,1789486391.065,0.1035,18156,15,0,14984644.8,90366477.5,2
CONT_s3_throughput_ElephantsDream,1789486391.169,0.1042,19656,16,0,14889849.4,95651273.9,2
CONT_s3_throughput_ElephantsDream,1789486391.273,0.1038,22826,20,0,14476935.0,33334224.2,2
CONT_s3_throughput_ElephantsDream,1789486391.376,0.1036,13604,11,0,14569645.7,103522182.0,2
CONT_s3_throughput_ElephantsDream,1789486391.48,0.1036,22656,18,0,14870543.5,93070312.4,2
CONT_s3_throughput_ElephantsDream,1789486391.583,0.1036,22656,18,0,14976910.8,112547979.4,2
CONT_s3_throughput_ElephantsDream,1789486391.687,0.1036,16604,13,0,14641932.7,116760864.6,2
CONT_s3_throughput_ElephantsDream,1789486391.791,0.1043,22656,18,0,14645925.2,116671586.9,2
CONT_s3_throughput_ElephantsDream,1789486391.895,0.1036,13604,11,0,14790050.9,124344768.1,2
CONT_s3_throughput_ElephantsDream,1789486391.998,0.1036,24156,19,0,14639303.8,124586936.7,2
CONT_s3_throughput_ElephantsDream,1789486392.102,0.1036,18104,14,0,14487564.6,124375199.1,2
CONT_s3_throughput_ElephantsDream,1789486392.206,0.1036,21208,18,0,14819482.2,84961888.1,2
CONT_s3_throughput_ElephantsDream,1789486392.309,0.1036,16656,14,0,14905235.8,82463862.7,2
CONT_s3_throughput_ElephantsDream,1789486392.413,0.1037,27156,21,0,14682502.0,93380196.9,2
CONT_s3_throughput_ElephantsDream,1789486392.516,0.1036,16656,14,0,14655871.6,92613695.7,2
CONT_s3_throughput_ElephantsDream,1789486392.62,0.1035,21104,16,0,13816958.9,105054325.7,2
CONT_s3_throughput_ElephantsDream,1789486392.724,0.1036,21104,16,0,13426392.1,109163712.4,2
CONT_s3_throughput_ElephantsDream,1789486392.828,0.1041,10552,8,0,13290577.9,108600420.0,2
CONT_s3_throughput_ElephantsDream,1789486392.932,0.1046,22656,18,0,13847426.7,89231294.1,2
CONT_s3_throughput_ElephantsDream,1789486393.036,0.1036,24156,19,0,13930507.6,98597545.2,2
CONT_s3_throughput_ElephantsDream,1789486393.139,0.1036,21104,16,0,13736180.5,124732986.4,2
CONT_s3_throughput_ElephantsDream,1789486393.243,0.1036,12052,9,0,13430138.6,116663569.7,2
CONT_s3_throughput_ElephantsDream,1789486393.347,0.1037,24104,18,0,13023834.2,124758576.1,2
CONT_s3_throughput_ElephantsDream,1789486393.452,0.1049,24104,18,0,12774748.3,124633337.7,2
CONT_s3_throughput_ElephantsDream,1789486393.555,0.1035,18104,14,0,13158546.6,108998595.2,2
CONT_s3_throughput_ElephantsDream,1789486393.659,0.1036,15104,12,0,13356882.7,77507877.3,2
CONT_s3_throughput_ElephantsDream,1789486393.762,0.1036,27593,24,0,12988659.0,39182370.4,2
CONT_s3_throughput_ElephantsDream,1789486393.866,0.1036,15104,12,0,13250483.2,77279681.2,2
CONT_s3_throughput_ElephantsDream,1789486393.969,0.1035,24208,20,0,13318816.0,72451532.3,2
CONT_s3_throughput_ElephantsDream,1789486394.073,0.1034,19656,16,0,13661403.1,98611303.4,2
CONT_s3_throughput_ElephantsDream,1789486394.176,0.1035,21156,17,0,13825985.5,106369131.0,2
CONT_s3_throughput_ElephantsDream,1789486394.28,0.1036,16604,13,0,13822975.7,109180800.3,2
CONT_s3_throughput_ElephantsDream,1789486394.384,0.1035,22656,18,0,13958566.8,114395152.7,2
CONT_s3_throughput_ElephantsDream,1789486394.487,0.1035,15104,12,0,14047172.0,116649520.5,2
CONT_s3_throughput_ElephantsDream,1789486394.591,0.1036,24156,19,0,14095042.3,119415767.1,2
CONT_s3_throughput_ElephantsDream,1789486394.694,0.1037,12104,10,0,14601666.8,124048857.2,2
CONT_s3_throughput_ElephantsDream,1789486394.798,0.1036,24156,19,0,14695407.9,124469738.7,2
CONT_s3_throughput_ElephantsDream,1789486394.902,0.1036,17316,15,0,14830117.9,62362465.9,2
CONT_s3_throughput_ElephantsDream,1789486395.005,0.1035,24686,20,0,14411543.2,58767781.0,2
CONT_s3_throughput_ElephantsDream,1789486395.108,0.1034,18104,14,0,14708462.3,129748542.8,2
CONT_s3_throughput_ElephantsDream,1789486395.212,0.1037,22656,18,0,14792356.0,95667047.4,2
CONT_s3_throughput_ElephantsDream,1789486395.316,0.1036,15104,12,0,14550537.5,77693592.1,2
CONT_s3_throughput_ElephantsDream,1789486395.419,0.1037,25708,21,0,14629471.9,74810198.4,2
CONT_s3_throughput_ElephantsDream,1789486395.523,0.1036,19656,16,0,14647556.2,100895986.7,2
CONT_s3_throughput_ElephantsDream,1789486395.627,0.1036,12104,10,0,14856279.4,104992000.0,2
CONT_s3_throughput_ElephantsDream,1789486395.73,0.1036,21156,17,0,14737905.2,108867260.0,2
CONT_s3_throughput_ElephantsDream,1789486395.834,0.104,22656,18,0,14637426.8,111298396.0,2
CONT_s3_throughput_ElephantsDream,1789486395.938,0.1035,22656,18,0,14584615.5,116620931.2,2
CONT_s3_throughput_ElephantsDream,1789486396.041,0.1035,13604,11,0,14633012.5,116645528.6,2
CONT_s3_throughput_ElephantsDream,1789486396.145,0.1036,24156,19,0,14600487.4,124597466.7,2
CONT_s3_throughput_ElephantsDream,1789486396.248,0.1036,19604,15,0,14306990.8,124699028.6,2
CONT_s3_throughput_ElephantsDream,1789486396.352,0.104,15104,12,0,14602475.0,124423940.1,2
CONT_s3_throughput_ElephantsDream,1789486396.456,0.1036,28708,23,0,15111918.4,93103272.3,2
CONT_s3_throughput_ElephantsDream,1789486396.559,0.1035,17814,17,0,15409298.2,51388027.1,2
CONT_s3_throughput_ElephantsDream,1789486396.663,0.1037,22604,17,0,14477489.1,77660116.0,2
CONT_s3_throughput_ElephantsDream,1789486396.767,0.1036,19708,17,0,14321384.8,72192057.8,2
CONT_s3_throughput_ElephantsDream,1789486396.87,0.1036,19656,16,0,14351193.5,96717616.4,2
CONT_s3_throughput_ElephantsDream,1789486396.974,0.1036,13604,11,0,14292455.8,100811670.5,2
CONT_s3_throughput_ElephantsDream,1789486397.078,0.1035,21156,17,0,14306511.8,108691317.8,2
CONT_s3_throughput_ElephantsDream,1789486397.181,0.1036,594870,495,9,266698.1,2894499.6,2
CONT_s3_throughput_ElephantsDream,1789486397.285,0.1037,0,0,0,0,0,0
CONT_s3_throughput_ElephantsDream,1789486397.388,0.1035,0,0,0,0,0,0
CONT_s3_throughput_ElephantsDream,1789486397.492,0.104,0,0,0,0,0,0
CONT_s3_throughput_ElephantsDream,1789486397.596,0.1035,0,0,0,0,0,0
CONT_s3_throughput_ElephantsDream,1789486397.699,0.1036,0,0,0,0,0,0
CONT_s3_throughput_ElephantsDream,1789486397.803,0.1036,0,0,0,0,0,0
CONT_s3_throughput_ElephantsDream,1789486397.907,0.1037,0,0,0,0,0,0
CONT_s3_throughput_ElephantsDream,1789486398.01,0.1036,0,0,0,0,0,0
CONT_s3_throughput_ElephantsDream,1789486398.114,0.1035,0,0,0,0,0,0
CONT_s3_throughput_ElephantsDream,1789486398.217,0.1035,0,0,0,0,0,0
CONT_s3_throughput_ElephantsDream,1789486398.321,0.1036,0,0,0,0,0,0
CONT_s3_throughput_ElephantsDream,1789486398.425,0.1037,0,0,0,0,0,0
CONT_s3_throughput_ElephantsDream,1789486398.528,0.1035,0,0,0,0,0,0
CONT_s3_throughput_ElephantsDream,1789486398.632,0.1036,0,0,0,0,0,0
CONT_s3_throughput_ElephantsDream,1789486398.735,0.1036,0,0,0,0,0,0
CONT_s3_throughput_ElephantsDream,1789486398.839,0.1038,0,0,0,0,0,0
CONT_s3_throughput_ElephantsDream,1789486398.944,0.1054,0,0,0,0,0,0
CONT_s3_throughput_ElephantsDream,1789486399.048,0.1035,0,0,0,0,0,0
CONT_s3_throughput_ElephantsDream,1789486399.151,0.1035,0,0,0,0,0,0
CONT_s3_throughput_ElephantsDream,1789486399.255,0.1036,0,0,0,0,0,0
CONT_s3_throughput_ElephantsDream,1789486399.359,0.1036,0,0,0,0,0,0
CONT_s3_throughput_ElephantsDream,1789486399.462,0.1036,0,0,0,0,0,0
CONT_s3_throughput_ElephantsDream,1789486399.566,0.1036,0,0,0,0,0,0
CONT_s3_throughput_ElephantsDream,1789486399.669,0.1035,0,0,0,0,0,0
CONT_s3_throughput_ElephantsDream,1789486399.773,0.1035,0,0,0,0,0,0
CONT_s3_throughput_ElephantsDream,1789486399.877,0.1036,0,0,0,0,0,0
CONT_s3_throughput_ElephantsDream,1789486399.98,0.1036,0,0,0,0,0,0
CONT_s3_throughput_ElephantsDream,1789486400.084,0.1035,0,0,0,0,0,0
CONT_s3_throughput_ElephantsDream,1789486400.187,0.1035,0,0,0,0,0,0
CONT_s3_throughput_ElephantsDream,1789486400.291,0.1036,17793,15,0,228641864.8,8517653.1,2
CONT_s3_throughput_ElephantsDream,1789486400.394,0.1037,18686,16,0,133888824.4,851370.7,2
CONT_s3_throughput_ElephantsDream,1789486400.498,0.1036,12104,10,0,104680524.4,156787246.7,2
CONT_s3_throughput_ElephantsDream,1789486400.602,0.1036,7552,6,0,85641200.7,164682676.1,2
CONT_s3_throughput_ElephantsDream,1789486400.705,0.1035,10552,8,0,65281083.5,141049434.2,2
CONT_s3_throughput_ElephantsDream,1789486400.809,0.1036,21104,16,0,50987284.8,164783803.2,2
CONT_s3_throughput_ElephantsDream,1789486400.913,0.1039,15104,12,0,51909720.2,140811368.1,2
CONT_s3_throughput_ElephantsDream,1789486401.016,0.1036,7552,6,0,49426498.3,642681.0,2
CONT_s3_throughput_ElephantsDream,1789486401.12,0.1035,13604,11,0,47285450.7,105674586.1,2
CONT_s3_throughput_ElephantsDream,1789486401.223,0.1036,15104,12,0,41522921.3,117208250.2,2
CONT_s3_throughput_ElephantsDream,1789486401.327,0.1037,15104,12,0,38434490.7,117210685.1,2
CONT_s3_throughput_ElephantsDream,1789486401.431,0.1045,7552,6,0,37080252.5,117158502.7,2
CONT_s3_throughput_ElephantsDream,1789486401.535,0.1036,15104,12,0,34676095.3,117143505.0,2
CONT_s3_throughput_ElephantsDream,1789486401.639,0.1035,15104,12,0,32610827.0,117409161.0,2
CONT_s3_throughput_ElephantsDream,1789486401.742,0.1036,15104,12,0,30814766.0,117510871.3,2
CONT_s3_throughput_ElephantsDream,1789486401.846,0.1036,7552,6,0,30001368.8,117107046.9,2
CONT_s3_throughput_ElephantsDream,1789486401.95,0.1044,15104,12,0,28535205.5,117029188.7,2
CONT_s3_throughput_ElephantsDream,1789486402.054,0.1037,15104,12,0,27271032.5,117539375.0,2
CONT_s3_throughput_ElephantsDream,1789486402.157,0.1036,15104,12,0,26149499.8,117193653.8,2
CONT_s3_throughput_ElephantsDream,1789486402.261,0.1037,7552,6,0,25642656.8,117516356.1,2
CONT_s3_throughput_ElephantsDream,1789486402.365,0.1036,15104,12,0,24711518.7,117250455.3,2
CONT_s3_throughput_ElephantsDream,1789486402.468,0.1036,15104,12,0,23899966.5,117575564.1,2
CONT_s3_throughput_ElephantsDream,1789486402.572,0.1036,15104,12,0,23185431.0,117530183.3,2
CONT_s3_throughput_ElephantsDream,1789486402.675,0.1035,7552,6,0,22869338.8,117133558.7,2
CONT_s3_throughput_ElephantsDream,1789486402.779,0.1036,15104,12,0,22288364.3,117257248.2,2
CONT_s3_throughput_ElephantsDream,1789486402.883,0.1037,15104,12,0,21774483.5,117579129.6,2
CONT_s3_throughput_ElephantsDream,1789486402.986,0.1036,15104,12,0,21321771.7,117109746.1,2
CONT_s3_throughput_ElephantsDream,1789486403.09,0.1035,12944,11,0,20736310.8,109116489.2,2
CONT_s3_throughput_ElephantsDream,1789486403.193,0.1035,0,0,0,0,0,0
CONT_s3_throughput_ElephantsDream,1789486403.297,0.1037,0,0,0,0,0,0
CONT_s3_throughput_ElephantsDream,1789486403.401,0.1037,0,0,0,0,0,0
CONT_s3_throughput_ElephantsDream,1789486403.504,0.1036,0,0,0,0,0,0
CONT_s3_throughput_ElephantsDream,1789486403.608,0.1036,0,0,0,0,0,0
CONT_s3_throughput_ElephantsDream,1789486403.711,0.1035,0,0,0,0,0,0
CONT_s3_throughput_ElephantsDream,1789486403.815,0.1036,0,0,0,0,0,0
CONT_s3_throughput_ElephantsDream,1789486403.919,0.1037,0,0,0,0,0,0
CONT_s3_throughput_ElephantsDream,1789486404.022,0.1036,0,0,0,0,0,0
CONT_s3_throughput_ElephantsDream,1789486404.126,0.1035,17793,15,0,86304364.4,7427324.4,2
CONT_s3_throughput_ElephantsDream,1789486404.229,0.1036,12052,9,0,61097892.4,828235.0,2
CONT_s3_throughput_ElephantsDream,1789486404.334,0.105,12104,10,0,55492385.0,111508945.1,2
CONT_s3_throughput_ElephantsDream,1789486404.438,0.1036,15104,12,0,43161472.2,117610768.1,2
CONT_s3_throughput_ElephantsDream,1789486404.542,0.1036,15104,12,0,37169970.7,117266179.2,2
CONT_s3_throughput_ElephantsDream,1789486404.645,0.1035,7552,6,0,35042256.7,117720970.3,2
CONT_s3_throughput_ElephantsDream,1789486404.749,0.1036,15104,12,0,31860569.0,117723771.6,2
CONT_s3_throughput_ElephantsDream,1789486404.852,0.1035,16656,14,0,32142628.3,105465911.0,2
CONT_s3_throughput_ElephantsDream,1789486404.956,0.1036,9052,7,0,28218228.4,125659189.4,2
CONT_s3_throughput_ElephantsDream,1789486405.06,0.1036,12104,10,0,29309218.4,158209363.4,2
CONT_s3_throughput_ElephantsDream,1789486405.163,0.1037,15104,12,0,27158497.0,164977686.9,2
CONT_s3_throughput_ElephantsDream,1789486405.267,0.1036,15104,12,0,26051811.7,147275949.5,2
CONT_s3_throughput_ElephantsDream,1789486405.37,0.1036,7552,6,0,25510564.5,117786166.8,2
CONT_s3_throughput_ElephantsDream,1789486405.474,0.1036,15104,12,0,24558151.0,117599713.3,2
CONT_s3_throughput_ElephantsDream,1789486405.578,0.1036,15104,12,0,23737404.3,117647185.8,2
CONT_s3_throughput_ElephantsDream,1789486405.681,0.1036,15104,12,0,23030861.2,117655364.6,2
CONT_s3_throughput_ElephantsDream,1789486405.785,0.1035,7552,6,0,22715386.0,117794085.0,2
CONT_s3_throughput_ElephantsDream,1789486405.888,0.1036,19656,16,0,22404627.6,109516149.4,2
CONT_s3_throughput_ElephantsDream,1789486405.992,0.1036,12104,10,0,22205914.6,129306040.1,2
CONT_s3_throughput_ElephantsDream,1789486406.096,0.1035,10604,9,0,22139418.6,140979754.2,2
CONT_s3_throughput_ElephantsDream,1789486406.199,0.1036,13604,11,0,21955414.0,141137556.5,2
CONT_s3_throughput_ElephantsDream,1789486406.303,0.1036,12104,10,0,21852212.8,140509557.2,2
CONT_s3_throughput_ElephantsDream,1789486406.407,0.1037,10604,9,0,21749960.3,140385382.8,2
CONT_s3_throughput_ElephantsDream,1789486406.51,0.1036,18156,15,0,21645468.6,140521632.4,2
CONT_s3_throughput_ElephantsDream,1789486406.614,0.1035,15104,12,0,21668268.7,152774862.5,2
CONT_s3_throughput_ElephantsDream,1789486406.717,0.1036,4300,4,0,21423925.0,150241477.1,2
CONT_s3_throughput_ElephantsDream,1789486406.821,0.1036,0,0,0,0,0,0
CONT_s3_throughput_ElephantsDream,1789486406.925,0.1037,0,0,0,0,0,0
CONT_s3_throughput_ElephantsDream,1789486407.028,0.1035,0,0,0,0,0,0
CONT_s3_throughput_ElephantsDream,1789486407.132,0.1035,0,0,0,0,0,0
CONT_s3_throughput_ElephantsDream,1789486407.236,0.1046,0,0,0,0,0,0
CONT_s3_throughput_ElephantsDream,1789486407.34,0.1038,0,0,0,0,0,0
CONT_s3_throughput_ElephantsDream,1789486407.445,0.1048,0,0,0,0,0,0
CONT_s3_throughput_ElephantsDream,1789486407.548,0.1035,0,0,0,0,0,0
CONT_s3_throughput_ElephantsDream,1789486407.652,0.1035,0,0,0,0,0,0
CONT_s3_throughput_ElephantsDream,1789486407.755,0.1036,0,0,0,0,0,0
CONT_s3_throughput_ElephantsDream,1789486407.859,0.1039,0,0,0,0,0,0
CONT_s3_throughput_ElephantsDream,1789486407.963,0.1035,0,0,0,0,0,0
CONT_s3_throughput_ElephantsDream,1789486408.066,0.1036,0,0,0,0,0,0
CONT_s3_throughput_ElephantsDream,1789486408.17,0.1035,15711,12,0,134211056.0,1478539.6,2
CONT_s3_throughput_ElephantsDream,1789486408.274,0.1036,2082,3,0,134680602.0,13627071.6,2
CONT_s3_throughput_ElephantsDream,1789486408.377,0.1037,24156,19,0,69783421.1,111510649.3,2
CONT_s3_throughput_ElephantsDream,1789486408.481,0.1036,7552,6,0,62035415.2,117661709.8,2
CONT_s3_throughput_ElephantsDream,1789486408.584,0.1035,15104,12,0,50166256.3,117163079.1,2
CONT_s3_throughput_ElephantsDream,1789486408.688,0.1036,15104,12,0,42841180.5,117254654.3,2
CONT_s3_throughput_ElephantsDream,1789486408.792,0.1037,15104,12,0,38045402.3,117049438.5,2
CONT_s3_throughput_ElephantsDream,1789486408.895,0.1037,12104,10,0,37657743.6,105198452.8,2
CONT_s3_throughput_ElephantsDream,1789486408.999,0.1036,13604,11,0,33907659.8,140817626.3,2
CONT_s3_throughput_ElephantsDream,1789486409.102,0.1035,12104,10,0,33120932.8,158381827.3,2
CONT_s3_throughput_ElephantsDream,1789486409.206,0.1036,15104,12,0,29910031.3,165059364.6,2
CONT_s3_throughput_ElephantsDream,1789486409.31,0.1036,7552,6,0,29200943.7,176855201.7,2
CONT_s3_throughput_ElephantsDream,1789486409.413,0.1036,15104,12,0,27734371.3,117734673.4,2
CONT_s3_throughput_ElephantsDream,1789486409.517,0.1036,15104,12,0,26501503.0,117386739.0,2
CONT_s3_throughput_ElephantsDream,1789486409.62,0.1035,15104,12,0,25439165.0,117298659.1,2
CONT_s3_throughput_ElephantsDream,1789486409.724,0.1036,7552,6,0,24967349.5,117532642.8,2
CONT_s3_throughput_ElephantsDream,1789486409.828,0.1037,15104,12,0,24107941.8,117538338.3,2
CONT_s3_throughput_ElephantsDream,1789486409.933,0.1048,15104,12,0,23364117.8,117186221.9,2
CONT_s3_throughput_ElephantsDream,1789486410.036,0.1036,9104,8,0,24000227.2,93417681.2,2
CONT_s3_throughput_ElephantsDream,1789486410.14,0.1036,18156,15,0,23220253.8,136948529.9,2
CONT_s3_throughput_ElephantsDream,1789486410.243,0.1036,13604,11,0,22827744.6,140725813.2,2
CONT_s3_throughput_ElephantsDream,1789486410.347,0.1035,12104,10,0,22666583.6,140496876.6,2
CONT_s3_throughput_ElephantsDream,1789486410.452,0.1051,10604,9,0,22543069.3,140466751.9,2
CONT_s3_throughput_ElephantsDream,1789486410.556,0.1036,13604,11,0,22242299.4,141079099.2,2
CONT_s3_throughput_ElephantsDream,1789486410.659,0.1036,13604,11,0,22056520.8,146908261.9,2
CONT_s3_throughput_ElephantsDream,1789486410.763,0.1036,10604,9,0,22207847.6,152258669.4,2
CONT_s3_throughput_ElephantsDream,1789486410.866,0.1036,15104,12,0,22102480.3,152794650.1,2
CONT_s3_throughput_ElephantsDream,1789486410.97,0.1036,6790,7,0,21764635.6,124960980.7,2
CONT_s3_throughput_ElephantsDream,1789486411.074,0.1035,0,0,0,0,0,0
CONT_s3_throughput_ElephantsDream,1789486411.177,0.1035,0,0,0,0,0,0
CONT_s3_throughput_ElephantsDream,1789486411.281,0.1035,0,0,0,0,0,0
CONT_s3_throughput_ElephantsDream,1789486411.384,0.1035,0,0,0,0,0,0
CONT_s3_throughput_ElephantsDream,1789486411.488,0.1035,0,0,0,0,0,0
CONT_s3_throughput_ElephantsDream,1789486411.591,0.1035,0,0,0,0,0,0
CONT_s3_throughput_ElephantsDream,1789486411.695,0.1034,0,0,0,0,0,0
CONT_s3_throughput_ElephantsDream,1789486411.798,0.1034,0,0,0,0,0,0
CONT_s3_throughput_ElephantsDream,1789486411.902,0.1036,0,0,0,0,0,0
CONT_s3_throughput_ElephantsDream,1789486412.005,0.1035,17793,15,0,87774153.8,7420850.6,2
CONT_s3_throughput_ElephantsDream,1789486412.109,0.1035,16604,13,0,60019549.2,129507014.4,2
CONT_s3_throughput_ElephantsDream,1789486412.212,0.1035,15104,12,0,48220215.8,105474441.2,2
CONT_s3_throughput_ElephantsDream,1789486412.316,0.1038,15104,12,0,40453333.2,117514138.3,2
CONT_s3_throughput_ElephantsDream,1789486412.419,0.1036,15104,12,0,35582731.8,117249560.3,2
CONT_s3_throughput_ElephantsDream,1789486412.523,0.1036,7552,6,0,33803275.0,117081811.0,2
CONT_s3_throughput_ElephantsDream,1789486412.627,0.1035,19656,16,0,31526466.4,109335329.2,2
CONT_s3_throughput_ElephantsDream,1789486412.73,0.1035,13552,10,0,26495146.7,141893970.4,2
CONT_s3_throughput_ElephantsDream,1789486412.834,0.1039,12156,11,0,31559050.7,157691171.1,2
CONT_s3_throughput_ElephantsDream,1789486412.938,0.1037,9052,7,0,26453251.9,164610694.8,2
CONT_s3_throughput_ElephantsDream,1789486413.041,0.1035,13604,11,0,26925066.8,170389421.3,2
CONT_s3_throughput_ElephantsDream,1789486413.145,0.1035,15104,12,0,25384169.3,117657096.1,2
CONT_s3_throughput_ElephantsDream,1789486413.248,0.1035,15104,12,0,24451850.5,117444263.0,2
CONT_s3_throughput_ElephantsDream,1789486413.352,0.1035,7552,6,0,24031038.8,116975872.1,2
CONT_s3_throughput_ElephantsDream,1789486413.456,0.1042,15104,12,0,23285015.3,117490594.5,2
CONT_s3_throughput_ElephantsDream,1789486413.56,0.1036,15104,12,0,22635148.3,117150340.7,2
CONT_s3_throughput_ElephantsDream,1789486413.663,0.1035,15104,12,0,22071817.2,117095820.4,2
CONT_s3_throughput_ElephantsDream,1789486413.767,0.1035,9104,8,0,22306608.0,92827112.9,2
CONT_s3_throughput_ElephantsDream,1789486413.87,0.1037,13604,11,0,22064541.4,135180031.6,2
CONT_s3_throughput_ElephantsDream,1789486413.974,0.1036,12104,10,0,21982652.0,140515223.3,2
CONT_s3_throughput_ElephantsDream,1789486414.077,0.1036,18156,15,0,21821443.4,140451535.8,2
CONT_s3_throughput_ElephantsDream,1789486414.181,0.1036,10604,9,0,21725593.0,140964254.7,2
CONT_s3_throughput_ElephantsDream,1789486414.285,0.1035,13604,11,0,21647372.3,141346828.8,2
CONT_s3_throughput_ElephantsDream,1789486414.388,0.1037,13604,11,0,21519566.2,147253792.9,2
CONT_s3_throughput_ElephantsDream,1789486414.492,0.1036,10604,9,0,21623686.8,152553182.4,2
CONT_s3_throughput_ElephantsDream,1789486414.595,0.1036,15104,12,0,21697842.2,152876553.0,2
CONT_s3_throughput_ElephantsDream,1789486414.699,0.1035,8803,8,0,21296194.5,133248175.0,2
CONT_s3_throughput_ElephantsDream,1789486414.803,0.1036,0,0,0,0,0,0
CONT_s3_throughput_ElephantsDream,1789486414.906,0.1037,0,0,0,0,0,0
CONT_s3_throughput_ElephantsDream,1789486415.01,0.1036,0,0,0,0,0,0
CONT_s3_throughput_ElephantsDream,1789486415.113,0.1035,0,0,0,0,0,0
CONT_s3_throughput_ElephantsDream,1789486415.217,0.1036,0,0,0,0,0,0
CONT_s3_throughput_ElephantsDream,1789486415.321,0.1036,0,0,0,0,0,0
CONT_s3_throughput_ElephantsDream,1789486415.424,0.1037,0,0,0,0,0,0
CONT_s3_throughput_ElephantsDream,1789486415.528,0.1036,0,0,0,0,0,0
CONT_s3_throughput_ElephantsDream,1789486415.631,0.1035,0,0,0,0,0,0
CONT_s3_throughput_ElephantsDream,1789486415.735,0.1036,0,0,0,0,0,0
CONT_s3_throughput_ElephantsDream,1789486415.838,0.1036,0,0,0,0,0,0
CONT_s3_throughput_ElephantsDream,1789486415.944,0.1052,0,0,0,0,0,0
CONT_s3_throughput_ElephantsDream,1789486416.047,0.1036,0,0,0,0,0,0
CONT_s3_throughput_ElephantsDream,1789486416.151,0.1035,0,0,0,0,0,0
CONT_s3_throughput_ElephantsDream,1789486416.254,0.1036,17793,15,0,123428164.4,7446004.8,2
CONT_s3_throughput_ElephantsDream,1789486416.358,0.1035,16604,13,0,80186558.2,129166320.2,2
CONT_s3_throughput_ElephantsDream,1789486416.461,0.1035,15104,12,0,61718485.7,105547611.9,2
CONT_s3_throughput_ElephantsDream,1789486416.565,0.104,15104,12,0,49921784.7,117442131.5,2
CONT_s3_throughput_ElephantsDream,1789486416.669,0.1035,15104,12,0,42652605.2,117239101.1,2
CONT_s3_throughput_ElephantsDream,1789486416.773,0.1036,7552,6,0,40035722.3,117000379.3,2
CONT_s3_throughput_ElephantsDream,1789486416.876,0.1035,19656,16,0,36618030.7,109397080.1,2
CONT_s3_throughput_ElephantsDream,1789486416.98,0.1036,4612,5,0,31519286.8,1064012.0,3
CONT_s3_throughput_ElephantsDream,1789486417.083,0.1037,21837,20,0,27529503.1,148564170.8,4
CONT_s3_throughput_ElephantsDream,1789486417.187,0.1038,9104,8,0,25484480.5,164980795.6,3
CONT_s3_throughput_ElephantsDream,1789486417.291,0.1038,13604,11,0,29830049.6,171131406.8,2
CONT_s3_throughput_ElephantsDream,1789486417.395,0.1038,15104,12,0,27701644.3,117311378.3,2
CONT_s3_throughput_ElephantsDream,1789486417.499,0.1038,15104,12,0,26456522.7,117322410.5,2
CONT_s3_throughput_ElephantsDream,1789486417.602,0.1038,7552,6,0,25910910.0,117570579.9,2
CONT_s3_throughput_ElephantsDream,1789486417.706,0.1037,15104,12,0,24929725.5,117325648.7,2
CONT_s3_throughput_ElephantsDream,1789486417.81,0.1037,15104,12,0,24077781.2,117209685.0,2
CONT_s3_throughput_ElephantsDream,1789486417.914,0.1039,15104,12,0,23327239.3,117719366.2,2
CONT_s3_throughput_ElephantsDream,1789486418.018,0.1038,10915,11,0,42942333.3,100814846.2,4
CONT_s3_throughput_ElephantsDream,1789486418.121,0.1037,10735,10,0,48604572.1,137073186.9,4
CONT_s3_throughput_ElephantsDream,1789486418.225,0.1042,18156,15,0,24861068.8,165882662.0,2
CONT_s3_throughput_ElephantsDream,1789486418.332,0.1066,13656,12,0,43310455.8,164350143.7,4
CONT_s3_throughput_ElephantsDream,1789486418.436,0.1039,10604,9,0,49702729.8,164620476.7,4
CONT_s3_throughput_ElephantsDream,1789486418.54,0.1038,10604,9,0,26216314.4,164521760.0,2
CONT_s3_throughput_ElephantsDream,1789486418.643,0.1036,16656,14,0,42570596.1,162546352.5,4
CONT_s3_throughput_ElephantsDream,1789486418.747,0.1038,13656,12,0,45445564.4,125737809.1,4
CONT_s3_throughput_ElephantsDream,1789486418.851,0.1037,9156,9,0,51116081.9,93165800.5,4
CONT_s3_throughput_ElephantsDream,1789486418.955,0.1044,16708,15,0,40927283.7,125361722.5,4
CONT_s3_throughput_ElephantsDream,1789486419.059,0.1038,15156,13,0,43041271.1,140846793.9,4
CONT_s3_throughput_ElephantsDream,1789486419.163,0.1037,13656,12,0,42970057.5,140399897.7,4
CONT_s3_throughput_ElephantsDream,1789486419.266,0.1038,11070,11,0,56062146.9,104923368.4,4
CONT_s3_throughput_ElephantsDream,1789486419.37,0.1038,13708,13,0,55106804.0,46329791.4,2
CONT_s3_throughput_ElephantsDream,1789486419.474,0.1037,15208,14,0,40473117.7,55373215.7,2
CONT_s3_throughput_ElephantsDream,1789486419.578,0.1038,10656,10,0,34041684.1,58203187.6,2
CONT_s3_throughput_ElephantsDream,1789486419.682,0.1038,13708,13,0,29070902.8,65534813.1,2
CONT_s3_throughput_ElephantsDream,1789486419.785,0.1038,15260,15,0,25298522.7,69393790.3,2
CONT_s3_throughput_ElephantsDream,1789486419.889,0.1037,12208,12,0,23006298.0,69705572.8,2
CONT_s3_throughput_ElephantsDream,1789486419.993,0.1038,12208,12,0,21304076.3,69623041.0,2
CONT_s3_throughput_ElephantsDream,1789486420.097,0.1037,15260,15,0,19775668.7,69313872.8,2
CONT_s3_throughput_ElephantsDream,1789486420.2,0.1038,12208,12,0,18874210.0,69674692.6,2
CONT_s3_throughput_ElephantsDream,1789486420.304,0.1037,14865,15,0,40044592.1,63885583.7,4
CONT_s3_throughput_ElephantsDream,1789486420.408,0.1037,10604,9,0,87258036.8,95998722.2,4
CONT_s3_throughput_ElephantsDream,1789486420.512,0.1038,13656,12,0,64998830.2,190285434.2,4
CONT_s3_throughput_ElephantsDream,1789486420.615,0.1037,15104,12,0,71290477.0,164627472.8,2
CONT_s3_throughput_ElephantsDream,1789486420.719,0.1036,13656,12,0,53793358.2,200423778.0,4
CONT_s3_throughput_ElephantsDream,1789486420.823,0.1038,13656,12,0,53721158.8,200612071.4,4
CONT_s3_throughput_ElephantsDream,1789486420.927,0.1039,7552,6,0,54367657.5,164477657.4,2
CONT_s3_throughput_ElephantsDream,1789486421.03,0.1038,13656,12,0,53064675.8,200303467.5,4
CONT_s3_throughput_ElephantsDream,1789486421.134,0.1037,18156,15,0,48208711.4,188164572.3,4
CONT_s3_throughput_ElephantsDream,1789486421.238,0.1038,10604,9,0,50769684.6,171151808.8,4
CONT_s3_throughput_ElephantsDream,1789486421.342,0.1038,13656,12,0,54413384.5,200665759.4,4
CONT_s3_throughput_ElephantsDream,1789486421.447,0.1055,15104,12,0,39136455.8,164624683.8,2
CONT_s3_throughput_ElephantsDream,1789486421.551,0.1038,13656,12,0,56212015.2,200419674.9,4
CONT_s3_throughput_ElephantsDream,1789486421.655,0.1036,13656,12,0,56369795.1,200430369.9,4
CONT_s3_throughput_ElephantsDream,1789486421.758,0.1038,7552,6,0,39671995.3,164986281.8,2
CONT_s3_throughput_ElephantsDream,1789486421.862,0.1037,13656,12,0,57238504.8,200892333.8,4
CONT_s3_throughput_ElephantsDream,1789486421.966,0.1037,18156,15,0,45751613.1,188052704.4,4
CONT_s3_throughput_ElephantsDream,1789486422.07,0.1038,10604,9,0,52074079.9,170844887.4,4
CONT_s3_throughput_ElephantsDream,1789486422.173,0.1037,13656,12,0,58641153.9,200654717.7,4
CONT_s3_throughput_ElephantsDream,1789486422.277,0.1037,15104,12,0,35182146.8,164672001.2,2
CONT_s3_throughput_ElephantsDream,1789486422.381,0.1037,13656,12,0,60224163.4,200477296.9,4
CONT_s3_throughput_ElephantsDream,1789486422.484,0.1037,10604,9,0,52843412.8,204693170.8,4
CONT_s3_throughput_ElephantsDream,1789486422.588,0.1037,10604,9,0,52756600.6,170868093.8,4
CONT_s3_throughput_ElephantsDream,1789486422.692,0.1037,13656,12,0,60016908.2,200447720.3,4
CONT_s3_throughput_ElephantsDream,1789486422.796,0.1038,18104,14,0,41503258.3,188474038.9,3
CONT_s3_throughput_ElephantsDream,1789486422.899,0.1037,10656,10,0,58039217.4,170142664.4,4
CONT_s3_throughput_ElephantsDream,1789486423.003,0.1038,13656,12,0,60620069.8,200489601.9,4
CONT_s3_throughput_ElephantsDream,1789486423.107,0.1037,15104,12,0,33580870.8,164635753.6,2
CONT_s3_throughput_ElephantsDream,1789486423.211,0.1037,6104,6,0,88122092.7,244874380.1,2
CONT_s3_throughput_ElephantsDream,1789486423.314,0.1038,18156,15,0,45416681.1,187824045.3,4
CONT_s3_throughput_ElephantsDream,1789486423.418,0.1038,10644,10,0,57736830.3,169947612.1,4
CONT_s3_throughput_ElephantsDream,1789486423.522,0.1037,13552,10,0,51567887.5,202038722.1,3
CONT_s3_throughput_ElephantsDream,1789486423.626,0.1038,15104,12,0,33044450.3,164712728.6,2
CONT_s3_throughput_ElephantsDream,1789486423.73,0.1038,15104,12,0,29080478.5,117334410.6,2
CONT_s3_throughput_ElephantsDream,1789486423.834,0.1044,7552,6,0,27717321.7,117105635.5,2
CONT_s3_throughput_ElephantsDream,1789486423.938,0.1037,15104,12,0,25731345.7,117115887.5,2
CONT_s3_throughput_ElephantsDream,1789486424.041,0.1038,15104,12,0,24367205.0,117327754.8,2
CONT_s3_throughput_ElephantsDream,1789486424.145,0.1037,15104,12,0,23378585.8,117427763.8,2
CONT_s3_throughput_ElephantsDream,1789486424.249,0.1038,7552,6,0,22976805.0,117691126.0,2
CONT_s3_throughput_ElephantsDream,1789486424.353,0.1037,15104,12,0,22285309.2,117498514.4,2
CONT_s3_throughput_ElephantsDream,1789486424.456,0.1037,15104,12,0,21727566.7,117762180.1,2
CONT_s3_throughput_ElephantsDream,1789486424.56,0.1037,15104,12,0,21253072.0,117519858.5,2
CONT_s3_throughput_ElephantsDream,1789486424.664,0.1038,7552,6,0,21051091.0,117488178.1,2
CONT_s3_throughput_ElephantsDream,1789486424.768,0.1037,15104,12,0,20681739.8,117310219.5,2
CONT_s3_throughput_ElephantsDream,1789486424.871,0.1037,15104,12,0,20352521.2,117298478.9,2
CONT_s3_throughput_ElephantsDream,1789486424.975,0.1037,11250,11,0,17670089.6,55219716.0,2
CONT_s3_throughput_ElephantsDream,1789486425.079,0.1038,15104,12,0,19388415.0,55975272.2,2
CONT_s3_throughput_ElephantsDream,1789486425.183,0.1038,15104,12,0,19636479.3,117351790.3,2
CONT_s3_throughput_ElephantsDream,1789486425.286,0.1038,7552,6,0,19671123.7,117149026.8,2
CONT_s3_throughput_ElephantsDream,1789486425.39,0.1038,15104,12,0,19631106.8,117288078.5,2
CONT_s3_throughput_ElephantsDream,1789486425.494,0.1037,15104,12,0,19515745.7,117324259.2,2
CONT_s3_throughput_ElephantsDream,1789486425.598,0.1038,15104,12,0,19377203.7,117562713.6,2
CONT_s3_throughput_ElephantsDream,1789486425.702,0.1038,7552,6,0,19304170.2,117114495.1,2
CONT_s3_throughput_ElephantsDream,1789486425.805,0.1037,15104,12,0,19162150.3,117080937.7,2
CONT_s3_throughput_ElephantsDream,1789486425.909,0.1038,15104,12,0,19033419.7,117376387.1,2
CONT_s3_throughput_ElephantsDream,1789486426.013,0.1037,15104,12,0,18916479.5,117265096.6,2
CONT_s3_throughput_ElephantsDream,1789486426.117,0.1038,7552,6,0,18861452.0,117458041.0,2
CONT_s3_throughput_ElephantsDream,1789486426.22,0.1037,15104,12,0,18757588.2,117108680.8,2
CONT_s3_throughput_ElephantsDream,1789486426.324,0.1037,15104,12,0,18668087.0,117500270.0,2
CONT_s3_throughput_ElephantsDream,1789486426.428,0.1038,15104,12,0,18592070.0,117561548.7,2
CONT_s3_throughput_ElephantsDream,1789486426.532,0.1037,7552,6,0,18551866.5,117092760.4,2
CONT_s3_throughput_ElephantsDream,1789486426.635,0.1037,15104,12,0,18484568.2,117050191.2,2
CONT_s3_throughput_ElephantsDream,1789486426.739,0.1037,15104,12,0,18429789.2,117556218.3,2
CONT_s3_throughput_ElephantsDream,1789486426.843,0.1044,15104,12,0,18379754.2,117210775.6,2
CONT_s3_throughput_ElephantsDream,1789486426.95,0.1064,7552,6,0,18350809.7,117335689.5,2
CONT_s3_throughput_ElephantsDream,1789486427.054,0.1037,15104,12,0,18311279.7,116997370.6,2
CONT_s3_throughput_ElephantsDream,1789486427.157,0.1037,15104,12,0,18271033.0,117600146.5,2
CONT_s3_throughput_ElephantsDream,1789486427.261,0.104,15104,12,0,18238775.7,117700783.5,2
CONT_s3_throughput_ElephantsDream,1789486427.365,0.1037,7552,6,0,18223295.2,117610241.3,2
CONT_s3_throughput_ElephantsDream,1789486427.469,0.1038,15104,12,0,18207282.7,117057005.9,2
CONT_s3_throughput_ElephantsDream,1789486427.573,0.1038,15104,12,0,18182114.0,117382999.0,2
CONT_s3_throughput_ElephantsDream,1789486427.676,0.1037,15104,12,0,18160790.2,117234650.6,2
CONT_s3_throughput_ElephantsDream,1789486427.78,0.1039,7552,6,0,18150069.8,117146561.7,2
CONT_s3_throughput_ElephantsDream,1789486427.884,0.104,19546,17,0,16731350.4,76344031.7,2
CONT_s3_throughput_ElephantsDream,1789486427.988,0.1039,8211,7,0,16511510.4,50835208.4,2
CONT_s3_throughput_ElephantsDream,1789486428.092,0.1039,15104,12,0,18471677.8,117275896.1,2
CONT_s3_throughput_ElephantsDream,1789486428.196,0.1039,15104,12,0,18614241.2,117317638.1,2
CONT_s3_throughput_ElephantsDream,1789486428.3,0.1038,15104,12,0,18635207.5,117517135.5,2
CONT_s3_throughput_ElephantsDream,1789486428.404,0.1039,7552,6,0,18626417.8,117118039.4,2
CONT_s3_throughput_ElephantsDream,1789486428.507,0.1038,15104,12,0,18582327.2,117208044.4,2
CONT_s3_throughput_ElephantsDream,1789486428.612,0.1043,15104,12,0,18532506.2,117546882.2,2
CONT_s3_throughput_ElephantsDream,1789486428.715,0.1037,15052,11,0,19877587.2,117599374.5,2
CONT_s3_throughput_ElephantsDream,1789486428.819,0.1039,7604,7,0,16246369.7,116286547.1,2
CONT_s3_throughput_ElephantsDream,1789486428.923,0.104,15104,12,0,18397078.0,117148160.7,2
CONT_s3_throughput_ElephantsDream,1789486429.027,0.1038,15104,12,0,18352882.3,117319176.2,2
CONT_s3_throughput_ElephantsDream,1789486429.131,0.1037,7552,6,0,18335843.2,116965821.3,2
CONT_s3_throughput_ElephantsDream,1789486429.235,0.1039,15104,12,0,18302326.7,117201716.0,2
CONT_s3_throughput_ElephantsDream,1789486429.339,0.1039,15104,12,0,18271648.0,117725113.3,2
CONT_s3_throughput_ElephantsDream,1789486429.444,0.105,15104,12,0,18239856.5,117583475.0,2
CONT_s3_throughput_ElephantsDream,1789486429.547,0.1039,7552,6,0,18220156.5,117759167.0,2
CONT_s3_throughput_ElephantsDream,1789486429.651,0.1039,15104,12,0,18203829.0,117734657.9,2
CONT_s3_throughput_ElephantsDream,1789486429.755,0.1039,15104,12,0,18187015.2,117070401.3,2
CONT_s3_throughput_ElephantsDream,1789486429.859,0.1038,11217,11,0,14116848.5,55567535.6,2
CONT_s3_throughput_ElephantsDream,1789486429.963,0.1038,15104,12,0,17930720.0,54964071.2,2
CONT_s3_throughput_ElephantsDream,1789486430.067,0.1038,15104,12,0,18365520.3,116973070.6,2
CONT_s3_throughput_ElephantsDream,1789486430.17,0.1038,15104,12,0,18545487.3,117432759.3,2
CONT_s3_throughput_ElephantsDream,1789486430.274,0.1038,7552,6,0,18578429.8,117670790.4,2
CONT_s3_throughput_ElephantsDream,1789486430.378,0.1037,15104,12,0,18588435.8,117270265.5,2
CONT_s3_throughput_ElephantsDream,1789486430.482,0.1038,15104,12,0,18571781.7,117041592.9,2
CONT_s3_throughput_ElephantsDream,1789486430.585,0.1038,15104,12,0,18546767.2,117259003.1,2
CONT_s3_throughput_ElephantsDream,1789486430.689,0.1038,7552,6,0,18519334.2,117777186.3,2
CONT_s3_throughput_ElephantsDream,1789486430.793,0.1038,15104,12,0,18461658.0,117269605.9,2
CONT_s3_throughput_ElephantsDream,1789486430.897,0.1038,15104,12,0,18418497.3,117128717.3,2
CONT_s3_throughput_ElephantsDream,1789486431.001,0.1038,15104,12,0,18382119.2,117306242.3,2
CONT_s3_throughput_ElephantsDream,1789486431.104,0.1037,7552,6,0,18363701.7,117499237.2,2
CONT_s3_throughput_ElephantsDream,1789486431.208,0.1037,15104,12,0,18328182.3,117254127.3,2
CONT_s3_throughput_ElephantsDream,1789486431.312,0.1038,15104,12,0,18295382.8,117301505.7,2
CONT_s3_throughput_ElephantsDream,1789486431.416,0.1039,15104,12,0,18268656.0,117402245.5,2
CONT_s3_throughput_ElephantsDream,1789486431.519,0.1037,7552,6,0,18246542.7,117346357.4,2
CONT_s3_throughput_ElephantsDream,1789486431.623,0.1038,15104,12,0,18229540.5,117537944.3,2
CONT_s3_throughput_ElephantsDream,1789486431.727,0.104,15104,12,0,18206747.5,117231993.4,2
CONT_s3_throughput_ElephantsDream,1789486431.834,0.1064,15104,12,0,18187420.2,117364973.2,2
CONT_s3_throughput_ElephantsDream,1789486431.937,0.1038,7552,6,0,18174083.7,117386108.7,2
CONT_s3_throughput_ElephantsDream,1789486432.041,0.1037,15104,12,0,18152971.7,117409395.3,2
CONT_s3_throughput_ElephantsDream,1789486432.145,0.1037,15104,12,0,18140799.2,117574155.3,2
CONT_s3_throughput_ElephantsDream,1789486432.249,0.1037,15104,12,0,18127117.0,117447917.3,2
CONT_s3_throughput_ElephantsDream,1789486432.352,0.1038,12003,11,0,17411320.3,66956289.5,2
CONT_s3_throughput_ElephantsDream,1789486432.456,0.104,15052,11,0,20067207.2,117576092.0,2
CONT_s3_throughput_ElephantsDream,1789486432.56,0.1036,7604,7,0,17076435.3,116552412.5,2
CONT_s3_throughput_ElephantsDream,1789486432.664,0.1038,15104,12,0,18810880.2,117188316.0,2
CONT_s3_throughput_ElephantsDream,1789486432.768,0.1037,15104,12,0,18730553.7,117472235.5,2
CONT_s3_throughput_ElephantsDream,1789486432.871,0.1038,7552,6,0,18690533.7,117329396.2,2
CONT_s3_throughput_ElephantsDream,1789486432.975,0.1039,15104,12,0,18613738.7,117263741.8,2
CONT_s3_throughput_ElephantsDream,1789486433.079,0.1038,15104,12,0,18545527.5,117379722.7,2
CONT_s3_throughput_ElephantsDream,1789486433.183,0.1038,15104,12,0,18478611.0,117668162.4,2
CONT_s3_throughput_ElephantsDream,1789486433.287,0.1039,7552,6,0,18447181.7,117755661.8,2
CONT_s3_throughput_ElephantsDream,1789486433.391,0.1039,15104,12,0,18401405.8,117666341.1,2
CONT_s3_throughput_ElephantsDream,1789486433.494,0.1037,15104,12,0,18346426.3,117449270.9,2
CONT_s3_throughput_ElephantsDream,1789486433.598,0.1038,15104,12,0,18299599.0,117714016.9,2
CONT_s3_throughput_ElephantsDream,1789486433.702,0.1038,7552,6,0,18280562.3,117755091.9,2
CONT_s3_throughput_ElephantsDream,1789486433.806,0.1038,15104,12,0,18241853.7,117681044.2,2
CONT_s3_throughput_ElephantsDream,1789486433.91,0.1039,15104,12,0,18208513.2,117555402.5,2
CONT_s3_throughput_ElephantsDream,1789486434.014,0.1038,15104,12,0,18182739.2,117508344.8,2
CONT_s3_throughput_ElephantsDream,1789486434.117,0.1037,7552,6,0,18171989.3,117258430.7,2
CONT_s3_throughput_ElephantsDream,1789486434.221,0.1038,15104,12,0,18155094.7,117375111.1,2
CONT_s3_throughput_ElephantsDream,1789486434.325,0.1038,15104,12,0,18137982.3,117445536.5,2
CONT_s3_throughput_ElephantsDream,1789486434.429,0.1043,15104,12,0,18117568.0,117752514.6,2
CONT_s3_throughput_ElephantsDream,1789486434.533,0.1037,7552,6,0,18108241.2,117783211.7,2
CONT_s3_throughput_ElephantsDream,1789486434.637,0.1038,15104,12,0,18088841.5,117678669.5,2
CONT_s3_throughput_ElephantsDream,1789486434.74,0.1038,15002,13,0,17068614.9,109580449.8,2
CONT_s3_throughput_ElephantsDream,1789486434.844,0.1038,15104,12,0,18842173.3,54246784.1,2
CONT_s3_throughput_ElephantsDream,1789486434.949,0.1052,7552,6,0,18844371.7,117208398.1,2
CONT_s3_throughput_ElephantsDream,1789486435.053,0.1038,15104,12,0,18803707.3,117203436.2,2
CONT_s3_throughput_ElephantsDream,1789486435.157,0.1038,15104,12,0,18742867.5,117506392.3,2
CONT_s3_throughput_ElephantsDream,1789486435.261,0.1037,15104,12,0,18677426.3,117455505.2,2
CONT_s3_throughput_ElephantsDream,1789486435.364,0.1037,7552,6,0,18646475.2,117006109.6,2
CONT_s3_throughput_ElephantsDream,1789486435.468,0.1038,15104,12,0,18582995.0,117234214.9,2
CONT_s3_throughput_ElephantsDream,1789486435.572,0.1038,15104,12,0,18514600.5,117537884.3,2
CONT_s3_throughput_ElephantsDream,1789486435.676,0.1037,15104,12,0,18453898.5,117559235.7,2
CONT_s3_throughput_ElephantsDream,1789486435.78,0.1038,7552,6,0,18424923.5,117016823.9,2
CONT_s3_throughput_ElephantsDream,1789486435.883,0.1037,15104,12,0,18381253.2,117185692.3,2
CONT_s3_throughput_ElephantsDream,1789486435.987,0.1038,15104,12,0,18332352.3,117592008.9,2
CONT_s3_throughput_ElephantsDream,1789486436.091,0.1038,13442,12,0,17099922.0,103097591.6,2
CONT_s3_throughput_ElephantsDream,1789486436.195,0.1039,15104,12,0,19054508.7,54616771.9,2
CONT_s3_throughput_ElephantsDream,1789486436.298,0.1038,7552,6,0,19046753.3,117116156.7,2
CONT_s3_throughput_ElephantsDream,1789486436.402,0.1039,15104,12,0,18980589.8,117186840.4,2
CONT_s3_throughput_ElephantsDream,1789486436.506,0.1038,15104,12,0,18887086.0,117450485.2,2
CONT_s3_throughput_ElephantsDream,1789486436.61,0.1037,15104,12,0,18794464.2,117384400.9,2
CONT_s3_throughput_ElephantsDream,1789486436.714,0.1037,7552,6,0,18755431.5,117142499.4,2
CONT_s3_throughput_ElephantsDream,1789486436.817,0.1038,15104,12,0,18671752.8,117168356.3,2
CONT_s3_throughput_ElephantsDream,1789486436.921,0.1039,15104,12,0,18589252.5,117564469.5,2
CONT_s3_throughput_ElephantsDream,1789486437.025,0.1038,15104,12,0,18516972.8,117304781.2,2
CONT_s3_throughput_ElephantsDream,1789486437.129,0.1037,7552,6,0,18492498.2,117142342.8,2
CONT_s3_throughput_ElephantsDream,1789486437.232,0.1038,15104,12,0,18433431.7,117277733.6,2
CONT_s3_throughput_ElephantsDream,1789486437.336,0.104,15104,12,0,18375766.3,117695750.0,2
CONT_s3_throughput_ElephantsDream,1789486437.44,0.1037,15104,12,0,18328427.2,117468817.6,2
CONT_s3_throughput_ElephantsDream,1789486437.544,0.1037,7552,6,0,18314121.5,117162012.1,2
CONT_s3_throughput_ElephantsDream,1789486437.648,0.1038,15104,12,0,18280566.3,117254937.7,2
CONT_s3_throughput_ElephantsDream,1789486437.751,0.1038,14943,12,0,18156042.7,116709036.1,2
CONT_s3_throughput_ElephantsDream,1789486437.855,0.1038,0,0,0,0,0,0
CONT_s3_throughput_ElephantsDream,1789486437.959,0.1038,0,0,0,0,0,0
CONT_s3_throughput_ElephantsDream,1789486438.063,0.1036,0,0,0,0,0,0
CONT_s3_throughput_ElephantsDream,1789486438.166,0.1039,0,0,0,0,0,0
CONT_s3_throughput_ElephantsDream,1789486438.27,0.1037,0,0,0,0,0,0
CONT_s3_throughput_ElephantsDream,1789486438.374,0.1037,0,0,0,0,0,0
CONT_s3_throughput_ElephantsDream,1789486438.478,0.1038,0,0,0,0,0,0
CONT_s3_throughput_ElephantsDream,1789486438.582,0.1039,0,0,0,0,0,0
CONT_s3_throughput_ElephantsDream,1789486438.685,0.1038,0,0,0,0,0,0
CONT_s3_throughput_ElephantsDream,1789486438.789,0.1038,0,0,0,0,0,0
CONT_s3_throughput_ElephantsDream,1789486438.893,0.1037,0,0,0,0,0,0
CONT_s3_throughput_ElephantsDream,1789486438.997,0.1042,0,0,0,0,0,0
CONT_s3_throughput_ElephantsDream,1789486439.101,0.1038,0,0,0,0,0,0
CONT_s3_throughput_ElephantsDream,1789486439.205,0.1037,0,0,0,0,0,0
CONT_s3_throughput_ElephantsDream,1789486439.308,0.1038,0,0,0,0,0,0
CONT_s3_throughput_ElephantsDream,1789486439.412,0.1038,0,0,0,0,0,0
CONT_s3_throughput_ElephantsDream,1789486439.516,0.1039,0,0,0,0,0,0
CONT_s3_throughput_ElephantsDream,1789486439.62,0.1037,0,0,0,0,0,0
CONT_s3_throughput_ElephantsDream,1789486439.724,0.1038,0,0,0,0,0,0
CONT_s3_throughput_ElephantsDream,1789486439.829,0.1052,0,0,0,0,0,0
CONT_s3_throughput_ElephantsDream,1789486439.933,0.1044,0,0,0,0,0,0
CONT_s3_throughput_ElephantsDream,1789486440.037,0.1037,0,0,0,0,0,0
CONT_s3_throughput_ElephantsDream,1789486440.141,0.1038,0,0,0,0,0,0
CONT_s3_throughput_ElephantsDream,1789486440.244,0.1037,0,0,0,0,0,0
CONT_s3_throughput_ElephantsDream,1789486440.348,0.1037,17793,15,0,196510365.2,7448005.0,2
CONT_s3_throughput_ElephantsDream,1789486440.453,0.1049,16604,13,0,121376030.3,129095310.8,2
CONT_s3_throughput_ElephantsDream,1789486440.557,0.1037,15104,12,0,89009266.5,105532734.4,2
CONT_s3_throughput_ElephantsDream,1789486440.661,0.1038,7552,6,0,77648337.8,117545053.4,2
CONT_s3_throughput_ElephantsDream,1789486440.764,0.1038,15104,12,0,62090441.0,117259355.3,2
CONT_s3_throughput_ElephantsDream,1789486440.868,0.1037,15104,12,0,52389452.7,117257107.0,2
CONT_s3_throughput_ElephantsDream,1789486440.972,0.1038,15104,12,0,45929758.7,117186414.6,2
CONT_s3_throughput_ElephantsDream,1789486441.076,0.1038,9104,8,0,51350834.2,93131591.7,2
CONT_s3_throughput_ElephantsDream,1789486441.18,0.1038,15104,12,0,39152227.2,146822706.0,2
CONT_s3_throughput_ElephantsDream,1789486441.283,0.1038,140799,123,10,4450518.6,10909081.5,2
CONT_s3_throughput_ElephantsDream,1789486441.387,0.1037,0,0,0,0,0,0
CONT_s3_throughput_ElephantsDream,1789486441.491,0.1038,0,0,0,0,0,0
CONT_s3_throughput_ElephantsDream,1789486441.595,0.1038,0,0,0,0,0,0
CONT_s3_throughput_ElephantsDream,1789486441.698,0.1038,0,0,0,0,0,0
CONT_s3_throughput_ElephantsDream,1789486441.802,0.1037,0,0,0,0,0,0
CONT_s3_throughput_ElephantsDream,1789486441.906,0.1039,0,0,0,0,0,0
CONT_s3_throughput_ElephantsDream,1789486442.01,0.1038,0,0,0,0,0,0
CONT_s3_throughput_ElephantsDream,1789486442.113,0.1037,0,0,0,0,0,0
CONT_s3_throughput_ElephantsDream,1789486442.217,0.1037,0,0,0,0,0,0
CONT_s3_throughput_ElephantsDream,1789486442.321,0.1038,0,0,0,0,0,0
CONT_s3_throughput_ElephantsDream,1789486442.425,0.1039,0,0,0,0,0,0
CONT_s3_throughput_ElephantsDream,1789486442.529,0.1037,0,0,0,0,0,0
CONT_s3_throughput_ElephantsDream,1789486442.632,0.1038,0,0,0,0,0,0
CONT_s3_throughput_ElephantsDream,1789486442.736,0.1037,0,0,0,0,0,0
CONT_s3_throughput_ElephantsDream,1789486442.84,0.1039,0,0,0,0,0,0
CONT_s3_throughput_ElephantsDream,1789486442.944,0.1039,0,0,0,0,0,0
CONT_s3_throughput_ElephantsDream,1789486443.047,0.1037,0,0,0,0,0,0
CONT_s3_throughput_ElephantsDream,1789486443.151,0.1036,0,0,0,0,0,0
CONT_s3_throughput_ElephantsDream,1789486443.255,0.1037,0,0,0,0,0,0
CONT_s3_throughput_ElephantsDream,1789486443.359,0.1039,0,0,0,0,0,0
CONT_s3_throughput_ElephantsDream,1789486443.462,0.1039,0,0,0,0,0,0
CONT_s3_throughput_ElephantsDream,1789486443.566,0.1038,0,0,0,0,0,0
CONT_s3_throughput_ElephantsDream,1789486443.672,0.1054,0,0,0,0,0,0
CONT_s3_throughput_ElephantsDream,1789486443.776,0.1039,0,0,0,0,0,0
CONT_s3_throughput_ElephantsDream,1789486443.879,0.1038,0,0,0,0,0,0
CONT_s3_throughput_ElephantsDream,1789486443.983,0.1038,0,0,0,0,0,0
CONT_s3_throughput_ElephantsDream,1789486444.087,0.1038,0,0,0,0,0,0
CONT_s3_throughput_ElephantsDream,1789486444.191,0.1037,0,0,0,0,0,0
CONT_s3_throughput_ElephantsDream,1789486444.294,0.1038,15711,12,0,249431893.5,1564455.7,2
CONT_s3_throughput_ElephantsDream,1789486444.398,0.1037,11134,10,0,182508359.2,16573886.3,2
CONT_s3_throughput_ElephantsDream,1789486444.502,0.1038,7552,6,0,145592674.5,581423.0,2
CONT_s3_throughput_ElephantsDream,1789486444.606,0.1038,9052,7,0,114330147.6,154865193.6,2
CONT_s3_throughput_ElephantsDream,1789486444.709,0.1037,16604,13,0,86968194.8,119321028.5,2
CONT_s3_throughput_ElephantsDream,1789486444.813,0.1037,6052,5,0,88792158.4,1157678.0,2
CONT_s3_throughput_ElephantsDream,1789486444.917,0.1039,12104,10,0,75962460.8,111843499.0,2
CONT_s3_throughput_ElephantsDream,1789486445.021,0.1039,12104,10,0,66567285.0,111908680.8,2
CONT_s3_throughput_ElephantsDream,1789486445.125,0.1038,12104,10,0,59426612.4,112195686.1,2
CONT_s3_throughput_ElephantsDream,1789486445.229,0.1039,12104,10,0,53820629.0,112208282.4,2
CONT_s3_throughput_ElephantsDream,1789486445.334,0.105,12104,10,0,49301848.6,111895972.9,2
CONT_s3_throughput_ElephantsDream,1789486445.437,0.1037,6052,5,0,47346235.8,112225842.7,2
CONT_s3_throughput_ElephantsDream,1789486445.541,0.1038,12104,10,0,43915295.2,111989786.0,2
CONT_s3_throughput_ElephantsDream,1789486445.645,0.1039,12104,10,0,41017639.8,111723332.5,2
CONT_s3_throughput_ElephantsDream,1789486445.749,0.1037,12104,10,0,38537527.2,111680677.4,2
CONT_s3_throughput_ElephantsDream,1789486445.853,0.1038,12104,10,0,36396545.2,111971140.8,2
CONT_s3_throughput_ElephantsDream,1789486445.957,0.104,12104,10,0,34541834.2,111886364.2,2
CONT_s3_throughput_ElephantsDream,1789486446.06,0.1036,6052,5,0,33704357.6,111393667.4,2
CONT_s3_throughput_ElephantsDream,1789486446.164,0.1039,12104,10,0,32207553.2,111947890.1,2
CONT_s3_throughput_ElephantsDream,1789486446.268,0.1038,12104,10,0,30898956.4,111739507.4,2
CONT_s3_throughput_ElephantsDream,1789486446.372,0.1039,6896,7,0,30372061.7,87218389.3,2
CONT_s3_throughput_ElephantsDream,1789486446.476,0.1038,0,0,0,0,0,0
CONT_s3_throughput_ElephantsDream,1789486446.579,0.1037,0,0,0,0,0,0
CONT_s3_throughput_ElephantsDream,1789486446.683,0.1038,0,0,0,0,0,0
CONT_s3_throughput_ElephantsDream,1789486446.787,0.1037,0,0,0,0,0,0
CONT_s3_throughput_ElephantsDream,1789486446.891,0.1039,0,0,0,0,0,0
CONT_s3_throughput_ElephantsDream,1789486446.995,0.1038,0,0,0,0,0,0
CONT_s3_throughput_ElephantsDream,1789486447.098,0.1038,0,0,0,0,0,0
CONT_s3_throughput_ElephantsDream,1789486447.202,0.1038,0,0,0,0,0,0
CONT_s3_throughput_ElephantsDream,1789486447.306,0.1037,0,0,0,0,0,0
CONT_s3_throughput_ElephantsDream,1789486447.41,0.1038,0,0,0,0,0,0
CONT_s3_throughput_ElephantsDream,1789486447.514,0.1039,0,0,0,0,0,0
CONT_s3_throughput_ElephantsDream,1789486447.617,0.1039,0,0,0,0,0,0
CONT_s3_throughput_ElephantsDream,1789486447.721,0.1038,0,0,0,0,0,0
CONT_s3_throughput_ElephantsDream,1789486447.825,0.1038,0,0,0,0,0,0
CONT_s3_throughput_ElephantsDream,1789486447.929,0.1043,0,0,0,0,0,0
CONT_s3_throughput_ElephantsDream,1789486448.033,0.1037,0,0,0,0,0,0
CONT_s3_throughput_ElephantsDream,1789486448.137,0.1037,0,0,0,0,0,0
CONT_s3_throughput_ElephantsDream,1789486448.24,0.1037,0,0,0,0,0,0
CONT_s3_throughput_ElephantsDream,1789486448.344,0.1039,659,1,0,162113762.0,0,1
CONT_s3_throughput_ElephantsDream,1789486448.45,0.1054,24104,18,0,132955191.3,41701419.0,2
CONT_s3_throughput_ElephantsDream,1789486448.554,0.1038,12104,10,0,111016585.0,55307182.8,2
CONT_s3_throughput_ElephantsDream,1789486448.657,0.1038,12104,10,0,88049807.6,111843511.3,2
CONT_s3_throughput_ElephantsDream,1789486448.761,0.1037,6052,5,0,79654393.4,111927252.3,2
CONT_s3_throughput_ElephantsDream,1789486448.865,0.1039,12104,10,0,67016624.4,112026741.7,2
CONT_s3_throughput_ElephantsDream,1789486448.969,0.1037,12104,10,0,58172981.2,111929041.7,2
CONT_s3_throughput_ElephantsDream,1789486449.072,0.1037,12104,10,0,51725341.6,111779281.0,2
CONT_s3_throughput_ElephantsDream,1789486449.176,0.1037,12104,10,0,46868128.4,111735318.0,2
CONT_s3_throughput_ElephantsDream,1789486449.28,0.1037,6052,5,0,44862981.0,111590154.4,2
CONT_s3_throughput_ElephantsDream,1789486449.384,0.1042,12104,10,0,41463983.0,112028361.2,2
CONT_s3_throughput_ElephantsDream,1789486449.488,0.1039,12104,10,0,38694752.4,112057210.8,2
CONT_s3_throughput_ElephantsDream,1789486449.592,0.1038,12104,10,0,36392993.8,112259757.7,2
CONT_s3_throughput_ElephantsDream,1789486449.695,0.1038,12104,10,0,34452768.2,112249884.1,2
CONT_s3_throughput_ElephantsDream,1789486449.799,0.1037,12104,10,0,32791876.6,112149754.1,2
CONT_s3_throughput_ElephantsDream,1789486449.903,0.1037,6052,5,0,32054580.8,111949033.4,2
CONT_s3_throughput_ElephantsDream,1789486450.006,0.1037,12104,10,0,30713964.8,112053052.2,2
CONT_s3_throughput_ElephantsDream,1789486450.11,0.1038,12104,10,0,29564104.8,111731715.4,2
CONT_s3_throughput_ElephantsDream,1789486450.214,0.1037,12104,10,0,28555832.2,111970377.4,2
CONT_s3_throughput_ElephantsDream,1789486450.318,0.1037,9397,9,0,27286359.4,99018008.6,2
CONT_s3_throughput_ElephantsDream,1789486450.422,0.1039,0,0,0,0,0,0
CONT_s3_throughput_ElephantsDream,1789486450.525,0.1037,0,0,0,0,0,0
CONT_s3_throughput_ElephantsDream,1789486450.629,0.1037,0,0,0,0,0,0
CONT_s3_throughput_ElephantsDream,1789486450.733,0.1037,0,0,0,0,0,0
CONT_s3_throughput_ElephantsDream,1789486450.837,0.104,0,0,0,0,0,0
CONT_s3_throughput_ElephantsDream,1789486450.945,0.1087,0,0,0,0,0,0
CONT_s3_throughput_ElephantsDream,1789486451.049,0.1037,0,0,0,0,0,0
CONT_s3_throughput_ElephantsDream,1789486451.153,0.1037,0,0,0,0,0,0
CONT_s3_throughput_ElephantsDream,1789486451.256,0.1037,0,0,0,0,0,0
CONT_s3_throughput_ElephantsDream,1789486451.36,0.1037,0,0,0,0,0,0
CONT_s3_throughput_ElephantsDream,1789486451.464,0.1037,0,0,0,0,0,0
CONT_s3_throughput_ElephantsDream,1789486451.568,0.1037,0,0,0,0,0,0
CONT_s3_throughput_ElephantsDream,1789486451.671,0.1037,0,0,0,0,0,0
CONT_s3_throughput_ElephantsDream,1789486451.775,0.1037,0,0,0,0,0,0
CONT_s3_throughput_ElephantsDream,1789486451.879,0.1037,0,0,0,0,0,0
CONT_s3_throughput_ElephantsDream,1789486451.982,0.1038,0,0,0,0,0,0
CONT_s3_throughput_ElephantsDream,1789486452.086,0.1036,0,0,0,0,0,0
CONT_s3_throughput_ElephantsDream,1789486452.19,0.1037,0,0,0,0,0,0
CONT_s3_throughput_ElephantsDream,1789486452.293,0.1037,0,0,0,0,0,0
CONT_s3_throughput_ElephantsDream,1789486452.397,0.1038,17793,15,0,166946153.8,8766873.4,2
CONT_s3_throughput_ElephantsDream,1789486452.501,0.1037,10552,8,0,118786124.1,817032.0,2
CONT_s3_throughput_ElephantsDream,1789486452.605,0.1037,16656,14,0,94171554.2,146923916.6,2
CONT_s3_throughput_ElephantsDream,1789486452.708,0.1038,10604,9,0,79902242.2,97872315.6,2
CONT_s3_throughput_ElephantsDream,1789486452.812,0.1038,7604,7,0,78454648.4,125058544.2,2
CONT_s3_throughput_ElephantsDream,1789486452.916,0.1038,15156,13,0,59409567.1,135041463.7,2
CONT_s3_throughput_ElephantsDream,1789486453.02,0.1037,6052,5,0,53042846.6,139770001.3,2
CONT_s3_throughput_ElephantsDream,1789486453.123,0.1037,10604,9,0,49977998.6,153887385.2,2
CONT_s3_throughput_ElephantsDream,1789486453.227,0.1037,13604,11,0,42461172.4,161212475.1,2
CONT_s3_throughput_ElephantsDream,1789486453.332,0.1047,10604,9,0,42682774.9,168043889.9,2
CONT_s3_throughput_ElephantsDream,1789486453.435,0.1037,12104,10,0,38919680.2,168378523.1,2
CONT_s3_throughput_ElephantsDream,1789486453.539,0.1037,7552,6,0,36020026.8,182155562.7,2
CONT_s3_throughput_ElephantsDream,1789486453.643,0.1038,12104,10,0,36041615.0,182391860.5,2
CONT_s3_throughput_ElephantsDream,1789486453.747,0.1038,15104,12,0,32871157.8,182747948.4,2
CONT_s3_throughput_ElephantsDream,1789486453.851,0.1038,10604,9,0,34021142.7,139887242.6,2
CONT_s3_throughput_ElephantsDream,1789486453.955,0.1039,7604,7,0,35065089.9,124946404.8,2
CONT_s3_throughput_ElephantsDream,1789486454.058,0.1038,15156,13,0,32228675.9,130376200.1,2
CONT_s3_throughput_ElephantsDream,1789486454.162,0.1038,9104,8,0,31692706.0,139613510.4,2
CONT_s3_throughput_ElephantsDream,1789486454.266,0.1039,13552,10,0,28532184.0,154857309.1,2
CONT_s3_throughput_ElephantsDream,1789486454.37,0.1037,3104,4,0,34693928.0,150024712.3,2
CONT_s3_throughput_ElephantsDream,1789486454.474,0.1038,18156,15,0,29544912.2,168084499.0,2
CONT_s3_throughput_ElephantsDream,1789486454.577,0.1038,9052,7,0,28358558.4,169074547.4,2
CONT_s3_throughput_ElephantsDream,1789486454.681,0.1038,9104,8,0,30001583.8,167964679.8,2
CONT_s3_throughput_ElephantsDream,1789486454.785,0.1038,8077,7,0,27364838.4,159769628.3,2
CONT_s3_throughput_ElephantsDream,1789486454.889,0.1038,0,0,0,0,0,0
CONT_s3_throughput_ElephantsDream,1789486454.992,0.1038,0,0,0,0,0,0
CONT_s3_throughput_ElephantsDream,1789486455.096,0.1039,0,0,0,0,0,0
CONT_s3_throughput_ElephantsDream,1789486455.2,0.1039,0,0,0,0,0,0
CONT_s3_throughput_ElephantsDream,1789486455.304,0.1038,0,0,0,0,0,0
CONT_s3_throughput_ElephantsDream,1789486455.408,0.1038,0,0,0,0,0,0
CONT_s3_throughput_ElephantsDream,1789486455.512,0.1038,0,0,0,0,0,0
CONT_s3_throughput_ElephantsDream,1789486455.615,0.1038,0,0,0,0,0,0
CONT_s3_throughput_ElephantsDream,1789486455.719,0.1037,0,0,0,0,0,0
CONT_s3_throughput_ElephantsDream,1789486455.823,0.1037,0,0,0,0,0,0
CONT_s3_throughput_ElephantsDream,1789486455.927,0.1041,0,0,0,0,0,0
CONT_s3_throughput_ElephantsDream,1789486456.031,0.1038,0,0,0,0,0,0
CONT_s3_throughput_ElephantsDream,1789486456.135,0.1038,0,0,0,0,0,0
CONT_s3_throughput_ElephantsDream,1789486456.238,0.1038,10213,9,0,173193020.7,1164639.6,2
CONT_s3_throughput_ElephantsDream,1789486456.342,0.1039,17186,15,0,100050950.8,24935659.1,2
CONT_s3_throughput_ElephantsDream,1789486456.448,0.1058,7552,6,0,82305244.2,159853582.7,2
CONT_s3_throughput_ElephantsDream,1789486456.552,0.1038,9052,7,0,67247440.1,154680512.2,2
CONT_s3_throughput_ElephantsDream,1789486456.656,0.1038,9052,7,0,58066977.7,168904372.6,2
CONT_s3_throughput_ElephantsDream,1789486456.759,0.1038,16604,13,0,48860035.3,118841387.3,2
CONT_s3_throughput_ElephantsDream,1789486456.863,0.1038,12104,10,0,47519379.2,111602330.0,2
CONT_s3_throughput_ElephantsDream,1789486456.967,0.1038,12104,10,0,43284178.6,111773666.9,2
CONT_s3_throughput_ElephantsDream,1789486457.071,0.1038,12104,10,0,39987805.8,111501501.3,2
CONT_s3_throughput_ElephantsDream,1789486457.175,0.1037,6052,5,0,38601189.6,111597213.7,2
CONT_s3_throughput_ElephantsDream,1789486457.278,0.1038,12104,10,0,36215639.6,111836723.1,2
CONT_s3_throughput_ElephantsDream,1789486457.382,0.1039,12104,10,0,34243303.6,112162445.5,2
CONT_s3_throughput_ElephantsDream,1789486457.486,0.1038,12104,10,0,32573065.0,112038770.3,2
CONT_s3_throughput_ElephantsDream,1789486457.59,0.1036,12104,10,0,31157429.2,112040380.7,2
CONT_s3_throughput_ElephantsDream,1789486457.693,0.1037,7604,7,0,32317085.7,82843380.5,2
CONT_s3_throughput_ElephantsDream,1789486457.797,0.1039,13604,11,0,29923065.1,161354205.9,2
CONT_s3_throughput_ElephantsDream,1789486457.901,0.1038,4552,4,0,30614103.8,167519924.2,2
CONT_s3_throughput_ElephantsDream,1789486458.005,0.1037,15104,12,0,28762712.8,175347243.5,2
CONT_s3_throughput_ElephantsDream,1789486458.108,0.1038,15156,13,0,28957935.5,125500494.9,2
CONT_s3_throughput_ElephantsDream,1789486458.212,0.1038,9104,8,0,28864620.0,97639272.3,2
CONT_s3_throughput_ElephantsDream,1789486458.316,0.1037,10604,9,0,28109193.3,125783006.3,2
CONT_s3_throughput_ElephantsDream,1789486458.42,0.1037,9104,8,0,27636354.5,139726161.2,2
CONT_s3_throughput_ElephantsDream,1789486458.524,0.1038,12104,10,0,26835205.4,147248203.1,2
CONT_s3_throughput_ElephantsDream,1789486458.627,0.1038,10604,9,0,26527077.2,154220060.7,2
CONT_s3_throughput_ElephantsDream,1789486458.731,0.1037,12104,10,0,26340755.6,168088785.3,2
CONT_s3_throughput_ElephantsDream,1789486458.836,0.1045,13604,11,0,25896059.1,168374068.4,2
CONT_s3_throughput_ElephantsDream,1789486458.94,0.1046,4552,4,0,25926477.2,167440127.1,2
CONT_s3_throughput_ElephantsDream,1789486459.044,0.1038,15104,12,0,25602670.0,182550259.2,2
CONT_s3_throughput_ElephantsDream,1789486459.148,0.1038,12104,10,0,25661297.2,182149912.9,2
CONT_s3_throughput_ElephantsDream,1789486459.252,0.1037,12104,10,0,25540510.2,182569363.9,2
CONT_s3_throughput_ElephantsDream,1789486459.355,0.1037,9104,8,0,25521178.0,97409081.3,2
CONT_s3_throughput_ElephantsDream,1789486459.459,0.1038,13656,12,0,25623235.5,125540657.9,2
CONT_s3_throughput_ElephantsDream,1789486459.563,0.1037,6052,5,0,25914539.0,140454508.0,2
CONT_s3_throughput_ElephantsDream,1789486459.667,0.1037,9104,8,0,25556236.2,139968116.0,2
CONT_s3_throughput_ElephantsDream,1789486459.771,0.1042,16656,14,0,25903959.6,154259820.2,2
CONT_s3_throughput_ElephantsDream,1789486459.875,0.1038,9052,7,0,25976244.1,169062000.6,2
CONT_s3_throughput_ElephantsDream,1789486459.978,0.1038,9104,8,0,26178659.2,167983432.7,2
CONT_s3_throughput_ElephantsDream,1789486460.082,0.1037,15747,14,0,25610392.7,91034474.1,2
CONT_s3_throughput_ElephantsDream,1789486460.186,0.1038,9052,7,0,25147133.4,81634121.3,2
CONT_s3_throughput_ElephantsDream,1789486460.29,0.1038,8082,7,0,24357474.9,1369954.0,2
CONT_s3_throughput_ElephantsDream,1789486460.393,0.1037,9052,7,0,24513462.7,159317706.7,2
CONT_s3_throughput_ElephantsDream,1789486460.497,0.1039,18104,14,0,24426619.0,168475161.7,2
CONT_s3_throughput_ElephantsDream,1789486460.601,0.1037,9052,7,0,24324209.1,168987195.8,2
CONT_s3_throughput_ElephantsDream,1789486460.705,0.1038,9052,7,0,24194363.3,168458245.4,2
CONT_s3_throughput_ElephantsDream,1789486460.808,0.1038,9052,7,0,24055315.7,168832408.3,2
CONT_s3_throughput_ElephantsDream,1789486460.912,0.1039,15104,12,0,24240227.8,154654182.5,2
CONT_s3_throughput_ElephantsDream,1789486461.016,0.1038,10604,9,0,24243677.1,98020006.5,2
CONT_s3_throughput_ElephantsDream,1789486461.12,0.1038,13656,12,0,24576955.8,97465035.9,2
CONT_s3_throughput_ElephantsDream,1789486461.224,0.1038,10604,9,0,24795340.1,125618665.9,2
CONT_s3_throughput_ElephantsDream,1789486461.329,0.105,9104,8,0,24425660.5,139459234.1,2
CONT_s3_throughput_ElephantsDream,1789486461.433,0.1039,12104,10,0,24579108.2,146864412.7,2
CONT_s3_throughput_ElephantsDream,1789486461.536,0.1038,10604,9,0,24324575.1,154056577.3,2
CONT_s3_throughput_ElephantsDream,1789486461.64,0.1037,12104,10,0,24631236.8,168273911.0,2
CONT_s3_throughput_ElephantsDream,1789486461.744,0.1038,6052,5,0,24598879.2,168583154.5,2
CONT_s3_throughput_ElephantsDream,1789486461.848,0.1037,12104,10,0,24648397.4,168236389.7,2
CONT_s3_throughput_ElephantsDream,1789486461.953,0.1058,15104,12,0,24560308.0,182437984.4,2
CONT_s3_throughput_ElephantsDream,1789486462.057,0.1038,12104,10,0,24550779.4,182325261.9,2
CONT_s3_throughput_ElephantsDream,1789486462.161,0.1037,12104,10,0,24570807.6,182174358.6,2
CONT_s3_throughput_ElephantsDream,1789486462.265,0.1038,9104,8,0,24490791.0,97218803.3,2
CONT_s3_throughput_ElephantsDream,1789486462.368,0.1037,10604,9,0,24703979.3,125836979.8,2
CONT_s3_throughput_ElephantsDream,1789486462.472,0.1038,9104,8,0,24876540.8,132462619.5,2
CONT_s3_throughput_ElephantsDream,1789486462.576,0.1037,9104,8,0,24850129.8,139873819.8,2
CONT_s3_throughput_ElephantsDream,1789486462.68,0.1037,16656,14,0,25402657.6,153896771.3,2
CONT_s3_throughput_ElephantsDream,1789486462.783,0.1038,9052,7,0,25676717.3,168872138.0,2
CONT_s3_throughput_ElephantsDream,1789486462.887,0.1038,11973,12,0,23509684.7,83518269.3,2
CONT_s3_throughput_ElephantsDream,1789486462.991,0.1037,9052,7,0,23986444.6,80788448.1,2
CONT_s3_throughput_ElephantsDream,1789486463.095,0.1036,8082,7,0,23371334.1,549959.0,2
CONT_s3_throughput_ElephantsDream,1789486463.199,0.1039,18104,14,0,23761220.7,164523885.4,2
CONT_s3_throughput_ElephantsDream,1789486463.302,0.1038,9052,7,0,23771104.1,169034618.9,2
CONT_s3_throughput_ElephantsDream,1789486463.406,0.1039,9052,7,0,23726188.9,169101571.4,2
CONT_s3_throughput_ElephantsDream,1789486463.51,0.1037,9052,7,0,23649044.1,169024338.9,2
CONT_s3_throughput_ElephantsDream,1789486463.614,0.1036,18104,14,0,23444949.6,168981496.0,2
CONT_s3_throughput_ElephantsDream,1789486463.717,0.1038,10604,9,0,23519683.4,140195348.6,2
CONT_s3_throughput_ElephantsDream,1789486463.821,0.1039,9052,7,0,24289559.0,183073365.6,2
CONT_s3_throughput_ElephantsDream,1789486463.925,0.1039,12104,10,0,24176998.8,189747122.9,2
CONT_s3_throughput_ElephantsDream,1789486464.029,0.1038,9104,8,0,24035466.5,97432285.9,2
CONT_s3_throughput_ElephantsDream,1789486464.133,0.1038,13656,12,0,24461989.2,125421773.3,2
CONT_s3_throughput_ElephantsDream,1789486464.236,0.1038,6052,5,0,25028642.2,139829164.4,2
CONT_s3_throughput_ElephantsDream,1789486464.34,0.1037,16656,14,0,25058416.7,144497838.6,2
CONT_s3_throughput_ElephantsDream,1789486464.446,0.1058,9104,8,0,25042203.2,153679498.5,2
CONT_s3_throughput_ElephantsDream,1789486464.55,0.1038,9052,7,0,25595503.6,168602525.5,2
CONT_s3_throughput_ElephantsDream,1789486464.653,0.1035,9104,8,0,25615784.5,168167596.0,2
CONT_s3_throughput_ElephantsDream,1789486464.757,0.1039,15104,12,0,25977792.2,168832761.0,2
CONT_s3_throughput_ElephantsDream,1789486464.861,0.1037,12104,10,0,26208771.0,168613154.8,2
CONT_s3_throughput_ElephantsDream,1789486464.965,0.1038,7552,6,0,25972732.5,183034440.3,2
CONT_s3_throughput_ElephantsDream,1789486465.068,0.1038,11954,11,0,25664701.4,121987437.5,2
CONT_s3_throughput_ElephantsDream,1789486465.172,0.1038,9052,7,0,25760955.4,80721864.6,2
CONT_s3_throughput_ElephantsDream,1789486465.276,0.1038,17134,14,0,24831810.3,159330287.6,2
CONT_s3_throughput_ElephantsDream,1789486465.38,0.1037,9052,7,0,24736541.9,168462630.6,2
CONT_s3_throughput_ElephantsDream,1789486465.484,0.1038,9052,7,0,24610701.6,168317350.7,2
CONT_s3_throughput_ElephantsDream,1789486465.587,0.1037,9052,7,0,24457631.9,168822516.8,2
CONT_s3_throughput_ElephantsDream,1789486465.691,0.1037,9052,7,0,24298084.4,168677008.1,2
CONT_s3_throughput_ElephantsDream,1789486465.795,0.1038,18104,14,0,23990805.3,168387727.8,2
CONT_s3_throughput_ElephantsDream,1789486465.899,0.1039,10604,9,0,24229921.0,139997281.6,2
CONT_s3_throughput_ElephantsDream,1789486466.002,0.1038,10604,9,0,24479083.9,97678860.1,2
CONT_s3_throughput_ElephantsDream,1789486466.106,0.1037,9104,8,0,24623780.5,97671319.4,2
CONT_s3_throughput_ElephantsDream,1789486466.21,0.1038,10604,9,0,24828451.3,125762300.7,2
CONT_s3_throughput_ElephantsDream,1789486466.314,0.1037,15156,13,0,24555312.8,139846224.2,2
CONT_s3_throughput_ElephantsDream,1789486466.418,0.1039,10604,9,0,24443064.2,153895654.7,2
CONT_s3_throughput_ElephantsDream,1789486466.521,0.1037,6052,5,0,24622515.6,153681092.3,2
CONT_s3_throughput_ElephantsDream,1789486466.625,0.1038,12104,10,0,24637928.2,168300404.8,2
CONT_s3_throughput_ElephantsDream,1789486466.729,0.1042,13604,11,0,24539694.5,167977447.0,2
CONT_s3_throughput_ElephantsDream,1789486466.834,0.1046,12104,10,0,24609797.8,175133971.6,2
CONT_s3_throughput_ElephantsDream,1789486466.938,0.104,12104,10,0,24582932.0,182541791.9,2
CONT_s3_throughput_ElephantsDream,1789486467.042,0.1039,7552,6,0,24838999.2,182264810.3,2
CONT_s3_throughput_ElephantsDream,1789486467.146,0.1037,12104,10,0,24585713.0,182267249.5,2
CONT_s3_throughput_ElephantsDream,1789486467.249,0.1038,13604,11,0,25211583.8,111976115.9,2
CONT_s3_throughput_ElephantsDream,1789486467.353,0.104,9156,9,0,24101708.0,125026819.0,2
CONT_s3_throughput_ElephantsDream,1789486467.457,0.104,12104,10,0,25028828.6,139896221.7,2
CONT_s3_throughput_ElephantsDream,1789486467.561,0.1037,10604,9,0,25210879.8,147175085.1,2
CONT_s3_throughput_ElephantsDream,1789486467.665,0.1038,9104,8,0,25237991.5,153517359.0,2
CONT_s3_throughput_ElephantsDream,1789486467.769,0.1038,9052,7,0,25708355.7,168349679.8,2
CONT_s3_throughput_ElephantsDream,1789486467.872,0.1037,9104,8,0,25759669.8,167686598.2,2
CONT_s3_throughput_ElephantsDream,1789486467.976,0.1038,10192,9,0,25575123.9,120589975.9,2
CONT_s3_throughput_ElephantsDream,1789486468.08,0.1036,17134,14,0,24659645.4,80353729.7,2
CONT_s3_throughput_ElephantsDream,1789486468.184,0.1038,9052,7,0,24771091.4,159352189.6,2
CONT_s3_throughput_ElephantsDream,1789486468.287,0.1038,9052,7,0,24723090.7,168492135.1,2
CONT_s3_throughput_ElephantsDream,1789486468.391,0.1037,9052,7,0,24628466.3,168403904.1,2
CONT_s3_throughput_ElephantsDream,1789486468.495,0.1038,18104,14,0,24360335.0,168754184.1,2
CONT_s3_throughput_ElephantsDream,1789486468.599,0.1037,9052,7,0,24213600.6,168889869.0,2
CONT_s3_throughput_ElephantsDream,1789486468.702,0.1038,9052,7,0,24057992.9,168387668.4,2
CONT_s3_throughput_ElephantsDream,1789486468.806,0.1038,10604,9,0,24334419.7,139954187.0,2
CONT_s3_throughput_ElephantsDream,1789486468.91,0.104,16656,14,0,24638100.9,97970432.9,2
CONT_s3_throughput_ElephantsDream,1789486469.014,0.1039,7604,7,0,24495455.3,125065360.3,2
CONT_s3_throughput_ElephantsDream,1789486469.118,0.1039,10604,9,0,24947958.3,132914230.9,2
CONT_s3_throughput_ElephantsDream,1789486469.222,0.1038,10604,9,0,24681729.0,139635882.1,2
CONT_s3_throughput_ElephantsDream,1789486469.326,0.1038,10604,9,0,24471862.8,153676360.1,2
CONT_s3_throughput_ElephantsDream,1789486469.429,0.1039,13604,11,0,24555308.5,161349057.0,2
CONT_s3_throughput_ElephantsDream,1789486469.533,0.1037,10604,9,0,24374121.3,167756356.3,2
CONT_s3_throughput_ElephantsDream,1789486469.637,0.1039,12104,10,0,24667862.0,168601135.9,2
CONT_s3_throughput_ElephantsDream,1789486469.741,0.1038,7552,6,0,24909047.7,183004397.5,2
CONT_s3_throughput_ElephantsDream,1789486469.845,0.1037,12104,10,0,24589436.4,182718314.3,2
CONT_s3_throughput_ElephantsDream,1789486469.951,0.1064,15104,12,0,24550414.8,182961826.8,2
CONT_s3_throughput_ElephantsDream,1789486470.055,0.1039,10604,9,0,24404735.8,139864654.5,2
CONT_s3_throughput_ElephantsDream,1789486470.159,0.1043,7604,7,0,24248028.1,125069984.6,2
CONT_s3_throughput_ElephantsDream,1789486470.263,0.1038,15156,13,0,25076654.5,130419097.7,2
CONT_s3_throughput_ElephantsDream,1789486470.367,0.1038,9104,8,0,24908899.8,139232604.4,2
CONT_s3_throughput_ElephantsDream,1789486470.471,0.1038,7552,6,0,25557449.2,154680130.0,2
CONT_s3_throughput_ElephantsDream,1789486470.574,0.1037,9104,8,0,25219820.8,153671481.4,2
CONT_s3_throughput_ElephantsDream,1789486470.678,0.1038,18156,15,0,25921611.6,168180213.8,2
CONT_s3_throughput_ElephantsDream,1789486470.782,0.1038,8956,8,0,26039759.8,149707864.9,2
CONT_s3_throughput_ElephantsDream,1789486470.886,0.1039,9052,7,0,26049921.4,80273350.2,2
CONT_s3_throughput_ElephantsDream,1789486470.989,0.1038,8082,7,0,24993263.6,1134678.0,2
CONT_s3_throughput_ElephantsDream,1789486471.093,0.1037,18104,14,0,24846491.0,164001446.9,2
CONT_s3_throughput_ElephantsDream,1789486471.197,0.1037,9052,7,0,24696560.0,168299021.7,2
CONT_s3_throughput_ElephantsDream,1789486471.301,0.1037,9052,7,0,24531545.1,168283073.8,2
CONT_s3_throughput_ElephantsDream,1789486471.404,0.1037,9052,7,0,24360372.0,168884558.4,2
CONT_s3_throughput_ElephantsDream,1789486471.508,0.1038,18052,13,0,24481395.4,169037345.6,2
CONT_s3_throughput_ElephantsDream,1789486471.612,0.1037,10656,10,0,23804761.6,138912270.0,2
CONT_s3_throughput_ElephantsDream,1789486471.715,0.1037,9052,7,0,24753486.1,182895031.9,2
CONT_s3_throughput_ElephantsDream,1789486471.819,0.1036,10604,9,0,25055565.2,111643824.7,2
CONT_s3_throughput_ElephantsDream,1789486471.923,0.1039,13656,12,0,25205583.2,125900439.6,2
CONT_s3_throughput_ElephantsDream,1789486472.027,0.1037,9104,8,0,25011827.5,139441187.4,2
CONT_s3_throughput_ElephantsDream,1789486472.13,0.1037,12104,10,0,24997994.8,146893113.8,2
CONT_s3_throughput_ElephantsDream,1789486472.234,0.1038,10604,9,0,24762563.1,153943542.0,2
CONT_s3_throughput_ElephantsDream,1789486472.338,0.104,12104,10,0,24977169.8,168044611.3,2
CONT_s3_throughput_ElephantsDream,1789486472.444,0.1054,6052,5,0,24922077.0,168200455.7,2
CONT_s3_throughput_ElephantsDream,1789486472.547,0.1037,12104,10,0,24936487.4,167975311.5,2
CONT_s3_throughput_ElephantsDream,1789486472.651,0.1037,15104,12,0,24774283.5,182625813.1,2
CONT_s3_throughput_ElephantsDream,1789486472.755,0.1037,4552,4,0,24421801.8,181811157.2,2
CONT_s3_throughput_ElephantsDream,1789486472.859,0.1038,15104,12,0,24717468.3,182539331.2,2
CONT_s3_throughput_ElephantsDream,1789486472.962,0.1038,13656,12,0,24721379.2,139396943.9,2
CONT_s3_throughput_ElephantsDream,1789486473.066,0.1036,10604,9,0,24890910.0,125573722.3,2
CONT_s3_throughput_ElephantsDream,1789486473.17,0.1036,9104,8,0,25050166.0,132563388.8,2
CONT_s3_throughput_ElephantsDream,1789486473.273,0.1038,9104,8,0,25003663.2,139707519.5,2
CONT_s3_throughput_ElephantsDream,1789486473.377,0.1037,13604,11,0,25448931.5,154520587.1,2
CONT_s3_throughput_ElephantsDream,1789486473.481,0.1038,12104,10,0,25551615.6,161325766.6,2
CONT_s3_throughput_ElephantsDream,1789486473.585,0.1036,9104,8,0,25801866.0,167619144.2,2
CONT_s3_throughput_ElephantsDream,1789486473.688,0.1037,9052,7,0,25952502.3,168993235.1,2
CONT_s3_throughput_ElephantsDream,1789486473.792,0.1037,13107,13,0,25150228.1,142152354.1,2
CONT_s3_throughput_ElephantsDream,1789486473.896,0.1037,9052,7,0,25583406.0,80104768.5,2
CONT_s3_throughput_ElephantsDream,1789486473.999,0.1038,8082,7,0,24563151.9,719977.0,2
CONT_s3_throughput_ElephantsDream,1789486474.103,0.1036,18104,14,0,24482392.3,164205390.0,2
CONT_s3_throughput_ElephantsDream,1789486474.207,0.1039,9052,7,0,24350837.9,168430292.6,2
CONT_s3_throughput_ElephantsDream,1789486474.311,0.1038,9052,7,0,24210892.9,168476388.9,2
CONT_s3_throughput_ElephantsDream,1789486474.415,0.1039,9052,7,0,24063860.4,168777608.8,2
CONT_s3_throughput_ElephantsDream,1789486474.518,0.1038,18104,14,0,23762554.3,168509816.8,2
CONT_s3_throughput_ElephantsDream,1789486474.622,0.1038,10604,9,0,23911293.3,139998706.5,2
CONT_s3_throughput_ElephantsDream,1789486474.726,0.1037,10604,9,0,24214406.2,97971003.1,2
CONT_s3_throughput_ElephantsDream,1789486474.832,0.1062,9104,8,0,24373709.0,97786913.8,2
CONT_s3_throughput_ElephantsDream,1789486474.936,0.1038,10604,9,0,24633185.2,126117770.5,2
CONT_s3_throughput_ElephantsDream,1789486475.04,0.1038,9104,8,0,24276129.8,139799193.0,2
CONT_s3_throughput_ElephantsDream,1789486475.143,0.1038,16656,14,0,24404048.3,149340366.0,2
CONT_s3_throughput_ElephantsDream,1789486475.247,0.1037,6052,5,0,24510936.6,154314973.6,2
CONT_s3_throughput_ElephantsDream,1789486475.351,0.1038,12104,10,0,24541220.0,168108946.5,2
CONT_s3_throughput_ElephantsDream,1789486475.455,0.104,13604,11,0,24464553.5,168348744.3,2
CONT_s3_throughput_ElephantsDream,1789486475.558,0.1036,12104,10,0,24546759.4,175095526.8,2
CONT_s3_throughput_ElephantsDream,1789486475.662,0.1037,7552,6,0,24522827.3,182304414.1,2
CONT_s3_throughput_ElephantsDream,1789486475.766,0.1036,12104,10,0,24534455.0,182445634.8,2
CONT_s3_throughput_ElephantsDream,1789486475.87,0.1039,12104,10,0,24552882.0,182492101.3,2
CONT_s3_throughput_ElephantsDream,1789486475.973,0.1038,9104,8,0,24457523.8,97398788.4,2
CONT_s3_throughput_ElephantsDream,1789486476.077,0.1037,13656,12,0,24719109.5,125701035.5,2
CONT_s3_throughput_ElephantsDream,1789486476.181,0.1037,12104,10,0,24939272.0,140017291.1,2
CONT_s3_throughput_ElephantsDream,1789486476.285,0.1037,11253,11,0,24604425.9,122260428.9,2
CONT_s3_throughput_ElephantsDream,1789486476.389,0.104,9711,8,0,24936035.0,75772883.5,2
CONT_s3_throughput_ElephantsDream,1789486476.492,0.1038,8082,7,0,24005065.3,1172881.0,2
CONT_s3_throughput_ElephantsDream,1789486476.596,0.1037,9052,7,0,24091337.3,159989345.7,2
CONT_s3_throughput_ElephantsDream,1789486476.7,0.1037,9052,7,0,24039339.0,168437213.8,2
CONT_s3_throughput_ElephantsDream,1789486476.803,0.1037,18104,14,0,23852035.6,168553405.6,2
CONT_s3_throughput_ElephantsDream,1789486476.907,0.1039,9052,7,0,23733805.7,168411068.3,2
CONT_s3_throughput_ElephantsDream,1789486477.011,0.1039,9052,7,0,23611262.0,168661133.2,2
CONT_s3_throughput_ElephantsDream,1789486477.115,0.1038,13604,11,0,23823976.0,147064565.6,2
CONT_s3_throughput_ElephantsDream,1789486477.219,0.1037,12104,10,0,23855399.0,111500222.3,2
CONT_s3_throughput_ElephantsDream,1789486477.323,0.1038,12104,10,0,23725125.4,111898474.0,2
CONT_s3_throughput_ElephantsDream,1789486477.426,0.1039,12104,10,0,23545370.4,111581390.6,2
CONT_s3_throughput_ElephantsDream,1789486477.53,0.1037,6052,5,0,23450736.6,111571569.2,2
CONT_s3_throughput_ElephantsDream,1789486477.634,0.1037,12104,10,0,23237284.0,112143837.0,2
CONT_s3_throughput_ElephantsDream,1789486477.738,0.1037,12104,10,0,23036184.0,111730893.6,2
CONT_s3_throughput_ElephantsDream,1789486477.842,0.1041,12104,10,0,22851410.6,111801905.1,2
CONT_s3_throughput_ElephantsDream,1789486477.946,0.1047,12104,10,0,22699847.6,111933382.5,2
CONT_s3_throughput_ElephantsDream,1789486478.05,0.1039,10105,9,0,22069508.1,101825716.5,2
CONT_s3_throughput_ElephantsDream,1789486478.154,0.1036,0,0,0,0,0,0
CONT_s3_throughput_ElephantsDream,1789486478.258,0.1038,0,0,0,0,0,0
CONT_s3_throughput_ElephantsDream,1789486478.361,0.1037,0,0,0,0,0,0
CONT_s3_throughput_ElephantsDream,1789486478.465,0.1037,0,0,0,0,0,0
CONT_s3_throughput_ElephantsDream,1789486478.569,0.1037,0,0,0,0,0,0
CONT_s3_throughput_ElephantsDream,1789486478.672,0.1037,0,0,0,0,0,0
CONT_s3_throughput_ElephantsDream,1789486478.776,0.1036,0,0,0,0,0,0
CONT_s3_throughput_ElephantsDream,1789486478.88,0.1037,0,0,0,0,0,0
CONT_s3_throughput_ElephantsDream,1789486478.983,0.1038,0,0,0,0,0,0
CONT_s3_throughput_ElephantsDream,1789486479.087,0.1037,0,0,0,0,0,0
CONT_s3_throughput_ElephantsDream,1789486479.191,0.1038,0,0,0,0,0,0
CONT_s3_throughput_ElephantsDream,1789486479.295,0.1037,0,0,0,0,0,0
CONT_s3_throughput_ElephantsDream,1789486479.399,0.1038,0,0,0,0,0,0
CONT_s3_throughput_ElephantsDream,1789486479.502,0.1038,0,0,0,0,0,0
CONT_s3_throughput_ElephantsDream,1789486479.606,0.1037,0,0,0,0,0,0
CONT_s3_throughput_ElephantsDream,1789486479.71,0.1037,0,0,0,0,0,0
CONT_s3_throughput_ElephantsDream,1789486479.813,0.1036,0,0,0,0,0,0
CONT_s3_throughput_ElephantsDream,1789486479.917,0.1038,0,0,0,0,0,0
CONT_s3_throughput_ElephantsDream,1789486480.021,0.1037,0,0,0,0,0,0
CONT_s3_throughput_ElephantsDream,1789486480.125,0.1038,14211,11,0,186240519.8,3532666.5,2
CONT_s3_throughput_ElephantsDream,1789486480.23,0.1051,16604,13,0,116285921.1,68537022.5,2
CONT_s3_throughput_ElephantsDream,1789486480.334,0.1042,12104,10,0,94369139.4,111596404.8,2
CONT_s3_throughput_ElephantsDream,1789486480.438,0.1037,6052,5,0,84321195.4,111519837.0,2
CONT_s3_throughput_ElephantsDream,1789486480.542,0.104,12104,10,0,69446739.6,111807160.3,2
CONT_s3_throughput_ElephantsDream,1789486480.646,0.1037,12104,10,0,59295673.2,111762692.0,2
CONT_s3_throughput_ElephantsDream,1789486480.749,0.1037,12104,10,0,52116696.2,111644822.2,2
CONT_s3_throughput_ElephantsDream,1789486480.853,0.1037,12104,10,0,46867039.2,111931487.2,2
CONT_s3_throughput_ElephantsDream,1789486480.957,0.1038,12104,10,0,42864484.8,111707805.8,2
CONT_s3_throughput_ElephantsDream,1789486481.061,0.1038,6052,5,0,41198105.2,111588933.2,2
CONT_s3_throughput_ElephantsDream,1789486481.164,0.1037,12104,10,0,38373997.2,111896813.4,2
CONT_s3_throughput_ElephantsDream,1789486481.268,0.1036,12104,10,0,36067251.8,111744297.5,2
CONT_s3_throughput_ElephantsDream,1789486481.372,0.1037,12104,10,0,34133614.6,111907902.1,2
CONT_s3_throughput_ElephantsDream,1789486481.475,0.1038,12104,10,0,32485046.4,112126902.0,2
CONT_s3_throughput_ElephantsDream,1789486481.579,0.1036,12104,10,0,31077282.2,112029070.1,2
CONT_s3_throughput_ElephantsDream,1789486481.683,0.1037,6052,5,0,30448901.2,111843388.5,2
CONT_s3_throughput_ElephantsDream,1789486481.786,0.1036,12104,10,0,29332667.8,111621459.1,2
CONT_s3_throughput_ElephantsDream,1789486481.89,0.1039,12104,10,0,28352894.0,111883812.1,2
CONT_s3_throughput_ElephantsDream,1789486481.994,0.1037,12104,10,0,27492860.8,111712641.8,2
CONT_s3_throughput_ElephantsDream,1789486482.097,0.1035,12104,10,0,26747620.4,111626842.5,2
CONT_s3_throughput_ElephantsDream,1789486482.201,0.1037,9104,8,0,26584880.0,97656944.8,2
CONT_s3_throughput_ElephantsDream,1789486482.305,0.1036,3137,4,0,25174416.2,1135197.0,2
CONT_s3_throughput_ElephantsDream,1789486482.409,0.1039,0,0,0,0,0,0
CONT_s3_throughput_ElephantsDream,1789486482.512,0.1038,0,0,0,0,0,0
CONT_s3_throughput_ElephantsDream,1789486482.616,0.1037,0,0,0,0,0,0
CONT_s3_throughput_ElephantsDream,1789486482.72,0.1037,0,0,0,0,0,0
CONT_s3_throughput_ElephantsDream,1789486482.824,0.1037,0,0,0,0,0,0
CONT_s3_throughput_ElephantsDream,1789486482.928,0.1039,0,0,0,0,0,0
CONT_s3_throughput_ElephantsDream,1789486483.031,0.1037,0,0,0,0,0,0
CONT_s3_throughput_ElephantsDream,1789486483.135,0.1035,0,0,0,0,0,0
CONT_s3_throughput_ElephantsDream,1789486483.238,0.1037,0,0,0,0,0,0
CONT_s3_throughput_ElephantsDream,1789486483.342,0.1037,0,0,0,0,0,0
CONT_s3_throughput_ElephantsDream,1789486483.448,0.1055,0,0,0,0,0,0
CONT_s3_throughput_ElephantsDream,1789486483.551,0.1038,0,0,0,0,0,0
CONT_s3_throughput_ElephantsDream,1789486483.655,0.1037,0,0,0,0,0,0
CONT_s3_throughput_ElephantsDream,1789486483.759,0.1037,0,0,0,0,0,0
CONT_s3_throughput_ElephantsDream,1789486483.863,0.1039,0,0,0,0,0,0
CONT_s3_throughput_ElephantsDream,1789486483.966,0.1037,0,0,0,0,0,0
CONT_s3_throughput_ElephantsDream,1789486484.07,0.1038,0,0,0,0,0,0
CONT_s3_throughput_ElephantsDream,1789486484.174,0.1037,0,0,0,0,0,0
CONT_s3_throughput_ElephantsDream,1789486484.278,0.1037,15711,12,0,177236996.8,3878380.2,2
CONT_s3_throughput_ElephantsDream,1789486484.382,0.1039,12052,9,0,121205242.7,110142056.1,2
CONT_s3_throughput_ElephantsDream,1789486484.485,0.1038,11612,10,0,103696736.4,999289.5,2
CONT_s3_throughput_ElephantsDream,1789486484.589,0.1037,9104,8,0,94269120.8,97303796.4,2
CONT_s3_throughput_ElephantsDream,1789486484.693,0.1037,13604,11,0,68847800.5,147388110.6,2
CONT_s3_throughput_ElephantsDream,1789486484.796,0.1037,7552,6,0,60696025.2,140435283.8,2
CONT_s3_throughput_ElephantsDream,1789486484.9,0.1037,9052,7,0,52323648.7,154927790.3,2
CONT_s3_throughput_ElephantsDream,1789486485.004,0.1038,18104,14,0,45137507.9,169085623.1,2
CONT_s3_throughput_ElephantsDream,1789486485.108,0.1037,10552,8,0,40497248.4,183359111.8,2
CONT_s3_throughput_ElephantsDream,1789486485.211,0.1038,12104,10,0,45425041.0,55711457.2,2
CONT_s3_throughput_ElephantsDream,1789486485.315,0.1038,6052,5,0,43865320.4,111771480.9,2
CONT_s3_throughput_ElephantsDream,1789486485.419,0.1039,12104,10,0,41074766.0,111662044.2,2
CONT_s3_throughput_ElephantsDream,1789486485.523,0.1038,12104,10,0,38644977.0,111811149.6,2
CONT_s3_throughput_ElephantsDream,1789486485.627,0.1037,12104,10,0,36523911.4,111881232.1,2
CONT_s3_throughput_ElephantsDream,1789486485.73,0.1038,12104,10,0,34668350.6,111520493.6,2
CONT_s3_throughput_ElephantsDream,1789486485.834,0.1038,12104,10,0,33046451.6,111718083.2,2
CONT_s3_throughput_ElephantsDream,1789486485.939,0.1045,6052,5,0,32319517.8,112053347.6,2
CONT_s3_throughput_ElephantsDream,1789486486.042,0.1037,12104,10,0,30988386.2,111627866.3,2
CONT_s3_throughput_ElephantsDream,1789486486.146,0.1038,12104,10,0,29817926.8,111689094.0,2
CONT_s3_throughput_ElephantsDream,1789486486.25,0.1037,12104,10,0,28793173.2,111983316.3,2
CONT_s3_throughput_ElephantsDream,1789486486.354,0.1038,12104,10,0,27883156.4,112174716.4,2
CONT_s3_throughput_ElephantsDream,1789486486.457,0.1037,7604,7,0,28250516.7,83370305.0,2
CONT_s3_throughput_ElephantsDream,1789486486.561,0.1036,12104,10,0,27627056.4,146836506.3,2
CONT_s3_throughput_ElephantsDream,1789486486.665,0.1037,12104,10,0,27080053.2,153959718.8,2
CONT_s3_throughput_ElephantsDream,1789486486.768,0.1036,9104,8,0,26975238.8,153647409.7,2
CONT_s3_throughput_ElephantsDream,1789486486.872,0.1037,4915,5,0,25703955.0,129384715.8,2
CONT_s3_throughput_ElephantsDream,1789486486.976,0.1038,0,0,0,0,0,0
CONT_s3_throughput_ElephantsDream,1789486487.079,0.1037,0,0,0,0,0,0
CONT_s3_throughput_ElephantsDream,1789486487.183,0.1038,0,0,0,0,0,0
CONT_s3_throughput_ElephantsDream,1789486487.287,0.1037,0,0,0,0,0,0
CONT_s3_throughput_ElephantsDream,1789486487.391,0.1038,0,0,0,0,0,0
CONT_s3_throughput_ElephantsDream,1789486487.494,0.1037,0,0,0,0,0,0
CONT_s3_throughput_ElephantsDream,1789486487.598,0.1037,0,0,0,0,0,0
CONT_s3_throughput_ElephantsDream,1789486487.702,0.1037,0,0,0,0,0,0
CONT_s3_throughput_ElephantsDream,1789486487.805,0.1036,0,0,0,0,0,0
CONT_s3_throughput_ElephantsDream,1789486487.909,0.1039,0,0,0,0,0,0
CONT_s3_throughput_ElephantsDream,1789486488.013,0.1038,0,0,0,0,0,0
CONT_s3_throughput_ElephantsDream,1789486488.117,0.1037,0,0,0,0,0,0
CONT_s3_throughput_ElephantsDream,1789486488.22,0.1037,0,0,0,0,0,0
CONT_s3_throughput_ElephantsDream,1789486488.324,0.1036,15711,12,0,137590095.0,3691982.8,2
CONT_s3_throughput_ElephantsDream,1789486488.428,0.1039,9052,7,0,107037512.9,81572821.9,2
CONT_s3_throughput_ElephantsDream,1789486488.532,0.1038,9052,7,0,86789994.1,745995.0,2
CONT_s3_throughput_ElephantsDream,1789486488.635,0.1037,9052,7,0,72578979.9,168436502.2,2
CONT_s3_throughput_ElephantsDream,1789486488.739,0.1037,18104,14,0,55272371.0,168933630.9,2
CONT_s3_throughput_ElephantsDream,1789486488.843,0.1038,9052,7,0,49988174.6,168511188.7,2
CONT_s3_throughput_ElephantsDream,1789486488.948,0.1055,9052,7,0,46046666.1,168145589.1,2
CONT_s3_throughput_ElephantsDream,1789486489.052,0.1039,9052,7,0,43048662.4,168637220.6,2
CONT_s3_throughput_ElephantsDream,1789486489.156,0.1037,13604,11,0,43292362.8,147131993.0,2
CONT_s3_throughput_ElephantsDream,1789486489.26,0.1037,15104,12,0,39212969.0,182395117.4,2
CONT_s3_throughput_ElephantsDream,1789486489.363,0.1038,10604,9,0,41490384.3,182070702.5,2
CONT_s3_throughput_ElephantsDream,1789486489.467,0.1039,6052,5,0,38835840.2,112031456.6,2
CONT_s3_throughput_ElephantsDream,1789486489.571,0.1038,12104,10,0,36693081.0,111735034.5,2
CONT_s3_throughput_ElephantsDream,1789486489.675,0.1038,12104,10,0,34814037.0,111894588.6,2
CONT_s3_throughput_ElephantsDream,1789486489.779,0.1037,12104,10,0,33167148.0,112165314.6,2
CONT_s3_throughput_ElephantsDream,1789486489.883,0.1038,12104,10,0,31720490.4,112217924.8,2
CONT_s3_throughput_ElephantsDream,1789486489.986,0.1039,12104,10,0,30452554.0,112253814.8,2
CONT_s3_throughput_ElephantsDream,1789486490.09,0.1039,6052,5,0,29882751.4,112172807.6,2
CONT_s3_throughput_ElephantsDream,1789486490.194,0.1038,12104,10,0,28858107.4,111734635.5,2
CONT_s3_throughput_ElephantsDream,1789486490.298,0.1038,12104,10,0,27962130.2,111889049.1,2
CONT_s3_throughput_ElephantsDream,1789486490.402,0.1038,66324,58,8,5216783.5,4691814.4,2
CONT_s3_throughput_ElephantsDream,1789486490.505,0.1037,0,0,0,0,0,0
CONT_s3_throughput_ElephantsDream,1789486490.609,0.1037,0,0,0,0,0,0
CONT_s3_throughput_ElephantsDream,1789486490.713,0.1037,0,0,0,0,0,0
CONT_s3_throughput_ElephantsDream,1789486490.817,0.1038,0,0,0,0,0,0
CONT_s3_throughput_ElephantsDream,1789486490.921,0.1042,0,0,0,0,0,0
CONT_s3_throughput_ElephantsDream,1789486491.024,0.1037,0,0,0,0,0,0
CONT_s3_throughput_ElephantsDream,1789486491.128,0.1037,0,0,0,0,0,0
CONT_s3_throughput_ElephantsDream,1789486491.232,0.1037,0,0,0,0,0,0
CONT_s3_throughput_ElephantsDream,1789486491.336,0.104,0,0,0,0,0,0
CONT_s3_throughput_ElephantsDream,1789486491.44,0.1038,0,0,0,0,0,0
CONT_s3_throughput_ElephantsDream,1789486491.543,0.1037,0,0,0,0,0,0
CONT_s3_throughput_ElephantsDream,1789486491.647,0.1038,0,0,0,0,0,0
CONT_s3_throughput_ElephantsDream,1789486491.751,0.1037,0,0,0,0,0,0
CONT_s3_throughput_ElephantsDream,1789486491.854,0.1038,0,0,0,0,0,0
CONT_s3_throughput_ElephantsDream,1789486491.958,0.1037,0,0,0,0,0,0
CONT_s3_throughput_ElephantsDream,1789486492.062,0.1036,0,0,0,0,0,0
CONT_s3_throughput_ElephantsDream,1789486492.165,0.1037,0,0,0,0,0,0
CONT_s3_throughput_ElephantsDream,1789486492.269,0.1037,0,0,0,0,0,0
CONT_s3_throughput_ElephantsDream,1789486492.373,0.1037,662,1,0,141713835.0,0,1
CONT_s3_throughput_ElephantsDream,1789486492.477,0.1039,0,0,0,0,0,0
CONT_s3_throughput_ElephantsDream,1789486492.58,0.1037,1995,2,0,194669463.5,104164221.1,2
CONT_s3_throughput_ElephantsDream,1789486492.684,0.1038,13604,11,0,173453076.5,145828939.3,2
CONT_s3_throughput_ElephantsDream,1789486492.788,0.1038,1552,2,0,186364065.5,44044715.0,2
CONT_s3_throughput_ElephantsDream,1789486492.892,0.1039,12156,11,0,123703956.1,146513693.8,2
CONT_s3_throughput_ElephantsDream,1789486492.996,0.1038,12348,14,1,97435692.0,152217421.0,2
CONT_s3_throughput_ElephantsDream,1789486493.099,0.1037,6104,6,0,85668634.0,145581864.7,2
CONT_s3_throughput_ElephantsDream,1789486493.203,0.1038,3052,3,0,80602468.0,138663566.3,2
CONT_s3_throughput_ElephantsDream,1789486493.307,0.1037,10656,10,0,69450830.5,146410492.3,2
CONT_s3_throughput_ElephantsDream,1789486493.411,0.1038,6104,6,0,72691626.0,150005741.3,2
CONT_s3_throughput_ElephantsDream,1789486493.514,0.1038,4552,4,0,60976100.8,146232630.3,2
CONT_s3_throughput_ElephantsDream,1789486493.618,0.1037,12156,11,0,57368319.7,144687294.7,2
CONT_s3_throughput_ElephantsDream,1789486493.722,0.1037,7604,7,0,58526208.1,145013692.8,2
CONT_s3_throughput_ElephantsDream,1789486493.826,0.1037,4552,4,0,52950773.0,155377169.3,2
CONT_s3_throughput_ElephantsDream,1789486493.93,0.1039,13924,16,4,54158299.1,160346716.0,2
CONT_s3_throughput_ElephantsDream,1789486494.033,0.1038,7744,9,3,46805519.9,140099246.6,2
CONT_s3_throughput_ElephantsDream,1789486494.137,0.1037,6116,6,1,41073527.0,181244937.5,2
CONT_s3_throughput_ElephantsDream,1789486494.241,0.1038,7604,7,0,38389056.6,170561204.4,2
CONT_s3_throughput_ElephantsDream,1789486494.345,0.1039,3052,3,0,38862181.7,141289571.1,2
CONT_s3_throughput_ElephantsDream,1789486494.452,0.1072,7604,7,0,42469420.3,142777984.4,2
CONT_s3_throughput_ElephantsDream,1789486494.556,0.1038,7732,9,2,45722719.8,144450965.8,2
CONT_s3_throughput_ElephantsDream,1789486494.66,0.1038,3052,3,0,51537320.7,147777259.5,2
CONT_s3_throughput_ElephantsDream,1789486494.763,0.1039,4604,5,0,47749192.4,148257081.8,2
CONT_s3_throughput_ElephantsDream,1789486494.867,0.1039,7604,7,0,48426055.7,149795589.4,2
CONT_s3_throughput_ElephantsDream,1789486494.971,0.1038,6104,6,0,44891885.3,142094569.1,2
CONT_s3_throughput_ElephantsDream,1789486495.075,0.1037,3052,3,0,45046973.3,142385601.8,2
CONT_s3_throughput_ElephantsDream,1789486495.179,0.1038,10604,9,0,42844663.9,149434778.4,2
CONT_s3_throughput_ElephantsDream,1789486495.282,0.1038,6244,8,3,42615193.0,136249029.5,2
CONT_s3_throughput_ElephantsDream,1789486495.386,0.1038,4552,4,0,42055589.8,151599021.4,2
CONT_s3_throughput_ElephantsDream,1789486495.49,0.1039,12296,13,3,38356831.1,146163964.1,2
CONT_s3_throughput_ElephantsDream,1789486495.594,0.1037,1500,1,0,40594785.0,152160903.0,1
CONT_s3_throughput_ElephantsDream,1789486495.698,0.1038,6104,6,0,41074189.7,141555794.7,2
CONT_s3_throughput_ElephantsDream,1789486495.801,0.1038,9372,12,3,42702785.5,138745177.7,2
CONT_s3_throughput_ElephantsDream,1789486495.905,0.1039,9308,11,4,43882976.3,142189709.7,2
CONT_s3_throughput_ElephantsDream,1789486496.009,0.1038,0,0,0,0,0,0
CONT_s3_throughput_ElephantsDream,1789486496.113,0.1037,7668,8,1,48022852.2,147630713.0,2
CONT_s3_throughput_ElephantsDream,1789486496.217,0.1038,6104,6,0,54608309.3,148321699.7,2
CONT_s3_throughput_ElephantsDream,1789486496.32,0.1037,0,0,0,0,0,0
CONT_s3_throughput_ElephantsDream,1789486496.424,0.1037,7796,10,2,57307671.0,146078017.7,2
CONT_s3_throughput_ElephantsDream,1789486496.528,0.1038,7744,9,3,54915806.1,149725986.9,2
CONT_s3_throughput_ElephantsDream,1789486496.632,0.1037,1552,2,0,53664818.0,137666672.5,2
CONT_s3_throughput_ElephantsDream,1789486496.735,0.1038,7744,9,2,51412927.6,143552925.9,2
CONT_s3_throughput_ElephantsDream,1789486496.839,0.1038,3168,5,1,54697137.2,141707821.7,2
CONT_s3_throughput_ElephantsDream,1789486496.944,0.1048,1500,1,0,56085388.0,157122426.0,1
CONT_s3_throughput_ElephantsDream,1789486497.048,0.1039,4604,5,0,57523459.2,146270228.9,2
CONT_s3_throughput_ElephantsDream,1789486497.152,0.1038,6104,6,0,62374322.7,147786315.4,2
CONT_s3_throughput_ElephantsDream,1789486497.255,0.1037,0,0,0,0,0,0
CONT_s3_throughput_ElephantsDream,1789486497.359,0.1037,6104,6,0,66810521.3,154284828.2,2
CONT_s3_throughput_ElephantsDream,1789486497.463,0.1037,7604,7,0,65315562.7,148296255.3,2
CONT_s3_throughput_ElephantsDream,1789486497.567,0.1038,3052,3,0,71455503.0,145239362.2,2
CONT_s3_throughput_ElephantsDream,1789486497.67,0.1038,4680,6,2,65634437.0,139979103.5,2
CONT_s3_throughput_ElephantsDream,1789486497.774,0.1037,6116,6,1,65606455.7,146191243.9,2
CONT_s3_throughput_ElephantsDream,1789486497.878,0.1038,3104,4,0,66227011.5,142521339.6,2
CONT_s3_throughput_ElephantsDream,1789486497.982,0.1037,1500,1,0,66998509.0,157179482.0,1
CONT_s3_throughput_ElephantsDream,1789486498.085,0.1037,4656,6,0,66078305.5,143527151.6,2
CONT_s3_throughput_ElephantsDream,1789486498.189,0.1038,4552,4,0,66509068.0,151034390.1,2
CONT_s3_throughput_ElephantsDream,1789486498.293,0.1038,1552,2,0,66210907.0,136395997.9,2
CONT_s3_throughput_ElephantsDream,1789486498.397,0.1039,7796,10,2,60815075.0,140922913.4,2
CONT_s3_throughput_ElephantsDream,1789486498.501,0.1037,4680,6,2,57440597.0,144397619.7,2
CONT_s3_throughput_ElephantsDream,1789486498.604,0.1037,3052,3,0,57878979.0,145272738.2,2
CONT_s3_throughput_ElephantsDream,1789486498.708,0.1038,1552,2,0,59894046.0,148564565.1,2
CONT_s3_throughput_ElephantsDream,1789486498.812,0.1037,6180,7,2,60927705.7,143641443.4,2
CONT_s3_throughput_ElephantsDream,1789486498.916,0.1039,4680,6,2,67302798.0,143253415.2,2
CONT_s3_throughput_ElephantsDream,1789486499.019,0.1038,1552,2,0,64943509.0,55439215.0,2
CONT_s3_throughput_ElephantsDream,1789486499.123,0.1036,3052,3,0,68253874.0,151230320.9,2
CONT_s3_throughput_ElephantsDream,1789486499.227,0.1037,52,1,0,72673688.0,50793245.0,1
CONT_s3_throughput_ElephantsDream,1789486499.333,0.1061,4616,5,1,70571267.2,143984229.0,2
CONT_s3_throughput_ElephantsDream,1789486499.437,0.1037,4740,7,2,65127156.1,143190573.2,2
CONT_s3_throughput_ElephantsDream,1789486499.54,0.1037,1500,1,0,68233197.0,149661938.0,1
CONT_s3_throughput_ElephantsDream,1789486499.644,0.1037,1604,3,0,68150407.0,141487130.9,2
CONT_s3_throughput_ElephantsDream,1789486499.748,0.1038,1552,2,0,68161872.0,138082353.7,2
CONT_s3_throughput_ElephantsDream,1789486499.852,0.1037,3116,4,1,67952552.0,141425380.6,2
CONT_s3_throughput_ElephantsDream,1789486499.955,0.1038,4552,4,0,70044728.8,140412096.4,2
CONT_s3_throughput_ElephantsDream,1789486500.059,0.1036,3104,4,0,72229869.0,140537606.8,2
CONT_s3_throughput_ElephantsDream,1789486500.163,0.1038,1500,1,0,75676626.0,158022328.0,1
CONT_s3_throughput_ElephantsDream,1789486500.267,0.1037,3104,4,0,71571414.5,140615330.7,2
CONT_s3_throughput_ElephantsDream,1789486500.37,0.1038,6104,6,0,72834704.0,142169006.5,2
CONT_s3_throughput_ElephantsDream,1789486500.474,0.1038,3052,3,0,78334651.7,138921555.7,2
CONT_s3_throughput_ElephantsDream,1789486500.578,0.1035,3052,3,0,74473681.3,148253472.7,2
CONT_s3_throughput_ElephantsDream,1789486500.681,0.1038,7732,9,2,70689336.3,140453797.0,2
CONT_s3_throughput_ElephantsDream,1789486500.785,0.1037,4616,5,1,72024027.2,137446171.3,2
CONT_s3_throughput_ElephantsDream,1789486500.889,0.1037,3052,3,0,66240385.0,148251032.2,2
CONT_s3_throughput_ElephantsDream,1789486500.993,0.1038,9156,9,0,60513834.7,145668589.5,2
CONT_s3_throughput_ElephantsDream,1789486501.096,0.1037,9156,9,0,58182781.3,151262413.6,2
CONT_s3_throughput_ElephantsDream,1789486501.2,0.1038,0,0,0,0,0,0
CONT_s3_throughput_ElephantsDream,1789486501.304,0.1041,10656,10,0,53929700.1,145515191.2,2
CONT_s3_throughput_ElephantsDream,1789486501.408,0.1037,10796,12,3,52210027.7,147905743.3,2
CONT_s3_throughput_ElephantsDream,1789486501.512,0.1037,1500,1,0,47606847.0,148982257.0,1
CONT_s3_throughput_ElephantsDream,1789486501.615,0.1037,4680,6,2,58979356.5,141085171.8,2
CONT_s3_throughput_ElephantsDream,1789486501.719,0.1036,7732,9,2,58299782.3,144334043.8,2
CONT_s3_throughput_ElephantsDream,1789486501.823,0.1037,4500,3,0,54674005.0,146165812.0,1
CONT_s3_throughput_ElephantsDream,1789486501.927,0.1039,3156,5,0,64505512.0,142736641.7,2
CONT_s3_throughput_ElephantsDream,1789486502.03,0.1038,6257,7,0,59343638.4,123797597.0,2
CONT_s3_throughput_ElephantsDream,1789486502.134,0.1036,1336,1,0,59333943.0,153079249.0,1
CONT_s3_throughput_ElephantsDream,1789486502.238,0.1037,659,1,0,73455876.0,3789531.0,1
CONT_s3_throughput_ElephantsDream,1789486502.341,0.1037,7796,10,2,58441248.5,145527980.6,2
CONT_s3_throughput_ElephantsDream,1789486502.447,0.1055,4552,4,0,59274356.2,143473931.3,2
CONT_s3_throughput_ElephantsDream,1789486502.551,0.1038,3104,4,0,58991354.0,148656853.4,2
CONT_s3_throughput_ElephantsDream,1789486502.654,0.1038,7604,7,0,56537296.6,147459415.0,2
CONT_s3_throughput_ElephantsDream,1789486502.758,0.1039,4552,4,0,55911048.8,142598681.7,2
CONT_s3_throughput_ElephantsDream,1789486502.862,0.104,4552,4,0,53605564.8,149121387.7,2
CONT_s3_throughput_ElephantsDream,1789486502.966,0.1039,6256,8,0,56491974.0,143943438.0,2
CONT_s3_throughput_ElephantsDream,1789486503.07,0.1039,0,0,0,0,0,0
CONT_s3_throughput_ElephantsDream,1789486503.174,0.1039,6244,8,3,57082736.5,138086397.9,2
CONT_s3_throughput_ElephantsDream,1789486503.278,0.1039,6104,6,0,62224269.3,150409129.0,2
CONT_s3_throughput_ElephantsDream,1789486503.382,0.1039,0,0,0,0,0,0
CONT_s3_throughput_ElephantsDream,1789486503.486,0.1039,7816,10,4,60526614.5,143810628.4,2
CONT_s3_throughput_ElephantsDream,1789486503.59,0.1039,7816,10,3,58390830.5,142816469.0,2
CONT_s3_throughput_ElephantsDream,1789486503.693,0.1039,0,0,0,0,0,0
CONT_s3_throughput_ElephantsDream,1789486503.797,0.1038,3052,3,0,66353160.7,147946290.7,2
CONT_s3_throughput_ElephantsDream,1789486503.901,0.1038,3116,4,1,72052008.5,147267990.9,2
CONT_s3_throughput_ElephantsDream,1789486504.005,0.1039,3116,4,1,80597608.5,139317069.2,2
CONT_s3_throughput_ElephantsDream,1789486504.109,0.1038,1552,2,0,78026367.0,153586341.2,2
CONT_s3_throughput_ElephantsDream,1789486504.213,0.1039,3116,4,1,78258062.0,139294443.2,2
CONT_s3_throughput_ElephantsDream,1789486504.316,0.1039,4604,5,0,76963096.8,145225841.9,2
CONT_s3_throughput_ElephantsDream,1789486504.42,0.1039,3052,3,0,74013084.0,149690308.8,2
CONT_s3_throughput_ElephantsDream,1789486504.524,0.1038,3052,3,0,71178064.3,141577531.9,2
CONT_s3_throughput_ElephantsDream,1789486504.628,0.1038,3168,5,1,66430965.6,143248905.1,2
CONT_s3_throughput_ElephantsDream,1789486504.732,0.1039,1500,1,0,70582308.0,140369313.0,1
CONT_s3_throughput_ElephantsDream,1789486504.836,0.1041,3104,4,0,68370275.0,150913679.9,2
CONT_s3_throughput_ElephantsDream,1789486504.94,0.1041,1500,1,0,70657545.0,157314129.0,1
CONT_s3_throughput_ElephantsDream,1789486505.044,0.104,1604,3,0,70533025.0,146382157.7,2
CONT_s3_throughput_ElephantsDream,1789486505.148,0.1042,3052,3,0,72137786.7,142898783.3,2
CONT_s3_throughput_ElephantsDream,1789486505.252,0.1039,1552,2,0,68456610.5,140908419.5,2
CONT_s3_throughput_ElephantsDream,1789486505.356,0.1038,2466,4,0,67420352.0,110787953.6,2
CONT_s3_throughput_ElephantsDream,1789486505.46,0.1038,1991,2,0,72998030.5,106167394.3,2
CONT_s3_throughput_ElephantsDream,1789486505.563,0.1037,0,0,0,0,0,0
CONT_s3_throughput_ElephantsDream,1789486505.667,0.1039,6104,6,0,69397859.3,139214874.1,2
CONT_s3_throughput_ElephantsDream,1789486505.771,0.1037,6104,6,0,72958863.7,149728424.1,2
CONT_s3_throughput_ElephantsDream,1789486505.875,0.1038,1564,2,0,76933352.0,144475471.0,2
CONT_s3_throughput_ElephantsDream,1789486505.979,0.104,6168,7,2,68437051.3,144736368.5,2
CONT_s3_throughput_ElephantsDream,1789486506.083,0.1037,6180,7,2,69151934.7,143133916.5,2
CONT_s3_throughput_ElephantsDream,1789486506.186,0.1038,2921,4,0,78037983.0,107991055.9,2
CONT_s3_throughput_ElephantsDream,1789486506.29,0.1037,0,0,0,0,0,0
CONT_s3_throughput_ElephantsDream,1789486506.394,0.1039,1995,2,0,82578671.5,102709966.0,2
CONT_s3_throughput_ElephantsDream,1789486506.498,0.1037,6104,6,0,74856545.3,143111770.6,2
CONT_s3_throughput_ElephantsDream,1789486506.601,0.1037,0,0,0,0,0,0
CONT_s3_throughput_ElephantsDream,1789486506.705,0.1037,6104,6,0,77090907.3,144719568.8,2
CONT_s3_throughput_ElephantsDream,1789486506.809,0.104,6104,6,0,78309953.0,147739262.0,2
CONT_s3_throughput_ElephantsDream,1789486506.913,0.1039,0,0,0,0,0,0
CONT_s3_throughput_ElephantsDream,1789486507.017,0.1036,7732,9,2,75047069.0,141269017.4,2
CONT_s3_throughput_ElephantsDream,1789486507.12,0.1036,7668,8,1,70767157.2,144873261.2,2
CONT_s3_throughput_ElephantsDream,1789486507.224,0.1038,4552,4,0,70475283.8,144803227.7,2
CONT_s3_throughput_ElephantsDream,1789486507.33,0.1061,4604,5,0,66384472.2,148503619.8,2
CONT_s3_throughput_ElephantsDream,1789486507.435,0.1045,9156,9,0,61298419.7,143824777.7,2
CONT_s3_throughput_ElephantsDream,1789486507.538,0.1038,10656,10,0,55750143.0,144628484.7,2
CONT_s3_throughput_ElephantsDream,1789486507.642,0.1037,0,0,0,0,0,0
CONT_s3_throughput_ElephantsDream,1789486507.746,0.1037,10656,10,0,54956149.1,149768205.6,2
CONT_s3_throughput_ElephantsDream,1789486507.85,0.1039,7808,10,4,58696425.0,151480852.5,2
CONT_s3_throughput_ElephantsDream,1789486507.955,0.1053,4552,4,0,46974183.5,157105402.7,2
CONT_s3_throughput_ElephantsDream,1789486508.059,0.1037,13924,16,4,42631516.0,142114322.8,2
CONT_s3_throughput_ElephantsDream,1789486508.162,0.1037,12220,12,1,39977657.0,147790189.6,2
CONT_s3_throughput_ElephantsDream,1789486508.266,0.1037,0,0,0,0,0,0
CONT_s3_throughput_ElephantsDream,1789486508.37,0.1037,13924,16,3,39801140.1,149236193.4,2
CONT_s3_throughput_ElephantsDream,1789486508.474,0.1037,9232,10,2,38032550.4,139923497.0,2
CONT_s3_throughput_ElephantsDream,1789486508.577,0.1037,0,0,0,0,0,0
CONT_s3_throughput_ElephantsDream,1789486508.681,0.1037,5173,6,1,47588275.0,129129409.7,2
CONT_s3_throughput_ElephantsDream,1789486508.785,0.1037,1995,2,0,52823467.5,100427256.8,2
CONT_s3_throughput_ElephantsDream,1789486508.889,0.1038,4552,4,0,49611137.8,144131196.2,2
CONT_s3_throughput_ElephantsDream,1789486508.992,0.1037,4552,4,0,45607300.5,917864.0,2
CONT_s3_throughput_ElephantsDream,1789486509.096,0.1037,9104,8,0,48304155.5,145083007.4,2
CONT_s3_throughput_ElephantsDream,1789486509.2,0.1038,4552,4,0,55090756.5,146928758.9,2
CONT_s3_throughput_ElephantsDream,1789486509.303,0.1038,4552,4,0,51168094.8,155683799.7,2
CONT_s3_throughput_ElephantsDream,1789486509.407,0.1038,10796,12,3,50278846.0,138906202.9,2
CONT_s3_throughput_ElephantsDream,1789486509.511,0.1037,7668,8,1,52834038.8,147794230.5,2
CONT_s3_throughput_ElephantsDream,1789486509.615,0.1037,0,0,0,0,0,0
CONT_s3_throughput_ElephantsDream,1789486509.718,0.1037,7604,7,0,54072219.1,149366673.2,2
CONT_s3_throughput_ElephantsDream,1789486509.822,0.1037,7604,7,0,57341372.7,145379357.9,2
CONT_s3_throughput_ElephantsDream,1789486509.926,0.1038,0,0,0,0,0,0
CONT_s3_throughput_ElephantsDream,1789486510.03,0.1037,9104,8,0,55898502.8,143331772.4,2
CONT_s3_throughput_ElephantsDream,1789486510.133,0.1037,9104,8,0,56802671.5,146415989.5,2
CONT_s3_throughput_ElephantsDream,1789486510.237,0.1037,6244,8,3,64141965.5,140427163.0,2
CONT_s3_throughput_ElephantsDream,1789486510.341,0.1037,4552,4,0,51155991.0,143296926.4,2
CONT_s3_throughput_ElephantsDream,1789486510.446,0.1056,10796,12,3,51180375.5,143880244.1,2
CONT_s3_throughput_ElephantsDream,1789486510.55,0.1038,7680,8,2,51094201.6,151635194.3,2
CONT_s3_throughput_ElephantsDream,1789486510.654,0.1036,1604,3,0,55485345.7,149255913.0,2
CONT_s3_throughput_ElephantsDream,1789486510.758,0.1037,4552,4,0,47649713.8,148103751.2,2
CONT_s3_throughput_ElephantsDream,1789486510.861,0.1038,7604,7,0,49929665.1,146282018.8,2
CONT_s3_throughput_ElephantsDream,1789486510.965,0.1037,3052,3,0,50973192.7,150100071.9,2
CONT_s3_throughput_ElephantsDream,1789486511.069,0.1038,6244,8,3,47430214.0,148896833.6,2
CONT_s3_throughput_ElephantsDream,1789486511.173,0.1037,6100,6,0,50627074.7,150328308.0,2
CONT_s3_throughput_ElephantsDream,1789486511.276,0.1037,659,1,0,48364756.0,0,1
CONT_s3_throughput_ElephantsDream,1789486511.38,0.1037,10796,12,3,48414394.0,139438191.5,2
CONT_s3_throughput_ElephantsDream,1789486511.484,0.1038,6244,8,3,52698878.0,145276349.0,2
CONT_s3_throughput_ElephantsDream,1789486511.587,0.1037,4552,4,0,45908669.0,153120770.1,2
CONT_s3_throughput_ElephantsDream,1789486511.692,0.1041,6180,7,2,52999186.0,146952683.1,2
CONT_s3_throughput_ElephantsDream,1789486511.795,0.1038,6128,6,2,57794996.7,143813960.1,2
CONT_s3_throughput_ElephantsDream,1789486511.899,0.1039,1668,4,1,54671915.5,3963215.0,2
CONT_s3_throughput_ElephantsDream,1789486512.003,0.1039,6168,7,1,58465697.1,146716459.2,2
CONT_s3_throughput_ElephantsDream,1789486512.107,0.1039,4552,4,0,60082493.5,151828175.0,2
CONT_s3_throughput_ElephantsDream,1789486512.211,0.1038,1552,2,0,59333282.5,154321961.3,2
CONT_s3_throughput_ElephantsDream,1789486512.315,0.1038,4680,6,2,55640075.0,139108986.5,2
CONT_s3_throughput_ElephantsDream,1789486512.418,0.1039,3052,3,0,59134116.7,147613040.7,2
CONT_s3_throughput_ElephantsDream,1789486512.522,0.1037,1564,2,1,59558224.0,159987815.0,2
CONT_s3_throughput_ElephantsDream,1789486512.626,0.1036,4680,6,1,60757428.0,138425570.5,2
CONT_s3_throughput_ElephantsDream,1789486512.73,0.1038,3052,3,0,66646668.3,143621564.1,2
CONT_s3_throughput_ElephantsDream,1789486512.834,0.1045,0,0,0,0,0,0
CONT_s3_throughput_ElephantsDream,1789486512.94,0.1059,3116,4,1,71427785.5,135208314.3,2
CONT_s3_throughput_ElephantsDream,1789486513.044,0.1038,3116,4,1,79658885.0,142661866.2,2
CONT_s3_throughput_ElephantsDream,1789486513.148,0.1038,3052,3,0,86304600.0,143599551.3,2
CONT_s3_throughput_ElephantsDream,1789486513.251,0.1038,0,0,0,0,0,0
CONT_s3_throughput_ElephantsDream,1789486513.355,0.1038,3116,4,1,88744566.0,148384554.6,2
CONT_s3_throughput_ElephantsDream,1789486513.459,0.1038,4680,6,1,88665660.0,139962981.2,2
CONT_s3_throughput_ElephantsDream,1789486513.563,0.1037,0,0,0,0,0,0
CONT_s3_throughput_ElephantsDream,1789486513.667,0.1039,3052,3,0,94278177.3,146328364.2,2
CONT_s3_throughput_ElephantsDream,1789486513.77,0.1038,4680,6,1,87990248.0,136636475.1,2
CONT_s3_throughput_ElephantsDream,1789486513.874,0.1038,0,0,0,0,0,0
CONT_s3_throughput_ElephantsDream,1789486513.978,0.1037,3116,4,1,92932152.5,142016383.8,2
CONT_s3_throughput_ElephantsDream,1789486514.081,0.1037,3052,3,0,98840937.3,141900893.0,2
CONT_s3_throughput_ElephantsDream,1789486514.185,0.1037,0,0,0,0,0,0
CONT_s3_throughput_ElephantsDream,1789486514.289,0.1037,4680,6,2,92744972.0,136434636.6,2
CONT_s3_throughput_ElephantsDream,1789486514.393,0.1037,4616,5,1,94388738.4,141268795.7,2
CONT_s3_throughput_ElephantsDream,1789486514.496,0.1038,1552,2,0,93863447.0,156682480.9,2
CONT_s3_throughput_ElephantsDream,1789486514.6,0.1037,3104,4,0,91332082.5,136963941.8,2
CONT_s3_throughput_ElephantsDream,1789486514.704,0.1038,1500,1,0,98566477.0,151706665.0,1
CONT_s3_throughput_ElephantsDream,1789486514.808,0.1038,3104,4,0,91046342.5,142760971.3,2
CONT_s3_throughput_ElephantsDream,1789486514.911,0.1039,3116,4,1,91289802.5,144731353.7,2
CONT_s3_throughput_ElephantsDream,1789486515.015,0.1038,3116,4,0,88935743.5,139717563.0,2
CONT_s3_throughput_ElephantsDream,1789486515.119,0.1036,1552,2,1,85743903.0,153667692.8,2
CONT_s3_throughput_ElephantsDream,1789486515.223,0.1038,4604,5,0,83523994.8,142161611.4,2
CONT_s3_throughput_ElephantsDream,1789486515.327,0.1038,3052,3,0,83936233.0,142683379.6,2
CONT_s3_throughput_ElephantsDream,1789486515.431,0.1047,1784,2,0,78402406.0,92989248.5,2
CONT_s3_throughput_ElephantsDream,1789486515.535,0.1037,4680,6,2,77745539.5,144833947.5,2
CONT_s3_throughput_ElephantsDream,1789486515.639,0.1037,0,0,0,0,0,0
CONT_s3_throughput_ElephantsDream,1789486515.742,0.1037,6116,6,1,79845298.7,146812705.0,2
CONT_s3_throughput_ElephantsDream,1789486515.846,0.1038,4552,4,0,82007033.8,146701184.6,2
CONT_s3_throughput_ElephantsDream,1789486515.951,0.1052,52,1,0,82261763.0,49114108.0,1
CONT_s3_throughput_ElephantsDream,1789486516.055,0.1038,6104,6,0,79671577.3,147143832.2,2
CONT_s3_throughput_ElephantsDream,1789486516.159,0.1037,3052,3,0,78510565.3,154257629.8,2
CONT_s3_throughput_ElephantsDream,1789486516.263,0.1038,3052,3,0,75282095.7,141668158.6,2
CONT_s3_throughput_ElephantsDream,1789486516.367,0.1039,7732,9,2,69181310.1,144994993.3,2
CONT_s3_throughput_ElephantsDream,1789486516.47,0.1038,7668,8,1,67220779.4,147356634.4,2
CONT_s3_throughput_ElephantsDream,1789486516.574,0.1037,4552,4,0,67819424.5,138992686.3,2
CONT_s3_throughput_ElephantsDream,1789486516.678,0.1037,4604,5,0,64250761.2,146748565.0,2
CONT_s3_throughput_ElephantsDream,1789486516.782,0.1038,9156,9,0,60447776.0,145822085.2,2
CONT_s3_throughput_ElephantsDream,1789486516.885,0.1039,7808,10,4,55118676.0,143827392.1,2
CONT_s3_throughput_ElephantsDream,1789486516.989,0.1037,3052,3,0,51640692.7,145205359.7,2
CONT_s3_throughput_ElephantsDream,1789486517.093,0.1037,6104,6,0,53472918.0,148333904.7,2
CONT_s3_throughput_ElephantsDream,1789486517.197,0.1037,3052,3,0,60121226.3,138798523.9,2
CONT_s3_throughput_ElephantsDream,1789486517.3,0.1037,4680,6,2,55546901.0,142591080.5,2
CONT_s3_throughput_ElephantsDream,1789486517.404,0.1037,6116,6,1,57617978.3,148886266.2,2
CONT_s3_throughput_ElephantsDream,1789486517.508,0.1037,3052,3,0,62837404.7,148493275.7,2
CONT_s3_throughput_ElephantsDream,1789486517.611,0.1037,1552,2,0,62291577.5,155201605.8,2
CONT_s3_throughput_ElephantsDream,1789486517.715,0.1037,4680,6,2,59338296.0,137280620.9,2
CONT_s3_throughput_ElephantsDream,1789486517.819,0.1038,6104,6,0,59657787.3,145747198.8,2
CONT_s3_throughput_ElephantsDream,1789486517.923,0.1039,0,0,0,0,0,0
CONT_s3_throughput_ElephantsDream,1789486518.026,0.1038,6104,6,0,63486852.3,142917837.8,2
CONT_s3_throughput_ElephantsDream,1789486518.13,0.1036,6244,8,2,66898111.0,144336546.5,2
CONT_s3_throughput_ElephantsDream,1789486518.234,0.1037,0,0,0,0,0,0
CONT_s3_throughput_ElephantsDream,1789486518.338,0.1041,3116,4,1,76120851.0,140687722.6,2
CONT_s3_throughput_ElephantsDream,1789486518.443,0.1053,6252,8,3,74061450.5,141805687.4,2
CONT_s3_throughput_ElephantsDream,1789486518.547,0.1037,1564,2,0,77857219.5,145846852.0,2
CONT_s3_throughput_ElephantsDream,1789486518.651,0.1037,0,0,0,0,0,0
CONT_s3_throughput_ElephantsDream,1789486518.754,0.1037,1552,2,1,73017529.0,135765283.5,2
CONT_s3_throughput_ElephantsDream,1789486518.858,0.1038,3052,3,0,71707676.0,151562100.2,2
CONT_s3_throughput_ElephantsDream,1789486518.962,0.1037,0,0,0,0,0,0
CONT_s3_throughput_ElephantsDream,1789486519.065,0.1036,3116,4,1,77253844.5,147525790.3,2
CONT_s3_throughput_ElephantsDream,1789486519.169,0.1037,4552,4,0,80729573.2,147604289.7,2
CONT_s3_throughput_ElephantsDream,1789486519.273,0.1037,52,1,0,79800048.0,54687238.0,1
CONT_s3_throughput_ElephantsDream,1789486519.376,0.1037,4616,5,1,81746070.0,146656636.0,2
CONT_s3_throughput_ElephantsDream,1789486519.48,0.1037,4723,6,0,75013867.0,123355697.1,2
CONT_s3_throughput_ElephantsDream,1789486519.584,0.1037,0,0,0,0,0,0
CONT_s3_throughput_ElephantsDream,1789486519.688,0.1037,1995,2,0,79327830.5,100452686.0,2
CONT_s3_throughput_ElephantsDream,1789486519.791,0.1037,4680,6,2,74144025.0,143461663.4,2
CONT_s3_throughput_ElephantsDream,1789486519.895,0.1039,0,0,0,0,0,0
CONT_s3_throughput_ElephantsDream,1789486519.999,0.1038,3052,3,0,79993442.7,142454840.5,2
CONT_s3_throughput_ElephantsDream,1789486520.103,0.1036,3116,4,1,83220754.0,144664113.7,2
CONT_s3_throughput_ElephantsDream,1789486520.206,0.1037,0,0,0,0,0,0
CONT_s3_throughput_ElephantsDream,1789486520.31,0.1036,3116,4,1,90272459.0,146183376.0,2
CONT_s3_throughput_ElephantsDream,1789486520.414,0.1038,3052,3,0,97355603.7,153660364.7,2
CONT_s3_throughput_ElephantsDream,1789486520.517,0.1037,0,0,0,0,0,0
CONT_s3_throughput_ElephantsDream,1789486520.621,0.1037,3116,4,1,96929599.5,141959107.2,2
CONT_s3_throughput_ElephantsDream,1789486520.725,0.1038,6116,6,1,95334016.7,147303122.3,2
CONT_s3_throughput_ElephantsDream,1789486520.829,0.1046,3104,4,0,92747396.5,146786942.6,2
CONT_s3_throughput_ElephantsDream,1789486520.933,0.1039,1500,1,0,97480618.0,158260216.0,1
CONT_s3_throughput_ElephantsDream,1789486521.037,0.1037,4604,5,0,85234981.0,150936961.2,2
CONT_s3_throughput_ElephantsDream,1789486521.141,0.1035,4604,5,0,81995553.2,147412062.5,2
CONT_s3_throughput_ElephantsDream,1789486521.244,0.1038,1500,1,0,83467124.0,154976607.0,1
CONT_s3_throughput_ElephantsDream,1789486521.348,0.1039,6156,7,0,71533098.6,138168404.6,2
CONT_s3_throughput_ElephantsDream,1789486521.453,0.1051,7604,7,0,68689054.0,146007028.2,2
CONT_s3_throughput_ElephantsDream,1789486521.557,0.1038,0,0,0,0,0,0
CONT_s3_throughput_ElephantsDream,1789486521.661,0.1037,7732,9,2,66955229.2,143652432.4,2
CONT_s3_throughput_ElephantsDream,1789486521.764,0.1038,9296,11,3,60145962.5,144968231.6,2
CONT_s3_throughput_ElephantsDream,1789486521.868,0.1037,6252,8,3,59180829.5,140771284.2,2
CONT_s3_throughput_ElephantsDream,1789486521.972,0.1038,4552,4,0,52008867.8,148587395.8,2
CONT_s3_throughput_ElephantsDream,1789486522.076,0.1041,6104,6,0,53999761.0,144288414.6,2
CONT_s3_throughput_ElephantsDream,1789486522.18,0.1037,4552,4,0,54113437.8,144126719.5,2
CONT_s3_throughput_ElephantsDream,1789486522.284,0.1037,3052,3,0,54481905.0,150905337.0,2
CONT_s3_throughput_ElephantsDream,1789486522.388,0.104,7604,7,0,54506978.6,142580117.0,2
CONT_s3_throughput_ElephantsDream,1789486522.491,0.1038,4604,5,0,54344727.4,154157613.1,2
CONT_s3_throughput_ElephantsDream,1789486522.595,0.1039,4552,4,0,53923963.5,149290601.9,2
CONT_s3_throughput_ElephantsDream,1789486522.699,0.1037,7604,7,0,49811192.7,156330281.9,2
CONT_s3_throughput_ElephantsDream,1789486522.803,0.1037,9296,11,3,47564232.7,143606926.0,2
CONT_s3_throughput_ElephantsDream,1789486522.907,0.104,1500,1,0,50586430.0,140707903.0,1
CONT_s3_throughput_ElephantsDream,1789486523.01,0.1038,9220,10,1,45496277.2,146742478.2,2
CONT_s3_throughput_ElephantsDream,1789486523.114,0.1037,6180,7,2,47821487.4,148423567.7,2
CONT_s3_throughput_ElephantsDream,1789486523.218,0.1037,6052,5,0,45204084.0,148986420.1,2
CONT_s3_throughput_ElephantsDream,1789486523.322,0.1038,7668,8,1,44061766.5,148217616.1,2
CONT_s3_throughput_ElephantsDream,1789486523.426,0.1039,7604,7,0,46001826.0,144349862.6,2
CONT_s3_throughput_ElephantsDream,1789486523.529,0.1038,0,0,0,0,0,0
CONT_s3_throughput_ElephantsDream,1789486523.633,0.1037,9156,9,0,48370119.7,141142543.1,2
CONT_s3_throughput_ElephantsDream,1789486523.737,0.1038,9156,9,0,49783609.3,146702420.4,2
CONT_s3_throughput_ElephantsDream,1789486523.841,0.1041,0,0,0,0,0,0
CONT_s3_throughput_ElephantsDream,1789486523.947,0.1059,9156,9,0,50845141.3,154651595.8,2
CONT_s3_throughput_ElephantsDream,1789486524.051,0.1039,10796,12,3,48758910.6,148901367.6,2
CONT_s3_throughput_ElephantsDream,1789486524.154,0.1038,0,0,0,0,0,0
CONT_s3_throughput_ElephantsDream,1789486524.258,0.1039,6569,7,1,52730195.7,138224920.4,2
CONT_s3_throughput_ElephantsDream,1789486524.362,0.1039,1995,2,0,60807511.0,107000885.1,2
CONT_s3_throughput_ElephantsDream,1789486524.466,0.1038,0,0,0,0,0,0
CONT_s3_throughput_ElephantsDream,1789486524.57,0.1039,7808,10,2,53450229.5,147431193.8,2
CONT_s3_throughput_ElephantsDream,1789486524.674,0.1038,6180,7,2,56821840.4,144658925.1,2
CONT_s3_throughput_ElephantsDream,1789486524.778,0.1039,1552,2,1,54578316.5,154738896.5,2
CONT_s3_throughput_ElephantsDream,1789486524.881,0.1038,4668,6,1,61625890.0,146556783.9,2
CONT_s3_throughput_ElephantsDream,1789486524.985,0.1038,1500,1,0,59972949.0,152986268.0,1
CONT_s3_throughput_ElephantsDream,1789486525.089,0.1041,1604,3,0,68348051.7,139439250.5,2
CONT_s3_throughput_ElephantsDream,1789486525.193,0.104,1500,1,0,65234016.0,156499542.0,1
CONT_s3_throughput_ElephantsDream,1789486525.297,0.1039,1604,3,0,72575343.7,149140704.6,2
CONT_s3_throughput_ElephantsDream,1789486525.401,0.104,3116,4,1,73190965.0,136432343.7,2
CONT_s3_throughput_ElephantsDream,1789486525.505,0.1039,3116,4,0,71580800.0,141864102.2,2
CONT_s3_throughput_ElephantsDream,1789486525.609,0.1039,4616,5,2,67178184.6,147733743.9,2
CONT_s3_throughput_ElephantsDream,1789486525.713,0.104,1552,2,0,68219971.5,148164020.6,2
CONT_s3_throughput_ElephantsDream,1789486525.817,0.1038,4616,5,1,69350936.2,141264873.9,2
CONT_s3_throughput_ElephantsDream,1789486525.921,0.1039,0,0,0,0,0,0
CONT_s3_throughput_ElephantsDream,1789486526.025,0.1038,4668,6,1,74058328.0,141419547.7,2
CONT_s3_throughput_ElephantsDream,1789486526.128,0.1038,3052,3,0,77001091.7,143121309.4,2
CONT_s3_throughput_ElephantsDream,1789486526.232,0.1038,0,0,0,0,0,0
CONT_s3_throughput_ElephantsDream,1789486526.336,0.104,4668,6,1,76760627.5,136578099.0,2
CONT_s3_throughput_ElephantsDream,1789486526.44,0.1038,3052,3,0,80813858.0,143301192.0,2
CONT_s3_throughput_ElephantsDream,1789486526.544,0.1037,0,0,0,0,0,0
CONT_s3_throughput_ElephantsDream,1789486526.647,0.1036,4680,6,2,78293684.5,142914171.8,2
CONT_s3_throughput_ElephantsDream,1789486526.751,0.1037,4616,5,1,84278222.0,148398826.3,2
CONT_s3_throughput_ElephantsDream,1789486526.855,0.1037,3168,5,1,82000987.6,135454072.6,2
CONT_s3_throughput_ElephantsDream,1789486526.959,0.1037,3116,4,1,77549063.5,143717642.9,2
CONT_s3_throughput_ElephantsDream,1789486527.062,0.1037,3052,3,0,76947486.7,145719781.7,2
CONT_s3_throughput_ElephantsDream,1789486527.166,0.1037,6104,6,0,73750462.0,140535508.1,2
CONT_s3_throughput_ElephantsDream,1789486527.27,0.1038,0,0,0,0,0,0
CONT_s3_throughput_ElephantsDream,1789486527.374,0.1039,6244,8,3,73350884.5,145545379.3,2
CONT_s3_throughput_ElephantsDream,1789486527.477,0.1039,6232,8,2,71658486.5,142870840.7,2
CONT_s3_throughput_ElephantsDream,1789486527.581,0.1038,0,0,0,0,0,0
CONT_s3_throughput_ElephantsDream,1789486527.685,0.1038,3052,3,0,78114966.3,152720043.7,2
CONT_s3_throughput_ElephantsDream,1789486527.789,0.1037,4616,5,1,79395546.2,143709654.1,2
CONT_s3_throughput_ElephantsDream,1789486527.892,0.1037,0,0,0,0,0,0
CONT_s3_throughput_ElephantsDream,1789486527.996,0.1039,4668,6,1,82386724.5,146488166.5,2
CONT_s3_throughput_ElephantsDream,1789486528.1,0.1038,3052,3,0,85051961.7,145890487.0,2
CONT_s3_throughput_ElephantsDream,1789486528.204,0.1039,3052,3,0,81658317.7,151199388.7,2
CONT_s3_throughput_ElephantsDream,1789486528.308,0.1037,3052,3,0,80697979.3,144072945.0,2
CONT_s3_throughput_ElephantsDream,1789486528.411,0.1037,0,0,0,0,0,0
CONT_s3_throughput_ElephantsDream,1789486528.515,0.1038,0,0,0,0,0,0
CONT_s3_throughput_ElephantsDream,1789486528.619,0.1038,0,0,0,0,0,0
CONT_s3_throughput_ElephantsDream,1789486528.723,0.1037,1564,2,0,98469473.0,435636974.0,2
CONT_s3_throughput_ElephantsDream,1789486528.827,0.1038,1564,2,1,110681814.0,136159879.0,2
CONT_s3_throughput_ElephantsDream,1789486528.931,0.1045,0,0,0,0,0,0
CONT_s3_throughput_ElephantsDream,1789486529.035,0.1038,3128,4,2,106050921.5,137745943.3,2
CONT_s3_throughput_ElephantsDream,1789486529.139,0.1037,3116,4,1,110424733.0,142067457.2,2
CONT_s3_throughput_ElephantsDream,1789486529.242,0.1038,3064,3,1,115376927.0,141510024.3,2
CONT_s3_throughput_ElephantsDream,1789486529.346,0.1039,1552,2,0,110831234.5,787718.0,2
CONT_s3_throughput_ElephantsDream,1789486529.451,0.1042,4616,5,1,109501734.0,138943577.5,2
CONT_s3_throughput_ElephantsDream,1789486529.554,0.1036,4616,5,1,108869521.4,143768543.7,2
CONT_s3_throughput_ElephantsDream,1789486529.658,0.1036,52,1,0,111654129.0,47640562.0,1
CONT_s3_throughput_ElephantsDream,1789486529.761,0.1037,6180,7,2,98522132.7,142833753.9,2
CONT_s3_throughput_ElephantsDream,1789486529.865,0.1039,1552,2,0,96513462.0,145260543.0,2
CONT_s3_throughput_ElephantsDream,1789486529.969,0.1038,1552,2,0,91086236.0,138853943.3,2
CONT_s3_throughput_ElephantsDream,1789486530.073,0.1037,3104,4,0,84788258.0,147864548.5,2
CONT_s3_throughput_ElephantsDream,1789486530.177,0.1037,3052,3,0,82703179.3,143410137.9,2
CONT_s3_throughput_ElephantsDream,1789486530.28,0.1038,1552,2,0,83704126.5,10855115.0,2
CONT_s3_throughput_ElephantsDream,1789486530.384,0.1038,6104,6,0,82286872.3,147945618.3,2
CONT_s3_throughput_ElephantsDream,1789486530.488,0.1038,6104,6,0,81627493.3,145299716.0,2
CONT_s3_throughput_ElephantsDream,1789486530.592,0.1037,0,0,0,0,0,0
CONT_s3_throughput_ElephantsDream,1789486530.695,0.1038,1840,2,0,87614804.5,92959242.1,2
CONT_s3_throughput_ElephantsDream,1789486530.799,0.1037,1995,2,0,83167545.0,99429283.5,2
CONT_s3_throughput_ElephantsDream,1789486530.903,0.1038,0,0,0,0,0,0
CONT_s3_throughput_ElephantsDream,1789486531.007,0.1038,6104,6,0,75054018.3,153727835.2,2
CONT_s3_throughput_ElephantsDream,1789486531.111,0.1037,6244,8,2,77413454.0,145182582.2,2
CONT_s3_throughput_ElephantsDream,1789486531.214,0.1039,0,0,0,0,0,0
CONT_s3_throughput_ElephantsDream,1789486531.318,0.1038,9168,9,1,69478592.7,149190833.1,2
CONT_s3_throughput_ElephantsDream,1789486531.422,0.1039,7604,7,0,67968327.1,146559733.1,2
CONT_s3_throughput_ElephantsDream,1789486531.526,0.1038,4552,4,0,70188499.2,140609175.4,2
CONT_s3_throughput_ElephantsDream,1789486531.63,0.1037,4552,4,0,63646194.0,141833742.2,2
CONT_s3_throughput_ElephantsDream,1789486531.733,0.1038,9104,8,0,62318696.0,148711957.1,2
CONT_s3_throughput_ElephantsDream,1789486531.838,0.1044,6244,8,3,70165623.0,139772017.4,2
CONT_s3_throughput_ElephantsDream,1789486531.943,0.105,4552,4,0,55396784.2,153174385.4,2
CONT_s3_throughput_ElephantsDream,1789486532.047,0.1037,10732,11,1,55348804.5,147965718.1,2
CONT_s3_throughput_ElephantsDream,1789486532.15,0.1037,7808,10,3,54967023.0,137827618.5,2
CONT_s3_throughput_ElephantsDream,1789486532.254,0.1037,4552,4,0,44869816.0,147317639.4,2
CONT_s3_throughput_ElephantsDream,1789486532.358,0.1038,7796,10,3,51238552.0,143551437.0,2
CONT_s3_throughput_ElephantsDream,1789486532.462,0.1042,3052,3,0,53474752.0,150341580.4,2
CONT_s3_throughput_ElephantsDream,1789486532.566,0.1037,4616,5,1,50725229.0,152242820.5,2
CONT_s3_throughput_ElephantsDream,1789486532.67,0.1038,9156,9,0,50438051.3,143941453.8,2
CONT_s3_throughput_ElephantsDream,1789486532.773,0.1037,1892,2,0,56299770.0,95560155.6,2
CONT_s3_throughput_ElephantsDream,1789486532.877,0.1037,0,0,0,0,0,0
CONT_s3_throughput_ElephantsDream,1789486532.981,0.1037,0,0,0,0,0,0
CONT_s3_throughput_ElephantsDream,1789486533.084,0.1037,662,1,1,75375138.0,0,1
CONT_s3_throughput_ElephantsDream,1789486533.188,0.1036,0,0,0,0,0,0
CONT_s3_throughput_ElephantsDream,1789486533.292,0.1039,2059,3,0,84411681.3,103629539.1,2
CONT_s3_throughput_ElephantsDream,1789486533.396,0.1037,0,0,0,0,0,0
CONT_s3_throughput_ElephantsDream,1789486533.499,0.1037,10988,15,6,60747358.1,136471143.3,2
CONT_s3_throughput_ElephantsDream,1789486533.603,0.1037,14016,17,7,46913936.5,141077763.0,2
CONT_s3_throughput_ElephantsDream,1789486533.707,0.1038,0,0,0,0,0,0
CONT_s3_throughput_ElephantsDream,1789486533.811,0.1038,7604,7,0,50827812.7,145631143.7,2
CONT_s3_throughput_ElephantsDream,1789486533.915,0.1039,7732,9,2,53617287.8,149283189.7,2
CONT_s3_throughput_ElephantsDream,1789486534.018,0.1037,0,0,0,0,0,0
CONT_s3_throughput_ElephantsDream,1789486534.122,0.1037,7656,8,0,56331683.0,147740855.0,2
CONT_s3_throughput_ElephantsDream,1789486534.226,0.1038,6104,6,0,58489578.0,150023187.3,2
CONT_s3_throughput_ElephantsDream,1789486534.333,0.1068,3052,3,0,58893681.3,156968037.3,2
CONT_s3_throughput_ElephantsDream,1789486534.436,0.1038,9296,11,2,54707934.9,145434445.0,2
CONT_s3_throughput_ElephantsDream,1789486534.54,0.1037,9180,9,2,48068845.3,139184894.0,2
CONT_s3_throughput_ElephantsDream,1789486534.644,0.1037,9052,7,0,46119698.9,154451641.9,2
CONT_s3_throughput_ElephantsDream,1789486534.748,0.1039,3104,4,0,49190053.0,145527184.9,2
CONT_s3_throughput_ElephantsDream,1789486534.851,0.1038,10860,13,3,44168282.9,139679057.3,2
CONT_s3_throughput_ElephantsDream,1789486534.955,0.1039,4552,4,1,45450356.0,147057712.0,2
CONT_s3_throughput_ElephantsDream,1789486535.059,0.1036,3116,4,0,46410500.0,148116154.9,2
CONT_s3_throughput_ElephantsDream,1789486535.163,0.1038,3052,3,0,49037088.7,138636542.8,2
CONT_s3_throughput_ElephantsDream,1789486535.267,0.1039,7656,8,0,48260010.5,147987686.6,2
CONT_s3_throughput_ElephantsDream,1789486535.371,0.1039,6104,6,0,51375946.3,154869985.2,2
CONT_s3_throughput_ElephantsDream,1789486535.474,0.1038,3052,3,0,47765073.7,145453442.5,2
CONT_s3_throughput_ElephantsDream,1789486535.578,0.1037,9103,10,0,46323669.6,140425067.8,2
CONT_s3_throughput_ElephantsDream,1789486535.682,0.1038,0,0,0,0,0,0
CONT_s3_throughput_ElephantsDream,1789486535.786,0.1038,9372,12,3,45990889.0,148384428.1,2
CONT_s3_throughput_ElephantsDream,1789486535.889,0.1039,9296,11,3,47050665.2,137935914.2,2
CONT_s3_throughput_ElephantsDream,1789486535.993,0.1038,3052,3,0,55348045.0,148568891.2,2
CONT_s3_throughput_ElephantsDream,1789486536.097,0.1037,3052,3,0,53123990.0,149338827.1,2
CONT_s3_throughput_ElephantsDream,1789486536.201,0.1038,7604,7,0,55961306.0,149761954.3,2
CONT_s3_throughput_ElephantsDream,1789486536.305,0.1038,3052,3,0,63423929.0,140875339.3,2
CONT_s3_throughput_ElephantsDream,1789486536.409,0.1041,4680,6,2,58304578.0,142910093.7,2
CONT_s3_throughput_ElephantsDream,1789486536.512,0.1038,4692,6,0,63555139.5,147292889.0,2
CONT_s3_throughput_ElephantsDream,1789486536.616,0.1037,1564,2,1,67051545.0,140878041.7,2
CONT_s3_throughput_ElephantsDream,1789486536.72,0.1037,3116,4,1,66356197.5,146531183.1,2
CONT_s3_throughput_ElephantsDream,1789486536.824,0.1037,4604,5,0,68712524.6,142039469.7,2
CONT_s3_throughput_ElephantsDream,1789486536.927,0.1039,4552,4,0,70030380.0,152106750.8,2
CONT_s3_throughput_ElephantsDream,1789486537.031,0.1037,1604,3,0,67359865.0,141026482.5,2
CONT_s3_throughput_ElephantsDream,1789486537.135,0.1037,4552,4,0,66149713.0,141144613.9,2
CONT_s3_throughput_ElephantsDream,1789486537.239,0.1037,6156,7,0,60568650.3,148342796.2,2
CONT_s3_throughput_ElephantsDream,1789486537.342,0.1038,4552,4,0,62096552.0,146587656.4,2
CONT_s3_throughput_ElephantsDream,1789486537.447,0.1048,3052,3,0,60718315.3,157120005.3,2
CONT_s3_throughput_ElephantsDream,1789486537.551,0.1039,7604,7,0,61966877.0,156090924.8,2
CONT_s3_throughput_ElephantsDream,1789486537.655,0.1036,4680,6,2,66220355.0,142036158.5,2
CONT_s3_throughput_ElephantsDream,1789486537.758,0.1036,3052,3,0,61751884.3,157021558.0,2
CONT_s3_throughput_ElephantsDream,1789486537.862,0.1038,9232,10,2,58533094.4,144485540.2,2
CONT_s3_throughput_ElephantsDream,1789486537.966,0.1037,1500,1,0,57620793.0,153534061.0,1
CONT_s3_throughput_ElephantsDream,1789486538.069,0.1037,4680,6,2,61136994.5,138534680.5,2
CONT_s3_throughput_ElephantsDream,1789486538.173,0.1036,7732,9,2,59877648.7,146183633.5,2
CONT_s3_throughput_ElephantsDream,1789486538.277,0.1039,1500,1,0,58108751.0,141430658.0,1
CONT_s3_throughput_ElephantsDream,1789486538.381,0.1037,6104,6,0,59794329.7,143173791.8,2
CONT_s3_throughput_ElephantsDream,1789486538.484,0.1038,4552,4,0,63156311.2,140950969.7,2
CONT_s3_throughput_ElephantsDream,1789486538.588,0.1036,4692,6,0,69353995.5,145587297.0,2
CONT_s3_throughput_ElephantsDream,1789486538.692,0.1036,0,0,0,0,0,0
CONT_s3_throughput_ElephantsDream,1789486538.795,0.1038,4680,6,3,74444750.0,141164941.3,2
CONT_s3_throughput_ElephantsDream,1789486538.899,0.1038,6104,6,0,73794900.0,140020579.4,2
CONT_s3_throughput_ElephantsDream,1789486539.003,0.1038,0,0,0,0,0,0
CONT_s3_throughput_ElephantsDream,1789486539.107,0.1037,4478,5,0,79648326.4,126366343.5,2
CONT_s3_throughput_ElephantsDream,1789486539.21,0.1037,7816,10,4,73519698.0,139539833.1,2
CONT_s3_throughput_ElephantsDream,1789486539.314,0.1036,0,0,0,0,0,0
CONT_s3_throughput_ElephantsDream,1789486539.418,0.1039,4604,5,0,76418042.4,146391533.8,2
CONT_s3_throughput_ElephantsDream,1789486539.522,0.1038,3116,4,1,81543736.5,142405386.3,2
CONT_s3_throughput_ElephantsDream,1789486539.625,0.1038,3052,3,0,75746468.7,148452655.1,2
CONT_s3_throughput_ElephantsDream,1789486539.729,0.1039,7732,9,2,70164690.8,146103916.7,2
CONT_s3_throughput_ElephantsDream,1789486539.834,0.105,7668,8,1,68276938.1,148620348.9,2
CONT_s3_throughput_ElephantsDream,1789486539.938,0.1036,0,0,0,0,0,0
CONT_s3_throughput_ElephantsDream,1789486540.042,0.1038,6104,6,0,69500175.7,146657815.9,2
CONT_s3_throughput_ElephantsDream,1789486540.145,0.1036,7604,7,0,67696959.6,144018160.2,2
CONT_s3_throughput_ElephantsDream,1789486540.249,0.1037,0,0,0,0,0,0
CONT_s3_throughput_ElephantsDream,1789486540.353,0.1037,7732,9,2,68777966.0,149340086.0,2
CONT_s3_throughput_ElephantsDream,1789486540.457,0.104,9220,10,1,63598942.8,143883337.4,2
CONT_s3_throughput_ElephantsDream,1789486540.56,0.1036,7668,8,1,62236602.1,144947930.3,2
CONT_s3_throughput_ElephantsDream,1789486540.664,0.1036,1552,2,0,62630529.0,150824381.4,2
CONT_s3_throughput_ElephantsDream,1789486540.768,0.1037,9384,12,3,55038122.5,147333199.6,2
CONT_s3_throughput_ElephantsDream,1789486540.871,0.1037,9416,12,3,47767289.5,145533177.3,2
CONT_s3_throughput_ElephantsDream,1789486540.975,0.1038,1564,2,0,45671720.5,146349200.0,2
CONT_s3_throughput_ElephantsDream,1789486541.079,0.1037,6244,8,1,48395860.5,144297593.7,2
CONT_s3_throughput_ElephantsDream,1789486541.182,0.1037,6104,6,0,52336346.3,141177552.4,2
CONT_s3_throughput_ElephantsDream,1789486541.286,0.1037,0,0,0,0,0,0
CONT_s3_throughput_ElephantsDream,1789486541.39,0.1038,7656,8,0,56045659.8,146563170.8,2
CONT_s3_throughput_ElephantsDream,1789486541.494,0.1038,7604,7,0,55296282.9,150307135.9,2
CONT_s3_throughput_ElephantsDream,1789486541.597,0.1037,1552,2,0,57122739.5,153961374.1,2
CONT_s3_throughput_ElephantsDream,1789486541.701,0.1037,9156,9,0,50186241.0,152891267.8,2
CONT_s3_throughput_ElephantsDream,1789486541.805,0.1038,7604,7,0,47200776.6,151870880.5,2
CONT_s3_throughput_ElephantsDream,1789486541.909,0.1039,3052,3,0,45655873.0,142084038.0,2
CONT_s3_throughput_ElephantsDream,1789486542.013,0.1037,8815,10,0,46429936.6,138844455.9,2
CONT_s3_throughput_ElephantsDream,1789486542.116,0.1037,0,0,0,0,0,0
CONT_s3_throughput_ElephantsDream,1789486542.22,0.1038,10936,14,6,43015252.0,145669576.8,2
CONT_s3_throughput_ElephantsDream,1789486542.324,0.1037,10888,13,3,41516373.6,138994452.5,2
CONT_s3_throughput_ElephantsDream,1789486542.428,0.1038,0,0,0,0,0,0
CONT_s3_throughput_ElephantsDream,1789486542.531,0.1038,10912,14,4,40854027.5,143273552.7,2
CONT_s3_throughput_ElephantsDream,1789486542.635,0.1037,7604,7,0,42666311.0,154264189.4,2
CONT_s3_throughput_ElephantsDream,1789486542.739,0.1038,1604,3,0,42477603.7,139539353.1,2
CONT_s3_throughput_ElephantsDream,1789486542.843,0.1044,6180,7,1,40922219.7,147627271.2,2
CONT_s3_throughput_ElephantsDream,1789486542.949,0.1057,3104,4,0,39455930.5,146404256.3,2
CONT_s3_throughput_ElephantsDream,1789486543.053,0.1038,3104,4,0,39244543.5,148195573.3,2
CONT_s3_throughput_ElephantsDream,1789486543.156,0.1037,1500,1,0,39331475.0,153435951.0,1
CONT_s3_throughput_ElephantsDream,1789486543.26,0.1038,4656,6,0,38909527.0,144409071.5,2
CONT_s3_throughput_ElephantsDream,1789486543.364,0.1037,4552,4,0,43615520.2,147542128.7,2
CONT_s3_throughput_ElephantsDream,1789486543.468,0.1038,1552,2,0,41756394.5,155263402.7,2
CONT_s3_throughput_ElephantsDream,1789486543.571,0.1037,0,0,0,0,0,0
CONT_s3_throughput_ElephantsDream,1789486543.675,0.1037,0,0,0,0,0,0
CONT_s3_throughput_ElephantsDream,1789486543.779,0.1038,15412,17,4,48161286.4,51414282.7,2
CONT_s3_throughput_ElephantsDream,1789486543.883,0.1039,7656,8,0,38401396.2,43249153.6,2
CONT_s3_throughput_ElephantsDream,1789486543.986,0.1038,6052,5,0,34957201.6,69547408.3,2
CONT_s3_throughput_ElephantsDream,1789486544.09,0.1037,6156,7,0,34888536.9,59617625.4,2
CONT_s3_throughput_ElephantsDream,1789486544.194,0.1037,7604,7,0,33510702.6,91778603.4,2
CONT_s3_throughput_ElephantsDream,1789486544.297,0.1037,6104,6,0,34453183.0,114986499.2,2
CONT_s3_throughput_ElephantsDream,1789486544.401,0.1039,4604,5,0,33633463.2,91443578.4,2
CONT_s3_throughput_ElephantsDream,1789486544.505,0.1037,9104,8,0,34850884.5,124776574.2,2
CONT_s3_throughput_ElephantsDream,1789486544.609,0.1037,7656,8,0,34543376.9,137402019.8,2
CONT_s3_throughput_ElephantsDream,1789486544.713,0.1038,6104,6,0,34470342.3,117794378.8,2
CONT_s3_throughput_ElephantsDream,1789486544.816,0.1038,4552,4,0,36468598.8,161731075.9,2
CONT_s3_throughput_ElephantsDream,1789486544.92,0.1038,9104,8,0,37199289.0,138320826.5,2
CONT_s3_throughput_ElephantsDream,1789486545.024,0.1038,3846,5,0,34414261.8,96837177.6,2
CONT_s3_throughput_ElephantsDream,1789486545.128,0.1037,9104,8,0,37853534.2,64853060.9,2
CONT_s3_throughput_ElephantsDream,1789486545.231,0.1039,4552,4,0,37984295.2,138330213.8,2
CONT_s3_throughput_ElephantsDream,1789486545.335,0.104,9104,8,0,38036814.5,138647236.3,2
CONT_s3_throughput_ElephantsDream,1789486545.439,0.1038,4552,4,0,37990883.8,138755461.7,2
CONT_s3_throughput_ElephantsDream,1789486545.543,0.1038,9104,8,0,37811315.0,138717925.8,2
CONT_s3_throughput_ElephantsDream,1789486545.647,0.1037,4552,4,0,37693077.2,138653583.1,2
CONT_s3_throughput_ElephantsDream,1789486545.75,0.1038,9104,8,0,37437251.2,138183851.2,2
CONT_s3_throughput_ElephantsDream,1789486545.854,0.1038,4552,4,0,37299396.5,138523577.8,2
CONT_s3_throughput_ElephantsDream,1789486545.958,0.1037,9104,8,0,37013017.8,138297398.1,2
CONT_s3_throughput_ElephantsDream,1789486546.062,0.1036,4552,4,0,36878177.8,138666864.5,2
CONT_s3_throughput_ElephantsDream,1789486546.165,0.1037,9104,8,0,36601176.5,138110810.8,2
CONT_s3_throughput_ElephantsDream,1789486546.269,0.1037,4552,4,0,36470004.0,138792465.1,2
CONT_s3_throughput_ElephantsDream,1789486546.373,0.1037,9104,8,0,36225117.5,138437794.7,2
CONT_s3_throughput_ElephantsDream,1789486546.477,0.1038,4552,4,0,36114780.2,138539423.1,2
CONT_s3_throughput_ElephantsDream,1789486546.58,0.1036,9052,7,0,40003697.1,139076574.9,2
CONT_s3_throughput_ElephantsDream,1789486546.684,0.1038,4604,5,0,30077584.0,137201536.9,2
CONT_s3_throughput_ElephantsDream,1789486546.788,0.1038,4552,4,0,35709749.5,138066391.0,2
CONT_s3_throughput_ElephantsDream,1789486546.892,0.1039,9104,8,0,35541274.8,138206960.0,2
CONT_s3_throughput_ElephantsDream,1789486546.995,0.1038,4552,4,0,35452877.5,138688844.3,2
CONT_s3_throughput_ElephantsDream,1789486547.099,0.1037,9104,8,0,35313291.5,138690943.5,2
CONT_s3_throughput_ElephantsDream,1789486547.203,0.1037,4552,4,0,35248949.5,138072217.7,2
CONT_s3_throughput_ElephantsDream,1789486547.306,0.1037,9104,8,0,35110151.8,138592298.7,2
CONT_s3_throughput_ElephantsDream,1789486547.41,0.1038,8702,9,0,26537274.7,69533278.3,2
CONT_s3_throughput_ElephantsDream,1789486547.514,0.1038,4552,4,0,33309731.5,66018295.3,2
CONT_s3_throughput_ElephantsDream,1789486547.618,0.1036,9104,8,0,34111322.0,138027863.3,2
CONT_s3_throughput_ElephantsDream,1789486547.721,0.1038,4552,4,0,34376594.5,138444710.9,2
CONT_s3_throughput_ElephantsDream,1789486547.825,0.1038,9104,8,0,34750758.5,138201599.3,2
CONT_s3_throughput_ElephantsDream,1789486547.929,0.1039,4612,5,0,27892564.4,138740366.0,3
CONT_s3_throughput_ElephantsDream,1789486548.033,0.1039,9216,10,0,27986385.6,137721444.9,4
CONT_s3_throughput_ElephantsDream,1789486548.137,0.1039,5121,5,0,29620271.0,139882714.5,3
CONT_s3_throughput_ElephantsDream,1789486548.241,0.1039,6415,8,0,25493004.9,128899992.7,4
CONT_s3_throughput_ElephantsDream,1789486548.345,0.1039,9235,9,0,34936074.9,161365096.7,3
CONT_s3_throughput_ElephantsDream,1789486548.45,0.1056,6104,6,0,30042572.7,47958273.0,2
CONT_s3_throughput_ElephantsDream,1789486548.554,0.1039,4552,4,0,46788354.5,233181891.4,2
CONT_s3_throughput_ElephantsDream,1789486548.658,0.1039,7604,7,0,45949792.6,230293568.6,4
CONT_s3_throughput_ElephantsDream,1789486548.762,0.1041,7604,7,0,51338202.6,249053798.0,4
CONT_s3_throughput_ElephantsDream,1789486548.866,0.104,6052,5,0,53125448.4,255111749.2,2
CONT_s3_throughput_ElephantsDream,1789486548.97,0.1039,6104,6,0,63931881.3,368473180.8,2
CONT_s3_throughput_ElephantsDream,1789486549.074,0.104,7604,7,0,55341266.3,207437244.4,2
CONT_s3_throughput_ElephantsDream,1789486549.178,0.1039,6104,6,0,71922518.3,333612667.0,2
CONT_s3_throughput_ElephantsDream,1789486549.282,0.104,6104,6,0,59617328.7,252926124.1,2
CONT_s3_throughput_ElephantsDream,1789486549.386,0.1041,7604,7,0,70134509.7,318359752.4,4
CONT_s3_throughput_ElephantsDream,1789486549.49,0.1039,6104,6,0,73293047.7,276033062.2,4
CONT_s3_throughput_ElephantsDream,1789486549.594,0.1039,9104,8,0,58784489.0,277417611.9,2
CONT_s3_throughput_ElephantsDream,1789486549.698,0.104,6104,6,0,95521424.3,402715969.6,2
CONT_s3_throughput_ElephantsDream,1789486549.802,0.1039,6833,8,0,73024154.2,285560605.6,4
CONT_s3_throughput_ElephantsDream,1789486549.906,0.1041,6104,6,0,85333951.0,194287492.2,2
CONT_s3_throughput_ElephantsDream,1789486550.01,0.1039,6104,6,0,76095315.0,137323629.1,2
CONT_s3_throughput_ElephantsDream,1789486550.114,0.1039,9156,9,0,65402840.0,137449882.3,2
CONT_s3_throughput_ElephantsDream,1789486550.218,0.104,6104,6,0,59891537.0,137576500.4,2
CONT_s3_throughput_ElephantsDream,1789486550.322,0.1039,6104,6,0,55333059.7,137578325.5,2
CONT_s3_throughput_ElephantsDream,1789486550.426,0.1043,6104,6,0,51580482.3,137899995.1,2
CONT_s3_throughput_ElephantsDream,1789486550.53,0.1039,6104,6,0,48475253.0,137827804.6,2
CONT_s3_throughput_ElephantsDream,1789486550.634,0.1039,9156,9,0,44772417.7,137839254.3,2
CONT_s3_throughput_ElephantsDream,1789486550.738,0.104,6104,6,0,42813438.7,137816476.9,2
CONT_s3_throughput_ElephantsDream,1789486550.842,0.1038,6104,6,0,41176577.7,137456532.1,2
CONT_s3_throughput_ElephantsDream,1789486550.947,0.1058,6104,6,0,39801651.3,137483784.0,2
CONT_s3_throughput_ElephantsDream,1789486551.051,0.1039,9156,9,0,38111645.7,137459662.1,2
CONT_s3_throughput_ElephantsDream,1789486551.155,0.1039,6104,6,0,37216585.3,137582022.0,2
CONT_s3_throughput_ElephantsDream,1789486551.259,0.1041,6104,6,0,36437232.7,137446101.9,2
CONT_s3_throughput_ElephantsDream,1789486551.363,0.1041,6763,7,0,49105730.1,137454356.4,3
CONT_s3_throughput_ElephantsDream,1789486551.467,0.1039,7552,6,0,218592715.3,183083244.8,2
CONT_s3_throughput_ElephantsDream,1789486551.571,0.104,6104,6,0,48237126.3,252935620.8,2
CONT_s3_throughput_ElephantsDream,1789486551.675,0.104,4552,4,0,198834908.8,161237460.1,2
CONT_s3_throughput_ElephantsDream,1789486551.779,0.1041,10656,10,0,107225479.5,331036850.0,4
CONT_s3_throughput_ElephantsDream,1789486551.883,0.104,4552,4,0,166312605.5,231250809.3,2
CONT_s3_throughput_ElephantsDream,1789486551.987,0.1039,7604,7,0,116486566.3,304628854.7,4
CONT_s3_throughput_ElephantsDream,1789486552.091,0.1039,7604,7,0,112589814.6,249180158.9,4
CONT_s3_throughput_ElephantsDream,1789486552.195,0.1039,4552,4,0,130609439.8,230826784.6,2
CONT_s3_throughput_ElephantsDream,1789486552.299,0.104,6104,6,0,79605363.7,345094605.8,2
CONT_s3_throughput_ElephantsDream,1789486552.403,0.1041,9104,8,0,117242219.2,230893172.1,2
CONT_s3_throughput_ElephantsDream,1789486552.507,0.1039,6104,6,0,86499282.3,344935533.3,2
CONT_s3_throughput_ElephantsDream,1789486552.611,0.1038,4552,4,0,116474381.2,231117044.4,2
CONT_s3_throughput_ElephantsDream,1789486552.715,0.104,7644,8,0,100918756.5,303114435.6,4
CONT_s3_throughput_ElephantsDream,1789486552.819,0.1039,7552,6,0,105057627.5,250885864.7,3
CONT_s3_throughput_ElephantsDream,1789486552.923,0.104,7552,6,0,103668179.5,306936618.9,3
CONT_s3_throughput_ElephantsDream,1789486553.027,0.1039,4552,4,0,97926764.0,184334337.3,2
CONT_s3_throughput_ElephantsDream,1789486553.13,0.1039,9104,8,0,84894902.8,161668230.5,2
CONT_s3_throughput_ElephantsDream,1789486553.235,0.1044,7604,7,0,77661213.1,126845257.9,2
CONT_s3_throughput_ElephantsDream,1789486553.339,0.1041,3052,3,0,75993618.0,571330.0,2
CONT_s3_throughput_ElephantsDream,1789486553.445,0.1058,9104,8,0,66754309.8,185090861.9,2
CONT_s3_throughput_ElephantsDream,1789486553.549,0.104,3052,3,0,67111195.3,184032678.0,2
CONT_s3_throughput_ElephantsDream,1789486553.653,0.1039,9104,8,0,60414906.8,185104157.6,2
CONT_s3_throughput_ElephantsDream,1789486553.757,0.1041,9104,8,0,56750970.0,185065016.8,2
CONT_s3_throughput_ElephantsDream,1789486553.861,0.1039,6104,6,0,56341351.0,184050316.6,2
CONT_s3_throughput_ElephantsDream,1789486553.964,0.1039,4821,5,0,50384244.0,166331428.9,2
CONT_s3_throughput_ElephantsDream,1789486554.068,0.1038,0,0,0,0,0,0
CONT_s3_throughput_ElephantsDream,1789486554.172,0.1039,0,0,0,0,0,0
CONT_s3_throughput_ElephantsDream,1789486554.276,0.104,0,0,0,0,0,0
CONT_s3_throughput_ElephantsDream,1789486554.38,0.1038,0,0,0,0,0,0
CONT_s3_throughput_ElephantsDream,1789486554.484,0.104,0,0,0,0,0,0
CONT_s3_throughput_ElephantsDream,1789486554.588,0.1039,0,0,0,0,0,0
CONT_s3_throughput_ElephantsDream,1789486554.692,0.1039,0,0,0,0,0,0
CONT_s3_throughput_ElephantsDream,1789486554.796,0.1039,0,0,0,0,0,0
CONT_s3_throughput_ElephantsDream,1789486554.9,0.1041,0,0,0,0,0,0
CONT_s3_throughput_ElephantsDream,1789486555.004,0.1039,17793,15,0,104827074.4,15239447.5,2
CONT_s3_throughput_ElephantsDream,1789486555.108,0.1039,7552,6,0,90667350.0,555441.0,2
CONT_s3_throughput_ElephantsDream,1789486555.212,0.104,4552,4,0,92018757.8,604681.0,2
CONT_s3_throughput_ElephantsDream,1789486555.316,0.104,4552,4,0,86237121.5,254788854.6,2
CONT_s3_throughput_ElephantsDream,1789486555.42,0.1039,12104,10,0,72574104.2,255433151.7,2
CONT_s3_throughput_ElephantsDream,1789486555.523,0.1039,0,0,0,0,0,0
CONT_s3_throughput_ElephantsDream,1789486555.627,0.1038,12104,10,0,66119126.4,185591749.6,2
CONT_s3_throughput_ElephantsDream,1789486555.731,0.104,4552,4,0,66938783.8,254735308.7,2
CONT_s3_throughput_ElephantsDream,1789486555.836,0.1044,7552,6,0,58918224.8,255825624.0,2
CONT_s3_throughput_ElephantsDream,1789486555.94,0.1041,9104,8,0,60787558.8,254658173.1,2
CONT_s3_throughput_ElephantsDream,1789486556.044,0.1039,0,0,0,0,0,0
CONT_s3_throughput_ElephantsDream,1789486556.148,0.1039,13604,11,0,54796113.8,278551852.4,2
CONT_s3_throughput_ElephantsDream,1789486556.252,0.1041,4552,4,0,56816470.0,277514690.8,2
CONT_s3_throughput_ElephantsDream,1789486556.356,0.1039,9052,7,0,50538546.0,279089740.3,2
CONT_s3_throughput_ElephantsDream,1789486556.46,0.104,4552,4,0,55330651.0,277589273.1,2
CONT_s3_throughput_ElephantsDream,1789486556.564,0.104,6822,7,0,53805526.4,224489932.8,2
CONT_s3_throughput_ElephantsDream,1789486556.668,0.104,0,0,0,0,0,0
CONT_s3_throughput_ElephantsDream,1789486556.772,0.104,0,0,0,0,0,0
CONT_s3_throughput_ElephantsDream,1789486556.876,0.1041,0,0,0,0,0,0
CONT_s3_throughput_ElephantsDream,1789486556.98,0.104,0,0,0,0,0,0
CONT_s3_throughput_ElephantsDream,1789486557.084,0.1039,0,0,0,0,0,0
CONT_s3_throughput_ElephantsDream,1789486557.188,0.1039,0,0,0,0,0,0
CONT_s3_throughput_ElephantsDream,1789486557.292,0.1039,0,0,0,0,0,0
CONT_s3_throughput_ElephantsDream,1789486557.396,0.1041,0,0,0,0,0,0
CONT_s3_throughput_ElephantsDream,1789486557.5,0.1039,0,0,0,0,0,0
CONT_s3_throughput_ElephantsDream,1789486557.604,0.1039,0,0,0,0,0,0
CONT_s3_throughput_ElephantsDream,1789486557.707,0.1039,0,0,0,0,0,0
CONT_s3_throughput_ElephantsDream,1789486557.811,0.1039,0,0,0,0,0,0
CONT_s3_throughput_ElephantsDream,1789486557.915,0.104,0,0,0,0,0,0
CONT_s3_throughput_ElephantsDream,1789486558.019,0.1039,0,0,0,0,0,0
CONT_s3_throughput_ElephantsDream,1789486558.123,0.1039,0,0,0,0,0,0
CONT_s3_throughput_ElephantsDream,1789486558.228,0.1044,0,0,0,0,0,0
CONT_s3_throughput_ElephantsDream,1789486558.335,0.1078,0,0,0,0,0,0
CONT_s3_throughput_ElephantsDream,1789486558.439,0.1039,0,0,0,0,0,0
CONT_s3_throughput_ElephantsDream,1789486558.543,0.104,0,0,0,0,0,0
CONT_s3_throughput_ElephantsDream,1789486558.647,0.1039,0,0,0,0,0,0
CONT_s3_throughput_ElephantsDream,1789486558.751,0.1039,0,0,0,0,0,0
CONT_s3_throughput_ElephantsDream,1789486558.855,0.104,0,0,0,0,0,0
CONT_s3_throughput_ElephantsDream,1789486558.959,0.1042,0,0,0,0,0,0
CONT_s3_throughput_ElephantsDream,1789486559.064,0.1049,15711,12,0,234134030.7,3992162.4,2
CONT_s3_throughput_ElephantsDream,1789486559.168,0.1042,0,0,0,0,0,0
CONT_s3_throughput_ElephantsDream,1789486559.276,0.1078,12052,9,0,163019881.2,182255692.6,2
CONT_s3_throughput_ElephantsDream,1789486559.38,0.1039,6052,5,0,162395077.0,92412696.0,2
CONT_s3_throughput_ElephantsDream,1789486559.484,0.1039,6052,5,0,144846881.6,967660.0,2
CONT_s3_throughput_ElephantsDream,1789486559.588,0.104,7552,6,0,121012467.7,208452131.0,2
CONT_s3_throughput_ElephantsDream,1789486559.692,0.1039,7552,6,0,108240268.3,232136740.0,2
CONT_s3_throughput_ElephantsDream,1789486559.796,0.104,7552,6,0,98312989.8,232176348.9,2
CONT_s3_throughput_ElephantsDream,1789486559.9,0.1041,0,0,0,0,0,0
CONT_s3_throughput_ElephantsDream,1789486560.004,0.1039,7552,6,0,90487633.0,232035841.3,2
CONT_s3_throughput_ElephantsDream,1789486560.108,0.1039,7552,6,0,84227050.0,231972645.6,2
CONT_s3_throughput_ElephantsDream,1789486560.211,0.1039,7552,6,0,79133237.7,231822700.6,2
CONT_s3_throughput_ElephantsDream,1789486560.315,0.1039,7552,6,0,74921547.2,232026844.3,2
CONT_s3_throughput_ElephantsDream,1789486560.419,0.1041,7552,6,0,71379822.0,232278730.8,2
CONT_s3_throughput_ElephantsDream,1789486560.523,0.1039,7552,6,0,68361263.3,232546585.2,2
CONT_s3_throughput_ElephantsDream,1789486560.627,0.1039,7552,6,0,65740703.0,232540644.0,2
CONT_s3_throughput_ElephantsDream,1789486560.731,0.104,7552,6,0,63444446.7,232216116.7,2
CONT_s3_throughput_ElephantsDream,1789486560.835,0.1042,5346,5,0,64777551.8,197637256.9,2
CONT_s3_throughput_ElephantsDream,1789486560.939,0.1039,0,0,0,0,0,0
CONT_s3_throughput_ElephantsDream,1789486561.043,0.1039,0,0,0,0,0,0
CONT_s3_throughput_ElephantsDream,1789486561.147,0.1039,0,0,0,0,0,0
CONT_s3_throughput_ElephantsDream,1789486561.251,0.104,0,0,0,0,0,0
CONT_s3_throughput_ElephantsDream,1789486561.355,0.104,0,0,0,0,0,0
CONT_s3_throughput_ElephantsDream,1789486561.459,0.1039,0,0,0,0,0,0
CONT_s3_throughput_ElephantsDream,1789486561.563,0.104,0,0,0,0,0,0
CONT_s3_throughput_ElephantsDream,1789486561.667,0.1039,0,0,0,0,0,0
CONT_s3_throughput_ElephantsDream,1789486561.771,0.104,0,0,0,0,0,0
CONT_s3_throughput_ElephantsDream,1789486561.875,0.104,0,0,0,0,0,0
CONT_s3_throughput_ElephantsDream,1789486561.979,0.1039,0,0,0,0,0,0
CONT_s3_throughput_ElephantsDream,1789486562.082,0.1039,0,0,0,0,0,0
CONT_s3_throughput_ElephantsDream,1789486562.186,0.104,0,0,0,0,0,0
CONT_s3_throughput_ElephantsDream,1789486562.29,0.104,0,0,0,0,0,0
CONT_s3_throughput_ElephantsDream,1789486562.394,0.1039,0,0,0,0,0,0
CONT_s3_throughput_ElephantsDream,1789486562.498,0.1039,0,0,0,0,0,0
CONT_s3_throughput_ElephantsDream,1789486562.602,0.1038,0,0,0,0,0,0
CONT_s3_throughput_ElephantsDream,1789486562.706,0.1038,0,0,0,0,0,0
CONT_s3_throughput_ElephantsDream,1789486562.81,0.104,0,0,0,0,0,0
CONT_s3_throughput_ElephantsDream,1789486562.914,0.104,0,0,0,0,0,0
CONT_s3_throughput_ElephantsDream,1789486563.018,0.1039,0,0,0,0,0,0
CONT_s3_throughput_ElephantsDream,1789486563.121,0.1038,0,0,0,0,0,0
CONT_s3_throughput_ElephantsDream,1789486563.226,0.1041,0,0,0,0,0,0
CONT_s3_throughput_ElephantsDream,1789486563.332,0.1068,0,0,0,0,0,0
CONT_s3_throughput_ElephantsDream,1789486563.436,0.1039,15711,12,0,246815919.7,4008813.8,2
CONT_s3_throughput_ElephantsDream,1789486563.54,0.1039,7552,6,0,204957491.5,111922582.7,2
CONT_s3_throughput_ElephantsDream,1789486563.644,0.1043,7552,6,0,173109170.8,785940.0,2
CONT_s3_throughput_ElephantsDream,1789486563.748,0.104,7552,6,0,149091454.5,232318431.4,2
CONT_s3_throughput_ElephantsDream,1789486563.852,0.1039,7552,6,0,130824554.5,232372863.1,2
CONT_s3_throughput_ElephantsDream,1789486563.956,0.1042,0,0,0,0,0,0
CONT_s3_throughput_ElephantsDream,1789486564.06,0.1038,7552,6,0,116771743.7,231874148.0,2
CONT_s3_throughput_ElephantsDream,1789486564.164,0.104,7552,6,0,105831324.3,231803243.0,2
CONT_s3_throughput_ElephantsDream,1789486564.268,0.104,7552,6,0,97192739.5,231976055.7,2
CONT_s3_throughput_ElephantsDream,1789486564.372,0.1039,7552,6,0,90260603.2,232388281.9,2
CONT_s3_throughput_ElephantsDream,1789486564.476,0.1039,7552,6,0,84607555.3,232457119.9,2
CONT_s3_throughput_ElephantsDream,1789486564.58,0.1039,7552,6,0,79919442.8,232303972.7,2
CONT_s3_throughput_ElephantsDream,1789486564.684,0.1039,7552,6,0,75971303.8,232158502.2,2
CONT_s3_throughput_ElephantsDream,1789486564.788,0.1039,7552,6,0,72595599.2,232108630.5,2
CONT_s3_throughput_ElephantsDream,1789486564.892,0.104,0,0,0,0,0,0
CONT_s3_throughput_ElephantsDream,1789486564.996,0.1039,7552,6,0,69659078.3,232240936.0,2
CONT_s3_throughput_ElephantsDream,1789486565.099,0.1039,6612,6,0,66016478.8,217253300.3,2
CONT_s3_throughput_ElephantsDream,1789486565.203,0.104,0,0,0,0,0,0
CONT_s3_throughput_ElephantsDream,1789486565.307,0.104,0,0,0,0,0,0
CONT_s3_throughput_ElephantsDream,1789486565.411,0.104,0,0,0,0,0,0
CONT_s3_throughput_ElephantsDream,1789486565.515,0.1039,0,0,0,0,0,0
CONT_s3_throughput_ElephantsDream,1789486565.619,0.1039,0,0,0,0,0,0
CONT_s3_throughput_ElephantsDream,1789486565.723,0.1039,0,0,0,0,0,0
CONT_s3_throughput_ElephantsDream,1789486565.827,0.1043,0,0,0,0,0,0
CONT_s3_throughput_ElephantsDream,1789486565.931,0.104,0,0,0,0,0,0
CONT_s3_throughput_ElephantsDream,1789486566.035,0.1038,0,0,0,0,0,0
CONT_s3_throughput_ElephantsDream,1789486566.139,0.1039,0,0,0,0,0,0
CONT_s3_throughput_ElephantsDream,1789486566.243,0.1039,0,0,0,0,0,0
CONT_s3_throughput_ElephantsDream,1789486566.347,0.104,0,0,0,0,0,0
CONT_s3_throughput_ElephantsDream,1789486566.452,0.1052,0,0,0,0,0,0
CONT_s3_throughput_ElephantsDream,1789486566.556,0.1037,0,0,0,0,0,0
CONT_s3_throughput_ElephantsDream,1789486566.66,0.1039,0,0,0,0,0,0
CONT_s3_throughput_ElephantsDream,1789486566.764,0.1039,0,0,0,0,0,0
CONT_s3_throughput_ElephantsDream,1789486566.868,0.1039,0,0,0,0,0,0
CONT_s3_throughput_ElephantsDream,1789486566.972,0.1039,0,0,0,0,0,0
CONT_s3_throughput_ElephantsDream,1789486567.075,0.1039,17793,15,0,197540447.8,14094525.6,2
CONT_s3_throughput_ElephantsDream,1789486567.179,0.1039,0,0,0,0,0,0
CONT_s3_throughput_ElephantsDream,1789486567.283,0.1039,12052,9,0,135086682.4,1245881.0,2
CONT_s3_throughput_ElephantsDream,1789486567.387,0.1039,4552,4,0,158868239.0,254529617.3,2
CONT_s3_throughput_ElephantsDream,1789486567.491,0.104,7552,6,0,122446648.8,185267726.3,2
CONT_s3_throughput_ElephantsDream,1789486567.595,0.1039,7552,6,0,110141237.5,232238998.6,2
CONT_s3_throughput_ElephantsDream,1789486567.699,0.104,7552,6,0,100497729.5,232503176.0,2
CONT_s3_throughput_ElephantsDream,1789486567.803,0.1039,7552,6,0,92830582.2,232592574.4,2
CONT_s3_throughput_ElephantsDream,1789486567.907,0.104,0,0,0,0,0,0
CONT_s3_throughput_ElephantsDream,1789486568.011,0.104,7552,6,0,86632565.2,232602456.9,2
CONT_s3_throughput_ElephantsDream,1789486568.115,0.104,7552,6,0,81541939.0,232509904.2,2
CONT_s3_throughput_ElephantsDream,1789486568.219,0.1039,7552,6,0,77290108.0,232428076.9,2
CONT_s3_throughput_ElephantsDream,1789486568.323,0.1039,7552,6,0,73681083.2,232427426.8,2
CONT_s3_throughput_ElephantsDream,1789486568.427,0.1039,7552,6,0,70570156.2,232457248.1,2
CONT_s3_throughput_ElephantsDream,1789486568.531,0.104,9104,8,0,77922560.8,184980197.4,2
CONT_s3_throughput_ElephantsDream,1789486568.635,0.1039,4552,4,0,75186811.8,138715372.2,2
CONT_s3_throughput_ElephantsDream,1789486568.738,0.1038,4552,4,0,72622660.5,138603619.5,2
CONT_s3_throughput_ElephantsDream,1789486568.843,0.1041,8270,8,0,67972688.0,143703093.0,2
CONT_s3_throughput_ElephantsDream,1789486568.948,0.1056,0,0,0,0,0,0
CONT_s3_throughput_ElephantsDream,1789486569.052,0.1038,0,0,0,0,0,0
CONT_s3_throughput_ElephantsDream,1789486569.156,0.1039,0,0,0,0,0,0
CONT_s3_throughput_ElephantsDream,1789486569.26,0.1039,0,0,0,0,0,0
CONT_s3_throughput_ElephantsDream,1789486569.364,0.1041,0,0,0,0,0,0
CONT_s3_throughput_ElephantsDream,1789486569.468,0.1039,0,0,0,0,0,0
CONT_s3_throughput_ElephantsDream,1789486569.572,0.1039,0,0,0,0,0,0
CONT_s3_throughput_ElephantsDream,1789486569.678,0.1062,0,0,0,0,0,0
CONT_s3_throughput_ElephantsDream,1789486569.782,0.1042,0,0,0,0,0,0
CONT_s3_throughput_ElephantsDream,1789486569.886,0.1038,0,0,0,0,0,0
CONT_s3_throughput_ElephantsDream,1789486569.99,0.1039,2229,6,0,522548.0,260039.3,2
CONT_s3_throughput_ElephantsDream,1789486570.094,0.1041,17875,20,0,5470300.9,16801453.5,2
CONT_s3_throughput_ElephantsDream,1789486570.198,0.1039,9104,8,0,16472766.8,123777830.5,2
CONT_s3_throughput_ElephantsDream,1789486570.302,0.1041,4552,4,0,20214094.0,208248503.8,2
CONT_s3_throughput_ElephantsDream,1789486570.406,0.1042,7552,6,0,26032535.5,232533939.8,2
CONT_s3_throughput_ElephantsDream,1789486570.51,0.1041,7552,6,0,29071169.8,232558233.5,2
CONT_s3_throughput_ElephantsDream,1789486570.614,0.104,0,0,0,0,0,0
CONT_s3_throughput_ElephantsDream,1789486570.718,0.1039,9052,7,0,32015080.4,256232030.6,2
CONT_s3_throughput_ElephantsDream,1789486570.822,0.1039,9052,7,0,33501440.1,279473430.5,2
CONT_s3_throughput_ElephantsDream,1789486570.926,0.1041,9711,8,0,62428449.2,279505714.9,3
CONT_s3_throughput_ElephantsDream,1789486571.03,0.1041,6052,5,0,287317439.8,157435784.4,2
CONT_s3_throughput_ElephantsDream,1789486571.134,0.104,4552,4,0,40698159.2,161493188.3,2
CONT_s3_throughput_ElephantsDream,1789486571.238,0.104,7604,7,0,146189288.6,181029212.7,4
CONT_s3_throughput_ElephantsDream,1789486571.343,0.1043,9104,8,0,131270075.2,252924174.9,4
CONT_s3_throughput_ElephantsDream,1789486571.449,0.1059,4552,4,0,93383065.8,640440.0,3
CONT_s3_throughput_ElephantsDream,1789486571.553,0.104,9156,9,0,160585326.2,333626294.9,4
CONT_s3_throughput_ElephantsDream,1789486571.657,0.1041,4552,4,0,56376329.8,231415879.7,2
CONT_s3_throughput_ElephantsDream,1789486571.761,0.1041,9156,9,0,198179096.3,306653607.8,2
CONT_s3_throughput_ElephantsDream,1789486571.865,0.1042,4552,4,0,67763213.0,277848236.5,2
CONT_s3_throughput_ElephantsDream,1789486571.969,0.1041,6104,6,0,115202791.2,249956515.6,4
CONT_s3_throughput_ElephantsDream,1789486572.073,0.1042,7604,7,0,120027576.0,207208116.1,4
CONT_s3_throughput_ElephantsDream,1789486572.177,0.1041,7604,7,0,117363785.9,200470396.3,4
CONT_s3_throughput_ElephantsDream,1789486572.281,0.1041,7604,7,0,115481366.3,230667284.0,4
CONT_s3_throughput_ElephantsDream,1789486572.385,0.104,4552,4,0,67158789.2,230960930.4,2
CONT_s3_throughput_ElephantsDream,1789486572.489,0.1041,7604,7,0,156055263.1,242356292.4,2
CONT_s3_throughput_ElephantsDream,1789486572.593,0.1041,4552,4,0,74813817.2,254317727.0,2
CONT_s3_throughput_ElephantsDream,1789486572.698,0.1041,9104,8,0,111688705.0,265706015.7,4
CONT_s3_throughput_ElephantsDream,1789486572.802,0.104,4552,4,0,140103830.5,277187607.4,2
CONT_s3_throughput_ElephantsDream,1789486572.906,0.1042,9104,8,0,76715005.0,277452267.8,2
CONT_s3_throughput_ElephantsDream,1789486573.01,0.1041,4552,4,0,142018466.2,277843785.8,2
CONT_s3_throughput_ElephantsDream,1789486573.114,0.104,9104,8,0,108483186.9,277540335.6,4
CONT_s3_throughput_ElephantsDream,1789486573.218,0.104,4552,4,0,80890702.0,277307395.3,2
CONT_s3_throughput_ElephantsDream,1789486573.322,0.104,9104,8,0,125098885.8,277507800.5,2
CONT_s3_throughput_ElephantsDream,1789486573.426,0.1042,4552,4,0,89179919.8,277533658.5,2
CONT_s3_throughput_ElephantsDream,1789486573.53,0.1041,9104,8,0,106634233.9,277273707.3,4
CONT_s3_throughput_ElephantsDream,1789486573.634,0.104,3052,3,0,131831818.3,253341103.7,2
CONT_s3_throughput_ElephantsDream,1789486573.738,0.104,9104,8,0,84323787.5,254216918.5,2
CONT_s3_throughput_ElephantsDream,1789486573.842,0.1041,6104,6,0,131751875.0,229807193.4,2
CONT_s3_throughput_ElephantsDream,1789486573.95,0.1075,9104,8,0,82296325.8,231129713.9,2
CONT_s3_throughput_ElephantsDream,1789486574.054,0.1046,6104,6,0,131410892.3,229679615.9,2
CONT_s3_throughput_ElephantsDream,1789486574.158,0.1041,4552,4,0,85914773.5,230802433.2,2
CONT_s3_throughput_ElephantsDream,1789486574.263,0.1041,9104,8,0,104034281.2,231178355.5,4
CONT_s3_throughput_ElephantsDream,1789486574.367,0.1041,6104,6,0,107771004.2,241804404.0,4
CONT_s3_throughput_ElephantsDream,1789486574.471,0.1041,7604,7,0,80029920.4,276933878.4,2
CONT_s3_throughput_ElephantsDream,1789486574.575,0.1042,7552,6,0,113801131.3,278707136.2,2
CONT_s3_throughput_ElephantsDream,1789486574.679,0.1041,6156,7,0,98048215.1,216134140.5,3
CONT_s3_throughput_ElephantsDream,1789486574.783,0.1041,4552,4,0,118926548.0,231252450.1,2
CONT_s3_throughput_ElephantsDream,1789486574.887,0.1041,9104,8,0,99549802.5,243140088.9,4
CONT_s3_throughput_ElephantsDream,1789486574.991,0.1041,3052,3,0,87924290.0,252966188.4,2
CONT_s3_throughput_ElephantsDream,1789486575.095,0.1041,9104,8,0,105787256.0,254320065.4,2
CONT_s3_throughput_ElephantsDream,1789486575.2,0.1041,7604,7,0,92217638.1,254001729.1,2
CONT_s3_throughput_ElephantsDream,1789486575.304,0.1041,6972,8,0,109203168.1,209890102.2,2
CONT_s3_throughput_ElephantsDream,1789486575.408,0.1041,7604,7,0,90501625.9,326535705.6,2
CONT_s3_throughput_ElephantsDream,1789486575.512,0.1041,4552,4,0,106541452.8,180785991.0,2
CONT_s3_throughput_ElephantsDream,1789486575.616,0.1043,7604,7,0,99930125.3,387939785.7,4
CONT_s3_throughput_ElephantsDream,1789486575.72,0.1042,7604,7,0,99696233.4,230949036.6,4
CONT_s3_throughput_ElephantsDream,1789486575.824,0.1042,6052,5,0,95524270.4,231482079.8,3
CONT_s3_throughput_ElephantsDream,1789486575.929,0.1042,6104,6,0,97138202.7,253698707.3,2
CONT_s3_throughput_ElephantsDream,1789486576.033,0.1041,4552,4,0,100538716.0,254647003.4,2
CONT_s3_throughput_ElephantsDream,1789486576.137,0.104,9104,8,0,98316681.2,254309162.3,4
CONT_s3_throughput_ElephantsDream,1789486576.241,0.1041,4552,4,0,95603072.5,277325363.8,2
CONT_s3_throughput_ElephantsDream,1789486576.345,0.104,9104,8,0,96236943.0,277519482.4,2
CONT_s3_throughput_ElephantsDream,1789486576.45,0.1056,4552,4,0,102373870.2,277344711.0,2
CONT_s3_throughput_ElephantsDream,1789486576.555,0.1041,9104,8,0,99716569.6,277682394.5,4
CONT_s3_throughput_ElephantsDream,1789486576.659,0.1041,4552,4,0,97374117.8,277823109.3,2
CONT_s3_throughput_ElephantsDream,1789486576.763,0.1041,9104,8,0,96394031.5,277525540.6,2
CONT_s3_throughput_ElephantsDream,1789486576.867,0.1041,4552,4,0,104371381.2,277363272.7,2
CONT_s3_throughput_ElephantsDream,1789486576.971,0.1043,9104,8,0,100643443.4,277681913.8,4
CONT_s3_throughput_ElephantsDream,1789486577.075,0.1042,4552,4,0,96764465.8,277606865.2,2
CONT_s3_throughput_ElephantsDream,1789486577.179,0.1041,9104,8,0,98625841.0,277495187.4,2
CONT_s3_throughput_ElephantsDream,1789486577.284,0.1041,4552,4,0,103508397.0,277402560.1,2
CONT_s3_throughput_ElephantsDream,1789486577.388,0.1042,9104,8,0,101242699.2,277555893.6,4
CONT_s3_throughput_ElephantsDream,1789486577.492,0.1041,4552,4,0,98973054.5,277307574.5,2
CONT_s3_throughput_ElephantsDream,1789486577.596,0.104,9104,8,0,97405168.2,277624820.2,2
CONT_s3_throughput_ElephantsDream,1789486577.7,0.1041,4552,4,0,105686737.8,277791502.2,2
CONT_s3_throughput_ElephantsDream,1789486577.804,0.1041,9104,8,0,101687490.4,277498046.2,4
CONT_s3_throughput_ElephantsDream,1789486577.908,0.1043,4552,4,0,97690593.5,277471645.9,2
CONT_s3_throughput_ElephantsDream,1789486578.013,0.1041,9104,8,0,99461960.2,277520678.5,2
CONT_s3_throughput_ElephantsDream,1789486578.117,0.104,4552,4,0,104394831.0,277529717.3,2
CONT_s3_throughput_ElephantsDream,1789486578.221,0.1041,9104,8,0,102032481.4,277258251.8,4
CONT_s3_throughput_ElephantsDream,1789486578.325,0.1041,4552,4,0,99591065.5,277405928.0,2
CONT_s3_throughput_ElephantsDream,1789486578.429,0.1043,9104,8,0,98193241.0,277505896.8,2
CONT_s3_throughput_ElephantsDream,1789486578.533,0.1041,4552,4,0,106203454.0,277508667.7,2
CONT_s3_throughput_ElephantsDream,1789486578.637,0.1041,4552,4,0,99654004.2,277166890.0,2
CONT_s3_throughput_ElephantsDream,1789486578.742,0.1043,9104,8,0,98377671.5,277544177.2,2
CONT_s3_throughput_ElephantsDream,1789486578.846,0.1041,4552,4,0,106254655.8,277847212.0,2
CONT_s3_throughput_ElephantsDream,1789486578.952,0.106,9104,8,0,102373487.0,277591492.2,4
CONT_s3_throughput_ElephantsDream,1789486579.056,0.1042,4552,4,0,98564971.5,277349507.9,2
CONT_s3_throughput_ElephantsDream,1789486579.16,0.1041,9104,8,0,99751060.2,277392086.8,2
CONT_s3_throughput_ElephantsDream,1789486579.264,0.1041,4552,4,0,105228121.0,277398263.0,2
CONT_s3_throughput_ElephantsDream,1789486579.368,0.1041,10781,10,0,97005905.4,203621938.0,4
CONT_s3_throughput_ElephantsDream,1789486579.472,0.1041,3052,3,0,92135551.3,130194245.5,2
CONT_s3_throughput_ElephantsDream,1789486579.576,0.1041,9104,8,0,92304580.5,182239311.1,2
CONT_s3_throughput_ElephantsDream,1789486579.68,0.104,6104,6,0,98341775.7,230040723.0,2
CONT_s3_throughput_ElephantsDream,1789486579.785,0.1042,9104,8,0,89514027.5,231196800.7,2
CONT_s3_throughput_ElephantsDream,1789486579.889,0.1042,6104,6,0,98978242.0,276088005.2,2
CONT_s3_throughput_ElephantsDream,1789486579.993,0.1041,4552,4,0,92753977.8,230788442.7,2
CONT_s3_throughput_ElephantsDream,1789486580.097,0.1041,9144,9,0,99051906.7,277812249.9,4
CONT_s3_throughput_ElephantsDream,1789486580.201,0.1041,4500,3,0,82147110.0,280554979.0,1
CONT_s3_throughput_ElephantsDream,1789486580.305,0.1043,9104,8,0,90428295.2,277393969.1,2
CONT_s3_throughput_ElephantsDream,1789486580.41,0.1042,4552,4,0,84017760.2,138044063.3,2
CONT_s3_throughput_ElephantsDream,1789486580.514,0.1042,9104,8,0,73771663.8,138338052.4,2
CONT_s3_throughput_ElephantsDream,1789486580.618,0.1042,4552,4,0,69670164.0,138646767.1,2
CONT_s3_throughput_ElephantsDream,1789486580.722,0.1041,9104,8,0,63004789.8,138661343.4,2
CONT_s3_throughput_ElephantsDream,1789486580.826,0.1042,4552,4,0,60302827.8,138673567.7,2
CONT_s3_throughput_ElephantsDream,1789486580.931,0.1043,4704,6,0,57463571.3,103327907.6,2
CONT_s3_throughput_ElephantsDream,1789486581.035,0.1042,0,0,0,0,0,0
CONT_s3_throughput_ElephantsDream,1789486581.139,0.104,0,0,0,0,0,0
CONT_s3_throughput_ElephantsDream,1789486581.243,0.1041,0,0,0,0,0,0
CONT_s3_throughput_ElephantsDream,1789486581.347,0.1041,0,0,0,0,0,0
CONT_s3_throughput_ElephantsDream,1789486581.453,0.106,0,0,0,0,0,0
CONT_s3_throughput_ElephantsDream,1789486581.557,0.1039,0,0,0,0,0,0
CONT_s3_throughput_ElephantsDream,1789486581.661,0.104,0,0,0,0,0,0
CONT_s3_throughput_ElephantsDream,1789486581.765,0.1041,0,0,0,0,0,0
CONT_s3_throughput_ElephantsDream,1789486581.869,0.104,0,0,0,0,0,0
CONT_s3_throughput_ElephantsDream,1789486581.973,0.1041,0,0,0,0,0,0
CONT_s3_throughput_ElephantsDream,1789486582.077,0.1041,0,0,0,0,0,0
CONT_s3_throughput_ElephantsDream,1789486582.181,0.104,0,0,0,0,0,0
CONT_s3_throughput_ElephantsDream,1789486582.285,0.1041,0,0,0,0,0,0
CONT_s3_throughput_ElephantsDream,1789486582.389,0.1041,0,0,0,0,0,0
CONT_s3_throughput_ElephantsDream,1789486582.493,0.1042,0,0,0,0,0,0
CONT_s3_throughput_ElephantsDream,1789486582.597,0.104,0,0,0,0,0,0
CONT_s3_throughput_ElephantsDream,1789486582.701,0.104,0,0,0,0,0,0
CONT_s3_throughput_ElephantsDream,1789486582.805,0.1041,0,0,0,0,0,0
CONT_s3_throughput_ElephantsDream,1789486582.91,0.1042,0,0,0,0,0,0
CONT_s3_throughput_ElephantsDream,1789486583.014,0.1041,0,0,0,0,0,0
CONT_s3_throughput_ElephantsDream,1789486583.118,0.104,0,0,0,0,0,0
CONT_s3_throughput_ElephantsDream,1789486583.222,0.104,0,0,0,0,0,0
CONT_s3_throughput_ElephantsDream,1789486583.326,0.1041,0,0,0,0,0,0
CONT_s3_throughput_ElephantsDream,1789486583.43,0.1043,13209,11,0,269916639.2,2286413.2,2
CONT_s3_throughput_ElephantsDream,1789486583.534,0.1041,6582,6,0,203387602.7,41876035.2,2
CONT_s3_throughput_ElephantsDream,1789486583.638,0.1041,7552,6,0,169587733.5,762384.0,2
CONT_s3_throughput_ElephantsDream,1789486583.742,0.104,7552,6,0,143768925.2,232319228.3,2
CONT_s3_throughput_ElephantsDream,1789486583.847,0.1041,7552,6,0,124370609.2,232362506.5,2
CONT_s3_throughput_ElephantsDream,1789486583.952,0.105,7552,6,0,109671602.8,232517579.6,2
CONT_s3_throughput_ElephantsDream,1789486584.056,0.1041,0,0,0,0,0,0
CONT_s3_throughput_ElephantsDream,1789486584.16,0.1043,7552,6,0,98413396.7,232615626.0,2
CONT_s3_throughput_ElephantsDream,1789486584.264,0.1041,7552,6,0,89678033.2,232124497.4,2
CONT_s3_throughput_ElephantsDream,1789486584.368,0.1041,7552,6,0,82814315.0,232144143.6,2
CONT_s3_throughput_ElephantsDream,1789486584.473,0.1045,7552,6,0,77341790.2,232223250.1,2
CONT_s3_throughput_ElephantsDream,1789486584.577,0.1041,7552,6,0,72901849.7,232090867.2,2
CONT_s3_throughput_ElephantsDream,1789486584.681,0.1041,7552,6,0,69242214.0,232508392.2,2
CONT_s3_throughput_ElephantsDream,1789486584.785,0.1041,7552,6,0,66174993.7,232508826.7,2
CONT_s3_throughput_ElephantsDream,1789486584.889,0.1041,7552,6,0,63559861.3,231944223.6,2
CONT_s3_throughput_ElephantsDream,1789486584.993,0.1041,0,0,0,0,0,0
CONT_s3_throughput_ElephantsDream,1789486585.097,0.1042,7552,6,0,61301969.2,231819212.0,2
CONT_s3_throughput_ElephantsDream,1789486585.201,0.1041,7552,6,0,59320248.2,231826562.8,2
CONT_s3_throughput_ElephantsDream,1789486585.305,0.1041,7552,6,0,57563188.2,232209951.5,2
CONT_s3_throughput_ElephantsDream,1789486585.41,0.1043,11942,12,0,61930050.3,115623804.2,2
CONT_s3_throughput_ElephantsDream,1789486585.514,0.1041,7552,6,0,50563238.5,113534055.8,2
CONT_s3_throughput_ElephantsDream,1789486585.618,0.1043,0,0,0,0,0,0
CONT_s3_throughput_ElephantsDream,1789486585.722,0.1041,7552,6,0,50142618.8,613922.0,2
CONT_s3_throughput_ElephantsDream,1789486585.826,0.1041,7552,6,0,49584906.0,232533449.8,2
CONT_s3_throughput_ElephantsDream,1789486585.931,0.1044,7552,6,0,48962648.7,232506157.5,2
CONT_s3_throughput_ElephantsDream,1789486586.035,0.1042,7552,6,0,48306902.2,232514143.4,2
CONT_s3_throughput_ElephantsDream,1789486586.139,0.104,7552,6,0,47640271.5,232385266.3,2
CONT_s3_throughput_ElephantsDream,1789486586.243,0.104,7552,6,0,46977374.8,232167743.3,2
CONT_s3_throughput_ElephantsDream,1789486586.347,0.1041,7552,6,0,46325250.5,232312716.3,2
CONT_s3_throughput_ElephantsDream,1789486586.453,0.1062,7552,6,0,45696339.7,232203724.1,2
CONT_s3_throughput_ElephantsDream,1789486586.557,0.1042,0,0,0,0,0,0
CONT_s3_throughput_ElephantsDream,1789486586.661,0.104,7552,6,0,45094237.8,232070852.0,2
CONT_s3_throughput_ElephantsDream,1789486586.765,0.104,7552,6,0,44518866.2,231907400.0,2
CONT_s3_throughput_ElephantsDream,1789486586.869,0.104,7552,6,0,43970626.8,232399169.8,2
CONT_s3_throughput_ElephantsDream,1789486586.974,0.1041,7592,7,0,44669463.4,234090836.0,2
CONT_s3_throughput_ElephantsDream,1789486587.078,0.1041,4006,3,0,42053394.0,179250561.0,1
CONT_s3_throughput_ElephantsDream,1789486587.182,0.1041,0,0,0,0,0,0
CONT_s3_throughput_ElephantsDream,1789486587.286,0.1041,0,0,0,0,0,0
CONT_s3_throughput_ElephantsDream,1789486587.39,0.1042,0,0,0,0,0,0
CONT_s3_throughput_ElephantsDream,1789486587.494,0.1041,0,0,0,0,0,0
CONT_s3_throughput_ElephantsDream,1789486587.598,0.104,0,0,0,0,0,0
CONT_s3_throughput_ElephantsDream,1789486587.702,0.104,0,0,0,0,0,0
CONT_s3_throughput_ElephantsDream,1789486587.806,0.1041,0,0,0,0,0,0
CONT_s3_throughput_ElephantsDream,1789486587.91,0.1042,0,0,0,0,0,0
CONT_s3_throughput_ElephantsDream,1789486588.015,0.1041,0,0,0,0,0,0
CONT_s3_throughput_ElephantsDream,1789486588.119,0.104,0,0,0,0,0,0
CONT_s3_throughput_ElephantsDream,1789486588.223,0.1041,0,0,0,0,0,0
CONT_s3_throughput_ElephantsDream,1789486588.327,0.1043,0,0,0,0,0,0
CONT_s3_throughput_ElephantsDream,1789486588.431,0.1046,0,0,0,0,0,0
CONT_s3_throughput_ElephantsDream,1789486588.536,0.1041,0,0,0,0,0,0
CONT_s3_throughput_ElephantsDream,1789486588.64,0.104,0,0,0,0,0,0
CONT_s3_throughput_ElephantsDream,1789486588.744,0.1041,0,0,0,0,0,0
CONT_s3_throughput_ElephantsDream,1789486588.848,0.1041,0,0,0,0,0,0
CONT_s3_throughput_ElephantsDream,1789486588.953,0.1053,0,0,0,0,0,0
CONT_s3_throughput_ElephantsDream,1789486589.057,0.1041,0,0,0,0,0,0
CONT_s3_throughput_ElephantsDream,1789486589.161,0.104,0,0,0,0,0,0
CONT_s3_throughput_ElephantsDream,1789486589.265,0.1041,0,0,0,0,0,0
CONT_s3_throughput_ElephantsDream,1789486589.369,0.104,0,0,0,0,0,0
CONT_s3_throughput_ElephantsDream,1789486589.473,0.104,0,0,0,0,0,0
CONT_s3_throughput_ElephantsDream,1789486589.577,0.1041,0,0,0,0,0,0
CONT_s3_throughput_ElephantsDream,1789486589.681,0.104,0,0,0,0,0,0
CONT_s3_throughput_ElephantsDream,1789486589.785,0.1041,0,0,0,0,0,0
CONT_s3_throughput_ElephantsDream,1789486589.889,0.104,0,0,0,0,0,0
CONT_s3_throughput_ElephantsDream,1789486589.994,0.1041,0,0,0,0,0,0
CONT_s3_throughput_ElephantsDream,1789486590.098,0.104,0,0,0,0,0,0
CONT_s3_throughput_ElephantsDream,1789486590.202,0.1041,0,0,0,0,0,0
CONT_s3_throughput_ElephantsDream,1789486590.306,0.1041,0,0,0,0,0,0
CONT_s3_throughput_ElephantsDream,1789486590.41,0.1042,0,0,0,0,0,0
CONT_s3_throughput_ElephantsDream,1789486590.514,0.1041,0,0,0,0,0,0
CONT_s3_throughput_ElephantsDream,1789486590.618,0.1041,0,0,0,0,0,0
CONT_s3_throughput_ElephantsDream,1789486590.722,0.1041,0,0,0,0,0,0
CONT_s3_throughput_ElephantsDream,1789486590.826,0.1042,0,0,0,0,0,0
CONT_s3_throughput_ElephantsDream,1789486590.931,0.1041,0,0,0,0,0,0
CONT_s3_throughput_ElephantsDream,1789486591.035,0.1041,0,0,0,0,0,0
CONT_s3_throughput_ElephantsDream,1789486591.139,0.104,0,0,0,0,0,0
CONT_s3_throughput_ElephantsDream,1789486591.243,0.1041,0,0,0,0,0,0
CONT_s3_throughput_ElephantsDream,1789486591.347,0.1041,0,0,0,0,0,0
CONT_s3_throughput_ElephantsDream,1789486591.452,0.1053,0,0,0,0,0,0
CONT_s3_throughput_ElephantsDream,1789486591.556,0.1041,0,0,0,0,0,0
CONT_s3_throughput_ElephantsDream,1789486591.66,0.1041,0,0,0,0,0,0
CONT_s3_throughput_ElephantsDream,1789486591.764,0.104,0,0,0,0,0,0
CONT_s3_throughput_ElephantsDream,1789486591.868,0.104,0,0,0,0,0,0
CONT_s3_throughput_ElephantsDream,1789486591.973,0.104,0,0,0,0,0,0
CONT_s3_throughput_ElephantsDream,1789486592.077,0.1041,0,0,0,0,0,0
CONT_s3_throughput_ElephantsDream,1789486592.181,0.104,0,0,0,0,0,0
CONT_s3_throughput_ElephantsDream,1789486592.285,0.104,0,0,0,0,0,0
CONT_s3_throughput_ElephantsDream,1789486592.389,0.104,0,0,0,0,0,0
CONT_s3_throughput_ElephantsDream,1789486592.493,0.1041,0,0,0,0,0,0
CONT_s3_throughput_ElephantsDream,1789486592.597,0.104,0,0,0,0,0,0
CONT_s3_throughput_ElephantsDream,1789486592.701,0.1039,0,0,0,0,0,0
CONT_s3_throughput_ElephantsDream,1789486592.805,0.104,0,0,0,0,0,0
CONT_s3_throughput_ElephantsDream,1789486592.909,0.1042,0,0,0,0,0,0
CONT_s3_throughput_ElephantsDream,1789486593.013,0.1045,0,0,0,0,0,0
CONT_s3_throughput_ElephantsDream,1789486593.117,0.1041,0,0,0,0,0,0
CONT_s3_throughput_ElephantsDream,1789486593.221,0.104,0,0,0,0,0,0
CONT_s3_throughput_ElephantsDream,1789486593.325,0.104,0,0,0,0,0,0
CONT_s3_throughput_ElephantsDream,1789486593.43,0.1043,0,0,0,0,0,0
CONT_s3_throughput_ElephantsDream,1789486593.534,0.1041,0,0,0,0,0,0
CONT_s3_throughput_ElephantsDream,1789486593.638,0.104,0,0,0,0,0,0
CONT_s3_throughput_ElephantsDream,1789486593.742,0.104,0,0,0,0,0,0
CONT_s3_throughput_ElephantsDream,1789486593.846,0.1041,0,0,0,0,0,0
CONT_s3_throughput_ElephantsDream,1789486593.951,0.1052,0,0,0,0,0,0
CONT_s3_throughput_ElephantsDream,1789486594.055,0.1042,0,0,0,0,0,0
CONT_s3_throughput_ElephantsDream,1789486594.159,0.104,0,0,0,0,0,0
CONT_s3_throughput_ElephantsDream,1789486594.263,0.1041,0,0,0,0,0,0
CONT_s3_throughput_ElephantsDream,1789486594.367,0.1041,0,0,0,0,0,0
CONT_s3_throughput_ElephantsDream,1789486594.472,0.1042,0,0,0,0,0,0
CONT_s3_throughput_ElephantsDream,1789486594.576,0.1041,0,0,0,0,0,0
CONT_s3_throughput_ElephantsDream,1789486594.68,0.104,0,0,0,0,0,0
CONT_s3_throughput_ElephantsDream,1789486594.784,0.104,0,0,0,0,0,0
CONT_s3_throughput_ElephantsDream,1789486594.888,0.1044,0,0,0,0,0,0
CONT_s3_throughput_ElephantsDream,1789486594.992,0.1041,0,0,0,0,0,0
CONT_s3_throughput_ElephantsDream,1789486595.096,0.104,0,0,0,0,0,0
CONT_s3_throughput_ElephantsDream,1789486595.2,0.1041,0,0,0,0,0,0
CONT_s3_throughput_ElephantsDream,1789486595.304,0.104,0,0,0,0,0,0
CONT_s3_throughput_ElephantsDream,1789486595.408,0.104,0,0,0,0,0,0
CONT_s3_throughput_ElephantsDream,1789486595.513,0.1042,0,0,0,0,0,0
CONT_s3_throughput_ElephantsDream,1789486595.617,0.104,0,0,0,0,0,0
CONT_s3_throughput_ElephantsDream,1789486595.721,0.1039,0,0,0,0,0,0
CONT_s3_throughput_ElephantsDream,1789486595.825,0.104,0,0,0,0,0,0
CONT_s3_throughput_ElephantsDream,1789486595.93,0.1053,0,0,0,0,0,0
CONT_s3_throughput_ElephantsDream,1789486596.034,0.104,0,0,0,0,0,0
CONT_s3_throughput_ElephantsDream,1789486596.138,0.1041,0,0,0,0,0,0
CONT_s3_throughput_ElephantsDream,1789486596.242,0.1041,0,0,0,0,0,0
CONT_s3_throughput_ElephantsDream,1789486596.346,0.1042,0,0,0,0,0,0
CONT_s3_throughput_ElephantsDream,1789486596.452,0.1056,0,0,0,0,0,0
CONT_s3_throughput_ElephantsDream,1789486596.556,0.1041,0,0,0,0,0,0
CONT_s3_throughput_ElephantsDream,1789486596.66,0.104,0,0,0,0,0,0
CONT_s3_throughput_ElephantsDream,1789486596.764,0.104,0,0,0,0,0,0
CONT_s3_throughput_ElephantsDream,1789486596.868,0.1041,0,0,0,0,0,0
CONT_s3_throughput_ElephantsDream,1789486596.972,0.1041,0,0,0,0,0,0
CONT_s3_throughput_ElephantsDream,1789486597.076,0.104,0,0,0,0,0,0
CONT_s3_throughput_ElephantsDream,1789486597.18,0.1039,0,0,0,0,0,0
CONT_s3_throughput_ElephantsDream,1789486597.284,0.104,0,0,0,0,0,0
CONT_s3_throughput_ElephantsDream,1789486597.388,0.104,0,0,0,0,0,0
CONT_s3_throughput_ElephantsDream,1789486597.492,0.1041,0,0,0,0,0,0
CONT_s3_throughput_ElephantsDream,1789486597.596,0.1041,0,0,0,0,0,0
CONT_s3_throughput_ElephantsDream,1789486597.7,0.1041,0,0,0,0,0,0
CONT_s3_throughput_ElephantsDream,1789486597.805,0.1048,0,0,0,0,0,0
CONT_s3_throughput_ElephantsDream,1789486597.909,0.1043,0,0,0,0,0,0
CONT_s3_throughput_ElephantsDream,1789486598.013,0.1041,0,0,0,0,0,0
CONT_s3_throughput_ElephantsDream,1789486598.117,0.104,0,0,0,0,0,0
CONT_s3_throughput_ElephantsDream,1789486598.224,0.1062,0,0,0,0,0,0
CONT_s3_throughput_ElephantsDream,1789486598.328,0.1043,0,0,0,0,0,0
CONT_s3_throughput_ElephantsDream,1789486598.433,0.1053,0,0,0,0,0,0
CONT_s3_throughput_ElephantsDream,1789486598.537,0.1041,0,0,0,0,0,0
CONT_s3_throughput_ElephantsDream,1789486598.641,0.1041,0,0,0,0,0,0
CONT_s3_throughput_ElephantsDream,1789486598.745,0.1041,0,0,0,0,0,0
CONT_s3_throughput_ElephantsDream,1789486598.849,0.104,0,0,0,0,0,0
CONT_s3_throughput_ElephantsDream,1789486598.954,0.1046,0,0,0,0,0,0
CONT_s3_throughput_ElephantsDream,1789486599.058,0.104,0,0,0,0,0,0
CONT_s3_throughput_ElephantsDream,1789486599.162,0.1041,0,0,0,0,0,0
CONT_s3_throughput_ElephantsDream,1789486599.266,0.1042,0,0,0,0,0,0
CONT_s3_throughput_ElephantsDream,1789486599.37,0.1041,0,0,0,0,0,0
CONT_s3_throughput_ElephantsDream,1789486599.474,0.1041,0,0,0,0,0,0
CONT_s3_throughput_ElephantsDream,1789486599.578,0.1038,0,0,0,0,0,0
CONT_s3_throughput_ElephantsDream,1789486599.682,0.1042,0,0,0,0,0,0
CONT_s3_throughput_ElephantsDream,1789486599.787,0.1041,0,0,0,0,0,0
CONT_s3_throughput_ElephantsDream,1789486599.891,0.1043,0,0,0,0,0,0
CONT_s3_throughput_ElephantsDream,1789486599.995,0.1041,0,0,0,0,0,0
CONT_s3_throughput_ElephantsDream,1789486600.099,0.104,0,0,0,0,0,0
CONT_s3_throughput_ElephantsDream,1789486600.203,0.1042,0,0,0,0,0,0
CONT_s3_throughput_ElephantsDream,1789486600.307,0.1041,0,0,0,0,0,0
CONT_s3_throughput_ElephantsDream,1789486600.411,0.1042,0,0,0,0,0,0
CONT_s3_throughput_ElephantsDream,1789486600.515,0.1041,0,0,0,0,0,0
CONT_s3_throughput_ElephantsDream,1789486600.619,0.1038,0,0,0,0,0,0
CONT_s3_throughput_ElephantsDream,1789486600.723,0.1042,0,0,0,0,0,0
CONT_s3_throughput_ElephantsDream,1789486600.828,0.1047,0,0,0,0,0,0
CONT_s3_throughput_ElephantsDream,1789486600.932,0.1043,0,0,0,0,0,0
CONT_s3_throughput_ElephantsDream,1789486601.037,0.1041,0,0,0,0,0,0
CONT_s3_throughput_ElephantsDream,1789486601.141,0.104,0,0,0,0,0,0
CONT_s3_throughput_ElephantsDream,1789486601.245,0.1041,0,0,0,0,0,0
CONT_s3_throughput_ElephantsDream,1789486601.349,0.1041,0,0,0,0,0,0
CONT_s3_throughput_ElephantsDream,1789486601.454,0.1049,0,0,0,0,0,0
CONT_s3_throughput_ElephantsDream,1789486601.558,0.1041,0,0,0,0,0,0
CONT_s3_throughput_ElephantsDream,1789486601.662,0.1041,0,0,0,0,0,0
CONT_s3_throughput_ElephantsDream,1789486601.766,0.1041,0,0,0,0,0,0
CONT_s3_throughput_ElephantsDream,1789486601.87,0.1041,0,0,0,0,0,0
CONT_s3_throughput_ElephantsDream,1789486601.974,0.1041,0,0,0,0,0,0
CONT_s3_throughput_ElephantsDream,1789486602.078,0.104,0,0,0,0,0,0
CONT_s3_throughput_ElephantsDream,1789486602.182,0.104,0,0,0,0,0,0
CONT_s3_throughput_ElephantsDream,1789486602.286,0.1041,0,0,0,0,0,0
CONT_s3_throughput_ElephantsDream,1789486602.39,0.104,0,0,0,0,0,0
CONT_s3_throughput_ElephantsDream,1789486602.495,0.1041,0,0,0,0,0,0
CONT_s3_throughput_ElephantsDream,1789486602.599,0.1041,0,0,0,0,0,0
CONT_s3_throughput_ElephantsDream,1789486602.703,0.1041,0,0,0,0,0,0
CONT_s3_throughput_ElephantsDream,1789486602.807,0.1042,0,0,0,0,0,0
CONT_s3_throughput_ElephantsDream,1789486602.911,0.1041,0,0,0,0,0,0
CONT_s3_throughput_ElephantsDream,1789486603.015,0.1041,0,0,0,0,0,0
CONT_s3_throughput_ElephantsDream,1789486603.119,0.104,0,0,0,0,0,0
CONT_s3_throughput_ElephantsDream,1789486603.223,0.104,0,0,0,0,0,0
CONT_s3_throughput_ElephantsDream,1789486603.328,0.1043,0,0,0,0,0,0
CONT_s3_throughput_ElephantsDream,1789486603.432,0.1042,0,0,0,0,0,0
CONT_s3_throughput_ElephantsDream,1789486603.536,0.104,0,0,0,0,0,0
CONT_s3_throughput_ElephantsDream,1789486603.64,0.1041,0,0,0,0,0,0
CONT_s3_throughput_ElephantsDream,1789486603.744,0.1041,0,0,0,0,0,0
CONT_s3_throughput_ElephantsDream,1789486603.848,0.104,0,0,0,0,0,0
CONT_s3_throughput_ElephantsDream,1789486603.952,0.104,0,0,0,0,0,0
CONT_s3_throughput_ElephantsDream,1789486604.056,0.104,0,0,0,0,0,0
CONT_s3_throughput_ElephantsDream,1789486604.16,0.1041,0,0,0,0,0,0
CONT_s3_throughput_ElephantsDream,1789486604.264,0.1041,0,0,0,0,0,0
CONT_s3_throughput_ElephantsDream,1789486604.368,0.104,0,0,0,0,0,0
CONT_s3_throughput_ElephantsDream,1789486604.472,0.104,0,0,0,0,0,0
CONT_s3_throughput_ElephantsDream,1789486604.576,0.104,0,0,0,0,0,0
CONT_s3_throughput_ElephantsDream,1789486604.68,0.104,0,0,0,0,0,0
CONT_s3_throughput_ElephantsDream,1789486604.784,0.1041,0,0,0,0,0,0
CONT_s3_throughput_ElephantsDream,1789486604.888,0.1042,0,0,0,0,0,0
CONT_s3_throughput_ElephantsDream,1789486604.993,0.104,0,0,0,0,0,0
CONT_s3_throughput_ElephantsDream,1789486605.097,0.104,0,0,0,0,0,0
CONT_s3_throughput_ElephantsDream,1789486605.201,0.1042,0,0,0,0,0,0
CONT_s3_throughput_ElephantsDream,1789486605.305,0.1044,0,0,0,0,0,0
CONT_s3_throughput_ElephantsDream,1789486605.409,0.1041,0,0,0,0,0,0
CONT_s3_throughput_ElephantsDream,1789486605.513,0.1041,0,0,0,0,0,0
CONT_s3_throughput_ElephantsDream,1789486605.617,0.104,0,0,0,0,0,0
CONT_s3_throughput_ElephantsDream,1789486605.721,0.104,0,0,0,0,0,0
CONT_s3_throughput_ElephantsDream,1789486605.826,0.1042,0,0,0,0,0,0
CONT_s3_throughput_ElephantsDream,1789486605.93,0.1042,0,0,0,0,0,0
CONT_s3_throughput_ElephantsDream,1789486606.034,0.104,0,0,0,0,0,0
CONT_s3_throughput_ElephantsDream,1789486606.138,0.104,0,0,0,0,0,0
CONT_s3_throughput_ElephantsDream,1789486606.242,0.1041,0,0,0,0,0,0
CONT_s3_throughput_ElephantsDream,1789486606.346,0.1042,0,0,0,0,0,0
CONT_s3_throughput_ElephantsDream,1789486606.452,0.1057,0,0,0,0,0,0
CONT_s3_throughput_ElephantsDream,1789486606.556,0.104,0,0,0,0,0,0
