run_id,t_epoch,dt,delta_bytes,delta_packets,delta_reorder,jitter_ns,rtt_ns,active_flows
CONT_s7_throughput_TheSwissAccount,1789545563.069,0.1001,0,0,0,0,0,0
CONT_s7_throughput_TheSwissAccount,1789545563.17,0.1011,0,0,0,0,0,0
CONT_s7_throughput_TheSwissAccount,1789545563.271,0.101,0,0,0,0,0,0
CONT_s7_throughput_TheSwissAccount,1789545563.373,0.1013,0,0,0,0,0,0
CONT_s7_throughput_TheSwissAccount,1789545563.474,0.1013,0,0,0,0,0,0
CONT_s7_throughput_TheSwissAccount,1789545563.575,0.1012,0,0,0,0,0,0
CONT_s7_throughput_TheSwissAccount,1789545563.676,0.101,0,0,0,0,0,0
CONT_s7_throughput_TheSwissAccount,1789545563.777,0.101,0,0,0,0,0,0
CONT_s7_throughput_TheSwissAccount,1789545563.878,0.1012,0,0,0,0,0,0
CONT_s7_throughput_TheSwissAccount,1789545563.979,0.1013,0,0,0,0,0,0
CONT_s7_throughput_TheSwissAccount,1789545564.081,0.1011,0,0,0,0,0,0
CONT_s7_throughput_TheSwissAccount,1789545564.182,0.101,0,0,0,0,0,0
CONT_s7_throughput_TheSwissAccount,1789545564.283,0.101,0,0,0,0,0,0
CONT_s7_throughput_TheSwissAccount,1789545564.384,0.1012,0,0,0,0,0,0
CONT_s7_throughput_TheSwissAccount,1789545564.485,0.1012,0,0,0,0,0,0
CONT_s7_throughput_TheSwissAccount,1789545564.586,0.101,0,0,0,0,0,0
CONT_s7_throughput_TheSwissAccount,1789545564.687,0.101,0,0,0,0,0,0
CONT_s7_throughput_TheSwissAccount,1789545564.788,0.101,0,0,0,0,0,0
CONT_s7_throughput_TheSwissAccount,1789545564.889,0.1012,0,0,0,0,0,0
CONT_s7_throughput_TheSwissAccount,1789545564.99,0.1013,0,0,0,0,0,0
CONT_s7_throughput_TheSwissAccount,1789545565.091,0.101,0,0,0,0,0,0
CONT_s7_throughput_TheSwissAccount,1789545565.192,0.101,0,0,0,0,0,0
CONT_s7_throughput_TheSwissAccount,1789545565.293,0.1009,0,0,0,0,0,0
CONT_s7_throughput_TheSwissAccount,1789545565.394,0.1011,0,0,0,0,0,0
CONT_s7_throughput_TheSwissAccount,1789545565.496,0.1015,0,0,0,0,0,0
CONT_s7_throughput_TheSwissAccount,1789545565.597,0.1013,0,0,0,0,0,0
CONT_s7_throughput_TheSwissAccount,1789545565.699,0.1013,0,0,0,0,0,0
CONT_s7_throughput_TheSwissAccount,1789545565.8,0.1012,0,0,0,0,0,0
CONT_s7_throughput_TheSwissAccount,1789545565.901,0.1015,0,0,0,0,0,0
CONT_s7_throughput_TheSwissAccount,1789545566.003,0.1015,0,0,0,0,0,0
CONT_s7_throughput_TheSwissAccount,1789545566.104,0.1013,0,0,0,0,0,0
CONT_s7_throughput_TheSwissAccount,1789545566.205,0.1013,0,0,0,0,0,0
CONT_s7_throughput_TheSwissAccount,1789545566.307,0.1013,0,0,0,0,0,0
CONT_s7_throughput_TheSwissAccount,1789545566.408,0.1015,0,0,0,0,0,0
CONT_s7_throughput_TheSwissAccount,1789545566.51,0.1015,0,0,0,0,0,0
CONT_s7_throughput_TheSwissAccount,1789545566.611,0.1013,0,0,0,0,0,0
CONT_s7_throughput_TheSwissAccount,1789545566.712,0.1012,0,0,0,0,0,0
CONT_s7_throughput_TheSwissAccount,1789545566.813,0.1013,0,0,0,0,0,0
CONT_s7_throughput_TheSwissAccount,1789545566.915,0.1015,0,0,0,0,0,0
CONT_s7_throughput_TheSwissAccount,1789545567.016,0.1015,0,0,0,0,0,0
CONT_s7_throughput_TheSwissAccount,1789545567.118,0.1013,0,0,0,0,0,0
CONT_s7_throughput_TheSwissAccount,1789545567.219,0.1013,0,0,0,0,0,0
CONT_s7_throughput_TheSwissAccount,1789545567.32,0.1013,0,0,0,0,0,0
CONT_s7_throughput_TheSwissAccount,1789545567.422,0.1015,0,0,0,0,0,0
CONT_s7_throughput_TheSwissAccount,1789545567.523,0.1015,0,0,0,0,0,0
CONT_s7_throughput_TheSwissAccount,1789545567.624,0.1013,0,0,0,0,0,0
CONT_s7_throughput_TheSwissAccount,1789545567.726,0.1013,0,0,0,0,0,0
CONT_s7_throughput_TheSwissAccount,1789545567.828,0.1024,0,0,0,0,0,0
CONT_s7_throughput_TheSwissAccount,1789545567.93,0.1015,0,0,0,0,0,0
CONT_s7_throughput_TheSwissAccount,1789545568.031,0.1015,0,0,0,0,0,0
CONT_s7_throughput_TheSwissAccount,1789545568.132,0.1013,0,0,0,0,0,0
CONT_s7_throughput_TheSwissAccount,1789545568.234,0.1014,0,0,0,0,0,0
CONT_s7_throughput_TheSwissAccount,1789545568.336,0.1017,0,0,0,0,0,0
CONT_s7_throughput_TheSwissAccount,1789545568.439,0.1033,0,0,0,0,0,0
CONT_s7_throughput_TheSwissAccount,1789545568.54,0.1016,0,0,0,0,0,0
CONT_s7_throughput_TheSwissAccount,1789545568.642,0.1014,0,0,0,0,0,0
CONT_s7_throughput_TheSwissAccount,1789545568.743,0.1014,0,0,0,0,0,0
CONT_s7_throughput_TheSwissAccount,1789545568.845,0.1015,0,0,0,0,0,0
CONT_s7_throughput_TheSwissAccount,1789545568.948,0.1031,0,0,0,0,0,0
CONT_s7_throughput_TheSwissAccount,1789545569.049,0.1014,0,0,0,0,0,0
CONT_s7_throughput_TheSwissAccount,1789545569.15,0.1013,0,0,0,0,0,0
CONT_s7_throughput_TheSwissAccount,1789545569.252,0.1015,0,0,0,0,0,0
CONT_s7_throughput_TheSwissAccount,1789545569.353,0.1015,0,0,0,0,0,0
CONT_s7_throughput_TheSwissAccount,1789545569.455,0.1015,0,0,0,0,0,0
CONT_s7_throughput_TheSwissAccount,1789545569.556,0.1013,0,0,0,0,0,0
CONT_s7_throughput_TheSwissAccount,1789545569.658,0.1013,0,0,0,0,0,0
CONT_s7_throughput_TheSwissAccount,1789545569.759,0.1015,0,0,0,0,0,0
CONT_s7_throughput_TheSwissAccount,1789545569.861,0.1015,0,0,0,0,0,0
CONT_s7_throughput_TheSwissAccount,1789545569.962,0.1015,0,0,0,0,0,0
CONT_s7_throughput_TheSwissAccount,1789545570.063,0.1013,0,0,0,0,0,0
CONT_s7_throughput_TheSwissAccount,1789545570.165,0.1013,0,0,0,0,0,0
CONT_s7_throughput_TheSwissAccount,1789545570.266,0.1013,0,0,0,0,0,0
CONT_s7_throughput_TheSwissAccount,1789545570.367,0.1015,0,0,0,0,0,0
CONT_s7_throughput_TheSwissAccount,1789545570.469,0.1015,0,0,0,0,0,0
CONT_s7_throughput_TheSwissAccount,1789545570.57,0.1013,0,0,0,0,0,0
CONT_s7_throughput_TheSwissAccount,1789545570.672,0.1013,0,0,0,0,0,0
CONT_s7_throughput_TheSwissAccount,1789545570.773,0.1013,0,0,0,0,0,0
CONT_s7_throughput_TheSwissAccount,1789545570.874,0.1015,0,0,0,0,0,0
CONT_s7_throughput_TheSwissAccount,1789545570.976,0.1015,0,0,0,0,0,0
CONT_s7_throughput_TheSwissAccount,1789545571.077,0.1013,0,0,0,0,0,0
CONT_s7_throughput_TheSwissAccount,1789545571.179,0.1013,0,0,0,0,0,0
CONT_s7_throughput_TheSwissAccount,1789545571.28,0.1014,0,0,0,0,0,0
CONT_s7_throughput_TheSwissAccount,1789545571.381,0.1015,0,0,0,0,0,0
CONT_s7_throughput_TheSwissAccount,1789545571.483,0.1015,0,0,0,0,0,0
CONT_s7_throughput_TheSwissAccount,1789545571.584,0.1013,0,0,0,0,0,0
CONT_s7_throughput_TheSwissAccount,1789545571.685,0.1013,0,0,0,0,0,0
CONT_s7_throughput_TheSwissAccount,1789545571.787,0.1014,0,0,0,0,0,0
CONT_s7_throughput_TheSwissAccount,1789545571.888,0.1015,0,0,0,0,0,0
CONT_s7_throughput_TheSwissAccount,1789545571.99,0.1015,0,0,0,0,0,0
CONT_s7_throughput_TheSwissAccount,1789545572.091,0.1013,0,0,0,0,0,0
CONT_s7_throughput_TheSwissAccount,1789545572.192,0.1013,0,0,0,0,0,0
CONT_s7_throughput_TheSwissAccount,1789545572.294,0.1013,0,0,0,0,0,0
CONT_s7_throughput_TheSwissAccount,1789545572.395,0.1015,0,0,0,0,0,0
CONT_s7_throughput_TheSwissAccount,1789545572.497,0.1015,0,0,0,0,0,0
CONT_s7_throughput_TheSwissAccount,1789545572.598,0.1013,0,0,0,0,0,0
CONT_s7_throughput_TheSwissAccount,1789545572.699,0.1013,0,0,0,0,0,0
CONT_s7_throughput_TheSwissAccount,1789545572.801,0.1014,0,0,0,0,0,0
CONT_s7_throughput_TheSwissAccount,1789545572.902,0.1015,0,0,0,0,0,0
CONT_s7_throughput_TheSwissAccount,1789545573.004,0.1015,0,0,0,0,0,0
CONT_s7_throughput_TheSwissAccount,1789545573.105,0.1013,0,0,0,0,0,0
CONT_s7_throughput_TheSwissAccount,1789545573.207,0.1016,0,0,0,0,0,0
CONT_s7_throughput_TheSwissAccount,1789545573.309,0.1024,0,0,0,0,0,0
CONT_s7_throughput_TheSwissAccount,1789545573.411,0.1016,0,0,0,0,0,0
CONT_s7_throughput_TheSwissAccount,1789545573.512,0.1015,0,0,0,0,0,0
CONT_s7_throughput_TheSwissAccount,1789545573.613,0.1013,0,0,0,0,0,0
CONT_s7_throughput_TheSwissAccount,1789545573.715,0.1013,0,0,0,0,0,0
CONT_s7_throughput_TheSwissAccount,1789545573.816,0.1013,0,0,0,0,0,0
CONT_s7_throughput_TheSwissAccount,1789545573.918,0.1015,0,0,0,0,0,0
CONT_s7_throughput_TheSwissAccount,1789545574.019,0.1016,0,0,0,0,0,0
CONT_s7_throughput_TheSwissAccount,1789545574.121,0.1013,0,0,0,0,0,0
CONT_s7_throughput_TheSwissAccount,1789545574.222,0.1014,0,0,0,0,0,0
CONT_s7_throughput_TheSwissAccount,1789545574.323,0.1014,0,0,0,0,0,0
CONT_s7_throughput_TheSwissAccount,1789545574.425,0.1016,0,0,0,0,0,0
CONT_s7_throughput_TheSwissAccount,1789545574.526,0.1014,0,0,0,0,0,0
CONT_s7_throughput_TheSwissAccount,1789545574.628,0.1013,0,0,0,0,0,0
CONT_s7_throughput_TheSwissAccount,1789545574.729,0.1013,0,0,0,0,0,0
CONT_s7_throughput_TheSwissAccount,1789545574.831,0.1026,0,0,0,0,0,0
CONT_s7_throughput_TheSwissAccount,1789545574.933,0.1015,0,0,0,0,0,0
CONT_s7_throughput_TheSwissAccount,1789545575.034,0.1015,0,0,0,0,0,0
CONT_s7_throughput_TheSwissAccount,1789545575.136,0.1013,0,0,0,0,0,0
CONT_s7_throughput_TheSwissAccount,1789545575.237,0.1013,0,0,0,0,0,0
CONT_s7_throughput_TheSwissAccount,1789545575.338,0.1015,0,0,0,0,0,0
CONT_s7_throughput_TheSwissAccount,1789545575.44,0.1017,0,0,0,0,0,0
CONT_s7_throughput_TheSwissAccount,1789545575.542,0.1015,0,0,0,0,0,0
CONT_s7_throughput_TheSwissAccount,1789545575.643,0.1013,0,0,0,0,0,0
CONT_s7_throughput_TheSwissAccount,1789545575.744,0.1012,0,0,0,0,0,0
CONT_s7_throughput_TheSwissAccount,1789545575.846,0.1016,0,0,0,0,0,0
CONT_s7_throughput_TheSwissAccount,1789545575.948,0.1023,0,0,0,0,0,0
CONT_s7_throughput_TheSwissAccount,1789545576.049,0.1013,0,0,0,0,0,0
CONT_s7_throughput_TheSwissAccount,1789545576.151,0.1013,0,0,0,0,0,0
CONT_s7_throughput_TheSwissAccount,1789545576.252,0.1013,0,0,0,0,0,0
CONT_s7_throughput_TheSwissAccount,1789545576.353,0.1014,0,0,0,0,0,0
CONT_s7_throughput_TheSwissAccount,1789545576.455,0.1015,0,0,0,0,0,0
CONT_s7_throughput_TheSwissAccount,1789545576.556,0.1013,0,0,0,0,0,0
CONT_s7_throughput_TheSwissAccount,1789545576.657,0.1012,0,0,0,0,0,0
CONT_s7_throughput_TheSwissAccount,1789545576.759,0.1012,0,0,0,0,0,0
CONT_s7_throughput_TheSwissAccount,1789545576.86,0.1014,0,0,0,0,0,0
CONT_s7_throughput_TheSwissAccount,1789545576.962,0.1015,0,0,0,0,0,0
CONT_s7_throughput_TheSwissAccount,1789545577.063,0.1013,0,0,0,0,0,0
CONT_s7_throughput_TheSwissAccount,1789545577.164,0.1012,0,0,0,0,0,0
CONT_s7_throughput_TheSwissAccount,1789545577.265,0.1013,0,0,0,0,0,0
CONT_s7_throughput_TheSwissAccount,1789545577.367,0.1016,0,0,0,0,0,0
CONT_s7_throughput_TheSwissAccount,1789545577.468,0.1016,0,0,0,0,0,0
CONT_s7_throughput_TheSwissAccount,1789545577.57,0.1013,0,0,0,0,0,0
CONT_s7_throughput_TheSwissAccount,1789545577.671,0.1014,0,0,0,0,0,0
CONT_s7_throughput_TheSwissAccount,1789545577.773,0.1013,0,0,0,0,0,0
CONT_s7_throughput_TheSwissAccount,1789545577.874,0.1015,0,0,0,0,0,0
CONT_s7_throughput_TheSwissAccount,1789545577.976,0.1015,0,0,0,0,0,0
CONT_s7_throughput_TheSwissAccount,1789545578.077,0.1014,0,0,0,0,0,0
CONT_s7_throughput_TheSwissAccount,1789545578.178,0.1013,0,0,0,0,0,0
CONT_s7_throughput_TheSwissAccount,1789545578.28,0.1013,0,0,0,0,0,0
CONT_s7_throughput_TheSwissAccount,1789545578.381,0.1015,0,0,0,0,0,0
CONT_s7_throughput_TheSwissAccount,1789545578.483,0.1015,0,0,0,0,0,0
CONT_s7_throughput_TheSwissAccount,1789545578.584,0.1013,0,0,0,0,0,0
CONT_s7_throughput_TheSwissAccount,1789545578.685,0.1013,0,0,0,0,0,0
CONT_s7_throughput_TheSwissAccount,1789545578.786,0.1014,0,0,0,0,0,0
CONT_s7_throughput_TheSwissAccount,1789545578.888,0.1015,0,0,0,0,0,0
CONT_s7_throughput_TheSwissAccount,1789545578.99,0.1015,0,0,0,0,0,0
CONT_s7_throughput_TheSwissAccount,1789545579.091,0.1013,0,0,0,0,0,0
CONT_s7_throughput_TheSwissAccount,1789545579.192,0.1013,0,0,0,0,0,0
CONT_s7_throughput_TheSwissAccount,1789545579.293,0.1013,0,0,0,0,0,0
CONT_s7_throughput_TheSwissAccount,1789545579.395,0.1015,0,0,0,0,0,0
CONT_s7_throughput_TheSwissAccount,1789545579.496,0.1015,0,0,0,0,0,0
CONT_s7_throughput_TheSwissAccount,1789545579.598,0.1013,0,0,0,0,0,0
CONT_s7_throughput_TheSwissAccount,1789545579.699,0.1014,0,0,0,0,0,0
CONT_s7_throughput_TheSwissAccount,1789545579.801,0.1015,0,0,0,0,0,0
CONT_s7_throughput_TheSwissAccount,1789545579.902,0.1014,0,0,0,0,0,0
CONT_s7_throughput_TheSwissAccount,1789545580.003,0.1015,0,0,0,0,0,0
CONT_s7_throughput_TheSwissAccount,1789545580.105,0.1013,0,0,0,0,0,0
CONT_s7_throughput_TheSwissAccount,1789545580.206,0.1013,0,0,0,0,0,0
CONT_s7_throughput_TheSwissAccount,1789545580.307,0.1014,0,0,0,0,0,0
CONT_s7_throughput_TheSwissAccount,1789545580.409,0.1015,0,0,0,0,0,0
CONT_s7_throughput_TheSwissAccount,1789545580.51,0.1016,0,0,0,0,0,0
CONT_s7_throughput_TheSwissAccount,1789545580.612,0.1013,0,0,0,0,0,0
CONT_s7_throughput_TheSwissAccount,1789545580.713,0.1013,0,0,0,0,0,0
CONT_s7_throughput_TheSwissAccount,1789545580.814,0.1013,0,0,0,0,0,0
CONT_s7_throughput_TheSwissAccount,1789545580.916,0.1015,0,0,0,0,0,0
CONT_s7_throughput_TheSwissAccount,1789545581.017,0.1015,0,0,0,0,0,0
CONT_s7_throughput_TheSwissAccount,1789545581.119,0.1013,0,0,0,0,0,0
CONT_s7_throughput_TheSwissAccount,1789545581.22,0.1013,0,0,0,0,0,0
CONT_s7_throughput_TheSwissAccount,1789545581.321,0.1012,0,0,0,0,0,0
CONT_s7_throughput_TheSwissAccount,1789545581.423,0.1014,0,0,0,0,0,0
CONT_s7_throughput_TheSwissAccount,1789545581.524,0.1016,0,0,0,0,0,0
CONT_s7_throughput_TheSwissAccount,1789545581.625,0.1013,0,0,0,0,0,0
CONT_s7_throughput_TheSwissAccount,1789545581.727,0.1014,0,0,0,0,0,0
CONT_s7_throughput_TheSwissAccount,1789545581.83,0.1031,0,0,0,0,0,0
CONT_s7_throughput_TheSwissAccount,1789545581.931,0.1015,0,0,0,0,0,0
CONT_s7_throughput_TheSwissAccount,1789545582.033,0.1015,0,0,0,0,0,0
CONT_s7_throughput_TheSwissAccount,1789545582.134,0.1014,0,0,0,0,0,0
CONT_s7_throughput_TheSwissAccount,1789545582.236,0.1014,0,0,0,0,0,0
CONT_s7_throughput_TheSwissAccount,1789545582.337,0.1015,0,0,0,0,0,0
CONT_s7_throughput_TheSwissAccount,1789545582.44,0.1025,0,0,0,0,0,0
CONT_s7_throughput_TheSwissAccount,1789545582.541,0.1015,0,0,0,0,0,0
CONT_s7_throughput_TheSwissAccount,1789545582.642,0.1014,0,0,0,0,0,0
CONT_s7_throughput_TheSwissAccount,1789545582.744,0.1014,0,0,0,0,0,0
CONT_s7_throughput_TheSwissAccount,1789545582.845,0.1015,0,0,0,0,0,0
CONT_s7_throughput_TheSwissAccount,1789545582.948,0.1024,0,0,0,0,0,0
CONT_s7_throughput_TheSwissAccount,1789545583.049,0.1014,0,0,0,0,0,0
CONT_s7_throughput_TheSwissAccount,1789545583.151,0.1014,0,0,0,0,0,0
CONT_s7_throughput_TheSwissAccount,1789545583.252,0.1014,0,0,0,0,0,0
CONT_s7_throughput_TheSwissAccount,1789545583.354,0.1018,0,0,0,0,0,0
CONT_s7_throughput_TheSwissAccount,1789545583.455,0.1015,0,0,0,0,0,0
CONT_s7_throughput_TheSwissAccount,1789545583.556,0.1013,0,0,0,0,0,0
CONT_s7_throughput_TheSwissAccount,1789545583.658,0.1013,0,0,0,0,0,0
CONT_s7_throughput_TheSwissAccount,1789545583.759,0.1013,0,0,0,0,0,0
CONT_s7_throughput_TheSwissAccount,1789545583.861,0.1015,0,0,0,0,0,0
CONT_s7_throughput_TheSwissAccount,1789545583.962,0.1015,0,0,0,0,0,0
CONT_s7_throughput_TheSwissAccount,1789545584.063,0.1013,0,0,0,0,0,0
CONT_s7_throughput_TheSwissAccount,1789545584.165,0.1013,0,0,0,0,0,0
CONT_s7_throughput_TheSwissAccount,1789545584.266,0.1013,0,0,0,0,0,0
CONT_s7_throughput_TheSwissAccount,1789545584.368,0.1015,0,0,0,0,0,0
CONT_s7_throughput_TheSwissAccount,1789545584.469,0.1015,0,0,0,0,0,0
CONT_s7_throughput_TheSwissAccount,1789545584.571,0.1016,0,0,0,0,0,0
CONT_s7_throughput_TheSwissAccount,1789545584.672,0.1014,0,0,0,0,0,0
CONT_s7_throughput_TheSwissAccount,1789545584.773,0.1014,0,0,0,0,0,0
CONT_s7_throughput_TheSwissAccount,1789545584.875,0.1015,0,0,0,0,0,0
CONT_s7_throughput_TheSwissAccount,1789545584.976,0.1015,0,0,0,0,0,0
CONT_s7_throughput_TheSwissAccount,1789545585.078,0.1014,0,0,0,0,0,0
CONT_s7_throughput_TheSwissAccount,1789545585.179,0.1013,0,0,0,0,0,0
CONT_s7_throughput_TheSwissAccount,1789545585.28,0.1013,0,0,0,0,0,0
CONT_s7_throughput_TheSwissAccount,1789545585.382,0.1015,0,0,0,0,0,0
CONT_s7_throughput_TheSwissAccount,1789545585.483,0.1015,0,0,0,0,0,0
CONT_s7_throughput_TheSwissAccount,1789545585.585,0.1013,0,0,0,0,0,0
CONT_s7_throughput_TheSwissAccount,1789545585.686,0.1014,0,0,0,0,0,0
CONT_s7_throughput_TheSwissAccount,1789545585.787,0.1013,0,0,0,0,0,0
CONT_s7_throughput_TheSwissAccount,1789545585.889,0.1015,0,0,0,0,0,0
CONT_s7_throughput_TheSwissAccount,1789545585.99,0.1015,0,0,0,0,0,0
CONT_s7_throughput_TheSwissAccount,1789545586.092,0.1013,0,0,0,0,0,0
CONT_s7_throughput_TheSwissAccount,1789545586.193,0.1013,0,0,0,0,0,0
CONT_s7_throughput_TheSwissAccount,1789545586.294,0.1013,0,0,0,0,0,0
CONT_s7_throughput_TheSwissAccount,1789545586.396,0.1014,0,0,0,0,0,0
CONT_s7_throughput_TheSwissAccount,1789545586.497,0.1015,0,0,0,0,0,0
CONT_s7_throughput_TheSwissAccount,1789545586.599,0.1013,0,0,0,0,0,0
CONT_s7_throughput_TheSwissAccount,1789545586.7,0.1013,0,0,0,0,0,0
CONT_s7_throughput_TheSwissAccount,1789545586.801,0.1014,0,0,0,0,0,0
CONT_s7_throughput_TheSwissAccount,1789545586.903,0.1015,0,0,0,0,0,0
CONT_s7_throughput_TheSwissAccount,1789545587.004,0.1015,0,0,0,0,0,0
CONT_s7_throughput_TheSwissAccount,1789545587.106,0.1013,0,0,0,0,0,0
CONT_s7_throughput_TheSwissAccount,1789545587.207,0.1014,0,0,0,0,0,0
CONT_s7_throughput_TheSwissAccount,1789545587.308,0.1013,0,0,0,0,0,0
CONT_s7_throughput_TheSwissAccount,1789545587.41,0.1015,0,0,0,0,0,0
CONT_s7_throughput_TheSwissAccount,1789545587.511,0.1015,0,0,0,0,0,0
CONT_s7_throughput_TheSwissAccount,1789545587.612,0.1013,0,0,0,0,0,0
CONT_s7_throughput_TheSwissAccount,1789545587.714,0.1013,0,0,0,0,0,0
CONT_s7_throughput_TheSwissAccount,1789545587.815,0.1013,0,0,0,0,0,0
CONT_s7_throughput_TheSwissAccount,1789545587.917,0.1015,0,0,0,0,0,0
CONT_s7_throughput_TheSwissAccount,1789545588.018,0.1015,0,0,0,0,0,0
CONT_s7_throughput_TheSwissAccount,1789545588.119,0.1013,0,0,0,0,0,0
CONT_s7_throughput_TheSwissAccount,1789545588.221,0.1014,0,0,0,0,0,0
CONT_s7_throughput_TheSwissAccount,1789545588.322,0.1014,0,0,0,0,0,0
CONT_s7_throughput_TheSwissAccount,1789545588.424,0.1015,0,0,0,0,0,0
CONT_s7_throughput_TheSwissAccount,1789545588.525,0.1015,0,0,0,0,0,0
CONT_s7_throughput_TheSwissAccount,1789545588.627,0.1014,0,0,0,0,0,0
CONT_s7_throughput_TheSwissAccount,1789545588.728,0.1018,0,0,0,0,0,0
CONT_s7_throughput_TheSwissAccount,1789545588.83,0.1019,0,0,0,0,0,0
CONT_s7_throughput_TheSwissAccount,1789545588.932,0.1016,0,0,0,0,0,0
CONT_s7_throughput_TheSwissAccount,1789545589.033,0.1015,0,0,0,0,0,0
CONT_s7_throughput_TheSwissAccount,1789545589.135,0.1013,0,0,0,0,0,0
CONT_s7_throughput_TheSwissAccount,1789545589.236,0.1013,0,0,0,0,0,0
CONT_s7_throughput_TheSwissAccount,1789545589.337,0.1015,0,0,0,0,0,0
CONT_s7_throughput_TheSwissAccount,1789545589.439,0.1016,0,0,0,0,0,0
CONT_s7_throughput_TheSwissAccount,1789545589.541,0.1015,0,0,0,0,0,0
CONT_s7_throughput_TheSwissAccount,1789545589.642,0.1013,0,0,0,0,0,0
CONT_s7_throughput_TheSwissAccount,1789545589.743,0.1013,0,0,0,0,0,0
CONT_s7_throughput_TheSwissAccount,1789545589.845,0.1016,0,0,0,0,0,0
CONT_s7_throughput_TheSwissAccount,1789545589.947,0.1023,0,0,0,0,0,0
CONT_s7_throughput_TheSwissAccount,1789545590.048,0.1013,0,0,0,0,0,0
CONT_s7_throughput_TheSwissAccount,1789545590.15,0.1013,0,0,0,0,0,0
CONT_s7_throughput_TheSwissAccount,1789545590.251,0.1016,0,0,0,0,0,0
CONT_s7_throughput_TheSwissAccount,1789545590.353,0.1015,0,0,0,0,0,0
CONT_s7_throughput_TheSwissAccount,1789545590.454,0.1015,0,0,0,0,0,0
CONT_s7_throughput_TheSwissAccount,1789545590.556,0.1013,0,0,0,0,0,0
CONT_s7_throughput_TheSwissAccount,1789545590.657,0.1013,0,0,0,0,0,0
CONT_s7_throughput_TheSwissAccount,1789545590.758,0.1013,0,0,0,0,0,0
CONT_s7_throughput_TheSwissAccount,1789545590.86,0.1015,0,0,0,0,0,0
CONT_s7_throughput_TheSwissAccount,1789545590.961,0.1015,0,0,0,0,0,0
CONT_s7_throughput_TheSwissAccount,1789545591.063,0.1014,0,0,0,0,0,0
CONT_s7_throughput_TheSwissAccount,1789545591.164,0.1013,0,0,0,0,0,0
CONT_s7_throughput_TheSwissAccount,1789545591.265,0.1014,0,0,0,0,0,0
CONT_s7_throughput_TheSwissAccount,1789545591.367,0.1015,0,0,0,0,0,0
CONT_s7_throughput_TheSwissAccount,1789545591.468,0.1015,0,0,0,0,0,0
CONT_s7_throughput_TheSwissAccount,1789545591.57,0.1013,0,0,0,0,0,0
CONT_s7_throughput_TheSwissAccount,1789545591.671,0.1013,0,0,0,0,0,0
CONT_s7_throughput_TheSwissAccount,1789545591.772,0.1014,0,0,0,0,0,0
CONT_s7_throughput_TheSwissAccount,1789545591.874,0.1015,0,0,0,0,0,0
CONT_s7_throughput_TheSwissAccount,1789545591.975,0.1016,0,0,0,0,0,0
CONT_s7_throughput_TheSwissAccount,1789545592.077,0.1013,0,0,0,0,0,0
CONT_s7_throughput_TheSwissAccount,1789545592.178,0.1013,0,0,0,0,0,0
CONT_s7_throughput_TheSwissAccount,1789545592.279,0.1014,0,0,0,0,0,0
CONT_s7_throughput_TheSwissAccount,1789545592.381,0.1015,0,0,0,0,0,0
CONT_s7_throughput_TheSwissAccount,1789545592.482,0.1016,0,0,0,0,0,0
CONT_s7_throughput_TheSwissAccount,1789545592.584,0.1013,0,0,0,0,0,0
CONT_s7_throughput_TheSwissAccount,1789545592.685,0.1013,0,0,0,0,0,0
CONT_s7_throughput_TheSwissAccount,1789545592.786,0.1014,0,0,0,0,0,0
CONT_s7_throughput_TheSwissAccount,1789545592.888,0.1015,0,0,0,0,0,0
CONT_s7_throughput_TheSwissAccount,1789545592.989,0.1015,0,0,0,0,0,0
CONT_s7_throughput_TheSwissAccount,1789545593.091,0.1014,0,0,0,0,0,0
CONT_s7_throughput_TheSwissAccount,1789545593.192,0.1013,0,0,0,0,0,0
CONT_s7_throughput_TheSwissAccount,1789545593.293,0.1014,0,0,0,0,0,0
CONT_s7_throughput_TheSwissAccount,1789545593.395,0.1015,0,0,0,0,0,0
CONT_s7_throughput_TheSwissAccount,1789545593.497,0.1017,0,0,0,0,0,0
CONT_s7_throughput_TheSwissAccount,1789545593.598,0.1014,0,0,0,0,0,0
CONT_s7_throughput_TheSwissAccount,1789545593.699,0.1013,0,0,0,0,0,0
CONT_s7_throughput_TheSwissAccount,1789545593.801,0.1014,0,0,0,0,0,0
CONT_s7_throughput_TheSwissAccount,1789545593.902,0.1015,0,0,0,0,0,0
CONT_s7_throughput_TheSwissAccount,1789545594.004,0.1015,0,0,0,0,0,0
CONT_s7_throughput_TheSwissAccount,1789545594.105,0.1013,0,0,0,0,0,0
CONT_s7_throughput_TheSwissAccount,1789545594.206,0.1013,0,0,0,0,0,0
CONT_s7_throughput_TheSwissAccount,1789545594.307,0.1013,0,0,0,0,0,0
CONT_s7_throughput_TheSwissAccount,1789545594.409,0.1015,0,0,0,0,0,0
CONT_s7_throughput_TheSwissAccount,1789545594.51,0.1015,0,0,0,0,0,0
CONT_s7_throughput_TheSwissAccount,1789545594.612,0.1013,0,0,0,0,0,0
CONT_s7_throughput_TheSwissAccount,1789545594.713,0.1013,0,0,0,0,0,0
CONT_s7_throughput_TheSwissAccount,1789545594.814,0.1013,0,0,0,0,0,0
CONT_s7_throughput_TheSwissAccount,1789545594.916,0.1015,0,0,0,0,0,0
CONT_s7_throughput_TheSwissAccount,1789545595.017,0.1015,0,0,0,0,0,0
CONT_s7_throughput_TheSwissAccount,1789545595.119,0.1013,0,0,0,0,0,0
CONT_s7_throughput_TheSwissAccount,1789545595.22,0.1014,0,0,0,0,0,0
CONT_s7_throughput_TheSwissAccount,1789545595.321,0.1013,0,0,0,0,0,0
CONT_s7_throughput_TheSwissAccount,1789545595.423,0.1015,0,0,0,0,0,0
CONT_s7_throughput_TheSwissAccount,1789545595.524,0.1014,0,0,0,0,0,0
CONT_s7_throughput_TheSwissAccount,1789545595.626,0.1014,0,0,0,0,0,0
CONT_s7_throughput_TheSwissAccount,1789545595.727,0.1013,0,0,0,0,0,0
CONT_s7_throughput_TheSwissAccount,1789545595.83,0.1026,0,0,0,0,0,0
CONT_s7_throughput_TheSwissAccount,1789545595.932,0.1023,0,0,0,0,0,0
CONT_s7_throughput_TheSwissAccount,1789545596.033,0.1015,0,0,0,0,0,0
CONT_s7_throughput_TheSwissAccount,1789545596.135,0.1013,0,0,0,0,0,0
CONT_s7_throughput_TheSwissAccount,1789545596.236,0.1014,0,0,0,0,0,0
CONT_s7_throughput_TheSwissAccount,1789545596.338,0.1018,0,0,0,0,0,0
CONT_s7_throughput_TheSwissAccount,1789545596.44,0.1025,0,0,0,0,0,0
CONT_s7_throughput_TheSwissAccount,1789545596.542,0.1015,0,0,0,0,0,0
CONT_s7_throughput_TheSwissAccount,1789545596.643,0.1014,0,0,0,0,0,0
CONT_s7_throughput_TheSwissAccount,1789545596.745,0.1013,0,0,0,0,0,0
CONT_s7_throughput_TheSwissAccount,1789545596.846,0.1017,0,0,0,0,0,0
CONT_s7_throughput_TheSwissAccount,1789545596.949,0.1026,0,0,0,0,0,0
CONT_s7_throughput_TheSwissAccount,1789545597.05,0.1014,0,0,0,0,0,0
CONT_s7_throughput_TheSwissAccount,1789545597.152,0.1013,0,0,0,0,0,0
CONT_s7_throughput_TheSwissAccount,1789545597.253,0.1013,0,0,0,0,0,0
CONT_s7_throughput_TheSwissAccount,1789545597.355,0.1017,0,0,0,0,0,0
CONT_s7_throughput_TheSwissAccount,1789545597.456,0.1015,0,0,0,0,0,0
CONT_s7_throughput_TheSwissAccount,1789545597.557,0.1013,0,0,0,0,0,0
CONT_s7_throughput_TheSwissAccount,1789545597.659,0.1014,0,0,0,0,0,0
CONT_s7_throughput_TheSwissAccount,1789545597.76,0.1013,0,0,0,0,0,0
CONT_s7_throughput_TheSwissAccount,1789545597.862,0.1015,0,0,0,0,0,0
CONT_s7_throughput_TheSwissAccount,1789545597.963,0.1015,0,0,0,0,0,0
CONT_s7_throughput_TheSwissAccount,1789545598.064,0.1014,0,0,0,0,0,0
CONT_s7_throughput_TheSwissAccount,1789545598.166,0.1013,0,0,0,0,0,0
CONT_s7_throughput_TheSwissAccount,1789545598.267,0.1013,0,0,0,0,0,0
CONT_s7_throughput_TheSwissAccount,1789545598.369,0.1015,0,0,0,0,0,0
CONT_s7_throughput_TheSwissAccount,1789545598.47,0.1016,0,0,0,0,0,0
CONT_s7_throughput_TheSwissAccount,1789545598.571,0.1013,0,0,0,0,0,0
CONT_s7_throughput_TheSwissAccount,1789545598.673,0.1013,0,0,0,0,0,0
CONT_s7_throughput_TheSwissAccount,1789545598.774,0.1012,0,0,0,0,0,0
CONT_s7_throughput_TheSwissAccount,1789545598.876,0.1016,0,0,0,0,0,0
CONT_s7_throughput_TheSwissAccount,1789545598.977,0.1016,0,0,0,0,0,0
CONT_s7_throughput_TheSwissAccount,1789545599.079,0.1014,0,0,0,0,0,0
CONT_s7_throughput_TheSwissAccount,1789545599.18,0.1013,0,0,0,0,0,0
CONT_s7_throughput_TheSwissAccount,1789545599.281,0.1013,0,0,0,0,0,0
CONT_s7_throughput_TheSwissAccount,1789545599.383,0.1017,0,0,0,0,0,0
CONT_s7_throughput_TheSwissAccount,1789545599.485,0.1016,0,0,0,0,0,0
CONT_s7_throughput_TheSwissAccount,1789545599.586,0.1013,0,0,0,0,0,0
CONT_s7_throughput_TheSwissAccount,1789545599.687,0.1013,0,0,0,0,0,0
CONT_s7_throughput_TheSwissAccount,1789545599.788,0.1013,0,0,0,0,0,0
CONT_s7_throughput_TheSwissAccount,1789545599.89,0.1015,0,0,0,0,0,0
CONT_s7_throughput_TheSwissAccount,1789545599.992,0.1016,0,0,0,0,0,0
CONT_s7_throughput_TheSwissAccount,1789545600.093,0.1014,0,0,0,0,0,0
CONT_s7_throughput_TheSwissAccount,1789545600.194,0.1013,0,0,0,0,0,0
CONT_s7_throughput_TheSwissAccount,1789545600.296,0.1013,0,0,0,0,0,0
CONT_s7_throughput_TheSwissAccount,1789545600.397,0.1016,0,0,0,0,0,0
CONT_s7_throughput_TheSwissAccount,1789545600.499,0.1016,0,0,0,0,0,0
CONT_s7_throughput_TheSwissAccount,1789545600.6,0.1013,0,0,0,0,0,0
CONT_s7_throughput_TheSwissAccount,1789545600.701,0.1013,0,0,0,0,0,0
CONT_s7_throughput_TheSwissAccount,1789545600.803,0.1015,0,0,0,0,0,0
CONT_s7_throughput_TheSwissAccount,1789545600.904,0.1016,0,0,0,0,0,0
CONT_s7_throughput_TheSwissAccount,1789545601.006,0.1016,0,0,0,0,0,0
CONT_s7_throughput_TheSwissAccount,1789545601.107,0.1013,0,0,0,0,0,0
CONT_s7_throughput_TheSwissAccount,1789545601.209,0.1013,0,0,0,0,0,0
CONT_s7_throughput_TheSwissAccount,1789545601.31,0.1013,0,0,0,0,0,0
CONT_s7_throughput_TheSwissAccount,1789545601.411,0.1015,0,0,0,0,0,0
CONT_s7_throughput_TheSwissAccount,1789545601.513,0.1016,0,0,0,0,0,0
CONT_s7_throughput_TheSwissAccount,1789545601.614,0.1013,0,0,0,0,0,0
CONT_s7_throughput_TheSwissAccount,1789545601.716,0.1013,0,0,0,0,0,0
CONT_s7_throughput_TheSwissAccount,1789545601.817,0.1012,0,0,0,0,0,0
CONT_s7_throughput_TheSwissAccount,1789545601.918,0.1016,0,0,0,0,0,0
CONT_s7_throughput_TheSwissAccount,1789545602.02,0.1015,0,0,0,0,0,0
CONT_s7_throughput_TheSwissAccount,1789545602.121,0.1013,0,0,0,0,0,0
CONT_s7_throughput_TheSwissAccount,1789545602.223,0.1013,0,0,0,0,0,0
CONT_s7_throughput_TheSwissAccount,1789545602.324,0.1013,0,0,0,0,0,0
CONT_s7_throughput_TheSwissAccount,1789545602.425,0.1016,0,0,0,0,0,0
CONT_s7_throughput_TheSwissAccount,1789545602.527,0.1016,0,0,0,0,0,0
CONT_s7_throughput_TheSwissAccount,1789545602.628,0.1013,0,0,0,0,0,0
CONT_s7_throughput_TheSwissAccount,1789545602.73,0.1013,0,0,0,0,0,0
CONT_s7_throughput_TheSwissAccount,1789545602.831,0.1019,0,0,0,0,0,0
CONT_s7_throughput_TheSwissAccount,1789545602.933,0.1015,0,0,0,0,0,0
CONT_s7_throughput_TheSwissAccount,1789545603.034,0.1015,0,0,0,0,0,0
CONT_s7_throughput_TheSwissAccount,1789545603.136,0.1013,0,0,0,0,0,0
CONT_s7_throughput_TheSwissAccount,1789545603.237,0.1013,0,0,0,0,0,0
CONT_s7_throughput_TheSwissAccount,1789545603.339,0.1017,0,0,0,0,0,0
CONT_s7_throughput_TheSwissAccount,1789545603.442,0.103,0,0,0,0,0,0
CONT_s7_throughput_TheSwissAccount,1789545603.543,0.1015,0,0,0,0,0,0
CONT_s7_throughput_TheSwissAccount,1789545603.645,0.1016,0,0,0,0,0,0
CONT_s7_throughput_TheSwissAccount,1789545603.746,0.1014,0,0,0,0,0,0
CONT_s7_throughput_TheSwissAccount,1789545603.848,0.1015,0,0,0,0,0,0
CONT_s7_throughput_TheSwissAccount,1789545603.95,0.1025,0,0,0,0,0,0
CONT_s7_throughput_TheSwissAccount,1789545604.051,0.1013,0,0,0,0,0,0
CONT_s7_throughput_TheSwissAccount,1789545604.153,0.1013,0,0,0,0,0,0
CONT_s7_throughput_TheSwissAccount,1789545604.254,0.1013,0,0,0,0,0,0
CONT_s7_throughput_TheSwissAccount,1789545604.355,0.1015,0,0,0,0,0,0
CONT_s7_throughput_TheSwissAccount,1789545604.457,0.1015,0,0,0,0,0,0
CONT_s7_throughput_TheSwissAccount,1789545604.558,0.1013,0,0,0,0,0,0
CONT_s7_throughput_TheSwissAccount,1789545604.66,0.1013,0,0,0,0,0,0
CONT_s7_throughput_TheSwissAccount,1789545604.761,0.1013,0,0,0,0,0,0
CONT_s7_throughput_TheSwissAccount,1789545604.862,0.1015,0,0,0,0,0,0
CONT_s7_throughput_TheSwissAccount,1789545604.964,0.1016,0,0,0,0,0,0
CONT_s7_throughput_TheSwissAccount,1789545605.065,0.1014,0,0,0,0,0,0
CONT_s7_throughput_TheSwissAccount,1789545605.167,0.1013,0,0,0,0,0,0
CONT_s7_throughput_TheSwissAccount,1789545605.268,0.1014,0,0,0,0,0,0
CONT_s7_throughput_TheSwissAccount,1789545605.369,0.1015,0,0,0,0,0,0
CONT_s7_throughput_TheSwissAccount,1789545605.471,0.1015,0,0,0,0,0,0
CONT_s7_throughput_TheSwissAccount,1789545605.572,0.1013,0,0,0,0,0,0
CONT_s7_throughput_TheSwissAccount,1789545605.674,0.1013,0,0,0,0,0,0
CONT_s7_throughput_TheSwissAccount,1789545605.775,0.1013,0,0,0,0,0,0
CONT_s7_throughput_TheSwissAccount,1789545605.876,0.1015,0,0,0,0,0,0
CONT_s7_throughput_TheSwissAccount,1789545605.978,0.1015,0,0,0,0,0,0
CONT_s7_throughput_TheSwissAccount,1789545606.079,0.1014,0,0,0,0,0,0
CONT_s7_throughput_TheSwissAccount,1789545606.181,0.1012,0,0,0,0,0,0
CONT_s7_throughput_TheSwissAccount,1789545606.282,0.1014,0,0,0,0,0,0
CONT_s7_throughput_TheSwissAccount,1789545606.383,0.1016,0,0,0,0,0,0
CONT_s7_throughput_TheSwissAccount,1789545606.485,0.1015,0,0,0,0,0,0
CONT_s7_throughput_TheSwissAccount,1789545606.586,0.1013,0,0,0,0,0,0
CONT_s7_throughput_TheSwissAccount,1789545606.688,0.1013,0,0,0,0,0,0
CONT_s7_throughput_TheSwissAccount,1789545606.789,0.1012,0,0,0,0,0,0
CONT_s7_throughput_TheSwissAccount,1789545606.89,0.1015,0,0,0,0,0,0
CONT_s7_throughput_TheSwissAccount,1789545606.992,0.1015,0,0,0,0,0,0
CONT_s7_throughput_TheSwissAccount,1789545607.093,0.1013,0,0,0,0,0,0
CONT_s7_throughput_TheSwissAccount,1789545607.194,0.1013,0,0,0,0,0,0
CONT_s7_throughput_TheSwissAccount,1789545607.296,0.1013,0,0,0,0,0,0
CONT_s7_throughput_TheSwissAccount,1789545607.397,0.1015,0,0,0,0,0,0
CONT_s7_throughput_TheSwissAccount,1789545607.499,0.1015,0,0,0,0,0,0
CONT_s7_throughput_TheSwissAccount,1789545607.6,0.1013,0,0,0,0,0,0
CONT_s7_throughput_TheSwissAccount,1789545607.701,0.1013,0,0,0,0,0,0
CONT_s7_throughput_TheSwissAccount,1789545607.803,0.1013,0,0,0,0,0,0
CONT_s7_throughput_TheSwissAccount,1789545607.904,0.1015,0,0,0,0,0,0
CONT_s7_throughput_TheSwissAccount,1789545608.006,0.1015,0,0,0,0,0,0
CONT_s7_throughput_TheSwissAccount,1789545608.107,0.1013,0,0,0,0,0,0
CONT_s7_throughput_TheSwissAccount,1789545608.208,0.1013,0,0,0,0,0,0
CONT_s7_throughput_TheSwissAccount,1789545608.309,0.1013,0,0,0,0,0,0
CONT_s7_throughput_TheSwissAccount,1789545608.411,0.1015,0,0,0,0,0,0
CONT_s7_throughput_TheSwissAccount,1789545608.512,0.1015,0,0,0,0,0,0
CONT_s7_throughput_TheSwissAccount,1789545608.614,0.1013,0,0,0,0,0,0
CONT_s7_throughput_TheSwissAccount,1789545608.715,0.1013,0,0,0,0,0,0
CONT_s7_throughput_TheSwissAccount,1789545608.816,0.1013,0,0,0,0,0,0
CONT_s7_throughput_TheSwissAccount,1789545608.918,0.1016,0,0,0,0,0,0
CONT_s7_throughput_TheSwissAccount,1789545609.02,0.1015,0,0,0,0,0,0
CONT_s7_throughput_TheSwissAccount,1789545609.121,0.1013,0,0,0,0,0,0
CONT_s7_throughput_TheSwissAccount,1789545609.222,0.1013,0,0,0,0,0,0
CONT_s7_throughput_TheSwissAccount,1789545609.323,0.1014,0,0,0,0,0,0
CONT_s7_throughput_TheSwissAccount,1789545609.426,0.1028,0,0,0,0,0,0
CONT_s7_throughput_TheSwissAccount,1789545609.528,0.1016,0,0,0,0,0,0
CONT_s7_throughput_TheSwissAccount,1789545609.629,0.1013,0,0,0,0,0,0
CONT_s7_throughput_TheSwissAccount,1789545609.731,0.1014,0,0,0,0,0,0
CONT_s7_throughput_TheSwissAccount,1789545609.832,0.1017,0,0,0,0,0,0
CONT_s7_throughput_TheSwissAccount,1789545609.934,0.1015,0,0,0,0,0,0
CONT_s7_throughput_TheSwissAccount,1789545610.035,0.1015,0,0,0,0,0,0
CONT_s7_throughput_TheSwissAccount,1789545610.137,0.1013,0,0,0,0,0,0
CONT_s7_throughput_TheSwissAccount,1789545610.238,0.1014,0,0,0,0,0,0
CONT_s7_throughput_TheSwissAccount,1789545610.34,0.1015,0,0,0,0,0,0
CONT_s7_throughput_TheSwissAccount,1789545610.442,0.1025,0,0,0,0,0,0
CONT_s7_throughput_TheSwissAccount,1789545610.544,0.1014,0,0,0,0,0,0
CONT_s7_throughput_TheSwissAccount,1789545610.645,0.1013,0,0,0,0,0,0
CONT_s7_throughput_TheSwissAccount,1789545610.746,0.1014,0,0,0,0,0,0
CONT_s7_throughput_TheSwissAccount,1789545610.848,0.1016,0,0,0,0,0,0
CONT_s7_throughput_TheSwissAccount,1789545610.95,0.1025,0,0,0,0,0,0
CONT_s7_throughput_TheSwissAccount,1789545611.052,0.102,0,0,0,0,0,0
CONT_s7_throughput_TheSwissAccount,1789545611.154,0.1016,0,0,0,0,0,0
CONT_s7_throughput_TheSwissAccount,1789545611.255,0.1015,0,0,0,0,0,0
CONT_s7_throughput_TheSwissAccount,1789545611.357,0.1015,0,0,0,0,0,0
CONT_s7_throughput_TheSwissAccount,1789545611.458,0.1015,0,0,0,0,0,0
CONT_s7_throughput_TheSwissAccount,1789545611.56,0.1013,0,0,0,0,0,0
CONT_s7_throughput_TheSwissAccount,1789545611.661,0.1014,0,0,0,0,0,0
CONT_s7_throughput_TheSwissAccount,1789545611.763,0.1017,0,0,0,0,0,0
CONT_s7_throughput_TheSwissAccount,1789545611.865,0.1019,0,0,0,0,0,0
CONT_s7_throughput_TheSwissAccount,1789545611.966,0.1015,0,0,0,0,0,0
CONT_s7_throughput_TheSwissAccount,1789545612.068,0.1014,0,0,0,0,0,0
CONT_s7_throughput_TheSwissAccount,1789545612.169,0.1014,0,0,0,0,0,0
CONT_s7_throughput_TheSwissAccount,1789545612.27,0.1014,0,0,0,0,0,0
CONT_s7_throughput_TheSwissAccount,1789545612.372,0.1015,60,1,0,0.0,0,1
CONT_s7_throughput_TheSwissAccount,1789545612.474,0.1017,60,1,0,0.0,0,1
CONT_s7_throughput_TheSwissAccount,1789545612.575,0.1016,681,3,0,10228386.7,23038844.1,2
CONT_s7_throughput_TheSwissAccount,1789545612.677,0.1017,0,0,0,0,0,0
CONT_s7_throughput_TheSwissAccount,1789545612.779,0.1018,1784,4,0,11032929.8,9116138.0,2
CONT_s7_throughput_TheSwissAccount,1789545612.881,0.1019,1868,4,0,30102455.5,199833511.5,2
CONT_s7_throughput_TheSwissAccount,1789545612.983,0.1019,2884,4,0,30097169.5,227259227.8,2
CONT_s7_throughput_TheSwissAccount,1789545613.084,0.1017,1006,8,0,47199175.9,214699398.0,2
CONT_s7_throughput_TheSwissAccount,1789545613.186,0.1017,0,0,0,0,0,0
CONT_s7_throughput_TheSwissAccount,1789545613.288,0.1018,5068,8,0,43272608.2,245222456.6,2
CONT_s7_throughput_TheSwissAccount,1789545613.39,0.1019,0,0,0,0,0,0
CONT_s7_throughput_TheSwissAccount,1789545613.492,0.1019,0,0,0,0,0,0
CONT_s7_throughput_TheSwissAccount,1789545613.593,0.1017,0,0,0,0,0,0
CONT_s7_throughput_TheSwissAccount,1789545613.695,0.1017,0,0,0,0,0,0
CONT_s7_throughput_TheSwissAccount,1789545613.797,0.1021,0,0,0,0,0,0
CONT_s7_throughput_TheSwissAccount,1789545613.899,0.1019,0,0,0,0,0,0
CONT_s7_throughput_TheSwissAccount,1789545614.001,0.1019,60,1,0,0.0,0,1
CONT_s7_throughput_TheSwissAccount,1789545614.103,0.1018,0,0,0,0,0,0
CONT_s7_throughput_TheSwissAccount,1789545614.205,0.1018,0,0,0,0,0,0
CONT_s7_throughput_TheSwissAccount,1789545614.306,0.1018,2008,5,1,34397622.0,8136074.6,3
CONT_s7_throughput_TheSwissAccount,1789545614.408,0.1021,0,0,0,0,0,0
CONT_s7_throughput_TheSwissAccount,1789545614.51,0.1021,3501,7,0,39929175.9,209321704.1,3
CONT_s7_throughput_TheSwissAccount,1789545614.612,0.1019,0,0,0,0,0,0
CONT_s7_throughput_TheSwissAccount,1789545614.714,0.1019,0,0,0,0,0,0
CONT_s7_throughput_TheSwissAccount,1789545614.816,0.1019,5735,9,0,43745912.7,216990810.1,2
CONT_s7_throughput_TheSwissAccount,1789545614.918,0.1021,0,0,0,0,0,0
CONT_s7_throughput_TheSwissAccount,1789545615.02,0.102,2009,2,0,61664953.5,170126434.9,2
CONT_s7_throughput_TheSwissAccount,1789545615.122,0.1019,0,0,0,0,0,0
CONT_s7_throughput_TheSwissAccount,1789545615.224,0.1019,0,0,0,0,0,0
CONT_s7_throughput_TheSwissAccount,1789545615.326,0.1019,17134,14,0,39960832.1,249064038.7,2
CONT_s7_throughput_TheSwissAccount,1789545615.428,0.1021,0,0,0,0,0,0
CONT_s7_throughput_TheSwissAccount,1789545615.53,0.1021,15093,12,1,47534183.4,249299919.9,3
CONT_s7_throughput_TheSwissAccount,1789545615.632,0.1018,9952,11,0,48033107.2,1916903.0,2
CONT_s7_throughput_TheSwissAccount,1789545615.734,0.1019,0,0,0,0,0,0
CONT_s7_throughput_TheSwissAccount,1789545615.836,0.1021,64,1,0,104517113.0,0,1
CONT_s7_throughput_TheSwissAccount,1789545615.94,0.1041,2009,2,0,67492784.5,169208257.5,2
CONT_s7_throughput_TheSwissAccount,1789545616.042,0.1022,0,0,0,0,0,0
CONT_s7_throughput_TheSwissAccount,1789545616.144,0.1019,20186,17,0,39962811.3,248637511.0,2
CONT_s7_throughput_TheSwissAccount,1789545616.246,0.1019,14290,15,0,38979703.3,514412.6,2
CONT_s7_throughput_TheSwissAccount,1789545616.348,0.1021,2158,4,0,41651684.5,457516.0,2
CONT_s7_throughput_TheSwissAccount,1789545616.451,0.1027,25152,32,0,28918142.0,250178079.0,2
CONT_s7_throughput_TheSwissAccount,1789545616.553,0.102,11740,16,0,26108694.5,351490843.2,2
CONT_s7_throughput_TheSwissAccount,1789545616.655,0.1019,15776,20,8,17918678.0,279002298.8,2
CONT_s7_throughput_TheSwissAccount,1789545616.757,0.1019,7892,10,5,13050616.5,272838438.5,2
CONT_s7_throughput_TheSwissAccount,1789545616.859,0.1021,3037,5,2,44954459.2,238811361.1,3
CONT_s7_throughput_TheSwissAccount,1789545616.961,0.1021,2215,3,1,23671008.3,169632393.6,2
CONT_s7_throughput_TheSwissAccount,1789545617.063,0.102,64,1,0,98306069.0,0,1
CONT_s7_throughput_TheSwissAccount,1789545617.165,0.1018,17134,14,0,30891244.9,252530656.5,2
CONT_s7_throughput_TheSwissAccount,1789545617.267,0.1019,12208,12,0,30603838.3,808482.5,2
CONT_s7_throughput_TheSwissAccount,1789545617.369,0.1021,0,0,0,0,0,0
CONT_s7_throughput_TheSwissAccount,1789545617.471,0.1021,0,0,0,0,0,0
CONT_s7_throughput_TheSwissAccount,1789545617.573,0.1019,1564,2,0,45067798.5,236799677.0,2
CONT_s7_throughput_TheSwissAccount,1789545617.675,0.1019,0,0,0,0,0,0
CONT_s7_throughput_TheSwissAccount,1789545617.777,0.1019,0,0,0,0,0,0
CONT_s7_throughput_TheSwissAccount,1789545617.879,0.1022,0,0,0,0,0,0
CONT_s7_throughput_TheSwissAccount,1789545617.981,0.1021,0,0,0,0,0,0
CONT_s7_throughput_TheSwissAccount,1789545618.083,0.1019,105,2,1,113650529.5,0,2
CONT_s7_throughput_TheSwissAccount,1789545618.185,0.1019,1715487,1424,47,170493.8,6233085.1,2
CONT_s7_throughput_TheSwissAccount,1789545618.287,0.1021,155339,132,0,4016916.9,319875.6,4
CONT_s7_throughput_TheSwissAccount,1789545618.389,0.102,0,0,0,0,0,0
CONT_s7_throughput_TheSwissAccount,1789545618.491,0.1021,0,0,0,0,0,0
CONT_s7_throughput_TheSwissAccount,1789545618.593,0.1019,0,0,0,0,0,0
CONT_s7_throughput_TheSwissAccount,1789545618.695,0.1019,0,0,0,0,0,0
CONT_s7_throughput_TheSwissAccount,1789545618.796,0.1019,0,0,0,0,0,0
CONT_s7_throughput_TheSwissAccount,1789545618.899,0.1021,0,0,0,0,0,0
CONT_s7_throughput_TheSwissAccount,1789545619.001,0.1021,0,0,0,0,0,0
CONT_s7_throughput_TheSwissAccount,1789545619.103,0.1019,0,0,0,0,0,0
CONT_s7_throughput_TheSwissAccount,1789545619.205,0.102,0,0,0,0,0,0
CONT_s7_throughput_TheSwissAccount,1789545619.306,0.102,0,0,0,0,0,0
CONT_s7_throughput_TheSwissAccount,1789545619.409,0.1021,0,0,0,0,0,0
CONT_s7_throughput_TheSwissAccount,1789545619.511,0.1021,0,0,0,0,0,0
CONT_s7_throughput_TheSwissAccount,1789545619.613,0.1019,0,0,0,0,0,0
CONT_s7_throughput_TheSwissAccount,1789545619.714,0.1019,0,0,0,0,0,0
CONT_s7_throughput_TheSwissAccount,1789545619.816,0.1019,0,0,0,0,0,0
CONT_s7_throughput_TheSwissAccount,1789545619.918,0.1021,0,0,0,0,0,0
CONT_s7_throughput_TheSwissAccount,1789545620.02,0.1021,0,0,0,0,0,0
CONT_s7_throughput_TheSwissAccount,1789545620.122,0.1019,0,0,0,0,0,0
CONT_s7_throughput_TheSwissAccount,1789545620.224,0.1019,0,0,0,0,0,0
CONT_s7_throughput_TheSwissAccount,1789545620.326,0.1019,262916,214,0,5719414.2,825562.2,2
CONT_s7_throughput_TheSwissAccount,1789545620.428,0.1021,0,0,0,0,0,0
CONT_s7_throughput_TheSwissAccount,1789545620.53,0.1021,0,0,0,0,0,0
CONT_s7_throughput_TheSwissAccount,1789545620.632,0.1018,0,0,0,0,0,0
CONT_s7_throughput_TheSwissAccount,1789545620.734,0.1019,0,0,0,0,0,0
CONT_s7_throughput_TheSwissAccount,1789545620.836,0.102,0,0,0,0,0,0
CONT_s7_throughput_TheSwissAccount,1789545620.941,0.1046,0,0,0,0,0,0
CONT_s7_throughput_TheSwissAccount,1789545621.043,0.1022,0,0,0,0,0,0
CONT_s7_throughput_TheSwissAccount,1789545621.145,0.1018,0,0,0,0,0,0
CONT_s7_throughput_TheSwissAccount,1789545621.247,0.1019,0,0,0,0,0,0
CONT_s7_throughput_TheSwissAccount,1789545621.349,0.102,0,0,0,0,0,0
CONT_s7_throughput_TheSwissAccount,1789545621.452,0.1038,0,0,0,0,0,0
CONT_s7_throughput_TheSwissAccount,1789545621.554,0.1019,0,0,0,0,0,0
CONT_s7_throughput_TheSwissAccount,1789545621.656,0.1019,0,0,0,0,0,0
CONT_s7_throughput_TheSwissAccount,1789545621.758,0.1021,0,0,0,0,0,0
CONT_s7_throughput_TheSwissAccount,1789545621.86,0.102,0,0,0,0,0,0
CONT_s7_throughput_TheSwissAccount,1789545621.963,0.1021,0,0,0,0,0,0
CONT_s7_throughput_TheSwissAccount,1789545622.065,0.1021,0,0,0,0,0,0
CONT_s7_throughput_TheSwissAccount,1789545622.167,0.1019,0,0,0,0,0,0
CONT_s7_throughput_TheSwissAccount,1789545622.268,0.1019,0,0,0,0,0,0
CONT_s7_throughput_TheSwissAccount,1789545622.371,0.1021,0,0,0,0,0,0
CONT_s7_throughput_TheSwissAccount,1789545622.473,0.1021,0,0,0,0,0,0
CONT_s7_throughput_TheSwissAccount,1789545622.575,0.102,0,0,0,0,0,0
CONT_s7_throughput_TheSwissAccount,1789545622.677,0.1019,0,0,0,0,0,0
CONT_s7_throughput_TheSwissAccount,1789545622.778,0.1019,0,0,0,0,0,0
CONT_s7_throughput_TheSwissAccount,1789545622.881,0.1021,0,0,0,0,0,0
CONT_s7_throughput_TheSwissAccount,1789545622.983,0.1023,0,0,0,0,0,0
CONT_s7_throughput_TheSwissAccount,1789545623.085,0.1019,0,0,0,0,0,0
CONT_s7_throughput_TheSwissAccount,1789545623.187,0.1019,0,0,0,0,0,0
CONT_s7_throughput_TheSwissAccount,1789545623.289,0.1019,0,0,0,0,0,0
CONT_s7_throughput_TheSwissAccount,1789545623.391,0.1022,0,0,0,0,0,0
CONT_s7_throughput_TheSwissAccount,1789545623.493,0.1021,0,0,0,0,0,0
CONT_s7_throughput_TheSwissAccount,1789545623.595,0.1019,0,0,0,0,0,0
CONT_s7_throughput_TheSwissAccount,1789545623.697,0.1019,0,0,0,0,0,0
CONT_s7_throughput_TheSwissAccount,1789545623.799,0.1019,0,0,0,0,0,0
CONT_s7_throughput_TheSwissAccount,1789545623.901,0.1022,0,0,0,0,0,0
CONT_s7_throughput_TheSwissAccount,1789545624.003,0.1025,0,0,0,0,0,0
CONT_s7_throughput_TheSwissAccount,1789545624.105,0.1018,0,0,0,0,0,0
CONT_s7_throughput_TheSwissAccount,1789545624.207,0.1019,0,0,0,0,0,0
CONT_s7_throughput_TheSwissAccount,1789545624.309,0.1018,664,1,0,290023886.0,0,1
CONT_s7_throughput_TheSwissAccount,1789545624.411,0.1021,292349,239,0,9092645.2,740557.7,2
CONT_s7_throughput_TheSwissAccount,1789545624.513,0.1021,0,0,0,0,0,0
CONT_s7_throughput_TheSwissAccount,1789545624.615,0.102,0,0,0,0,0,0
CONT_s7_throughput_TheSwissAccount,1789545624.717,0.1019,0,0,0,0,0,0
CONT_s7_throughput_TheSwissAccount,1789545624.819,0.1019,0,0,0,0,0,0
CONT_s7_throughput_TheSwissAccount,1789545624.921,0.1021,0,0,0,0,0,0
CONT_s7_throughput_TheSwissAccount,1789545625.023,0.1021,0,0,0,0,0,0
CONT_s7_throughput_TheSwissAccount,1789545625.125,0.1019,0,0,0,0,0,0
CONT_s7_throughput_TheSwissAccount,1789545625.227,0.1019,0,0,0,0,0,0
CONT_s7_throughput_TheSwissAccount,1789545625.331,0.1042,0,0,0,0,0,0
CONT_s7_throughput_TheSwissAccount,1789545625.433,0.1021,0,0,0,0,0,0
CONT_s7_throughput_TheSwissAccount,1789545625.535,0.1021,0,0,0,0,0,0
CONT_s7_throughput_TheSwissAccount,1789545625.637,0.1019,0,0,0,0,0,0
CONT_s7_throughput_TheSwissAccount,1789545625.739,0.1019,0,0,0,0,0,0
CONT_s7_throughput_TheSwissAccount,1789545625.841,0.1021,0,0,0,0,0,0
CONT_s7_throughput_TheSwissAccount,1789545625.945,0.1036,0,0,0,0,0,0
CONT_s7_throughput_TheSwissAccount,1789545626.047,0.1022,0,0,0,0,0,0
CONT_s7_throughput_TheSwissAccount,1789545626.149,0.1019,0,0,0,0,0,0
CONT_s7_throughput_TheSwissAccount,1789545626.251,0.1019,0,0,0,0,0,0
CONT_s7_throughput_TheSwissAccount,1789545626.353,0.1021,0,0,0,0,0,0
CONT_s7_throughput_TheSwissAccount,1789545626.456,0.1033,0,0,0,0,0,0
CONT_s7_throughput_TheSwissAccount,1789545626.558,0.1019,0,0,0,0,0,0
CONT_s7_throughput_TheSwissAccount,1789545626.66,0.1019,0,0,0,0,0,0
CONT_s7_throughput_TheSwissAccount,1789545626.762,0.1018,0,0,0,0,0,0
CONT_s7_throughput_TheSwissAccount,1789545626.864,0.1021,0,0,0,0,0,0
CONT_s7_throughput_TheSwissAccount,1789545626.966,0.1022,0,0,0,0,0,0
CONT_s7_throughput_TheSwissAccount,1789545627.068,0.102,0,0,0,0,0,0
CONT_s7_throughput_TheSwissAccount,1789545627.17,0.102,0,0,0,0,0,0
CONT_s7_throughput_TheSwissAccount,1789545627.272,0.1019,0,0,0,0,0,0
CONT_s7_throughput_TheSwissAccount,1789545627.374,0.1022,0,0,0,0,0,0
CONT_s7_throughput_TheSwissAccount,1789545627.476,0.1021,0,0,0,0,0,0
CONT_s7_throughput_TheSwissAccount,1789545627.578,0.1019,0,0,0,0,0,0
CONT_s7_throughput_TheSwissAccount,1789545627.68,0.1019,0,0,0,0,0,0
CONT_s7_throughput_TheSwissAccount,1789545627.782,0.1018,0,0,0,0,0,0
CONT_s7_throughput_TheSwissAccount,1789545627.884,0.1021,48655,39,0,106813790.1,1277681.2,2
CONT_s7_throughput_TheSwissAccount,1789545627.986,0.1021,0,0,0,0,0,0
CONT_s7_throughput_TheSwissAccount,1789545628.088,0.1019,0,0,0,0,0,0
CONT_s7_throughput_TheSwissAccount,1789545628.19,0.1019,0,0,0,0,0,0
CONT_s7_throughput_TheSwissAccount,1789545628.292,0.1019,0,0,0,0,0,0
CONT_s7_throughput_TheSwissAccount,1789545628.394,0.1023,0,0,0,0,0,0
CONT_s7_throughput_TheSwissAccount,1789545628.496,0.1021,0,0,0,0,0,0
CONT_s7_throughput_TheSwissAccount,1789545628.598,0.1018,0,0,0,0,0,0
CONT_s7_throughput_TheSwissAccount,1789545628.7,0.1019,0,0,0,0,0,0
CONT_s7_throughput_TheSwissAccount,1789545628.802,0.1018,0,0,0,0,0,0
CONT_s7_throughput_TheSwissAccount,1789545628.904,0.1022,0,0,0,0,0,0
CONT_s7_throughput_TheSwissAccount,1789545629.006,0.1021,0,0,0,0,0,0
CONT_s7_throughput_TheSwissAccount,1789545629.108,0.1019,0,0,0,0,0,0
CONT_s7_throughput_TheSwissAccount,1789545629.21,0.102,0,0,0,0,0,0
CONT_s7_throughput_TheSwissAccount,1789545629.312,0.102,0,0,0,0,0,0
CONT_s7_throughput_TheSwissAccount,1789545629.414,0.1022,0,0,0,0,0,0
CONT_s7_throughput_TheSwissAccount,1789545629.516,0.1021,0,0,0,0,0,0
CONT_s7_throughput_TheSwissAccount,1789545629.618,0.1019,0,0,0,0,0,0
CONT_s7_throughput_TheSwissAccount,1789545629.72,0.1019,0,0,0,0,0,0
CONT_s7_throughput_TheSwissAccount,1789545629.822,0.1019,0,0,0,0,0,0
CONT_s7_throughput_TheSwissAccount,1789545629.924,0.1024,0,0,0,0,0,0
CONT_s7_throughput_TheSwissAccount,1789545630.027,0.1023,0,0,0,0,0,0
CONT_s7_throughput_TheSwissAccount,1789545630.129,0.1021,0,0,0,0,0,0
CONT_s7_throughput_TheSwissAccount,1789545630.231,0.102,0,0,0,0,0,0
CONT_s7_throughput_TheSwissAccount,1789545630.334,0.1032,0,0,0,0,0,0
CONT_s7_throughput_TheSwissAccount,1789545630.436,0.1022,0,0,0,0,0,0
CONT_s7_throughput_TheSwissAccount,1789545630.538,0.1022,0,0,0,0,0,0
CONT_s7_throughput_TheSwissAccount,1789545630.64,0.1019,0,0,0,0,0,0
CONT_s7_throughput_TheSwissAccount,1789545630.742,0.102,0,0,0,0,0,0
CONT_s7_throughput_TheSwissAccount,1789545630.844,0.1021,0,0,0,0,0,0
CONT_s7_throughput_TheSwissAccount,1789545630.948,0.1031,0,0,0,0,0,0
CONT_s7_throughput_TheSwissAccount,1789545631.05,0.1022,0,0,0,0,0,0
CONT_s7_throughput_TheSwissAccount,1789545631.152,0.102,0,0,0,0,0,0
CONT_s7_throughput_TheSwissAccount,1789545631.254,0.1019,0,0,0,0,0,0
CONT_s7_throughput_TheSwissAccount,1789545631.356,0.1021,0,0,0,0,0,0
CONT_s7_throughput_TheSwissAccount,1789545631.458,0.1024,0,0,0,0,0,0
CONT_s7_throughput_TheSwissAccount,1789545631.56,0.102,0,0,0,0,0,0
CONT_s7_throughput_TheSwissAccount,1789545631.662,0.102,0,0,0,0,0,0
CONT_s7_throughput_TheSwissAccount,1789545631.764,0.1019,0,0,0,0,0,0
CONT_s7_throughput_TheSwissAccount,1789545631.866,0.1021,0,0,0,0,0,0
CONT_s7_throughput_TheSwissAccount,1789545631.968,0.1022,120022,97,0,57244325.1,992741.5,2
CONT_s7_throughput_TheSwissAccount,1789545632.07,0.102,0,0,0,0,0,0
CONT_s7_throughput_TheSwissAccount,1789545632.172,0.102,0,0,0,0,0,0
CONT_s7_throughput_TheSwissAccount,1789545632.275,0.1022,0,0,0,0,0,0
CONT_s7_throughput_TheSwissAccount,1789545632.377,0.1022,0,0,0,0,0,0
CONT_s7_throughput_TheSwissAccount,1789545632.479,0.1022,0,0,0,0,0,0
CONT_s7_throughput_TheSwissAccount,1789545632.581,0.1019,0,0,0,0,0,0
CONT_s7_throughput_TheSwissAccount,1789545632.683,0.1019,0,0,0,0,0,0
CONT_s7_throughput_TheSwissAccount,1789545632.785,0.102,0,0,0,0,0,0
CONT_s7_throughput_TheSwissAccount,1789545632.887,0.1021,0,0,0,0,0,0
CONT_s7_throughput_TheSwissAccount,1789545632.989,0.1021,0,0,0,0,0,0
CONT_s7_throughput_TheSwissAccount,1789545633.091,0.1019,0,0,0,0,0,0
CONT_s7_throughput_TheSwissAccount,1789545633.193,0.1019,0,0,0,0,0,0
CONT_s7_throughput_TheSwissAccount,1789545633.295,0.1021,0,0,0,0,0,0
CONT_s7_throughput_TheSwissAccount,1789545633.397,0.1021,0,0,0,0,0,0
CONT_s7_throughput_TheSwissAccount,1789545633.499,0.1021,0,0,0,0,0,0
CONT_s7_throughput_TheSwissAccount,1789545633.601,0.1018,0,0,0,0,0,0
CONT_s7_throughput_TheSwissAccount,1789545633.703,0.1021,0,0,0,0,0,0
CONT_s7_throughput_TheSwissAccount,1789545633.805,0.1021,0,0,0,0,0,0
CONT_s7_throughput_TheSwissAccount,1789545633.907,0.1021,0,0,0,0,0,0
CONT_s7_throughput_TheSwissAccount,1789545634.009,0.1021,0,0,0,0,0,0
CONT_s7_throughput_TheSwissAccount,1789545634.111,0.1018,0,0,0,0,0,0
CONT_s7_throughput_TheSwissAccount,1789545634.213,0.1023,0,0,0,0,0,0
CONT_s7_throughput_TheSwissAccount,1789545634.315,0.102,0,0,0,0,0,0
CONT_s7_throughput_TheSwissAccount,1789545634.417,0.1021,0,0,0,0,0,0
CONT_s7_throughput_TheSwissAccount,1789545634.52,0.1022,0,0,0,0,0,0
CONT_s7_throughput_TheSwissAccount,1789545634.622,0.1019,0,0,0,0,0,0
CONT_s7_throughput_TheSwissAccount,1789545634.724,0.102,0,0,0,0,0,0
CONT_s7_throughput_TheSwissAccount,1789545634.826,0.1021,0,0,0,0,0,0
CONT_s7_throughput_TheSwissAccount,1789545634.928,0.1021,0,0,0,0,0,0
CONT_s7_throughput_TheSwissAccount,1789545635.03,0.1021,0,0,0,0,0,0
CONT_s7_throughput_TheSwissAccount,1789545635.132,0.1018,0,0,0,0,0,0
CONT_s7_throughput_TheSwissAccount,1789545635.234,0.102,0,0,0,0,0,0
CONT_s7_throughput_TheSwissAccount,1789545635.336,0.1021,0,0,0,0,0,0
CONT_s7_throughput_TheSwissAccount,1789545635.439,0.1032,0,0,0,0,0,0
CONT_s7_throughput_TheSwissAccount,1789545635.541,0.1021,0,0,0,0,0,0
CONT_s7_throughput_TheSwissAccount,1789545635.643,0.1019,0,0,0,0,0,0
CONT_s7_throughput_TheSwissAccount,1789545635.745,0.1019,0,0,0,0,0,0
CONT_s7_throughput_TheSwissAccount,1789545635.847,0.1022,0,0,0,0,0,0
CONT_s7_throughput_TheSwissAccount,1789545635.95,0.1029,0,0,0,0,0,0
CONT_s7_throughput_TheSwissAccount,1789545636.052,0.102,685270,558,0,998069.6,661854.4,2
CONT_s7_throughput_TheSwissAccount,1789545636.154,0.102,0,0,0,0,0,0
CONT_s7_throughput_TheSwissAccount,1789545636.256,0.1019,0,0,0,0,0,0
CONT_s7_throughput_TheSwissAccount,1789545636.358,0.1021,0,0,0,0,0,0
CONT_s7_throughput_TheSwissAccount,1789545636.46,0.1021,0,0,0,0,0,0
CONT_s7_throughput_TheSwissAccount,1789545636.562,0.1019,0,0,0,0,0,0
CONT_s7_throughput_TheSwissAccount,1789545636.664,0.102,0,0,0,0,0,0
CONT_s7_throughput_TheSwissAccount,1789545636.766,0.1019,173928,150,0,329428.7,436648.2,2
CONT_s7_throughput_TheSwissAccount,1789545636.868,0.1024,68052,53,0,1091299.7,293428.8,2
CONT_s7_throughput_TheSwissAccount,1789545636.97,0.1023,0,0,0,0,0,0
CONT_s7_throughput_TheSwissAccount,1789545637.072,0.102,68252,55,0,4174980.3,51149124.1,2
CONT_s7_throughput_TheSwissAccount,1789545637.174,0.1021,0,0,0,0,0,0
CONT_s7_throughput_TheSwissAccount,1789545637.277,0.1022,104,2,0,23106582.0,206210688.0,2
CONT_s7_throughput_TheSwissAccount,1789545637.379,0.1023,0,0,0,0,0,0
CONT_s7_throughput_TheSwissAccount,1789545637.481,0.1022,68236,53,0,5210890.6,114382.0,2
CONT_s7_throughput_TheSwissAccount,1789545637.583,0.1023,0,0,0,0,0,0
CONT_s7_throughput_TheSwissAccount,1789545637.685,0.1021,104,2,0,27443176.0,205543654.0,2
CONT_s7_throughput_TheSwissAccount,1789545637.788,0.1021,68236,53,0,5933240.6,100743.8,2
CONT_s7_throughput_TheSwissAccount,1789545637.89,0.1023,0,0,0,0,0,0
CONT_s7_throughput_TheSwissAccount,1789545637.992,0.1023,104,2,0,30097088.5,206727944.0,2
CONT_s7_throughput_TheSwissAccount,1789545638.094,0.1022,0,0,0,0,0,0
CONT_s7_throughput_TheSwissAccount,1789545638.196,0.1021,68148,53,0,6402326.8,94580.8,2
CONT_s7_throughput_TheSwissAccount,1789545638.299,0.1022,0,0,0,0,0,0
CONT_s7_throughput_TheSwissAccount,1789545638.401,0.1025,104,2,0,31650221.0,205985319.0,2
CONT_s7_throughput_TheSwissAccount,1789545638.503,0.1023,68236,53,0,6635792.5,158275.2,2
CONT_s7_throughput_TheSwissAccount,1789545638.605,0.102,0,0,0,0,0,0
CONT_s7_throughput_TheSwissAccount,1789545638.707,0.1021,104,2,0,32605205.0,207393719.0,2
CONT_s7_throughput_TheSwissAccount,1789545638.81,0.1022,68236,53,0,6810321.0,96154.3,2
CONT_s7_throughput_TheSwissAccount,1789545638.912,0.1022,0,0,0,0,0,0
CONT_s7_throughput_TheSwissAccount,1789545639.014,0.1022,104,2,0,33110163.0,206069836.0,2
CONT_s7_throughput_TheSwissAccount,1789545639.116,0.102,0,0,0,0,0,0
CONT_s7_throughput_TheSwissAccount,1789545639.218,0.1022,68236,53,0,6891921.1,159128.9,2
CONT_s7_throughput_TheSwissAccount,1789545639.32,0.1022,0,0,0,0,0,0
CONT_s7_throughput_TheSwissAccount,1789545639.423,0.1023,104,2,0,33518113.0,207640848.0,2
CONT_s7_throughput_TheSwissAccount,1789545639.525,0.1023,68148,53,0,6974042.1,159373.5,2
CONT_s7_throughput_TheSwissAccount,1789545639.627,0.102,0,0,0,0,0,0
CONT_s7_throughput_TheSwissAccount,1789545639.73,0.103,104,2,0,33700167.5,205624746.0,2
CONT_s7_throughput_TheSwissAccount,1789545639.833,0.103,31552,22,0,9529528.2,147185.0,2
CONT_s7_throughput_TheSwissAccount,1789545639.936,0.1027,36684,31,0,9537701.0,168079.5,2
CONT_s7_throughput_TheSwissAccount,1789545640.038,0.1022,0,0,0,0,0,0
CONT_s7_throughput_TheSwissAccount,1789545640.14,0.102,638870,520,0,918510.2,261507.2,4
CONT_s7_throughput_TheSwissAccount,1789545640.242,0.1024,68148,53,0,6979697.7,99354.6,2
CONT_s7_throughput_TheSwissAccount,1789545640.344,0.1022,0,0,0,0,0,0
CONT_s7_throughput_TheSwissAccount,1789545640.446,0.1021,104,2,0,33738346.0,206008689.0,2
CONT_s7_throughput_TheSwissAccount,1789545640.55,0.1031,68148,53,0,6990209.6,101016.5,2
CONT_s7_throughput_TheSwissAccount,1789545640.652,0.1021,0,0,0,0,0,0
CONT_s7_throughput_TheSwissAccount,1789545640.754,0.1021,104,2,0,33766480.5,205727339.0,2
CONT_s7_throughput_TheSwissAccount,1789545640.856,0.1023,0,0,0,0,0,0
CONT_s7_throughput_TheSwissAccount,1789545640.958,0.1023,68148,53,0,7013876.7,137340.5,2
CONT_s7_throughput_TheSwissAccount,1789545641.06,0.1021,0,0,0,0,0,0
CONT_s7_throughput_TheSwissAccount,1789545641.162,0.1021,104,2,0,33858202.0,206324816.0,2
CONT_s7_throughput_TheSwissAccount,1789545641.265,0.1022,68148,53,0,7020466.9,95458.4,2
CONT_s7_throughput_TheSwissAccount,1789545641.367,0.1023,0,0,0,0,0,0
CONT_s7_throughput_TheSwissAccount,1789545641.469,0.1022,104,2,0,33809614.5,204916971.0,2
CONT_s7_throughput_TheSwissAccount,1789545641.571,0.102,0,0,0,0,0,0
CONT_s7_throughput_TheSwissAccount,1789545641.673,0.102,68148,53,0,7013581.4,144473.5,2
CONT_s7_throughput_TheSwissAccount,1789545641.775,0.1021,0,0,0,0,0,0
CONT_s7_throughput_TheSwissAccount,1789545641.878,0.1022,104,2,0,33878227.5,205633820.0,2
CONT_s7_throughput_TheSwissAccount,1789545641.98,0.1023,68148,53,0,7022312.1,131512.3,2
CONT_s7_throughput_TheSwissAccount,1789545642.082,0.1021,0,0,0,0,0,0
CONT_s7_throughput_TheSwissAccount,1789545642.184,0.1021,104,2,0,33834188.5,205034138.0,2
CONT_s7_throughput_TheSwissAccount,1789545642.286,0.1024,68148,53,0,7008897.3,217216.0,2
CONT_s7_throughput_TheSwissAccount,1789545642.389,0.1025,0,0,0,0,0,0
CONT_s7_throughput_TheSwissAccount,1789545642.491,0.1023,52,1,0,14282890.0,205784023.0,1
CONT_s7_throughput_TheSwissAccount,1789545642.593,0.1021,52,1,0,53409370.0,0,1
CONT_s7_throughput_TheSwissAccount,1789545642.695,0.1021,68148,53,0,7015197.6,216068.0,2
CONT_s7_throughput_TheSwissAccount,1789545642.798,0.1022,0,0,0,0,0,0
CONT_s7_throughput_TheSwissAccount,1789545642.9,0.1022,104,2,0,33856323.5,205647357.0,2
CONT_s7_throughput_TheSwissAccount,1789545643.002,0.1022,68148,53,0,7024366.0,172578.3,2
CONT_s7_throughput_TheSwissAccount,1789545643.104,0.102,0,0,0,0,0,0
CONT_s7_throughput_TheSwissAccount,1789545643.206,0.1022,104,2,0,33898885.0,205827689.0,2
CONT_s7_throughput_TheSwissAccount,1789545643.308,0.1021,0,0,0,0,0,0
CONT_s7_throughput_TheSwissAccount,1789545643.411,0.1023,68060,53,0,7027222.4,214250.5,2
CONT_s7_throughput_TheSwissAccount,1789545643.513,0.1022,0,0,0,0,0,0
CONT_s7_throughput_TheSwissAccount,1789545643.615,0.102,104,2,0,33805411.5,204593565.0,2
CONT_s7_throughput_TheSwissAccount,1789545643.717,0.1022,68060,53,0,7003731.2,239472.1,2
CONT_s7_throughput_TheSwissAccount,1789545643.819,0.1022,242452,206,0,449099.0,348655.1,3
CONT_s7_throughput_TheSwissAccount,1789545643.922,0.1025,136224,104,0,344959.9,88556.9,2
CONT_s7_throughput_TheSwissAccount,1789545644.024,0.1024,0,0,0,0,0,0
CONT_s7_throughput_TheSwissAccount,1789545644.126,0.1022,104,2,0,14162036.0,207344460.0,2
CONT_s7_throughput_TheSwissAccount,1789545644.229,0.1023,411673,333,0,4224804.2,787966.6,2
CONT_s7_throughput_TheSwissAccount,1789545644.333,0.1047,292003,241,0,647067.2,548399.5,2
CONT_s7_throughput_TheSwissAccount,1789545644.436,0.1027,0,0,0,0,0,0
CONT_s7_throughput_TheSwissAccount,1789545644.539,0.1024,136280,104,0,3290081.1,106176.9,2
CONT_s7_throughput_TheSwissAccount,1789545644.641,0.1023,0,0,0,0,0,0
CONT_s7_throughput_TheSwissAccount,1789545644.743,0.1023,104,2,0,24652658.0,204944138.0,2
CONT_s7_throughput_TheSwissAccount,1789545644.846,0.1024,0,0,0,0,0,0
CONT_s7_throughput_TheSwissAccount,1789545644.949,0.103,0,0,0,0,0,0
CONT_s7_throughput_TheSwissAccount,1789545645.051,0.1023,0,0,0,0,0,0
CONT_s7_throughput_TheSwissAccount,1789545645.153,0.1023,104,2,0,37295782.5,431433733.0,2
CONT_s7_throughput_TheSwissAccount,1789545645.256,0.1023,136376,104,0,4347638.1,133989.3,2
CONT_s7_throughput_TheSwissAccount,1789545645.358,0.1023,0,0,0,0,0,0
CONT_s7_throughput_TheSwissAccount,1789545645.46,0.1023,104,2,0,28640741.0,205287525.0,2
CONT_s7_throughput_TheSwissAccount,1789545645.563,0.1024,0,0,0,0,0,0
CONT_s7_throughput_TheSwissAccount,1789545645.665,0.1023,0,0,0,0,0,0
CONT_s7_throughput_TheSwissAccount,1789545645.767,0.1024,0,0,0,0,0,0
CONT_s7_throughput_TheSwissAccount,1789545645.87,0.1024,136480,106,0,5038322.3,108383043.1,2
CONT_s7_throughput_TheSwissAccount,1789545645.972,0.1024,0,0,0,0,0,0
CONT_s7_throughput_TheSwissAccount,1789545646.074,0.1023,0,0,0,0,0,0
CONT_s7_throughput_TheSwissAccount,1789545646.177,0.1023,104,2,0,30356046.5,206934777.0,2
CONT_s7_throughput_TheSwissAccount,1789545646.279,0.1023,0,0,0,0,0,0
CONT_s7_throughput_TheSwissAccount,1789545646.381,0.1024,0,0,0,0,0,0
CONT_s7_throughput_TheSwissAccount,1789545646.484,0.1024,0,0,0,0,0,0
CONT_s7_throughput_TheSwissAccount,1789545646.586,0.1022,136480,106,0,5243521.3,87542394.8,2
CONT_s7_throughput_TheSwissAccount,1789545646.688,0.1023,0,0,0,0,0,0
CONT_s7_throughput_TheSwissAccount,1789545646.791,0.1023,104,2,0,31087197.5,207300646.0,2
CONT_s7_throughput_TheSwissAccount,1789545646.893,0.1025,0,0,0,0,0,0
CONT_s7_throughput_TheSwissAccount,1789545646.995,0.1024,0,0,0,0,0,0
CONT_s7_throughput_TheSwissAccount,1789545647.098,0.1022,0,0,0,0,0,0
CONT_s7_throughput_TheSwissAccount,1789545647.2,0.1023,104,2,0,41948745.0,411376010.0,2
CONT_s7_throughput_TheSwissAccount,1789545647.302,0.1023,136376,104,0,4846855.8,191291.3,2
CONT_s7_throughput_TheSwissAccount,1789545647.405,0.1025,0,0,0,0,0,0
CONT_s7_throughput_TheSwissAccount,1789545647.507,0.1025,104,2,0,30607145.5,206236818.0,2
CONT_s7_throughput_TheSwissAccount,1789545647.609,0.1023,0,0,0,0,0,0
CONT_s7_throughput_TheSwissAccount,1789545647.712,0.1024,0,0,0,0,0,0
CONT_s7_throughput_TheSwissAccount,1789545647.814,0.1023,0,0,0,0,0,0
CONT_s7_throughput_TheSwissAccount,1789545647.916,0.1024,779042,635,0,488574.5,418260.4,4
CONT_s7_throughput_TheSwissAccount,1789545648.019,0.1027,136376,104,0,4821514.6,146050.1,2
CONT_s7_throughput_TheSwissAccount,1789545648.122,0.1023,0,0,0,0,0,0
CONT_s7_throughput_TheSwissAccount,1789545648.224,0.1022,104,2,0,30606964.5,208178864.0,2
CONT_s7_throughput_TheSwissAccount,1789545648.326,0.1024,0,0,0,0,0,0
CONT_s7_throughput_TheSwissAccount,1789545648.429,0.1024,0,0,0,0,0,0
CONT_s7_throughput_TheSwissAccount,1789545648.531,0.1025,0,0,0,0,0,0
CONT_s7_throughput_TheSwissAccount,1789545648.633,0.1022,104,2,0,41945629.0,419446566.0,2
CONT_s7_throughput_TheSwissAccount,1789545648.735,0.1023,136376,104,0,4845888.0,129468.0,2
CONT_s7_throughput_TheSwissAccount,1789545648.838,0.1028,0,0,0,0,0,0
CONT_s7_throughput_TheSwissAccount,1789545648.942,0.1036,104,2,0,30675744.0,207981272.0,2
CONT_s7_throughput_TheSwissAccount,1789545649.044,0.1025,0,0,0,0,0,0
CONT_s7_throughput_TheSwissAccount,1789545649.147,0.1023,0,0,0,0,0,0
CONT_s7_throughput_TheSwissAccount,1789545649.249,0.1023,0,0,0,0,0,0
CONT_s7_throughput_TheSwissAccount,1789545649.351,0.1024,104,2,0,42265279.5,423439473.0,2
CONT_s7_throughput_TheSwissAccount,1789545649.454,0.1026,136376,104,0,4884012.5,93006.6,2
CONT_s7_throughput_TheSwissAccount,1789545649.556,0.1023,0,0,0,0,0,0
CONT_s7_throughput_TheSwissAccount,1789545649.659,0.1023,104,2,0,30753574.0,207281794.0,2
CONT_s7_throughput_TheSwissAccount,1789545649.761,0.1023,0,0,0,0,0,0
CONT_s7_throughput_TheSwissAccount,1789545649.863,0.1025,0,0,0,0,0,0
CONT_s7_throughput_TheSwissAccount,1789545649.966,0.1024,0,0,0,0,0,0
CONT_s7_throughput_TheSwissAccount,1789545650.068,0.1023,126728,98,0,5627968.1,106414392.4,2
CONT_s7_throughput_TheSwissAccount,1789545650.171,0.1025,9700,9,0,8117331.9,436648.1,2
CONT_s7_throughput_TheSwissAccount,1789545650.273,0.1023,0,0,0,0,0,0
CONT_s7_throughput_TheSwissAccount,1789545650.375,0.1025,104,2,0,29751802.0,206308502.0,2
CONT_s7_throughput_TheSwissAccount,1789545650.478,0.1024,0,0,0,0,0,0
CONT_s7_throughput_TheSwissAccount,1789545650.58,0.1022,0,0,0,0,0,0
CONT_s7_throughput_TheSwissAccount,1789545650.682,0.1023,0,0,0,0,0,0
CONT_s7_throughput_TheSwissAccount,1789545650.785,0.1023,136436,107,0,5122750.5,85972185.0,2
CONT_s7_throughput_TheSwissAccount,1789545650.887,0.1025,0,0,0,0,0,0
CONT_s7_throughput_TheSwissAccount,1789545650.99,0.1024,104,2,0,29583640.0,207026907.0,2
CONT_s7_throughput_TheSwissAccount,1789545651.092,0.1022,0,0,0,0,0,0
CONT_s7_throughput_TheSwissAccount,1789545651.194,0.1023,0,0,0,0,0,0
CONT_s7_throughput_TheSwissAccount,1789545651.296,0.1023,0,0,0,0,0,0
CONT_s7_throughput_TheSwissAccount,1789545651.399,0.1025,0,0,0,0,0,0
CONT_s7_throughput_TheSwissAccount,1789545651.501,0.1024,136376,106,0,5147982.7,72363629.3,2
CONT_s7_throughput_TheSwissAccount,1789545651.603,0.1022,0,0,0,0,0,0
CONT_s7_throughput_TheSwissAccount,1789545651.706,0.1023,104,2,0,30612495.0,206029652.0,2
CONT_s7_throughput_TheSwissAccount,1789545651.808,0.1023,0,0,0,0,0,0
CONT_s7_throughput_TheSwissAccount,1789545651.911,0.1025,0,0,0,0,0,0
CONT_s7_throughput_TheSwissAccount,1789545652.013,0.1024,736057,599,0,557349.1,660054.0,2
CONT_s7_throughput_TheSwissAccount,1789545652.115,0.1022,104,2,0,16478794.0,439411585.0,2
CONT_s7_throughput_TheSwissAccount,1789545652.217,0.1022,136412,105,0,5336089.5,101816.7,2
CONT_s7_throughput_TheSwissAccount,1789545652.32,0.1023,0,0,0,0,0,0
CONT_s7_throughput_TheSwissAccount,1789545652.422,0.1025,104,2,0,31167448.5,206764352.0,2
CONT_s7_throughput_TheSwissAccount,1789545652.525,0.1024,0,0,0,0,0,0
CONT_s7_throughput_TheSwissAccount,1789545652.627,0.1022,0,0,0,0,0,0
CONT_s7_throughput_TheSwissAccount,1789545652.729,0.1023,0,0,0,0,0,0
CONT_s7_throughput_TheSwissAccount,1789545652.832,0.1031,104,2,0,42016257.5,411315825.0,2
CONT_s7_throughput_TheSwissAccount,1789545652.935,0.1025,136272,104,0,4882490.4,202775.0,2
CONT_s7_throughput_TheSwissAccount,1789545653.037,0.1024,0,0,0,0,0,0
CONT_s7_throughput_TheSwissAccount,1789545653.139,0.1022,104,2,0,30630367.5,206153465.0,2
CONT_s7_throughput_TheSwissAccount,1789545653.242,0.1023,0,0,0,0,0,0
CONT_s7_throughput_TheSwissAccount,1789545653.344,0.1025,0,0,0,0,0,0
CONT_s7_throughput_TheSwissAccount,1789545653.448,0.1036,0,0,0,0,0,0
CONT_s7_throughput_TheSwissAccount,1789545653.55,0.1023,104,2,0,41813267.5,415411510.0,2
CONT_s7_throughput_TheSwissAccount,1789545653.652,0.1023,136508,105,0,4858683.9,240539.5,2
CONT_s7_throughput_TheSwissAccount,1789545653.754,0.1023,0,0,0,0,0,0
CONT_s7_throughput_TheSwissAccount,1789545653.857,0.1024,104,2,0,29455633.5,206163725.0,2
CONT_s7_throughput_TheSwissAccount,1789545653.959,0.1024,0,0,0,0,0,0
CONT_s7_throughput_TheSwissAccount,1789545654.062,0.1024,0,0,0,0,0,0
CONT_s7_throughput_TheSwissAccount,1789545654.164,0.1023,0,0,0,0,0,0
CONT_s7_throughput_TheSwissAccount,1789545654.266,0.1023,44367,38,0,16975707.1,138739800.8,2
CONT_s7_throughput_TheSwissAccount,1789545654.369,0.1025,0,0,0,0,0,0
CONT_s7_throughput_TheSwissAccount,1789545654.471,0.1024,0,0,0,0,0,0
CONT_s7_throughput_TheSwissAccount,1789545654.573,0.1022,0,0,0,0,0,0
CONT_s7_throughput_TheSwissAccount,1789545654.676,0.1028,0,0,0,0,0,0
CONT_s7_throughput_TheSwissAccount,1789545654.778,0.1023,0,0,0,0,0,0
CONT_s7_throughput_TheSwissAccount,1789545654.881,0.1024,833,6,0,15228749.5,503489.3,3
CONT_s7_throughput_TheSwissAccount,1789545654.983,0.1026,241367,199,0,1403156.1,523896.9,2
CONT_s7_throughput_TheSwissAccount,1789545655.086,0.1024,0,0,0,0,0,0
CONT_s7_throughput_TheSwissAccount,1789545655.188,0.1024,104,2,0,16102485.5,205211507.0,2
CONT_s7_throughput_TheSwissAccount,1789545655.291,0.1025,68036,53,0,4032461.2,244927.0,2
CONT_s7_throughput_TheSwissAccount,1789545655.393,0.1026,0,0,0,0,0,0
CONT_s7_throughput_TheSwissAccount,1789545655.496,0.1025,0,0,0,0,0,0
CONT_s7_throughput_TheSwissAccount,1789545655.598,0.1024,52,1,0,41742336.0,0,1
CONT_s7_throughput_TheSwissAccount,1789545655.701,0.1024,104,2,0,42434161.0,457608632.0,2
CONT_s7_throughput_TheSwissAccount,1789545655.803,0.1025,0,0,0,0,0,0
CONT_s7_throughput_TheSwissAccount,1789545655.906,0.1026,22720,19,0,29825794.5,247979152.1,2
CONT_s7_throughput_TheSwissAccount,1789545656.008,0.1026,64,1,0,51136130.0,0,1
CONT_s7_throughput_TheSwissAccount,1789545656.111,0.1024,4173,7,0,79102955.1,250219302.0,3
CONT_s7_throughput_TheSwissAccount,1789545656.213,0.1024,1564,2,1,49934708.5,239980898.6,2
CONT_s7_throughput_TheSwissAccount,1789545656.316,0.1025,15052,11,0,327672454.7,253239129.4,2
CONT_s7_throughput_TheSwissAccount,1789545656.418,0.1028,9372,12,5,111101698.2,238766874.2,4
CONT_s7_throughput_TheSwissAccount,1789545656.521,0.1026,0,0,0,0,0,0
CONT_s7_throughput_TheSwissAccount,1789545656.623,0.1024,24436,23,6,125444239.7,249645787.3,4
CONT_s7_throughput_TheSwissAccount,1789545656.726,0.1024,9384,12,4,128556713.7,261188568.3,4
CONT_s7_throughput_TheSwissAccount,1789545656.829,0.103,20332,26,0,128152806.0,250231783.0,2
CONT_s7_throughput_TheSwissAccount,1789545656.931,0.1026,15640,20,8,66499205.3,286127697.0,4
CONT_s7_throughput_TheSwissAccount,1789545657.034,0.1026,15476,18,6,59629555.9,333618339.9,4
CONT_s7_throughput_TheSwissAccount,1789545657.136,0.1024,15552,19,7,68155579.2,287446372.3,4
CONT_s7_throughput_TheSwissAccount,1789545657.239,0.1025,15640,20,0,48985995.4,352686338.4,4
CONT_s7_throughput_TheSwissAccount,1789545657.341,0.1026,15640,20,0,28629846.5,363184289.2,2
CONT_s7_throughput_TheSwissAccount,1789545657.445,0.1038,15476,18,1,40302815.9,383691217.5,4
CONT_s7_throughput_TheSwissAccount,1789545657.548,0.1026,15516,18,0,33834772.3,369265186.3,2
CONT_s7_throughput_TheSwissAccount,1789545657.65,0.1025,14160,19,2,32447508.5,357031792.5,4
CONT_s7_throughput_TheSwissAccount,1789545657.753,0.1024,15664,20,0,28588839.2,337551388.6,4
CONT_s7_throughput_TheSwissAccount,1789545657.855,0.1026,15676,20,3,25335809.5,315103142.8,2
CONT_s7_throughput_TheSwissAccount,1789545657.958,0.103,15448,18,3,27269363.2,310129748.4,5
CONT_s7_throughput_TheSwissAccount,1789545658.061,0.1027,15248,15,0,26234936.7,315952454.6,4
CONT_s7_throughput_TheSwissAccount,1789545658.164,0.1026,15112,12,0,19111067.8,316049793.4,4
CONT_s7_throughput_TheSwissAccount,1789545658.266,0.1026,14266,15,0,22998850.9,271305860.0,5
CONT_s7_throughput_TheSwissAccount,1789545658.369,0.103,16760,16,0,24824812.9,317704582.2,2
CONT_s7_throughput_TheSwissAccount,1789545658.472,0.1029,10090,15,0,24613663.3,180972656.0,6
CONT_s7_throughput_TheSwissAccount,1789545658.575,0.1029,16708,15,0,24136117.1,247047913.3,2
CONT_s7_throughput_TheSwissAccount,1789545658.678,0.1027,7656,8,0,21430730.8,246783035.9,3
CONT_s7_throughput_TheSwissAccount,1789545658.781,0.103,18753,22,0,31416114.1,233564326.6,6
CONT_s7_throughput_TheSwissAccount,1789545658.883,0.1028,13708,13,0,21772448.8,246371064.4,2
CONT_s7_throughput_TheSwissAccount,1789545658.986,0.1029,16970,17,0,47644221.1,249283137.3,6
CONT_s7_throughput_TheSwissAccount,1789545659.089,0.1028,16656,14,0,33785864.9,288152103.4,4
CONT_s7_throughput_TheSwissAccount,1789545659.192,0.1029,10708,11,0,24192547.8,292369716.1,2
CONT_s7_throughput_TheSwissAccount,1789545659.295,0.1028,16760,16,0,54108514.6,246287487.6,4
CONT_s7_throughput_TheSwissAccount,1789545659.398,0.103,15260,15,0,45902066.7,367581272.1,2
CONT_s7_throughput_TheSwissAccount,1789545659.501,0.1029,13656,12,0,36636788.2,379621218.6,2
CONT_s7_throughput_TheSwissAccount,1789545659.603,0.1028,18336,18,0,38459315.4,373304392.9,4
CONT_s7_throughput_TheSwissAccount,1789545659.706,0.1028,15784,20,0,46818567.5,380089441.6,2
CONT_s7_throughput_TheSwissAccount,1789545659.809,0.1027,14032,16,0,40471167.9,382537510.1,4
CONT_s7_throughput_TheSwissAccount,1789545659.912,0.103,16748,16,0,36398360.8,378633523.5,2
CONT_s7_throughput_TheSwissAccount,1789545660.015,0.103,14120,17,7,36433065.4,331680354.3,4
CONT_s7_throughput_TheSwissAccount,1789545660.118,0.1029,15720,20,10,22512142.0,324356240.5,2
CONT_s7_throughput_TheSwissAccount,1789545660.221,0.1029,15052,11,1,37753996.6,351256362.8,3
CONT_s7_throughput_TheSwissAccount,1789545660.324,0.1029,15785,15,0,30038319.7,330561290.7,5
CONT_s7_throughput_TheSwissAccount,1789545660.427,0.1031,15412,17,0,26834718.6,368274985.5,2
CONT_s7_throughput_TheSwissAccount,1789545660.53,0.103,12612,17,0,15685973.2,385398694.0,3
CONT_s7_throughput_TheSwissAccount,1789545660.633,0.1029,17531,23,0,20693751.4,246451576.2,4
CONT_s7_throughput_TheSwissAccount,1789545660.736,0.103,17292,22,1,14285435.5,250675145.0,2
CONT_s7_throughput_TheSwissAccount,1789545660.839,0.1031,12586,16,2,32422293.6,249978853.6,4
CONT_s7_throughput_TheSwissAccount,1789545660.943,0.1046,16760,16,0,25360695.9,287166169.5,4
CONT_s7_throughput_TheSwissAccount,1789545661.047,0.1033,15260,15,0,9193647.7,274786518.8,2
CONT_s7_throughput_TheSwissAccount,1789545661.149,0.1029,15260,15,0,44125359.3,293533779.0,4
CONT_s7_throughput_TheSwissAccount,1789545661.252,0.103,15260,15,0,38949779.7,357189894.8,2
CONT_s7_throughput_TheSwissAccount,1789545661.356,0.1032,15412,17,0,27898536.3,373844042.7,2
CONT_s7_throughput_TheSwissAccount,1789545661.459,0.1031,14100,18,0,24124481.0,381822140.0,2
CONT_s7_throughput_TheSwissAccount,1789545661.562,0.1029,15752,20,0,45768933.5,384065275.4,2
CONT_s7_throughput_TheSwissAccount,1789545661.665,0.103,15784,20,0,37709337.2,384203818.8,4
CONT_s7_throughput_TheSwissAccount,1789545661.768,0.1031,17292,22,0,32429085.0,382520369.8,2
CONT_s7_throughput_TheSwissAccount,1789545661.871,0.103,15752,20,7,34804337.8,341364399.6,4
CONT_s7_throughput_TheSwissAccount,1789545661.974,0.1031,14204,18,9,24799843.5,332160791.1,2
CONT_s7_throughput_TheSwissAccount,1789545662.077,0.1029,15628,20,3,28833353.0,336186154.1,4
CONT_s7_throughput_TheSwissAccount,1789545662.18,0.103,15336,16,1,23889576.0,333280045.2,4
CONT_s7_throughput_TheSwissAccount,1789545662.283,0.103,15388,17,0,29319114.2,370536331.9,3
CONT_s7_throughput_TheSwissAccount,1789545662.386,0.1031,15704,20,0,15956311.0,385306221.2,2
CONT_s7_throughput_TheSwissAccount,1789545662.489,0.103,15260,15,0,29588181.3,377851928.7,2
CONT_s7_throughput_TheSwissAccount,1789545662.592,0.1029,15464,17,0,29808829.2,375896012.9,4
CONT_s7_throughput_TheSwissAccount,1789545662.695,0.103,15788,21,0,24768748.9,389941027.8,3
CONT_s7_throughput_TheSwissAccount,1789545662.798,0.1029,13964,16,3,27026328.8,354695097.1,4
CONT_s7_throughput_TheSwissAccount,1789545662.901,0.1031,15260,15,0,31727268.3,362378938.2,2
CONT_s7_throughput_TheSwissAccount,1789545663.004,0.103,15556,18,0,27854668.7,352881723.9,4
CONT_s7_throughput_TheSwissAccount,1789545663.107,0.103,15556,19,4,19994062.9,348616149.1,3
CONT_s7_throughput_TheSwissAccount,1789545663.21,0.1031,15312,16,0,32452865.2,366359661.5,4
CONT_s7_throughput_TheSwissAccount,1789545663.313,0.1029,15208,14,0,28819411.6,374370155.2,3
CONT_s7_throughput_TheSwissAccount,1789545663.416,0.1031,16299,17,0,23087651.0,354871688.4,4
CONT_s7_throughput_TheSwissAccount,1789545663.519,0.1031,12208,12,0,19219630.0,353578426.6,2
CONT_s7_throughput_TheSwissAccount,1789545663.622,0.1029,10656,10,0,22659482.4,246508870.2,2
CONT_s7_throughput_TheSwissAccount,1789545663.725,0.1029,20342,20,0,35926495.1,249995627.7,2
CONT_s7_throughput_TheSwissAccount,1789545663.829,0.1038,16760,16,0,33399746.6,382050388.7,4
CONT_s7_throughput_TheSwissAccount,1789545663.932,0.103,15640,20,0,26746269.5,357111154.0,2
CONT_s7_throughput_TheSwissAccount,1789545664.035,0.1031,15336,16,0,40191423.0,348284574.6,4
CONT_s7_throughput_TheSwissAccount,1789545664.138,0.1028,15260,15,0,33602790.3,376249461.3,2
CONT_s7_throughput_TheSwissAccount,1789545664.241,0.103,14084,18,0,37184719.0,378822862.5,2
CONT_s7_throughput_TheSwissAccount,1789545664.344,0.103,17076,20,2,32599916.2,347487230.7,4
CONT_s7_throughput_TheSwissAccount,1789545664.448,0.1045,15260,15,0,35751825.0,347040905.1,2
CONT_s7_throughput_TheSwissAccount,1789545664.551,0.1032,15488,18,0,33993516.9,335940100.3,4
CONT_s7_throughput_TheSwissAccount,1789545664.654,0.103,13760,14,1,21780842.6,333306547.1,2
CONT_s7_throughput_TheSwissAccount,1789545664.757,0.103,15260,15,0,38392490.7,336636663.5,2
CONT_s7_throughput_TheSwissAccount,1789545664.861,0.1031,15260,15,0,32417102.2,336630513.5,4
CONT_s7_throughput_TheSwissAccount,1789545664.964,0.1036,13708,13,0,30228125.2,337615559.1,2
CONT_s7_throughput_TheSwissAccount,1789545665.067,0.103,16760,16,0,36293972.8,345290967.8,4
CONT_s7_throughput_TheSwissAccount,1789545665.17,0.103,15260,15,0,32488913.3,346827333.4,2
CONT_s7_throughput_TheSwissAccount,1789545665.273,0.103,15260,15,0,38744611.5,345043884.9,4
CONT_s7_throughput_TheSwissAccount,1789545665.376,0.1032,13708,13,0,31032990.8,351197200.2,2
CONT_s7_throughput_TheSwissAccount,1789545665.479,0.1031,16812,17,0,38097446.3,360805453.6,3
CONT_s7_throughput_TheSwissAccount,1789545665.582,0.103,15260,15,0,34247606.6,367338841.0,4
CONT_s7_throughput_TheSwissAccount,1789545665.685,0.103,15208,14,0,37711013.6,366177095.9,2
CONT_s7_throughput_TheSwissAccount,1789545665.788,0.103,13760,14,0,39074213.2,372585670.3,4
CONT_s7_throughput_TheSwissAccount,1789545665.891,0.1032,15260,15,0,36582792.3,375259479.5,4
CONT_s7_throughput_TheSwissAccount,1789545665.995,0.1031,15260,15,0,36053155.9,377459102.9,4
CONT_s7_throughput_TheSwissAccount,1789545666.097,0.1029,15260,15,0,31915901.7,375668557.6,2
CONT_s7_throughput_TheSwissAccount,1789545666.2,0.103,15208,14,0,39522663.8,376575848.9,4
CONT_s7_throughput_TheSwissAccount,1789545666.303,0.1029,13708,13,0,33606825.5,375933722.4,2
CONT_s7_throughput_TheSwissAccount,1789545666.407,0.1031,15488,18,0,40418150.1,381468051.3,4
CONT_s7_throughput_TheSwissAccount,1789545666.51,0.103,17204,22,0,32164504.0,382066121.6,2
CONT_s7_throughput_TheSwissAccount,1789545666.612,0.1029,13708,13,0,40268191.7,378390306.1,2
CONT_s7_throughput_TheSwissAccount,1789545666.715,0.1029,17076,20,0,30542267.7,381963233.0,2
CONT_s7_throughput_TheSwissAccount,1789545666.818,0.1029,13888,16,1,36816152.5,349331517.0,3
CONT_s7_throughput_TheSwissAccount,1789545666.921,0.1031,15552,19,0,35687103.8,333340208.1,4
CONT_s7_throughput_TheSwissAccount,1789545667.024,0.1031,15564,19,1,26170586.4,324260981.2,2
CONT_s7_throughput_TheSwissAccount,1789545667.127,0.1029,15260,15,0,36882538.7,328156118.3,4
CONT_s7_throughput_TheSwissAccount,1789545667.231,0.1039,15208,14,0,36376573.7,329136875.5,4
CONT_s7_throughput_TheSwissAccount,1789545667.335,0.1038,15260,15,0,22830425.0,307685694.1,2
CONT_s7_throughput_TheSwissAccount,1789545667.438,0.1034,15260,15,0,37547836.7,300697951.6,4
CONT_s7_throughput_TheSwissAccount,1789545667.541,0.103,15260,15,0,36470129.0,313627591.7,4
CONT_s7_throughput_TheSwissAccount,1789545667.644,0.1029,13708,13,0,29365333.7,322118356.2,2
CONT_s7_throughput_TheSwissAccount,1789545667.747,0.103,15208,14,0,32942066.6,326941533.3,4
CONT_s7_throughput_TheSwissAccount,1789545667.85,0.103,16864,18,0,34837786.6,341753693.3,3
CONT_s7_throughput_TheSwissAccount,1789545667.954,0.1035,13708,13,0,33111080.6,347573833.5,4
CONT_s7_throughput_TheSwissAccount,1789545668.057,0.1031,17181,18,0,28625058.8,336731605.6,4
CONT_s7_throughput_TheSwissAccount,1789545668.16,0.103,13808,15,0,35201567.1,331945886.8,3
CONT_s7_throughput_TheSwissAccount,1789545668.263,0.1031,9000,6,0,30942429.0,333616198.0,1
CONT_s7_throughput_TheSwissAccount,1789545668.366,0.1031,14010,10,0,33228944.7,238610881.5,3
CONT_s7_throughput_TheSwissAccount,1789545668.469,0.1031,6681,7,0,21056039.4,227042355.9,3
CONT_s7_throughput_TheSwissAccount,1789545668.572,0.1032,17134,14,0,31646052.1,252144533.0,2
CONT_s7_throughput_TheSwissAccount,1789545668.676,0.1031,13760,14,0,26380316.1,50725550.0,3
CONT_s7_throughput_TheSwissAccount,1789545668.779,0.1031,1863,4,0,35379789.0,8319082.5,3
CONT_s7_throughput_TheSwissAccount,1789545668.882,0.1033,27260,23,0,24432787.0,253160900.9,2
CONT_s7_throughput_TheSwissAccount,1789545668.985,0.1033,12522,15,0,39522669.9,246921501.9,4
CONT_s7_throughput_TheSwissAccount,1789545669.089,0.1033,15208,14,0,32400868.2,274837016.6,4
CONT_s7_throughput_TheSwissAccount,1789545669.192,0.1031,15260,15,0,25022162.0,307986849.8,2
CONT_s7_throughput_TheSwissAccount,1789545669.295,0.1034,15260,15,0,44149359.1,314306941.2,4
CONT_s7_throughput_TheSwissAccount,1789545669.399,0.1034,15336,16,0,41917099.6,378946244.6,2
CONT_s7_throughput_TheSwissAccount,1789545669.502,0.1032,15260,15,0,34016083.3,382744957.4,2
CONT_s7_throughput_TheSwissAccount,1789545669.605,0.1031,15260,15,0,26717028.7,387831298.0,2
CONT_s7_throughput_TheSwissAccount,1789545669.708,0.1031,15676,19,0,49025432.8,393385401.4,4
CONT_s7_throughput_TheSwissAccount,1789545669.811,0.1031,15692,19,0,40456797.2,393183593.3,4
CONT_s7_throughput_TheSwissAccount,1789545669.915,0.1033,15260,15,0,33195605.3,387879143.3,2
CONT_s7_throughput_TheSwissAccount,1789545670.018,0.1032,16760,16,1,27600657.9,387498402.8,3
CONT_s7_throughput_TheSwissAccount,1789545670.121,0.1031,14300,19,9,40548608.6,376417252.5,2
CONT_s7_throughput_TheSwissAccount,1789545670.224,0.1033,15568,18,6,32567371.0,385639508.4,4
CONT_s7_throughput_TheSwissAccount,1789545670.328,0.1036,15640,20,0,31563382.0,373903947.6,2
CONT_s7_throughput_TheSwissAccount,1789545670.431,0.1034,15552,19,2,34269322.3,369642866.1,4
CONT_s7_throughput_TheSwissAccount,1789545670.534,0.1032,13784,14,0,33764430.4,356999448.3,4
CONT_s7_throughput_TheSwissAccount,1789545670.637,0.1032,17168,22,2,27484189.0,301099193.9,3
CONT_s7_throughput_TheSwissAccount,1789545670.741,0.1031,15260,15,0,34058287.5,293367158.2,4
CONT_s7_throughput_TheSwissAccount,1789545670.844,0.1032,13860,15,0,32843056.6,367926490.0,2
CONT_s7_throughput_TheSwissAccount,1789545670.948,0.1047,16988,19,0,32529002.2,371335544.1,4
CONT_s7_throughput_TheSwissAccount,1789545671.052,0.1033,13708,13,0,28829165.9,366346067.6,2
CONT_s7_throughput_TheSwissAccount,1789545671.155,0.1032,17128,21,0,33247630.0,385286542.0,4
CONT_s7_throughput_TheSwissAccount,1789545671.258,0.1032,15720,20,3,23922363.0,358525632.2,2
CONT_s7_throughput_TheSwissAccount,1789545671.361,0.1033,13772,14,1,39927033.9,366510484.3,4
CONT_s7_throughput_TheSwissAccount,1789545671.465,0.1034,16772,16,0,31790174.2,376541997.5,4
CONT_s7_throughput_TheSwissAccount,1789545671.568,0.1033,15476,18,2,27377468.8,353996041.4,3
CONT_s7_throughput_TheSwissAccount,1789545671.671,0.1032,13760,14,0,26757275.3,365393559.0,4
CONT_s7_throughput_TheSwissAccount,1789545671.774,0.1032,15260,15,0,34400655.5,378092037.0,4
CONT_s7_throughput_TheSwissAccount,1789545671.878,0.1033,15488,18,0,31277455.2,356085485.1,4
CONT_s7_throughput_TheSwissAccount,1789545671.981,0.1032,13708,13,0,23328341.3,366341391.5,2
CONT_s7_throughput_TheSwissAccount,1789545672.084,0.1032,16988,19,0,32071130.1,376721505.5,4
CONT_s7_throughput_TheSwissAccount,1789545672.187,0.1032,15668,20,0,29844000.6,376245174.8,4
CONT_s7_throughput_TheSwissAccount,1789545672.29,0.1032,13780,14,2,29240199.0,366277104.2,4
CONT_s7_throughput_TheSwissAccount,1789545672.394,0.1033,16500,11,0,23869987.0,379967720.0,1
CONT_s7_throughput_TheSwissAccount,1789545672.497,0.1034,13884,15,0,32849173.4,355527892.3,3
CONT_s7_throughput_TheSwissAccount,1789545672.6,0.1032,16720,15,2,28174380.0,355587533.2,3
CONT_s7_throughput_TheSwissAccount,1789545672.703,0.1032,9156,9,0,23107495.0,264875071.1,2
CONT_s7_throughput_TheSwissAccount,1789545672.807,0.1032,10708,11,0,21655455.2,245486486.2,2
CONT_s7_throughput_TheSwissAccount,1789545672.91,0.1033,4552,4,0,24066457.8,247322086.0,2
CONT_s7_throughput_TheSwissAccount,1789545673.013,0.1032,12208,12,0,27085163.0,245914410.6,2
CONT_s7_throughput_TheSwissAccount,1789545673.116,0.1032,12156,11,0,26017442.9,246967565.5,2
CONT_s7_throughput_TheSwissAccount,1789545673.22,0.1032,6104,6,0,27840201.3,245917152.2,2
CONT_s7_throughput_TheSwissAccount,1789545673.323,0.1033,12208,12,0,25507465.7,245909059.9,2
CONT_s7_throughput_TheSwissAccount,1789545673.426,0.1034,10604,9,0,28676086.0,247737293.2,2
CONT_s7_throughput_TheSwissAccount,1789545673.53,0.1032,12156,11,0,26880560.0,246960269.9,2
CONT_s7_throughput_TheSwissAccount,1789545673.633,0.1032,10656,10,0,24659604.1,246517732.1,2
CONT_s7_throughput_TheSwissAccount,1789545673.736,0.1032,6104,6,0,26669674.7,245942417.2,2
CONT_s7_throughput_TheSwissAccount,1789545673.839,0.1032,12208,12,0,24612946.7,245913509.4,2
CONT_s7_throughput_TheSwissAccount,1789545673.944,0.1051,10604,9,0,28103595.8,247725531.2,2
CONT_s7_throughput_TheSwissAccount,1789545674.047,0.1034,12208,12,0,25510490.3,245915330.9,2
CONT_s7_throughput_TheSwissAccount,1789545674.151,0.1031,10604,9,0,24883282.1,247717612.6,2
CONT_s7_throughput_TheSwissAccount,1789545674.254,0.1033,9156,9,0,27449717.3,245918834.3,2
CONT_s7_throughput_TheSwissAccount,1789545674.357,0.1031,9156,9,0,24406261.3,245910075.6,2
CONT_s7_throughput_TheSwissAccount,1789545674.46,0.1032,13656,12,0,27225710.0,247330068.4,2
CONT_s7_throughput_TheSwissAccount,1789545674.563,0.1031,12208,12,0,24391695.0,245910783.7,2
CONT_s7_throughput_TheSwissAccount,1789545674.667,0.1032,7552,6,0,25197013.8,248466744.7,2
CONT_s7_throughput_TheSwissAccount,1789545674.77,0.1031,13708,13,0,25951207.2,246389806.6,2
CONT_s7_throughput_TheSwissAccount,1789545674.873,0.1034,13656,12,0,24016221.0,247313127.4,2
CONT_s7_throughput_TheSwissAccount,1789545674.976,0.1033,7604,7,0,25230092.9,246751624.8,2
CONT_s7_throughput_TheSwissAccount,1789545675.08,0.1032,12208,12,0,23615250.0,245910574.7,2
CONT_s7_throughput_TheSwissAccount,1789545675.183,0.1031,13552,10,0,26206844.0,249223842.7,2
CONT_s7_throughput_TheSwissAccount,1789545675.286,0.1036,11438,13,0,23633104.7,244489368.0,2
CONT_s7_throughput_TheSwissAccount,1789545675.39,0.1034,666,1,0,19203880.0,0,1
CONT_s7_throughput_TheSwissAccount,1789545675.493,0.1032,0,0,0,0,0,0
CONT_s7_throughput_TheSwissAccount,1789545675.596,0.1032,1995,2,0,37109338.5,171342767.6,2
CONT_s7_throughput_TheSwissAccount,1789545675.699,0.1032,0,0,0,0,0,0
CONT_s7_throughput_TheSwissAccount,1789545675.802,0.1032,15052,11,0,30982203.5,252957285.5,2
CONT_s7_throughput_TheSwissAccount,1789545675.906,0.1034,12738,13,0,28947579.8,1081069.0,2
CONT_s7_throughput_TheSwissAccount,1789545676.009,0.1033,52,1,0,37415536.0,48794073.0,1
CONT_s7_throughput_TheSwissAccount,1789545676.112,0.1031,22901,19,0,25973321.5,245640902.1,2
CONT_s7_throughput_TheSwissAccount,1789545676.215,0.1031,0,0,0,0,0,0
CONT_s7_throughput_TheSwissAccount,1789545676.318,0.1032,0,0,0,0,0,0
CONT_s7_throughput_TheSwissAccount,1789545676.422,0.1034,1997,2,0,43875255.0,168800934.9,2
CONT_s7_throughput_TheSwissAccount,1789545676.525,0.1033,0,0,0,0,0,0
CONT_s7_throughput_TheSwissAccount,1789545676.628,0.1031,17134,14,0,31740669.1,252227199.2,2
CONT_s7_throughput_TheSwissAccount,1789545676.732,0.1039,12208,12,0,31941742.7,1039625.0,2
CONT_s7_throughput_TheSwissAccount,1789545676.836,0.1037,0,0,0,0,0,0
CONT_s7_throughput_TheSwissAccount,1789545676.94,0.1047,25708,21,0,27410140.7,260862235.6,2
CONT_s7_throughput_TheSwissAccount,1789545677.044,0.1034,6104,6,0,29298996.3,262297186.7,2
CONT_s7_throughput_TheSwissAccount,1789545677.147,0.1031,19604,15,0,25217579.5,248853834.1,2
CONT_s7_throughput_TheSwissAccount,1789545677.25,0.1032,12208,12,0,27725578.7,246190210.1,2
CONT_s7_throughput_TheSwissAccount,1789545677.353,0.1033,0,0,0,0,0,0
CONT_s7_throughput_TheSwissAccount,1789545677.458,0.1045,27208,22,0,23663777.5,251257675.5,2
CONT_s7_throughput_TheSwissAccount,1789545677.561,0.1032,6104,6,0,26347997.0,256335120.7,2
CONT_s7_throughput_TheSwissAccount,1789545677.664,0.1032,19604,15,0,23139696.5,248880365.2,2
CONT_s7_throughput_TheSwissAccount,1789545677.768,0.1033,13708,13,0,25590469.2,246684595.8,2
CONT_s7_throughput_TheSwissAccount,1789545677.871,0.1033,15052,11,0,21766584.4,249329603.5,2
CONT_s7_throughput_TheSwissAccount,1789545677.974,0.1033,15208,14,0,24599663.9,247625013.6,2
CONT_s7_throughput_TheSwissAccount,1789545678.078,0.1033,4552,4,0,22799370.2,258113546.9,2
CONT_s7_throughput_TheSwissAccount,1789545678.181,0.1032,12845,11,0,23796817.0,236238017.2,2
CONT_s7_throughput_TheSwissAccount,1789545678.285,0.1041,0,0,0,0,0,0
CONT_s7_throughput_TheSwissAccount,1789545678.388,0.1032,2010,2,0,46171637.5,169441124.2,2
CONT_s7_throughput_TheSwissAccount,1789545678.491,0.1034,0,0,0,0,0,0
CONT_s7_throughput_TheSwissAccount,1789545678.595,0.1033,0,0,0,0,0,0
CONT_s7_throughput_TheSwissAccount,1789545678.698,0.1032,23238,20,0,31445870.6,251350363.5,2
CONT_s7_throughput_TheSwissAccount,1789545678.801,0.1032,12738,13,0,29071439.5,1001634.0,2
CONT_s7_throughput_TheSwissAccount,1789545678.904,0.1033,18156,15,0,23764584.8,251688920.9,2
CONT_s7_throughput_TheSwissAccount,1789545679.008,0.1033,15260,15,0,23699076.3,252833698.1,2
CONT_s7_throughput_TheSwissAccount,1789545679.111,0.1032,6104,6,0,25179031.0,252670569.0,2
CONT_s7_throughput_TheSwissAccount,1789545679.214,0.1032,24208,20,0,20641262.6,274736514.1,2
CONT_s7_throughput_TheSwissAccount,1789545679.317,0.1033,13760,14,0,19151311.8,284953508.4,2
CONT_s7_throughput_TheSwissAccount,1789545679.421,0.1034,15260,15,0,18971271.0,270597702.1,2
CONT_s7_throughput_TheSwissAccount,1789545679.524,0.1032,13708,13,0,17904523.3,306732141.5,2
CONT_s7_throughput_TheSwissAccount,1789545679.627,0.1034,16760,16,0,16986193.4,314703504.2,2
CONT_s7_throughput_TheSwissAccount,1789545679.73,0.1032,15260,15,0,16312087.0,318209944.0,2
CONT_s7_throughput_TheSwissAccount,1789545679.834,0.1036,13708,13,0,16063666.8,334069108.7,2
CONT_s7_throughput_TheSwissAccount,1789545679.937,0.1033,15260,15,0,15461249.7,344397173.5,2
CONT_s7_throughput_TheSwissAccount,1789545680.041,0.1033,16760,16,0,15176555.6,361828807.5,2
CONT_s7_throughput_TheSwissAccount,1789545680.144,0.1031,13708,13,0,14937978.1,370642361.4,2
CONT_s7_throughput_TheSwissAccount,1789545680.247,0.1032,17128,21,0,15238372.5,360161470.2,2
CONT_s7_throughput_TheSwissAccount,1789545680.35,0.1033,14076,18,0,16500857.5,384344614.2,2
CONT_s7_throughput_TheSwissAccount,1789545680.455,0.1044,15736,20,0,18191483.0,388306371.0,2
CONT_s7_throughput_TheSwissAccount,1789545680.558,0.1033,15800,20,0,19413648.0,387022000.5,2
CONT_s7_throughput_TheSwissAccount,1789545680.661,0.1033,17380,22,1,14947949.5,386086566.8,2
CONT_s7_throughput_TheSwissAccount,1789545680.764,0.1032,15720,19,3,8204788.9,341136050.3,2
CONT_s7_throughput_TheSwissAccount,1789545680.868,0.1034,14220,19,0,4592468.1,294698287.0,2
CONT_s7_throughput_TheSwissAccount,1789545680.971,0.1034,15512,18,2,2867138.6,297139063.7,2
CONT_s7_throughput_TheSwissAccount,1789545681.075,0.1034,7341,9,0,2869459.2,285493385.5,2
CONT_s7_throughput_TheSwissAccount,1789545681.178,0.1031,0,0,0,0,0,0
CONT_s7_throughput_TheSwissAccount,1789545681.281,0.1032,1997,2,0,18514653.0,169031860.4,2
CONT_s7_throughput_TheSwissAccount,1789545681.384,0.1034,0,0,0,0,0,0
CONT_s7_throughput_TheSwissAccount,1789545681.488,0.1033,0,0,0,0,0,0
CONT_s7_throughput_TheSwissAccount,1789545681.591,0.1032,23238,20,0,20831067.8,251638333.1,2
CONT_s7_throughput_TheSwissAccount,1789545681.694,0.1032,14290,15,0,19967075.0,927217.8,2
CONT_s7_throughput_TheSwissAccount,1789545681.797,0.1031,15640,20,0,18055433.0,250232301.0,2
CONT_s7_throughput_TheSwissAccount,1789545681.901,0.1035,15640,20,0,19338017.0,283748713.0,2
CONT_s7_throughput_TheSwissAccount,1789545682.004,0.1034,12512,16,0,19884529.5,287107586.8,2
CONT_s7_throughput_TheSwissAccount,1789545682.107,0.1032,18528,21,6,17370304.6,244868729.2,2
CONT_s7_throughput_TheSwissAccount,1789545682.21,0.1032,15260,15,0,16927957.7,245904633.7,2
CONT_s7_throughput_TheSwissAccount,1789545682.314,0.1032,15208,14,0,18368074.1,246749639.9,2
CONT_s7_throughput_TheSwissAccount,1789545682.417,0.1034,16760,16,0,17084589.2,246299238.8,2
CONT_s7_throughput_TheSwissAccount,1789545682.52,0.1033,9156,9,0,16611039.7,253787065.1,2
CONT_s7_throughput_TheSwissAccount,1789545682.623,0.1031,19760,18,0,17395900.7,260780412.9,2
CONT_s7_throughput_TheSwissAccount,1789545682.727,0.1036,15260,15,0,16465543.3,260765866.7,2
CONT_s7_throughput_TheSwissAccount,1789545682.834,0.1071,13310,14,0,15200154.9,250662807.3,2
CONT_s7_throughput_TheSwissAccount,1789545682.937,0.1032,0,0,0,0,0,0
CONT_s7_throughput_TheSwissAccount,1789545683.04,0.1032,0,0,0,0,0,0
CONT_s7_throughput_TheSwissAccount,1789545683.144,0.1034,2010,2,0,28424942.0,169449934.9,2
CONT_s7_throughput_TheSwissAccount,1789545683.247,0.1032,0,0,0,0,0,0
CONT_s7_throughput_TheSwissAccount,1789545683.35,0.1033,20186,17,0,26610445.8,251851744.9,2
CONT_s7_throughput_TheSwissAccount,1789545683.454,0.1039,14290,15,0,23195416.3,872366.4,2
CONT_s7_throughput_TheSwissAccount,1789545683.557,0.1031,3052,3,0,22694231.7,568739.0,2
CONT_s7_throughput_TheSwissAccount,1789545683.661,0.1032,28152,36,0,19950555.5,260462958.0,2
CONT_s7_throughput_TheSwissAccount,1789545683.764,0.1032,12512,16,0,20302684.0,266375283.0,2
CONT_s7_throughput_TheSwissAccount,1789545683.867,0.1034,15272,15,2,21546579.0,245861794.0,2
CONT_s7_throughput_TheSwissAccount,1789545683.97,0.1033,12208,12,0,21434735.0,245904471.1,2
CONT_s7_throughput_TheSwissAccount,1789545684.074,0.1032,12104,10,0,22163761.6,248016821.9,2
CONT_s7_throughput_TheSwissAccount,1789545684.177,0.1031,15156,13,0,20679162.8,247660880.5,2
CONT_s7_throughput_TheSwissAccount,1789545684.28,0.1032,9156,9,0,20233610.3,245916966.8,2
CONT_s7_throughput_TheSwissAccount,1789545684.383,0.1034,22604,17,0,19053798.3,249026984.8,2
CONT_s7_throughput_TheSwissAccount,1789545684.487,0.1034,10708,11,0,20378451.9,245319679.4,2
CONT_s7_throughput_TheSwissAccount,1789545684.59,0.1033,15104,12,0,19229670.0,248451920.3,2
CONT_s7_throughput_TheSwissAccount,1789545684.693,0.1032,16656,14,0,19847340.2,247847597.8,2
CONT_s7_throughput_TheSwissAccount,1789545684.796,0.1032,10656,10,0,19021358.7,246520433.7,2
CONT_s7_throughput_TheSwissAccount,1789545684.9,0.1032,24208,20,0,19398238.4,248030359.5,2
CONT_s7_throughput_TheSwissAccount,1789545685.003,0.1033,13760,14,0,18718003.1,248198613.2,2
CONT_s7_throughput_TheSwissAccount,1789545685.106,0.1032,15208,14,0,19393655.4,258640261.2,2
CONT_s7_throughput_TheSwissAccount,1789545685.209,0.1032,15260,15,0,18079048.3,272015927.1,2
CONT_s7_throughput_TheSwissAccount,1789545685.312,0.1032,15260,15,0,16529221.7,278316970.0,2
CONT_s7_throughput_TheSwissAccount,1789545685.416,0.1034,15260,15,0,16140739.3,277359608.8,2
CONT_s7_throughput_TheSwissAccount,1789545685.519,0.1033,15260,15,0,15700687.3,285826715.5,2
CONT_s7_throughput_TheSwissAccount,1789545685.623,0.1036,13708,13,0,15467996.6,291516780.7,2
CONT_s7_throughput_TheSwissAccount,1789545685.726,0.1031,17043,17,0,14367787.0,282608470.0,2
CONT_s7_throughput_TheSwissAccount,1789545685.832,0.1058,0,0,0,0,0,0
CONT_s7_throughput_TheSwissAccount,1789545685.935,0.1035,0,0,0,0,0,0
CONT_s7_throughput_TheSwissAccount,1789545686.038,0.1032,2010,2,0,26884002.5,169103947.5,2
CONT_s7_throughput_TheSwissAccount,1789545686.142,0.1031,0,0,0,0,0,0
CONT_s7_throughput_TheSwissAccount,1789545686.245,0.1031,17082,13,0,24985042.7,253041993.4,2
CONT_s7_throughput_TheSwissAccount,1789545686.348,0.1033,15260,15,0,24100155.7,813281.4,2
CONT_s7_throughput_TheSwissAccount,1789545686.452,0.1041,5186,7,0,21975539.0,813983.7,2
CONT_s7_throughput_TheSwissAccount,1789545686.555,0.1032,25024,32,0,19492740.5,259862484.2,2
CONT_s7_throughput_TheSwissAccount,1789545686.658,0.1032,3002,4,0,19559265.0,262396653.0,2
CONT_s7_throughput_TheSwissAccount,1789545686.762,0.1031,5344,7,3,33590578.7,210795010.1,2
CONT_s7_throughput_TheSwissAccount,1789545686.865,0.1033,0,0,0,0,0,0
CONT_s7_throughput_TheSwissAccount,1789545686.968,0.1033,0,0,0,0,0,0
CONT_s7_throughput_TheSwissAccount,1789545687.071,0.1032,26290,23,0,33752168.7,249067143.4,2
CONT_s7_throughput_TheSwissAccount,1789545687.175,0.1032,3052,3,0,34225706.7,1165606.0,2
CONT_s7_throughput_TheSwissAccount,1789545687.278,0.1033,18104,14,0,29781137.0,248791016.2,2
CONT_s7_throughput_TheSwissAccount,1789545687.381,0.1034,16760,16,0,28166138.5,273364352.7,2
CONT_s7_throughput_TheSwissAccount,1789545687.484,0.1033,52,1,0,41143635.0,55827948.0,1
CONT_s7_throughput_TheSwissAccount,1789545687.588,0.1032,27260,23,0,22764244.8,263150678.3,2
CONT_s7_throughput_TheSwissAccount,1789545687.691,0.1032,12208,12,0,24383702.3,261118225.1,2
CONT_s7_throughput_TheSwissAccount,1789545687.794,0.1031,18156,15,0,20416387.0,257628249.9,2
CONT_s7_throughput_TheSwissAccount,1789545687.897,0.1033,16760,16,0,19156685.3,265545749.2,2
CONT_s7_throughput_TheSwissAccount,1789545688.001,0.1033,15156,13,0,18958805.8,259370311.1,2
CONT_s7_throughput_TheSwissAccount,1789545688.104,0.1032,12260,13,0,18684192.6,274226449.8,2
CONT_s7_throughput_TheSwissAccount,1789545688.207,0.1033,15260,15,0,17635310.0,273422685.2,2
CONT_s7_throughput_TheSwissAccount,1789545688.31,0.1033,4714,5,0,16316685.4,235150942.4,2
CONT_s7_throughput_TheSwissAccount,1789545688.414,0.1033,0,0,0,0,0,0
CONT_s7_throughput_TheSwissAccount,1789545688.517,0.1032,20186,17,0,27887359.1,249605219.5,2
CONT_s7_throughput_TheSwissAccount,1789545688.62,0.1032,14290,15,0,24325477.7,645163.6,2
CONT_s7_throughput_TheSwissAccount,1789545688.723,0.1031,15052,11,0,22013094.7,249382713.5,2
CONT_s7_throughput_TheSwissAccount,1789545688.827,0.1034,16152,28,0,20449766.9,263052859.0,2
CONT_s7_throughput_TheSwissAccount,1789545688.931,0.1043,12512,16,0,20557084.0,266523046.2,2
CONT_s7_throughput_TheSwissAccount,1789545689.034,0.1033,15336,16,3,21152464.9,244707686.2,2
CONT_s7_throughput_TheSwissAccount,1789545689.137,0.1031,12208,12,0,21000187.3,245990847.4,2
CONT_s7_throughput_TheSwissAccount,1789545689.241,0.1032,13656,12,0,22049913.2,247324266.9,2
CONT_s7_throughput_TheSwissAccount,1789545689.344,0.1032,12156,11,0,23245959.6,246960941.8,2
CONT_s7_throughput_TheSwissAccount,1789545689.448,0.1042,10656,10,0,21090486.4,246517236.2,2
CONT_s7_throughput_TheSwissAccount,1789545689.551,0.1033,22708,19,0,20156371.2,247889833.4,2
CONT_s7_throughput_TheSwissAccount,1789545689.654,0.103,12413,13,0,20433513.1,245987318.3,2
CONT_s7_throughput_TheSwissAccount,1789545689.757,0.1031,0,0,0,0,0,0
CONT_s7_throughput_TheSwissAccount,1789545689.861,0.1035,0,0,0,0,0,0
CONT_s7_throughput_TheSwissAccount,1789545689.964,0.1033,0,0,0,0,0,0
CONT_s7_throughput_TheSwissAccount,1789545690.068,0.1033,0,0,0,0,0,0
CONT_s7_throughput_TheSwissAccount,1789545690.171,0.1032,0,0,0,0,0,0
CONT_s7_throughput_TheSwissAccount,1789545690.274,0.1031,0,0,0,0,0,0
CONT_s7_throughput_TheSwissAccount,1789545690.377,0.1036,0,0,0,0,0,0
CONT_s7_throughput_TheSwissAccount,1789545690.481,0.1033,0,0,0,0,0,0
CONT_s7_throughput_TheSwissAccount,1789545690.584,0.1032,0,0,0,0,0,0
CONT_s7_throughput_TheSwissAccount,1789545690.687,0.1031,0,0,0,0,0,0
CONT_s7_throughput_TheSwissAccount,1789545690.79,0.1031,0,0,0,0,0,0
CONT_s7_throughput_TheSwissAccount,1789545690.894,0.1034,0,0,0,0,0,0
CONT_s7_throughput_TheSwissAccount,1789545690.997,0.1033,0,0,0,0,0,0
CONT_s7_throughput_TheSwissAccount,1789545691.1,0.1032,0,0,0,0,0,0
CONT_s7_throughput_TheSwissAccount,1789545691.203,0.1031,0,0,0,0,0,0
CONT_s7_throughput_TheSwissAccount,1789545691.306,0.1031,0,0,0,0,0,0
CONT_s7_throughput_TheSwissAccount,1789545691.41,0.1034,0,0,0,0,0,0
CONT_s7_throughput_TheSwissAccount,1789545691.513,0.1033,0,0,0,0,0,0
CONT_s7_throughput_TheSwissAccount,1789545691.616,0.1032,0,0,0,0,0,0
CONT_s7_throughput_TheSwissAccount,1789545691.719,0.1031,0,0,0,0,0,0
CONT_s7_throughput_TheSwissAccount,1789545691.822,0.1031,0,0,0,0,0,0
CONT_s7_throughput_TheSwissAccount,1789545691.926,0.1034,0,0,0,0,0,0
CONT_s7_throughput_TheSwissAccount,1789545692.029,0.1032,0,0,0,0,0,0
CONT_s7_throughput_TheSwissAccount,1789545692.132,0.1031,0,0,0,0,0,0
CONT_s7_throughput_TheSwissAccount,1789545692.235,0.1032,0,0,0,0,0,0
CONT_s7_throughput_TheSwissAccount,1789545692.339,0.1032,0,0,0,0,0,0
CONT_s7_throughput_TheSwissAccount,1789545692.443,0.1047,0,0,0,0,0,0
CONT_s7_throughput_TheSwissAccount,1789545692.546,0.1032,0,0,0,0,0,0
CONT_s7_throughput_TheSwissAccount,1789545692.65,0.1031,0,0,0,0,0,0
CONT_s7_throughput_TheSwissAccount,1789545692.753,0.1031,664,1,0,208901811.0,0,1
CONT_s7_throughput_TheSwissAccount,1789545692.856,0.1034,0,0,0,0,0,0
CONT_s7_throughput_TheSwissAccount,1789545692.959,0.1033,0,0,0,0,0,0
CONT_s7_throughput_TheSwissAccount,1789545693.063,0.1035,15052,11,0,261164854.6,250731812.8,2
CONT_s7_throughput_TheSwissAccount,1789545693.166,0.1033,0,0,0,0,0,0
CONT_s7_throughput_TheSwissAccount,1789545693.269,0.1032,21156,17,0,155177077.8,248376985.2,2
CONT_s7_throughput_TheSwissAccount,1789545693.373,0.1034,9156,9,0,146569848.3,945551.3,2
CONT_s7_throughput_TheSwissAccount,1789545693.476,0.1034,15052,11,0,74924741.3,249361095.6,2
CONT_s7_throughput_TheSwissAccount,1789545693.579,0.1033,15260,15,0,90098634.3,306987602.7,2
CONT_s7_throughput_TheSwissAccount,1789545693.683,0.1033,9156,9,0,74875969.7,306955149.2,2
CONT_s7_throughput_TheSwissAccount,1789545693.786,0.1032,22708,19,0,46000541.5,267822236.2,2
CONT_s7_throughput_TheSwissAccount,1789545693.889,0.1033,15260,15,0,46376544.3,275274543.6,2
CONT_s7_throughput_TheSwissAccount,1789545693.992,0.1034,15208,14,0,37565626.3,261532429.4,2
CONT_s7_throughput_TheSwissAccount,1789545694.096,0.1032,15208,14,0,31748559.6,283970733.6,2
CONT_s7_throughput_TheSwissAccount,1789545694.199,0.1033,15260,15,0,28640077.0,285577719.2,2
CONT_s7_throughput_TheSwissAccount,1789545694.302,0.1034,13760,14,0,24499317.9,276473457.2,2
CONT_s7_throughput_TheSwissAccount,1789545694.406,0.1034,14298,15,0,20718682.7,292197195.0,2
CONT_s7_throughput_TheSwissAccount,1789545694.509,0.1033,0,0,0,0,0,0
CONT_s7_throughput_TheSwissAccount,1789545694.612,0.1032,0,0,0,0,0,0
CONT_s7_throughput_TheSwissAccount,1789545694.715,0.1032,0,0,0,0,0,0
CONT_s7_throughput_TheSwissAccount,1789545694.819,0.1033,0,0,0,0,0,0
CONT_s7_throughput_TheSwissAccount,1789545694.922,0.1034,0,0,0,0,0,0
CONT_s7_throughput_TheSwissAccount,1789545695.025,0.1033,0,0,0,0,0,0
CONT_s7_throughput_TheSwissAccount,1789545695.129,0.1032,0,0,0,0,0,0
CONT_s7_throughput_TheSwissAccount,1789545695.232,0.1034,0,0,0,0,0,0
CONT_s7_throughput_TheSwissAccount,1789545695.335,0.1033,0,0,0,0,0,0
CONT_s7_throughput_TheSwissAccount,1789545695.44,0.1044,0,0,0,0,0,0
CONT_s7_throughput_TheSwissAccount,1789545695.543,0.1032,0,0,0,0,0,0
CONT_s7_throughput_TheSwissAccount,1789545695.646,0.1031,0,0,0,0,0,0
CONT_s7_throughput_TheSwissAccount,1789545695.749,0.1033,0,0,0,0,0,0
CONT_s7_throughput_TheSwissAccount,1789545695.853,0.1033,0,0,0,0,0,0
CONT_s7_throughput_TheSwissAccount,1789545695.956,0.1036,0,0,0,0,0,0
CONT_s7_throughput_TheSwissAccount,1789545696.059,0.1031,0,0,0,0,0,0
CONT_s7_throughput_TheSwissAccount,1789545696.163,0.1032,0,0,0,0,0,0
CONT_s7_throughput_TheSwissAccount,1789545696.266,0.1033,0,0,0,0,0,0
CONT_s7_throughput_TheSwissAccount,1789545696.369,0.1033,0,0,0,0,0,0
CONT_s7_throughput_TheSwissAccount,1789545696.472,0.1033,664,1,0,153217314.0,0,1
CONT_s7_throughput_TheSwissAccount,1789545696.576,0.1032,0,0,0,0,0,0
CONT_s7_throughput_TheSwissAccount,1789545696.679,0.1031,0,0,0,0,0,0
CONT_s7_throughput_TheSwissAccount,1789545696.782,0.1033,15052,11,0,182744393.9,250713678.0,2
CONT_s7_throughput_TheSwissAccount,1789545696.885,0.1033,0,0,0,0,0,0
CONT_s7_throughput_TheSwissAccount,1789545696.989,0.1033,21156,17,0,113476122.2,248386870.6,2
CONT_s7_throughput_TheSwissAccount,1789545697.092,0.1032,9156,9,0,106783168.3,756713.0,2
CONT_s7_throughput_TheSwissAccount,1789545697.195,0.1032,15000,10,0,46160841.0,250203264.0,1
CONT_s7_throughput_TheSwissAccount,1789545697.298,0.1034,15312,16,0,72979179.6,306403099.8,2
CONT_s7_throughput_TheSwissAccount,1789545697.402,0.1034,10716,11,0,49017064.3,311781256.1,3
CONT_s7_throughput_TheSwissAccount,1789545697.505,0.1033,16656,14,0,39568324.4,247877679.6,2
CONT_s7_throughput_TheSwissAccount,1789545697.609,0.1034,15260,15,0,39181622.0,285577190.4,2
CONT_s7_throughput_TheSwissAccount,1789545697.712,0.1034,17441,19,0,28447574.9,263989330.5,4
CONT_s7_throughput_TheSwissAccount,1789545697.815,0.1035,15260,15,0,27862428.0,282641202.2,2
CONT_s7_throughput_TheSwissAccount,1789545697.919,0.1036,15260,15,0,24168755.3,296247390.8,2
CONT_s7_throughput_TheSwissAccount,1789545698.022,0.1035,15571,17,0,24861783.4,288540959.0,4
CONT_s7_throughput_TheSwissAccount,1789545698.126,0.1036,15260,15,0,20006543.0,306086196.8,2
CONT_s7_throughput_TheSwissAccount,1789545698.23,0.1036,15260,15,0,18415772.0,306021155.0,2
CONT_s7_throughput_TheSwissAccount,1789545698.334,0.1045,15574,18,0,40368055.1,298408702.0,4
CONT_s7_throughput_TheSwissAccount,1789545698.437,0.1034,15334,17,0,174160798.4,360190810.8,5
CONT_s7_throughput_TheSwissAccount,1789545698.541,0.1035,12104,10,0,46966097.0,248031215.4,2
CONT_s7_throughput_TheSwissAccount,1789545698.644,0.1033,18260,17,0,35840131.3,252964639.6,2
CONT_s7_throughput_TheSwissAccount,1789545698.748,0.1034,1668,4,1,1850164847.8,255140773.0,4
CONT_s7_throughput_TheSwissAccount,1789545698.851,0.1035,27208,22,0,28071113.3,261667123.7,2
CONT_s7_throughput_TheSwissAccount,1789545698.956,0.1052,15312,16,0,27334468.0,345346363.8,2
CONT_s7_throughput_TheSwissAccount,1789545699.06,0.1036,14088,18,1,30126005.0,333041803.3,4
CONT_s7_throughput_TheSwissAccount,1789545699.163,0.1034,15800,20,0,23787965.5,0,2
CONT_s7_throughput_TheSwissAccount,1789545699.267,0.1037,14472,20,0,21684701.5,374887570.0,2
CONT_s7_throughput_TheSwissAccount,1789545699.371,0.1036,15800,20,0,21272710.5,375108759.0,2
CONT_s7_throughput_TheSwissAccount,1789545699.474,0.1037,17536,25,6,20951616.8,334835888.5,4
CONT_s7_throughput_TheSwissAccount,1789545699.578,0.1034,14220,18,6,9819868.0,304588247.1,2
CONT_s7_throughput_TheSwissAccount,1789545699.681,0.1034,17380,22,11,8367122.0,342206689.7,2
CONT_s7_throughput_TheSwissAccount,1789545699.784,0.1033,15816,21,10,6220361.0,348731519.3,3
CONT_s7_throughput_TheSwissAccount,1789545699.888,0.1034,15628,20,5,4573931.0,375043957.6,2
CONT_s7_throughput_TheSwissAccount,1789545699.991,0.1035,15768,20,0,4162125.5,383014855.3,2
CONT_s7_throughput_TheSwissAccount,1789545700.095,0.1035,15800,20,0,2338923.5,384790562.8,2
CONT_s7_throughput_TheSwissAccount,1789545700.198,0.1034,15800,20,0,1320997.0,384340644.4,2
CONT_s7_throughput_TheSwissAccount,1789545700.302,0.1034,15800,20,1,5010668.0,364806341.9,2
CONT_s7_throughput_TheSwissAccount,1789545700.405,0.1036,15688,20,5,2716539.0,353587102.2,2
CONT_s7_throughput_TheSwissAccount,1789545700.509,0.1034,15576,19,0,1523858.2,321744058.1,2
CONT_s7_throughput_TheSwissAccount,1789545700.612,0.1034,14200,20,0,964482.1,308457715.4,3
CONT_s7_throughput_TheSwissAccount,1789545700.716,0.1035,15336,16,1,832990.1,311586504.7,2
CONT_s7_throughput_TheSwissAccount,1789545700.819,0.1036,15320,16,0,536920.3,316492931.0,3
CONT_s7_throughput_TheSwissAccount,1789545700.923,0.1039,17306,19,0,3320442.3,280553614.4,4
CONT_s7_throughput_TheSwissAccount,1789545701.027,0.1039,15260,15,0,4847916.0,316834748.3,2
CONT_s7_throughput_TheSwissAccount,1789545701.131,0.1036,13708,13,0,8907680.9,322408185.6,2
CONT_s7_throughput_TheSwissAccount,1789545701.234,0.1038,18890,21,0,11576344.4,296515680.5,5
CONT_s7_throughput_TheSwissAccount,1789545701.338,0.1039,17093,18,0,22301027.8,332941655.9,4
CONT_s7_throughput_TheSwissAccount,1789545701.444,0.1055,13760,14,0,13638070.8,362042630.9,2
CONT_s7_throughput_TheSwissAccount,1789545701.547,0.1037,16481,18,0,22550886.4,364657183.4,4
CONT_s7_throughput_TheSwissAccount,1789545701.651,0.1037,15522,17,0,36629551.1,372591304.1,4
CONT_s7_throughput_TheSwissAccount,1789545701.755,0.1038,15640,20,0,18239978.5,381462549.8,2
CONT_s7_throughput_TheSwissAccount,1789545701.859,0.1039,15704,20,0,19430247.5,381428606.0,2
CONT_s7_throughput_TheSwissAccount,1789545701.963,0.1038,14606,23,0,26016305.7,369768327.0,4
CONT_s7_throughput_TheSwissAccount,1789545702.066,0.1037,15704,20,0,54312606.6,382599300.6,4
CONT_s7_throughput_TheSwissAccount,1789545702.17,0.1038,15688,20,2,13209496.0,357858021.6,2
CONT_s7_throughput_TheSwissAccount,1789545702.274,0.1038,15640,20,0,7053866.5,308004177.6,2
CONT_s7_throughput_TheSwissAccount,1789545702.378,0.104,15596,19,5,48889203.5,271321427.8,4
CONT_s7_throughput_TheSwissAccount,1789545702.482,0.1038,15260,15,0,5452586.7,296025158.1,2
CONT_s7_throughput_TheSwissAccount,1789545702.585,0.1037,13760,14,0,3545301.7,295505488.6,2
CONT_s7_throughput_TheSwissAccount,1789545702.689,0.1037,16908,18,4,67322901.6,313012343.0,4
CONT_s7_throughput_TheSwissAccount,1789545702.793,0.1038,15260,15,0,19074976.4,326595020.2,3
CONT_s7_throughput_TheSwissAccount,1789545702.897,0.1039,15260,15,0,14160435.3,336527245.0,2
CONT_s7_throughput_TheSwissAccount,1789545703.001,0.1038,13760,14,0,66734121.1,352357130.1,4
CONT_s7_throughput_TheSwissAccount,1789545703.104,0.1037,15208,14,0,39332459.6,360444920.3,4
CONT_s7_throughput_TheSwissAccount,1789545703.208,0.1039,15312,16,0,23621421.2,363735343.8,3
CONT_s7_throughput_TheSwissAccount,1789545703.312,0.1038,15260,15,0,16824831.7,377568220.3,2
CONT_s7_throughput_TheSwissAccount,1789545703.416,0.1039,15260,15,0,74108519.3,377498852.3,2
CONT_s7_throughput_TheSwissAccount,1789545703.52,0.1038,15640,20,0,30511121.2,387123001.5,4
CONT_s7_throughput_TheSwissAccount,1789545703.624,0.1038,15640,20,0,22761686.5,394596349.4,2
CONT_s7_throughput_TheSwissAccount,1789545703.727,0.1037,17260,22,0,43491037.4,381890907.1,4
CONT_s7_throughput_TheSwissAccount,1789545703.834,0.1068,15656,20,2,48889788.8,373106828.5,4
CONT_s7_throughput_TheSwissAccount,1789545703.938,0.1037,15628,20,1,21118810.9,353721526.8,4
CONT_s7_throughput_TheSwissAccount,1789545704.042,0.1038,15336,16,2,21883344.6,318304877.8,4
CONT_s7_throughput_TheSwissAccount,1789545704.145,0.1037,15312,16,0,37079114.8,299368976.9,4
CONT_s7_throughput_TheSwissAccount,1789545704.249,0.1037,15260,15,0,17285606.0,306421309.3,4
CONT_s7_throughput_TheSwissAccount,1789545704.353,0.1037,15260,15,0,21318608.0,301433433.2,4
CONT_s7_throughput_TheSwissAccount,1789545704.457,0.1038,13760,14,0,40210943.4,313233950.0,4
CONT_s7_throughput_TheSwissAccount,1789545704.56,0.1038,15208,14,0,20684564.1,319546269.1,3
CONT_s7_throughput_TheSwissAccount,1789545704.664,0.1037,16812,17,0,20064549.5,330285162.1,3
CONT_s7_throughput_TheSwissAccount,1789545704.768,0.1037,13708,13,0,47280822.1,333182493.8,3
CONT_s7_throughput_TheSwissAccount,1789545704.872,0.1037,16812,17,0,25186596.6,344330891.3,4
CONT_s7_throughput_TheSwissAccount,1789545704.975,0.1038,15260,15,0,24783587.2,350164046.0,4
CONT_s7_throughput_TheSwissAccount,1789545705.079,0.1038,13708,13,0,35134448.3,355047436.3,4
CONT_s7_throughput_TheSwissAccount,1789545705.183,0.1037,16760,16,0,36475896.1,349999393.1,4
CONT_s7_throughput_TheSwissAccount,1789545705.287,0.1037,15260,15,0,21655681.0,354739274.4,2
CONT_s7_throughput_TheSwissAccount,1789545705.39,0.1039,15260,15,0,25179834.7,361183034.8,4
CONT_s7_throughput_TheSwissAccount,1789545705.494,0.1039,14268,14,0,40938859.4,322864726.9,4
CONT_s7_throughput_TheSwissAccount,1789545705.598,0.1038,15196,14,0,21485302.9,315057473.2,2
CONT_s7_throughput_TheSwissAccount,1789545705.702,0.1037,16500,11,0,20897874.0,312747504.8,1
CONT_s7_throughput_TheSwissAccount,1789545705.806,0.1039,13708,13,0,60975176.5,270556082.4,3
CONT_s7_throughput_TheSwissAccount,1789545705.909,0.1037,15104,12,0,41282818.2,366917485.7,3
CONT_s7_throughput_TheSwissAccount,1789545706.013,0.1038,9104,8,0,53603104.0,288050966.4,3
CONT_s7_throughput_TheSwissAccount,1789545706.117,0.1038,9156,9,0,50163258.0,245898359.9,2
CONT_s7_throughput_TheSwissAccount,1789545706.221,0.1038,1552,2,0,53500124.5,243385143.8,2
CONT_s7_throughput_TheSwissAccount,1789545706.325,0.1042,16760,16,0,40207931.2,246284442.8,2
CONT_s7_throughput_TheSwissAccount,1789545706.437,0.1121,1500,1,0,40855251.0,250191561.0,1
CONT_s7_throughput_TheSwissAccount,1789545706.541,0.1038,10708,11,0,41313323.6,245557849.0,2
CONT_s7_throughput_TheSwissAccount,1789545706.645,0.1037,6104,6,0,36555928.7,245916730.2,2
CONT_s7_throughput_TheSwissAccount,1789545706.748,0.1038,4552,4,0,46013464.8,247505148.5,2
CONT_s7_throughput_TheSwissAccount,1789545706.852,0.1037,15208,14,0,35969327.0,246746365.5,2
CONT_s7_throughput_TheSwissAccount,1789545706.956,0.1041,0,0,0,0,0,0
CONT_s7_throughput_TheSwissAccount,1789545707.06,0.1038,16708,15,0,38236311.2,247055548.8,2
CONT_s7_throughput_TheSwissAccount,1789545707.164,0.1038,3052,3,0,37615562.3,245927017.8,2
CONT_s7_throughput_TheSwissAccount,1789545707.268,0.1037,10604,9,0,42569020.7,247726249.2,2
CONT_s7_throughput_TheSwissAccount,1789545707.371,0.1038,10656,10,0,36450811.3,246508795.3,2
CONT_s7_throughput_TheSwissAccount,1789545707.475,0.1038,0,0,0,0,0,0
CONT_s7_throughput_TheSwissAccount,1789545707.579,0.1038,0,0,0,0,0,0
CONT_s7_throughput_TheSwissAccount,1789545707.683,0.1038,0,0,0,0,0,0
CONT_s7_throughput_TheSwissAccount,1789545707.787,0.1037,1564,2,0,65682373.0,452128694.0,2
CONT_s7_throughput_TheSwissAccount,1789545707.89,0.1039,0,0,0,0,0,0
CONT_s7_throughput_TheSwissAccount,1789545707.994,0.1038,0,0,0,0,0,0
CONT_s7_throughput_TheSwissAccount,1789545708.098,0.1038,0,0,0,0,0,0
CONT_s7_throughput_TheSwissAccount,1789545708.202,0.1038,0,0,0,0,0,0
CONT_s7_throughput_TheSwissAccount,1789545708.305,0.1037,1564,2,1,64076559.0,472048268.4,2
CONT_s7_throughput_TheSwissAccount,1789545708.409,0.1039,9392,12,6,68369496.0,48429328.5,2
CONT_s7_throughput_TheSwissAccount,1789545708.513,0.1039,7820,10,4,58065190.5,45548132.5,2
CONT_s7_throughput_TheSwissAccount,1789545708.617,0.1038,7732,9,3,44358407.7,39951334.9,2
CONT_s7_throughput_TheSwissAccount,1789545708.721,0.1038,9360,12,3,37253357.0,44323932.9,2
CONT_s7_throughput_TheSwissAccount,1789545708.825,0.1038,4616,5,0,35016220.8,44946695.3,2
CONT_s7_throughput_TheSwissAccount,1789545708.929,0.1041,5995,8,2,32358452.0,48050580.3,2
CONT_s7_throughput_TheSwissAccount,1789545709.032,0.1038,9156,9,0,27856257.7,39601277.6,2
CONT_s7_throughput_TheSwissAccount,1789545709.136,0.1039,12208,12,0,26236736.0,46233103.4,2
CONT_s7_throughput_TheSwissAccount,1789545709.24,0.1038,3128,4,0,30476721.5,67008379.0,2
CONT_s7_throughput_TheSwissAccount,1789545709.344,0.1037,6168,7,2,33296957.4,50953622.5,2
CONT_s7_throughput_TheSwissAccount,1789545709.45,0.1058,7656,8,0,33271753.4,49159520.7,2
CONT_s7_throughput_TheSwissAccount,1789545709.554,0.1039,7732,9,2,30813639.4,47583724.1,2
CONT_s7_throughput_TheSwissAccount,1789545709.657,0.1037,6180,7,0,29587765.1,42432947.7,2
CONT_s7_throughput_TheSwissAccount,1789545709.761,0.1039,10912,14,5,25433450.5,46525464.8,2
CONT_s7_throughput_TheSwissAccount,1789545709.865,0.1037,4616,5,0,26203666.4,45684369.2,2
CONT_s7_throughput_TheSwissAccount,1789545709.969,0.1038,6168,7,2,22208810.3,49147908.5,2
CONT_s7_throughput_TheSwissAccount,1789545710.072,0.1038,4604,5,0,22714677.2,62138400.2,2
CONT_s7_throughput_TheSwissAccount,1789545710.176,0.1038,6180,7,0,22346652.9,47855115.9,2
CONT_s7_throughput_TheSwissAccount,1789545710.28,0.1038,4616,5,1,22104432.8,58868794.4,2
CONT_s7_throughput_TheSwissAccount,1789545710.384,0.1037,7732,9,1,20801947.8,46162769.6,2
CONT_s7_throughput_TheSwissAccount,1789545710.488,0.1038,10720,11,1,19307800.4,48123694.6,2
CONT_s7_throughput_TheSwissAccount,1789545710.591,0.1039,9232,10,2,20175020.0,44295694.9,2
CONT_s7_throughput_TheSwissAccount,1789545710.695,0.1038,15464,18,4,18048855.9,47259840.6,2
CONT_s7_throughput_TheSwissAccount,1789545710.799,0.1038,15476,18,3,16279955.6,49012403.4,2
CONT_s7_throughput_TheSwissAccount,1789545710.903,0.1039,18664,23,7,12916096.4,46030710.9,2
CONT_s7_throughput_TheSwissAccount,1789545711.007,0.1038,12284,13,0,15379599.2,46233837.7,2
CONT_s7_throughput_TheSwissAccount,1789545711.111,0.1039,9360,12,2,17640294.0,45979618.1,2
CONT_s7_throughput_TheSwissAccount,1789545711.214,0.1037,16888,18,2,15686172.8,48057110.3,2
CONT_s7_throughput_TheSwissAccount,1789545711.318,0.1038,15548,19,5,15210320.4,51175770.6,2
CONT_s7_throughput_TheSwissAccount,1789545711.422,0.1039,17124,21,6,13150931.7,41725908.2,2
CONT_s7_throughput_TheSwissAccount,1789545711.526,0.1038,18636,23,8,13704561.3,43278425.3,2
CONT_s7_throughput_TheSwissAccount,1789545711.629,0.1037,0,0,0,0,0,0
CONT_s7_throughput_TheSwissAccount,1789545711.734,0.1044,0,0,0,0,0,0
CONT_s7_throughput_TheSwissAccount,1789545711.838,0.1039,0,0,0,0,0,0
CONT_s7_throughput_TheSwissAccount,1789545711.944,0.1059,0,0,0,0,0,0
CONT_s7_throughput_TheSwissAccount,1789545712.048,0.1039,0,0,0,0,0,0
CONT_s7_throughput_TheSwissAccount,1789545712.151,0.1036,0,0,0,0,0,0
CONT_s7_throughput_TheSwissAccount,1789545712.255,0.1038,0,0,0,0,0,0
CONT_s7_throughput_TheSwissAccount,1789545712.359,0.1037,0,0,0,0,0,0
CONT_s7_throughput_TheSwissAccount,1789545712.463,0.1038,0,0,0,0,0,0
CONT_s7_throughput_TheSwissAccount,1789545712.566,0.1039,3792,5,0,132484406.4,33187719.0,2
CONT_s7_throughput_TheSwissAccount,1789545712.67,0.1039,26496,33,7,52195190.1,44709705.3,2
CONT_s7_throughput_TheSwissAccount,1789545712.774,0.1038,7852,10,0,41667254.0,54234022.6,2
CONT_s7_throughput_TheSwissAccount,1789545712.878,0.1038,10888,14,5,34077432.0,50884099.2,2
CONT_s7_throughput_TheSwissAccount,1789545712.982,0.1038,6180,7,2,35195229.7,50921566.2,2
CONT_s7_throughput_TheSwissAccount,1789545713.086,0.1039,3104,4,0,32714949.0,59212780.5,2
CONT_s7_throughput_TheSwissAccount,1789545713.189,0.1038,7796,10,2,29609559.0,46661244.8,2
CONT_s7_throughput_TheSwissAccount,1789545713.293,0.1037,10720,11,1,25761852.6,42065859.5,2
CONT_s7_throughput_TheSwissAccount,1789545713.397,0.1037,13836,15,0,28000520.6,49479067.7,2
CONT_s7_throughput_TheSwissAccount,1789545713.5,0.1038,7820,10,2,22590231.5,42944492.6,2
CONT_s7_throughput_TheSwissAccount,1789545713.604,0.1038,7820,10,0,25227285.5,54204063.6,2
CONT_s7_throughput_TheSwissAccount,1789545713.708,0.1039,12272,13,2,23322397.8,39334706.1,2
CONT_s7_throughput_TheSwissAccount,1789545713.812,0.1038,6104,6,0,25158889.0,60424093.0,2
CONT_s7_throughput_TheSwissAccount,1789545713.916,0.1039,18732,24,5,21151491.5,46255057.3,2
CONT_s7_throughput_TheSwissAccount,1789545714.02,0.1038,7824,10,4,20390203.0,42797298.5,2
CONT_s7_throughput_TheSwissAccount,1789545714.123,0.1037,10924,14,4,20949968.5,47297645.6,2
CONT_s7_throughput_TheSwissAccount,1789545714.228,0.1043,15260,15,0,20257796.3,44602756.6,2
CONT_s7_throughput_TheSwissAccount,1789545714.333,0.1056,18668,23,6,16590552.4,45406412.3,2
CONT_s7_throughput_TheSwissAccount,1789545714.437,0.1037,14016,17,3,16283610.4,48090469.4,2
CONT_s7_throughput_TheSwissAccount,1789545714.541,0.1037,10860,13,3,16113171.4,52998355.6,2
CONT_s7_throughput_TheSwissAccount,1789545714.644,0.1037,7828,10,3,20774429.0,52728986.7,2
CONT_s7_throughput_TheSwissAccount,1789545714.748,0.1039,7732,9,3,23442464.3,51676480.1,2
CONT_s7_throughput_TheSwissAccount,1789545714.852,0.1039,10708,11,0,20766467.4,39090689.6,2
CONT_s7_throughput_TheSwissAccount,1789545714.956,0.104,15260,15,0,25146358.7,46411523.8,2
CONT_s7_throughput_TheSwissAccount,1789545715.06,0.1038,8375,10,2,25186485.6,54083355.9,2
CONT_s7_throughput_TheSwissAccount,1789545715.163,0.1036,52,1,0,27451589.0,46523009.0,1
CONT_s7_throughput_TheSwissAccount,1789545715.267,0.1037,0,0,0,0,0,0
CONT_s7_throughput_TheSwissAccount,1789545715.371,0.1037,0,0,0,0,0,0
CONT_s7_throughput_TheSwissAccount,1789545715.475,0.1037,0,0,0,0,0,0
CONT_s7_throughput_TheSwissAccount,1789545715.578,0.1037,0,0,0,0,0,0
CONT_s7_throughput_TheSwissAccount,1789545715.682,0.1036,0,0,0,0,0,0
CONT_s7_throughput_TheSwissAccount,1789545715.786,0.1037,0,0,0,0,0,0
CONT_s7_throughput_TheSwissAccount,1789545715.889,0.1039,0,0,0,0,0,0
CONT_s7_throughput_TheSwissAccount,1789545715.993,0.1038,0,0,0,0,0,0
CONT_s7_throughput_TheSwissAccount,1789545716.097,0.1037,0,0,0,0,0,0
CONT_s7_throughput_TheSwissAccount,1789545716.201,0.1036,0,0,0,0,0,0
CONT_s7_throughput_TheSwissAccount,1789545716.304,0.1039,0,0,0,0,0,0
CONT_s7_throughput_TheSwissAccount,1789545716.408,0.1038,0,0,0,0,0,0
CONT_s7_throughput_TheSwissAccount,1789545716.512,0.1038,0,0,0,0,0,0
CONT_s7_throughput_TheSwissAccount,1789545716.616,0.1037,6792,7,2,187884316.6,48255372.0,2
CONT_s7_throughput_TheSwissAccount,1789545716.72,0.1042,12568,17,5,113728271.2,46607879.5,2
CONT_s7_throughput_TheSwissAccount,1789545716.824,0.1038,17220,22,8,62481660.0,48412796.0,2
CONT_s7_throughput_TheSwissAccount,1789545716.927,0.1037,13784,14,1,45088132.5,43918337.3,2
CONT_s7_throughput_TheSwissAccount,1789545717.031,0.1037,15464,18,3,35088771.9,49338192.9,2
CONT_s7_throughput_TheSwissAccount,1789545717.135,0.1037,12508,16,5,28099472.5,52687222.4,2
CONT_s7_throughput_TheSwissAccount,1789545717.239,0.1038,10952,14,4,23349550.0,41300709.7,2
CONT_s7_throughput_TheSwissAccount,1789545717.342,0.1037,13984,17,4,21079806.4,55652298.2,2
CONT_s7_throughput_TheSwissAccount,1789545717.448,0.1053,4692,6,0,24314334.5,60643927.0,2
CONT_s7_throughput_TheSwissAccount,1789545717.551,0.1037,9396,12,3,24555271.0,43321350.0,2
CONT_s7_throughput_TheSwissAccount,1789545717.655,0.1037,9232,10,2,23457378.0,54826613.1,2
CONT_s7_throughput_TheSwissAccount,1789545717.759,0.1038,15260,15,0,23748618.7,48118726.9,2
CONT_s7_throughput_TheSwissAccount,1789545717.863,0.1038,13708,13,0,20374318.3,40641361.0,2
CONT_s7_throughput_TheSwissAccount,1789545717.966,0.1037,12536,16,4,22125330.5,45707085.1,2
CONT_s7_throughput_TheSwissAccount,1789545718.07,0.1038,10868,13,3,19409480.1,54418926.7,2
CONT_s7_throughput_TheSwissAccount,1789545718.174,0.1039,15400,17,2,17521037.5,46080272.3,2
CONT_s7_throughput_TheSwissAccount,1789545718.278,0.1037,15624,20,4,14616317.0,46836389.9,2
CONT_s7_throughput_TheSwissAccount,1789545718.382,0.1037,15412,17,4,14623736.5,42473302.1,2
CONT_s7_throughput_TheSwissAccount,1789545718.485,0.1039,14052,18,6,14731360.0,47783949.2,2
CONT_s7_throughput_TheSwissAccount,1789545718.589,0.1039,5351,8,2,16704736.5,57796828.1,2
CONT_s7_throughput_TheSwissAccount,1789545718.693,0.1037,0,0,0,0,0,0
CONT_s7_throughput_TheSwissAccount,1789545718.797,0.1038,0,0,0,0,0,0
CONT_s7_throughput_TheSwissAccount,1789545718.901,0.1038,0,0,0,0,0,0
CONT_s7_throughput_TheSwissAccount,1789545719.005,0.1038,0,0,0,0,0,0
CONT_s7_throughput_TheSwissAccount,1789545719.108,0.1037,0,0,0,0,0,0
CONT_s7_throughput_TheSwissAccount,1789545719.212,0.1038,0,0,0,0,0,0
CONT_s7_throughput_TheSwissAccount,1789545719.316,0.1038,0,0,0,0,0,0
CONT_s7_throughput_TheSwissAccount,1789545719.42,0.1039,0,0,0,0,0,0
CONT_s7_throughput_TheSwissAccount,1789545719.523,0.1038,0,0,0,0,0,0
CONT_s7_throughput_TheSwissAccount,1789545719.627,0.1037,0,0,0,0,0,0
CONT_s7_throughput_TheSwissAccount,1789545719.731,0.1037,0,0,0,0,0,0
CONT_s7_throughput_TheSwissAccount,1789545719.836,0.105,0,0,0,0,0,0
CONT_s7_throughput_TheSwissAccount,1789545719.941,0.1052,0,0,0,0,0,0
CONT_s7_throughput_TheSwissAccount,1789545720.045,0.1038,0,0,0,0,0,0
CONT_s7_throughput_TheSwissAccount,1789545720.148,0.1037,0,0,0,0,0,0
CONT_s7_throughput_TheSwissAccount,1789545720.252,0.1038,0,0,0,0,0,0
CONT_s7_throughput_TheSwissAccount,1789545720.356,0.1037,0,0,0,0,0,0
CONT_s7_throughput_TheSwissAccount,1789545720.46,0.1039,0,0,0,0,0,0
CONT_s7_throughput_TheSwissAccount,1789545720.564,0.1038,0,0,0,0,0,0
CONT_s7_throughput_TheSwissAccount,1789545720.667,0.1038,6768,7,0,238869558.7,37297161.8,2
CONT_s7_throughput_TheSwissAccount,1789545720.771,0.1039,12208,12,0,165152570.7,58895100.1,2
CONT_s7_throughput_TheSwissAccount,1789545720.875,0.1039,10808,12,0,123943911.2,43261615.7,2
CONT_s7_throughput_TheSwissAccount,1789545720.979,0.1039,10796,12,2,88671256.6,39857908.3,2
CONT_s7_throughput_TheSwissAccount,1789545721.083,0.1039,18688,23,7,53202270.0,42500849.7,2
CONT_s7_throughput_TheSwissAccount,1789545721.187,0.1039,13836,15,3,36257064.2,51269483.1,2
CONT_s7_throughput_TheSwissAccount,1789545721.291,0.104,18452,20,3,25761228.0,46337004.5,2
CONT_s7_throughput_TheSwissAccount,1789545721.395,0.1039,13600,15,1,23829568.0,48631102.3,2
CONT_s7_throughput_TheSwissAccount,1789545721.499,0.1039,1552,2,1,24709996.5,56093319.1,2
CONT_s7_throughput_TheSwissAccount,1789545721.602,0.1038,0,0,0,0,0,0
CONT_s7_throughput_TheSwissAccount,1789545721.706,0.1037,0,0,0,0,0,0
CONT_s7_throughput_TheSwissAccount,1789545721.81,0.104,0,0,0,0,0,0
CONT_s7_throughput_TheSwissAccount,1789545721.914,0.1039,0,0,0,0,0,0
CONT_s7_throughput_TheSwissAccount,1789545722.018,0.1039,0,0,0,0,0,0
CONT_s7_throughput_TheSwissAccount,1789545722.122,0.1038,0,0,0,0,0,0
CONT_s7_throughput_TheSwissAccount,1789545722.225,0.1037,0,0,0,0,0,0
CONT_s7_throughput_TheSwissAccount,1789545722.332,0.1062,0,0,0,0,0,0
CONT_s7_throughput_TheSwissAccount,1789545722.435,0.1037,0,0,0,0,0,0
CONT_s7_throughput_TheSwissAccount,1789545722.539,0.1038,0,0,0,0,0,0
CONT_s7_throughput_TheSwissAccount,1789545722.643,0.1037,0,0,0,0,0,0
CONT_s7_throughput_TheSwissAccount,1789545722.746,0.1036,0,0,0,0,0,0
CONT_s7_throughput_TheSwissAccount,1789545722.85,0.1038,0,0,0,0,0,0
CONT_s7_throughput_TheSwissAccount,1789545722.954,0.104,0,0,0,0,0,0
CONT_s7_throughput_TheSwissAccount,1789545723.058,0.1038,0,0,0,0,0,0
CONT_s7_throughput_TheSwissAccount,1789545723.162,0.1037,0,0,0,0,0,0
CONT_s7_throughput_TheSwissAccount,1789545723.265,0.1036,0,0,0,0,0,0
CONT_s7_throughput_TheSwissAccount,1789545723.369,0.1037,0,0,0,0,0,0
CONT_s7_throughput_TheSwissAccount,1789545723.473,0.1038,0,0,0,0,0,0
CONT_s7_throughput_TheSwissAccount,1789545723.576,0.1038,0,0,0,0,0,0
CONT_s7_throughput_TheSwissAccount,1789545723.68,0.1037,0,0,0,0,0,0
CONT_s7_throughput_TheSwissAccount,1789545723.784,0.1037,0,0,0,0,0,0
CONT_s7_throughput_TheSwissAccount,1789545723.888,0.1038,0,0,0,0,0,0
CONT_s7_throughput_TheSwissAccount,1789545723.991,0.1038,0,0,0,0,0,0
CONT_s7_throughput_TheSwissAccount,1789545724.095,0.1038,0,0,0,0,0,0
CONT_s7_throughput_TheSwissAccount,1789545724.199,0.1037,0,0,0,0,0,0
CONT_s7_throughput_TheSwissAccount,1789545724.303,0.1037,0,0,0,0,0,0
CONT_s7_throughput_TheSwissAccount,1789545724.406,0.1038,0,0,0,0,0,0
CONT_s7_throughput_TheSwissAccount,1789545724.51,0.1038,667,1,0,215111217.0,0,1
CONT_s7_throughput_TheSwissAccount,1789545724.614,0.1037,8114,8,0,331356965.5,51571271.7,2
CONT_s7_throughput_TheSwissAccount,1789545724.718,0.1036,13976,17,4,199126968.4,44587770.7,2
CONT_s7_throughput_TheSwissAccount,1789545724.821,0.1038,9392,12,2,144654631.5,53615952.7,2
CONT_s7_throughput_TheSwissAccount,1789545724.925,0.1039,4692,6,1,122047065.5,59362036.1,2
CONT_s7_throughput_TheSwissAccount,1789545725.029,0.1038,7796,10,1,93491354.0,54405896.4,2
CONT_s7_throughput_TheSwissAccount,1789545725.133,0.1037,6168,7,1,76514761.1,46243449.0,2
CONT_s7_throughput_TheSwissAccount,1789545725.236,0.1037,9156,9,0,62030515.3,35499224.7,2
CONT_s7_throughput_TheSwissAccount,1789545725.34,0.1037,12348,14,2,47880443.0,50424244.5,2
CONT_s7_throughput_TheSwissAccount,1789545725.445,0.1047,10796,12,2,43039957.4,53106194.8,2
CONT_s7_throughput_TheSwissAccount,1789545725.549,0.1039,18452,20,3,29008926.8,47926707.1,2
CONT_s7_throughput_TheSwissAccount,1789545725.652,0.1037,18604,22,5,21632025.4,47487691.5,2
CONT_s7_throughput_TheSwissAccount,1789545725.756,0.1037,20376,27,8,13392506.5,46296213.3,2
CONT_s7_throughput_TheSwissAccount,1789545725.86,0.1037,18800,24,3,14108431.5,48034051.7,2
CONT_s7_throughput_TheSwissAccount,1789545725.963,0.1037,15652,20,4,12711055.5,36540977.9,2
CONT_s7_throughput_TheSwissAccount,1789545726.067,0.1038,17128,21,4,14194597.3,48803828.9,2
CONT_s7_throughput_TheSwissAccount,1789545726.171,0.1037,9360,12,3,13868178.5,49074235.5,2
CONT_s7_throughput_TheSwissAccount,1789545726.275,0.1036,9320,11,0,16540634.9,60948544.2,2
CONT_s7_throughput_TheSwissAccount,1789545726.378,0.1038,10860,13,1,17771361.3,45436387.7,2
CONT_s7_throughput_TheSwissAccount,1789545726.482,0.1037,6272,8,1,23893575.5,56101127.5,2
CONT_s7_throughput_TheSwissAccount,1789545726.586,0.1038,4616,5,1,24263979.4,40142461.2,2
CONT_s7_throughput_TheSwissAccount,1789545726.69,0.1037,9336,12,2,26059073.5,52700827.7,2
CONT_s7_throughput_TheSwissAccount,1789545726.793,0.1038,7604,7,0,23890634.9,35447448.5,2
CONT_s7_throughput_TheSwissAccount,1789545726.897,0.1036,10732,11,2,23680456.2,46854402.0,2
CONT_s7_throughput_TheSwissAccount,1789545727.001,0.1038,14040,18,5,20892160.5,47623357.1,2
CONT_s7_throughput_TheSwissAccount,1789545727.105,0.1042,21644,25,5,16075279.9,42160470.2,2
CONT_s7_throughput_TheSwissAccount,1789545727.209,0.1038,20156,24,6,13316303.0,45946849.6,2
CONT_s7_throughput_TheSwissAccount,1789545727.313,0.1037,19940,21,2,14517735.6,50397921.7,2
CONT_s7_throughput_TheSwissAccount,1789545727.416,0.1038,29336,33,5,8692974.8,49722550.3,2
CONT_s7_throughput_TheSwissAccount,1789545727.52,0.1038,18872,24,7,10550358.5,44655206.6,2
CONT_s7_throughput_TheSwissAccount,1789545727.624,0.1037,20364,26,7,7414520.0,46372625.9,2
CONT_s7_throughput_TheSwissAccount,1789545727.728,0.1043,13964,17,4,7577622.5,47178673.8,2
CONT_s7_throughput_TheSwissAccount,1789545727.834,0.106,18684,23,4,7880574.9,44619982.3,2
CONT_s7_throughput_TheSwissAccount,1789545727.939,0.1044,14438,16,2,9557171.2,51332906.4,2
CONT_s7_throughput_TheSwissAccount,1789545728.042,0.1038,21732,26,7,9794955.5,39866901.7,2
CONT_s7_throughput_TheSwissAccount,1789545728.146,0.1037,21940,28,6,10570002.0,47259161.9,2
CONT_s7_throughput_TheSwissAccount,1789545728.25,0.1039,13992,17,4,11507626.4,52347084.9,2
CONT_s7_throughput_TheSwissAccount,1789545728.354,0.1038,20092,23,5,12450905.4,46103078.3,2
CONT_s7_throughput_TheSwissAccount,1789545728.457,0.1038,17204,22,8,13023261.5,55470483.8,2
CONT_s7_throughput_TheSwissAccount,1789545728.561,0.1036,16760,16,0,13352105.8,51239025.8,2
CONT_s7_throughput_TheSwissAccount,1789545728.665,0.1037,26196,29,4,12976030.2,50765755.5,2
CONT_s7_throughput_TheSwissAccount,1789545728.768,0.1037,16943,22,5,12921237.0,38686702.8,2
CONT_s7_throughput_TheSwissAccount,1789545728.872,0.1037,0,0,0,0,0,0
CONT_s7_throughput_TheSwissAccount,1789545728.976,0.1038,0,0,0,0,0,0
CONT_s7_throughput_TheSwissAccount,1789545729.08,0.1037,2010,2,0,32483850.5,217863462.8,2
CONT_s7_throughput_TheSwissAccount,1789545729.183,0.1036,15628,20,6,33274274.0,33358456.2,2
CONT_s7_throughput_TheSwissAccount,1789545729.287,0.1037,18712,23,6,19811364.5,42162930.1,2
CONT_s7_throughput_TheSwissAccount,1789545729.391,0.1038,15528,19,4,18836496.5,57505478.2,2
CONT_s7_throughput_TheSwissAccount,1789545729.495,0.1038,16964,19,4,16209047.3,43665380.2,2
CONT_s7_throughput_TheSwissAccount,1789545729.598,0.1037,10872,13,2,17924040.5,50446045.4,2
CONT_s7_throughput_TheSwissAccount,1789545729.702,0.1037,12496,16,5,18161171.0,35093418.5,2
CONT_s7_throughput_TheSwissAccount,1789545729.806,0.1036,7744,9,2,18805495.3,46931330.9,2
CONT_s7_throughput_TheSwissAccount,1789545729.91,0.1039,10936,14,1,21369548.0,50238257.8,2
CONT_s7_throughput_TheSwissAccount,1789545730.013,0.1038,10860,13,2,21416954.9,50788993.7,2
CONT_s7_throughput_TheSwissAccount,1789545730.117,0.1037,10848,13,2,20934255.5,47219921.2,2
CONT_s7_throughput_TheSwissAccount,1789545730.221,0.1037,18388,19,1,19931801.8,42905477.5,2
CONT_s7_throughput_TheSwissAccount,1789545730.325,0.1036,17048,20,4,18367657.8,42067137.1,2
CONT_s7_throughput_TheSwissAccount,1789545730.428,0.1039,13245,17,4,13186514.6,45827579.7,2
CONT_s7_throughput_TheSwissAccount,1789545730.532,0.1038,15930,18,4,15097452.2,40332027.2,2
CONT_s7_throughput_TheSwissAccount,1789545730.636,0.1037,23292,28,8,11634104.4,49498103.5,2
CONT_s7_throughput_TheSwissAccount,1789545730.74,0.1037,26476,33,8,7204486.2,43656393.0,2
CONT_s7_throughput_TheSwissAccount,1789545730.843,0.1037,29832,38,10,8362463.5,48338671.7,2
CONT_s7_throughput_TheSwissAccount,1789545730.949,0.1052,23436,29,10,7866530.6,47078854.3,2
CONT_s7_throughput_TheSwissAccount,1789545731.052,0.1038,26540,33,6,6411476.8,45121609.2,2
CONT_s7_throughput_TheSwissAccount,1789545731.156,0.1038,14168,19,3,8009758.6,48782986.9,2
CONT_s7_throughput_TheSwissAccount,1789545731.26,0.1037,10868,13,4,8924113.8,44127774.6,2
CONT_s7_throughput_TheSwissAccount,1789545731.364,0.1036,4604,5,0,9604475.2,53521504.7,2
CONT_s7_throughput_TheSwissAccount,1789545731.467,0.1038,6180,7,0,14323804.1,42947248.8,2
CONT_s7_throughput_TheSwissAccount,1789545731.571,0.1039,9296,11,3,21942448.9,44219353.8,2
CONT_s7_throughput_TheSwissAccount,1789545731.675,0.1037,7744,9,1,24950129.9,36468581.2,2
CONT_s7_throughput_TheSwissAccount,1789545731.779,0.1037,4604,5,0,23486114.8,32966008.4,2
CONT_s7_throughput_TheSwissAccount,1789545731.882,0.1038,12412,15,3,22766792.3,49219995.4,2
CONT_s7_throughput_TheSwissAccount,1789545731.986,0.1038,12220,12,1,21998799.7,50221416.4,2
CONT_s7_throughput_TheSwissAccount,1789545732.09,0.1038,6232,8,1,21361496.5,43996900.1,2
CONT_s7_throughput_TheSwissAccount,1789545732.194,0.1037,4604,5,0,21875193.6,58227705.4,2
CONT_s7_throughput_TheSwissAccount,1789545732.297,0.1036,18312,18,0,20716764.7,36840974.9,2
CONT_s7_throughput_TheSwissAccount,1789545732.401,0.1037,13708,13,0,19685302.2,46156161.4,2
CONT_s7_throughput_TheSwissAccount,1789545732.505,0.1038,19812,19,0,16782349.5,43142146.3,2
CONT_s7_throughput_TheSwissAccount,1789545732.608,0.1037,15476,18,2,17489087.4,53613112.0,2
CONT_s7_throughput_TheSwissAccount,1789545732.712,0.1037,15484,18,4,15770884.3,41590962.4,2
CONT_s7_throughput_TheSwissAccount,1789545732.816,0.1037,9368,12,3,17043176.5,51601122.8,2
CONT_s7_throughput_TheSwissAccount,1789545732.92,0.1037,7796,10,3,20404675.5,48915350.2,2
CONT_s7_throughput_TheSwissAccount,1789545733.023,0.1038,5601,7,2,23332360.0,58971564.6,2
CONT_s7_throughput_TheSwissAccount,1789545733.127,0.1038,8472,11,2,23287333.4,36359606.5,2
CONT_s7_throughput_TheSwissAccount,1789545733.231,0.1038,7732,9,3,23411392.6,52008842.2,2
CONT_s7_throughput_TheSwissAccount,1789545733.335,0.1045,4680,6,1,23217131.0,53620233.4,2
CONT_s7_throughput_TheSwissAccount,1789545733.44,0.1041,6168,7,1,21327475.3,48840943.2,2
CONT_s7_throughput_TheSwissAccount,1789545733.543,0.1038,13976,17,3,21660151.4,40259820.9,2
CONT_s7_throughput_TheSwissAccount,1789545733.647,0.1036,10708,11,0,19863420.0,48868461.4,2
CONT_s7_throughput_TheSwissAccount,1789545733.751,0.1036,13037,17,2,15926080.0,41513266.3,4
CONT_s7_throughput_TheSwissAccount,1789545733.854,0.1039,12647,16,2,14852981.2,39521669.8,4
CONT_s7_throughput_TheSwissAccount,1789545733.958,0.1039,51958,68,23,9167289.6,43115253.6,4
CONT_s7_throughput_TheSwissAccount,1789545734.062,0.1038,37976,50,18,11361808.0,79681062.0,4
CONT_s7_throughput_TheSwissAccount,1789545734.166,0.1039,39244,50,19,5536031.8,117962609.8,4
CONT_s7_throughput_TheSwissAccount,1789545734.27,0.1038,39240,49,13,7513364.5,104938527.0,4
CONT_s7_throughput_TheSwissAccount,1789545734.374,0.104,39216,50,15,6193139.5,79355356.7,4
CONT_s7_throughput_TheSwissAccount,1789545734.478,0.1039,38736,46,10,10875031.5,75663086.2,4
CONT_s7_throughput_TheSwissAccount,1789545734.582,0.1041,38868,46,12,8147202.5,76844500.8,4
CONT_s7_throughput_TheSwissAccount,1789545734.686,0.104,37336,46,12,7415543.9,74663271.8,4
CONT_s7_throughput_TheSwissAccount,1789545734.79,0.1039,38584,43,3,12792000.8,61692661.2,4
CONT_s7_throughput_TheSwissAccount,1789545734.894,0.104,38888,47,12,13819664.6,57538344.1,4
CONT_s7_throughput_TheSwissAccount,1789545734.998,0.1039,32808,41,9,13333227.2,45286020.1,4
CONT_s7_throughput_TheSwissAccount,1789545735.102,0.104,31076,38,8,11971941.0,46752608.8,4
CONT_s7_throughput_TheSwissAccount,1789545735.205,0.1039,32288,35,4,15004166.4,49084345.1,4
CONT_s7_throughput_TheSwissAccount,1789545735.309,0.1039,34300,43,12,14418549.1,47483465.3,4
CONT_s7_throughput_TheSwissAccount,1789545735.413,0.104,29640,37,7,13172726.0,50977789.3,4
CONT_s7_throughput_TheSwissAccount,1789545735.517,0.1039,21748,26,4,13368456.3,46060682.4,4
CONT_s7_throughput_TheSwissAccount,1789545735.621,0.104,18492,21,3,14489732.2,47815859.6,4
CONT_s7_throughput_TheSwissAccount,1789545735.725,0.1039,30660,32,3,9099062.2,9165693.9,2
CONT_s7_throughput_TheSwissAccount,1789545735.831,0.1059,44276,43,3,12461532.5,29046967.3,4
CONT_s7_throughput_TheSwissAccount,1789545735.935,0.1038,42572,39,1,12337928.4,36419094.4,4
CONT_s7_throughput_TheSwissAccount,1789545736.039,0.1039,43916,37,0,12853366.6,40229248.2,4
CONT_s7_throughput_TheSwissAccount,1789545736.143,0.1039,39416,34,0,13237555.2,45891538.9,4
CONT_s7_throughput_TheSwissAccount,1789545736.246,0.1039,39468,35,0,14903402.4,51484743.3,4
CONT_s7_throughput_TheSwissAccount,1789545736.35,0.104,48572,43,0,14404115.9,56373309.9,4
CONT_s7_throughput_TheSwissAccount,1789545736.455,0.1043,43968,38,0,15064251.3,63183755.2,4
CONT_s7_throughput_TheSwissAccount,1789545736.559,0.1038,37968,34,0,12941766.3,68991143.4,4
CONT_s7_throughput_TheSwissAccount,1789545736.662,0.1039,42416,36,0,16204667.4,73325514.9,4
CONT_s7_throughput_TheSwissAccount,1789545736.766,0.1039,48520,42,0,15609485.6,73723926.8,4
CONT_s7_throughput_TheSwissAccount,1789545736.87,0.1039,40812,33,0,13176316.4,74242720.1,4
CONT_s7_throughput_TheSwissAccount,1789545736.974,0.1039,44244,41,0,17283507.4,62586980.8,4
CONT_s7_throughput_TheSwissAccount,1789545737.078,0.104,43848,38,0,16048349.1,45831918.5,4
CONT_s7_throughput_TheSwissAccount,1789545737.182,0.1039,39260,31,0,12397333.9,79668526.7,4
CONT_s7_throughput_TheSwissAccount,1789545737.286,0.104,46068,45,0,12874257.7,38926666.8,4
CONT_s7_throughput_TheSwissAccount,1789545737.39,0.1038,44952,42,0,14119622.7,30406552.4,4
CONT_s7_throughput_TheSwissAccount,1789545737.494,0.1043,36364,31,0,14301695.1,56165477.1,4
CONT_s7_throughput_TheSwissAccount,1789545737.598,0.104,45076,37,0,14471568.5,71310043.2,4
CONT_s7_throughput_TheSwissAccount,1789545737.702,0.1039,46012,41,0,13238745.1,57253238.0,4
CONT_s7_throughput_TheSwissAccount,1789545737.806,0.1039,45260,35,0,14175370.8,53450607.5,4
CONT_s7_throughput_TheSwissAccount,1789545737.91,0.104,42364,35,0,14425802.0,64522039.5,4
CONT_s7_throughput_TheSwissAccount,1789545738.014,0.1039,38872,32,0,15868767.3,64441877.4,4
CONT_s7_throughput_TheSwissAccount,1789545738.118,0.1039,40825,36,0,12368733.0,60673798.3,6
CONT_s7_throughput_TheSwissAccount,1789545738.222,0.1044,48910,44,0,10645995.9,40922170.9,4
CONT_s7_throughput_TheSwissAccount,1789545738.327,0.1048,42416,36,0,12685071.6,57196461.2,4
CONT_s7_throughput_TheSwissAccount,1789545738.431,0.1042,45468,39,0,14228778.7,57136109.9,4
CONT_s7_throughput_TheSwissAccount,1789545738.535,0.1041,42416,36,0,14436679.7,57222194.2,4
CONT_s7_throughput_TheSwissAccount,1789545738.64,0.1041,42416,36,0,14913626.0,57104044.5,4
CONT_s7_throughput_TheSwissAccount,1789545738.744,0.1041,42416,36,0,15248296.3,57068261.5,4
CONT_s7_throughput_TheSwissAccount,1789545738.848,0.1043,45255,39,0,15896046.9,55191019.2,4
CONT_s7_throughput_TheSwissAccount,1789545738.953,0.1052,38580,34,0,16737005.9,43495481.6,4
CONT_s7_throughput_TheSwissAccount,1789545739.057,0.1041,42416,36,0,15536696.2,57152553.2,4
CONT_s7_throughput_TheSwissAccount,1789545739.161,0.1041,42416,36,0,15792759.6,57256727.5,4
CONT_s7_throughput_TheSwissAccount,1789545739.266,0.1042,49916,41,0,14712992.6,56060088.7,4
CONT_s7_throughput_TheSwissAccount,1789545739.37,0.104,42468,37,0,15648544.4,57197343.2,4
CONT_s7_throughput_TheSwissAccount,1789545739.474,0.104,42416,36,0,15776259.2,57245806.9,4
CONT_s7_throughput_TheSwissAccount,1789545739.578,0.1042,42416,36,0,15851446.7,57114888.3,4
CONT_s7_throughput_TheSwissAccount,1789545739.682,0.1041,42416,36,0,15873888.1,57153881.1,4
CONT_s7_throughput_TheSwissAccount,1789545739.786,0.1041,45468,39,0,17479955.5,59492503.6,4
CONT_s7_throughput_TheSwissAccount,1789545739.891,0.1044,42416,36,0,16478558.8,56909557.9,4
CONT_s7_throughput_TheSwissAccount,1789545739.995,0.1041,42416,36,0,16481383.6,57161058.9,4
CONT_s7_throughput_TheSwissAccount,1789545740.099,0.1041,42416,36,0,16508741.0,57269114.4,4
CONT_s7_throughput_TheSwissAccount,1789545740.203,0.1041,42416,36,0,16554878.0,57113534.9,4
CONT_s7_throughput_TheSwissAccount,1789545740.307,0.1041,45468,39,0,16993176.0,57129696.3,4
CONT_s7_throughput_TheSwissAccount,1789545740.411,0.1042,42416,36,0,16022897.8,57194156.8,4
CONT_s7_throughput_TheSwissAccount,1789545740.515,0.1042,42977,38,0,16771957.9,43918239.3,4
CONT_s7_throughput_TheSwissAccount,1789545740.619,0.1041,42416,36,0,15848714.7,57100020.8,4
CONT_s7_throughput_TheSwissAccount,1789545740.724,0.1041,42416,36,0,16030185.2,57194447.6,4
CONT_s7_throughput_TheSwissAccount,1789545740.83,0.1067,42416,36,0,16190215.3,57233428.2,4
CONT_s7_throughput_TheSwissAccount,1789545740.934,0.1043,42416,36,0,16289655.4,57224416.3,4
CONT_s7_throughput_TheSwissAccount,1789545741.039,0.1041,42416,36,0,16361746.3,57267384.7,4
CONT_s7_throughput_TheSwissAccount,1789545741.143,0.1041,42416,36,0,16428828.3,57200636.1,4
CONT_s7_throughput_TheSwissAccount,1789545741.247,0.1043,49916,41,0,15113745.9,56008128.9,4
CONT_s7_throughput_TheSwissAccount,1789545741.351,0.1042,42468,37,0,15987315.0,57120089.0,4
CONT_s7_throughput_TheSwissAccount,1789545741.456,0.1046,42416,36,0,16011247.2,57286659.2,4
CONT_s7_throughput_TheSwissAccount,1789545741.56,0.1039,42416,36,0,16017575.2,57284929.2,4
CONT_s7_throughput_TheSwissAccount,1789545741.664,0.1041,42416,36,0,16032462.4,57190478.2,4
CONT_s7_throughput_TheSwissAccount,1789545741.768,0.1041,45468,39,0,17602968.5,59698272.1,4
CONT_s7_throughput_TheSwissAccount,1789545741.872,0.1041,42416,36,0,16544284.3,57114089.9,4
CONT_s7_throughput_TheSwissAccount,1789545741.976,0.1041,41004,36,0,16273750.1,56472226.1,4
CONT_s7_throughput_TheSwissAccount,1789545742.08,0.1041,45780,45,0,11672886.3,25161038.9,2
CONT_s7_throughput_TheSwissAccount,1789545742.184,0.1041,42728,42,0,7285510.0,20790674.2,2
CONT_s7_throughput_TheSwissAccount,1789545742.288,0.1041,42728,42,0,5852482.3,20902778.0,2
CONT_s7_throughput_TheSwissAccount,1789545742.393,0.1042,42728,42,0,5344143.7,20849971.5,2
CONT_s7_throughput_TheSwissAccount,1789545742.497,0.104,45728,44,0,5245120.4,20798040.7,2
CONT_s7_throughput_TheSwissAccount,1789545742.601,0.1044,42780,43,0,4963304.8,20740097.6,2
CONT_s7_throughput_TheSwissAccount,1789545742.705,0.1041,42728,42,0,5023354.0,20887720.6,2
CONT_s7_throughput_TheSwissAccount,1789545742.809,0.1042,42728,42,0,5006461.3,20761858.9,2
CONT_s7_throughput_TheSwissAccount,1789545742.913,0.1042,42728,42,0,5014738.7,20867621.7,2
CONT_s7_throughput_TheSwissAccount,1789545743.018,0.1041,45780,45,0,5051245.7,20879824.4,2
CONT_s7_throughput_TheSwissAccount,1789545743.122,0.1041,42728,42,0,4998382.3,20892374.9,2
CONT_s7_throughput_TheSwissAccount,1789545743.226,0.1042,42728,42,0,5020305.3,20779501.8,2
CONT_s7_throughput_TheSwissAccount,1789545743.331,0.1053,42728,42,0,5028696.0,20798351.1,2
CONT_s7_throughput_TheSwissAccount,1789545743.435,0.1041,45780,45,0,5008295.0,20902290.7,2
CONT_s7_throughput_TheSwissAccount,1789545743.539,0.1041,42728,42,0,4997498.3,20838199.8,2
CONT_s7_throughput_TheSwissAccount,1789545743.643,0.1041,42728,42,0,4982954.7,20772739.5,2
CONT_s7_throughput_TheSwissAccount,1789545743.747,0.104,42728,42,0,4993612.0,20858567.7,2
CONT_s7_throughput_TheSwissAccount,1789545743.852,0.1042,45780,45,0,5113166.3,20520988.0,2
CONT_s7_throughput_TheSwissAccount,1789545743.957,0.1053,42832,44,0,5026548.5,20774961.4,2
CONT_s7_throughput_TheSwissAccount,1789545744.061,0.1041,42780,43,0,5092446.4,20619759.5,2
CONT_s7_throughput_TheSwissAccount,1789545744.165,0.1042,44516,45,0,5417830.7,18991335.9,2
CONT_s7_throughput_TheSwissAccount,1789545744.269,0.1042,31708,25,0,5929822.2,61647943.9,2
CONT_s7_throughput_TheSwissAccount,1789545744.373,0.104,27744,27,3,4034248.8,39967765.5,2
CONT_s7_throughput_TheSwissAccount,1789545744.477,0.1041,0,0,0,0,0,0
CONT_s7_throughput_TheSwissAccount,1789545744.582,0.1041,30364,27,0,12065928.2,315757.4,2
CONT_s7_throughput_TheSwissAccount,1789545744.686,0.1041,20732,17,0,8319659.4,74203113.5,2
CONT_s7_throughput_TheSwissAccount,1789545744.79,0.1041,17996,24,11,12336334.5,15650154.4,2
CONT_s7_throughput_TheSwissAccount,1789545744.894,0.1042,27312,24,0,14044896.2,226491.3,2
CONT_s7_throughput_TheSwissAccount,1789545744.998,0.104,41864,47,4,5487900.7,36643454.7,2
CONT_s7_throughput_TheSwissAccount,1789545745.102,0.1041,38954,32,0,124235395.9,24324788.1,2
CONT_s7_throughput_TheSwissAccount,1789545745.206,0.1041,50124,45,0,44617938.5,50131594.2,2
CONT_s7_throughput_TheSwissAccount,1789545745.31,0.1041,39336,51,0,17021987.2,57997849.6,3
CONT_s7_throughput_TheSwissAccount,1789545745.414,0.1043,42660,54,0,8344635.5,60033621.8,2
CONT_s7_throughput_TheSwissAccount,1789545745.519,0.1042,43171,51,5,7601481.3,61219723.1,3
CONT_s7_throughput_TheSwissAccount,1789545745.623,0.1043,39908,33,0,19817472.2,27766600.8,2
CONT_s7_throughput_TheSwissAccount,1789545745.727,0.104,42260,33,0,10978993.7,49583698.2,2
CONT_s7_throughput_TheSwissAccount,1789545745.833,0.1058,48608,40,0,8912579.6,34707305.7,2
CONT_s7_throughput_TheSwissAccount,1789545745.937,0.104,36156,27,0,7423829.4,57464950.0,2
CONT_s7_throughput_TheSwissAccount,1789545746.041,0.1041,19776,16,0,7234118.8,52233924.4,2
CONT_s7_throughput_TheSwissAccount,1789545746.145,0.1042,0,0,0,0,0,0
CONT_s7_throughput_TheSwissAccount,1789545746.249,0.104,48260,37,0,12020206.4,35766047.7,2
CONT_s7_throughput_TheSwissAccount,1789545746.353,0.104,19828,17,0,11098135.2,42669329.9,2
CONT_s7_throughput_TheSwissAccount,1789545746.457,0.1041,0,0,0,0,0,0
CONT_s7_throughput_TheSwissAccount,1789545746.561,0.1039,27156,21,0,19260082.6,14089955.4,2
CONT_s7_throughput_TheSwissAccount,1789545746.665,0.104,41040,32,0,11355649.0,51076639.6,2
CONT_s7_throughput_TheSwissAccount,1789545746.769,0.104,0,0,0,0,0,0
CONT_s7_throughput_TheSwissAccount,1789545746.873,0.104,15104,12,0,26766597.7,164352.9,2
CONT_s7_throughput_TheSwissAccount,1789545746.977,0.1041,36261,29,1,210802018.7,122380117.2,4
CONT_s7_throughput_TheSwissAccount,1789545747.081,0.1041,16856,14,0,12881912.6,50666558.3,2
CONT_s7_throughput_TheSwissAccount,1789545747.185,0.104,0,0,0,0,0,0
CONT_s7_throughput_TheSwissAccount,1789545747.289,0.104,38296,30,0,17444014.5,12954404.2,2
CONT_s7_throughput_TheSwissAccount,1789545747.394,0.1042,29896,24,0,14733640.7,51188883.9,2
CONT_s7_throughput_TheSwissAccount,1789545747.498,0.104,0,0,0,0,0,0
CONT_s7_throughput_TheSwissAccount,1789545747.602,0.1041,27156,21,0,22100560.4,14096859.3,2
CONT_s7_throughput_TheSwissAccount,1789545747.706,0.1041,41068,33,0,14404773.8,48182229.6,2
CONT_s7_throughput_TheSwissAccount,1789545747.81,0.104,0,0,0,0,0,0
CONT_s7_throughput_TheSwissAccount,1789545747.914,0.1044,212,4,0,15779235.0,357923.9,3
CONT_s7_throughput_TheSwissAccount,1789545748.018,0.1042,36910,34,0,3945826.2,8942605.0,2
CONT_s7_throughput_TheSwissAccount,1789545748.123,0.1043,50708,53,0,1509370.0,52703308.0,2
CONT_s7_throughput_TheSwissAccount,1789545748.227,0.1043,45784,60,11,4335533.5,47848479.1,2
CONT_s7_throughput_TheSwissAccount,1789545748.333,0.1061,43848,56,10,5343352.0,52386563.4,2
CONT_s7_throughput_TheSwissAccount,1789545748.437,0.1042,44496,47,1,2626806.3,38101510.3,2
CONT_s7_throughput_TheSwissAccount,1789545748.542,0.1042,43892,56,2,811022.0,60409867.8,2
CONT_s7_throughput_TheSwissAccount,1789545748.646,0.1042,46572,59,11,44508285.9,61151624.3,4
CONT_s7_throughput_TheSwissAccount,1789545748.75,0.1042,42624,40,0,78876362.1,58628545.0,4
CONT_s7_throughput_TheSwissAccount,1789545748.854,0.104,40104,44,6,44289319.5,60745362.7,4
CONT_s7_throughput_TheSwissAccount,1789545748.958,0.1041,43864,36,0,38534956.4,62511008.3,4
CONT_s7_throughput_TheSwissAccount,1789545749.062,0.104,45520,40,0,34671390.6,61975114.7,4
CONT_s7_throughput_TheSwissAccount,1789545749.166,0.1042,39828,35,0,27639653.7,64134618.1,4
CONT_s7_throughput_TheSwissAccount,1789545749.27,0.1042,45416,38,0,23364536.6,80147136.8,4
CONT_s7_throughput_TheSwissAccount,1789545749.375,0.1042,43916,37,0,21471958.4,67781625.2,4
CONT_s7_throughput_TheSwissAccount,1789545749.479,0.1041,42264,36,0,19635375.2,60922670.3,4
CONT_s7_throughput_TheSwissAccount,1789545749.583,0.1042,40812,33,0,17716504.5,79419369.5,4
CONT_s7_throughput_TheSwissAccount,1789545749.687,0.1042,40812,33,0,18314081.2,76474789.8,4
CONT_s7_throughput_TheSwissAccount,1789545749.791,0.1042,46340,39,0,17764229.5,81115338.3,4
CONT_s7_throughput_TheSwissAccount,1789545749.896,0.1043,43916,37,0,17587824.1,74987069.0,4
CONT_s7_throughput_TheSwissAccount,1789545750.0,0.1041,43916,37,0,17519179.7,78914373.3,4
CONT_s7_throughput_TheSwissAccount,1789545750.104,0.1042,37916,33,0,17540900.7,56805045.1,4
CONT_s7_throughput_TheSwissAccount,1789545750.208,0.1042,46452,41,0,13473860.8,51199027.7,4
CONT_s7_throughput_TheSwissAccount,1789545750.312,0.1042,45520,40,0,8845179.8,26203740.9,2
CONT_s7_throughput_TheSwissAccount,1789545750.417,0.1043,41416,36,0,7614538.7,37610024.0,2
CONT_s7_throughput_TheSwissAccount,1789545750.521,0.1042,0,0,0,0,0,0
CONT_s7_throughput_TheSwissAccount,1789545750.625,0.1042,0,0,0,0,0,0
CONT_s7_throughput_TheSwissAccount,1789545750.729,0.1042,46760,36,0,12479778.2,25015681.8,2
CONT_s7_throughput_TheSwissAccount,1789545750.835,0.1057,21104,16,0,9967978.2,50261476.5,2
CONT_s7_throughput_TheSwissAccount,1789545750.939,0.1042,31708,25,0,14040739.8,19585500.1,2
CONT_s7_throughput_TheSwissAccount,1789545751.043,0.1042,36680,30,0,10476903.5,42818202.3,2
CONT_s7_throughput_TheSwissAccount,1789545751.148,0.1042,0,0,0,0,0,0
CONT_s7_throughput_TheSwissAccount,1789545751.252,0.1043,15104,12,0,24727531.5,173432.9,2
CONT_s7_throughput_TheSwissAccount,1789545751.356,0.1041,36156,27,0,12653011.7,42712882.2,2
CONT_s7_throughput_TheSwissAccount,1789545751.46,0.1042,16856,14,0,11706965.6,48278727.2,2
CONT_s7_throughput_TheSwissAccount,1789545751.564,0.1043,0,0,0,0,0,0
CONT_s7_throughput_TheSwissAccount,1789545751.669,0.1042,39208,30,0,16749016.3,14122072.1,2
CONT_s7_throughput_TheSwissAccount,1789545751.773,0.1043,29048,24,0,13870541.3,41978891.6,2
CONT_s7_throughput_TheSwissAccount,1789545751.877,0.1043,0,0,0,0,0,0
CONT_s7_throughput_TheSwissAccount,1789545751.981,0.1041,27156,21,0,21248054.4,14031244.0,2
CONT_s7_throughput_TheSwissAccount,1789545752.085,0.1042,40960,32,0,12594395.6,51512851.2,2
CONT_s7_throughput_TheSwissAccount,1789545752.19,0.1042,0,0,0,0,0,0
CONT_s7_throughput_TheSwissAccount,1789545752.294,0.1042,0,0,0,0,0,0
CONT_s7_throughput_TheSwissAccount,1789545752.398,0.1043,49704,38,0,15830321.3,27241763.8,2
CONT_s7_throughput_TheSwissAccount,1789545752.502,0.1042,18444,15,0,13445528.5,48903329.7,2
CONT_s7_throughput_TheSwissAccount,1789545752.606,0.1043,0,0,0,0,0,0
CONT_s7_throughput_TheSwissAccount,1789545752.711,0.1042,39584,31,0,23548690.2,13762423.6,3
CONT_s7_throughput_TheSwissAccount,1789545752.815,0.1042,43864,36,0,101187326.6,52081509.6,4
CONT_s7_throughput_TheSwissAccount,1789545752.919,0.1043,44476,39,0,60778889.3,42161006.4,4
CONT_s7_throughput_TheSwissAccount,1789545753.027,0.1082,41072,38,0,34177804.7,30783350.0,3
CONT_s7_throughput_TheSwissAccount,1789545753.131,0.1041,42312,34,0,26311188.2,67754326.5,4
CONT_s7_throughput_TheSwissAccount,1789545753.236,0.1042,42312,34,0,21881787.4,79049798.4,4
CONT_s7_throughput_TheSwissAccount,1789545753.34,0.1041,42696,36,0,21982164.6,79260886.2,4
CONT_s7_throughput_TheSwissAccount,1789545753.445,0.105,48416,40,0,20272120.4,57467918.6,4
CONT_s7_throughput_TheSwissAccount,1789545753.549,0.1042,38524,31,0,18473846.5,71543315.0,4
CONT_s7_throughput_TheSwissAccount,1789545753.653,0.1042,47912,38,0,17747416.3,67552832.9,4
CONT_s7_throughput_TheSwissAccount,1789545753.757,0.1042,42416,36,0,19471044.1,38412476.0,4
CONT_s7_throughput_TheSwissAccount,1789545753.861,0.1041,37760,30,0,16900510.1,72495946.8,4
CONT_s7_throughput_TheSwissAccount,1789545753.966,0.1041,47252,39,0,16836275.2,75346472.9,4
CONT_s7_throughput_TheSwissAccount,1789545754.07,0.1048,39416,34,0,13845462.8,48844507.3,3
CONT_s7_throughput_TheSwissAccount,1789545754.175,0.1042,48312,38,0,17144117.7,71920748.5,4
CONT_s7_throughput_TheSwissAccount,1789545754.279,0.1042,34980,31,0,16576019.9,73638811.1,4
CONT_s7_throughput_TheSwissAccount,1789545754.383,0.1042,46018,41,0,15774768.9,76063275.8,4
CONT_s7_throughput_TheSwissAccount,1789545754.487,0.1042,45312,36,0,9901593.7,29973035.2,2
CONT_s7_throughput_TheSwissAccount,1789545754.591,0.1041,22656,18,0,8844495.8,35533748.7,2
CONT_s7_throughput_TheSwissAccount,1789545754.696,0.1043,0,0,0,0,0,0
CONT_s7_throughput_TheSwissAccount,1789545754.8,0.1042,42260,33,0,13484628.7,21448628.1,2
CONT_s7_throughput_TheSwissAccount,1789545754.904,0.1043,25908,21,0,10175625.7,41877010.5,2
CONT_s7_throughput_TheSwissAccount,1789545755.008,0.1042,0,0,0,0,0,0
CONT_s7_throughput_TheSwissAccount,1789545755.112,0.1042,27156,21,0,19106885.6,14070230.6,2
CONT_s7_throughput_TheSwissAccount,1789545755.217,0.1042,40960,32,0,11147635.1,51503578.5,2
CONT_s7_throughput_TheSwissAccount,1789545755.321,0.1042,0,0,0,0,0,0
CONT_s7_throughput_TheSwissAccount,1789545755.425,0.1042,0,0,0,0,0,0
CONT_s7_throughput_TheSwissAccount,1789545755.529,0.1042,46760,36,0,15374125.9,24997381.8,2
CONT_s7_throughput_TheSwissAccount,1789545755.633,0.1041,20592,16,0,12138483.5,49769569.1,2
CONT_s7_throughput_TheSwissAccount,1789545755.738,0.1042,0,0,0,0,0,0
CONT_s7_throughput_TheSwissAccount,1789545755.842,0.1041,36208,28,0,18432891.6,12213155.4,2
CONT_s7_throughput_TheSwissAccount,1789545755.948,0.106,32120,26,0,13413558.2,42982142.1,2
CONT_s7_throughput_TheSwissAccount,1789545756.052,0.1043,0,0,0,0,0,0
CONT_s7_throughput_TheSwissAccount,1789545756.156,0.1041,25656,20,0,22365656.9,12296307.2,2
CONT_s7_throughput_TheSwissAccount,1789545756.26,0.1043,42520,34,0,13404898.7,47449348.7,2
CONT_s7_throughput_TheSwissAccount,1789545756.364,0.1041,0,0,0,0,0,0
CONT_s7_throughput_TheSwissAccount,1789545756.469,0.1041,56088,46,0,57340618.7,29986138.5,2
CONT_s7_throughput_TheSwissAccount,1789545756.573,0.1042,39260,31,0,33929753.5,54053794.3,4
CONT_s7_throughput_TheSwissAccount,1789545756.677,0.1041,45312,36,0,29218972.5,69369080.5,4
CONT_s7_throughput_TheSwissAccount,1789545756.781,0.1043,37244,31,0,26861038.6,72549530.4,4
CONT_s7_throughput_TheSwissAccount,1789545756.885,0.1042,42364,35,0,25285304.3,77340466.0,4
CONT_s7_throughput_TheSwissAccount,1789545756.99,0.1042,49864,40,0,22665299.1,77880684.9,4
CONT_s7_throughput_TheSwissAccount,1789545757.093,0.104,34760,28,0,21587155.6,82614226.6,4
CONT_s7_throughput_TheSwissAccount,1789545757.198,0.1042,51520,44,0,22043274.2,71832513.2,4
CONT_s7_throughput_TheSwissAccount,1789545757.302,0.1042,43916,37,0,20417019.9,70703792.1,4
CONT_s7_throughput_TheSwissAccount,1789545757.406,0.1042,39312,32,0,18719005.3,74900588.7,4
CONT_s7_throughput_TheSwissAccount,1789545757.51,0.1042,43916,37,0,17991504.6,76332741.6,4
CONT_s7_throughput_TheSwissAccount,1789545757.615,0.1043,43864,36,0,18059022.3,74143422.3,4
CONT_s7_throughput_TheSwissAccount,1789545757.719,0.1042,39312,32,0,18156784.4,87801977.2,4
CONT_s7_throughput_TheSwissAccount,1789545757.823,0.1041,49864,40,0,16747499.0,78088833.1,4
CONT_s7_throughput_TheSwissAccount,1789545757.927,0.1045,41785,38,0,12875498.9,33999832.5,4
CONT_s7_throughput_TheSwissAccount,1789545758.032,0.1043,21208,18,0,9357904.6,35526034.6,2
CONT_s7_throughput_TheSwissAccount,1789545758.136,0.1044,42260,33,0,9574718.9,21225263.9,2
CONT_s7_throughput_TheSwissAccount,1789545758.24,0.1042,25908,21,0,8017118.1,41748177.4,2
CONT_s7_throughput_TheSwissAccount,1789545758.345,0.1048,0,0,0,0,0,0
CONT_s7_throughput_TheSwissAccount,1789545758.45,0.1051,25656,20,0,18212472.9,12319220.3,2
CONT_s7_throughput_TheSwissAccount,1789545758.555,0.1042,42208,32,0,10413273.6,50050188.3,2
CONT_s7_throughput_TheSwissAccount,1789545758.659,0.1044,0,0,0,0,0,0
CONT_s7_throughput_TheSwissAccount,1789545758.763,0.1042,0,0,0,0,0,0
CONT_s7_throughput_TheSwissAccount,1789545758.867,0.1042,56169,44,0,12954407.9,31482726.3,2
CONT_s7_throughput_TheSwissAccount,1789545758.971,0.1041,0,0,0,0,0,0
CONT_s7_throughput_TheSwissAccount,1789545759.076,0.1041,52,1,0,48982345.0,0,1
CONT_s7_throughput_TheSwissAccount,1789545759.18,0.1041,40,1,0,48989434.0,0,1
CONT_s7_throughput_TheSwissAccount,1789545759.284,0.1042,0,0,0,0,0,0
CONT_s7_throughput_TheSwissAccount,1789545759.388,0.104,0,0,0,0,0,0
CONT_s7_throughput_TheSwissAccount,1789545759.492,0.1041,0,0,0,0,0,0
CONT_s7_throughput_TheSwissAccount,1789545759.596,0.1042,0,0,0,0,0,0
CONT_s7_throughput_TheSwissAccount,1789545759.7,0.1041,0,0,0,0,0,0
CONT_s7_throughput_TheSwissAccount,1789545759.804,0.1041,0,0,0,0,0,0
CONT_s7_throughput_TheSwissAccount,1789545759.909,0.1042,0,0,0,0,0,0
CONT_s7_throughput_TheSwissAccount,1789545760.013,0.1041,0,0,0,0,0,0
CONT_s7_throughput_TheSwissAccount,1789545760.117,0.1041,0,0,0,0,0,0
CONT_s7_throughput_TheSwissAccount,1789545760.221,0.1041,0,0,0,0,0,0
CONT_s7_throughput_TheSwissAccount,1789545760.325,0.104,0,0,0,0,0,0
CONT_s7_throughput_TheSwissAccount,1789545760.43,0.1052,0,0,0,0,0,0
CONT_s7_throughput_TheSwissAccount,1789545760.534,0.1043,0,0,0,0,0,0
CONT_s7_throughput_TheSwissAccount,1789545760.639,0.1043,0,0,0,0,0,0
CONT_s7_throughput_TheSwissAccount,1789545760.743,0.1042,0,0,0,0,0,0
CONT_s7_throughput_TheSwissAccount,1789545760.847,0.1043,0,0,0,0,0,0
CONT_s7_throughput_TheSwissAccount,1789545760.953,0.1054,41384,33,0,124234672.8,10438942.2,2
CONT_s7_throughput_TheSwissAccount,1789545761.057,0.1044,36208,28,0,54794206.9,57040602.5,2
CONT_s7_throughput_TheSwissAccount,1789545761.161,0.1044,48312,38,0,34570911.0,57403130.1,2
CONT_s7_throughput_TheSwissAccount,1789545761.269,0.1079,36440,32,0,495934633.9,57297874.8,4
CONT_s7_throughput_TheSwissAccount,1789545761.374,0.1041,48312,38,0,20041905.4,57295306.9,2
CONT_s7_throughput_TheSwissAccount,1789545761.478,0.1042,43760,34,0,15757766.6,57042574.2,2
CONT_s7_throughput_TheSwissAccount,1789545761.582,0.1044,40760,32,0,13804371.2,57260032.9,2
CONT_s7_throughput_TheSwissAccount,1789545761.686,0.1042,39260,31,0,12237651.5,61033795.0,2
CONT_s7_throughput_TheSwissAccount,1789545761.79,0.1042,46708,35,0,9353700.8,60192660.9,2
CONT_s7_throughput_TheSwissAccount,1789545761.895,0.1044,40656,30,0,8141895.6,62133590.8,2
CONT_s7_throughput_TheSwissAccount,1789545761.999,0.1042,40656,30,0,7596064.3,64611718.5,2
CONT_s7_throughput_TheSwissAccount,1789545762.103,0.1043,40656,30,0,7173921.4,64717340.7,2
CONT_s7_throughput_TheSwissAccount,1789545762.208,0.1044,54208,40,0,6725844.9,64959995.0,2
CONT_s7_throughput_TheSwissAccount,1789545762.312,0.1042,40656,30,0,6464203.8,64870803.4,2
CONT_s7_throughput_TheSwissAccount,1789545762.416,0.1045,40656,30,0,6247838.7,64745520.6,2
CONT_s7_throughput_TheSwissAccount,1789545762.521,0.1042,40656,30,0,6064314.0,64763663.0,2
CONT_s7_throughput_TheSwissAccount,1789545762.625,0.1042,40656,30,0,5917696.4,64743751.8,2
CONT_s7_throughput_TheSwissAccount,1789545762.729,0.1043,40656,30,0,5806253.6,64919342.9,2
CONT_s7_throughput_TheSwissAccount,1789545762.835,0.1058,54208,40,0,5692757.3,64875022.5,2
CONT_s7_throughput_TheSwissAccount,1789545762.94,0.1046,40656,30,0,5614964.1,64769872.9,2
CONT_s7_throughput_TheSwissAccount,1789545763.044,0.1042,40656,30,0,5548155.3,65019183.5,2
CONT_s7_throughput_TheSwissAccount,1789545763.148,0.1042,37685,33,0,312119296.9,39507564.0,4
CONT_s7_throughput_TheSwissAccount,1789545763.252,0.1042,42156,31,0,5793258.6,66395976.8,2
CONT_s7_throughput_TheSwissAccount,1789545763.356,0.1041,45156,33,0,5587840.7,71992110.8,2
CONT_s7_throughput_TheSwissAccount,1789545763.46,0.1042,48208,36,0,5841142.4,64843195.8,2
CONT_s7_throughput_TheSwissAccount,1789545763.565,0.1044,46708,35,0,5523307.1,62102786.0,2
CONT_s7_throughput_TheSwissAccount,1789545763.669,0.1043,33312,28,0,5162367.7,68089636.8,2
CONT_s7_throughput_TheSwissAccount,1789545763.773,0.1043,45208,34,0,5894036.8,79513999.3,2
CONT_s7_throughput_TheSwissAccount,1789545763.877,0.1041,45208,34,0,5991354.6,82938591.4,2
CONT_s7_throughput_TheSwissAccount,1789545763.982,0.1042,46708,35,0,5913081.1,75625798.1,2
CONT_s7_throughput_TheSwissAccount,1789545764.086,0.1042,36156,27,0,5785377.7,57776930.4,2
CONT_s7_throughput_TheSwissAccount,1789545764.19,0.1042,45260,35,0,6159213.7,56553469.4,2
CONT_s7_throughput_TheSwissAccount,1789545764.294,0.1043,48260,37,0,6106363.1,65432383.5,2
CONT_s7_throughput_TheSwissAccount,1789545764.399,0.1043,43760,34,0,6408763.6,68522972.6,2
CONT_s7_throughput_TheSwissAccount,1789545764.503,0.1042,30156,23,0,6469485.0,71962989.8,2
CONT_s7_throughput_TheSwissAccount,1789545764.607,0.1043,54260,41,0,6479750.7,72797024.7,2
CONT_s7_throughput_TheSwissAccount,1789545764.711,0.1042,39208,30,0,6668542.9,75673341.1,2
CONT_s7_throughput_TheSwissAccount,1789545764.816,0.1042,48468,41,0,4182379.3,67160846.4,2
CONT_s7_throughput_TheSwissAccount,1789545764.92,0.1044,42364,35,0,4911381.6,67198487.5,2
CONT_s7_throughput_TheSwissAccount,1789545765.024,0.1042,40708,31,0,6186767.8,80212653.3,2
CONT_s7_throughput_TheSwissAccount,1789545765.128,0.1042,45900,43,0,3104289.9,41280289.5,2
CONT_s7_throughput_TheSwissAccount,1789545765.233,0.1046,34916,31,0,3610028.2,67117770.7,2
CONT_s7_throughput_TheSwissAccount,1789545765.338,0.1046,43760,34,0,5956912.9,64000270.9,2
CONT_s7_throughput_TheSwissAccount,1789545765.443,0.1053,48208,36,0,5896691.4,57628125.7,2
CONT_s7_throughput_TheSwissAccount,1789545765.547,0.1042,39208,30,0,6070514.7,55065625.0,2
CONT_s7_throughput_TheSwissAccount,1789545765.651,0.1042,46708,35,0,6032961.4,59879611.9,2
CONT_s7_throughput_TheSwissAccount,1789545765.756,0.1042,36156,27,0,5898795.8,66594699.1,2
CONT_s7_throughput_TheSwissAccount,1789545765.86,0.1041,45156,33,0,5572138.4,70892647.7,2
CONT_s7_throughput_TheSwissAccount,1789545765.964,0.1043,45156,33,0,5459340.1,71824153.2,2
CONT_s7_throughput_TheSwissAccount,1789545766.068,0.1043,48260,37,0,6175298.9,71244885.6,2
CONT_s7_throughput_TheSwissAccount,1789545766.173,0.1045,40916,35,0,5085725.7,63357032.1,2
CONT_s7_throughput_TheSwissAccount,1789545766.277,0.1042,42208,32,0,5922470.0,79563626.5,2
CONT_s7_throughput_TheSwissAccount,1789545766.381,0.1044,33156,25,0,6029137.9,79284311.8,2
CONT_s7_throughput_TheSwissAccount,1789545766.486,0.1044,48208,36,0,5984881.1,82981143.5,2
CONT_s7_throughput_TheSwissAccount,1789545766.59,0.1042,46708,35,0,6004087.2,82838755.4,2
CONT_s7_throughput_TheSwissAccount,1789545766.694,0.1042,45208,34,0,6064406.6,83730348.6,2
CONT_s7_throughput_TheSwissAccount,1789545766.798,0.1042,43209,34,0,6136579.4,44144743.6,2
CONT_s7_throughput_TheSwissAccount,1789545766.902,0.1043,38290,31,0,6585716.4,60138101.7,2
CONT_s7_throughput_TheSwissAccount,1789545767.007,0.1043,45260,35,0,6703708.0,63355622.8,2
CONT_s7_throughput_TheSwissAccount,1789545767.111,0.1044,36208,28,0,6712475.4,64683278.1,2
CONT_s7_throughput_TheSwissAccount,1789545767.215,0.1043,40656,30,0,6071743.6,65976246.0,2
CONT_s7_throughput_TheSwissAccount,1789545767.32,0.1042,54208,40,0,5812352.9,64492896.5,2
CONT_s7_throughput_TheSwissAccount,1789545767.424,0.1043,40656,30,0,5705579.0,64847896.8,2
CONT_s7_throughput_TheSwissAccount,1789545767.528,0.1044,40656,30,0,5617259.9,65091656.6,2
CONT_s7_throughput_TheSwissAccount,1789545767.633,0.1044,40656,30,0,5546561.7,64835083.2,2
CONT_s7_throughput_TheSwissAccount,1789545767.737,0.1042,40656,30,0,5484950.3,64418747.5,2
CONT_s7_throughput_TheSwissAccount,1789545767.841,0.1041,40656,30,0,5441927.9,64775665.0,2
CONT_s7_throughput_TheSwissAccount,1789545767.947,0.1063,54208,40,0,5396047.2,64667113.5,2
CONT_s7_throughput_TheSwissAccount,1789545768.052,0.1043,40656,30,0,5370146.4,64683200.6,2
CONT_s7_throughput_TheSwissAccount,1789545768.156,0.1042,40656,30,0,5349597.4,64785537.0,2
CONT_s7_throughput_TheSwissAccount,1789545768.26,0.1043,40656,30,0,5338922.5,64741858.4,2
CONT_s7_throughput_TheSwissAccount,1789545768.364,0.1041,40656,30,0,5313447.7,64974837.6,2
CONT_s7_throughput_TheSwissAccount,1789545768.469,0.1043,40656,30,0,5302388.7,64604983.8,2
CONT_s7_throughput_TheSwissAccount,1789545768.573,0.1044,53138,43,0,5162811.6,39479620.7,2
CONT_s7_throughput_TheSwissAccount,1789545768.677,0.1043,44124,41,0,2048763.4,39663590.6,2
CONT_s7_throughput_TheSwissAccount,1789545768.782,0.1047,46864,38,0,3337423.9,73902572.1,2
CONT_s7_throughput_TheSwissAccount,1789545768.886,0.1042,37460,47,0,3525459.6,61099918.2,2
CONT_s7_throughput_TheSwissAccount,1789545768.991,0.1045,48632,43,1,5780573.8,53292685.9,2
CONT_s7_throughput_TheSwissAccount,1789545769.095,0.1042,43760,34,0,6317552.2,62538706.9,2
CONT_s7_throughput_TheSwissAccount,1789545769.199,0.1043,36208,28,0,6456252.1,64695387.5,2
CONT_s7_throughput_TheSwissAccount,1789545769.304,0.1044,48260,37,0,6437266.6,67614806.7,2
CONT_s7_throughput_TheSwissAccount,1789545769.408,0.1043,39208,30,0,6344885.5,70095413.5,2
CONT_s7_throughput_TheSwissAccount,1789545769.512,0.1042,42208,32,0,6176996.1,72180304.3,2
CONT_s7_throughput_TheSwissAccount,1789545769.617,0.1042,40708,31,0,6192822.8,74707006.3,2
CONT_s7_throughput_TheSwissAccount,1789545769.721,0.1041,352456,285,15,146122.1,13243874.6,2
CONT_s7_throughput_TheSwissAccount,1789545769.827,0.1068,1121976,922,9,421737.7,1569993.4,2
CONT_s7_throughput_TheSwissAccount,1789545769.932,0.1044,34074,33,3,5176926.9,34689919.6,2
CONT_s7_throughput_TheSwissAccount,1789545770.036,0.1041,36416,32,0,6595703.5,39691155.3,2
CONT_s7_throughput_TheSwissAccount,1789545770.14,0.1043,30312,26,0,7061048.8,44293280.1,2
CONT_s7_throughput_TheSwissAccount,1789545770.244,0.1042,33312,28,0,7456057.6,48804441.7,2
CONT_s7_throughput_TheSwissAccount,1789545770.349,0.1041,37812,31,0,7789291.8,54819419.0,2
CONT_s7_throughput_TheSwissAccount,1789545770.455,0.106,36260,29,0,7905776.8,58959394.4,2
CONT_s7_throughput_TheSwissAccount,1789545770.559,0.1043,25708,21,0,8051846.7,62600282.6,2
CONT_s7_throughput_TheSwissAccount,1789545770.663,0.1043,40760,32,0,8157203.2,67133179.0,2
CONT_s7_throughput_TheSwissAccount,1789545770.768,0.1044,28708,23,0,8406319.1,70361639.3,2
CONT_s7_throughput_TheSwissAccount,1789545770.872,0.1041,36208,28,0,8341586.4,71544074.4,2
CONT_s7_throughput_TheSwissAccount,1789545770.976,0.1043,40760,32,0,8591786.8,77271187.9,2
CONT_s7_throughput_TheSwissAccount,1789545771.08,0.1042,27156,21,0,8538402.1,80713470.0,2
CONT_s7_throughput_TheSwissAccount,1789545771.184,0.1042,40708,31,0,8260273.6,83233999.9,2
CONT_s7_throughput_TheSwissAccount,1789545771.289,0.1043,28656,22,0,8225241.2,85448373.2,2
CONT_s7_throughput_TheSwissAccount,1789545771.393,0.1042,39208,30,0,8117190.5,88490113.8,2
CONT_s7_throughput_TheSwissAccount,1789545771.497,0.1042,30156,23,0,8023466.1,90049539.9,2
CONT_s7_throughput_TheSwissAccount,1789545771.601,0.1041,42208,32,0,7856171.5,94488250.2,2
CONT_s7_throughput_TheSwissAccount,1789545771.705,0.1042,31656,24,0,7804452.6,82156984.4,2
CONT_s7_throughput_TheSwissAccount,1789545771.81,0.1043,31656,24,0,7619727.2,62687846.1,2
CONT_s7_throughput_TheSwissAccount,1789545771.914,0.1043,31656,24,0,7468210.9,62742648.7,2
CONT_s7_throughput_TheSwissAccount,1789545772.018,0.1042,42208,32,0,7315221.0,62763219.6,2
CONT_s7_throughput_TheSwissAccount,1789545772.122,0.1041,33208,26,0,7564100.4,56717520.0,2
CONT_s7_throughput_TheSwissAccount,1789545772.227,0.1046,34656,26,0,7306385.2,68703748.4,2
CONT_s7_throughput_TheSwissAccount,1789545772.333,0.1057,36156,27,0,7109035.8,71905212.1,2
CONT_s7_throughput_TheSwissAccount,1789545772.437,0.1042,24104,18,0,7046170.6,72191700.1,2
CONT_s7_throughput_TheSwissAccount,1789545772.541,0.1043,37708,29,0,7342314.2,68342224.5,2
CONT_s7_throughput_TheSwissAccount,1789545772.645,0.1042,40708,31,0,7645262.1,80717661.7,2
CONT_s7_throughput_TheSwissAccount,1789545772.749,0.1043,28656,22,0,7892692.5,76150591.8,2
CONT_s7_throughput_TheSwissAccount,1789545772.854,0.1041,40708,31,0,7975430.1,86405889.0,2
CONT_s7_throughput_TheSwissAccount,1789545772.958,0.1042,30156,23,0,8028901.3,89808717.4,2
CONT_s7_throughput_TheSwissAccount,1789545773.062,0.1042,30156,23,0,8071813.3,89923563.9,2
CONT_s7_throughput_TheSwissAccount,1789545773.166,0.1042,43656,32,0,7306552.2,90033579.5,2
CONT_s7_throughput_TheSwissAccount,1789545773.271,0.1043,30104,22,0,7113866.3,90134091.7,2
CONT_s7_throughput_TheSwissAccount,1789545773.375,0.1042,31656,24,0,7667634.2,78512577.1,2
CONT_s7_throughput_TheSwissAccount,1789545773.479,0.1046,42156,31,0,7936822.6,86599107.8,2
CONT_s7_throughput_TheSwissAccount,1789545773.584,0.1043,33043,29,0,8015969.9,39775233.8,2
CONT_s7_throughput_TheSwissAccount,1789545773.688,0.1043,35238,28,0,7789260.6,48451436.4,2
CONT_s7_throughput_TheSwissAccount,1789545773.792,0.1042,31708,25,0,8329017.8,72852863.9,2
CONT_s7_throughput_TheSwissAccount,1789545773.896,0.1041,31708,25,0,8476970.4,76152854.2,2
CONT_s7_throughput_TheSwissAccount,1789545774.001,0.1043,40708,31,0,8207922.0,80697228.0,2
CONT_s7_throughput_TheSwissAccount,1789545774.105,0.1041,27156,21,0,8330640.1,80898433.6,2
CONT_s7_throughput_TheSwissAccount,1789545774.209,0.1043,37708,29,0,8440483.1,85282840.8,2
CONT_s7_throughput_TheSwissAccount,1789545774.314,0.1046,36208,28,0,8569639.7,86269659.2,2
CONT_s7_throughput_TheSwissAccount,1789545774.418,0.1044,30156,23,0,8476629.6,89988550.3,2
CONT_s7_throughput_TheSwissAccount,1789545774.522,0.1043,31656,24,0,8340622.9,91745703.2,2
CONT_s7_throughput_TheSwissAccount,1789545774.627,0.1045,45208,34,0,8016160.9,94805633.7,2
CONT_s7_throughput_TheSwissAccount,1789545774.731,0.1043,30156,23,0,8085596.8,85672191.4,2
CONT_s7_throughput_TheSwissAccount,1789545774.836,0.1047,31656,24,0,7843656.0,62843529.7,2
CONT_s7_throughput_TheSwissAccount,1789545774.94,0.1047,42156,31,0,7667487.5,63056564.1,2
CONT_s7_throughput_TheSwissAccount,1789545775.045,0.1041,31708,25,0,7382607.7,62872863.3,2
CONT_s7_throughput_TheSwissAccount,1789545775.149,0.1043,34708,27,0,7633720.6,59826030.2,2
CONT_s7_throughput_TheSwissAccount,1789545775.253,0.1041,27156,21,0,7715001.6,78140053.7,2
CONT_s7_throughput_TheSwissAccount,1789545775.357,0.1041,40656,30,0,7207003.2,81201033.0,2
CONT_s7_throughput_TheSwissAccount,1789545775.461,0.1042,27104,20,0,7073816.3,81118192.9,2
CONT_s7_throughput_TheSwissAccount,1789545775.565,0.1041,43708,33,0,7300253.3,77685536.1,2
CONT_s7_throughput_TheSwissAccount,1789545775.669,0.1042,30156,23,0,7524377.5,89832644.7,2
CONT_s7_throughput_TheSwissAccount,1789545775.774,0.1042,39208,30,0,7984471.4,93177652.4,2
CONT_s7_throughput_TheSwissAccount,1789545775.878,0.1042,31656,24,0,8064172.1,94560452.4,2
CONT_s7_throughput_TheSwissAccount,1789545775.982,0.1043,31656,24,0,8152263.1,94487923.5,2
CONT_s7_throughput_TheSwissAccount,1789545776.086,0.1041,31656,24,0,8229664.6,94565887.3,2
CONT_s7_throughput_TheSwissAccount,1789545776.19,0.1042,40708,31,0,8117853.5,69470199.7,2
CONT_s7_throughput_TheSwissAccount,1789545776.295,0.1042,31656,24,0,7865106.0,62560158.5,2
CONT_s7_throughput_TheSwissAccount,1789545776.399,0.1044,31656,24,0,7671794.6,62672050.3,2
CONT_s7_throughput_TheSwissAccount,1789545776.503,0.1043,42208,32,0,7471634.4,62663696.5,2
CONT_s7_throughput_TheSwissAccount,1789545776.607,0.1042,31708,25,0,7803035.5,65484397.4,2
CONT_s7_throughput_TheSwissAccount,1789545776.712,0.1043,34708,27,0,8011903.2,81847598.8,2
CONT_s7_throughput_TheSwissAccount,1789545776.816,0.1042,28656,22,0,8133845.0,85296335.9,2
CONT_s7_throughput_TheSwissAccount,1789545776.92,0.1043,39156,29,0,9289401.7,87752744.7,2
CONT_s7_throughput_TheSwissAccount,1789545777.024,0.1043,34708,27,0,8067953.5,89902956.3,2
CONT_s7_throughput_TheSwissAccount,1789545777.129,0.1044,31656,24,0,7917924.6,91718735.4,2
CONT_s7_throughput_TheSwissAccount,1789545777.233,0.1042,40708,31,0,8209445.6,94262706.2,2
CONT_s7_throughput_TheSwissAccount,1789545777.338,0.1047,31656,24,0,8246383.2,94187407.0,2
CONT_s7_throughput_TheSwissAccount,1789545777.443,0.1053,31656,24,0,8304500.2,94473841.5,2
CONT_s7_throughput_TheSwissAccount,1789545777.547,0.1043,40016,43,0,3492164.0,64233768.6,2
CONT_s7_throughput_TheSwissAccount,1789545777.652,0.1042,37052,41,1,6629324.0,67008072.9,2
CONT_s7_throughput_TheSwissAccount,1789545777.756,0.1041,31708,25,0,7370535.5,68367654.4,2
CONT_s7_throughput_TheSwissAccount,1789545777.86,0.1041,33208,26,0,7620270.5,73920483.8,2
CONT_s7_throughput_TheSwissAccount,1789545777.964,0.1042,33208,26,0,7671113.4,76128636.5,2
CONT_s7_throughput_TheSwissAccount,1789545778.068,0.1042,39208,30,0,7636568.5,80721625.3,2
CONT_s7_throughput_TheSwissAccount,1789545778.172,0.1042,28656,22,0,7607697.8,82229663.7,2
CONT_s7_throughput_TheSwissAccount,1789545778.277,0.1043,36208,28,0,7918395.6,85250848.7,2
CONT_s7_throughput_TheSwissAccount,1789545778.381,0.1041,37708,29,0,8020230.0,86349173.7,2
CONT_s7_throughput_TheSwissAccount,1789545778.485,0.1042,30156,23,0,8072898.7,89756012.4,2
CONT_s7_throughput_TheSwissAccount,1789545778.589,0.1042,30156,23,0,8104467.3,89806740.1,2
CONT_s7_throughput_TheSwissAccount,1789545778.693,0.1043,31656,24,0,8134662.8,94445661.5,2
CONT_s7_throughput_TheSwissAccount,1789545778.798,0.1042,47531,41,0,5798563.7,50810438.7,2
CONT_s7_throughput_TheSwissAccount,1789545778.902,0.1043,27738,23,0,6952913.6,67384965.1,2
CONT_s7_throughput_TheSwissAccount,1789545779.006,0.1043,42208,32,0,7643075.2,60325724.0,2
CONT_s7_throughput_TheSwissAccount,1789545779.11,0.1042,31656,24,0,7628284.2,62553312.3,2
CONT_s7_throughput_TheSwissAccount,1789545779.215,0.1048,31656,24,0,7507531.8,62471668.2,2
CONT_s7_throughput_TheSwissAccount,1789545779.319,0.1042,33208,26,0,7780876.2,56461931.7,2
CONT_s7_throughput_TheSwissAccount,1789545779.423,0.1041,39208,30,0,7739850.9,76229049.1,2
CONT_s7_throughput_TheSwissAccount,1789545779.528,0.1042,36208,28,0,8030151.6,85294389.0,2
CONT_s7_throughput_TheSwissAccount,1789545779.632,0.1041,28656,22,0,8075733.7,85118333.6,2
CONT_s7_throughput_TheSwissAccount,1789545779.736,0.1042,39208,30,0,8100620.8,89869165.7,2
CONT_s7_throughput_TheSwissAccount,1789545779.84,0.1042,35119,30,0,8464999.8,24950271.0,2
CONT_s7_throughput_TheSwissAccount,1789545779.946,0.106,30104,22,0,7512997.5,88554831.3,2
CONT_s7_throughput_TheSwissAccount,1789545780.05,0.1041,37656,28,0,7808371.3,82365888.0,2
CONT_s7_throughput_TheSwissAccount,1789545780.154,0.1042,31656,24,0,8164405.5,94694703.4,2
CONT_s7_throughput_TheSwissAccount,1789545780.259,0.1042,31656,24,0,8283618.2,94378337.5,2
CONT_s7_throughput_TheSwissAccount,1789545780.363,0.1044,40708,31,0,8204985.5,69552841.3,2
CONT_s7_throughput_TheSwissAccount,1789545780.467,0.1042,31656,24,0,7935152.6,62638165.2,2
CONT_s7_throughput_TheSwissAccount,1789545780.572,0.1042,31656,24,0,7728258.8,62951617.7,2
CONT_s7_throughput_TheSwissAccount,1789545780.676,0.1042,36208,28,0,7808372.3,58003428.6,2
CONT_s7_throughput_TheSwissAccount,1789545780.78,0.1043,33208,26,0,8038775.7,74684331.0,2
CONT_s7_throughput_TheSwissAccount,1789545780.884,0.1041,40656,30,0,7376696.0,80840443.7,2
CONT_s7_throughput_TheSwissAccount,1789545780.988,0.1042,27104,20,0,7195942.1,80697949.9,2
CONT_s7_throughput_TheSwissAccount,1789545781.092,0.1041,42208,32,0,7537691.6,74530948.6,2
CONT_s7_throughput_TheSwissAccount,1789545781.197,0.1042,30156,23,0,7781701.4,89916635.1,2
CONT_s7_throughput_TheSwissAccount,1789545781.301,0.1043,31656,24,0,7926788.4,91394059.7,2
CONT_s7_throughput_TheSwissAccount,1789545781.405,0.1043,31656,24,0,8029133.1,94506306.2,2
CONT_s7_throughput_TheSwissAccount,1789545781.51,0.1042,31656,24,0,8130509.4,94301672.8,2
CONT_s7_throughput_TheSwissAccount,1789545781.614,0.1044,46708,35,0,7894210.0,94582181.1,2
CONT_s7_throughput_TheSwissAccount,1789545781.718,0.1044,27156,21,0,8382803.6,83755505.1,2
CONT_s7_throughput_TheSwissAccount,1789545781.823,0.1045,42208,32,0,7963716.2,61583987.0,2
CONT_s7_throughput_TheSwissAccount,1789545781.927,0.1043,31656,24,0,7755226.2,62639957.7,2
CONT_s7_throughput_TheSwissAccount,1789545782.031,0.1042,31656,24,0,7593926.2,62637801.5,2
CONT_s7_throughput_TheSwissAccount,1789545782.136,0.1044,39657,32,0,7722545.0,55725807.7,2
CONT_s7_throughput_TheSwissAccount,1789545782.24,0.1042,26186,21,0,7933797.4,35347607.7,2
CONT_s7_throughput_TheSwissAccount,1789545782.344,0.1041,40656,30,0,7407067.6,79976398.2,2
CONT_s7_throughput_TheSwissAccount,1789545782.449,0.1051,27104,20,0,7262295.8,80859100.8,2
CONT_s7_throughput_TheSwissAccount,1789545782.554,0.1044,40656,30,0,7110661.1,80908483.1,2
CONT_s7_throughput_TheSwissAccount,1789545782.658,0.1044,40656,30,0,6997385.0,80733521.7,2
CONT_s7_throughput_TheSwissAccount,1789545782.762,0.1043,27104,20,0,6941668.6,81095035.3,2
CONT_s7_throughput_TheSwissAccount,1789545782.866,0.1042,40656,30,0,6866886.1,80769815.0,2
CONT_s7_throughput_TheSwissAccount,1789545782.971,0.1042,27104,20,0,6820913.3,80959823.8,2
CONT_s7_throughput_TheSwissAccount,1789545783.075,0.1042,40656,30,0,6763294.3,80686986.4,2
CONT_s7_throughput_TheSwissAccount,1789545783.179,0.1042,27104,20,0,6737144.3,80811046.4,2
CONT_s7_throughput_TheSwissAccount,1789545783.283,0.1043,40656,30,0,6696026.6,80692365.7,2
CONT_s7_throughput_TheSwissAccount,1789545783.387,0.1042,27104,20,0,6668345.1,80773306.5,2
CONT_s7_throughput_TheSwissAccount,1789545783.492,0.1042,40656,30,0,6638908.1,81021059.5,2
CONT_s7_throughput_TheSwissAccount,1789545783.596,0.1041,27104,20,0,6629831.5,80722627.0,2
CONT_s7_throughput_TheSwissAccount,1789545783.7,0.1042,40656,30,0,6602178.7,80894566.6,2
CONT_s7_throughput_TheSwissAccount,1789545783.804,0.1042,27104,20,0,6587566.6,80699228.1,2
CONT_s7_throughput_TheSwissAccount,1789545783.909,0.1045,40656,30,0,6568737.0,80829253.1,2
CONT_s7_throughput_TheSwissAccount,1789545784.013,0.1042,40656,30,0,6557562.7,81082453.7,2
CONT_s7_throughput_TheSwissAccount,1789545784.117,0.1042,27104,20,0,6549409.1,81275509.6,2
CONT_s7_throughput_TheSwissAccount,1789545784.221,0.1042,40656,30,0,6537764.0,80848257.0,2
CONT_s7_throughput_TheSwissAccount,1789545784.326,0.1045,27104,20,0,6533343.5,80690102.9,2
CONT_s7_throughput_TheSwissAccount,1789545784.43,0.1043,41144,31,0,6595386.9,79652122.4,2
CONT_s7_throughput_TheSwissAccount,1789545784.534,0.1041,27686,22,0,7293773.5,36241480.1,2
CONT_s7_throughput_TheSwissAccount,1789545784.638,0.1042,30104,22,0,7045757.9,88842601.8,2
CONT_s7_throughput_TheSwissAccount,1789545784.743,0.1042,46708,35,0,7465583.5,82407127.3,2
CONT_s7_throughput_TheSwissAccount,1789545784.847,0.1042,32464,37,0,2691145.1,50269049.0,2
CONT_s7_throughput_TheSwissAccount,1789545784.952,0.1051,37052,41,1,6323646.0,66996997.6,2
CONT_s7_throughput_TheSwissAccount,1789545785.056,0.1041,31708,25,0,7276882.6,68368937.5,2
CONT_s7_throughput_TheSwissAccount,1789545785.16,0.1042,33208,26,0,7548454.1,74029609.8,2
CONT_s7_throughput_TheSwissAccount,1789545785.264,0.1043,33208,26,0,7629557.4,76219094.9,2
CONT_s7_throughput_TheSwissAccount,1789545785.369,0.1041,39208,30,0,7603590.1,80698865.2,2
CONT_s7_throughput_TheSwissAccount,1789545785.473,0.1042,36208,28,0,7813232.9,82928986.6,2
CONT_s7_throughput_TheSwissAccount,1789545785.577,0.1042,28656,22,0,7917745.5,85361948.0,2
CONT_s7_throughput_TheSwissAccount,1789545785.681,0.1043,37708,29,0,8025029.0,86606122.5,2
CONT_s7_throughput_TheSwissAccount,1789545785.785,0.1041,30156,23,0,8054625.4,89886979.2,2
CONT_s7_throughput_TheSwissAccount,1789545785.89,0.1041,30156,23,0,8112058.6,89712220.5,2
CONT_s7_throughput_TheSwissAccount,1789545785.994,0.1042,46656,34,0,7668625.9,94617897.0,2
CONT_s7_throughput_TheSwissAccount,1789545786.098,0.1042,31708,25,0,8098461.9,93977972.8,2
CONT_s7_throughput_TheSwissAccount,1789545786.202,0.1042,27156,21,0,8340277.0,83780625.9,2
CONT_s7_throughput_TheSwissAccount,1789545786.306,0.1044,42208,32,0,7934111.6,61361836.2,2
CONT_s7_throughput_TheSwissAccount,1789545786.411,0.1041,34708,27,0,8096961.7,62710664.9,2
CONT_s7_throughput_TheSwissAccount,1789545786.515,0.1042,33208,26,0,8312625.7,72481851.6,2
CONT_s7_throughput_TheSwissAccount,1789545786.619,0.1042,31708,25,0,8627357.1,79480850.3,2
CONT_s7_throughput_TheSwissAccount,1789545786.723,0.1042,40656,30,0,8163243.6,80748353.3,2
CONT_s7_throughput_TheSwissAccount,1789545786.829,0.1056,24156,19,0,8422959.5,78204165.6,2
CONT_s7_throughput_TheSwissAccount,1789545786.933,0.1045,40656,30,0,7639856.1,80882205.6,2
CONT_s7_throughput_TheSwissAccount,1789545787.038,0.1041,28656,22,0,8184747.9,64462350.9,2
CONT_s7_throughput_TheSwissAccount,1789545787.142,0.1042,30104,22,0,7515908.1,89992321.0,2
CONT_s7_throughput_TheSwissAccount,1789545787.246,0.1044,49732,40,0,8364405.6,60279379.6,2
CONT_s7_throughput_TheSwissAccount,1789545787.351,0.1043,30104,22,0,7638536.0,90931329.5,2
CONT_s7_throughput_TheSwissAccount,1789545787.455,0.1046,37656,28,0,7940971.8,82098475.7,2
CONT_s7_throughput_TheSwissAccount,1789545787.559,0.1043,31656,24,0,8288898.1,94466960.3,2
CONT_s7_throughput_TheSwissAccount,1789545787.664,0.1043,36208,28,0,8555378.3,66117213.7,2
CONT_s7_throughput_TheSwissAccount,1789545787.768,0.1041,30208,24,0,8645740.3,70258225.4,2
CONT_s7_throughput_TheSwissAccount,1789545787.872,0.1042,36208,28,0,8306739.4,73942668.4,2
CONT_s7_throughput_TheSwissAccount,1789545787.976,0.1042,33208,26,0,8271597.8,76067139.3,2
CONT_s7_throughput_TheSwissAccount,1789545788.08,0.1042,36208,28,0,8080878.0,80720716.7,2
CONT_s7_throughput_TheSwissAccount,1789545788.185,0.1042,28656,22,0,7957308.3,82200579.1,2
CONT_s7_throughput_TheSwissAccount,1789545788.289,0.1044,39208,30,0,7767634.9,85392511.5,2
CONT_s7_throughput_TheSwissAccount,1789545788.393,0.1041,37708,29,0,7861006.4,88737868.2,2
CONT_s7_throughput_TheSwissAccount,1789545788.497,0.1042,30156,23,0,7864089.1,89949977.5,2
CONT_s7_throughput_TheSwissAccount,1789545788.602,0.1041,30156,23,0,7877969.3,89879734.7,2
CONT_s7_throughput_TheSwissAccount,1789545788.706,0.1043,45208,34,0,7748618.3,94382618.8,2
CONT_s7_throughput_TheSwissAccount,1789545788.81,0.1042,33208,26,0,8151972.2,70423385.9,2
CONT_s7_throughput_TheSwissAccount,1789545788.914,0.1044,27208,22,0,8397395.3,65437086.4,2
CONT_s7_throughput_TheSwissAccount,1789545789.019,0.1042,36208,28,0,8310557.7,71678674.4,2
CONT_s7_throughput_TheSwissAccount,1789545789.123,0.1041,39260,31,0,8645203.5,76276514.7,2
CONT_s7_throughput_TheSwissAccount,1789545789.228,0.1048,27156,21,0,8667640.0,80798162.8,2
CONT_s7_throughput_TheSwissAccount,1789545789.334,0.1065,40708,31,0,8527171.4,80729994.6,2
CONT_s7_throughput_TheSwissAccount,1789545789.442,0.108,39604,31,0,8092763.7,70867507.5,2
CONT_s7_throughput_TheSwissAccount,1789545789.546,0.1041,28351,23,0,8821797.2,34143222.5,2
CONT_s7_throughput_TheSwissAccount,1789545789.651,0.1047,30104,22,0,7747633.7,88420542.9,2
CONT_s7_throughput_TheSwissAccount,1789545789.755,0.1043,45156,33,0,7426905.0,89986897.7,2
CONT_s7_throughput_TheSwissAccount,1789545789.859,0.1041,30104,22,0,7292297.2,89795267.0,2
CONT_s7_throughput_TheSwissAccount,1789545789.963,0.1041,30104,22,0,7169259.5,89705960.8,2
CONT_s7_throughput_TheSwissAccount,1789545790.068,0.1042,30104,22,0,7068842.3,89919997.9,2
CONT_s7_throughput_TheSwissAccount,1789545790.172,0.1043,46708,35,0,7586162.7,82131432.9,2
CONT_s7_throughput_TheSwissAccount,1789545790.276,0.1043,32464,37,0,2855945.9,50030429.0,2
CONT_s7_throughput_TheSwissAccount,1789545790.38,0.1041,37052,41,1,6411266.0,66916822.5,2
CONT_s7_throughput_TheSwissAccount,1789545790.484,0.1041,31708,25,0,7314133.6,68307484.8,2
CONT_s7_throughput_TheSwissAccount,1789545790.589,0.1042,33208,26,0,7568635.5,73720299.4,2
CONT_s7_throughput_TheSwissAccount,1789545790.693,0.1042,33208,26,0,7638081.7,76109509.0,2
CONT_s7_throughput_TheSwissAccount,1789545790.797,0.1041,39208,30,0,7602363.8,80539254.0,2
CONT_s7_throughput_TheSwissAccount,1789545790.901,0.104,36208,28,0,7815990.1,83085099.6,2
CONT_s7_throughput_TheSwissAccount,1789545791.005,0.1041,28656,22,0,7907579.7,85157366.5,2
CONT_s7_throughput_TheSwissAccount,1789545791.109,0.1041,37708,29,0,8007358.9,86510932.7,2
CONT_s7_throughput_TheSwissAccount,1789545791.213,0.1042,30156,23,0,8052674.8,90059983.6,2
CONT_s7_throughput_TheSwissAccount,1789545791.317,0.1042,30156,23,0,8096550.3,89970356.0,2
CONT_s7_throughput_TheSwissAccount,1789545791.422,0.1043,31656,24,0,8131726.6,94377055.5,2
CONT_s7_throughput_TheSwissAccount,1789545791.526,0.1041,46708,35,0,7887203.1,94444779.2,2
CONT_s7_throughput_TheSwissAccount,1789545791.63,0.1041,36079,28,0,8277973.9,76037231.6,2
CONT_s7_throughput_TheSwissAccount,1789545791.735,0.105,0,0,0,0,0,0
CONT_s7_throughput_TheSwissAccount,1789545791.839,0.1044,0,0,0,0,0,0
CONT_s7_throughput_TheSwissAccount,1789545791.944,0.105,0,0,0,0,0,0
CONT_s7_throughput_TheSwissAccount,1789545792.049,0.1041,0,0,0,0,0,0
CONT_s7_throughput_TheSwissAccount,1789545792.153,0.1042,0,0,0,0,0,0
CONT_s7_throughput_TheSwissAccount,1789545792.257,0.1042,0,0,0,0,0,0
CONT_s7_throughput_TheSwissAccount,1789545792.362,0.1052,0,0,0,0,0,0
CONT_s7_throughput_TheSwissAccount,1789545792.466,0.1042,0,0,0,0,0,0
CONT_s7_throughput_TheSwissAccount,1789545792.571,0.1042,0,0,0,0,0,0
CONT_s7_throughput_TheSwissAccount,1789545792.675,0.1042,15717,12,0,86972803.0,1622272.4,2
CONT_s7_throughput_TheSwissAccount,1789545792.779,0.1042,35716,28,0,34548222.6,52341737.8,2
CONT_s7_throughput_TheSwissAccount,1789545792.883,0.1041,37760,30,0,22590542.2,72773704.5,2
CONT_s7_throughput_TheSwissAccount,1789545792.987,0.1042,37708,29,0,16254266.3,76201514.0,2
CONT_s7_throughput_TheSwissAccount,1789545793.091,0.1041,34708,27,0,14692396.4,79348761.7,2
CONT_s7_throughput_TheSwissAccount,1789545793.196,0.1042,27156,21,0,13283535.9,81083776.4,2
CONT_s7_throughput_TheSwissAccount,1789545793.3,0.1043,37708,29,0,11902308.7,85663634.8,2
CONT_s7_throughput_TheSwissAccount,1789545793.404,0.1043,30216,24,0,10538881.8,87106797.4,3
CONT_s7_throughput_TheSwissAccount,1789545793.509,0.1043,42889,35,0,9417643.0,88975370.0,4
CONT_s7_throughput_TheSwissAccount,1789545793.613,0.1045,31708,25,0,9192198.5,91878168.4,3
CONT_s7_throughput_TheSwissAccount,1789545793.717,0.1044,31656,24,0,9270558.2,94906007.2,2
CONT_s7_throughput_TheSwissAccount,1789545793.822,0.1044,37708,29,0,9280037.9,76571301.6,2
CONT_s7_throughput_TheSwissAccount,1789545793.926,0.1045,31656,24,0,8694049.8,62950254.4,2
CONT_s7_throughput_TheSwissAccount,1789545794.031,0.1044,34708,27,0,8754273.9,59653143.5,2
CONT_s7_throughput_TheSwissAccount,1789545794.135,0.1044,36156,27,0,8001686.8,71875182.5,2
CONT_s7_throughput_TheSwissAccount,1789545794.24,0.1044,36156,27,0,7737230.9,71627923.0,2
CONT_s7_throughput_TheSwissAccount,1789545794.344,0.1046,36156,27,0,7543541.1,71796240.2,2
CONT_s7_throughput_TheSwissAccount,1789545794.45,0.1058,27156,21,0,7827612.1,69437099.2,2
CONT_s7_throughput_TheSwissAccount,1789545794.554,0.1044,39208,30,0,7988116.1,86643891.2,2
CONT_s7_throughput_TheSwissAccount,1789545794.659,0.1046,38019,31,0,18482668.9,90941209.1,4
CONT_s7_throughput_TheSwissAccount,1789545794.763,0.1045,30339,25,0,17852618.0,91714071.6,4
CONT_s7_throughput_TheSwissAccount,1789545794.868,0.1044,37946,35,0,45181095.6,37604036.9,4
CONT_s7_throughput_TheSwissAccount,1789545794.972,0.1045,36624,36,0,23533612.3,24026281.2,2
CONT_s7_throughput_TheSwissAccount,1789545795.077,0.1046,33572,33,0,13604715.7,26195124.9,2
CONT_s7_throughput_TheSwissAccount,1789545795.181,0.1044,36572,35,0,9555752.9,26209750.5,2
CONT_s7_throughput_TheSwissAccount,1789545795.286,0.1045,33624,34,0,7633031.8,26104254.0,2
CONT_s7_throughput_TheSwissAccount,1789545795.39,0.1043,33572,33,0,6918383.3,26119821.3,2
CONT_s7_throughput_TheSwissAccount,1789545795.494,0.1045,36624,36,0,6522890.3,26216676.8,2
CONT_s7_throughput_TheSwissAccount,1789545795.599,0.1044,33572,33,0,6357419.7,26089082.6,2
CONT_s7_throughput_TheSwissAccount,1789545795.703,0.1044,36624,36,0,6292238.7,26142810.9,2
CONT_s7_throughput_TheSwissAccount,1789545795.808,0.1045,33572,33,0,6247256.3,26194391.1,2
CONT_s7_throughput_TheSwissAccount,1789545795.912,0.1045,36624,36,0,6192954.0,26021081.8,2
CONT_s7_throughput_TheSwissAccount,1789545796.017,0.1044,33572,33,0,6196043.7,26234567.6,2
CONT_s7_throughput_TheSwissAccount,1789545796.121,0.1043,36624,36,0,6144670.0,26418732.5,2
CONT_s7_throughput_TheSwissAccount,1789545796.225,0.1045,33572,33,0,6149571.3,26356542.1,2
CONT_s7_throughput_TheSwissAccount,1789545796.332,0.1068,36624,36,0,6205752.0,26040721.3,2
CONT_s7_throughput_TheSwissAccount,1789545796.437,0.1044,33572,33,0,6207443.3,26180266.9,2
CONT_s7_throughput_TheSwissAccount,1789545796.541,0.1044,36624,36,0,6207949.7,26174171.2,2
CONT_s7_throughput_TheSwissAccount,1789545796.646,0.1045,33572,33,0,6205470.0,26162696.9,2
CONT_s7_throughput_TheSwissAccount,1789545796.75,0.1044,36572,35,0,6365406.7,26211422.6,2
CONT_s7_throughput_TheSwissAccount,1789545796.854,0.1043,28185,29,0,10498840.6,25969233.8,3
CONT_s7_throughput_TheSwissAccount,1789545796.959,0.1044,31760,26,0,96486136.2,58663116.5,4
CONT_s7_throughput_TheSwissAccount,1789545797.063,0.1045,40864,34,0,44877873.5,79318201.5,4
CONT_s7_throughput_TheSwissAccount,1789545797.167,0.1044,33260,27,0,36043481.3,76008493.1,4
CONT_s7_throughput_TheSwissAccount,1789545797.272,0.1043,39364,33,0,29761920.1,82618158.4,4
CONT_s7_throughput_TheSwissAccount,1789545797.376,0.1044,33260,27,0,27438630.4,78094888.5,4
CONT_s7_throughput_TheSwissAccount,1789545797.481,0.1044,36312,30,0,25455318.3,77434714.6,4
CONT_s7_throughput_TheSwissAccount,1789545797.585,0.1044,33364,29,0,28129231.8,94471497.8,4
CONT_s7_throughput_TheSwissAccount,1789545797.689,0.1044,33312,28,0,24626478.7,87987227.6,4
CONT_s7_throughput_TheSwissAccount,1789545797.794,0.1044,33312,28,0,23032055.4,89615454.6,4
CONT_s7_throughput_TheSwissAccount,1789545797.898,0.1044,28760,24,0,22889569.4,93537634.5,4
CONT_s7_throughput_TheSwissAccount,1789545798.003,0.1044,43864,36,0,22200467.3,97437503.4,4
CONT_s7_throughput_TheSwissAccount,1789545798.107,0.1044,33312,28,0,23959690.4,98620797.0,4
CONT_s7_throughput_TheSwissAccount,1789545798.212,0.1045,30260,25,0,21194341.3,98694206.1,4
CONT_s7_throughput_TheSwissAccount,1789545798.316,0.1045,37912,33,0,20849702.4,96481056.5,5
CONT_s7_throughput_TheSwissAccount,1789545798.421,0.1046,33889,29,0,14672213.6,74873518.7,5
CONT_s7_throughput_TheSwissAccount,1789545798.525,0.1046,33702,30,0,10690090.3,51665408.0,4
CONT_s7_throughput_TheSwissAccount,1789545798.63,0.1045,33260,27,0,13001636.1,73614701.1,4
CONT_s7_throughput_TheSwissAccount,1789545798.735,0.1047,39364,33,0,16043981.4,82534189.5,4
CONT_s7_throughput_TheSwissAccount,1789545798.839,0.1045,33312,28,0,15987603.1,81988626.6,4
CONT_s7_throughput_TheSwissAccount,1789545798.946,0.1072,36312,30,0,15720341.7,93567114.5,4
CONT_s7_throughput_TheSwissAccount,1789545799.051,0.1045,30260,25,0,17227359.9,98027281.4,4
CONT_s7_throughput_TheSwissAccount,1789545799.156,0.1047,42312,34,0,15250736.3,97002521.5,4
CONT_s7_throughput_TheSwissAccount,1789545799.261,0.105,34812,29,0,21286139.6,109306466.5,4
CONT_s7_throughput_TheSwissAccount,1789545799.365,0.1046,34812,29,0,21179140.1,103159016.3,4
CONT_s7_throughput_TheSwissAccount,1789545799.47,0.1047,31760,26,0,18706690.0,103094398.2,4
CONT_s7_throughput_TheSwissAccount,1789545799.575,0.1046,36364,31,0,21522190.2,83520182.9,4
CONT_s7_throughput_TheSwissAccount,1789545799.679,0.1048,36260,29,0,21325085.3,73823386.6,4
CONT_s7_throughput_TheSwissAccount,1789545799.784,0.1046,33312,28,0,18088058.2,78155914.9,4
CONT_s7_throughput_TheSwissAccount,1789545799.889,0.1046,30312,26,0,25329310.9,85726383.5,4
CONT_s7_throughput_TheSwissAccount,1789545799.993,0.1047,33260,27,0,18685826.5,78034943.0,4
CONT_s7_throughput_TheSwissAccount,1789545800.099,0.1051,40916,35,0,22523592.0,76874740.5,4
CONT_s7_throughput_TheSwissAccount,1789545800.203,0.1048,28760,24,0,19125755.7,90888814.2,4
CONT_s7_throughput_TheSwissAccount,1789545800.308,0.1046,40812,33,0,16275826.7,93121970.5,4
CONT_s7_throughput_TheSwissAccount,1789545800.413,0.1046,35162,31,0,23297774.0,78339590.2,4
CONT_s7_throughput_TheSwissAccount,1789545800.517,0.1045,35394,31,0,22593200.6,90837621.2,4
CONT_s7_throughput_TheSwissAccount,1789545800.622,0.1048,31760,26,0,18027439.7,104792256.7,4
CONT_s7_throughput_TheSwissAccount,1789545800.727,0.1047,37812,31,0,18084525.4,101648134.9,4
CONT_s7_throughput_TheSwissAccount,1789545800.834,0.1076,31760,26,0,19592532.6,103190016.5,4
CONT_s7_throughput_TheSwissAccount,1789545800.94,0.106,991013,789,4,3375247.1,662774.0,2
CONT_s7_throughput_TheSwissAccount,1789545801.045,0.1048,40980,36,0,5524382.4,62446277.6,4
CONT_s7_throughput_TheSwissAccount,1789545801.15,0.1047,34772,28,1,9079265.5,75136915.4,4
CONT_s7_throughput_TheSwissAccount,1789545801.254,0.1047,37836,31,2,11390239.1,82693325.2,4
CONT_s7_throughput_TheSwissAccount,1789545801.359,0.1047,32092,31,7,21638479.5,86984607.6,4
CONT_s7_throughput_TheSwissAccount,1789545801.463,0.1044,36260,29,0,16919509.3,109749779.7,4
CONT_s7_throughput_TheSwissAccount,1789545801.568,0.1047,39312,32,0,17420571.5,91894712.4,4
CONT_s7_throughput_TheSwissAccount,1789545801.673,0.1046,31760,26,0,18709964.4,92847580.5,4
CONT_s7_throughput_TheSwissAccount,1789545801.778,0.1047,39312,32,0,20429684.2,92939213.1,4
CONT_s7_throughput_TheSwissAccount,1789545801.882,0.1046,33312,28,0,19999524.5,89339519.5,4
CONT_s7_throughput_TheSwissAccount,1789545801.987,0.1048,33260,27,0,18712440.5,77216528.0,4
CONT_s7_throughput_TheSwissAccount,1789545802.092,0.105,34812,29,0,18197554.0,85176971.2,4
CONT_s7_throughput_TheSwissAccount,1789545802.197,0.1048,39312,32,0,16814399.3,88618003.8,4
CONT_s7_throughput_TheSwissAccount,1789545802.302,0.1048,31760,26,0,17928874.3,89386294.2,4
CONT_s7_throughput_TheSwissAccount,1789545802.407,0.105,36312,30,0,21539253.4,92764930.5,4
CONT_s7_throughput_TheSwissAccount,1789545802.511,0.1047,36312,30,0,20730988.7,92882697.7,4
CONT_s7_throughput_TheSwissAccount,1789545802.616,0.1047,33312,28,0,19191184.7,73023651.8,4
CONT_s7_throughput_TheSwissAccount,1789545802.721,0.1048,33312,28,0,22726584.7,67101207.1,4
CONT_s7_throughput_TheSwissAccount,1789545802.826,0.1048,39312,32,0,17808861.4,70600169.2,4
CONT_s7_throughput_TheSwissAccount,1789545802.931,0.1051,34864,30,0,22232359.6,68471656.3,4
CONT_s7_throughput_TheSwissAccount,1789545803.035,0.1047,34760,28,0,18827403.9,76262376.0,4
CONT_s7_throughput_TheSwissAccount,1789545803.14,0.1044,36260,29,0,17680490.1,79656736.9,4
CONT_s7_throughput_TheSwissAccount,1789545803.245,0.105,31760,26,0,22201181.5,79475531.2,4
CONT_s7_throughput_TheSwissAccount,1789545803.349,0.1047,31760,26,0,21221943.1,79413062.2,4
CONT_s7_throughput_TheSwissAccount,1789545803.455,0.1053,36260,29,0,18950364.6,79475677.4,4
CONT_s7_throughput_TheSwissAccount,1789545803.56,0.1048,39312,32,0,17467865.1,78466947.6,4
CONT_s7_throughput_TheSwissAccount,1789545803.664,0.1048,34760,28,0,22128626.8,88411842.9,4
CONT_s7_throughput_TheSwissAccount,1789545803.769,0.1047,34812,29,0,21337237.6,88256287.4,4
CONT_s7_throughput_TheSwissAccount,1789545803.874,0.1046,28708,23,0,19694897.6,83953674.6,4
CONT_s7_throughput_TheSwissAccount,1789545803.978,0.1049,40760,32,0,18505983.2,88585804.4,4
CONT_s7_throughput_TheSwissAccount,1789545804.083,0.1047,39260,31,0,20664221.2,82600249.5,4
CONT_s7_throughput_TheSwissAccount,1789545804.188,0.1047,34864,30,0,23418430.0,66391909.4,4
CONT_s7_throughput_TheSwissAccount,1789545804.293,0.1047,31760,26,0,19626738.4,70635433.1,4
CONT_s7_throughput_TheSwissAccount,1789545804.397,0.1048,33312,28,0,23237534.7,70620892.2,4
CONT_s7_throughput_TheSwissAccount,1789545804.502,0.1046,39312,32,0,18413332.8,70958373.3,4
CONT_s7_throughput_TheSwissAccount,1789545804.607,0.1047,33312,28,0,22791652.4,70862750.9,4
CONT_s7_throughput_TheSwissAccount,1789545804.711,0.1047,31760,26,0,19942011.9,70936583.1,4
CONT_s7_throughput_TheSwissAccount,1789545804.816,0.105,40864,34,0,21158111.4,70775427.1,4
CONT_s7_throughput_TheSwissAccount,1789545804.921,0.1048,31760,26,0,19811578.0,70886717.7,4
CONT_s7_throughput_TheSwissAccount,1789545805.026,0.1046,36312,30,0,20935018.5,70865152.0,4
CONT_s7_throughput_TheSwissAccount,1789545805.131,0.1049,36312,30,0,20830148.5,70825188.3,4
CONT_s7_throughput_TheSwissAccount,1789545805.236,0.1049,36312,30,0,20855159.7,70909270.9,4
CONT_s7_throughput_TheSwissAccount,1789545805.34,0.1046,36312,30,0,20782346.0,70837910.2,4
CONT_s7_throughput_TheSwissAccount,1789545805.447,0.1072,36260,29,0,19963388.1,70655634.7,4
CONT_s7_throughput_TheSwissAccount,1789545805.552,0.1046,33300,28,0,21338411.6,64571770.9,4
CONT_s7_throughput_TheSwissAccount,1789545805.657,0.1047,36416,32,0,14745213.8,25828845.5,2
CONT_s7_throughput_TheSwissAccount,1789545805.761,0.1047,31864,28,0,11151091.5,25866155.2,2
CONT_s7_throughput_TheSwissAccount,1789545805.866,0.1047,36416,32,0,9195266.2,25836510.7,2
CONT_s7_throughput_TheSwissAccount,1789545805.971,0.1046,36416,32,0,8132061.8,25885581.3,2
CONT_s7_throughput_TheSwissAccount,1789545806.075,0.1047,36416,32,0,7525311.2,25949434.9,2
CONT_s7_throughput_TheSwissAccount,1789545806.18,0.1047,31864,28,0,7197006.5,25837883.2,2
CONT_s7_throughput_TheSwissAccount,1789545806.285,0.1047,36416,32,0,6988465.0,25889901.3,2
CONT_s7_throughput_TheSwissAccount,1789545806.389,0.1047,36416,32,0,6834906.5,25948576.4,2
CONT_s7_throughput_TheSwissAccount,1789545806.494,0.1046,36416,32,0,6787192.2,25893038.7,2
CONT_s7_throughput_TheSwissAccount,1789545806.599,0.1045,31864,28,0,6718580.8,25767064.6,2
CONT_s7_throughput_TheSwissAccount,1789545806.703,0.1047,36416,32,0,6679582.0,25806540.8,2
CONT_s7_throughput_TheSwissAccount,1789545806.808,0.1047,36416,32,0,6685667.5,25855953.2,2
CONT_s7_throughput_TheSwissAccount,1789545806.913,0.1046,36416,32,0,6659490.5,25840317.1,2
CONT_s7_throughput_TheSwissAccount,1789545807.017,0.1046,31864,28,0,6644608.5,25823438.4,2
CONT_s7_throughput_TheSwissAccount,1789545807.122,0.1046,39815,36,0,6582861.4,22427915.4,2
CONT_s7_throughput_TheSwissAccount,1789545807.227,0.1048,31864,28,0,6770515.0,25848480.8,2
CONT_s7_throughput_TheSwissAccount,1789545807.333,0.1067,36416,32,0,6718606.8,25983775.3,2
CONT_s7_throughput_TheSwissAccount,1789545807.438,0.1047,36416,32,0,6723616.2,25847357.9,2
CONT_s7_throughput_TheSwissAccount,1789545807.543,0.1047,36416,32,0,6696940.0,25828705.1,2
CONT_s7_throughput_TheSwissAccount,1789545807.647,0.1047,31864,28,0,6661623.2,25776566.8,2
CONT_s7_throughput_TheSwissAccount,1789545807.752,0.1048,36416,32,0,6662089.5,25933463.6,2
CONT_s7_throughput_TheSwissAccount,1789545807.857,0.1047,36416,32,0,6668435.8,25811987.6,2
CONT_s7_throughput_TheSwissAccount,1789545807.962,0.1047,36416,32,0,6652270.8,25964407.0,2
CONT_s7_throughput_TheSwissAccount,1789545808.066,0.1046,31864,28,0,6653081.0,25810635.4,2
CONT_s7_throughput_TheSwissAccount,1789545808.171,0.1048,36416,32,0,6650147.8,25886867.9,2
CONT_s7_throughput_TheSwissAccount,1789545808.276,0.1047,36416,32,0,6671848.0,25865671.4,2
CONT_s7_throughput_TheSwissAccount,1789545808.38,0.1046,36416,32,0,6659721.2,25826317.5,2
CONT_s7_throughput_TheSwissAccount,1789545808.485,0.1047,31864,28,0,6645829.8,25838579.3,2
CONT_s7_throughput_TheSwissAccount,1789545808.59,0.1047,36416,32,0,6642252.8,25754080.4,2
CONT_s7_throughput_TheSwissAccount,1789545808.694,0.1047,36416,32,0,6667340.8,25871343.4,2
CONT_s7_throughput_TheSwissAccount,1789545808.799,0.1046,36416,32,0,6665163.5,25839366.1,2
CONT_s7_throughput_TheSwissAccount,1789545808.904,0.1048,31864,28,0,6642757.0,25978343.1,2
CONT_s7_throughput_TheSwissAccount,1789545809.008,0.1047,36416,32,0,6642141.2,25950071.5,2
CONT_s7_throughput_TheSwissAccount,1789545809.113,0.1047,36416,32,0,6641924.8,25854527.1,2
CONT_s7_throughput_TheSwissAccount,1789545809.218,0.1047,36416,32,0,6651816.2,25832216.0,2
CONT_s7_throughput_TheSwissAccount,1789545809.322,0.1047,31864,28,0,6649030.5,25809651.5,2
CONT_s7_throughput_TheSwissAccount,1789545809.427,0.105,36416,32,0,6642314.0,25885590.4,2
CONT_s7_throughput_TheSwissAccount,1789545809.532,0.1048,38367,35,0,6463138.7,22036101.4,2
CONT_s7_throughput_TheSwissAccount,1789545809.637,0.1047,31864,28,0,6729768.8,25867151.0,2
CONT_s7_throughput_TheSwissAccount,1789545809.742,0.1047,36416,32,0,6705046.2,25908023.3,2
CONT_s7_throughput_TheSwissAccount,1789545809.846,0.1047,36416,32,0,6665260.5,25756360.3,2
CONT_s7_throughput_TheSwissAccount,1789545809.953,0.1066,36416,32,0,6669149.2,25832957.5,2
CONT_s7_throughput_TheSwissAccount,1789545810.057,0.1045,36416,32,0,6651050.0,25829666.8,2
CONT_s7_throughput_TheSwissAccount,1789545810.162,0.1046,31864,28,0,6652615.2,25756877.5,2
CONT_s7_throughput_TheSwissAccount,1789545810.267,0.1049,36416,32,0,6655491.2,25838279.2,2
CONT_s7_throughput_TheSwissAccount,1789545810.372,0.1048,36416,32,0,6646503.0,25764849.0,2
CONT_s7_throughput_TheSwissAccount,1789545810.476,0.1047,36416,32,0,6665428.5,25956084.1,2
CONT_s7_throughput_TheSwissAccount,1789545810.582,0.1051,31864,28,0,6650089.0,25824989.3,2
CONT_s7_throughput_TheSwissAccount,1789545810.686,0.1049,36416,32,0,6659065.5,25852333.2,2
CONT_s7_throughput_TheSwissAccount,1789545810.791,0.1046,36416,32,0,6633568.0,25845949.3,2
CONT_s7_throughput_TheSwissAccount,1789545810.896,0.1047,36416,32,0,6651834.0,25736929.8,2
CONT_s7_throughput_TheSwissAccount,1789545811.0,0.1046,31864,28,0,6665499.2,25892385.1,2
CONT_s7_throughput_TheSwissAccount,1789545811.105,0.1048,36416,32,0,6647255.5,25871463.5,2
CONT_s7_throughput_TheSwissAccount,1789545811.21,0.1047,36416,32,0,6643865.5,25882268.1,2
CONT_s7_throughput_TheSwissAccount,1789545811.314,0.1046,36416,32,0,6634304.2,25850720.2,2
CONT_s7_throughput_TheSwissAccount,1789545811.419,0.1048,31864,28,0,6662616.8,25734460.9,2
CONT_s7_throughput_TheSwissAccount,1789545811.524,0.1048,36416,32,0,6666939.0,25975704.1,2
CONT_s7_throughput_TheSwissAccount,1789545811.629,0.1047,27819,25,0,6402304.4,24171033.4,2
CONT_s7_throughput_TheSwissAccount,1789545811.734,0.1049,52,1,0,2748923.0,48236539.0,1
CONT_s7_throughput_TheSwissAccount,1789545811.839,0.105,0,0,0,0,0,0
CONT_s7_throughput_TheSwissAccount,1789545811.948,0.1096,0,0,0,0,0,0
CONT_s7_throughput_TheSwissAccount,1789545812.053,0.1047,0,0,0,0,0,0
CONT_s7_throughput_TheSwissAccount,1789545812.157,0.1046,0,0,0,0,0,0
CONT_s7_throughput_TheSwissAccount,1789545812.262,0.1047,0,0,0,0,0,0
CONT_s7_throughput_TheSwissAccount,1789545812.367,0.1046,0,0,0,0,0,0
CONT_s7_throughput_TheSwissAccount,1789545812.471,0.1047,0,0,0,0,0,0
CONT_s7_throughput_TheSwissAccount,1789545812.576,0.1046,0,0,0,0,0,0
CONT_s7_throughput_TheSwissAccount,1789545812.681,0.1046,26321,21,0,63139491.9,5516379.8,2
CONT_s7_throughput_TheSwissAccount,1789545812.785,0.1046,37760,30,0,26988577.2,43773283.3,2
CONT_s7_throughput_TheSwissAccount,1789545812.89,0.1046,30208,24,0,18676668.2,43796448.6,2
CONT_s7_throughput_TheSwissAccount,1789545812.995,0.1047,37760,30,0,14330249.8,43764059.4,2
CONT_s7_throughput_TheSwissAccount,1789545813.099,0.1047,37760,30,0,12062545.3,43749783.9,2
CONT_s7_throughput_TheSwissAccount,1789545813.204,0.1047,30208,24,0,10853087.7,43912200.4,2
CONT_s7_throughput_TheSwissAccount,1789545813.309,0.1049,37760,30,0,9730708.7,43723486.6,2
CONT_s7_throughput_TheSwissAccount,1789545813.414,0.1048,37760,30,0,8948918.5,43861370.0,2
CONT_s7_throughput_TheSwissAccount,1789545813.518,0.1047,30208,24,0,8465332.3,43811857.7,2
CONT_s7_throughput_TheSwissAccount,1789545813.623,0.1049,37760,30,0,8029290.2,43818292.7,2
CONT_s7_throughput_TheSwissAccount,1789545813.728,0.1047,37760,30,0,7711179.7,43852258.5,2
CONT_s7_throughput_TheSwissAccount,1789545813.836,0.1077,37708,29,0,7634098.8,43812638.5,2
CONT_s7_throughput_TheSwissAccount,1789545813.941,0.1059,30260,25,0,7175338.2,43581850.2,2
CONT_s7_throughput_TheSwissAccount,1789545814.046,0.1047,37760,30,0,7211724.3,43931868.5,2
CONT_s7_throughput_TheSwissAccount,1789545814.151,0.1047,37708,29,0,7324412.1,43803095.9,2
CONT_s7_throughput_TheSwissAccount,1789545814.256,0.1048,30260,25,0,6859450.4,43933755.3,2
CONT_s7_throughput_TheSwissAccount,1789545814.36,0.1048,37760,30,0,7027987.8,43818957.0,2
CONT_s7_throughput_TheSwissAccount,1789545814.465,0.1046,30208,24,0,6994381.0,43733050.4,2
CONT_s7_throughput_TheSwissAccount,1789545814.57,0.1048,37760,30,0,6957062.7,43817753.5,2
CONT_s7_throughput_TheSwissAccount,1789545814.675,0.1048,37760,30,0,6923957.3,43810465.6,2
CONT_s7_throughput_TheSwissAccount,1789545814.779,0.1047,30208,24,0,6915847.3,43862640.5,2
CONT_s7_throughput_TheSwissAccount,1789545814.884,0.105,37760,30,0,6890159.3,43799627.0,2
CONT_s7_throughput_TheSwissAccount,1789545814.989,0.1047,37760,30,0,6866465.3,44067420.7,2
CONT_s7_throughput_TheSwissAccount,1789545815.094,0.1047,30208,24,0,6862819.7,43981600.1,2
CONT_s7_throughput_TheSwissAccount,1789545815.199,0.105,37760,30,0,6867861.8,43693509.4,2
CONT_s7_throughput_TheSwissAccount,1789545815.303,0.1047,37760,30,0,6862181.3,43758006.8,2
CONT_s7_throughput_TheSwissAccount,1789545815.408,0.1048,30208,24,0,6869807.5,43696343.5,2
CONT_s7_throughput_TheSwissAccount,1789545815.513,0.105,37760,30,0,6868562.5,43861687.2,2
CONT_s7_throughput_TheSwissAccount,1789545815.618,0.1046,37760,30,0,6867060.2,43739509.9,2
CONT_s7_throughput_TheSwissAccount,1789545815.723,0.1048,30208,24,0,6866558.7,43691446.0,2
CONT_s7_throughput_TheSwissAccount,1789545815.828,0.105,35290,29,0,6679079.8,42432826.6,2
CONT_s7_throughput_TheSwissAccount,1789545815.933,0.105,0,0,0,0,0,0
CONT_s7_throughput_TheSwissAccount,1789545816.037,0.1046,0,0,0,0,0,0
CONT_s7_throughput_TheSwissAccount,1789545816.142,0.1046,0,0,0,0,0,0
CONT_s7_throughput_TheSwissAccount,1789545816.246,0.1047,0,0,0,0,0,0
CONT_s7_throughput_TheSwissAccount,1789545816.351,0.1046,0,0,0,0,0,0
CONT_s7_throughput_TheSwissAccount,1789545816.456,0.1048,0,0,0,0,0,0
CONT_s7_throughput_TheSwissAccount,1789545816.561,0.1047,0,0,0,0,0,0
CONT_s7_throughput_TheSwissAccount,1789545816.665,0.1046,0,0,0,0,0,0
CONT_s7_throughput_TheSwissAccount,1789545816.77,0.1046,0,0,0,0,0,0
CONT_s7_throughput_TheSwissAccount,1789545816.874,0.1046,26269,20,0,62139218.9,16286211.5,2
CONT_s7_throughput_TheSwissAccount,1789545816.979,0.1047,29664,23,0,29966700.6,58726904.6,2
CONT_s7_throughput_TheSwissAccount,1789545817.084,0.1047,42208,32,0,17787408.2,61820205.1,2
CONT_s7_throughput_TheSwissAccount,1789545817.189,0.1047,25656,20,0,16664418.8,63809474.9,2
CONT_s7_throughput_TheSwissAccount,1789545817.293,0.1046,45888,45,0,10582766.0,78554222.8,2
CONT_s7_throughput_TheSwissAccount,1789545817.398,0.105,29924,38,4,7860003.5,69099624.0,2
CONT_s7_throughput_TheSwissAccount,1789545817.503,0.1047,35780,41,11,8395329.3,62537215.0,2
CONT_s7_throughput_TheSwissAccount,1789545817.608,0.1047,36208,28,0,7790738.0,75224803.1,2
CONT_s7_throughput_TheSwissAccount,1789545817.712,0.1048,36208,28,0,7924017.9,81890169.6,2
CONT_s7_throughput_TheSwissAccount,1789545817.817,0.1047,39208,30,0,7930951.7,87642246.2,2
CONT_s7_throughput_TheSwissAccount,1789545817.922,0.1048,36156,27,0,7252892.2,86588849.5,2
CONT_s7_throughput_TheSwissAccount,1789545818.027,0.1047,31028,37,2,3672472.5,40824380.9,2
CONT_s7_throughput_TheSwissAccount,1789545818.131,0.1047,37760,30,0,6919519.3,63578059.8,2
CONT_s7_throughput_TheSwissAccount,1789545818.236,0.1047,25656,20,0,7591090.0,75032520.7,2
CONT_s7_throughput_TheSwissAccount,1789545818.341,0.1047,46760,36,0,7919742.2,77059425.0,2
CONT_s7_throughput_TheSwissAccount,1789545818.449,0.1078,33208,26,0,8189934.3,79555771.9,2
CONT_s7_throughput_TheSwissAccount,1789545818.553,0.1047,27156,21,0,8284197.6,79848271.5,2
CONT_s7_throughput_TheSwissAccount,1789545818.658,0.1046,42208,32,0,8086916.5,83052023.5,2
CONT_s7_throughput_TheSwissAccount,1789545818.763,0.1048,30156,23,0,8084361.5,87045077.2,2
CONT_s7_throughput_TheSwissAccount,1789545818.867,0.1046,39208,30,0,8201194.6,88871807.0,2
CONT_s7_throughput_TheSwissAccount,1789545818.972,0.1046,31656,24,0,8082803.1,93283187.1,2
CONT_s7_throughput_TheSwissAccount,1789545819.077,0.1046,42208,32,0,7984618.4,94330053.5,2
CONT_s7_throughput_TheSwissAccount,1789545819.181,0.1048,33208,26,0,8206239.0,59978965.0,2
CONT_s7_throughput_TheSwissAccount,1789545819.286,0.1046,37708,29,0,8330176.0,70052741.4,2
CONT_s7_throughput_TheSwissAccount,1789545819.39,0.1045,25708,21,0,8388629.5,74968875.0,2
CONT_s7_throughput_TheSwissAccount,1789545819.495,0.1046,39208,30,0,8067573.1,76502238.8,2
CONT_s7_throughput_TheSwissAccount,1789545819.599,0.1044,34708,27,0,8395940.8,79948836.9,2
CONT_s7_throughput_TheSwissAccount,1789545819.704,0.1046,34708,27,0,8487166.6,81727042.4,2
CONT_s7_throughput_TheSwissAccount,1789545819.809,0.1048,28656,22,0,8480903.1,84277914.1,2
CONT_s7_throughput_TheSwissAccount,1789545819.914,0.1047,43708,33,0,8183437.6,86600696.9,2
CONT_s7_throughput_TheSwissAccount,1789545820.018,0.1047,30156,23,0,8201209.7,88685184.4,2
CONT_s7_throughput_TheSwissAccount,1789545820.123,0.1046,38062,30,0,8110033.6,83341241.6,2
CONT_s7_throughput_TheSwissAccount,1789545820.228,0.1047,0,0,0,0,0,0
CONT_s7_throughput_TheSwissAccount,1789545820.334,0.107,0,0,0,0,0,0
CONT_s7_throughput_TheSwissAccount,1789545820.439,0.1045,0,0,0,0,0,0
CONT_s7_throughput_TheSwissAccount,1789545820.544,0.1046,0,0,0,0,0,0
CONT_s7_throughput_TheSwissAccount,1789545820.648,0.1043,17799,15,0,43720091.4,3162167.1,2
CONT_s7_throughput_TheSwissAccount,1789545820.753,0.1047,39104,28,0,16354387.4,75247187.5,2
CONT_s7_throughput_TheSwissAccount,1789545820.857,0.1045,30156,23,0,14332787.9,88514946.8,2
CONT_s7_throughput_TheSwissAccount,1789545820.962,0.1046,31656,24,0,12547995.9,77485156.6,2
CONT_s7_throughput_TheSwissAccount,1789545821.067,0.1052,42208,32,0,11397507.9,85252870.4,2
CONT_s7_throughput_TheSwissAccount,1789545821.172,0.1046,33260,27,0,12086317.9,59618308.3,2
CONT_s7_throughput_TheSwissAccount,1789545821.276,0.1048,36208,28,0,10474446.4,70879370.2,2
CONT_s7_throughput_TheSwissAccount,1789545821.381,0.1046,34708,27,0,10111766.1,75171545.7,2
CONT_s7_throughput_TheSwissAccount,1789545821.485,0.1046,31708,25,0,10125319.0,78339416.0,2
CONT_s7_throughput_TheSwissAccount,1789545821.59,0.1046,40656,30,0,8884408.0,79843325.5,2
CONT_s7_throughput_TheSwissAccount,1789545821.695,0.1046,24156,19,0,9359792.8,77433492.8,2
CONT_s7_throughput_TheSwissAccount,1789545821.799,0.1046,43708,33,0,8632255.7,75171115.4,2
CONT_s7_throughput_TheSwissAccount,1789545821.904,0.1047,30104,22,0,7814846.5,88567154.5,2
CONT_s7_throughput_TheSwissAccount,1789545822.009,0.1046,30104,22,0,7568851.4,89004081.2,2
CONT_s7_throughput_TheSwissAccount,1789545822.113,0.1046,45156,33,0,7317362.4,88706602.7,2
CONT_s7_throughput_TheSwissAccount,1789545822.218,0.1046,31656,24,0,7852103.1,77361690.2,2
CONT_s7_throughput_TheSwissAccount,1789545822.322,0.1046,30104,22,0,7333577.1,88813638.3,2
CONT_s7_throughput_TheSwissAccount,1789545822.427,0.1047,42156,31,0,7263358.2,82731590.4,2
CONT_s7_throughput_TheSwissAccount,1789545822.532,0.1046,37656,28,0,7518437.2,81346133.5,2
CONT_s7_throughput_TheSwissAccount,1789545822.636,0.1046,35260,36,0,3691808.3,49935511.5,2
CONT_s7_throughput_TheSwissAccount,1789545822.741,0.1047,35756,43,1,6079119.4,65625094.7,2
CONT_s7_throughput_TheSwissAccount,1789545822.846,0.1045,30208,24,0,7112983.0,66485293.3,2
CONT_s7_throughput_TheSwissAccount,1789545822.952,0.106,34708,27,0,7395798.9,71787061.1,2
CONT_s7_throughput_TheSwissAccount,1789545823.056,0.1047,40760,32,0,7555721.8,75071139.2,2
CONT_s7_throughput_TheSwissAccount,1789545823.161,0.1046,27156,21,0,7649747.0,79736816.4,2
CONT_s7_throughput_TheSwissAccount,1789545823.265,0.1046,40708,31,0,7497794.8,80914283.1,2
CONT_s7_throughput_TheSwissAccount,1789545823.37,0.1045,36208,28,0,7817781.1,84227606.1,2
CONT_s7_throughput_TheSwissAccount,1789545823.475,0.1046,28656,22,0,7894916.2,84144562.0,2
CONT_s7_throughput_TheSwissAccount,1789545823.579,0.1046,39208,30,0,7950177.6,88744591.3,2
CONT_s7_throughput_TheSwissAccount,1789545823.684,0.1046,30156,23,0,8010763.5,88590363.0,2
CONT_s7_throughput_TheSwissAccount,1789545823.788,0.1046,31656,24,0,8047180.5,93103141.8,2
CONT_s7_throughput_TheSwissAccount,1789545823.893,0.1046,46708,35,0,7788103.8,93083251.0,2
CONT_s7_throughput_TheSwissAccount,1789545823.997,0.1046,27156,21,0,8255432.0,82578123.7,2
CONT_s7_throughput_TheSwissAccount,1789545824.102,0.1046,42208,32,0,7846762.4,60771496.9,2
CONT_s7_throughput_TheSwissAccount,1789545824.207,0.1047,34708,27,0,7999848.2,61828821.4,2
CONT_s7_throughput_TheSwissAccount,1789545824.311,0.1046,35126,29,0,8181180.1,63441523.8,2
CONT_s7_throughput_TheSwissAccount,1789545824.416,0.1047,0,0,0,0,0,0
CONT_s7_throughput_TheSwissAccount,1789545824.521,0.1046,0,0,0,0,0,0
CONT_s7_throughput_TheSwissAccount,1789545824.625,0.1046,0,0,0,0,0,0
CONT_s7_throughput_TheSwissAccount,1789545824.73,0.1046,0,0,0,0,0,0
CONT_s7_throughput_TheSwissAccount,1789545824.835,0.1055,15717,12,0,47109974.2,3899336.0,2
CONT_s7_throughput_TheSwissAccount,1789545824.94,0.1046,25164,20,0,25680780.5,34042940.6,2
CONT_s7_throughput_TheSwissAccount,1789545825.045,0.1049,39208,30,0,15260364.9,76948026.7,2
CONT_s7_throughput_TheSwissAccount,1789545825.15,0.105,36208,28,0,13005721.6,83031333.3,2
CONT_s7_throughput_TheSwissAccount,1789545825.255,0.1048,37708,29,0,11472384.1,83757137.3,2
CONT_s7_throughput_TheSwissAccount,1789545825.359,0.1046,30156,23,0,10674691.7,88893846.4,2
CONT_s7_throughput_TheSwissAccount,1789545825.464,0.1047,30156,23,0,10226252.5,88426686.3,2
CONT_s7_throughput_TheSwissAccount,1789545825.569,0.105,45208,34,0,9303475.1,90764194.9,2
CONT_s7_throughput_TheSwissAccount,1789545825.674,0.1047,31656,24,0,9147880.6,93240686.1,2
CONT_s7_throughput_TheSwissAccount,1789545825.779,0.1049,39208,30,0,9193685.3,93238761.7,2
CONT_s7_throughput_TheSwissAccount,1789545825.883,0.1046,31656,24,0,8740103.4,58873196.4,2
CONT_s7_throughput_TheSwissAccount,1789545825.988,0.1048,40708,31,0,8817175.9,61790077.0,2
CONT_s7_throughput_TheSwissAccount,1789545826.093,0.1048,30260,25,0,9066325.6,70458688.0,2
CONT_s7_throughput_TheSwissAccount,1789545826.198,0.1048,37708,29,0,8498192.0,75435289.3,2
CONT_s7_throughput_TheSwissAccount,1789545826.302,0.1047,34708,27,0,8622202.9,77565002.3,2
CONT_s7_throughput_TheSwissAccount,1789545826.407,0.1049,33208,26,0,8726465.2,79661856.0,2
CONT_s7_throughput_TheSwissAccount,1789545826.512,0.1047,28656,22,0,8619538.6,82567712.9,2
CONT_s7_throughput_TheSwissAccount,1789545826.616,0.1046,42208,32,0,8355245.6,84250174.5,2
CONT_s7_throughput_TheSwissAccount,1789545826.721,0.1049,30156,23,0,8311608.0,87416149.2,2
CONT_s7_throughput_TheSwissAccount,1789545826.826,0.1048,39208,30,0,8392772.8,88767154.5,2
CONT_s7_throughput_TheSwissAccount,1789545826.931,0.1049,39208,30,0,8418574.3,91994741.9,2
CONT_s7_throughput_TheSwissAccount,1789545827.036,0.1047,34708,27,0,8015960.1,82986830.2,2
CONT_s7_throughput_TheSwissAccount,1789545827.141,0.105,29412,34,0,3699303.4,47469521.9,2
CONT_s7_throughput_TheSwissAccount,1789545827.245,0.1048,37052,41,1,6585925.0,66036110.6,2
CONT_s7_throughput_TheSwissAccount,1789545827.35,0.1048,39260,31,0,7396065.8,67879094.4,2
CONT_s7_throughput_TheSwissAccount,1789545827.455,0.105,33208,26,0,7543693.6,74067916.0,2
CONT_s7_throughput_TheSwissAccount,1789545827.56,0.1045,36208,28,0,7535925.7,75242951.2,2
CONT_s7_throughput_TheSwissAccount,1789545827.665,0.1048,36208,28,0,7536560.7,79850499.8,2
CONT_s7_throughput_TheSwissAccount,1789545827.769,0.1048,36208,28,0,7626472.3,83208855.2,2
CONT_s7_throughput_TheSwissAccount,1789545827.874,0.1047,28656,22,0,7686109.5,84160067.0,2
CONT_s7_throughput_TheSwissAccount,1789545827.979,0.1047,42208,32,0,7498363.0,86484119.3,2
CONT_s7_throughput_TheSwissAccount,1789545828.084,0.1047,19983,17,0,7485287.8,69550512.6,2
CONT_s7_throughput_TheSwissAccount,1789545828.188,0.1048,0,0,0,0,0,0
CONT_s7_throughput_TheSwissAccount,1789545828.293,0.1048,0,0,0,0,0,0
CONT_s7_throughput_TheSwissAccount,1789545828.398,0.1046,0,0,0,0,0,0
CONT_s7_throughput_TheSwissAccount,1789545828.503,0.1048,0,0,0,0,0,0
CONT_s7_throughput_TheSwissAccount,1789545828.607,0.1047,34777,26,0,26890847.0,20951891.3,2
CONT_s7_throughput_TheSwissAccount,1789545828.712,0.1048,28708,23,0,19213145.0,80860006.3,2
CONT_s7_throughput_TheSwissAccount,1789545828.817,0.1049,40708,31,0,13025891.9,89976007.7,2
CONT_s7_throughput_TheSwissAccount,1789545828.922,0.1049,31656,24,0,11679415.6,79577741.3,2
CONT_s7_throughput_TheSwissAccount,1789545829.027,0.1047,31656,24,0,10712153.2,61696262.6,2
CONT_s7_throughput_TheSwissAccount,1789545829.131,0.1047,42208,32,0,9769013.5,61956539.4,2
CONT_s7_throughput_TheSwissAccount,1789545829.236,0.1048,31656,24,0,9221809.6,61928450.4,2
CONT_s7_throughput_TheSwissAccount,1789545829.341,0.1048,34708,27,0,9165055.1,58820075.2,2
CONT_s7_throughput_TheSwissAccount,1789545829.447,0.1064,36156,27,0,8244491.9,70870329.4,2
CONT_s7_throughput_TheSwissAccount,1789545829.552,0.1047,36156,27,0,7915397.8,70686494.2,2
CONT_s7_throughput_TheSwissAccount,1789545829.657,0.1047,37656,28,0,8062927.4,67801768.5,2
CONT_s7_throughput_TheSwissAccount,1789545829.761,0.1047,27208,22,0,8579515.5,79468061.8,2
CONT_s7_throughput_TheSwissAccount,1789545829.866,0.1047,42208,32,0,8282591.9,76909853.1,2
CONT_s7_throughput_TheSwissAccount,1789545829.971,0.1047,22604,17,0,8070517.1,84330892.4,2
CONT_s7_throughput_TheSwissAccount,1789545830.076,0.1047,0,0,0,0,0,0
CONT_s7_throughput_TheSwissAccount,1789545830.18,0.105,3128,4,1,27915328.5,111707010.2,2
CONT_s7_throughput_TheSwissAccount,1789545830.285,0.1048,9408,12,6,27929861.5,49953990.8,2
CONT_s7_throughput_TheSwissAccount,1789545830.39,0.1047,25104,32,14,15452737.0,47612354.3,2
CONT_s7_throughput_TheSwissAccount,1789545830.495,0.1048,31292,39,10,8006667.1,51343505.9,2
CONT_s7_throughput_TheSwissAccount,1789545830.6,0.1048,26224,29,7,7011479.7,58783653.1,2
CONT_s7_throughput_TheSwissAccount,1789545830.704,0.1048,12336,14,2,10030429.3,50703827.4,2
CONT_s7_throughput_TheSwissAccount,1789545830.809,0.1047,12424,15,4,14227417.3,42051818.4,2
CONT_s7_throughput_TheSwissAccount,1789545830.914,0.1049,15476,18,5,18463113.3,44220834.1,2
CONT_s7_throughput_TheSwissAccount,1789545831.019,0.1047,6104,6,0,20238142.0,41141995.6,2
CONT_s7_throughput_TheSwissAccount,1789545831.123,0.1047,15348,16,4,20097419.1,43615586.2,2
CONT_s7_throughput_TheSwissAccount,1789545831.228,0.105,17016,20,2,18517202.3,47237736.0,2
CONT_s7_throughput_TheSwissAccount,1789545831.336,0.1079,7732,9,2,22423112.4,42830280.7,2
CONT_s7_throughput_TheSwissAccount,1789545831.441,0.1051,7720,9,1,26128363.2,52782107.6,2
CONT_s7_throughput_TheSwissAccount,1789545831.546,0.1051,7604,7,0,26068300.1,42202702.7,2
CONT_s7_throughput_TheSwissAccount,1789545831.651,0.1047,10848,13,3,24758890.9,50389592.7,2
CONT_s7_throughput_TheSwissAccount,1789545831.756,0.1048,13708,13,0,22609875.4,52932443.9,2
CONT_s7_throughput_TheSwissAccount,1789545831.861,0.1046,18528,21,5,18861534.3,49370361.5,2
CONT_s7_throughput_TheSwissAccount,1789545831.965,0.1046,15400,17,3,17200397.1,44166329.0,2
CONT_s7_throughput_TheSwissAccount,1789545832.07,0.1048,13848,15,2,19029065.0,49130373.2,2
CONT_s7_throughput_TheSwissAccount,1789545832.175,0.1047,7604,7,0,20231382.3,43679800.3,2
CONT_s7_throughput_TheSwissAccount,1789545832.279,0.1048,4050,5,1,21743421.4,53278621.1,2
CONT_s7_throughput_TheSwissAccount,1789545832.384,0.1047,52,1,0,25105150.0,52004763.0,1
CONT_s7_throughput_TheSwissAccount,1789545832.489,0.1047,0,0,0,0,0,0
CONT_s7_throughput_TheSwissAccount,1789545832.593,0.1047,0,0,0,0,0,0
CONT_s7_throughput_TheSwissAccount,1789545832.698,0.1048,0,0,0,0,0,0
CONT_s7_throughput_TheSwissAccount,1789545832.803,0.1046,665,1,0,46182177.0,0,1
CONT_s7_throughput_TheSwissAccount,1789545832.907,0.1047,9232,10,1,68181689.0,52558803.5,2
CONT_s7_throughput_TheSwissAccount,1789545833.012,0.1047,8537,14,2,38880638.9,49407320.0,4
CONT_s7_throughput_TheSwissAccount,1789545833.117,0.1048,22111,29,7,26530590.6,45347209.3,4
CONT_s7_throughput_TheSwissAccount,1789545833.222,0.1052,34750,47,16,14303349.9,52850989.7,4
CONT_s7_throughput_TheSwissAccount,1789545833.329,0.1066,29600,37,10,12506883.1,116879925.3,4
CONT_s7_throughput_TheSwissAccount,1789545833.434,0.1055,29988,38,2,12758488.2,140282773.3,4
CONT_s7_throughput_TheSwissAccount,1789545833.539,0.1049,28440,36,15,7241250.5,135160102.7,2
CONT_s7_throughput_TheSwissAccount,1789545833.644,0.1049,29780,37,12,14279024.9,97525106.5,4
CONT_s7_throughput_TheSwissAccount,1789545833.749,0.1049,28396,36,14,12690897.9,123707599.2,4
CONT_s7_throughput_TheSwissAccount,1789545833.854,0.1052,30244,40,7,7839823.9,116887618.3,4
CONT_s7_throughput_TheSwissAccount,1789545833.96,0.1055,28052,34,11,15757949.5,84178330.1,4
CONT_s7_throughput_TheSwissAccount,1789545834.064,0.1047,27936,33,9,16693606.1,123084094.4,4
CONT_s7_throughput_TheSwissAccount,1789545834.169,0.105,27620,29,3,9856416.7,128298093.0,3
CONT_s7_throughput_TheSwissAccount,1789545834.274,0.1049,27724,31,4,9588105.7,132429850.9,4
CONT_s7_throughput_TheSwissAccount,1789545834.379,0.1048,29260,32,4,16311168.7,134422974.9,4
CONT_s7_throughput_TheSwissAccount,1789545834.484,0.1049,26592,34,2,18095315.6,137349887.6,4
CONT_s7_throughput_TheSwissAccount,1789545834.589,0.1048,31192,38,3,11078929.3,122259931.9,4
CONT_s7_throughput_TheSwissAccount,1789545834.693,0.1049,27864,33,6,14015601.9,102192961.4,4
CONT_s7_throughput_TheSwissAccount,1789545834.798,0.105,27620,29,3,13992426.2,105205902.0,4
CONT_s7_throughput_TheSwissAccount,1789545834.903,0.105,27672,30,3,18866253.4,117016142.5,4
CONT_s7_throughput_TheSwissAccount,1789545835.008,0.1048,29096,30,3,17731379.8,119059262.2,4
CONT_s7_throughput_TheSwissAccount,1789545835.113,0.1049,29148,31,2,15773794.1,123305990.4,4
CONT_s7_throughput_TheSwissAccount,1789545835.218,0.105,26196,29,5,18107189.4,127473363.1,4
CONT_s7_throughput_TheSwissAccount,1789545835.323,0.1048,29120,31,0,19180748.6,133392856.8,5
CONT_s7_throughput_TheSwissAccount,1789545835.428,0.1054,31562,38,4,14265157.0,119678636.6,5
CONT_s7_throughput_TheSwissAccount,1789545835.533,0.105,28276,36,6,8838525.8,96701225.0,5
CONT_s7_throughput_TheSwissAccount,1789545835.639,0.1052,28700,37,7,8412104.2,76761692.2,4
CONT_s7_throughput_TheSwissAccount,1789545835.744,0.1051,29320,33,4,15772055.8,85248390.5,4
CONT_s7_throughput_TheSwissAccount,1789545835.849,0.1051,26068,27,0,14906053.8,132942500.6,4
CONT_s7_throughput_TheSwissAccount,1789545835.956,0.1076,29576,36,2,17402586.2,139396163.7,4
CONT_s7_throughput_TheSwissAccount,1789545836.062,0.1052,29948,38,8,16726634.2,126768575.0,4
CONT_s7_throughput_TheSwissAccount,1789545836.167,0.105,29804,38,12,15892754.3,129589607.6,4
CONT_s7_throughput_TheSwissAccount,1789545836.272,0.1051,27824,32,3,12687895.7,136348495.1,4
CONT_s7_throughput_TheSwissAccount,1789545836.377,0.1051,26320,31,6,11781349.8,136837848.5,4
CONT_s7_throughput_TheSwissAccount,1789545836.482,0.105,30952,36,7,13679272.3,141453243.3,4
CONT_s7_throughput_TheSwissAccount,1789545836.587,0.1051,27984,33,7,15499105.1,133354481.1,4
CONT_s7_throughput_TheSwissAccount,1789545836.692,0.1053,28096,35,5,15696964.4,131917077.7,4
CONT_s7_throughput_TheSwissAccount,1789545836.797,0.105,29332,33,4,13856579.7,125556766.2,4
CONT_s7_throughput_TheSwissAccount,1789545836.902,0.1051,26312,31,5,12873157.5,108294810.4,4
CONT_s7_throughput_TheSwissAccount,1789545837.007,0.1051,30520,30,0,14095468.4,118703356.8,4
CONT_s7_throughput_TheSwissAccount,1789545837.112,0.1049,26120,28,1,16210591.7,120543010.7,4
CONT_s7_throughput_TheSwissAccount,1789545837.217,0.1052,29160,31,4,18669839.4,131837032.8,4
CONT_s7_throughput_TheSwissAccount,1789545837.323,0.105,27672,30,4,17094293.8,129465038.3,4
CONT_s7_throughput_TheSwissAccount,1789545837.428,0.105,29108,30,3,14898163.7,133610285.8,4
CONT_s7_throughput_TheSwissAccount,1789545837.533,0.1052,29120,30,2,14601758.9,129061945.6,4
CONT_s7_throughput_TheSwissAccount,1789545837.638,0.1051,28052,35,6,18414883.1,124933529.9,4
CONT_s7_throughput_TheSwissAccount,1789545837.743,0.1052,28457,31,2,18449919.8,110374288.9,4
CONT_s7_throughput_TheSwissAccount,1789545837.848,0.1053,28622,36,11,19064192.9,56612338.3,4
CONT_s7_throughput_TheSwissAccount,1789545837.956,0.1072,29276,33,6,17654896.0,125076660.7,4
CONT_s7_throughput_TheSwissAccount,1789545838.06,0.1049,27608,29,2,16220327.6,132281874.6,4
CONT_s7_throughput_TheSwissAccount,1789545838.166,0.1052,27660,30,4,15403568.7,126473157.5,4
CONT_s7_throughput_TheSwissAccount,1789545838.271,0.1051,27684,30,4,15357652.8,123286021.7,4
CONT_s7_throughput_TheSwissAccount,1789545838.376,0.1051,29108,30,1,15095115.1,129636755.4,4
CONT_s7_throughput_TheSwissAccount,1789545838.481,0.1051,29352,34,4,16540873.4,130705433.8,4
CONT_s7_throughput_TheSwissAccount,1789545838.586,0.1051,28068,34,6,12528044.4,130700465.1,4
CONT_s7_throughput_TheSwissAccount,1789545838.691,0.1052,29108,30,2,17311536.1,123112007.3,4
CONT_s7_throughput_TheSwissAccount,1789545838.796,0.1051,26160,29,3,17551434.0,108118824.8,4
CONT_s7_throughput_TheSwissAccount,1789545838.901,0.105,27468,27,0,15843574.4,112874385.7,4
CONT_s7_throughput_TheSwissAccount,1789545839.007,0.1053,29172,31,4,16572059.4,122884273.3,4
CONT_s7_throughput_TheSwissAccount,1789545839.112,0.1051,29044,29,2,20677881.5,130211316.1,4
CONT_s7_throughput_TheSwissAccount,1789545839.217,0.1053,27812,32,5,19780100.5,131566666.1,4
CONT_s7_throughput_TheSwissAccount,1789545839.322,0.1052,27812,31,2,16532702.5,131814553.6,4
CONT_s7_throughput_TheSwissAccount,1789545839.427,0.1052,29336,33,3,17016638.1,127971246.0,4
CONT_s7_throughput_TheSwissAccount,1789545839.532,0.1051,26073,28,2,17137658.7,82953586.5,4
CONT_s7_throughput_TheSwissAccount,1789545839.637,0.1051,31012,37,10,8847921.2,57033144.8,2
CONT_s7_throughput_TheSwissAccount,1789545839.743,0.1052,27672,30,3,7409055.8,63051775.3,2
CONT_s7_throughput_TheSwissAccount,1789545839.848,0.105,27736,31,5,6848904.0,65490560.6,2
CONT_s7_throughput_TheSwissAccount,1789545839.955,0.107,27608,29,2,6432763.9,72526458.9,2
CONT_s7_throughput_TheSwissAccount,1789545840.06,0.1055,30660,32,2,7123162.2,77289984.2,2
CONT_s7_throughput_TheSwissAccount,1789545840.165,0.1051,27684,30,4,7421074.8,77380897.4,2
CONT_s7_throughput_TheSwissAccount,1789545840.27,0.1053,27596,29,2,6324813.8,82078635.8,2
CONT_s7_throughput_TheSwissAccount,1789545840.375,0.105,29108,30,3,6847464.5,87181331.6,2
CONT_s7_throughput_TheSwissAccount,1789545840.48,0.105,26848,30,3,8830674.3,89132114.6,3
CONT_s7_throughput_TheSwissAccount,1789545840.586,0.1053,29300,33,4,22539617.1,90201200.5,4
CONT_s7_throughput_TheSwissAccount,1789545840.691,0.1052,28112,35,7,44587332.6,123415653.3,4
CONT_s7_throughput_TheSwissAccount,1789545840.796,0.1053,29756,38,6,32934495.4,137317935.2,4
CONT_s7_throughput_TheSwissAccount,1789545840.901,0.1052,29428,35,8,20930196.5,114831794.0,4
CONT_s7_throughput_TheSwissAccount,1789545841.006,0.1051,27608,29,2,18410803.7,110248578.6,4
CONT_s7_throughput_TheSwissAccount,1789545841.111,0.105,29096,30,2,16699854.7,112413158.2,4
CONT_s7_throughput_TheSwissAccount,1789545841.217,0.1051,27660,30,2,17408656.2,122552818.9,4
CONT_s7_throughput_TheSwissAccount,1789545841.322,0.105,27608,29,2,19262151.1,125598134.6,4
CONT_s7_throughput_TheSwissAccount,1789545841.427,0.1054,29120,30,1,20933136.5,135061195.8,4
CONT_s7_throughput_TheSwissAccount,1789545841.532,0.1051,27836,32,3,20019802.6,133507770.7,4
CONT_s7_throughput_TheSwissAccount,1789545841.637,0.1051,27468,27,0,14399579.3,137533491.1,4
CONT_s7_throughput_TheSwissAccount,1789545841.742,0.1052,29160,31,3,16861282.8,127827856.8,4
CONT_s7_throughput_TheSwissAccount,1789545841.847,0.105,27736,31,1,16833004.0,127713305.7,4
CONT_s7_throughput_TheSwissAccount,1789545841.954,0.1068,27864,32,4,19710743.6,122821994.2,4
CONT_s7_throughput_TheSwissAccount,1789545842.06,0.1058,29172,31,5,14138890.8,129780069.5,4
CONT_s7_throughput_TheSwissAccount,1789545842.165,0.1051,29172,31,2,10929716.4,126617127.5,4
CONT_s7_throughput_TheSwissAccount,1789545842.271,0.1059,27964,34,8,16002362.8,126692389.4,4
CONT_s7_throughput_TheSwissAccount,1789545842.376,0.105,29108,30,2,17162934.0,128738620.1,4
CONT_s7_throughput_TheSwissAccount,1789545842.481,0.1052,26108,28,3,20232570.7,130189875.6,4
CONT_s7_throughput_TheSwissAccount,1789545842.586,0.105,27608,29,3,13210242.5,130476743.7,4
CONT_s7_throughput_TheSwissAccount,1789545842.691,0.105,30660,32,2,17090736.5,131756420.2,4
CONT_s7_throughput_TheSwissAccount,1789545842.796,0.1051,27544,28,2,20353484.2,137078690.1,4
CONT_s7_throughput_TheSwissAccount,1789545842.901,0.105,26588,33,3,22756551.9,133048605.2,4
CONT_s7_throughput_TheSwissAccount,1789545843.006,0.1051,29724,37,9,17887072.6,121935049.6,4
CONT_s7_throughput_TheSwissAccount,1789545843.111,0.105,29352,34,7,16884637.8,113846049.3,4
CONT_s7_throughput_TheSwissAccount,1789545843.216,0.105,27684,30,4,16217406.3,115558168.8,4
CONT_s7_throughput_TheSwissAccount,1789545843.321,0.105,29288,33,4,16012251.1,126764263.4,4
CONT_s7_throughput_TheSwissAccount,1789545843.427,0.1052,27556,28,2,18204076.9,126672266.7,4
CONT_s7_throughput_TheSwissAccount,1789545843.532,0.1051,27780,31,4,17069740.9,131205754.0,4
CONT_s7_throughput_TheSwissAccount,1789545843.637,0.105,29340,33,5,17581273.7,127649591.1,4
CONT_s7_throughput_TheSwissAccount,1789545843.742,0.105,27864,33,7,13809463.0,127760050.0,4
CONT_s7_throughput_TheSwissAccount,1789545843.847,0.105,29300,33,5,13620436.3,132582095.1,4
CONT_s7_throughput_TheSwissAccount,1789545843.954,0.1068,26056,27,1,16137788.9,134295288.5,4
CONT_s7_throughput_TheSwissAccount,1789545844.058,0.1048,30812,34,1,18139882.2,133486664.7,4
CONT_s7_throughput_TheSwissAccount,1789545844.163,0.105,27924,33,4,13546051.9,127546865.8,4
CONT_s7_throughput_TheSwissAccount,1789545844.268,0.1049,29169,36,6,8629622.0,102871338.2,4
CONT_s7_throughput_TheSwissAccount,1789545844.373,0.105,27812,32,6,5390257.6,70107547.2,2
CONT_s7_throughput_TheSwissAccount,1789545844.478,0.1051,27736,31,3,5706935.5,76051419.7,2
CONT_s7_throughput_TheSwissAccount,1789545844.583,0.105,27812,32,6,5842555.9,80910562.6,2
CONT_s7_throughput_TheSwissAccount,1789545844.688,0.1049,30200,37,9,7349872.3,79676322.2,3
CONT_s7_throughput_TheSwissAccount,1789545844.793,0.1052,26196,29,3,21748479.7,90725191.7,4
CONT_s7_throughput_TheSwissAccount,1789545844.899,0.1052,30928,36,9,21777357.0,114521836.0,4
CONT_s7_throughput_TheSwissAccount,1789545845.004,0.1051,27312,24,1,21022539.4,127859407.8,4
CONT_s7_throughput_TheSwissAccount,1789545845.109,0.105,22836,21,3,39658994.4,107650090.7,3
CONT_s7_throughput_TheSwissAccount,1789545845.214,0.105,24504,25,3,28177765.7,48554544.5,2
CONT_s7_throughput_TheSwissAccount,1789545845.319,0.1052,18504,21,1,20894022.3,45262404.6,2
CONT_s7_throughput_TheSwissAccount,1789545845.424,0.1051,31016,37,7,12551964.4,47386805.5,2
CONT_s7_throughput_TheSwissAccount,1789545845.529,0.1051,32660,40,7,7911433.5,46187126.5,2
CONT_s7_throughput_TheSwissAccount,1789545845.634,0.1051,35720,43,10,5741743.9,48370908.3,2
CONT_s7_throughput_TheSwissAccount,1789545845.739,0.1052,27704,30,6,5075840.4,57561769.1,2
CONT_s7_throughput_TheSwissAccount,1789545845.844,0.1052,29248,32,5,6182124.5,66718643.1,2
CONT_s7_throughput_TheSwissAccount,1789545845.952,0.1076,27748,31,3,7276494.6,70956178.6,2
CONT_s7_throughput_TheSwissAccount,1789545846.057,0.1051,27824,32,6,7422395.4,74656668.4,2
CONT_s7_throughput_TheSwissAccount,1789545846.162,0.105,29084,30,1,6415495.3,80991745.0,2
CONT_s7_throughput_TheSwissAccount,1789545846.267,0.1053,26997,29,2,6703847.0,83518875.6,2
CONT_s7_throughput_TheSwissAccount,1789545846.372,0.1049,0,0,0,0,0,0
CONT_s7_throughput_TheSwissAccount,1789545846.477,0.105,0,0,0,0,0,0
CONT_s7_throughput_TheSwissAccount,1789545846.582,0.105,0,0,0,0,0,0
CONT_s7_throughput_TheSwissAccount,1789545846.687,0.105,0,0,0,0,0,0
CONT_s7_throughput_TheSwissAccount,1789545846.792,0.1051,0,0,0,0,0,0
CONT_s7_throughput_TheSwissAccount,1789545846.898,0.1052,0,0,0,0,0,0
CONT_s7_throughput_TheSwissAccount,1789545847.003,0.105,0,0,0,0,0,0
CONT_s7_throughput_TheSwissAccount,1789545847.108,0.105,0,0,0,0,0,0
CONT_s7_throughput_TheSwissAccount,1789545847.213,0.105,0,0,0,0,0,0
CONT_s7_throughput_TheSwissAccount,1789545847.318,0.105,0,0,0,0,0,0
CONT_s7_throughput_TheSwissAccount,1789545847.423,0.1053,0,0,0,0,0,0
CONT_s7_throughput_TheSwissAccount,1789545847.528,0.1049,0,0,0,0,0,0
CONT_s7_throughput_TheSwissAccount,1789545847.632,0.1047,0,0,0,0,0,0
CONT_s7_throughput_TheSwissAccount,1789545847.738,0.105,0,0,0,0,0,0
CONT_s7_throughput_TheSwissAccount,1789545847.843,0.1053,0,0,0,0,0,0
CONT_s7_throughput_TheSwissAccount,1789545847.952,0.1093,0,0,0,0,0,0
CONT_s7_throughput_TheSwissAccount,1789545848.057,0.1049,0,0,0,0,0,0
CONT_s7_throughput_TheSwissAccount,1789545848.162,0.105,0,0,0,0,0,0
CONT_s7_throughput_TheSwissAccount,1789545848.267,0.105,0,0,0,0,0,0
CONT_s7_throughput_TheSwissAccount,1789545848.372,0.105,0,0,0,0,0,0
CONT_s7_throughput_TheSwissAccount,1789545848.477,0.105,0,0,0,0,0,0
CONT_s7_throughput_TheSwissAccount,1789545848.582,0.105,0,0,0,0,0,0
CONT_s7_throughput_TheSwissAccount,1789545848.687,0.105,0,0,0,0,0,0
CONT_s7_throughput_TheSwissAccount,1789545848.792,0.105,0,0,0,0,0,0
CONT_s7_throughput_TheSwissAccount,1789545848.897,0.1049,2668,3,0,261788042.3,26922589.8,2
CONT_s7_throughput_TheSwissAccount,1789545849.002,0.105,42188,54,11,61296679.0,43628776.8,2
CONT_s7_throughput_TheSwissAccount,1789545849.107,0.105,29556,36,10,21179063.7,80993175.3,2
CONT_s7_throughput_TheSwissAccount,1789545849.212,0.1052,26376,32,6,11018413.2,92064477.6,2
CONT_s7_throughput_TheSwissAccount,1789545849.317,0.1052,29440,35,8,8741871.3,97165737.9,2
CONT_s7_throughput_TheSwissAccount,1789545849.423,0.1053,29300,33,5,6254100.9,97557601.7,2
CONT_s7_throughput_TheSwissAccount,1789545849.528,0.1051,27532,28,2,6460250.9,105362948.9,2
CONT_s7_throughput_TheSwissAccount,1789545849.633,0.1051,29256,32,6,7293051.3,104397218.4,2
CONT_s7_throughput_TheSwissAccount,1789545849.738,0.1051,27800,32,5,6755258.9,107067208.8,2
CONT_s7_throughput_TheSwissAccount,1789545849.843,0.1051,27760,31,4,6879849.6,109788002.3,2
CONT_s7_throughput_TheSwissAccount,1789545849.951,0.1073,27812,32,5,6249978.6,112301249.6,2
CONT_s7_throughput_TheSwissAccount,1789545850.056,0.105,29312,33,5,6633217.3,114641910.0,2
CONT_s7_throughput_TheSwissAccount,1789545850.16,0.1049,29160,31,2,6031506.0,120287679.4,2
CONT_s7_throughput_TheSwissAccount,1789545850.265,0.1051,27660,30,3,7119907.6,121163914.6,2
CONT_s7_throughput_TheSwissAccount,1789545850.37,0.1049,27964,34,7,5933418.2,122707067.0,2
CONT_s7_throughput_TheSwissAccount,1789545850.475,0.105,29236,32,5,6162936.7,126338866.0,2
CONT_s7_throughput_TheSwissAccount,1789545850.58,0.105,27748,31,5,6047652.9,126514824.0,2
CONT_s7_throughput_TheSwissAccount,1789545850.685,0.1049,27736,31,4,5760910.5,129518183.7,2
CONT_s7_throughput_TheSwissAccount,1789545850.79,0.1051,29300,33,5,5558391.4,129941116.4,2
CONT_s7_throughput_TheSwissAccount,1789545850.895,0.1051,26492,32,4,4213106.7,127079758.2,2
CONT_s7_throughput_TheSwissAccount,1789545851.0,0.1049,31248,39,4,4728248.9,123483211.1,2
CONT_s7_throughput_TheSwissAccount,1789545851.105,0.1049,28236,37,7,3207966.1,96317502.1,2
CONT_s7_throughput_TheSwissAccount,1789545851.21,0.1051,28040,34,5,3516368.2,88942960.2,2
CONT_s7_throughput_TheSwissAccount,1789545851.315,0.105,22234,29,7,5818097.0,64949059.0,2
CONT_s7_throughput_TheSwissAccount,1789545851.42,0.1051,35916,45,13,5322890.6,51120961.9,2
CONT_s7_throughput_TheSwissAccount,1789545851.525,0.105,27800,32,6,4139818.5,64362963.4,2
CONT_s7_throughput_TheSwissAccount,1789545851.63,0.1049,27864,33,8,4152688.6,68458698.5,2
CONT_s7_throughput_TheSwissAccount,1789545851.735,0.105,27608,29,2,5669269.9,74877368.5,2
CONT_s7_throughput_TheSwissAccount,1789545851.841,0.1052,29404,34,6,5849410.8,76175466.8,2
CONT_s7_throughput_TheSwissAccount,1789545851.947,0.106,27544,28,2,7366683.9,82658854.0,2
CONT_s7_throughput_TheSwissAccount,1789545852.052,0.1049,29376,34,8,7936030.1,81120571.0,2
CONT_s7_throughput_TheSwissAccount,1789545852.156,0.1049,27608,29,2,6186997.0,85602652.7,2
CONT_s7_throughput_TheSwissAccount,1789545852.261,0.1049,27888,33,7,6978243.4,89588121.4,2
CONT_s7_throughput_TheSwissAccount,1789545852.366,0.1049,29172,31,1,6307571.1,91071170.8,2
CONT_s7_throughput_TheSwissAccount,1789545852.471,0.105,29172,31,4,5523392.8,97971343.3,2
CONT_s7_throughput_TheSwissAccount,1789545852.577,0.1055,27940,34,7,6885057.4,100288322.1,2
CONT_s7_throughput_TheSwissAccount,1789545852.682,0.1051,29324,33,5,6674492.5,102532901.9,2
CONT_s7_throughput_TheSwissAccount,1789545852.787,0.1051,27660,30,3,6431404.4,104600165.8,2
CONT_s7_throughput_TheSwissAccount,1789545852.892,0.1049,27824,32,6,6958622.5,108571872.5,2
CONT_s7_throughput_TheSwissAccount,1789545852.997,0.1049,29376,34,7,6844772.1,109411272.8,2
CONT_s7_throughput_TheSwissAccount,1789545853.102,0.105,26032,27,2,5572779.7,116801034.6,2
CONT_s7_throughput_TheSwissAccount,1789545853.207,0.105,29172,31,2,6663377.0,114397105.7,2
CONT_s7_throughput_TheSwissAccount,1789545853.312,0.1051,27672,30,5,6944875.0,120637241.1,2
CONT_s7_throughput_TheSwissAccount,1789545853.417,0.105,29032,29,1,6224558.4,120501786.6,2
CONT_s7_throughput_TheSwissAccount,1789545853.522,0.1049,27596,29,2,6374212.0,125885581.5,2
CONT_s7_throughput_TheSwissAccount,1789545853.627,0.105,29108,30,2,7664761.9,127736871.9,2
CONT_s7_throughput_TheSwissAccount,1789545853.732,0.1051,26184,29,4,7824533.7,127602956.7,2
CONT_s7_throughput_TheSwissAccount,1789545853.837,0.1053,30876,35,8,7626985.6,128382076.9,2
CONT_s7_throughput_TheSwissAccount,1789545853.945,0.1075,26376,32,5,5224884.1,126677781.3,2
CONT_s7_throughput_TheSwissAccount,1789545854.05,0.105,30940,36,8,5849188.7,135481906.7,2
CONT_s7_throughput_TheSwissAccount,1789545854.155,0.105,11182,13,1,7524816.2,106270568.4,2
CONT_s7_throughput_TheSwissAccount,1789545854.26,0.105,38984,52,22,8245807.0,59835774.1,2
CONT_s7_throughput_TheSwissAccount,1789545854.365,0.105,27936,33,8,5250932.1,123953166.2,2
CONT_s7_throughput_TheSwissAccount,1789545854.47,0.1051,29532,35,4,4119470.9,135358988.8,2
CONT_s7_throughput_TheSwissAccount,1789545854.575,0.105,28304,36,3,7191377.0,129857298.5,2
CONT_s7_throughput_TheSwissAccount,1789545854.68,0.1049,29428,35,7,3056017.6,107892140.3,2
CONT_s7_throughput_TheSwissAccount,1789545854.785,0.1051,27800,32,5,4186733.2,98678391.1,2
CONT_s7_throughput_TheSwissAccount,1789545854.89,0.1049,27748,31,6,4475246.0,103395141.4,2
CONT_s7_throughput_TheSwissAccount,1789545854.995,0.1051,29224,32,4,4976586.2,108457358.9,2
CONT_s7_throughput_TheSwissAccount,1789545855.1,0.1051,27672,30,3,6046894.0,115252534.4,2
CONT_s7_throughput_TheSwissAccount,1789545855.205,0.105,26248,30,5,5562846.9,117552464.6,2
CONT_s7_throughput_TheSwissAccount,1789545855.31,0.105,26907,31,4,5886927.7,118568543.7,2
CONT_s7_throughput_TheSwissAccount,1789545855.415,0.105,32716,44,14,8793704.5,42633823.5,2
CONT_s7_throughput_TheSwissAccount,1789545855.52,0.1051,29432,34,7,5378595.9,107337113.7,2
CONT_s7_throughput_TheSwissAccount,1789545855.625,0.105,26248,30,6,3915180.5,131136678.0,2
CONT_s7_throughput_TheSwissAccount,1789545855.73,0.105,30672,32,3,6679297.8,133642637.2,2
CONT_s7_throughput_TheSwissAccount,1789545855.836,0.1058,26160,29,2,5427760.2,136716522.3,2
CONT_s7_throughput_TheSwissAccount,1789545855.944,0.108,29108,30,2,7908074.4,138083840.9,2
CONT_s7_throughput_TheSwissAccount,1789545856.049,0.1049,29644,37,2,7995787.4,130052816.0,2
CONT_s7_throughput_TheSwissAccount,1789545856.154,0.1049,29644,37,9,4590648.9,124183574.6,2
CONT_s7_throughput_TheSwissAccount,1789545856.259,0.1051,27672,30,3,2997618.8,101800557.0,2
CONT_s7_throughput_TheSwissAccount,1789545856.364,0.1049,27748,31,4,5381613.5,101940832.2,2
CONT_s7_throughput_TheSwissAccount,1789545856.469,0.105,27608,29,1,5356697.4,103768632.0,2
CONT_s7_throughput_TheSwissAccount,1789545856.574,0.105,27544,28,1,6936993.2,111503063.8,2
CONT_s7_throughput_TheSwissAccount,1789545856.678,0.1049,29172,31,2,7489637.2,109820026.9,2
CONT_s7_throughput_TheSwissAccount,1789545856.783,0.1049,29160,31,3,7777063.6,115347148.2,2
CONT_s7_throughput_TheSwissAccount,1789545856.888,0.1051,27468,27,0,7277009.3,115654379.2,2
CONT_s7_throughput_TheSwissAccount,1789545856.993,0.1049,26085,27,2,7281921.1,112450589.4,2
CONT_s7_throughput_TheSwissAccount,1789545857.098,0.105,31456,40,14,9437837.0,42518401.8,2
CONT_s7_throughput_TheSwissAccount,1789545857.203,0.1049,28554,35,9,5537242.8,95877139.8,2
CONT_s7_throughput_TheSwissAccount,1789545857.308,0.1049,26376,32,8,4983163.7,120912793.1,2
CONT_s7_throughput_TheSwissAccount,1789545857.413,0.1051,30800,34,6,5909986.8,119258186.3,2
CONT_s7_throughput_TheSwissAccount,1789545857.518,0.105,26236,30,4,4981450.5,126146701.3,2
CONT_s7_throughput_TheSwissAccount,1789545857.623,0.1049,27696,30,3,6836982.2,126533105.6,2
CONT_s7_throughput_TheSwissAccount,1789545857.728,0.1052,31068,38,10,7722215.1,130249559.3,2
CONT_s7_throughput_TheSwissAccount,1789545857.836,0.1073,29364,34,6,6271386.6,129131550.1,2
CONT_s7_throughput_TheSwissAccount,1789545857.941,0.1058,27684,30,4,8248481.6,135341584.2,2
CONT_s7_throughput_TheSwissAccount,1789545858.046,0.1049,27608,29,2,6812244.0,136309475.5,2
CONT_s7_throughput_TheSwissAccount,1789545858.151,0.105,29224,32,4,6211936.2,138287788.4,2
CONT_s7_throughput_TheSwissAccount,1789545858.256,0.105,27812,31,3,7229379.2,136604570.3,2
CONT_s7_throughput_TheSwissAccount,1789545858.361,0.1049,28168,36,4,6811721.5,129375713.9,2
CONT_s7_throughput_TheSwissAccount,1789545858.466,0.105,29416,35,7,2863178.2,102502190.1,2
CONT_s7_throughput_TheSwissAccount,1789545858.571,0.1051,24072,26,2,3542573.3,100331819.6,2
CONT_s7_throughput_TheSwissAccount,1789545858.676,0.1049,52,1,0,7847791.0,55522265.0,1
CONT_s7_throughput_TheSwissAccount,1789545858.781,0.1049,0,0,0,0,0,0
CONT_s7_throughput_TheSwissAccount,1789545858.886,0.1049,0,0,0,0,0,0
CONT_s7_throughput_TheSwissAccount,1789545858.991,0.1049,0,0,0,0,0,0
CONT_s7_throughput_TheSwissAccount,1789545859.096,0.1049,0,0,0,0,0,0
CONT_s7_throughput_TheSwissAccount,1789545859.201,0.1049,0,0,0,0,0,0
CONT_s7_throughput_TheSwissAccount,1789545859.306,0.105,0,0,0,0,0,0
CONT_s7_throughput_TheSwissAccount,1789545859.411,0.1051,0,0,0,0,0,0
CONT_s7_throughput_TheSwissAccount,1789545859.516,0.105,0,0,0,0,0,0
CONT_s7_throughput_TheSwissAccount,1789545859.621,0.1051,0,0,0,0,0,0
CONT_s7_throughput_TheSwissAccount,1789545859.726,0.1051,0,0,0,0,0,0
CONT_s7_throughput_TheSwissAccount,1789545859.833,0.1068,0,0,0,0,0,0
CONT_s7_throughput_TheSwissAccount,1789545859.938,0.1049,0,0,0,0,0,0
CONT_s7_throughput_TheSwissAccount,1789545860.043,0.1049,0,0,0,0,0,0
CONT_s7_throughput_TheSwissAccount,1789545860.148,0.105,0,0,0,0,0,0
CONT_s7_throughput_TheSwissAccount,1789545860.253,0.105,0,0,0,0,0,0
CONT_s7_throughput_TheSwissAccount,1789545860.358,0.1048,0,0,0,0,0,0
CONT_s7_throughput_TheSwissAccount,1789545860.462,0.105,0,0,0,0,0,0
CONT_s7_throughput_TheSwissAccount,1789545860.567,0.105,0,0,0,0,0,0
CONT_s7_throughput_TheSwissAccount,1789545860.673,0.1051,0,0,0,0,0,0
CONT_s7_throughput_TheSwissAccount,1789545860.777,0.1049,0,0,0,0,0,0
CONT_s7_throughput_TheSwissAccount,1789545860.882,0.1049,0,0,0,0,0,0
CONT_s7_throughput_TheSwissAccount,1789545860.987,0.1049,0,0,0,0,0,0
CONT_s7_throughput_TheSwissAccount,1789545861.092,0.105,664,1,0,158617110.0,0,1
CONT_s7_throughput_TheSwissAccount,1789545861.197,0.105,32936,42,14,92269383.5,46134611.2,2
CONT_s7_throughput_TheSwissAccount,1789545861.302,0.1051,28032,34,12,35455663.4,76456104.7,2
CONT_s7_throughput_TheSwissAccount,1789545861.407,0.1049,27736,31,4,16721633.3,106669327.0,2
CONT_s7_throughput_TheSwissAccount,1789545861.512,0.1051,29264,32,3,10242519.7,110094691.0,2
CONT_s7_throughput_TheSwissAccount,1789545861.617,0.105,29312,33,7,9559564.8,116193843.2,2
CONT_s7_throughput_TheSwissAccount,1789545861.722,0.1051,27672,30,3,6463142.6,119433205.8,2
CONT_s7_throughput_TheSwissAccount,1789545861.827,0.1051,27736,31,4,5954082.9,125974773.8,2
CONT_s7_throughput_TheSwissAccount,1789545861.933,0.1056,29172,31,3,5325281.3,127864767.8,2
CONT_s7_throughput_TheSwissAccount,1789545862.038,0.1049,27604,29,2,6350274.3,132093236.4,3
CONT_s7_throughput_TheSwissAccount,1789545862.143,0.1051,29236,32,4,7112020.7,132522639.7,2
CONT_s7_throughput_TheSwissAccount,1789545862.248,0.1052,26993,34,6,7536967.2,133354991.5,4
CONT_s7_throughput_TheSwissAccount,1789545862.353,0.1051,28087,33,7,7654280.8,135970489.4,4
CONT_s7_throughput_TheSwissAccount,1789545862.459,0.1054,30130,42,3,11734799.5,134451139.5,4
CONT_s7_throughput_TheSwissAccount,1789545862.564,0.105,28336,36,3,5318721.5,137236154.5,2
CONT_s7_throughput_TheSwissAccount,1789545862.669,0.1052,29824,38,7,15052807.8,124874528.2,4
CONT_s7_throughput_TheSwissAccount,1789545862.774,0.1052,29456,34,7,14235904.6,135211549.1,4
CONT_s7_throughput_TheSwissAccount,1789545862.879,0.1052,27840,32,4,11377116.8,139799281.9,4
CONT_s7_throughput_TheSwissAccount,1789545862.984,0.1051,28184,36,8,12054056.2,136583208.6,4
CONT_s7_throughput_TheSwissAccount,1789545863.09,0.1056,30034,39,7,14746983.0,127785757.5,4
CONT_s7_throughput_TheSwissAccount,1789545863.195,0.1052,27660,30,4,12975748.5,88261404.5,4
CONT_s7_throughput_TheSwissAccount,1789545863.3,0.1051,29248,32,6,7295723.8,61006014.9,2
CONT_s7_throughput_TheSwissAccount,1789545863.406,0.1054,27864,33,6,6433770.3,64620343.6,2
CONT_s7_throughput_TheSwissAccount,1789545863.511,0.1051,23004,24,0,8315930.1,53726580.9,2
CONT_s7_throughput_TheSwissAccount,1789545863.616,0.1052,27736,31,5,8045253.3,49634031.4,2
CONT_s7_throughput_TheSwissAccount,1789545863.721,0.1053,30940,36,6,7080368.3,46248714.0,2
CONT_s7_throughput_TheSwissAccount,1789545863.827,0.1055,32428,37,6,6377625.1,50167365.5,2
CONT_s7_throughput_TheSwissAccount,1789545863.932,0.1057,26096,28,2,6286783.0,62794550.0,2
CONT_s7_throughput_TheSwissAccount,1789545864.038,0.1052,29236,32,3,7550745.3,65139082.6,2
CONT_s7_throughput_TheSwissAccount,1789545864.143,0.1053,29196,31,3,8163750.3,68097909.9,2
CONT_s7_throughput_TheSwissAccount,1789545864.248,0.1054,27736,31,4,7662344.2,74786000.3,2
CONT_s7_throughput_TheSwissAccount,1789545864.353,0.105,29044,29,2,8428150.2,79090191.5,2
CONT_s7_throughput_TheSwissAccount,1789545864.459,0.1056,26236,30,4,8230898.7,81533185.4,2
CONT_s7_throughput_TheSwissAccount,1789545864.564,0.1051,29300,33,6,8076057.0,84795481.4,2
CONT_s7_throughput_TheSwissAccount,1789545864.669,0.1049,29184,31,5,6102909.5,85595126.5,2
CONT_s7_throughput_TheSwissAccount,1789545864.774,0.1053,26236,30,3,5655330.4,92081008.2,2
CONT_s7_throughput_TheSwissAccount,1789545864.879,0.105,27888,33,8,6470930.6,94315370.9,2
CONT_s7_throughput_TheSwissAccount,1789545864.984,0.1052,30596,31,2,6238609.8,98203478.5,2
CONT_s7_throughput_TheSwissAccount,1789545865.09,0.1052,26032,27,1,6753550.6,101072359.1,2
CONT_s7_throughput_TheSwissAccount,1789545865.195,0.1053,31464,35,6,10862955.1,101856326.0,3
CONT_s7_throughput_TheSwissAccount,1789545865.3,0.1053,28284,37,7,80944018.6,124235370.4,4
CONT_s7_throughput_TheSwissAccount,1789545865.405,0.1052,28288,36,1,58518268.8,142800829.1,4
CONT_s7_throughput_TheSwissAccount,1789545865.51,0.1051,29676,37,12,28452395.6,126977095.9,4
CONT_s7_throughput_TheSwissAccount,1789545865.616,0.1051,27948,34,7,22395382.3,120501475.4,4
CONT_s7_throughput_TheSwissAccount,1789545865.721,0.1051,29248,32,6,26287029.9,128477025.5,4
CONT_s7_throughput_TheSwissAccount,1789545865.826,0.1053,27672,30,3,26588902.0,134474448.2,4
CONT_s7_throughput_TheSwissAccount,1789545865.932,0.1057,27996,34,7,19570768.2,135090075.3,4
CONT_s7_throughput_TheSwissAccount,1789545866.037,0.1051,29608,37,3,12694565.3,128077146.5,4
CONT_s7_throughput_TheSwissAccount,1789545866.142,0.1053,27996,34,4,16557366.5,107590934.3,4
CONT_s7_throughput_TheSwissAccount,1789545866.247,0.1052,29172,31,5,16346978.7,104373931.3,4
CONT_s7_throughput_TheSwissAccount,1789545866.352,0.105,26044,27,2,15773960.7,105031167.8,4
CONT_s7_throughput_TheSwissAccount,1789545866.458,0.1054,29096,30,2,17926256.6,110870043.6,4
CONT_s7_throughput_TheSwissAccount,1789545866.563,0.1053,27544,28,1,19398629.5,115685268.8,4
CONT_s7_throughput_TheSwissAccount,1789545866.668,0.1052,27556,28,2,20794927.3,118700733.4,4
CONT_s7_throughput_TheSwissAccount,1789545866.773,0.1052,30520,30,1,20519418.3,120257733.4,4
CONT_s7_throughput_TheSwissAccount,1789545866.878,0.1051,27596,29,1,20368360.3,113419041.3,4
CONT_s7_throughput_TheSwissAccount,1789545866.984,0.1051,27672,30,4,17881111.0,105211867.0,4
CONT_s7_throughput_TheSwissAccount,1789545867.089,0.1052,29108,30,3,17499988.6,114674997.4,4
CONT_s7_throughput_TheSwissAccount,1789545867.194,0.1052,27556,28,2,19525013.7,116870162.1,4
CONT_s7_throughput_TheSwissAccount,1789545867.299,0.1053,27672,30,4,19895914.6,121678967.9,4
CONT_s7_throughput_TheSwissAccount,1789545867.404,0.1052,29236,32,4,17101297.2,121682228.9,4
CONT_s7_throughput_TheSwissAccount,1789545867.51,0.1051,27544,28,1,18364218.1,130230607.7,4
CONT_s7_throughput_TheSwissAccount,1789545867.615,0.1051,29172,31,4,16832736.0,131908475.3,4
CONT_s7_throughput_TheSwissAccount,1789545867.72,0.1051,26196,29,2,17907547.4,136531111.9,4
CONT_s7_throughput_TheSwissAccount,1789545867.825,0.1052,29504,35,4,17657018.5,129714880.1,4
CONT_s7_throughput_TheSwissAccount,1789545867.931,0.1065,29388,34,6,17319454.4,117816988.1,4
CONT_s7_throughput_TheSwissAccount,1789545868.037,0.1051,27544,28,1,18071603.0,121417829.7,4
CONT_s7_throughput_TheSwissAccount,1789545868.142,0.1051,29416,35,8,16181167.5,121439120.3,4
CONT_s7_throughput_TheSwissAccount,1789545868.247,0.1053,27660,30,2,15159501.8,129555980.5,4
CONT_s7_throughput_TheSwissAccount,1789545868.352,0.1051,27596,29,1,15397073.4,138558708.7,4
CONT_s7_throughput_TheSwissAccount,1789545868.457,0.1052,27888,32,3,18526431.4,134155620.7,4
CONT_s7_throughput_TheSwissAccount,1789545868.562,0.1052,29300,33,6,18162724.1,130072691.3,4
CONT_s7_throughput_TheSwissAccount,1789545868.668,0.1051,29184,31,4,15023153.1,129091636.9,4
CONT_s7_throughput_TheSwissAccount,1789545868.773,0.1053,26236,30,5,14051678.7,130571603.9,4
CONT_s7_throughput_TheSwissAccount,1789545868.878,0.1052,27748,31,4,18330154.3,136777262.1,4
CONT_s7_throughput_TheSwissAccount,1789545868.983,0.1052,30952,36,7,17850572.4,131396759.5,4
CONT_s7_throughput_TheSwissAccount,1789545869.089,0.1052,28088,35,4,12958549.4,139756099.5,4
CONT_s7_throughput_TheSwissAccount,1789545869.194,0.1051,28952,27,7,15982934.9,125562713.3,4
CONT_s7_throughput_TheSwissAccount,1789545869.299,0.1054,27812,32,4,14099146.9,85671339.4,3
CONT_s7_throughput_TheSwissAccount,1789545869.404,0.1053,27544,28,2,9334319.9,58197557.8,2
CONT_s7_throughput_TheSwissAccount,1789545869.51,0.1052,27660,30,2,7220131.2,63419408.5,2
CONT_s7_throughput_TheSwissAccount,1789545869.615,0.1052,28219,36,12,7366722.2,54765512.2,2
CONT_s7_throughput_TheSwissAccount,1789545869.72,0.1051,31176,39,9,5479734.8,56629171.4,2
CONT_s7_throughput_TheSwissAccount,1789545869.825,0.1053,27596,29,2,3291575.4,76562391.6,2
CONT_s7_throughput_TheSwissAccount,1789545869.931,0.1055,29236,32,3,6882254.2,80585762.6,2
CONT_s7_throughput_TheSwissAccount,1789545870.036,0.1053,25916,25,0,7607040.6,81731716.9,2
CONT_s7_throughput_TheSwissAccount,1789545870.141,0.1052,29236,32,3,6752068.8,85927854.2,2
CONT_s7_throughput_TheSwissAccount,1789545870.246,0.1053,27684,30,3,7553668.6,88102080.1,2
CONT_s7_throughput_TheSwissAccount,1789545870.352,0.1052,29032,29,2,6398751.4,92977476.5,2
CONT_s7_throughput_TheSwissAccount,1789545870.457,0.1052,27620,29,2,7897112.1,96273057.4,2
CONT_s7_throughput_TheSwissAccount,1789545870.562,0.105,29376,34,7,6878385.5,94470494.9,2
CONT_s7_throughput_TheSwissAccount,1789545870.667,0.1051,27696,30,2,6389420.4,100321846.9,2
CONT_s7_throughput_TheSwissAccount,1789545870.772,0.1052,29172,31,5,6650237.2,104953459.7,2
CONT_s7_throughput_TheSwissAccount,1789545870.877,0.1052,15007,18,4,6314911.7,104220502.6,2
CONT_s7_throughput_TheSwissAccount,1789545870.982,0.1052,0,0,0,0,0,0
CONT_s7_throughput_TheSwissAccount,1789545871.088,0.1051,0,0,0,0,0,0
CONT_s7_throughput_TheSwissAccount,1789545871.193,0.1052,0,0,0,0,0,0
CONT_s7_throughput_TheSwissAccount,1789545871.298,0.1052,0,0,0,0,0,0
CONT_s7_throughput_TheSwissAccount,1789545871.403,0.1054,0,0,0,0,0,0
CONT_s7_throughput_TheSwissAccount,1789545871.509,0.1052,0,0,0,0,0,0
CONT_s7_throughput_TheSwissAccount,1789545871.614,0.1051,0,0,0,0,0,0
CONT_s7_throughput_TheSwissAccount,1789545871.719,0.1051,0,0,0,0,0,0
CONT_s7_throughput_TheSwissAccount,1789545871.824,0.1054,0,0,0,0,0,0
CONT_s7_throughput_TheSwissAccount,1789545871.93,0.1055,0,0,0,0,0,0
CONT_s7_throughput_TheSwissAccount,1789545872.035,0.1053,0,0,0,0,0,0
CONT_s7_throughput_TheSwissAccount,1789545872.14,0.1051,0,0,0,0,0,0
CONT_s7_throughput_TheSwissAccount,1789545872.245,0.1051,0,0,0,0,0,0
CONT_s7_throughput_TheSwissAccount,1789545872.35,0.1052,0,0,0,0,0,0
CONT_s7_throughput_TheSwissAccount,1789545872.456,0.1056,0,0,0,0,0,0
CONT_s7_throughput_TheSwissAccount,1789545872.561,0.105,0,0,0,0,0,0
CONT_s7_throughput_TheSwissAccount,1789545872.666,0.1052,0,0,0,0,0,0
CONT_s7_throughput_TheSwissAccount,1789545872.771,0.1051,0,0,0,0,0,0
CONT_s7_throughput_TheSwissAccount,1789545872.876,0.1051,664,1,0,130194722.0,0,1
CONT_s7_throughput_TheSwissAccount,1789545872.982,0.1052,42336,54,18,54007291.5,46203852.0,2
CONT_s7_throughput_TheSwissAccount,1789545873.087,0.1053,27984,33,8,22096847.5,79956747.0,2
CONT_s7_throughput_TheSwissAccount,1789545873.192,0.1051,27876,33,7,11821308.3,108773456.7,2
CONT_s7_throughput_TheSwissAccount,1789545873.297,0.1052,29108,30,2,8442847.5,115026986.6,2
CONT_s7_throughput_TheSwissAccount,1789545873.402,0.1052,26172,29,4,8531218.0,117729946.7,2
CONT_s7_throughput_TheSwissAccount,1789545873.508,0.1052,30724,33,3,6654294.5,123781572.3,2
CONT_s7_throughput_TheSwissAccount,1789545873.613,0.1057,27608,29,3,7551304.0,127325991.0,2
CONT_s7_throughput_TheSwissAccount,1789545873.718,0.1052,27748,31,6,7518722.0,125771232.3,2
CONT_s7_throughput_TheSwissAccount,1789545873.824,0.1051,27672,30,3,7283987.4,131614113.4,2
CONT_s7_throughput_TheSwissAccount,1789545873.929,0.1051,27760,31,4,6644114.8,129348119.3,2
CONT_s7_throughput_TheSwissAccount,1789545874.034,0.1052,3930,5,0,7021318.4,128867532.2,2
CONT_s7_throughput_TheSwissAccount,1789545874.139,0.1052,0,0,0,0,0,0
CONT_s7_throughput_TheSwissAccount,1789545874.244,0.1052,0,0,0,0,0,0
CONT_s7_throughput_TheSwissAccount,1789545874.349,0.1051,0,0,0,0,0,0
CONT_s7_throughput_TheSwissAccount,1789545874.455,0.1057,0,0,0,0,0,0
CONT_s7_throughput_TheSwissAccount,1789545874.56,0.105,0,0,0,0,0,0
CONT_s7_throughput_TheSwissAccount,1789545874.665,0.1052,0,0,0,0,0,0
CONT_s7_throughput_TheSwissAccount,1789545874.77,0.1051,0,0,0,0,0,0
CONT_s7_throughput_TheSwissAccount,1789545874.875,0.105,0,0,0,0,0,0
CONT_s7_throughput_TheSwissAccount,1789545874.981,0.1052,0,0,0,0,0,0
CONT_s7_throughput_TheSwissAccount,1789545875.086,0.1052,0,0,0,0,0,0
CONT_s7_throughput_TheSwissAccount,1789545875.191,0.1051,0,0,0,0,0,0
CONT_s7_throughput_TheSwissAccount,1789545875.296,0.1053,0,0,0,0,0,0
CONT_s7_throughput_TheSwissAccount,1789545875.401,0.1051,0,0,0,0,0,0
CONT_s7_throughput_TheSwissAccount,1789545875.506,0.1052,0,0,0,0,0,0
CONT_s7_throughput_TheSwissAccount,1789545875.612,0.1053,0,0,0,0,0,0
CONT_s7_throughput_TheSwissAccount,1789545875.717,0.1052,0,0,0,0,0,0
CONT_s7_throughput_TheSwissAccount,1789545875.822,0.1051,0,0,0,0,0,0
CONT_s7_throughput_TheSwissAccount,1789545875.927,0.1053,0,0,0,0,0,0
CONT_s7_throughput_TheSwissAccount,1789545876.032,0.1051,0,0,0,0,0,0
CONT_s7_throughput_TheSwissAccount,1789545876.138,0.1053,0,0,0,0,0,0
CONT_s7_throughput_TheSwissAccount,1789545876.243,0.1052,0,0,0,0,0,0
CONT_s7_throughput_TheSwissAccount,1789545876.348,0.1051,0,0,0,0,0,0
CONT_s7_throughput_TheSwissAccount,1789545876.454,0.106,0,0,0,0,0,0
CONT_s7_throughput_TheSwissAccount,1789545876.559,0.105,0,0,0,0,0,0
CONT_s7_throughput_TheSwissAccount,1789545876.664,0.1051,0,0,0,0,0,0
CONT_s7_throughput_TheSwissAccount,1789545876.769,0.1052,0,0,0,0,0,0
CONT_s7_throughput_TheSwissAccount,1789545876.874,0.105,0,0,0,0,0,0
CONT_s7_throughput_TheSwissAccount,1789545876.979,0.105,0,0,0,0,0,0
CONT_s7_throughput_TheSwissAccount,1789545877.085,0.1052,46868,50,0,89094161.0,29401627.9,2
CONT_s7_throughput_TheSwissAccount,1789545877.19,0.1052,45284,57,2,16280461.4,60581726.2,2
CONT_s7_throughput_TheSwissAccount,1789545877.295,0.1052,45340,57,5,3197568.2,35832854.6,2
CONT_s7_throughput_TheSwissAccount,1789545877.4,0.1052,44432,46,1,3972765.1,28737446.8,2
CONT_s7_throughput_TheSwissAccount,1789545877.505,0.1051,44176,42,0,4914284.5,27850760.6,2
CONT_s7_throughput_TheSwissAccount,1789545877.61,0.1052,38976,49,3,3175089.9,20868637.0,2
CONT_s7_throughput_TheSwissAccount,1789545877.716,0.1051,30708,32,2,7560619.5,19714252.9,2
CONT_s7_throughput_TheSwissAccount,1789545877.821,0.1053,28735,24,0,7808775.7,20005375.5,2
CONT_s7_throughput_TheSwissAccount,1789545877.926,0.1053,52,1,0,8345377.0,45871679.0,1
CONT_s7_throughput_TheSwissAccount,1789545878.031,0.1051,0,0,0,0,0,0
CONT_s7_throughput_TheSwissAccount,1789545878.136,0.1051,0,0,0,0,0,0
CONT_s7_throughput_TheSwissAccount,1789545878.242,0.1051,0,0,0,0,0,0
CONT_s7_throughput_TheSwissAccount,1789545878.347,0.1051,0,0,0,0,0,0
CONT_s7_throughput_TheSwissAccount,1789545878.454,0.107,0,0,0,0,0,0
CONT_s7_throughput_TheSwissAccount,1789545878.559,0.1053,0,0,0,0,0,0
CONT_s7_throughput_TheSwissAccount,1789545878.664,0.1052,0,0,0,0,0,0
CONT_s7_throughput_TheSwissAccount,1789545878.769,0.1051,0,0,0,0,0,0
CONT_s7_throughput_TheSwissAccount,1789545878.874,0.105,0,0,0,0,0,0
CONT_s7_throughput_TheSwissAccount,1789545878.979,0.1051,0,0,0,0,0,0
CONT_s7_throughput_TheSwissAccount,1789545879.092,0.1131,0,0,0,0,0,0
CONT_s7_throughput_TheSwissAccount,1789545879.197,0.1051,0,0,0,0,0,0
CONT_s7_throughput_TheSwissAccount,1789545879.303,0.1052,0,0,0,0,0,0
CONT_s7_throughput_TheSwissAccount,1789545879.408,0.1051,0,0,0,0,0,0
CONT_s7_throughput_TheSwissAccount,1789545879.513,0.1052,0,0,0,0,0,0
CONT_s7_throughput_TheSwissAccount,1789545879.618,0.1052,0,0,0,0,0,0
CONT_s7_throughput_TheSwissAccount,1789545879.723,0.1051,0,0,0,0,0,0
CONT_s7_throughput_TheSwissAccount,1789545879.828,0.1051,0,0,0,0,0,0
CONT_s7_throughput_TheSwissAccount,1789545879.934,0.106,0,0,0,0,0,0
CONT_s7_throughput_TheSwissAccount,1789545880.039,0.1051,0,0,0,0,0,0
CONT_s7_throughput_TheSwissAccount,1789545880.145,0.1051,0,0,0,0,0,0
CONT_s7_throughput_TheSwissAccount,1789545880.25,0.1051,0,0,0,0,0,0
CONT_s7_throughput_TheSwissAccount,1789545880.355,0.1051,0,0,0,0,0,0
CONT_s7_throughput_TheSwissAccount,1789545880.46,0.1051,0,0,0,0,0,0
CONT_s7_throughput_TheSwissAccount,1789545880.565,0.1052,0,0,0,0,0,0
CONT_s7_throughput_TheSwissAccount,1789545880.67,0.1052,0,0,0,0,0,0
CONT_s7_throughput_TheSwissAccount,1789545880.775,0.1051,0,0,0,0,0,0
CONT_s7_throughput_TheSwissAccount,1789545880.88,0.105,664,1,0,191428196.0,0,1
CONT_s7_throughput_TheSwissAccount,1789545880.985,0.1051,45592,40,0,101600047.0,20207272.1,2
CONT_s7_throughput_TheSwissAccount,1789545881.091,0.1051,21732,26,4,64790510.1,19501315.3,2
CONT_s7_throughput_TheSwissAccount,1789545881.196,0.105,13708,13,0,41285351.6,19908412.8,2
CONT_s7_throughput_TheSwissAccount,1789545881.301,0.1051,6256,8,3,45891591.5,31458449.1,2
CONT_s7_throughput_TheSwissAccount,1789545881.406,0.1051,18260,17,1,27190433.6,19878568.1,2
CONT_s7_throughput_TheSwissAccount,1789545881.511,0.1052,29104,29,2,18280194.7,19783108.9,2
CONT_s7_throughput_TheSwissAccount,1789545881.616,0.1052,13912,16,2,18408660.9,19704228.1,2
CONT_s7_throughput_TheSwissAccount,1789545881.721,0.1051,25772,22,0,13519706.0,19950436.4,2
CONT_s7_throughput_TheSwissAccount,1789545881.826,0.1052,27452,26,2,11093840.9,19884901.6,2
CONT_s7_throughput_TheSwissAccount,1789545881.932,0.1053,32284,34,2,9190709.0,19733389.6,2
CONT_s7_throughput_TheSwissAccount,1789545882.037,0.1052,43772,34,0,6792568.3,20041552.0,2
CONT_s7_throughput_TheSwissAccount,1789545882.142,0.1049,27556,28,2,7295644.6,19770143.8,2
CONT_s7_throughput_TheSwissAccount,1789545882.247,0.1052,44020,39,0,6081289.7,19929725.1,2
CONT_s7_throughput_TheSwissAccount,1789545882.352,0.1051,41312,41,2,6119703.2,19797298.2,2
CONT_s7_throughput_TheSwissAccount,1789545882.457,0.1051,36736,37,2,7794555.0,19775155.5,2
CONT_s7_throughput_TheSwissAccount,1789545882.562,0.1049,21528,23,2,8323437.3,19843796.8,2
CONT_s7_throughput_TheSwissAccount,1789545882.667,0.1051,39260,31,0,6857060.4,20034788.9,2
CONT_s7_throughput_TheSwissAccount,1789545882.772,0.1051,26736,21,0,6153499.0,20050595.3,2
CONT_s7_throughput_TheSwissAccount,1789545882.877,0.105,0,0,0,0,0,0
CONT_s7_throughput_TheSwissAccount,1789545882.982,0.1051,0,0,0,0,0,0
CONT_s7_throughput_TheSwissAccount,1789545883.087,0.1051,0,0,0,0,0,0
CONT_s7_throughput_TheSwissAccount,1789545883.192,0.105,0,0,0,0,0,0
CONT_s7_throughput_TheSwissAccount,1789545883.298,0.1051,0,0,0,0,0,0
CONT_s7_throughput_TheSwissAccount,1789545883.403,0.1053,0,0,0,0,0,0
CONT_s7_throughput_TheSwissAccount,1789545883.508,0.105,0,0,0,0,0,0
CONT_s7_throughput_TheSwissAccount,1789545883.613,0.1053,0,0,0,0,0,0
CONT_s7_throughput_TheSwissAccount,1789545883.718,0.1052,0,0,0,0,0,0
CONT_s7_throughput_TheSwissAccount,1789545883.823,0.1051,0,0,0,0,0,0
CONT_s7_throughput_TheSwissAccount,1789545883.929,0.1053,0,0,0,0,0,0
CONT_s7_throughput_TheSwissAccount,1789545884.034,0.1051,0,0,0,0,0,0
CONT_s7_throughput_TheSwissAccount,1789545884.139,0.1054,0,0,0,0,0,0
CONT_s7_throughput_TheSwissAccount,1789545884.244,0.1051,0,0,0,0,0,0
CONT_s7_throughput_TheSwissAccount,1789545884.349,0.1051,0,0,0,0,0,0
CONT_s7_throughput_TheSwissAccount,1789545884.456,0.1065,0,0,0,0,0,0
CONT_s7_throughput_TheSwissAccount,1789545884.561,0.1049,0,0,0,0,0,0
CONT_s7_throughput_TheSwissAccount,1789545884.666,0.1051,0,0,0,0,0,0
CONT_s7_throughput_TheSwissAccount,1789545884.771,0.1051,2668,3,0,208513526.0,12783401.1,2
CONT_s7_throughput_TheSwissAccount,1789545884.876,0.105,45676,41,0,66752136.9,20487766.7,2
CONT_s7_throughput_TheSwissAccount,1789545884.981,0.1052,39808,40,4,28861569.7,19764583.9,2
CONT_s7_throughput_TheSwissAccount,1789545885.086,0.1051,18528,21,2,21388674.7,19645482.7,2
CONT_s7_throughput_TheSwissAccount,1789545885.191,0.1051,31760,26,0,12350482.2,20001878.2,2
CONT_s7_throughput_TheSwissAccount,1789545885.296,0.1051,27656,29,2,11625841.6,19774223.6,2
CONT_s7_throughput_TheSwissAccount,1789545885.402,0.1052,27412,25,2,12111185.8,19877616.0,2
CONT_s7_throughput_TheSwissAccount,1789545885.507,0.1051,26056,27,2,11442529.4,19753163.3,2
CONT_s7_throughput_TheSwissAccount,1789545885.612,0.1051,25888,24,3,11508812.1,19869720.0,2
CONT_s7_throughput_TheSwissAccount,1789545885.717,0.1051,45260,35,0,7155661.9,20052587.4,2
CONT_s7_throughput_TheSwissAccount,1789545885.822,0.1051,54624,48,0,6553802.2,24460667.4,2
CONT_s7_throughput_TheSwissAccount,1789545885.927,0.1054,41772,48,3,4829914.1,23963791.6,2
CONT_s7_throughput_TheSwissAccount,1789545886.033,0.1052,35084,34,1,6698955.6,19850298.4,2
CONT_s7_throughput_TheSwissAccount,1789545886.138,0.1051,29208,31,1,7384923.0,19731203.1,2
CONT_s7_throughput_TheSwissAccount,1789545886.243,0.1051,29016,28,2,7917682.4,19857430.3,2
CONT_s7_throughput_TheSwissAccount,1789545886.348,0.1052,45260,35,0,6236291.7,20059298.2,2
CONT_s7_throughput_TheSwissAccount,1789545886.454,0.1063,48520,42,0,6149423.7,23371788.6,2
CONT_s7_throughput_TheSwissAccount,1789545886.56,0.1052,44596,48,4,5554274.9,25137160.3,2
CONT_s7_throughput_TheSwissAccount,1789545886.665,0.1055,36876,39,3,6900302.4,20344768.2,2
CONT_s7_throughput_TheSwissAccount,1789545886.77,0.1052,48520,42,0,6386364.8,19957592.3,2
CONT_s7_throughput_TheSwissAccount,1789545886.875,0.1051,31643,32,2,7888138.9,19907147.5,2
CONT_s7_throughput_TheSwissAccount,1789545886.98,0.1052,33580,32,2,8368521.6,19823424.0,2
CONT_s7_throughput_TheSwissAccount,1789545887.086,0.1052,30592,30,2,8008955.7,19826639.1,2
CONT_s7_throughput_TheSwissAccount,1789545887.191,0.1052,18604,22,3,6890985.2,19536497.0,2
CONT_s7_throughput_TheSwissAccount,1789545887.296,0.1052,22760,20,0,7995597.5,19962616.9,2
CONT_s7_throughput_TheSwissAccount,1789545887.401,0.1051,43760,34,0,5835879.9,20055918.4,2
CONT_s7_throughput_TheSwissAccount,1789545887.506,0.1051,45852,45,1,7135307.7,19958772.1,2
CONT_s7_throughput_TheSwissAccount,1789545887.611,0.1051,35276,36,2,8426479.8,19740107.2,2
CONT_s7_throughput_TheSwissAccount,1789545887.716,0.1051,39312,32,0,6552952.3,20020253.5,2
CONT_s7_throughput_TheSwissAccount,1789545887.821,0.1051,51468,43,0,6136890.4,22624449.3,2
CONT_s7_throughput_TheSwissAccount,1789545887.927,0.1052,43008,46,0,5877613.2,31187259.3,2
CONT_s7_throughput_TheSwissAccount,1789545888.032,0.1052,43108,47,2,5327867.7,23175211.0,2
CONT_s7_throughput_TheSwissAccount,1789545888.137,0.1051,44020,39,0,6882361.1,20302708.0,2
CONT_s7_throughput_TheSwissAccount,1789545888.242,0.1051,45728,44,0,5929373.6,27003260.3,2
CONT_s7_throughput_TheSwissAccount,1789545888.347,0.1052,42780,43,0,5267065.7,33106895.7,2
CONT_s7_throughput_TheSwissAccount,1789545888.453,0.1063,44228,43,0,5024603.4,39306840.2,2
CONT_s7_throughput_TheSwissAccount,1789545888.559,0.1052,42728,42,0,5150992.3,44270435.6,2
CONT_s7_throughput_TheSwissAccount,1789545888.664,0.1052,46364,53,1,5405404.7,45046936.4,2
CONT_s7_throughput_TheSwissAccount,1789545888.769,0.1051,40272,47,2,4837735.9,24124322.6,2
CONT_s7_throughput_TheSwissAccount,1789545888.874,0.1051,35020,33,0,6087153.5,19883275.2,2
CONT_s7_throughput_TheSwissAccount,1789545888.979,0.1051,53020,45,0,4753648.9,19969538.2,2
CONT_s7_throughput_TheSwissAccount,1789545889.084,0.1053,45992,47,4,6441210.3,19728878.7,2
CONT_s7_throughput_TheSwissAccount,1789545889.19,0.1055,36748,37,2,8622525.1,19853918.9,2
CONT_s7_throughput_TheSwissAccount,1789545889.295,0.1053,40772,32,0,7054035.3,20034831.9,2
CONT_s7_throughput_TheSwissAccount,1789545889.401,0.1059,28444,30,2,8266518.8,19412089.1,2
CONT_s7_throughput_TheSwissAccount,1789545889.506,0.1053,23552,25,2,9102432.6,19568419.3,2
CONT_s7_throughput_TheSwissAccount,1789545889.612,0.1052,22836,21,0,9541018.6,19915766.0,2
CONT_s7_throughput_TheSwissAccount,1789545889.717,0.105,29104,29,4,7911000.1,19776977.8,2
CONT_s7_throughput_TheSwissAccount,1789545889.822,0.1053,30720,32,2,7946854.1,19782027.6,2
CONT_s7_throughput_TheSwissAccount,1789545889.927,0.1051,20104,23,3,6928090.9,19642601.4,2
CONT_s7_throughput_TheSwissAccount,1789545890.032,0.1052,4668,6,1,11237426.5,20257488.5,2
CONT_s7_throughput_TheSwissAccount,1789545890.137,0.1051,9156,9,0,15493762.0,20107269.7,2
CONT_s7_throughput_TheSwissAccount,1789545890.242,0.1052,31760,26,0,10569089.8,20001509.4,2
CONT_s7_throughput_TheSwissAccount,1789545890.347,0.1051,29016,28,1,10526889.5,19813213.7,2
CONT_s7_throughput_TheSwissAccount,1789545890.455,0.1075,42260,33,0,7196442.0,20070828.7,2
CONT_s7_throughput_TheSwissAccount,1789545890.56,0.105,44488,45,2,6394538.8,19743518.5,2
CONT_s7_throughput_TheSwissAccount,1789545890.665,0.1051,20000,21,2,7375404.6,19766066.6,2
CONT_s7_throughput_TheSwissAccount,1789545890.77,0.1053,39260,31,0,6590595.6,20024098.7,2
CONT_s7_throughput_TheSwissAccount,1789545890.875,0.1051,33656,33,2,7101393.3,19830381.8,2
CONT_s7_throughput_TheSwissAccount,1789545890.98,0.1051,43760,34,0,5953955.1,20047384.9,2
CONT_s7_throughput_TheSwissAccount,1789545891.086,0.1052,48492,41,0,6464470.6,21295183.3,2
CONT_s7_throughput_TheSwissAccount,1789545891.191,0.1052,43096,47,2,5268549.9,21021990.3,2
CONT_s7_throughput_TheSwissAccount,1789545891.296,0.1056,35364,38,2,6084094.7,19708248.9,2
CONT_s7_throughput_TheSwissAccount,1789545891.402,0.1053,19976,21,2,6857654.5,20433043.7,2
CONT_s7_throughput_TheSwissAccount,1789545891.507,0.1056,39260,31,0,6438902.4,20041953.2,2
CONT_s7_throughput_TheSwissAccount,1789545891.612,0.1053,42540,37,0,6942990.1,19921549.7,2
CONT_s7_throughput_TheSwissAccount,1789545891.718,0.1055,30888,35,6,5797201.0,19589038.6,2
CONT_s7_throughput_TheSwissAccount,1789545891.824,0.1055,24592,26,2,7367481.9,19810968.2,2
CONT_s7_throughput_TheSwissAccount,1789545891.929,0.1053,4616,5,0,11941936.8,46896257.9,2
CONT_s7_throughput_TheSwissAccount,1789545892.034,0.1052,9360,12,5,12645046.0,19401315.0,2
CONT_s7_throughput_TheSwissAccount,1789545892.139,0.1053,9284,11,1,16798579.8,20077371.5,2
CONT_s7_throughput_TheSwissAccount,1789545892.245,0.1054,24260,21,0,13352690.6,19951820.6,2
CONT_s7_throughput_TheSwissAccount,1789545892.35,0.1052,40760,32,0,8031354.2,20040471.0,2
CONT_s7_throughput_TheSwissAccount,1789545892.457,0.107,47208,43,1,7025634.0,19884867.7,2
CONT_s7_throughput_TheSwissAccount,1789545892.562,0.1054,32220,33,2,7755434.5,19778007.6,2
CONT_s7_throughput_TheSwissAccount,1789545892.668,0.1053,43760,34,0,6028265.5,20045461.7,2
CONT_s7_throughput_TheSwissAccount,1789545892.773,0.1057,29564,36,3,6460684.3,19454249.4,2
CONT_s7_throughput_TheSwissAccount,1789545892.878,0.1053,22760,20,0,7888550.0,19961708.8,2
CONT_s7_throughput_TheSwissAccount,1789545892.984,0.1055,40760,32,0,6412766.9,20041911.0,2
CONT_s7_throughput_TheSwissAccount,1789545893.089,0.1054,39242,34,0,6978310.6,19493661.8,2
CONT_s7_throughput_TheSwissAccount,1789545893.195,0.1052,51700,47,0,5915220.3,25708257.9,2
CONT_s7_throughput_TheSwissAccount,1789545893.3,0.1056,35696,42,5,6174465.7,19683787.0,2
CONT_s7_throughput_TheSwissAccount,1789545893.406,0.1054,16964,19,2,9746872.2,19727312.4,2
CONT_s7_throughput_TheSwissAccount,1789545893.511,0.1052,24260,21,0,9642747.8,19959024.4,2
CONT_s7_throughput_TheSwissAccount,1789545893.616,0.1053,18412,19,2,9009133.9,19780663.2,2
CONT_s7_throughput_TheSwissAccount,1789545893.721,0.1054,18400,19,1,9899320.1,19731369.0,2
CONT_s7_throughput_TheSwissAccount,1789545893.827,0.1056,36260,29,0,9800053.9,20028829.0,2
CONT_s7_throughput_TheSwissAccount,1789545893.932,0.1053,21464,22,3,9033168.8,19787353.5,2
CONT_s7_throughput_TheSwissAccount,1789545894.037,0.1052,16900,18,2,12262997.9,19691710.8,2
CONT_s7_throughput_TheSwissAccount,1789545894.143,0.1052,31760,26,0,9389022.9,19999562.3,2
CONT_s7_throughput_TheSwissAccount,1789545894.248,0.1054,35116,33,1,7770172.7,19844820.9,2
CONT_s7_throughput_TheSwissAccount,1789545894.353,0.1052,32004,30,1,6413955.1,19908095.8,2
CONT_s7_throughput_TheSwissAccount,1789545894.458,0.1052,35156,34,2,6290592.0,19835766.6,2
CONT_s7_throughput_TheSwissAccount,1789545894.564,0.1053,43760,34,0,5623966.8,20064738.3,2
CONT_s7_throughput_TheSwissAccount,1789545894.669,0.1057,39644,37,1,6873621.0,19847923.9,2
CONT_s7_throughput_TheSwissAccount,1789545894.775,0.1057,36929,30,0,7621277.0,19482001.7,2
CONT_s7_throughput_TheSwissAccount,1789545894.88,0.1051,30948,35,2,6164140.3,19990050.1,2
CONT_s7_throughput_TheSwissAccount,1789545894.985,0.1052,21388,21,1,7888205.3,19819113.7,2
CONT_s7_throughput_TheSwissAccount,1789545895.091,0.1052,36260,29,0,7590469.6,20019688.3,2
CONT_s7_throughput_TheSwissAccount,1789545895.196,0.1052,32220,33,1,7972425.1,19718228.0,2
CONT_s7_throughput_TheSwissAccount,1789545895.301,0.1053,31812,27,1,8233679.0,19971333.0,2
CONT_s7_throughput_TheSwissAccount,1789545895.406,0.1051,32156,32,2,7799448.4,19824755.7,2
CONT_s7_throughput_TheSwissAccount,1789545895.512,0.1052,39476,34,0,7245792.5,19944935.7,2
CONT_s7_throughput_TheSwissAccount,1789545895.617,0.1054,34876,30,2,6987769.1,19982872.6,2
CONT_s7_throughput_TheSwissAccount,1789545895.722,0.1052,33592,32,2,6803500.7,19853989.1,2
CONT_s7_throughput_TheSwissAccount,1789545895.828,0.1059,35092,33,2,6885254.5,19840831.3,2
CONT_s7_throughput_TheSwissAccount,1789545895.933,0.1054,39260,31,0,6327751.1,20047644.6,2
CONT_s7_throughput_TheSwissAccount,1789545896.039,0.1052,49864,40,0,6107124.8,20043651.1,2
CONT_s7_throughput_TheSwissAccount,1789545896.144,0.1053,44660,49,2,4063387.3,22835729.4,2
CONT_s7_throughput_TheSwissAccount,1789545896.249,0.1054,38300,39,2,7085850.9,20710164.7,2
CONT_s7_throughput_TheSwissAccount,1789545896.355,0.1053,41020,37,0,7261186.1,19903176.6,2
CONT_s7_throughput_TheSwissAccount,1789545896.46,0.1052,35376,38,1,8646901.7,19694164.3,2
CONT_s7_throughput_TheSwissAccount,1789545896.565,0.1051,17052,20,4,11534790.4,19621261.7,2
CONT_s7_throughput_TheSwissAccount,1789545896.67,0.1053,18260,17,1,10488191.4,19912676.5,2
CONT_s7_throughput_TheSwissAccount,1789545896.775,0.1053,31848,27,1,10272689.4,19951867.9,2
CONT_s7_throughput_TheSwissAccount,1789545896.881,0.1051,18464,20,2,9963324.4,19674521.0,2
CONT_s7_throughput_TheSwissAccount,1789545896.986,0.1052,23156,26,2,9902298.7,19619987.4,2
CONT_s7_throughput_TheSwissAccount,1789545897.091,0.1053,25760,22,0,8914343.8,19989548.1,2
CONT_s7_throughput_TheSwissAccount,1789545897.196,0.1052,27988,34,2,8750230.6,19468746.4,2
CONT_s7_throughput_TheSwissAccount,1789545897.302,0.1054,25888,24,2,7955686.7,19893257.1,2
CONT_s7_throughput_TheSwissAccount,1789545897.407,0.1054,42336,34,0,7084504.5,20014927.7,2
CONT_s7_throughput_TheSwissAccount,1789545897.512,0.1053,24732,28,2,10819354.7,19608251.3,2
CONT_s7_throughput_TheSwissAccount,1789545897.617,0.1052,25824,23,2,10836472.7,19914885.2,2
CONT_s7_throughput_TheSwissAccount,1789545897.723,0.1052,32080,31,2,9503111.1,19808289.0,2
CONT_s7_throughput_TheSwissAccount,1789545897.829,0.106,36912,39,2,7386630.6,19682074.2,2
CONT_s7_throughput_TheSwissAccount,1789545897.934,0.1053,33464,30,0,7801748.3,19931615.2,2
CONT_s7_throughput_TheSwissAccount,1789545898.039,0.1052,18528,21,2,8759438.0,19692838.9,2
CONT_s7_throughput_TheSwissAccount,1789545898.145,0.1053,25672,22,0,8764608.8,19789390.4,2
CONT_s7_throughput_TheSwissAccount,1789545898.25,0.1053,32080,31,1,9177662.6,19814006.3,2
CONT_s7_throughput_TheSwissAccount,1789545898.355,0.1052,29016,28,1,9726426.8,19804342.0,2
CONT_s7_throughput_TheSwissAccount,1789545898.46,0.1052,39464,34,0,7605017.2,19953437.6,2
CONT_s7_throughput_TheSwissAccount,1789545898.565,0.105,29104,29,3,7355549.3,19818907.9,2
CONT_s7_throughput_TheSwissAccount,1789545898.67,0.1052,30720,32,2,7892616.8,19772163.6,2
CONT_s7_throughput_TheSwissAccount,1789545898.776,0.1053,43760,34,0,6087739.5,20048888.3,2
CONT_s7_throughput_TheSwissAccount,1789545898.881,0.1051,48468,41,0,6469709.0,21363150.5,2
CONT_s7_throughput_TheSwissAccount,1789545898.986,0.1053,44228,43,0,5797889.9,31648779.7,2
CONT_s7_throughput_TheSwissAccount,1789545899.091,0.1054,45780,45,0,5151539.3,36946928.1,2
CONT_s7_throughput_TheSwissAccount,1789545899.197,0.1053,43572,53,3,3132500.7,30804434.1,2
CONT_s7_throughput_TheSwissAccount,1789545899.302,0.1055,32144,32,2,6334863.9,19843832.9,2
CONT_s7_throughput_TheSwissAccount,1789545899.407,0.1052,46760,36,0,5395519.8,20067721.7,2
CONT_s7_throughput_TheSwissAccount,1789545899.513,0.1052,48572,43,0,6050493.2,23893010.4,2
CONT_s7_throughput_TheSwissAccount,1789545899.618,0.1054,44228,43,0,5518929.7,32609932.0,2
CONT_s7_throughput_TheSwissAccount,1789545899.723,0.1052,42728,42,0,5198024.0,37853004.4,2
CONT_s7_throughput_TheSwissAccount,1789545899.831,0.1081,44228,43,0,5063858.0,42288172.6,2
CONT_s7_throughput_TheSwissAccount,1789545899.938,0.1064,44228,43,0,4817435.1,46753621.8,2
CONT_s7_throughput_TheSwissAccount,1789545900.043,0.1054,45780,45,0,5029245.0,50194081.4,2
CONT_s7_throughput_TheSwissAccount,1789545900.148,0.1054,44996,53,1,4442970.6,50015584.1,2
CONT_s7_throughput_TheSwissAccount,1789545900.254,0.1054,45128,55,2,3034794.3,31717802.7,2
CONT_s7_throughput_TheSwissAccount,1789545900.359,0.1053,27632,29,2,7075580.7,19900755.7,2
CONT_s7_throughput_TheSwissAccount,1789545900.464,0.1052,23076,24,3,9577779.2,19693759.2,2
CONT_s7_throughput_TheSwissAccount,1789545900.57,0.1053,36364,31,1,7219895.6,19984848.1,2
CONT_s7_throughput_TheSwissAccount,1789545900.675,0.1054,28978,30,1,7222955.1,19681586.8,2
CONT_s7_throughput_TheSwissAccount,1789545900.781,0.1056,33312,28,1,6909071.9,19994151.9,2
CONT_s7_throughput_TheSwissAccount,1789545900.886,0.1053,51312,40,0,5730143.9,20059094.5,2
CONT_s7_throughput_TheSwissAccount,1789545900.991,0.1054,50724,54,2,4806677.7,21104483.5,2
CONT_s7_throughput_TheSwissAccount,1789545901.096,0.1052,26104,27,2,8194274.5,19714571.7,2
CONT_s7_throughput_TheSwissAccount,1789545901.202,0.1053,24528,25,2,10822362.4,19744969.0,2
CONT_s7_throughput_TheSwissAccount,1789545901.307,0.1053,42260,33,0,7217593.5,20055331.1,2
CONT_s7_throughput_TheSwissAccount,1789545901.412,0.1051,51468,43,0,6499837.3,21392270.0,2
CONT_s7_throughput_TheSwissAccount,1789545901.518,0.1054,46084,49,2,5080245.6,21519074.2,2
CONT_s7_throughput_TheSwissAccount,1789545901.623,0.1052,39980,43,2,4401874.2,20412747.7,2
CONT_s7_throughput_TheSwissAccount,1789545901.728,0.1053,45700,43,0,5595312.6,19876089.9,2
CONT_s7_throughput_TheSwissAccount,1789545901.837,0.1084,45800,44,2,6214949.9,19843707.4,2
CONT_s7_throughput_TheSwissAccount,1789545901.944,0.1073,44188,42,0,5504726.3,20618186.8,2
CONT_s7_throughput_TheSwissAccount,1789545902.049,0.1053,42916,44,2,6113868.5,19958281.5,2
CONT_s7_throughput_TheSwissAccount,1789545902.154,0.1053,45788,44,0,6221275.9,20708122.5,2
CONT_s7_throughput_TheSwissAccount,1789545902.26,0.1055,26156,28,2,8104736.7,20354291.2,2
CONT_s7_throughput_TheSwissAccount,1789545902.365,0.1054,39260,31,0,6777190.8,20038934.3,2
CONT_s7_throughput_TheSwissAccount,1789545902.471,0.1054,54416,44,0,6057035.4,21445635.5,2
CONT_s7_throughput_TheSwissAccount,1789545902.576,0.1054,44228,43,0,5604063.3,28993276.4,2
CONT_s7_throughput_TheSwissAccount,1789545902.681,0.1053,46224,51,1,5452122.9,34192609.8,2
CONT_s7_throughput_TheSwissAccount,1789545902.787,0.1056,27935,31,1,5445074.5,19996376.1,2
CONT_s7_throughput_TheSwissAccount,1789545902.892,0.1051,46760,36,0,5211596.4,20352189.3,2
CONT_s7_throughput_TheSwissAccount,1789545902.997,0.1052,50280,48,0,5757888.5,27517013.9,2
CONT_s7_throughput_TheSwissAccount,1789545903.103,0.1053,44280,44,0,5326391.0,33969000.5,2
CONT_s7_throughput_TheSwissAccount,1789545903.208,0.1053,41480,44,0,5735681.1,36496783.7,2
CONT_s7_throughput_TheSwissAccount,1789545903.313,0.1054,44368,45,2,4625692.9,28965404.4,2
CONT_s7_throughput_TheSwissAccount,1789545903.419,0.1055,45780,45,0,4962387.3,32021441.5,2
CONT_s7_throughput_TheSwissAccount,1789545903.524,0.1054,42728,42,0,4989089.3,36121459.4,2
CONT_s7_throughput_TheSwissAccount,1789545903.63,0.1054,45072,54,2,3827824.4,32105616.5,2
CONT_s7_throughput_TheSwissAccount,1789545903.735,0.1054,35288,37,2,6871438.9,19737117.7,2
CONT_s7_throughput_TheSwissAccount,1789545903.84,0.1054,33668,33,1,7804643.0,19839475.1,2
CONT_s7_throughput_TheSwissAccount,1789545903.947,0.107,33312,28,1,7367019.7,20014182.0,2
CONT_s7_throughput_TheSwissAccount,1789545904.053,0.1052,29592,36,3,8042253.6,19443609.8,2
CONT_s7_throughput_TheSwissAccount,1789545904.158,0.1052,24720,28,2,10508198.7,19600963.0,2
CONT_s7_throughput_TheSwissAccount,1789545904.263,0.1053,18412,19,0,12855834.9,19725801.2,2
CONT_s7_throughput_TheSwissAccount,1789545904.368,0.1051,19760,18,1,10880441.8,19938538.7,2
CONT_s7_throughput_TheSwissAccount,1789545904.473,0.1052,18400,19,2,13473403.4,19758469.9,2
CONT_s7_throughput_TheSwissAccount,1789545904.579,0.1053,28760,24,0,10530780.6,19981101.7,2
CONT_s7_throughput_TheSwissAccount,1789545904.684,0.1052,43760,34,0,6525714.8,20055004.1,2
CONT_s7_throughput_TheSwissAccount,1789545904.79,0.1058,53176,48,0,5966728.1,27379627.2,2
CONT_s7_throughput_TheSwissAccount,1789545904.895,0.1052,37208,44,3,6407226.4,22628083.7,2
CONT_s7_throughput_TheSwissAccount,1789545905.0,0.1053,23104,25,2,7994966.6,19693844.8,2
CONT_s7_throughput_TheSwissAccount,1789545905.106,0.1053,16924,18,2,12152027.0,19739303.4,2
CONT_s7_throughput_TheSwissAccount,1789545905.212,0.106,18388,19,1,10899084.1,19799587.6,2
CONT_s7_throughput_TheSwissAccount,1789545905.317,0.1052,34964,31,0,8712982.2,19908115.6,2
CONT_s7_throughput_TheSwissAccount,1789545905.422,0.1052,28812,25,1,9292447.8,19954398.8,2
CONT_s7_throughput_TheSwissAccount,1789545905.527,0.1053,30592,30,2,9178271.0,19787206.8,2
CONT_s7_throughput_TheSwissAccount,1789545905.632,0.1053,15488,18,3,11054531.7,19560108.5,2
CONT_s7_throughput_TheSwissAccount,1789545905.738,0.1052,15336,16,1,12609931.1,19729645.0,2
CONT_s7_throughput_TheSwissAccount,1789545905.843,0.1053,22760,20,0,10722629.5,19988188.5,2
CONT_s7_throughput_TheSwissAccount,1789545905.95,0.1075,43760,34,0,6353419.4,20051262.4,2
CONT_s7_throughput_TheSwissAccount,1789545906.055,0.1051,5510,8,1,12521604.0,31472723.7,2
CONT_s7_throughput_TheSwissAccount,1789545906.161,0.1052,486,2,0,13981259.0,23979285.6,2
CONT_s7_throughput_TheSwissAccount,1789545906.266,0.1054,0,0,0,0,0,0
CONT_s7_throughput_TheSwissAccount,1789545906.371,0.1051,0,0,0,0,0,0
CONT_s7_throughput_TheSwissAccount,1789545906.476,0.1052,0,0,0,0,0,0
CONT_s7_throughput_TheSwissAccount,1789545906.582,0.1053,0,0,0,0,0,0
CONT_s7_throughput_TheSwissAccount,1789545906.687,0.1053,0,0,0,0,0,0
CONT_s7_throughput_TheSwissAccount,1789545906.792,0.1054,0,0,0,0,0,0
CONT_s7_throughput_TheSwissAccount,1789545906.897,0.1051,0,0,0,0,0,0
CONT_s7_throughput_TheSwissAccount,1789545907.003,0.1052,0,0,0,0,0,0
CONT_s7_throughput_TheSwissAccount,1789545907.108,0.1052,665,1,0,69083367.0,0,1
CONT_s7_throughput_TheSwissAccount,1789545907.213,0.1054,486,2,0,98980641.5,23281643.5,2
CONT_s7_throughput_TheSwissAccount,1789545907.319,0.1054,0,0,0,0,0,0
CONT_s7_throughput_TheSwissAccount,1789545907.424,0.1052,0,0,0,0,0,0
CONT_s7_throughput_TheSwissAccount,1789545907.529,0.1052,0,0,0,0,0,0
CONT_s7_throughput_TheSwissAccount,1789545907.634,0.1053,0,0,0,0,0,0
CONT_s7_throughput_TheSwissAccount,1789545907.74,0.1053,0,0,0,0,0,0
CONT_s7_throughput_TheSwissAccount,1789545907.845,0.1053,0,0,0,0,0,0
CONT_s7_throughput_TheSwissAccount,1789545907.952,0.1068,0,0,0,0,0,0
CONT_s7_throughput_TheSwissAccount,1789545908.057,0.1053,0,0,0,0,0,0
CONT_s7_throughput_TheSwissAccount,1789545908.162,0.1052,1099,2,0,121311722.5,20906016.0,2
CONT_s7_throughput_TheSwissAccount,1789545908.267,0.1053,52,1,0,216493755.0,42275640.0,1
CONT_s7_throughput_TheSwissAccount,1789545908.373,0.1051,0,0,0,0,0,0
CONT_s7_throughput_TheSwissAccount,1789545908.478,0.1052,0,0,0,0,0,0
CONT_s7_throughput_TheSwissAccount,1789545908.583,0.1052,0,0,0,0,0,0
CONT_s7_throughput_TheSwissAccount,1789545908.688,0.1052,0,0,0,0,0,0
CONT_s7_throughput_TheSwissAccount,1789545908.793,0.1053,0,0,0,0,0,0
CONT_s7_throughput_TheSwissAccount,1789545908.899,0.1051,0,0,0,0,0,0
CONT_s7_throughput_TheSwissAccount,1789545909.004,0.1052,0,0,0,0,0,0
CONT_s7_throughput_TheSwissAccount,1789545909.109,0.1051,0,0,0,0,0,0
CONT_s7_throughput_TheSwissAccount,1789545909.214,0.1052,1099,2,0,163672529.5,20923738.0,2
CONT_s7_throughput_TheSwissAccount,1789545909.319,0.1052,52,1,0,299944683.0,43005989.0,1
CONT_s7_throughput_TheSwissAccount,1789545909.424,0.1051,0,0,0,0,0,0
CONT_s7_throughput_TheSwissAccount,1789545909.53,0.1052,0,0,0,0,0,0
CONT_s7_throughput_TheSwissAccount,1789545909.635,0.1052,0,0,0,0,0,0
CONT_s7_throughput_TheSwissAccount,1789545909.74,0.1052,0,0,0,0,0,0
CONT_s7_throughput_TheSwissAccount,1789545909.845,0.1052,0,0,0,0,0,0
CONT_s7_throughput_TheSwissAccount,1789545909.952,0.1072,0,0,0,0,0,0
CONT_s7_throughput_TheSwissAccount,1789545910.058,0.1052,0,0,0,0,0,0
CONT_s7_throughput_TheSwissAccount,1789545910.163,0.1051,0,0,0,0,0,0
CONT_s7_throughput_TheSwissAccount,1789545910.268,0.1053,0,0,0,0,0,0
CONT_s7_throughput_TheSwissAccount,1789545910.373,0.1051,0,0,0,0,0,0
CONT_s7_throughput_TheSwissAccount,1789545910.478,0.1052,0,0,0,0,0,0
CONT_s7_throughput_TheSwissAccount,1789545910.584,0.1054,0,0,0,0,0,0
CONT_s7_throughput_TheSwissAccount,1789545910.689,0.1052,0,0,0,0,0,0
CONT_s7_throughput_TheSwissAccount,1789545910.794,0.1053,0,0,0,0,0,0
CONT_s7_throughput_TheSwissAccount,1789545910.899,0.1051,0,0,0,0,0,0
CONT_s7_throughput_TheSwissAccount,1789545911.004,0.1052,0,0,0,0,0,0
CONT_s7_throughput_TheSwissAccount,1789545911.11,0.1052,0,0,0,0,0,0
CONT_s7_throughput_TheSwissAccount,1789545911.215,0.1053,0,0,0,0,0,0
CONT_s7_throughput_TheSwissAccount,1789545911.32,0.1053,0,0,0,0,0,0
CONT_s7_throughput_TheSwissAccount,1789545911.426,0.1053,0,0,0,0,0,0
CONT_s7_throughput_TheSwissAccount,1789545911.531,0.1052,0,0,0,0,0,0
CONT_s7_throughput_TheSwissAccount,1789545911.636,0.1052,0,0,0,0,0,0
CONT_s7_throughput_TheSwissAccount,1789545911.741,0.1052,0,0,0,0,0,0
CONT_s7_throughput_TheSwissAccount,1789545911.846,0.1052,0,0,0,0,0,0
CONT_s7_throughput_TheSwissAccount,1789545911.954,0.1075,0,0,0,0,0,0
CONT_s7_throughput_TheSwissAccount,1789545912.059,0.1051,0,0,0,0,0,0
CONT_s7_throughput_TheSwissAccount,1789545912.164,0.1051,0,0,0,0,0,0
CONT_s7_throughput_TheSwissAccount,1789545912.269,0.1053,0,0,0,0,0,0
CONT_s7_throughput_TheSwissAccount,1789545912.375,0.1052,0,0,0,0,0,0
CONT_s7_throughput_TheSwissAccount,1789545912.48,0.1052,0,0,0,0,0,0
CONT_s7_throughput_TheSwissAccount,1789545912.585,0.1052,0,0,0,0,0,0
CONT_s7_throughput_TheSwissAccount,1789545912.69,0.1052,0,0,0,0,0,0
CONT_s7_throughput_TheSwissAccount,1789545912.795,0.1053,0,0,0,0,0,0
CONT_s7_throughput_TheSwissAccount,1789545912.901,0.1051,0,0,0,0,0,0
CONT_s7_throughput_TheSwissAccount,1789545913.006,0.1052,0,0,0,0,0,0
CONT_s7_throughput_TheSwissAccount,1789545913.111,0.1052,0,0,0,0,0,0
CONT_s7_throughput_TheSwissAccount,1789545913.216,0.1052,0,0,0,0,0,0
CONT_s7_throughput_TheSwissAccount,1789545913.321,0.1052,0,0,0,0,0,0
CONT_s7_throughput_TheSwissAccount,1789545913.427,0.1053,0,0,0,0,0,0
CONT_s7_throughput_TheSwissAccount,1789545913.532,0.1053,0,0,0,0,0,0
CONT_s7_throughput_TheSwissAccount,1789545913.637,0.1053,0,0,0,0,0,0
CONT_s7_throughput_TheSwissAccount,1789545913.742,0.1051,0,0,0,0,0,0
CONT_s7_throughput_TheSwissAccount,1789545913.848,0.1052,0,0,0,0,0,0
CONT_s7_throughput_TheSwissAccount,1789545913.954,0.1063,0,0,0,0,0,0
CONT_s7_throughput_TheSwissAccount,1789545914.059,0.1053,0,0,0,0,0,0
CONT_s7_throughput_TheSwissAccount,1789545914.164,0.1052,0,0,0,0,0,0
CONT_s7_throughput_TheSwissAccount,1789545914.27,0.1053,0,0,0,0,0,0
CONT_s7_throughput_TheSwissAccount,1789545914.375,0.1053,0,0,0,0,0,0
CONT_s7_throughput_TheSwissAccount,1789545914.48,0.1052,0,0,0,0,0,0
CONT_s7_throughput_TheSwissAccount,1789545914.585,0.1052,0,0,0,0,0,0
CONT_s7_throughput_TheSwissAccount,1789545914.69,0.1052,0,0,0,0,0,0
CONT_s7_throughput_TheSwissAccount,1789545914.796,0.1053,0,0,0,0,0,0
CONT_s7_throughput_TheSwissAccount,1789545914.901,0.1052,0,0,0,0,0,0
CONT_s7_throughput_TheSwissAccount,1789545915.006,0.1052,0,0,0,0,0,0
CONT_s7_throughput_TheSwissAccount,1789545915.111,0.1052,0,0,0,0,0,0
CONT_s7_throughput_TheSwissAccount,1789545915.216,0.1052,0,0,0,0,0,0
CONT_s7_throughput_TheSwissAccount,1789545915.322,0.1053,0,0,0,0,0,0
CONT_s7_throughput_TheSwissAccount,1789545915.427,0.1054,0,0,0,0,0,0
CONT_s7_throughput_TheSwissAccount,1789545915.532,0.1052,0,0,0,0,0,0
CONT_s7_throughput_TheSwissAccount,1789545915.637,0.1052,0,0,0,0,0,0
CONT_s7_throughput_TheSwissAccount,1789545915.743,0.1055,0,0,0,0,0,0
CONT_s7_throughput_TheSwissAccount,1789545915.848,0.1053,156,3,0,840780685.7,7174936.3,2
CONT_s7_throughput_TheSwissAccount,1789545915.955,0.1064,0,0,0,0,0,0
CONT_s7_throughput_TheSwissAccount,1789545916.06,0.1054,0,0,0,0,0,0
CONT_s7_throughput_TheSwissAccount,1789545916.165,0.1052,0,0,0,0,0,0
CONT_s7_throughput_TheSwissAccount,1789545916.271,0.1054,0,0,0,0,0,0
CONT_s7_throughput_TheSwissAccount,1789545916.376,0.1052,0,0,0,0,0,0
CONT_s7_throughput_TheSwissAccount,1789545916.481,0.1052,0,0,0,0,0,0
CONT_s7_throughput_TheSwissAccount,1789545916.586,0.1052,0,0,0,0,0,0
CONT_s7_throughput_TheSwissAccount,1789545916.691,0.1052,0,0,0,0,0,0
CONT_s7_throughput_TheSwissAccount,1789545916.797,0.1052,0,0,0,0,0,0
CONT_s7_throughput_TheSwissAccount,1789545916.902,0.1054,0,0,0,0,0,0
CONT_s7_throughput_TheSwissAccount,1789545917.007,0.1052,0,0,0,0,0,0
CONT_s7_throughput_TheSwissAccount,1789545917.112,0.1052,0,0,0,0,0,0
CONT_s7_throughput_TheSwissAccount,1789545917.218,0.1054,0,0,0,0,0,0
CONT_s7_throughput_TheSwissAccount,1789545917.323,0.1054,0,0,0,0,0,0
CONT_s7_throughput_TheSwissAccount,1789545917.428,0.1053,0,0,0,0,0,0
CONT_s7_throughput_TheSwissAccount,1789545917.534,0.1052,0,0,0,0,0,0
CONT_s7_throughput_TheSwissAccount,1789545917.639,0.1053,0,0,0,0,0,0
CONT_s7_throughput_TheSwissAccount,1789545917.744,0.1052,0,0,0,0,0,0
CONT_s7_throughput_TheSwissAccount,1789545917.849,0.1052,0,0,0,0,0,0
CONT_s7_throughput_TheSwissAccount,1789545917.956,0.1071,0,0,0,0,0,0
CONT_s7_throughput_TheSwissAccount,1789545918.061,0.1052,0,0,0,0,0,0
CONT_s7_throughput_TheSwissAccount,1789545918.166,0.105,0,0,0,0,0,0
CONT_s7_throughput_TheSwissAccount,1789545918.272,0.1053,0,0,0,0,0,0
CONT_s7_throughput_TheSwissAccount,1789545918.377,0.1051,0,0,0,0,0,0
CONT_s7_throughput_TheSwissAccount,1789545918.482,0.1051,0,0,0,0,0,0
CONT_s7_throughput_TheSwissAccount,1789545918.587,0.105,0,0,0,0,0,0
CONT_s7_throughput_TheSwissAccount,1789545918.692,0.105,0,0,0,0,0,0
CONT_s7_throughput_TheSwissAccount,1789545918.797,0.1053,0,0,0,0,0,0
CONT_s7_throughput_TheSwissAccount,1789545918.902,0.1052,0,0,0,0,0,0
CONT_s7_throughput_TheSwissAccount,1789545919.008,0.1051,0,0,0,0,0,0
CONT_s7_throughput_TheSwissAccount,1789545919.113,0.105,0,0,0,0,0,0
CONT_s7_throughput_TheSwissAccount,1789545919.218,0.1052,0,0,0,0,0,0
CONT_s7_throughput_TheSwissAccount,1789545919.323,0.1054,0,0,0,0,0,0
CONT_s7_throughput_TheSwissAccount,1789545919.428,0.1052,0,0,0,0,0,0
CONT_s7_throughput_TheSwissAccount,1789545919.534,0.1051,0,0,0,0,0,0
CONT_s7_throughput_TheSwissAccount,1789545919.639,0.1051,0,0,0,0,0,0
CONT_s7_throughput_TheSwissAccount,1789545919.744,0.105,0,0,0,0,0,0
CONT_s7_throughput_TheSwissAccount,1789545919.849,0.1051,0,0,0,0,0,0
CONT_s7_throughput_TheSwissAccount,1789545919.956,0.1076,0,0,0,0,0,0
CONT_s7_throughput_TheSwissAccount,1789545920.061,0.1051,0,0,0,0,0,0
CONT_s7_throughput_TheSwissAccount,1789545920.166,0.1051,0,0,0,0,0,0
CONT_s7_throughput_TheSwissAccount,1789545920.272,0.1053,0,0,0,0,0,0
CONT_s7_throughput_TheSwissAccount,1789545920.377,0.1051,0,0,0,0,0,0
CONT_s7_throughput_TheSwissAccount,1789545920.482,0.1051,0,0,0,0,0,0
CONT_s7_throughput_TheSwissAccount,1789545920.587,0.1051,0,0,0,0,0,0
CONT_s7_throughput_TheSwissAccount,1789545920.692,0.105,0,0,0,0,0,0
CONT_s7_throughput_TheSwissAccount,1789545920.797,0.1052,0,0,0,0,0,0
CONT_s7_throughput_TheSwissAccount,1789545920.902,0.1052,0,0,0,0,0,0
CONT_s7_throughput_TheSwissAccount,1789545921.008,0.1051,0,0,0,0,0,0
CONT_s7_throughput_TheSwissAccount,1789545921.113,0.105,0,0,0,0,0,0
CONT_s7_throughput_TheSwissAccount,1789545921.218,0.1052,0,0,0,0,0,0
CONT_s7_throughput_TheSwissAccount,1789545921.323,0.1052,0,0,0,0,0,0
CONT_s7_throughput_TheSwissAccount,1789545921.428,0.1052,0,0,0,0,0,0
CONT_s7_throughput_TheSwissAccount,1789545921.533,0.1051,0,0,0,0,0,0
CONT_s7_throughput_TheSwissAccount,1789545921.639,0.1052,0,0,0,0,0,0
CONT_s7_throughput_TheSwissAccount,1789545921.744,0.1052,0,0,0,0,0,0
CONT_s7_throughput_TheSwissAccount,1789545921.849,0.1052,0,0,0,0,0,0
CONT_s7_throughput_TheSwissAccount,1789545921.955,0.106,0,0,0,0,0,0
CONT_s7_throughput_TheSwissAccount,1789545922.06,0.1053,0,0,0,0,0,0
CONT_s7_throughput_TheSwissAccount,1789545922.165,0.1051,0,0,0,0,0,0
CONT_s7_throughput_TheSwissAccount,1789545922.271,0.1052,0,0,0,0,0,0
CONT_s7_throughput_TheSwissAccount,1789545922.376,0.1051,0,0,0,0,0,0
CONT_s7_throughput_TheSwissAccount,1789545922.481,0.1051,0,0,0,0,0,0
CONT_s7_throughput_TheSwissAccount,1789545922.586,0.1051,0,0,0,0,0,0
CONT_s7_throughput_TheSwissAccount,1789545922.691,0.1051,0,0,0,0,0,0
CONT_s7_throughput_TheSwissAccount,1789545922.796,0.1053,0,0,0,0,0,0
CONT_s7_throughput_TheSwissAccount,1789545922.902,0.1052,0,0,0,0,0,0
CONT_s7_throughput_TheSwissAccount,1789545923.007,0.1052,0,0,0,0,0,0
CONT_s7_throughput_TheSwissAccount,1789545923.112,0.105,0,0,0,0,0,0
CONT_s7_throughput_TheSwissAccount,1789545923.217,0.1052,0,0,0,0,0,0
CONT_s7_throughput_TheSwissAccount,1789545923.322,0.1052,0,0,0,0,0,0
CONT_s7_throughput_TheSwissAccount,1789545923.427,0.1052,0,0,0,0,0,0
CONT_s7_throughput_TheSwissAccount,1789545923.532,0.1051,0,0,0,0,0,0
CONT_s7_throughput_TheSwissAccount,1789545923.638,0.1052,0,0,0,0,0,0
CONT_s7_throughput_TheSwissAccount,1789545923.743,0.1051,0,0,0,0,0,0
CONT_s7_throughput_TheSwissAccount,1789545923.848,0.1052,0,0,0,0,0,0
CONT_s7_throughput_TheSwissAccount,1789545923.956,0.1077,0,0,0,0,0,0
CONT_s7_throughput_TheSwissAccount,1789545924.061,0.1049,0,0,0,0,0,0
CONT_s7_throughput_TheSwissAccount,1789545924.166,0.1052,0,0,0,0,0,0
CONT_s7_throughput_TheSwissAccount,1789545924.271,0.1052,0,0,0,0,0,0
CONT_s7_throughput_TheSwissAccount,1789545924.376,0.105,0,0,0,0,0,0
CONT_s7_throughput_TheSwissAccount,1789545924.481,0.1051,0,0,0,0,0,0
CONT_s7_throughput_TheSwissAccount,1789545924.586,0.105,0,0,0,0,0,0
CONT_s7_throughput_TheSwissAccount,1789545924.691,0.1052,0,0,0,0,0,0
CONT_s7_throughput_TheSwissAccount,1789545924.796,0.1052,0,0,0,0,0,0
CONT_s7_throughput_TheSwissAccount,1789545924.902,0.1052,0,0,0,0,0,0
CONT_s7_throughput_TheSwissAccount,1789545925.007,0.1051,0,0,0,0,0,0
CONT_s7_throughput_TheSwissAccount,1789545925.112,0.105,0,0,0,0,0,0
CONT_s7_throughput_TheSwissAccount,1789545925.217,0.1054,0,0,0,0,0,0
CONT_s7_throughput_TheSwissAccount,1789545925.322,0.1052,0,0,0,0,0,0
CONT_s7_throughput_TheSwissAccount,1789545925.428,0.1052,0,0,0,0,0,0
CONT_s7_throughput_TheSwissAccount,1789545925.533,0.1051,0,0,0,0,0,0
CONT_s7_throughput_TheSwissAccount,1789545925.638,0.1051,0,0,0,0,0,0
CONT_s7_throughput_TheSwissAccount,1789545925.743,0.105,0,0,0,0,0,0
CONT_s7_throughput_TheSwissAccount,1789545925.848,0.105,0,0,0,0,0,0
CONT_s7_throughput_TheSwissAccount,1789545925.953,0.1056,0,0,0,0,0,0
CONT_s7_throughput_TheSwissAccount,1789545926.058,0.1051,0,0,0,0,0,0
CONT_s7_throughput_TheSwissAccount,1789545926.163,0.105,0,0,0,0,0,0
CONT_s7_throughput_TheSwissAccount,1789545926.269,0.1056,0,0,0,0,0,0
CONT_s7_throughput_TheSwissAccount,1789545926.374,0.1051,0,0,0,0,0,0
CONT_s7_throughput_TheSwissAccount,1789545926.479,0.1051,0,0,0,0,0,0
CONT_s7_throughput_TheSwissAccount,1789545926.584,0.1051,0,0,0,0,0,0
CONT_s7_throughput_TheSwissAccount,1789545926.689,0.105,0,0,0,0,0,0
CONT_s7_throughput_TheSwissAccount,1789545926.794,0.1051,0,0,0,0,0,0
CONT_s7_throughput_TheSwissAccount,1789545926.9,0.1051,0,0,0,0,0,0
CONT_s7_throughput_TheSwissAccount,1789545927.005,0.1051,0,0,0,0,0,0
CONT_s7_throughput_TheSwissAccount,1789545927.11,0.1052,0,0,0,0,0,0
CONT_s7_throughput_TheSwissAccount,1789545927.215,0.1052,0,0,0,0,0,0
CONT_s7_throughput_TheSwissAccount,1789545927.32,0.1051,0,0,0,0,0,0
CONT_s7_throughput_TheSwissAccount,1789545927.425,0.1051,0,0,0,0,0,0
CONT_s7_throughput_TheSwissAccount,1789545927.53,0.1051,0,0,0,0,0,0
CONT_s7_throughput_TheSwissAccount,1789545927.636,0.1052,0,0,0,0,0,0
CONT_s7_throughput_TheSwissAccount,1789545927.741,0.1051,0,0,0,0,0,0
CONT_s7_throughput_TheSwissAccount,1789545927.846,0.1051,0,0,0,0,0,0
CONT_s7_throughput_TheSwissAccount,1789545927.952,0.1065,0,0,0,0,0,0
CONT_s7_throughput_TheSwissAccount,1789545928.057,0.1052,0,0,0,0,0,0
CONT_s7_throughput_TheSwissAccount,1789545928.162,0.1049,0,0,0,0,0,0
CONT_s7_throughput_TheSwissAccount,1789545928.267,0.105,0,0,0,0,0,0
CONT_s7_throughput_TheSwissAccount,1789545928.372,0.1051,0,0,0,0,0,0
CONT_s7_throughput_TheSwissAccount,1789545928.478,0.1051,0,0,0,0,0,0
CONT_s7_throughput_TheSwissAccount,1789545928.583,0.105,0,0,0,0,0,0
CONT_s7_throughput_TheSwissAccount,1789545928.688,0.105,0,0,0,0,0,0
CONT_s7_throughput_TheSwissAccount,1789545928.793,0.105,0,0,0,0,0,0
CONT_s7_throughput_TheSwissAccount,1789545928.898,0.1051,0,0,0,0,0,0
CONT_s7_throughput_TheSwissAccount,1789545929.003,0.1051,0,0,0,0,0,0
CONT_s7_throughput_TheSwissAccount,1789545929.108,0.1051,0,0,0,0,0,0
CONT_s7_throughput_TheSwissAccount,1789545929.213,0.1053,0,0,0,0,0,0
CONT_s7_throughput_TheSwissAccount,1789545929.319,0.1054,0,0,0,0,0,0
CONT_s7_throughput_TheSwissAccount,1789545929.424,0.1052,0,0,0,0,0,0
CONT_s7_throughput_TheSwissAccount,1789545929.529,0.1051,0,0,0,0,0,0
CONT_s7_throughput_TheSwissAccount,1789545929.634,0.105,0,0,0,0,0,0
CONT_s7_throughput_TheSwissAccount,1789545929.739,0.105,0,0,0,0,0,0
CONT_s7_throughput_TheSwissAccount,1789545929.845,0.1057,0,0,0,0,0,0
CONT_s7_throughput_TheSwissAccount,1789545929.952,0.1072,0,0,0,0,0,0
CONT_s7_throughput_TheSwissAccount,1789545930.057,0.1051,0,0,0,0,0,0
CONT_s7_throughput_TheSwissAccount,1789545930.162,0.1051,0,0,0,0,0,0
CONT_s7_throughput_TheSwissAccount,1789545930.267,0.1051,0,0,0,0,0,0
CONT_s7_throughput_TheSwissAccount,1789545930.372,0.1051,0,0,0,0,0,0
CONT_s7_throughput_TheSwissAccount,1789545930.478,0.1051,0,0,0,0,0,0
CONT_s7_throughput_TheSwissAccount,1789545930.583,0.1052,0,0,0,0,0,0
CONT_s7_throughput_TheSwissAccount,1789545930.688,0.1051,0,0,0,0,0,0
CONT_s7_throughput_TheSwissAccount,1789545930.793,0.105,0,0,0,0,0,0
CONT_s7_throughput_TheSwissAccount,1789545930.898,0.1052,0,0,0,0,0,0
CONT_s7_throughput_TheSwissAccount,1789545931.003,0.1051,0,0,0,0,0,0
CONT_s7_throughput_TheSwissAccount,1789545931.108,0.1051,0,0,0,0,0,0
CONT_s7_throughput_TheSwissAccount,1789545931.213,0.1051,0,0,0,0,0,0
CONT_s7_throughput_TheSwissAccount,1789545931.319,0.1051,0,0,0,0,0,0
CONT_s7_throughput_TheSwissAccount,1789545931.426,0.1074,0,0,0,0,0,0
CONT_s7_throughput_TheSwissAccount,1789545931.531,0.1051,0,0,0,0,0,0
CONT_s7_throughput_TheSwissAccount,1789545931.636,0.1048,0,0,0,0,0,0
CONT_s7_throughput_TheSwissAccount,1789545931.741,0.105,0,0,0,0,0,0
CONT_s7_throughput_TheSwissAccount,1789545931.846,0.1051,0,0,0,0,0,0
CONT_s7_throughput_TheSwissAccount,1789545931.953,0.1069,0,0,0,0,0,0
CONT_s7_throughput_TheSwissAccount,1789545932.058,0.1051,0,0,0,0,0,0
CONT_s7_throughput_TheSwissAccount,1789545932.163,0.1051,0,0,0,0,0,0
CONT_s7_throughput_TheSwissAccount,1789545932.268,0.105,0,0,0,0,0,0
CONT_s7_throughput_TheSwissAccount,1789545932.373,0.105,0,0,0,0,0,0
CONT_s7_throughput_TheSwissAccount,1789545932.478,0.1051,0,0,0,0,0,0
CONT_s7_throughput_TheSwissAccount,1789545932.583,0.105,0,0,0,0,0,0
CONT_s7_throughput_TheSwissAccount,1789545932.688,0.105,0,0,0,0,0,0
CONT_s7_throughput_TheSwissAccount,1789545932.793,0.1052,0,0,0,0,0,0
CONT_s7_throughput_TheSwissAccount,1789545932.898,0.1051,0,0,0,0,0,0
CONT_s7_throughput_TheSwissAccount,1789545933.003,0.1051,0,0,0,0,0,0
CONT_s7_throughput_TheSwissAccount,1789545933.108,0.105,0,0,0,0,0,0
CONT_s7_throughput_TheSwissAccount,1789545933.213,0.105,0,0,0,0,0,0
CONT_s7_throughput_TheSwissAccount,1789545933.319,0.1051,0,0,0,0,0,0
CONT_s7_throughput_TheSwissAccount,1789545933.424,0.1052,0,0,0,0,0,0
CONT_s7_throughput_TheSwissAccount,1789545933.529,0.1051,0,0,0,0,0,0
CONT_s7_throughput_TheSwissAccount,1789545933.634,0.1051,0,0,0,0,0,0
CONT_s7_throughput_TheSwissAccount,1789545933.739,0.105,0,0,0,0,0,0
CONT_s7_throughput_TheSwissAccount,1789545933.844,0.1051,0,0,0,0,0,0
CONT_s7_throughput_TheSwissAccount,1789545933.952,0.1082,0,0,0,0,0,0
CONT_s7_throughput_TheSwissAccount,1789545934.057,0.1051,0,0,0,0,0,0
CONT_s7_throughput_TheSwissAccount,1789545934.162,0.105,0,0,0,0,0,0
CONT_s7_throughput_TheSwissAccount,1789545934.267,0.105,0,0,0,0,0,0
CONT_s7_throughput_TheSwissAccount,1789545934.373,0.1051,0,0,0,0,0,0
CONT_s7_throughput_TheSwissAccount,1789545934.478,0.1051,0,0,0,0,0,0
CONT_s7_throughput_TheSwissAccount,1789545934.583,0.105,0,0,0,0,0,0
CONT_s7_throughput_TheSwissAccount,1789545934.688,0.105,0,0,0,0,0,0
CONT_s7_throughput_TheSwissAccount,1789545934.793,0.1049,0,0,0,0,0,0
CONT_s7_throughput_TheSwissAccount,1789545934.898,0.105,0,0,0,0,0,0
CONT_s7_throughput_TheSwissAccount,1789545935.003,0.1051,0,0,0,0,0,0
CONT_s7_throughput_TheSwissAccount,1789545935.107,0.1048,0,0,0,0,0,0
CONT_s7_throughput_TheSwissAccount,1789545935.212,0.1049,0,0,0,0,0,0
CONT_s7_throughput_TheSwissAccount,1789545935.317,0.105,0,0,0,0,0,0
CONT_s7_throughput_TheSwissAccount,1789545935.423,0.1052,0,0,0,0,0,0
CONT_s7_throughput_TheSwissAccount,1789545935.528,0.1052,0,0,0,0,0,0
CONT_s7_throughput_TheSwissAccount,1789545935.633,0.1051,0,0,0,0,0,0
CONT_s7_throughput_TheSwissAccount,1789545935.738,0.105,0,0,0,0,0,0
CONT_s7_throughput_TheSwissAccount,1789545935.843,0.1051,0,0,0,0,0,0
CONT_s7_throughput_TheSwissAccount,1789545935.951,0.108,0,0,0,0,0,0
CONT_s7_throughput_TheSwissAccount,1789545936.056,0.1051,0,0,0,0,0,0
