run_id,t_epoch,dt,delta_bytes,delta_packets,delta_reorder,jitter_ns,rtt_ns,active_flows
CONT_s6_throughput_RedBullPlayStreets,1789784284.805,0.1001,0,0,0,0,0,0
CONT_s6_throughput_RedBullPlayStreets,1789784284.906,0.1014,0,0,0,0,0,0
CONT_s6_throughput_RedBullPlayStreets,1789784285.008,0.1015,141,1,0,0.0,0,1
CONT_s6_throughput_RedBullPlayStreets,1789784285.109,0.1015,0,0,0,0,0,0
CONT_s6_throughput_RedBullPlayStreets,1789784285.211,0.1016,0,0,0,0,0,0
CONT_s6_throughput_RedBullPlayStreets,1789784285.312,0.1016,0,0,0,0,0,0
CONT_s6_throughput_RedBullPlayStreets,1789784285.414,0.1017,0,0,0,0,0,0
CONT_s6_throughput_RedBullPlayStreets,1789784285.516,0.1016,0,0,0,0,0,0
CONT_s6_throughput_RedBullPlayStreets,1789784285.617,0.1014,0,0,0,0,0,0
CONT_s6_throughput_RedBullPlayStreets,1789784285.719,0.1015,0,0,0,0,0,0
CONT_s6_throughput_RedBullPlayStreets,1789784285.82,0.1015,0,0,0,0,0,0
CONT_s6_throughput_RedBullPlayStreets,1789784285.922,0.1017,0,0,0,0,0,0
CONT_s6_throughput_RedBullPlayStreets,1789784286.024,0.1017,0,0,0,0,0,0
CONT_s6_throughput_RedBullPlayStreets,1789784286.125,0.1014,0,0,0,0,0,0
CONT_s6_throughput_RedBullPlayStreets,1789784286.226,0.1015,0,0,0,0,0,0
CONT_s6_throughput_RedBullPlayStreets,1789784286.33,0.1031,0,0,0,0,0,0
CONT_s6_throughput_RedBullPlayStreets,1789784286.431,0.1018,0,0,0,0,0,0
CONT_s6_throughput_RedBullPlayStreets,1789784286.533,0.1016,0,0,0,0,0,0
CONT_s6_throughput_RedBullPlayStreets,1789784286.634,0.1015,0,0,0,0,0,0
CONT_s6_throughput_RedBullPlayStreets,1789784286.736,0.1015,0,0,0,0,0,0
CONT_s6_throughput_RedBullPlayStreets,1789784286.838,0.1017,0,0,0,0,0,0
CONT_s6_throughput_RedBullPlayStreets,1789784286.94,0.1019,141,1,0,0.0,0,1
CONT_s6_throughput_RedBullPlayStreets,1789784287.041,0.1017,0,0,0,0,0,0
CONT_s6_throughput_RedBullPlayStreets,1789784287.143,0.1015,0,0,0,0,0,0
CONT_s6_throughput_RedBullPlayStreets,1789784287.244,0.1016,0,0,0,0,0,0
CONT_s6_throughput_RedBullPlayStreets,1789784287.346,0.1017,0,0,0,0,0,0
CONT_s6_throughput_RedBullPlayStreets,1789784287.449,0.1028,0,0,0,0,0,0
CONT_s6_throughput_RedBullPlayStreets,1789784287.55,0.1015,0,0,0,0,0,0
CONT_s6_throughput_RedBullPlayStreets,1789784287.652,0.1014,0,0,0,0,0,0
CONT_s6_throughput_RedBullPlayStreets,1789784287.753,0.1015,0,0,0,0,0,0
CONT_s6_throughput_RedBullPlayStreets,1789784287.855,0.1017,0,0,0,0,0,0
CONT_s6_throughput_RedBullPlayStreets,1789784287.957,0.102,0,0,0,0,0,0
CONT_s6_throughput_RedBullPlayStreets,1789784288.058,0.1015,0,0,0,0,0,0
CONT_s6_throughput_RedBullPlayStreets,1789784288.16,0.1014,0,0,0,0,0,0
CONT_s6_throughput_RedBullPlayStreets,1789784288.261,0.1015,0,0,0,0,0,0
CONT_s6_throughput_RedBullPlayStreets,1789784288.363,0.1017,0,0,0,0,0,0
CONT_s6_throughput_RedBullPlayStreets,1789784288.465,0.1017,0,0,0,0,0,0
CONT_s6_throughput_RedBullPlayStreets,1789784288.566,0.1015,0,0,0,0,0,0
CONT_s6_throughput_RedBullPlayStreets,1789784288.668,0.1015,0,0,0,0,0,0
CONT_s6_throughput_RedBullPlayStreets,1789784288.769,0.1015,0,0,0,0,0,0
CONT_s6_throughput_RedBullPlayStreets,1789784288.871,0.1016,0,0,0,0,0,0
CONT_s6_throughput_RedBullPlayStreets,1789784288.973,0.1017,141,1,0,58536.0,0,1
CONT_s6_throughput_RedBullPlayStreets,1789784289.074,0.1017,0,0,0,0,0,0
CONT_s6_throughput_RedBullPlayStreets,1789784289.176,0.1015,0,0,0,0,0,0
CONT_s6_throughput_RedBullPlayStreets,1789784289.277,0.1015,0,0,0,0,0,0
CONT_s6_throughput_RedBullPlayStreets,1789784289.379,0.1017,0,0,0,0,0,0
CONT_s6_throughput_RedBullPlayStreets,1789784289.481,0.1017,0,0,0,0,0,0
CONT_s6_throughput_RedBullPlayStreets,1789784289.582,0.1015,0,0,0,0,0,0
CONT_s6_throughput_RedBullPlayStreets,1789784289.684,0.1015,0,0,0,0,0,0
CONT_s6_throughput_RedBullPlayStreets,1789784289.785,0.1015,0,0,0,0,0,0
CONT_s6_throughput_RedBullPlayStreets,1789784289.887,0.1017,0,0,0,0,0,0
CONT_s6_throughput_RedBullPlayStreets,1789784289.989,0.1017,0,0,0,0,0,0
CONT_s6_throughput_RedBullPlayStreets,1789784290.09,0.1016,0,0,0,0,0,0
CONT_s6_throughput_RedBullPlayStreets,1789784290.192,0.1015,0,0,0,0,0,0
CONT_s6_throughput_RedBullPlayStreets,1789784290.293,0.1015,0,0,0,0,0,0
CONT_s6_throughput_RedBullPlayStreets,1789784290.395,0.1017,0,0,0,0,0,0
CONT_s6_throughput_RedBullPlayStreets,1789784290.497,0.1017,0,0,0,0,0,0
CONT_s6_throughput_RedBullPlayStreets,1789784290.598,0.1014,0,0,0,0,0,0
CONT_s6_throughput_RedBullPlayStreets,1789784290.699,0.1015,0,0,0,0,0,0
CONT_s6_throughput_RedBullPlayStreets,1789784290.801,0.1015,0,0,0,0,0,0
CONT_s6_throughput_RedBullPlayStreets,1789784290.903,0.1017,0,0,0,0,0,0
CONT_s6_throughput_RedBullPlayStreets,1789784291.004,0.1017,141,1,0,196972.0,0,1
CONT_s6_throughput_RedBullPlayStreets,1789784291.106,0.1014,0,0,0,0,0,0
CONT_s6_throughput_RedBullPlayStreets,1789784291.207,0.1015,0,0,0,0,0,0
CONT_s6_throughput_RedBullPlayStreets,1789784291.309,0.1015,0,0,0,0,0,0
CONT_s6_throughput_RedBullPlayStreets,1789784291.411,0.1017,0,0,0,0,0,0
CONT_s6_throughput_RedBullPlayStreets,1789784291.512,0.1016,0,0,0,0,0,0
CONT_s6_throughput_RedBullPlayStreets,1789784291.614,0.1014,0,0,0,0,0,0
CONT_s6_throughput_RedBullPlayStreets,1789784291.715,0.1015,0,0,0,0,0,0
CONT_s6_throughput_RedBullPlayStreets,1789784291.817,0.1015,0,0,0,0,0,0
CONT_s6_throughput_RedBullPlayStreets,1789784291.918,0.1017,0,0,0,0,0,0
CONT_s6_throughput_RedBullPlayStreets,1789784292.02,0.1016,0,0,0,0,0,0
CONT_s6_throughput_RedBullPlayStreets,1789784292.121,0.1014,0,0,0,0,0,0
CONT_s6_throughput_RedBullPlayStreets,1789784292.223,0.1016,0,0,0,0,0,0
CONT_s6_throughput_RedBullPlayStreets,1789784292.324,0.1016,0,0,0,0,0,0
CONT_s6_throughput_RedBullPlayStreets,1789784292.426,0.1017,0,0,0,0,0,0
CONT_s6_throughput_RedBullPlayStreets,1789784292.528,0.1016,0,0,0,0,0,0
CONT_s6_throughput_RedBullPlayStreets,1789784292.629,0.1014,0,0,0,0,0,0
CONT_s6_throughput_RedBullPlayStreets,1789784292.731,0.1015,0,0,0,0,0,0
CONT_s6_throughput_RedBullPlayStreets,1789784292.833,0.102,0,0,0,0,0,0
CONT_s6_throughput_RedBullPlayStreets,1789784292.934,0.1017,0,0,0,0,0,0
CONT_s6_throughput_RedBullPlayStreets,1789784293.036,0.1017,141,1,0,689403.0,0,1
CONT_s6_throughput_RedBullPlayStreets,1789784293.137,0.1014,0,0,0,0,0,0
CONT_s6_throughput_RedBullPlayStreets,1789784293.239,0.1016,0,0,0,0,0,0
CONT_s6_throughput_RedBullPlayStreets,1789784293.341,0.1016,0,0,0,0,0,0
CONT_s6_throughput_RedBullPlayStreets,1789784293.443,0.1028,0,0,0,0,0,0
CONT_s6_throughput_RedBullPlayStreets,1789784293.545,0.1016,0,0,0,0,0,0
CONT_s6_throughput_RedBullPlayStreets,1789784293.647,0.1014,0,0,0,0,0,0
CONT_s6_throughput_RedBullPlayStreets,1789784293.748,0.1015,0,0,0,0,0,0
CONT_s6_throughput_RedBullPlayStreets,1789784293.85,0.1016,0,0,0,0,0,0
CONT_s6_throughput_RedBullPlayStreets,1789784293.952,0.1024,0,0,0,0,0,0
CONT_s6_throughput_RedBullPlayStreets,1789784294.054,0.1014,0,0,0,0,0,0
CONT_s6_throughput_RedBullPlayStreets,1789784294.155,0.1015,0,0,0,0,0,0
CONT_s6_throughput_RedBullPlayStreets,1789784294.256,0.1015,0,0,0,0,0,0
CONT_s6_throughput_RedBullPlayStreets,1789784294.358,0.1017,0,0,0,0,0,0
CONT_s6_throughput_RedBullPlayStreets,1789784294.46,0.1016,0,0,0,0,0,0
CONT_s6_throughput_RedBullPlayStreets,1789784294.561,0.1014,0,0,0,0,0,0
CONT_s6_throughput_RedBullPlayStreets,1789784294.663,0.1015,0,0,0,0,0,0
CONT_s6_throughput_RedBullPlayStreets,1789784294.764,0.1015,0,0,0,0,0,0
CONT_s6_throughput_RedBullPlayStreets,1789784294.866,0.1017,0,0,0,0,0,0
CONT_s6_throughput_RedBullPlayStreets,1789784294.968,0.102,141,1,0,651774.0,0,1
CONT_s6_throughput_RedBullPlayStreets,1789784295.069,0.1015,0,0,0,0,0,0
CONT_s6_throughput_RedBullPlayStreets,1789784295.171,0.1014,0,0,0,0,0,0
CONT_s6_throughput_RedBullPlayStreets,1789784295.272,0.1015,0,0,0,0,0,0
CONT_s6_throughput_RedBullPlayStreets,1789784295.374,0.1016,0,0,0,0,0,0
CONT_s6_throughput_RedBullPlayStreets,1789784295.475,0.1017,0,0,0,0,0,0
CONT_s6_throughput_RedBullPlayStreets,1789784295.577,0.1014,0,0,0,0,0,0
CONT_s6_throughput_RedBullPlayStreets,1789784295.678,0.1015,0,0,0,0,0,0
CONT_s6_throughput_RedBullPlayStreets,1789784295.78,0.1015,0,0,0,0,0,0
CONT_s6_throughput_RedBullPlayStreets,1789784295.881,0.1016,0,0,0,0,0,0
CONT_s6_throughput_RedBullPlayStreets,1789784295.983,0.1017,0,0,0,0,0,0
CONT_s6_throughput_RedBullPlayStreets,1789784296.085,0.1015,0,0,0,0,0,0
CONT_s6_throughput_RedBullPlayStreets,1789784296.186,0.1015,0,0,0,0,0,0
CONT_s6_throughput_RedBullPlayStreets,1789784296.288,0.1015,0,0,0,0,0,0
CONT_s6_throughput_RedBullPlayStreets,1789784296.389,0.1017,0,0,0,0,0,0
CONT_s6_throughput_RedBullPlayStreets,1789784296.491,0.1017,0,0,0,0,0,0
CONT_s6_throughput_RedBullPlayStreets,1789784296.592,0.1014,0,0,0,0,0,0
CONT_s6_throughput_RedBullPlayStreets,1789784296.694,0.1015,0,0,0,0,0,0
CONT_s6_throughput_RedBullPlayStreets,1789784296.795,0.1014,0,0,0,0,0,0
CONT_s6_throughput_RedBullPlayStreets,1789784296.897,0.1017,0,0,0,0,0,0
CONT_s6_throughput_RedBullPlayStreets,1789784296.998,0.1016,141,1,0,730970.0,0,1
CONT_s6_throughput_RedBullPlayStreets,1789784297.1,0.1014,0,0,0,0,0,0
CONT_s6_throughput_RedBullPlayStreets,1789784297.201,0.1015,0,0,0,0,0,0
CONT_s6_throughput_RedBullPlayStreets,1789784297.303,0.1017,0,0,0,0,0,0
CONT_s6_throughput_RedBullPlayStreets,1789784297.405,0.1016,0,0,0,0,0,0
CONT_s6_throughput_RedBullPlayStreets,1789784297.506,0.1017,0,0,0,0,0,0
CONT_s6_throughput_RedBullPlayStreets,1789784297.608,0.1014,0,0,0,0,0,0
CONT_s6_throughput_RedBullPlayStreets,1789784297.709,0.1015,0,0,0,0,0,0
CONT_s6_throughput_RedBullPlayStreets,1789784297.811,0.1015,0,0,0,0,0,0
CONT_s6_throughput_RedBullPlayStreets,1789784297.912,0.1017,0,0,0,0,0,0
CONT_s6_throughput_RedBullPlayStreets,1789784298.014,0.1017,0,0,0,0,0,0
CONT_s6_throughput_RedBullPlayStreets,1789784298.116,0.1014,0,0,0,0,0,0
CONT_s6_throughput_RedBullPlayStreets,1789784298.217,0.1015,0,0,0,0,0,0
CONT_s6_throughput_RedBullPlayStreets,1789784298.318,0.1015,0,0,0,0,0,0
CONT_s6_throughput_RedBullPlayStreets,1789784298.42,0.1017,0,0,0,0,0,0
CONT_s6_throughput_RedBullPlayStreets,1789784298.522,0.1017,0,0,0,0,0,0
CONT_s6_throughput_RedBullPlayStreets,1789784298.623,0.1014,0,0,0,0,0,0
CONT_s6_throughput_RedBullPlayStreets,1789784298.725,0.1015,0,0,0,0,0,0
CONT_s6_throughput_RedBullPlayStreets,1789784298.826,0.1015,0,0,0,0,0,0
CONT_s6_throughput_RedBullPlayStreets,1789784298.928,0.1017,0,0,0,0,0,0
CONT_s6_throughput_RedBullPlayStreets,1789784299.029,0.1017,141,1,0,834936.0,0,1
CONT_s6_throughput_RedBullPlayStreets,1789784299.131,0.1015,0,0,0,0,0,0
CONT_s6_throughput_RedBullPlayStreets,1789784299.233,0.1018,0,0,0,0,0,0
CONT_s6_throughput_RedBullPlayStreets,1789784299.334,0.1018,0,0,0,0,0,0
CONT_s6_throughput_RedBullPlayStreets,1789784299.437,0.102,0,0,0,0,0,0
CONT_s6_throughput_RedBullPlayStreets,1789784299.538,0.1017,0,0,0,0,0,0
CONT_s6_throughput_RedBullPlayStreets,1789784299.64,0.1014,0,0,0,0,0,0
CONT_s6_throughput_RedBullPlayStreets,1789784299.741,0.1016,0,0,0,0,0,0
CONT_s6_throughput_RedBullPlayStreets,1789784299.843,0.1018,0,0,0,0,0,0
CONT_s6_throughput_RedBullPlayStreets,1789784299.946,0.1029,0,0,0,0,0,0
CONT_s6_throughput_RedBullPlayStreets,1789784300.047,0.1016,0,0,0,0,0,0
CONT_s6_throughput_RedBullPlayStreets,1789784300.149,0.1015,0,0,0,0,0,0
CONT_s6_throughput_RedBullPlayStreets,1789784300.251,0.1016,0,0,0,0,0,0
CONT_s6_throughput_RedBullPlayStreets,1789784300.352,0.1016,0,0,0,0,0,0
CONT_s6_throughput_RedBullPlayStreets,1789784300.454,0.1019,0,0,0,0,0,0
CONT_s6_throughput_RedBullPlayStreets,1789784300.555,0.1015,0,0,0,0,0,0
CONT_s6_throughput_RedBullPlayStreets,1789784300.657,0.1015,0,0,0,0,0,0
CONT_s6_throughput_RedBullPlayStreets,1789784300.759,0.1016,0,0,0,0,0,0
CONT_s6_throughput_RedBullPlayStreets,1789784300.86,0.1017,0,0,0,0,0,0
CONT_s6_throughput_RedBullPlayStreets,1789784300.962,0.1017,0,0,0,0,0,0
CONT_s6_throughput_RedBullPlayStreets,1789784301.063,0.1015,141,1,0,1123893.0,0,1
CONT_s6_throughput_RedBullPlayStreets,1789784301.165,0.1015,0,0,0,0,0,0
CONT_s6_throughput_RedBullPlayStreets,1789784301.266,0.1015,0,0,0,0,0,0
CONT_s6_throughput_RedBullPlayStreets,1789784301.368,0.1016,0,0,0,0,0,0
CONT_s6_throughput_RedBullPlayStreets,1789784301.47,0.1016,0,0,0,0,0,0
CONT_s6_throughput_RedBullPlayStreets,1789784301.571,0.1015,0,0,0,0,0,0
CONT_s6_throughput_RedBullPlayStreets,1789784301.673,0.1014,0,0,0,0,0,0
CONT_s6_throughput_RedBullPlayStreets,1789784301.774,0.1017,0,0,0,0,0,0
CONT_s6_throughput_RedBullPlayStreets,1789784301.876,0.1017,0,0,0,0,0,0
CONT_s6_throughput_RedBullPlayStreets,1789784301.977,0.1016,0,0,0,0,0,0
CONT_s6_throughput_RedBullPlayStreets,1789784302.079,0.1015,0,0,0,0,0,0
CONT_s6_throughput_RedBullPlayStreets,1789784302.18,0.1014,0,0,0,0,0,0
CONT_s6_throughput_RedBullPlayStreets,1789784302.282,0.1016,0,0,0,0,0,0
CONT_s6_throughput_RedBullPlayStreets,1789784302.384,0.1016,0,0,0,0,0,0
CONT_s6_throughput_RedBullPlayStreets,1789784302.485,0.1016,0,0,0,0,0,0
CONT_s6_throughput_RedBullPlayStreets,1789784302.587,0.1016,0,0,0,0,0,0
CONT_s6_throughput_RedBullPlayStreets,1789784302.688,0.1014,0,0,0,0,0,0
CONT_s6_throughput_RedBullPlayStreets,1789784302.79,0.1016,0,0,0,0,0,0
CONT_s6_throughput_RedBullPlayStreets,1789784302.891,0.1016,0,0,0,0,0,0
CONT_s6_throughput_RedBullPlayStreets,1789784302.993,0.1016,141,1,0,1878305.0,0,1
CONT_s6_throughput_RedBullPlayStreets,1789784303.095,0.1015,0,0,0,0,0,0
CONT_s6_throughput_RedBullPlayStreets,1789784303.196,0.1016,0,0,0,0,0,0
CONT_s6_throughput_RedBullPlayStreets,1789784303.298,0.1016,0,0,0,0,0,0
CONT_s6_throughput_RedBullPlayStreets,1789784303.399,0.1017,0,0,0,0,0,0
CONT_s6_throughput_RedBullPlayStreets,1789784303.501,0.1016,0,0,0,0,0,0
CONT_s6_throughput_RedBullPlayStreets,1789784303.602,0.1014,0,0,0,0,0,0
CONT_s6_throughput_RedBullPlayStreets,1789784303.704,0.1015,0,0,0,0,0,0
CONT_s6_throughput_RedBullPlayStreets,1789784303.805,0.1015,0,0,0,0,0,0
CONT_s6_throughput_RedBullPlayStreets,1789784303.907,0.1017,0,0,0,0,0,0
CONT_s6_throughput_RedBullPlayStreets,1789784304.009,0.1018,0,0,0,0,0,0
CONT_s6_throughput_RedBullPlayStreets,1789784304.11,0.1015,0,0,0,0,0,0
CONT_s6_throughput_RedBullPlayStreets,1789784304.212,0.1015,0,0,0,0,0,0
CONT_s6_throughput_RedBullPlayStreets,1789784304.313,0.1015,0,0,0,0,0,0
CONT_s6_throughput_RedBullPlayStreets,1789784304.415,0.1017,0,0,0,0,0,0
CONT_s6_throughput_RedBullPlayStreets,1789784304.517,0.1017,0,0,0,0,0,0
CONT_s6_throughput_RedBullPlayStreets,1789784304.618,0.1016,0,0,0,0,0,0
CONT_s6_throughput_RedBullPlayStreets,1789784304.72,0.1015,0,0,0,0,0,0
CONT_s6_throughput_RedBullPlayStreets,1789784304.821,0.1016,0,0,0,0,0,0
CONT_s6_throughput_RedBullPlayStreets,1789784304.923,0.1017,0,0,0,0,0,0
CONT_s6_throughput_RedBullPlayStreets,1789784305.025,0.1017,141,1,0,2527208.0,0,1
CONT_s6_throughput_RedBullPlayStreets,1789784305.127,0.1018,0,0,0,0,0,0
CONT_s6_throughput_RedBullPlayStreets,1789784305.228,0.1018,0,0,0,0,0,0
CONT_s6_throughput_RedBullPlayStreets,1789784305.331,0.1026,0,0,0,0,0,0
CONT_s6_throughput_RedBullPlayStreets,1789784305.433,0.1017,0,0,0,0,0,0
CONT_s6_throughput_RedBullPlayStreets,1789784305.534,0.1017,0,0,0,0,0,0
CONT_s6_throughput_RedBullPlayStreets,1789784305.636,0.1015,0,0,0,0,0,0
CONT_s6_throughput_RedBullPlayStreets,1789784305.738,0.1016,0,0,0,0,0,0
CONT_s6_throughput_RedBullPlayStreets,1789784305.839,0.1019,0,0,0,0,0,0
CONT_s6_throughput_RedBullPlayStreets,1789784305.943,0.1031,0,0,0,0,0,0
CONT_s6_throughput_RedBullPlayStreets,1789784306.044,0.1017,0,0,0,0,0,0
CONT_s6_throughput_RedBullPlayStreets,1789784306.146,0.1014,0,0,0,0,0,0
CONT_s6_throughput_RedBullPlayStreets,1789784306.247,0.1015,0,0,0,0,0,0
CONT_s6_throughput_RedBullPlayStreets,1789784306.349,0.1017,0,0,0,0,0,0
CONT_s6_throughput_RedBullPlayStreets,1789784306.452,0.1027,0,0,0,0,0,0
CONT_s6_throughput_RedBullPlayStreets,1789784306.553,0.1014,0,0,0,0,0,0
CONT_s6_throughput_RedBullPlayStreets,1789784306.655,0.1016,0,0,0,0,0,0
CONT_s6_throughput_RedBullPlayStreets,1789784306.756,0.1016,0,0,0,0,0,0
CONT_s6_throughput_RedBullPlayStreets,1789784306.858,0.1017,0,0,0,0,0,0
CONT_s6_throughput_RedBullPlayStreets,1789784306.96,0.1017,0,0,0,0,0,0
CONT_s6_throughput_RedBullPlayStreets,1789784307.061,0.1014,141,1,0,2420958.0,0,1
CONT_s6_throughput_RedBullPlayStreets,1789784307.162,0.1015,0,0,0,0,0,0
CONT_s6_throughput_RedBullPlayStreets,1789784307.264,0.1015,0,0,0,0,0,0
CONT_s6_throughput_RedBullPlayStreets,1789784307.366,0.1016,0,0,0,0,0,0
CONT_s6_throughput_RedBullPlayStreets,1789784307.467,0.1017,0,0,0,0,0,0
CONT_s6_throughput_RedBullPlayStreets,1789784307.569,0.1014,0,0,0,0,0,0
CONT_s6_throughput_RedBullPlayStreets,1789784307.67,0.1015,0,0,0,0,0,0
CONT_s6_throughput_RedBullPlayStreets,1789784307.772,0.1016,0,0,0,0,0,0
CONT_s6_throughput_RedBullPlayStreets,1789784307.874,0.1017,0,0,0,0,0,0
CONT_s6_throughput_RedBullPlayStreets,1789784307.975,0.1016,0,0,0,0,0,0
CONT_s6_throughput_RedBullPlayStreets,1789784308.077,0.1014,0,0,0,0,0,0
CONT_s6_throughput_RedBullPlayStreets,1789784308.178,0.1014,0,0,0,0,0,0
CONT_s6_throughput_RedBullPlayStreets,1789784308.28,0.1015,0,0,0,0,0,0
CONT_s6_throughput_RedBullPlayStreets,1789784308.381,0.1016,0,0,0,0,0,0
CONT_s6_throughput_RedBullPlayStreets,1789784308.483,0.1016,0,0,0,0,0,0
CONT_s6_throughput_RedBullPlayStreets,1789784308.584,0.1014,0,0,0,0,0,0
CONT_s6_throughput_RedBullPlayStreets,1789784308.686,0.1014,0,0,0,0,0,0
CONT_s6_throughput_RedBullPlayStreets,1789784308.787,0.1015,0,0,0,0,0,0
CONT_s6_throughput_RedBullPlayStreets,1789784308.889,0.1017,0,0,0,0,0,0
CONT_s6_throughput_RedBullPlayStreets,1789784308.99,0.1017,0,0,0,0,0,0
CONT_s6_throughput_RedBullPlayStreets,1789784309.092,0.1015,141,1,0,2875798.0,0,1
CONT_s6_throughput_RedBullPlayStreets,1789784309.194,0.1015,0,0,0,0,0,0
CONT_s6_throughput_RedBullPlayStreets,1789784309.295,0.1016,0,0,0,0,0,0
CONT_s6_throughput_RedBullPlayStreets,1789784309.397,0.1016,0,0,0,0,0,0
CONT_s6_throughput_RedBullPlayStreets,1789784309.498,0.1017,0,0,0,0,0,0
CONT_s6_throughput_RedBullPlayStreets,1789784309.6,0.1014,0,0,0,0,0,0
CONT_s6_throughput_RedBullPlayStreets,1789784309.701,0.1015,0,0,0,0,0,0
CONT_s6_throughput_RedBullPlayStreets,1789784309.803,0.1015,0,0,0,0,0,0
CONT_s6_throughput_RedBullPlayStreets,1789784309.905,0.1017,0,0,0,0,0,0
CONT_s6_throughput_RedBullPlayStreets,1789784310.006,0.1017,0,0,0,0,0,0
CONT_s6_throughput_RedBullPlayStreets,1789784310.108,0.1014,0,0,0,0,0,0
CONT_s6_throughput_RedBullPlayStreets,1789784310.209,0.1016,0,0,0,0,0,0
CONT_s6_throughput_RedBullPlayStreets,1789784310.311,0.1016,0,0,0,0,0,0
CONT_s6_throughput_RedBullPlayStreets,1789784310.413,0.1016,0,0,0,0,0,0
CONT_s6_throughput_RedBullPlayStreets,1789784310.514,0.1017,0,0,0,0,0,0
CONT_s6_throughput_RedBullPlayStreets,1789784310.616,0.1014,0,0,0,0,0,0
CONT_s6_throughput_RedBullPlayStreets,1789784310.717,0.1015,0,0,0,0,0,0
CONT_s6_throughput_RedBullPlayStreets,1789784310.819,0.1015,0,0,0,0,0,0
CONT_s6_throughput_RedBullPlayStreets,1789784310.92,0.1017,0,0,0,0,0,0
CONT_s6_throughput_RedBullPlayStreets,1789784311.022,0.1017,0,0,0,0,0,0
CONT_s6_throughput_RedBullPlayStreets,1789784311.123,0.1014,141,1,0,2836200.0,0,1
CONT_s6_throughput_RedBullPlayStreets,1789784311.225,0.1015,0,0,0,0,0,0
CONT_s6_throughput_RedBullPlayStreets,1789784311.327,0.1016,0,0,0,0,0,0
CONT_s6_throughput_RedBullPlayStreets,1789784311.428,0.1017,0,0,0,0,0,0
CONT_s6_throughput_RedBullPlayStreets,1789784311.53,0.1017,0,0,0,0,0,0
CONT_s6_throughput_RedBullPlayStreets,1789784311.631,0.1014,0,0,0,0,0,0
CONT_s6_throughput_RedBullPlayStreets,1789784311.733,0.1016,0,0,0,0,0,0
CONT_s6_throughput_RedBullPlayStreets,1789784311.836,0.1026,0,0,0,0,0,0
CONT_s6_throughput_RedBullPlayStreets,1789784311.939,0.1035,0,0,0,0,0,0
CONT_s6_throughput_RedBullPlayStreets,1789784312.041,0.1017,0,0,0,0,0,0
CONT_s6_throughput_RedBullPlayStreets,1789784312.142,0.1015,0,0,0,0,0,0
CONT_s6_throughput_RedBullPlayStreets,1789784312.244,0.1016,0,0,0,0,0,0
CONT_s6_throughput_RedBullPlayStreets,1789784312.346,0.1017,0,0,0,0,0,0
CONT_s6_throughput_RedBullPlayStreets,1789784312.448,0.1028,0,0,0,0,0,0
CONT_s6_throughput_RedBullPlayStreets,1789784312.55,0.1015,0,0,0,0,0,0
CONT_s6_throughput_RedBullPlayStreets,1789784312.651,0.1015,0,0,0,0,0,0
CONT_s6_throughput_RedBullPlayStreets,1789784312.753,0.1016,0,0,0,0,0,0
CONT_s6_throughput_RedBullPlayStreets,1789784312.855,0.1016,0,0,0,0,0,0
CONT_s6_throughput_RedBullPlayStreets,1789784312.956,0.1016,0,0,0,0,0,0
CONT_s6_throughput_RedBullPlayStreets,1789784313.058,0.1016,141,1,0,2758400.0,0,1
CONT_s6_throughput_RedBullPlayStreets,1789784313.159,0.1014,0,0,0,0,0,0
CONT_s6_throughput_RedBullPlayStreets,1789784313.261,0.1016,0,0,0,0,0,0
CONT_s6_throughput_RedBullPlayStreets,1789784313.362,0.1017,0,0,0,0,0,0
CONT_s6_throughput_RedBullPlayStreets,1789784313.464,0.1017,0,0,0,0,0,0
CONT_s6_throughput_RedBullPlayStreets,1789784313.566,0.1016,0,0,0,0,0,0
CONT_s6_throughput_RedBullPlayStreets,1789784313.667,0.1015,0,0,0,0,0,0
CONT_s6_throughput_RedBullPlayStreets,1789784313.769,0.1015,0,0,0,0,0,0
CONT_s6_throughput_RedBullPlayStreets,1789784313.87,0.1016,0,0,0,0,0,0
CONT_s6_throughput_RedBullPlayStreets,1789784313.972,0.1016,0,0,0,0,0,0
CONT_s6_throughput_RedBullPlayStreets,1789784314.073,0.1014,0,0,0,0,0,0
CONT_s6_throughput_RedBullPlayStreets,1789784314.175,0.1014,0,0,0,0,0,0
CONT_s6_throughput_RedBullPlayStreets,1789784314.276,0.1015,0,0,0,0,0,0
CONT_s6_throughput_RedBullPlayStreets,1789784314.378,0.1017,0,0,0,0,0,0
CONT_s6_throughput_RedBullPlayStreets,1789784314.48,0.1016,0,0,0,0,0,0
CONT_s6_throughput_RedBullPlayStreets,1789784314.581,0.1015,0,0,0,0,0,0
CONT_s6_throughput_RedBullPlayStreets,1789784314.683,0.1015,0,0,0,0,0,0
CONT_s6_throughput_RedBullPlayStreets,1789784314.784,0.1016,0,0,0,0,0,0
CONT_s6_throughput_RedBullPlayStreets,1789784314.886,0.1016,0,0,0,0,0,0
CONT_s6_throughput_RedBullPlayStreets,1789784314.987,0.1017,0,0,0,0,0,0
CONT_s6_throughput_RedBullPlayStreets,1789784315.089,0.1015,141,1,0,3097810.0,0,1
CONT_s6_throughput_RedBullPlayStreets,1789784315.19,0.1015,0,0,0,0,0,0
CONT_s6_throughput_RedBullPlayStreets,1789784315.292,0.1018,0,0,0,0,0,0
CONT_s6_throughput_RedBullPlayStreets,1789784315.394,0.1017,0,0,0,0,0,0
CONT_s6_throughput_RedBullPlayStreets,1789784315.496,0.1017,0,0,0,0,0,0
CONT_s6_throughput_RedBullPlayStreets,1789784315.597,0.1015,0,0,0,0,0,0
CONT_s6_throughput_RedBullPlayStreets,1789784315.698,0.1015,0,0,0,0,0,0
CONT_s6_throughput_RedBullPlayStreets,1789784315.8,0.1015,0,0,0,0,0,0
CONT_s6_throughput_RedBullPlayStreets,1789784315.902,0.1017,0,0,0,0,0,0
CONT_s6_throughput_RedBullPlayStreets,1789784316.003,0.1017,0,0,0,0,0,0
CONT_s6_throughput_RedBullPlayStreets,1789784316.105,0.1014,0,0,0,0,0,0
CONT_s6_throughput_RedBullPlayStreets,1789784316.206,0.1015,0,0,0,0,0,0
CONT_s6_throughput_RedBullPlayStreets,1789784316.308,0.1015,0,0,0,0,0,0
CONT_s6_throughput_RedBullPlayStreets,1789784316.409,0.1017,0,0,0,0,0,0
CONT_s6_throughput_RedBullPlayStreets,1789784316.511,0.1017,0,0,0,0,0,0
CONT_s6_throughput_RedBullPlayStreets,1789784316.613,0.1014,0,0,0,0,0,0
CONT_s6_throughput_RedBullPlayStreets,1789784316.714,0.1015,0,0,0,0,0,0
CONT_s6_throughput_RedBullPlayStreets,1789784316.816,0.1015,0,0,0,0,0,0
CONT_s6_throughput_RedBullPlayStreets,1789784316.917,0.1017,0,0,0,0,0,0
CONT_s6_throughput_RedBullPlayStreets,1789784317.019,0.1017,0,0,0,0,0,0
CONT_s6_throughput_RedBullPlayStreets,1789784317.12,0.1015,141,1,0,3165634.0,0,1
CONT_s6_throughput_RedBullPlayStreets,1789784317.222,0.1015,0,0,0,0,0,0
CONT_s6_throughput_RedBullPlayStreets,1789784317.323,0.1015,0,0,0,0,0,0
CONT_s6_throughput_RedBullPlayStreets,1789784317.425,0.1017,0,0,0,0,0,0
CONT_s6_throughput_RedBullPlayStreets,1789784317.527,0.1017,0,0,0,0,0,0
CONT_s6_throughput_RedBullPlayStreets,1789784317.628,0.1015,0,0,0,0,0,0
CONT_s6_throughput_RedBullPlayStreets,1789784317.73,0.1016,0,0,0,0,0,0
CONT_s6_throughput_RedBullPlayStreets,1789784317.832,0.1018,0,0,0,0,0,0
CONT_s6_throughput_RedBullPlayStreets,1789784317.933,0.1016,0,0,0,0,0,0
CONT_s6_throughput_RedBullPlayStreets,1789784318.035,0.1017,0,0,0,0,0,0
CONT_s6_throughput_RedBullPlayStreets,1789784318.136,0.1015,0,0,0,0,0,0
CONT_s6_throughput_RedBullPlayStreets,1789784318.238,0.1015,0,0,0,0,0,0
CONT_s6_throughput_RedBullPlayStreets,1789784318.34,0.1016,0,0,0,0,0,0
CONT_s6_throughput_RedBullPlayStreets,1789784318.442,0.1027,0,0,0,0,0,0
CONT_s6_throughput_RedBullPlayStreets,1789784318.544,0.1017,0,0,0,0,0,0
CONT_s6_throughput_RedBullPlayStreets,1789784318.645,0.1014,0,0,0,0,0,0
CONT_s6_throughput_RedBullPlayStreets,1789784318.747,0.1016,0,0,0,0,0,0
CONT_s6_throughput_RedBullPlayStreets,1789784318.849,0.1017,0,0,0,0,0,0
CONT_s6_throughput_RedBullPlayStreets,1789784318.951,0.1026,0,0,0,0,0,0
CONT_s6_throughput_RedBullPlayStreets,1789784319.053,0.1015,0,0,0,0,0,0
CONT_s6_throughput_RedBullPlayStreets,1789784319.154,0.1015,141,1,0,3108689.0,0,1
CONT_s6_throughput_RedBullPlayStreets,1789784319.256,0.1016,0,0,0,0,0,0
CONT_s6_throughput_RedBullPlayStreets,1789784319.357,0.1017,0,0,0,0,0,0
CONT_s6_throughput_RedBullPlayStreets,1789784319.459,0.1017,0,0,0,0,0,0
CONT_s6_throughput_RedBullPlayStreets,1789784319.561,0.1015,0,0,0,0,0,0
CONT_s6_throughput_RedBullPlayStreets,1789784319.662,0.1015,0,0,0,0,0,0
CONT_s6_throughput_RedBullPlayStreets,1789784319.764,0.1015,0,0,0,0,0,0
CONT_s6_throughput_RedBullPlayStreets,1789784319.865,0.1017,0,0,0,0,0,0
CONT_s6_throughput_RedBullPlayStreets,1789784319.967,0.1017,0,0,0,0,0,0
CONT_s6_throughput_RedBullPlayStreets,1789784320.068,0.1014,0,0,0,0,0,0
CONT_s6_throughput_RedBullPlayStreets,1789784320.17,0.1015,0,0,0,0,0,0
CONT_s6_throughput_RedBullPlayStreets,1789784320.272,0.1015,0,0,0,0,0,0
CONT_s6_throughput_RedBullPlayStreets,1789784320.373,0.1016,0,0,0,0,0,0
CONT_s6_throughput_RedBullPlayStreets,1789784320.475,0.1017,0,0,0,0,0,0
CONT_s6_throughput_RedBullPlayStreets,1789784320.576,0.1014,0,0,0,0,0,0
CONT_s6_throughput_RedBullPlayStreets,1789784320.678,0.1015,0,0,0,0,0,0
CONT_s6_throughput_RedBullPlayStreets,1789784320.779,0.1015,0,0,0,0,0,0
CONT_s6_throughput_RedBullPlayStreets,1789784320.881,0.1016,0,0,0,0,0,0
CONT_s6_throughput_RedBullPlayStreets,1789784320.983,0.1017,0,0,0,0,0,0
CONT_s6_throughput_RedBullPlayStreets,1789784321.084,0.1014,141,1,0,3426826.0,0,1
CONT_s6_throughput_RedBullPlayStreets,1789784321.185,0.1015,0,0,0,0,0,0
CONT_s6_throughput_RedBullPlayStreets,1789784321.287,0.1015,0,0,0,0,0,0
CONT_s6_throughput_RedBullPlayStreets,1789784321.389,0.1016,0,0,0,0,0,0
CONT_s6_throughput_RedBullPlayStreets,1789784321.49,0.1017,0,0,0,0,0,0
CONT_s6_throughput_RedBullPlayStreets,1789784321.592,0.1014,0,0,0,0,0,0
CONT_s6_throughput_RedBullPlayStreets,1789784321.693,0.1015,0,0,0,0,0,0
CONT_s6_throughput_RedBullPlayStreets,1789784321.795,0.1015,0,0,0,0,0,0
CONT_s6_throughput_RedBullPlayStreets,1789784321.896,0.1017,0,0,0,0,0,0
CONT_s6_throughput_RedBullPlayStreets,1789784321.998,0.1016,0,0,0,0,0,0
CONT_s6_throughput_RedBullPlayStreets,1789784322.1,0.1014,0,0,0,0,0,0
CONT_s6_throughput_RedBullPlayStreets,1789784322.201,0.1015,0,0,0,0,0,0
CONT_s6_throughput_RedBullPlayStreets,1789784322.303,0.1015,0,0,0,0,0,0
CONT_s6_throughput_RedBullPlayStreets,1789784322.406,0.1038,0,0,0,0,0,0
CONT_s6_throughput_RedBullPlayStreets,1789784322.508,0.1017,0,0,0,0,0,0
CONT_s6_throughput_RedBullPlayStreets,1789784322.61,0.1015,0,0,0,0,0,0
CONT_s6_throughput_RedBullPlayStreets,1789784322.711,0.1015,0,0,0,0,0,0
CONT_s6_throughput_RedBullPlayStreets,1789784322.813,0.1015,0,0,0,0,0,0
CONT_s6_throughput_RedBullPlayStreets,1789784322.914,0.1018,0,0,0,0,0,0
CONT_s6_throughput_RedBullPlayStreets,1789784323.016,0.1016,0,0,0,0,0,0
CONT_s6_throughput_RedBullPlayStreets,1789784323.118,0.1014,141,1,0,3914175.0,0,1
CONT_s6_throughput_RedBullPlayStreets,1789784323.219,0.1016,0,0,0,0,0,0
CONT_s6_throughput_RedBullPlayStreets,1789784323.321,0.1015,0,0,0,0,0,0
CONT_s6_throughput_RedBullPlayStreets,1789784323.426,0.1053,0,0,0,0,0,0
CONT_s6_throughput_RedBullPlayStreets,1789784323.527,0.1016,0,0,0,0,0,0
CONT_s6_throughput_RedBullPlayStreets,1789784323.629,0.1015,0,0,0,0,0,0
CONT_s6_throughput_RedBullPlayStreets,1789784323.73,0.1015,0,0,0,0,0,0
CONT_s6_throughput_RedBullPlayStreets,1789784323.832,0.1019,0,0,0,0,0,0
CONT_s6_throughput_RedBullPlayStreets,1789784323.934,0.102,0,0,0,0,0,0
CONT_s6_throughput_RedBullPlayStreets,1789784324.036,0.1017,0,0,0,0,0,0
CONT_s6_throughput_RedBullPlayStreets,1789784324.138,0.1015,0,0,0,0,0,0
CONT_s6_throughput_RedBullPlayStreets,1789784324.239,0.1015,0,0,0,0,0,0
CONT_s6_throughput_RedBullPlayStreets,1789784324.341,0.1018,0,0,0,0,0,0
CONT_s6_throughput_RedBullPlayStreets,1789784324.444,0.1033,0,0,0,0,0,0
CONT_s6_throughput_RedBullPlayStreets,1789784324.546,0.1016,0,0,0,0,0,0
CONT_s6_throughput_RedBullPlayStreets,1789784324.647,0.1015,0,0,0,0,0,0
CONT_s6_throughput_RedBullPlayStreets,1789784324.749,0.1015,0,0,0,0,0,0
CONT_s6_throughput_RedBullPlayStreets,1789784324.85,0.1016,0,0,0,0,0,0
CONT_s6_throughput_RedBullPlayStreets,1789784324.952,0.1018,0,0,0,0,0,0
CONT_s6_throughput_RedBullPlayStreets,1789784325.054,0.1014,0,0,0,0,0,0
CONT_s6_throughput_RedBullPlayStreets,1789784325.155,0.1015,141,1,0,3895621.0,0,1
CONT_s6_throughput_RedBullPlayStreets,1789784325.257,0.1015,0,0,0,0,0,0
CONT_s6_throughput_RedBullPlayStreets,1789784325.358,0.1016,0,0,0,0,0,0
CONT_s6_throughput_RedBullPlayStreets,1789784325.46,0.1019,0,0,0,0,0,0
CONT_s6_throughput_RedBullPlayStreets,1789784325.562,0.1015,0,0,0,0,0,0
CONT_s6_throughput_RedBullPlayStreets,1789784325.663,0.1016,0,0,0,0,0,0
CONT_s6_throughput_RedBullPlayStreets,1789784325.765,0.1015,0,0,0,0,0,0
CONT_s6_throughput_RedBullPlayStreets,1789784325.866,0.1017,0,0,0,0,0,0
CONT_s6_throughput_RedBullPlayStreets,1789784325.968,0.1017,0,0,0,0,0,0
CONT_s6_throughput_RedBullPlayStreets,1789784326.069,0.1014,0,0,0,0,0,0
CONT_s6_throughput_RedBullPlayStreets,1789784326.171,0.1014,0,0,0,0,0,0
CONT_s6_throughput_RedBullPlayStreets,1789784326.272,0.1015,0,0,0,0,0,0
CONT_s6_throughput_RedBullPlayStreets,1789784326.374,0.1017,0,0,0,0,0,0
CONT_s6_throughput_RedBullPlayStreets,1789784326.476,0.1017,0,0,0,0,0,0
CONT_s6_throughput_RedBullPlayStreets,1789784326.577,0.1014,0,0,0,0,0,0
CONT_s6_throughput_RedBullPlayStreets,1789784326.679,0.1015,0,0,0,0,0,0
CONT_s6_throughput_RedBullPlayStreets,1789784326.78,0.1015,0,0,0,0,0,0
CONT_s6_throughput_RedBullPlayStreets,1789784326.882,0.1017,0,0,0,0,0,0
CONT_s6_throughput_RedBullPlayStreets,1789784326.983,0.1017,0,0,0,0,0,0
CONT_s6_throughput_RedBullPlayStreets,1789784327.085,0.1015,0,0,0,0,0,0
CONT_s6_throughput_RedBullPlayStreets,1789784327.187,0.1016,141,1,0,3803005.0,0,1
CONT_s6_throughput_RedBullPlayStreets,1789784327.288,0.1015,0,0,0,0,0,0
CONT_s6_throughput_RedBullPlayStreets,1789784327.39,0.1017,0,0,0,0,0,0
CONT_s6_throughput_RedBullPlayStreets,1789784327.491,0.1017,0,0,0,0,0,0
CONT_s6_throughput_RedBullPlayStreets,1789784327.593,0.1014,0,0,0,0,0,0
CONT_s6_throughput_RedBullPlayStreets,1789784327.694,0.1016,0,0,0,0,0,0
CONT_s6_throughput_RedBullPlayStreets,1789784327.796,0.1015,0,0,0,0,0,0
CONT_s6_throughput_RedBullPlayStreets,1789784327.898,0.1017,0,0,0,0,0,0
CONT_s6_throughput_RedBullPlayStreets,1789784327.999,0.1017,0,0,0,0,0,0
CONT_s6_throughput_RedBullPlayStreets,1789784328.101,0.1014,0,0,0,0,0,0
CONT_s6_throughput_RedBullPlayStreets,1789784328.202,0.1015,0,0,0,0,0,0
CONT_s6_throughput_RedBullPlayStreets,1789784328.304,0.1016,0,0,0,0,0,0
CONT_s6_throughput_RedBullPlayStreets,1789784328.406,0.1017,0,0,0,0,0,0
CONT_s6_throughput_RedBullPlayStreets,1789784328.507,0.1017,0,0,0,0,0,0
CONT_s6_throughput_RedBullPlayStreets,1789784328.609,0.1014,0,0,0,0,0,0
CONT_s6_throughput_RedBullPlayStreets,1789784328.71,0.1015,0,0,0,0,0,0
CONT_s6_throughput_RedBullPlayStreets,1789784328.812,0.1016,0,0,0,0,0,0
CONT_s6_throughput_RedBullPlayStreets,1789784328.913,0.1016,0,0,0,0,0,0
CONT_s6_throughput_RedBullPlayStreets,1789784329.015,0.1017,0,0,0,0,0,0
CONT_s6_throughput_RedBullPlayStreets,1789784329.117,0.1014,0,0,0,0,0,0
CONT_s6_throughput_RedBullPlayStreets,1789784329.218,0.1015,141,1,0,3993161.0,0,1
CONT_s6_throughput_RedBullPlayStreets,1789784329.32,0.1017,0,0,0,0,0,0
CONT_s6_throughput_RedBullPlayStreets,1789784329.421,0.1017,0,0,0,0,0,0
CONT_s6_throughput_RedBullPlayStreets,1789784329.523,0.1017,0,0,0,0,0,0
CONT_s6_throughput_RedBullPlayStreets,1789784329.624,0.1014,0,0,0,0,0,0
CONT_s6_throughput_RedBullPlayStreets,1789784329.726,0.1015,0,0,0,0,0,0
CONT_s6_throughput_RedBullPlayStreets,1789784329.829,0.1032,0,0,0,0,0,0
CONT_s6_throughput_RedBullPlayStreets,1789784329.931,0.1017,0,0,0,0,0,0
CONT_s6_throughput_RedBullPlayStreets,1789784330.032,0.1016,0,0,0,0,0,0
CONT_s6_throughput_RedBullPlayStreets,1789784330.134,0.1015,0,0,0,0,0,0
CONT_s6_throughput_RedBullPlayStreets,1789784330.235,0.1016,0,0,0,0,0,0
CONT_s6_throughput_RedBullPlayStreets,1789784330.337,0.1016,0,0,0,0,0,0
CONT_s6_throughput_RedBullPlayStreets,1789784330.439,0.1022,0,0,0,0,0,0
CONT_s6_throughput_RedBullPlayStreets,1789784330.541,0.1017,0,0,0,0,0,0
CONT_s6_throughput_RedBullPlayStreets,1789784330.642,0.1014,0,0,0,0,0,0
CONT_s6_throughput_RedBullPlayStreets,1789784330.744,0.1016,0,0,0,0,0,0
CONT_s6_throughput_RedBullPlayStreets,1789784330.846,0.1017,0,0,0,0,0,0
CONT_s6_throughput_RedBullPlayStreets,1789784330.948,0.1024,0,0,0,0,0,0
CONT_s6_throughput_RedBullPlayStreets,1789784331.05,0.1015,0,0,0,0,0,0
CONT_s6_throughput_RedBullPlayStreets,1789784331.151,0.1015,141,1,0,3839959.0,0,1
CONT_s6_throughput_RedBullPlayStreets,1789784331.253,0.1015,0,0,0,0,0,0
CONT_s6_throughput_RedBullPlayStreets,1789784331.354,0.1016,0,0,0,0,0,0
CONT_s6_throughput_RedBullPlayStreets,1789784331.456,0.1017,0,0,0,0,0,0
CONT_s6_throughput_RedBullPlayStreets,1789784331.557,0.1015,0,0,0,0,0,0
CONT_s6_throughput_RedBullPlayStreets,1789784331.659,0.1016,0,0,0,0,0,0
CONT_s6_throughput_RedBullPlayStreets,1789784331.76,0.1015,0,0,0,0,0,0
CONT_s6_throughput_RedBullPlayStreets,1789784331.862,0.1017,0,0,0,0,0,0
CONT_s6_throughput_RedBullPlayStreets,1789784331.964,0.1017,0,0,0,0,0,0
CONT_s6_throughput_RedBullPlayStreets,1789784332.065,0.1016,0,0,0,0,0,0
CONT_s6_throughput_RedBullPlayStreets,1789784332.167,0.1015,0,0,0,0,0,0
CONT_s6_throughput_RedBullPlayStreets,1789784332.268,0.1015,0,0,0,0,0,0
CONT_s6_throughput_RedBullPlayStreets,1789784332.37,0.1017,0,0,0,0,0,0
CONT_s6_throughput_RedBullPlayStreets,1789784332.472,0.1017,0,0,0,0,0,0
CONT_s6_throughput_RedBullPlayStreets,1789784332.573,0.1015,0,0,0,0,0,0
CONT_s6_throughput_RedBullPlayStreets,1789784332.675,0.1018,0,0,0,0,0,0
CONT_s6_throughput_RedBullPlayStreets,1789784332.777,0.1021,0,0,0,0,0,0
CONT_s6_throughput_RedBullPlayStreets,1789784332.879,0.1015,0,0,0,0,0,0
CONT_s6_throughput_RedBullPlayStreets,1789784332.98,0.1016,0,0,0,0,0,0
CONT_s6_throughput_RedBullPlayStreets,1789784333.082,0.1014,0,0,0,0,0,0
CONT_s6_throughput_RedBullPlayStreets,1789784333.183,0.1014,141,1,0,3614920.0,0,1
CONT_s6_throughput_RedBullPlayStreets,1789784333.285,0.1017,0,0,0,0,0,0
CONT_s6_throughput_RedBullPlayStreets,1789784333.386,0.1017,0,0,0,0,0,0
CONT_s6_throughput_RedBullPlayStreets,1789784333.488,0.1016,0,0,0,0,0,0
CONT_s6_throughput_RedBullPlayStreets,1789784333.59,0.1015,0,0,0,0,0,0
CONT_s6_throughput_RedBullPlayStreets,1789784333.691,0.1018,0,0,0,0,0,0
CONT_s6_throughput_RedBullPlayStreets,1789784333.794,0.1026,0,0,0,0,0,0
CONT_s6_throughput_RedBullPlayStreets,1789784333.895,0.1013,0,0,0,0,0,0
CONT_s6_throughput_RedBullPlayStreets,1789784333.997,0.1015,0,0,0,0,0,0
CONT_s6_throughput_RedBullPlayStreets,1789784334.098,0.1013,0,0,0,0,0,0
CONT_s6_throughput_RedBullPlayStreets,1789784334.199,0.1012,0,0,0,0,0,0
CONT_s6_throughput_RedBullPlayStreets,1789784334.301,0.1012,3508,16,0,971265.0,0,2
CONT_s6_throughput_RedBullPlayStreets,1789784334.402,0.1015,0,0,0,0,0,0
CONT_s6_throughput_RedBullPlayStreets,1789784334.504,0.1015,9674,16,0,904048.7,0,2
CONT_s6_throughput_RedBullPlayStreets,1789784334.605,0.1014,52,1,0,4040248.0,0,1
CONT_s6_throughput_RedBullPlayStreets,1789784334.706,0.1013,0,0,0,0,0,0
CONT_s6_throughput_RedBullPlayStreets,1789784334.808,0.1014,0,0,0,0,0,0
CONT_s6_throughput_RedBullPlayStreets,1789784334.909,0.1015,0,0,0,0,0,0
CONT_s6_throughput_RedBullPlayStreets,1789784335.011,0.1016,0,0,0,0,0,0
CONT_s6_throughput_RedBullPlayStreets,1789784335.112,0.1014,0,0,0,0,0,0
CONT_s6_throughput_RedBullPlayStreets,1789784335.213,0.1014,141,1,0,3487054.0,0,1
CONT_s6_throughput_RedBullPlayStreets,1789784335.315,0.1014,0,0,0,0,0,0
CONT_s6_throughput_RedBullPlayStreets,1789784335.416,0.1015,0,0,0,0,0,0
CONT_s6_throughput_RedBullPlayStreets,1789784335.518,0.1016,41,1,0,56218194.0,0,1
CONT_s6_throughput_RedBullPlayStreets,1789784335.62,0.1016,64,1,0,67955173.0,0,1
CONT_s6_throughput_RedBullPlayStreets,1789784335.721,0.1014,0,0,0,0,0,0
CONT_s6_throughput_RedBullPlayStreets,1789784335.822,0.1015,0,0,0,0,0,0
CONT_s6_throughput_RedBullPlayStreets,1789784335.924,0.1016,0,0,0,0,0,0
CONT_s6_throughput_RedBullPlayStreets,1789784336.026,0.1016,0,0,0,0,0,0
CONT_s6_throughput_RedBullPlayStreets,1789784336.127,0.1014,2556,2,0,0.0,0,1
CONT_s6_throughput_RedBullPlayStreets,1789784336.228,0.1014,0,0,0,0,0,0
CONT_s6_throughput_RedBullPlayStreets,1789784336.331,0.1023,2697,4,0,2586560.5,0,2
CONT_s6_throughput_RedBullPlayStreets,1789784336.432,0.1016,67,1,0,8140634.0,0,1
CONT_s6_throughput_RedBullPlayStreets,1789784336.534,0.1016,4506,5,0,17564978.0,0,2
CONT_s6_throughput_RedBullPlayStreets,1789784336.635,0.1015,719,6,0,34974891.0,0,3
CONT_s6_throughput_RedBullPlayStreets,1789784336.737,0.1014,0,0,0,0,0,0
CONT_s6_throughput_RedBullPlayStreets,1789784336.839,0.1017,5187,11,0,38485618.3,0,3
CONT_s6_throughput_RedBullPlayStreets,1789784336.942,0.1036,50,1,0,39205196.0,0,1
CONT_s6_throughput_RedBullPlayStreets,1789784337.044,0.1017,1594,3,0,47804265.7,0,2
CONT_s6_throughput_RedBullPlayStreets,1789784337.145,0.1015,5466,15,0,39561219.8,0,3
CONT_s6_throughput_RedBullPlayStreets,1789784337.247,0.1015,0,0,0,0,0,0
CONT_s6_throughput_RedBullPlayStreets,1789784337.348,0.1016,4208,5,0,51714806.0,0,2
CONT_s6_throughput_RedBullPlayStreets,1789784337.45,0.1017,2899,7,0,53450479.0,0,2
CONT_s6_throughput_RedBullPlayStreets,1789784337.552,0.1015,18044,28,0,24219010.0,0,2
CONT_s6_throughput_RedBullPlayStreets,1789784337.653,0.1015,15046,20,0,20111428.6,0,2
CONT_s6_throughput_RedBullPlayStreets,1789784337.755,0.1015,4284,7,0,22950899.6,0,2
CONT_s6_throughput_RedBullPlayStreets,1789784337.856,0.1017,6817,10,0,25584911.6,0,3
CONT_s6_throughput_RedBullPlayStreets,1789784337.958,0.1017,9754,15,0,24045048.1,0,3
CONT_s6_throughput_RedBullPlayStreets,1789784338.059,0.1015,8033,9,0,22963891.7,0,2
CONT_s6_throughput_RedBullPlayStreets,1789784338.161,0.1015,8028,9,0,24074533.7,0,2
CONT_s6_throughput_RedBullPlayStreets,1789784338.262,0.1015,5174,10,0,20033374.0,0,2
CONT_s6_throughput_RedBullPlayStreets,1789784338.364,0.1016,0,0,0,0,0,0
CONT_s6_throughput_RedBullPlayStreets,1789784338.466,0.1016,1699,5,0,32971888.4,0,2
CONT_s6_throughput_RedBullPlayStreets,1789784338.567,0.1015,15782,24,0,24056054.8,0,2
CONT_s6_throughput_RedBullPlayStreets,1789784338.669,0.1015,61,1,0,24720543.0,0,1
CONT_s6_throughput_RedBullPlayStreets,1789784338.77,0.1015,4239,6,0,33653486.0,0,2
CONT_s6_throughput_RedBullPlayStreets,1789784338.872,0.1016,6880,7,0,35750187.4,0,2
CONT_s6_throughput_RedBullPlayStreets,1789784338.974,0.1022,1455,3,0,41685229.7,0,3
CONT_s6_throughput_RedBullPlayStreets,1789784339.076,0.1019,9715,10,0,35937327.5,0,3
CONT_s6_throughput_RedBullPlayStreets,1789784339.178,0.102,3034,4,0,27837397.5,0,3
CONT_s6_throughput_RedBullPlayStreets,1789784339.28,0.1022,7169,8,0,34869460.5,0,2
CONT_s6_throughput_RedBullPlayStreets,1789784339.382,0.1021,2891,3,0,38238454.7,0,2
CONT_s6_throughput_RedBullPlayStreets,1789784339.484,0.102,8725,10,0,38902328.8,0,3
CONT_s6_throughput_RedBullPlayStreets,1789784339.586,0.1022,4306,4,0,36882475.2,0,2
CONT_s6_throughput_RedBullPlayStreets,1789784339.688,0.102,8780,11,0,54173087.8,0,4
CONT_s6_throughput_RedBullPlayStreets,1789784339.791,0.1021,13019,12,0,25571338.3,0,2
CONT_s6_throughput_RedBullPlayStreets,1789784339.893,0.1022,1475,2,0,32134161.5,0,2
CONT_s6_throughput_RedBullPlayStreets,1789784339.995,0.1021,17326,14,0,25008339.7,0,2
CONT_s6_throughput_RedBullPlayStreets,1789784340.097,0.1019,7235,5,0,28366452.0,0,1
CONT_s6_throughput_RedBullPlayStreets,1789784340.199,0.1021,11325,11,0,25595850.3,0,2
CONT_s6_throughput_RedBullPlayStreets,1789784340.301,0.1021,7297,6,0,31117192.5,0,2
CONT_s6_throughput_RedBullPlayStreets,1789784340.403,0.1022,10944,10,0,21808232.4,0,2
CONT_s6_throughput_RedBullPlayStreets,1789784340.505,0.1021,1587,3,0,42896057.0,0,2
CONT_s6_throughput_RedBullPlayStreets,1789784340.607,0.102,0,0,0,0,0,0
CONT_s6_throughput_RedBullPlayStreets,1789784340.709,0.102,20998,24,0,29503047.7,0,2
CONT_s6_throughput_RedBullPlayStreets,1789784340.811,0.1021,10729,13,0,28998502.1,0,2
CONT_s6_throughput_RedBullPlayStreets,1789784340.913,0.1022,4450,4,0,25968222.8,0,2
CONT_s6_throughput_RedBullPlayStreets,1789784341.016,0.1022,11377,15,0,29750431.2,0,2
CONT_s6_throughput_RedBullPlayStreets,1789784341.118,0.102,3931,8,0,32485515.5,0,2
CONT_s6_throughput_RedBullPlayStreets,1789784341.22,0.102,4584,5,0,24438050.0,0,2
CONT_s6_throughput_RedBullPlayStreets,1789784341.322,0.102,4636,7,0,36284499.9,0,2
CONT_s6_throughput_RedBullPlayStreets,1789784341.424,0.1022,10302,8,0,32839968.4,0,2
CONT_s6_throughput_RedBullPlayStreets,1789784341.526,0.1021,61,1,0,51895927.0,0,1
CONT_s6_throughput_RedBullPlayStreets,1789784341.628,0.102,12461,15,0,36308019.0,0,2
CONT_s6_throughput_RedBullPlayStreets,1789784341.73,0.102,58,1,0,34782273.0,0,1
CONT_s6_throughput_RedBullPlayStreets,1789784341.833,0.1027,6166,9,0,40606260.9,0,2
CONT_s6_throughput_RedBullPlayStreets,1789784341.935,0.1025,5911,5,0,38693659.0,0,1
CONT_s6_throughput_RedBullPlayStreets,1789784342.037,0.1022,61,1,0,54588906.0,0,1
CONT_s6_throughput_RedBullPlayStreets,1789784342.139,0.1019,7616,10,0,46206980.8,0,2
CONT_s6_throughput_RedBullPlayStreets,1789784342.241,0.1021,63,1,0,50375423.0,0,1
CONT_s6_throughput_RedBullPlayStreets,1789784342.344,0.1022,9300,9,0,43543529.0,0,2
CONT_s6_throughput_RedBullPlayStreets,1789784342.447,0.1033,7315,5,0,41312258.0,0,1
CONT_s6_throughput_RedBullPlayStreets,1789784342.549,0.102,3052,4,0,50067687.0,0,2
CONT_s6_throughput_RedBullPlayStreets,1789784342.651,0.102,8841,7,0,42543396.3,0,2
CONT_s6_throughput_RedBullPlayStreets,1789784342.753,0.1022,2989,3,0,46793365.3,0,2
CONT_s6_throughput_RedBullPlayStreets,1789784342.855,0.1022,11274,18,0,35104565.5,0,2
CONT_s6_throughput_RedBullPlayStreets,1789784342.957,0.1021,2513,3,0,36797327.3,0,2
CONT_s6_throughput_RedBullPlayStreets,1789784343.059,0.102,9668,14,0,36445849.0,0,2
CONT_s6_throughput_RedBullPlayStreets,1789784343.161,0.102,2987,3,0,37768585.3,0,2
CONT_s6_throughput_RedBullPlayStreets,1789784343.263,0.1021,4777,6,0,33032130.8,0,3
CONT_s6_throughput_RedBullPlayStreets,1789784343.366,0.1021,2987,3,0,41053483.7,0,2
CONT_s6_throughput_RedBullPlayStreets,1789784343.468,0.1022,5913,5,0,42902156.2,0,2
CONT_s6_throughput_RedBullPlayStreets,1789784343.57,0.1019,2987,3,0,42604900.0,0,2
CONT_s6_throughput_RedBullPlayStreets,1789784343.672,0.102,10302,8,0,44856675.8,0,2
CONT_s6_throughput_RedBullPlayStreets,1789784343.774,0.1021,7804,8,0,39098089.0,0,2
CONT_s6_throughput_RedBullPlayStreets,1789784343.876,0.1022,3111,5,0,39567073.4,0,2
CONT_s6_throughput_RedBullPlayStreets,1789784343.978,0.1022,9034,10,0,39739818.4,0,2
CONT_s6_throughput_RedBullPlayStreets,1789784344.08,0.102,65,1,0,40772201.0,0,1
CONT_s6_throughput_RedBullPlayStreets,1789784344.182,0.102,8843,7,0,43085660.0,0,2
CONT_s6_throughput_RedBullPlayStreets,1789784344.284,0.102,0,0,0,0,0,0
CONT_s6_throughput_RedBullPlayStreets,1789784344.386,0.1022,10306,8,0,41013537.8,0,2
CONT_s6_throughput_RedBullPlayStreets,1789784344.488,0.1022,9047,10,0,43956597.6,0,2
CONT_s6_throughput_RedBullPlayStreets,1789784344.591,0.1021,3641,8,0,34450079.0,0,2
CONT_s6_throughput_RedBullPlayStreets,1789784344.692,0.1019,9632,14,0,33886606.9,0,2
CONT_s6_throughput_RedBullPlayStreets,1789784344.795,0.1021,5028,8,0,39936593.0,0,2
CONT_s6_throughput_RedBullPlayStreets,1789784344.897,0.1022,1524,2,0,39168483.0,0,2
CONT_s6_throughput_RedBullPlayStreets,1789784344.999,0.1022,7568,9,0,41257013.8,0,2
CONT_s6_throughput_RedBullPlayStreets,1789784345.101,0.1019,4450,4,0,43844766.2,0,2
CONT_s6_throughput_RedBullPlayStreets,1789784345.203,0.102,1726,4,0,32952474.2,0,3
CONT_s6_throughput_RedBullPlayStreets,1789784345.305,0.102,6682,12,0,33722564.0,0,2
CONT_s6_throughput_RedBullPlayStreets,1789784345.407,0.1022,1524,2,0,37118979.5,0,2
CONT_s6_throughput_RedBullPlayStreets,1789784345.509,0.1021,4450,4,0,36499290.8,0,2
CONT_s6_throughput_RedBullPlayStreets,1789784345.611,0.102,7376,6,0,36420738.0,0,2
CONT_s6_throughput_RedBullPlayStreets,1789784345.713,0.1019,61,1,0,36077365.0,0,1
CONT_s6_throughput_RedBullPlayStreets,1789784345.816,0.1024,8839,7,0,34828860.0,0,2
CONT_s6_throughput_RedBullPlayStreets,1789784345.918,0.1023,1524,2,0,36851554.0,0,2
CONT_s6_throughput_RedBullPlayStreets,1789784346.02,0.1022,8900,8,0,31892024.2,0,2
CONT_s6_throughput_RedBullPlayStreets,1789784346.122,0.102,1524,2,0,36212962.5,0,2
CONT_s6_throughput_RedBullPlayStreets,1789784346.224,0.1019,9541,13,0,28910072.7,0,2
CONT_s6_throughput_RedBullPlayStreets,1789784346.326,0.102,1588,3,0,35474014.7,0,2
CONT_s6_throughput_RedBullPlayStreets,1789784346.429,0.1026,61,1,0,41061352.0,0,1
CONT_s6_throughput_RedBullPlayStreets,1789784346.531,0.1022,1525,2,0,39492578.0,0,2
CONT_s6_throughput_RedBullPlayStreets,1789784346.633,0.1019,6101,8,0,41064249.5,0,2
CONT_s6_throughput_RedBullPlayStreets,1789784346.735,0.1019,5852,4,0,43617784.0,0,1
CONT_s6_throughput_RedBullPlayStreets,1789784346.837,0.1022,1589,3,0,48424530.3,0,2
CONT_s6_throughput_RedBullPlayStreets,1789784346.94,0.1033,8840,7,0,44174137.9,0,2
CONT_s6_throughput_RedBullPlayStreets,1789784347.042,0.1022,0,0,0,0,0,0
CONT_s6_throughput_RedBullPlayStreets,1789784347.144,0.1019,2971,7,0,49757140.0,0,2
CONT_s6_throughput_RedBullPlayStreets,1789784347.246,0.1019,141,1,0,3718742.0,0,1
CONT_s6_throughput_RedBullPlayStreets,1789784347.349,0.1024,1587,3,0,59793509.3,0,2
CONT_s6_throughput_RedBullPlayStreets,1789784347.452,0.1031,10795,12,0,39100934.0,0,3
CONT_s6_throughput_RedBullPlayStreets,1789784347.554,0.1021,0,0,0,0,0,0
CONT_s6_throughput_RedBullPlayStreets,1789784347.656,0.1021,7376,6,0,49485920.7,0,2
CONT_s6_throughput_RedBullPlayStreets,1789784347.758,0.1022,0,0,0,0,0,0
CONT_s6_throughput_RedBullPlayStreets,1789784347.86,0.1024,8839,7,0,49835366.7,0,2
CONT_s6_throughput_RedBullPlayStreets,1789784347.963,0.1022,0,0,0,0,0,0
CONT_s6_throughput_RedBullPlayStreets,1789784348.065,0.1021,10730,10,0,42036459.0,0,2
CONT_s6_throughput_RedBullPlayStreets,1789784348.167,0.1021,11704,8,0,36860152.0,0,1
CONT_s6_throughput_RedBullPlayStreets,1789784348.269,0.1022,61,1,0,60984459.0,0,1
CONT_s6_throughput_RedBullPlayStreets,1789784348.371,0.1022,115,2,0,51754671.5,0,2
CONT_s6_throughput_RedBullPlayStreets,1789784348.473,0.1023,198,1,0,0.0,0,1
CONT_s6_throughput_RedBullPlayStreets,1789784348.576,0.1023,4625,7,0,50606410.1,0,2
CONT_s6_throughput_RedBullPlayStreets,1789784348.678,0.1021,10477,9,0,37688570.0,0,1
CONT_s6_throughput_RedBullPlayStreets,1789784348.78,0.1022,61,1,0,60815629.0,0,1
CONT_s6_throughput_RedBullPlayStreets,1789784348.882,0.1023,11704,8,0,37038745.0,0,1
CONT_s6_throughput_RedBullPlayStreets,1789784348.985,0.1023,61,1,0,57357914.0,0,1
CONT_s6_throughput_RedBullPlayStreets,1789784349.087,0.1022,12132,10,0,35153132.9,0,2
CONT_s6_throughput_RedBullPlayStreets,1789784349.189,0.1021,0,0,0,0,0,0
CONT_s6_throughput_RedBullPlayStreets,1789784349.291,0.1021,15519,23,0,28774698.0,0,3
CONT_s6_throughput_RedBullPlayStreets,1789784349.393,0.1022,10736,15,0,29618707.8,0,2
CONT_s6_throughput_RedBullPlayStreets,1789784349.496,0.1023,198,1,0,484050.0,0,1
CONT_s6_throughput_RedBullPlayStreets,1789784349.598,0.102,7622,10,0,35002971.8,0,2
CONT_s6_throughput_RedBullPlayStreets,1789784349.7,0.1021,5907,5,0,40224508.8,0,2
CONT_s6_throughput_RedBullPlayStreets,1789784349.802,0.1023,0,0,0,0,0,0
CONT_s6_throughput_RedBullPlayStreets,1789784349.904,0.1023,7376,6,0,45054826.2,0,2
CONT_s6_throughput_RedBullPlayStreets,1789784350.007,0.1024,0,0,0,0,0,0
CONT_s6_throughput_RedBullPlayStreets,1789784350.109,0.1021,7887,9,0,46079994.9,0,2
CONT_s6_throughput_RedBullPlayStreets,1789784350.211,0.1022,10241,7,0,40185095.0,0,1
CONT_s6_throughput_RedBullPlayStreets,1789784350.313,0.1022,61,1,0,58198301.0,0,1
CONT_s6_throughput_RedBullPlayStreets,1789784350.415,0.1023,11765,9,0,40561784.2,0,2
CONT_s6_throughput_RedBullPlayStreets,1789784350.518,0.1022,198,1,0,466904.0,0,1
CONT_s6_throughput_RedBullPlayStreets,1789784350.62,0.102,12784,20,0,34530615.5,0,2
CONT_s6_throughput_RedBullPlayStreets,1789784350.722,0.1021,8778,6,0,34308089.0,0,1
CONT_s6_throughput_RedBullPlayStreets,1789784350.824,0.1022,115,2,0,39060282.5,0,2
CONT_s6_throughput_RedBullPlayStreets,1789784350.926,0.1023,10302,8,0,33546360.0,0,2
CONT_s6_throughput_RedBullPlayStreets,1789784351.028,0.1024,0,0,0,0,0,0
CONT_s6_throughput_RedBullPlayStreets,1789784351.131,0.1021,10278,17,0,31809163.7,0,2
CONT_s6_throughput_RedBullPlayStreets,1789784351.233,0.1022,9228,10,0,32672325.9,0,3
CONT_s6_throughput_RedBullPlayStreets,1789784351.335,0.1024,0,0,0,0,0,0
CONT_s6_throughput_RedBullPlayStreets,1789784351.439,0.1034,10302,8,0,35969950.0,0,2
CONT_s6_throughput_RedBullPlayStreets,1789784351.541,0.1023,0,0,0,0,0,0
CONT_s6_throughput_RedBullPlayStreets,1789784351.643,0.102,11765,9,0,36446657.8,0,2
CONT_s6_throughput_RedBullPlayStreets,1789784351.745,0.1021,0,0,0,0,0,0
CONT_s6_throughput_RedBullPlayStreets,1789784351.847,0.1022,14283,22,0,29534829.5,0,2
CONT_s6_throughput_RedBullPlayStreets,1789784351.951,0.1042,9158,12,0,33083126.0,0,2
CONT_s6_throughput_RedBullPlayStreets,1789784352.053,0.1021,6542,10,0,36800870.5,0,2
CONT_s6_throughput_RedBullPlayStreets,1789784352.156,0.1021,54,1,0,36682462.0,0,1
CONT_s6_throughput_RedBullPlayStreets,1789784352.258,0.1021,4820,5,0,39494747.0,0,2
CONT_s6_throughput_RedBullPlayStreets,1789784352.36,0.1022,0,0,0,0,0,0
CONT_s6_throughput_RedBullPlayStreets,1789784352.462,0.1022,5913,5,0,45677784.2,0,2
CONT_s6_throughput_RedBullPlayStreets,1789784352.564,0.1021,0,0,0,0,0,0
CONT_s6_throughput_RedBullPlayStreets,1789784352.666,0.1021,7376,6,0,49635001.2,0,2
CONT_s6_throughput_RedBullPlayStreets,1789784352.768,0.1021,8839,7,0,48567370.0,0,2
CONT_s6_throughput_RedBullPlayStreets,1789784352.871,0.1022,0,0,0,0,0,0
CONT_s6_throughput_RedBullPlayStreets,1789784352.973,0.1022,10937,13,0,40743006.8,0,2
CONT_s6_throughput_RedBullPlayStreets,1789784353.075,0.102,58,1,0,47223787.0,0,1
CONT_s6_throughput_RedBullPlayStreets,1789784353.177,0.1021,8839,7,0,39354203.7,0,2
CONT_s6_throughput_RedBullPlayStreets,1789784353.279,0.1022,10382,8,0,34890017.2,0,2
CONT_s6_throughput_RedBullPlayStreets,1789784353.381,0.1022,61,1,0,43961052.0,0,1
CONT_s6_throughput_RedBullPlayStreets,1789784353.484,0.1023,12783,20,0,32000324.5,0,2
CONT_s6_throughput_RedBullPlayStreets,1789784353.586,0.102,0,0,0,0,0,0
CONT_s6_throughput_RedBullPlayStreets,1789784353.688,0.1021,8959,9,0,36140052.6,0,2
CONT_s6_throughput_RedBullPlayStreets,1789784353.79,0.1021,8778,6,0,35653554.0,0,1
CONT_s6_throughput_RedBullPlayStreets,1789784353.892,0.1022,1585,3,0,41852866.0,0,2
CONT_s6_throughput_RedBullPlayStreets,1789784353.994,0.1022,10302,8,0,34800759.4,0,2
CONT_s6_throughput_RedBullPlayStreets,1789784354.096,0.102,1524,2,0,41603761.5,0,2
CONT_s6_throughput_RedBullPlayStreets,1789784354.199,0.1022,12720,19,0,30466921.8,0,2
CONT_s6_throughput_RedBullPlayStreets,1789784354.301,0.1023,5913,5,0,31109596.6,0,2
CONT_s6_throughput_RedBullPlayStreets,1789784354.403,0.1023,1763,6,0,35021069.3,0,2
CONT_s6_throughput_RedBullPlayStreets,1789784354.505,0.1022,6039,7,0,37846547.9,0,2
CONT_s6_throughput_RedBullPlayStreets,1789784354.607,0.102,1573,3,0,36730670.0,0,2
CONT_s6_throughput_RedBullPlayStreets,1789784354.709,0.102,3947,5,0,40256820.2,0,2
CONT_s6_throughput_RedBullPlayStreets,1789784354.812,0.1022,7859,12,0,39920771.2,0,2
CONT_s6_throughput_RedBullPlayStreets,1789784354.914,0.1023,0,0,0,0,0,0
CONT_s6_throughput_RedBullPlayStreets,1789784355.016,0.1022,6338,10,0,42256247.0,0,2
CONT_s6_throughput_RedBullPlayStreets,1789784355.118,0.1021,3289,6,0,46868214.0,0,2
CONT_s6_throughput_RedBullPlayStreets,1789784355.22,0.1021,1524,2,0,45657987.0,0,2
CONT_s6_throughput_RedBullPlayStreets,1789784355.323,0.1022,6115,7,0,41201273.1,0,3
CONT_s6_throughput_RedBullPlayStreets,1789784355.425,0.1023,5852,4,0,46048200.0,0,1
CONT_s6_throughput_RedBullPlayStreets,1789784355.527,0.1023,1585,3,0,48125526.7,0,2
CONT_s6_throughput_RedBullPlayStreets,1789784355.629,0.102,7799,8,0,40024755.8,0,2
CONT_s6_throughput_RedBullPlayStreets,1789784355.732,0.1026,1529,2,0,44922940.5,0,2
CONT_s6_throughput_RedBullPlayStreets,1789784355.834,0.1024,11450,10,0,39103262.0,0,2
CONT_s6_throughput_RedBullPlayStreets,1789784355.936,0.1023,0,0,0,0,0,0
CONT_s6_throughput_RedBullPlayStreets,1789784356.039,0.1027,1702,5,0,55865514.4,0,2
CONT_s6_throughput_RedBullPlayStreets,1789784356.141,0.1021,13525,13,0,37493883.5,0,2
CONT_s6_throughput_RedBullPlayStreets,1789784356.243,0.1022,61,1,0,69025719.0,0,1
CONT_s6_throughput_RedBullPlayStreets,1789784356.346,0.1023,14690,11,0,32173309.3,0,2
CONT_s6_throughput_RedBullPlayStreets,1789784356.449,0.1037,0,0,0,0,0,0
CONT_s6_throughput_RedBullPlayStreets,1789784356.551,0.1021,17354,26,0,30085324.5,0,2
CONT_s6_throughput_RedBullPlayStreets,1789784356.654,0.1021,10683,14,0,28096910.5,0,2
CONT_s6_throughput_RedBullPlayStreets,1789784356.756,0.1022,1524,2,0,30330665.0,0,2
CONT_s6_throughput_RedBullPlayStreets,1789784356.858,0.1023,4573,6,0,31596517.3,0,2
CONT_s6_throughput_RedBullPlayStreets,1789784356.96,0.1023,3054,4,0,33610649.5,0,2
CONT_s6_throughput_RedBullPlayStreets,1789784357.062,0.102,1527,2,0,35513642.5,0,2
CONT_s6_throughput_RedBullPlayStreets,1789784357.164,0.1021,4518,5,0,36723967.0,0,2
CONT_s6_throughput_RedBullPlayStreets,1789784357.266,0.1021,3197,5,0,28408895.2,0,3
CONT_s6_throughput_RedBullPlayStreets,1789784357.369,0.1022,1593,3,0,33752652.7,0,2
CONT_s6_throughput_RedBullPlayStreets,1789784357.471,0.1023,4454,4,0,36530020.2,0,2
CONT_s6_throughput_RedBullPlayStreets,1789784357.573,0.1021,65,1,0,34035349.0,0,1
CONT_s6_throughput_RedBullPlayStreets,1789784357.675,0.1021,6731,12,0,36744081.5,0,2
CONT_s6_throughput_RedBullPlayStreets,1789784357.777,0.1022,4510,5,0,37696378.8,0,2
CONT_s6_throughput_RedBullPlayStreets,1789784357.88,0.1023,1524,2,0,37998454.0,0,2
CONT_s6_throughput_RedBullPlayStreets,1789784357.982,0.1023,5913,5,0,36245536.0,0,2
CONT_s6_throughput_RedBullPlayStreets,1789784358.084,0.102,1524,2,0,35875448.5,0,2
CONT_s6_throughput_RedBullPlayStreets,1789784358.186,0.102,8839,7,0,35896154.1,0,2
CONT_s6_throughput_RedBullPlayStreets,1789784358.288,0.1021,8839,7,0,29176438.6,0,2
CONT_s6_throughput_RedBullPlayStreets,1789784358.39,0.1023,1524,2,0,29872799.0,0,2
CONT_s6_throughput_RedBullPlayStreets,1789784358.493,0.1023,9087,11,0,25628264.9,0,2
CONT_s6_throughput_RedBullPlayStreets,1789784358.595,0.1021,1589,3,0,26996098.0,0,2
CONT_s6_throughput_RedBullPlayStreets,1789784358.697,0.102,8058,11,0,25538190.0,0,2
CONT_s6_throughput_RedBullPlayStreets,1789784358.799,0.1021,1897,3,0,28340995.0,0,2
CONT_s6_throughput_RedBullPlayStreets,1789784358.901,0.1023,6161,9,0,26931884.6,0,2
CONT_s6_throughput_RedBullPlayStreets,1789784359.004,0.1023,452,1,0,25355131.0,0,1
CONT_s6_throughput_RedBullPlayStreets,1789784359.106,0.102,6354,10,0,30522632.0,0,2
CONT_s6_throughput_RedBullPlayStreets,1789784359.208,0.1021,4876,9,0,32828803.7,0,2
CONT_s6_throughput_RedBullPlayStreets,1789784359.31,0.1021,141,1,0,4746214.0,0,1
CONT_s6_throughput_RedBullPlayStreets,1789784359.412,0.1023,6099,8,0,39676055.5,0,2
CONT_s6_throughput_RedBullPlayStreets,1789784359.514,0.1023,4389,3,0,48453175.0,0,1
CONT_s6_throughput_RedBullPlayStreets,1789784359.616,0.102,61,1,0,45944055.0,0,1
CONT_s6_throughput_RedBullPlayStreets,1789784359.718,0.1021,4450,4,0,54793893.8,0,2
CONT_s6_throughput_RedBullPlayStreets,1789784359.821,0.1021,0,0,0,0,0,0
CONT_s6_throughput_RedBullPlayStreets,1789784359.923,0.1023,5913,5,0,59220137.8,0,2
CONT_s6_throughput_RedBullPlayStreets,1789784360.025,0.1022,0,0,0,0,0,0
CONT_s6_throughput_RedBullPlayStreets,1789784360.127,0.1021,7772,7,0,55657933.7,0,2
CONT_s6_throughput_RedBullPlayStreets,1789784360.229,0.1022,10241,7,0,51147417.0,0,1
CONT_s6_throughput_RedBullPlayStreets,1789784360.332,0.1023,61,1,0,37630668.0,0,1
CONT_s6_throughput_RedBullPlayStreets,1789784360.434,0.1022,11765,9,0,44330807.8,0,2
CONT_s6_throughput_RedBullPlayStreets,1789784360.536,0.1022,0,0,0,0,0,0
CONT_s6_throughput_RedBullPlayStreets,1789784360.638,0.1021,14019,17,0,34095409.4,0,2
CONT_s6_throughput_RedBullPlayStreets,1789784360.74,0.1022,0,0,0,0,0,0
CONT_s6_throughput_RedBullPlayStreets,1789784360.843,0.1023,8893,8,0,36380201.1,0,2
CONT_s6_throughput_RedBullPlayStreets,1789784360.946,0.1033,0,0,0,0,0,0
CONT_s6_throughput_RedBullPlayStreets,1789784361.048,0.1023,10302,8,0,38709885.6,0,2
CONT_s6_throughput_RedBullPlayStreets,1789784361.15,0.102,12684,18,0,31827099.0,0,2
CONT_s6_throughput_RedBullPlayStreets,1789784361.253,0.1022,0,0,0,0,0,0
CONT_s6_throughput_RedBullPlayStreets,1789784361.355,0.1023,9106,10,0,35359889.2,0,3
CONT_s6_throughput_RedBullPlayStreets,1789784361.457,0.1022,3660,8,0,43043832.5,0,2
CONT_s6_throughput_RedBullPlayStreets,1789784361.559,0.1021,7378,6,0,35982112.7,0,2
CONT_s6_throughput_RedBullPlayStreets,1789784361.661,0.102,469,2,0,42601416.0,0,1
CONT_s6_throughput_RedBullPlayStreets,1789784361.763,0.1021,7376,6,0,35383706.2,0,2
CONT_s6_throughput_RedBullPlayStreets,1789784361.866,0.1023,8778,6,0,38557001.0,0,1
CONT_s6_throughput_RedBullPlayStreets,1789784361.968,0.1026,61,1,0,45922755.0,0,1
CONT_s6_throughput_RedBullPlayStreets,1789784362.07,0.1022,11022,14,0,38512002.6,0,2
CONT_s6_throughput_RedBullPlayStreets,1789784362.172,0.1022,0,0,0,0,0,0
CONT_s6_throughput_RedBullPlayStreets,1789784362.275,0.1021,8896,8,0,37114233.1,0,2
CONT_s6_throughput_RedBullPlayStreets,1789784362.377,0.1023,0,0,0,0,0,0
CONT_s6_throughput_RedBullPlayStreets,1789784362.479,0.1023,1798,2,0,46520625.0,0,2
CONT_s6_throughput_RedBullPlayStreets,1789784362.581,0.102,10476,9,0,30887643.0,0,1
CONT_s6_throughput_RedBullPlayStreets,1789784362.683,0.1022,61,1,0,48995830.0,0,1
CONT_s6_throughput_RedBullPlayStreets,1789784362.786,0.1022,11765,9,0,33837113.8,0,2
CONT_s6_throughput_RedBullPlayStreets,1789784362.888,0.1023,0,0,0,0,0,0
CONT_s6_throughput_RedBullPlayStreets,1789784362.99,0.1022,14304,22,0,28204508.0,0,2
CONT_s6_throughput_RedBullPlayStreets,1789784363.092,0.102,8778,6,0,32653433.0,0,1
CONT_s6_throughput_RedBullPlayStreets,1789784363.194,0.102,61,1,0,37201222.0,0,1
CONT_s6_throughput_RedBullPlayStreets,1789784363.296,0.1021,10443,9,0,30948853.1,0,3
CONT_s6_throughput_RedBullPlayStreets,1789784363.398,0.1022,0,0,0,0,0,0
CONT_s6_throughput_RedBullPlayStreets,1789784363.501,0.1022,5640,11,0,35883460.2,0,2
CONT_s6_throughput_RedBullPlayStreets,1789784363.603,0.102,9382,14,0,36552618.1,0,2
CONT_s6_throughput_RedBullPlayStreets,1789784363.705,0.1021,0,0,0,0,0,0
CONT_s6_throughput_RedBullPlayStreets,1789784363.807,0.1021,243,2,0,43640938.0,0,2
CONT_s6_throughput_RedBullPlayStreets,1789784363.909,0.1023,0,0,0,0,0,0
CONT_s6_throughput_RedBullPlayStreets,1789784364.011,0.1022,3051,4,0,51698841.5,0,2
CONT_s6_throughput_RedBullPlayStreets,1789784364.113,0.102,4581,6,0,57518175.5,0,2
CONT_s6_throughput_RedBullPlayStreets,1789784364.216,0.1022,0,0,0,0,0,0
CONT_s6_throughput_RedBullPlayStreets,1789784364.318,0.1022,5915,5,0,60925327.2,0,2
CONT_s6_throughput_RedBullPlayStreets,1789784364.42,0.1023,0,0,0,0,0,0
CONT_s6_throughput_RedBullPlayStreets,1789784364.522,0.1022,7378,6,0,60349162.0,0,2
CONT_s6_throughput_RedBullPlayStreets,1789784364.624,0.102,9355,10,0,52604964.4,0,2
CONT_s6_throughput_RedBullPlayStreets,1789784364.726,0.1022,0,0,0,0,0,0
CONT_s6_throughput_RedBullPlayStreets,1789784364.831,0.1046,12226,16,0,44804293.0,0,2
CONT_s6_throughput_RedBullPlayStreets,1789784364.933,0.1022,7375,6,0,42561525.0,0,1
CONT_s6_throughput_RedBullPlayStreets,1789784365.036,0.1022,61,1,0,56147221.0,0,1
CONT_s6_throughput_RedBullPlayStreets,1789784365.138,0.102,9026,10,0,48079880.2,0,2
CONT_s6_throughput_RedBullPlayStreets,1789784365.24,0.1022,63,1,0,51526899.0,0,1
CONT_s6_throughput_RedBullPlayStreets,1789784365.342,0.1022,7519,7,0,44418916.6,0,3
CONT_s6_throughput_RedBullPlayStreets,1789784365.446,0.1036,4704,8,0,51983237.5,0,2
CONT_s6_throughput_RedBullPlayStreets,1789784365.548,0.1022,5062,8,0,41265895.5,0,2
CONT_s6_throughput_RedBullPlayStreets,1789784365.65,0.102,6335,6,0,44186953.7,0,2
CONT_s6_throughput_RedBullPlayStreets,1789784365.752,0.1022,0,0,0,0,0,0
CONT_s6_throughput_RedBullPlayStreets,1789784365.854,0.1022,7376,6,0,47772390.5,0,2
CONT_s6_throughput_RedBullPlayStreets,1789784365.956,0.1022,0,0,0,0,0,0
CONT_s6_throughput_RedBullPlayStreets,1789784366.058,0.102,8839,7,0,48371875.6,0,2
CONT_s6_throughput_RedBullPlayStreets,1789784366.16,0.102,10241,7,0,45548206.0,0,1
CONT_s6_throughput_RedBullPlayStreets,1789784366.263,0.1025,61,1,0,40889050.0,0,1
CONT_s6_throughput_RedBullPlayStreets,1789784366.365,0.1023,3392,9,0,44766220.8,0,2
CONT_s6_throughput_RedBullPlayStreets,1789784366.467,0.1023,1463,1,0,58076579.0,0,1
CONT_s6_throughput_RedBullPlayStreets,1789784366.569,0.102,7562,7,0,45616739.1,0,2
CONT_s6_throughput_RedBullPlayStreets,1789784366.671,0.102,10302,8,0,41344279.9,0,2
CONT_s6_throughput_RedBullPlayStreets,1789784366.774,0.1022,0,0,0,0,0,0
CONT_s6_throughput_RedBullPlayStreets,1789784366.876,0.1023,11765,9,0,38802674.6,0,2
CONT_s6_throughput_RedBullPlayStreets,1789784366.978,0.1022,0,0,0,0,0,0
CONT_s6_throughput_RedBullPlayStreets,1789784367.08,0.102,13929,16,0,33495607.1,0,2
CONT_s6_throughput_RedBullPlayStreets,1789784367.182,0.102,10609,13,0,34533899.4,0,2
CONT_s6_throughput_RedBullPlayStreets,1789784367.284,0.1021,61,1,0,40834750.0,0,1
CONT_s6_throughput_RedBullPlayStreets,1789784367.386,0.1022,7637,9,0,34943598.1,0,3
CONT_s6_throughput_RedBullPlayStreets,1789784367.489,0.1023,5852,4,0,41890951.0,0,1
CONT_s6_throughput_RedBullPlayStreets,1789784367.591,0.102,3714,9,0,39781814.2,0,2
CONT_s6_throughput_RedBullPlayStreets,1789784367.693,0.102,0,0,0,0,0,0
CONT_s6_throughput_RedBullPlayStreets,1789784367.795,0.1021,54,1,0,46979965.0,0,1
CONT_s6_throughput_RedBullPlayStreets,1789784367.897,0.1023,3050,4,0,62135099.0,0,2
CONT_s6_throughput_RedBullPlayStreets,1789784367.999,0.1023,0,0,0,0,0,0
CONT_s6_throughput_RedBullPlayStreets,1789784368.101,0.102,7502,8,0,60783554.9,0,2
CONT_s6_throughput_RedBullPlayStreets,1789784368.203,0.1021,4452,4,0,62461558.5,0,2
CONT_s6_throughput_RedBullPlayStreets,1789784368.305,0.1021,0,0,0,0,0,0
CONT_s6_throughput_RedBullPlayStreets,1789784368.408,0.1023,6108,8,0,65548345.0,0,2
CONT_s6_throughput_RedBullPlayStreets,1789784368.51,0.1023,7315,5,0,58532574.0,0,1
CONT_s6_throughput_RedBullPlayStreets,1789784368.612,0.1022,65,1,0,74781783.0,0,1
CONT_s6_throughput_RedBullPlayStreets,1789784368.714,0.1021,5381,6,0,60551159.7,0,2
CONT_s6_throughput_RedBullPlayStreets,1789784368.816,0.1021,246,2,0,65200446.5,0,2
CONT_s6_throughput_RedBullPlayStreets,1789784368.919,0.1024,10419,10,0,48608134.0,0,2
CONT_s6_throughput_RedBullPlayStreets,1789784369.021,0.1022,11704,8,0,40324930.0,0,1
CONT_s6_throughput_RedBullPlayStreets,1789784369.123,0.102,61,1,0,72690547.0,0,1
CONT_s6_throughput_RedBullPlayStreets,1789784369.225,0.1021,13677,12,0,34697904.2,0,2
CONT_s6_throughput_RedBullPlayStreets,1789784369.327,0.1023,202,2,0,38915786.0,0,2
CONT_s6_throughput_RedBullPlayStreets,1789784369.43,0.1023,14690,11,0,32264348.6,0,2
CONT_s6_throughput_RedBullPlayStreets,1789784369.532,0.1022,1525,2,0,52662238.5,0,2
CONT_s6_throughput_RedBullPlayStreets,1789784369.634,0.102,15258,20,0,32756212.5,0,2
CONT_s6_throughput_RedBullPlayStreets,1789784369.736,0.102,11765,9,0,27772253.8,0,2
CONT_s6_throughput_RedBullPlayStreets,1789784369.838,0.1023,0,0,0,0,0,0
CONT_s6_throughput_RedBullPlayStreets,1789784369.941,0.1031,14082,18,0,30524766.5,0,2
CONT_s6_throughput_RedBullPlayStreets,1789784370.044,0.1023,9622,14,0,29555067.9,0,2
CONT_s6_throughput_RedBullPlayStreets,1789784370.146,0.1021,61,1,0,40783883.0,0,1
CONT_s6_throughput_RedBullPlayStreets,1789784370.248,0.1021,10425,10,0,35098038.8,0,2
CONT_s6_throughput_RedBullPlayStreets,1789784370.35,0.1022,6586,10,0,34476670.0,0,2
CONT_s6_throughput_RedBullPlayStreets,1789784370.453,0.1026,5913,5,0,32538124.0,0,2
CONT_s6_throughput_RedBullPlayStreets,1789784370.555,0.102,2987,3,0,36668900.3,0,2
CONT_s6_throughput_RedBullPlayStreets,1789784370.657,0.1021,5626,12,0,31330762.0,0,2
CONT_s6_throughput_RedBullPlayStreets,1789784370.759,0.1022,6407,11,0,35969688.5,0,2
CONT_s6_throughput_RedBullPlayStreets,1789784370.861,0.1022,0,0,0,0,0,0
CONT_s6_throughput_RedBullPlayStreets,1789784370.964,0.1022,6343,10,0,39293014.5,0,2
CONT_s6_throughput_RedBullPlayStreets,1789784371.066,0.102,4819,8,0,44071845.0,0,2
CONT_s6_throughput_RedBullPlayStreets,1789784371.168,0.102,4389,3,0,49866662.0,0,1
CONT_s6_throughput_RedBullPlayStreets,1789784371.27,0.1021,1524,2,0,49789321.0,0,2
CONT_s6_throughput_RedBullPlayStreets,1789784371.372,0.1023,7580,8,0,45829464.6,0,3
CONT_s6_throughput_RedBullPlayStreets,1789784371.474,0.1022,0,0,0,0,0,0
CONT_s6_throughput_RedBullPlayStreets,1789784371.576,0.102,9748,16,0,43009477.0,0,2
CONT_s6_throughput_RedBullPlayStreets,1789784371.678,0.102,5912,5,0,42992165.0,0,1
CONT_s6_throughput_RedBullPlayStreets,1789784371.78,0.1021,61,1,0,51952728.0,0,1
CONT_s6_throughput_RedBullPlayStreets,1789784371.883,0.1021,8015,11,0,45361516.5,0,2
CONT_s6_throughput_RedBullPlayStreets,1789784371.985,0.1023,6243,5,0,45206690.0,0,1
CONT_s6_throughput_RedBullPlayStreets,1789784372.087,0.1021,61,1,0,53055244.0,0,1
CONT_s6_throughput_RedBullPlayStreets,1789784372.189,0.1022,8778,6,0,45814767.0,0,1
CONT_s6_throughput_RedBullPlayStreets,1789784372.291,0.1022,61,1,0,50523030.0,0,1
CONT_s6_throughput_RedBullPlayStreets,1789784372.394,0.1023,9090,11,0,47446494.8,0,2
CONT_s6_throughput_RedBullPlayStreets,1789784372.496,0.1023,2926,2,0,58201530.0,0,1
CONT_s6_throughput_RedBullPlayStreets,1789784372.598,0.1021,6403,7,0,48347200.3,0,2
CONT_s6_throughput_RedBullPlayStreets,1789784372.7,0.1021,8778,6,0,44460802.0,0,1
CONT_s6_throughput_RedBullPlayStreets,1789784372.802,0.1022,3047,4,0,51488054.5,0,2
CONT_s6_throughput_RedBullPlayStreets,1789784372.905,0.1023,13167,9,0,36971680.0,0,1
CONT_s6_throughput_RedBullPlayStreets,1789784373.007,0.1023,61,1,0,62802968.0,0,1
CONT_s6_throughput_RedBullPlayStreets,1789784373.109,0.102,445,2,0,51851653.0,0,2
CONT_s6_throughput_RedBullPlayStreets,1789784373.211,0.1021,0,0,0,0,0,0
CONT_s6_throughput_RedBullPlayStreets,1789784373.313,0.1022,111,2,0,49623033.0,0,2
CONT_s6_throughput_RedBullPlayStreets,1789784373.416,0.1023,141,1,0,5135820.0,0,1
CONT_s6_throughput_RedBullPlayStreets,1789784373.518,0.1023,0,0,0,0,0,0
CONT_s6_throughput_RedBullPlayStreets,1789784373.62,0.1021,453,1,0,59913905.0,0,1
CONT_s6_throughput_RedBullPlayStreets,1789784373.722,0.1022,0,0,0,0,0,0
CONT_s6_throughput_RedBullPlayStreets,1789784373.824,0.1021,13414,11,0,49942384.0,0,2
CONT_s6_throughput_RedBullPlayStreets,1789784373.927,0.1023,16341,15,0,40583179.3,0,2
CONT_s6_throughput_RedBullPlayStreets,1789784374.029,0.1023,63,1,0,56710173.0,0,1
CONT_s6_throughput_RedBullPlayStreets,1789784374.131,0.1022,12149,15,0,37422558.2,0,2
CONT_s6_throughput_RedBullPlayStreets,1789784374.233,0.1021,4454,4,0,37771728.2,0,2
CONT_s6_throughput_RedBullPlayStreets,1789784374.336,0.1023,7770,7,0,30701033.9,0,2
CONT_s6_throughput_RedBullPlayStreets,1789784374.439,0.1035,13232,10,0,28671624.3,0,2
CONT_s6_throughput_RedBullPlayStreets,1789784374.541,0.1023,65,1,0,55321386.0,0,1
CONT_s6_throughput_RedBullPlayStreets,1789784374.643,0.102,15314,15,0,33967227.6,0,2
CONT_s6_throughput_RedBullPlayStreets,1789784374.745,0.1021,4456,4,0,38216568.8,0,2
CONT_s6_throughput_RedBullPlayStreets,1789784374.848,0.1023,6433,13,0,36134540.8,0,2
CONT_s6_throughput_RedBullPlayStreets,1789784374.951,0.1029,7376,6,0,38058347.5,0,2
CONT_s6_throughput_RedBullPlayStreets,1789784375.053,0.1021,61,1,0,50749235.0,0,1
CONT_s6_throughput_RedBullPlayStreets,1789784375.155,0.1021,6121,12,0,40310393.7,0,2
CONT_s6_throughput_RedBullPlayStreets,1789784375.257,0.1021,120,2,0,42073495.5,0,2
CONT_s6_throughput_RedBullPlayStreets,1789784375.359,0.1023,202,2,0,24598445.0,0,2
CONT_s6_throughput_RedBullPlayStreets,1789784375.462,0.1024,3050,4,0,52374274.0,0,2
CONT_s6_throughput_RedBullPlayStreets,1789784375.564,0.1022,0,0,0,0,0,0
CONT_s6_throughput_RedBullPlayStreets,1789784375.666,0.1021,117,2,0,57595859.5,0,2
CONT_s6_throughput_RedBullPlayStreets,1789784375.768,0.1021,0,0,0,0,0,0
CONT_s6_throughput_RedBullPlayStreets,1789784375.87,0.1023,54,1,0,54591000.0,0,1
CONT_s6_throughput_RedBullPlayStreets,1789784375.972,0.1022,0,0,0,0,0,0
CONT_s6_throughput_RedBullPlayStreets,1789784376.075,0.1022,0,0,0,0,0,0
CONT_s6_throughput_RedBullPlayStreets,1789784376.177,0.1019,0,0,0,0,0,0
CONT_s6_throughput_RedBullPlayStreets,1789784376.279,0.102,0,0,0,0,0,0
CONT_s6_throughput_RedBullPlayStreets,1789784376.381,0.1023,0,0,0,0,0,0
CONT_s6_throughput_RedBullPlayStreets,1789784376.483,0.1026,0,0,0,0,0,0
CONT_s6_throughput_RedBullPlayStreets,1789784376.586,0.1021,0,0,0,0,0,0
CONT_s6_throughput_RedBullPlayStreets,1789784376.688,0.1021,0,0,0,0,0,0
CONT_s6_throughput_RedBullPlayStreets,1789784376.79,0.1021,0,0,0,0,0,0
CONT_s6_throughput_RedBullPlayStreets,1789784376.892,0.1025,0,0,0,0,0,0
CONT_s6_throughput_RedBullPlayStreets,1789784376.995,0.1022,0,0,0,0,0,0
CONT_s6_throughput_RedBullPlayStreets,1789784377.097,0.1021,0,0,0,0,0,0
CONT_s6_throughput_RedBullPlayStreets,1789784377.199,0.1021,0,0,0,0,0,0
CONT_s6_throughput_RedBullPlayStreets,1789784377.301,0.1021,0,0,0,0,0,0
CONT_s6_throughput_RedBullPlayStreets,1789784377.403,0.1024,141,1,0,4637994.0,0,1
CONT_s6_throughput_RedBullPlayStreets,1789784377.505,0.1023,0,0,0,0,0,0
CONT_s6_throughput_RedBullPlayStreets,1789784377.607,0.102,0,0,0,0,0,0
CONT_s6_throughput_RedBullPlayStreets,1789784377.709,0.102,453,1,0,170045291.0,0,1
CONT_s6_throughput_RedBullPlayStreets,1789784377.812,0.1021,0,0,0,0,0,0
CONT_s6_throughput_RedBullPlayStreets,1789784377.914,0.1023,6347,10,0,222349885.5,0,2
CONT_s6_throughput_RedBullPlayStreets,1789784378.016,0.1022,4815,8,0,186025867.5,0,2
CONT_s6_throughput_RedBullPlayStreets,1789784378.118,0.102,0,0,0,0,0,0
CONT_s6_throughput_RedBullPlayStreets,1789784378.22,0.102,4629,5,0,164771865.0,0,2
CONT_s6_throughput_RedBullPlayStreets,1789784378.322,0.1021,0,0,0,0,0,0
CONT_s6_throughput_RedBullPlayStreets,1789784378.424,0.1023,5913,5,0,147372674.8,0,2
CONT_s6_throughput_RedBullPlayStreets,1789784378.527,0.1022,7315,5,0,120489887.0,0,1
CONT_s6_throughput_RedBullPlayStreets,1789784378.629,0.1021,61,1,0,160657863.0,0,1
CONT_s6_throughput_RedBullPlayStreets,1789784378.732,0.1033,7826,8,0,98928104.2,0,2
CONT_s6_throughput_RedBullPlayStreets,1789784378.834,0.1024,0,0,0,0,0,0
CONT_s6_throughput_RedBullPlayStreets,1789784378.938,0.1034,11765,9,0,74421979.7,0,2
CONT_s6_throughput_RedBullPlayStreets,1789784379.04,0.1022,13167,9,0,50027934.0,0,1
CONT_s6_throughput_RedBullPlayStreets,1789784379.142,0.102,61,1,0,134306300.0,0,1
CONT_s6_throughput_RedBullPlayStreets,1789784379.244,0.1021,14333,22,0,55020544.5,0,2
CONT_s6_throughput_RedBullPlayStreets,1789784379.347,0.1024,0,0,0,0,0,0
CONT_s6_throughput_RedBullPlayStreets,1789784379.45,0.1036,10972,12,0,31884092.0,0,3
CONT_s6_throughput_RedBullPlayStreets,1789784379.552,0.1021,0,0,0,0,0,0
CONT_s6_throughput_RedBullPlayStreets,1789784379.654,0.1021,11765,9,0,34315960.1,0,2
CONT_s6_throughput_RedBullPlayStreets,1789784379.756,0.1021,13167,9,0,29702066.0,0,1
CONT_s6_throughput_RedBullPlayStreets,1789784379.859,0.1023,61,1,0,69309036.0,0,1
CONT_s6_throughput_RedBullPlayStreets,1789784379.961,0.1022,2251,8,0,52146842.5,0,2
CONT_s6_throughput_RedBullPlayStreets,1789784380.063,0.1023,0,0,0,0,0,0
CONT_s6_throughput_RedBullPlayStreets,1789784380.165,0.1022,479,2,0,58738964.5,0,2
CONT_s6_throughput_RedBullPlayStreets,1789784380.267,0.1021,50,1,0,46094809.0,0,1
CONT_s6_throughput_RedBullPlayStreets,1789784380.37,0.1023,61,1,0,65803772.0,0,1
CONT_s6_throughput_RedBullPlayStreets,1789784380.472,0.1023,0,0,0,0,0,0
CONT_s6_throughput_RedBullPlayStreets,1789784380.574,0.102,0,0,0,0,0,0
CONT_s6_throughput_RedBullPlayStreets,1789784380.676,0.102,0,0,0,0,0,0
CONT_s6_throughput_RedBullPlayStreets,1789784380.778,0.102,0,0,0,0,0,0
CONT_s6_throughput_RedBullPlayStreets,1789784380.88,0.1024,0,0,0,0,0,0
CONT_s6_throughput_RedBullPlayStreets,1789784380.983,0.1023,0,0,0,0,0,0
CONT_s6_throughput_RedBullPlayStreets,1789784381.085,0.1021,0,0,0,0,0,0
CONT_s6_throughput_RedBullPlayStreets,1789784381.187,0.1021,0,0,0,0,0,0
CONT_s6_throughput_RedBullPlayStreets,1789784381.289,0.1023,0,0,0,0,0,0
CONT_s6_throughput_RedBullPlayStreets,1789784381.391,0.1022,141,1,0,4524758.0,0,1
CONT_s6_throughput_RedBullPlayStreets,1789784381.494,0.1023,453,1,0,118695108.0,0,1
CONT_s6_throughput_RedBullPlayStreets,1789784381.596,0.102,0,0,0,0,0,0
CONT_s6_throughput_RedBullPlayStreets,1789784381.698,0.102,10488,9,0,129563327.1,0,2
CONT_s6_throughput_RedBullPlayStreets,1789784381.8,0.1021,11704,8,0,87911937.0,0,1
CONT_s6_throughput_RedBullPlayStreets,1789784381.902,0.1022,61,1,0,158158919.0,0,1
CONT_s6_throughput_RedBullPlayStreets,1789784382.004,0.1022,14306,22,0,69255528.0,0,2
CONT_s6_throughput_RedBullPlayStreets,1789784382.106,0.102,0,0,0,0,0,0
CONT_s6_throughput_RedBullPlayStreets,1789784382.208,0.1021,8839,7,0,56857989.1,0,2
CONT_s6_throughput_RedBullPlayStreets,1789784382.31,0.1022,10241,7,0,46618152.0,0,1
CONT_s6_throughput_RedBullPlayStreets,1789784382.413,0.1023,61,1,0,84364491.0,0,1
CONT_s6_throughput_RedBullPlayStreets,1789784382.515,0.1023,11704,8,0,41219565.0,0,1
CONT_s6_throughput_RedBullPlayStreets,1789784382.617,0.102,61,1,0,80025907.0,0,1
CONT_s6_throughput_RedBullPlayStreets,1789784382.719,0.1021,13228,10,0,40528387.9,0,2
CONT_s6_throughput_RedBullPlayStreets,1789784382.821,0.1021,0,0,0,0,0,0
CONT_s6_throughput_RedBullPlayStreets,1789784382.923,0.1023,15762,22,0,36442150.0,0,2
CONT_s6_throughput_RedBullPlayStreets,1789784383.026,0.1022,11292,18,0,31061741.0,0,2
CONT_s6_throughput_RedBullPlayStreets,1789784383.128,0.102,0,0,0,0,0,0
CONT_s6_throughput_RedBullPlayStreets,1789784383.23,0.1024,7795,7,0,32533528.4,0,2
CONT_s6_throughput_RedBullPlayStreets,1789784383.333,0.1025,8778,6,0,33064379.0,0,1
CONT_s6_throughput_RedBullPlayStreets,1789784383.435,0.1022,262,3,0,14867394.7,0,3
CONT_s6_throughput_RedBullPlayStreets,1789784383.537,0.1023,10841,11,0,34619194.1,0,2
CONT_s6_throughput_RedBullPlayStreets,1789784383.639,0.1021,681,3,0,5562410.7,0,2
CONT_s6_throughput_RedBullPlayStreets,1789784383.741,0.1023,2192,5,0,36317429.0,0,3
CONT_s6_throughput_RedBullPlayStreets,1789784383.844,0.1025,50,1,0,50309930.0,0,1
CONT_s6_throughput_RedBullPlayStreets,1789784383.947,0.1031,61,1,0,50896992.0,0,1
CONT_s6_throughput_RedBullPlayStreets,1789784384.049,0.1022,0,0,0,0,0,0
CONT_s6_throughput_RedBullPlayStreets,1789784384.151,0.1022,158,2,0,23765213.0,0,2
CONT_s6_throughput_RedBullPlayStreets,1789784384.254,0.1022,0,0,0,0,0,0
CONT_s6_throughput_RedBullPlayStreets,1789784384.356,0.1024,0,0,0,0,0,0
CONT_s6_throughput_RedBullPlayStreets,1789784384.458,0.1024,0,0,0,0,0,0
CONT_s6_throughput_RedBullPlayStreets,1789784384.561,0.1022,1911,4,0,47613236.0,0,2
CONT_s6_throughput_RedBullPlayStreets,1789784384.663,0.1023,0,0,0,0,0,0
CONT_s6_throughput_RedBullPlayStreets,1789784384.765,0.1022,2928,5,0,50695933.2,0,2
CONT_s6_throughput_RedBullPlayStreets,1789784384.868,0.1024,4552,4,0,53541575.5,0,2
CONT_s6_throughput_RedBullPlayStreets,1789784384.97,0.1025,52,1,0,73083695.0,0,1
CONT_s6_throughput_RedBullPlayStreets,1789784385.072,0.1023,9156,9,0,57478814.7,0,2
CONT_s6_throughput_RedBullPlayStreets,1789784385.175,0.1025,7604,7,0,51833949.3,0,2
CONT_s6_throughput_RedBullPlayStreets,1789784385.277,0.1023,3052,3,0,53143344.7,0,2
CONT_s6_throughput_RedBullPlayStreets,1789784385.38,0.1024,10784,12,0,47605853.3,0,2
CONT_s6_throughput_RedBullPlayStreets,1789784385.482,0.1024,7949,11,0,38281532.4,0,3
CONT_s6_throughput_RedBullPlayStreets,1789784385.584,0.1023,6104,6,0,39182309.3,0,2
CONT_s6_throughput_RedBullPlayStreets,1789784385.687,0.1023,10772,12,0,34823438.0,0,2
CONT_s6_throughput_RedBullPlayStreets,1789784385.789,0.1023,9697,11,0,42726987.1,0,3
CONT_s6_throughput_RedBullPlayStreets,1789784385.891,0.1025,16683,17,0,115568597.5,0,4
CONT_s6_throughput_RedBullPlayStreets,1789784385.994,0.1024,12432,15,0,28860827.2,0,2
CONT_s6_throughput_RedBullPlayStreets,1789784386.096,0.1022,1552,2,0,27998781.5,0,2
CONT_s6_throughput_RedBullPlayStreets,1789784386.198,0.1024,17844,15,0,96713923.6,0,4
CONT_s6_throughput_RedBullPlayStreets,1789784386.301,0.1023,6115,7,0,108290316.3,0,4
CONT_s6_throughput_RedBullPlayStreets,1789784386.403,0.1024,13988,19,0,83257150.9,0,4
CONT_s6_throughput_RedBullPlayStreets,1789784386.506,0.1025,4773,7,0,60722990.4,0,3
CONT_s6_throughput_RedBullPlayStreets,1789784386.608,0.1024,15454,16,0,70096259.4,0,4
CONT_s6_throughput_RedBullPlayStreets,1789784386.711,0.1025,7825,10,0,51182639.3,0,3
CONT_s6_throughput_RedBullPlayStreets,1789784386.813,0.1024,13475,13,0,66635234.2,0,4
CONT_s6_throughput_RedBullPlayStreets,1789784386.915,0.1024,6208,8,0,52394860.1,0,4
CONT_s6_throughput_RedBullPlayStreets,1789784387.018,0.1024,14906,13,0,58792276.2,0,4
CONT_s6_throughput_RedBullPlayStreets,1789784387.12,0.1023,4744,7,0,52470644.4,0,4
CONT_s6_throughput_RedBullPlayStreets,1789784387.222,0.1024,15473,17,0,51190696.5,0,4
CONT_s6_throughput_RedBullPlayStreets,1789784387.325,0.1023,9159,10,0,49648772.6,0,4
CONT_s6_throughput_RedBullPlayStreets,1789784387.427,0.1024,10443,9,0,36830173.4,0,3
CONT_s6_throughput_RedBullPlayStreets,1789784387.53,0.1024,10590,11,0,55006298.4,0,4
CONT_s6_throughput_RedBullPlayStreets,1789784387.632,0.1023,9495,19,0,43298387.8,0,4
CONT_s6_throughput_RedBullPlayStreets,1789784387.734,0.1023,6264,8,0,53222611.0,0,2
CONT_s6_throughput_RedBullPlayStreets,1789784387.838,0.1036,11032,12,0,45145635.2,0,4
CONT_s6_throughput_RedBullPlayStreets,1789784387.943,0.105,102,2,0,49103012.5,0,2
CONT_s6_throughput_RedBullPlayStreets,1789784388.045,0.1025,7665,8,0,53783783.6,0,3
CONT_s6_throughput_RedBullPlayStreets,1789784388.147,0.1022,4552,4,0,54000000.2,0,2
CONT_s6_throughput_RedBullPlayStreets,1789784388.25,0.1024,4604,5,0,50731532.2,0,2
CONT_s6_throughput_RedBullPlayStreets,1789784388.352,0.1024,9156,9,0,49165951.0,0,2
CONT_s6_throughput_RedBullPlayStreets,1789784388.456,0.1034,3052,3,0,51752064.7,0,2
CONT_s6_throughput_RedBullPlayStreets,1789784388.558,0.1022,6104,6,0,47937199.0,0,2
CONT_s6_throughput_RedBullPlayStreets,1789784388.66,0.1023,6256,8,0,52019790.0,0,2
CONT_s6_throughput_RedBullPlayStreets,1789784388.762,0.1023,0,0,0,0,0,0
CONT_s6_throughput_RedBullPlayStreets,1789784388.865,0.1024,6168,7,0,55790555.9,0,2
CONT_s6_throughput_RedBullPlayStreets,1789784388.967,0.1024,6180,7,0,58696803.3,0,2
CONT_s6_throughput_RedBullPlayStreets,1789784389.069,0.1022,0,0,0,0,0,0
CONT_s6_throughput_RedBullPlayStreets,1789784389.172,0.1022,7808,10,0,57039785.5,0,2
CONT_s6_throughput_RedBullPlayStreets,1789784389.274,0.1023,7824,10,0,55153827.0,0,2
CONT_s6_throughput_RedBullPlayStreets,1789784389.376,0.1024,3064,3,0,61111006.3,0,2
CONT_s6_throughput_RedBullPlayStreets,1789784389.479,0.1025,4905,8,0,47177952.0,0,3
CONT_s6_throughput_RedBullPlayStreets,1789784389.581,0.1022,6268,9,0,47020713.8,0,3
CONT_s6_throughput_RedBullPlayStreets,1789784389.683,0.1023,1953,2,0,98614185.0,0,2
CONT_s6_throughput_RedBullPlayStreets,1789784389.786,0.1024,3681,5,0,25765432.0,0,3
CONT_s6_throughput_RedBullPlayStreets,1789784389.888,0.1026,15472,17,0,103720520.4,0,4
CONT_s6_throughput_RedBullPlayStreets,1789784389.991,0.1026,14690,11,0,96826119.2,0,2
CONT_s6_throughput_RedBullPlayStreets,1789784390.093,0.1024,8228,13,0,28376321.2,0,2
CONT_s6_throughput_RedBullPlayStreets,1789784390.196,0.1024,0,0,0,0,0,0
CONT_s6_throughput_RedBullPlayStreets,1789784390.298,0.1025,15328,16,0,91558990.5,0,2
CONT_s6_throughput_RedBullPlayStreets,1789784390.401,0.1026,11892,11,0,69011612.5,0,2
CONT_s6_throughput_RedBullPlayStreets,1789784390.503,0.1026,11890,11,0,50998390.7,0,2
CONT_s6_throughput_RedBullPlayStreets,1789784390.606,0.1024,10938,12,0,46734575.0,0,4
CONT_s6_throughput_RedBullPlayStreets,1789784390.708,0.1025,13292,11,0,34362090.3,0,2
CONT_s6_throughput_RedBullPlayStreets,1789784390.811,0.1025,10493,10,0,52334032.9,0,4
CONT_s6_throughput_RedBullPlayStreets,1789784390.913,0.1026,12435,13,0,43261446.2,0,4
CONT_s6_throughput_RedBullPlayStreets,1789784391.016,0.1025,12053,12,0,51549472.8,0,4
CONT_s6_throughput_RedBullPlayStreets,1789784391.118,0.1024,10679,12,0,56552004.2,0,4
CONT_s6_throughput_RedBullPlayStreets,1789784391.221,0.1024,10581,11,0,50426700.6,0,4
CONT_s6_throughput_RedBullPlayStreets,1789784391.323,0.1025,13418,12,0,41256948.6,0,4
CONT_s6_throughput_RedBullPlayStreets,1789784391.426,0.1026,6521,8,0,44875550.9,0,4
CONT_s6_throughput_RedBullPlayStreets,1789784391.528,0.1025,19642,20,0,38680648.2,0,5
CONT_s6_throughput_RedBullPlayStreets,1789784391.631,0.1024,10893,11,0,39211036.6,0,4
CONT_s6_throughput_RedBullPlayStreets,1789784391.733,0.1027,11383,14,0,51626870.9,0,4
CONT_s6_throughput_RedBullPlayStreets,1789784391.836,0.1031,13265,10,0,29585547.6,0,3
CONT_s6_throughput_RedBullPlayStreets,1789784391.94,0.1033,6104,6,0,61903297.0,0,2
CONT_s6_throughput_RedBullPlayStreets,1789784392.042,0.1026,16280,13,0,37407552.2,0,4
CONT_s6_throughput_RedBullPlayStreets,1789784392.145,0.1024,12280,11,0,36825046.3,0,3
CONT_s6_throughput_RedBullPlayStreets,1789784392.247,0.1025,7563,8,0,47906756.0,0,4
CONT_s6_throughput_RedBullPlayStreets,1789784392.35,0.1027,17706,14,0,34287760.8,0,4
CONT_s6_throughput_RedBullPlayStreets,1789784392.453,0.1033,3113,4,0,65917685.0,0,3
CONT_s6_throughput_RedBullPlayStreets,1789784392.556,0.1025,19813,18,0,44500304.2,0,4
CONT_s6_throughput_RedBullPlayStreets,1789784392.658,0.1025,12181,12,0,54024897.9,0,4
CONT_s6_throughput_RedBullPlayStreets,1789784392.761,0.1025,13604,15,0,41309423.6,0,4
CONT_s6_throughput_RedBullPlayStreets,1789784392.863,0.1026,11930,10,0,42534069.7,0,4
CONT_s6_throughput_RedBullPlayStreets,1789784392.966,0.1025,12029,11,0,46111245.5,0,4
CONT_s6_throughput_RedBullPlayStreets,1789784393.068,0.1024,10881,11,0,39847616.9,0,4
CONT_s6_throughput_RedBullPlayStreets,1789784393.171,0.1024,12212,14,0,49554703.3,0,4
CONT_s6_throughput_RedBullPlayStreets,1789784393.273,0.1026,9002,8,0,49080238.8,0,4
CONT_s6_throughput_RedBullPlayStreets,1789784393.376,0.1025,11928,10,0,46366647.9,0,4
CONT_s6_throughput_RedBullPlayStreets,1789784393.478,0.1026,13695,13,0,48243906.9,0,5
CONT_s6_throughput_RedBullPlayStreets,1789784393.58,0.1024,13513,13,0,45866074.5,0,4
CONT_s6_throughput_RedBullPlayStreets,1789784393.683,0.1025,10591,11,0,51299250.1,0,4
CONT_s6_throughput_RedBullPlayStreets,1789784393.785,0.1025,12514,12,0,51529605.2,0,4
CONT_s6_throughput_RedBullPlayStreets,1789784393.888,0.1027,10493,11,0,40278336.2,0,2
CONT_s6_throughput_RedBullPlayStreets,1789784393.991,0.1026,12030,10,0,53167086.4,0,3
CONT_s6_throughput_RedBullPlayStreets,1789784394.093,0.1024,14352,17,0,48505327.5,0,4
CONT_s6_throughput_RedBullPlayStreets,1789784394.196,0.1024,12453,14,0,45000560.6,0,4
CONT_s6_throughput_RedBullPlayStreets,1789784394.298,0.1025,10656,10,0,39116046.4,0,2
CONT_s6_throughput_RedBullPlayStreets,1789784394.401,0.1026,12156,11,0,34108980.8,0,2
CONT_s6_throughput_RedBullPlayStreets,1789784394.503,0.1025,12154,12,0,45316161.5,0,4
CONT_s6_throughput_RedBullPlayStreets,1789784394.605,0.1024,12156,11,0,30728200.7,0,2
CONT_s6_throughput_RedBullPlayStreets,1789784394.708,0.1024,8964,9,0,69217731.0,0,2
CONT_s6_throughput_RedBullPlayStreets,1789784394.81,0.1025,10581,10,0,46973969.9,0,4
CONT_s6_throughput_RedBullPlayStreets,1789784394.913,0.1026,14804,11,0,53137186.2,0,3
CONT_s6_throughput_RedBullPlayStreets,1789784395.016,0.1026,12289,12,0,46246957.2,0,2
CONT_s6_throughput_RedBullPlayStreets,1789784395.118,0.1024,13230,10,0,34860479.4,0,2
CONT_s6_throughput_RedBullPlayStreets,1789784395.221,0.1025,11767,9,0,31020152.1,0,2
CONT_s6_throughput_RedBullPlayStreets,1789784395.323,0.1025,6514,9,0,37194882.3,0,2
CONT_s6_throughput_RedBullPlayStreets,1789784395.426,0.1026,17681,14,0,26114086.4,0,2
CONT_s6_throughput_RedBullPlayStreets,1789784395.528,0.1025,11908,10,0,22232271.4,0,3
CONT_s6_throughput_RedBullPlayStreets,1789784395.631,0.1024,8049,11,0,32485261.9,0,2
CONT_s6_throughput_RedBullPlayStreets,1789784395.733,0.1027,16340,15,0,28563182.2,0,2
CONT_s6_throughput_RedBullPlayStreets,1789784395.836,0.103,10783,10,0,20936114.2,0,2
CONT_s6_throughput_RedBullPlayStreets,1789784395.939,0.1026,6040,7,0,31185037.4,0,2
CONT_s6_throughput_RedBullPlayStreets,1789784396.042,0.1027,16218,13,0,22715893.3,0,2
CONT_s6_throughput_RedBullPlayStreets,1789784396.144,0.1024,10304,8,0,22205075.6,0,2
CONT_s6_throughput_RedBullPlayStreets,1789784396.246,0.1025,6389,7,0,21786989.1,0,2
CONT_s6_throughput_RedBullPlayStreets,1789784396.349,0.1026,19082,14,0,21169893.0,0,2
CONT_s6_throughput_RedBullPlayStreets,1789784396.453,0.1038,11830,10,0,24201883.0,0,2
CONT_s6_throughput_RedBullPlayStreets,1789784396.555,0.1024,8810,13,0,21768012.0,0,2
CONT_s6_throughput_RedBullPlayStreets,1789784396.658,0.1025,17677,14,0,19453654.0,0,2
CONT_s6_throughput_RedBullPlayStreets,1789784396.76,0.1024,3109,5,0,29341477.6,0,2
CONT_s6_throughput_RedBullPlayStreets,1789784396.863,0.1025,20033,24,0,17897537.8,0,2
CONT_s6_throughput_RedBullPlayStreets,1789784396.966,0.1028,12031,13,0,17792619.9,0,2
CONT_s6_throughput_RedBullPlayStreets,1789784397.068,0.1026,13492,14,0,16038718.9,0,2
CONT_s6_throughput_RedBullPlayStreets,1789784397.171,0.1025,12438,14,0,15130103.0,0,2
CONT_s6_throughput_RedBullPlayStreets,1789784397.273,0.1025,10424,10,0,15652179.0,0,2
CONT_s6_throughput_RedBullPlayStreets,1789784397.376,0.1027,13410,13,0,15637174.9,0,2
CONT_s6_throughput_RedBullPlayStreets,1789784397.478,0.1027,8063,10,0,16450184.6,0,3
CONT_s6_throughput_RedBullPlayStreets,1789784397.581,0.1024,14811,13,0,18149364.5,0,2
CONT_s6_throughput_RedBullPlayStreets,1789784397.683,0.1025,9578,13,0,17785136.5,0,2
CONT_s6_throughput_RedBullPlayStreets,1789784397.786,0.1024,13468,14,0,17107289.8,0,2
CONT_s6_throughput_RedBullPlayStreets,1789784397.888,0.1027,10479,11,0,17347130.8,0,2
CONT_s6_throughput_RedBullPlayStreets,1789784397.991,0.1026,7937,12,0,14692903.2,0,2
CONT_s6_throughput_RedBullPlayStreets,1789784398.093,0.1024,17800,16,0,15997009.2,0,2
CONT_s6_throughput_RedBullPlayStreets,1789784398.196,0.1025,0,0,0,0,0,0
CONT_s6_throughput_RedBullPlayStreets,1789784398.298,0.1024,18133,16,0,17257692.6,0,2
CONT_s6_throughput_RedBullPlayStreets,1789784398.401,0.1026,19200,16,0,17397010.2,0,2
CONT_s6_throughput_RedBullPlayStreets,1789784398.503,0.1026,1524,2,0,22018845.0,0,2
CONT_s6_throughput_RedBullPlayStreets,1789784398.606,0.1024,21389,23,0,17032966.7,0,2
CONT_s6_throughput_RedBullPlayStreets,1789784398.708,0.1024,13428,13,0,18820095.5,0,2
CONT_s6_throughput_RedBullPlayStreets,1789784398.811,0.1024,12442,14,0,18963481.4,0,2
CONT_s6_throughput_RedBullPlayStreets,1789784398.913,0.1026,9021,10,0,17186356.2,0,2
CONT_s6_throughput_RedBullPlayStreets,1789784399.016,0.1025,14874,14,0,16876696.7,0,2
CONT_s6_throughput_RedBullPlayStreets,1789784399.118,0.1024,11025,14,0,16402518.6,0,2
CONT_s6_throughput_RedBullPlayStreets,1789784399.221,0.1025,13058,18,0,14664920.0,0,2
CONT_s6_throughput_RedBullPlayStreets,1789784399.323,0.1026,6741,10,0,15316399.4,0,2
CONT_s6_throughput_RedBullPlayStreets,1789784399.426,0.1026,14752,12,0,17228925.3,0,2
CONT_s6_throughput_RedBullPlayStreets,1789784399.528,0.1025,14831,12,0,16545951.6,0,3
CONT_s6_throughput_RedBullPlayStreets,1789784399.631,0.1024,4961,7,0,20130705.6,0,2
CONT_s6_throughput_RedBullPlayStreets,1789784399.733,0.1024,17799,16,0,19668363.8,0,2
CONT_s6_throughput_RedBullPlayStreets,1789784399.836,0.1027,13228,10,0,18418614.1,0,2
CONT_s6_throughput_RedBullPlayStreets,1789784399.94,0.1042,6516,9,0,23677116.6,0,2
CONT_s6_throughput_RedBullPlayStreets,1789784400.043,0.1027,17616,13,0,18826303.3,0,2
CONT_s6_throughput_RedBullPlayStreets,1789784400.145,0.1024,3049,4,0,27702991.5,0,2
CONT_s6_throughput_RedBullPlayStreets,1789784400.248,0.1025,19874,21,0,23942522.6,0,2
CONT_s6_throughput_RedBullPlayStreets,1789784400.35,0.1026,11768,9,0,21566970.9,0,2
CONT_s6_throughput_RedBullPlayStreets,1789784400.453,0.103,4511,5,0,27621657.4,0,2
CONT_s6_throughput_RedBullPlayStreets,1789784400.556,0.1025,16815,17,0,22743409.9,0,2
CONT_s6_throughput_RedBullPlayStreets,1789784400.658,0.1024,8419,10,0,20697993.0,0,2
CONT_s6_throughput_RedBullPlayStreets,1789784400.761,0.1025,0,0,0,0,0,0
CONT_s6_throughput_RedBullPlayStreets,1789784400.863,0.1026,0,0,0,0,0,0
CONT_s6_throughput_RedBullPlayStreets,1789784400.966,0.1025,0,0,0,0,0,0
CONT_s6_throughput_RedBullPlayStreets,1789784401.068,0.1024,0,0,0,0,0,0
CONT_s6_throughput_RedBullPlayStreets,1789784401.171,0.1025,0,0,0,0,0,0
CONT_s6_throughput_RedBullPlayStreets,1789784401.273,0.1025,0,0,0,0,0,0
CONT_s6_throughput_RedBullPlayStreets,1789784401.376,0.1026,0,0,0,0,0,0
CONT_s6_throughput_RedBullPlayStreets,1789784401.478,0.1025,141,1,0,4836024.0,0,1
CONT_s6_throughput_RedBullPlayStreets,1789784401.581,0.1024,0,0,0,0,0,0
CONT_s6_throughput_RedBullPlayStreets,1789784401.683,0.1025,24412,24,0,66420231.1,0,2
CONT_s6_throughput_RedBullPlayStreets,1789784401.785,0.1024,11000,14,0,48775972.0,0,2
CONT_s6_throughput_RedBullPlayStreets,1789784401.888,0.1026,12130,15,0,31909216.6,0,2
CONT_s6_throughput_RedBullPlayStreets,1789784401.991,0.1025,10612,13,0,22531220.2,0,2
CONT_s6_throughput_RedBullPlayStreets,1789784402.093,0.1024,13957,16,0,16679411.2,0,2
CONT_s6_throughput_RedBullPlayStreets,1789784402.195,0.1025,12072,14,0,15148682.6,0,2
CONT_s6_throughput_RedBullPlayStreets,1789784402.298,0.1026,10559,12,0,15005427.9,0,2
CONT_s6_throughput_RedBullPlayStreets,1789784402.401,0.1025,12496,15,0,12312467.0,0,2
CONT_s6_throughput_RedBullPlayStreets,1789784402.503,0.1026,13472,14,0,12356742.9,0,2
CONT_s6_throughput_RedBullPlayStreets,1789784402.605,0.1024,9022,10,0,13465033.2,0,2
CONT_s6_throughput_RedBullPlayStreets,1789784402.708,0.1025,13835,14,0,13906031.6,0,2
CONT_s6_throughput_RedBullPlayStreets,1789784402.81,0.1025,13411,13,0,16057349.8,0,2
CONT_s6_throughput_RedBullPlayStreets,1789784402.913,0.1026,10997,15,0,15226159.2,0,2
CONT_s6_throughput_RedBullPlayStreets,1789784403.016,0.1025,0,0,0,0,0,0
CONT_s6_throughput_RedBullPlayStreets,1789784403.118,0.1025,0,0,0,0,0,0
CONT_s6_throughput_RedBullPlayStreets,1789784403.22,0.1025,0,0,0,0,0,0
CONT_s6_throughput_RedBullPlayStreets,1789784403.323,0.1025,0,0,0,0,0,0
CONT_s6_throughput_RedBullPlayStreets,1789784403.426,0.1026,0,0,0,0,0,0
CONT_s6_throughput_RedBullPlayStreets,1789784403.528,0.1025,141,1,0,4727806.0,0,1
CONT_s6_throughput_RedBullPlayStreets,1789784403.63,0.1024,0,0,0,0,0,0
CONT_s6_throughput_RedBullPlayStreets,1789784403.733,0.1024,0,0,0,0,0,0
CONT_s6_throughput_RedBullPlayStreets,1789784403.836,0.1028,0,0,0,0,0,0
CONT_s6_throughput_RedBullPlayStreets,1789784403.939,0.1035,0,0,0,0,0,0
CONT_s6_throughput_RedBullPlayStreets,1789784404.042,0.1026,0,0,0,0,0,0
CONT_s6_throughput_RedBullPlayStreets,1789784404.144,0.1024,0,0,0,0,0,0
CONT_s6_throughput_RedBullPlayStreets,1789784404.247,0.1024,0,0,0,0,0,0
CONT_s6_throughput_RedBullPlayStreets,1789784404.349,0.1026,0,0,0,0,0,0
CONT_s6_throughput_RedBullPlayStreets,1789784404.452,0.1032,0,0,0,0,0,0
CONT_s6_throughput_RedBullPlayStreets,1789784404.555,0.1024,0,0,0,0,0,0
CONT_s6_throughput_RedBullPlayStreets,1789784404.657,0.1024,0,0,0,0,0,0
CONT_s6_throughput_RedBullPlayStreets,1789784404.759,0.1023,0,0,0,0,0,0
CONT_s6_throughput_RedBullPlayStreets,1789784404.862,0.1025,0,0,0,0,0,0
CONT_s6_throughput_RedBullPlayStreets,1789784404.965,0.1025,0,0,0,0,0,0
CONT_s6_throughput_RedBullPlayStreets,1789784405.067,0.1024,0,0,0,0,0,0
CONT_s6_throughput_RedBullPlayStreets,1789784405.169,0.1024,0,0,0,0,0,0
CONT_s6_throughput_RedBullPlayStreets,1789784405.272,0.1024,0,0,0,0,0,0
CONT_s6_throughput_RedBullPlayStreets,1789784405.374,0.1026,0,0,0,0,0,0
CONT_s6_throughput_RedBullPlayStreets,1789784405.477,0.1025,19727,25,0,595375.5,0,2
CONT_s6_throughput_RedBullPlayStreets,1789784405.579,0.1026,12203,15,0,1144967.4,0,3
CONT_s6_throughput_RedBullPlayStreets,1789784405.682,0.1026,12659,20,0,4188035.8,0,2
CONT_s6_throughput_RedBullPlayStreets,1789784405.785,0.1028,11133,18,0,9115359.8,0,2
CONT_s6_throughput_RedBullPlayStreets,1789784405.888,0.1028,12958,21,0,8836409.8,0,2
CONT_s6_throughput_RedBullPlayStreets,1789784405.99,0.1027,12354,18,0,6752555.3,0,2
CONT_s6_throughput_RedBullPlayStreets,1789784406.093,0.1026,12445,18,0,5230822.0,0,2
CONT_s6_throughput_RedBullPlayStreets,1789784406.196,0.1026,12663,18,0,3195930.5,0,2
CONT_s6_throughput_RedBullPlayStreets,1789784406.298,0.1026,11340,14,0,6224065.1,0,2
CONT_s6_throughput_RedBullPlayStreets,1789784406.401,0.1027,12655,16,0,4151725.9,0,2
CONT_s6_throughput_RedBullPlayStreets,1789784406.504,0.1027,10206,13,0,5857828.0,0,2
CONT_s6_throughput_RedBullPlayStreets,1789784406.606,0.1026,14896,17,0,6335301.7,0,2
CONT_s6_throughput_RedBullPlayStreets,1789784406.709,0.1027,11862,14,0,7125429.7,0,2
CONT_s6_throughput_RedBullPlayStreets,1789784406.812,0.1026,3759,7,0,6716028.0,0,2
CONT_s6_throughput_RedBullPlayStreets,1789784406.914,0.1028,0,0,0,0,0,0
CONT_s6_throughput_RedBullPlayStreets,1789784407.017,0.1027,0,0,0,0,0,0
CONT_s6_throughput_RedBullPlayStreets,1789784407.12,0.1025,0,0,0,0,0,0
CONT_s6_throughput_RedBullPlayStreets,1789784407.222,0.1029,0,0,0,0,0,0
CONT_s6_throughput_RedBullPlayStreets,1789784407.325,0.1027,0,0,0,0,0,0
CONT_s6_throughput_RedBullPlayStreets,1789784407.428,0.1028,0,0,0,0,0,0
CONT_s6_throughput_RedBullPlayStreets,1789784407.531,0.1026,141,1,0,4507851.0,0,1
CONT_s6_throughput_RedBullPlayStreets,1789784407.633,0.1025,0,0,0,0,0,0
CONT_s6_throughput_RedBullPlayStreets,1789784407.736,0.1026,0,0,0,0,0,0
CONT_s6_throughput_RedBullPlayStreets,1789784407.838,0.1028,0,0,0,0,0,0
CONT_s6_throughput_RedBullPlayStreets,1789784407.942,0.1035,0,0,0,0,0,0
CONT_s6_throughput_RedBullPlayStreets,1789784408.045,0.1028,0,0,0,0,0,0
CONT_s6_throughput_RedBullPlayStreets,1789784408.147,0.1025,0,0,0,0,0,0
CONT_s6_throughput_RedBullPlayStreets,1789784408.25,0.1026,0,0,0,0,0,0
CONT_s6_throughput_RedBullPlayStreets,1789784408.353,0.1028,0,0,0,0,0,0
CONT_s6_throughput_RedBullPlayStreets,1789784408.455,0.1027,0,0,0,0,0,0
CONT_s6_throughput_RedBullPlayStreets,1789784408.558,0.1026,0,0,0,0,0,0
CONT_s6_throughput_RedBullPlayStreets,1789784408.66,0.1026,0,0,0,0,0,0
CONT_s6_throughput_RedBullPlayStreets,1789784408.763,0.1025,0,0,0,0,0,0
CONT_s6_throughput_RedBullPlayStreets,1789784408.866,0.1028,0,0,0,0,0,0
CONT_s6_throughput_RedBullPlayStreets,1789784408.968,0.1027,0,0,0,0,0,0
CONT_s6_throughput_RedBullPlayStreets,1789784409.071,0.1026,0,0,0,0,0,0
CONT_s6_throughput_RedBullPlayStreets,1789784409.174,0.1026,0,0,0,0,0,0
CONT_s6_throughput_RedBullPlayStreets,1789784409.276,0.1026,0,0,0,0,0,0
CONT_s6_throughput_RedBullPlayStreets,1789784409.379,0.1027,24138,24,0,142409183.6,0,2
CONT_s6_throughput_RedBullPlayStreets,1789784409.482,0.1028,12765,16,0,95539659.1,0,2
CONT_s6_throughput_RedBullPlayStreets,1789784409.584,0.1026,12170,15,0,58094241.3,0,3
CONT_s6_throughput_RedBullPlayStreets,1789784409.687,0.1027,12034,14,0,43834381.9,0,2
CONT_s6_throughput_RedBullPlayStreets,1789784409.79,0.1026,12613,16,0,32231962.4,0,2
CONT_s6_throughput_RedBullPlayStreets,1789784409.892,0.1028,10394,10,0,26285957.2,0,2
CONT_s6_throughput_RedBullPlayStreets,1789784409.995,0.1027,13374,13,0,25207525.3,0,2
CONT_s6_throughput_RedBullPlayStreets,1789784410.098,0.1025,12432,13,0,22897752.3,0,2
CONT_s6_throughput_RedBullPlayStreets,1789784410.2,0.1027,11861,11,0,21199557.6,0,2
CONT_s6_throughput_RedBullPlayStreets,1789784410.303,0.1026,11952,12,0,22101031.7,0,2
CONT_s6_throughput_RedBullPlayStreets,1789784410.406,0.1028,10925,12,0,20182562.0,0,2
CONT_s6_throughput_RedBullPlayStreets,1789784410.508,0.1027,13405,12,0,21249184.0,0,2
CONT_s6_throughput_RedBullPlayStreets,1789784410.611,0.1026,6014,10,0,20669982.5,0,2
CONT_s6_throughput_RedBullPlayStreets,1789784410.714,0.1026,0,0,0,0,0,0
CONT_s6_throughput_RedBullPlayStreets,1789784410.816,0.1026,0,0,0,0,0,0
CONT_s6_throughput_RedBullPlayStreets,1789784410.919,0.1029,0,0,0,0,0,0
CONT_s6_throughput_RedBullPlayStreets,1789784411.022,0.1028,0,0,0,0,0,0
CONT_s6_throughput_RedBullPlayStreets,1789784411.125,0.1026,0,0,0,0,0,0
CONT_s6_throughput_RedBullPlayStreets,1789784411.227,0.1027,0,0,0,0,0,0
CONT_s6_throughput_RedBullPlayStreets,1789784411.332,0.1049,0,0,0,0,0,0
CONT_s6_throughput_RedBullPlayStreets,1789784411.435,0.1028,0,0,0,0,0,0
CONT_s6_throughput_RedBullPlayStreets,1789784411.538,0.1027,141,1,0,4378201.0,0,1
CONT_s6_throughput_RedBullPlayStreets,1789784411.64,0.1026,0,0,0,0,0,0
CONT_s6_throughput_RedBullPlayStreets,1789784411.743,0.1027,0,0,0,0,0,0
CONT_s6_throughput_RedBullPlayStreets,1789784411.846,0.1029,0,0,0,0,0,0
CONT_s6_throughput_RedBullPlayStreets,1789784411.95,0.1045,0,0,0,0,0,0
CONT_s6_throughput_RedBullPlayStreets,1789784412.053,0.1028,0,0,0,0,0,0
CONT_s6_throughput_RedBullPlayStreets,1789784412.156,0.1026,0,0,0,0,0,0
CONT_s6_throughput_RedBullPlayStreets,1789784412.258,0.1025,0,0,0,0,0,0
CONT_s6_throughput_RedBullPlayStreets,1789784412.361,0.1029,0,0,0,0,0,0
CONT_s6_throughput_RedBullPlayStreets,1789784412.464,0.1027,0,0,0,0,0,0
CONT_s6_throughput_RedBullPlayStreets,1789784412.566,0.1027,0,0,0,0,0,0
CONT_s6_throughput_RedBullPlayStreets,1789784412.669,0.1026,0,0,0,0,0,0
CONT_s6_throughput_RedBullPlayStreets,1789784412.772,0.1028,0,0,0,0,0,0
CONT_s6_throughput_RedBullPlayStreets,1789784412.874,0.1027,0,0,0,0,0,0
CONT_s6_throughput_RedBullPlayStreets,1789784412.977,0.1027,0,0,0,0,0,0
CONT_s6_throughput_RedBullPlayStreets,1789784413.08,0.1026,0,0,0,0,0,0
CONT_s6_throughput_RedBullPlayStreets,1789784413.182,0.1026,0,0,0,0,0,0
CONT_s6_throughput_RedBullPlayStreets,1789784413.285,0.1029,0,0,0,0,0,0
CONT_s6_throughput_RedBullPlayStreets,1789784413.388,0.1028,0,0,0,0,0,0
CONT_s6_throughput_RedBullPlayStreets,1789784413.491,0.1028,0,0,0,0,0,0
CONT_s6_throughput_RedBullPlayStreets,1789784413.593,0.1025,141,1,0,4135982.0,0,1
CONT_s6_throughput_RedBullPlayStreets,1789784413.696,0.1026,22975,22,0,185179991.9,0,2
CONT_s6_throughput_RedBullPlayStreets,1789784413.799,0.1026,12411,16,0,126248797.5,0,2
CONT_s6_throughput_RedBullPlayStreets,1789784413.901,0.1028,12177,15,0,80844577.9,0,2
CONT_s6_throughput_RedBullPlayStreets,1789784414.004,0.1028,12062,13,0,54468746.5,0,2
CONT_s6_throughput_RedBullPlayStreets,1789784414.107,0.1025,10911,14,0,39517505.4,0,2
CONT_s6_throughput_RedBullPlayStreets,1789784414.209,0.1027,13526,14,0,30294803.9,0,2
CONT_s6_throughput_RedBullPlayStreets,1789784414.312,0.1026,12127,14,0,26149153.3,0,2
CONT_s6_throughput_RedBullPlayStreets,1789784414.415,0.1028,12450,16,0,20283183.6,0,2
CONT_s6_throughput_RedBullPlayStreets,1789784414.518,0.1027,10711,14,0,16048348.1,0,2
CONT_s6_throughput_RedBullPlayStreets,1789784414.62,0.1025,12056,13,0,14489470.3,0,2
CONT_s6_throughput_RedBullPlayStreets,1789784414.723,0.1027,12258,13,0,16450559.0,0,2
CONT_s6_throughput_RedBullPlayStreets,1789784414.825,0.1027,7528,8,0,16378371.5,0,2
CONT_s6_throughput_RedBullPlayStreets,1789784414.928,0.1028,14872,13,0,18572932.2,0,2
CONT_s6_throughput_RedBullPlayStreets,1789784415.031,0.1027,4857,7,0,17177066.1,0,2
CONT_s6_throughput_RedBullPlayStreets,1789784415.134,0.1025,0,0,0,0,0,0
CONT_s6_throughput_RedBullPlayStreets,1789784415.236,0.1027,0,0,0,0,0,0
CONT_s6_throughput_RedBullPlayStreets,1789784415.339,0.1027,0,0,0,0,0,0
CONT_s6_throughput_RedBullPlayStreets,1789784415.443,0.1042,0,0,0,0,0,0
CONT_s6_throughput_RedBullPlayStreets,1789784415.546,0.1028,141,1,0,4065787.0,0,1
CONT_s6_throughput_RedBullPlayStreets,1789784415.648,0.1026,0,0,0,0,0,0
CONT_s6_throughput_RedBullPlayStreets,1789784415.751,0.1026,0,0,0,0,0,0
CONT_s6_throughput_RedBullPlayStreets,1789784415.854,0.1027,0,0,0,0,0,0
CONT_s6_throughput_RedBullPlayStreets,1789784415.956,0.1027,0,0,0,0,0,0
CONT_s6_throughput_RedBullPlayStreets,1789784416.059,0.1025,0,0,0,0,0,0
CONT_s6_throughput_RedBullPlayStreets,1789784416.161,0.1026,0,0,0,0,0,0
CONT_s6_throughput_RedBullPlayStreets,1789784416.264,0.1026,0,0,0,0,0,0
CONT_s6_throughput_RedBullPlayStreets,1789784416.367,0.1028,0,0,0,0,0,0
CONT_s6_throughput_RedBullPlayStreets,1789784416.47,0.1028,0,0,0,0,0,0
CONT_s6_throughput_RedBullPlayStreets,1789784416.572,0.1026,0,0,0,0,0,0
CONT_s6_throughput_RedBullPlayStreets,1789784416.675,0.1026,0,0,0,0,0,0
CONT_s6_throughput_RedBullPlayStreets,1789784416.777,0.1026,0,0,0,0,0,0
CONT_s6_throughput_RedBullPlayStreets,1789784416.88,0.1028,0,0,0,0,0,0
CONT_s6_throughput_RedBullPlayStreets,1789784416.983,0.1027,0,0,0,0,0,0
CONT_s6_throughput_RedBullPlayStreets,1789784417.086,0.1027,0,0,0,0,0,0
CONT_s6_throughput_RedBullPlayStreets,1789784417.188,0.1026,0,0,0,0,0,0
CONT_s6_throughput_RedBullPlayStreets,1789784417.291,0.1026,0,0,0,0,0,0
CONT_s6_throughput_RedBullPlayStreets,1789784417.394,0.1028,0,0,0,0,0,0
CONT_s6_throughput_RedBullPlayStreets,1789784417.497,0.103,0,0,0,0,0,0
CONT_s6_throughput_RedBullPlayStreets,1789784417.599,0.1026,141,1,0,4122129.0,0,1
CONT_s6_throughput_RedBullPlayStreets,1789784417.702,0.1026,0,0,0,0,0,0
CONT_s6_throughput_RedBullPlayStreets,1789784417.805,0.1026,0,0,0,0,0,0
CONT_s6_throughput_RedBullPlayStreets,1789784417.907,0.1029,0,0,0,0,0,0
CONT_s6_throughput_RedBullPlayStreets,1789784418.01,0.1028,16916,15,0,219630042.0,0,2
CONT_s6_throughput_RedBullPlayStreets,1789784418.113,0.1026,12178,15,0,161205951.5,0,2
CONT_s6_throughput_RedBullPlayStreets,1789784418.215,0.1025,12350,15,0,97491129.8,0,2
CONT_s6_throughput_RedBullPlayStreets,1789784418.318,0.1026,12182,15,0,64370246.0,0,2
CONT_s6_throughput_RedBullPlayStreets,1789784418.421,0.1028,12243,16,0,42489461.0,0,3
CONT_s6_throughput_RedBullPlayStreets,1789784418.524,0.1028,12330,14,0,31433914.9,0,2
CONT_s6_throughput_RedBullPlayStreets,1789784418.626,0.1027,11347,16,0,22673062.2,0,4
CONT_s6_throughput_RedBullPlayStreets,1789784418.729,0.1028,14124,19,0,19828391.8,0,4
CONT_s6_throughput_RedBullPlayStreets,1789784418.834,0.1047,12261,13,0,22255904.7,0,2
CONT_s6_throughput_RedBullPlayStreets,1789784418.937,0.1028,10370,12,0,22040833.7,0,3
CONT_s6_throughput_RedBullPlayStreets,1789784419.039,0.1029,13896,17,0,20132734.2,0,3
CONT_s6_throughput_RedBullPlayStreets,1789784419.142,0.1027,12058,12,0,26472155.2,0,4
CONT_s6_throughput_RedBullPlayStreets,1789784419.245,0.1028,12168,13,0,32604146.1,0,4
CONT_s6_throughput_RedBullPlayStreets,1789784419.348,0.1029,10255,14,0,33540756.9,0,4
CONT_s6_throughput_RedBullPlayStreets,1789784419.452,0.1037,12208,12,0,35511912.3,0,2
CONT_s6_throughput_RedBullPlayStreets,1789784419.554,0.1028,12208,12,0,29730383.3,0,2
CONT_s6_throughput_RedBullPlayStreets,1789784419.657,0.1028,12349,13,0,24173896.3,0,3
CONT_s6_throughput_RedBullPlayStreets,1789784419.76,0.1028,12208,12,0,23182501.0,0,2
CONT_s6_throughput_RedBullPlayStreets,1789784419.863,0.1029,12208,12,0,21322942.3,0,2
CONT_s6_throughput_RedBullPlayStreets,1789784419.966,0.1028,12208,12,0,20015560.0,0,2
CONT_s6_throughput_RedBullPlayStreets,1789784420.068,0.1028,12208,12,0,19078918.7,0,2
CONT_s6_throughput_RedBullPlayStreets,1789784420.171,0.1028,12208,12,0,18425901.0,0,2
CONT_s6_throughput_RedBullPlayStreets,1789784420.274,0.1031,12208,12,0,17913550.0,0,2
CONT_s6_throughput_RedBullPlayStreets,1789784420.377,0.1029,12208,12,0,17532348.3,0,2
CONT_s6_throughput_RedBullPlayStreets,1789784420.48,0.1029,12156,11,0,18626477.6,0,2
CONT_s6_throughput_RedBullPlayStreets,1789784420.583,0.1027,9208,10,0,15603948.8,0,2
CONT_s6_throughput_RedBullPlayStreets,1789784420.686,0.1027,12208,12,0,16923791.7,0,2
CONT_s6_throughput_RedBullPlayStreets,1789784420.788,0.1028,12208,12,0,16794795.0,0,2
CONT_s6_throughput_RedBullPlayStreets,1789784420.891,0.103,12208,12,0,16695171.3,0,2
CONT_s6_throughput_RedBullPlayStreets,1789784420.994,0.1029,12208,12,0,16614739.3,0,2
CONT_s6_throughput_RedBullPlayStreets,1789784421.097,0.1027,12208,12,0,16565874.0,0,2
CONT_s6_throughput_RedBullPlayStreets,1789784421.2,0.1028,12208,12,0,16517473.3,0,2
CONT_s6_throughput_RedBullPlayStreets,1789784421.302,0.1028,12208,12,0,16488340.7,0,2
CONT_s6_throughput_RedBullPlayStreets,1789784421.405,0.103,12208,12,0,16465090.3,0,2
CONT_s6_throughput_RedBullPlayStreets,1789784421.508,0.1029,12208,12,0,16447508.7,0,2
CONT_s6_throughput_RedBullPlayStreets,1789784421.611,0.1028,12349,13,0,15510342.6,0,3
CONT_s6_throughput_RedBullPlayStreets,1789784421.714,0.1028,12208,12,0,16431037.0,0,2
CONT_s6_throughput_RedBullPlayStreets,1789784421.817,0.1028,12208,12,0,16415675.0,0,2
CONT_s6_throughput_RedBullPlayStreets,1789784421.92,0.103,6802,9,0,96899203.2,0,4
CONT_s6_throughput_RedBullPlayStreets,1789784422.023,0.1029,17928,16,0,161637086.8,0,4
CONT_s6_throughput_RedBullPlayStreets,1789784422.125,0.1027,10689,11,0,60835769.9,0,4
CONT_s6_throughput_RedBullPlayStreets,1789784422.229,0.1038,12253,15,0,124201507.1,0,4
CONT_s6_throughput_RedBullPlayStreets,1789784422.333,0.1041,13763,14,0,86250106.0,0,4
CONT_s6_throughput_RedBullPlayStreets,1789784422.436,0.1028,10641,11,0,67843548.0,0,4
CONT_s6_throughput_RedBullPlayStreets,1789784422.539,0.1029,12061,12,0,70823209.1,0,4
CONT_s6_throughput_RedBullPlayStreets,1789784422.642,0.1027,13405,11,0,55013975.0,0,4
CONT_s6_throughput_RedBullPlayStreets,1789784422.745,0.1028,10706,12,0,63785698.8,0,4
CONT_s6_throughput_RedBullPlayStreets,1789784422.847,0.103,12441,16,0,51373641.9,0,2
CONT_s6_throughput_RedBullPlayStreets,1789784422.952,0.1041,12235,14,0,54241882.6,0,4
CONT_s6_throughput_RedBullPlayStreets,1789784423.054,0.1028,12109,12,0,51583279.3,0,4
CONT_s6_throughput_RedBullPlayStreets,1789784423.157,0.1028,12175,13,0,50698213.5,0,4
CONT_s6_throughput_RedBullPlayStreets,1789784423.26,0.103,12327,14,0,30387310.9,0,2
CONT_s6_throughput_RedBullPlayStreets,1789784423.363,0.1028,12307,15,0,46099690.0,0,4
CONT_s6_throughput_RedBullPlayStreets,1789784423.466,0.1029,12172,13,0,45145367.3,0,4
CONT_s6_throughput_RedBullPlayStreets,1789784423.569,0.1029,10602,11,0,38368618.1,0,4
CONT_s6_throughput_RedBullPlayStreets,1789784423.671,0.1028,12196,13,0,36113126.2,0,5
CONT_s6_throughput_RedBullPlayStreets,1789784423.774,0.1028,12433,14,0,45244300.9,0,4
CONT_s6_throughput_RedBullPlayStreets,1789784423.877,0.1028,13518,13,0,37765834.1,0,4
CONT_s6_throughput_RedBullPlayStreets,1789784423.98,0.1029,9781,13,0,50162208.9,0,4
CONT_s6_throughput_RedBullPlayStreets,1789784424.083,0.1027,12208,12,0,46612717.3,0,2
CONT_s6_throughput_RedBullPlayStreets,1789784424.186,0.1028,12208,12,0,37421963.0,0,2
CONT_s6_throughput_RedBullPlayStreets,1789784424.288,0.1028,12208,12,0,31248773.7,0,2
CONT_s6_throughput_RedBullPlayStreets,1789784424.391,0.103,12208,12,0,27036681.7,0,2
CONT_s6_throughput_RedBullPlayStreets,1789784424.494,0.1029,12208,12,0,24129898.7,0,2
CONT_s6_throughput_RedBullPlayStreets,1789784424.597,0.1027,12208,12,0,22077032.3,0,2
CONT_s6_throughput_RedBullPlayStreets,1789784424.7,0.1028,12208,12,0,20614620.3,0,2
CONT_s6_throughput_RedBullPlayStreets,1789784424.803,0.1029,12208,12,0,19562924.0,0,2
CONT_s6_throughput_RedBullPlayStreets,1789784424.906,0.103,12208,12,0,18768123.3,0,2
CONT_s6_throughput_RedBullPlayStreets,1789784425.008,0.1029,12208,12,0,18185182.3,0,2
CONT_s6_throughput_RedBullPlayStreets,1789784425.111,0.1027,12208,12,0,17764680.3,0,2
CONT_s6_throughput_RedBullPlayStreets,1789784425.214,0.1028,12208,12,0,17434198.3,0,2
CONT_s6_throughput_RedBullPlayStreets,1789784425.317,0.1027,9156,9,0,17243083.7,0,2
CONT_s6_throughput_RedBullPlayStreets,1789784425.42,0.103,12208,12,0,17038389.3,0,2
CONT_s6_throughput_RedBullPlayStreets,1789784425.523,0.1029,12208,12,0,16901080.7,0,2
CONT_s6_throughput_RedBullPlayStreets,1789784425.625,0.1027,12349,13,0,15801702.8,0,3
CONT_s6_throughput_RedBullPlayStreets,1789784425.728,0.1031,12208,12,0,16696867.0,0,2
CONT_s6_throughput_RedBullPlayStreets,1789784425.832,0.1039,12208,12,0,16627334.0,0,2
CONT_s6_throughput_RedBullPlayStreets,1789784425.935,0.1028,12208,12,0,16557574.0,0,2
CONT_s6_throughput_RedBullPlayStreets,1789784426.038,0.1029,14254,16,0,65230937.8,0,4
CONT_s6_throughput_RedBullPlayStreets,1789784426.141,0.1027,3348,6,0,124349996.0,0,4
CONT_s6_throughput_RedBullPlayStreets,1789784426.244,0.1028,20855,17,0,102735520.6,0,4
CONT_s6_throughput_RedBullPlayStreets,1789784426.346,0.1029,10748,12,0,63429584.9,0,4
CONT_s6_throughput_RedBullPlayStreets,1789784426.451,0.1042,12115,13,0,98326362.1,0,4
CONT_s6_throughput_RedBullPlayStreets,1789784426.553,0.1029,13512,12,0,64110376.6,0,4
CONT_s6_throughput_RedBullPlayStreets,1789784426.656,0.1028,9353,12,0,78411565.3,0,2
CONT_s6_throughput_RedBullPlayStreets,1789784426.759,0.1028,12106,12,0,59272858.3,0,4
CONT_s6_throughput_RedBullPlayStreets,1789784426.862,0.1028,11992,11,0,56922184.8,0,4
CONT_s6_throughput_RedBullPlayStreets,1789784426.965,0.1029,13916,16,0,55311975.1,0,4
CONT_s6_throughput_RedBullPlayStreets,1789784427.068,0.1029,11980,10,0,49174783.2,0,3
CONT_s6_throughput_RedBullPlayStreets,1789784427.17,0.1028,12285,15,0,54304858.0,0,4
CONT_s6_throughput_RedBullPlayStreets,1789784427.273,0.1028,11934,11,0,40917739.5,0,2
CONT_s6_throughput_RedBullPlayStreets,1789784427.376,0.103,6104,6,0,62140466.7,0,2
CONT_s6_throughput_RedBullPlayStreets,1789784427.479,0.1029,16713,16,0,43148031.8,0,4
CONT_s6_throughput_RedBullPlayStreets,1789784427.582,0.1029,12369,15,0,51690943.9,0,5
CONT_s6_throughput_RedBullPlayStreets,1789784427.685,0.1028,13461,12,0,43799499.9,0,4
CONT_s6_throughput_RedBullPlayStreets,1789784427.788,0.1031,9173,10,0,57190247.2,0,4
CONT_s6_throughput_RedBullPlayStreets,1789784427.891,0.103,15044,14,0,49201654.6,0,4
CONT_s6_throughput_RedBullPlayStreets,1789784427.994,0.1029,12191,12,0,32606141.5,0,2
CONT_s6_throughput_RedBullPlayStreets,1789784428.096,0.1027,12163,13,0,54195431.5,0,4
CONT_s6_throughput_RedBullPlayStreets,1789784428.199,0.1028,10404,9,0,32546607.4,0,2
CONT_s6_throughput_RedBullPlayStreets,1789784428.302,0.1028,10571,10,0,58247710.7,0,4
CONT_s6_throughput_RedBullPlayStreets,1789784428.405,0.103,12352,13,0,48839128.2,0,4
CONT_s6_throughput_RedBullPlayStreets,1789784428.508,0.1029,12063,13,0,35390736.6,0,2
CONT_s6_throughput_RedBullPlayStreets,1789784428.611,0.1028,13511,12,0,53660753.9,0,4
CONT_s6_throughput_RedBullPlayStreets,1789784428.714,0.1028,12043,11,0,55886695.5,0,4
CONT_s6_throughput_RedBullPlayStreets,1789784428.816,0.1028,9256,10,0,32081661.8,0,2
CONT_s6_throughput_RedBullPlayStreets,1789784428.919,0.103,10574,10,0,59440228.8,0,4
CONT_s6_throughput_RedBullPlayStreets,1789784429.022,0.1029,15059,15,0,44310538.0,0,4
CONT_s6_throughput_RedBullPlayStreets,1789784429.125,0.1027,12109,13,0,45177014.0,0,4
CONT_s6_throughput_RedBullPlayStreets,1789784429.228,0.1031,10692,12,0,55695106.2,0,4
CONT_s6_throughput_RedBullPlayStreets,1789784429.333,0.1047,15356,16,0,45258812.0,0,4
CONT_s6_throughput_RedBullPlayStreets,1789784429.435,0.1028,10405,9,0,24745038.3,0,2
CONT_s6_throughput_RedBullPlayStreets,1789784429.538,0.1029,10633,11,0,55622836.5,0,4
CONT_s6_throughput_RedBullPlayStreets,1789784429.641,0.1027,13484,12,0,22188116.2,0,3
CONT_s6_throughput_RedBullPlayStreets,1789784429.744,0.1028,10953,13,0,53410272.2,0,4
CONT_s6_throughput_RedBullPlayStreets,1789784429.847,0.103,13636,14,0,50994302.1,0,4
CONT_s6_throughput_RedBullPlayStreets,1789784429.951,0.1043,13580,13,0,51186558.9,0,4
CONT_s6_throughput_RedBullPlayStreets,1789784430.054,0.1029,12053,12,0,41774450.1,0,4
CONT_s6_throughput_RedBullPlayStreets,1789784430.157,0.1029,10897,13,0,37639105.4,0,4
CONT_s6_throughput_RedBullPlayStreets,1789784430.26,0.103,10633,11,0,52265465.6,0,4
CONT_s6_throughput_RedBullPlayStreets,1789784430.363,0.1029,13404,12,0,25935984.8,0,2
CONT_s6_throughput_RedBullPlayStreets,1789784430.466,0.1029,12228,14,0,49796360.4,0,4
CONT_s6_throughput_RedBullPlayStreets,1789784430.568,0.1028,10523,10,0,44362209.8,0,4
CONT_s6_throughput_RedBullPlayStreets,1789784430.671,0.1028,13825,15,0,42683377.3,0,4
CONT_s6_throughput_RedBullPlayStreets,1789784430.774,0.1027,13034,13,0,42715882.4,0,3
CONT_s6_throughput_RedBullPlayStreets,1789784430.877,0.103,12571,13,0,24497655.3,0,2
CONT_s6_throughput_RedBullPlayStreets,1789784430.98,0.1029,1591,3,0,30075428.3,0,2
CONT_s6_throughput_RedBullPlayStreets,1789784431.083,0.1028,21036,19,0,21007508.4,0,2
CONT_s6_throughput_RedBullPlayStreets,1789784431.185,0.1028,8874,7,0,21166688.6,0,2
CONT_s6_throughput_RedBullPlayStreets,1789784431.288,0.1028,8875,7,0,21175791.6,0,2
CONT_s6_throughput_RedBullPlayStreets,1789784431.391,0.1029,18122,17,0,20343030.2,0,2
CONT_s6_throughput_RedBullPlayStreets,1789784431.494,0.1029,8875,7,0,20521813.6,0,2
CONT_s6_throughput_RedBullPlayStreets,1789784431.597,0.1028,12017,11,0,20482296.5,0,3
CONT_s6_throughput_RedBullPlayStreets,1789784431.7,0.1028,12187,12,0,20904092.5,0,2
CONT_s6_throughput_RedBullPlayStreets,1789784431.802,0.1028,8875,7,0,21205386.7,0,2
CONT_s6_throughput_RedBullPlayStreets,1789784431.905,0.103,18011,18,0,23450882.0,0,2
CONT_s6_throughput_RedBullPlayStreets,1789784432.008,0.1029,9373,12,0,20962401.8,0,2
CONT_s6_throughput_RedBullPlayStreets,1789784432.111,0.1028,14873,13,0,21247380.5,0,2
CONT_s6_throughput_RedBullPlayStreets,1789784432.214,0.1029,10464,10,0,21526264.7,0,2
CONT_s6_throughput_RedBullPlayStreets,1789784432.317,0.1028,13592,12,0,18167158.8,0,2
CONT_s6_throughput_RedBullPlayStreets,1789784432.42,0.103,4529,5,0,22153045.6,0,2
CONT_s6_throughput_RedBullPlayStreets,1789784432.523,0.1029,14812,12,0,21540496.5,0,2
CONT_s6_throughput_RedBullPlayStreets,1789784432.625,0.1027,16592,15,0,20505893.8,0,2
CONT_s6_throughput_RedBullPlayStreets,1789784432.728,0.1028,7600,9,0,23111635.3,0,2
CONT_s6_throughput_RedBullPlayStreets,1789784432.832,0.1042,16471,16,0,23409865.5,0,2
CONT_s6_throughput_RedBullPlayStreets,1789784432.935,0.1029,12319,14,0,20741617.6,0,2
CONT_s6_throughput_RedBullPlayStreets,1789784433.038,0.1028,811,5,0,21186135.0,0,2
CONT_s6_throughput_RedBullPlayStreets,1789784433.141,0.1027,16280,13,0,18167243.7,0,2
CONT_s6_throughput_RedBullPlayStreets,1789784433.244,0.1028,18043,16,0,19245895.9,0,2
CONT_s6_throughput_RedBullPlayStreets,1789784433.347,0.1029,13221,9,0,16559582.0,0,1
CONT_s6_throughput_RedBullPlayStreets,1789784433.451,0.1043,6119,8,0,27230653.5,0,2
CONT_s6_throughput_RedBullPlayStreets,1789784433.554,0.1028,18006,15,0,17950921.5,0,2
CONT_s6_throughput_RedBullPlayStreets,1789784433.656,0.1028,3262,6,0,24679676.5,0,3
CONT_s6_throughput_RedBullPlayStreets,1789784433.759,0.103,20879,19,0,18908050.6,0,2
CONT_s6_throughput_RedBullPlayStreets,1789784433.862,0.1029,6250,7,0,16052882.4,0,2
CONT_s6_throughput_RedBullPlayStreets,1789784433.965,0.1028,16461,16,0,20353734.2,0,2
CONT_s6_throughput_RedBullPlayStreets,1789784434.068,0.1029,10466,10,0,20687441.3,0,2
CONT_s6_throughput_RedBullPlayStreets,1789784434.171,0.1028,13715,14,0,19532962.2,0,2
CONT_s6_throughput_RedBullPlayStreets,1789784434.274,0.1028,10466,10,0,20484897.1,0,2
CONT_s6_throughput_RedBullPlayStreets,1789784434.377,0.103,13404,12,0,20704163.0,0,2
CONT_s6_throughput_RedBullPlayStreets,1789784434.48,0.1029,9259,10,0,19955223.8,0,2
CONT_s6_throughput_RedBullPlayStreets,1789784434.582,0.1028,11937,11,0,20363057.3,0,2
CONT_s6_throughput_RedBullPlayStreets,1789784434.685,0.1028,13970,18,0,17977771.6,0,2
CONT_s6_throughput_RedBullPlayStreets,1789784434.788,0.1027,13472,13,0,16500931.5,0,2
CONT_s6_throughput_RedBullPlayStreets,1789784434.891,0.1029,9080,14,0,13817625.2,0,2
CONT_s6_throughput_RedBullPlayStreets,1789784434.994,0.1029,14812,12,0,16429458.8,0,2
CONT_s6_throughput_RedBullPlayStreets,1789784435.096,0.1027,1530,2,0,18825043.0,0,2
CONT_s6_throughput_RedBullPlayStreets,1789784435.199,0.1027,18043,16,0,17270551.7,0,2
CONT_s6_throughput_RedBullPlayStreets,1789784435.302,0.1027,16280,13,0,18816278.0,0,2
CONT_s6_throughput_RedBullPlayStreets,1789784435.405,0.103,3060,4,0,24468119.0,0,2
CONT_s6_throughput_RedBullPlayStreets,1789784435.508,0.1029,21127,20,0,17769608.0,0,2
CONT_s6_throughput_RedBullPlayStreets,1789784435.61,0.1027,141,1,0,4978808.0,0,1
CONT_s6_throughput_RedBullPlayStreets,1789784435.713,0.1027,20879,19,0,20583521.4,0,2
CONT_s6_throughput_RedBullPlayStreets,1789784435.816,0.1027,15126,14,0,19176013.4,0,2
CONT_s6_throughput_RedBullPlayStreets,1789784435.919,0.103,6181,9,0,25164804.0,0,2
CONT_s6_throughput_RedBullPlayStreets,1789784436.022,0.1028,16410,15,0,21680805.5,0,2
CONT_s6_throughput_RedBullPlayStreets,1789784436.124,0.1027,13658,13,0,20265155.8,0,2
CONT_s6_throughput_RedBullPlayStreets,1789784436.227,0.1028,9066,10,0,23341441.6,0,2
CONT_s6_throughput_RedBullPlayStreets,1789784436.331,0.1041,14884,13,0,21407547.9,0,2
CONT_s6_throughput_RedBullPlayStreets,1789784436.434,0.1029,12252,13,0,20141192.4,0,2
CONT_s6_throughput_RedBullPlayStreets,1789784436.537,0.1028,10530,11,0,19901088.5,0,2
CONT_s6_throughput_RedBullPlayStreets,1789784436.64,0.1027,12504,17,0,18674184.5,0,2
CONT_s6_throughput_RedBullPlayStreets,1789784436.742,0.1027,10427,15,0,17264239.0,0,2
CONT_s6_throughput_RedBullPlayStreets,1789784436.845,0.1029,14751,11,0,17444019.2,0,2
CONT_s6_throughput_RedBullPlayStreets,1789784436.949,0.1043,1591,3,0,22478261.0,0,2
CONT_s6_throughput_RedBullPlayStreets,1789784437.052,0.1028,18043,16,0,18262106.9,0,2
CONT_s6_throughput_RedBullPlayStreets,1789784437.155,0.1027,16281,13,0,19226007.5,0,2
CONT_s6_throughput_RedBullPlayStreets,1789784437.258,0.1027,3121,5,0,25634111.0,0,2
CONT_s6_throughput_RedBullPlayStreets,1789784437.36,0.1028,21127,20,0,17413326.5,0,2
CONT_s6_throughput_RedBullPlayStreets,1789784437.463,0.1028,0,0,0,0,0,0
CONT_s6_throughput_RedBullPlayStreets,1789784437.566,0.1028,20879,19,0,20275976.2,0,2
CONT_s6_throughput_RedBullPlayStreets,1789784437.669,0.1027,15320,16,0,17794066.6,0,3
CONT_s6_throughput_RedBullPlayStreets,1789784437.771,0.1027,6125,8,0,25056896.5,0,2
CONT_s6_throughput_RedBullPlayStreets,1789784437.874,0.1029,16348,14,0,22136777.9,0,2
CONT_s6_throughput_RedBullPlayStreets,1789784437.977,0.1028,10720,11,0,20620654.6,0,2
CONT_s6_throughput_RedBullPlayStreets,1789784438.08,0.103,11941,11,0,21796477.5,0,2
CONT_s6_throughput_RedBullPlayStreets,1789784438.183,0.1027,14816,12,0,21092003.2,0,2
CONT_s6_throughput_RedBullPlayStreets,1789784438.285,0.1027,4912,8,0,20799974.2,0,2
CONT_s6_throughput_RedBullPlayStreets,1789784438.388,0.1029,17814,15,0,19827610.8,0,2
CONT_s6_throughput_RedBullPlayStreets,1789784438.491,0.1028,13369,19,0,19441338.3,0,2
CONT_s6_throughput_RedBullPlayStreets,1789784438.594,0.1027,61,1,0,24688800.0,0,1
CONT_s6_throughput_RedBullPlayStreets,1789784438.697,0.1027,16342,14,0,18552145.6,0,2
CONT_s6_throughput_RedBullPlayStreets,1789784438.799,0.1027,18043,16,0,18718773.8,0,2
CONT_s6_throughput_RedBullPlayStreets,1789784438.902,0.103,13282,10,0,18876264.7,0,2
CONT_s6_throughput_RedBullPlayStreets,1789784439.005,0.1029,6120,8,0,24639709.0,0,2
CONT_s6_throughput_RedBullPlayStreets,1789784439.108,0.1028,18068,16,0,18515661.9,0,2
CONT_s6_throughput_RedBullPlayStreets,1789784439.211,0.1028,3059,4,0,24009790.5,0,2
CONT_s6_throughput_RedBullPlayStreets,1789784439.313,0.1027,20879,19,0,20608914.2,0,2
CONT_s6_throughput_RedBullPlayStreets,1789784439.416,0.103,6250,7,0,18006303.1,0,2
CONT_s6_throughput_RedBullPlayStreets,1789784439.519,0.1029,15057,16,0,22528733.4,0,2
CONT_s6_throughput_RedBullPlayStreets,1789784439.622,0.1027,14815,12,0,21179213.5,0,2
CONT_s6_throughput_RedBullPlayStreets,1789784439.725,0.1026,9518,13,0,20857882.6,0,3
CONT_s6_throughput_RedBullPlayStreets,1789784439.827,0.1029,14879,13,0,21663330.3,0,2
CONT_s6_throughput_RedBullPlayStreets,1789784439.931,0.1031,10477,10,0,22942206.0,0,2
CONT_s6_throughput_RedBullPlayStreets,1789784440.033,0.1028,9377,12,0,20609195.0,0,2
CONT_s6_throughput_RedBullPlayStreets,1789784440.136,0.1027,14875,13,0,20937450.2,0,2
CONT_s6_throughput_RedBullPlayStreets,1789784440.239,0.1027,12375,15,0,18778721.7,0,2
CONT_s6_throughput_RedBullPlayStreets,1789784440.342,0.103,10893,14,0,19183023.1,0,2
CONT_s6_throughput_RedBullPlayStreets,1789784440.446,0.1043,0,0,0,0,0,0
CONT_s6_throughput_RedBullPlayStreets,1789784440.549,0.1029,0,0,0,0,0,0
CONT_s6_throughput_RedBullPlayStreets,1789784440.652,0.1026,0,0,0,0,0,0
CONT_s6_throughput_RedBullPlayStreets,1789784440.754,0.1026,0,0,0,0,0,0
CONT_s6_throughput_RedBullPlayStreets,1789784440.857,0.103,0,0,0,0,0,0
CONT_s6_throughput_RedBullPlayStreets,1789784440.96,0.1029,0,0,0,0,0,0
CONT_s6_throughput_RedBullPlayStreets,1789784441.063,0.1028,0,0,0,0,0,0
CONT_s6_throughput_RedBullPlayStreets,1789784441.166,0.1027,0,0,0,0,0,0
CONT_s6_throughput_RedBullPlayStreets,1789784441.268,0.1027,0,0,0,0,0,0
CONT_s6_throughput_RedBullPlayStreets,1789784441.371,0.1031,0,0,0,0,0,0
CONT_s6_throughput_RedBullPlayStreets,1789784441.474,0.1029,0,0,0,0,0,0
CONT_s6_throughput_RedBullPlayStreets,1789784441.577,0.1027,0,0,0,0,0,0
CONT_s6_throughput_RedBullPlayStreets,1789784441.68,0.1027,141,1,0,5271094.0,0,1
CONT_s6_throughput_RedBullPlayStreets,1789784441.782,0.1026,0,0,0,0,0,0
CONT_s6_throughput_RedBullPlayStreets,1789784441.885,0.103,18385,16,0,109893252.4,0,2
CONT_s6_throughput_RedBullPlayStreets,1789784441.988,0.1029,12178,15,0,83400927.0,0,2
CONT_s6_throughput_RedBullPlayStreets,1789784442.091,0.1027,12411,16,0,50261725.2,0,2
CONT_s6_throughput_RedBullPlayStreets,1789784442.193,0.1026,12060,13,0,34409345.7,0,2
CONT_s6_throughput_RedBullPlayStreets,1789784442.296,0.1027,12118,14,0,26937177.7,0,2
CONT_s6_throughput_RedBullPlayStreets,1789784442.399,0.103,9497,14,0,19767109.3,0,2
CONT_s6_throughput_RedBullPlayStreets,1789784442.502,0.1029,14932,14,0,15766052.3,0,2
CONT_s6_throughput_RedBullPlayStreets,1789784442.605,0.1027,10978,15,0,17652888.2,0,2
CONT_s6_throughput_RedBullPlayStreets,1789784442.707,0.1027,12067,13,0,16920185.2,0,2
CONT_s6_throughput_RedBullPlayStreets,1789784442.81,0.1027,13403,12,0,16349635.5,0,2
CONT_s6_throughput_RedBullPlayStreets,1789784442.913,0.1031,11995,12,0,17483512.0,0,2
CONT_s6_throughput_RedBullPlayStreets,1789784443.016,0.1029,7791,9,0,18797771.3,0,2
CONT_s6_throughput_RedBullPlayStreets,1789784443.119,0.1027,14878,13,0,19833483.5,0,2
CONT_s6_throughput_RedBullPlayStreets,1789784443.221,0.1027,12313,14,0,19336215.6,0,2
CONT_s6_throughput_RedBullPlayStreets,1789784443.324,0.1029,7528,8,0,18086104.5,0,2
CONT_s6_throughput_RedBullPlayStreets,1789784443.427,0.103,16403,15,0,16672692.3,0,2
CONT_s6_throughput_RedBullPlayStreets,1789784443.53,0.1028,13066,19,0,14847621.2,0,2
CONT_s6_throughput_RedBullPlayStreets,1789784443.633,0.1027,6227,10,0,14390312.4,0,2
CONT_s6_throughput_RedBullPlayStreets,1789784443.736,0.1027,141,1,0,5143040.0,0,1
CONT_s6_throughput_RedBullPlayStreets,1789784443.838,0.1029,0,0,0,0,0,0
CONT_s6_throughput_RedBullPlayStreets,1789784443.942,0.1039,0,0,0,0,0,0
CONT_s6_throughput_RedBullPlayStreets,1789784444.045,0.1029,0,0,0,0,0,0
CONT_s6_throughput_RedBullPlayStreets,1789784444.148,0.1026,0,0,0,0,0,0
CONT_s6_throughput_RedBullPlayStreets,1789784444.251,0.1034,0,0,0,0,0,0
CONT_s6_throughput_RedBullPlayStreets,1789784444.354,0.1029,0,0,0,0,0,0
CONT_s6_throughput_RedBullPlayStreets,1789784444.458,0.1038,0,0,0,0,0,0
CONT_s6_throughput_RedBullPlayStreets,1789784444.561,0.1026,0,0,0,0,0,0
CONT_s6_throughput_RedBullPlayStreets,1789784444.663,0.1027,0,0,0,0,0,0
CONT_s6_throughput_RedBullPlayStreets,1789784444.766,0.1026,0,0,0,0,0,0
CONT_s6_throughput_RedBullPlayStreets,1789784444.869,0.1029,0,0,0,0,0,0
CONT_s6_throughput_RedBullPlayStreets,1789784444.972,0.1029,0,0,0,0,0,0
CONT_s6_throughput_RedBullPlayStreets,1789784445.074,0.1027,0,0,0,0,0,0
CONT_s6_throughput_RedBullPlayStreets,1789784445.177,0.1027,0,0,0,0,0,0
CONT_s6_throughput_RedBullPlayStreets,1789784445.28,0.1027,0,0,0,0,0,0
CONT_s6_throughput_RedBullPlayStreets,1789784445.383,0.103,793,5,0,397581.6,0,2
CONT_s6_throughput_RedBullPlayStreets,1789784445.486,0.1031,17769,22,0,2596392.5,0,2
CONT_s6_throughput_RedBullPlayStreets,1789784445.589,0.1029,16138,13,0,10986563.4,0,2
CONT_s6_throughput_RedBullPlayStreets,1789784445.691,0.1029,12696,12,0,23754757.2,0,4
CONT_s6_throughput_RedBullPlayStreets,1789784445.794,0.1029,12330,12,0,92435784.7,0,4
CONT_s6_throughput_RedBullPlayStreets,1789784445.897,0.1031,12104,10,0,18971324.2,0,2
CONT_s6_throughput_RedBullPlayStreets,1789784446.0,0.103,13718,15,0,136584976.3,0,4
CONT_s6_throughput_RedBullPlayStreets,1789784446.103,0.1029,6052,5,0,24732487.6,0,2
CONT_s6_throughput_RedBullPlayStreets,1789784446.206,0.1029,18202,19,0,111505811.8,0,4
CONT_s6_throughput_RedBullPlayStreets,1789784446.309,0.1028,12247,14,0,78285704.3,0,4
CONT_s6_throughput_RedBullPlayStreets,1789784446.412,0.1031,10873,13,0,77650711.2,0,3
CONT_s6_throughput_RedBullPlayStreets,1789784446.515,0.103,13511,11,0,46091302.0,0,3
CONT_s6_throughput_RedBullPlayStreets,1789784446.618,0.1029,9192,10,0,59493323.6,0,4
CONT_s6_throughput_RedBullPlayStreets,1789784446.721,0.1028,15188,16,0,57571723.4,0,4
CONT_s6_throughput_RedBullPlayStreets,1789784446.824,0.1028,6176,7,0,47503988.4,0,4
CONT_s6_throughput_RedBullPlayStreets,1789784446.927,0.1032,15110,15,0,49834856.9,0,4
CONT_s6_throughput_RedBullPlayStreets,1789784447.03,0.103,12104,10,0,38537313.2,0,2
CONT_s6_throughput_RedBullPlayStreets,1789784447.133,0.1028,13702,15,0,49101441.6,0,4
CONT_s6_throughput_RedBullPlayStreets,1789784447.236,0.1029,12374,13,0,48270931.6,0,4
CONT_s6_throughput_RedBullPlayStreets,1789784447.339,0.103,7584,7,0,44954373.9,0,4
CONT_s6_throughput_RedBullPlayStreets,1789784447.443,0.1042,15123,15,0,46355761.4,0,4
CONT_s6_throughput_RedBullPlayStreets,1789784447.546,0.1031,13573,11,0,40350629.6,0,3
CONT_s6_throughput_RedBullPlayStreets,1789784447.649,0.1028,10646,11,0,48092199.6,0,4
CONT_s6_throughput_RedBullPlayStreets,1789784447.751,0.1028,12317,14,0,45018684.4,0,5
CONT_s6_throughput_RedBullPlayStreets,1789784447.855,0.1031,12104,10,0,37338698.4,0,2
CONT_s6_throughput_RedBullPlayStreets,1789784447.958,0.103,7912,11,0,50197680.5,0,2
CONT_s6_throughput_RedBullPlayStreets,1789784448.06,0.1028,16575,15,0,45589005.4,0,4
CONT_s6_throughput_RedBullPlayStreets,1789784448.163,0.1029,10636,10,0,45210997.6,0,4
CONT_s6_throughput_RedBullPlayStreets,1789784448.266,0.1029,10472,10,0,47961555.5,0,2
CONT_s6_throughput_RedBullPlayStreets,1789784448.369,0.1034,9104,8,0,46439309.8,0,2
CONT_s6_throughput_RedBullPlayStreets,1789784448.473,0.103,16498,15,0,47732671.4,0,4
CONT_s6_throughput_RedBullPlayStreets,1789784448.575,0.103,10988,14,0,47329703.3,0,4
CONT_s6_throughput_RedBullPlayStreets,1789784448.678,0.1029,12167,12,0,49704376.7,0,4
CONT_s6_throughput_RedBullPlayStreets,1789784448.781,0.1028,12023,11,0,46842267.5,0,4
CONT_s6_throughput_RedBullPlayStreets,1789784448.884,0.1032,15024,14,0,44570775.4,0,4
CONT_s6_throughput_RedBullPlayStreets,1789784448.987,0.103,12168,12,0,50146484.2,0,4
CONT_s6_throughput_RedBullPlayStreets,1789784449.09,0.1029,10817,11,0,45601207.5,0,4
CONT_s6_throughput_RedBullPlayStreets,1789784449.193,0.1028,4552,4,0,51262092.2,0,2
CONT_s6_throughput_RedBullPlayStreets,1789784449.296,0.1029,16541,17,0,41010821.8,0,2
CONT_s6_throughput_RedBullPlayStreets,1789784449.399,0.1032,6059,7,0,35091424.3,0,2
CONT_s6_throughput_RedBullPlayStreets,1789784449.503,0.1041,6120,8,0,29166276.0,0,2
CONT_s6_throughput_RedBullPlayStreets,1789784449.606,0.1032,4651,7,0,24935550.0,0,2
CONT_s6_throughput_RedBullPlayStreets,1789784449.709,0.1029,2803,6,0,20113364.2,0,3
CONT_s6_throughput_RedBullPlayStreets,1789784449.812,0.1029,9680,15,0,80995272.9,0,4
CONT_s6_throughput_RedBullPlayStreets,1789784449.916,0.1032,6168,7,0,77696075.4,0,2
CONT_s6_throughput_RedBullPlayStreets,1789784450.019,0.1031,6104,6,0,70009833.3,0,2
CONT_s6_throughput_RedBullPlayStreets,1789784450.121,0.1029,3052,3,0,67191704.3,0,2
CONT_s6_throughput_RedBullPlayStreets,1789784450.224,0.1029,7604,7,0,62098013.9,0,2
CONT_s6_throughput_RedBullPlayStreets,1789784450.328,0.1042,6114,7,0,72017789.0,0,4
CONT_s6_throughput_RedBullPlayStreets,1789784450.432,0.1032,3052,3,0,63306850.7,0,2
CONT_s6_throughput_RedBullPlayStreets,1789784450.535,0.103,7585,7,0,67951727.6,0,4
CONT_s6_throughput_RedBullPlayStreets,1789784450.638,0.1028,3052,3,0,61282772.3,0,2
CONT_s6_throughput_RedBullPlayStreets,1789784450.74,0.1029,9118,9,0,72666440.7,0,4
CONT_s6_throughput_RedBullPlayStreets,1789784450.844,0.1032,3067,4,0,84821283.5,0,2
CONT_s6_throughput_RedBullPlayStreets,1789784450.948,0.1045,7604,7,0,65790276.4,0,2
CONT_s6_throughput_RedBullPlayStreets,1789784451.051,0.103,6474,7,0,90201502.1,0,2
CONT_s6_throughput_RedBullPlayStreets,1789784451.154,0.1029,6086,6,0,79394147.8,0,4
CONT_s6_throughput_RedBullPlayStreets,1789784451.257,0.1029,4552,4,0,73159366.0,0,2
CONT_s6_throughput_RedBullPlayStreets,1789784451.36,0.1031,4902,9,0,83706135.9,0,2
CONT_s6_throughput_RedBullPlayStreets,1789784451.463,0.103,4552,4,0,77097031.5,0,2
CONT_s6_throughput_RedBullPlayStreets,1789784451.566,0.103,9138,10,0,81652422.2,0,4
CONT_s6_throughput_RedBullPlayStreets,1789784451.669,0.1029,3064,4,0,83898056.5,0,2
CONT_s6_throughput_RedBullPlayStreets,1789784451.772,0.1028,4693,5,0,66704844.8,0,3
CONT_s6_throughput_RedBullPlayStreets,1789784451.875,0.103,9085,9,0,87216995.6,0,4
CONT_s6_throughput_RedBullPlayStreets,1789784451.978,0.103,3001,3,0,87973996.7,0,2
CONT_s6_throughput_RedBullPlayStreets,1789784452.081,0.1029,4552,4,0,86376664.0,0,2
CONT_s6_throughput_RedBullPlayStreets,1789784452.184,0.1029,9022,8,0,89382487.4,0,4
CONT_s6_throughput_RedBullPlayStreets,1789784452.287,0.103,4533,5,0,91831889.6,0,2
CONT_s6_throughput_RedBullPlayStreets,1789784452.39,0.1031,4552,4,0,92100533.8,0,2
CONT_s6_throughput_RedBullPlayStreets,1789784452.493,0.103,8061,12,0,89618944.0,0,4
CONT_s6_throughput_RedBullPlayStreets,1789784452.596,0.1029,6086,6,0,88714789.7,0,4
CONT_s6_throughput_RedBullPlayStreets,1789784452.698,0.1028,6021,5,0,84533720.6,0,3
CONT_s6_throughput_RedBullPlayStreets,1789784452.801,0.1028,4542,5,0,86495225.2,0,2
CONT_s6_throughput_RedBullPlayStreets,1789784452.904,0.103,6086,6,0,89577645.2,0,4
CONT_s6_throughput_RedBullPlayStreets,1789784453.007,0.103,6021,5,0,85790155.4,0,3
CONT_s6_throughput_RedBullPlayStreets,1789784453.11,0.1029,5941,5,0,78170808.6,0,2
CONT_s6_throughput_RedBullPlayStreets,1789784453.213,0.1029,1591,3,0,87713111.0,0,2
CONT_s6_throughput_RedBullPlayStreets,1789784453.316,0.1028,9104,8,0,91143477.8,0,2
CONT_s6_throughput_RedBullPlayStreets,1789784453.419,0.103,6256,8,0,79085620.5,0,2
CONT_s6_throughput_RedBullPlayStreets,1789784453.522,0.103,6104,6,0,93427689.3,0,2
CONT_s6_throughput_RedBullPlayStreets,1789784453.625,0.1029,0,0,0,0,0,0
CONT_s6_throughput_RedBullPlayStreets,1789784453.73,0.1052,11040,13,0,76464227.2,0,5
CONT_s6_throughput_RedBullPlayStreets,1789784453.834,0.1036,3052,3,0,78190469.0,0,2
CONT_s6_throughput_RedBullPlayStreets,1789784453.936,0.103,6052,5,0,71150225.0,0,2
CONT_s6_throughput_RedBullPlayStreets,1789784454.039,0.103,7614,8,0,92584668.1,0,4
CONT_s6_throughput_RedBullPlayStreets,1789784454.142,0.1029,3052,3,0,72422323.0,0,2
CONT_s6_throughput_RedBullPlayStreets,1789784454.245,0.1029,6052,5,0,66340108.8,0,2
CONT_s6_throughput_RedBullPlayStreets,1789784454.348,0.1031,7595,9,0,113001731.7,0,2
CONT_s6_throughput_RedBullPlayStreets,1789784454.453,0.1041,4552,4,0,76257862.8,0,2
CONT_s6_throughput_RedBullPlayStreets,1789784454.555,0.1028,6053,6,0,96845765.0,0,4
CONT_s6_throughput_RedBullPlayStreets,1789784454.658,0.1029,6002,6,0,104971158.3,0,2
CONT_s6_throughput_RedBullPlayStreets,1789784454.761,0.103,4552,4,0,86736322.0,0,2
CONT_s6_throughput_RedBullPlayStreets,1789784454.864,0.103,7553,7,0,96222198.0,0,4
CONT_s6_throughput_RedBullPlayStreets,1789784454.967,0.103,6085,6,0,95158286.2,0,4
CONT_s6_throughput_RedBullPlayStreets,1789784455.07,0.103,4552,4,0,80395890.0,0,2
CONT_s6_throughput_RedBullPlayStreets,1789784455.173,0.1029,4599,6,0,118527606.0,0,2
CONT_s6_throughput_RedBullPlayStreets,1789784455.276,0.1029,7555,7,0,96381574.3,0,4
CONT_s6_throughput_RedBullPlayStreets,1789784455.379,0.103,4552,4,0,83090312.5,0,2
CONT_s6_throughput_RedBullPlayStreets,1789784455.482,0.1031,7798,9,0,102535609.7,0,2
CONT_s6_throughput_RedBullPlayStreets,1789784455.585,0.1029,4722,7,0,83569692.1,0,4
CONT_s6_throughput_RedBullPlayStreets,1789784455.688,0.1029,4500,3,0,83352090.0,0,1
CONT_s6_throughput_RedBullPlayStreets,1789784455.791,0.1029,6147,7,0,92905618.9,0,3
CONT_s6_throughput_RedBullPlayStreets,1789784455.894,0.1032,5236,7,0,60328516.9,0,4
CONT_s6_throughput_RedBullPlayStreets,1789784455.997,0.1032,8389,17,0,63659098.6,0,4
CONT_s6_throughput_RedBullPlayStreets,1789784456.1,0.1031,4311,5,0,54829993.8,0,3
CONT_s6_throughput_RedBullPlayStreets,1789784456.203,0.1031,5765,9,0,41082649.0,0,4
CONT_s6_throughput_RedBullPlayStreets,1789784456.306,0.103,6104,6,0,29464890.0,0,2
CONT_s6_throughput_RedBullPlayStreets,1789784456.41,0.1033,6104,6,0,31875415.3,0,2
CONT_s6_throughput_RedBullPlayStreets,1789784456.513,0.1032,6104,6,0,33610368.7,0,2
CONT_s6_throughput_RedBullPlayStreets,1789784456.616,0.103,6104,6,0,34809327.0,0,2
CONT_s6_throughput_RedBullPlayStreets,1789784456.719,0.103,6052,5,0,38851083.0,0,2
CONT_s6_throughput_RedBullPlayStreets,1789784456.822,0.103,3104,4,0,31808589.5,0,2
CONT_s6_throughput_RedBullPlayStreets,1789784456.925,0.1034,6104,6,0,36310907.0,0,2
CONT_s6_throughput_RedBullPlayStreets,1789784457.028,0.1032,6104,6,0,36544139.0,0,2
CONT_s6_throughput_RedBullPlayStreets,1789784457.131,0.1031,6104,6,0,36654376.0,0,2
CONT_s6_throughput_RedBullPlayStreets,1789784457.235,0.1031,6104,6,0,36676483.7,0,2
CONT_s6_throughput_RedBullPlayStreets,1789784457.338,0.1031,6104,6,0,36630898.0,0,2
CONT_s6_throughput_RedBullPlayStreets,1789784457.442,0.1047,6104,6,0,36546742.3,0,2
CONT_s6_throughput_RedBullPlayStreets,1789784457.546,0.1033,3052,3,0,36495592.3,0,2
CONT_s6_throughput_RedBullPlayStreets,1789784457.649,0.103,6557,7,0,54322204.0,0,3
CONT_s6_throughput_RedBullPlayStreets,1789784457.752,0.1031,3440,6,0,82912711.0,0,5
CONT_s6_throughput_RedBullPlayStreets,1789784457.855,0.1032,7406,6,0,186896477.5,0,2
CONT_s6_throughput_RedBullPlayStreets,1789784457.958,0.1032,7634,8,0,85706573.2,0,4
CONT_s6_throughput_RedBullPlayStreets,1789784458.061,0.1031,0,0,0,0,0,0
CONT_s6_throughput_RedBullPlayStreets,1789784458.164,0.1031,11927,10,0,116888125.7,0,4
CONT_s6_throughput_RedBullPlayStreets,1789784458.267,0.1032,4582,5,0,103022844.0,0,4
CONT_s6_throughput_RedBullPlayStreets,1789784458.371,0.1033,0,0,0,0,0,0
CONT_s6_throughput_RedBullPlayStreets,1789784458.474,0.1032,10344,8,0,102800998.6,0,2
CONT_s6_throughput_RedBullPlayStreets,1789784458.577,0.1032,7573,7,0,85755716.1,0,3
CONT_s6_throughput_RedBullPlayStreets,1789784458.681,0.1034,3371,6,0,107939293.0,0,2
CONT_s6_throughput_RedBullPlayStreets,1789784458.784,0.1031,7635,8,0,93468637.2,0,4
CONT_s6_throughput_RedBullPlayStreets,1789784458.887,0.1032,6114,7,0,102625568.0,0,4
CONT_s6_throughput_RedBullPlayStreets,1789784458.99,0.1032,3052,3,0,83726956.0,0,2
CONT_s6_throughput_RedBullPlayStreets,1789784459.093,0.103,7470,7,0,103131656.1,0,2
CONT_s6_throughput_RedBullPlayStreets,1789784459.196,0.1032,6053,6,0,99407411.0,0,4
CONT_s6_throughput_RedBullPlayStreets,1789784459.299,0.1031,4584,5,0,102116137.0,0,4
CONT_s6_throughput_RedBullPlayStreets,1789784459.403,0.1032,5813,7,0,93302312.0,0,4
CONT_s6_throughput_RedBullPlayStreets,1789784459.506,0.1032,6217,8,0,91610799.0,0,4
CONT_s6_throughput_RedBullPlayStreets,1789784459.609,0.1031,6104,6,0,77379036.7,0,2
CONT_s6_throughput_RedBullPlayStreets,1789784459.712,0.1031,6104,6,0,69944783.3,0,2
CONT_s6_throughput_RedBullPlayStreets,1789784459.815,0.1031,6245,7,0,55427071.9,0,3
CONT_s6_throughput_RedBullPlayStreets,1789784459.919,0.1034,3052,3,0,61348247.3,0,2
CONT_s6_throughput_RedBullPlayStreets,1789784460.022,0.1031,6104,6,0,56925541.3,0,2
CONT_s6_throughput_RedBullPlayStreets,1789784460.125,0.103,6104,6,0,53319264.7,0,2
CONT_s6_throughput_RedBullPlayStreets,1789784460.228,0.1032,6204,8,0,42230273.9,0,3
CONT_s6_throughput_RedBullPlayStreets,1789784460.332,0.1043,6733,8,0,30561264.5,0,3
CONT_s6_throughput_RedBullPlayStreets,1789784460.436,0.1033,5919,11,0,11067741.8,0,2
CONT_s6_throughput_RedBullPlayStreets,1789784460.539,0.1034,6104,6,0,17282764.7,0,2
CONT_s6_throughput_RedBullPlayStreets,1789784460.642,0.1033,6104,6,0,21825180.3,0,2
CONT_s6_throughput_RedBullPlayStreets,1789784460.746,0.1033,6104,6,0,25265369.3,0,2
CONT_s6_throughput_RedBullPlayStreets,1789784460.849,0.1035,3052,3,0,26649785.0,0,2
CONT_s6_throughput_RedBullPlayStreets,1789784460.953,0.1044,6104,6,0,28896108.3,0,2
CONT_s6_throughput_RedBullPlayStreets,1789784461.057,0.1035,6104,6,0,30580167.7,0,2
CONT_s6_throughput_RedBullPlayStreets,1789784461.16,0.1033,6104,6,0,31835823.0,0,2
CONT_s6_throughput_RedBullPlayStreets,1789784461.264,0.1033,6104,6,0,32764761.7,0,2
CONT_s6_throughput_RedBullPlayStreets,1789784461.367,0.1035,6104,6,0,33448443.3,0,2
CONT_s6_throughput_RedBullPlayStreets,1789784461.47,0.1033,6104,6,0,33947144.7,0,2
CONT_s6_throughput_RedBullPlayStreets,1789784461.574,0.1033,3052,3,0,34139102.0,0,2
CONT_s6_throughput_RedBullPlayStreets,1789784461.677,0.1033,6104,6,0,34440350.0,0,2
CONT_s6_throughput_RedBullPlayStreets,1789784461.78,0.1032,6245,7,0,30357305.6,0,3
CONT_s6_throughput_RedBullPlayStreets,1789784461.884,0.1033,6557,7,0,67583232.0,0,3
CONT_s6_throughput_RedBullPlayStreets,1789784461.987,0.1035,6352,8,0,100866889.9,0,4
CONT_s6_throughput_RedBullPlayStreets,1789784462.09,0.1035,0,0,0,0,0,0
CONT_s6_throughput_RedBullPlayStreets,1789784462.194,0.1033,10344,8,0,253571506.5,0,2
CONT_s6_throughput_RedBullPlayStreets,1789784462.297,0.1034,7573,7,0,80294458.1,0,3
CONT_s6_throughput_RedBullPlayStreets,1789784462.401,0.1035,3113,4,0,127319200.8,0,3
CONT_s6_throughput_RedBullPlayStreets,1789784462.504,0.1034,7635,8,0,108542696.6,0,4
CONT_s6_throughput_RedBullPlayStreets,1789784462.607,0.1032,3052,3,0,53459641.0,0,2
CONT_s6_throughput_RedBullPlayStreets,1789784462.711,0.1034,9000,9,0,206283774.0,0,2
CONT_s6_throughput_RedBullPlayStreets,1789784462.814,0.1033,3115,4,0,118044547.0,0,3
CONT_s6_throughput_RedBullPlayStreets,1789784462.917,0.1034,7522,7,0,133745870.7,0,4
CONT_s6_throughput_RedBullPlayStreets,1789784463.021,0.1034,5876,4,0,131829206.0,0,1
CONT_s6_throughput_RedBullPlayStreets,1789784463.124,0.1032,6167,7,0,105670508.4,0,3
CONT_s6_throughput_RedBullPlayStreets,1789784463.227,0.1034,4844,7,0,147519311.1,0,2
CONT_s6_throughput_RedBullPlayStreets,1789784463.333,0.1054,6104,6,0,81589595.3,0,2
CONT_s6_throughput_RedBullPlayStreets,1789784463.436,0.1034,6132,8,0,145418161.0,0,2
CONT_s6_throughput_RedBullPlayStreets,1789784463.54,0.1034,6104,6,0,84375946.7,0,2
CONT_s6_throughput_RedBullPlayStreets,1789784463.643,0.1032,0,0,0,0,0,0
CONT_s6_throughput_RedBullPlayStreets,1789784463.746,0.1034,10413,9,0,113190021.3,0,2
CONT_s6_throughput_RedBullPlayStreets,1789784463.85,0.1034,6245,7,0,82261998.6,0,3
CONT_s6_throughput_RedBullPlayStreets,1789784463.954,0.1039,5876,4,0,93110465.0,0,1
CONT_s6_throughput_RedBullPlayStreets,1789784464.057,0.1034,5941,5,0,102838633.8,0,2
CONT_s6_throughput_RedBullPlayStreets,1789784464.16,0.1033,3122,4,0,127098952.8,0,3
CONT_s6_throughput_RedBullPlayStreets,1789784464.264,0.1033,7859,9,0,97592351.7,0,4
CONT_s6_throughput_RedBullPlayStreets,1789784464.367,0.1034,6169,7,0,112140821.9,0,3
CONT_s6_throughput_RedBullPlayStreets,1789784464.47,0.1034,4660,7,0,116388014.9,0,2
CONT_s6_throughput_RedBullPlayStreets,1789784464.574,0.1033,4587,5,0,106808781.6,0,4
CONT_s6_throughput_RedBullPlayStreets,1789784464.677,0.1033,4631,6,0,99612042.5,0,4
CONT_s6_throughput_RedBullPlayStreets,1789784464.78,0.1033,7467,7,0,83806523.0,0,2
CONT_s6_throughput_RedBullPlayStreets,1789784464.884,0.1036,6104,6,0,107160584.3,0,2
CONT_s6_throughput_RedBullPlayStreets,1789784464.987,0.1036,1530,2,0,96074039.5,0,2
CONT_s6_throughput_RedBullPlayStreets,1789784465.091,0.1035,8936,8,0,70238346.5,0,2
CONT_s6_throughput_RedBullPlayStreets,1789784465.194,0.1034,7634,8,0,107182131.5,0,4
CONT_s6_throughput_RedBullPlayStreets,1789784465.298,0.1033,0,0,0,0,0,0
CONT_s6_throughput_RedBullPlayStreets,1789784465.401,0.1033,10861,12,0,74564487.7,0,4
CONT_s6_throughput_RedBullPlayStreets,1789784465.504,0.1034,4583,5,0,101599936.0,0,4
CONT_s6_throughput_RedBullPlayStreets,1789784465.608,0.1034,7469,7,0,58880706.4,0,2
CONT_s6_throughput_RedBullPlayStreets,1789784465.711,0.1034,4647,6,0,101184794.0,0,4
CONT_s6_throughput_RedBullPlayStreets,1789784465.814,0.1033,4725,6,0,84858782.2,0,5
CONT_s6_throughput_RedBullPlayStreets,1789784465.918,0.1035,7413,6,0,54776705.2,0,2
CONT_s6_throughput_RedBullPlayStreets,1789784466.021,0.1034,4647,6,0,103218650.3,0,4
CONT_s6_throughput_RedBullPlayStreets,1789784466.125,0.1033,7522,7,0,89194655.4,0,4
CONT_s6_throughput_RedBullPlayStreets,1789784466.228,0.1035,61,1,0,88330905.0,0,1
CONT_s6_throughput_RedBullPlayStreets,1789784466.333,0.1053,10519,10,0,83120342.0,0,4
CONT_s6_throughput_RedBullPlayStreets,1789784466.437,0.1034,6401,8,0,89867488.0,0,4
CONT_s6_throughput_RedBullPlayStreets,1789784466.54,0.1033,4585,5,0,105013919.2,0,4
CONT_s6_throughput_RedBullPlayStreets,1789784466.643,0.1033,4585,5,0,101526511.4,0,4
CONT_s6_throughput_RedBullPlayStreets,1789784466.747,0.1033,7652,9,0,85064977.1,0,4
CONT_s6_throughput_RedBullPlayStreets,1789784466.85,0.1033,6055,6,0,93269182.5,0,4
CONT_s6_throughput_RedBullPlayStreets,1789784466.953,0.1033,6071,7,0,59706047.1,0,2
CONT_s6_throughput_RedBullPlayStreets,1789784467.057,0.1032,3052,3,0,124300555.0,0,2
CONT_s6_throughput_RedBullPlayStreets,1789784467.16,0.1034,7589,8,0,84668765.0,0,4
CONT_s6_throughput_RedBullPlayStreets,1789784467.263,0.1033,6011,6,0,55436931.0,0,2
CONT_s6_throughput_RedBullPlayStreets,1789784467.367,0.1034,5990,5,0,97491799.8,0,3
CONT_s6_throughput_RedBullPlayStreets,1789784467.47,0.1034,5198,9,0,73824826.0,0,5
CONT_s6_throughput_RedBullPlayStreets,1789784467.574,0.1034,4583,5,0,93414803.4,0,4
CONT_s6_throughput_RedBullPlayStreets,1789784467.677,0.1035,7645,9,0,79455535.3,0,4
CONT_s6_throughput_RedBullPlayStreets,1789784467.78,0.1034,6143,7,0,48853548.6,0,3
CONT_s6_throughput_RedBullPlayStreets,1789784467.884,0.1036,3115,4,0,103138989.5,0,3
CONT_s6_throughput_RedBullPlayStreets,1789784467.988,0.1035,7585,8,0,80398276.4,0,4
CONT_s6_throughput_RedBullPlayStreets,1789784468.091,0.1034,6065,7,0,52443250.7,0,2
CONT_s6_throughput_RedBullPlayStreets,1789784468.194,0.1035,5990,5,0,96138215.8,0,3
CONT_s6_throughput_RedBullPlayStreets,1789784468.298,0.1034,6053,6,0,88829816.7,0,4
CONT_s6_throughput_RedBullPlayStreets,1789784468.401,0.1036,3132,5,0,52755897.6,0,2
CONT_s6_throughput_RedBullPlayStreets,1789784468.505,0.1035,8126,11,0,65479509.5,0,5
CONT_s6_throughput_RedBullPlayStreets,1789784468.608,0.1034,3052,3,0,119357294.3,0,2
CONT_s6_throughput_RedBullPlayStreets,1789784468.712,0.1034,7662,10,0,70791863.8,0,4
CONT_s6_throughput_RedBullPlayStreets,1789784468.815,0.1035,6400,9,0,87877872.2,0,4
CONT_s6_throughput_RedBullPlayStreets,1789784468.919,0.1036,4583,5,0,80935343.8,0,4
CONT_s6_throughput_RedBullPlayStreets,1789784469.023,0.1038,6104,6,0,88687215.3,0,2
CONT_s6_throughput_RedBullPlayStreets,1789784469.126,0.1034,6125,8,0,58977849.5,0,2
CONT_s6_throughput_RedBullPlayStreets,1789784469.23,0.1039,6053,6,0,79188106.8,0,4
CONT_s6_throughput_RedBullPlayStreets,1789784469.334,0.104,3052,3,0,96023269.3,0,2
CONT_s6_throughput_RedBullPlayStreets,1789784469.437,0.1035,6200,7,0,57424779.0,0,3
CONT_s6_throughput_RedBullPlayStreets,1789784469.541,0.1034,7522,7,0,82632212.0,0,4
CONT_s6_throughput_RedBullPlayStreets,1789784469.644,0.1034,3052,3,0,104852472.3,0,2
CONT_s6_throughput_RedBullPlayStreets,1789784469.748,0.1035,6002,6,0,70900717.7,0,2
CONT_s6_throughput_RedBullPlayStreets,1789784469.851,0.1035,9132,9,0,76516994.4,0,5
CONT_s6_throughput_RedBullPlayStreets,1789784469.955,0.1038,6428,9,0,83443641.6,0,4
CONT_s6_throughput_RedBullPlayStreets,1789784470.058,0.1033,0,0,0,0,0,0
CONT_s6_throughput_RedBullPlayStreets,1789784470.162,0.1034,10654,12,0,78968972.2,0,4
CONT_s6_throughput_RedBullPlayStreets,1789784470.265,0.1034,6060,6,0,94439920.5,0,4
CONT_s6_throughput_RedBullPlayStreets,1789784470.368,0.1034,4537,5,0,65837616.4,0,2
CONT_s6_throughput_RedBullPlayStreets,1789784470.472,0.1034,6253,7,0,83160165.0,0,5
CONT_s6_throughput_RedBullPlayStreets,1789784470.575,0.1034,6112,7,0,92645670.3,0,4
CONT_s6_throughput_RedBullPlayStreets,1789784470.679,0.1034,4468,4,0,63675166.0,0,2
CONT_s6_throughput_RedBullPlayStreets,1789784470.782,0.1034,6051,6,0,98490658.2,0,4
CONT_s6_throughput_RedBullPlayStreets,1789784470.886,0.1036,7620,9,0,86986282.0,0,5
CONT_s6_throughput_RedBullPlayStreets,1789784470.989,0.1037,3409,6,0,64407500.5,0,2
CONT_s6_throughput_RedBullPlayStreets,1789784471.093,0.1035,5999,5,0,93647683.8,0,3
CONT_s6_throughput_RedBullPlayStreets,1789784471.196,0.1036,6743,9,0,62386387.6,0,5
CONT_s6_throughput_RedBullPlayStreets,1789784471.3,0.1036,6115,8,0,54664211.6,0,3
CONT_s6_throughput_RedBullPlayStreets,1789784471.403,0.1036,5069,9,0,39652221.4,0,4
CONT_s6_throughput_RedBullPlayStreets,1789784471.507,0.1037,7319,8,0,47890299.0,0,3
CONT_s6_throughput_RedBullPlayStreets,1789784471.611,0.1036,5654,7,0,41105523.9,0,2
CONT_s6_throughput_RedBullPlayStreets,1789784471.714,0.1036,6063,7,0,59814302.4,0,2
CONT_s6_throughput_RedBullPlayStreets,1789784471.818,0.1036,4609,5,0,47891244.6,0,3
CONT_s6_throughput_RedBullPlayStreets,1789784471.922,0.1038,6451,8,0,59224851.2,0,4
CONT_s6_throughput_RedBullPlayStreets,1789784472.025,0.1036,5852,8,0,57699327.8,0,4
CONT_s6_throughput_RedBullPlayStreets,1789784472.129,0.1035,6400,9,0,60454589.7,0,4
CONT_s6_throughput_RedBullPlayStreets,1789784472.232,0.1037,6104,6,0,56443048.3,0,2
CONT_s6_throughput_RedBullPlayStreets,1789784472.337,0.1045,6104,6,0,53509662.7,0,2
CONT_s6_throughput_RedBullPlayStreets,1789784472.442,0.1045,3052,3,0,52203974.3,0,2
CONT_s6_throughput_RedBullPlayStreets,1789784472.545,0.1037,6104,6,0,49871972.3,0,2
CONT_s6_throughput_RedBullPlayStreets,1789784472.649,0.1036,6114,7,0,82357149.1,0,4
CONT_s6_throughput_RedBullPlayStreets,1789784472.753,0.1037,6104,6,0,52625637.0,0,2
CONT_s6_throughput_RedBullPlayStreets,1789784472.856,0.1036,7345,5,0,105665401.0,0,1
CONT_s6_throughput_RedBullPlayStreets,1789784472.96,0.1038,4771,8,0,88021701.4,0,4
CONT_s6_throughput_RedBullPlayStreets,1789784473.063,0.1034,6053,6,0,85971037.8,0,4
CONT_s6_throughput_RedBullPlayStreets,1789784473.167,0.1036,5939,5,0,94121554.8,0,2
CONT_s6_throughput_RedBullPlayStreets,1789784473.27,0.1036,4584,5,0,86753756.4,0,4
CONT_s6_throughput_RedBullPlayStreets,1789784473.374,0.1037,6053,6,0,88966173.7,0,4
CONT_s6_throughput_RedBullPlayStreets,1789784473.478,0.1037,0,0,0,0,0,0
CONT_s6_throughput_RedBullPlayStreets,1789784473.581,0.1035,11992,11,0,86439115.7,0,4
CONT_s6_throughput_RedBullPlayStreets,1789784473.685,0.1036,3373,5,0,91886954.8,0,4
CONT_s6_throughput_RedBullPlayStreets,1789784473.789,0.1036,0,0,0,0,0,0
CONT_s6_throughput_RedBullPlayStreets,1789784473.892,0.1036,13867,17,0,70674045.6,0,5
CONT_s6_throughput_RedBullPlayStreets,1789784473.996,0.1036,4586,5,0,91091326.6,0,4
CONT_s6_throughput_RedBullPlayStreets,1789784474.099,0.1035,7536,8,0,63881165.2,0,2
CONT_s6_throughput_RedBullPlayStreets,1789784474.203,0.1036,6052,5,0,110178570.0,0,2
CONT_s6_throughput_RedBullPlayStreets,1789784474.306,0.1035,3881,7,0,88188273.4,0,4
CONT_s6_throughput_RedBullPlayStreets,1789784474.41,0.1037,3348,6,0,81182374.0,0,4
CONT_s6_throughput_RedBullPlayStreets,1789784474.514,0.1037,10283,7,0,53695087.0,0,1
CONT_s6_throughput_RedBullPlayStreets,1789784474.617,0.1036,3113,4,0,101416905.8,0,3
CONT_s6_throughput_RedBullPlayStreets,1789784474.721,0.1036,3052,3,0,106221908.3,0,2
CONT_s6_throughput_RedBullPlayStreets,1789784474.825,0.1036,0,0,0,0,0,0
CONT_s6_throughput_RedBullPlayStreets,1789784474.928,0.1037,14865,12,0,74930133.8,0,4
CONT_s6_throughput_RedBullPlayStreets,1789784475.032,0.1036,4804,9,0,83658392.4,0,5
CONT_s6_throughput_RedBullPlayStreets,1789784475.136,0.1037,6681,7,0,62297041.4,0,3
CONT_s6_throughput_RedBullPlayStreets,1789784475.239,0.1038,7532,8,0,76345047.0,0,2
CONT_s6_throughput_RedBullPlayStreets,1789784475.343,0.1039,5184,11,0,43376145.3,0,4
CONT_s6_throughput_RedBullPlayStreets,1789784475.449,0.1057,6318,8,0,59777066.8,0,2
CONT_s6_throughput_RedBullPlayStreets,1789784475.553,0.1038,6117,8,0,51578476.5,0,3
CONT_s6_throughput_RedBullPlayStreets,1789784475.657,0.1038,5342,6,0,43275658.8,0,4
CONT_s6_throughput_RedBullPlayStreets,1789784475.761,0.1039,5744,8,0,51665060.5,0,2
CONT_s6_throughput_RedBullPlayStreets,1789784475.864,0.1038,6547,10,0,47321347.8,0,5
CONT_s6_throughput_RedBullPlayStreets,1789784475.968,0.1038,6104,6,0,49548344.3,0,2
CONT_s6_throughput_RedBullPlayStreets,1789784476.072,0.1038,6104,6,0,47858596.3,0,2
CONT_s6_throughput_RedBullPlayStreets,1789784476.176,0.1038,3052,3,0,47081567.3,0,2
CONT_s6_throughput_RedBullPlayStreets,1789784476.28,0.104,6104,6,0,45639429.3,0,2
CONT_s6_throughput_RedBullPlayStreets,1789784476.384,0.1039,7635,8,0,53301511.1,0,4
CONT_s6_throughput_RedBullPlayStreets,1789784476.488,0.1039,4583,5,0,71117757.2,0,4
CONT_s6_throughput_RedBullPlayStreets,1789784476.591,0.1038,3052,3,0,48890320.0,0,2
CONT_s6_throughput_RedBullPlayStreets,1789784476.695,0.1037,9064,10,0,98006042.8,0,2
CONT_s6_throughput_RedBullPlayStreets,1789784476.799,0.1037,6104,6,0,63799692.0,0,2
CONT_s6_throughput_RedBullPlayStreets,1789784476.903,0.104,3001,3,0,101655200.7,0,2
CONT_s6_throughput_RedBullPlayStreets,1789784477.007,0.1039,7471,7,0,88973467.7,0,2
CONT_s6_throughput_RedBullPlayStreets,1789784477.11,0.1037,6104,6,0,78668813.7,0,2
CONT_s6_throughput_RedBullPlayStreets,1789784477.214,0.1038,3001,3,0,95564347.0,0,2
CONT_s6_throughput_RedBullPlayStreets,1789784477.318,0.1038,8940,8,0,81639190.2,0,2
CONT_s6_throughput_RedBullPlayStreets,1789784477.422,0.1039,6362,7,0,90963814.4,0,3
CONT_s6_throughput_RedBullPlayStreets,1789784477.526,0.1038,63,1,0,101786364.0,0,1
CONT_s6_throughput_RedBullPlayStreets,1789784477.629,0.1037,10674,13,0,67908559.1,0,2
CONT_s6_throughput_RedBullPlayStreets,1789784477.733,0.1039,6104,6,0,103336977.3,0,2
CONT_s6_throughput_RedBullPlayStreets,1789784477.837,0.104,6006,6,0,72955345.7,0,2
CONT_s6_throughput_RedBullPlayStreets,1789784477.941,0.1037,4674,6,0,57932084.2,0,3
CONT_s6_throughput_RedBullPlayStreets,1789784478.045,0.1038,6104,6,0,110825039.3,0,2
CONT_s6_throughput_RedBullPlayStreets,1789784478.148,0.1037,5998,6,0,73821874.7,0,2
CONT_s6_throughput_RedBullPlayStreets,1789784478.252,0.1037,5998,6,0,67636254.0,0,2
CONT_s6_throughput_RedBullPlayStreets,1789784478.356,0.1038,6104,6,0,119834084.3,0,2
CONT_s6_throughput_RedBullPlayStreets,1789784478.46,0.1038,4931,8,0,65596932.2,0,2
CONT_s6_throughput_RedBullPlayStreets,1789784478.564,0.1038,4583,5,0,99613754.4,0,4
CONT_s6_throughput_RedBullPlayStreets,1789784478.667,0.1038,7645,9,0,86585150.2,0,4
CONT_s6_throughput_RedBullPlayStreets,1789784478.771,0.1037,4584,5,0,98524031.6,0,4
CONT_s6_throughput_RedBullPlayStreets,1789784478.875,0.1038,6053,6,0,91451280.7,0,4
CONT_s6_throughput_RedBullPlayStreets,1789784478.979,0.1038,6070,7,0,63547515.3,0,2
CONT_s6_throughput_RedBullPlayStreets,1789784479.082,0.1037,6053,6,0,91766859.2,0,4
CONT_s6_throughput_RedBullPlayStreets,1789784479.186,0.1037,5990,5,0,96374591.2,0,3
CONT_s6_throughput_RedBullPlayStreets,1789784479.29,0.1037,4594,6,0,63493469.5,0,2
CONT_s6_throughput_RedBullPlayStreets,1789784479.394,0.1042,6051,6,0,92555694.3,0,4
CONT_s6_throughput_RedBullPlayStreets,1789784479.498,0.1038,6390,8,0,82465692.4,0,4
CONT_s6_throughput_RedBullPlayStreets,1789784479.601,0.1037,5048,7,0,81475504.4,0,4
CONT_s6_throughput_RedBullPlayStreets,1789784479.705,0.1038,6462,10,0,86093576.4,0,4
CONT_s6_throughput_RedBullPlayStreets,1789784479.809,0.1037,6104,6,0,90568521.3,0,2
CONT_s6_throughput_RedBullPlayStreets,1789784479.913,0.1037,6245,7,0,69584183.3,0,3
CONT_s6_throughput_RedBullPlayStreets,1789784480.016,0.1038,6104,6,0,72615627.0,0,2
CONT_s6_throughput_RedBullPlayStreets,1789784480.12,0.1038,3052,3,0,69209880.0,0,2
CONT_s6_throughput_RedBullPlayStreets,1789784480.224,0.1038,7635,8,0,70085204.8,0,4
CONT_s6_throughput_RedBullPlayStreets,1789784480.329,0.105,4583,5,0,86281312.4,0,4
CONT_s6_throughput_RedBullPlayStreets,1789784480.433,0.1038,3052,3,0,64259818.0,0,2
CONT_s6_throughput_RedBullPlayStreets,1789784480.537,0.1038,9064,10,0,106683693.8,0,2
CONT_s6_throughput_RedBullPlayStreets,1789784480.64,0.1037,6104,6,0,76289583.3,0,2
CONT_s6_throughput_RedBullPlayStreets,1789784480.744,0.1037,3001,3,0,109906169.3,0,2
CONT_s6_throughput_RedBullPlayStreets,1789784480.848,0.1038,7471,7,0,95067597.7,0,2
CONT_s6_throughput_RedBullPlayStreets,1789784480.953,0.105,6104,6,0,88856590.3,0,2
CONT_s6_throughput_RedBullPlayStreets,1789784481.056,0.1037,3001,3,0,100719258.3,0,2
CONT_s6_throughput_RedBullPlayStreets,1789784481.16,0.1037,8940,8,0,85227151.0,0,2
CONT_s6_throughput_RedBullPlayStreets,1789784481.264,0.1037,6362,7,0,98618374.7,0,3
CONT_s6_throughput_RedBullPlayStreets,1789784481.368,0.1038,63,1,0,103604429.0,0,1
CONT_s6_throughput_RedBullPlayStreets,1789784481.471,0.1038,10674,13,0,69585408.8,0,2
CONT_s6_throughput_RedBullPlayStreets,1789784481.575,0.1038,6104,6,0,110193157.0,0,2
CONT_s6_throughput_RedBullPlayStreets,1789784481.679,0.1038,4472,4,0,72772745.2,0,2
CONT_s6_throughput_RedBullPlayStreets,1789784481.783,0.1037,7016,8,0,88535238.4,0,4
CONT_s6_throughput_RedBullPlayStreets,1789784481.887,0.1039,3489,7,0,79846626.7,0,5
CONT_s6_throughput_RedBullPlayStreets,1789784481.99,0.1039,8875,7,0,63269139.7,0,2
CONT_s6_throughput_RedBullPlayStreets,1789784482.094,0.1037,6104,6,0,115560198.7,0,2
CONT_s6_throughput_RedBullPlayStreets,1789784482.198,0.1038,1530,2,0,71368206.0,0,2
CONT_s6_throughput_RedBullPlayStreets,1789784482.302,0.1037,0,0,0,0,0,0
CONT_s6_throughput_RedBullPlayStreets,1789784482.406,0.1039,13396,11,0,74457135.8,0,4
CONT_s6_throughput_RedBullPlayStreets,1789784482.51,0.1039,7634,8,0,104696006.6,0,4
CONT_s6_throughput_RedBullPlayStreets,1789784482.613,0.1037,4903,7,0,83647683.9,0,4
CONT_s6_throughput_RedBullPlayStreets,1789784482.717,0.1038,6104,6,0,100748999.0,0,2
CONT_s6_throughput_RedBullPlayStreets,1789784482.821,0.1037,6063,7,0,70985621.7,0,2
CONT_s6_throughput_RedBullPlayStreets,1789784482.924,0.1038,4470,4,0,65777113.2,0,2
CONT_s6_throughput_RedBullPlayStreets,1789784483.028,0.1038,6104,6,0,109161785.0,0,2
CONT_s6_throughput_RedBullPlayStreets,1789784483.132,0.1037,6002,6,0,74025759.3,0,2
CONT_s6_throughput_RedBullPlayStreets,1789784483.236,0.1038,5939,5,0,67980939.8,0,2
CONT_s6_throughput_RedBullPlayStreets,1789784483.34,0.1038,6104,6,0,118820538.7,0,2
CONT_s6_throughput_RedBullPlayStreets,1789784483.445,0.1056,6002,6,0,75767516.3,0,2
CONT_s6_throughput_RedBullPlayStreets,1789784483.549,0.1039,5570,8,0,89384014.8,0,4
CONT_s6_throughput_RedBullPlayStreets,1789784483.653,0.1038,6400,9,0,98264110.3,0,4
CONT_s6_throughput_RedBullPlayStreets,1789784483.757,0.1038,6104,6,0,98544375.3,0,2
CONT_s6_throughput_RedBullPlayStreets,1789784483.86,0.1038,3052,3,0,92813488.0,0,2
CONT_s6_throughput_RedBullPlayStreets,1789784483.964,0.1038,6245,7,0,71602811.6,0,3
CONT_s6_throughput_RedBullPlayStreets,1789784484.068,0.1038,6104,6,0,75018414.3,0,2
CONT_s6_throughput_RedBullPlayStreets,1789784484.172,0.1038,7635,8,0,75988592.4,0,4
CONT_s6_throughput_RedBullPlayStreets,1789784484.276,0.1038,4583,5,0,92430205.8,0,4
CONT_s6_throughput_RedBullPlayStreets,1789784484.379,0.1038,3052,3,0,68804850.3,0,2
CONT_s6_throughput_RedBullPlayStreets,1789784484.483,0.1038,9064,10,0,112252343.4,0,2
CONT_s6_throughput_RedBullPlayStreets,1789784484.587,0.1037,6104,6,0,80305043.7,0,2
CONT_s6_throughput_RedBullPlayStreets,1789784484.691,0.1038,3001,3,0,114728958.7,0,2
CONT_s6_throughput_RedBullPlayStreets,1789784484.794,0.1037,7471,7,0,98773046.0,0,2
CONT_s6_throughput_RedBullPlayStreets,1789784484.898,0.1039,6104,6,0,92428124.0,0,2
CONT_s6_throughput_RedBullPlayStreets,1789784485.002,0.1038,3001,3,0,104299192.0,0,2
CONT_s6_throughput_RedBullPlayStreets,1789784485.106,0.1038,8877,7,0,84701406.3,0,2
CONT_s6_throughput_RedBullPlayStreets,1789784485.21,0.1037,6167,7,0,105831922.0,0,3
CONT_s6_throughput_RedBullPlayStreets,1789784485.313,0.1037,321,2,0,94662383.0,0,2
CONT_s6_throughput_RedBullPlayStreets,1789784485.417,0.1037,10674,13,0,71595940.8,0,2
CONT_s6_throughput_RedBullPlayStreets,1789784485.521,0.104,6152,7,0,97769907.1,0,3
CONT_s6_throughput_RedBullPlayStreets,1789784485.625,0.1039,5941,5,0,71038138.0,0,2
CONT_s6_throughput_RedBullPlayStreets,1789784485.729,0.104,4598,6,0,71394441.0,0,2
CONT_s6_throughput_RedBullPlayStreets,1789784485.838,0.1086,3681,5,0,57926710.0,0,3
CONT_s6_throughput_RedBullPlayStreets,1789784485.944,0.1063,6139,7,0,59503909.4,0,3
CONT_s6_throughput_RedBullPlayStreets,1789784486.048,0.104,9864,15,0,44653518.2,0,4
CONT_s6_throughput_RedBullPlayStreets,1789784486.152,0.104,3121,5,0,59741110.2,0,2
CONT_s6_throughput_RedBullPlayStreets,1789784486.256,0.1042,7519,8,0,48210636.6,0,3
CONT_s6_throughput_RedBullPlayStreets,1789784486.36,0.1039,5686,8,0,52929774.6,0,4
CONT_s6_throughput_RedBullPlayStreets,1789784486.464,0.1045,6400,9,0,50924585.6,0,4
CONT_s6_throughput_RedBullPlayStreets,1789784486.568,0.104,4604,5,0,48217724.8,0,2
CONT_s6_throughput_RedBullPlayStreets,1789784486.672,0.104,7635,8,0,52861022.8,0,4
CONT_s6_throughput_RedBullPlayStreets,1789784486.776,0.104,3052,3,0,49413873.0,0,2
CONT_s6_throughput_RedBullPlayStreets,1789784486.88,0.1039,0,0,0,0,0,0
CONT_s6_throughput_RedBullPlayStreets,1789784486.984,0.104,13584,14,0,62629961.2,0,4
CONT_s6_throughput_RedBullPlayStreets,1789784487.088,0.1037,6116,7,0,69810923.4,0,4
CONT_s6_throughput_RedBullPlayStreets,1789784487.192,0.1039,1532,2,0,66845058.0,0,2
CONT_s6_throughput_RedBullPlayStreets,1789784487.296,0.104,10460,9,0,66317539.8,0,4
CONT_s6_throughput_RedBullPlayStreets,1789784487.4,0.1041,4584,5,0,77476116.4,0,4
CONT_s6_throughput_RedBullPlayStreets,1789784487.504,0.104,3064,4,0,63639860.5,0,2
CONT_s6_throughput_RedBullPlayStreets,1789784487.608,0.1039,9302,10,0,65225752.7,0,4
CONT_s6_throughput_RedBullPlayStreets,1789784487.712,0.104,6118,7,0,77748377.7,0,4
CONT_s6_throughput_RedBullPlayStreets,1789784487.816,0.1039,1533,2,0,59074074.5,0,2
CONT_s6_throughput_RedBullPlayStreets,1789784487.92,0.1039,7615,8,0,48842793.4,0,3
CONT_s6_throughput_RedBullPlayStreets,1789784488.024,0.104,7573,7,0,101400268.0,0,3
CONT_s6_throughput_RedBullPlayStreets,1789784488.127,0.1037,3138,5,0,65140575.0,0,2
CONT_s6_throughput_RedBullPlayStreets,1789784488.231,0.104,7993,9,0,76364607.0,0,4
CONT_s6_throughput_RedBullPlayStreets,1789784488.335,0.1042,3464,8,0,80200526.4,0,4
CONT_s6_throughput_RedBullPlayStreets,1789784488.44,0.1049,0,0,0,0,0,0
CONT_s6_throughput_RedBullPlayStreets,1789784488.544,0.1039,13396,11,0,71914796.9,0,4
CONT_s6_throughput_RedBullPlayStreets,1789784488.648,0.1039,3052,3,0,119968979.3,0,2
CONT_s6_throughput_RedBullPlayStreets,1789784488.752,0.104,0,0,0,0,0,0
CONT_s6_throughput_RedBullPlayStreets,1789784488.856,0.1039,14865,12,0,76161870.7,0,4
CONT_s6_throughput_RedBullPlayStreets,1789784488.96,0.104,4704,7,0,97051565.9,0,4
CONT_s6_throughput_RedBullPlayStreets,1789784489.064,0.104,6104,6,0,114183797.0,0,2
CONT_s6_throughput_RedBullPlayStreets,1789784489.168,0.104,6063,7,0,78845054.4,0,2
CONT_s6_throughput_RedBullPlayStreets,1789784489.272,0.104,6116,7,0,93996500.1,0,4
CONT_s6_throughput_RedBullPlayStreets,1789784489.376,0.1039,6306,7,0,90910046.9,0,4
CONT_s6_throughput_RedBullPlayStreets,1789784489.48,0.104,6002,6,0,70169522.0,0,2
CONT_s6_throughput_RedBullPlayStreets,1789784489.584,0.1039,4647,6,0,100373622.7,0,4
CONT_s6_throughput_RedBullPlayStreets,1789784489.687,0.1038,6053,6,0,98415625.7,0,4
CONT_s6_throughput_RedBullPlayStreets,1789784489.792,0.1043,4470,4,0,69737121.2,0,2
CONT_s6_throughput_RedBullPlayStreets,1789784489.896,0.104,7590,8,0,92522278.6,0,4
CONT_s6_throughput_RedBullPlayStreets,1789784490.0,0.104,6131,6,0,89680998.0,0,4
CONT_s6_throughput_RedBullPlayStreets,1789784490.104,0.104,4660,7,0,69919824.4,0,2
CONT_s6_throughput_RedBullPlayStreets,1789784490.208,0.104,6452,8,0,113473853.6,0,4
CONT_s6_throughput_RedBullPlayStreets,1789784490.312,0.104,2038593,1554,0,161952.1,0,4
CONT_s6_throughput_RedBullPlayStreets,1789784490.416,0.1041,16604,13,0,5764152.0,0,2
CONT_s6_throughput_RedBullPlayStreets,1789784490.52,0.104,3180,5,0,11474094.8,0,2
CONT_s6_throughput_RedBullPlayStreets,1789784490.624,0.1039,4692,6,0,8622016.0,0,2
CONT_s6_throughput_RedBullPlayStreets,1789784490.728,0.104,3128,4,0,7584184.0,0,2
CONT_s6_throughput_RedBullPlayStreets,1789784490.834,0.1063,4692,6,0,6255677.0,0,2
CONT_s6_throughput_RedBullPlayStreets,1789784490.938,0.1039,3128,4,0,5501531.5,0,2
CONT_s6_throughput_RedBullPlayStreets,1789784491.042,0.1039,3128,4,0,4843243.0,0,2
CONT_s6_throughput_RedBullPlayStreets,1789784491.146,0.104,4761,8,0,31681011.0,0,5
CONT_s6_throughput_RedBullPlayStreets,1789784491.25,0.1041,3000,2,0,6734432.0,0,1
CONT_s6_throughput_RedBullPlayStreets,1789784491.354,0.1039,4500,3,0,5552874.0,0,1
CONT_s6_throughput_RedBullPlayStreets,1789784491.458,0.104,3000,2,0,12350660.0,0,1
CONT_s6_throughput_RedBullPlayStreets,1789784491.562,0.104,3733,6,0,14349597.3,0,3
CONT_s6_throughput_RedBullPlayStreets,1789784491.666,0.1041,3369,8,0,16691521.0,0,2
CONT_s6_throughput_RedBullPlayStreets,1789784491.77,0.1041,2550,3,0,17428116.3,0,2
CONT_s6_throughput_RedBullPlayStreets,1789784491.874,0.1041,6104,6,0,27874342.7,0,2
CONT_s6_throughput_RedBullPlayStreets,1789784491.978,0.1041,3211,5,0,120661842.0,0,3
CONT_s6_throughput_RedBullPlayStreets,1789784492.082,0.1041,3052,3,0,39714422.0,0,2
CONT_s6_throughput_RedBullPlayStreets,1789784492.186,0.1041,3052,3,0,43742974.3,0,2
CONT_s6_throughput_RedBullPlayStreets,1789784492.291,0.1041,6075,7,0,149580296.0,0,2
CONT_s6_throughput_RedBullPlayStreets,1789784492.395,0.1042,3119,4,0,82988860.0,0,3
CONT_s6_throughput_RedBullPlayStreets,1789784492.499,0.1041,3052,3,0,65094146.3,0,2
CONT_s6_throughput_RedBullPlayStreets,1789784492.603,0.1041,3072,4,0,148218853.0,0,2
CONT_s6_throughput_RedBullPlayStreets,1789784492.707,0.1041,3720,6,0,128588174.5,0,2
CONT_s6_throughput_RedBullPlayStreets,1789784492.811,0.1041,6104,6,0,82767382.3,0,2
CONT_s6_throughput_RedBullPlayStreets,1789784492.916,0.1044,296,3,0,131790570.7,0,2
CONT_s6_throughput_RedBullPlayStreets,1789784493.02,0.1041,0,0,0,0,0,0
CONT_s6_throughput_RedBullPlayStreets,1789784493.124,0.104,10458,9,0,111908844.8,0,4
CONT_s6_throughput_RedBullPlayStreets,1789784493.228,0.1042,3052,3,0,101515751.7,0,2
CONT_s6_throughput_RedBullPlayStreets,1789784493.334,0.1058,1530,2,0,119005991.0,0,2
CONT_s6_throughput_RedBullPlayStreets,1789784493.438,0.1041,0,0,0,0,0,0
CONT_s6_throughput_RedBullPlayStreets,1789784493.542,0.1041,8875,7,0,97680787.6,0,2
CONT_s6_throughput_RedBullPlayStreets,1789784493.646,0.1041,3052,3,0,125715259.7,0,2
CONT_s6_throughput_RedBullPlayStreets,1789784493.75,0.1041,4582,5,0,116565435.4,0,4
CONT_s6_throughput_RedBullPlayStreets,1789784493.854,0.1042,3052,3,0,122259435.7,0,2
CONT_s6_throughput_RedBullPlayStreets,1789784493.959,0.1042,4724,6,0,91777076.7,0,5
CONT_s6_throughput_RedBullPlayStreets,1789784494.063,0.1041,3052,3,0,115173551.3,0,2
CONT_s6_throughput_RedBullPlayStreets,1789784494.167,0.1041,3052,3,0,110445926.7,0,2
CONT_s6_throughput_RedBullPlayStreets,1789784494.271,0.1042,0,0,0,0,0,0
CONT_s6_throughput_RedBullPlayStreets,1789784494.375,0.1042,7594,9,0,100229901.1,0,2
CONT_s6_throughput_RedBullPlayStreets,1789784494.479,0.1042,3052,3,0,125644693.3,0,2
CONT_s6_throughput_RedBullPlayStreets,1789784494.583,0.1041,6053,6,0,115481072.2,0,4
CONT_s6_throughput_RedBullPlayStreets,1789784494.687,0.1041,3438,7,0,92113440.0,0,2
CONT_s6_throughput_RedBullPlayStreets,1789784494.792,0.1041,3001,3,0,88995357.0,0,2
CONT_s6_throughput_RedBullPlayStreets,1789784494.896,0.1043,3052,3,0,141953922.3,0,2
CONT_s6_throughput_RedBullPlayStreets,1789784495.0,0.1041,4584,5,0,121484036.6,0,4
CONT_s6_throughput_RedBullPlayStreets,1789784495.104,0.1042,3064,4,0,93544380.0,0,2
CONT_s6_throughput_RedBullPlayStreets,1789784495.208,0.1041,3001,3,0,88640815.7,0,2
CONT_s6_throughput_RedBullPlayStreets,1789784495.312,0.1041,3006,3,0,86451733.3,0,2
CONT_s6_throughput_RedBullPlayStreets,1789784495.417,0.1042,6104,6,0,154845918.0,0,2
CONT_s6_throughput_RedBullPlayStreets,1789784495.521,0.1041,3081,5,0,93334365.6,0,2
CONT_s6_throughput_RedBullPlayStreets,1789784495.625,0.1041,3052,3,0,153578592.7,0,2
CONT_s6_throughput_RedBullPlayStreets,1789784495.729,0.1042,3052,3,0,145891246.3,0,2
CONT_s6_throughput_RedBullPlayStreets,1789784495.835,0.1063,3515,5,0,106053480.2,0,2
CONT_s6_throughput_RedBullPlayStreets,1789784495.94,0.1046,6543,10,0,117780309.2,0,5
CONT_s6_throughput_RedBullPlayStreets,1789784496.044,0.1041,61,1,0,108968437.0,0,1
CONT_s6_throughput_RedBullPlayStreets,1789784496.148,0.1042,0,0,0,0,0,0
CONT_s6_throughput_RedBullPlayStreets,1789784496.252,0.1042,8875,7,0,104037724.4,0,2
CONT_s6_throughput_RedBullPlayStreets,1789784496.357,0.1041,3052,3,0,155865224.3,0,2
CONT_s6_throughput_RedBullPlayStreets,1789784496.461,0.1041,3052,3,0,151291635.7,0,2
CONT_s6_throughput_RedBullPlayStreets,1789784496.565,0.1042,0,0,0,0,0,0
CONT_s6_throughput_RedBullPlayStreets,1789784496.669,0.1041,10283,7,0,103713986.0,0,1
CONT_s6_throughput_RedBullPlayStreets,1789784496.773,0.1043,3113,4,0,158484303.2,0,3
CONT_s6_throughput_RedBullPlayStreets,1789784496.877,0.1041,3052,3,0,165267212.0,0,2
CONT_s6_throughput_RedBullPlayStreets,1789784496.982,0.1042,3052,3,0,154903131.0,0,2
CONT_s6_throughput_RedBullPlayStreets,1789784497.086,0.1041,3092,4,0,142029286.5,0,2
CONT_s6_throughput_RedBullPlayStreets,1789784497.19,0.1041,6000,4,0,133750696.0,0,1
CONT_s6_throughput_RedBullPlayStreets,1789784497.294,0.1042,0,0,0,0,0,0
CONT_s6_throughput_RedBullPlayStreets,1789784497.398,0.1042,0,0,0,0,0,0
CONT_s6_throughput_RedBullPlayStreets,1789784497.502,0.1042,0,0,0,0,0,0
CONT_s6_throughput_RedBullPlayStreets,1789784497.606,0.1041,15001,15,0,130589241.0,0,2
CONT_s6_throughput_RedBullPlayStreets,1789784497.711,0.1041,3382,6,0,114716278.0,0,2
CONT_s6_throughput_RedBullPlayStreets,1789784497.815,0.1042,3064,4,0,101250788.0,0,2
CONT_s6_throughput_RedBullPlayStreets,1789784497.919,0.1042,4596,6,0,84419213.0,0,2
CONT_s6_throughput_RedBullPlayStreets,1789784498.023,0.1042,3205,5,0,60279432.0,0,3
CONT_s6_throughput_RedBullPlayStreets,1789784498.127,0.1041,3160,8,0,59816521.0,0,2
CONT_s6_throughput_RedBullPlayStreets,1789784498.231,0.1042,0,0,0,0,0,0
CONT_s6_throughput_RedBullPlayStreets,1789784498.336,0.1044,0,0,0,0,0,0
CONT_s6_throughput_RedBullPlayStreets,1789784498.44,0.104,11813,9,0,60088344.8,0,2
CONT_s6_throughput_RedBullPlayStreets,1789784498.544,0.1041,1530,2,0,75411910.5,0,2
CONT_s6_throughput_RedBullPlayStreets,1789784498.648,0.1041,0,0,0,0,0,0
CONT_s6_throughput_RedBullPlayStreets,1789784498.752,0.1041,0,0,0,0,0,0
CONT_s6_throughput_RedBullPlayStreets,1789784498.856,0.1041,13282,10,0,62682309.9,0,2
CONT_s6_throughput_RedBullPlayStreets,1789784498.96,0.1041,1530,2,0,89537541.5,0,2
CONT_s6_throughput_RedBullPlayStreets,1789784499.064,0.1042,6248,7,0,62432753.3,0,2
CONT_s6_throughput_RedBullPlayStreets,1789784499.169,0.1041,0,0,0,0,0,0
CONT_s6_throughput_RedBullPlayStreets,1789784499.273,0.1041,7345,5,0,57644269.0,0,1
CONT_s6_throughput_RedBullPlayStreets,1789784499.377,0.1041,3121,5,0,90690057.8,0,2
CONT_s6_throughput_RedBullPlayStreets,1789784499.481,0.1041,0,0,0,0,0,0
CONT_s6_throughput_RedBullPlayStreets,1789784499.585,0.1041,5937,5,0,67873629.0,0,2
CONT_s6_throughput_RedBullPlayStreets,1789784499.689,0.1041,3264,8,0,68882344.4,0,2
CONT_s6_throughput_RedBullPlayStreets,1789784499.793,0.1042,0,0,0,0,0,0
CONT_s6_throughput_RedBullPlayStreets,1789784499.898,0.1043,0,0,0,0,0,0
CONT_s6_throughput_RedBullPlayStreets,1789784500.002,0.1042,13423,11,0,55437730.5,0,3
CONT_s6_throughput_RedBullPlayStreets,1789784500.106,0.1041,3060,4,0,87601644.5,0,2
CONT_s6_throughput_RedBullPlayStreets,1789784500.21,0.1045,3382,6,0,76337102.5,0,2
CONT_s6_throughput_RedBullPlayStreets,1789784500.315,0.1042,4532,5,0,71420037.6,0,2
CONT_s6_throughput_RedBullPlayStreets,1789784500.419,0.1043,4533,5,0,63183855.6,0,2
CONT_s6_throughput_RedBullPlayStreets,1789784500.523,0.1042,3127,5,0,62278679.8,0,2
CONT_s6_throughput_RedBullPlayStreets,1789784500.627,0.1041,3064,4,0,51462762.5,0,2
CONT_s6_throughput_RedBullPlayStreets,1789784500.731,0.1042,4533,5,0,47873450.0,0,2
CONT_s6_throughput_RedBullPlayStreets,1789784500.836,0.1045,3069,4,0,45127920.5,0,2
CONT_s6_throughput_RedBullPlayStreets,1789784500.942,0.1061,4533,5,0,42059287.4,0,2
CONT_s6_throughput_RedBullPlayStreets,1789784501.046,0.1043,3064,4,0,42149027.0,0,2
CONT_s6_throughput_RedBullPlayStreets,1789784501.15,0.1043,4533,5,0,42262716.4,0,2
CONT_s6_throughput_RedBullPlayStreets,1789784501.255,0.1041,2016,7,0,36355200.6,0,2
CONT_s6_throughput_RedBullPlayStreets,1789784501.359,0.1041,0,0,0,0,0,0
CONT_s6_throughput_RedBullPlayStreets,1789784501.463,0.1042,0,0,0,0,0,0
CONT_s6_throughput_RedBullPlayStreets,1789784501.567,0.1041,13221,9,0,44091956.0,0,1
CONT_s6_throughput_RedBullPlayStreets,1789784501.671,0.1041,3121,5,0,63425919.6,0,2
CONT_s6_throughput_RedBullPlayStreets,1789784501.775,0.104,3062,4,0,53013592.5,0,2
CONT_s6_throughput_RedBullPlayStreets,1789784501.879,0.1041,4594,6,0,53365609.5,0,2
CONT_s6_throughput_RedBullPlayStreets,1789784501.983,0.1042,3205,5,0,38866252.6,0,3
CONT_s6_throughput_RedBullPlayStreets,1789784502.087,0.1041,4533,5,0,38650122.6,0,2
CONT_s6_throughput_RedBullPlayStreets,1789784502.191,0.104,3382,6,0,35801276.0,0,2
CONT_s6_throughput_RedBullPlayStreets,1789784502.295,0.104,4533,5,0,29963236.0,0,2
CONT_s6_throughput_RedBullPlayStreets,1789784502.4,0.1043,3132,5,0,29201983.4,0,2
CONT_s6_throughput_RedBullPlayStreets,1789784502.504,0.1042,1532,2,0,25948316.5,0,2
CONT_s6_throughput_RedBullPlayStreets,1789784502.608,0.1041,4258,8,0,26543994.4,0,2
CONT_s6_throughput_RedBullPlayStreets,1789784502.712,0.1041,0,0,0,0,0,0
CONT_s6_throughput_RedBullPlayStreets,1789784502.816,0.104,0,0,0,0,0,0
CONT_s6_throughput_RedBullPlayStreets,1789784502.92,0.1043,0,0,0,0,0,0
CONT_s6_throughput_RedBullPlayStreets,1789784503.025,0.1042,0,0,0,0,0,0
CONT_s6_throughput_RedBullPlayStreets,1789784503.129,0.1042,0,0,0,0,0,0
CONT_s6_throughput_RedBullPlayStreets,1789784503.233,0.1041,0,0,0,0,0,0
CONT_s6_throughput_RedBullPlayStreets,1789784503.337,0.1043,0,0,0,0,0,0
CONT_s6_throughput_RedBullPlayStreets,1789784503.443,0.1059,0,0,0,0,0,0
CONT_s6_throughput_RedBullPlayStreets,1789784503.547,0.1042,0,0,0,0,0,0
CONT_s6_throughput_RedBullPlayStreets,1789784503.651,0.1042,0,0,0,0,0,0
CONT_s6_throughput_RedBullPlayStreets,1789784503.756,0.1042,0,0,0,0,0,0
CONT_s6_throughput_RedBullPlayStreets,1789784503.86,0.1041,0,0,0,0,0,0
CONT_s6_throughput_RedBullPlayStreets,1789784503.964,0.1042,141,1,0,4417932.0,0,1
CONT_s6_throughput_RedBullPlayStreets,1789784504.068,0.1043,15389,13,0,121997327.2,0,2
CONT_s6_throughput_RedBullPlayStreets,1789784504.172,0.1041,3121,5,0,139192795.2,0,2
CONT_s6_throughput_RedBullPlayStreets,1789784504.276,0.104,4590,6,0,109836633.0,0,2
CONT_s6_throughput_RedBullPlayStreets,1789784504.38,0.1041,3060,4,0,96597962.5,0,2
CONT_s6_throughput_RedBullPlayStreets,1789784504.485,0.1041,4529,5,0,78705947.4,0,2
CONT_s6_throughput_RedBullPlayStreets,1789784504.589,0.1041,3121,5,0,75327927.2,0,2
CONT_s6_throughput_RedBullPlayStreets,1789784504.693,0.1041,3317,5,0,60111544.8,0,2
CONT_s6_throughput_RedBullPlayStreets,1789784504.797,0.1041,3060,4,0,56004687.0,0,2
CONT_s6_throughput_RedBullPlayStreets,1789784504.901,0.1043,4534,5,0,52201459.8,0,2
CONT_s6_throughput_RedBullPlayStreets,1789784505.006,0.1042,4529,5,0,44851439.8,0,2
CONT_s6_throughput_RedBullPlayStreets,1789784505.11,0.1042,3122,5,0,42843053.4,0,2
CONT_s6_throughput_RedBullPlayStreets,1789784505.214,0.1041,3062,4,0,36252030.0,0,2
CONT_s6_throughput_RedBullPlayStreets,1789784505.318,0.1041,4701,7,0,37252051.4,0,2
CONT_s6_throughput_RedBullPlayStreets,1789784505.422,0.1043,3167,6,0,38014909.7,0,2
CONT_s6_throughput_RedBullPlayStreets,1789784505.526,0.1041,0,0,0,0,0,0
CONT_s6_throughput_RedBullPlayStreets,1789784505.63,0.1041,0,0,0,0,0,0
CONT_s6_throughput_RedBullPlayStreets,1789784505.734,0.104,0,0,0,0,0,0
CONT_s6_throughput_RedBullPlayStreets,1789784505.839,0.1042,0,0,0,0,0,0
CONT_s6_throughput_RedBullPlayStreets,1789784505.944,0.1056,0,0,0,0,0,0
CONT_s6_throughput_RedBullPlayStreets,1789784506.048,0.1041,141,1,0,4388675.0,0,1
CONT_s6_throughput_RedBullPlayStreets,1789784506.153,0.1041,0,0,0,0,0,0
CONT_s6_throughput_RedBullPlayStreets,1789784506.257,0.104,0,0,0,0,0,0
CONT_s6_throughput_RedBullPlayStreets,1789784506.361,0.1041,0,0,0,0,0,0
CONT_s6_throughput_RedBullPlayStreets,1789784506.465,0.1041,0,0,0,0,0,0
CONT_s6_throughput_RedBullPlayStreets,1789784506.569,0.1042,0,0,0,0,0,0
CONT_s6_throughput_RedBullPlayStreets,1789784506.673,0.1042,0,0,0,0,0,0
CONT_s6_throughput_RedBullPlayStreets,1789784506.777,0.104,0,0,0,0,0,0
CONT_s6_throughput_RedBullPlayStreets,1789784506.881,0.1041,0,0,0,0,0,0
CONT_s6_throughput_RedBullPlayStreets,1789784506.985,0.1041,0,0,0,0,0,0
CONT_s6_throughput_RedBullPlayStreets,1789784507.089,0.1041,0,0,0,0,0,0
CONT_s6_throughput_RedBullPlayStreets,1789784507.193,0.1041,0,0,0,0,0,0
CONT_s6_throughput_RedBullPlayStreets,1789784507.298,0.1043,0,0,0,0,0,0
CONT_s6_throughput_RedBullPlayStreets,1789784507.402,0.1041,0,0,0,0,0,0
CONT_s6_throughput_RedBullPlayStreets,1789784507.506,0.1042,0,0,0,0,0,0
CONT_s6_throughput_RedBullPlayStreets,1789784507.61,0.1041,0,0,0,0,0,0
CONT_s6_throughput_RedBullPlayStreets,1789784507.714,0.1041,0,0,0,0,0,0
CONT_s6_throughput_RedBullPlayStreets,1789784507.818,0.104,0,0,0,0,0,0
CONT_s6_throughput_RedBullPlayStreets,1789784507.923,0.1043,0,0,0,0,0,0
CONT_s6_throughput_RedBullPlayStreets,1789784508.027,0.1041,141,1,0,4359281.0,0,1
CONT_s6_throughput_RedBullPlayStreets,1789784508.131,0.1041,0,0,0,0,0,0
CONT_s6_throughput_RedBullPlayStreets,1789784508.235,0.1041,0,0,0,0,0,0
CONT_s6_throughput_RedBullPlayStreets,1789784508.339,0.1043,0,0,0,0,0,0
CONT_s6_throughput_RedBullPlayStreets,1789784508.449,0.1099,15388,13,0,237583128.7,0,2
CONT_s6_throughput_RedBullPlayStreets,1789784508.553,0.1041,3121,5,0,267673200.0,0,2
CONT_s6_throughput_RedBullPlayStreets,1789784508.657,0.1041,4529,5,0,206269795.6,0,2
CONT_s6_throughput_RedBullPlayStreets,1789784508.761,0.1041,3121,5,0,195399611.2,0,2
CONT_s6_throughput_RedBullPlayStreets,1789784508.866,0.1041,4529,5,0,150060371.8,0,2
CONT_s6_throughput_RedBullPlayStreets,1789784508.97,0.1041,3121,5,0,142933743.8,0,2
CONT_s6_throughput_RedBullPlayStreets,1789784509.074,0.1042,3315,5,0,112005162.2,0,2
CONT_s6_throughput_RedBullPlayStreets,1789784509.178,0.1041,4590,6,0,98879226.0,0,2
CONT_s6_throughput_RedBullPlayStreets,1789784509.282,0.1041,3065,4,0,86947864.0,0,2
CONT_s6_throughput_RedBullPlayStreets,1789784509.386,0.1041,4468,4,0,70034135.5,0,2
CONT_s6_throughput_RedBullPlayStreets,1789784509.49,0.1041,2415,8,0,69717465.0,0,2
CONT_s6_throughput_RedBullPlayStreets,1789784509.594,0.1041,0,0,0,0,0,0
CONT_s6_throughput_RedBullPlayStreets,1789784509.699,0.1041,0,0,0,0,0,0
CONT_s6_throughput_RedBullPlayStreets,1789784509.803,0.1041,0,0,0,0,0,0
CONT_s6_throughput_RedBullPlayStreets,1789784509.907,0.1043,0,0,0,0,0,0
CONT_s6_throughput_RedBullPlayStreets,1789784510.011,0.1042,141,1,0,4102087.0,0,1
CONT_s6_throughput_RedBullPlayStreets,1789784510.115,0.104,0,0,0,0,0,0
CONT_s6_throughput_RedBullPlayStreets,1789784510.219,0.104,0,0,0,0,0,0
CONT_s6_throughput_RedBullPlayStreets,1789784510.323,0.104,0,0,0,0,0,0
CONT_s6_throughput_RedBullPlayStreets,1789784510.427,0.1043,0,0,0,0,0,0
CONT_s6_throughput_RedBullPlayStreets,1789784510.531,0.1042,0,0,0,0,0,0
CONT_s6_throughput_RedBullPlayStreets,1789784510.636,0.1044,0,0,0,0,0,0
CONT_s6_throughput_RedBullPlayStreets,1789784510.74,0.1041,0,0,0,0,0,0
CONT_s6_throughput_RedBullPlayStreets,1789784510.844,0.1041,0,0,0,0,0,0
CONT_s6_throughput_RedBullPlayStreets,1789784510.95,0.1059,0,0,0,0,0,0
CONT_s6_throughput_RedBullPlayStreets,1789784511.054,0.104,0,0,0,0,0,0
CONT_s6_throughput_RedBullPlayStreets,1789784511.158,0.104,0,0,0,0,0,0
CONT_s6_throughput_RedBullPlayStreets,1789784511.262,0.104,0,0,0,0,0,0
CONT_s6_throughput_RedBullPlayStreets,1789784511.366,0.1042,0,0,0,0,0,0
CONT_s6_throughput_RedBullPlayStreets,1789784511.47,0.1041,0,0,0,0,0,0
CONT_s6_throughput_RedBullPlayStreets,1789784511.574,0.1041,0,0,0,0,0,0
CONT_s6_throughput_RedBullPlayStreets,1789784511.679,0.1042,0,0,0,0,0,0
CONT_s6_throughput_RedBullPlayStreets,1789784511.783,0.1042,0,0,0,0,0,0
CONT_s6_throughput_RedBullPlayStreets,1789784511.887,0.1042,0,0,0,0,0,0
CONT_s6_throughput_RedBullPlayStreets,1789784511.991,0.1043,141,1,0,4334575.0,0,1
CONT_s6_throughput_RedBullPlayStreets,1789784512.095,0.1042,0,0,0,0,0,0
CONT_s6_throughput_RedBullPlayStreets,1789784512.2,0.1042,0,0,0,0,0,0
CONT_s6_throughput_RedBullPlayStreets,1789784512.304,0.1042,0,0,0,0,0,0
CONT_s6_throughput_RedBullPlayStreets,1789784512.408,0.1046,0,0,0,0,0,0
CONT_s6_throughput_RedBullPlayStreets,1789784512.513,0.1043,15389,13,0,250433370.6,0,2
CONT_s6_throughput_RedBullPlayStreets,1789784512.617,0.1042,3121,5,0,289309798.4,0,2
CONT_s6_throughput_RedBullPlayStreets,1789784512.721,0.1042,4590,6,0,226152070.5,0,2
CONT_s6_throughput_RedBullPlayStreets,1789784512.825,0.1043,3060,4,0,199212646.0,0,2
CONT_s6_throughput_RedBullPlayStreets,1789784512.93,0.1044,4529,5,0,160541268.0,0,2
CONT_s6_throughput_RedBullPlayStreets,1789784513.034,0.1044,3121,5,0,154301337.0,0,2
CONT_s6_throughput_RedBullPlayStreets,1789784513.138,0.1042,3317,5,0,119549316.0,0,2
CONT_s6_throughput_RedBullPlayStreets,1789784513.243,0.1044,4591,6,0,105835836.5,0,2
CONT_s6_throughput_RedBullPlayStreets,1789784513.347,0.1043,3067,4,0,93066066.0,0,2
CONT_s6_throughput_RedBullPlayStreets,1789784513.453,0.1056,4599,6,0,76695100.5,0,2
CONT_s6_throughput_RedBullPlayStreets,1789784513.557,0.1041,3127,5,0,62894176.0,0,2
CONT_s6_throughput_RedBullPlayStreets,1789784513.661,0.1044,4642,7,0,55775087.6,0,2
CONT_s6_throughput_RedBullPlayStreets,1789784513.765,0.1042,63,1,0,79613636.0,0,1
CONT_s6_throughput_RedBullPlayStreets,1789784513.87,0.1041,7324,17,0,2682941.4,0,2
CONT_s6_throughput_RedBullPlayStreets,1789784513.974,0.1044,0,0,0,0,0,0
CONT_s6_throughput_RedBullPlayStreets,1789784514.078,0.1043,5167,6,0,12869727.3,0,3
CONT_s6_throughput_RedBullPlayStreets,1789784514.183,0.1043,0,0,0,0,0,0
CONT_s6_throughput_RedBullPlayStreets,1789784514.287,0.1042,9052,7,0,31008027.6,0,2
CONT_s6_throughput_RedBullPlayStreets,1789784514.391,0.1044,4616,5,0,34253092.0,0,2
CONT_s6_throughput_RedBullPlayStreets,1789784514.495,0.1044,0,0,0,0,0,0
CONT_s6_throughput_RedBullPlayStreets,1789784514.6,0.1042,6052,5,0,43010299.6,0,2
CONT_s6_throughput_RedBullPlayStreets,1789784514.704,0.1042,4552,4,0,46864774.0,0,2
CONT_s6_throughput_RedBullPlayStreets,1789784514.808,0.1044,3052,3,0,47918448.7,0,2
CONT_s6_throughput_RedBullPlayStreets,1789784514.913,0.1044,0,0,0,0,0,0
CONT_s6_throughput_RedBullPlayStreets,1789784515.017,0.1043,6052,5,0,55210917.4,0,2
CONT_s6_throughput_RedBullPlayStreets,1789784515.121,0.1042,4552,4,0,56603880.8,0,2
CONT_s6_throughput_RedBullPlayStreets,1789784515.225,0.1042,0,0,0,0,0,0
CONT_s6_throughput_RedBullPlayStreets,1789784515.332,0.1068,9104,8,0,60950350.0,0,2
CONT_s6_throughput_RedBullPlayStreets,1789784515.437,0.1044,0,0,0,0,0,0
CONT_s6_throughput_RedBullPlayStreets,1789784515.541,0.1044,6052,5,0,64362627.6,0,2
CONT_s6_throughput_RedBullPlayStreets,1789784515.645,0.1043,0,0,0,0,0,0
CONT_s6_throughput_RedBullPlayStreets,1789784515.75,0.1042,6052,5,0,64979890.4,0,2
CONT_s6_throughput_RedBullPlayStreets,1789784515.854,0.1043,3052,3,0,62467194.0,0,2
CONT_s6_throughput_RedBullPlayStreets,1789784515.958,0.1043,6052,5,0,67626266.8,0,2
CONT_s6_throughput_RedBullPlayStreets,1789784516.063,0.1044,141,1,0,4409017.0,0,1
CONT_s6_throughput_RedBullPlayStreets,1789784516.167,0.1042,6052,5,0,67582400.2,0,2
CONT_s6_throughput_RedBullPlayStreets,1789784516.271,0.1042,3505,4,0,104292949.0,0,3
CONT_s6_throughput_RedBullPlayStreets,1789784516.375,0.1043,0,0,0,0,0,0
CONT_s6_throughput_RedBullPlayStreets,1789784516.48,0.1044,7552,6,0,70328863.8,0,2
CONT_s6_throughput_RedBullPlayStreets,1789784516.584,0.1041,0,0,0,0,0,0
CONT_s6_throughput_RedBullPlayStreets,1789784516.688,0.1044,9351,10,0,110928227.5,0,4
CONT_s6_throughput_RedBullPlayStreets,1789784516.792,0.1042,0,0,0,0,0,0
CONT_s6_throughput_RedBullPlayStreets,1789784516.897,0.1045,7604,7,0,69226420.0,0,2
CONT_s6_throughput_RedBullPlayStreets,1789784517.001,0.1043,0,0,0,0,0,0
CONT_s6_throughput_RedBullPlayStreets,1789784517.105,0.1042,4552,4,0,70296143.5,0,2
CONT_s6_throughput_RedBullPlayStreets,1789784517.21,0.1043,6052,5,0,71392668.0,0,2
CONT_s6_throughput_RedBullPlayStreets,1789784517.314,0.1043,0,0,0,0,0,0
CONT_s6_throughput_RedBullPlayStreets,1789784517.418,0.1045,7614,8,0,212195184.9,0,4
CONT_s6_throughput_RedBullPlayStreets,1789784517.523,0.1043,0,0,0,0,0,0
CONT_s6_throughput_RedBullPlayStreets,1789784517.627,0.1041,4552,4,0,77468537.8,0,2
CONT_s6_throughput_RedBullPlayStreets,1789784517.731,0.1042,6085,6,0,167086309.5,0,4
CONT_s6_throughput_RedBullPlayStreets,1789784517.836,0.1045,3052,3,0,75891745.7,0,2
CONT_s6_throughput_RedBullPlayStreets,1789784517.942,0.106,3052,3,0,75049540.3,0,2
CONT_s6_throughput_RedBullPlayStreets,1789784518.046,0.1043,4693,5,0,62618074.4,0,3
CONT_s6_throughput_RedBullPlayStreets,1789784518.15,0.1043,4599,6,0,316654282.0,0,2
CONT_s6_throughput_RedBullPlayStreets,1789784518.255,0.1044,0,0,0,0,0,0
CONT_s6_throughput_RedBullPlayStreets,1789784518.359,0.1042,4552,4,0,87269709.8,0,2
CONT_s6_throughput_RedBullPlayStreets,1789784518.463,0.1044,3052,3,0,84168674.3,0,2
CONT_s6_throughput_RedBullPlayStreets,1789784518.568,0.1043,4552,4,0,84674396.2,0,2
CONT_s6_throughput_RedBullPlayStreets,1789784518.672,0.1042,4605,6,0,311437445.5,0,2
CONT_s6_throughput_RedBullPlayStreets,1789784518.776,0.1042,4552,4,0,93852592.8,0,2
CONT_s6_throughput_RedBullPlayStreets,1789784518.88,0.1043,0,0,0,0,0,0
CONT_s6_throughput_RedBullPlayStreets,1789784518.985,0.1043,4552,4,0,91339254.2,0,2
CONT_s6_throughput_RedBullPlayStreets,1789784519.089,0.1042,4540,5,0,305187636.8,0,2
CONT_s6_throughput_RedBullPlayStreets,1789784519.193,0.1042,4552,4,0,99553521.0,0,2
CONT_s6_throughput_RedBullPlayStreets,1789784519.297,0.1042,0,0,0,0,0,0
CONT_s6_throughput_RedBullPlayStreets,1789784519.401,0.1043,7588,7,0,156317656.7,0,4
CONT_s6_throughput_RedBullPlayStreets,1789784519.506,0.1043,4474,4,0,275446658.0,0,2
CONT_s6_throughput_RedBullPlayStreets,1789784519.61,0.1043,3052,3,0,102575565.7,0,2
CONT_s6_throughput_RedBullPlayStreets,1789784519.714,0.1042,4588,5,0,172225276.4,0,4
CONT_s6_throughput_RedBullPlayStreets,1789784519.819,0.1044,0,0,0,0,0,0
CONT_s6_throughput_RedBullPlayStreets,1789784519.923,0.1045,7443,6,0,208320216.2,0,3
CONT_s6_throughput_RedBullPlayStreets,1789784520.027,0.1043,3245,5,0,86814793.6,0,3
CONT_s6_throughput_RedBullPlayStreets,1789784520.132,0.1043,4521,4,0,134208446.5,0,3
CONT_s6_throughput_RedBullPlayStreets,1789784520.236,0.1043,1912,5,0,219914646.6,0,2
CONT_s6_throughput_RedBullPlayStreets,1789784520.34,0.1045,0,0,0,0,0,0
CONT_s6_throughput_RedBullPlayStreets,1789784520.453,0.1123,1731950,1355,0,746136.0,0,4
CONT_s6_throughput_RedBullPlayStreets,1789784520.557,0.1039,0,0,0,0,0,0
CONT_s6_throughput_RedBullPlayStreets,1789784520.661,0.1043,0,0,0,0,0,0
CONT_s6_throughput_RedBullPlayStreets,1789784520.765,0.1042,104,2,0,14693378.5,0,2
CONT_s6_throughput_RedBullPlayStreets,1789784520.869,0.1043,0,0,0,0,0,0
CONT_s6_throughput_RedBullPlayStreets,1789784520.974,0.1044,0,0,0,0,0,0
CONT_s6_throughput_RedBullPlayStreets,1789784521.079,0.1047,0,0,0,0,0,0
CONT_s6_throughput_RedBullPlayStreets,1789784521.183,0.1046,13761,24,0,140334004.7,0,4
CONT_s6_throughput_RedBullPlayStreets,1789784521.288,0.1043,4836,8,0,113497037.8,0,2
CONT_s6_throughput_RedBullPlayStreets,1789784521.392,0.1044,3061,4,0,109165939.5,0,2
CONT_s6_throughput_RedBullPlayStreets,1789784521.496,0.1043,1530,2,0,102791855.5,0,2
CONT_s6_throughput_RedBullPlayStreets,1789784521.601,0.1044,1530,2,0,97161596.0,0,2
CONT_s6_throughput_RedBullPlayStreets,1789784521.705,0.1043,1530,2,0,91611347.0,0,2
CONT_s6_throughput_RedBullPlayStreets,1789784521.809,0.1043,52,1,0,31247315.0,0,1
CONT_s6_throughput_RedBullPlayStreets,1789784521.914,0.1045,2999,3,0,89109419.0,0,2
CONT_s6_throughput_RedBullPlayStreets,1789784522.018,0.1044,2999,3,0,85154073.7,0,2
CONT_s6_throughput_RedBullPlayStreets,1789784522.123,0.1043,1732,4,0,65531964.5,0,3
CONT_s6_throughput_RedBullPlayStreets,1789784522.227,0.1044,0,0,0,0,0,0
CONT_s6_throughput_RedBullPlayStreets,1789784522.333,0.1065,0,0,0,0,0,0
CONT_s6_throughput_RedBullPlayStreets,1789784522.438,0.1043,0,0,0,0,0,0
CONT_s6_throughput_RedBullPlayStreets,1789784522.542,0.1043,0,0,0,0,0,0
CONT_s6_throughput_RedBullPlayStreets,1789784522.647,0.1046,7860,11,0,97126207.4,0,2
CONT_s6_throughput_RedBullPlayStreets,1789784522.751,0.1044,2999,3,0,125799752.3,0,2
CONT_s6_throughput_RedBullPlayStreets,1789784522.855,0.1042,1530,2,0,135715460.0,0,2
CONT_s6_throughput_RedBullPlayStreets,1789784522.96,0.1044,1500,1,0,140343210.0,0,1
CONT_s6_throughput_RedBullPlayStreets,1789784523.064,0.1043,1531,2,0,132763335.0,0,2
CONT_s6_throughput_RedBullPlayStreets,1789784523.168,0.1043,1500,1,0,141943185.0,0,1
CONT_s6_throughput_RedBullPlayStreets,1789784523.273,0.1043,3000,2,0,129618452.0,0,1
CONT_s6_throughput_RedBullPlayStreets,1789784523.377,0.1044,0,0,0,0,0,0
CONT_s6_throughput_RedBullPlayStreets,1789784523.481,0.1043,0,0,0,0,0,0
CONT_s6_throughput_RedBullPlayStreets,1789784523.586,0.1043,4593,6,0,157410599.5,0,2
CONT_s6_throughput_RedBullPlayStreets,1789784523.69,0.1044,1532,2,0,153071873.5,0,2
CONT_s6_throughput_RedBullPlayStreets,1789784523.794,0.1043,1537,2,0,143678334.0,0,2
CONT_s6_throughput_RedBullPlayStreets,1789784523.899,0.1045,3001,3,0,138713468.7,0,2
CONT_s6_throughput_RedBullPlayStreets,1789784524.003,0.1044,1857,4,0,132487836.0,0,2
CONT_s6_throughput_RedBullPlayStreets,1789784524.108,0.1043,1671,3,0,87331244.3,0,3
CONT_s6_throughput_RedBullPlayStreets,1789784524.212,0.1043,0,0,0,0,0,0
CONT_s6_throughput_RedBullPlayStreets,1789784524.316,0.1043,2999,3,0,126230615.3,0,2
CONT_s6_throughput_RedBullPlayStreets,1789784524.42,0.1045,0,0,0,0,0,0
CONT_s6_throughput_RedBullPlayStreets,1789784524.525,0.1043,4468,4,0,125544384.0,0,2
CONT_s6_throughput_RedBullPlayStreets,1789784524.629,0.1043,61,1,0,120037448.0,0,1
CONT_s6_throughput_RedBullPlayStreets,1789784524.733,0.1042,0,0,0,0,0,0
CONT_s6_throughput_RedBullPlayStreets,1789784524.838,0.1046,4468,4,0,126494144.8,0,2
CONT_s6_throughput_RedBullPlayStreets,1789784524.944,0.1056,0,0,0,0,0,0
CONT_s6_throughput_RedBullPlayStreets,1789784525.048,0.1045,4468,4,0,126884928.2,0,2
CONT_s6_throughput_RedBullPlayStreets,1789784525.152,0.1044,61,1,0,118333318.0,0,1
CONT_s6_throughput_RedBullPlayStreets,1789784525.257,0.1043,0,0,0,0,0,0
CONT_s6_throughput_RedBullPlayStreets,1789784525.361,0.1043,0,0,0,0,0,0
CONT_s6_throughput_RedBullPlayStreets,1789784525.465,0.1043,5937,5,0,130247905.0,0,2
CONT_s6_throughput_RedBullPlayStreets,1789784525.57,0.1043,0,0,0,0,0,0
CONT_s6_throughput_RedBullPlayStreets,1789784525.674,0.1044,4989,6,0,128224048.5,0,2
CONT_s6_throughput_RedBullPlayStreets,1789784525.778,0.1044,61,1,0,121101870.0,0,1
CONT_s6_throughput_RedBullPlayStreets,1789784525.883,0.1045,3184,6,0,118371864.5,0,2
CONT_s6_throughput_RedBullPlayStreets,1789784525.987,0.1044,0,0,0,0,0,0
CONT_s6_throughput_RedBullPlayStreets,1789784526.092,0.1043,141,1,0,4800816.0,0,1
CONT_s6_throughput_RedBullPlayStreets,1789784526.196,0.1042,5069,10,0,110678030.5,0,2
CONT_s6_throughput_RedBullPlayStreets,1789784526.3,0.1044,0,0,0,0,0,0
CONT_s6_throughput_RedBullPlayStreets,1789784526.405,0.1044,3315,6,0,111029619.0,0,2
CONT_s6_throughput_RedBullPlayStreets,1789784526.509,0.1043,1530,2,0,108549071.5,0,2
CONT_s6_throughput_RedBullPlayStreets,1789784526.613,0.1043,0,0,0,0,0,0
CONT_s6_throughput_RedBullPlayStreets,1789784526.717,0.1042,4522,5,0,108848137.4,0,2
CONT_s6_throughput_RedBullPlayStreets,1789784526.822,0.1044,0,0,0,0,0,0
CONT_s6_throughput_RedBullPlayStreets,1789784526.926,0.1045,2999,3,0,112260497.0,0,2
CONT_s6_throughput_RedBullPlayStreets,1789784527.031,0.1043,1530,2,0,109058485.0,0,2
CONT_s6_throughput_RedBullPlayStreets,1789784527.135,0.1043,0,0,0,0,0,0
CONT_s6_throughput_RedBullPlayStreets,1789784527.239,0.1044,4468,4,0,115040877.5,0,2
CONT_s6_throughput_RedBullPlayStreets,1789784527.344,0.1044,0,0,0,0,0,0
CONT_s6_throughput_RedBullPlayStreets,1789784527.45,0.1063,0,0,0,0,0,0
CONT_s6_throughput_RedBullPlayStreets,1789784527.554,0.1044,4468,4,0,119081584.2,0,2
CONT_s6_throughput_RedBullPlayStreets,1789784527.659,0.1043,1530,2,0,113639788.5,0,2
CONT_s6_throughput_RedBullPlayStreets,1789784527.763,0.1042,0,0,0,0,0,0
CONT_s6_throughput_RedBullPlayStreets,1789784527.867,0.1044,4468,4,0,120501535.0,0,2
CONT_s6_throughput_RedBullPlayStreets,1789784527.972,0.1044,0,0,0,0,0,0
CONT_s6_throughput_RedBullPlayStreets,1789784528.076,0.1044,141,1,0,4877326.0,0,1
CONT_s6_throughput_RedBullPlayStreets,1789784528.18,0.1042,0,0,0,0,0,0
CONT_s6_throughput_RedBullPlayStreets,1789784528.285,0.1043,7406,6,0,124794559.7,0,2
CONT_s6_throughput_RedBullPlayStreets,1789784528.389,0.1042,1905,5,0,110556941.4,0,2
CONT_s6_throughput_RedBullPlayStreets,1789784528.493,0.1044,0,0,0,0,0,0
CONT_s6_throughput_RedBullPlayStreets,1789784528.598,0.1043,2999,3,0,114477333.7,0,2
CONT_s6_throughput_RedBullPlayStreets,1789784528.702,0.1045,0,0,0,0,0,0
CONT_s6_throughput_RedBullPlayStreets,1789784528.806,0.1043,0,0,0,0,0,0
CONT_s6_throughput_RedBullPlayStreets,1789784528.911,0.1044,0,0,0,0,0,0
CONT_s6_throughput_RedBullPlayStreets,1789784529.015,0.1043,7345,5,0,127543848.0,0,1
CONT_s6_throughput_RedBullPlayStreets,1789784529.119,0.1043,1596,3,0,127756410.3,0,2
CONT_s6_throughput_RedBullPlayStreets,1789784529.224,0.1043,1530,2,0,119455863.5,0,2
CONT_s6_throughput_RedBullPlayStreets,1789784529.328,0.1048,0,0,0,0,0,0
CONT_s6_throughput_RedBullPlayStreets,1789784529.433,0.1045,4174,5,0,113192236.2,0,2
CONT_s6_throughput_RedBullPlayStreets,1789784529.537,0.1043,809,5,0,111843242.2,0,2
CONT_s6_throughput_RedBullPlayStreets,1789784529.641,0.1043,0,0,0,0,0,0
CONT_s6_throughput_RedBullPlayStreets,1789784529.746,0.1043,0,0,0,0,0,0
CONT_s6_throughput_RedBullPlayStreets,1789784529.85,0.1042,0,0,0,0,0,0
CONT_s6_throughput_RedBullPlayStreets,1789784529.956,0.106,0,0,0,0,0,0
CONT_s6_throughput_RedBullPlayStreets,1789784530.06,0.1042,0,0,0,0,0,0
CONT_s6_throughput_RedBullPlayStreets,1789784530.164,0.1043,141,1,0,5159779.0,0,1
CONT_s6_throughput_RedBullPlayStreets,1789784530.269,0.1043,13282,10,0,116766457.3,0,2
CONT_s6_throughput_RedBullPlayStreets,1789784530.373,0.1042,1530,2,0,149106010.0,0,2
CONT_s6_throughput_RedBullPlayStreets,1789784530.477,0.1043,1531,2,0,139987272.0,0,2
CONT_s6_throughput_RedBullPlayStreets,1789784530.581,0.1043,1533,2,0,131333800.5,0,2
CONT_s6_throughput_RedBullPlayStreets,1789784530.686,0.1043,3002,3,0,108653513.3,0,2
CONT_s6_throughput_RedBullPlayStreets,1789784530.79,0.1042,1597,3,0,117638167.0,0,2
CONT_s6_throughput_RedBullPlayStreets,1789784530.894,0.1042,1534,2,0,101521884.0,0,2
CONT_s6_throughput_RedBullPlayStreets,1789784530.998,0.1043,1534,2,0,95251281.5,0,2
CONT_s6_throughput_RedBullPlayStreets,1789784531.103,0.1043,1534,2,0,89306939.0,0,2
CONT_s6_throughput_RedBullPlayStreets,1789784531.207,0.1043,1534,2,0,83729017.0,0,2
CONT_s6_throughput_RedBullPlayStreets,1789784531.311,0.1043,3070,4,0,74449470.0,0,2
CONT_s6_throughput_RedBullPlayStreets,1789784531.416,0.1044,1535,2,0,69803431.5,0,2
CONT_s6_throughput_RedBullPlayStreets,1789784531.52,0.1046,1537,2,0,65444959.0,0,2
CONT_s6_throughput_RedBullPlayStreets,1789784531.625,0.1043,1537,2,0,61354833.5,0,2
CONT_s6_throughput_RedBullPlayStreets,1789784531.729,0.1043,1537,2,0,57524394.0,0,2
CONT_s6_throughput_RedBullPlayStreets,1789784531.835,0.1061,1542,2,0,53935762.5,0,2
CONT_s6_throughput_RedBullPlayStreets,1789784531.94,0.1049,1865,4,0,51795396.0,0,2
CONT_s6_throughput_RedBullPlayStreets,1789784532.044,0.1042,3076,4,0,49644976.5,0,2
CONT_s6_throughput_RedBullPlayStreets,1789784532.148,0.1043,1671,3,0,32856805.7,0,3
CONT_s6_throughput_RedBullPlayStreets,1789784532.253,0.1044,0,0,0,0,0,0
CONT_s6_throughput_RedBullPlayStreets,1789784532.357,0.1042,2999,3,0,50548372.7,0,2
CONT_s6_throughput_RedBullPlayStreets,1789784532.461,0.1043,1530,2,0,54101699.0,0,2
CONT_s6_throughput_RedBullPlayStreets,1789784532.566,0.1049,1530,2,0,50732071.0,0,2
CONT_s6_throughput_RedBullPlayStreets,1789784532.67,0.1044,2999,3,0,55923530.3,0,2
CONT_s6_throughput_RedBullPlayStreets,1789784532.775,0.1043,0,0,0,0,0,0
CONT_s6_throughput_RedBullPlayStreets,1789784532.879,0.1043,3341,7,0,60035528.1,0,2
CONT_s6_throughput_RedBullPlayStreets,1789784532.983,0.1043,0,0,0,0,0,0
CONT_s6_throughput_RedBullPlayStreets,1789784533.088,0.1042,0,0,0,0,0,0
CONT_s6_throughput_RedBullPlayStreets,1789784533.192,0.1043,0,0,0,0,0,0
CONT_s6_throughput_RedBullPlayStreets,1789784533.296,0.1043,0,0,0,0,0,0
CONT_s6_throughput_RedBullPlayStreets,1789784533.4,0.1042,0,0,0,0,0,0
CONT_s6_throughput_RedBullPlayStreets,1789784533.505,0.1043,10635,13,0,85338518.3,0,2
CONT_s6_throughput_RedBullPlayStreets,1789784533.609,0.1045,1530,2,0,86934045.5,0,2
CONT_s6_throughput_RedBullPlayStreets,1789784533.713,0.1042,0,0,0,0,0,0
CONT_s6_throughput_RedBullPlayStreets,1789784533.818,0.1043,0,0,0,0,0,0
CONT_s6_throughput_RedBullPlayStreets,1789784533.922,0.1042,5937,5,0,94597678.6,0,2
CONT_s6_throughput_RedBullPlayStreets,1789784534.026,0.1043,1530,2,0,101770170.0,0,2
CONT_s6_throughput_RedBullPlayStreets,1789784534.13,0.1043,141,1,0,5212562.0,0,1
CONT_s6_throughput_RedBullPlayStreets,1789784534.235,0.1043,0,0,0,0,0,0
CONT_s6_throughput_RedBullPlayStreets,1789784534.339,0.1042,0,0,0,0,0,0
CONT_s6_throughput_RedBullPlayStreets,1789784534.447,0.1078,7406,6,0,107625803.7,0,2
CONT_s6_throughput_RedBullPlayStreets,1789784534.551,0.1042,1530,2,0,121333431.0,0,2
CONT_s6_throughput_RedBullPlayStreets,1789784534.655,0.1042,0,0,0,0,0,0
CONT_s6_throughput_RedBullPlayStreets,1789784534.76,0.1043,3184,6,0,114672651.0,0,2
CONT_s6_throughput_RedBullPlayStreets,1789784534.864,0.1043,0,0,0,0,0,0
CONT_s6_throughput_RedBullPlayStreets,1789784534.968,0.1042,0,0,0,0,0,0
CONT_s6_throughput_RedBullPlayStreets,1789784535.072,0.1043,6455,10,0,117504211.0,0,2
CONT_s6_throughput_RedBullPlayStreets,1789784535.177,0.1043,1535,2,0,115696597.0,0,2
CONT_s6_throughput_RedBullPlayStreets,1789784535.281,0.1043,0,0,0,0,0,0
CONT_s6_throughput_RedBullPlayStreets,1789784535.385,0.1042,0,0,0,0,0,0
CONT_s6_throughput_RedBullPlayStreets,1789784535.489,0.1042,0,0,0,0,0,0
CONT_s6_throughput_RedBullPlayStreets,1789784535.594,0.1043,7468,7,0,119273130.9,0,2
CONT_s6_throughput_RedBullPlayStreets,1789784535.698,0.1043,323,2,0,121982261.5,0,2
CONT_s6_throughput_RedBullPlayStreets,1789784535.802,0.1043,0,0,0,0,0,0
CONT_s6_throughput_RedBullPlayStreets,1789784535.907,0.1044,0,0,0,0,0,0
CONT_s6_throughput_RedBullPlayStreets,1789784536.011,0.1043,0,0,0,0,0,0
CONT_s6_throughput_RedBullPlayStreets,1789784536.115,0.1041,7547,7,0,107370166.3,0,3
CONT_s6_throughput_RedBullPlayStreets,1789784536.219,0.1043,1530,2,0,140549515.5,0,2
CONT_s6_throughput_RedBullPlayStreets,1789784536.324,0.1043,0,0,0,0,0,0
CONT_s6_throughput_RedBullPlayStreets,1789784536.428,0.1044,5073,7,0,124001583.6,0,2
CONT_s6_throughput_RedBullPlayStreets,1789784536.532,0.1043,296,3,0,119778508.3,0,2
CONT_s6_throughput_RedBullPlayStreets,1789784536.637,0.1044,0,0,0,0,0,0
CONT_s6_throughput_RedBullPlayStreets,1789784536.741,0.1043,0,0,0,0,0,0
CONT_s6_throughput_RedBullPlayStreets,1789784536.845,0.1044,0,0,0,0,0,0
CONT_s6_throughput_RedBullPlayStreets,1789784536.951,0.1057,0,0,0,0,0,0
CONT_s6_throughput_RedBullPlayStreets,1789784537.055,0.1043,10344,8,0,118468508.5,0,2
CONT_s6_throughput_RedBullPlayStreets,1789784537.159,0.104,0,0,0,0,0,0
CONT_s6_throughput_RedBullPlayStreets,1789784537.264,0.1043,0,0,0,0,0,0
CONT_s6_throughput_RedBullPlayStreets,1789784537.368,0.1042,0,0,0,0,0,0
CONT_s6_throughput_RedBullPlayStreets,1789784537.472,0.1044,0,0,0,0,0,0
CONT_s6_throughput_RedBullPlayStreets,1789784537.577,0.1043,0,0,0,0,0,0
CONT_s6_throughput_RedBullPlayStreets,1789784537.681,0.1043,0,0,0,0,0,0
CONT_s6_throughput_RedBullPlayStreets,1789784537.785,0.1043,11813,9,0,126464962.1,0,2
CONT_s6_throughput_RedBullPlayStreets,1789784537.89,0.1045,1653,4,0,156082116.0,0,2
CONT_s6_throughput_RedBullPlayStreets,1789784537.994,0.1043,0,0,0,0,0,0
CONT_s6_throughput_RedBullPlayStreets,1789784538.098,0.1042,0,0,0,0,0,0
CONT_s6_throughput_RedBullPlayStreets,1789784538.203,0.1043,141,1,0,5376008.0,0,1
CONT_s6_throughput_RedBullPlayStreets,1789784538.307,0.1043,0,0,0,0,0,0
CONT_s6_throughput_RedBullPlayStreets,1789784538.411,0.1044,0,0,0,0,0,0
CONT_s6_throughput_RedBullPlayStreets,1789784538.516,0.1043,0,0,0,0,0,0
CONT_s6_throughput_RedBullPlayStreets,1789784538.62,0.1044,12588,18,0,139498744.5,0,2
CONT_s6_throughput_RedBullPlayStreets,1789784538.724,0.1043,0,0,0,0,0,0
CONT_s6_throughput_RedBullPlayStreets,1789784538.832,0.1074,2999,3,0,136134665.0,0,2
CONT_s6_throughput_RedBullPlayStreets,1789784538.936,0.1045,1846,4,0,136863064.5,0,2
CONT_s6_throughput_RedBullPlayStreets,1789784539.04,0.1043,0,0,0,0,0,0
CONT_s6_throughput_RedBullPlayStreets,1789784539.145,0.1044,0,0,0,0,0,0
CONT_s6_throughput_RedBullPlayStreets,1789784539.249,0.1044,0,0,0,0,0,0
CONT_s6_throughput_RedBullPlayStreets,1789784539.353,0.1042,7537,8,0,145449482.6,0,2
CONT_s6_throughput_RedBullPlayStreets,1789784539.458,0.1043,0,0,0,0,0,0
CONT_s6_throughput_RedBullPlayStreets,1789784539.562,0.1042,0,0,0,0,0,0
CONT_s6_throughput_RedBullPlayStreets,1789784539.666,0.1043,6116,8,0,151692467.5,0,2
CONT_s6_throughput_RedBullPlayStreets,1789784539.77,0.1043,0,0,0,0,0,0
CONT_s6_throughput_RedBullPlayStreets,1789784539.875,0.1043,3066,4,0,153397869.5,0,2
CONT_s6_throughput_RedBullPlayStreets,1789784539.979,0.1043,0,0,0,0,0,0
CONT_s6_throughput_RedBullPlayStreets,1789784540.083,0.1043,0,0,0,0,0,0
CONT_s6_throughput_RedBullPlayStreets,1789784540.188,0.1043,6017,5,0,114664549.0,0,2
CONT_s6_throughput_RedBullPlayStreets,1789784540.292,0.1044,177,3,0,169573653.3,0,2
CONT_s6_throughput_RedBullPlayStreets,1789784540.396,0.1044,0,0,0,0,0,0
CONT_s6_throughput_RedBullPlayStreets,1789784540.501,0.1043,4497,7,0,144810077.4,0,2
CONT_s6_throughput_RedBullPlayStreets,1789784540.605,0.1043,1530,2,0,138973246.5,0,2
CONT_s6_throughput_RedBullPlayStreets,1789784540.709,0.1044,0,0,0,0,0,0
CONT_s6_throughput_RedBullPlayStreets,1789784540.814,0.1043,4840,8,0,129790639.5,0,2
CONT_s6_throughput_RedBullPlayStreets,1789784540.918,0.1044,1530,2,0,126680713.5,0,2
CONT_s6_throughput_RedBullPlayStreets,1789784541.022,0.1042,0,0,0,0,0,0
CONT_s6_throughput_RedBullPlayStreets,1789784541.127,0.1043,0,0,0,0,0,0
CONT_s6_throughput_RedBullPlayStreets,1789784541.231,0.1045,4708,6,0,124178231.7,0,2
CONT_s6_throughput_RedBullPlayStreets,1789784541.336,0.1049,0,0,0,0,0,0
CONT_s6_throughput_RedBullPlayStreets,1789784541.441,0.105,4468,4,0,121266007.2,0,2
CONT_s6_throughput_RedBullPlayStreets,1789784541.545,0.1044,0,0,0,0,0,0
CONT_s6_throughput_RedBullPlayStreets,1789784541.65,0.1043,60,1,0,0.0,0,1
CONT_s6_throughput_RedBullPlayStreets,1789784541.754,0.1044,0,0,0,0,0,0
CONT_s6_throughput_RedBullPlayStreets,1789784541.858,0.1043,6670,9,0,72543894.8,0,4
CONT_s6_throughput_RedBullPlayStreets,1789784541.963,0.1047,0,0,0,0,0,0
CONT_s6_throughput_RedBullPlayStreets,1789784542.068,0.1045,0,0,0,0,0,0
CONT_s6_throughput_RedBullPlayStreets,1789784542.172,0.1044,141,1,0,5612677.0,0,1
CONT_s6_throughput_RedBullPlayStreets,1789784542.276,0.1045,7406,6,0,132962069.3,0,2
CONT_s6_throughput_RedBullPlayStreets,1789784542.381,0.1044,2126,7,0,83660256.4,0,4
CONT_s6_throughput_RedBullPlayStreets,1789784542.485,0.1044,0,0,0,0,0,0
CONT_s6_throughput_RedBullPlayStreets,1789784542.59,0.1044,3062,4,0,137866397.5,0,2
CONT_s6_throughput_RedBullPlayStreets,1789784542.694,0.1045,0,0,0,0,0,0
CONT_s6_throughput_RedBullPlayStreets,1789784542.799,0.1045,307,1,0,83321611.0,0,1
CONT_s6_throughput_RedBullPlayStreets,1789784542.903,0.1045,6455,10,0,134471724.5,0,2
CONT_s6_throughput_RedBullPlayStreets,1789784543.008,0.1044,1312,2,0,87211348.5,0,2
CONT_s6_throughput_RedBullPlayStreets,1789784543.112,0.1044,2102,4,0,101939678.0,0,2
CONT_s6_throughput_RedBullPlayStreets,1789784543.216,0.1045,0,0,0,0,0,0
CONT_s6_throughput_RedBullPlayStreets,1789784543.321,0.1044,3804,7,0,127982113.9,0,4
CONT_s6_throughput_RedBullPlayStreets,1789784543.425,0.1044,1531,2,0,156807965.5,0,2
CONT_s6_throughput_RedBullPlayStreets,1789784543.53,0.1044,1580,2,0,109478404.5,0,2
CONT_s6_throughput_RedBullPlayStreets,1789784543.634,0.1045,1580,2,0,107826693.0,0,2
CONT_s6_throughput_RedBullPlayStreets,1789784543.739,0.1045,3160,4,0,94772736.0,0,2
CONT_s6_throughput_RedBullPlayStreets,1789784543.843,0.1045,1533,2,0,166170033.5,0,2
CONT_s6_throughput_RedBullPlayStreets,1789784543.95,0.1071,1642,4,0,170103011.0,0,2
CONT_s6_throughput_RedBullPlayStreets,1789784544.055,0.1044,1070,2,0,97707915.0,0,2
CONT_s6_throughput_RedBullPlayStreets,1789784544.159,0.1045,3244,5,0,110349512.6,0,5
CONT_s6_throughput_RedBullPlayStreets,1789784544.264,0.1045,1564,2,0,99368938.0,0,2
CONT_s6_throughput_RedBullPlayStreets,1789784544.368,0.1044,1564,2,0,98345229.0,0,2
CONT_s6_throughput_RedBullPlayStreets,1789784544.472,0.1045,1564,2,0,92202448.5,0,2
CONT_s6_throughput_RedBullPlayStreets,1789784544.577,0.1046,1552,2,0,86455690.5,0,2
CONT_s6_throughput_RedBullPlayStreets,1789784544.681,0.1044,1901,5,0,181877193.8,0,2
CONT_s6_throughput_RedBullPlayStreets,1789784544.786,0.1045,1530,2,0,175222075.5,0,2
CONT_s6_throughput_RedBullPlayStreets,1789784544.89,0.1044,0,0,0,0,0,0
CONT_s6_throughput_RedBullPlayStreets,1789784544.996,0.1053,4552,4,0,110638457.0,0,2
CONT_s6_throughput_RedBullPlayStreets,1789784545.1,0.1046,1582,3,0,154283088.0,0,3
CONT_s6_throughput_RedBullPlayStreets,1789784545.205,0.1045,1500,1,0,114492460.0,0,1
CONT_s6_throughput_RedBullPlayStreets,1789784545.309,0.1046,1604,3,0,102426216.0,0,2
CONT_s6_throughput_RedBullPlayStreets,1789784545.414,0.1046,1552,2,0,98413979.5,0,2
CONT_s6_throughput_RedBullPlayStreets,1789784545.518,0.1045,1552,2,0,92730501.5,0,2
CONT_s6_throughput_RedBullPlayStreets,1789784545.623,0.1045,1531,2,0,173985126.5,0,2
CONT_s6_throughput_RedBullPlayStreets,1789784545.727,0.1045,3052,3,0,105020406.0,0,2
CONT_s6_throughput_RedBullPlayStreets,1789784545.834,0.1066,0,0,0,0,0,0
CONT_s6_throughput_RedBullPlayStreets,1789784545.939,0.1048,3052,3,0,108661148.7,0,2
CONT_s6_throughput_RedBullPlayStreets,1789784546.043,0.1044,0,0,0,0,0,0
CONT_s6_throughput_RedBullPlayStreets,1789784546.148,0.1045,3193,4,0,84535847.8,0,3
CONT_s6_throughput_RedBullPlayStreets,1789784546.252,0.1045,3052,3,0,103100148.0,0,2
CONT_s6_throughput_RedBullPlayStreets,1789784546.357,0.1044,52,1,0,77734214.0,0,1
CONT_s6_throughput_RedBullPlayStreets,1789784546.461,0.1044,3052,3,0,103455179.7,0,2
CONT_s6_throughput_RedBullPlayStreets,1789784546.565,0.1044,0,0,0,0,0,0
CONT_s6_throughput_RedBullPlayStreets,1789784546.67,0.1045,3052,3,0,106868952.0,0,2
CONT_s6_throughput_RedBullPlayStreets,1789784546.775,0.1045,0,0,0,0,0,0
CONT_s6_throughput_RedBullPlayStreets,1789784546.879,0.1045,3052,3,0,109063105.0,0,2
CONT_s6_throughput_RedBullPlayStreets,1789784546.984,0.1046,3052,3,0,110904142.0,0,2
CONT_s6_throughput_RedBullPlayStreets,1789784547.088,0.1045,1500,1,0,130678665.0,0,1
CONT_s6_throughput_RedBullPlayStreets,1789784547.193,0.1045,1604,3,0,83008340.7,0,2
CONT_s6_throughput_RedBullPlayStreets,1789784547.297,0.1045,1564,2,0,87856717.5,0,2
CONT_s6_throughput_RedBullPlayStreets,1789784547.402,0.1045,0,0,0,0,0,0
CONT_s6_throughput_RedBullPlayStreets,1789784547.506,0.1045,3128,4,0,93875271.5,0,2
CONT_s6_throughput_RedBullPlayStreets,1789784547.611,0.1044,3128,4,0,103021406.5,0,2
CONT_s6_throughput_RedBullPlayStreets,1789784547.715,0.1045,0,0,0,0,0,0
CONT_s6_throughput_RedBullPlayStreets,1789784547.82,0.1045,3128,4,0,111058514.5,0,2
CONT_s6_throughput_RedBullPlayStreets,1789784547.924,0.1045,1564,2,0,109411826.0,0,2
CONT_s6_throughput_RedBullPlayStreets,1789784548.029,0.1044,1533,2,0,280104907.5,0,2
CONT_s6_throughput_RedBullPlayStreets,1789784548.133,0.1045,1564,2,0,107762523.5,0,2
CONT_s6_throughput_RedBullPlayStreets,1789784548.237,0.1044,3241,5,0,199501104.4,0,5
CONT_s6_throughput_RedBullPlayStreets,1789784548.342,0.1045,1572,2,0,99903444.0,0,2
CONT_s6_throughput_RedBullPlayStreets,1789784548.448,0.1065,1572,2,0,93664487.5,0,2
CONT_s6_throughput_RedBullPlayStreets,1789784548.553,0.1047,1572,2,0,87818868.0,0,2
CONT_s6_throughput_RedBullPlayStreets,1789784548.658,0.1046,0,0,0,0,0,0
CONT_s6_throughput_RedBullPlayStreets,1789784548.762,0.1046,3066,4,0,398476454.0,0,2
CONT_s6_throughput_RedBullPlayStreets,1789784548.867,0.1044,3106,4,0,238400916.0,0,4
CONT_s6_throughput_RedBullPlayStreets,1789784548.971,0.1045,1572,2,0,107333549.0,0,2
CONT_s6_throughput_RedBullPlayStreets,1789784549.076,0.1048,1564,2,0,100628065.0,0,2
CONT_s6_throughput_RedBullPlayStreets,1789784549.181,0.1047,1552,2,0,94347082.0,0,2
CONT_s6_throughput_RedBullPlayStreets,1789784549.285,0.1044,1552,2,0,89759425.0,0,2
CONT_s6_throughput_RedBullPlayStreets,1789784549.389,0.1044,1552,2,0,85377558.0,0,2
CONT_s6_throughput_RedBullPlayStreets,1789784549.494,0.1045,1552,2,0,80075332.0,0,2
CONT_s6_throughput_RedBullPlayStreets,1789784549.598,0.1045,0,0,0,0,0,0
CONT_s6_throughput_RedBullPlayStreets,1789784549.703,0.1044,4046,6,0,388700881.3,0,2
CONT_s6_throughput_RedBullPlayStreets,1789784549.807,0.1045,3052,3,0,93487861.7,0,2
CONT_s6_throughput_RedBullPlayStreets,1789784549.912,0.1046,52,1,0,88647209.0,0,1
CONT_s6_throughput_RedBullPlayStreets,1789784550.016,0.1045,3052,3,0,97085417.3,0,2
CONT_s6_throughput_RedBullPlayStreets,1789784550.121,0.1044,0,0,0,0,0,0
CONT_s6_throughput_RedBullPlayStreets,1789784550.225,0.1044,3193,4,0,77459852.0,0,3
CONT_s6_throughput_RedBullPlayStreets,1789784550.331,0.106,1909,6,0,313265046.5,0,4
CONT_s6_throughput_RedBullPlayStreets,1789784550.436,0.1045,1564,2,0,91787267.0,0,2
CONT_s6_throughput_RedBullPlayStreets,1789784550.54,0.1044,1564,2,0,87628264.0,0,2
CONT_s6_throughput_RedBullPlayStreets,1789784550.645,0.1044,3128,4,0,92580306.5,0,2
CONT_s6_throughput_RedBullPlayStreets,1789784550.749,0.1043,1564,2,0,92089977.0,0,2
CONT_s6_throughput_RedBullPlayStreets,1789784550.853,0.1044,0,0,0,0,0,0
CONT_s6_throughput_RedBullPlayStreets,1789784550.958,0.1045,3128,4,0,96496366.5,0,2
CONT_s6_throughput_RedBullPlayStreets,1789784551.062,0.1043,1564,2,0,95755468.0,0,2
CONT_s6_throughput_RedBullPlayStreets,1789784551.166,0.1044,3064,3,0,87922915.0,0,2
CONT_s6_throughput_RedBullPlayStreets,1789784551.271,0.1043,1628,3,0,77010787.3,0,2
CONT_s6_throughput_RedBullPlayStreets,1789784551.375,0.1045,1572,2,0,73977119.5,0,2
CONT_s6_throughput_RedBullPlayStreets,1789784551.48,0.1045,1564,2,0,69354280.0,0,2
CONT_s6_throughput_RedBullPlayStreets,1789784551.584,0.1045,1564,2,0,65023692.0,0,2
CONT_s6_throughput_RedBullPlayStreets,1789784551.689,0.1044,1552,2,0,60960931.0,0,2
CONT_s6_throughput_RedBullPlayStreets,1789784551.793,0.1043,1552,2,0,58534750.0,0,2
CONT_s6_throughput_RedBullPlayStreets,1789784551.897,0.1045,3116,4,0,54240968.0,0,2
CONT_s6_throughput_RedBullPlayStreets,1789784552.002,0.1045,1572,2,0,52336573.0,0,2
CONT_s6_throughput_RedBullPlayStreets,1789784552.106,0.1044,1531,2,0,501825029.0,0,2
CONT_s6_throughput_RedBullPlayStreets,1789784552.211,0.1044,1672,3,0,382459084.3,0,3
CONT_s6_throughput_RedBullPlayStreets,1789784552.315,0.1043,1572,2,0,59445631.5,0,2
CONT_s6_throughput_RedBullPlayStreets,1789784552.42,0.1048,1572,2,0,66109542.0,0,2
CONT_s6_throughput_RedBullPlayStreets,1789784552.524,0.1045,3136,4,0,58107845.0,0,2
CONT_s6_throughput_RedBullPlayStreets,1789784552.629,0.1044,0,0,0,0,0,0
CONT_s6_throughput_RedBullPlayStreets,1789784552.733,0.1045,0,0,0,0,0,0
CONT_s6_throughput_RedBullPlayStreets,1789784552.838,0.1046,4594,6,0,533117603.0,0,2
CONT_s6_throughput_RedBullPlayStreets,1789784552.943,0.1053,1532,2,0,504306648.0,0,2
CONT_s6_throughput_RedBullPlayStreets,1789784553.047,0.1044,1552,2,0,75232499.5,0,2
CONT_s6_throughput_RedBullPlayStreets,1789784553.152,0.1044,3052,3,0,86028384.0,0,2
CONT_s6_throughput_RedBullPlayStreets,1789784553.256,0.1044,1652,4,0,61781193.2,0,3
CONT_s6_throughput_RedBullPlayStreets,1789784553.361,0.1045,0,0,0,0,0,0
CONT_s6_throughput_RedBullPlayStreets,1789784553.465,0.1046,3066,4,0,499686975.5,0,2
CONT_s6_throughput_RedBullPlayStreets,1789784553.57,0.1046,0,0,0,0,0,0
CONT_s6_throughput_RedBullPlayStreets,1789784553.674,0.1045,3070,4,0,459272741.0,0,2
CONT_s6_throughput_RedBullPlayStreets,1789784553.779,0.1044,3032,3,0,323994813.0,0,3
CONT_s6_throughput_RedBullPlayStreets,1789784553.883,0.1046,1500,1,0,119791790.0,0,1
CONT_s6_throughput_RedBullPlayStreets,1789784553.988,0.1045,2181,4,0,48735515.8,0,3
CONT_s6_throughput_RedBullPlayStreets,1789784554.093,0.1047,0,0,0,0,0,0
CONT_s6_throughput_RedBullPlayStreets,1789784554.197,0.1046,3142,4,0,321057394.0,0,3
CONT_s6_throughput_RedBullPlayStreets,1789784554.302,0.1046,1532,2,0,416192083.5,0,2
CONT_s6_throughput_RedBullPlayStreets,1789784554.406,0.1045,3537,7,0,153494512.7,0,4
CONT_s6_throughput_RedBullPlayStreets,1789784554.511,0.1046,0,0,0,0,0,0
CONT_s6_throughput_RedBullPlayStreets,1789784554.615,0.1045,3001,3,0,366686576.3,0,2
CONT_s6_throughput_RedBullPlayStreets,1789784554.72,0.1045,0,0,0,0,0,0
CONT_s6_throughput_RedBullPlayStreets,1789784554.824,0.1045,3001,3,0,344852042.0,0,2
CONT_s6_throughput_RedBullPlayStreets,1789784554.929,0.1047,1532,2,0,335456872.5,0,2
CONT_s6_throughput_RedBullPlayStreets,1789784555.034,0.1046,2626,4,0,114244443.5,0,2
CONT_s6_throughput_RedBullPlayStreets,1789784555.138,0.1046,2092,6,0,102409402.0,0,2
CONT_s6_throughput_RedBullPlayStreets,1789784555.243,0.1045,0,0,0,0,0,0
CONT_s6_throughput_RedBullPlayStreets,1789784555.347,0.1046,3052,3,0,103686543.0,0,2
CONT_s6_throughput_RedBullPlayStreets,1789784555.453,0.1059,0,0,0,0,0,0
CONT_s6_throughput_RedBullPlayStreets,1789784555.558,0.1044,3328,5,0,345150444.4,0,2
CONT_s6_throughput_RedBullPlayStreets,1789784555.662,0.1046,1533,2,0,333066182.0,0,2
CONT_s6_throughput_RedBullPlayStreets,1789784555.767,0.1045,3128,4,0,127704192.0,0,2
CONT_s6_throughput_RedBullPlayStreets,1789784555.872,0.1047,1564,2,0,119726436.0,0,2
CONT_s6_throughput_RedBullPlayStreets,1789784555.976,0.1046,1564,2,0,112246935.5,0,2
CONT_s6_throughput_RedBullPlayStreets,1789784556.081,0.1047,1564,2,0,105233826.0,0,2
CONT_s6_throughput_RedBullPlayStreets,1789784556.185,0.1046,0,0,0,0,0,0
CONT_s6_throughput_RedBullPlayStreets,1789784556.29,0.1045,3199,5,0,288526192.4,0,3
CONT_s6_throughput_RedBullPlayStreets,1789784556.395,0.1045,2999,3,0,321718735.3,0,2
CONT_s6_throughput_RedBullPlayStreets,1789784556.499,0.1046,61,1,0,341241075.0,0,1
CONT_s6_throughput_RedBullPlayStreets,1789784556.604,0.1047,3666,6,0,137768651.0,0,2
CONT_s6_throughput_RedBullPlayStreets,1789784556.709,0.1047,1552,2,0,129160983.5,0,2
CONT_s6_throughput_RedBullPlayStreets,1789784556.813,0.1047,1500,1,0,115807417.0,0,1
CONT_s6_throughput_RedBullPlayStreets,1789784556.918,0.1048,1604,3,0,118155368.3,0,2
CONT_s6_throughput_RedBullPlayStreets,1789784557.023,0.1046,0,0,0,0,0,0
CONT_s6_throughput_RedBullPlayStreets,1789784557.127,0.1046,2999,3,0,340268770.7,0,2
CONT_s6_throughput_RedBullPlayStreets,1789784557.232,0.1047,2999,3,0,320092622.7,0,2
CONT_s6_throughput_RedBullPlayStreets,1789784557.337,0.1048,61,1,0,340531921.0,0,1
CONT_s6_throughput_RedBullPlayStreets,1789784557.443,0.1058,3052,3,0,146955936.0,0,2
CONT_s6_throughput_RedBullPlayStreets,1789784557.547,0.1046,1564,2,0,150161488.0,0,2
CONT_s6_throughput_RedBullPlayStreets,1789784557.652,0.1046,0,0,0,0,0,0
CONT_s6_throughput_RedBullPlayStreets,1789784557.756,0.1047,0,0,0,0,0,0
CONT_s6_throughput_RedBullPlayStreets,1789784557.861,0.1045,0,0,0,0,0,0
CONT_s6_throughput_RedBullPlayStreets,1789784557.966,0.1046,0,0,0,0,0,0
CONT_s6_throughput_RedBullPlayStreets,1789784558.07,0.1047,0,0,0,0,0,0
CONT_s6_throughput_RedBullPlayStreets,1789784558.175,0.1046,0,0,0,0,0,0
CONT_s6_throughput_RedBullPlayStreets,1789784558.28,0.1047,141,1,0,5810444.0,0,1
CONT_s6_throughput_RedBullPlayStreets,1789784558.384,0.1046,0,0,0,0,0,0
CONT_s6_throughput_RedBullPlayStreets,1789784558.489,0.1046,17865,23,0,219002260.0,0,2
CONT_s6_throughput_RedBullPlayStreets,1789784558.593,0.1046,1591,3,0,219671920.3,0,2
CONT_s6_throughput_RedBullPlayStreets,1789784558.698,0.1047,3060,4,0,182974096.5,0,2
CONT_s6_throughput_RedBullPlayStreets,1789784558.803,0.1047,3060,4,0,161723659.0,0,2
CONT_s6_throughput_RedBullPlayStreets,1789784558.907,0.1047,2999,3,0,137724439.7,0,2
CONT_s6_throughput_RedBullPlayStreets,1789784559.012,0.1047,1591,3,0,140955920.3,0,2
CONT_s6_throughput_RedBullPlayStreets,1789784559.117,0.1047,3060,4,0,117195812.0,0,2
CONT_s6_throughput_RedBullPlayStreets,1789784559.221,0.1047,3060,4,0,103470899.5,0,2
CONT_s6_throughput_RedBullPlayStreets,1789784559.326,0.1047,2999,3,0,88331527.3,0,2
CONT_s6_throughput_RedBullPlayStreets,1789784559.431,0.1048,1591,3,0,90940319.3,0,2
CONT_s6_throughput_RedBullPlayStreets,1789784559.536,0.1046,1530,2,0,80436822.0,0,2
CONT_s6_throughput_RedBullPlayStreets,1789784559.64,0.1045,4791,6,0,72232112.0,0,2
CONT_s6_throughput_RedBullPlayStreets,1789784559.745,0.1047,1530,2,0,71966143.5,0,2
CONT_s6_throughput_RedBullPlayStreets,1789784559.85,0.1048,3060,4,0,63275107.0,0,2
CONT_s6_throughput_RedBullPlayStreets,1789784559.955,0.1054,3060,4,0,56068937.5,0,2
CONT_s6_throughput_RedBullPlayStreets,1789784560.059,0.1045,1552,2,0,281996097.0,0,2
CONT_s6_throughput_RedBullPlayStreets,1789784560.164,0.1047,0,0,0,0,0,0
CONT_s6_throughput_RedBullPlayStreets,1789784560.269,0.1047,6139,7,0,58179856.3,0,3
CONT_s6_throughput_RedBullPlayStreets,1789784560.373,0.1045,3060,4,0,62656448.0,0,2
CONT_s6_throughput_RedBullPlayStreets,1789784560.478,0.1046,3586,5,0,122667370.6,0,3
CONT_s6_throughput_RedBullPlayStreets,1789784560.583,0.1047,1910,6,0,170206908.7,0,4
CONT_s6_throughput_RedBullPlayStreets,1789784560.687,0.1046,1583,3,0,170726295.7,0,3
CONT_s6_throughput_RedBullPlayStreets,1789784560.792,0.1046,3092,4,0,352612520.5,0,2
CONT_s6_throughput_RedBullPlayStreets,1789784560.897,0.1047,3000,2,0,324352025.0,0,1
CONT_s6_throughput_RedBullPlayStreets,1789784561.001,0.1046,0,0,0,0,0,0
CONT_s6_throughput_RedBullPlayStreets,1789784561.106,0.1046,6125,8,0,92032033.0,0,2
CONT_s6_throughput_RedBullPlayStreets,1789784561.21,0.1047,1532,2,0,86361251.5,0,2
CONT_s6_throughput_RedBullPlayStreets,1789784561.315,0.1046,1500,1,0,325215474.0,0,1
CONT_s6_throughput_RedBullPlayStreets,1789784561.42,0.1045,3000,2,0,306095832.0,0,1
CONT_s6_throughput_RedBullPlayStreets,1789784561.524,0.1046,4599,6,0,106350273.5,0,2
CONT_s6_throughput_RedBullPlayStreets,1789784561.629,0.1047,1533,2,0,103206629.0,0,2
CONT_s6_throughput_RedBullPlayStreets,1789784561.734,0.1047,1534,2,0,96930197.0,0,2
CONT_s6_throughput_RedBullPlayStreets,1789784561.839,0.1051,4472,4,0,95064750.2,0,2
CONT_s6_throughput_RedBullPlayStreets,1789784561.945,0.1062,3003,3,0,90730925.0,0,2
CONT_s6_throughput_RedBullPlayStreets,1789784562.049,0.1046,65,1,0,95765757.0,0,1
CONT_s6_throughput_RedBullPlayStreets,1789784562.154,0.1046,4472,4,0,88632983.2,0,2
CONT_s6_throughput_RedBullPlayStreets,1789784562.259,0.1045,3144,4,0,69313779.5,0,3
CONT_s6_throughput_RedBullPlayStreets,1789784562.363,0.1046,1534,2,0,88913753.5,0,2
CONT_s6_throughput_RedBullPlayStreets,1789784562.468,0.1047,1916,5,0,78856862.0,0,2
CONT_s6_throughput_RedBullPlayStreets,1789784562.573,0.1047,3003,3,0,81368210.0,0,2
CONT_s6_throughput_RedBullPlayStreets,1789784562.677,0.1045,4407,3,0,85603238.0,0,1
CONT_s6_throughput_RedBullPlayStreets,1789784562.782,0.1045,1599,3,0,84070131.3,0,2
CONT_s6_throughput_RedBullPlayStreets,1789784562.886,0.1049,1530,2,0,78763416.0,0,2
CONT_s6_throughput_RedBullPlayStreets,1789784562.991,0.1047,4468,4,0,80673580.5,0,2
CONT_s6_throughput_RedBullPlayStreets,1789784563.096,0.1046,0,0,0,0,0,0
CONT_s6_throughput_RedBullPlayStreets,1789784563.2,0.1045,4794,10,0,69989678.6,0,2
CONT_s6_throughput_RedBullPlayStreets,1789784563.305,0.1045,0,0,0,0,0,0
CONT_s6_throughput_RedBullPlayStreets,1789784563.41,0.1048,0,0,0,0,0,0
CONT_s6_throughput_RedBullPlayStreets,1789784563.514,0.1047,0,0,0,0,0,0
CONT_s6_throughput_RedBullPlayStreets,1789784563.619,0.1046,0,0,0,0,0,0
CONT_s6_throughput_RedBullPlayStreets,1789784563.723,0.1044,13282,10,0,79489581.6,0,2
CONT_s6_throughput_RedBullPlayStreets,1789784563.83,0.107,0,0,0,0,0,0
CONT_s6_throughput_RedBullPlayStreets,1789784563.935,0.1047,0,0,0,0,0,0
CONT_s6_throughput_RedBullPlayStreets,1789784564.04,0.1047,0,0,0,0,0,0
CONT_s6_throughput_RedBullPlayStreets,1789784564.145,0.1048,0,0,0,0,0,0
CONT_s6_throughput_RedBullPlayStreets,1789784564.249,0.1046,141,1,0,5914504.0,0,1
CONT_s6_throughput_RedBullPlayStreets,1789784564.354,0.1046,14750,11,0,82395032.1,0,2
CONT_s6_throughput_RedBullPlayStreets,1789784564.458,0.1046,0,0,0,0,0,0
CONT_s6_throughput_RedBullPlayStreets,1789784564.563,0.1047,6248,7,0,81692448.0,0,2
CONT_s6_throughput_RedBullPlayStreets,1789784564.668,0.1048,0,0,0,0,0,0
CONT_s6_throughput_RedBullPlayStreets,1789784564.772,0.1046,0,0,0,0,0,0
CONT_s6_throughput_RedBullPlayStreets,1789784564.877,0.1047,7406,6,0,87303170.2,0,2
CONT_s6_throughput_RedBullPlayStreets,1789784564.982,0.1046,1530,2,0,97187310.5,0,2
CONT_s6_throughput_RedBullPlayStreets,1789784565.086,0.1045,0,0,0,0,0,0
CONT_s6_throughput_RedBullPlayStreets,1789784565.191,0.1046,7593,9,0,97339412.6,0,2
CONT_s6_throughput_RedBullPlayStreets,1789784565.296,0.1048,1757,5,0,87032134.0,0,2
CONT_s6_throughput_RedBullPlayStreets,1789784565.4,0.1047,2295,6,0,79250230.5,0,2
CONT_s6_throughput_RedBullPlayStreets,1789784565.505,0.1046,0,0,0,0,0,0
CONT_s6_throughput_RedBullPlayStreets,1789784565.609,0.1046,0,0,0,0,0,0
CONT_s6_throughput_RedBullPlayStreets,1789784565.714,0.1046,0,0,0,0,0,0
CONT_s6_throughput_RedBullPlayStreets,1789784565.819,0.1047,11813,9,0,81868959.0,0,2
CONT_s6_throughput_RedBullPlayStreets,1789784565.924,0.1049,1530,2,0,102144217.0,0,2
CONT_s6_throughput_RedBullPlayStreets,1789784566.028,0.1046,0,0,0,0,0,0
CONT_s6_throughput_RedBullPlayStreets,1789784566.133,0.1046,0,0,0,0,0,0
CONT_s6_throughput_RedBullPlayStreets,1789784566.237,0.1046,141,1,0,5577629.0,0,1
CONT_s6_throughput_RedBullPlayStreets,1789784566.342,0.1046,0,0,0,0,0,0
CONT_s6_throughput_RedBullPlayStreets,1789784566.449,0.1065,13282,10,0,86598315.3,0,2
CONT_s6_throughput_RedBullPlayStreets,1789784566.553,0.1047,1530,2,0,121967337.0,0,2
CONT_s6_throughput_RedBullPlayStreets,1789784566.658,0.1047,0,0,0,0,0,0
CONT_s6_throughput_RedBullPlayStreets,1789784566.763,0.1046,6248,7,0,86101633.0,0,2
CONT_s6_throughput_RedBullPlayStreets,1789784566.867,0.1047,0,0,0,0,0,0
CONT_s6_throughput_RedBullPlayStreets,1789784566.972,0.1046,0,0,0,0,0,0
CONT_s6_throughput_RedBullPlayStreets,1789784567.077,0.1047,7406,6,0,93677692.0,0,2
CONT_s6_throughput_RedBullPlayStreets,1789784567.181,0.1046,1530,2,0,121021008.0,0,2
CONT_s6_throughput_RedBullPlayStreets,1789784567.286,0.1046,0,0,0,0,0,0
CONT_s6_throughput_RedBullPlayStreets,1789784567.39,0.1046,7345,5,0,82613023.0,0,1
CONT_s6_throughput_RedBullPlayStreets,1789784567.495,0.1046,3380,9,0,107272396.7,0,2
CONT_s6_throughput_RedBullPlayStreets,1789784567.6,0.1047,61,1,0,145560507.0,0,1
CONT_s6_throughput_RedBullPlayStreets,1789784567.704,0.1046,0,0,0,0,0,0
CONT_s6_throughput_RedBullPlayStreets,1789784567.809,0.1046,0,0,0,0,0,0
CONT_s6_throughput_RedBullPlayStreets,1789784567.913,0.1045,0,0,0,0,0,0
CONT_s6_throughput_RedBullPlayStreets,1789784568.018,0.1046,0,0,0,0,0,0
CONT_s6_throughput_RedBullPlayStreets,1789784568.123,0.1046,14812,12,0,94467365.8,0,2
CONT_s6_throughput_RedBullPlayStreets,1789784568.227,0.1047,3381,6,0,111216288.0,0,2
CONT_s6_throughput_RedBullPlayStreets,1789784568.335,0.1076,141,1,0,5963573.0,0,1
CONT_s6_throughput_RedBullPlayStreets,1789784568.44,0.1051,0,0,0,0,0,0
CONT_s6_throughput_RedBullPlayStreets,1789784568.545,0.1046,7595,9,0,106352937.8,0,2
CONT_s6_throughput_RedBullPlayStreets,1789784568.649,0.1046,3064,4,0,98027989.0,0,2
CONT_s6_throughput_RedBullPlayStreets,1789784568.754,0.1046,1532,2,0,91908250.5,0,2
CONT_s6_throughput_RedBullPlayStreets,1789784568.858,0.1046,1532,2,0,86170606.5,0,2
CONT_s6_throughput_RedBullPlayStreets,1789784568.963,0.1045,4533,5,0,79334595.4,0,2
CONT_s6_throughput_RedBullPlayStreets,1789784569.068,0.1047,3001,3,0,69276452.7,0,2
CONT_s6_throughput_RedBullPlayStreets,1789784569.172,0.1046,1595,3,0,77350190.0,0,2
CONT_s6_throughput_RedBullPlayStreets,1789784569.277,0.1047,1537,2,0,65938384.5,0,2
CONT_s6_throughput_RedBullPlayStreets,1789784569.382,0.1045,4533,5,0,64028772.6,0,2
CONT_s6_throughput_RedBullPlayStreets,1789784569.486,0.1046,2938,2,0,55289185.0,0,1
CONT_s6_throughput_RedBullPlayStreets,1789784569.591,0.1047,1595,3,0,72723726.7,0,2
CONT_s6_throughput_RedBullPlayStreets,1789784569.696,0.1047,3065,4,0,60496733.5,0,2
CONT_s6_throughput_RedBullPlayStreets,1789784569.8,0.1047,3064,4,0,53498126.5,0,2
CONT_s6_throughput_RedBullPlayStreets,1789784569.905,0.1048,0,0,0,0,0,0
CONT_s6_throughput_RedBullPlayStreets,1789784570.01,0.1046,4532,5,0,60014437.4,0,2
CONT_s6_throughput_RedBullPlayStreets,1789784570.114,0.1047,1532,2,0,61623030.0,0,2
CONT_s6_throughput_RedBullPlayStreets,1789784570.219,0.1048,4533,5,0,61474998.0,0,2
CONT_s6_throughput_RedBullPlayStreets,1789784570.324,0.1046,1958,4,0,43771398.8,0,3
CONT_s6_throughput_RedBullPlayStreets,1789784570.428,0.1046,3066,4,0,53102782.0,0,2
CONT_s6_throughput_RedBullPlayStreets,1789784570.533,0.1046,3066,4,0,56983892.0,0,2
CONT_s6_throughput_RedBullPlayStreets,1789784570.638,0.1047,2281,4,0,53491141.0,0,2
CONT_s6_throughput_RedBullPlayStreets,1789784570.742,0.1047,3820,8,0,47768773.9,0,2
CONT_s6_throughput_RedBullPlayStreets,1789784570.847,0.1046,61,1,0,48989025.0,0,1
CONT_s6_throughput_RedBullPlayStreets,1789784570.953,0.1063,0,0,0,0,0,0
CONT_s6_throughput_RedBullPlayStreets,1789784571.058,0.1047,0,0,0,0,0,0
CONT_s6_throughput_RedBullPlayStreets,1789784571.162,0.1046,0,0,0,0,0,0
CONT_s6_throughput_RedBullPlayStreets,1789784571.267,0.1046,11813,9,0,64946221.8,0,2
CONT_s6_throughput_RedBullPlayStreets,1789784571.372,0.1046,1530,2,0,78892615.5,0,2
CONT_s6_throughput_RedBullPlayStreets,1789784571.476,0.1046,0,0,0,0,0,0
CONT_s6_throughput_RedBullPlayStreets,1789784571.581,0.1047,0,0,0,0,0,0
CONT_s6_throughput_RedBullPlayStreets,1789784571.686,0.1047,0,0,0,0,0,0
CONT_s6_throughput_RedBullPlayStreets,1789784571.79,0.1046,0,0,0,0,0,0
CONT_s6_throughput_RedBullPlayStreets,1789784571.895,0.1046,14812,12,0,82617032.7,0,2
CONT_s6_throughput_RedBullPlayStreets,1789784571.999,0.1046,0,0,0,0,0,0
CONT_s6_throughput_RedBullPlayStreets,1789784572.104,0.1046,0,0,0,0,0,0
CONT_s6_throughput_RedBullPlayStreets,1789784572.209,0.1046,6248,7,0,78413705.3,0,2
CONT_s6_throughput_RedBullPlayStreets,1789784572.313,0.1045,141,1,0,5398160.0,0,1
CONT_s6_throughput_RedBullPlayStreets,1789784572.418,0.1046,0,0,0,0,0,0
CONT_s6_throughput_RedBullPlayStreets,1789784572.522,0.1046,8936,8,0,92322965.8,0,2
CONT_s6_throughput_RedBullPlayStreets,1789784572.627,0.1047,0,0,0,0,0,0
CONT_s6_throughput_RedBullPlayStreets,1789784572.732,0.1048,0,0,0,0,0,0
CONT_s6_throughput_RedBullPlayStreets,1789784572.837,0.105,7406,6,0,91316537.5,0,2
CONT_s6_throughput_RedBullPlayStreets,1789784572.943,0.1062,1531,2,0,115327715.5,0,2
CONT_s6_throughput_RedBullPlayStreets,1789784573.048,0.1046,0,0,0,0,0,0
CONT_s6_throughput_RedBullPlayStreets,1789784573.152,0.1044,7594,9,0,110307385.6,0,2
CONT_s6_throughput_RedBullPlayStreets,1789784573.257,0.1047,1532,2,0,110027310.5,0,2
CONT_s6_throughput_RedBullPlayStreets,1789784573.362,0.105,3001,3,0,98886377.3,0,2
CONT_s6_throughput_RedBullPlayStreets,1789784573.466,0.1047,0,0,0,0,0,0
CONT_s6_throughput_RedBullPlayStreets,1789784573.571,0.1048,4813,6,0,97617123.7,0,2
CONT_s6_throughput_RedBullPlayStreets,1789784573.676,0.1046,3001,3,0,98815816.7,0,2
CONT_s6_throughput_RedBullPlayStreets,1789784573.78,0.1045,1537,2,0,102467744.5,0,2
CONT_s6_throughput_RedBullPlayStreets,1789784573.885,0.1046,3001,3,0,94757828.0,0,2
CONT_s6_throughput_RedBullPlayStreets,1789784573.99,0.1047,4523,11,0,77581433.4,0,2
CONT_s6_throughput_RedBullPlayStreets,1789784574.094,0.1047,0,0,0,0,0,0
CONT_s6_throughput_RedBullPlayStreets,1789784574.199,0.1046,0,0,0,0,0,0
CONT_s6_throughput_RedBullPlayStreets,1789784574.304,0.1046,141,1,0,5684004.0,0,1
CONT_s6_throughput_RedBullPlayStreets,1789784574.408,0.1048,0,0,0,0,0,0
CONT_s6_throughput_RedBullPlayStreets,1789784574.513,0.1047,0,0,0,0,0,0
CONT_s6_throughput_RedBullPlayStreets,1789784574.618,0.1048,13282,10,0,80073415.4,0,2
CONT_s6_throughput_RedBullPlayStreets,1789784574.723,0.1047,0,0,0,0,0,0
CONT_s6_throughput_RedBullPlayStreets,1789784574.828,0.105,0,0,0,0,0,0
CONT_s6_throughput_RedBullPlayStreets,1789784574.932,0.1048,0,0,0,0,0,0
CONT_s6_throughput_RedBullPlayStreets,1789784575.037,0.1047,0,0,0,0,0,0
CONT_s6_throughput_RedBullPlayStreets,1789784575.142,0.1046,14750,11,0,83519930.6,0,2
CONT_s6_throughput_RedBullPlayStreets,1789784575.246,0.1047,0,0,0,0,0,0
CONT_s6_throughput_RedBullPlayStreets,1789784575.351,0.1046,0,0,0,0,0,0
CONT_s6_throughput_RedBullPlayStreets,1789784575.456,0.105,6246,7,0,84177092.1,0,2
CONT_s6_throughput_RedBullPlayStreets,1789784575.561,0.1046,0,0,0,0,0,0
CONT_s6_throughput_RedBullPlayStreets,1789784575.665,0.1046,0,0,0,0,0,0
CONT_s6_throughput_RedBullPlayStreets,1789784575.77,0.1047,8936,8,0,94151027.2,0,2
CONT_s6_throughput_RedBullPlayStreets,1789784575.875,0.1047,0,0,0,0,0,0
CONT_s6_throughput_RedBullPlayStreets,1789784575.979,0.1047,6439,11,0,93122771.5,0,2
CONT_s6_throughput_RedBullPlayStreets,1789784576.084,0.1045,2295,6,0,84790581.5,0,2
CONT_s6_throughput_RedBullPlayStreets,1789784576.188,0.1046,0,0,0,0,0,0
CONT_s6_throughput_RedBullPlayStreets,1789784576.293,0.1046,141,1,0,5587906.0,0,1
CONT_s6_throughput_RedBullPlayStreets,1789784576.398,0.1048,0,0,0,0,0,0
CONT_s6_throughput_RedBullPlayStreets,1789784576.503,0.1047,0,0,0,0,0,0
CONT_s6_throughput_RedBullPlayStreets,1789784576.607,0.1047,13282,10,0,81741716.3,0,2
CONT_s6_throughput_RedBullPlayStreets,1789784576.712,0.1046,0,0,0,0,0,0
CONT_s6_throughput_RedBullPlayStreets,1789784576.816,0.1045,0,0,0,0,0,0
CONT_s6_throughput_RedBullPlayStreets,1789784576.921,0.1046,0,0,0,0,0,0
CONT_s6_throughput_RedBullPlayStreets,1789784577.026,0.1047,0,0,0,0,0,0
CONT_s6_throughput_RedBullPlayStreets,1789784577.13,0.1044,0,0,0,0,0,0
CONT_s6_throughput_RedBullPlayStreets,1789784577.235,0.1048,14750,11,0,84539193.6,0,2
CONT_s6_throughput_RedBullPlayStreets,1789784577.34,0.1048,0,0,0,0,0,0
CONT_s6_throughput_RedBullPlayStreets,1789784577.446,0.1065,6247,7,0,85121296.0,0,2
CONT_s6_throughput_RedBullPlayStreets,1789784577.551,0.1047,61,1,0,139339873.0,0,1
CONT_s6_throughput_RedBullPlayStreets,1789784577.655,0.1046,0,0,0,0,0,0
CONT_s6_throughput_RedBullPlayStreets,1789784577.76,0.1045,7406,6,0,94268100.5,0,2
CONT_s6_throughput_RedBullPlayStreets,1789784577.864,0.1046,1530,2,0,117364826.0,0,2
CONT_s6_throughput_RedBullPlayStreets,1789784577.969,0.1047,0,0,0,0,0,0
CONT_s6_throughput_RedBullPlayStreets,1789784578.074,0.1047,5667,10,0,102958751.0,0,2
CONT_s6_throughput_RedBullPlayStreets,1789784578.178,0.1046,2296,6,0,91497163.5,0,2
CONT_s6_throughput_RedBullPlayStreets,1789784578.283,0.1045,141,1,0,5466629.0,0,1
CONT_s6_throughput_RedBullPlayStreets,1789784578.388,0.1048,0,0,0,0,0,0
CONT_s6_throughput_RedBullPlayStreets,1789784578.493,0.1047,0,0,0,0,0,0
CONT_s6_throughput_RedBullPlayStreets,1789784578.597,0.1047,11813,9,0,84477816.7,0,2
CONT_s6_throughput_RedBullPlayStreets,1789784578.702,0.1046,0,0,0,0,0,0
CONT_s6_throughput_RedBullPlayStreets,1789784578.807,0.1049,0,0,0,0,0,0
CONT_s6_throughput_RedBullPlayStreets,1789784578.912,0.1048,0,0,0,0,0,0
CONT_s6_throughput_RedBullPlayStreets,1789784579.016,0.1047,0,0,0,0,0,0
CONT_s6_throughput_RedBullPlayStreets,1789784579.121,0.1048,13282,10,0,87314435.3,0,2
CONT_s6_throughput_RedBullPlayStreets,1789784579.226,0.1047,0,0,0,0,0,0
CONT_s6_throughput_RedBullPlayStreets,1789784579.332,0.1064,0,0,0,0,0,0
CONT_s6_throughput_RedBullPlayStreets,1789784579.437,0.1046,0,0,0,0,0,0
CONT_s6_throughput_RedBullPlayStreets,1789784579.542,0.1047,9186,9,0,83849666.4,0,2
CONT_s6_throughput_RedBullPlayStreets,1789784579.646,0.1047,0,0,0,0,0,0
CONT_s6_throughput_RedBullPlayStreets,1789784579.751,0.1048,5998,6,0,98122478.3,0,2
CONT_s6_throughput_RedBullPlayStreets,1789784579.856,0.1047,0,0,0,0,0,0
CONT_s6_throughput_RedBullPlayStreets,1789784579.96,0.1047,0,0,0,0,0,0
CONT_s6_throughput_RedBullPlayStreets,1789784580.065,0.1048,0,0,0,0,0,0
CONT_s6_throughput_RedBullPlayStreets,1789784580.17,0.1046,10344,8,0,91569920.9,0,2
CONT_s6_throughput_RedBullPlayStreets,1789784580.274,0.1046,0,0,0,0,0,0
CONT_s6_throughput_RedBullPlayStreets,1789784580.379,0.1047,6078,6,0,83426626.5,0,3
CONT_s6_throughput_RedBullPlayStreets,1789784580.484,0.1047,1347,7,0,103250907.6,0,2
CONT_s6_throughput_RedBullPlayStreets,1789784580.589,0.1047,0,0,0,0,0,0
CONT_s6_throughput_RedBullPlayStreets,1789784580.693,0.1046,0,0,0,0,0,0
CONT_s6_throughput_RedBullPlayStreets,1789784580.798,0.1048,0,0,0,0,0,0
CONT_s6_throughput_RedBullPlayStreets,1789784580.903,0.1046,0,0,0,0,0,0
CONT_s6_throughput_RedBullPlayStreets,1789784581.007,0.1048,13282,10,0,87081762.9,0,2
CONT_s6_throughput_RedBullPlayStreets,1789784581.112,0.1048,3060,4,0,115226373.0,0,2
CONT_s6_throughput_RedBullPlayStreets,1789784581.217,0.1046,3382,6,0,100711832.0,0,2
CONT_s6_throughput_RedBullPlayStreets,1789784581.321,0.1046,0,0,0,0,0,0
CONT_s6_throughput_RedBullPlayStreets,1789784581.426,0.1048,0,0,0,0,0,0
CONT_s6_throughput_RedBullPlayStreets,1789784581.531,0.1047,7533,8,0,95833339.6,0,2
CONT_s6_throughput_RedBullPlayStreets,1789784581.636,0.1047,3064,4,0,91503736.0,0,2
CONT_s6_throughput_RedBullPlayStreets,1789784581.74,0.1046,3001,3,0,74350064.0,0,2
CONT_s6_throughput_RedBullPlayStreets,1789784581.845,0.1048,1595,3,0,84609783.3,0,2
CONT_s6_throughput_RedBullPlayStreets,1789784581.952,0.1066,0,0,0,0,0,0
CONT_s6_throughput_RedBullPlayStreets,1789784582.056,0.1045,6002,6,0,73304841.3,0,2
CONT_s6_throughput_RedBullPlayStreets,1789784582.161,0.1046,3001,3,0,66835359.7,0,2
CONT_s6_throughput_RedBullPlayStreets,1789784582.265,0.1046,63,1,0,92372517.0,0,1
CONT_s6_throughput_RedBullPlayStreets,1789784582.37,0.1046,4679,6,0,58062344.2,0,3
CONT_s6_throughput_RedBullPlayStreets,1789784582.475,0.1047,1532,2,0,67343280.5,0,2
CONT_s6_throughput_RedBullPlayStreets,1789784582.579,0.1047,2925,8,0,56404342.5,0,2
CONT_s6_throughput_RedBullPlayStreets,1789784582.684,0.1046,0,0,0,0,0,0
CONT_s6_throughput_RedBullPlayStreets,1789784582.788,0.1045,0,0,0,0,0,0
CONT_s6_throughput_RedBullPlayStreets,1789784582.893,0.1048,0,0,0,0,0,0
CONT_s6_throughput_RedBullPlayStreets,1789784582.998,0.1047,0,0,0,0,0,0
CONT_s6_throughput_RedBullPlayStreets,1789784583.103,0.1047,13982,13,0,71587450.5,0,2
CONT_s6_throughput_RedBullPlayStreets,1789784583.207,0.1047,3060,4,0,78802122.0,0,2
CONT_s6_throughput_RedBullPlayStreets,1789784583.313,0.1055,3060,4,0,70079504.5,0,2
CONT_s6_throughput_RedBullPlayStreets,1789784583.418,0.1048,1530,2,0,65705725.0,0,2
CONT_s6_throughput_RedBullPlayStreets,1789784583.522,0.1047,3060,4,0,57758372.0,0,2
CONT_s6_throughput_RedBullPlayStreets,1789784583.627,0.1047,3060,4,0,50775497.0,0,2
CONT_s6_throughput_RedBullPlayStreets,1789784583.732,0.1046,3060,4,0,45537807.5,0,2
CONT_s6_throughput_RedBullPlayStreets,1789784583.837,0.1057,1530,2,0,42719215.0,0,2
CONT_s6_throughput_RedBullPlayStreets,1789784583.945,0.1073,3317,5,0,35946613.2,0,2
CONT_s6_throughput_RedBullPlayStreets,1789784584.049,0.1046,3061,4,0,35591313.0,0,2
CONT_s6_throughput_RedBullPlayStreets,1789784584.154,0.1046,3067,4,0,31463164.5,0,2
CONT_s6_throughput_RedBullPlayStreets,1789784584.258,0.1046,1531,2,0,29499581.0,0,2
CONT_s6_throughput_RedBullPlayStreets,1789784584.363,0.1046,3205,5,0,22110601.4,0,3
CONT_s6_throughput_RedBullPlayStreets,1789784584.468,0.1046,3064,4,0,23138251.5,0,2
CONT_s6_throughput_RedBullPlayStreets,1789784584.572,0.1047,1863,3,0,20788536.7,0,2
CONT_s6_throughput_RedBullPlayStreets,1789784584.677,0.1046,1653,4,0,24465659.5,0,2
CONT_s6_throughput_RedBullPlayStreets,1789784584.784,0.1066,3176,6,0,33070279.5,0,2
CONT_s6_throughput_RedBullPlayStreets,1789784584.888,0.1046,0,0,0,0,0,0
CONT_s6_throughput_RedBullPlayStreets,1789784584.993,0.1046,0,0,0,0,0,0
CONT_s6_throughput_RedBullPlayStreets,1789784585.097,0.1046,0,0,0,0,0,0
CONT_s6_throughput_RedBullPlayStreets,1789784585.202,0.1047,0,0,0,0,0,0
CONT_s6_throughput_RedBullPlayStreets,1789784585.307,0.1046,0,0,0,0,0,0
CONT_s6_throughput_RedBullPlayStreets,1789784585.412,0.1048,0,0,0,0,0,0
CONT_s6_throughput_RedBullPlayStreets,1789784585.516,0.1046,0,0,0,0,0,0
CONT_s6_throughput_RedBullPlayStreets,1789784585.621,0.1047,0,0,0,0,0,0
CONT_s6_throughput_RedBullPlayStreets,1789784585.725,0.1046,0,0,0,0,0,0
CONT_s6_throughput_RedBullPlayStreets,1789784585.831,0.106,0,0,0,0,0,0
CONT_s6_throughput_RedBullPlayStreets,1789784585.936,0.1046,0,0,0,0,0,0
CONT_s6_throughput_RedBullPlayStreets,1789784586.04,0.1043,0,0,0,0,0,0
CONT_s6_throughput_RedBullPlayStreets,1789784586.145,0.1045,0,0,0,0,0,0
CONT_s6_throughput_RedBullPlayStreets,1789784586.249,0.1046,0,0,0,0,0,0
CONT_s6_throughput_RedBullPlayStreets,1789784586.354,0.1045,141,1,0,5364908.0,0,1
CONT_s6_throughput_RedBullPlayStreets,1789784586.459,0.1049,0,0,0,0,0,0
CONT_s6_throughput_RedBullPlayStreets,1789784586.564,0.1047,0,0,0,0,0,0
CONT_s6_throughput_RedBullPlayStreets,1789784586.668,0.1046,0,0,0,0,0,0
CONT_s6_throughput_RedBullPlayStreets,1789784586.773,0.1046,15451,14,0,164137058.1,0,2
CONT_s6_throughput_RedBullPlayStreets,1789784586.877,0.1045,3060,4,0,172114682.0,0,2
CONT_s6_throughput_RedBullPlayStreets,1789784586.982,0.1046,3060,4,0,151740955.0,0,2
CONT_s6_throughput_RedBullPlayStreets,1789784587.087,0.1047,3060,4,0,133855420.5,0,2
CONT_s6_throughput_RedBullPlayStreets,1789784587.191,0.1046,1530,2,0,125505368.0,0,2
CONT_s6_throughput_RedBullPlayStreets,1789784587.296,0.1046,3060,4,0,110776302.0,0,2
CONT_s6_throughput_RedBullPlayStreets,1789784587.401,0.1047,3060,4,0,97785183.0,0,2
CONT_s6_throughput_RedBullPlayStreets,1789784587.505,0.1046,3197,4,0,60628723.8,0,3
CONT_s6_throughput_RedBullPlayStreets,1789784587.61,0.1047,1848,4,0,81730687.5,0,2
CONT_s6_throughput_RedBullPlayStreets,1789784587.715,0.1047,3060,4,0,71915889.5,0,2
CONT_s6_throughput_RedBullPlayStreets,1789784587.819,0.1047,2999,3,0,59686761.0,0,2
CONT_s6_throughput_RedBullPlayStreets,1789784587.924,0.1047,1596,3,0,64849017.0,0,2
CONT_s6_throughput_RedBullPlayStreets,1789784588.029,0.1047,3060,4,0,52920884.0,0,2
CONT_s6_throughput_RedBullPlayStreets,1789784588.133,0.1047,2999,3,0,51808205.7,0,2
CONT_s6_throughput_RedBullPlayStreets,1789784588.238,0.1047,1833,5,0,51702325.8,0,2
CONT_s6_throughput_RedBullPlayStreets,1789784588.343,0.1046,3317,7,0,49787265.3,0,3
CONT_s6_throughput_RedBullPlayStreets,1789784588.449,0.1059,0,0,0,0,0,0
CONT_s6_throughput_RedBullPlayStreets,1789784588.553,0.1046,198,1,0,0.0,0,1
CONT_s6_throughput_RedBullPlayStreets,1789784588.658,0.1047,0,0,0,0,0,0
CONT_s6_throughput_RedBullPlayStreets,1789784588.763,0.1047,0,0,0,0,0,0
CONT_s6_throughput_RedBullPlayStreets,1789784588.867,0.1047,0,0,0,0,0,0
CONT_s6_throughput_RedBullPlayStreets,1789784588.972,0.1047,0,0,0,0,0,0
CONT_s6_throughput_RedBullPlayStreets,1789784589.077,0.1048,0,0,0,0,0,0
CONT_s6_throughput_RedBullPlayStreets,1789784589.181,0.1046,0,0,0,0,0,0
CONT_s6_throughput_RedBullPlayStreets,1789784589.286,0.1047,0,0,0,0,0,0
CONT_s6_throughput_RedBullPlayStreets,1789784589.391,0.1048,0,0,0,0,0,0
CONT_s6_throughput_RedBullPlayStreets,1789784589.496,0.1047,198,1,0,591053.0,0,1
CONT_s6_throughput_RedBullPlayStreets,1789784589.6,0.1046,0,0,0,0,0,0
CONT_s6_throughput_RedBullPlayStreets,1789784589.705,0.1046,0,0,0,0,0,0
CONT_s6_throughput_RedBullPlayStreets,1789784589.81,0.1048,0,0,0,0,0,0
CONT_s6_throughput_RedBullPlayStreets,1789784589.914,0.1048,0,0,0,0,0,0
CONT_s6_throughput_RedBullPlayStreets,1789784590.019,0.1048,0,0,0,0,0,0
CONT_s6_throughput_RedBullPlayStreets,1789784590.124,0.1049,0,0,0,0,0,0
CONT_s6_throughput_RedBullPlayStreets,1789784590.229,0.1048,0,0,0,0,0,0
CONT_s6_throughput_RedBullPlayStreets,1789784590.334,0.1055,0,0,0,0,0,0
CONT_s6_throughput_RedBullPlayStreets,1789784590.439,0.1048,141,1,0,5436666.0,0,1
CONT_s6_throughput_RedBullPlayStreets,1789784590.544,0.1048,198,1,0,618160.0,0,1
CONT_s6_throughput_RedBullPlayStreets,1789784590.649,0.1048,0,0,0,0,0,0
CONT_s6_throughput_RedBullPlayStreets,1789784590.753,0.1046,0,0,0,0,0,0
CONT_s6_throughput_RedBullPlayStreets,1789784590.858,0.1046,15450,14,0,212421016.1,0,2
CONT_s6_throughput_RedBullPlayStreets,1789784590.963,0.1048,3060,4,0,224063084.0,0,2
CONT_s6_throughput_RedBullPlayStreets,1789784591.068,0.1048,3060,4,0,197869813.0,0,2
CONT_s6_throughput_RedBullPlayStreets,1789784591.172,0.1046,2999,3,0,163200558.7,0,2
CONT_s6_throughput_RedBullPlayStreets,1789784591.277,0.1049,1591,3,0,177713177.0,0,2
CONT_s6_throughput_RedBullPlayStreets,1789784591.382,0.1048,3060,4,0,144295629.5,0,2
CONT_s6_throughput_RedBullPlayStreets,1789784591.487,0.1047,3060,4,0,126930496.0,0,2
CONT_s6_throughput_RedBullPlayStreets,1789784591.591,0.1048,2999,3,0,104513038.3,0,2
CONT_s6_throughput_RedBullPlayStreets,1789784591.696,0.1048,1848,4,0,105382264.0,0,2
CONT_s6_throughput_RedBullPlayStreets,1789784591.801,0.1048,3060,4,0,92731824.5,0,2
CONT_s6_throughput_RedBullPlayStreets,1789784591.906,0.1049,1530,2,0,86940323.5,0,2
CONT_s6_throughput_RedBullPlayStreets,1789784592.01,0.1047,3004,3,0,79374983.0,0,2
CONT_s6_throughput_RedBullPlayStreets,1789784592.115,0.1047,3060,4,0,78677516.5,0,2
CONT_s6_throughput_RedBullPlayStreets,1789784592.22,0.1048,3060,4,0,69682201.0,0,2
CONT_s6_throughput_RedBullPlayStreets,1789784592.325,0.1047,3060,4,0,61687588.5,0,2
CONT_s6_throughput_RedBullPlayStreets,1789784592.429,0.1048,1981,7,0,43151810.7,0,3
CONT_s6_throughput_RedBullPlayStreets,1789784592.534,0.1047,0,0,0,0,0,0
CONT_s6_throughput_RedBullPlayStreets,1789784592.639,0.1047,0,0,0,0,0,0
CONT_s6_throughput_RedBullPlayStreets,1789784592.744,0.1047,0,0,0,0,0,0
CONT_s6_throughput_RedBullPlayStreets,1789784592.848,0.1047,0,0,0,0,0,0
CONT_s6_throughput_RedBullPlayStreets,1789784592.954,0.1054,0,0,0,0,0,0
CONT_s6_throughput_RedBullPlayStreets,1789784593.058,0.1049,0,0,0,0,0,0
CONT_s6_throughput_RedBullPlayStreets,1789784593.163,0.1046,0,0,0,0,0,0
CONT_s6_throughput_RedBullPlayStreets,1789784593.268,0.1046,0,0,0,0,0,0
CONT_s6_throughput_RedBullPlayStreets,1789784593.372,0.1046,0,0,0,0,0,0
CONT_s6_throughput_RedBullPlayStreets,1789784593.477,0.1047,0,0,0,0,0,0
CONT_s6_throughput_RedBullPlayStreets,1789784593.582,0.1047,0,0,0,0,0,0
CONT_s6_throughput_RedBullPlayStreets,1789784593.686,0.1046,0,0,0,0,0,0
CONT_s6_throughput_RedBullPlayStreets,1789784593.791,0.1046,0,0,0,0,0,0
CONT_s6_throughput_RedBullPlayStreets,1789784593.896,0.1048,0,0,0,0,0,0
CONT_s6_throughput_RedBullPlayStreets,1789784594.0,0.1047,0,0,0,0,0,0
CONT_s6_throughput_RedBullPlayStreets,1789784594.105,0.1047,0,0,0,0,0,0
CONT_s6_throughput_RedBullPlayStreets,1789784594.21,0.1046,0,0,0,0,0,0
CONT_s6_throughput_RedBullPlayStreets,1789784594.315,0.1049,0,0,0,0,0,0
CONT_s6_throughput_RedBullPlayStreets,1789784594.419,0.1048,141,1,0,5169788.0,0,1
CONT_s6_throughput_RedBullPlayStreets,1789784594.524,0.1046,0,0,0,0,0,0
CONT_s6_throughput_RedBullPlayStreets,1789784594.629,0.1046,0,0,0,0,0,0
CONT_s6_throughput_RedBullPlayStreets,1789784594.733,0.1047,0,0,0,0,0,0
CONT_s6_throughput_RedBullPlayStreets,1789784594.839,0.1052,0,0,0,0,0,0
CONT_s6_throughput_RedBullPlayStreets,1789784594.948,0.1098,15450,14,0,210629293.9,0,2
CONT_s6_throughput_RedBullPlayStreets,1789784595.053,0.1047,3060,4,0,224866365.0,0,2
CONT_s6_throughput_RedBullPlayStreets,1789784595.158,0.1048,1530,2,0,211224640.5,0,2
CONT_s6_throughput_RedBullPlayStreets,1789784595.263,0.1047,3060,4,0,185717452.0,0,2
CONT_s6_throughput_RedBullPlayStreets,1789784595.367,0.1049,1530,2,0,174559325.0,0,2
CONT_s6_throughput_RedBullPlayStreets,1789784595.472,0.1049,3060,4,0,153849310.0,0,2
CONT_s6_throughput_RedBullPlayStreets,1789784595.577,0.1049,2999,3,0,126441231.7,0,2
CONT_s6_throughput_RedBullPlayStreets,1789784595.682,0.1049,1591,3,0,140048870.3,0,2
CONT_s6_throughput_RedBullPlayStreets,1789784595.787,0.1048,3317,5,0,104951324.2,0,2
CONT_s6_throughput_RedBullPlayStreets,1789784595.892,0.1051,1530,2,0,106400249.5,0,2
CONT_s6_throughput_RedBullPlayStreets,1789784595.997,0.1048,3062,4,0,94471322.5,0,2
CONT_s6_throughput_RedBullPlayStreets,1789784596.102,0.1048,1531,2,0,88573222.0,0,2
CONT_s6_throughput_RedBullPlayStreets,1789784596.206,0.1048,3068,4,0,78014107.5,0,2
CONT_s6_throughput_RedBullPlayStreets,1789784596.311,0.1048,1532,2,0,73433234.0,0,2
CONT_s6_throughput_RedBullPlayStreets,1789784596.416,0.1048,1728,4,0,48237846.0,0,3
CONT_s6_throughput_RedBullPlayStreets,1789784596.521,0.1049,3120,5,0,68959786.0,0,2
CONT_s6_throughput_RedBullPlayStreets,1789784596.626,0.1046,3039,5,0,73110836.0,0,2
CONT_s6_throughput_RedBullPlayStreets,1789784596.73,0.1048,0,0,0,0,0,0
CONT_s6_throughput_RedBullPlayStreets,1789784596.835,0.1051,0,0,0,0,0,0
CONT_s6_throughput_RedBullPlayStreets,1789784596.94,0.1046,0,0,0,0,0,0
CONT_s6_throughput_RedBullPlayStreets,1789784597.045,0.1048,0,0,0,0,0,0
CONT_s6_throughput_RedBullPlayStreets,1789784597.15,0.1049,0,0,0,0,0,0
CONT_s6_throughput_RedBullPlayStreets,1789784597.255,0.1048,0,0,0,0,0,0
CONT_s6_throughput_RedBullPlayStreets,1789784597.359,0.1047,0,0,0,0,0,0
CONT_s6_throughput_RedBullPlayStreets,1789784597.464,0.1047,0,0,0,0,0,0
CONT_s6_throughput_RedBullPlayStreets,1789784597.569,0.1048,0,0,0,0,0,0
CONT_s6_throughput_RedBullPlayStreets,1789784597.674,0.1048,0,0,0,0,0,0
CONT_s6_throughput_RedBullPlayStreets,1789784597.778,0.1048,0,0,0,0,0,0
CONT_s6_throughput_RedBullPlayStreets,1789784597.883,0.1047,0,0,0,0,0,0
CONT_s6_throughput_RedBullPlayStreets,1789784597.988,0.1048,0,0,0,0,0,0
CONT_s6_throughput_RedBullPlayStreets,1789784598.093,0.1047,0,0,0,0,0,0
CONT_s6_throughput_RedBullPlayStreets,1789784598.197,0.1048,0,0,0,0,0,0
CONT_s6_throughput_RedBullPlayStreets,1789784598.302,0.1047,0,0,0,0,0,0
CONT_s6_throughput_RedBullPlayStreets,1789784598.407,0.1049,141,1,0,4851420.0,0,1
CONT_s6_throughput_RedBullPlayStreets,1789784598.512,0.1048,0,0,0,0,0,0
CONT_s6_throughput_RedBullPlayStreets,1789784598.617,0.1049,15390,13,0,180902779.4,0,2
CONT_s6_throughput_RedBullPlayStreets,1789784598.722,0.1048,1591,3,0,233642280.0,0,2
CONT_s6_throughput_RedBullPlayStreets,1789784598.826,0.1048,3060,4,0,188407190.0,0,2
CONT_s6_throughput_RedBullPlayStreets,1789784598.931,0.1048,1530,2,0,177105633.5,0,2
CONT_s6_throughput_RedBullPlayStreets,1789784599.036,0.1047,3060,4,0,155726765.5,0,2
CONT_s6_throughput_RedBullPlayStreets,1789784599.141,0.1049,2999,3,0,127620209.7,0,2
CONT_s6_throughput_RedBullPlayStreets,1789784599.246,0.1049,1591,3,0,142147038.0,0,2
CONT_s6_throughput_RedBullPlayStreets,1789784599.351,0.1047,3060,4,0,114364364.0,0,2
CONT_s6_throughput_RedBullPlayStreets,1789784599.456,0.1051,1530,2,0,107230354.0,0,2
CONT_s6_throughput_RedBullPlayStreets,1789784599.56,0.1046,3318,5,0,90875741.8,0,2
CONT_s6_throughput_RedBullPlayStreets,1789784599.665,0.1048,1591,3,0,97813314.7,0,2
CONT_s6_throughput_RedBullPlayStreets,1789784599.77,0.1048,3065,4,0,78399771.0,0,2
CONT_s6_throughput_RedBullPlayStreets,1789784599.874,0.1047,1530,2,0,73971856.5,0,2
CONT_s6_throughput_RedBullPlayStreets,1789784599.979,0.1047,3061,4,0,65614142.0,0,2
CONT_s6_throughput_RedBullPlayStreets,1789784600.084,0.1048,3000,3,0,53739599.7,0,2
CONT_s6_throughput_RedBullPlayStreets,1789784600.189,0.1047,1593,3,0,59838351.7,0,2
CONT_s6_throughput_RedBullPlayStreets,1789784600.293,0.1048,2037,5,0,47109423.0,0,2
CONT_s6_throughput_RedBullPlayStreets,1789784600.398,0.1047,3114,5,0,54601420.0,0,2
CONT_s6_throughput_RedBullPlayStreets,1789784600.503,0.1049,141,1,0,4572324.0,0,1
CONT_s6_throughput_RedBullPlayStreets,1789784600.608,0.1048,0,0,0,0,0,0
CONT_s6_throughput_RedBullPlayStreets,1789784600.712,0.1047,0,0,0,0,0,0
CONT_s6_throughput_RedBullPlayStreets,1789784600.817,0.1047,0,0,0,0,0,0
CONT_s6_throughput_RedBullPlayStreets,1789784600.922,0.1048,0,0,0,0,0,0
CONT_s6_throughput_RedBullPlayStreets,1789784601.027,0.1047,0,0,0,0,0,0
CONT_s6_throughput_RedBullPlayStreets,1789784601.132,0.1048,0,0,0,0,0,0
CONT_s6_throughput_RedBullPlayStreets,1789784601.236,0.1048,0,0,0,0,0,0
CONT_s6_throughput_RedBullPlayStreets,1789784601.341,0.1047,0,0,0,0,0,0
CONT_s6_throughput_RedBullPlayStreets,1789784601.448,0.1066,0,0,0,0,0,0
CONT_s6_throughput_RedBullPlayStreets,1789784601.552,0.1047,0,0,0,0,0,0
CONT_s6_throughput_RedBullPlayStreets,1789784601.657,0.1048,0,0,0,0,0,0
CONT_s6_throughput_RedBullPlayStreets,1789784601.762,0.1049,0,0,0,0,0,0
CONT_s6_throughput_RedBullPlayStreets,1789784601.867,0.1047,0,0,0,0,0,0
CONT_s6_throughput_RedBullPlayStreets,1789784601.972,0.1048,0,0,0,0,0,0
CONT_s6_throughput_RedBullPlayStreets,1789784602.076,0.1048,0,0,0,0,0,0
CONT_s6_throughput_RedBullPlayStreets,1789784602.181,0.1047,0,0,0,0,0,0
CONT_s6_throughput_RedBullPlayStreets,1789784602.286,0.1048,0,0,0,0,0,0
CONT_s6_throughput_RedBullPlayStreets,1789784602.391,0.1047,0,0,0,0,0,0
CONT_s6_throughput_RedBullPlayStreets,1789784602.495,0.1048,141,1,0,4621618.0,0,1
CONT_s6_throughput_RedBullPlayStreets,1789784602.6,0.1045,0,0,0,0,0,0
CONT_s6_throughput_RedBullPlayStreets,1789784602.705,0.1047,0,0,0,0,0,0
CONT_s6_throughput_RedBullPlayStreets,1789784602.809,0.1048,0,0,0,0,0,0
CONT_s6_throughput_RedBullPlayStreets,1789784602.914,0.1049,15389,13,0,208048681.6,0,2
CONT_s6_throughput_RedBullPlayStreets,1789784603.019,0.1048,1591,3,0,264682587.3,0,2
CONT_s6_throughput_RedBullPlayStreets,1789784603.124,0.1048,3060,4,0,213624005.0,0,2
CONT_s6_throughput_RedBullPlayStreets,1789784603.229,0.1049,1530,2,0,200284374.0,0,2
CONT_s6_throughput_RedBullPlayStreets,1789784603.336,0.1075,3060,4,0,176895302.0,0,2
CONT_s6_throughput_RedBullPlayStreets,1789784603.442,0.1057,3060,4,0,155504227.5,0,2
CONT_s6_throughput_RedBullPlayStreets,1789784603.547,0.1047,1530,2,0,146303132.0,0,2
CONT_s6_throughput_RedBullPlayStreets,1789784603.651,0.1046,3060,4,0,129113535.5,0,2
CONT_s6_throughput_RedBullPlayStreets,1789784603.756,0.1047,1530,2,0,121071156.5,0,2
CONT_s6_throughput_RedBullPlayStreets,1789784603.861,0.1047,3256,4,0,94556701.8,0,2
CONT_s6_throughput_RedBullPlayStreets,1789784603.965,0.1047,1591,3,0,111225502.3,0,2
CONT_s6_throughput_RedBullPlayStreets,1789784604.07,0.105,3060,4,0,89720247.0,0,2
CONT_s6_throughput_RedBullPlayStreets,1789784604.175,0.1048,1535,2,0,84583596.0,0,2
CONT_s6_throughput_RedBullPlayStreets,1789784604.28,0.1048,3060,4,0,74361844.5,0,2
CONT_s6_throughput_RedBullPlayStreets,1789784604.385,0.1049,3062,4,0,65498147.5,0,2
CONT_s6_throughput_RedBullPlayStreets,1789784604.49,0.1047,1672,3,0,42537356.7,0,3
CONT_s6_throughput_RedBullPlayStreets,1789784604.594,0.1049,3000,3,0,50157896.0,0,2
CONT_s6_throughput_RedBullPlayStreets,1789784604.699,0.1049,1595,3,0,56650564.0,0,2
CONT_s6_throughput_RedBullPlayStreets,1789784604.804,0.1051,3064,4,0,45602879.5,0,2
CONT_s6_throughput_RedBullPlayStreets,1789784604.909,0.1049,0,0,0,0,0,0
CONT_s6_throughput_RedBullPlayStreets,1789784605.014,0.1047,4533,5,0,47480597.0,0,2
CONT_s6_throughput_RedBullPlayStreets,1789784605.119,0.1048,1532,2,0,46605412.0,0,2
CONT_s6_throughput_RedBullPlayStreets,1789784605.224,0.1049,3064,4,0,41035222.5,0,2
CONT_s6_throughput_RedBullPlayStreets,1789784605.33,0.1067,3064,4,0,36939159.0,0,2
CONT_s6_throughput_RedBullPlayStreets,1789784605.435,0.1049,351,2,0,37561204.5,0,2
CONT_s6_throughput_RedBullPlayStreets,1789784605.54,0.1047,4470,4,0,44293958.2,0,2
CONT_s6_throughput_RedBullPlayStreets,1789784605.645,0.1048,1600,3,0,45041505.7,0,2
CONT_s6_throughput_RedBullPlayStreets,1789784605.75,0.1047,3001,3,0,38332691.7,0,2
CONT_s6_throughput_RedBullPlayStreets,1789784605.854,0.1048,1595,3,0,38316491.7,0,2
CONT_s6_throughput_RedBullPlayStreets,1789784605.959,0.1047,1532,2,0,34712782.0,0,2
CONT_s6_throughput_RedBullPlayStreets,1789784606.064,0.1049,0,0,0,0,0,0
CONT_s6_throughput_RedBullPlayStreets,1789784606.169,0.1048,6000,6,0,46334509.3,0,2
CONT_s6_throughput_RedBullPlayStreets,1789784606.274,0.1048,2999,3,0,41979665.7,0,2
CONT_s6_throughput_RedBullPlayStreets,1789784606.378,0.1047,1591,3,0,40602868.3,0,2
CONT_s6_throughput_RedBullPlayStreets,1789784606.483,0.1048,3140,4,0,27575488.2,0,3
CONT_s6_throughput_RedBullPlayStreets,1789784606.588,0.1048,61,1,0,38956725.0,0,1
CONT_s6_throughput_RedBullPlayStreets,1789784606.693,0.1048,0,0,0,0,0,0
CONT_s6_throughput_RedBullPlayStreets,1789784606.797,0.1047,5937,5,0,48483788.4,0,2
CONT_s6_throughput_RedBullPlayStreets,1789784606.902,0.105,3060,4,0,50433305.5,0,2
CONT_s6_throughput_RedBullPlayStreets,1789784607.007,0.1048,2075,6,0,46007186.5,0,2
CONT_s6_throughput_RedBullPlayStreets,1789784607.112,0.1046,0,0,0,0,0,0
CONT_s6_throughput_RedBullPlayStreets,1789784607.217,0.1048,0,0,0,0,0,0
CONT_s6_throughput_RedBullPlayStreets,1789784607.321,0.1048,0,0,0,0,0,0
CONT_s6_throughput_RedBullPlayStreets,1789784607.426,0.1049,0,0,0,0,0,0
CONT_s6_throughput_RedBullPlayStreets,1789784607.531,0.1048,0,0,0,0,0,0
CONT_s6_throughput_RedBullPlayStreets,1789784607.636,0.1048,14812,12,0,73115711.8,0,2
CONT_s6_throughput_RedBullPlayStreets,1789784607.741,0.1048,1530,2,0,81375245.0,0,2
CONT_s6_throughput_RedBullPlayStreets,1789784607.846,0.1051,0,0,0,0,0,0
CONT_s6_throughput_RedBullPlayStreets,1789784607.953,0.1069,0,0,0,0,0,0
CONT_s6_throughput_RedBullPlayStreets,1789784608.057,0.1047,0,0,0,0,0,0
CONT_s6_throughput_RedBullPlayStreets,1789784608.162,0.1048,0,0,0,0,0,0
CONT_s6_throughput_RedBullPlayStreets,1789784608.267,0.1047,0,0,0,0,0,0
CONT_s6_throughput_RedBullPlayStreets,1789784608.372,0.1048,15133,14,0,88426536.2,0,2
CONT_s6_throughput_RedBullPlayStreets,1789784608.476,0.1047,141,1,0,4807880.0,0,1
CONT_s6_throughput_RedBullPlayStreets,1789784608.581,0.1049,0,0,0,0,0,0
CONT_s6_throughput_RedBullPlayStreets,1789784608.686,0.1047,0,0,0,0,0,0
CONT_s6_throughput_RedBullPlayStreets,1789784608.791,0.1047,0,0,0,0,0,0
CONT_s6_throughput_RedBullPlayStreets,1789784608.895,0.1047,0,0,0,0,0,0
CONT_s6_throughput_RedBullPlayStreets,1789784609.0,0.1047,13408,12,0,108593152.2,0,2
CONT_s6_throughput_RedBullPlayStreets,1789784609.105,0.1047,1533,2,0,127977905.0,0,2
CONT_s6_throughput_RedBullPlayStreets,1789784609.209,0.1048,0,0,0,0,0,0
CONT_s6_throughput_RedBullPlayStreets,1789784609.314,0.1047,0,0,0,0,0,0
CONT_s6_throughput_RedBullPlayStreets,1789784609.419,0.1048,0,0,0,0,0,0
CONT_s6_throughput_RedBullPlayStreets,1789784609.524,0.1048,10540,11,0,121351931.9,0,2
CONT_s6_throughput_RedBullPlayStreets,1789784609.629,0.1048,0,0,0,0,0,0
CONT_s6_throughput_RedBullPlayStreets,1789784609.733,0.1047,4472,4,0,115439888.0,0,2
CONT_s6_throughput_RedBullPlayStreets,1789784609.839,0.1054,0,0,0,0,0,0
CONT_s6_throughput_RedBullPlayStreets,1789784609.946,0.1071,4532,5,0,93128033.4,0,3
CONT_s6_throughput_RedBullPlayStreets,1789784610.051,0.1048,0,0,0,0,0,0
CONT_s6_throughput_RedBullPlayStreets,1789784610.156,0.105,4872,7,0,107999652.0,0,2
CONT_s6_throughput_RedBullPlayStreets,1789784610.261,0.105,0,0,0,0,0,0
CONT_s6_throughput_RedBullPlayStreets,1789784610.365,0.1048,0,0,0,0,0,0
CONT_s6_throughput_RedBullPlayStreets,1789784610.47,0.1049,6627,8,0,73079819.8,0,4
CONT_s6_throughput_RedBullPlayStreets,1789784610.575,0.1051,141,1,0,4711808.0,0,1
CONT_s6_throughput_RedBullPlayStreets,1789784610.68,0.1049,4472,4,0,110770759.0,0,2
CONT_s6_throughput_RedBullPlayStreets,1789784610.785,0.1048,0,0,0,0,0,0
CONT_s6_throughput_RedBullPlayStreets,1789784610.89,0.1051,4524,5,0,89228434.8,0,3
CONT_s6_throughput_RedBullPlayStreets,1789784610.995,0.1049,0,0,0,0,0,0
CONT_s6_throughput_RedBullPlayStreets,1789784611.1,0.1049,6124,8,0,114663915.0,0,2
CONT_s6_throughput_RedBullPlayStreets,1789784611.205,0.105,0,0,0,0,0,0
CONT_s6_throughput_RedBullPlayStreets,1789784611.31,0.105,4470,4,0,113611103.2,0,2
CONT_s6_throughput_RedBullPlayStreets,1789784611.415,0.1051,0,0,0,0,0,0
CONT_s6_throughput_RedBullPlayStreets,1789784611.52,0.1049,4470,4,0,113404889.2,0,2
CONT_s6_throughput_RedBullPlayStreets,1789784611.625,0.1049,3287,4,0,109304796.5,0,2
CONT_s6_throughput_RedBullPlayStreets,1789784611.73,0.105,63,1,0,116593165.0,0,1
CONT_s6_throughput_RedBullPlayStreets,1789784611.836,0.1062,4840,10,0,95927462.6,0,2
CONT_s6_throughput_RedBullPlayStreets,1789784611.941,0.1049,0,0,0,0,0,0
CONT_s6_throughput_RedBullPlayStreets,1789784612.046,0.1049,0,0,0,0,0,0
CONT_s6_throughput_RedBullPlayStreets,1789784612.151,0.105,0,0,0,0,0,0
CONT_s6_throughput_RedBullPlayStreets,1789784612.256,0.1051,0,0,0,0,0,0
CONT_s6_throughput_RedBullPlayStreets,1789784612.361,0.1049,11752,8,0,93501697.0,0,1
CONT_s6_throughput_RedBullPlayStreets,1789784612.466,0.1049,1920,4,0,178187912.2,0,3
CONT_s6_throughput_RedBullPlayStreets,1789784612.571,0.1051,141,1,0,5058363.0,0,1
CONT_s6_throughput_RedBullPlayStreets,1789784612.676,0.105,0,0,0,0,0,0
CONT_s6_throughput_RedBullPlayStreets,1789784612.781,0.1049,0,0,0,0,0,0
CONT_s6_throughput_RedBullPlayStreets,1789784612.886,0.1049,0,0,0,0,0,0
CONT_s6_throughput_RedBullPlayStreets,1789784612.991,0.105,0,0,0,0,0,0
CONT_s6_throughput_RedBullPlayStreets,1789784613.096,0.105,14688,13,0,124312884.8,0,4
CONT_s6_throughput_RedBullPlayStreets,1789784613.2,0.105,52,1,0,294185350.0,0,1
CONT_s6_throughput_RedBullPlayStreets,1789784613.305,0.1049,0,0,0,0,0,0
CONT_s6_throughput_RedBullPlayStreets,1789784613.41,0.1051,0,0,0,0,0,0
CONT_s6_throughput_RedBullPlayStreets,1789784613.515,0.1049,9186,9,0,101326841.7,0,2
CONT_s6_throughput_RedBullPlayStreets,1789784613.62,0.1049,0,0,0,0,0,0
CONT_s6_throughput_RedBullPlayStreets,1789784613.725,0.105,4468,4,0,111322710.2,0,2
CONT_s6_throughput_RedBullPlayStreets,1789784613.832,0.1071,1530,2,0,120161706.5,0,2
CONT_s6_throughput_RedBullPlayStreets,1789784613.937,0.1051,0,0,0,0,0,0
CONT_s6_throughput_RedBullPlayStreets,1789784614.042,0.1049,0,0,0,0,0,0
CONT_s6_throughput_RedBullPlayStreets,1789784614.147,0.1051,0,0,0,0,0,0
CONT_s6_throughput_RedBullPlayStreets,1789784614.252,0.1049,10344,8,0,106041254.8,0,2
CONT_s6_throughput_RedBullPlayStreets,1789784614.357,0.1049,0,0,0,0,0,0
CONT_s6_throughput_RedBullPlayStreets,1789784614.462,0.105,4934,10,0,108119675.4,0,2
CONT_s6_throughput_RedBullPlayStreets,1789784614.567,0.105,141,1,0,4887722.0,0,1
CONT_s6_throughput_RedBullPlayStreets,1789784614.672,0.105,0,0,0,0,0,0
CONT_s6_throughput_RedBullPlayStreets,1789784614.777,0.1049,0,0,0,0,0,0
CONT_s6_throughput_RedBullPlayStreets,1789784614.882,0.1051,0,0,0,0,0,0
CONT_s6_throughput_RedBullPlayStreets,1789784614.987,0.1049,0,0,0,0,0,0
CONT_s6_throughput_RedBullPlayStreets,1789784615.092,0.105,13282,10,0,98048797.8,0,2
CONT_s6_throughput_RedBullPlayStreets,1789784615.197,0.105,3060,4,0,130665292.5,0,2
CONT_s6_throughput_RedBullPlayStreets,1789784615.303,0.1053,1531,2,0,122585661.5,0,2
CONT_s6_throughput_RedBullPlayStreets,1789784615.408,0.1051,3401,6,0,184608734.0,0,4
CONT_s6_throughput_RedBullPlayStreets,1789784615.513,0.1051,0,0,0,0,0,0
CONT_s6_throughput_RedBullPlayStreets,1789784615.618,0.105,4532,5,0,105016303.4,0,2
CONT_s6_throughput_RedBullPlayStreets,1789784615.723,0.105,1532,2,0,108725055.0,0,2
CONT_s6_throughput_RedBullPlayStreets,1789784615.829,0.1063,3064,4,0,95818766.0,0,2
CONT_s6_throughput_RedBullPlayStreets,1789784615.934,0.1054,3052,3,0,397671477.7,0,2
CONT_s6_throughput_RedBullPlayStreets,1789784616.039,0.105,0,0,0,0,0,0
CONT_s6_throughput_RedBullPlayStreets,1789784616.144,0.105,4585,5,0,268895017.6,0,4
CONT_s6_throughput_RedBullPlayStreets,1789784616.249,0.105,1535,2,0,115090631.5,0,2
CONT_s6_throughput_RedBullPlayStreets,1789784616.354,0.1049,3070,4,0,112698879.5,0,2
CONT_s6_throughput_RedBullPlayStreets,1789784616.459,0.105,1535,2,0,109569274.0,0,2
CONT_s6_throughput_RedBullPlayStreets,1789784616.564,0.1049,3218,5,0,78961041.8,0,3
CONT_s6_throughput_RedBullPlayStreets,1789784616.669,0.105,0,0,0,0,0,0
CONT_s6_throughput_RedBullPlayStreets,1789784616.774,0.105,3052,3,0,396108649.7,0,2
CONT_s6_throughput_RedBullPlayStreets,1789784616.879,0.1049,4521,4,0,304709793.5,0,3
CONT_s6_throughput_RedBullPlayStreets,1789784616.984,0.105,1603,3,0,122918869.7,0,2
CONT_s6_throughput_RedBullPlayStreets,1789784617.089,0.105,3005,3,0,100165129.3,0,2
CONT_s6_throughput_RedBullPlayStreets,1789784617.194,0.1049,1603,3,0,102478313.7,0,2
CONT_s6_throughput_RedBullPlayStreets,1789784617.299,0.1051,3066,4,0,85495007.5,0,2
CONT_s6_throughput_RedBullPlayStreets,1789784617.404,0.1051,1552,2,0,402985800.0,0,2
CONT_s6_throughput_RedBullPlayStreets,1789784617.509,0.105,3082,4,0,247549491.2,0,4
CONT_s6_throughput_RedBullPlayStreets,1789784617.614,0.1048,2716,4,0,153534934.0,0,3
CONT_s6_throughput_RedBullPlayStreets,1789784617.719,0.1049,1961,7,0,219232125.3,0,4
CONT_s6_throughput_RedBullPlayStreets,1789784617.824,0.105,0,0,0,0,0,0
CONT_s6_throughput_RedBullPlayStreets,1789784617.929,0.1051,0,0,0,0,0,0
CONT_s6_throughput_RedBullPlayStreets,1789784618.034,0.105,0,0,0,0,0,0
CONT_s6_throughput_RedBullPlayStreets,1789784618.139,0.105,10283,7,0,91922448.0,0,1
CONT_s6_throughput_RedBullPlayStreets,1789784618.244,0.1051,1613,3,0,290949427.7,0,3
CONT_s6_throughput_RedBullPlayStreets,1789784618.349,0.105,3070,4,0,245943445.8,0,4
CONT_s6_throughput_RedBullPlayStreets,1789784618.455,0.1059,0,0,0,0,0,0
CONT_s6_throughput_RedBullPlayStreets,1789784618.56,0.105,141,1,0,5212474.0,0,1
CONT_s6_throughput_RedBullPlayStreets,1789784618.665,0.105,0,0,0,0,0,0
CONT_s6_throughput_RedBullPlayStreets,1789784618.77,0.105,0,0,0,0,0,0
CONT_s6_throughput_RedBullPlayStreets,1789784618.875,0.1049,11752,8,0,97719202.0,0,1
CONT_s6_throughput_RedBullPlayStreets,1789784618.98,0.105,1561,2,0,246633588.0,0,2
CONT_s6_throughput_RedBullPlayStreets,1789784619.085,0.1051,1530,2,0,136766017.5,0,2
CONT_s6_throughput_RedBullPlayStreets,1789784619.19,0.1049,0,0,0,0,0,0
CONT_s6_throughput_RedBullPlayStreets,1789784619.295,0.1049,0,0,0,0,0,0
CONT_s6_throughput_RedBullPlayStreets,1789784619.4,0.1051,0,0,0,0,0,0
CONT_s6_throughput_RedBullPlayStreets,1789784619.505,0.1049,10715,11,0,103355367.5,0,2
CONT_s6_throughput_RedBullPlayStreets,1789784619.61,0.105,0,0,0,0,0,0
CONT_s6_throughput_RedBullPlayStreets,1789784619.715,0.1049,0,0,0,0,0,0
CONT_s6_throughput_RedBullPlayStreets,1789784619.82,0.1049,0,0,0,0,0,0
CONT_s6_throughput_RedBullPlayStreets,1789784619.925,0.1051,8638,11,0,117849991.3,0,2
CONT_s6_throughput_RedBullPlayStreets,1789784620.03,0.1049,3001,3,0,117441094.7,0,2
CONT_s6_throughput_RedBullPlayStreets,1789784620.135,0.105,2281,6,0,116816700.0,0,2
CONT_s6_throughput_RedBullPlayStreets,1789784620.24,0.105,0,0,0,0,0,0
CONT_s6_throughput_RedBullPlayStreets,1789784620.345,0.1049,0,0,0,0,0,0
CONT_s6_throughput_RedBullPlayStreets,1789784620.452,0.1069,0,0,0,0,0,0
CONT_s6_throughput_RedBullPlayStreets,1789784620.556,0.1047,141,1,0,5106601.0,0,1
CONT_s6_throughput_RedBullPlayStreets,1789784620.661,0.1049,11813,9,0,98252268.0,0,2
CONT_s6_throughput_RedBullPlayStreets,1789784620.766,0.1049,0,0,0,0,0,0
CONT_s6_throughput_RedBullPlayStreets,1789784620.871,0.105,0,0,0,0,0,0
CONT_s6_throughput_RedBullPlayStreets,1789784620.976,0.1049,0,0,0,0,0,0
CONT_s6_throughput_RedBullPlayStreets,1789784621.081,0.105,0,0,0,0,0,0
CONT_s6_throughput_RedBullPlayStreets,1789784621.186,0.1049,0,0,0,0,0,0
CONT_s6_throughput_RedBullPlayStreets,1789784621.291,0.1049,0,0,0,0,0,0
CONT_s6_throughput_RedBullPlayStreets,1789784621.396,0.1051,0,0,0,0,0,0
CONT_s6_throughput_RedBullPlayStreets,1789784621.501,0.1049,0,0,0,0,0,0
CONT_s6_throughput_RedBullPlayStreets,1789784621.606,0.1051,0,0,0,0,0,0
CONT_s6_throughput_RedBullPlayStreets,1789784621.711,0.1049,0,0,0,0,0,0
CONT_s6_throughput_RedBullPlayStreets,1789784621.816,0.1048,0,0,0,0,0,0
CONT_s6_throughput_RedBullPlayStreets,1789784621.921,0.1049,15000,15,0,162820463.3,0,2
CONT_s6_throughput_RedBullPlayStreets,1789784622.026,0.105,7597,9,0,132514341.4,0,2
CONT_s6_throughput_RedBullPlayStreets,1789784622.131,0.1052,18385,21,0,67667599.0,0,2
CONT_s6_throughput_RedBullPlayStreets,1789784622.236,0.1052,173038,165,0,2797220.2,0,2
CONT_s6_throughput_RedBullPlayStreets,1789784622.341,0.1052,0,0,0,0,0,0
CONT_s6_throughput_RedBullPlayStreets,1789784622.449,0.1076,0,0,0,0,0,0
CONT_s6_throughput_RedBullPlayStreets,1789784622.554,0.105,141,1,0,5089800.0,0,1
CONT_s6_throughput_RedBullPlayStreets,1789784622.659,0.105,0,0,0,0,0,0
CONT_s6_throughput_RedBullPlayStreets,1789784622.764,0.1051,0,0,0,0,0,0
CONT_s6_throughput_RedBullPlayStreets,1789784622.869,0.105,0,0,0,0,0,0
CONT_s6_throughput_RedBullPlayStreets,1789784622.974,0.1049,0,0,0,0,0,0
CONT_s6_throughput_RedBullPlayStreets,1789784623.079,0.1051,0,0,0,0,0,0
CONT_s6_throughput_RedBullPlayStreets,1789784623.184,0.105,0,0,0,0,0,0
CONT_s6_throughput_RedBullPlayStreets,1789784623.289,0.105,77951,69,0,13462522.5,0,2
CONT_s6_throughput_RedBullPlayStreets,1789784623.394,0.1051,0,0,0,0,0,0
CONT_s6_throughput_RedBullPlayStreets,1789784623.499,0.105,0,0,0,0,0,0
CONT_s6_throughput_RedBullPlayStreets,1789784623.604,0.105,0,0,0,0,0,0
CONT_s6_throughput_RedBullPlayStreets,1789784623.709,0.1049,0,0,0,0,0,0
CONT_s6_throughput_RedBullPlayStreets,1789784623.814,0.105,0,0,0,0,0,0
CONT_s6_throughput_RedBullPlayStreets,1789784623.919,0.1051,0,0,0,0,0,0
CONT_s6_throughput_RedBullPlayStreets,1789784624.024,0.1049,0,0,0,0,0,0
CONT_s6_throughput_RedBullPlayStreets,1789784624.129,0.105,0,0,0,0,0,0
CONT_s6_throughput_RedBullPlayStreets,1789784624.234,0.105,0,0,0,0,0,0
CONT_s6_throughput_RedBullPlayStreets,1789784624.339,0.105,0,0,0,0,0,0
CONT_s6_throughput_RedBullPlayStreets,1789784624.446,0.1064,0,0,0,0,0,0
CONT_s6_throughput_RedBullPlayStreets,1789784624.551,0.105,0,0,0,0,0,0
CONT_s6_throughput_RedBullPlayStreets,1789784624.656,0.1049,141,1,0,4912306.0,0,1
CONT_s6_throughput_RedBullPlayStreets,1789784624.76,0.1049,0,0,0,0,0,0
CONT_s6_throughput_RedBullPlayStreets,1789784624.866,0.1051,0,0,0,0,0,0
CONT_s6_throughput_RedBullPlayStreets,1789784624.97,0.1049,0,0,0,0,0,0
CONT_s6_throughput_RedBullPlayStreets,1789784625.075,0.1049,0,0,0,0,0,0
CONT_s6_throughput_RedBullPlayStreets,1789784625.18,0.1049,0,0,0,0,0,0
CONT_s6_throughput_RedBullPlayStreets,1789784625.285,0.1049,0,0,0,0,0,0
CONT_s6_throughput_RedBullPlayStreets,1789784625.39,0.105,0,0,0,0,0,0
CONT_s6_throughput_RedBullPlayStreets,1789784625.495,0.1049,0,0,0,0,0,0
CONT_s6_throughput_RedBullPlayStreets,1789784625.6,0.1049,0,0,0,0,0,0
CONT_s6_throughput_RedBullPlayStreets,1789784625.705,0.1049,0,0,0,0,0,0
CONT_s6_throughput_RedBullPlayStreets,1789784625.81,0.1052,0,0,0,0,0,0
CONT_s6_throughput_RedBullPlayStreets,1789784625.915,0.105,0,0,0,0,0,0
CONT_s6_throughput_RedBullPlayStreets,1789784626.02,0.1049,0,0,0,0,0,0
CONT_s6_throughput_RedBullPlayStreets,1789784626.125,0.1049,0,0,0,0,0,0
CONT_s6_throughput_RedBullPlayStreets,1789784626.23,0.105,0,0,0,0,0,0
CONT_s6_throughput_RedBullPlayStreets,1789784626.336,0.1066,0,0,0,0,0,0
CONT_s6_throughput_RedBullPlayStreets,1789784626.443,0.107,0,0,0,0,0,0
CONT_s6_throughput_RedBullPlayStreets,1789784626.548,0.1048,0,0,0,0,0,0
CONT_s6_throughput_RedBullPlayStreets,1789784626.653,0.105,141,1,0,4761842.0,0,1
CONT_s6_throughput_RedBullPlayStreets,1789784626.758,0.1049,0,0,0,0,0,0
CONT_s6_throughput_RedBullPlayStreets,1789784626.863,0.1049,80852,70,0,46526007.4,0,2
CONT_s6_throughput_RedBullPlayStreets,1789784626.968,0.1048,0,0,0,0,0,0
CONT_s6_throughput_RedBullPlayStreets,1789784627.073,0.105,0,0,0,0,0,0
CONT_s6_throughput_RedBullPlayStreets,1789784627.178,0.1049,0,0,0,0,0,0
CONT_s6_throughput_RedBullPlayStreets,1789784627.283,0.1049,0,0,0,0,0,0
CONT_s6_throughput_RedBullPlayStreets,1789784627.388,0.1049,0,0,0,0,0,0
CONT_s6_throughput_RedBullPlayStreets,1789784627.492,0.1048,0,0,0,0,0,0
CONT_s6_throughput_RedBullPlayStreets,1789784627.597,0.1049,0,0,0,0,0,0
CONT_s6_throughput_RedBullPlayStreets,1789784627.702,0.1049,0,0,0,0,0,0
CONT_s6_throughput_RedBullPlayStreets,1789784627.807,0.1049,0,0,0,0,0,0
CONT_s6_throughput_RedBullPlayStreets,1789784627.912,0.105,0,0,0,0,0,0
CONT_s6_throughput_RedBullPlayStreets,1789784628.017,0.1053,0,0,0,0,0,0
CONT_s6_throughput_RedBullPlayStreets,1789784628.122,0.1048,0,0,0,0,0,0
CONT_s6_throughput_RedBullPlayStreets,1789784628.228,0.1054,0,0,0,0,0,0
CONT_s6_throughput_RedBullPlayStreets,1789784628.335,0.1077,0,0,0,0,0,0
CONT_s6_throughput_RedBullPlayStreets,1789784628.44,0.105,0,0,0,0,0,0
CONT_s6_throughput_RedBullPlayStreets,1789784628.545,0.1049,0,0,0,0,0,0
CONT_s6_throughput_RedBullPlayStreets,1789784628.65,0.1049,141,1,0,4649475.0,0,1
CONT_s6_throughput_RedBullPlayStreets,1789784628.755,0.1049,0,0,0,0,0,0
CONT_s6_throughput_RedBullPlayStreets,1789784628.86,0.1049,0,0,0,0,0,0
CONT_s6_throughput_RedBullPlayStreets,1789784628.965,0.1049,0,0,0,0,0,0
CONT_s6_throughput_RedBullPlayStreets,1789784629.07,0.105,0,0,0,0,0,0
CONT_s6_throughput_RedBullPlayStreets,1789784629.175,0.1049,0,0,0,0,0,0
CONT_s6_throughput_RedBullPlayStreets,1789784629.28,0.1049,0,0,0,0,0,0
CONT_s6_throughput_RedBullPlayStreets,1789784629.384,0.1049,0,0,0,0,0,0
CONT_s6_throughput_RedBullPlayStreets,1789784629.489,0.1048,0,0,0,0,0,0
CONT_s6_throughput_RedBullPlayStreets,1789784629.594,0.105,0,0,0,0,0,0
CONT_s6_throughput_RedBullPlayStreets,1789784629.699,0.1049,0,0,0,0,0,0
CONT_s6_throughput_RedBullPlayStreets,1789784629.804,0.1049,0,0,0,0,0,0
CONT_s6_throughput_RedBullPlayStreets,1789784629.909,0.105,0,0,0,0,0,0
CONT_s6_throughput_RedBullPlayStreets,1789784630.014,0.1049,0,0,0,0,0,0
CONT_s6_throughput_RedBullPlayStreets,1789784630.119,0.105,0,0,0,0,0,0
CONT_s6_throughput_RedBullPlayStreets,1789784630.224,0.1049,0,0,0,0,0,0
CONT_s6_throughput_RedBullPlayStreets,1789784630.33,0.1061,0,0,0,0,0,0
CONT_s6_throughput_RedBullPlayStreets,1789784630.435,0.105,0,0,0,0,0,0
CONT_s6_throughput_RedBullPlayStreets,1789784630.54,0.1049,0,0,0,0,0,0
CONT_s6_throughput_RedBullPlayStreets,1789784630.645,0.1049,141,1,0,4944495.0,0,1
CONT_s6_throughput_RedBullPlayStreets,1789784630.75,0.1049,0,0,0,0,0,0
CONT_s6_throughput_RedBullPlayStreets,1789784630.854,0.1049,0,0,0,0,0,0
CONT_s6_throughput_RedBullPlayStreets,1789784630.959,0.1049,80457,71,0,69903474.4,0,2
CONT_s6_throughput_RedBullPlayStreets,1789784631.064,0.1047,0,0,0,0,0,0
CONT_s6_throughput_RedBullPlayStreets,1789784631.169,0.105,0,0,0,0,0,0
CONT_s6_throughput_RedBullPlayStreets,1789784631.274,0.105,0,0,0,0,0,0
CONT_s6_throughput_RedBullPlayStreets,1789784631.379,0.1049,0,0,0,0,0,0
CONT_s6_throughput_RedBullPlayStreets,1789784631.484,0.1049,0,0,0,0,0,0
CONT_s6_throughput_RedBullPlayStreets,1789784631.589,0.1049,0,0,0,0,0,0
CONT_s6_throughput_RedBullPlayStreets,1789784631.694,0.105,0,0,0,0,0,0
CONT_s6_throughput_RedBullPlayStreets,1789784631.799,0.105,0,0,0,0,0,0
CONT_s6_throughput_RedBullPlayStreets,1789784631.904,0.105,0,0,0,0,0,0
CONT_s6_throughput_RedBullPlayStreets,1789784632.009,0.1049,0,0,0,0,0,0
CONT_s6_throughput_RedBullPlayStreets,1789784632.113,0.1047,0,0,0,0,0,0
CONT_s6_throughput_RedBullPlayStreets,1789784632.218,0.1049,0,0,0,0,0,0
CONT_s6_throughput_RedBullPlayStreets,1789784632.323,0.1049,0,0,0,0,0,0
CONT_s6_throughput_RedBullPlayStreets,1789784632.428,0.105,0,0,0,0,0,0
CONT_s6_throughput_RedBullPlayStreets,1789784632.533,0.1049,0,0,0,0,0,0
CONT_s6_throughput_RedBullPlayStreets,1789784632.638,0.105,141,1,0,4714110.0,0,1
CONT_s6_throughput_RedBullPlayStreets,1789784632.743,0.105,0,0,0,0,0,0
CONT_s6_throughput_RedBullPlayStreets,1789784632.848,0.1049,0,0,0,0,0,0
CONT_s6_throughput_RedBullPlayStreets,1789784632.954,0.1064,0,0,0,0,0,0
CONT_s6_throughput_RedBullPlayStreets,1789784633.059,0.1051,0,0,0,0,0,0
CONT_s6_throughput_RedBullPlayStreets,1789784633.164,0.1047,0,0,0,0,0,0
CONT_s6_throughput_RedBullPlayStreets,1789784633.27,0.1057,0,0,0,0,0,0
CONT_s6_throughput_RedBullPlayStreets,1789784633.375,0.1048,0,0,0,0,0,0
CONT_s6_throughput_RedBullPlayStreets,1789784633.479,0.1049,0,0,0,0,0,0
CONT_s6_throughput_RedBullPlayStreets,1789784633.585,0.1052,0,0,0,0,0,0
CONT_s6_throughput_RedBullPlayStreets,1789784633.69,0.105,0,0,0,0,0,0
CONT_s6_throughput_RedBullPlayStreets,1789784633.795,0.1049,0,0,0,0,0,0
CONT_s6_throughput_RedBullPlayStreets,1789784633.899,0.1049,0,0,0,0,0,0
CONT_s6_throughput_RedBullPlayStreets,1789784634.004,0.1049,0,0,0,0,0,0
CONT_s6_throughput_RedBullPlayStreets,1789784634.109,0.105,0,0,0,0,0,0
CONT_s6_throughput_RedBullPlayStreets,1789784634.214,0.105,0,0,0,0,0,0
CONT_s6_throughput_RedBullPlayStreets,1789784634.319,0.1049,0,0,0,0,0,0
CONT_s6_throughput_RedBullPlayStreets,1789784634.424,0.105,0,0,0,0,0,0
CONT_s6_throughput_RedBullPlayStreets,1789784634.529,0.1048,0,0,0,0,0,0
CONT_s6_throughput_RedBullPlayStreets,1789784634.634,0.1049,141,1,0,4609169.0,0,1
CONT_s6_throughput_RedBullPlayStreets,1789784634.739,0.1049,0,0,0,0,0,0
CONT_s6_throughput_RedBullPlayStreets,1789784634.844,0.1048,0,0,0,0,0,0
CONT_s6_throughput_RedBullPlayStreets,1789784634.951,0.107,0,0,0,0,0,0
CONT_s6_throughput_RedBullPlayStreets,1789784635.056,0.105,1589109,1288,0,153911.8,0,2
CONT_s6_throughput_RedBullPlayStreets,1789784635.16,0.1048,929,8,0,1157115.9,0,2
CONT_s6_throughput_RedBullPlayStreets,1789784635.265,0.1047,0,0,0,0,0,0
CONT_s6_throughput_RedBullPlayStreets,1789784635.37,0.1052,0,0,0,0,0,0
CONT_s6_throughput_RedBullPlayStreets,1789784635.475,0.1048,0,0,0,0,0,0
CONT_s6_throughput_RedBullPlayStreets,1789784635.58,0.1049,0,0,0,0,0,0
CONT_s6_throughput_RedBullPlayStreets,1789784635.685,0.1049,0,0,0,0,0,0
CONT_s6_throughput_RedBullPlayStreets,1789784635.79,0.1049,0,0,0,0,0,0
CONT_s6_throughput_RedBullPlayStreets,1789784635.895,0.105,0,0,0,0,0,0
CONT_s6_throughput_RedBullPlayStreets,1789784636.0,0.1049,0,0,0,0,0,0
CONT_s6_throughput_RedBullPlayStreets,1789784636.105,0.105,745,5,0,110509889.8,0,2
CONT_s6_throughput_RedBullPlayStreets,1789784636.21,0.1049,0,0,0,0,0,0
CONT_s6_throughput_RedBullPlayStreets,1789784636.315,0.1052,0,0,0,0,0,0
CONT_s6_throughput_RedBullPlayStreets,1789784636.42,0.1048,0,0,0,0,0,0
CONT_s6_throughput_RedBullPlayStreets,1789784636.524,0.1049,0,0,0,0,0,0
CONT_s6_throughput_RedBullPlayStreets,1789784636.629,0.1049,141,1,0,4632442.0,0,1
CONT_s6_throughput_RedBullPlayStreets,1789784636.734,0.1049,0,0,0,0,0,0
CONT_s6_throughput_RedBullPlayStreets,1789784636.839,0.1052,0,0,0,0,0,0
CONT_s6_throughput_RedBullPlayStreets,1789784636.945,0.1052,0,0,0,0,0,0
CONT_s6_throughput_RedBullPlayStreets,1789784637.05,0.1051,0,0,0,0,0,0
CONT_s6_throughput_RedBullPlayStreets,1789784637.154,0.1047,745,5,0,203239586.4,0,2
CONT_s6_throughput_RedBullPlayStreets,1789784637.259,0.105,0,0,0,0,0,0
CONT_s6_throughput_RedBullPlayStreets,1789784637.364,0.1048,0,0,0,0,0,0
CONT_s6_throughput_RedBullPlayStreets,1789784637.469,0.1049,0,0,0,0,0,0
CONT_s6_throughput_RedBullPlayStreets,1789784637.574,0.1049,0,0,0,0,0,0
CONT_s6_throughput_RedBullPlayStreets,1789784637.679,0.1048,79,1,0,212572447.0,0,1
CONT_s6_throughput_RedBullPlayStreets,1789784637.784,0.1048,0,0,0,0,0,0
CONT_s6_throughput_RedBullPlayStreets,1789784637.888,0.1049,0,0,0,0,0,0
CONT_s6_throughput_RedBullPlayStreets,1789784637.993,0.1048,793,5,0,440941.8,0,2
CONT_s6_throughput_RedBullPlayStreets,1789784638.098,0.1051,373948,299,0,444983.1,0,2
CONT_s6_throughput_RedBullPlayStreets,1789784638.203,0.105,52,1,0,5510546.0,0,1
CONT_s6_throughput_RedBullPlayStreets,1789784638.309,0.1052,0,0,0,0,0,0
CONT_s6_throughput_RedBullPlayStreets,1789784638.414,0.1051,104,2,0,15037052.5,0,2
CONT_s6_throughput_RedBullPlayStreets,1789784638.519,0.1055,0,0,0,0,0,0
CONT_s6_throughput_RedBullPlayStreets,1789784638.624,0.1049,141,1,0,4454700.0,0,1
CONT_s6_throughput_RedBullPlayStreets,1789784638.729,0.1052,0,0,0,0,0,0
CONT_s6_throughput_RedBullPlayStreets,1789784638.836,0.1064,135728,104,0,3192334.1,0,2
CONT_s6_throughput_RedBullPlayStreets,1789784638.942,0.1064,0,0,0,0,0,0
CONT_s6_throughput_RedBullPlayStreets,1789784639.047,0.105,616,2,0,25249416.5,0,2
CONT_s6_throughput_RedBullPlayStreets,1789784639.152,0.105,0,0,0,0,0,0
CONT_s6_throughput_RedBullPlayStreets,1789784639.257,0.1049,104,2,0,26857799.0,0,2
CONT_s6_throughput_RedBullPlayStreets,1789784639.362,0.1052,0,0,0,0,0,0
CONT_s6_throughput_RedBullPlayStreets,1789784639.467,0.105,0,0,0,0,0,0
CONT_s6_throughput_RedBullPlayStreets,1789784639.572,0.105,136384,104,0,3361506.8,0,2
CONT_s6_throughput_RedBullPlayStreets,1789784639.677,0.1051,0,0,0,0,0,0
CONT_s6_throughput_RedBullPlayStreets,1789784639.783,0.1052,104,2,0,24753854.5,0,2
CONT_s6_throughput_RedBullPlayStreets,1789784639.888,0.105,0,0,0,0,0,0
CONT_s6_throughput_RedBullPlayStreets,1789784639.993,0.105,0,0,0,0,0,0
CONT_s6_throughput_RedBullPlayStreets,1789784640.098,0.1052,0,0,0,0,0,0
CONT_s6_throughput_RedBullPlayStreets,1789784640.203,0.105,136288,104,0,4269167.6,0,2
CONT_s6_throughput_RedBullPlayStreets,1789784640.308,0.105,52,1,0,33517035.0,0,1
CONT_s6_throughput_RedBullPlayStreets,1789784640.413,0.1053,0,0,0,0,0,0
CONT_s6_throughput_RedBullPlayStreets,1789784640.518,0.105,104,2,0,28115928.5,0,2
CONT_s6_throughput_RedBullPlayStreets,1789784640.623,0.1051,141,1,0,4931858.0,0,1
CONT_s6_throughput_RedBullPlayStreets,1789784640.728,0.1051,0,0,0,0,0,0
CONT_s6_throughput_RedBullPlayStreets,1789784640.835,0.1071,0,0,0,0,0,0
CONT_s6_throughput_RedBullPlayStreets,1789784640.941,0.1059,136480,106,0,4696977.7,0,2
CONT_s6_throughput_RedBullPlayStreets,1789784641.046,0.105,0,0,0,0,0,0
CONT_s6_throughput_RedBullPlayStreets,1789784641.151,0.105,104,2,0,28356582.5,0,2
CONT_s6_throughput_RedBullPlayStreets,1789784641.256,0.1051,0,0,0,0,0,0
CONT_s6_throughput_RedBullPlayStreets,1789784641.361,0.1049,0,0,0,0,0,0
CONT_s6_throughput_RedBullPlayStreets,1789784641.466,0.105,0,0,0,0,0,0
CONT_s6_throughput_RedBullPlayStreets,1789784641.571,0.105,136480,106,0,4787538.7,0,2
CONT_s6_throughput_RedBullPlayStreets,1789784641.676,0.1051,0,0,0,0,0,0
CONT_s6_throughput_RedBullPlayStreets,1789784641.781,0.1049,104,2,0,28559861.0,0,2
CONT_s6_throughput_RedBullPlayStreets,1789784641.886,0.105,0,0,0,0,0,0
CONT_s6_throughput_RedBullPlayStreets,1789784641.991,0.105,0,0,0,0,0,0
CONT_s6_throughput_RedBullPlayStreets,1789784642.096,0.1051,0,0,0,0,0,0
CONT_s6_throughput_RedBullPlayStreets,1789784642.201,0.1051,40,1,0,53522909.0,0,1
CONT_s6_throughput_RedBullPlayStreets,1789784642.306,0.1051,0,0,0,0,0,0
CONT_s6_throughput_RedBullPlayStreets,1789784642.412,0.1052,0,0,0,0,0,0
CONT_s6_throughput_RedBullPlayStreets,1789784642.517,0.105,0,0,0,0,0,0
CONT_s6_throughput_RedBullPlayStreets,1789784642.622,0.1051,0,0,0,0,0,0
CONT_s6_throughput_RedBullPlayStreets,1789784642.727,0.1054,141,1,0,5010346.0,0,1
CONT_s6_throughput_RedBullPlayStreets,1789784642.834,0.1072,0,0,0,0,0,0
CONT_s6_throughput_RedBullPlayStreets,1789784642.941,0.1065,0,0,0,0,0,0
CONT_s6_throughput_RedBullPlayStreets,1789784643.046,0.105,0,0,0,0,0,0
CONT_s6_throughput_RedBullPlayStreets,1789784643.151,0.1051,0,0,0,0,0,0
CONT_s6_throughput_RedBullPlayStreets,1789784643.256,0.105,0,0,0,0,0,0
CONT_s6_throughput_RedBullPlayStreets,1789784643.361,0.105,0,0,0,0,0,0
CONT_s6_throughput_RedBullPlayStreets,1789784643.466,0.105,0,0,0,0,0,0
CONT_s6_throughput_RedBullPlayStreets,1789784643.571,0.1051,0,0,0,0,0,0
CONT_s6_throughput_RedBullPlayStreets,1789784643.676,0.105,0,0,0,0,0,0
CONT_s6_throughput_RedBullPlayStreets,1789784643.781,0.105,0,0,0,0,0,0
CONT_s6_throughput_RedBullPlayStreets,1789784643.886,0.105,0,0,0,0,0,0
CONT_s6_throughput_RedBullPlayStreets,1789784643.991,0.105,0,0,0,0,0,0
CONT_s6_throughput_RedBullPlayStreets,1789784644.096,0.1052,0,0,0,0,0,0
CONT_s6_throughput_RedBullPlayStreets,1789784644.202,0.1052,0,0,0,0,0,0
CONT_s6_throughput_RedBullPlayStreets,1789784644.307,0.1051,0,0,0,0,0,0
CONT_s6_throughput_RedBullPlayStreets,1789784644.412,0.1051,0,0,0,0,0,0
CONT_s6_throughput_RedBullPlayStreets,1789784644.517,0.1051,0,0,0,0,0,0
CONT_s6_throughput_RedBullPlayStreets,1789784644.622,0.1052,0,0,0,0,0,0
CONT_s6_throughput_RedBullPlayStreets,1789784644.727,0.1051,141,1,0,5081955.0,0,1
CONT_s6_throughput_RedBullPlayStreets,1789784644.834,0.1069,0,0,0,0,0,0
CONT_s6_throughput_RedBullPlayStreets,1789784644.939,0.105,0,0,0,0,0,0
CONT_s6_throughput_RedBullPlayStreets,1789784645.044,0.105,0,0,0,0,0,0
CONT_s6_throughput_RedBullPlayStreets,1789784645.149,0.1052,0,0,0,0,0,0
CONT_s6_throughput_RedBullPlayStreets,1789784645.254,0.1052,0,0,0,0,0,0
CONT_s6_throughput_RedBullPlayStreets,1789784645.359,0.105,0,0,0,0,0,0
CONT_s6_throughput_RedBullPlayStreets,1789784645.464,0.1051,0,0,0,0,0,0
CONT_s6_throughput_RedBullPlayStreets,1789784645.569,0.105,0,0,0,0,0,0
CONT_s6_throughput_RedBullPlayStreets,1789784645.675,0.1052,0,0,0,0,0,0
CONT_s6_throughput_RedBullPlayStreets,1789784645.78,0.105,0,0,0,0,0,0
CONT_s6_throughput_RedBullPlayStreets,1789784645.885,0.105,0,0,0,0,0,0
CONT_s6_throughput_RedBullPlayStreets,1789784645.99,0.1051,0,0,0,0,0,0
CONT_s6_throughput_RedBullPlayStreets,1789784646.095,0.105,0,0,0,0,0,0
CONT_s6_throughput_RedBullPlayStreets,1789784646.2,0.1052,0,0,0,0,0,0
CONT_s6_throughput_RedBullPlayStreets,1789784646.305,0.1052,0,0,0,0,0,0
CONT_s6_throughput_RedBullPlayStreets,1789784646.41,0.1052,0,0,0,0,0,0
CONT_s6_throughput_RedBullPlayStreets,1789784646.515,0.1051,0,0,0,0,0,0
CONT_s6_throughput_RedBullPlayStreets,1789784646.62,0.1048,0,0,0,0,0,0
CONT_s6_throughput_RedBullPlayStreets,1789784646.725,0.105,141,1,0,5306149.0,0,1
CONT_s6_throughput_RedBullPlayStreets,1789784646.833,0.1083,0,0,0,0,0,0
CONT_s6_throughput_RedBullPlayStreets,1789784646.939,0.1051,0,0,0,0,0,0
CONT_s6_throughput_RedBullPlayStreets,1789784647.044,0.105,0,0,0,0,0,0
CONT_s6_throughput_RedBullPlayStreets,1789784647.149,0.105,0,0,0,0,0,0
CONT_s6_throughput_RedBullPlayStreets,1789784647.254,0.1052,0,0,0,0,0,0
CONT_s6_throughput_RedBullPlayStreets,1789784647.359,0.105,0,0,0,0,0,0
CONT_s6_throughput_RedBullPlayStreets,1789784647.464,0.1052,0,0,0,0,0,0
CONT_s6_throughput_RedBullPlayStreets,1789784647.569,0.105,0,0,0,0,0,0
CONT_s6_throughput_RedBullPlayStreets,1789784647.674,0.1052,0,0,0,0,0,0
CONT_s6_throughput_RedBullPlayStreets,1789784647.779,0.1052,0,0,0,0,0,0
CONT_s6_throughput_RedBullPlayStreets,1789784647.884,0.105,0,0,0,0,0,0
CONT_s6_throughput_RedBullPlayStreets,1789784647.989,0.1051,0,0,0,0,0,0
CONT_s6_throughput_RedBullPlayStreets,1789784648.094,0.105,0,0,0,0,0,0
CONT_s6_throughput_RedBullPlayStreets,1789784648.2,0.1052,0,0,0,0,0,0
CONT_s6_throughput_RedBullPlayStreets,1789784648.305,0.1051,0,0,0,0,0,0
CONT_s6_throughput_RedBullPlayStreets,1789784648.41,0.1052,0,0,0,0,0,0
CONT_s6_throughput_RedBullPlayStreets,1789784648.515,0.105,0,0,0,0,0,0
CONT_s6_throughput_RedBullPlayStreets,1789784648.62,0.1052,0,0,0,0,0,0
CONT_s6_throughput_RedBullPlayStreets,1789784648.725,0.1051,141,1,0,5502628.0,0,1
CONT_s6_throughput_RedBullPlayStreets,1789784648.832,0.1065,0,0,0,0,0,0
CONT_s6_throughput_RedBullPlayStreets,1789784648.937,0.1051,0,0,0,0,0,0
CONT_s6_throughput_RedBullPlayStreets,1789784649.042,0.105,0,0,0,0,0,0
CONT_s6_throughput_RedBullPlayStreets,1789784649.147,0.1052,0,0,0,0,0,0
CONT_s6_throughput_RedBullPlayStreets,1789784649.252,0.1052,0,0,0,0,0,0
CONT_s6_throughput_RedBullPlayStreets,1789784649.357,0.105,0,0,0,0,0,0
CONT_s6_throughput_RedBullPlayStreets,1789784649.462,0.105,0,0,0,0,0,0
CONT_s6_throughput_RedBullPlayStreets,1789784649.567,0.1052,0,0,0,0,0,0
CONT_s6_throughput_RedBullPlayStreets,1789784649.672,0.1051,0,0,0,0,0,0
CONT_s6_throughput_RedBullPlayStreets,1789784649.777,0.1051,0,0,0,0,0,0
CONT_s6_throughput_RedBullPlayStreets,1789784649.882,0.105,0,0,0,0,0,0
CONT_s6_throughput_RedBullPlayStreets,1789784649.987,0.105,0,0,0,0,0,0
CONT_s6_throughput_RedBullPlayStreets,1789784650.092,0.1051,0,0,0,0,0,0
CONT_s6_throughput_RedBullPlayStreets,1789784650.198,0.1051,0,0,0,0,0,0
CONT_s6_throughput_RedBullPlayStreets,1789784650.303,0.1051,0,0,0,0,0,0
CONT_s6_throughput_RedBullPlayStreets,1789784650.408,0.1052,0,0,0,0,0,0
CONT_s6_throughput_RedBullPlayStreets,1789784650.513,0.1052,0,0,0,0,0,0
CONT_s6_throughput_RedBullPlayStreets,1789784650.618,0.1051,0,0,0,0,0,0
CONT_s6_throughput_RedBullPlayStreets,1789784650.723,0.1051,141,1,0,5632528.0,0,1
CONT_s6_throughput_RedBullPlayStreets,1789784650.831,0.1072,0,0,0,0,0,0
CONT_s6_throughput_RedBullPlayStreets,1789784650.936,0.105,0,0,0,0,0,0
CONT_s6_throughput_RedBullPlayStreets,1789784651.041,0.105,0,0,0,0,0,0
CONT_s6_throughput_RedBullPlayStreets,1789784651.146,0.1051,0,0,0,0,0,0
CONT_s6_throughput_RedBullPlayStreets,1789784651.251,0.1051,0,0,0,0,0,0
CONT_s6_throughput_RedBullPlayStreets,1789784651.356,0.105,0,0,0,0,0,0
CONT_s6_throughput_RedBullPlayStreets,1789784651.461,0.105,0,0,0,0,0,0
CONT_s6_throughput_RedBullPlayStreets,1789784651.566,0.1052,0,0,0,0,0,0
CONT_s6_throughput_RedBullPlayStreets,1789784651.671,0.1051,0,0,0,0,0,0
CONT_s6_throughput_RedBullPlayStreets,1789784651.776,0.1051,0,0,0,0,0,0
CONT_s6_throughput_RedBullPlayStreets,1789784651.881,0.1049,0,0,0,0,0,0
CONT_s6_throughput_RedBullPlayStreets,1789784651.986,0.1051,0,0,0,0,0,0
CONT_s6_throughput_RedBullPlayStreets,1789784652.091,0.105,0,0,0,0,0,0
CONT_s6_throughput_RedBullPlayStreets,1789784652.196,0.1051,0,0,0,0,0,0
CONT_s6_throughput_RedBullPlayStreets,1789784652.301,0.1051,0,0,0,0,0,0
CONT_s6_throughput_RedBullPlayStreets,1789784652.406,0.1051,0,0,0,0,0,0
CONT_s6_throughput_RedBullPlayStreets,1789784652.511,0.105,0,0,0,0,0,0
CONT_s6_throughput_RedBullPlayStreets,1789784652.617,0.1052,0,0,0,0,0,0
CONT_s6_throughput_RedBullPlayStreets,1789784652.722,0.105,141,1,0,5767929.0,0,1
CONT_s6_throughput_RedBullPlayStreets,1789784652.827,0.1055,0,0,0,0,0,0
CONT_s6_throughput_RedBullPlayStreets,1789784652.933,0.106,0,0,0,0,0,0
CONT_s6_throughput_RedBullPlayStreets,1789784653.038,0.105,0,0,0,0,0,0
CONT_s6_throughput_RedBullPlayStreets,1789784653.143,0.1051,0,0,0,0,0,0
CONT_s6_throughput_RedBullPlayStreets,1789784653.248,0.105,0,0,0,0,0,0
CONT_s6_throughput_RedBullPlayStreets,1789784653.353,0.105,0,0,0,0,0,0
CONT_s6_throughput_RedBullPlayStreets,1789784653.458,0.105,0,0,0,0,0,0
CONT_s6_throughput_RedBullPlayStreets,1789784653.564,0.1052,0,0,0,0,0,0
CONT_s6_throughput_RedBullPlayStreets,1789784653.669,0.1051,0,0,0,0,0,0
CONT_s6_throughput_RedBullPlayStreets,1789784653.774,0.105,0,0,0,0,0,0
CONT_s6_throughput_RedBullPlayStreets,1789784653.879,0.1051,0,0,0,0,0,0
CONT_s6_throughput_RedBullPlayStreets,1789784653.984,0.1051,0,0,0,0,0,0
CONT_s6_throughput_RedBullPlayStreets,1789784654.089,0.1051,0,0,0,0,0,0
CONT_s6_throughput_RedBullPlayStreets,1789784654.194,0.1051,0,0,0,0,0,0
CONT_s6_throughput_RedBullPlayStreets,1789784654.299,0.105,0,0,0,0,0,0
CONT_s6_throughput_RedBullPlayStreets,1789784654.404,0.105,0,0,0,0,0,0
CONT_s6_throughput_RedBullPlayStreets,1789784654.509,0.1051,0,0,0,0,0,0
CONT_s6_throughput_RedBullPlayStreets,1789784654.614,0.1052,0,0,0,0,0,0
CONT_s6_throughput_RedBullPlayStreets,1789784654.719,0.1051,141,1,0,5646227.0,0,1
CONT_s6_throughput_RedBullPlayStreets,1789784654.825,0.1051,0,0,0,0,0,0
CONT_s6_throughput_RedBullPlayStreets,1789784654.931,0.1063,0,0,0,0,0,0
CONT_s6_throughput_RedBullPlayStreets,1789784655.036,0.105,0,0,0,0,0,0
CONT_s6_throughput_RedBullPlayStreets,1789784655.141,0.1051,0,0,0,0,0,0
CONT_s6_throughput_RedBullPlayStreets,1789784655.246,0.1051,0,0,0,0,0,0
CONT_s6_throughput_RedBullPlayStreets,1789784655.351,0.105,0,0,0,0,0,0
CONT_s6_throughput_RedBullPlayStreets,1789784655.456,0.105,0,0,0,0,0,0
CONT_s6_throughput_RedBullPlayStreets,1789784655.561,0.105,0,0,0,0,0,0
CONT_s6_throughput_RedBullPlayStreets,1789784655.666,0.1051,0,0,0,0,0,0
CONT_s6_throughput_RedBullPlayStreets,1789784655.771,0.105,0,0,0,0,0,0
CONT_s6_throughput_RedBullPlayStreets,1789784655.876,0.105,0,0,0,0,0,0
CONT_s6_throughput_RedBullPlayStreets,1789784655.981,0.105,0,0,0,0,0,0
CONT_s6_throughput_RedBullPlayStreets,1789784656.086,0.1051,0,0,0,0,0,0
CONT_s6_throughput_RedBullPlayStreets,1789784656.191,0.1052,0,0,0,0,0,0
CONT_s6_throughput_RedBullPlayStreets,1789784656.297,0.1051,0,0,0,0,0,0
CONT_s6_throughput_RedBullPlayStreets,1789784656.402,0.1051,0,0,0,0,0,0
CONT_s6_throughput_RedBullPlayStreets,1789784656.507,0.105,0,0,0,0,0,0
CONT_s6_throughput_RedBullPlayStreets,1789784656.612,0.105,0,0,0,0,0,0
CONT_s6_throughput_RedBullPlayStreets,1789784656.717,0.1051,141,1,0,5452606.0,0,1
CONT_s6_throughput_RedBullPlayStreets,1789784656.822,0.105,0,0,0,0,0,0
CONT_s6_throughput_RedBullPlayStreets,1789784656.927,0.1051,0,0,0,0,0,0
CONT_s6_throughput_RedBullPlayStreets,1789784657.032,0.105,0,0,0,0,0,0
CONT_s6_throughput_RedBullPlayStreets,1789784657.137,0.1051,0,0,0,0,0,0
CONT_s6_throughput_RedBullPlayStreets,1789784657.242,0.1051,0,0,0,0,0,0
CONT_s6_throughput_RedBullPlayStreets,1789784657.347,0.1053,0,0,0,0,0,0
CONT_s6_throughput_RedBullPlayStreets,1789784657.454,0.1066,0,0,0,0,0,0
CONT_s6_throughput_RedBullPlayStreets,1789784657.559,0.1051,0,0,0,0,0,0
CONT_s6_throughput_RedBullPlayStreets,1789784657.664,0.1051,0,0,0,0,0,0
CONT_s6_throughput_RedBullPlayStreets,1789784657.769,0.105,0,0,0,0,0,0
