run_id,t_epoch,dt,delta_bytes,delta_packets,delta_reorder,jitter_ns,rtt_ns,active_flows
CONT_s3_dynamic_RedBullPlayStreets,1789798904.7,0.1001,0,0,0,0,0,0
CONT_s3_dynamic_RedBullPlayStreets,1789798904.801,0.1013,0,0,0,0,0,0
CONT_s3_dynamic_RedBullPlayStreets,1789798904.903,0.1015,0,0,0,0,0,0
CONT_s3_dynamic_RedBullPlayStreets,1789798905.004,0.1016,0,0,0,0,0,0
CONT_s3_dynamic_RedBullPlayStreets,1789798905.106,0.1015,0,0,0,0,0,0
CONT_s3_dynamic_RedBullPlayStreets,1789798905.207,0.1015,0,0,0,0,0,0
CONT_s3_dynamic_RedBullPlayStreets,1789798905.309,0.1014,0,0,0,0,0,0
CONT_s3_dynamic_RedBullPlayStreets,1789798905.41,0.1015,0,0,0,0,0,0
CONT_s3_dynamic_RedBullPlayStreets,1789798905.512,0.1017,0,0,0,0,0,0
CONT_s3_dynamic_RedBullPlayStreets,1789798905.613,0.1014,141,1,0,0.0,0,1
CONT_s3_dynamic_RedBullPlayStreets,1789798905.715,0.1016,0,0,0,0,0,0
CONT_s3_dynamic_RedBullPlayStreets,1789798905.816,0.1015,0,0,0,0,0,0
CONT_s3_dynamic_RedBullPlayStreets,1789798905.918,0.1017,0,0,0,0,0,0
CONT_s3_dynamic_RedBullPlayStreets,1789798906.02,0.1017,0,0,0,0,0,0
CONT_s3_dynamic_RedBullPlayStreets,1789798906.121,0.1015,0,0,0,0,0,0
CONT_s3_dynamic_RedBullPlayStreets,1789798906.223,0.1014,0,0,0,0,0,0
CONT_s3_dynamic_RedBullPlayStreets,1789798906.324,0.1014,0,0,0,0,0,0
CONT_s3_dynamic_RedBullPlayStreets,1789798906.426,0.1016,0,0,0,0,0,0
CONT_s3_dynamic_RedBullPlayStreets,1789798906.527,0.1016,0,0,0,0,0,0
CONT_s3_dynamic_RedBullPlayStreets,1789798906.629,0.1014,0,0,0,0,0,0
CONT_s3_dynamic_RedBullPlayStreets,1789798906.73,0.1014,0,0,0,0,0,0
CONT_s3_dynamic_RedBullPlayStreets,1789798906.833,0.1023,0,0,0,0,0,0
CONT_s3_dynamic_RedBullPlayStreets,1789798906.934,0.1017,0,0,0,0,0,0
CONT_s3_dynamic_RedBullPlayStreets,1789798907.036,0.1017,0,0,0,0,0,0
CONT_s3_dynamic_RedBullPlayStreets,1789798907.137,0.1015,0,0,0,0,0,0
CONT_s3_dynamic_RedBullPlayStreets,1789798907.239,0.1015,0,0,0,0,0,0
CONT_s3_dynamic_RedBullPlayStreets,1789798907.341,0.1016,0,0,0,0,0,0
CONT_s3_dynamic_RedBullPlayStreets,1789798907.444,0.1034,0,0,0,0,0,0
CONT_s3_dynamic_RedBullPlayStreets,1789798907.546,0.1017,0,0,0,0,0,0
CONT_s3_dynamic_RedBullPlayStreets,1789798907.647,0.1015,141,1,0,0.0,0,1
CONT_s3_dynamic_RedBullPlayStreets,1789798907.749,0.1015,0,0,0,0,0,0
CONT_s3_dynamic_RedBullPlayStreets,1789798907.85,0.1017,0,0,0,0,0,0
CONT_s3_dynamic_RedBullPlayStreets,1789798907.952,0.102,0,0,0,0,0,0
CONT_s3_dynamic_RedBullPlayStreets,1789798908.054,0.1016,0,0,0,0,0,0
CONT_s3_dynamic_RedBullPlayStreets,1789798908.155,0.1015,0,0,0,0,0,0
CONT_s3_dynamic_RedBullPlayStreets,1789798908.257,0.1015,0,0,0,0,0,0
CONT_s3_dynamic_RedBullPlayStreets,1789798908.359,0.1017,0,0,0,0,0,0
CONT_s3_dynamic_RedBullPlayStreets,1789798908.46,0.1016,0,0,0,0,0,0
CONT_s3_dynamic_RedBullPlayStreets,1789798908.562,0.1015,0,0,0,0,0,0
CONT_s3_dynamic_RedBullPlayStreets,1789798908.663,0.1015,0,0,0,0,0,0
CONT_s3_dynamic_RedBullPlayStreets,1789798908.765,0.1015,0,0,0,0,0,0
CONT_s3_dynamic_RedBullPlayStreets,1789798908.867,0.1017,0,0,0,0,0,0
CONT_s3_dynamic_RedBullPlayStreets,1789798908.968,0.1016,0,0,0,0,0,0
CONT_s3_dynamic_RedBullPlayStreets,1789798909.07,0.1014,0,0,0,0,0,0
CONT_s3_dynamic_RedBullPlayStreets,1789798909.171,0.1015,0,0,0,0,0,0
CONT_s3_dynamic_RedBullPlayStreets,1789798909.273,0.1015,0,0,0,0,0,0
CONT_s3_dynamic_RedBullPlayStreets,1789798909.374,0.1017,0,0,0,0,0,0
CONT_s3_dynamic_RedBullPlayStreets,1789798909.476,0.1016,0,0,0,0,0,0
CONT_s3_dynamic_RedBullPlayStreets,1789798909.577,0.1015,0,0,0,0,0,0
CONT_s3_dynamic_RedBullPlayStreets,1789798909.679,0.1015,141,1,0,84675.0,0,1
CONT_s3_dynamic_RedBullPlayStreets,1789798909.78,0.1015,0,0,0,0,0,0
CONT_s3_dynamic_RedBullPlayStreets,1789798909.882,0.1017,0,0,0,0,0,0
CONT_s3_dynamic_RedBullPlayStreets,1789798909.984,0.1017,0,0,0,0,0,0
CONT_s3_dynamic_RedBullPlayStreets,1789798910.085,0.1015,0,0,0,0,0,0
CONT_s3_dynamic_RedBullPlayStreets,1789798910.187,0.1015,0,0,0,0,0,0
CONT_s3_dynamic_RedBullPlayStreets,1789798910.288,0.1015,0,0,0,0,0,0
CONT_s3_dynamic_RedBullPlayStreets,1789798910.39,0.1017,0,0,0,0,0,0
CONT_s3_dynamic_RedBullPlayStreets,1789798910.492,0.1017,0,0,0,0,0,0
CONT_s3_dynamic_RedBullPlayStreets,1789798910.593,0.1015,0,0,0,0,0,0
CONT_s3_dynamic_RedBullPlayStreets,1789798910.695,0.1015,0,0,0,0,0,0
CONT_s3_dynamic_RedBullPlayStreets,1789798910.796,0.1015,0,0,0,0,0,0
CONT_s3_dynamic_RedBullPlayStreets,1789798910.898,0.1017,0,0,0,0,0,0
CONT_s3_dynamic_RedBullPlayStreets,1789798911.0,0.1017,0,0,0,0,0,0
CONT_s3_dynamic_RedBullPlayStreets,1789798911.101,0.1014,0,0,0,0,0,0
CONT_s3_dynamic_RedBullPlayStreets,1789798911.202,0.1015,0,0,0,0,0,0
CONT_s3_dynamic_RedBullPlayStreets,1789798911.304,0.1015,0,0,0,0,0,0
CONT_s3_dynamic_RedBullPlayStreets,1789798911.406,0.1016,0,0,0,0,0,0
CONT_s3_dynamic_RedBullPlayStreets,1789798911.507,0.1017,0,0,0,0,0,0
CONT_s3_dynamic_RedBullPlayStreets,1789798911.609,0.1015,0,0,0,0,0,0
CONT_s3_dynamic_RedBullPlayStreets,1789798911.71,0.1015,141,1,0,163800.0,0,1
CONT_s3_dynamic_RedBullPlayStreets,1789798911.812,0.1015,0,0,0,0,0,0
CONT_s3_dynamic_RedBullPlayStreets,1789798911.913,0.1017,0,0,0,0,0,0
CONT_s3_dynamic_RedBullPlayStreets,1789798912.015,0.1016,0,0,0,0,0,0
CONT_s3_dynamic_RedBullPlayStreets,1789798912.116,0.1015,0,0,0,0,0,0
CONT_s3_dynamic_RedBullPlayStreets,1789798912.218,0.1015,0,0,0,0,0,0
CONT_s3_dynamic_RedBullPlayStreets,1789798912.319,0.1015,0,0,0,0,0,0
CONT_s3_dynamic_RedBullPlayStreets,1789798912.421,0.1017,0,0,0,0,0,0
CONT_s3_dynamic_RedBullPlayStreets,1789798912.523,0.1016,0,0,0,0,0,0
CONT_s3_dynamic_RedBullPlayStreets,1789798912.624,0.1014,0,0,0,0,0,0
CONT_s3_dynamic_RedBullPlayStreets,1789798912.726,0.1015,0,0,0,0,0,0
CONT_s3_dynamic_RedBullPlayStreets,1789798912.829,0.1035,0,0,0,0,0,0
CONT_s3_dynamic_RedBullPlayStreets,1789798912.931,0.1017,0,0,0,0,0,0
CONT_s3_dynamic_RedBullPlayStreets,1789798913.032,0.1017,0,0,0,0,0,0
CONT_s3_dynamic_RedBullPlayStreets,1789798913.134,0.1014,0,0,0,0,0,0
CONT_s3_dynamic_RedBullPlayStreets,1789798913.235,0.1015,0,0,0,0,0,0
CONT_s3_dynamic_RedBullPlayStreets,1789798913.337,0.1017,0,0,0,0,0,0
CONT_s3_dynamic_RedBullPlayStreets,1789798913.44,0.1029,0,0,0,0,0,0
CONT_s3_dynamic_RedBullPlayStreets,1789798913.542,0.1017,0,0,0,0,0,0
CONT_s3_dynamic_RedBullPlayStreets,1789798913.643,0.1015,0,0,0,0,0,0
CONT_s3_dynamic_RedBullPlayStreets,1789798913.745,0.1016,141,1,0,310995.0,0,1
CONT_s3_dynamic_RedBullPlayStreets,1789798913.846,0.1017,0,0,0,0,0,0
CONT_s3_dynamic_RedBullPlayStreets,1789798913.949,0.1028,0,0,0,0,0,0
CONT_s3_dynamic_RedBullPlayStreets,1789798914.051,0.1015,0,0,0,0,0,0
CONT_s3_dynamic_RedBullPlayStreets,1789798914.152,0.1015,0,0,0,0,0,0
CONT_s3_dynamic_RedBullPlayStreets,1789798914.254,0.1015,0,0,0,0,0,0
CONT_s3_dynamic_RedBullPlayStreets,1789798914.355,0.1016,0,0,0,0,0,0
CONT_s3_dynamic_RedBullPlayStreets,1789798914.457,0.1016,0,0,0,0,0,0
CONT_s3_dynamic_RedBullPlayStreets,1789798914.558,0.1015,0,0,0,0,0,0
CONT_s3_dynamic_RedBullPlayStreets,1789798914.66,0.1015,0,0,0,0,0,0
CONT_s3_dynamic_RedBullPlayStreets,1789798914.761,0.1015,0,0,0,0,0,0
CONT_s3_dynamic_RedBullPlayStreets,1789798914.863,0.102,0,0,0,0,0,0
CONT_s3_dynamic_RedBullPlayStreets,1789798914.965,0.1016,0,0,0,0,0,0
CONT_s3_dynamic_RedBullPlayStreets,1789798915.067,0.1016,0,0,0,0,0,0
CONT_s3_dynamic_RedBullPlayStreets,1789798915.168,0.1015,0,0,0,0,0,0
CONT_s3_dynamic_RedBullPlayStreets,1789798915.27,0.1015,0,0,0,0,0,0
CONT_s3_dynamic_RedBullPlayStreets,1789798915.371,0.1017,0,0,0,0,0,0
CONT_s3_dynamic_RedBullPlayStreets,1789798915.473,0.1017,0,0,0,0,0,0
CONT_s3_dynamic_RedBullPlayStreets,1789798915.575,0.1015,0,0,0,0,0,0
CONT_s3_dynamic_RedBullPlayStreets,1789798915.676,0.1015,141,1,0,886434.0,0,1
CONT_s3_dynamic_RedBullPlayStreets,1789798915.777,0.1015,0,0,0,0,0,0
CONT_s3_dynamic_RedBullPlayStreets,1789798915.879,0.1016,0,0,0,0,0,0
CONT_s3_dynamic_RedBullPlayStreets,1789798915.981,0.1017,0,0,0,0,0,0
CONT_s3_dynamic_RedBullPlayStreets,1789798916.082,0.1015,0,0,0,0,0,0
CONT_s3_dynamic_RedBullPlayStreets,1789798916.184,0.1015,0,0,0,0,0,0
CONT_s3_dynamic_RedBullPlayStreets,1789798916.285,0.1015,0,0,0,0,0,0
CONT_s3_dynamic_RedBullPlayStreets,1789798916.387,0.1018,0,0,0,0,0,0
CONT_s3_dynamic_RedBullPlayStreets,1789798916.489,0.1017,0,0,0,0,0,0
CONT_s3_dynamic_RedBullPlayStreets,1789798916.59,0.1014,0,0,0,0,0,0
CONT_s3_dynamic_RedBullPlayStreets,1789798916.692,0.1015,0,0,0,0,0,0
CONT_s3_dynamic_RedBullPlayStreets,1789798916.793,0.1015,0,0,0,0,0,0
CONT_s3_dynamic_RedBullPlayStreets,1789798916.895,0.1017,0,0,0,0,0,0
CONT_s3_dynamic_RedBullPlayStreets,1789798916.996,0.1017,0,0,0,0,0,0
CONT_s3_dynamic_RedBullPlayStreets,1789798917.098,0.1015,0,0,0,0,0,0
CONT_s3_dynamic_RedBullPlayStreets,1789798917.199,0.1015,0,0,0,0,0,0
CONT_s3_dynamic_RedBullPlayStreets,1789798917.301,0.1015,0,0,0,0,0,0
CONT_s3_dynamic_RedBullPlayStreets,1789798917.402,0.1016,0,0,0,0,0,0
CONT_s3_dynamic_RedBullPlayStreets,1789798917.504,0.1017,0,0,0,0,0,0
CONT_s3_dynamic_RedBullPlayStreets,1789798917.606,0.1014,0,0,0,0,0,0
CONT_s3_dynamic_RedBullPlayStreets,1789798917.707,0.1015,141,1,0,1325015.0,0,1
CONT_s3_dynamic_RedBullPlayStreets,1789798917.809,0.1015,0,0,0,0,0,0
CONT_s3_dynamic_RedBullPlayStreets,1789798917.91,0.1016,0,0,0,0,0,0
CONT_s3_dynamic_RedBullPlayStreets,1789798918.012,0.1016,0,0,0,0,0,0
CONT_s3_dynamic_RedBullPlayStreets,1789798918.113,0.1015,0,0,0,0,0,0
CONT_s3_dynamic_RedBullPlayStreets,1789798918.215,0.1015,0,0,0,0,0,0
CONT_s3_dynamic_RedBullPlayStreets,1789798918.316,0.1015,0,0,0,0,0,0
CONT_s3_dynamic_RedBullPlayStreets,1789798918.418,0.1017,0,0,0,0,0,0
CONT_s3_dynamic_RedBullPlayStreets,1789798918.52,0.1016,0,0,0,0,0,0
CONT_s3_dynamic_RedBullPlayStreets,1789798918.621,0.1016,0,0,0,0,0,0
CONT_s3_dynamic_RedBullPlayStreets,1789798918.723,0.1015,0,0,0,0,0,0
CONT_s3_dynamic_RedBullPlayStreets,1789798918.824,0.1015,0,0,0,0,0,0
CONT_s3_dynamic_RedBullPlayStreets,1789798918.926,0.1017,0,0,0,0,0,0
CONT_s3_dynamic_RedBullPlayStreets,1789798919.027,0.1016,0,0,0,0,0,0
CONT_s3_dynamic_RedBullPlayStreets,1789798919.129,0.1015,0,0,0,0,0,0
CONT_s3_dynamic_RedBullPlayStreets,1789798919.23,0.1015,0,0,0,0,0,0
CONT_s3_dynamic_RedBullPlayStreets,1789798919.332,0.1017,0,0,0,0,0,0
CONT_s3_dynamic_RedBullPlayStreets,1789798919.434,0.1016,0,0,0,0,0,0
CONT_s3_dynamic_RedBullPlayStreets,1789798919.535,0.1017,0,0,0,0,0,0
CONT_s3_dynamic_RedBullPlayStreets,1789798919.637,0.1015,0,0,0,0,0,0
CONT_s3_dynamic_RedBullPlayStreets,1789798919.738,0.1015,141,1,0,1757857.0,0,1
CONT_s3_dynamic_RedBullPlayStreets,1789798919.84,0.1017,0,0,0,0,0,0
CONT_s3_dynamic_RedBullPlayStreets,1789798919.943,0.1031,0,0,0,0,0,0
CONT_s3_dynamic_RedBullPlayStreets,1789798920.045,0.1017,0,0,0,0,0,0
CONT_s3_dynamic_RedBullPlayStreets,1789798920.146,0.1015,0,0,0,0,0,0
CONT_s3_dynamic_RedBullPlayStreets,1789798920.248,0.1015,0,0,0,0,0,0
CONT_s3_dynamic_RedBullPlayStreets,1789798920.349,0.1017,0,0,0,0,0,0
CONT_s3_dynamic_RedBullPlayStreets,1789798920.453,0.1034,0,0,0,0,0,0
CONT_s3_dynamic_RedBullPlayStreets,1789798920.554,0.1015,0,0,0,0,0,0
CONT_s3_dynamic_RedBullPlayStreets,1789798920.656,0.1015,0,0,0,0,0,0
CONT_s3_dynamic_RedBullPlayStreets,1789798920.757,0.1015,0,0,0,0,0,0
CONT_s3_dynamic_RedBullPlayStreets,1789798920.859,0.1017,0,0,0,0,0,0
CONT_s3_dynamic_RedBullPlayStreets,1789798920.961,0.102,0,0,0,0,0,0
CONT_s3_dynamic_RedBullPlayStreets,1789798921.063,0.1015,0,0,0,0,0,0
CONT_s3_dynamic_RedBullPlayStreets,1789798921.164,0.1015,0,0,0,0,0,0
CONT_s3_dynamic_RedBullPlayStreets,1789798921.266,0.1015,0,0,0,0,0,0
CONT_s3_dynamic_RedBullPlayStreets,1789798921.367,0.1019,0,0,0,0,0,0
CONT_s3_dynamic_RedBullPlayStreets,1789798921.469,0.1019,0,0,0,0,0,0
CONT_s3_dynamic_RedBullPlayStreets,1789798921.571,0.1016,0,0,0,0,0,0
CONT_s3_dynamic_RedBullPlayStreets,1789798921.672,0.1015,0,0,0,0,0,0
CONT_s3_dynamic_RedBullPlayStreets,1789798921.774,0.1015,141,1,0,1702043.0,0,1
CONT_s3_dynamic_RedBullPlayStreets,1789798921.876,0.1017,0,0,0,0,0,0
CONT_s3_dynamic_RedBullPlayStreets,1789798921.977,0.1018,0,0,0,0,0,0
CONT_s3_dynamic_RedBullPlayStreets,1789798922.079,0.1015,0,0,0,0,0,0
CONT_s3_dynamic_RedBullPlayStreets,1789798922.18,0.1016,0,0,0,0,0,0
CONT_s3_dynamic_RedBullPlayStreets,1789798922.282,0.1016,0,0,0,0,0,0
CONT_s3_dynamic_RedBullPlayStreets,1789798922.384,0.1017,0,0,0,0,0,0
CONT_s3_dynamic_RedBullPlayStreets,1789798922.485,0.1017,0,0,0,0,0,0
CONT_s3_dynamic_RedBullPlayStreets,1789798922.587,0.1015,0,0,0,0,0,0
CONT_s3_dynamic_RedBullPlayStreets,1789798922.688,0.1015,0,0,0,0,0,0
CONT_s3_dynamic_RedBullPlayStreets,1789798922.79,0.1015,0,0,0,0,0,0
CONT_s3_dynamic_RedBullPlayStreets,1789798922.891,0.1017,0,0,0,0,0,0
CONT_s3_dynamic_RedBullPlayStreets,1789798922.993,0.1016,0,0,0,0,0,0
CONT_s3_dynamic_RedBullPlayStreets,1789798923.095,0.1015,0,0,0,0,0,0
CONT_s3_dynamic_RedBullPlayStreets,1789798923.196,0.1014,0,0,0,0,0,0
CONT_s3_dynamic_RedBullPlayStreets,1789798923.297,0.1015,0,0,0,0,0,0
CONT_s3_dynamic_RedBullPlayStreets,1789798923.399,0.1017,0,0,0,0,0,0
CONT_s3_dynamic_RedBullPlayStreets,1789798923.501,0.1016,0,0,0,0,0,0
CONT_s3_dynamic_RedBullPlayStreets,1789798923.602,0.1015,0,0,0,0,0,0
CONT_s3_dynamic_RedBullPlayStreets,1789798923.704,0.1015,141,1,0,1667899.0,0,1
CONT_s3_dynamic_RedBullPlayStreets,1789798923.805,0.1016,0,0,0,0,0,0
CONT_s3_dynamic_RedBullPlayStreets,1789798923.907,0.1016,0,0,0,0,0,0
CONT_s3_dynamic_RedBullPlayStreets,1789798924.008,0.1016,0,0,0,0,0,0
CONT_s3_dynamic_RedBullPlayStreets,1789798924.11,0.1014,0,0,0,0,0,0
CONT_s3_dynamic_RedBullPlayStreets,1789798924.211,0.1015,0,0,0,0,0,0
CONT_s3_dynamic_RedBullPlayStreets,1789798924.313,0.1015,0,0,0,0,0,0
CONT_s3_dynamic_RedBullPlayStreets,1789798924.415,0.1017,0,0,0,0,0,0
CONT_s3_dynamic_RedBullPlayStreets,1789798924.516,0.1016,0,0,0,0,0,0
CONT_s3_dynamic_RedBullPlayStreets,1789798924.618,0.1014,0,0,0,0,0,0
CONT_s3_dynamic_RedBullPlayStreets,1789798924.719,0.1014,0,0,0,0,0,0
CONT_s3_dynamic_RedBullPlayStreets,1789798924.82,0.1014,0,0,0,0,0,0
CONT_s3_dynamic_RedBullPlayStreets,1789798924.922,0.1017,0,0,0,0,0,0
CONT_s3_dynamic_RedBullPlayStreets,1789798925.024,0.102,0,0,0,0,0,0
CONT_s3_dynamic_RedBullPlayStreets,1789798925.126,0.1017,0,0,0,0,0,0
CONT_s3_dynamic_RedBullPlayStreets,1789798925.228,0.102,0,0,0,0,0,0
CONT_s3_dynamic_RedBullPlayStreets,1789798925.331,0.1037,0,0,0,0,0,0
CONT_s3_dynamic_RedBullPlayStreets,1789798925.433,0.1019,0,0,0,0,0,0
CONT_s3_dynamic_RedBullPlayStreets,1789798925.535,0.1017,0,0,0,0,0,0
CONT_s3_dynamic_RedBullPlayStreets,1789798925.637,0.1016,0,0,0,0,0,0
CONT_s3_dynamic_RedBullPlayStreets,1789798925.738,0.1015,141,1,0,1640622.0,0,1
CONT_s3_dynamic_RedBullPlayStreets,1789798925.84,0.1018,0,0,0,0,0,0
CONT_s3_dynamic_RedBullPlayStreets,1789798925.943,0.1029,0,0,0,0,0,0
CONT_s3_dynamic_RedBullPlayStreets,1789798926.044,0.1017,0,0,0,0,0,0
CONT_s3_dynamic_RedBullPlayStreets,1789798926.146,0.1014,0,0,0,0,0,0
CONT_s3_dynamic_RedBullPlayStreets,1789798926.247,0.1014,0,0,0,0,0,0
CONT_s3_dynamic_RedBullPlayStreets,1789798926.349,0.102,0,0,0,0,0,0
CONT_s3_dynamic_RedBullPlayStreets,1789798926.452,0.1027,0,0,0,0,0,0
CONT_s3_dynamic_RedBullPlayStreets,1789798926.554,0.1015,0,0,0,0,0,0
CONT_s3_dynamic_RedBullPlayStreets,1789798926.655,0.1015,0,0,0,0,0,0
CONT_s3_dynamic_RedBullPlayStreets,1789798926.756,0.1014,0,0,0,0,0,0
CONT_s3_dynamic_RedBullPlayStreets,1789798926.858,0.1017,0,0,0,0,0,0
CONT_s3_dynamic_RedBullPlayStreets,1789798926.96,0.1016,0,0,0,0,0,0
CONT_s3_dynamic_RedBullPlayStreets,1789798927.061,0.1014,0,0,0,0,0,0
CONT_s3_dynamic_RedBullPlayStreets,1789798927.163,0.1014,0,0,0,0,0,0
CONT_s3_dynamic_RedBullPlayStreets,1789798927.264,0.1015,0,0,0,0,0,0
CONT_s3_dynamic_RedBullPlayStreets,1789798927.366,0.1016,0,0,0,0,0,0
CONT_s3_dynamic_RedBullPlayStreets,1789798927.467,0.1016,0,0,0,0,0,0
CONT_s3_dynamic_RedBullPlayStreets,1789798927.569,0.1014,0,0,0,0,0,0
CONT_s3_dynamic_RedBullPlayStreets,1789798927.67,0.1015,0,0,0,0,0,0
CONT_s3_dynamic_RedBullPlayStreets,1789798927.772,0.1015,141,1,0,1862018.0,0,1
CONT_s3_dynamic_RedBullPlayStreets,1789798927.873,0.1017,0,0,0,0,0,0
CONT_s3_dynamic_RedBullPlayStreets,1789798927.975,0.1017,0,0,0,0,0,0
CONT_s3_dynamic_RedBullPlayStreets,1789798928.076,0.1014,0,0,0,0,0,0
CONT_s3_dynamic_RedBullPlayStreets,1789798928.178,0.1015,0,0,0,0,0,0
CONT_s3_dynamic_RedBullPlayStreets,1789798928.28,0.1016,0,0,0,0,0,0
CONT_s3_dynamic_RedBullPlayStreets,1789798928.381,0.1017,0,0,0,0,0,0
CONT_s3_dynamic_RedBullPlayStreets,1789798928.483,0.1017,0,0,0,0,0,0
CONT_s3_dynamic_RedBullPlayStreets,1789798928.584,0.1015,0,0,0,0,0,0
CONT_s3_dynamic_RedBullPlayStreets,1789798928.686,0.1015,0,0,0,0,0,0
CONT_s3_dynamic_RedBullPlayStreets,1789798928.788,0.1015,0,0,0,0,0,0
CONT_s3_dynamic_RedBullPlayStreets,1789798928.889,0.1016,0,0,0,0,0,0
CONT_s3_dynamic_RedBullPlayStreets,1789798928.991,0.1017,0,0,0,0,0,0
CONT_s3_dynamic_RedBullPlayStreets,1789798929.092,0.1015,0,0,0,0,0,0
CONT_s3_dynamic_RedBullPlayStreets,1789798929.194,0.1014,0,0,0,0,0,0
CONT_s3_dynamic_RedBullPlayStreets,1789798929.295,0.1015,0,0,0,0,0,0
CONT_s3_dynamic_RedBullPlayStreets,1789798929.397,0.1016,0,0,0,0,0,0
CONT_s3_dynamic_RedBullPlayStreets,1789798929.499,0.1017,0,0,0,0,0,0
CONT_s3_dynamic_RedBullPlayStreets,1789798929.6,0.1014,0,0,0,0,0,0
CONT_s3_dynamic_RedBullPlayStreets,1789798929.702,0.1015,0,0,0,0,0,0
CONT_s3_dynamic_RedBullPlayStreets,1789798929.803,0.1015,141,1,0,2292979.0,0,1
CONT_s3_dynamic_RedBullPlayStreets,1789798929.905,0.1017,0,0,0,0,0,0
CONT_s3_dynamic_RedBullPlayStreets,1789798930.006,0.1016,0,0,0,0,0,0
CONT_s3_dynamic_RedBullPlayStreets,1789798930.108,0.1014,0,0,0,0,0,0
CONT_s3_dynamic_RedBullPlayStreets,1789798930.209,0.1015,0,0,0,0,0,0
CONT_s3_dynamic_RedBullPlayStreets,1789798930.311,0.1016,0,0,0,0,0,0
CONT_s3_dynamic_RedBullPlayStreets,1789798930.412,0.1016,0,0,0,0,0,0
CONT_s3_dynamic_RedBullPlayStreets,1789798930.514,0.1016,0,0,0,0,0,0
CONT_s3_dynamic_RedBullPlayStreets,1789798930.615,0.1014,0,0,0,0,0,0
CONT_s3_dynamic_RedBullPlayStreets,1789798930.717,0.1015,0,0,0,0,0,0
CONT_s3_dynamic_RedBullPlayStreets,1789798930.818,0.1015,0,0,0,0,0,0
CONT_s3_dynamic_RedBullPlayStreets,1789798930.92,0.1017,0,0,0,0,0,0
CONT_s3_dynamic_RedBullPlayStreets,1789798931.022,0.1017,0,0,0,0,0,0
CONT_s3_dynamic_RedBullPlayStreets,1789798931.123,0.1015,0,0,0,0,0,0
CONT_s3_dynamic_RedBullPlayStreets,1789798931.225,0.1015,0,0,0,0,0,0
CONT_s3_dynamic_RedBullPlayStreets,1789798931.326,0.1015,0,0,0,0,0,0
CONT_s3_dynamic_RedBullPlayStreets,1789798931.428,0.1017,0,0,0,0,0,0
CONT_s3_dynamic_RedBullPlayStreets,1789798931.53,0.1016,0,0,0,0,0,0
CONT_s3_dynamic_RedBullPlayStreets,1789798931.631,0.1015,0,0,0,0,0,0
CONT_s3_dynamic_RedBullPlayStreets,1789798931.733,0.1014,141,1,0,2940034.0,0,1
CONT_s3_dynamic_RedBullPlayStreets,1789798931.835,0.1021,0,0,0,0,0,0
CONT_s3_dynamic_RedBullPlayStreets,1789798931.937,0.1024,0,0,0,0,0,0
CONT_s3_dynamic_RedBullPlayStreets,1789798932.039,0.1017,0,0,0,0,0,0
CONT_s3_dynamic_RedBullPlayStreets,1789798932.14,0.1016,0,0,0,0,0,0
CONT_s3_dynamic_RedBullPlayStreets,1789798932.242,0.1016,0,0,0,0,0,0
CONT_s3_dynamic_RedBullPlayStreets,1789798932.344,0.1016,0,0,0,0,0,0
CONT_s3_dynamic_RedBullPlayStreets,1789798932.446,0.1029,0,0,0,0,0,0
CONT_s3_dynamic_RedBullPlayStreets,1789798932.548,0.1016,0,0,0,0,0,0
CONT_s3_dynamic_RedBullPlayStreets,1789798932.65,0.1016,0,0,0,0,0,0
CONT_s3_dynamic_RedBullPlayStreets,1789798932.751,0.1015,0,0,0,0,0,0
CONT_s3_dynamic_RedBullPlayStreets,1789798932.853,0.1016,0,0,0,0,0,0
CONT_s3_dynamic_RedBullPlayStreets,1789798932.954,0.1017,0,0,0,0,0,0
CONT_s3_dynamic_RedBullPlayStreets,1789798933.056,0.1015,0,0,0,0,0,0
CONT_s3_dynamic_RedBullPlayStreets,1789798933.157,0.1015,0,0,0,0,0,0
CONT_s3_dynamic_RedBullPlayStreets,1789798933.259,0.1015,0,0,0,0,0,0
CONT_s3_dynamic_RedBullPlayStreets,1789798933.361,0.1016,0,0,0,0,0,0
CONT_s3_dynamic_RedBullPlayStreets,1789798933.462,0.1017,0,0,0,0,0,0
CONT_s3_dynamic_RedBullPlayStreets,1789798933.564,0.1015,0,0,0,0,0,0
CONT_s3_dynamic_RedBullPlayStreets,1789798933.665,0.1015,0,0,0,0,0,0
CONT_s3_dynamic_RedBullPlayStreets,1789798933.767,0.1015,141,1,0,3179948.0,0,1
CONT_s3_dynamic_RedBullPlayStreets,1789798933.868,0.1017,0,0,0,0,0,0
CONT_s3_dynamic_RedBullPlayStreets,1789798933.97,0.1017,0,0,0,0,0,0
CONT_s3_dynamic_RedBullPlayStreets,1789798934.072,0.1015,0,0,0,0,0,0
CONT_s3_dynamic_RedBullPlayStreets,1789798934.173,0.1015,0,0,0,0,0,0
CONT_s3_dynamic_RedBullPlayStreets,1789798934.278,0.1052,0,0,0,0,0,0
CONT_s3_dynamic_RedBullPlayStreets,1789798934.38,0.1016,0,0,0,0,0,0
CONT_s3_dynamic_RedBullPlayStreets,1789798934.482,0.1017,0,0,0,0,0,0
CONT_s3_dynamic_RedBullPlayStreets,1789798934.583,0.1015,0,0,0,0,0,0
CONT_s3_dynamic_RedBullPlayStreets,1789798934.685,0.1015,0,0,0,0,0,0
CONT_s3_dynamic_RedBullPlayStreets,1789798934.786,0.1015,0,0,0,0,0,0
CONT_s3_dynamic_RedBullPlayStreets,1789798934.888,0.1016,0,0,0,0,0,0
CONT_s3_dynamic_RedBullPlayStreets,1789798934.989,0.1016,0,0,0,0,0,0
CONT_s3_dynamic_RedBullPlayStreets,1789798935.091,0.1015,0,0,0,0,0,0
CONT_s3_dynamic_RedBullPlayStreets,1789798935.193,0.1018,0,0,0,0,0,0
CONT_s3_dynamic_RedBullPlayStreets,1789798935.294,0.1016,0,0,0,0,0,0
CONT_s3_dynamic_RedBullPlayStreets,1789798935.396,0.1017,0,0,0,0,0,0
CONT_s3_dynamic_RedBullPlayStreets,1789798935.497,0.1017,0,0,0,0,0,0
CONT_s3_dynamic_RedBullPlayStreets,1789798935.599,0.1015,0,0,0,0,0,0
CONT_s3_dynamic_RedBullPlayStreets,1789798935.7,0.1015,0,0,0,0,0,0
CONT_s3_dynamic_RedBullPlayStreets,1789798935.802,0.1015,141,1,0,3319168.0,0,1
CONT_s3_dynamic_RedBullPlayStreets,1789798935.904,0.1017,0,0,0,0,0,0
CONT_s3_dynamic_RedBullPlayStreets,1789798936.005,0.1016,0,0,0,0,0,0
CONT_s3_dynamic_RedBullPlayStreets,1789798936.107,0.1015,0,0,0,0,0,0
CONT_s3_dynamic_RedBullPlayStreets,1789798936.208,0.1015,0,0,0,0,0,0
CONT_s3_dynamic_RedBullPlayStreets,1789798936.31,0.1015,0,0,0,0,0,0
CONT_s3_dynamic_RedBullPlayStreets,1789798936.411,0.1017,0,0,0,0,0,0
CONT_s3_dynamic_RedBullPlayStreets,1789798936.513,0.1017,0,0,0,0,0,0
CONT_s3_dynamic_RedBullPlayStreets,1789798936.615,0.1016,0,0,0,0,0,0
CONT_s3_dynamic_RedBullPlayStreets,1789798936.716,0.1015,0,0,0,0,0,0
CONT_s3_dynamic_RedBullPlayStreets,1789798936.818,0.1015,0,0,0,0,0,0
CONT_s3_dynamic_RedBullPlayStreets,1789798936.919,0.1017,0,0,0,0,0,0
CONT_s3_dynamic_RedBullPlayStreets,1789798937.021,0.1016,0,0,0,0,0,0
CONT_s3_dynamic_RedBullPlayStreets,1789798937.122,0.1014,0,0,0,0,0,0
CONT_s3_dynamic_RedBullPlayStreets,1789798937.224,0.1015,0,0,0,0,0,0
CONT_s3_dynamic_RedBullPlayStreets,1789798937.325,0.1015,0,0,0,0,0,0
CONT_s3_dynamic_RedBullPlayStreets,1789798937.427,0.1017,0,0,0,0,0,0
CONT_s3_dynamic_RedBullPlayStreets,1789798937.529,0.1016,0,0,0,0,0,0
CONT_s3_dynamic_RedBullPlayStreets,1789798937.63,0.1014,0,0,0,0,0,0
CONT_s3_dynamic_RedBullPlayStreets,1789798937.732,0.1017,0,0,0,0,0,0
CONT_s3_dynamic_RedBullPlayStreets,1789798937.834,0.1018,141,1,0,3265965.0,0,1
CONT_s3_dynamic_RedBullPlayStreets,1789798937.937,0.1032,0,0,0,0,0,0
CONT_s3_dynamic_RedBullPlayStreets,1789798938.038,0.1017,0,0,0,0,0,0
CONT_s3_dynamic_RedBullPlayStreets,1789798938.14,0.1015,0,0,0,0,0,0
CONT_s3_dynamic_RedBullPlayStreets,1789798938.241,0.1015,0,0,0,0,0,0
CONT_s3_dynamic_RedBullPlayStreets,1789798938.343,0.1017,0,0,0,0,0,0
CONT_s3_dynamic_RedBullPlayStreets,1789798938.446,0.1032,0,0,0,0,0,0
CONT_s3_dynamic_RedBullPlayStreets,1789798938.548,0.1015,0,0,0,0,0,0
CONT_s3_dynamic_RedBullPlayStreets,1789798938.649,0.1015,0,0,0,0,0,0
CONT_s3_dynamic_RedBullPlayStreets,1789798938.751,0.1015,0,0,0,0,0,0
CONT_s3_dynamic_RedBullPlayStreets,1789798938.853,0.1016,0,0,0,0,0,0
CONT_s3_dynamic_RedBullPlayStreets,1789798938.954,0.1016,0,0,0,0,0,0
CONT_s3_dynamic_RedBullPlayStreets,1789798939.056,0.1015,0,0,0,0,0,0
CONT_s3_dynamic_RedBullPlayStreets,1789798939.157,0.1015,0,0,0,0,0,0
CONT_s3_dynamic_RedBullPlayStreets,1789798939.259,0.1015,0,0,0,0,0,0
CONT_s3_dynamic_RedBullPlayStreets,1789798939.36,0.1016,0,0,0,0,0,0
CONT_s3_dynamic_RedBullPlayStreets,1789798939.462,0.1016,0,0,0,0,0,0
CONT_s3_dynamic_RedBullPlayStreets,1789798939.563,0.1016,0,0,0,0,0,0
CONT_s3_dynamic_RedBullPlayStreets,1789798939.665,0.1015,0,0,0,0,0,0
CONT_s3_dynamic_RedBullPlayStreets,1789798939.766,0.1014,141,1,0,3275943.0,0,1
CONT_s3_dynamic_RedBullPlayStreets,1789798939.868,0.1016,0,0,0,0,0,0
CONT_s3_dynamic_RedBullPlayStreets,1789798939.97,0.1016,0,0,0,0,0,0
CONT_s3_dynamic_RedBullPlayStreets,1789798940.071,0.1014,0,0,0,0,0,0
CONT_s3_dynamic_RedBullPlayStreets,1789798940.173,0.1015,0,0,0,0,0,0
CONT_s3_dynamic_RedBullPlayStreets,1789798940.274,0.1014,0,0,0,0,0,0
CONT_s3_dynamic_RedBullPlayStreets,1789798940.376,0.1017,0,0,0,0,0,0
CONT_s3_dynamic_RedBullPlayStreets,1789798940.477,0.1016,0,0,0,0,0,0
CONT_s3_dynamic_RedBullPlayStreets,1789798940.579,0.1015,0,0,0,0,0,0
CONT_s3_dynamic_RedBullPlayStreets,1789798940.68,0.1015,0,0,0,0,0,0
CONT_s3_dynamic_RedBullPlayStreets,1789798940.782,0.1015,0,0,0,0,0,0
CONT_s3_dynamic_RedBullPlayStreets,1789798940.883,0.1017,0,0,0,0,0,0
CONT_s3_dynamic_RedBullPlayStreets,1789798940.985,0.1016,0,0,0,0,0,0
CONT_s3_dynamic_RedBullPlayStreets,1789798941.086,0.1014,0,0,0,0,0,0
CONT_s3_dynamic_RedBullPlayStreets,1789798941.188,0.1015,0,0,0,0,0,0
CONT_s3_dynamic_RedBullPlayStreets,1789798941.289,0.1015,0,0,0,0,0,0
CONT_s3_dynamic_RedBullPlayStreets,1789798941.391,0.1017,0,0,0,0,0,0
CONT_s3_dynamic_RedBullPlayStreets,1789798941.493,0.1016,0,0,0,0,0,0
CONT_s3_dynamic_RedBullPlayStreets,1789798941.594,0.1014,0,0,0,0,0,0
CONT_s3_dynamic_RedBullPlayStreets,1789798941.695,0.1015,0,0,0,0,0,0
CONT_s3_dynamic_RedBullPlayStreets,1789798941.797,0.1015,141,1,0,3412140.0,0,1
CONT_s3_dynamic_RedBullPlayStreets,1789798941.899,0.1017,0,0,0,0,0,0
CONT_s3_dynamic_RedBullPlayStreets,1789798942.0,0.1016,0,0,0,0,0,0
CONT_s3_dynamic_RedBullPlayStreets,1789798942.103,0.1022,0,0,0,0,0,0
CONT_s3_dynamic_RedBullPlayStreets,1789798942.204,0.1017,0,0,0,0,0,0
CONT_s3_dynamic_RedBullPlayStreets,1789798942.306,0.1015,0,0,0,0,0,0
CONT_s3_dynamic_RedBullPlayStreets,1789798942.407,0.1017,0,0,0,0,0,0
CONT_s3_dynamic_RedBullPlayStreets,1789798942.509,0.1017,0,0,0,0,0,0
CONT_s3_dynamic_RedBullPlayStreets,1789798942.611,0.1015,0,0,0,0,0,0
CONT_s3_dynamic_RedBullPlayStreets,1789798942.712,0.1015,0,0,0,0,0,0
CONT_s3_dynamic_RedBullPlayStreets,1789798942.814,0.1015,0,0,0,0,0,0
CONT_s3_dynamic_RedBullPlayStreets,1789798942.915,0.1017,0,0,0,0,0,0
CONT_s3_dynamic_RedBullPlayStreets,1789798943.017,0.1017,0,0,0,0,0,0
CONT_s3_dynamic_RedBullPlayStreets,1789798943.118,0.1015,0,0,0,0,0,0
CONT_s3_dynamic_RedBullPlayStreets,1789798943.22,0.1015,0,0,0,0,0,0
CONT_s3_dynamic_RedBullPlayStreets,1789798943.321,0.1015,0,0,0,0,0,0
CONT_s3_dynamic_RedBullPlayStreets,1789798943.423,0.1017,0,0,0,0,0,0
CONT_s3_dynamic_RedBullPlayStreets,1789798943.525,0.1017,0,0,0,0,0,0
CONT_s3_dynamic_RedBullPlayStreets,1789798943.626,0.1015,0,0,0,0,0,0
CONT_s3_dynamic_RedBullPlayStreets,1789798943.728,0.1019,0,0,0,0,0,0
CONT_s3_dynamic_RedBullPlayStreets,1789798943.831,0.1031,141,1,0,3924270.0,0,1
CONT_s3_dynamic_RedBullPlayStreets,1789798943.933,0.1016,0,0,0,0,0,0
CONT_s3_dynamic_RedBullPlayStreets,1789798944.034,0.1016,0,0,0,0,0,0
CONT_s3_dynamic_RedBullPlayStreets,1789798944.136,0.1014,0,0,0,0,0,0
CONT_s3_dynamic_RedBullPlayStreets,1789798944.237,0.1016,0,0,0,0,0,0
CONT_s3_dynamic_RedBullPlayStreets,1789798944.339,0.1017,0,0,0,0,0,0
CONT_s3_dynamic_RedBullPlayStreets,1789798944.442,0.1034,0,0,0,0,0,0
CONT_s3_dynamic_RedBullPlayStreets,1789798944.544,0.1017,0,0,0,0,0,0
CONT_s3_dynamic_RedBullPlayStreets,1789798944.646,0.1016,0,0,0,0,0,0
CONT_s3_dynamic_RedBullPlayStreets,1789798944.747,0.1015,0,0,0,0,0,0
CONT_s3_dynamic_RedBullPlayStreets,1789798944.849,0.1017,0,0,0,0,0,0
CONT_s3_dynamic_RedBullPlayStreets,1789798944.952,0.1029,0,0,0,0,0,0
CONT_s3_dynamic_RedBullPlayStreets,1789798945.053,0.1016,0,0,0,0,0,0
CONT_s3_dynamic_RedBullPlayStreets,1789798945.155,0.1015,0,0,0,0,0,0
CONT_s3_dynamic_RedBullPlayStreets,1789798945.256,0.1016,0,0,0,0,0,0
CONT_s3_dynamic_RedBullPlayStreets,1789798945.358,0.102,0,0,0,0,0,0
CONT_s3_dynamic_RedBullPlayStreets,1789798945.46,0.1017,0,0,0,0,0,0
CONT_s3_dynamic_RedBullPlayStreets,1789798945.562,0.1016,0,0,0,0,0,0
CONT_s3_dynamic_RedBullPlayStreets,1789798945.663,0.1015,0,0,0,0,0,0
CONT_s3_dynamic_RedBullPlayStreets,1789798945.765,0.1017,0,0,0,0,0,0
CONT_s3_dynamic_RedBullPlayStreets,1789798945.867,0.1017,141,1,0,3872572.0,0,1
CONT_s3_dynamic_RedBullPlayStreets,1789798945.968,0.1017,0,0,0,0,0,0
CONT_s3_dynamic_RedBullPlayStreets,1789798946.07,0.1015,0,0,0,0,0,0
CONT_s3_dynamic_RedBullPlayStreets,1789798946.171,0.1015,0,0,0,0,0,0
CONT_s3_dynamic_RedBullPlayStreets,1789798946.273,0.1015,0,0,0,0,0,0
CONT_s3_dynamic_RedBullPlayStreets,1789798946.375,0.1017,0,0,0,0,0,0
CONT_s3_dynamic_RedBullPlayStreets,1789798946.476,0.1017,0,0,0,0,0,0
CONT_s3_dynamic_RedBullPlayStreets,1789798946.578,0.1015,0,0,0,0,0,0
CONT_s3_dynamic_RedBullPlayStreets,1789798946.679,0.1015,0,0,0,0,0,0
CONT_s3_dynamic_RedBullPlayStreets,1789798946.781,0.1015,0,0,0,0,0,0
CONT_s3_dynamic_RedBullPlayStreets,1789798946.882,0.1017,0,0,0,0,0,0
CONT_s3_dynamic_RedBullPlayStreets,1789798946.984,0.1017,0,0,0,0,0,0
CONT_s3_dynamic_RedBullPlayStreets,1789798947.085,0.1014,0,0,0,0,0,0
CONT_s3_dynamic_RedBullPlayStreets,1789798947.187,0.1015,0,0,0,0,0,0
CONT_s3_dynamic_RedBullPlayStreets,1789798947.288,0.1014,0,0,0,0,0,0
CONT_s3_dynamic_RedBullPlayStreets,1789798947.39,0.1016,0,0,0,0,0,0
CONT_s3_dynamic_RedBullPlayStreets,1789798947.491,0.1016,0,0,0,0,0,0
CONT_s3_dynamic_RedBullPlayStreets,1789798947.593,0.1014,0,0,0,0,0,0
CONT_s3_dynamic_RedBullPlayStreets,1789798947.694,0.1014,0,0,0,0,0,0
CONT_s3_dynamic_RedBullPlayStreets,1789798947.796,0.1014,141,1,0,3701867.0,0,1
CONT_s3_dynamic_RedBullPlayStreets,1789798947.898,0.1018,0,0,0,0,0,0
CONT_s3_dynamic_RedBullPlayStreets,1789798947.999,0.1016,0,0,0,0,0,0
CONT_s3_dynamic_RedBullPlayStreets,1789798948.101,0.1014,0,0,0,0,0,0
CONT_s3_dynamic_RedBullPlayStreets,1789798948.202,0.1015,0,0,0,0,0,0
CONT_s3_dynamic_RedBullPlayStreets,1789798948.304,0.1014,0,0,0,0,0,0
CONT_s3_dynamic_RedBullPlayStreets,1789798948.405,0.1017,0,0,0,0,0,0
CONT_s3_dynamic_RedBullPlayStreets,1789798948.507,0.1016,0,0,0,0,0,0
CONT_s3_dynamic_RedBullPlayStreets,1789798948.608,0.1014,0,0,0,0,0,0
CONT_s3_dynamic_RedBullPlayStreets,1789798948.71,0.1014,0,0,0,0,0,0
CONT_s3_dynamic_RedBullPlayStreets,1789798948.811,0.1016,0,0,0,0,0,0
CONT_s3_dynamic_RedBullPlayStreets,1789798948.913,0.1018,0,0,0,0,0,0
CONT_s3_dynamic_RedBullPlayStreets,1789798949.015,0.1016,0,0,0,0,0,0
CONT_s3_dynamic_RedBullPlayStreets,1789798949.116,0.1014,0,0,0,0,0,0
CONT_s3_dynamic_RedBullPlayStreets,1789798949.218,0.1015,0,0,0,0,0,0
CONT_s3_dynamic_RedBullPlayStreets,1789798949.319,0.1015,0,0,0,0,0,0
CONT_s3_dynamic_RedBullPlayStreets,1789798949.421,0.1016,0,0,0,0,0,0
CONT_s3_dynamic_RedBullPlayStreets,1789798949.522,0.1016,0,0,0,0,0,0
CONT_s3_dynamic_RedBullPlayStreets,1789798949.624,0.1014,0,0,0,0,0,0
CONT_s3_dynamic_RedBullPlayStreets,1789798949.725,0.1014,0,0,0,0,0,0
CONT_s3_dynamic_RedBullPlayStreets,1789798949.828,0.1023,141,1,0,3661843.0,0,1
CONT_s3_dynamic_RedBullPlayStreets,1789798949.929,0.1018,0,0,0,0,0,0
CONT_s3_dynamic_RedBullPlayStreets,1789798950.031,0.1016,0,0,0,0,0,0
CONT_s3_dynamic_RedBullPlayStreets,1789798950.133,0.1015,0,0,0,0,0,0
CONT_s3_dynamic_RedBullPlayStreets,1789798950.234,0.1015,0,0,0,0,0,0
CONT_s3_dynamic_RedBullPlayStreets,1789798950.336,0.1016,0,0,0,0,0,0
CONT_s3_dynamic_RedBullPlayStreets,1789798950.437,0.1017,0,0,0,0,0,0
CONT_s3_dynamic_RedBullPlayStreets,1789798950.539,0.1017,0,0,0,0,0,0
CONT_s3_dynamic_RedBullPlayStreets,1789798950.64,0.1015,0,0,0,0,0,0
CONT_s3_dynamic_RedBullPlayStreets,1789798950.743,0.1021,0,0,0,0,0,0
CONT_s3_dynamic_RedBullPlayStreets,1789798950.848,0.1051,0,0,0,0,0,0
CONT_s3_dynamic_RedBullPlayStreets,1789798950.949,0.1016,0,0,0,0,0,0
CONT_s3_dynamic_RedBullPlayStreets,1789798951.051,0.1015,0,0,0,0,0,0
CONT_s3_dynamic_RedBullPlayStreets,1789798951.152,0.1014,0,0,0,0,0,0
CONT_s3_dynamic_RedBullPlayStreets,1789798951.254,0.1014,0,0,0,0,0,0
CONT_s3_dynamic_RedBullPlayStreets,1789798951.355,0.1016,0,0,0,0,0,0
CONT_s3_dynamic_RedBullPlayStreets,1789798951.457,0.1016,0,0,0,0,0,0
CONT_s3_dynamic_RedBullPlayStreets,1789798951.558,0.1015,0,0,0,0,0,0
CONT_s3_dynamic_RedBullPlayStreets,1789798951.66,0.1015,0,0,0,0,0,0
CONT_s3_dynamic_RedBullPlayStreets,1789798951.761,0.1015,0,0,0,0,0,0
CONT_s3_dynamic_RedBullPlayStreets,1789798951.863,0.1016,141,1,0,3461940.0,0,1
CONT_s3_dynamic_RedBullPlayStreets,1789798951.965,0.1017,0,0,0,0,0,0
CONT_s3_dynamic_RedBullPlayStreets,1789798952.066,0.1015,0,0,0,0,0,0
CONT_s3_dynamic_RedBullPlayStreets,1789798952.168,0.1015,0,0,0,0,0,0
CONT_s3_dynamic_RedBullPlayStreets,1789798952.269,0.1015,0,0,0,0,0,0
CONT_s3_dynamic_RedBullPlayStreets,1789798952.371,0.1016,0,0,0,0,0,0
CONT_s3_dynamic_RedBullPlayStreets,1789798952.472,0.1017,0,0,0,0,0,0
CONT_s3_dynamic_RedBullPlayStreets,1789798952.574,0.1018,0,0,0,0,0,0
CONT_s3_dynamic_RedBullPlayStreets,1789798952.676,0.1019,0,0,0,0,0,0
CONT_s3_dynamic_RedBullPlayStreets,1789798952.778,0.1015,0,0,0,0,0,0
CONT_s3_dynamic_RedBullPlayStreets,1789798952.879,0.1016,0,0,0,0,0,0
CONT_s3_dynamic_RedBullPlayStreets,1789798952.981,0.1016,0,0,0,0,0,0
CONT_s3_dynamic_RedBullPlayStreets,1789798953.083,0.1017,0,0,0,0,0,0
CONT_s3_dynamic_RedBullPlayStreets,1789798953.184,0.1016,0,0,0,0,0,0
CONT_s3_dynamic_RedBullPlayStreets,1789798953.286,0.1015,0,0,0,0,0,0
CONT_s3_dynamic_RedBullPlayStreets,1789798953.387,0.1015,0,0,0,0,0,0
CONT_s3_dynamic_RedBullPlayStreets,1789798953.489,0.1017,0,0,0,0,0,0
CONT_s3_dynamic_RedBullPlayStreets,1789798953.59,0.1015,0,0,0,0,0,0
CONT_s3_dynamic_RedBullPlayStreets,1789798953.692,0.1015,793,5,0,697743.6,0,2
CONT_s3_dynamic_RedBullPlayStreets,1789798953.793,0.1016,17961,33,0,1141649.6,0,4
CONT_s3_dynamic_RedBullPlayStreets,1789798953.895,0.102,201,2,0,1632875.5,0,2
CONT_s3_dynamic_RedBullPlayStreets,1789798953.997,0.102,0,0,0,0,0,0
CONT_s3_dynamic_RedBullPlayStreets,1789798954.099,0.1019,0,0,0,0,0,0
CONT_s3_dynamic_RedBullPlayStreets,1789798954.201,0.102,18400,17,0,26778492.4,0,4
CONT_s3_dynamic_RedBullPlayStreets,1789798954.303,0.1021,0,0,0,0,0,0
CONT_s3_dynamic_RedBullPlayStreets,1789798954.405,0.1021,7552,6,0,40471674.2,0,2
CONT_s3_dynamic_RedBullPlayStreets,1789798954.508,0.1021,0,0,0,0,0,0
CONT_s3_dynamic_RedBullPlayStreets,1789798954.609,0.1019,7604,7,0,40424716.0,0,3
CONT_s3_dynamic_RedBullPlayStreets,1789798954.712,0.102,3052,3,0,51410823.3,0,2
CONT_s3_dynamic_RedBullPlayStreets,1789798954.813,0.102,0,0,0,0,0,0
CONT_s3_dynamic_RedBullPlayStreets,1789798954.916,0.1021,6052,5,0,55282111.8,0,2
CONT_s3_dynamic_RedBullPlayStreets,1789798955.018,0.1021,4552,4,0,57474691.5,0,2
CONT_s3_dynamic_RedBullPlayStreets,1789798955.12,0.102,0,0,0,0,0,0
CONT_s3_dynamic_RedBullPlayStreets,1789798955.222,0.102,7552,6,0,60664856.8,0,2
CONT_s3_dynamic_RedBullPlayStreets,1789798955.324,0.1022,0,0,0,0,0,0
CONT_s3_dynamic_RedBullPlayStreets,1789798955.426,0.1022,9052,7,0,56126378.3,0,3
CONT_s3_dynamic_RedBullPlayStreets,1789798955.529,0.1024,52,1,0,91891296.0,0,1
CONT_s3_dynamic_RedBullPlayStreets,1789798955.63,0.1019,7552,6,0,66256849.2,0,2
CONT_s3_dynamic_RedBullPlayStreets,1789798955.732,0.102,1438,2,0,103106002.5,0,2
CONT_s3_dynamic_RedBullPlayStreets,1789798955.835,0.1024,4693,5,0,55452623.8,0,3
CONT_s3_dynamic_RedBullPlayStreets,1789798955.937,0.1022,4552,4,0,68245159.0,0,2
CONT_s3_dynamic_RedBullPlayStreets,1789798956.039,0.1022,3862,5,0,101524895.4,0,2
CONT_s3_dynamic_RedBullPlayStreets,1789798956.141,0.102,0,0,0,0,0,0
CONT_s3_dynamic_RedBullPlayStreets,1789798956.243,0.1021,6052,5,0,78303042.8,0,2
CONT_s3_dynamic_RedBullPlayStreets,1789798956.345,0.1021,6052,5,0,76673471.6,0,2
CONT_s3_dynamic_RedBullPlayStreets,1789798956.449,0.1033,978,2,0,126147846.0,0,2
CONT_s3_dynamic_RedBullPlayStreets,1789798956.551,0.1021,0,0,0,0,0,0
CONT_s3_dynamic_RedBullPlayStreets,1789798956.653,0.102,7552,6,0,76793769.8,0,2
CONT_s3_dynamic_RedBullPlayStreets,1789798956.755,0.1021,0,0,0,0,0,0
CONT_s3_dynamic_RedBullPlayStreets,1789798956.857,0.1021,7552,6,0,73972580.3,0,2
CONT_s3_dynamic_RedBullPlayStreets,1789798956.959,0.1021,0,0,0,0,0,0
CONT_s3_dynamic_RedBullPlayStreets,1789798957.061,0.102,7552,6,0,71602363.3,0,2
CONT_s3_dynamic_RedBullPlayStreets,1789798957.163,0.102,2556,2,0,0.0,0,1
CONT_s3_dynamic_RedBullPlayStreets,1789798957.265,0.1021,7552,6,0,69760060.3,0,2
CONT_s3_dynamic_RedBullPlayStreets,1789798957.368,0.1022,41,1,0,193809631.0,0,1
CONT_s3_dynamic_RedBullPlayStreets,1789798957.47,0.1022,9051,10,0,42760129.4,0,4
CONT_s3_dynamic_RedBullPlayStreets,1789798957.572,0.1021,0,0,0,0,0,0
CONT_s3_dynamic_RedBullPlayStreets,1789798957.674,0.1022,7616,7,0,78922029.6,0,3
CONT_s3_dynamic_RedBullPlayStreets,1789798957.776,0.1022,0,0,0,0,0,0
CONT_s3_dynamic_RedBullPlayStreets,1789798957.879,0.1022,9628,10,0,54612286.2,0,5
CONT_s3_dynamic_RedBullPlayStreets,1789798957.981,0.1023,0,0,0,0,0,0
CONT_s3_dynamic_RedBullPlayStreets,1789798958.083,0.1022,7552,6,0,70975559.7,0,2
CONT_s3_dynamic_RedBullPlayStreets,1789798958.185,0.1022,0,0,0,0,0,0
CONT_s3_dynamic_RedBullPlayStreets,1789798958.288,0.1022,7552,6,0,69343511.2,0,2
CONT_s3_dynamic_RedBullPlayStreets,1789798958.39,0.1023,673,5,0,64547897.0,0,2
CONT_s3_dynamic_RedBullPlayStreets,1789798958.492,0.1023,0,0,0,0,0,0
CONT_s3_dynamic_RedBullPlayStreets,1789798958.594,0.1022,7552,6,0,69211840.8,0,2
CONT_s3_dynamic_RedBullPlayStreets,1789798958.697,0.1022,41,1,0,201335766.0,0,1
CONT_s3_dynamic_RedBullPlayStreets,1789798958.799,0.1022,7552,6,0,67786013.3,0,2
CONT_s3_dynamic_RedBullPlayStreets,1789798958.901,0.1024,0,0,0,0,0,0
CONT_s3_dynamic_RedBullPlayStreets,1789798959.003,0.1023,9381,11,0,96923132.1,0,5
CONT_s3_dynamic_RedBullPlayStreets,1789798959.106,0.1022,0,0,0,0,0,0
CONT_s3_dynamic_RedBullPlayStreets,1789798959.208,0.1022,7552,6,0,69699184.3,0,2
CONT_s3_dynamic_RedBullPlayStreets,1789798959.31,0.1023,0,0,0,0,0,0
CONT_s3_dynamic_RedBullPlayStreets,1789798959.412,0.1023,8922,8,0,89623224.8,0,4
CONT_s3_dynamic_RedBullPlayStreets,1789798959.515,0.1024,0,0,0,0,0,0
CONT_s3_dynamic_RedBullPlayStreets,1789798959.617,0.1022,6052,5,0,69175102.2,0,2
CONT_s3_dynamic_RedBullPlayStreets,1789798959.719,0.1022,3052,3,0,65284544.7,0,2
CONT_s3_dynamic_RedBullPlayStreets,1789798959.821,0.1022,4552,4,0,67867290.8,0,2
CONT_s3_dynamic_RedBullPlayStreets,1789798959.924,0.1023,3193,4,0,49453064.5,0,3
CONT_s3_dynamic_RedBullPlayStreets,1789798960.026,0.1023,4593,5,0,92286349.4,0,3
CONT_s3_dynamic_RedBullPlayStreets,1789798960.128,0.1022,0,0,0,0,0,0
CONT_s3_dynamic_RedBullPlayStreets,1789798960.231,0.1022,6116,6,0,77786920.7,0,3
CONT_s3_dynamic_RedBullPlayStreets,1789798960.333,0.1027,4552,4,0,66698156.0,0,2
CONT_s3_dynamic_RedBullPlayStreets,1789798960.436,0.1023,4552,4,0,65970231.5,0,2
CONT_s3_dynamic_RedBullPlayStreets,1789798960.538,0.1022,0,0,0,0,0,0
CONT_s3_dynamic_RedBullPlayStreets,1789798960.64,0.1023,7552,6,0,68177369.8,0,2
CONT_s3_dynamic_RedBullPlayStreets,1789798960.742,0.1022,4552,4,0,66074145.2,0,2
CONT_s3_dynamic_RedBullPlayStreets,1789798960.845,0.1024,0,0,0,0,0,0
CONT_s3_dynamic_RedBullPlayStreets,1789798960.948,0.1036,7748,9,0,178445678.8,0,4
CONT_s3_dynamic_RedBullPlayStreets,1789798961.05,0.1022,4552,4,0,71716885.2,0,2
CONT_s3_dynamic_RedBullPlayStreets,1789798961.153,0.1022,0,0,0,0,0,0
CONT_s3_dynamic_RedBullPlayStreets,1789798961.255,0.1024,7695,11,0,178868833.7,0,5
CONT_s3_dynamic_RedBullPlayStreets,1789798961.357,0.1022,0,0,0,0,0,0
CONT_s3_dynamic_RedBullPlayStreets,1789798961.46,0.1023,6168,7,0,106036897.7,0,4
CONT_s3_dynamic_RedBullPlayStreets,1789798961.562,0.1021,3340,6,0,159691731.7,0,4
CONT_s3_dynamic_RedBullPlayStreets,1789798961.664,0.1022,4868,8,0,209436569.2,0,4
CONT_s3_dynamic_RedBullPlayStreets,1789798961.766,0.1022,4552,4,0,87034309.5,0,2
CONT_s3_dynamic_RedBullPlayStreets,1789798961.868,0.1024,4748,6,0,92554418.8,0,4
CONT_s3_dynamic_RedBullPlayStreets,1789798961.971,0.1023,1577,3,0,230436058.0,0,2
CONT_s3_dynamic_RedBullPlayStreets,1789798962.073,0.1022,4552,4,0,84670636.0,0,2
CONT_s3_dynamic_RedBullPlayStreets,1789798962.175,0.1021,4843,7,0,141545071.6,0,4
CONT_s3_dynamic_RedBullPlayStreets,1789798962.277,0.1021,4362,6,0,192332336.0,0,2
CONT_s3_dynamic_RedBullPlayStreets,1789798962.38,0.1024,2909,4,0,170195855.5,0,2
CONT_s3_dynamic_RedBullPlayStreets,1789798962.482,0.1024,4552,4,0,97594266.0,0,2
CONT_s3_dynamic_RedBullPlayStreets,1789798962.584,0.1021,4552,4,0,95039652.8,0,2
CONT_s3_dynamic_RedBullPlayStreets,1789798962.686,0.1022,2912,4,0,180834421.5,0,2
CONT_s3_dynamic_RedBullPlayStreets,1789798962.789,0.1023,2916,4,0,161033120.0,0,2
CONT_s3_dynamic_RedBullPlayStreets,1789798962.891,0.1024,4552,4,0,104675620.8,0,2
CONT_s3_dynamic_RedBullPlayStreets,1789798962.993,0.1024,3052,3,0,100983443.0,0,2
CONT_s3_dynamic_RedBullPlayStreets,1789798963.096,0.1021,5769,7,0,160207848.3,0,2
CONT_s3_dynamic_RedBullPlayStreets,1789798963.198,0.1022,2984,5,0,140743971.8,0,2
CONT_s3_dynamic_RedBullPlayStreets,1789798963.3,0.1021,3052,3,0,118444529.7,0,2
CONT_s3_dynamic_RedBullPlayStreets,1789798963.402,0.1024,4555,5,0,126465691.0,0,4
CONT_s3_dynamic_RedBullPlayStreets,1789798963.505,0.1024,4316,5,0,127094082.0,0,2
CONT_s3_dynamic_RedBullPlayStreets,1789798963.607,0.1022,2997,5,0,113923677.4,0,2
CONT_s3_dynamic_RedBullPlayStreets,1789798963.709,0.1022,3052,3,0,132590432.0,0,2
CONT_s3_dynamic_RedBullPlayStreets,1789798963.811,0.1021,5978,7,0,121139102.6,0,4
CONT_s3_dynamic_RedBullPlayStreets,1789798963.914,0.1023,3678,6,0,81812147.8,0,3
CONT_s3_dynamic_RedBullPlayStreets,1789798964.016,0.1023,1561,3,0,91372107.3,0,2
CONT_s3_dynamic_RedBullPlayStreets,1789798964.118,0.1021,4604,5,0,137198855.4,0,2
CONT_s3_dynamic_RedBullPlayStreets,1789798964.22,0.1021,4551,5,0,116814665.4,0,4
CONT_s3_dynamic_RedBullPlayStreets,1789798964.322,0.1022,5197,9,0,84838471.0,0,2
CONT_s3_dynamic_RedBullPlayStreets,1789798964.425,0.1023,3052,3,0,139645917.3,0,2
CONT_s3_dynamic_RedBullPlayStreets,1789798964.527,0.1023,4896,8,0,114917912.2,0,4
CONT_s3_dynamic_RedBullPlayStreets,1789798964.629,0.1021,0,0,0,0,0,0
CONT_s3_dynamic_RedBullPlayStreets,1789798964.731,0.1022,0,0,0,0,0,0
CONT_s3_dynamic_RedBullPlayStreets,1789798964.833,0.1023,8799,9,0,87472465.7,0,2
CONT_s3_dynamic_RedBullPlayStreets,1789798964.937,0.1035,4592,5,0,142692507.4,0,2
CONT_s3_dynamic_RedBullPlayStreets,1789798965.039,0.1023,3000,2,0,134001405.0,0,1
CONT_s3_dynamic_RedBullPlayStreets,1789798965.141,0.1021,0,0,0,0,0,0
CONT_s3_dynamic_RedBullPlayStreets,1789798965.244,0.1022,8932,11,0,102004956.4,0,2
CONT_s3_dynamic_RedBullPlayStreets,1789798965.346,0.1023,4458,3,0,134942904.3,0,2
CONT_s3_dynamic_RedBullPlayStreets,1789798965.449,0.103,63,1,0,111807431.0,0,1
CONT_s3_dynamic_RedBullPlayStreets,1789798965.551,0.1021,7331,7,0,88560941.4,0,2
CONT_s3_dynamic_RedBullPlayStreets,1789798965.653,0.1022,3042,4,0,86999404.5,0,2
CONT_s3_dynamic_RedBullPlayStreets,1789798965.756,0.1027,5895,5,0,78332458.6,0,2
CONT_s3_dynamic_RedBullPlayStreets,1789798965.858,0.1023,3943,5,0,60818376.0,0,3
CONT_s3_dynamic_RedBullPlayStreets,1789798965.961,0.1024,63,1,0,86170849.0,0,1
CONT_s3_dynamic_RedBullPlayStreets,1789798966.063,0.1022,7353,6,0,71241371.5,0,2
CONT_s3_dynamic_RedBullPlayStreets,1789798966.165,0.1021,63,1,0,88277962.0,0,1
CONT_s3_dynamic_RedBullPlayStreets,1789798966.267,0.1022,4442,4,0,72362528.0,0,2
CONT_s3_dynamic_RedBullPlayStreets,1789798966.369,0.1023,5895,5,0,71102807.0,0,2
CONT_s3_dynamic_RedBullPlayStreets,1789798966.472,0.1023,5370,13,0,59491952.8,0,2
CONT_s3_dynamic_RedBullPlayStreets,1789798966.574,0.1022,0,0,0,0,0,0
CONT_s3_dynamic_RedBullPlayStreets,1789798966.676,0.1021,0,0,0,0,0,0
CONT_s3_dynamic_RedBullPlayStreets,1789798966.778,0.1022,11725,9,0,57701973.2,0,2
CONT_s3_dynamic_RedBullPlayStreets,1789798966.881,0.1024,1530,2,0,73912817.0,0,2
CONT_s3_dynamic_RedBullPlayStreets,1789798966.983,0.1023,0,0,0,0,0,0
CONT_s3_dynamic_RedBullPlayStreets,1789798967.085,0.1022,0,0,0,0,0,0
CONT_s3_dynamic_RedBullPlayStreets,1789798967.187,0.1021,13282,10,0,59791167.0,0,2
CONT_s3_dynamic_RedBullPlayStreets,1789798967.289,0.1022,1530,2,0,85774652.5,0,2
CONT_s3_dynamic_RedBullPlayStreets,1789798967.392,0.1024,6311,7,0,59325564.4,0,2
CONT_s3_dynamic_RedBullPlayStreets,1789798967.494,0.1024,0,0,0,0,0,0
CONT_s3_dynamic_RedBullPlayStreets,1789798967.596,0.1021,7345,5,0,54693059.0,0,1
CONT_s3_dynamic_RedBullPlayStreets,1789798967.698,0.1021,3121,5,0,85572238.8,0,2
CONT_s3_dynamic_RedBullPlayStreets,1789798967.8,0.1021,0,0,0,0,0,0
CONT_s3_dynamic_RedBullPlayStreets,1789798967.903,0.1024,7797,11,0,68386359.2,0,3
CONT_s3_dynamic_RedBullPlayStreets,1789798968.005,0.1024,3064,4,0,68532548.5,0,2
CONT_s3_dynamic_RedBullPlayStreets,1789798968.107,0.1022,0,0,0,0,0,0
CONT_s3_dynamic_RedBullPlayStreets,1789798968.21,0.1022,8877,7,0,58867136.1,0,2
CONT_s3_dynamic_RedBullPlayStreets,1789798968.312,0.1022,3069,4,0,72084000.0,0,2
CONT_s3_dynamic_RedBullPlayStreets,1789798968.414,0.1023,1787,3,0,59818923.3,0,2
CONT_s3_dynamic_RedBullPlayStreets,1789798968.516,0.1023,0,0,0,0,0,0
CONT_s3_dynamic_RedBullPlayStreets,1789798968.619,0.1021,10409,9,0,62259688.6,0,2
CONT_s3_dynamic_RedBullPlayStreets,1789798968.721,0.1021,2999,3,0,67531107.3,0,2
CONT_s3_dynamic_RedBullPlayStreets,1789798968.823,0.1021,3844,9,0,62145443.9,0,2
CONT_s3_dynamic_RedBullPlayStreets,1789798968.925,0.1024,0,0,0,0,0,0
CONT_s3_dynamic_RedBullPlayStreets,1789798969.028,0.1023,0,0,0,0,0,0
CONT_s3_dynamic_RedBullPlayStreets,1789798969.13,0.1021,0,0,0,0,0,0
CONT_s3_dynamic_RedBullPlayStreets,1789798969.232,0.1023,16342,14,0,57589325.9,0,2
CONT_s3_dynamic_RedBullPlayStreets,1789798969.335,0.103,0,0,0,0,0,0
CONT_s3_dynamic_RedBullPlayStreets,1789798969.439,0.1042,0,0,0,0,0,0
CONT_s3_dynamic_RedBullPlayStreets,1789798969.541,0.1023,0,0,0,0,0,0
CONT_s3_dynamic_RedBullPlayStreets,1789798969.644,0.1021,15109,14,0,63236788.6,0,2
CONT_s3_dynamic_RedBullPlayStreets,1789798969.746,0.1022,0,0,0,0,0,0
CONT_s3_dynamic_RedBullPlayStreets,1789798969.848,0.1024,0,0,0,0,0,0
CONT_s3_dynamic_RedBullPlayStreets,1789798969.952,0.1036,141,1,0,3485451.0,0,1
CONT_s3_dynamic_RedBullPlayStreets,1789798970.054,0.1022,13408,12,0,73464280.5,0,2
CONT_s3_dynamic_RedBullPlayStreets,1789798970.156,0.1022,3001,3,0,80653046.7,0,2
CONT_s3_dynamic_RedBullPlayStreets,1789798970.258,0.1022,7915,14,0,67380280.4,0,2
CONT_s3_dynamic_RedBullPlayStreets,1789798970.361,0.1024,61,1,0,101759479.0,0,1
CONT_s3_dynamic_RedBullPlayStreets,1789798970.463,0.1023,0,0,0,0,0,0
CONT_s3_dynamic_RedBullPlayStreets,1789798970.565,0.1022,0,0,0,0,0,0
CONT_s3_dynamic_RedBullPlayStreets,1789798970.667,0.1022,13282,10,0,57640423.3,0,2
CONT_s3_dynamic_RedBullPlayStreets,1789798970.77,0.1022,0,0,0,0,0,0
CONT_s3_dynamic_RedBullPlayStreets,1789798970.872,0.1023,0,0,0,0,0,0
CONT_s3_dynamic_RedBullPlayStreets,1789798970.974,0.1023,0,0,0,0,0,0
CONT_s3_dynamic_RedBullPlayStreets,1789798971.077,0.1023,14750,11,0,59215337.5,0,2
CONT_s3_dynamic_RedBullPlayStreets,1789798971.179,0.1022,0,0,0,0,0,0
CONT_s3_dynamic_RedBullPlayStreets,1789798971.281,0.1021,6223,7,0,60814862.6,0,2
CONT_s3_dynamic_RedBullPlayStreets,1789798971.383,0.1024,0,0,0,0,0,0
CONT_s3_dynamic_RedBullPlayStreets,1789798971.486,0.1023,10466,10,0,68497859.4,0,2
CONT_s3_dynamic_RedBullPlayStreets,1789798971.588,0.1021,0,0,0,0,0,0
CONT_s3_dynamic_RedBullPlayStreets,1789798971.69,0.1022,7468,7,0,69589604.4,0,2
CONT_s3_dynamic_RedBullPlayStreets,1789798971.792,0.1021,1531,2,0,77490374.5,0,2
CONT_s3_dynamic_RedBullPlayStreets,1789798971.894,0.1024,6204,8,0,65028102.0,0,3
CONT_s3_dynamic_RedBullPlayStreets,1789798971.997,0.1023,3001,3,0,70122933.7,0,2
CONT_s3_dynamic_RedBullPlayStreets,1789798972.099,0.1021,4533,5,0,69733185.6,0,2
CONT_s3_dynamic_RedBullPlayStreets,1789798972.201,0.1022,4791,6,0,62880297.0,0,2
CONT_s3_dynamic_RedBullPlayStreets,1789798972.303,0.1021,3069,4,0,65460196.5,0,2
CONT_s3_dynamic_RedBullPlayStreets,1789798972.405,0.1023,4533,5,0,62433846.2,0,2
CONT_s3_dynamic_RedBullPlayStreets,1789798972.508,0.1023,3064,4,0,56816716.0,0,2
CONT_s3_dynamic_RedBullPlayStreets,1789798972.61,0.1021,4470,4,0,55464264.0,0,2
CONT_s3_dynamic_RedBullPlayStreets,1789798972.712,0.1022,2999,3,0,57610813.7,0,2
CONT_s3_dynamic_RedBullPlayStreets,1789798972.814,0.1021,4529,5,0,57204049.8,0,2
CONT_s3_dynamic_RedBullPlayStreets,1789798972.917,0.1024,3060,4,0,51435469.0,0,2
CONT_s3_dynamic_RedBullPlayStreets,1789798973.019,0.1023,0,0,0,0,0,0
CONT_s3_dynamic_RedBullPlayStreets,1789798973.121,0.1021,7728,8,0,51573566.2,0,2
CONT_s3_dynamic_RedBullPlayStreets,1789798973.223,0.1022,2781,9,0,43679663.9,0,2
CONT_s3_dynamic_RedBullPlayStreets,1789798973.325,0.1022,0,0,0,0,0,0
CONT_s3_dynamic_RedBullPlayStreets,1789798973.428,0.1024,0,0,0,0,0,0
CONT_s3_dynamic_RedBullPlayStreets,1789798973.53,0.1023,13282,10,0,49354858.2,0,2
CONT_s3_dynamic_RedBullPlayStreets,1789798973.632,0.1022,3060,4,0,60208665.5,0,2
CONT_s3_dynamic_RedBullPlayStreets,1789798973.734,0.1023,0,0,0,0,0,0
CONT_s3_dynamic_RedBullPlayStreets,1789798973.837,0.1025,0,0,0,0,0,0
CONT_s3_dynamic_RedBullPlayStreets,1789798973.94,0.1033,141,1,0,3418913.0,0,1
CONT_s3_dynamic_RedBullPlayStreets,1789798974.043,0.1023,16762,18,0,58500837.7,0,2
CONT_s3_dynamic_RedBullPlayStreets,1789798974.145,0.1021,3185,6,0,57316682.5,0,2
CONT_s3_dynamic_RedBullPlayStreets,1789798974.247,0.1022,0,0,0,0,0,0
CONT_s3_dynamic_RedBullPlayStreets,1789798974.349,0.1023,7408,6,0,53529001.8,0,2
CONT_s3_dynamic_RedBullPlayStreets,1789798974.452,0.1029,4596,6,0,57441208.5,0,2
CONT_s3_dynamic_RedBullPlayStreets,1789798974.554,0.1022,1532,2,0,54323297.5,0,2
CONT_s3_dynamic_RedBullPlayStreets,1789798974.656,0.1022,0,0,0,0,0,0
CONT_s3_dynamic_RedBullPlayStreets,1789798974.759,0.1021,8877,7,0,50835600.4,0,2
CONT_s3_dynamic_RedBullPlayStreets,1789798974.861,0.1023,4601,6,0,58081524.0,0,2
CONT_s3_dynamic_RedBullPlayStreets,1789798974.963,0.1023,1532,2,0,54923096.0,0,2
CONT_s3_dynamic_RedBullPlayStreets,1789798975.065,0.1021,4778,6,0,43371595.0,0,2
CONT_s3_dynamic_RedBullPlayStreets,1789798975.168,0.1022,0,0,0,0,0,0
CONT_s3_dynamic_RedBullPlayStreets,1789798975.27,0.1022,8056,12,0,50193788.9,0,2
CONT_s3_dynamic_RedBullPlayStreets,1789798975.372,0.1024,0,0,0,0,0,0
CONT_s3_dynamic_RedBullPlayStreets,1789798975.474,0.1023,0,0,0,0,0,0
CONT_s3_dynamic_RedBullPlayStreets,1789798975.577,0.1023,0,0,0,0,0,0
CONT_s3_dynamic_RedBullPlayStreets,1789798975.679,0.1024,16342,14,0,54928748.0,0,2
CONT_s3_dynamic_RedBullPlayStreets,1789798975.782,0.1025,0,0,0,0,0,0
CONT_s3_dynamic_RedBullPlayStreets,1789798975.884,0.1025,0,0,0,0,0,0
CONT_s3_dynamic_RedBullPlayStreets,1789798975.987,0.1027,141,1,0,3504474.0,0,1
CONT_s3_dynamic_RedBullPlayStreets,1789798976.089,0.1024,15363,18,0,62347394.0,0,2
CONT_s3_dynamic_RedBullPlayStreets,1789798976.192,0.1023,1533,2,0,62760634.0,0,2
CONT_s3_dynamic_RedBullPlayStreets,1789798976.294,0.1024,0,0,0,0,0,0
CONT_s3_dynamic_RedBullPlayStreets,1789798976.396,0.1023,10412,9,0,60637779.8,0,2
CONT_s3_dynamic_RedBullPlayStreets,1789798976.499,0.1024,3133,5,0,68062896.2,0,2
CONT_s3_dynamic_RedBullPlayStreets,1789798976.601,0.1022,1534,2,0,61086832.5,0,2
CONT_s3_dynamic_RedBullPlayStreets,1789798976.703,0.1022,5941,5,0,54689958.0,0,2
CONT_s3_dynamic_RedBullPlayStreets,1789798976.805,0.1022,4407,3,0,52886709.0,0,1
CONT_s3_dynamic_RedBullPlayStreets,1789798976.908,0.1024,3138,5,0,63135802.6,0,2
CONT_s3_dynamic_RedBullPlayStreets,1789798977.01,0.1023,1534,2,0,56956719.0,0,2
CONT_s3_dynamic_RedBullPlayStreets,1789798977.112,0.1021,6200,6,0,50646353.2,0,2
CONT_s3_dynamic_RedBullPlayStreets,1789798977.215,0.1023,0,0,0,0,0,0
CONT_s3_dynamic_RedBullPlayStreets,1789798977.317,0.1023,7467,7,0,56635176.9,0,2
CONT_s3_dynamic_RedBullPlayStreets,1789798977.419,0.1024,3060,4,0,54010927.5,0,2
CONT_s3_dynamic_RedBullPlayStreets,1789798977.522,0.1023,0,0,0,0,0,0
CONT_s3_dynamic_RedBullPlayStreets,1789798977.624,0.1021,8999,9,0,51671180.0,0,2
CONT_s3_dynamic_RedBullPlayStreets,1789798977.726,0.1022,2671,4,0,48976673.5,0,2
CONT_s3_dynamic_RedBullPlayStreets,1789798977.83,0.1045,4470,4,0,48433961.2,0,2
CONT_s3_dynamic_RedBullPlayStreets,1789798977.933,0.1024,4015,10,0,41265688.0,0,3
CONT_s3_dynamic_RedBullPlayStreets,1789798978.035,0.1023,0,0,0,0,0,0
CONT_s3_dynamic_RedBullPlayStreets,1789798978.137,0.1021,0,0,0,0,0,0
CONT_s3_dynamic_RedBullPlayStreets,1789798978.24,0.1024,0,0,0,0,0,0
CONT_s3_dynamic_RedBullPlayStreets,1789798978.342,0.1025,13282,10,0,49672990.9,0,2
CONT_s3_dynamic_RedBullPlayStreets,1789798978.445,0.1032,0,0,0,0,0,0
CONT_s3_dynamic_RedBullPlayStreets,1789798978.548,0.1024,0,0,0,0,0,0
CONT_s3_dynamic_RedBullPlayStreets,1789798978.65,0.1021,14750,11,0,53376293.6,0,2
CONT_s3_dynamic_RedBullPlayStreets,1789798978.752,0.1024,0,0,0,0,0,0
CONT_s3_dynamic_RedBullPlayStreets,1789798978.854,0.1023,6221,7,0,53614731.0,0,2
CONT_s3_dynamic_RedBullPlayStreets,1789798978.957,0.1023,0,0,0,0,0,0
CONT_s3_dynamic_RedBullPlayStreets,1789798979.059,0.1022,8875,7,0,56618299.3,0,2
CONT_s3_dynamic_RedBullPlayStreets,1789798979.161,0.1022,1591,3,0,66668502.7,0,2
CONT_s3_dynamic_RedBullPlayStreets,1789798979.263,0.1022,5876,4,0,53220994.0,0,1
CONT_s3_dynamic_RedBullPlayStreets,1789798979.366,0.1023,1541,8,0,59156074.1,0,2
CONT_s3_dynamic_RedBullPlayStreets,1789798979.468,0.1023,0,0,0,0,0,0
CONT_s3_dynamic_RedBullPlayStreets,1789798979.57,0.1022,0,0,0,0,0,0
CONT_s3_dynamic_RedBullPlayStreets,1789798979.672,0.1022,13282,10,0,54609948.4,0,2
CONT_s3_dynamic_RedBullPlayStreets,1789798979.775,0.1022,4887,8,0,62527353.5,0,2
CONT_s3_dynamic_RedBullPlayStreets,1789798979.877,0.1025,1531,2,0,60573698.5,0,2
CONT_s3_dynamic_RedBullPlayStreets,1789798979.979,0.1024,6205,8,0,51650313.8,0,3
CONT_s3_dynamic_RedBullPlayStreets,1789798980.082,0.1023,3064,4,0,53679559.0,0,2
CONT_s3_dynamic_RedBullPlayStreets,1789798980.184,0.1023,4596,6,0,45527812.0,0,2
CONT_s3_dynamic_RedBullPlayStreets,1789798980.286,0.1022,1532,2,0,43157700.5,0,2
CONT_s3_dynamic_RedBullPlayStreets,1789798980.389,0.1024,6065,7,0,39655870.3,0,2
CONT_s3_dynamic_RedBullPlayStreets,1789798980.491,0.1024,3069,4,0,36378765.0,0,2
CONT_s3_dynamic_RedBullPlayStreets,1789798980.593,0.1022,4533,5,0,36683661.8,0,2
CONT_s3_dynamic_RedBullPlayStreets,1789798980.695,0.1022,1532,2,0,35929222.0,0,2
CONT_s3_dynamic_RedBullPlayStreets,1789798980.797,0.1021,6065,7,0,34618967.3,0,2
CONT_s3_dynamic_RedBullPlayStreets,1789798980.9,0.1024,3060,4,0,31776068.5,0,2
CONT_s3_dynamic_RedBullPlayStreets,1789798981.002,0.1024,4468,4,0,35009129.0,0,2
CONT_s3_dynamic_RedBullPlayStreets,1789798981.104,0.1021,3060,4,0,35667103.0,0,2
CONT_s3_dynamic_RedBullPlayStreets,1789798981.207,0.1022,4852,7,0,36096227.0,0,2
CONT_s3_dynamic_RedBullPlayStreets,1789798981.309,0.1022,3060,4,0,33064443.0,0,2
CONT_s3_dynamic_RedBullPlayStreets,1789798981.411,0.1024,4136,12,0,25102967.1,0,2
CONT_s3_dynamic_RedBullPlayStreets,1789798981.514,0.1025,0,0,0,0,0,0
CONT_s3_dynamic_RedBullPlayStreets,1789798981.616,0.1024,0,0,0,0,0,0
CONT_s3_dynamic_RedBullPlayStreets,1789798981.718,0.1022,0,0,0,0,0,0
CONT_s3_dynamic_RedBullPlayStreets,1789798981.82,0.1022,16281,13,0,39785589.4,0,2
CONT_s3_dynamic_RedBullPlayStreets,1789798981.923,0.1024,3419,7,0,44627480.7,0,2
CONT_s3_dynamic_RedBullPlayStreets,1789798982.025,0.1023,4610,5,0,34576592.6,0,3
CONT_s3_dynamic_RedBullPlayStreets,1789798982.127,0.1021,3127,5,0,46481344.0,0,2
CONT_s3_dynamic_RedBullPlayStreets,1789798982.23,0.1023,4596,6,0,38099899.0,0,2
CONT_s3_dynamic_RedBullPlayStreets,1789798982.334,0.104,3064,4,0,33970807.5,0,2
CONT_s3_dynamic_RedBullPlayStreets,1789798982.436,0.1024,4596,6,0,29359858.5,0,2
CONT_s3_dynamic_RedBullPlayStreets,1789798982.538,0.1024,4538,5,0,24028465.2,0,2
CONT_s3_dynamic_RedBullPlayStreets,1789798982.64,0.1021,3064,4,0,27341278.5,0,2
CONT_s3_dynamic_RedBullPlayStreets,1789798982.743,0.1022,4533,5,0,25052605.4,0,2
CONT_s3_dynamic_RedBullPlayStreets,1789798982.845,0.1024,3127,5,0,24060671.0,0,2
CONT_s3_dynamic_RedBullPlayStreets,1789798982.948,0.103,4529,5,0,19485737.8,0,2
CONT_s3_dynamic_RedBullPlayStreets,1789798983.05,0.1023,3652,10,0,19947458.0,0,2
CONT_s3_dynamic_RedBullPlayStreets,1789798983.152,0.1022,0,0,0,0,0,0
CONT_s3_dynamic_RedBullPlayStreets,1789798983.255,0.1023,0,0,0,0,0,0
CONT_s3_dynamic_RedBullPlayStreets,1789798983.357,0.1024,0,0,0,0,0,0
CONT_s3_dynamic_RedBullPlayStreets,1789798983.46,0.1023,14812,12,0,38804124.5,0,2
CONT_s3_dynamic_RedBullPlayStreets,1789798983.562,0.1023,4592,6,0,38819797.0,0,2
CONT_s3_dynamic_RedBullPlayStreets,1789798983.664,0.1022,0,0,0,0,0,0
CONT_s3_dynamic_RedBullPlayStreets,1789798983.766,0.1022,7658,10,0,40412395.0,0,2
CONT_s3_dynamic_RedBullPlayStreets,1789798983.869,0.1024,3064,4,0,36013132.5,0,2
CONT_s3_dynamic_RedBullPlayStreets,1789798983.971,0.1024,141,1,0,3932790.0,0,1
CONT_s3_dynamic_RedBullPlayStreets,1789798984.073,0.1021,0,0,0,0,0,0
CONT_s3_dynamic_RedBullPlayStreets,1789798984.175,0.1022,0,0,0,0,0,0
CONT_s3_dynamic_RedBullPlayStreets,1789798984.278,0.1022,0,0,0,0,0,0
CONT_s3_dynamic_RedBullPlayStreets,1789798984.38,0.1024,0,0,0,0,0,0
CONT_s3_dynamic_RedBullPlayStreets,1789798984.482,0.1024,1533,2,0,66864258.5,0,2
CONT_s3_dynamic_RedBullPlayStreets,1789798984.585,0.1022,1533,2,0,95693919.0,0,2
CONT_s3_dynamic_RedBullPlayStreets,1789798984.687,0.1022,8002,12,0,75517212.0,0,2
CONT_s3_dynamic_RedBullPlayStreets,1789798984.789,0.1023,0,0,0,0,0,0
CONT_s3_dynamic_RedBullPlayStreets,1789798984.891,0.1024,1589,3,0,82610878.3,0,2
CONT_s3_dynamic_RedBullPlayStreets,1789798984.994,0.1023,1531,2,0,81102682.0,0,2
CONT_s3_dynamic_RedBullPlayStreets,1789798985.096,0.1021,3062,4,0,80072712.0,0,2
CONT_s3_dynamic_RedBullPlayStreets,1789798985.198,0.1022,4382,11,0,69102101.3,0,2
CONT_s3_dynamic_RedBullPlayStreets,1789798985.3,0.1022,0,0,0,0,0,0
CONT_s3_dynamic_RedBullPlayStreets,1789798985.403,0.1024,7764,10,0,59864392.1,0,2
CONT_s3_dynamic_RedBullPlayStreets,1789798985.505,0.1023,8875,7,0,50661810.4,0,2
CONT_s3_dynamic_RedBullPlayStreets,1789798985.607,0.1022,0,0,0,0,0,0
CONT_s3_dynamic_RedBullPlayStreets,1789798985.709,0.1022,10344,8,0,47113516.1,0,2
CONT_s3_dynamic_RedBullPlayStreets,1789798985.811,0.1023,4593,6,0,59774976.0,0,2
CONT_s3_dynamic_RedBullPlayStreets,1789798985.914,0.1024,122,2,0,57201962.0,0,2
CONT_s3_dynamic_RedBullPlayStreets,1789798986.016,0.1023,8127,13,0,45113995.0,0,3
CONT_s3_dynamic_RedBullPlayStreets,1789798986.118,0.1022,0,0,0,0,0,0
CONT_s3_dynamic_RedBullPlayStreets,1789798986.221,0.1026,10841,13,0,49583738.8,0,2
CONT_s3_dynamic_RedBullPlayStreets,1789798986.323,0.1023,1536,2,0,51189291.5,0,2
CONT_s3_dynamic_RedBullPlayStreets,1789798986.426,0.1024,7532,8,0,48835522.2,0,2
CONT_s3_dynamic_RedBullPlayStreets,1789798986.528,0.1024,3125,5,0,47314388.2,0,2
CONT_s3_dynamic_RedBullPlayStreets,1789798986.63,0.1022,3098,5,0,42400435.4,0,2
CONT_s3_dynamic_RedBullPlayStreets,1789798986.732,0.1022,111,2,0,49821663.5,0,2
CONT_s3_dynamic_RedBullPlayStreets,1789798986.835,0.1025,0,0,0,0,0,0
CONT_s3_dynamic_RedBullPlayStreets,1789798986.939,0.1045,12310,15,0,36476008.4,0,2
CONT_s3_dynamic_RedBullPlayStreets,1789798987.042,0.1024,3302,6,0,49042348.5,0,2
CONT_s3_dynamic_RedBullPlayStreets,1789798987.144,0.1021,5937,5,0,41600597.2,0,2
CONT_s3_dynamic_RedBullPlayStreets,1789798987.246,0.1022,2999,3,0,45594434.7,0,2
CONT_s3_dynamic_RedBullPlayStreets,1789798987.348,0.1023,7406,6,0,48275579.0,0,2
CONT_s3_dynamic_RedBullPlayStreets,1789798987.453,0.1041,2999,3,0,51827197.3,0,2
CONT_s3_dynamic_RedBullPlayStreets,1789798987.555,0.1022,317,2,0,54417113.5,0,2
CONT_s3_dynamic_RedBullPlayStreets,1789798987.657,0.1022,8875,7,0,43287887.6,0,2
CONT_s3_dynamic_RedBullPlayStreets,1789798987.759,0.1022,2999,3,0,46869868.0,0,2
CONT_s3_dynamic_RedBullPlayStreets,1789798987.861,0.1023,4213,6,0,47242295.3,0,2
CONT_s3_dynamic_RedBullPlayStreets,1789798987.964,0.1023,50,1,0,50819285.0,0,1
CONT_s3_dynamic_RedBullPlayStreets,1789798988.066,0.1022,207,2,0,30136578.5,0,2
CONT_s3_dynamic_RedBullPlayStreets,1789798988.168,0.1022,54,1,0,49332798.0,0,1
CONT_s3_dynamic_RedBullPlayStreets,1789798988.27,0.1022,0,0,0,0,0,0
CONT_s3_dynamic_RedBullPlayStreets,1789798988.373,0.1023,0,0,0,0,0,0
CONT_s3_dynamic_RedBullPlayStreets,1789798988.475,0.1025,0,0,0,0,0,0
CONT_s3_dynamic_RedBullPlayStreets,1789798988.577,0.1021,0,0,0,0,0,0
CONT_s3_dynamic_RedBullPlayStreets,1789798988.68,0.1022,0,0,0,0,0,0
CONT_s3_dynamic_RedBullPlayStreets,1789798988.782,0.1022,0,0,0,0,0,0
CONT_s3_dynamic_RedBullPlayStreets,1789798988.884,0.1023,0,0,0,0,0,0
CONT_s3_dynamic_RedBullPlayStreets,1789798988.987,0.1023,0,0,0,0,0,0
CONT_s3_dynamic_RedBullPlayStreets,1789798989.089,0.1022,0,0,0,0,0,0
CONT_s3_dynamic_RedBullPlayStreets,1789798989.191,0.1021,0,0,0,0,0,0
CONT_s3_dynamic_RedBullPlayStreets,1789798989.293,0.1022,0,0,0,0,0,0
CONT_s3_dynamic_RedBullPlayStreets,1789798989.396,0.1024,0,0,0,0,0,0
CONT_s3_dynamic_RedBullPlayStreets,1789798989.498,0.1024,0,0,0,0,0,0
CONT_s3_dynamic_RedBullPlayStreets,1789798989.6,0.1022,0,0,0,0,0,0
CONT_s3_dynamic_RedBullPlayStreets,1789798989.702,0.1022,0,0,0,0,0,0
CONT_s3_dynamic_RedBullPlayStreets,1789798989.804,0.1022,0,0,0,0,0,0
CONT_s3_dynamic_RedBullPlayStreets,1789798989.907,0.1025,0,0,0,0,0,0
CONT_s3_dynamic_RedBullPlayStreets,1789798990.009,0.1024,141,1,0,4232775.0,0,1
CONT_s3_dynamic_RedBullPlayStreets,1789798990.112,0.1023,0,0,0,0,0,0
CONT_s3_dynamic_RedBullPlayStreets,1789798990.214,0.1023,0,0,0,0,0,0
CONT_s3_dynamic_RedBullPlayStreets,1789798990.316,0.1023,0,0,0,0,0,0
CONT_s3_dynamic_RedBullPlayStreets,1789798990.419,0.1024,453,1,0,183991398.0,0,1
CONT_s3_dynamic_RedBullPlayStreets,1789798990.521,0.1023,0,0,0,0,0,0
CONT_s3_dynamic_RedBullPlayStreets,1789798990.623,0.1021,13716,15,0,205479501.7,0,2
CONT_s3_dynamic_RedBullPlayStreets,1789798990.725,0.1023,9428,14,0,149442625.5,0,2
CONT_s3_dynamic_RedBullPlayStreets,1789798990.829,0.1032,1531,2,0,144829236.5,0,2
CONT_s3_dynamic_RedBullPlayStreets,1789798990.931,0.1025,4837,8,0,117108884.0,0,2
CONT_s3_dynamic_RedBullPlayStreets,1789798991.033,0.1023,4838,8,0,101430350.0,0,2
CONT_s3_dynamic_RedBullPlayStreets,1789798991.135,0.1021,2999,3,0,96229175.0,0,2
CONT_s3_dynamic_RedBullPlayStreets,1789798991.238,0.1023,7792,9,0,80365824.3,0,2
CONT_s3_dynamic_RedBullPlayStreets,1789798991.34,0.1024,4468,4,0,76916886.5,0,2
CONT_s3_dynamic_RedBullPlayStreets,1789798991.443,0.1028,4407,3,0,70621377.0,0,1
CONT_s3_dynamic_RedBullPlayStreets,1789798991.545,0.1024,61,1,0,86499362.0,0,1
CONT_s3_dynamic_RedBullPlayStreets,1789798991.647,0.1021,7031,7,0,71956828.0,0,2
CONT_s3_dynamic_RedBullPlayStreets,1789798991.75,0.1022,0,0,0,0,0,0
CONT_s3_dynamic_RedBullPlayStreets,1789798991.852,0.1024,111,2,0,79702614.0,0,2
CONT_s3_dynamic_RedBullPlayStreets,1789798991.954,0.1023,0,0,0,0,0,0
CONT_s3_dynamic_RedBullPlayStreets,1789798992.057,0.1023,141,1,0,4046715.0,0,1
CONT_s3_dynamic_RedBullPlayStreets,1789798992.159,0.1021,0,0,0,0,0,0
CONT_s3_dynamic_RedBullPlayStreets,1789798992.261,0.1023,0,0,0,0,0,0
CONT_s3_dynamic_RedBullPlayStreets,1789798992.363,0.1024,0,0,0,0,0,0
CONT_s3_dynamic_RedBullPlayStreets,1789798992.466,0.1023,0,0,0,0,0,0
CONT_s3_dynamic_RedBullPlayStreets,1789798992.568,0.1021,0,0,0,0,0,0
CONT_s3_dynamic_RedBullPlayStreets,1789798992.67,0.1021,0,0,0,0,0,0
CONT_s3_dynamic_RedBullPlayStreets,1789798992.772,0.1022,0,0,0,0,0,0
CONT_s3_dynamic_RedBullPlayStreets,1789798992.875,0.1024,0,0,0,0,0,0
CONT_s3_dynamic_RedBullPlayStreets,1789798992.977,0.1023,0,0,0,0,0,0
CONT_s3_dynamic_RedBullPlayStreets,1789798993.079,0.1022,0,0,0,0,0,0
CONT_s3_dynamic_RedBullPlayStreets,1789798993.181,0.1022,0,0,0,0,0,0
CONT_s3_dynamic_RedBullPlayStreets,1789798993.283,0.1022,0,0,0,0,0,0
CONT_s3_dynamic_RedBullPlayStreets,1789798993.386,0.1023,0,0,0,0,0,0
CONT_s3_dynamic_RedBullPlayStreets,1789798993.488,0.1023,0,0,0,0,0,0
CONT_s3_dynamic_RedBullPlayStreets,1789798993.59,0.1022,0,0,0,0,0,0
CONT_s3_dynamic_RedBullPlayStreets,1789798993.692,0.1021,0,0,0,0,0,0
CONT_s3_dynamic_RedBullPlayStreets,1789798993.795,0.1021,0,0,0,0,0,0
CONT_s3_dynamic_RedBullPlayStreets,1789798993.897,0.1025,0,0,0,0,0,0
CONT_s3_dynamic_RedBullPlayStreets,1789798993.999,0.1023,141,1,0,4275027.0,0,1
CONT_s3_dynamic_RedBullPlayStreets,1789798994.102,0.1022,0,0,0,0,0,0
CONT_s3_dynamic_RedBullPlayStreets,1789798994.204,0.1022,453,1,0,216190313.0,0,1
CONT_s3_dynamic_RedBullPlayStreets,1789798994.306,0.1022,0,0,0,0,0,0
CONT_s3_dynamic_RedBullPlayStreets,1789798994.408,0.1023,12310,15,0,232325949.6,0,2
CONT_s3_dynamic_RedBullPlayStreets,1789798994.51,0.1023,9238,11,0,171101877.7,0,2
CONT_s3_dynamic_RedBullPlayStreets,1789798994.613,0.1021,0,0,0,0,0,0
CONT_s3_dynamic_RedBullPlayStreets,1789798994.715,0.1022,7716,11,0,131139462.3,0,3
CONT_s3_dynamic_RedBullPlayStreets,1789798994.817,0.1022,6451,10,0,115435130.5,0,2
CONT_s3_dynamic_RedBullPlayStreets,1789798994.919,0.1025,5274,9,0,71655700.3,0,4
CONT_s3_dynamic_RedBullPlayStreets,1789798995.022,0.1024,3120,5,0,89170092.0,0,2
CONT_s3_dynamic_RedBullPlayStreets,1789798995.124,0.1023,5118,10,0,44550315.5,0,4
CONT_s3_dynamic_RedBullPlayStreets,1789798995.227,0.1024,4592,6,0,80089105.5,0,2
CONT_s3_dynamic_RedBullPlayStreets,1789798995.331,0.1044,3864,7,0,34152483.0,0,2
CONT_s3_dynamic_RedBullPlayStreets,1789798995.434,0.1026,5794,8,0,41346267.5,0,2
CONT_s3_dynamic_RedBullPlayStreets,1789798995.536,0.1025,3414,6,0,39457496.0,0,2
CONT_s3_dynamic_RedBullPlayStreets,1789798995.638,0.1023,4468,4,0,102208852.5,0,2
CONT_s3_dynamic_RedBullPlayStreets,1789798995.741,0.1024,4692,6,0,48110549.0,0,2
CONT_s3_dynamic_RedBullPlayStreets,1789798995.843,0.1026,4647,6,0,66176041.5,0,4
CONT_s3_dynamic_RedBullPlayStreets,1789798995.947,0.1036,4647,6,0,69206673.8,0,4
CONT_s3_dynamic_RedBullPlayStreets,1789798996.049,0.1025,1693,3,0,35800831.0,0,3
CONT_s3_dynamic_RedBullPlayStreets,1789798996.152,0.1024,6104,6,0,46882533.0,0,2
CONT_s3_dynamic_RedBullPlayStreets,1789798996.254,0.1024,4594,6,0,113529877.5,0,2
CONT_s3_dynamic_RedBullPlayStreets,1789798996.357,0.1025,4564,4,0,49400766.2,0,2
CONT_s3_dynamic_RedBullPlayStreets,1789798996.46,0.1028,3222,6,0,74207729.2,0,4
CONT_s3_dynamic_RedBullPlayStreets,1789798996.562,0.1024,5036,7,0,88182723.9,0,4
CONT_s3_dynamic_RedBullPlayStreets,1789798996.664,0.1024,4798,8,0,72070285.6,0,4
CONT_s3_dynamic_RedBullPlayStreets,1789798996.767,0.1024,4552,4,0,54896848.5,0,2
CONT_s3_dynamic_RedBullPlayStreets,1789798996.869,0.1025,3052,3,0,49816609.3,0,2
CONT_s3_dynamic_RedBullPlayStreets,1789798996.972,0.1025,3158,5,0,61489984.6,0,3
CONT_s3_dynamic_RedBullPlayStreets,1789798997.074,0.1023,4604,5,0,48673908.2,0,2
CONT_s3_dynamic_RedBullPlayStreets,1789798997.177,0.1024,4604,5,0,48157933.4,0,2
CONT_s3_dynamic_RedBullPlayStreets,1789798997.279,0.1025,6116,6,0,45873298.3,0,2
CONT_s3_dynamic_RedBullPlayStreets,1789798997.382,0.1025,3116,4,0,45528307.5,0,2
CONT_s3_dynamic_RedBullPlayStreets,1789798997.484,0.1025,3052,3,0,47861064.0,0,2
CONT_s3_dynamic_RedBullPlayStreets,1789798997.587,0.1024,6104,6,0,49055589.0,0,2
CONT_s3_dynamic_RedBullPlayStreets,1789798997.689,0.1024,4604,5,0,47271702.8,0,2
CONT_s3_dynamic_RedBullPlayStreets,1789798997.791,0.1024,3052,3,0,49486112.0,0,2
CONT_s3_dynamic_RedBullPlayStreets,1789798997.894,0.1025,3052,3,0,49830231.3,0,2
CONT_s3_dynamic_RedBullPlayStreets,1789798997.996,0.1024,6256,8,0,50093588.0,0,2
CONT_s3_dynamic_RedBullPlayStreets,1789798998.099,0.1024,5302,8,0,59815202.1,0,4
CONT_s3_dynamic_RedBullPlayStreets,1789798998.201,0.1024,4616,5,0,44769326.8,0,2
CONT_s3_dynamic_RedBullPlayStreets,1789798998.303,0.1024,505,2,0,134620890.0,0,2
CONT_s3_dynamic_RedBullPlayStreets,1789798998.406,0.1025,7935,12,0,168264436.5,0,4
CONT_s3_dynamic_RedBullPlayStreets,1789798998.508,0.1025,4700,6,0,45008466.0,0,2
CONT_s3_dynamic_RedBullPlayStreets,1789798998.611,0.1024,1552,2,0,42197970.0,0,2
CONT_s3_dynamic_RedBullPlayStreets,1789798998.713,0.1023,6540,13,0,154009909.6,0,2
CONT_s3_dynamic_RedBullPlayStreets,1789798998.816,0.1024,4692,6,0,58749623.5,0,2
CONT_s3_dynamic_RedBullPlayStreets,1789798998.918,0.1026,3185,5,0,75132991.0,0,3
CONT_s3_dynamic_RedBullPlayStreets,1789798999.021,0.1025,6386,10,0,124317830.6,0,4
CONT_s3_dynamic_RedBullPlayStreets,1789798999.123,0.1023,4595,5,0,90380489.8,0,4
CONT_s3_dynamic_RedBullPlayStreets,1789798999.225,0.1024,3336,6,0,106638454.5,0,4
CONT_s3_dynamic_RedBullPlayStreets,1789798999.33,0.1045,4658,6,0,81115413.5,0,4
CONT_s3_dynamic_RedBullPlayStreets,1789798999.432,0.1025,4551,5,0,100820879.8,0,4
CONT_s3_dynamic_RedBullPlayStreets,1789798999.535,0.1025,3082,4,0,92625067.2,0,4
CONT_s3_dynamic_RedBullPlayStreets,1789798999.637,0.1023,5968,5,0,102523061.4,0,3
CONT_s3_dynamic_RedBullPlayStreets,1789798999.739,0.1023,3134,5,0,81355975.0,0,4
CONT_s3_dynamic_RedBullPlayStreets,1789798999.842,0.1025,5937,5,0,98626639.4,0,2
CONT_s3_dynamic_RedBullPlayStreets,1789798999.946,0.1041,3414,6,0,86189584.2,0,4
CONT_s3_dynamic_RedBullPlayStreets,1789799000.048,0.1025,1705,3,0,49928509.3,0,3
CONT_s3_dynamic_RedBullPlayStreets,1789799000.151,0.1024,7345,5,0,81071736.0,0,1
CONT_s3_dynamic_RedBullPlayStreets,1789799000.253,0.1023,4712,7,0,93774265.4,0,4
CONT_s3_dynamic_RedBullPlayStreets,1789799000.356,0.1025,116,2,0,93858102.5,0,2
CONT_s3_dynamic_RedBullPlayStreets,1789799000.458,0.1025,8488,13,0,71037776.2,0,2
CONT_s3_dynamic_RedBullPlayStreets,1789799000.561,0.1023,3052,3,0,99898714.7,0,2
CONT_s3_dynamic_RedBullPlayStreets,1789799000.663,0.1023,5937,5,0,72095671.0,0,2
CONT_s3_dynamic_RedBullPlayStreets,1789799000.765,0.1024,3094,4,0,89813058.2,0,4
CONT_s3_dynamic_RedBullPlayStreets,1789799000.868,0.1025,3878,6,0,91648641.0,0,4
CONT_s3_dynamic_RedBullPlayStreets,1789799000.97,0.1025,1564,2,0,93115165.0,0,2
CONT_s3_dynamic_RedBullPlayStreets,1789799001.072,0.1023,1683,4,0,84852148.2,0,4
CONT_s3_dynamic_RedBullPlayStreets,1789799001.175,0.1023,1564,2,0,94748632.0,0,2
CONT_s3_dynamic_RedBullPlayStreets,1789799001.277,0.1023,1552,2,0,93272020.5,0,2
CONT_s3_dynamic_RedBullPlayStreets,1789799001.38,0.1025,3052,3,0,87614673.7,0,2
CONT_s3_dynamic_RedBullPlayStreets,1789799001.482,0.1025,1616,3,0,80827262.0,0,2
CONT_s3_dynamic_RedBullPlayStreets,1789799001.584,0.1023,1552,2,0,79418839.5,0,2
CONT_s3_dynamic_RedBullPlayStreets,1789799001.687,0.1023,3116,4,0,76236015.0,0,2
CONT_s3_dynamic_RedBullPlayStreets,1789799001.789,0.1023,4616,5,0,76191008.6,0,2
CONT_s3_dynamic_RedBullPlayStreets,1789799001.892,0.1025,3156,5,0,73481761.8,0,2
CONT_s3_dynamic_RedBullPlayStreets,1789799001.994,0.1025,3453,3,0,92731221.7,0,2
CONT_s3_dynamic_RedBullPlayStreets,1789799002.096,0.1023,3141,3,0,47232937.3,0,2
CONT_s3_dynamic_RedBullPlayStreets,1789799002.199,0.1024,9372,13,0,132695394.1,0,2
CONT_s3_dynamic_RedBullPlayStreets,1789799002.301,0.1023,7662,10,0,107067877.0,0,2
CONT_s3_dynamic_RedBullPlayStreets,1789799002.404,0.1025,480,4,0,96383576.5,0,2
CONT_s3_dynamic_RedBullPlayStreets,1789799002.506,0.1024,4529,5,0,86163630.6,0,2
CONT_s3_dynamic_RedBullPlayStreets,1789799002.608,0.1024,4468,4,0,82981673.2,0,2
CONT_s3_dynamic_RedBullPlayStreets,1789799002.711,0.1024,1530,2,0,83150035.5,0,2
CONT_s3_dynamic_RedBullPlayStreets,1789799002.813,0.1023,0,0,0,0,0,0
CONT_s3_dynamic_RedBullPlayStreets,1789799002.916,0.1027,1531,2,0,86141630.0,0,2
CONT_s3_dynamic_RedBullPlayStreets,1789799003.018,0.1025,6130,8,0,76438050.0,0,2
CONT_s3_dynamic_RedBullPlayStreets,1789799003.121,0.1023,0,0,0,0,0,0
CONT_s3_dynamic_RedBullPlayStreets,1789799003.223,0.1024,8102,14,0,60711625.5,0,2
CONT_s3_dynamic_RedBullPlayStreets,1789799003.325,0.1023,4594,6,0,59125306.5,0,2
CONT_s3_dynamic_RedBullPlayStreets,1789799003.428,0.1026,0,0,0,0,0,0
CONT_s3_dynamic_RedBullPlayStreets,1789799003.53,0.1025,3060,4,0,66119400.5,0,2
CONT_s3_dynamic_RedBullPlayStreets,1789799003.633,0.1024,0,0,0,0,0,0
CONT_s3_dynamic_RedBullPlayStreets,1789799003.735,0.1024,6069,7,0,67325177.9,0,2
CONT_s3_dynamic_RedBullPlayStreets,1789799003.838,0.1026,4610,6,0,67456037.5,0,2
CONT_s3_dynamic_RedBullPlayStreets,1789799003.941,0.1035,6378,12,0,59215927.0,0,2
CONT_s3_dynamic_RedBullPlayStreets,1789799004.044,0.1025,141,1,0,4820340.0,0,1
CONT_s3_dynamic_RedBullPlayStreets,1789799004.146,0.1024,1530,2,0,63969337.5,0,2
CONT_s3_dynamic_RedBullPlayStreets,1789799004.249,0.1024,0,0,0,0,0,0
CONT_s3_dynamic_RedBullPlayStreets,1789799004.351,0.1026,111,2,0,62773476.5,0,2
CONT_s3_dynamic_RedBullPlayStreets,1789799004.454,0.1026,0,0,0,0,0,0
CONT_s3_dynamic_RedBullPlayStreets,1789799004.556,0.1023,0,0,0,0,0,0
CONT_s3_dynamic_RedBullPlayStreets,1789799004.658,0.1023,0,0,0,0,0,0
CONT_s3_dynamic_RedBullPlayStreets,1789799004.761,0.1023,0,0,0,0,0,0
CONT_s3_dynamic_RedBullPlayStreets,1789799004.863,0.1026,0,0,0,0,0,0
CONT_s3_dynamic_RedBullPlayStreets,1789799004.966,0.1025,0,0,0,0,0,0
CONT_s3_dynamic_RedBullPlayStreets,1789799005.068,0.1024,0,0,0,0,0,0
CONT_s3_dynamic_RedBullPlayStreets,1789799005.171,0.1023,0,0,0,0,0,0
CONT_s3_dynamic_RedBullPlayStreets,1789799005.273,0.1023,0,0,0,0,0,0
CONT_s3_dynamic_RedBullPlayStreets,1789799005.375,0.1026,0,0,0,0,0,0
CONT_s3_dynamic_RedBullPlayStreets,1789799005.478,0.1025,0,0,0,0,0,0
CONT_s3_dynamic_RedBullPlayStreets,1789799005.58,0.1023,198,1,0,0.0,0,1
CONT_s3_dynamic_RedBullPlayStreets,1789799005.683,0.1024,0,0,0,0,0,0
CONT_s3_dynamic_RedBullPlayStreets,1789799005.785,0.1024,0,0,0,0,0,0
CONT_s3_dynamic_RedBullPlayStreets,1789799005.887,0.1026,0,0,0,0,0,0
CONT_s3_dynamic_RedBullPlayStreets,1789799005.99,0.1025,453,1,0,146048010.0,0,1
CONT_s3_dynamic_RedBullPlayStreets,1789799006.092,0.1024,141,1,0,4520658.0,0,1
CONT_s3_dynamic_RedBullPlayStreets,1789799006.195,0.1024,6372,10,0,195396068.5,0,2
CONT_s3_dynamic_RedBullPlayStreets,1789799006.297,0.1024,4709,6,0,169393687.3,0,2
CONT_s3_dynamic_RedBullPlayStreets,1789799006.4,0.1027,0,0,0,0,0,0
CONT_s3_dynamic_RedBullPlayStreets,1789799006.502,0.1025,5937,5,0,153467186.4,0,2
CONT_s3_dynamic_RedBullPlayStreets,1789799006.605,0.1024,198,1,0,0.0,0,1
CONT_s3_dynamic_RedBullPlayStreets,1789799006.708,0.1028,7406,6,0,131736060.0,0,2
CONT_s3_dynamic_RedBullPlayStreets,1789799006.81,0.1025,0,0,0,0,0,0
CONT_s3_dynamic_RedBullPlayStreets,1789799006.913,0.1026,8875,7,0,108519542.3,0,2
CONT_s3_dynamic_RedBullPlayStreets,1789799007.015,0.1025,10781,12,0,84794331.2,0,2
CONT_s3_dynamic_RedBullPlayStreets,1789799007.118,0.1025,61,1,0,125029047.0,0,1
CONT_s3_dynamic_RedBullPlayStreets,1789799007.22,0.1025,10398,11,0,71696859.5,0,2
CONT_s3_dynamic_RedBullPlayStreets,1789799007.323,0.1024,0,0,0,0,0,0
CONT_s3_dynamic_RedBullPlayStreets,1789799007.425,0.1026,111,2,0,87516470.5,0,2
CONT_s3_dynamic_RedBullPlayStreets,1789799007.528,0.1026,0,0,0,0,0,0
CONT_s3_dynamic_RedBullPlayStreets,1789799007.63,0.1024,198,1,0,583158.0,0,1
CONT_s3_dynamic_RedBullPlayStreets,1789799007.733,0.1025,0,0,0,0,0,0
CONT_s3_dynamic_RedBullPlayStreets,1789799007.835,0.1027,0,0,0,0,0,0
CONT_s3_dynamic_RedBullPlayStreets,1789799007.939,0.1041,0,0,0,0,0,0
CONT_s3_dynamic_RedBullPlayStreets,1789799008.042,0.1027,0,0,0,0,0,0
CONT_s3_dynamic_RedBullPlayStreets,1789799008.145,0.1024,141,1,0,4695795.0,0,1
CONT_s3_dynamic_RedBullPlayStreets,1789799008.247,0.1025,0,0,0,0,0,0
CONT_s3_dynamic_RedBullPlayStreets,1789799008.35,0.1025,0,0,0,0,0,0
CONT_s3_dynamic_RedBullPlayStreets,1789799008.453,0.1034,0,0,0,0,0,0
CONT_s3_dynamic_RedBullPlayStreets,1789799008.555,0.1024,198,1,0,675681.0,0,1
CONT_s3_dynamic_RedBullPlayStreets,1789799008.658,0.1024,0,0,0,0,0,0
CONT_s3_dynamic_RedBullPlayStreets,1789799008.76,0.1024,0,0,0,0,0,0
CONT_s3_dynamic_RedBullPlayStreets,1789799008.863,0.1026,0,0,0,0,0,0
CONT_s3_dynamic_RedBullPlayStreets,1789799008.965,0.1026,0,0,0,0,0,0
CONT_s3_dynamic_RedBullPlayStreets,1789799009.068,0.1025,0,0,0,0,0,0
CONT_s3_dynamic_RedBullPlayStreets,1789799009.17,0.1024,0,0,0,0,0,0
CONT_s3_dynamic_RedBullPlayStreets,1789799009.273,0.1024,0,0,0,0,0,0
CONT_s3_dynamic_RedBullPlayStreets,1789799009.375,0.1026,0,0,0,0,0,0
CONT_s3_dynamic_RedBullPlayStreets,1789799009.478,0.1026,0,0,0,0,0,0
CONT_s3_dynamic_RedBullPlayStreets,1789799009.58,0.1024,0,0,0,0,0,0
CONT_s3_dynamic_RedBullPlayStreets,1789799009.682,0.1024,0,0,0,0,0,0
CONT_s3_dynamic_RedBullPlayStreets,1789799009.785,0.1024,0,0,0,0,0,0
CONT_s3_dynamic_RedBullPlayStreets,1789799009.888,0.1027,0,0,0,0,0,0
CONT_s3_dynamic_RedBullPlayStreets,1789799009.99,0.1026,0,0,0,0,0,0
CONT_s3_dynamic_RedBullPlayStreets,1789799010.092,0.1024,141,1,0,4516347.0,0,1
CONT_s3_dynamic_RedBullPlayStreets,1789799010.195,0.1025,0,0,0,0,0,0
CONT_s3_dynamic_RedBullPlayStreets,1789799010.297,0.1024,455,1,0,268278470.0,0,1
CONT_s3_dynamic_RedBullPlayStreets,1789799010.4,0.1027,24300,27,0,174201504.3,0,2
CONT_s3_dynamic_RedBullPlayStreets,1789799010.503,0.1026,10649,13,0,125474878.4,0,2
CONT_s3_dynamic_RedBullPlayStreets,1789799010.605,0.1024,9437,13,0,86244140.3,0,2
CONT_s3_dynamic_RedBullPlayStreets,1789799010.708,0.1024,10653,13,0,58308617.8,0,2
CONT_s3_dynamic_RedBullPlayStreets,1789799010.81,0.1025,8997,9,0,44102816.7,0,2
CONT_s3_dynamic_RedBullPlayStreets,1789799010.913,0.1026,9583,15,0,31876801.3,0,2
CONT_s3_dynamic_RedBullPlayStreets,1789799011.015,0.1026,10466,10,0,26577909.1,0,2
CONT_s3_dynamic_RedBullPlayStreets,1789799011.118,0.1024,9247,13,0,20474881.8,0,2
CONT_s3_dynamic_RedBullPlayStreets,1789799011.22,0.1024,10881,13,0,20253411.8,0,2
CONT_s3_dynamic_RedBullPlayStreets,1789799011.323,0.1025,9066,10,0,17242537.6,0,2
CONT_s3_dynamic_RedBullPlayStreets,1789799011.425,0.1027,10598,12,0,16738453.6,0,2
CONT_s3_dynamic_RedBullPlayStreets,1789799011.528,0.1026,10176,16,0,13483749.9,0,2
CONT_s3_dynamic_RedBullPlayStreets,1789799011.631,0.1025,811,5,0,12904693.8,0,2
CONT_s3_dynamic_RedBullPlayStreets,1789799011.733,0.1026,16342,14,0,17162168.0,0,2
CONT_s3_dynamic_RedBullPlayStreets,1789799011.836,0.1029,0,0,0,0,0,0
CONT_s3_dynamic_RedBullPlayStreets,1789799011.939,0.1025,18129,17,0,20374019.3,0,2
CONT_s3_dynamic_RedBullPlayStreets,1789799012.041,0.1026,13221,9,0,19374176.0,0,1
CONT_s3_dynamic_RedBullPlayStreets,1789799012.144,0.1025,9667,15,0,22179120.7,0,3
CONT_s3_dynamic_RedBullPlayStreets,1789799012.246,0.1025,9133,11,0,18753702.5,0,2
CONT_s3_dynamic_RedBullPlayStreets,1789799012.349,0.1027,10724,14,0,12391506.5,0,2
CONT_s3_dynamic_RedBullPlayStreets,1789799012.452,0.1035,9184,12,0,8472796.5,0,2
CONT_s3_dynamic_RedBullPlayStreets,1789799012.555,0.1025,10526,11,0,8298890.8,0,2
CONT_s3_dynamic_RedBullPlayStreets,1789799012.657,0.1024,8058,13,0,6627854.9,0,2
CONT_s3_dynamic_RedBullPlayStreets,1789799012.76,0.1024,12057,13,0,8069469.2,0,2
CONT_s3_dynamic_RedBullPlayStreets,1789799012.862,0.1026,7650,10,0,7847783.0,0,2
CONT_s3_dynamic_RedBullPlayStreets,1789799012.965,0.1026,11995,12,0,9118859.7,0,2
CONT_s3_dynamic_RedBullPlayStreets,1789799013.067,0.1025,8059,13,0,10478168.7,0,2
CONT_s3_dynamic_RedBullPlayStreets,1789799013.17,0.1024,10941,18,0,12542672.4,0,2
CONT_s3_dynamic_RedBullPlayStreets,1789799013.272,0.1025,0,0,0,0,0,0
CONT_s3_dynamic_RedBullPlayStreets,1789799013.375,0.1025,14812,12,0,18046449.8,0,2
CONT_s3_dynamic_RedBullPlayStreets,1789799013.477,0.1026,14750,11,0,20047939.7,0,2
CONT_s3_dynamic_RedBullPlayStreets,1789799013.58,0.1024,4841,7,0,22641506.1,0,2
CONT_s3_dynamic_RedBullPlayStreets,1789799013.682,0.1025,14873,13,0,22142130.5,0,2
CONT_s3_dynamic_RedBullPlayStreets,1789799013.785,0.1025,3060,4,0,26252233.0,0,2
CONT_s3_dynamic_RedBullPlayStreets,1789799013.887,0.1027,16342,14,0,22284527.9,0,2
CONT_s3_dynamic_RedBullPlayStreets,1789799013.99,0.1027,7934,11,0,23216804.9,0,2
CONT_s3_dynamic_RedBullPlayStreets,1789799014.093,0.1024,9148,10,0,21933551.0,0,3
CONT_s3_dynamic_RedBullPlayStreets,1789799014.195,0.1025,9121,11,0,21998178.2,0,2
CONT_s3_dynamic_RedBullPlayStreets,1789799014.298,0.1025,12155,11,0,22301086.5,0,2
CONT_s3_dynamic_RedBullPlayStreets,1789799014.4,0.1027,10466,10,0,23780317.7,0,2
CONT_s3_dynamic_RedBullPlayStreets,1789799014.503,0.1027,7528,8,0,25513014.5,0,2
CONT_s3_dynamic_RedBullPlayStreets,1789799014.605,0.1024,10466,10,0,25132967.6,0,2
CONT_s3_dynamic_RedBullPlayStreets,1789799014.708,0.1025,9284,10,0,25364912.9,0,2
CONT_s3_dynamic_RedBullPlayStreets,1789799014.81,0.1025,10466,10,0,25466602.1,0,2
CONT_s3_dynamic_RedBullPlayStreets,1789799014.913,0.1029,10492,21,0,19102731.3,0,2
CONT_s3_dynamic_RedBullPlayStreets,1789799015.016,0.1026,61,1,0,19499149.0,0,1
CONT_s3_dynamic_RedBullPlayStreets,1789799015.118,0.1025,14812,12,0,21621320.8,0,2
CONT_s3_dynamic_RedBullPlayStreets,1789799015.221,0.1024,14750,11,0,22018709.3,0,2
CONT_s3_dynamic_RedBullPlayStreets,1789799015.323,0.1025,4841,7,0,24152047.1,0,2
CONT_s3_dynamic_RedBullPlayStreets,1789799015.426,0.1026,14873,13,0,23261112.4,0,2
CONT_s3_dynamic_RedBullPlayStreets,1789799015.528,0.1026,3060,4,0,27749251.5,0,2
CONT_s3_dynamic_RedBullPlayStreets,1789799015.631,0.1025,16342,14,0,23287579.2,0,2
CONT_s3_dynamic_RedBullPlayStreets,1789799015.733,0.1026,3341,5,0,27564296.6,0,2
CONT_s3_dynamic_RedBullPlayStreets,1789799015.836,0.1028,14813,12,0,25183751.8,0,2
CONT_s3_dynamic_RedBullPlayStreets,1789799015.939,0.1026,4598,6,0,31497592.0,0,2
CONT_s3_dynamic_RedBullPlayStreets,1789799016.041,0.1025,15270,16,0,24972350.2,0,2
CONT_s3_dynamic_RedBullPlayStreets,1789799016.144,0.1024,10548,10,0,26369187.3,0,3
CONT_s3_dynamic_RedBullPlayStreets,1789799016.246,0.1025,9066,10,0,29908506.6,0,2
CONT_s3_dynamic_RedBullPlayStreets,1789799016.349,0.1025,10409,9,0,27309321.9,0,2
CONT_s3_dynamic_RedBullPlayStreets,1789799016.452,0.1038,7996,12,0,25591228.0,0,2
CONT_s3_dynamic_RedBullPlayStreets,1789799016.555,0.1024,10409,9,0,25429324.6,0,2
CONT_s3_dynamic_RedBullPlayStreets,1789799016.657,0.1024,9071,10,0,24832403.6,0,2
CONT_s3_dynamic_RedBullPlayStreets,1789799016.76,0.1025,9276,10,0,23024547.2,0,2
CONT_s3_dynamic_RedBullPlayStreets,1789799016.862,0.1026,9125,11,0,23115035.9,0,2
CONT_s3_dynamic_RedBullPlayStreets,1789799016.965,0.1028,11878,10,0,23589319.8,0,2
CONT_s3_dynamic_RedBullPlayStreets,1789799017.068,0.1025,10409,9,0,24072040.6,0,2
CONT_s3_dynamic_RedBullPlayStreets,1789799017.17,0.1025,7882,10,0,23458633.6,0,2
CONT_s3_dynamic_RedBullPlayStreets,1789799017.273,0.1024,3288,10,0,19050940.8,0,2
CONT_s3_dynamic_RedBullPlayStreets,1789799017.375,0.1026,16342,14,0,21104558.7,0,2
CONT_s3_dynamic_RedBullPlayStreets,1789799017.478,0.1026,0,0,0,0,0,0
CONT_s3_dynamic_RedBullPlayStreets,1789799017.58,0.1024,18068,16,0,24048757.2,0,2
CONT_s3_dynamic_RedBullPlayStreets,1789799017.683,0.1025,0,0,0,0,0,0
CONT_s3_dynamic_RedBullPlayStreets,1789799017.785,0.1025,19563,17,0,26593787.8,0,2
CONT_s3_dynamic_RedBullPlayStreets,1789799017.888,0.1026,12127,14,0,30863744.4,0,2
CONT_s3_dynamic_RedBullPlayStreets,1789799017.99,0.1026,9003,9,0,28079783.0,0,2
CONT_s3_dynamic_RedBullPlayStreets,1789799018.093,0.1025,8944,8,0,26255459.0,0,2
CONT_s3_dynamic_RedBullPlayStreets,1789799018.195,0.1025,7612,8,0,24148238.8,0,3
CONT_s3_dynamic_RedBullPlayStreets,1789799018.298,0.1027,12277,13,0,24929834.6,0,2
CONT_s3_dynamic_RedBullPlayStreets,1789799018.401,0.1025,5998,6,0,26014463.7,0,2
CONT_s3_dynamic_RedBullPlayStreets,1789799018.503,0.1026,13404,12,0,26709534.0,0,2
CONT_s3_dynamic_RedBullPlayStreets,1789799018.606,0.1024,5998,6,0,26891293.7,0,2
CONT_s3_dynamic_RedBullPlayStreets,1789799018.708,0.1025,13810,15,0,26594462.0,0,2
CONT_s3_dynamic_RedBullPlayStreets,1789799018.811,0.1025,7475,7,0,26045887.1,0,2
CONT_s3_dynamic_RedBullPlayStreets,1789799018.913,0.1027,10535,11,0,25263754.8,0,2
CONT_s3_dynamic_RedBullPlayStreets,1789799019.016,0.1026,12223,12,0,24520420.0,0,2
CONT_s3_dynamic_RedBullPlayStreets,1789799019.118,0.1024,4590,6,0,24215895.5,0,2
CONT_s3_dynamic_RedBullPlayStreets,1789799019.221,0.1025,13404,12,0,24402723.2,0,2
CONT_s3_dynamic_RedBullPlayStreets,1789799019.323,0.1025,10405,9,0,23680164.4,0,2
CONT_s3_dynamic_RedBullPlayStreets,1789799019.426,0.1027,9392,12,0,21209431.0,0,2
CONT_s3_dynamic_RedBullPlayStreets,1789799019.529,0.1026,4199,12,0,16827906.8,0,2
CONT_s3_dynamic_RedBullPlayStreets,1789799019.631,0.1025,16281,13,0,18896354.8,0,2
CONT_s3_dynamic_RedBullPlayStreets,1789799019.734,0.1025,3121,5,0,21495217.8,0,2
CONT_s3_dynamic_RedBullPlayStreets,1789799019.836,0.1028,16853,19,0,20183298.2,0,2
CONT_s3_dynamic_RedBullPlayStreets,1789799019.939,0.103,1532,2,0,20475171.5,0,2
CONT_s3_dynamic_RedBullPlayStreets,1789799020.042,0.1025,13676,16,0,19731647.6,0,2
CONT_s3_dynamic_RedBullPlayStreets,1789799020.144,0.1025,12023,11,0,19948930.5,0,3
CONT_s3_dynamic_RedBullPlayStreets,1789799020.247,0.1025,6401,9,0,20385065.3,0,2
CONT_s3_dynamic_RedBullPlayStreets,1789799020.35,0.1028,14934,14,0,23078866.0,0,2
CONT_s3_dynamic_RedBullPlayStreets,1789799020.453,0.1032,4468,4,0,23278175.0,0,2
CONT_s3_dynamic_RedBullPlayStreets,1789799020.555,0.1024,15215,15,0,23877737.2,0,2
CONT_s3_dynamic_RedBullPlayStreets,1789799020.658,0.1024,4468,4,0,24660855.0,0,2
CONT_s3_dynamic_RedBullPlayStreets,1789799020.76,0.1024,13404,12,0,25692762.0,0,2
CONT_s3_dynamic_RedBullPlayStreets,1789799020.863,0.1026,6129,8,0,24571666.0,0,2
CONT_s3_dynamic_RedBullPlayStreets,1789799020.965,0.1025,15281,16,0,23266413.5,0,2
CONT_s3_dynamic_RedBullPlayStreets,1789799021.068,0.1025,8997,9,0,24412759.7,0,2
CONT_s3_dynamic_RedBullPlayStreets,1789799021.17,0.1025,6059,7,0,23167497.4,0,2
CONT_s3_dynamic_RedBullPlayStreets,1789799021.273,0.1024,13404,12,0,24598122.2,0,2
CONT_s3_dynamic_RedBullPlayStreets,1789799021.375,0.1027,3341,5,0,23132929.0,0,2
CONT_s3_dynamic_RedBullPlayStreets,1789799021.478,0.1026,16347,14,0,24185417.1,0,2
CONT_s3_dynamic_RedBullPlayStreets,1789799021.58,0.1024,1591,3,0,23395053.7,0,2
CONT_s3_dynamic_RedBullPlayStreets,1789799021.683,0.1025,16745,17,0,22420817.0,0,2
CONT_s3_dynamic_RedBullPlayStreets,1789799021.785,0.1024,10653,13,0,19735975.7,0,2
CONT_s3_dynamic_RedBullPlayStreets,1789799021.888,0.1027,9066,10,0,18972646.8,0,2
CONT_s3_dynamic_RedBullPlayStreets,1789799021.99,0.1026,9134,11,0,16410811.4,0,2
CONT_s3_dynamic_RedBullPlayStreets,1789799022.093,0.1024,10871,13,0,16756006.8,0,2
CONT_s3_dynamic_RedBullPlayStreets,1789799022.195,0.1024,10607,11,0,15869576.5,0,3
CONT_s3_dynamic_RedBullPlayStreets,1789799022.298,0.1025,8041,15,0,15372507.7,0,2
CONT_s3_dynamic_RedBullPlayStreets,1789799022.4,0.1026,0,0,0,0,0,0
CONT_s3_dynamic_RedBullPlayStreets,1789799022.503,0.1026,17872,16,0,17868099.5,0,2
CONT_s3_dynamic_RedBullPlayStreets,1789799022.605,0.1024,0,0,0,0,0,0
CONT_s3_dynamic_RedBullPlayStreets,1789799022.708,0.1024,19597,18,0,19804575.6,0,2
CONT_s3_dynamic_RedBullPlayStreets,1789799022.81,0.1024,0,0,0,0,0,0
CONT_s3_dynamic_RedBullPlayStreets,1789799022.913,0.1026,19343,17,0,21433177.7,0,2
CONT_s3_dynamic_RedBullPlayStreets,1789799023.015,0.1025,10744,11,0,21932243.9,0,2
CONT_s3_dynamic_RedBullPlayStreets,1789799023.118,0.1025,6066,7,0,26523525.9,0,2
CONT_s3_dynamic_RedBullPlayStreets,1789799023.22,0.1025,15147,17,0,25478692.2,0,2
CONT_s3_dynamic_RedBullPlayStreets,1789799023.323,0.1025,10409,9,0,23209544.0,0,2
CONT_s3_dynamic_RedBullPlayStreets,1789799023.425,0.1027,9407,12,0,23173729.8,0,2
CONT_s3_dynamic_RedBullPlayStreets,1789799023.528,0.1025,8936,8,0,23558153.2,0,2
CONT_s3_dynamic_RedBullPlayStreets,1789799023.631,0.1027,10588,12,0,21200836.5,0,2
CONT_s3_dynamic_RedBullPlayStreets,1789799023.733,0.1025,9002,9,0,21955519.0,0,2
CONT_s3_dynamic_RedBullPlayStreets,1789799023.836,0.1028,9520,14,0,19027199.0,0,2
CONT_s3_dynamic_RedBullPlayStreets,1789799023.94,0.104,8940,8,0,21002051.5,0,2
CONT_s3_dynamic_RedBullPlayStreets,1789799024.043,0.1027,10936,16,0,17809630.7,0,2
CONT_s3_dynamic_RedBullPlayStreets,1789799024.145,0.1024,141,1,0,5312957.0,0,1
CONT_s3_dynamic_RedBullPlayStreets,1789799024.247,0.1025,14812,12,0,21390991.3,0,2
CONT_s3_dynamic_RedBullPlayStreets,1789799024.35,0.1026,14750,11,0,21922226.6,0,2
CONT_s3_dynamic_RedBullPlayStreets,1789799024.452,0.1025,4841,7,0,24007711.4,0,2
CONT_s3_dynamic_RedBullPlayStreets,1789799024.555,0.1024,14811,12,0,22424869.2,0,2
CONT_s3_dynamic_RedBullPlayStreets,1789799024.657,0.1024,3060,4,0,29397855.5,0,2
CONT_s3_dynamic_RedBullPlayStreets,1789799024.76,0.1025,16623,15,0,25555283.8,0,2
CONT_s3_dynamic_RedBullPlayStreets,1789799024.862,0.1026,7592,9,0,29729981.3,0,2
CONT_s3_dynamic_RedBullPlayStreets,1789799024.965,0.1026,11945,11,0,27902600.3,0,2
CONT_s3_dynamic_RedBullPlayStreets,1789799025.067,0.1026,6191,9,0,25050897.7,0,2
CONT_s3_dynamic_RedBullPlayStreets,1789799025.17,0.1025,12283,13,0,21397861.4,0,2
CONT_s3_dynamic_RedBullPlayStreets,1789799025.272,0.1025,10405,9,0,21408862.1,0,2
CONT_s3_dynamic_RedBullPlayStreets,1789799025.375,0.1028,7589,9,0,23083791.7,0,2
CONT_s3_dynamic_RedBullPlayStreets,1789799025.478,0.1026,10466,10,0,23027369.5,0,2
CONT_s3_dynamic_RedBullPlayStreets,1789799025.58,0.1024,9283,10,0,22133741.3,0,2
CONT_s3_dynamic_RedBullPlayStreets,1789799025.683,0.1024,10466,10,0,22856282.1,0,2
CONT_s3_dynamic_RedBullPlayStreets,1789799025.785,0.1024,10592,12,0,23877638.5,0,2
CONT_s3_dynamic_RedBullPlayStreets,1789799025.888,0.1027,7994,12,0,20860013.8,0,2
CONT_s3_dynamic_RedBullPlayStreets,1789799025.991,0.1026,12052,13,0,18679452.2,0,2
CONT_s3_dynamic_RedBullPlayStreets,1789799026.093,0.1024,9058,10,0,18129352.8,0,2
CONT_s3_dynamic_RedBullPlayStreets,1789799026.195,0.1026,9199,11,0,17368777.3,0,3
CONT_s3_dynamic_RedBullPlayStreets,1789799026.298,0.1025,14918,24,0,8828946.7,0,4
CONT_s3_dynamic_RedBullPlayStreets,1789799026.401,0.1029,10793,13,0,2477048.9,0,2
CONT_s3_dynamic_RedBullPlayStreets,1789799026.504,0.1027,8140,11,0,2899305.3,0,2
CONT_s3_dynamic_RedBullPlayStreets,1789799026.606,0.1026,10968,16,0,12059180.0,0,2
CONT_s3_dynamic_RedBullPlayStreets,1789799026.709,0.1026,10338,17,0,13918513.2,0,2
CONT_s3_dynamic_RedBullPlayStreets,1789799026.811,0.1026,9695,15,0,11684242.3,0,2
CONT_s3_dynamic_RedBullPlayStreets,1789799026.914,0.1028,4173,7,0,12620329.0,0,2
CONT_s3_dynamic_RedBullPlayStreets,1789799027.017,0.1027,16073,18,0,16988574.3,0,2
CONT_s3_dynamic_RedBullPlayStreets,1789799027.119,0.1025,4129,6,0,17033188.0,0,2
CONT_s3_dynamic_RedBullPlayStreets,1789799027.222,0.1029,14909,19,0,18086158.1,0,3
CONT_s3_dynamic_RedBullPlayStreets,1789799027.325,0.1027,10237,16,0,12958497.5,0,4
CONT_s3_dynamic_RedBullPlayStreets,1789799027.428,0.1031,9869,14,0,16326336.3,0,2
CONT_s3_dynamic_RedBullPlayStreets,1789799027.531,0.1029,10189,16,0,17085515.4,0,4
CONT_s3_dynamic_RedBullPlayStreets,1789799027.634,0.1028,10964,12,0,18298553.8,0,2
CONT_s3_dynamic_RedBullPlayStreets,1789799027.737,0.1028,8577,12,0,20773675.8,0,4
CONT_s3_dynamic_RedBullPlayStreets,1789799027.84,0.103,10212,10,0,19430332.6,0,2
CONT_s3_dynamic_RedBullPlayStreets,1789799027.944,0.1042,10334,13,0,26922912.5,0,4
CONT_s3_dynamic_RedBullPlayStreets,1789799028.047,0.1029,9946,10,0,23458995.6,0,2
CONT_s3_dynamic_RedBullPlayStreets,1789799028.149,0.1028,7680,12,0,29263680.2,0,5
CONT_s3_dynamic_RedBullPlayStreets,1789799028.252,0.1028,11599,12,0,31890262.0,0,4
CONT_s3_dynamic_RedBullPlayStreets,1789799028.355,0.1028,7898,10,0,21800030.0,0,2
CONT_s3_dynamic_RedBullPlayStreets,1789799028.458,0.103,11644,11,0,38396927.6,0,4
CONT_s3_dynamic_RedBullPlayStreets,1789799028.561,0.1027,10433,12,0,27648883.7,0,3
CONT_s3_dynamic_RedBullPlayStreets,1789799028.664,0.1028,9091,10,0,47799531.6,0,4
CONT_s3_dynamic_RedBullPlayStreets,1789799028.767,0.1029,10929,13,0,35816550.7,0,4
CONT_s3_dynamic_RedBullPlayStreets,1789799028.869,0.1029,4848,7,0,49138358.4,0,4
CONT_s3_dynamic_RedBullPlayStreets,1789799028.972,0.1028,11557,9,0,29231984.9,0,2
CONT_s3_dynamic_RedBullPlayStreets,1789799029.075,0.1029,7623,8,0,57328288.8,0,4
CONT_s3_dynamic_RedBullPlayStreets,1789799029.178,0.1028,14609,12,0,37979170.4,0,4
CONT_s3_dynamic_RedBullPlayStreets,1789799029.281,0.1029,1519,2,0,30405721.5,0,2
CONT_s3_dynamic_RedBullPlayStreets,1789799029.384,0.103,17172,16,0,35969610.9,0,4
CONT_s3_dynamic_RedBullPlayStreets,1789799029.487,0.1029,61,1,0,36383630.0,0,1
CONT_s3_dynamic_RedBullPlayStreets,1789799029.589,0.1027,17721,15,0,31356087.7,0,3
CONT_s3_dynamic_RedBullPlayStreets,1789799029.692,0.1028,52,1,0,56640422.0,0,1
CONT_s3_dynamic_RedBullPlayStreets,1789799029.795,0.1028,21241,19,0,33429636.4,0,4
CONT_s3_dynamic_RedBullPlayStreets,1789799029.898,0.103,7623,9,0,45969746.3,0,4
CONT_s3_dynamic_RedBullPlayStreets,1789799030.001,0.1029,12026,13,0,28269023.4,0,3
CONT_s3_dynamic_RedBullPlayStreets,1789799030.104,0.1028,9199,12,0,39479522.5,0,4
CONT_s3_dynamic_RedBullPlayStreets,1789799030.206,0.1028,10816,14,0,25052351.9,0,5
CONT_s3_dynamic_RedBullPlayStreets,1789799030.309,0.1027,9568,12,0,24766612.2,0,4
CONT_s3_dynamic_RedBullPlayStreets,1789799030.412,0.103,6089,7,0,22938838.9,0,3
CONT_s3_dynamic_RedBullPlayStreets,1789799030.515,0.103,12136,14,0,28807879.1,0,4
CONT_s3_dynamic_RedBullPlayStreets,1789799030.618,0.1027,10674,13,0,27941647.5,0,4
CONT_s3_dynamic_RedBullPlayStreets,1789799030.721,0.1027,10881,13,0,28714542.2,0,4
CONT_s3_dynamic_RedBullPlayStreets,1789799030.823,0.1028,9243,12,0,31524444.9,0,4
CONT_s3_dynamic_RedBullPlayStreets,1789799030.926,0.103,10523,11,0,22123659.8,0,3
CONT_s3_dynamic_RedBullPlayStreets,1789799031.029,0.1029,7816,12,0,34086114.5,0,5
CONT_s3_dynamic_RedBullPlayStreets,1789799031.132,0.1029,10731,11,0,18738525.7,0,2
CONT_s3_dynamic_RedBullPlayStreets,1789799031.235,0.103,9679,11,0,26374050.0,0,5
CONT_s3_dynamic_RedBullPlayStreets,1789799031.338,0.1032,10404,9,0,20381781.3,0,2
CONT_s3_dynamic_RedBullPlayStreets,1789799031.443,0.1052,8116,13,0,18982933.0,0,4
CONT_s3_dynamic_RedBullPlayStreets,1789799031.547,0.1032,12183,12,0,20851596.7,0,2
CONT_s3_dynamic_RedBullPlayStreets,1789799031.65,0.1029,5893,8,0,25647866.0,0,4
CONT_s3_dynamic_RedBullPlayStreets,1789799031.752,0.1029,10626,14,0,26642832.9,0,4
CONT_s3_dynamic_RedBullPlayStreets,1789799031.856,0.1031,13221,9,0,22268341.0,0,1
CONT_s3_dynamic_RedBullPlayStreets,1789799031.959,0.1031,9478,14,0,21756415.5,0,2
CONT_s3_dynamic_RedBullPlayStreets,1789799032.062,0.1028,10469,10,0,18091886.7,0,2
CONT_s3_dynamic_RedBullPlayStreets,1789799032.165,0.103,9276,12,0,14104412.0,0,3
CONT_s3_dynamic_RedBullPlayStreets,1789799032.267,0.1029,10613,12,0,14232784.0,0,2
CONT_s3_dynamic_RedBullPlayStreets,1789799032.37,0.103,9204,12,0,10743526.0,0,2
CONT_s3_dynamic_RedBullPlayStreets,1789799032.473,0.103,10931,14,0,20389316.9,0,4
CONT_s3_dynamic_RedBullPlayStreets,1789799032.576,0.103,9241,13,0,7656795.9,0,2
CONT_s3_dynamic_RedBullPlayStreets,1789799032.679,0.1029,10526,10,0,39332723.8,0,4
CONT_s3_dynamic_RedBullPlayStreets,1789799032.783,0.1031,9177,11,0,35692247.9,0,4
CONT_s3_dynamic_RedBullPlayStreets,1789799032.886,0.103,9182,12,0,11051059.7,0,2
CONT_s3_dynamic_RedBullPlayStreets,1789799032.989,0.1032,9483,13,0,32460789.4,0,4
CONT_s3_dynamic_RedBullPlayStreets,1789799033.092,0.103,10588,12,0,11452610.5,0,2
CONT_s3_dynamic_RedBullPlayStreets,1789799033.195,0.1029,10585,11,0,38262089.5,0,4
CONT_s3_dynamic_RedBullPlayStreets,1789799033.298,0.1029,8934,8,0,14590050.2,0,2
CONT_s3_dynamic_RedBullPlayStreets,1789799033.401,0.1031,8028,12,0,36519537.4,0,4
CONT_s3_dynamic_RedBullPlayStreets,1789799033.504,0.1032,12092,13,0,23189437.4,0,3
CONT_s3_dynamic_RedBullPlayStreets,1789799033.607,0.1029,9023,9,0,35253215.1,0,4
CONT_s3_dynamic_RedBullPlayStreets,1789799033.71,0.103,10585,11,0,40194889.0,0,4
CONT_s3_dynamic_RedBullPlayStreets,1789799033.813,0.1029,7796,9,0,16107761.7,0,2
CONT_s3_dynamic_RedBullPlayStreets,1789799033.916,0.1031,10617,11,0,50390844.8,0,4
CONT_s3_dynamic_RedBullPlayStreets,1789799034.019,0.1034,8875,7,0,18481071.7,0,2
CONT_s3_dynamic_RedBullPlayStreets,1789799034.122,0.103,10611,11,0,51489274.8,0,4
CONT_s3_dynamic_RedBullPlayStreets,1789799034.225,0.1029,9610,13,0,42592555.5,0,5
CONT_s3_dynamic_RedBullPlayStreets,1789799034.33,0.1046,11929,10,0,41743111.4,0,4
CONT_s3_dynamic_RedBullPlayStreets,1789799034.433,0.1031,7615,8,0,57066731.9,0,4
CONT_s3_dynamic_RedBullPlayStreets,1789799034.536,0.103,10083,15,0,54564822.0,0,4
CONT_s3_dynamic_RedBullPlayStreets,1789799034.639,0.1029,11752,8,0,24371092.0,0,1
CONT_s3_dynamic_RedBullPlayStreets,1789799034.742,0.103,7683,9,0,61527818.4,0,4
CONT_s3_dynamic_RedBullPlayStreets,1789799034.845,0.1031,11876,9,0,37016223.4,0,3
CONT_s3_dynamic_RedBullPlayStreets,1789799034.949,0.1045,7720,11,0,29315316.3,0,2
CONT_s3_dynamic_RedBullPlayStreets,1789799035.052,0.103,7821,10,0,25892117.5,0,2
CONT_s3_dynamic_RedBullPlayStreets,1789799035.155,0.103,13473,13,0,25826678.0,0,2
CONT_s3_dynamic_RedBullPlayStreets,1789799035.258,0.1031,8940,8,0,26594782.8,0,2
CONT_s3_dynamic_RedBullPlayStreets,1789799035.361,0.1029,10788,12,0,23688309.5,0,2
CONT_s3_dynamic_RedBullPlayStreets,1789799035.464,0.103,9001,9,0,24358885.7,0,2
CONT_s3_dynamic_RedBullPlayStreets,1789799035.567,0.103,8997,9,0,24148972.3,0,2
CONT_s3_dynamic_RedBullPlayStreets,1789799035.67,0.103,8936,8,0,25097964.5,0,2
CONT_s3_dynamic_RedBullPlayStreets,1789799035.773,0.1029,10782,12,0,23086981.0,0,2
CONT_s3_dynamic_RedBullPlayStreets,1789799035.876,0.1031,8936,8,0,24403154.5,0,2
CONT_s3_dynamic_RedBullPlayStreets,1789799035.979,0.103,7592,9,0,23343975.2,0,2
CONT_s3_dynamic_RedBullPlayStreets,1789799036.082,0.1029,13671,13,0,25122596.3,0,2
CONT_s3_dynamic_RedBullPlayStreets,1789799036.185,0.103,9262,12,0,23072107.4,0,3
CONT_s3_dynamic_RedBullPlayStreets,1789799036.288,0.103,10405,9,0,25833907.0,0,2
CONT_s3_dynamic_RedBullPlayStreets,1789799036.391,0.1031,8997,9,0,24782037.3,0,2
CONT_s3_dynamic_RedBullPlayStreets,1789799036.494,0.1031,10723,11,0,23096886.3,0,2
CONT_s3_dynamic_RedBullPlayStreets,1789799036.597,0.1029,7528,8,0,23034455.5,0,2
CONT_s3_dynamic_RedBullPlayStreets,1789799036.7,0.103,11874,10,0,24850939.6,0,2
CONT_s3_dynamic_RedBullPlayStreets,1789799036.803,0.103,6498,11,0,21876944.6,0,2
CONT_s3_dynamic_RedBullPlayStreets,1789799036.907,0.1032,9516,15,0,19914554.7,0,2
CONT_s3_dynamic_RedBullPlayStreets,1789799037.01,0.103,0,0,0,0,0,0
CONT_s3_dynamic_RedBullPlayStreets,1789799037.112,0.1029,0,0,0,0,0,0
CONT_s3_dynamic_RedBullPlayStreets,1789799037.215,0.103,0,0,0,0,0,0
CONT_s3_dynamic_RedBullPlayStreets,1789799037.318,0.1029,0,0,0,0,0,0
CONT_s3_dynamic_RedBullPlayStreets,1789799037.421,0.1031,0,0,0,0,0,0
CONT_s3_dynamic_RedBullPlayStreets,1789799037.525,0.1033,0,0,0,0,0,0
CONT_s3_dynamic_RedBullPlayStreets,1789799037.628,0.1029,0,0,0,0,0,0
CONT_s3_dynamic_RedBullPlayStreets,1789799037.731,0.103,0,0,0,0,0,0
CONT_s3_dynamic_RedBullPlayStreets,1789799037.834,0.1033,0,0,0,0,0,0
CONT_s3_dynamic_RedBullPlayStreets,1789799037.937,0.103,19977,19,0,73775081.0,0,2
CONT_s3_dynamic_RedBullPlayStreets,1789799038.04,0.103,9180,12,0,57601830.5,0,2
CONT_s3_dynamic_RedBullPlayStreets,1789799038.143,0.103,9474,14,0,38112356.5,0,2
CONT_s3_dynamic_RedBullPlayStreets,1789799038.246,0.1029,10856,15,0,23011250.4,0,3
CONT_s3_dynamic_RedBullPlayStreets,1789799038.349,0.1031,8995,9,0,18747560.3,0,2
CONT_s3_dynamic_RedBullPlayStreets,1789799038.453,0.1043,10588,12,0,15446043.5,0,2
CONT_s3_dynamic_RedBullPlayStreets,1789799038.556,0.103,9436,13,0,16002996.6,0,2
CONT_s3_dynamic_RedBullPlayStreets,1789799038.659,0.103,10717,14,0,11360516.0,0,2
CONT_s3_dynamic_RedBullPlayStreets,1789799038.762,0.103,9127,11,0,13716202.1,0,2
CONT_s3_dynamic_RedBullPlayStreets,1789799038.865,0.1029,9383,12,0,12218879.0,0,2
CONT_s3_dynamic_RedBullPlayStreets,1789799038.968,0.103,10534,11,0,12591705.8,0,2
CONT_s3_dynamic_RedBullPlayStreets,1789799039.071,0.1031,10540,11,0,14412883.7,0,2
CONT_s3_dynamic_RedBullPlayStreets,1789799039.174,0.103,9066,10,0,15328155.4,0,2
CONT_s3_dynamic_RedBullPlayStreets,1789799039.278,0.1032,9438,13,0,15857952.4,0,2
CONT_s3_dynamic_RedBullPlayStreets,1789799039.38,0.1029,10527,11,0,17041438.8,0,2
CONT_s3_dynamic_RedBullPlayStreets,1789799039.484,0.1032,8935,8,0,19166918.5,0,2
CONT_s3_dynamic_RedBullPlayStreets,1789799039.587,0.103,9565,15,0,15931133.6,0,2
CONT_s3_dynamic_RedBullPlayStreets,1789799039.69,0.103,10592,12,0,16364862.0,0,2
CONT_s3_dynamic_RedBullPlayStreets,1789799039.793,0.1029,10405,9,0,18616863.7,0,2
CONT_s3_dynamic_RedBullPlayStreets,1789799039.896,0.103,9180,12,0,15291575.0,0,2
CONT_s3_dynamic_RedBullPlayStreets,1789799039.999,0.1031,9367,12,0,14661612.3,0,2
CONT_s3_dynamic_RedBullPlayStreets,1789799040.102,0.103,9337,15,0,12498117.7,0,2
CONT_s3_dynamic_RedBullPlayStreets,1789799040.205,0.103,141,1,0,4188034.0,0,1
CONT_s3_dynamic_RedBullPlayStreets,1789799040.308,0.103,0,0,0,0,0,0
CONT_s3_dynamic_RedBullPlayStreets,1789799040.411,0.103,0,0,0,0,0,0
CONT_s3_dynamic_RedBullPlayStreets,1789799040.514,0.1031,0,0,0,0,0,0
CONT_s3_dynamic_RedBullPlayStreets,1789799040.617,0.1029,0,0,0,0,0,0
CONT_s3_dynamic_RedBullPlayStreets,1789799040.72,0.1029,0,0,0,0,0,0
CONT_s3_dynamic_RedBullPlayStreets,1789799040.822,0.1029,0,0,0,0,0,0
CONT_s3_dynamic_RedBullPlayStreets,1789799040.926,0.1031,0,0,0,0,0,0
CONT_s3_dynamic_RedBullPlayStreets,1789799041.029,0.1031,0,0,0,0,0,0
CONT_s3_dynamic_RedBullPlayStreets,1789799041.131,0.1029,0,0,0,0,0,0
CONT_s3_dynamic_RedBullPlayStreets,1789799041.234,0.1029,0,0,0,0,0,0
CONT_s3_dynamic_RedBullPlayStreets,1789799041.338,0.1031,0,0,0,0,0,0
CONT_s3_dynamic_RedBullPlayStreets,1789799041.442,0.1044,0,0,0,0,0,0
CONT_s3_dynamic_RedBullPlayStreets,1789799041.545,0.1031,0,0,0,0,0,0
CONT_s3_dynamic_RedBullPlayStreets,1789799041.648,0.1029,0,0,0,0,0,0
CONT_s3_dynamic_RedBullPlayStreets,1789799041.751,0.1029,0,0,0,0,0,0
CONT_s3_dynamic_RedBullPlayStreets,1789799041.854,0.103,0,0,0,0,0,0
CONT_s3_dynamic_RedBullPlayStreets,1789799041.957,0.103,0,0,0,0,0,0
CONT_s3_dynamic_RedBullPlayStreets,1789799042.06,0.1029,0,0,0,0,0,0
CONT_s3_dynamic_RedBullPlayStreets,1789799042.163,0.103,18447,17,0,141939207.0,0,2
CONT_s3_dynamic_RedBullPlayStreets,1789799042.266,0.103,10851,15,0,99143940.7,0,3
CONT_s3_dynamic_RedBullPlayStreets,1789799042.369,0.103,9413,13,0,70122131.6,0,2
CONT_s3_dynamic_RedBullPlayStreets,1789799042.472,0.1031,9246,13,0,48004751.0,0,2
CONT_s3_dynamic_RedBullPlayStreets,1789799042.575,0.103,10714,14,0,30211131.5,0,2
CONT_s3_dynamic_RedBullPlayStreets,1789799042.678,0.103,9392,12,0,21390453.5,0,2
CONT_s3_dynamic_RedBullPlayStreets,1789799042.781,0.103,10729,14,0,14478631.0,0,2
CONT_s3_dynamic_RedBullPlayStreets,1789799042.884,0.1032,9192,12,0,12058758.5,0,2
CONT_s3_dynamic_RedBullPlayStreets,1789799042.987,0.1031,10527,11,0,10666223.8,0,2
CONT_s3_dynamic_RedBullPlayStreets,1789799043.09,0.103,9504,14,0,9457898.5,0,2
CONT_s3_dynamic_RedBullPlayStreets,1789799043.193,0.103,0,0,0,0,0,0
CONT_s3_dynamic_RedBullPlayStreets,1789799043.296,0.103,0,0,0,0,0,0
CONT_s3_dynamic_RedBullPlayStreets,1789799043.399,0.103,33246,34,0,12514587.1,0,2
CONT_s3_dynamic_RedBullPlayStreets,1789799043.502,0.1031,19518,20,0,7473016.7,0,2
CONT_s3_dynamic_RedBullPlayStreets,1789799043.605,0.1029,16787,18,0,8477624.0,0,2
CONT_s3_dynamic_RedBullPlayStreets,1789799043.708,0.1031,23747,20,0,10468489.2,0,2
CONT_s3_dynamic_RedBullPlayStreets,1789799043.811,0.1031,10847,16,0,10508422.6,0,2
CONT_s3_dynamic_RedBullPlayStreets,1789799043.915,0.1031,0,0,0,0,0,0
CONT_s3_dynamic_RedBullPlayStreets,1789799044.018,0.103,0,0,0,0,0,0
CONT_s3_dynamic_RedBullPlayStreets,1789799044.121,0.1029,0,0,0,0,0,0
CONT_s3_dynamic_RedBullPlayStreets,1789799044.223,0.103,141,1,0,4394051.0,0,1
CONT_s3_dynamic_RedBullPlayStreets,1789799044.327,0.1031,0,0,0,0,0,0
CONT_s3_dynamic_RedBullPlayStreets,1789799044.43,0.1032,0,0,0,0,0,0
CONT_s3_dynamic_RedBullPlayStreets,1789799044.533,0.103,0,0,0,0,0,0
CONT_s3_dynamic_RedBullPlayStreets,1789799044.636,0.1029,0,0,0,0,0,0
CONT_s3_dynamic_RedBullPlayStreets,1789799044.739,0.103,0,0,0,0,0,0
CONT_s3_dynamic_RedBullPlayStreets,1789799044.842,0.1031,0,0,0,0,0,0
CONT_s3_dynamic_RedBullPlayStreets,1789799044.947,0.105,0,0,0,0,0,0
CONT_s3_dynamic_RedBullPlayStreets,1789799045.05,0.1031,0,0,0,0,0,0
CONT_s3_dynamic_RedBullPlayStreets,1789799045.153,0.103,0,0,0,0,0,0
CONT_s3_dynamic_RedBullPlayStreets,1789799045.256,0.103,0,0,0,0,0,0
CONT_s3_dynamic_RedBullPlayStreets,1789799045.359,0.103,0,0,0,0,0,0
CONT_s3_dynamic_RedBullPlayStreets,1789799045.462,0.103,0,0,0,0,0,0
CONT_s3_dynamic_RedBullPlayStreets,1789799045.565,0.1028,0,0,0,0,0,0
CONT_s3_dynamic_RedBullPlayStreets,1789799045.668,0.103,0,0,0,0,0,0
CONT_s3_dynamic_RedBullPlayStreets,1789799045.77,0.1029,0,0,0,0,0,0
CONT_s3_dynamic_RedBullPlayStreets,1789799045.873,0.103,25910,24,0,111265694.5,0,2
CONT_s3_dynamic_RedBullPlayStreets,1789799045.977,0.1031,19752,21,0,63443999.3,0,2
CONT_s3_dynamic_RedBullPlayStreets,1789799046.079,0.1029,17932,17,0,42060851.8,0,2
CONT_s3_dynamic_RedBullPlayStreets,1789799046.182,0.103,18317,20,0,32215798.8,0,2
CONT_s3_dynamic_RedBullPlayStreets,1789799046.285,0.103,22919,25,0,20714619.5,0,3
CONT_s3_dynamic_RedBullPlayStreets,1789799046.389,0.1032,21063,22,0,18274111.8,0,2
CONT_s3_dynamic_RedBullPlayStreets,1789799046.492,0.1031,18320,20,0,14472520.5,0,2
CONT_s3_dynamic_RedBullPlayStreets,1789799046.595,0.1029,20810,18,0,14099264.7,0,2
CONT_s3_dynamic_RedBullPlayStreets,1789799046.698,0.103,15372,18,0,12955618.0,0,2
CONT_s3_dynamic_RedBullPlayStreets,1789799046.801,0.103,15475,17,0,11924892.5,0,2
CONT_s3_dynamic_RedBullPlayStreets,1789799046.904,0.1032,0,0,0,0,0,0
CONT_s3_dynamic_RedBullPlayStreets,1789799047.007,0.103,0,0,0,0,0,0
CONT_s3_dynamic_RedBullPlayStreets,1789799047.11,0.1029,0,0,0,0,0,0
CONT_s3_dynamic_RedBullPlayStreets,1789799047.213,0.103,0,0,0,0,0,0
CONT_s3_dynamic_RedBullPlayStreets,1789799047.316,0.103,0,0,0,0,0,0
CONT_s3_dynamic_RedBullPlayStreets,1789799047.419,0.1032,0,0,0,0,0,0
CONT_s3_dynamic_RedBullPlayStreets,1789799047.522,0.103,0,0,0,0,0,0
CONT_s3_dynamic_RedBullPlayStreets,1789799047.625,0.1029,0,0,0,0,0,0
CONT_s3_dynamic_RedBullPlayStreets,1789799047.728,0.103,0,0,0,0,0,0
CONT_s3_dynamic_RedBullPlayStreets,1789799047.832,0.1039,0,0,0,0,0,0
CONT_s3_dynamic_RedBullPlayStreets,1789799047.935,0.103,0,0,0,0,0,0
CONT_s3_dynamic_RedBullPlayStreets,1789799048.038,0.103,0,0,0,0,0,0
CONT_s3_dynamic_RedBullPlayStreets,1789799048.141,0.103,0,0,0,0,0,0
CONT_s3_dynamic_RedBullPlayStreets,1789799048.244,0.103,141,1,0,5116582.0,0,1
CONT_s3_dynamic_RedBullPlayStreets,1789799048.347,0.1031,0,0,0,0,0,0
CONT_s3_dynamic_RedBullPlayStreets,1789799048.451,0.1039,0,0,0,0,0,0
CONT_s3_dynamic_RedBullPlayStreets,1789799048.554,0.103,0,0,0,0,0,0
CONT_s3_dynamic_RedBullPlayStreets,1789799048.657,0.103,0,0,0,0,0,0
CONT_s3_dynamic_RedBullPlayStreets,1789799048.76,0.103,0,0,0,0,0,0
CONT_s3_dynamic_RedBullPlayStreets,1789799048.863,0.103,0,0,0,0,0,0
CONT_s3_dynamic_RedBullPlayStreets,1789799048.965,0.103,0,0,0,0,0,0
CONT_s3_dynamic_RedBullPlayStreets,1789799049.068,0.103,0,0,0,0,0,0
CONT_s3_dynamic_RedBullPlayStreets,1789799049.171,0.103,0,0,0,0,0,0
CONT_s3_dynamic_RedBullPlayStreets,1789799049.274,0.103,0,0,0,0,0,0
CONT_s3_dynamic_RedBullPlayStreets,1789799049.377,0.103,0,0,0,0,0,0
CONT_s3_dynamic_RedBullPlayStreets,1789799049.48,0.103,0,0,0,0,0,0
CONT_s3_dynamic_RedBullPlayStreets,1789799049.583,0.103,0,0,0,0,0,0
CONT_s3_dynamic_RedBullPlayStreets,1789799049.686,0.103,0,0,0,0,0,0
CONT_s3_dynamic_RedBullPlayStreets,1789799049.789,0.1031,0,0,0,0,0,0
CONT_s3_dynamic_RedBullPlayStreets,1789799049.892,0.103,0,0,0,0,0,0
CONT_s3_dynamic_RedBullPlayStreets,1789799049.995,0.103,0,0,0,0,0,0
CONT_s3_dynamic_RedBullPlayStreets,1789799050.098,0.103,0,0,0,0,0,0
CONT_s3_dynamic_RedBullPlayStreets,1789799050.201,0.1029,0,0,0,0,0,0
CONT_s3_dynamic_RedBullPlayStreets,1789799050.304,0.103,141,1,0,5670359.0,0,1
CONT_s3_dynamic_RedBullPlayStreets,1789799050.408,0.1032,27566,28,0,174698884.3,0,2
CONT_s3_dynamic_RedBullPlayStreets,1789799050.511,0.103,21280,23,0,91985702.0,0,2
CONT_s3_dynamic_RedBullPlayStreets,1789799050.614,0.1029,18381,21,0,57040061.2,0,2
CONT_s3_dynamic_RedBullPlayStreets,1789799050.716,0.103,21125,23,0,33804230.8,0,2
CONT_s3_dynamic_RedBullPlayStreets,1789799050.819,0.103,19720,20,0,23036768.8,0,2
CONT_s3_dynamic_RedBullPlayStreets,1789799050.923,0.1031,19467,19,0,19551489.4,0,2
CONT_s3_dynamic_RedBullPlayStreets,1789799051.026,0.103,21073,19,0,16009254.6,0,2
CONT_s3_dynamic_RedBullPlayStreets,1789799051.129,0.1029,17933,17,0,16447067.5,0,2
CONT_s3_dynamic_RedBullPlayStreets,1789799051.232,0.103,21181,21,0,14149092.4,0,2
CONT_s3_dynamic_RedBullPlayStreets,1789799051.335,0.1033,13466,13,0,14984656.6,0,2
CONT_s3_dynamic_RedBullPlayStreets,1789799051.439,0.1043,27572,33,0,13550180.9,0,2
CONT_s3_dynamic_RedBullPlayStreets,1789799051.542,0.1032,19677,19,0,11434018.7,0,2
CONT_s3_dynamic_RedBullPlayStreets,1789799051.645,0.1029,17692,13,0,10726724.3,0,2
CONT_s3_dynamic_RedBullPlayStreets,1789799051.748,0.103,19736,20,0,12421054.2,0,2
CONT_s3_dynamic_RedBullPlayStreets,1789799051.851,0.1031,20752,17,0,13078658.4,0,2
CONT_s3_dynamic_RedBullPlayStreets,1789799051.955,0.1038,21252,22,0,13670679.6,0,2
CONT_s3_dynamic_RedBullPlayStreets,1789799052.058,0.103,17880,16,0,14460378.2,0,2
CONT_s3_dynamic_RedBullPlayStreets,1789799052.161,0.103,17062,24,0,11559256.8,0,2
CONT_s3_dynamic_RedBullPlayStreets,1789799052.264,0.1029,19419,17,0,9731438.1,0,3
CONT_s3_dynamic_RedBullPlayStreets,1789799052.367,0.103,21043,19,0,12422758.3,0,2
CONT_s3_dynamic_RedBullPlayStreets,1789799052.47,0.103,22346,20,0,14010188.2,0,2
CONT_s3_dynamic_RedBullPlayStreets,1789799052.573,0.103,21191,21,0,12134598.8,0,2
CONT_s3_dynamic_RedBullPlayStreets,1789799052.676,0.103,20048,25,0,11072322.5,0,3
CONT_s3_dynamic_RedBullPlayStreets,1789799052.779,0.1031,18622,20,0,10528630.1,0,4
CONT_s3_dynamic_RedBullPlayStreets,1789799052.882,0.1031,21722,25,0,11996198.8,0,4
CONT_s3_dynamic_RedBullPlayStreets,1789799052.985,0.1032,18808,19,0,13935722.2,0,4
CONT_s3_dynamic_RedBullPlayStreets,1789799053.088,0.1031,21129,20,0,13329340.0,0,2
CONT_s3_dynamic_RedBullPlayStreets,1789799053.191,0.1032,21317,25,0,15271773.7,0,4
CONT_s3_dynamic_RedBullPlayStreets,1789799053.295,0.1032,18358,19,0,19633933.5,0,4
CONT_s3_dynamic_RedBullPlayStreets,1789799053.398,0.1032,18108,18,0,20863857.6,0,4
CONT_s3_dynamic_RedBullPlayStreets,1789799053.501,0.1032,18108,18,0,22569498.6,0,4
CONT_s3_dynamic_RedBullPlayStreets,1789799053.604,0.103,19836,20,0,21795040.1,0,4
CONT_s3_dynamic_RedBullPlayStreets,1789799053.707,0.1032,24178,25,0,21256984.3,0,4
CONT_s3_dynamic_RedBullPlayStreets,1789799053.81,0.1032,21348,22,0,22940240.6,0,4
CONT_s3_dynamic_RedBullPlayStreets,1789799053.914,0.1033,19447,17,0,26443428.8,0,4
CONT_s3_dynamic_RedBullPlayStreets,1789799054.017,0.1032,19455,18,0,21089998.6,0,4
CONT_s3_dynamic_RedBullPlayStreets,1789799054.12,0.1031,20010,23,0,24022461.4,0,4
CONT_s3_dynamic_RedBullPlayStreets,1789799054.223,0.1032,18226,20,0,24687344.5,0,4
CONT_s3_dynamic_RedBullPlayStreets,1789799054.326,0.1032,21611,25,0,21143804.6,0,5
CONT_s3_dynamic_RedBullPlayStreets,1789799054.429,0.1033,19508,18,0,24512473.1,0,4
CONT_s3_dynamic_RedBullPlayStreets,1789799054.533,0.1032,21104,21,0,22124151.5,0,4
CONT_s3_dynamic_RedBullPlayStreets,1789799054.636,0.1031,20015,23,0,20858171.1,0,4
CONT_s3_dynamic_RedBullPlayStreets,1789799054.739,0.1032,19640,20,0,21834729.0,0,4
CONT_s3_dynamic_RedBullPlayStreets,1789799054.842,0.1033,21220,23,0,19281399.4,0,4
CONT_s3_dynamic_RedBullPlayStreets,1789799054.948,0.106,20196,21,0,19302564.8,0,4
CONT_s3_dynamic_RedBullPlayStreets,1789799055.051,0.1033,7634,8,0,32613217.9,0,4
CONT_s3_dynamic_RedBullPlayStreets,1789799055.155,0.1031,25670,24,0,22821359.4,0,4
CONT_s3_dynamic_RedBullPlayStreets,1789799055.258,0.1032,26851,23,0,24591225.5,0,4
CONT_s3_dynamic_RedBullPlayStreets,1789799055.361,0.1034,18425,20,0,25602213.8,0,4
CONT_s3_dynamic_RedBullPlayStreets,1789799055.464,0.1032,13751,15,0,32642162.2,0,4
CONT_s3_dynamic_RedBullPlayStreets,1789799055.568,0.1032,20988,19,0,25706966.7,0,4
CONT_s3_dynamic_RedBullPlayStreets,1789799055.671,0.1032,22775,22,0,25677254.6,0,4
CONT_s3_dynamic_RedBullPlayStreets,1789799055.774,0.1032,23853,20,0,24916764.3,0,4
CONT_s3_dynamic_RedBullPlayStreets,1789799055.877,0.1032,17186,22,0,27381060.0,0,4
CONT_s3_dynamic_RedBullPlayStreets,1789799055.98,0.1032,20983,19,0,26353045.2,0,4
CONT_s3_dynamic_RedBullPlayStreets,1789799056.084,0.1031,19400,17,0,24566697.2,0,4
CONT_s3_dynamic_RedBullPlayStreets,1789799056.187,0.1032,18244,17,0,28325268.8,0,4
CONT_s3_dynamic_RedBullPlayStreets,1789799056.29,0.1031,22722,23,0,25073698.3,0,5
CONT_s3_dynamic_RedBullPlayStreets,1789799056.393,0.1032,19681,21,0,25310301.2,0,5
CONT_s3_dynamic_RedBullPlayStreets,1789799056.496,0.1033,19037,23,0,15658853.2,0,5
CONT_s3_dynamic_RedBullPlayStreets,1789799056.6,0.1033,20740,23,0,13510015.0,0,4
CONT_s3_dynamic_RedBullPlayStreets,1789799056.703,0.1033,19933,21,0,16871882.3,0,4
CONT_s3_dynamic_RedBullPlayStreets,1789799056.806,0.1033,21236,23,0,19546042.1,0,4
CONT_s3_dynamic_RedBullPlayStreets,1789799056.91,0.1035,19634,20,0,21536597.2,0,4
CONT_s3_dynamic_RedBullPlayStreets,1789799057.013,0.1034,19771,19,0,23449409.2,0,4
CONT_s3_dynamic_RedBullPlayStreets,1789799057.116,0.1033,19447,17,0,24268879.2,0,4
CONT_s3_dynamic_RedBullPlayStreets,1789799057.22,0.1034,19766,20,0,20027284.6,0,4
CONT_s3_dynamic_RedBullPlayStreets,1789799057.323,0.1033,22690,23,0,26338800.3,0,4
CONT_s3_dynamic_RedBullPlayStreets,1789799057.426,0.1035,19691,21,0,24439481.2,0,4
CONT_s3_dynamic_RedBullPlayStreets,1789799057.53,0.1034,19826,20,0,23827769.0,0,4
CONT_s3_dynamic_RedBullPlayStreets,1789799057.633,0.1033,17925,16,0,21775025.8,0,4
CONT_s3_dynamic_RedBullPlayStreets,1789799057.736,0.1033,19819,20,0,24549674.4,0,4
CONT_s3_dynamic_RedBullPlayStreets,1789799057.84,0.1033,19508,18,0,26865947.9,0,4
CONT_s3_dynamic_RedBullPlayStreets,1789799057.944,0.1046,21606,26,0,23893719.4,0,4
CONT_s3_dynamic_RedBullPlayStreets,1789799058.048,0.1035,19571,19,0,27620156.4,0,4
CONT_s3_dynamic_RedBullPlayStreets,1789799058.151,0.1036,19569,19,0,28502042.1,0,4
CONT_s3_dynamic_RedBullPlayStreets,1789799058.255,0.1034,21443,22,0,25501048.8,0,5
CONT_s3_dynamic_RedBullPlayStreets,1789799058.358,0.1035,19513,18,0,29236186.9,0,4
CONT_s3_dynamic_RedBullPlayStreets,1789799058.462,0.1034,21299,21,0,27468702.6,0,4
CONT_s3_dynamic_RedBullPlayStreets,1789799058.565,0.1034,19479,22,0,24644969.5,0,4
CONT_s3_dynamic_RedBullPlayStreets,1789799058.668,0.1034,11103,16,0,30982510.4,0,4
CONT_s3_dynamic_RedBullPlayStreets,1789799058.772,0.1033,23914,21,0,23501961.0,0,4
CONT_s3_dynamic_RedBullPlayStreets,1789799058.875,0.1034,25875,27,0,23487345.5,0,4
CONT_s3_dynamic_RedBullPlayStreets,1789799058.979,0.1034,20986,19,0,27363590.7,0,4
CONT_s3_dynamic_RedBullPlayStreets,1789799059.082,0.1033,19455,17,0,27987364.0,0,4
CONT_s3_dynamic_RedBullPlayStreets,1789799059.185,0.1033,18080,16,0,15883111.4,0,2
CONT_s3_dynamic_RedBullPlayStreets,1789799059.288,0.1033,21595,24,0,33959618.0,0,4
CONT_s3_dynamic_RedBullPlayStreets,1789799059.392,0.1033,19386,16,0,27856588.2,0,4
CONT_s3_dynamic_RedBullPlayStreets,1789799059.495,0.1034,15154,15,0,35877220.1,0,4
CONT_s3_dynamic_RedBullPlayStreets,1789799059.598,0.1033,23968,21,0,30567033.0,0,4
CONT_s3_dynamic_RedBullPlayStreets,1789799059.702,0.1033,16767,16,0,28517945.5,0,4
CONT_s3_dynamic_RedBullPlayStreets,1789799059.805,0.1032,23854,20,0,25007741.9,0,4
CONT_s3_dynamic_RedBullPlayStreets,1789799059.908,0.1035,19644,18,0,20711550.1,0,4
CONT_s3_dynamic_RedBullPlayStreets,1789799060.012,0.1034,20968,20,0,22401372.0,0,4
CONT_s3_dynamic_RedBullPlayStreets,1789799060.115,0.1032,9069,8,0,33817723.2,0,3
CONT_s3_dynamic_RedBullPlayStreets,1789799060.218,0.1033,29877,25,0,13635719.7,0,2
CONT_s3_dynamic_RedBullPlayStreets,1789799060.322,0.1035,19677,18,0,13616025.1,0,3
CONT_s3_dynamic_RedBullPlayStreets,1789799060.425,0.1034,19339,17,0,13906576.5,0,2
CONT_s3_dynamic_RedBullPlayStreets,1789799060.529,0.1034,21119,20,0,11058695.8,0,2
CONT_s3_dynamic_RedBullPlayStreets,1789799060.632,0.1033,19220,15,0,11801013.8,0,2
CONT_s3_dynamic_RedBullPlayStreets,1789799060.735,0.1034,19722,20,0,13929733.0,0,2
CONT_s3_dynamic_RedBullPlayStreets,1789799060.839,0.1035,21395,24,0,13726215.9,0,2
CONT_s3_dynamic_RedBullPlayStreets,1789799060.943,0.1045,19455,19,0,11457228.7,0,2
CONT_s3_dynamic_RedBullPlayStreets,1789799061.047,0.1035,19834,22,0,12130854.0,0,2
CONT_s3_dynamic_RedBullPlayStreets,1789799061.15,0.1033,20810,18,0,13155806.7,0,2
CONT_s3_dynamic_RedBullPlayStreets,1789799061.253,0.1034,19651,19,0,11887417.7,0,2
CONT_s3_dynamic_RedBullPlayStreets,1789799061.357,0.1035,19346,17,0,12637907.1,0,2
CONT_s3_dynamic_RedBullPlayStreets,1789799061.46,0.1034,12500,17,0,11103739.3,0,2
CONT_s3_dynamic_RedBullPlayStreets,1789799061.564,0.1034,19284,16,0,11276433.2,0,2
CONT_s3_dynamic_RedBullPlayStreets,1789799061.667,0.1034,28347,23,0,11089853.3,0,2
CONT_s3_dynamic_RedBullPlayStreets,1789799061.77,0.1033,19597,18,0,11749913.7,0,2
CONT_s3_dynamic_RedBullPlayStreets,1789799061.874,0.1034,17823,15,0,12997233.6,0,2
CONT_s3_dynamic_RedBullPlayStreets,1789799061.977,0.1034,14723,21,0,10417088.1,0,2
CONT_s3_dynamic_RedBullPlayStreets,1789799062.08,0.1033,23806,21,0,8407428.3,0,2
CONT_s3_dynamic_RedBullPlayStreets,1789799062.184,0.1034,24162,24,0,11839995.8,0,2
CONT_s3_dynamic_RedBullPlayStreets,1789799062.287,0.1034,11130,16,0,10882426.2,0,3
CONT_s3_dynamic_RedBullPlayStreets,1789799062.391,0.1034,19296,16,0,11205854.1,0,2
CONT_s3_dynamic_RedBullPlayStreets,1789799062.494,0.1034,25472,22,0,11243083.3,0,2
CONT_s3_dynamic_RedBullPlayStreets,1789799062.597,0.1033,22218,18,0,12787935.0,0,2
CONT_s3_dynamic_RedBullPlayStreets,1789799062.701,0.1034,16653,16,0,12678002.9,0,2
CONT_s3_dynamic_RedBullPlayStreets,1789799062.804,0.1034,24185,24,0,12614339.8,0,2
CONT_s3_dynamic_RedBullPlayStreets,1789799062.908,0.1035,17947,17,0,12117074.7,0,2
CONT_s3_dynamic_RedBullPlayStreets,1789799063.011,0.1035,22598,21,0,11418672.1,0,2
CONT_s3_dynamic_RedBullPlayStreets,1789799063.114,0.1033,19340,17,0,12907604.8,0,2
CONT_s3_dynamic_RedBullPlayStreets,1789799063.218,0.1033,16713,17,0,12191069.0,0,2
CONT_s3_dynamic_RedBullPlayStreets,1789799063.321,0.1034,22218,18,0,12879362.8,0,2
CONT_s3_dynamic_RedBullPlayStreets,1789799063.425,0.1035,21383,23,0,11724973.4,0,2
CONT_s3_dynamic_RedBullPlayStreets,1789799063.528,0.1034,10524,11,0,9630631.5,0,2
CONT_s3_dynamic_RedBullPlayStreets,1789799063.632,0.1037,27166,27,0,12071217.6,0,2
CONT_s3_dynamic_RedBullPlayStreets,1789799063.735,0.1035,21199,21,0,11129668.3,0,2
CONT_s3_dynamic_RedBullPlayStreets,1789799063.839,0.1035,19417,18,0,12590750.8,0,2
CONT_s3_dynamic_RedBullPlayStreets,1789799063.943,0.1048,21073,19,0,12535430.5,0,2
CONT_s3_dynamic_RedBullPlayStreets,1789799064.047,0.1035,19341,17,0,12797468.1,0,2
CONT_s3_dynamic_RedBullPlayStreets,1789799064.15,0.1033,18190,18,0,12833661.3,0,2
CONT_s3_dynamic_RedBullPlayStreets,1789799064.254,0.1033,21441,25,0,11346004.6,0,2
CONT_s3_dynamic_RedBullPlayStreets,1789799064.358,0.104,18194,20,0,9866934.8,0,3
CONT_s3_dynamic_RedBullPlayStreets,1789799064.461,0.1034,18190,18,0,10419006.6,0,2
CONT_s3_dynamic_RedBullPlayStreets,1789799064.564,0.1034,19345,17,0,11460161.2,0,2
CONT_s3_dynamic_RedBullPlayStreets,1789799064.668,0.1034,21185,21,0,11556354.8,0,2
CONT_s3_dynamic_RedBullPlayStreets,1789799064.771,0.1033,22216,18,0,11603492.5,0,2
CONT_s3_dynamic_RedBullPlayStreets,1789799064.874,0.1034,19591,18,0,11627029.2,0,2
CONT_s3_dynamic_RedBullPlayStreets,1789799064.978,0.1034,18374,21,0,11732533.0,0,2
CONT_s3_dynamic_RedBullPlayStreets,1789799065.081,0.1033,19417,18,0,11516963.1,0,2
CONT_s3_dynamic_RedBullPlayStreets,1789799065.184,0.1034,19718,20,0,10295430.8,0,2
CONT_s3_dynamic_RedBullPlayStreets,1789799065.288,0.1035,20871,19,0,10872020.4,0,2
CONT_s3_dynamic_RedBullPlayStreets,1789799065.391,0.1034,22650,22,0,11087029.5,0,2
CONT_s3_dynamic_RedBullPlayStreets,1789799065.495,0.1034,19348,17,0,12423947.8,0,2
CONT_s3_dynamic_RedBullPlayStreets,1789799065.598,0.1033,21313,23,0,12397728.5,0,2
CONT_s3_dynamic_RedBullPlayStreets,1789799065.701,0.1033,17122,23,0,10286239.7,0,2
CONT_s3_dynamic_RedBullPlayStreets,1789799065.805,0.1034,19417,18,0,10807137.5,0,2
CONT_s3_dynamic_RedBullPlayStreets,1789799065.908,0.1035,21125,20,0,10402429.4,0,2
CONT_s3_dynamic_RedBullPlayStreets,1789799066.012,0.1034,19376,22,0,10485287.9,0,2
CONT_s3_dynamic_RedBullPlayStreets,1789799066.115,0.1034,23744,20,0,8126256.4,0,2
CONT_s3_dynamic_RedBullPlayStreets,1789799066.218,0.1034,18160,18,0,10491388.4,0,2
CONT_s3_dynamic_RedBullPlayStreets,1789799066.322,0.1034,13870,18,0,12252738.7,0,3
CONT_s3_dynamic_RedBullPlayStreets,1789799066.425,0.1035,28433,24,0,11157526.5,0,2
CONT_s3_dynamic_RedBullPlayStreets,1789799066.529,0.1034,19666,19,0,11104432.2,0,2
CONT_s3_dynamic_RedBullPlayStreets,1789799066.632,0.1034,11996,12,0,12356126.3,0,2
CONT_s3_dynamic_RedBullPlayStreets,1789799066.735,0.1033,22475,19,0,12175808.3,0,2
CONT_s3_dynamic_RedBullPlayStreets,1789799066.839,0.1035,19219,15,0,12826139.4,0,2
CONT_s3_dynamic_RedBullPlayStreets,1789799066.945,0.1059,24257,25,0,13255237.2,0,2
CONT_s3_dynamic_RedBullPlayStreets,1789799067.049,0.1038,20751,17,0,13544242.2,0,2
CONT_s3_dynamic_RedBullPlayStreets,1789799067.152,0.1033,19657,19,0,13456230.9,0,2
CONT_s3_dynamic_RedBullPlayStreets,1789799067.255,0.1034,21065,19,0,12838786.1,0,2
CONT_s3_dynamic_RedBullPlayStreets,1789799067.359,0.1034,9272,15,0,11309963.8,0,2
CONT_s3_dynamic_RedBullPlayStreets,1789799067.462,0.1035,22276,19,0,8705306.1,0,2
CONT_s3_dynamic_RedBullPlayStreets,1789799067.565,0.1034,27181,27,0,11146494.0,0,2
CONT_s3_dynamic_RedBullPlayStreets,1789799067.669,0.1033,21160,20,0,12594901.5,0,2
CONT_s3_dynamic_RedBullPlayStreets,1789799067.772,0.1033,20886,19,0,13757515.5,0,2
CONT_s3_dynamic_RedBullPlayStreets,1789799067.876,0.1035,19630,18,0,13168764.7,0,2
CONT_s3_dynamic_RedBullPlayStreets,1789799067.979,0.1035,17811,15,0,13324239.6,0,2
CONT_s3_dynamic_RedBullPlayStreets,1789799068.083,0.1034,22614,21,0,12403956.9,0,2
CONT_s3_dynamic_RedBullPlayStreets,1789799068.186,0.1034,19280,16,0,13031028.1,0,2
CONT_s3_dynamic_RedBullPlayStreets,1789799068.289,0.1033,53262,58,0,4920556.1,0,2
CONT_s3_dynamic_RedBullPlayStreets,1789799068.393,0.1034,13670,15,0,6740967.6,0,3
CONT_s3_dynamic_RedBullPlayStreets,1789799068.496,0.1038,10869,13,0,8531511.8,0,2
CONT_s3_dynamic_RedBullPlayStreets,1789799068.6,0.1034,14995,15,0,10939371.0,0,2
CONT_s3_dynamic_RedBullPlayStreets,1789799068.703,0.1034,13752,14,0,12795782.9,0,2
CONT_s3_dynamic_RedBullPlayStreets,1789799068.807,0.1034,11995,12,0,12607997.7,0,2
CONT_s3_dynamic_RedBullPlayStreets,1789799068.91,0.1035,12194,15,0,12936115.4,0,2
CONT_s3_dynamic_RedBullPlayStreets,1789799069.013,0.1034,15338,17,0,14020627.2,0,2
CONT_s3_dynamic_RedBullPlayStreets,1789799069.117,0.1033,13464,13,0,14455157.8,0,2
CONT_s3_dynamic_RedBullPlayStreets,1789799069.22,0.1034,11996,12,0,15547827.0,0,2
CONT_s3_dynamic_RedBullPlayStreets,1789799069.324,0.1034,15139,16,0,14233093.1,0,2
CONT_s3_dynamic_RedBullPlayStreets,1789799069.427,0.1035,762,4,0,14671676.2,0,2
CONT_s3_dynamic_RedBullPlayStreets,1789799069.531,0.1035,19340,17,0,13714863.1,0,2
CONT_s3_dynamic_RedBullPlayStreets,1789799069.634,0.1035,19475,16,0,15073279.1,0,2
CONT_s3_dynamic_RedBullPlayStreets,1789799069.737,0.1034,1591,3,0,21715571.7,0,2
CONT_s3_dynamic_RedBullPlayStreets,1789799069.841,0.1034,20874,19,0,18397941.1,0,2
CONT_s3_dynamic_RedBullPlayStreets,1789799069.946,0.105,16748,17,0,17539112.6,0,2
CONT_s3_dynamic_RedBullPlayStreets,1789799070.049,0.1035,13482,13,0,20110002.1,0,2
CONT_s3_dynamic_RedBullPlayStreets,1789799070.153,0.1033,12285,13,0,17359048.5,0,2
CONT_s3_dynamic_RedBullPlayStreets,1789799070.256,0.1034,13526,14,0,18874481.1,0,2
CONT_s3_dynamic_RedBullPlayStreets,1789799070.359,0.1033,15014,14,0,17823081.9,0,3
CONT_s3_dynamic_RedBullPlayStreets,1789799070.463,0.1034,9394,12,0,17816530.0,0,2
CONT_s3_dynamic_RedBullPlayStreets,1789799070.566,0.1034,16347,14,0,17965614.9,0,2
CONT_s3_dynamic_RedBullPlayStreets,1789799070.669,0.1033,14116,20,0,14960598.6,0,2
CONT_s3_dynamic_RedBullPlayStreets,1789799070.773,0.1035,13473,13,0,14291290.9,0,2
CONT_s3_dynamic_RedBullPlayStreets,1789799070.876,0.1033,9128,11,0,13120618.5,0,2
CONT_s3_dynamic_RedBullPlayStreets,1789799070.98,0.1034,16757,17,0,13465983.4,0,2
CONT_s3_dynamic_RedBullPlayStreets,1789799071.083,0.1032,11937,11,0,14691194.1,0,2
CONT_s3_dynamic_RedBullPlayStreets,1789799071.186,0.1034,13404,12,0,16249984.8,0,2
CONT_s3_dynamic_RedBullPlayStreets,1789799071.29,0.1034,12161,11,0,16903743.0,0,2
CONT_s3_dynamic_RedBullPlayStreets,1789799071.393,0.1034,15060,16,0,16723898.6,0,2
CONT_s3_dynamic_RedBullPlayStreets,1789799071.496,0.1034,9339,11,0,17140388.7,0,2
CONT_s3_dynamic_RedBullPlayStreets,1789799071.6,0.1034,16416,15,0,18146629.5,0,2
CONT_s3_dynamic_RedBullPlayStreets,1789799071.703,0.1033,13404,12,0,18708845.5,0,2
CONT_s3_dynamic_RedBullPlayStreets,1789799071.807,0.1034,13685,13,0,17941445.2,0,2
CONT_s3_dynamic_RedBullPlayStreets,1789799071.91,0.1035,8997,9,0,17150094.0,0,2
CONT_s3_dynamic_RedBullPlayStreets,1789799072.013,0.1034,14873,13,0,18083089.0,0,2
CONT_s3_dynamic_RedBullPlayStreets,1789799072.117,0.1034,15093,13,0,18220386.1,0,2
CONT_s3_dynamic_RedBullPlayStreets,1789799072.22,0.1034,13303,17,0,14428651.5,0,2
CONT_s3_dynamic_RedBullPlayStreets,1789799072.324,0.1034,14892,12,0,14808892.0,0,3
CONT_s3_dynamic_RedBullPlayStreets,1789799072.427,0.1035,6119,8,0,14788326.5,0,2
CONT_s3_dynamic_RedBullPlayStreets,1789799072.53,0.1034,19909,23,0,13675732.0,0,2
CONT_s3_dynamic_RedBullPlayStreets,1789799072.634,0.1033,13472,13,0,13900022.6,0,2
CONT_s3_dynamic_RedBullPlayStreets,1789799072.737,0.1034,13412,12,0,14430710.5,0,2
CONT_s3_dynamic_RedBullPlayStreets,1789799072.84,0.1033,10806,12,0,15481188.5,0,2
CONT_s3_dynamic_RedBullPlayStreets,1789799072.948,0.1074,13404,12,0,16365132.8,0,2
CONT_s3_dynamic_RedBullPlayStreets,1789799073.051,0.1035,15214,15,0,15278201.6,0,2
CONT_s3_dynamic_RedBullPlayStreets,1789799073.154,0.1033,13405,12,0,16797864.2,0,2
CONT_s3_dynamic_RedBullPlayStreets,1789799073.258,0.1034,12463,16,0,17270994.6,0,2
CONT_s3_dynamic_RedBullPlayStreets,1789799073.361,0.1034,13478,13,0,17280617.8,0,2
CONT_s3_dynamic_RedBullPlayStreets,1789799073.465,0.1033,11998,12,0,17493287.7,0,2
CONT_s3_dynamic_RedBullPlayStreets,1789799073.568,0.1034,15215,15,0,16667744.0,0,2
CONT_s3_dynamic_RedBullPlayStreets,1789799073.671,0.1033,11934,11,0,16413312.5,0,2
CONT_s3_dynamic_RedBullPlayStreets,1789799073.775,0.1036,14812,12,0,18420127.8,0,2
CONT_s3_dynamic_RedBullPlayStreets,1789799073.878,0.1035,13740,14,0,17289817.9,0,2
CONT_s3_dynamic_RedBullPlayStreets,1789799073.982,0.1036,7472,7,0,17571707.9,0,2
CONT_s3_dynamic_RedBullPlayStreets,1789799074.086,0.1035,18284,19,0,16539146.8,0,2
CONT_s3_dynamic_RedBullPlayStreets,1789799074.189,0.1035,10535,11,0,18191351.6,0,2
CONT_s3_dynamic_RedBullPlayStreets,1789799074.293,0.1036,16348,14,0,18903272.6,0,2
CONT_s3_dynamic_RedBullPlayStreets,1789799074.396,0.1036,10948,13,0,16011528.7,0,3
CONT_s3_dynamic_RedBullPlayStreets,1789799074.5,0.1036,14816,12,0,18035344.7,0,2
CONT_s3_dynamic_RedBullPlayStreets,1789799074.603,0.1035,12009,12,0,18378306.7,0,2
CONT_s3_dynamic_RedBullPlayStreets,1789799074.707,0.1035,13629,12,0,18517112.0,0,2
CONT_s3_dynamic_RedBullPlayStreets,1789799074.811,0.1036,14876,13,0,19095632.5,0,2
CONT_s3_dynamic_RedBullPlayStreets,1789799074.914,0.1035,12529,17,0,18499908.8,0,2
CONT_s3_dynamic_RedBullPlayStreets,1789799075.018,0.1035,9198,12,0,16146001.5,0,2
CONT_s3_dynamic_RedBullPlayStreets,1789799075.121,0.1033,16293,13,0,16258099.0,0,2
CONT_s3_dynamic_RedBullPlayStreets,1789799075.224,0.1033,15001,15,0,17336367.0,0,2
CONT_s3_dynamic_RedBullPlayStreets,1789799075.328,0.104,13971,13,0,16101959.8,0,2
CONT_s3_dynamic_RedBullPlayStreets,1789799075.432,0.1036,6119,8,0,20693538.5,0,2
CONT_s3_dynamic_RedBullPlayStreets,1789799075.535,0.1034,19597,18,0,15861512.1,0,2
CONT_s3_dynamic_RedBullPlayStreets,1789799075.638,0.1033,1530,2,0,20582082.5,0,2
CONT_s3_dynamic_RedBullPlayStreets,1789799075.742,0.1033,20874,19,0,18574587.4,0,2
CONT_s3_dynamic_RedBullPlayStreets,1789799075.845,0.1036,15215,15,0,18198144.2,0,2
CONT_s3_dynamic_RedBullPlayStreets,1789799075.95,0.1042,15016,15,0,20683645.7,0,2
CONT_s3_dynamic_RedBullPlayStreets,1789799076.053,0.1037,12456,16,0,18552980.3,0,2
CONT_s3_dynamic_RedBullPlayStreets,1789799076.157,0.1035,14811,12,0,17948812.3,0,2
CONT_s3_dynamic_RedBullPlayStreets,1789799076.26,0.1034,4529,5,0,20416835.2,0,2
CONT_s3_dynamic_RedBullPlayStreets,1789799076.364,0.1034,19818,20,0,17363771.1,0,3
CONT_s3_dynamic_RedBullPlayStreets,1789799076.467,0.1035,13283,10,0,17387865.5,0,2
CONT_s3_dynamic_RedBullPlayStreets,1789799076.57,0.1034,14944,14,0,22498906.7,0,2
CONT_s3_dynamic_RedBullPlayStreets,1789799076.674,0.1033,12335,14,0,20336633.6,0,2
CONT_s3_dynamic_RedBullPlayStreets,1789799076.777,0.1033,8935,8,0,20788623.5,0,2
CONT_s3_dynamic_RedBullPlayStreets,1789799076.88,0.1034,18214,18,0,19671180.1,0,2
CONT_s3_dynamic_RedBullPlayStreets,1789799076.984,0.1034,13282,10,0,19629425.9,0,2
CONT_s3_dynamic_RedBullPlayStreets,1789799077.087,0.1032,6059,7,0,23403100.7,0,2
CONT_s3_dynamic_RedBullPlayStreets,1789799077.19,0.1033,18208,18,0,21041711.3,0,2
CONT_s3_dynamic_RedBullPlayStreets,1789799077.294,0.1033,15073,16,0,22508441.0,0,2
CONT_s3_dynamic_RedBullPlayStreets,1789799077.397,0.1036,13752,14,0,20504097.6,0,2
CONT_s3_dynamic_RedBullPlayStreets,1789799077.501,0.1034,13404,12,0,20441747.8,0,2
CONT_s3_dynamic_RedBullPlayStreets,1789799077.604,0.1033,13343,11,0,20673948.3,0,2
CONT_s3_dynamic_RedBullPlayStreets,1789799077.707,0.1033,10863,13,0,18971052.7,0,2
CONT_s3_dynamic_RedBullPlayStreets,1789799077.811,0.1035,13409,12,0,19635838.0,0,2
CONT_s3_dynamic_RedBullPlayStreets,1789799077.914,0.1036,10466,10,0,20071868.3,0,2
CONT_s3_dynamic_RedBullPlayStreets,1789799078.018,0.1034,16133,21,0,17834301.1,0,2
CONT_s3_dynamic_RedBullPlayStreets,1789799078.121,0.1033,5220,8,0,16294442.5,0,2
CONT_s3_dynamic_RedBullPlayStreets,1789799078.224,0.1034,16342,14,0,16645868.2,0,2
CONT_s3_dynamic_RedBullPlayStreets,1789799078.328,0.1036,18067,16,0,16729940.2,0,2
CONT_s3_dynamic_RedBullPlayStreets,1789799078.432,0.1035,14892,12,0,15666687.8,0,3
CONT_s3_dynamic_RedBullPlayStreets,1789799078.535,0.1035,4590,6,0,23496171.5,0,2
CONT_s3_dynamic_RedBullPlayStreets,1789799078.638,0.1033,19560,17,0,18697053.7,0,2
CONT_s3_dynamic_RedBullPlayStreets,1789799078.742,0.1033,16219,12,0,17307649.8,0,2
CONT_s3_dynamic_RedBullPlayStreets,1789799078.845,0.1038,12532,17,0,23493370.7,0,2
CONT_s3_dynamic_RedBullPlayStreets,1789799078.95,0.1043,12125,14,0,18988266.3,0,2
CONT_s3_dynamic_RedBullPlayStreets,1789799079.053,0.1034,13403,12,0,17982343.5,0,2
CONT_s3_dynamic_RedBullPlayStreets,1789799079.156,0.1033,10802,12,0,17229759.2,0,2
CONT_s3_dynamic_RedBullPlayStreets,1789799079.26,0.1034,17810,15,0,18244740.2,0,2
CONT_s3_dynamic_RedBullPlayStreets,1789799079.363,0.1034,11874,10,0,18913076.2,0,2
CONT_s3_dynamic_RedBullPlayStreets,1789799079.467,0.1035,7814,9,0,18887673.3,0,2
CONT_s3_dynamic_RedBullPlayStreets,1789799079.57,0.1035,17813,15,0,20083549.6,0,2
CONT_s3_dynamic_RedBullPlayStreets,1789799079.673,0.1034,14000,18,0,17474382.7,0,2
CONT_s3_dynamic_RedBullPlayStreets,1789799079.777,0.1034,13408,12,0,17380998.0,0,2
CONT_s3_dynamic_RedBullPlayStreets,1789799079.88,0.1033,11941,11,0,18155865.9,0,2
CONT_s3_dynamic_RedBullPlayStreets,1789799079.984,0.1035,15220,15,0,18017163.4,0,2
CONT_s3_dynamic_RedBullPlayStreets,1789799080.087,0.1033,13473,13,0,18835060.2,0,2
CONT_s3_dynamic_RedBullPlayStreets,1789799080.19,0.1035,13404,12,0,19561810.2,0,2
CONT_s3_dynamic_RedBullPlayStreets,1789799080.294,0.1033,7930,11,0,18929223.0,0,2
CONT_s3_dynamic_RedBullPlayStreets,1789799080.397,0.1037,18076,18,0,18370434.3,0,3
CONT_s3_dynamic_RedBullPlayStreets,1789799080.501,0.1035,12288,13,0,19189527.0,0,2
CONT_s3_dynamic_RedBullPlayStreets,1789799080.604,0.1033,9131,11,0,18568232.0,0,2
CONT_s3_dynamic_RedBullPlayStreets,1789799080.708,0.1034,16281,13,0,19867079.7,0,2
CONT_s3_dynamic_RedBullPlayStreets,1789799080.811,0.1034,15213,15,0,18506721.4,0,2
CONT_s3_dynamic_RedBullPlayStreets,1789799080.915,0.1035,8241,12,0,16726020.7,0,2
CONT_s3_dynamic_RedBullPlayStreets,1789799081.018,0.1034,19279,16,0,15002806.4,0,2
CONT_s3_dynamic_RedBullPlayStreets,1789799081.121,0.1034,61,1,0,24496155.0,0,1
CONT_s3_dynamic_RedBullPlayStreets,1789799081.225,0.1034,21066,19,0,16913793.2,0,2
CONT_s3_dynamic_RedBullPlayStreets,1789799081.33,0.1051,17812,15,0,19723866.0,0,2
CONT_s3_dynamic_RedBullPlayStreets,1789799081.433,0.1034,9337,11,0,21025888.6,0,2
CONT_s3_dynamic_RedBullPlayStreets,1789799081.537,0.1033,15077,16,0,21593473.6,0,2
CONT_s3_dynamic_RedBullPlayStreets,1789799081.64,0.1036,16344,14,0,19132031.1,0,2
CONT_s3_dynamic_RedBullPlayStreets,1789799081.744,0.1034,12332,14,0,21002255.6,0,2
CONT_s3_dynamic_RedBullPlayStreets,1789799081.847,0.1035,10405,9,0,20961804.7,0,2
CONT_s3_dynamic_RedBullPlayStreets,1789799081.952,0.1048,16678,16,0,19360781.4,0,2
CONT_s3_dynamic_RedBullPlayStreets,1789799082.055,0.1034,13404,12,0,20832810.5,0,2
CONT_s3_dynamic_RedBullPlayStreets,1789799082.159,0.1034,7466,7,0,20774346.4,0,2
CONT_s3_dynamic_RedBullPlayStreets,1789799082.262,0.1035,18406,21,0,17954040.3,0,2
CONT_s3_dynamic_RedBullPlayStreets,1789799082.365,0.1033,9177,12,0,16358910.6,0,2
CONT_s3_dynamic_RedBullPlayStreets,1789799082.469,0.1034,16482,15,0,17110504.6,0,3
CONT_s3_dynamic_RedBullPlayStreets,1789799082.572,0.1033,13740,14,0,17947275.9,0,2
CONT_s3_dynamic_RedBullPlayStreets,1789799082.676,0.1034,10405,9,0,18849006.9,0,2
CONT_s3_dynamic_RedBullPlayStreets,1789799082.779,0.1035,15275,16,0,18068347.8,0,2
CONT_s3_dynamic_RedBullPlayStreets,1789799082.883,0.1035,14813,12,0,19082410.7,0,2
CONT_s3_dynamic_RedBullPlayStreets,1789799082.986,0.1034,10654,13,0,18051186.3,0,2
CONT_s3_dynamic_RedBullPlayStreets,1789799083.089,0.1033,15103,13,0,19094832.8,0,2
CONT_s3_dynamic_RedBullPlayStreets,1789799083.193,0.1036,10535,11,0,19178533.3,0,2
CONT_s3_dynamic_RedBullPlayStreets,1789799083.296,0.1034,16411,15,0,19754228.7,0,2
CONT_s3_dynamic_RedBullPlayStreets,1789799083.4,0.1036,9344,11,0,18541618.0,0,2
CONT_s3_dynamic_RedBullPlayStreets,1789799083.503,0.1034,17815,15,0,19399639.4,0,2
CONT_s3_dynamic_RedBullPlayStreets,1789799083.607,0.1033,10930,14,0,18065638.1,0,2
CONT_s3_dynamic_RedBullPlayStreets,1789799083.71,0.1036,11935,11,0,18126830.0,0,2
CONT_s3_dynamic_RedBullPlayStreets,1789799083.814,0.1034,12000,12,0,18057270.3,0,2
CONT_s3_dynamic_RedBullPlayStreets,1789799083.917,0.1035,9360,13,0,17487381.6,0,2
CONT_s3_dynamic_RedBullPlayStreets,1789799084.02,0.1034,17810,15,0,15842681.6,0,2
CONT_s3_dynamic_RedBullPlayStreets,1789799084.124,0.1033,16532,14,0,15007623.6,0,2
CONT_s3_dynamic_RedBullPlayStreets,1789799084.227,0.1035,1529,2,0,23031381.0,0,2
CONT_s3_dynamic_RedBullPlayStreets,1789799084.334,0.1066,20688,16,0,18650801.0,0,2
CONT_s3_dynamic_RedBullPlayStreets,1789799084.437,0.1034,13819,14,0,17230552.8,0,3
CONT_s3_dynamic_RedBullPlayStreets,1789799084.541,0.1034,8876,7,0,18340201.4,0,2
CONT_s3_dynamic_RedBullPlayStreets,1789799084.644,0.1033,21004,21,0,21212234.3,0,2
CONT_s3_dynamic_RedBullPlayStreets,1789799084.747,0.1034,13751,14,0,18427557.3,0,2
CONT_s3_dynamic_RedBullPlayStreets,1789799084.851,0.1035,13410,12,0,19373921.0,0,2
CONT_s3_dynamic_RedBullPlayStreets,1789799084.955,0.1046,13690,13,0,18537032.9,0,2
CONT_s3_dynamic_RedBullPlayStreets,1789799085.059,0.1037,13404,12,0,19325469.8,0,2
CONT_s3_dynamic_RedBullPlayStreets,1789799085.163,0.1035,12343,14,0,19377442.8,0,2
CONT_s3_dynamic_RedBullPlayStreets,1789799085.266,0.1034,8940,8,0,19994923.5,0,2
CONT_s3_dynamic_RedBullPlayStreets,1789799085.369,0.1034,16353,14,0,20272595.9,0,2
CONT_s3_dynamic_RedBullPlayStreets,1789799085.473,0.1034,15158,14,0,18502543.1,0,2
CONT_s3_dynamic_RedBullPlayStreets,1789799085.576,0.1033,8997,9,0,18960576.7,0,2
CONT_s3_dynamic_RedBullPlayStreets,1789799085.679,0.1033,11935,11,0,18757759.0,0,2
CONT_s3_dynamic_RedBullPlayStreets,1789799085.783,0.1034,18147,17,0,16966204.5,0,2
CONT_s3_dynamic_RedBullPlayStreets,1789799085.886,0.1035,10466,10,0,18080138.8,0,2
CONT_s3_dynamic_RedBullPlayStreets,1789799085.99,0.1034,16875,19,0,17216521.5,0,2
CONT_s3_dynamic_RedBullPlayStreets,1789799086.093,0.1033,13409,12,0,16788086.2,0,2
CONT_s3_dynamic_RedBullPlayStreets,1789799086.196,0.1034,7528,8,0,17491562.5,0,2
CONT_s3_dynamic_RedBullPlayStreets,1789799086.3,0.1034,18214,18,0,16435195.9,0,2
CONT_s3_dynamic_RedBullPlayStreets,1789799086.403,0.1035,12076,12,0,16881292.4,0,3
CONT_s3_dynamic_RedBullPlayStreets,1789799086.507,0.1035,7528,8,0,18116999.1,0,2
CONT_s3_dynamic_RedBullPlayStreets,1789799086.61,0.1034,19561,17,0,18856296.5,0,2
CONT_s3_dynamic_RedBullPlayStreets,1789799086.714,0.1034,14174,16,0,16795707.2,0,2
CONT_s3_dynamic_RedBullPlayStreets,1789799086.817,0.1034,700,3,0,24104199.7,0,2
CONT_s3_dynamic_RedBullPlayStreets,1789799086.921,0.1036,20870,19,0,15224390.5,0,2
CONT_s3_dynamic_RedBullPlayStreets,1789799087.024,0.1034,18506,23,0,16544786.8,0,2
CONT_s3_dynamic_RedBullPlayStreets,1789799087.127,0.1033,13414,12,0,14845756.5,0,2
CONT_s3_dynamic_RedBullPlayStreets,1789799087.231,0.1034,13485,13,0,14298682.4,0,2
CONT_s3_dynamic_RedBullPlayStreets,1789799087.335,0.1044,10879,13,0,16846533.6,0,2
CONT_s3_dynamic_RedBullPlayStreets,1789799087.439,0.1034,14872,13,0,16749612.0,0,3
CONT_s3_dynamic_RedBullPlayStreets,1789799087.542,0.1035,12339,14,0,18921370.4,0,2
CONT_s3_dynamic_RedBullPlayStreets,1789799087.645,0.1034,14084,15,0,16013280.7,0,4
CONT_s3_dynamic_RedBullPlayStreets,1789799087.749,0.1036,13984,18,0,16716852.8,0,3
CONT_s3_dynamic_RedBullPlayStreets,1789799087.853,0.1037,13531,14,0,17828452.1,0,2
CONT_s3_dynamic_RedBullPlayStreets,1789799087.956,0.1036,11873,10,0,17931132.2,0,2
CONT_s3_dynamic_RedBullPlayStreets,1789799088.06,0.1034,8935,8,0,18367535.8,0,2
CONT_s3_dynamic_RedBullPlayStreets,1789799088.163,0.1035,19944,19,0,23282627.8,0,4
CONT_s3_dynamic_RedBullPlayStreets,1789799088.267,0.1036,11811,12,0,26231448.8,0,4
CONT_s3_dynamic_RedBullPlayStreets,1789799088.37,0.1036,13679,13,0,18604413.5,0,2
CONT_s3_dynamic_RedBullPlayStreets,1789799088.474,0.1036,13884,17,0,27251846.3,0,5
CONT_s3_dynamic_RedBullPlayStreets,1789799088.577,0.1034,10633,12,0,34286997.7,0,4
CONT_s3_dynamic_RedBullPlayStreets,1789799088.681,0.1035,16425,15,0,26745394.8,0,4
CONT_s3_dynamic_RedBullPlayStreets,1789799088.785,0.1036,12506,16,0,23984063.8,0,4
CONT_s3_dynamic_RedBullPlayStreets,1789799088.888,0.1035,10488,10,0,26021547.2,0,4
CONT_s3_dynamic_RedBullPlayStreets,1789799088.992,0.1036,17043,21,0,24370367.6,0,4
CONT_s3_dynamic_RedBullPlayStreets,1789799089.095,0.1036,12138,13,0,29742701.7,0,4
CONT_s3_dynamic_RedBullPlayStreets,1789799089.199,0.104,13699,16,0,22146104.4,0,4
CONT_s3_dynamic_RedBullPlayStreets,1789799089.303,0.1036,12110,13,0,24797533.4,0,4
CONT_s3_dynamic_RedBullPlayStreets,1789799089.406,0.1037,13696,15,0,32968594.5,0,4
CONT_s3_dynamic_RedBullPlayStreets,1789799089.51,0.1036,13903,15,0,28705759.0,0,4
CONT_s3_dynamic_RedBullPlayStreets,1789799089.614,0.1035,10644,12,0,28069633.3,0,4
CONT_s3_dynamic_RedBullPlayStreets,1789799089.717,0.1037,15132,15,0,37557852.1,0,4
CONT_s3_dynamic_RedBullPlayStreets,1789799089.821,0.1035,13518,13,0,30543379.5,0,4
CONT_s3_dynamic_RedBullPlayStreets,1789799089.925,0.1037,10928,13,0,29643405.1,0,4
CONT_s3_dynamic_RedBullPlayStreets,1789799090.028,0.1036,15018,14,0,33471193.6,0,4
CONT_s3_dynamic_RedBullPlayStreets,1789799090.132,0.1035,14909,13,0,23323940.2,0,3
CONT_s3_dynamic_RedBullPlayStreets,1789799090.235,0.1036,12218,13,0,33886775.8,0,4
CONT_s3_dynamic_RedBullPlayStreets,1789799090.339,0.1036,6401,9,0,47578018.3,0,4
CONT_s3_dynamic_RedBullPlayStreets,1789799090.444,0.1055,22591,21,0,34361683.3,0,5
CONT_s3_dynamic_RedBullPlayStreets,1789799090.548,0.1037,13705,15,0,38253356.5,0,4
CONT_s3_dynamic_RedBullPlayStreets,1789799090.652,0.1034,12110,12,0,40839771.2,0,4
CONT_s3_dynamic_RedBullPlayStreets,1789799090.755,0.1036,13916,16,0,28227534.4,0,4
CONT_s3_dynamic_RedBullPlayStreets,1789799090.859,0.1036,11996,11,0,31728683.8,0,4
CONT_s3_dynamic_RedBullPlayStreets,1789799090.962,0.1036,15251,17,0,38340345.4,0,4
CONT_s3_dynamic_RedBullPlayStreets,1789799091.066,0.1036,12414,14,0,32271020.0,0,4
CONT_s3_dynamic_RedBullPlayStreets,1789799091.169,0.1035,13638,15,0,31124508.0,0,4
CONT_s3_dynamic_RedBullPlayStreets,1789799091.273,0.1036,12163,13,0,44336647.0,0,4
CONT_s3_dynamic_RedBullPlayStreets,1789799091.377,0.1035,15039,14,0,42478918.6,0,4
CONT_s3_dynamic_RedBullPlayStreets,1789799091.48,0.1036,10863,13,0,22615241.0,0,2
CONT_s3_dynamic_RedBullPlayStreets,1789799091.584,0.1035,15045,14,0,45443716.3,0,4
CONT_s3_dynamic_RedBullPlayStreets,1789799091.687,0.1035,13757,16,0,41398057.1,0,4
CONT_s3_dynamic_RedBullPlayStreets,1789799091.791,0.1036,13534,14,0,23086105.0,0,2
CONT_s3_dynamic_RedBullPlayStreets,1789799091.894,0.1036,13988,16,0,41615481.4,0,4
CONT_s3_dynamic_RedBullPlayStreets,1789799091.998,0.1038,12168,13,0,45768188.4,0,4
CONT_s3_dynamic_RedBullPlayStreets,1789799092.102,0.1036,13351,11,0,21974933.3,0,2
CONT_s3_dynamic_RedBullPlayStreets,1789799092.205,0.1036,12458,14,0,44711503.7,0,4
CONT_s3_dynamic_RedBullPlayStreets,1789799092.309,0.1038,15224,17,0,41004965.4,0,4
CONT_s3_dynamic_RedBullPlayStreets,1789799092.413,0.1037,12384,15,0,41134881.7,0,5
CONT_s3_dynamic_RedBullPlayStreets,1789799092.517,0.1037,13594,15,0,22790079.3,0,2
CONT_s3_dynamic_RedBullPlayStreets,1789799092.62,0.1035,12168,13,0,46450300.5,0,4
CONT_s3_dynamic_RedBullPlayStreets,1789799092.724,0.1036,14037,17,0,38575225.4,0,4
CONT_s3_dynamic_RedBullPlayStreets,1789799092.827,0.1038,15009,14,0,28870079.3,0,3
CONT_s3_dynamic_RedBullPlayStreets,1789799092.931,0.1038,9237,12,0,42986511.3,0,4
CONT_s3_dynamic_RedBullPlayStreets,1789799093.035,0.1036,16567,16,0,43098513.1,0,4
CONT_s3_dynamic_RedBullPlayStreets,1789799093.138,0.1036,13967,16,0,41167430.1,0,4
CONT_s3_dynamic_RedBullPlayStreets,1789799093.242,0.1037,13404,12,0,24474019.5,0,2
CONT_s3_dynamic_RedBullPlayStreets,1789799093.346,0.1036,12163,13,0,49480329.5,0,4
CONT_s3_dynamic_RedBullPlayStreets,1789799093.453,0.1069,11988,11,0,40986393.8,0,4
CONT_s3_dynamic_RedBullPlayStreets,1789799093.557,0.1038,15450,17,0,44672262.9,0,4
CONT_s3_dynamic_RedBullPlayStreets,1789799093.66,0.1035,12174,14,0,38366015.6,0,4
CONT_s3_dynamic_RedBullPlayStreets,1789799093.764,0.1036,13570,13,0,50528079.3,0,4
CONT_s3_dynamic_RedBullPlayStreets,1789799093.867,0.1036,13518,13,0,38987820.6,0,4
CONT_s3_dynamic_RedBullPlayStreets,1789799093.971,0.1036,12425,15,0,39683814.9,0,4
CONT_s3_dynamic_RedBullPlayStreets,1789799094.074,0.1036,10468,8,0,45901315.1,0,3
CONT_s3_dynamic_RedBullPlayStreets,1789799094.178,0.1035,18070,19,0,24820155.8,0,2
CONT_s3_dynamic_RedBullPlayStreets,1789799094.281,0.1036,12402,15,0,20542750.0,0,2
CONT_s3_dynamic_RedBullPlayStreets,1789799094.385,0.1037,13404,12,0,20052731.8,0,2
CONT_s3_dynamic_RedBullPlayStreets,1789799094.489,0.1036,7052,12,0,16198370.1,0,3
CONT_s3_dynamic_RedBullPlayStreets,1789799094.592,0.1035,16342,14,0,16714954.8,0,2
CONT_s3_dynamic_RedBullPlayStreets,1789799094.696,0.1035,17750,14,0,17764128.9,0,2
CONT_s3_dynamic_RedBullPlayStreets,1789799094.799,0.1037,12070,10,0,17588627.4,0,2
CONT_s3_dynamic_RedBullPlayStreets,1789799094.903,0.1036,7528,8,0,23555933.4,0,2
CONT_s3_dynamic_RedBullPlayStreets,1789799095.007,0.1036,19616,18,0,19183599.0,0,2
CONT_s3_dynamic_RedBullPlayStreets,1789799095.11,0.1035,13344,11,0,19773527.3,0,2
CONT_s3_dynamic_RedBullPlayStreets,1789799095.214,0.1037,3062,4,0,26084017.0,0,2
CONT_s3_dynamic_RedBullPlayStreets,1789799095.317,0.1035,16750,17,0,19597264.2,0,2
CONT_s3_dynamic_RedBullPlayStreets,1789799095.421,0.1035,16344,14,0,21784408.5,0,2
CONT_s3_dynamic_RedBullPlayStreets,1789799095.524,0.1036,15099,13,0,20908510.0,0,2
CONT_s3_dynamic_RedBullPlayStreets,1789799095.628,0.1035,2999,3,0,25601182.3,0,2
CONT_s3_dynamic_RedBullPlayStreets,1789799095.732,0.1037,19280,16,0,23205049.2,0,2
CONT_s3_dynamic_RedBullPlayStreets,1789799095.836,0.104,18084,16,0,18792255.0,0,2
CONT_s3_dynamic_RedBullPlayStreets,1789799095.94,0.1041,12185,15,0,26159459.5,0,2
CONT_s3_dynamic_RedBullPlayStreets,1789799096.043,0.1036,13415,12,0,22033089.0,0,2
CONT_s3_dynamic_RedBullPlayStreets,1789799096.147,0.1037,15099,13,0,20539084.2,0,2
CONT_s3_dynamic_RedBullPlayStreets,1789799096.251,0.1036,6059,7,0,24012931.7,0,2
CONT_s3_dynamic_RedBullPlayStreets,1789799096.354,0.1036,19738,20,0,20814827.8,0,2
CONT_s3_dynamic_RedBullPlayStreets,1789799096.458,0.1036,12015,11,0,20154566.9,0,3
CONT_s3_dynamic_RedBullPlayStreets,1789799096.561,0.1034,8935,8,0,21649960.5,0,2
CONT_s3_dynamic_RedBullPlayStreets,1789799096.665,0.1035,18339,20,0,21125875.5,0,2
CONT_s3_dynamic_RedBullPlayStreets,1789799096.768,0.1036,13347,11,0,20651453.5,0,2
CONT_s3_dynamic_RedBullPlayStreets,1789799096.872,0.1037,13808,15,0,20201963.4,0,2
CONT_s3_dynamic_RedBullPlayStreets,1789799096.976,0.1036,7528,8,0,20737541.2,0,2
CONT_s3_dynamic_RedBullPlayStreets,1789799097.079,0.1036,17872,16,0,19928948.8,0,2
CONT_s3_dynamic_RedBullPlayStreets,1789799097.183,0.1035,12210,12,0,18509175.3,0,2
CONT_s3_dynamic_RedBullPlayStreets,1789799097.286,0.1037,15768,16,0,16775586.2,0,2
CONT_s3_dynamic_RedBullPlayStreets,1789799097.39,0.1037,172,3,0,21241987.7,0,2
CONT_s3_dynamic_RedBullPlayStreets,1789799097.494,0.1036,0,0,0,0,0,0
CONT_s3_dynamic_RedBullPlayStreets,1789799097.597,0.1035,0,0,0,0,0,0
CONT_s3_dynamic_RedBullPlayStreets,1789799097.701,0.1035,0,0,0,0,0,0
CONT_s3_dynamic_RedBullPlayStreets,1789799097.804,0.1037,0,0,0,0,0,0
CONT_s3_dynamic_RedBullPlayStreets,1789799097.908,0.1037,0,0,0,0,0,0
CONT_s3_dynamic_RedBullPlayStreets,1789799098.012,0.1036,0,0,0,0,0,0
CONT_s3_dynamic_RedBullPlayStreets,1789799098.115,0.1035,0,0,0,0,0,0
CONT_s3_dynamic_RedBullPlayStreets,1789799098.219,0.1036,0,0,0,0,0,0
CONT_s3_dynamic_RedBullPlayStreets,1789799098.322,0.1035,16920,15,0,79688588.4,0,2
CONT_s3_dynamic_RedBullPlayStreets,1789799098.426,0.1036,13645,16,0,57445247.1,0,2
CONT_s3_dynamic_RedBullPlayStreets,1789799098.529,0.1036,12515,16,0,34706567.9,0,3
CONT_s3_dynamic_RedBullPlayStreets,1789799098.633,0.1036,12061,13,0,26956317.7,0,2
CONT_s3_dynamic_RedBullPlayStreets,1789799098.737,0.1036,13994,18,0,20752566.7,0,2
CONT_s3_dynamic_RedBullPlayStreets,1789799098.84,0.1037,13467,13,0,19055322.2,0,2
CONT_s3_dynamic_RedBullPlayStreets,1789799098.945,0.1052,13464,13,0,18494467.0,0,2
CONT_s3_dynamic_RedBullPlayStreets,1789799099.049,0.1035,10814,12,0,17746700.3,0,2
CONT_s3_dynamic_RedBullPlayStreets,1789799099.153,0.1036,14878,13,0,18874540.5,0,2
CONT_s3_dynamic_RedBullPlayStreets,1789799099.256,0.1036,13404,12,0,18997295.0,0,2
CONT_s3_dynamic_RedBullPlayStreets,1789799099.36,0.1035,10814,12,0,18405870.0,0,2
CONT_s3_dynamic_RedBullPlayStreets,1789799099.463,0.1036,17874,16,0,19644630.5,0,2
CONT_s3_dynamic_RedBullPlayStreets,1789799099.567,0.1039,12338,14,0,19169950.4,0,2
CONT_s3_dynamic_RedBullPlayStreets,1789799099.671,0.1035,11945,11,0,18402865.5,0,2
CONT_s3_dynamic_RedBullPlayStreets,1789799099.774,0.1036,11877,10,0,18393155.4,0,2
CONT_s3_dynamic_RedBullPlayStreets,1789799099.878,0.1036,9223,9,0,18010794.3,0,2
CONT_s3_dynamic_RedBullPlayStreets,1789799099.981,0.1036,17811,15,0,19710269.2,0,2
CONT_s3_dynamic_RedBullPlayStreets,1789799100.085,0.1035,14751,11,0,19610326.6,0,2
CONT_s3_dynamic_RedBullPlayStreets,1789799100.189,0.1037,4926,8,0,19977998.4,0,2
CONT_s3_dynamic_RedBullPlayStreets,1789799100.292,0.1036,17811,15,0,19903152.4,0,2
CONT_s3_dynamic_RedBullPlayStreets,1789799100.396,0.1036,18405,21,0,19579355.7,0,2
CONT_s3_dynamic_RedBullPlayStreets,1789799100.499,0.1036,10615,11,0,18101228.2,0,3
CONT_s3_dynamic_RedBullPlayStreets,1789799100.603,0.1034,13404,12,0,19936025.2,0,2
CONT_s3_dynamic_RedBullPlayStreets,1789799100.706,0.1035,12344,14,0,18882155.6,0,2
CONT_s3_dynamic_RedBullPlayStreets,1789799100.81,0.1034,16342,14,0,20199387.7,0,2
CONT_s3_dynamic_RedBullPlayStreets,1789799100.913,0.1036,12393,15,0,18420358.3,0,2
CONT_s3_dynamic_RedBullPlayStreets,1789799101.017,0.1036,10466,10,0,18767589.4,0,2
CONT_s3_dynamic_RedBullPlayStreets,1789799101.12,0.1035,16187,19,0,17464052.2,0,2
CONT_s3_dynamic_RedBullPlayStreets,1789799101.224,0.1037,4583,6,0,17579246.3,0,2
CONT_s3_dynamic_RedBullPlayStreets,1789799101.328,0.104,0,0,0,0,0,0
CONT_s3_dynamic_RedBullPlayStreets,1789799101.432,0.1037,0,0,0,0,0,0
CONT_s3_dynamic_RedBullPlayStreets,1789799101.535,0.1036,0,0,0,0,0,0
CONT_s3_dynamic_RedBullPlayStreets,1789799101.639,0.1033,0,0,0,0,0,0
CONT_s3_dynamic_RedBullPlayStreets,1789799101.742,0.1036,0,0,0,0,0,0
CONT_s3_dynamic_RedBullPlayStreets,1789799101.846,0.1036,0,0,0,0,0,0
CONT_s3_dynamic_RedBullPlayStreets,1789799101.95,0.1042,0,0,0,0,0,0
CONT_s3_dynamic_RedBullPlayStreets,1789799102.053,0.1033,0,0,0,0,0,0
CONT_s3_dynamic_RedBullPlayStreets,1789799102.157,0.1035,0,0,0,0,0,0
CONT_s3_dynamic_RedBullPlayStreets,1789799102.261,0.1037,25976,25,0,60858206.7,0,2
CONT_s3_dynamic_RedBullPlayStreets,1789799102.364,0.1036,12434,16,0,43117314.8,0,2
CONT_s3_dynamic_RedBullPlayStreets,1789799102.468,0.1037,12196,14,0,28577708.0,0,3
CONT_s3_dynamic_RedBullPlayStreets,1789799102.571,0.1036,15000,15,0,24254217.3,0,2
CONT_s3_dynamic_RedBullPlayStreets,1789799102.675,0.1036,13807,15,0,20849269.3,0,2
CONT_s3_dynamic_RedBullPlayStreets,1789799102.779,0.1036,11935,11,0,19929984.7,0,2
CONT_s3_dynamic_RedBullPlayStreets,1789799102.882,0.1036,13867,16,0,17852409.0,0,2
CONT_s3_dynamic_RedBullPlayStreets,1789799102.986,0.1036,13723,17,0,17808632.0,0,2
CONT_s3_dynamic_RedBullPlayStreets,1789799103.089,0.1036,13530,14,0,15605744.9,0,2
CONT_s3_dynamic_RedBullPlayStreets,1789799103.193,0.1036,12392,15,0,14304318.3,0,2
CONT_s3_dynamic_RedBullPlayStreets,1789799103.297,0.1036,8996,9,0,14007688.0,0,2
CONT_s3_dynamic_RedBullPlayStreets,1789799103.4,0.1035,16408,15,0,16510505.4,0,2
CONT_s3_dynamic_RedBullPlayStreets,1789799103.504,0.1038,13747,14,0,16792767.6,0,2
CONT_s3_dynamic_RedBullPlayStreets,1789799103.607,0.1035,11935,11,0,17790432.8,0,2
CONT_s3_dynamic_RedBullPlayStreets,1789799103.711,0.1038,13945,17,0,16641503.7,0,2
CONT_s3_dynamic_RedBullPlayStreets,1789799103.815,0.1036,14878,13,0,17708749.9,0,2
CONT_s3_dynamic_RedBullPlayStreets,1789799103.918,0.1037,13415,12,0,18735546.8,0,2
CONT_s3_dynamic_RedBullPlayStreets,1789799104.022,0.1036,6337,8,0,16677519.5,0,2
CONT_s3_dynamic_RedBullPlayStreets,1789799104.125,0.1035,17812,15,0,18906962.6,0,2
CONT_s3_dynamic_RedBullPlayStreets,1789799104.23,0.1045,16623,15,0,18110911.1,0,2
CONT_s3_dynamic_RedBullPlayStreets,1789799104.334,0.1042,3060,4,0,21941173.0,0,2
CONT_s3_dynamic_RedBullPlayStreets,1789799104.439,0.1046,17811,15,0,20810782.4,0,2
CONT_s3_dynamic_RedBullPlayStreets,1789799104.542,0.1036,18542,22,0,20417893.5,0,3
CONT_s3_dynamic_RedBullPlayStreets,1789799104.646,0.1036,13478,13,0,20818282.4,0,2
CONT_s3_dynamic_RedBullPlayStreets,1789799104.75,0.1036,13467,13,0,20321469.2,0,2
CONT_s3_dynamic_RedBullPlayStreets,1789799104.853,0.1038,12283,13,0,19413105.2,0,2
CONT_s3_dynamic_RedBullPlayStreets,1789799104.957,0.1038,10466,10,0,19634639.0,0,2
CONT_s3_dynamic_RedBullPlayStreets,1789799105.061,0.1036,15213,15,0,18661623.1,0,2
CONT_s3_dynamic_RedBullPlayStreets,1789799105.164,0.1036,3074,7,0,17466007.1,0,2
CONT_s3_dynamic_RedBullPlayStreets,1789799105.268,0.1036,0,0,0,0,0,0
CONT_s3_dynamic_RedBullPlayStreets,1789799105.372,0.1035,0,0,0,0,0,0
CONT_s3_dynamic_RedBullPlayStreets,1789799105.475,0.1037,0,0,0,0,0,0
CONT_s3_dynamic_RedBullPlayStreets,1789799105.579,0.1035,0,0,0,0,0,0
CONT_s3_dynamic_RedBullPlayStreets,1789799105.682,0.1035,0,0,0,0,0,0
CONT_s3_dynamic_RedBullPlayStreets,1789799105.786,0.1035,0,0,0,0,0,0
CONT_s3_dynamic_RedBullPlayStreets,1789799105.889,0.1037,0,0,0,0,0,0
CONT_s3_dynamic_RedBullPlayStreets,1789799105.993,0.1036,0,0,0,0,0,0
CONT_s3_dynamic_RedBullPlayStreets,1789799106.097,0.1036,15390,13,0,79620262.7,0,2
CONT_s3_dynamic_RedBullPlayStreets,1789799106.2,0.1036,13645,16,0,58330890.2,0,2
CONT_s3_dynamic_RedBullPlayStreets,1789799106.304,0.1036,13903,17,0,34520771.8,0,2
CONT_s3_dynamic_RedBullPlayStreets,1789799106.407,0.1036,13592,15,0,24246868.0,0,2
CONT_s3_dynamic_RedBullPlayStreets,1789799106.511,0.1038,11203,17,0,18301217.5,0,3
CONT_s3_dynamic_RedBullPlayStreets,1789799106.615,0.1036,13535,14,0,15932568.9,0,2
CONT_s3_dynamic_RedBullPlayStreets,1789799106.718,0.1036,12067,13,0,14691498.0,0,2
CONT_s3_dynamic_RedBullPlayStreets,1789799106.822,0.1036,16702,16,0,15938079.8,0,2
CONT_s3_dynamic_RedBullPlayStreets,1789799106.926,0.1037,13406,12,0,17831087.5,0,2
CONT_s3_dynamic_RedBullPlayStreets,1789799107.029,0.1037,11873,10,0,17998509.2,0,2
CONT_s3_dynamic_RedBullPlayStreets,1789799107.133,0.1036,9400,12,0,16959852.3,0,2
CONT_s3_dynamic_RedBullPlayStreets,1789799107.237,0.1037,16403,15,0,17565506.7,0,2
CONT_s3_dynamic_RedBullPlayStreets,1789799107.341,0.1038,15468,19,0,16541460.1,0,2
CONT_s3_dynamic_RedBullPlayStreets,1789799107.446,0.1057,13526,14,0,16094587.6,0,2
CONT_s3_dynamic_RedBullPlayStreets,1789799107.55,0.1037,11933,11,0,16202202.0,0,2
CONT_s3_dynamic_RedBullPlayStreets,1789799107.653,0.1036,10802,12,0,15684589.8,0,2
CONT_s3_dynamic_RedBullPlayStreets,1789799107.757,0.1036,16281,13,0,17667993.8,0,2
CONT_s3_dynamic_RedBullPlayStreets,1789799107.861,0.1035,10466,10,0,17898720.4,0,2
CONT_s3_dynamic_RedBullPlayStreets,1789799107.964,0.1036,13806,15,0,17564979.9,0,2
CONT_s3_dynamic_RedBullPlayStreets,1789799108.068,0.1036,13531,14,0,19025964.6,0,2
CONT_s3_dynamic_RedBullPlayStreets,1789799108.171,0.1035,13878,16,0,17303556.3,0,2
CONT_s3_dynamic_RedBullPlayStreets,1789799108.275,0.1035,14942,14,0,18266301.6,0,2
CONT_s3_dynamic_RedBullPlayStreets,1789799108.378,0.1037,12072,13,0,17358717.2,0,2
CONT_s3_dynamic_RedBullPlayStreets,1789799108.482,0.1035,10957,13,0,15629492.8,0,3
CONT_s3_dynamic_RedBullPlayStreets,1789799108.585,0.1034,16464,16,0,17400398.1,0,2
CONT_s3_dynamic_RedBullPlayStreets,1789799108.689,0.1035,13691,13,0,17435511.5,0,2
CONT_s3_dynamic_RedBullPlayStreets,1789799108.792,0.1035,13589,15,0,16132716.4,0,2
CONT_s3_dynamic_RedBullPlayStreets,1789799108.896,0.1037,13137,13,0,17445614.2,0,2
CONT_s3_dynamic_RedBullPlayStreets,1789799109.0,0.1036,3233,7,0,15334017.1,0,2
CONT_s3_dynamic_RedBullPlayStreets,1789799109.103,0.1035,0,0,0,0,0,0
CONT_s3_dynamic_RedBullPlayStreets,1789799109.207,0.1035,0,0,0,0,0,0
CONT_s3_dynamic_RedBullPlayStreets,1789799109.31,0.1035,0,0,0,0,0,0
CONT_s3_dynamic_RedBullPlayStreets,1789799109.414,0.1036,0,0,0,0,0,0
CONT_s3_dynamic_RedBullPlayStreets,1789799109.517,0.1036,0,0,0,0,0,0
CONT_s3_dynamic_RedBullPlayStreets,1789799109.621,0.1035,0,0,0,0,0,0
CONT_s3_dynamic_RedBullPlayStreets,1789799109.724,0.1035,0,0,0,0,0,0
CONT_s3_dynamic_RedBullPlayStreets,1789799109.828,0.1036,0,0,0,0,0,0
CONT_s3_dynamic_RedBullPlayStreets,1789799109.933,0.1047,0,0,0,0,0,0
CONT_s3_dynamic_RedBullPlayStreets,1789799110.036,0.1036,0,0,0,0,0,0
CONT_s3_dynamic_RedBullPlayStreets,1789799110.14,0.1035,0,0,0,0,0,0
CONT_s3_dynamic_RedBullPlayStreets,1789799110.243,0.1035,0,0,0,0,0,0
CONT_s3_dynamic_RedBullPlayStreets,1789799110.347,0.1037,0,0,0,0,0,0
CONT_s3_dynamic_RedBullPlayStreets,1789799110.452,0.1052,0,0,0,0,0,0
CONT_s3_dynamic_RedBullPlayStreets,1789799110.555,0.1034,27647,28,0,79618229.3,0,3
CONT_s3_dynamic_RedBullPlayStreets,1789799110.659,0.1036,13903,17,0,54506634.5,0,2
CONT_s3_dynamic_RedBullPlayStreets,1789799110.763,0.1035,12055,13,0,37930657.2,0,2
CONT_s3_dynamic_RedBullPlayStreets,1789799110.866,0.1036,12123,14,0,29569656.0,0,2
CONT_s3_dynamic_RedBullPlayStreets,1789799110.97,0.1036,15215,15,0,21651270.6,0,2
CONT_s3_dynamic_RedBullPlayStreets,1789799111.073,0.1035,11995,12,0,21189055.0,0,2
CONT_s3_dynamic_RedBullPlayStreets,1789799111.177,0.1036,13947,17,0,19905705.3,0,2
CONT_s3_dynamic_RedBullPlayStreets,1789799111.28,0.1036,11940,11,0,18562935.1,0,2
CONT_s3_dynamic_RedBullPlayStreets,1789799111.384,0.1035,13404,12,0,19664249.5,0,2
CONT_s3_dynamic_RedBullPlayStreets,1789799111.488,0.1036,15099,13,0,19044699.1,0,2
CONT_s3_dynamic_RedBullPlayStreets,1789799111.591,0.1035,10527,11,0,20747520.6,0,2
CONT_s3_dynamic_RedBullPlayStreets,1789799111.695,0.1035,16619,15,0,20247249.4,0,2
CONT_s3_dynamic_RedBullPlayStreets,1789799111.798,0.1035,3119,5,0,20073335.0,0,2
CONT_s3_dynamic_RedBullPlayStreets,1789799111.902,0.1036,17877,16,0,19756033.2,0,2
CONT_s3_dynamic_RedBullPlayStreets,1789799112.005,0.1036,18400,21,0,18205891.0,0,2
CONT_s3_dynamic_RedBullPlayStreets,1789799112.109,0.1035,12004,12,0,18682791.7,0,2
CONT_s3_dynamic_RedBullPlayStreets,1789799112.212,0.1035,13409,12,0,18384379.0,0,2
CONT_s3_dynamic_RedBullPlayStreets,1789799112.316,0.1035,7875,10,0,18072034.2,0,2
CONT_s3_dynamic_RedBullPlayStreets,1789799112.42,0.1036,0,0,0,0,0,0
CONT_s3_dynamic_RedBullPlayStreets,1789799112.523,0.1035,21144,22,0,20438569.0,0,3
CONT_s3_dynamic_RedBullPlayStreets,1789799112.627,0.1035,10990,15,0,15125723.4,0,2
CONT_s3_dynamic_RedBullPlayStreets,1789799112.73,0.1037,12117,14,0,10157157.4,0,2
CONT_s3_dynamic_RedBullPlayStreets,1789799112.835,0.105,10654,13,0,9064230.2,0,2
CONT_s3_dynamic_RedBullPlayStreets,1789799112.939,0.1035,9119,11,0,9562501.4,0,2
CONT_s3_dynamic_RedBullPlayStreets,1789799113.043,0.1036,13812,15,0,9203680.0,0,2
CONT_s3_dynamic_RedBullPlayStreets,1789799113.146,0.1035,10527,11,0,12402029.2,0,2
CONT_s3_dynamic_RedBullPlayStreets,1789799113.25,0.1035,11053,16,0,11895989.1,0,2
CONT_s3_dynamic_RedBullPlayStreets,1789799113.353,0.1037,10533,11,0,15008717.5,0,2
CONT_s3_dynamic_RedBullPlayStreets,1789799113.457,0.1036,12004,12,0,14822387.3,0,2
CONT_s3_dynamic_RedBullPlayStreets,1789799113.56,0.1034,12004,12,0,16078841.7,0,2
CONT_s3_dynamic_RedBullPlayStreets,1789799113.664,0.1035,10882,13,0,15660106.8,0,2
CONT_s3_dynamic_RedBullPlayStreets,1789799113.767,0.1036,10598,12,0,14267991.8,0,2
CONT_s3_dynamic_RedBullPlayStreets,1789799113.871,0.1036,8936,8,0,17807947.0,0,2
CONT_s3_dynamic_RedBullPlayStreets,1789799113.975,0.1036,13690,13,0,16730114.8,0,2
CONT_s3_dynamic_RedBullPlayStreets,1789799114.078,0.1035,5998,6,0,17020580.0,0,2
CONT_s3_dynamic_RedBullPlayStreets,1789799114.181,0.1034,12061,13,0,18302542.2,0,2
CONT_s3_dynamic_RedBullPlayStreets,1789799114.285,0.1035,15165,14,0,19186082.1,0,2
CONT_s3_dynamic_RedBullPlayStreets,1789799114.388,0.1035,7471,7,0,19929870.4,0,2
CONT_s3_dynamic_RedBullPlayStreets,1789799114.492,0.1036,14875,13,0,19709872.8,0,2
CONT_s3_dynamic_RedBullPlayStreets,1789799114.595,0.1034,9484,12,0,19024999.8,0,3
CONT_s3_dynamic_RedBullPlayStreets,1789799114.699,0.1035,11876,15,0,18838418.5,0,2
CONT_s3_dynamic_RedBullPlayStreets,1789799114.803,0.1037,61,1,0,23355107.0,0,1
CONT_s3_dynamic_RedBullPlayStreets,1789799114.907,0.104,17872,16,0,18017305.0,0,2
CONT_s3_dynamic_RedBullPlayStreets,1789799115.01,0.1036,16537,14,0,19121229.6,0,2
CONT_s3_dynamic_RedBullPlayStreets,1789799115.114,0.1035,3060,4,0,23996667.5,0,2
CONT_s3_dynamic_RedBullPlayStreets,1789799115.217,0.1036,19343,17,0,19756365.1,0,2
CONT_s3_dynamic_RedBullPlayStreets,1789799115.321,0.1036,10681,10,0,17389505.2,0,2
CONT_s3_dynamic_RedBullPlayStreets,1789799115.425,0.1035,6065,7,0,25345389.7,0,2
CONT_s3_dynamic_RedBullPlayStreets,1789799115.528,0.1036,16550,17,0,24127516.2,0,2
CONT_s3_dynamic_RedBullPlayStreets,1789799115.632,0.1034,8936,8,0,22858174.8,0,2
CONT_s3_dynamic_RedBullPlayStreets,1789799115.735,0.1036,13684,13,0,20910434.2,0,2
CONT_s3_dynamic_RedBullPlayStreets,1789799115.839,0.1039,10405,9,0,22772942.9,0,2
CONT_s3_dynamic_RedBullPlayStreets,1789799115.947,0.1078,8997,9,0,23913827.0,0,2
CONT_s3_dynamic_RedBullPlayStreets,1789799116.051,0.1037,10927,14,0,22181531.5,0,2
CONT_s3_dynamic_RedBullPlayStreets,1789799116.154,0.1034,13477,13,0,23320600.5,0,2
CONT_s3_dynamic_RedBullPlayStreets,1789799116.258,0.1035,12004,12,0,21772322.0,0,2
CONT_s3_dynamic_RedBullPlayStreets,1789799116.361,0.1036,10874,13,0,19111668.2,0,2
CONT_s3_dynamic_RedBullPlayStreets,1789799116.465,0.1036,11874,10,0,20074136.4,0,2
CONT_s3_dynamic_RedBullPlayStreets,1789799116.568,0.1036,10607,11,0,19015492.4,0,3
CONT_s3_dynamic_RedBullPlayStreets,1789799116.672,0.1035,10863,13,0,18616911.3,0,2
CONT_s3_dynamic_RedBullPlayStreets,1789799116.775,0.1035,12004,12,0,19112767.3,0,2
CONT_s3_dynamic_RedBullPlayStreets,1789799116.879,0.1036,9002,9,0,21045823.3,0,2
CONT_s3_dynamic_RedBullPlayStreets,1789799116.983,0.1036,9290,10,0,19533097.1,0,2
CONT_s3_dynamic_RedBullPlayStreets,1789799117.086,0.1036,13410,12,0,21759559.2,0,2
CONT_s3_dynamic_RedBullPlayStreets,1789799117.19,0.1035,7471,7,0,22148771.9,0,2
CONT_s3_dynamic_RedBullPlayStreets,1789799117.293,0.1035,13691,13,0,21540243.2,0,2
CONT_s3_dynamic_RedBullPlayStreets,1789799117.397,0.1035,8940,8,0,21705129.5,0,2
CONT_s3_dynamic_RedBullPlayStreets,1789799117.5,0.1036,13415,12,0,22214444.0,0,2
CONT_s3_dynamic_RedBullPlayStreets,1789799117.604,0.1036,12218,12,0,20700154.5,0,2
CONT_s3_dynamic_RedBullPlayStreets,1789799117.708,0.1035,7467,7,0,20798673.6,0,2
CONT_s3_dynamic_RedBullPlayStreets,1789799117.811,0.1036,9704,13,0,18687507.8,0,2
CONT_s3_dynamic_RedBullPlayStreets,1789799117.915,0.1037,9627,11,0,19915681.0,0,2
CONT_s3_dynamic_RedBullPlayStreets,1789799118.018,0.1036,16342,14,0,20207654.8,0,2
CONT_s3_dynamic_RedBullPlayStreets,1789799118.122,0.1035,0,0,0,0,0,0
CONT_s3_dynamic_RedBullPlayStreets,1789799118.225,0.1035,18067,16,0,20077503.1,0,2
CONT_s3_dynamic_RedBullPlayStreets,1789799118.33,0.1049,16280,13,0,20857350.8,0,2
CONT_s3_dynamic_RedBullPlayStreets,1789799118.434,0.1035,2999,3,0,25272470.3,0,2
CONT_s3_dynamic_RedBullPlayStreets,1789799118.537,0.1036,19827,20,0,23394865.9,0,3
CONT_s3_dynamic_RedBullPlayStreets,1789799118.641,0.1034,0,0,0,0,0,0
CONT_s3_dynamic_RedBullPlayStreets,1789799118.744,0.1036,16348,14,0,25156655.6,0,2
CONT_s3_dynamic_RedBullPlayStreets,1789799118.848,0.1036,18421,21,0,23185536.7,0,2
CONT_s3_dynamic_RedBullPlayStreets,1789799118.953,0.1049,10531,11,0,22178744.2,0,2
CONT_s3_dynamic_RedBullPlayStreets,1789799119.056,0.1034,10648,13,0,17406591.2,0,2
CONT_s3_dynamic_RedBullPlayStreets,1789799119.16,0.1036,12161,11,0,15229083.1,0,2
CONT_s3_dynamic_RedBullPlayStreets,1789799119.263,0.1036,10655,13,0,16415461.0,0,2
CONT_s3_dynamic_RedBullPlayStreets,1789799119.367,0.1035,10596,12,0,16928835.5,0,2
CONT_s3_dynamic_RedBullPlayStreets,1789799119.471,0.1036,12409,15,0,14801326.3,0,2
CONT_s3_dynamic_RedBullPlayStreets,1789799119.574,0.1035,10598,12,0,16328084.8,0,2
CONT_s3_dynamic_RedBullPlayStreets,1789799119.678,0.1036,12009,12,0,16384026.0,0,2
CONT_s3_dynamic_RedBullPlayStreets,1789799119.781,0.1035,10883,13,0,15709859.5,0,2
CONT_s3_dynamic_RedBullPlayStreets,1789799119.885,0.1035,10527,11,0,16671952.3,0,2
CONT_s3_dynamic_RedBullPlayStreets,1789799119.988,0.1036,10527,11,0,16558904.9,0,2
CONT_s3_dynamic_RedBullPlayStreets,1789799120.092,0.1035,12526,17,0,14574392.3,0,2
CONT_s3_dynamic_RedBullPlayStreets,1789799120.195,0.1036,10534,11,0,15439885.5,0,2
CONT_s3_dynamic_RedBullPlayStreets,1789799120.299,0.104,12056,13,0,15600538.8,0,2
CONT_s3_dynamic_RedBullPlayStreets,1789799120.403,0.1037,7650,10,0,12131667.0,0,2
CONT_s3_dynamic_RedBullPlayStreets,1789799120.507,0.1036,15336,17,0,14533342.1,0,2
CONT_s3_dynamic_RedBullPlayStreets,1789799120.61,0.1035,9199,11,0,13936568.4,0,3
CONT_s3_dynamic_RedBullPlayStreets,1789799120.714,0.1036,10526,11,0,14275020.5,0,2
CONT_s3_dynamic_RedBullPlayStreets,1789799120.817,0.1035,12222,12,0,17142963.8,0,2
CONT_s3_dynamic_RedBullPlayStreets,1789799120.921,0.1035,10528,11,0,16864916.5,0,2
CONT_s3_dynamic_RedBullPlayStreets,1789799121.024,0.1036,10533,11,0,20277612.0,0,2
CONT_s3_dynamic_RedBullPlayStreets,1789799121.128,0.1034,12290,13,0,19898190.7,0,2
CONT_s3_dynamic_RedBullPlayStreets,1789799121.232,0.1036,10529,11,0,19451010.6,0,2
CONT_s3_dynamic_RedBullPlayStreets,1789799121.336,0.1045,13404,12,0,21134014.5,0,2
CONT_s3_dynamic_RedBullPlayStreets,1789799121.442,0.1059,7157,14,0,16761022.1,0,2
CONT_s3_dynamic_RedBullPlayStreets,1789799121.546,0.1037,14812,12,0,18951506.5,0,2
CONT_s3_dynamic_RedBullPlayStreets,1789799121.649,0.1034,3060,4,0,18155444.5,0,2
CONT_s3_dynamic_RedBullPlayStreets,1789799121.753,0.1036,19536,17,0,17775121.6,0,2
CONT_s3_dynamic_RedBullPlayStreets,1789799121.856,0.1035,61,1,0,28128853.0,0,1
CONT_s3_dynamic_RedBullPlayStreets,1789799121.96,0.1036,19343,17,0,18960066.9,0,2
CONT_s3_dynamic_RedBullPlayStreets,1789799122.063,0.1035,13682,13,0,19806799.3,0,2
CONT_s3_dynamic_RedBullPlayStreets,1789799122.167,0.1036,3128,5,0,26941030.6,0,2
CONT_s3_dynamic_RedBullPlayStreets,1789799122.27,0.1036,19614,21,0,21636600.9,0,2
CONT_s3_dynamic_RedBullPlayStreets,1789799122.374,0.1037,10814,12,0,20980501.7,0,2
CONT_s3_dynamic_RedBullPlayStreets,1789799122.478,0.1036,11935,11,0,21356929.7,0,2
CONT_s3_dynamic_RedBullPlayStreets,1789799122.581,0.1035,10607,11,0,20964874.8,0,3
CONT_s3_dynamic_RedBullPlayStreets,1789799122.684,0.1035,9063,10,0,21647362.0,0,2
CONT_s3_dynamic_RedBullPlayStreets,1789799122.788,0.1036,13685,13,0,22509864.9,0,2
CONT_s3_dynamic_RedBullPlayStreets,1789799122.892,0.1036,6059,7,0,21150137.9,0,2
CONT_s3_dynamic_RedBullPlayStreets,1789799122.995,0.1036,13945,17,0,20840845.1,0,2
CONT_s3_dynamic_RedBullPlayStreets,1789799123.099,0.1034,10472,10,0,21854228.9,0,2
CONT_s3_dynamic_RedBullPlayStreets,1789799123.202,0.1035,11941,11,0,22908945.7,0,2
CONT_s3_dynamic_RedBullPlayStreets,1789799123.306,0.1035,11946,11,0,23087706.0,0,2
CONT_s3_dynamic_RedBullPlayStreets,1789799123.409,0.1037,12161,11,0,22634284.2,0,2
CONT_s3_dynamic_RedBullPlayStreets,1789799123.513,0.1036,10466,10,0,21360923.1,0,2
CONT_s3_dynamic_RedBullPlayStreets,1789799123.616,0.1035,8936,8,0,21975367.2,0,2
CONT_s3_dynamic_RedBullPlayStreets,1789799123.72,0.1036,13740,14,0,21453611.5,0,2
CONT_s3_dynamic_RedBullPlayStreets,1789799123.824,0.1037,10718,14,0,18426783.5,0,2
CONT_s3_dynamic_RedBullPlayStreets,1789799123.927,0.1037,12009,12,0,17262896.3,0,2
CONT_s3_dynamic_RedBullPlayStreets,1789799124.031,0.1037,10757,11,0,17942385.8,0,2
CONT_s3_dynamic_RedBullPlayStreets,1789799124.135,0.1035,11995,12,0,17264822.7,0,2
CONT_s3_dynamic_RedBullPlayStreets,1789799124.238,0.1035,9058,10,0,16407663.0,0,2
CONT_s3_dynamic_RedBullPlayStreets,1789799124.342,0.1035,9279,10,0,17541460.5,0,2
CONT_s3_dynamic_RedBullPlayStreets,1789799124.447,0.1055,14878,13,0,18169099.8,0,2
CONT_s3_dynamic_RedBullPlayStreets,1789799124.551,0.1037,10546,10,0,18786303.9,0,3
CONT_s3_dynamic_RedBullPlayStreets,1789799124.654,0.1034,9400,12,0,18267940.3,0,2
CONT_s3_dynamic_RedBullPlayStreets,1789799124.758,0.1037,13594,15,0,19313371.6,0,2
CONT_s3_dynamic_RedBullPlayStreets,1789799124.861,0.1035,8673,11,0,19533925.3,0,2
CONT_s3_dynamic_RedBullPlayStreets,1789799124.965,0.1036,8279,12,0,17670058.7,0,2
CONT_s3_dynamic_RedBullPlayStreets,1789799125.068,0.1035,16342,14,0,18924176.5,0,2
CONT_s3_dynamic_RedBullPlayStreets,1789799125.172,0.1034,0,0,0,0,0,0
CONT_s3_dynamic_RedBullPlayStreets,1789799125.275,0.1036,18067,16,0,19581761.1,0,2
CONT_s3_dynamic_RedBullPlayStreets,1789799125.379,0.1035,14812,12,0,22154373.3,0,2
CONT_s3_dynamic_RedBullPlayStreets,1789799125.483,0.1036,12466,16,0,21734949.1,0,2
CONT_s3_dynamic_RedBullPlayStreets,1789799125.586,0.1034,10926,15,0,13829427.3,0,3
CONT_s3_dynamic_RedBullPlayStreets,1789799125.69,0.1037,10720,14,0,9521778.5,0,2
CONT_s3_dynamic_RedBullPlayStreets,1789799125.793,0.1036,12057,13,0,9566404.6,0,2
CONT_s3_dynamic_RedBullPlayStreets,1789799125.897,0.1036,9534,14,0,7602063.5,0,2
CONT_s3_dynamic_RedBullPlayStreets,1789799126.001,0.1037,13587,15,0,7294783.0,0,2
CONT_s3_dynamic_RedBullPlayStreets,1789799126.104,0.1036,10527,11,0,9018712.9,0,2
CONT_s3_dynamic_RedBullPlayStreets,1789799126.208,0.1035,10996,15,0,7094043.3,0,2
CONT_s3_dynamic_RedBullPlayStreets,1789799126.311,0.1035,10725,14,0,8874224.5,0,2
CONT_s3_dynamic_RedBullPlayStreets,1789799126.415,0.1038,12053,13,0,12497167.4,0,2
CONT_s3_dynamic_RedBullPlayStreets,1789799126.519,0.1037,9058,10,0,12388599.6,0,2
CONT_s3_dynamic_RedBullPlayStreets,1789799126.622,0.1035,12731,17,0,10241862.5,0,4
CONT_s3_dynamic_RedBullPlayStreets,1789799126.726,0.1037,12001,12,0,14446220.3,0,2
CONT_s3_dynamic_RedBullPlayStreets,1789799126.833,0.1072,10466,10,0,15668349.1,0,2
CONT_s3_dynamic_RedBullPlayStreets,1789799126.937,0.1036,9407,12,0,13696149.2,0,2
CONT_s3_dynamic_RedBullPlayStreets,1789799127.04,0.1036,13404,12,0,18065024.2,0,2
CONT_s3_dynamic_RedBullPlayStreets,1789799127.144,0.1036,12463,16,0,16306064.0,0,2
CONT_s3_dynamic_RedBullPlayStreets,1789799127.248,0.1036,10535,11,0,17729260.5,0,2
CONT_s3_dynamic_RedBullPlayStreets,1789799127.351,0.1036,10711,14,0,15169672.9,0,2
CONT_s3_dynamic_RedBullPlayStreets,1789799127.455,0.1037,12056,13,0,13664143.2,0,2
CONT_s3_dynamic_RedBullPlayStreets,1789799127.559,0.1037,10863,13,0,14162870.3,0,2
CONT_s3_dynamic_RedBullPlayStreets,1789799127.662,0.1036,12199,13,0,15176345.1,0,3
CONT_s3_dynamic_RedBullPlayStreets,1789799127.766,0.1036,9057,10,0,15195008.2,0,2
CONT_s3_dynamic_RedBullPlayStreets,1789799127.87,0.1037,10753,11,0,17016339.0,0,2
CONT_s3_dynamic_RedBullPlayStreets,1789799127.973,0.1036,11996,12,0,17933927.3,0,2
CONT_s3_dynamic_RedBullPlayStreets,1789799128.077,0.1037,12498,15,0,19233598.6,0,2
CONT_s3_dynamic_RedBullPlayStreets,1789799128.18,0.1036,6929,13,0,16230938.0,0,2
CONT_s3_dynamic_RedBullPlayStreets,1789799128.284,0.1036,16281,13,0,18334734.9,0,2
CONT_s3_dynamic_RedBullPlayStreets,1789799128.388,0.1038,61,1,0,20215207.0,0,1
CONT_s3_dynamic_RedBullPlayStreets,1789799128.492,0.1037,18067,16,0,18949928.9,0,2
CONT_s3_dynamic_RedBullPlayStreets,1789799128.595,0.1036,15090,13,0,16813366.1,0,4
CONT_s3_dynamic_RedBullPlayStreets,1789799128.699,0.1037,6404,9,0,23658359.4,0,2
CONT_s3_dynamic_RedBullPlayStreets,1789799128.803,0.1038,16666,19,0,17931465.9,0,2
CONT_s3_dynamic_RedBullPlayStreets,1789799128.907,0.104,10597,12,0,14360128.1,0,2
CONT_s3_dynamic_RedBullPlayStreets,1789799129.01,0.1038,7590,9,0,13242369.8,0,2
CONT_s3_dynamic_RedBullPlayStreets,1789799129.114,0.1038,13813,15,0,13418923.0,0,2
CONT_s3_dynamic_RedBullPlayStreets,1789799129.218,0.1038,12062,13,0,13495681.5,0,2
CONT_s3_dynamic_RedBullPlayStreets,1789799129.322,0.1037,10405,9,0,17381515.6,0,2
CONT_s3_dynamic_RedBullPlayStreets,1789799129.426,0.1038,12338,14,0,15597692.6,0,2
CONT_s3_dynamic_RedBullPlayStreets,1789799129.529,0.1038,7528,8,0,16911770.2,0,2
CONT_s3_dynamic_RedBullPlayStreets,1789799129.633,0.1037,13651,16,0,15833578.4,0,2
CONT_s3_dynamic_RedBullPlayStreets,1789799129.737,0.1038,12289,13,0,17528812.8,0,2
CONT_s3_dynamic_RedBullPlayStreets,1789799129.841,0.1038,7660,10,0,14753014.0,0,2
CONT_s3_dynamic_RedBullPlayStreets,1789799129.946,0.1057,14996,15,0,16201869.0,0,2
CONT_s3_dynamic_RedBullPlayStreets,1789799130.05,0.1039,7528,8,0,16183583.1,0,2
CONT_s3_dynamic_RedBullPlayStreets,1789799130.154,0.1038,12283,13,0,15988770.3,0,2
CONT_s3_dynamic_RedBullPlayStreets,1789799130.258,0.1038,13409,12,0,18218077.5,0,2
CONT_s3_dynamic_RedBullPlayStreets,1789799130.362,0.1037,10466,10,0,17989611.9,0,2
CONT_s3_dynamic_RedBullPlayStreets,1789799130.465,0.1038,12529,17,0,20102423.7,0,2
CONT_s3_dynamic_RedBullPlayStreets,1789799130.569,0.1039,9207,11,0,18623915.9,0,3
CONT_s3_dynamic_RedBullPlayStreets,1789799130.673,0.1041,13473,13,0,18993212.5,0,2
CONT_s3_dynamic_RedBullPlayStreets,1789799130.777,0.1038,10939,14,0,17588816.4,0,2
CONT_s3_dynamic_RedBullPlayStreets,1789799130.881,0.1038,10533,11,0,18098470.5,0,2
CONT_s3_dynamic_RedBullPlayStreets,1789799130.985,0.1038,9119,11,0,15423064.1,0,2
CONT_s3_dynamic_RedBullPlayStreets,1789799131.088,0.1036,13807,15,0,14377522.5,0,2
CONT_s3_dynamic_RedBullPlayStreets,1789799131.192,0.1037,12125,14,0,13611579.3,0,2
CONT_s3_dynamic_RedBullPlayStreets,1789799131.296,0.1038,10655,13,0,14505764.1,0,2
CONT_s3_dynamic_RedBullPlayStreets,1789799131.399,0.1038,10863,13,0,14192451.3,0,2
CONT_s3_dynamic_RedBullPlayStreets,1789799131.503,0.1038,10649,13,0,13451397.8,0,2
CONT_s3_dynamic_RedBullPlayStreets,1789799131.607,0.1036,10532,11,0,15120542.0,0,2
CONT_s3_dynamic_RedBullPlayStreets,1789799131.711,0.1037,10808,12,0,14546354.7,0,2
CONT_s3_dynamic_RedBullPlayStreets,1789799131.814,0.1037,13526,14,0,14943917.1,0,2
CONT_s3_dynamic_RedBullPlayStreets,1789799131.918,0.104,8997,9,0,16650433.7,0,2
CONT_s3_dynamic_RedBullPlayStreets,1789799132.022,0.1037,7518,13,0,13877805.4,0,2
CONT_s3_dynamic_RedBullPlayStreets,1789799132.126,0.1036,16342,14,0,16640994.3,0,2
CONT_s3_dynamic_RedBullPlayStreets,1789799132.23,0.1042,3060,4,0,15513395.5,0,2
CONT_s3_dynamic_RedBullPlayStreets,1789799132.335,0.105,19919,23,0,15143074.4,0,2
CONT_s3_dynamic_RedBullPlayStreets,1789799132.438,0.1036,12009,12,0,16078692.0,0,2
CONT_s3_dynamic_RedBullPlayStreets,1789799132.542,0.1037,7610,9,0,16833045.9,0,2
CONT_s3_dynamic_RedBullPlayStreets,1789799132.646,0.1036,14017,17,0,15352372.9,0,3
CONT_s3_dynamic_RedBullPlayStreets,1789799132.749,0.1038,11935,11,0,17333892.6,0,2
CONT_s3_dynamic_RedBullPlayStreets,1789799132.853,0.1037,9119,11,0,16667421.2,0,2
CONT_s3_dynamic_RedBullPlayStreets,1789799132.957,0.1037,12338,14,0,17424518.7,0,2
CONT_s3_dynamic_RedBullPlayStreets,1789799133.06,0.1035,10594,12,0,18354942.7,0,2
CONT_s3_dynamic_RedBullPlayStreets,1789799133.164,0.1036,10532,11,0,20128346.5,0,2
CONT_s3_dynamic_RedBullPlayStreets,1789799133.268,0.1037,12290,13,0,21470720.7,0,2
CONT_s3_dynamic_RedBullPlayStreets,1789799133.372,0.1037,6065,7,0,19879783.3,0,2
CONT_s3_dynamic_RedBullPlayStreets,1789799133.475,0.1037,16347,14,0,21066328.9,0,2
CONT_s3_dynamic_RedBullPlayStreets,1789799133.579,0.1037,12219,12,0,19324893.2,0,2
CONT_s3_dynamic_RedBullPlayStreets,1789799133.683,0.1037,7595,9,0,20109341.1,0,2
CONT_s3_dynamic_RedBullPlayStreets,1789799133.786,0.1038,14999,15,0,21423205.7,0,2
CONT_s3_dynamic_RedBullPlayStreets,1789799133.89,0.1038,9408,12,0,19454772.7,0,2
CONT_s3_dynamic_RedBullPlayStreets,1789799133.994,0.1037,11941,11,0,20264652.7,0,2
CONT_s3_dynamic_RedBullPlayStreets,1789799134.098,0.1036,9071,10,0,20510154.6,0,2
CONT_s3_dynamic_RedBullPlayStreets,1789799134.201,0.1037,10472,10,0,19633294.2,0,2
CONT_s3_dynamic_RedBullPlayStreets,1789799134.305,0.1037,6285,7,0,19533402.0,0,2
CONT_s3_dynamic_RedBullPlayStreets,1789799134.409,0.1038,17872,16,0,20659985.5,0,2
CONT_s3_dynamic_RedBullPlayStreets,1789799134.512,0.1038,11812,9,0,20371917.7,0,2
CONT_s3_dynamic_RedBullPlayStreets,1789799134.616,0.1036,9536,13,0,20181007.4,0,3
CONT_s3_dynamic_RedBullPlayStreets,1789799134.72,0.1039,12069,13,0,23034837.6,0,2
CONT_s3_dynamic_RedBullPlayStreets,1789799134.824,0.1037,9003,9,0,21598489.7,0,2
CONT_s3_dynamic_RedBullPlayStreets,1789799134.927,0.1038,15215,15,0,20896247.8,0,2
CONT_s3_dynamic_RedBullPlayStreets,1789799135.031,0.1037,10527,11,0,21300101.4,0,2
CONT_s3_dynamic_RedBullPlayStreets,1789799135.135,0.1036,8997,9,0,21296281.3,0,2
CONT_s3_dynamic_RedBullPlayStreets,1789799135.238,0.1037,9215,9,0,20975109.2,0,2
CONT_s3_dynamic_RedBullPlayStreets,1789799135.342,0.1038,7691,11,0,20337715.8,0,2
CONT_s3_dynamic_RedBullPlayStreets,1789799135.448,0.1061,19661,19,0,17903032.2,0,2
CONT_s3_dynamic_RedBullPlayStreets,1789799135.552,0.1038,10469,10,0,16909093.0,0,2
CONT_s3_dynamic_RedBullPlayStreets,1789799135.656,0.1036,9191,12,0,15084949.5,0,2
CONT_s3_dynamic_RedBullPlayStreets,1789799135.759,0.1037,11940,11,0,14789733.5,0,2
CONT_s3_dynamic_RedBullPlayStreets,1789799135.863,0.1038,13352,11,0,16597860.7,0,2
CONT_s3_dynamic_RedBullPlayStreets,1789799135.967,0.1038,9526,14,0,17570124.0,0,2
CONT_s3_dynamic_RedBullPlayStreets,1789799136.071,0.1037,11874,10,0,17481064.6,0,2
CONT_s3_dynamic_RedBullPlayStreets,1789799136.174,0.1036,7589,9,0,19097976.7,0,2
CONT_s3_dynamic_RedBullPlayStreets,1789799136.278,0.1037,15340,17,0,19959212.1,0,2
CONT_s3_dynamic_RedBullPlayStreets,1789799136.382,0.1037,4600,6,0,21634978.0,0,2
CONT_s3_dynamic_RedBullPlayStreets,1789799136.485,0.1037,14942,14,0,20614443.7,0,2
CONT_s3_dynamic_RedBullPlayStreets,1789799136.589,0.1036,12289,13,0,22420915.1,0,2
CONT_s3_dynamic_RedBullPlayStreets,1789799136.693,0.1036,7675,9,0,20382279.2,0,3
CONT_s3_dynamic_RedBullPlayStreets,1789799136.796,0.1038,14942,14,0,21962638.7,0,2
CONT_s3_dynamic_RedBullPlayStreets,1789799136.9,0.1038,10808,12,0,21066815.2,0,2
CONT_s3_dynamic_RedBullPlayStreets,1789799137.004,0.1037,12009,12,0,21293821.3,0,2
CONT_s3_dynamic_RedBullPlayStreets,1789799137.107,0.1036,10538,11,0,22469361.2,0,2
CONT_s3_dynamic_RedBullPlayStreets,1789799137.211,0.1037,9470,13,0,20458500.8,0,2
CONT_s3_dynamic_RedBullPlayStreets,1789799137.315,0.1037,14941,14,0,19065114.7,0,2
CONT_s3_dynamic_RedBullPlayStreets,1789799137.419,0.1039,10471,10,0,20502045.8,0,2
CONT_s3_dynamic_RedBullPlayStreets,1789799137.522,0.1037,4538,5,0,20079351.6,0,2
CONT_s3_dynamic_RedBullPlayStreets,1789799137.626,0.1036,16690,16,0,20457130.0,0,2
CONT_s3_dynamic_RedBullPlayStreets,1789799137.73,0.1037,8875,7,0,20949047.0,0,2
CONT_s3_dynamic_RedBullPlayStreets,1789799137.834,0.1042,8997,9,0,22401145.0,0,2
CONT_s3_dynamic_RedBullPlayStreets,1789799137.938,0.1039,15215,15,0,21826037.0,0,2
CONT_s3_dynamic_RedBullPlayStreets,1789799138.042,0.1036,12122,14,0,22754878.7,0,2
CONT_s3_dynamic_RedBullPlayStreets,1789799138.145,0.1036,12009,12,0,22063599.7,0,2
CONT_s3_dynamic_RedBullPlayStreets,1789799138.249,0.1037,10877,13,0,20172213.2,0,2
CONT_s3_dynamic_RedBullPlayStreets,1789799138.352,0.1036,10465,10,0,20056715.3,0,2
CONT_s3_dynamic_RedBullPlayStreets,1789799138.456,0.1037,11874,10,0,21329389.2,0,2
CONT_s3_dynamic_RedBullPlayStreets,1789799138.56,0.1035,6400,9,0,18352653.3,0,2
CONT_s3_dynamic_RedBullPlayStreets,1789799138.663,0.1037,15014,14,0,19641233.5,0,3
CONT_s3_dynamic_RedBullPlayStreets,1789799138.767,0.1037,12066,13,0,21133902.7,0,2
CONT_s3_dynamic_RedBullPlayStreets,1789799138.871,0.1036,10246,20,0,16430652.0,0,2
CONT_s3_dynamic_RedBullPlayStreets,1789799138.974,0.1037,0,0,0,0,0,0
CONT_s3_dynamic_RedBullPlayStreets,1789799139.078,0.104,14812,12,0,18767950.2,0,2
CONT_s3_dynamic_RedBullPlayStreets,1789799139.182,0.1037,19591,18,0,19054901.3,0,2
CONT_s3_dynamic_RedBullPlayStreets,1789799139.286,0.1037,11813,9,0,19843398.4,0,2
CONT_s3_dynamic_RedBullPlayStreets,1789799139.389,0.1037,6120,8,0,23893761.5,0,2
CONT_s3_dynamic_RedBullPlayStreets,1789799139.493,0.1036,14873,13,0,21029791.5,0,2
CONT_s3_dynamic_RedBullPlayStreets,1789799139.597,0.1035,12408,15,0,20375534.2,0,2
CONT_s3_dynamic_RedBullPlayStreets,1789799139.7,0.1037,10532,11,0,20908288.6,0,2
CONT_s3_dynamic_RedBullPlayStreets,1789799139.804,0.1037,10526,11,0,20227365.4,0,2
CONT_s3_dynamic_RedBullPlayStreets,1789799139.908,0.1038,10808,12,0,19330626.7,0,2
CONT_s3_dynamic_RedBullPlayStreets,1789799140.012,0.1038,11935,11,0,21209449.7,0,2
CONT_s3_dynamic_RedBullPlayStreets,1789799140.115,0.1036,11874,10,0,21533478.2,0,2
CONT_s3_dynamic_RedBullPlayStreets,1789799140.219,0.1037,7876,10,0,22504420.2,0,2
CONT_s3_dynamic_RedBullPlayStreets,1789799140.323,0.1037,11935,11,0,22453059.6,0,2
CONT_s3_dynamic_RedBullPlayStreets,1789799140.427,0.1039,13648,16,0,22498966.9,0,2
CONT_s3_dynamic_RedBullPlayStreets,1789799140.53,0.1037,10986,15,0,17064792.3,0,2
CONT_s3_dynamic_RedBullPlayStreets,1789799140.634,0.1034,4611,5,0,15248811.8,0,3
CONT_s3_dynamic_RedBullPlayStreets,1789799140.738,0.1038,16410,15,0,18249594.9,0,2
CONT_s3_dynamic_RedBullPlayStreets,1789799140.841,0.1036,12276,13,0,16414900.8,0,2
CONT_s3_dynamic_RedBullPlayStreets,1789799140.947,0.1061,4470,4,0,17514218.2,0,2
CONT_s3_dynamic_RedBullPlayStreets,1789799141.051,0.1041,14879,13,0,19031853.2,0,2
CONT_s3_dynamic_RedBullPlayStreets,1789799141.155,0.1036,10750,11,0,18691006.9,0,2
CONT_s3_dynamic_RedBullPlayStreets,1789799141.259,0.1037,13471,13,0,19905882.8,0,2
CONT_s3_dynamic_RedBullPlayStreets,1789799141.362,0.1037,12409,15,0,18295660.2,0,2
CONT_s3_dynamic_RedBullPlayStreets,1789799141.466,0.1037,10467,10,0,18398455.8,0,2
CONT_s3_dynamic_RedBullPlayStreets,1789799141.57,0.1037,4533,5,0,19782142.8,0,2
CONT_s3_dynamic_RedBullPlayStreets,1789799141.673,0.1036,16348,14,0,21733780.3,0,2
CONT_s3_dynamic_RedBullPlayStreets,1789799141.777,0.1037,12219,12,0,21128448.2,0,2
CONT_s3_dynamic_RedBullPlayStreets,1789799141.881,0.1036,6002,6,0,23235023.3,0,2
CONT_s3_dynamic_RedBullPlayStreets,1789799141.984,0.1037,16344,14,0,23938638.1,0,2
CONT_s3_dynamic_RedBullPlayStreets,1789799142.088,0.1037,12155,11,0,20982241.3,0,2
CONT_s3_dynamic_RedBullPlayStreets,1789799142.192,0.1037,9186,12,0,25974858.0,0,2
CONT_s3_dynamic_RedBullPlayStreets,1789799142.295,0.1036,12550,16,0,20462593.1,0,2
CONT_s3_dynamic_RedBullPlayStreets,1789799142.399,0.1037,0,0,0,0,0,0
CONT_s3_dynamic_RedBullPlayStreets,1789799142.503,0.1037,16342,14,0,20526220.0,0,2
CONT_s3_dynamic_RedBullPlayStreets,1789799142.606,0.1036,18006,15,0,19515367.8,0,2
CONT_s3_dynamic_RedBullPlayStreets,1789799142.71,0.1037,202,2,0,22446181.5,0,2
CONT_s3_dynamic_RedBullPlayStreets,1789799142.814,0.1036,21215,21,0,21085326.6,0,2
CONT_s3_dynamic_RedBullPlayStreets,1789799142.917,0.1038,12196,15,0,18501049.1,0,2
CONT_s3_dynamic_RedBullPlayStreets,1789799143.021,0.1037,10660,13,0,12356439.3,0,2
CONT_s3_dynamic_RedBullPlayStreets,1789799143.125,0.1038,12122,14,0,10799132.7,0,2
CONT_s3_dynamic_RedBullPlayStreets,1789799143.229,0.1039,9179,12,0,8503196.0,0,2
CONT_s3_dynamic_RedBullPlayStreets,1789799143.333,0.1045,12349,14,0,11635127.1,0,2
CONT_s3_dynamic_RedBullPlayStreets,1789799143.437,0.1038,11996,12,0,13222456.3,0,2
CONT_s3_dynamic_RedBullPlayStreets,1789799143.541,0.1037,10587,12,0,12042532.2,0,2
CONT_s3_dynamic_RedBullPlayStreets,1789799143.644,0.1036,10994,15,0,13416714.2,0,2
CONT_s3_dynamic_RedBullPlayStreets,1789799143.748,0.1038,12007,12,0,15197188.3,0,2
CONT_s3_dynamic_RedBullPlayStreets,1789799143.852,0.1037,10720,14,0,11040701.5,0,2
CONT_s3_dynamic_RedBullPlayStreets,1789799143.956,0.104,12344,14,0,10795358.7,0,2
CONT_s3_dynamic_RedBullPlayStreets,1789799144.06,0.1037,6059,7,0,11966567.9,0,2
CONT_s3_dynamic_RedBullPlayStreets,1789799144.163,0.1036,15061,16,0,12721310.9,0,2
CONT_s3_dynamic_RedBullPlayStreets,1789799144.267,0.1038,12332,14,0,12863461.0,0,2
CONT_s3_dynamic_RedBullPlayStreets,1789799144.371,0.1036,10588,12,0,12748014.6,0,2
CONT_s3_dynamic_RedBullPlayStreets,1789799144.474,0.1037,12064,13,0,13734696.5,0,2
CONT_s3_dynamic_RedBullPlayStreets,1789799144.578,0.104,10827,12,0,15617743.0,0,2
CONT_s3_dynamic_RedBullPlayStreets,1789799144.682,0.1036,9205,11,0,16013343.8,0,3
CONT_s3_dynamic_RedBullPlayStreets,1789799144.786,0.1038,13404,12,0,19708630.5,0,2
CONT_s3_dynamic_RedBullPlayStreets,1789799144.89,0.1038,9345,11,0,17451742.7,0,2
CONT_s3_dynamic_RedBullPlayStreets,1789799144.993,0.1037,10466,10,0,19294643.6,0,2
CONT_s3_dynamic_RedBullPlayStreets,1789799145.097,0.1036,13343,11,0,21484584.5,0,2
CONT_s3_dynamic_RedBullPlayStreets,1789799145.201,0.1038,10868,13,0,17834697.5,0,2
CONT_s3_dynamic_RedBullPlayStreets,1789799145.304,0.1037,11935,11,0,19567432.8,0,2
CONT_s3_dynamic_RedBullPlayStreets,1789799145.408,0.1037,10652,13,0,18124480.5,0,2
CONT_s3_dynamic_RedBullPlayStreets,1789799145.512,0.1038,9350,11,0,18967565.5,0,2
CONT_s3_dynamic_RedBullPlayStreets,1789799145.616,0.1036,13473,13,0,19457112.2,0,2
CONT_s3_dynamic_RedBullPlayStreets,1789799145.719,0.1037,6500,11,0,15710155.7,0,2
CONT_s3_dynamic_RedBullPlayStreets,1789799145.823,0.1037,0,0,0,0,0,0
CONT_s3_dynamic_RedBullPlayStreets,1789799145.927,0.1038,0,0,0,0,0,0
CONT_s3_dynamic_RedBullPlayStreets,1789799146.03,0.1037,0,0,0,0,0,0
CONT_s3_dynamic_RedBullPlayStreets,1789799146.134,0.1036,0,0,0,0,0,0
CONT_s3_dynamic_RedBullPlayStreets,1789799146.238,0.1036,19980,19,0,40110441.5,0,2
CONT_s3_dynamic_RedBullPlayStreets,1789799146.341,0.1036,12178,15,0,27380668.5,0,2
CONT_s3_dynamic_RedBullPlayStreets,1789799146.447,0.106,10966,15,0,18673293.4,0,2
CONT_s3_dynamic_RedBullPlayStreets,1789799146.551,0.1038,10593,12,0,14584953.3,0,2
CONT_s3_dynamic_RedBullPlayStreets,1789799146.655,0.1037,10587,12,0,13924807.3,0,2
CONT_s3_dynamic_RedBullPlayStreets,1789799146.759,0.1036,10954,13,0,13079530.2,0,3
CONT_s3_dynamic_RedBullPlayStreets,1789799146.862,0.1037,13652,16,0,15128751.1,0,2
CONT_s3_dynamic_RedBullPlayStreets,1789799146.966,0.1037,10540,11,0,16032665.8,0,2
CONT_s3_dynamic_RedBullPlayStreets,1789799147.07,0.1037,9411,12,0,16168376.2,0,2
CONT_s3_dynamic_RedBullPlayStreets,1789799147.173,0.1036,13534,14,0,18498295.4,0,2
CONT_s3_dynamic_RedBullPlayStreets,1789799147.277,0.1038,9066,10,0,18152843.0,0,2
CONT_s3_dynamic_RedBullPlayStreets,1789799147.381,0.1036,12290,13,0,18993055.6,0,2
CONT_s3_dynamic_RedBullPlayStreets,1789799147.484,0.1037,11878,10,0,21034064.4,0,2
CONT_s3_dynamic_RedBullPlayStreets,1789799147.588,0.1037,7593,9,0,18017184.8,0,2
CONT_s3_dynamic_RedBullPlayStreets,1789799147.692,0.1037,14063,19,0,17213824.7,0,2
CONT_s3_dynamic_RedBullPlayStreets,1789799147.795,0.1037,10602,12,0,13479865.5,0,2
CONT_s3_dynamic_RedBullPlayStreets,1789799147.899,0.1036,12004,12,0,14800919.0,0,2
CONT_s3_dynamic_RedBullPlayStreets,1789799148.003,0.1039,12400,15,0,13656907.0,0,2
CONT_s3_dynamic_RedBullPlayStreets,1789799148.107,0.1036,10465,10,0,14522318.7,0,2
CONT_s3_dynamic_RedBullPlayStreets,1789799148.21,0.1037,9119,11,0,14617696.8,0,2
CONT_s3_dynamic_RedBullPlayStreets,1789799148.314,0.1037,13745,14,0,15574010.4,0,2
CONT_s3_dynamic_RedBullPlayStreets,1789799148.418,0.1038,6058,7,0,15055493.1,0,2
CONT_s3_dynamic_RedBullPlayStreets,1789799148.521,0.1037,15061,16,0,17459375.4,0,2
CONT_s3_dynamic_RedBullPlayStreets,1789799148.625,0.1037,10472,10,0,18311748.0,0,2
CONT_s3_dynamic_RedBullPlayStreets,1789799148.729,0.1035,12369,13,0,17208796.8,0,3
CONT_s3_dynamic_RedBullPlayStreets,1789799148.833,0.1044,9002,9,0,18352635.0,0,2
CONT_s3_dynamic_RedBullPlayStreets,1789799148.937,0.1037,11882,10,0,18632128.0,0,2
CONT_s3_dynamic_RedBullPlayStreets,1789799149.04,0.1037,4806,6,0,17505551.7,0,2
CONT_s3_dynamic_RedBullPlayStreets,1789799149.144,0.1037,19221,15,0,21686557.7,0,2
CONT_s3_dynamic_RedBullPlayStreets,1789799149.248,0.1037,8005,12,0,24495531.5,0,2
CONT_s3_dynamic_RedBullPlayStreets,1789799149.351,0.1036,12004,12,0,22478426.7,0,2
CONT_s3_dynamic_RedBullPlayStreets,1789799149.455,0.1038,13410,12,0,23047627.8,0,2
CONT_s3_dynamic_RedBullPlayStreets,1789799149.559,0.1039,11692,12,0,21874984.7,0,2
CONT_s3_dynamic_RedBullPlayStreets,1789799149.663,0.1038,180,3,0,20577813.7,0,2
CONT_s3_dynamic_RedBullPlayStreets,1789799149.766,0.1036,0,0,0,0,0,0
CONT_s3_dynamic_RedBullPlayStreets,1789799149.87,0.1037,0,0,0,0,0,0
CONT_s3_dynamic_RedBullPlayStreets,1789799149.974,0.1037,0,0,0,0,0,0
CONT_s3_dynamic_RedBullPlayStreets,1789799150.078,0.1037,0,0,0,0,0,0
CONT_s3_dynamic_RedBullPlayStreets,1789799150.181,0.1036,0,0,0,0,0,0
CONT_s3_dynamic_RedBullPlayStreets,1789799150.285,0.1037,0,0,0,0,0,0
CONT_s3_dynamic_RedBullPlayStreets,1789799150.388,0.1036,0,0,0,0,0,0
CONT_s3_dynamic_RedBullPlayStreets,1789799150.492,0.1037,0,0,0,0,0,0
CONT_s3_dynamic_RedBullPlayStreets,1789799150.596,0.1037,16920,15,0,81406760.0,0,2
CONT_s3_dynamic_RedBullPlayStreets,1789799150.699,0.1036,10850,15,0,58422426.7,0,3
CONT_s3_dynamic_RedBullPlayStreets,1789799150.803,0.1039,12373,15,0,37747068.0,0,2
CONT_s3_dynamic_RedBullPlayStreets,1789799150.907,0.1037,10654,13,0,26516633.2,0,2
CONT_s3_dynamic_RedBullPlayStreets,1789799151.011,0.1037,12058,13,0,22804361.2,0,2
CONT_s3_dynamic_RedBullPlayStreets,1789799151.114,0.1036,10945,14,0,20133388.3,0,2
CONT_s3_dynamic_RedBullPlayStreets,1789799151.218,0.1036,9066,10,0,18646518.8,0,2
CONT_s3_dynamic_RedBullPlayStreets,1789799151.322,0.1038,13478,13,0,19408835.8,0,2
CONT_s3_dynamic_RedBullPlayStreets,1789799151.426,0.1043,10933,14,0,17205693.5,0,2
CONT_s3_dynamic_RedBullPlayStreets,1789799151.53,0.1037,10466,10,0,16868706.6,0,2
CONT_s3_dynamic_RedBullPlayStreets,1789799151.633,0.1036,11935,11,0,18759747.5,0,2
CONT_s3_dynamic_RedBullPlayStreets,1789799151.737,0.1037,10991,15,0,16186643.4,0,2
CONT_s3_dynamic_RedBullPlayStreets,1789799151.841,0.1042,11940,11,0,17507942.0,0,2
CONT_s3_dynamic_RedBullPlayStreets,1789799151.947,0.1055,10652,13,0,17732758.8,0,2
CONT_s3_dynamic_RedBullPlayStreets,1789799152.05,0.1038,10874,13,0,16560838.5,0,2
CONT_s3_dynamic_RedBullPlayStreets,1789799152.154,0.1036,10535,11,0,16351977.0,0,2
CONT_s3_dynamic_RedBullPlayStreets,1789799152.258,0.1038,11941,11,0,18434596.5,0,2
CONT_s3_dynamic_RedBullPlayStreets,1789799152.362,0.1038,10603,12,0,17422136.6,0,2
CONT_s3_dynamic_RedBullPlayStreets,1789799152.465,0.1037,12340,14,0,16227541.9,0,2
CONT_s3_dynamic_RedBullPlayStreets,1789799152.569,0.1036,10466,10,0,18270544.4,0,2
CONT_s3_dynamic_RedBullPlayStreets,1789799152.672,0.1036,11995,12,0,17916502.3,0,2
CONT_s3_dynamic_RedBullPlayStreets,1789799152.776,0.1037,11136,16,0,16600769.4,0,3
CONT_s3_dynamic_RedBullPlayStreets,1789799152.88,0.1037,10604,12,0,17770046.8,0,2
CONT_s3_dynamic_RedBullPlayStreets,1789799152.983,0.1037,10595,12,0,18078348.4,0,2
CONT_s3_dynamic_RedBullPlayStreets,1789799153.087,0.1035,12292,13,0,18456476.8,0,2
CONT_s3_dynamic_RedBullPlayStreets,1789799153.191,0.1037,10535,11,0,19215692.0,0,2
CONT_s3_dynamic_RedBullPlayStreets,1789799153.294,0.1037,10540,11,0,19306979.5,0,2
CONT_s3_dynamic_RedBullPlayStreets,1789799153.398,0.1038,12340,14,0,18523179.6,0,2
CONT_s3_dynamic_RedBullPlayStreets,1789799153.502,0.1037,5998,6,0,18823980.7,0,2
CONT_s3_dynamic_RedBullPlayStreets,1789799153.605,0.1036,16529,17,0,21701899.1,0,2
CONT_s3_dynamic_RedBullPlayStreets,1789799153.709,0.1037,10814,12,0,21048760.2,0,2
CONT_s3_dynamic_RedBullPlayStreets,1789799153.813,0.1037,10540,11,0,19723382.6,0,2
CONT_s3_dynamic_RedBullPlayStreets,1789799153.917,0.1038,11941,11,0,20979895.0,0,2
CONT_s3_dynamic_RedBullPlayStreets,1789799154.02,0.1038,10868,13,0,18350515.2,0,2
CONT_s3_dynamic_RedBullPlayStreets,1789799154.124,0.1037,9324,15,0,15197065.8,0,2
CONT_s3_dynamic_RedBullPlayStreets,1789799154.228,0.1037,13282,10,0,17706368.6,0,2
CONT_s3_dynamic_RedBullPlayStreets,1789799154.335,0.107,3060,4,0,19555062.5,0,2
CONT_s3_dynamic_RedBullPlayStreets,1789799154.438,0.1036,18067,16,0,18552556.4,0,2
CONT_s3_dynamic_RedBullPlayStreets,1789799154.542,0.1037,13221,9,0,17799046.0,0,1
CONT_s3_dynamic_RedBullPlayStreets,1789799154.646,0.1036,6058,7,0,25687008.4,0,2
CONT_s3_dynamic_RedBullPlayStreets,1789799154.749,0.1036,15173,13,0,18156725.8,0,3
CONT_s3_dynamic_RedBullPlayStreets,1789799154.853,0.1038,4591,6,0,29853524.5,0,2
CONT_s3_dynamic_RedBullPlayStreets,1789799154.957,0.1037,17943,17,0,25098229.4,0,2
CONT_s3_dynamic_RedBullPlayStreets,1789799155.06,0.1035,10752,11,0,22390885.9,0,2
CONT_s3_dynamic_RedBullPlayStreets,1789799155.164,0.1038,9069,10,0,26189304.8,0,2
CONT_s3_dynamic_RedBullPlayStreets,1789799155.268,0.1037,11874,10,0,23404557.2,0,2
CONT_s3_dynamic_RedBullPlayStreets,1789799155.372,0.1038,5998,6,0,25998961.7,0,2
CONT_s3_dynamic_RedBullPlayStreets,1789799155.475,0.1037,16745,17,0,23066722.5,0,2
CONT_s3_dynamic_RedBullPlayStreets,1789799155.579,0.1037,10655,13,0,24145758.5,0,2
CONT_s3_dynamic_RedBullPlayStreets,1789799155.683,0.1037,13478,13,0,22966965.9,0,2
CONT_s3_dynamic_RedBullPlayStreets,1789799155.786,0.1037,10934,14,0,19309187.4,0,2
CONT_s3_dynamic_RedBullPlayStreets,1789799155.89,0.1036,10649,13,0,17262839.5,0,2
CONT_s3_dynamic_RedBullPlayStreets,1789799155.994,0.1037,11935,11,0,19509414.9,0,2
CONT_s3_dynamic_RedBullPlayStreets,1789799156.097,0.1036,9405,12,0,16436372.2,0,2
CONT_s3_dynamic_RedBullPlayStreets,1789799156.201,0.1037,11996,12,0,18639463.3,0,2
CONT_s3_dynamic_RedBullPlayStreets,1789799156.305,0.1036,10465,10,0,18474482.7,0,2
CONT_s3_dynamic_RedBullPlayStreets,1789799156.408,0.1037,11062,16,0,15934859.4,0,2
CONT_s3_dynamic_RedBullPlayStreets,1789799156.512,0.104,10603,12,0,15179590.6,0,2
CONT_s3_dynamic_RedBullPlayStreets,1789799156.616,0.1036,13473,13,0,16978399.7,0,2
CONT_s3_dynamic_RedBullPlayStreets,1789799156.72,0.1038,9540,13,0,14014999.6,0,3
CONT_s3_dynamic_RedBullPlayStreets,1789799156.823,0.1037,13465,13,0,14640263.9,0,2
CONT_s3_dynamic_RedBullPlayStreets,1789799156.927,0.1038,10527,11,0,16837615.5,0,2
CONT_s3_dynamic_RedBullPlayStreets,1789799157.031,0.1038,9399,12,0,15424759.3,0,2
CONT_s3_dynamic_RedBullPlayStreets,1789799157.134,0.1036,13465,13,0,15721137.1,0,2
CONT_s3_dynamic_RedBullPlayStreets,1789799157.238,0.1037,9122,11,0,16392084.5,0,2
CONT_s3_dynamic_RedBullPlayStreets,1789799157.342,0.1036,8250,11,0,18017640.3,0,2
CONT_s3_dynamic_RedBullPlayStreets,1789799157.448,0.106,0,0,0,0,0,0
CONT_s3_dynamic_RedBullPlayStreets,1789799157.552,0.1038,0,0,0,0,0,0
CONT_s3_dynamic_RedBullPlayStreets,1789799157.655,0.1036,0,0,0,0,0,0
CONT_s3_dynamic_RedBullPlayStreets,1789799157.759,0.1037,0,0,0,0,0,0
CONT_s3_dynamic_RedBullPlayStreets,1789799157.863,0.1037,0,0,0,0,0,0
CONT_s3_dynamic_RedBullPlayStreets,1789799157.966,0.1037,0,0,0,0,0,0
CONT_s3_dynamic_RedBullPlayStreets,1789799158.07,0.1035,0,0,0,0,0,0
CONT_s3_dynamic_RedBullPlayStreets,1789799158.173,0.1036,0,0,0,0,0,0
CONT_s3_dynamic_RedBullPlayStreets,1789799158.277,0.1037,0,0,0,0,0,0
CONT_s3_dynamic_RedBullPlayStreets,1789799158.381,0.1036,21448,20,0,70887570.5,0,2
CONT_s3_dynamic_RedBullPlayStreets,1789799158.485,0.1038,10710,14,0,53201088.5,0,2
CONT_s3_dynamic_RedBullPlayStreets,1789799158.588,0.1036,10966,15,0,33057963.2,0,2
CONT_s3_dynamic_RedBullPlayStreets,1789799158.692,0.1038,12062,13,0,24515257.0,0,2
CONT_s3_dynamic_RedBullPlayStreets,1789799158.796,0.1037,10789,14,0,18497538.9,0,3
CONT_s3_dynamic_RedBullPlayStreets,1789799158.899,0.1038,7931,11,0,16035910.0,0,2
CONT_s3_dynamic_RedBullPlayStreets,1789799159.003,0.1037,15056,16,0,14338778.9,0,2
CONT_s3_dynamic_RedBullPlayStreets,1789799159.107,0.1035,10659,13,0,16868791.9,0,2
CONT_s3_dynamic_RedBullPlayStreets,1789799159.21,0.1038,10999,15,0,11104038.7,0,2
CONT_s3_dynamic_RedBullPlayStreets,1789799159.314,0.1037,11995,12,0,10520904.3,0,2
CONT_s3_dynamic_RedBullPlayStreets,1789799159.418,0.1038,12000,12,0,11270873.7,0,2
CONT_s3_dynamic_RedBullPlayStreets,1789799159.522,0.1037,7937,11,0,12177939.3,0,2
CONT_s3_dynamic_RedBullPlayStreets,1789799159.625,0.1037,13342,11,0,15391240.3,0,2
CONT_s3_dynamic_RedBullPlayStreets,1789799159.729,0.1036,4590,6,0,14180143.0,0,2
CONT_s3_dynamic_RedBullPlayStreets,1789799159.837,0.1077,18098,16,0,16147489.1,0,2
CONT_s3_dynamic_RedBullPlayStreets,1789799159.941,0.1047,10654,13,0,17606241.0,0,2
CONT_s3_dynamic_RedBullPlayStreets,1789799160.045,0.1034,11946,11,0,18641961.9,0,2
CONT_s3_dynamic_RedBullPlayStreets,1789799160.148,0.1035,9341,11,0,18407232.6,0,2
CONT_s3_dynamic_RedBullPlayStreets,1789799160.252,0.1036,10466,10,0,19345168.1,0,2
CONT_s3_dynamic_RedBullPlayStreets,1789799160.356,0.1037,13404,12,0,19760855.5,0,2
CONT_s3_dynamic_RedBullPlayStreets,1789799160.459,0.1037,10808,12,0,19921857.0,0,2
CONT_s3_dynamic_RedBullPlayStreets,1789799160.563,0.1036,8936,8,0,21512284.5,0,2
CONT_s3_dynamic_RedBullPlayStreets,1789799160.666,0.1036,12002,12,0,20650706.0,0,2
CONT_s3_dynamic_RedBullPlayStreets,1789799160.77,0.1036,12545,16,0,19202255.4,0,3
CONT_s3_dynamic_RedBullPlayStreets,1789799160.874,0.1037,7406,6,0,20051014.2,0,2
CONT_s3_dynamic_RedBullPlayStreets,1789799160.977,0.1037,14873,13,0,21955193.8,0,2
CONT_s3_dynamic_RedBullPlayStreets,1789799161.081,0.1037,8874,7,0,21444978.3,0,2
CONT_s3_dynamic_RedBullPlayStreets,1789799161.185,0.1036,7809,9,0,20765001.0,0,2
CONT_s3_dynamic_RedBullPlayStreets,1789799161.288,0.1036,17750,14,0,22786310.3,0,2
CONT_s3_dynamic_RedBullPlayStreets,1789799161.392,0.1039,61,1,0,27691423.0,0,1
CONT_s3_dynamic_RedBullPlayStreets,1789799161.496,0.1037,0,0,0,0,0,0
CONT_s3_dynamic_RedBullPlayStreets,1789799161.599,0.1037,0,0,0,0,0,0
CONT_s3_dynamic_RedBullPlayStreets,1789799161.703,0.1036,0,0,0,0,0,0
CONT_s3_dynamic_RedBullPlayStreets,1789799161.807,0.1039,1531,2,0,46773037.5,0,2
CONT_s3_dynamic_RedBullPlayStreets,1789799161.911,0.1039,12544,17,0,42298048.8,0,2
CONT_s3_dynamic_RedBullPlayStreets,1789799162.015,0.1037,1529,2,0,49415893.0,0,1
CONT_s3_dynamic_RedBullPlayStreets,1789799162.118,0.1036,13784,18,0,33875756.5,0,2
CONT_s3_dynamic_RedBullPlayStreets,1789799162.222,0.1036,10405,9,0,35404326.2,0,2
CONT_s3_dynamic_RedBullPlayStreets,1789799162.325,0.1036,0,0,0,0,0,0
CONT_s3_dynamic_RedBullPlayStreets,1789799162.429,0.1038,11874,10,0,35774959.8,0,2
CONT_s3_dynamic_RedBullPlayStreets,1789799162.533,0.1036,3797,6,0,45696311.7,0,2
CONT_s3_dynamic_RedBullPlayStreets,1789799162.636,0.1036,0,0,0,0,0,0
CONT_s3_dynamic_RedBullPlayStreets,1789799162.74,0.1036,13830,17,0,37993617.4,0,2
CONT_s3_dynamic_RedBullPlayStreets,1789799162.844,0.1036,10788,12,0,34090168.8,0,3
CONT_s3_dynamic_RedBullPlayStreets,1789799162.949,0.1054,0,0,0,0,0,0
CONT_s3_dynamic_RedBullPlayStreets,1789799163.053,0.1037,12640,19,0,35050157.4,0,2
CONT_s3_dynamic_RedBullPlayStreets,1789799163.156,0.1036,8874,7,0,31776231.9,0,2
CONT_s3_dynamic_RedBullPlayStreets,1789799163.26,0.1036,10283,7,0,31268807.0,0,1
CONT_s3_dynamic_RedBullPlayStreets,1789799163.363,0.1035,66,1,0,49631462.0,0,1
CONT_s3_dynamic_RedBullPlayStreets,1789799163.467,0.1036,11813,9,0,33962459.9,0,2
CONT_s3_dynamic_RedBullPlayStreets,1789799163.571,0.1037,0,0,0,0,0,0
CONT_s3_dynamic_RedBullPlayStreets,1789799163.674,0.1036,12719,20,0,29293933.5,0,2
CONT_s3_dynamic_RedBullPlayStreets,1789799163.778,0.1037,8935,8,0,34246926.5,0,2
CONT_s3_dynamic_RedBullPlayStreets,1789799163.882,0.1038,0,0,0,0,0,0
CONT_s3_dynamic_RedBullPlayStreets,1789799163.986,0.1037,10405,9,0,36227106.0,0,2
CONT_s3_dynamic_RedBullPlayStreets,1789799164.089,0.1037,11813,9,0,32097233.6,0,2
CONT_s3_dynamic_RedBullPlayStreets,1789799164.193,0.1036,11249,19,0,27574846.6,0,2
CONT_s3_dynamic_RedBullPlayStreets,1789799164.296,0.1036,3060,4,0,27338565.5,0,2
CONT_s3_dynamic_RedBullPlayStreets,1789799164.4,0.1036,9310,14,0,22881615.5,0,2
CONT_s3_dynamic_RedBullPlayStreets,1789799164.504,0.1037,5998,6,0,24589047.7,0,2
CONT_s3_dynamic_RedBullPlayStreets,1789799164.607,0.1036,3059,4,0,28164129.5,0,2
CONT_s3_dynamic_RedBullPlayStreets,1789799164.711,0.1036,7472,7,0,26355675.9,0,2
CONT_s3_dynamic_RedBullPlayStreets,1789799164.814,0.1036,4609,5,0,27150640.8,0,3
CONT_s3_dynamic_RedBullPlayStreets,1789799164.918,0.1036,5997,6,0,29231083.3,0,2
CONT_s3_dynamic_RedBullPlayStreets,1789799165.022,0.1036,12529,17,0,26787491.0,0,2
CONT_s3_dynamic_RedBullPlayStreets,1789799165.125,0.1036,3407,6,0,33199900.5,0,2
CONT_s3_dynamic_RedBullPlayStreets,1789799165.229,0.1036,4594,6,0,27713054.0,0,2
CONT_s3_dynamic_RedBullPlayStreets,1789799165.333,0.1043,6064,7,0,34360181.4,0,2
CONT_s3_dynamic_RedBullPlayStreets,1789799165.437,0.1037,1530,2,0,38558954.0,0,2
CONT_s3_dynamic_RedBullPlayStreets,1789799165.541,0.1036,5998,6,0,37770146.0,0,2
CONT_s3_dynamic_RedBullPlayStreets,1789799165.644,0.1036,8997,9,0,39251026.3,0,2
CONT_s3_dynamic_RedBullPlayStreets,1789799165.748,0.1036,1530,2,0,43249096.5,0,2
CONT_s3_dynamic_RedBullPlayStreets,1789799165.851,0.1036,9590,15,0,32417532.2,0,2
CONT_s3_dynamic_RedBullPlayStreets,1789799165.955,0.1036,7526,8,0,36944729.2,0,2
CONT_s3_dynamic_RedBullPlayStreets,1789799166.058,0.1035,3281,4,0,43245270.0,0,2
CONT_s3_dynamic_RedBullPlayStreets,1789799166.162,0.1037,4532,5,0,41005703.6,0,2
CONT_s3_dynamic_RedBullPlayStreets,1789799166.266,0.1036,8997,9,0,42199827.0,0,2
CONT_s3_dynamic_RedBullPlayStreets,1789799166.369,0.1037,4468,4,0,47068063.0,0,2
CONT_s3_dynamic_RedBullPlayStreets,1789799166.473,0.1036,5998,6,0,44318137.0,0,2
CONT_s3_dynamic_RedBullPlayStreets,1789799166.577,0.1036,12471,16,0,38467698.1,0,2
CONT_s3_dynamic_RedBullPlayStreets,1789799166.68,0.1036,6225,6,0,37637637.3,0,2
CONT_s3_dynamic_RedBullPlayStreets,1789799166.784,0.1036,3201,5,0,33466214.2,0,3
CONT_s3_dynamic_RedBullPlayStreets,1789799166.887,0.1036,11874,10,0,37750115.2,0,2
CONT_s3_dynamic_RedBullPlayStreets,1789799166.991,0.1036,3588,9,0,35839218.9,0,2
CONT_s3_dynamic_RedBullPlayStreets,1789799167.095,0.1036,8936,8,0,31528557.2,0,2
CONT_s3_dynamic_RedBullPlayStreets,1789799167.198,0.1036,8929,8,0,31326973.6,0,2
CONT_s3_dynamic_RedBullPlayStreets,1789799167.302,0.1036,61,1,0,39882348.0,0,1
CONT_s3_dynamic_RedBullPlayStreets,1789799167.406,0.1039,10405,9,0,37055008.2,0,2
CONT_s3_dynamic_RedBullPlayStreets,1789799167.51,0.1038,2999,3,0,46092333.0,0,2
CONT_s3_dynamic_RedBullPlayStreets,1789799167.613,0.1036,9459,13,0,34317541.8,0,2
CONT_s3_dynamic_RedBullPlayStreets,1789799167.717,0.1036,9055,10,0,35579990.8,0,2
CONT_s3_dynamic_RedBullPlayStreets,1789799167.82,0.1036,9192,12,0,37707449.5,0,2
CONT_s3_dynamic_RedBullPlayStreets,1789799167.924,0.1036,1530,2,0,36807407.5,0,2
CONT_s3_dynamic_RedBullPlayStreets,1789799168.027,0.1036,7588,9,0,37169722.7,0,2
CONT_s3_dynamic_RedBullPlayStreets,1789799168.131,0.1036,7745,8,0,38009896.5,0,2
CONT_s3_dynamic_RedBullPlayStreets,1789799168.235,0.1036,1650,4,0,38491667.5,0,2
CONT_s3_dynamic_RedBullPlayStreets,1789799168.339,0.1038,10466,10,0,36279817.5,0,2
CONT_s3_dynamic_RedBullPlayStreets,1789799168.444,0.1054,10405,9,0,36134482.1,0,2
CONT_s3_dynamic_RedBullPlayStreets,1789799168.548,0.1038,1530,2,0,41108245.5,0,2
CONT_s3_dynamic_RedBullPlayStreets,1789799168.651,0.1036,14057,19,0,32380353.2,0,2
CONT_s3_dynamic_RedBullPlayStreets,1789799168.755,0.1036,9453,15,0,29836981.5,0,3
CONT_s3_dynamic_RedBullPlayStreets,1789799168.859,0.1036,1530,2,0,31872455.5,0,2
CONT_s3_dynamic_RedBullPlayStreets,1789799168.962,0.1036,10466,10,0,30716068.7,0,2
CONT_s3_dynamic_RedBullPlayStreets,1789799169.066,0.1037,7488,13,0,27819306.5,0,2
CONT_s3_dynamic_RedBullPlayStreets,1789799169.17,0.1036,0,0,0,0,0,0
CONT_s3_dynamic_RedBullPlayStreets,1789799169.273,0.1036,9354,13,0,30592991.2,0,2
CONT_s3_dynamic_RedBullPlayStreets,1789799169.377,0.1036,7706,9,0,35547437.7,0,2
CONT_s3_dynamic_RedBullPlayStreets,1789799169.48,0.1036,0,0,0,0,0,0
CONT_s3_dynamic_RedBullPlayStreets,1789799169.584,0.1036,7468,7,0,42254939.0,0,2
CONT_s3_dynamic_RedBullPlayStreets,1789799169.687,0.1036,9189,12,0,44155646.5,0,2
CONT_s3_dynamic_RedBullPlayStreets,1789799169.791,0.1037,0,0,0,0,0,0
CONT_s3_dynamic_RedBullPlayStreets,1789799169.895,0.1036,5997,6,0,50160041.7,0,2
CONT_s3_dynamic_RedBullPlayStreets,1789799169.998,0.1036,8101,14,0,45187193.0,0,2
CONT_s3_dynamic_RedBullPlayStreets,1789799170.102,0.1036,0,0,0,0,0,0
CONT_s3_dynamic_RedBullPlayStreets,1789799170.206,0.1036,5998,6,0,48963739.7,0,2
CONT_s3_dynamic_RedBullPlayStreets,1789799170.309,0.1036,7467,7,0,48668848.1,0,2
CONT_s3_dynamic_RedBullPlayStreets,1789799170.413,0.1037,0,0,0,0,0,0
CONT_s3_dynamic_RedBullPlayStreets,1789799170.517,0.1036,8936,8,0,47112146.8,0,2
CONT_s3_dynamic_RedBullPlayStreets,1789799170.62,0.1036,10344,8,0,41599105.5,0,2
CONT_s3_dynamic_RedBullPlayStreets,1789799170.724,0.1036,61,1,0,67216609.0,0,1
CONT_s3_dynamic_RedBullPlayStreets,1789799170.828,0.1039,12862,21,0,35901979.0,0,3
CONT_s3_dynamic_RedBullPlayStreets,1789799170.931,0.1037,6524,11,0,35497513.2,0,2
CONT_s3_dynamic_RedBullPlayStreets,1789799171.035,0.1036,1530,2,0,35732485.0,0,2
CONT_s3_dynamic_RedBullPlayStreets,1789799171.138,0.1036,6059,7,0,38080964.0,0,2
CONT_s3_dynamic_RedBullPlayStreets,1789799171.242,0.1037,5998,6,0,37301340.0,0,2
CONT_s3_dynamic_RedBullPlayStreets,1789799171.346,0.1037,1530,2,0,39340769.5,0,2
CONT_s3_dynamic_RedBullPlayStreets,1789799171.451,0.1055,8997,9,0,35831610.3,0,2
CONT_s3_dynamic_RedBullPlayStreets,1789799171.555,0.1037,9230,9,0,34563660.4,0,2
CONT_s3_dynamic_RedBullPlayStreets,1789799171.659,0.1036,1591,3,0,40819559.3,0,2
CONT_s3_dynamic_RedBullPlayStreets,1789799171.762,0.1036,11989,12,0,29290138.5,0,2
CONT_s3_dynamic_RedBullPlayStreets,1789799171.866,0.1036,1530,2,0,36831655.0,0,2
CONT_s3_dynamic_RedBullPlayStreets,1789799171.969,0.1036,12157,11,0,23049298.3,0,2
CONT_s3_dynamic_RedBullPlayStreets,1789799172.073,0.1036,14812,12,0,20788249.0,0,2
CONT_s3_dynamic_RedBullPlayStreets,1789799172.177,0.1039,2999,3,0,31800758.3,0,2
CONT_s3_dynamic_RedBullPlayStreets,1789799172.281,0.1036,13282,10,0,25096628.0,0,2
CONT_s3_dynamic_RedBullPlayStreets,1789799172.384,0.1036,5054,10,0,32311388.5,0,2
CONT_s3_dynamic_RedBullPlayStreets,1789799172.488,0.1036,0,0,0,0,0,0
CONT_s3_dynamic_RedBullPlayStreets,1789799172.591,0.1035,13282,10,0,28453205.3,0,2
CONT_s3_dynamic_RedBullPlayStreets,1789799172.695,0.1036,12345,14,0,32793400.0,0,2
CONT_s3_dynamic_RedBullPlayStreets,1789799172.799,0.1036,141,1,0,5459421.0,0,1
CONT_s3_dynamic_RedBullPlayStreets,1789799172.902,0.1036,14058,19,0,30322443.7,0,2
CONT_s3_dynamic_RedBullPlayStreets,1789799173.006,0.1036,7465,7,0,32297298.0,0,2
CONT_s3_dynamic_RedBullPlayStreets,1789799173.109,0.1036,2999,3,0,32351942.0,0,2
CONT_s3_dynamic_RedBullPlayStreets,1789799173.213,0.1036,10466,10,0,35406090.0,0,2
CONT_s3_dynamic_RedBullPlayStreets,1789799173.317,0.1036,8936,8,0,36740536.0,0,2
CONT_s3_dynamic_RedBullPlayStreets,1789799173.42,0.1036,3004,3,0,36871427.7,0,2
CONT_s3_dynamic_RedBullPlayStreets,1789799173.524,0.1037,13861,16,0,33189786.1,0,2
CONT_s3_dynamic_RedBullPlayStreets,1789799173.627,0.1036,4529,5,0,39386293.6,0,2
CONT_s3_dynamic_RedBullPlayStreets,1789799173.731,0.1036,11740,10,0,33115996.2,0,2
CONT_s3_dynamic_RedBullPlayStreets,1789799173.835,0.1042,629,4,0,37706263.2,0,2
CONT_s3_dynamic_RedBullPlayStreets,1789799173.939,0.1037,15296,18,0,28818952.7,0,2
CONT_s3_dynamic_RedBullPlayStreets,1789799174.043,0.1036,1591,3,0,32321760.3,0,2
CONT_s3_dynamic_RedBullPlayStreets,1789799174.146,0.1036,12429,17,0,26461080.8,0,2
CONT_s3_dynamic_RedBullPlayStreets,1789799174.25,0.1037,4772,7,0,29730662.1,0,2
CONT_s3_dynamic_RedBullPlayStreets,1789799174.354,0.1037,3065,4,0,28982201.0,0,2
CONT_s3_dynamic_RedBullPlayStreets,1789799174.458,0.1046,9376,12,0,29459602.6,0,2
CONT_s3_dynamic_RedBullPlayStreets,1789799174.562,0.1035,5998,6,0,32514278.7,0,2
CONT_s3_dynamic_RedBullPlayStreets,1789799174.665,0.1036,5998,6,0,27925175.7,0,2
CONT_s3_dynamic_RedBullPlayStreets,1789799174.769,0.1036,13606,14,0,27048567.1,0,3
CONT_s3_dynamic_RedBullPlayStreets,1789799174.872,0.1036,4816,6,0,33675589.0,0,2
CONT_s3_dynamic_RedBullPlayStreets,1789799174.976,0.1037,8935,8,0,26487064.5,0,2
CONT_s3_dynamic_RedBullPlayStreets,1789799175.08,0.1035,6002,6,0,33324431.7,0,2
CONT_s3_dynamic_RedBullPlayStreets,1789799175.183,0.1036,15155,14,0,29446331.0,0,2
CONT_s3_dynamic_RedBullPlayStreets,1789799175.287,0.1037,120,2,0,36111485.5,0,2
CONT_s3_dynamic_RedBullPlayStreets,1789799175.391,0.1036,16220,12,0,24617128.5,0,2
CONT_s3_dynamic_RedBullPlayStreets,1789799175.494,0.1036,3121,5,0,30811405.8,0,2
CONT_s3_dynamic_RedBullPlayStreets,1789799175.598,0.1035,11752,8,0,24537553.0,0,1
CONT_s3_dynamic_RedBullPlayStreets,1789799175.701,0.1036,6519,11,0,32871123.7,0,2
CONT_s3_dynamic_RedBullPlayStreets,1789799175.805,0.1036,0,0,0,0,0,0
CONT_s3_dynamic_RedBullPlayStreets,1789799175.908,0.1036,16470,16,0,34479146.6,0,2
CONT_s3_dynamic_RedBullPlayStreets,1789799176.012,0.1036,7734,11,0,37354016.5,0,2
CONT_s3_dynamic_RedBullPlayStreets,1789799176.116,0.1035,6356,8,0,33893642.8,0,2
CONT_s3_dynamic_RedBullPlayStreets,1789799176.219,0.1036,6131,8,0,34567872.0,0,2
CONT_s3_dynamic_RedBullPlayStreets,1789799176.323,0.1036,10601,12,0,32329570.4,0,2
CONT_s3_dynamic_RedBullPlayStreets,1789799176.426,0.1036,7534,8,0,31499089.4,0,2
CONT_s3_dynamic_RedBullPlayStreets,1789799176.53,0.1036,6133,8,0,27052096.0,0,2
CONT_s3_dynamic_RedBullPlayStreets,1789799176.634,0.1035,9286,10,0,25391076.7,0,2
CONT_s3_dynamic_RedBullPlayStreets,1789799176.737,0.1036,8997,9,0,23093480.3,0,2
CONT_s3_dynamic_RedBullPlayStreets,1789799176.841,0.1036,7669,9,0,21688233.3,0,3
CONT_s3_dynamic_RedBullPlayStreets,1789799176.946,0.1054,3121,5,0,21945127.4,0,2
CONT_s3_dynamic_RedBullPlayStreets,1789799177.05,0.1037,11935,11,0,24881341.6,0,2
CONT_s3_dynamic_RedBullPlayStreets,1789799177.154,0.1036,4939,8,0,22070800.5,0,2
CONT_s3_dynamic_RedBullPlayStreets,1789799177.257,0.1036,7406,6,0,24124246.5,0,2
CONT_s3_dynamic_RedBullPlayStreets,1789799177.361,0.1036,10643,13,0,23326479.1,0,2
CONT_s3_dynamic_RedBullPlayStreets,1789799177.464,0.1037,2299,7,0,20321636.4,0,2
CONT_s3_dynamic_RedBullPlayStreets,1789799177.568,0.1037,13823,17,0,18908083.4,0,2
CONT_s3_dynamic_RedBullPlayStreets,1789799177.672,0.1036,6120,8,0,19439819.5,0,2
CONT_s3_dynamic_RedBullPlayStreets,1789799177.775,0.1036,8875,7,0,19164961.9,0,2
CONT_s3_dynamic_RedBullPlayStreets,1789799177.879,0.1038,4651,7,0,21958915.3,0,2
CONT_s3_dynamic_RedBullPlayStreets,1789799177.983,0.1036,11094,17,0,19626878.6,0,2
CONT_s3_dynamic_RedBullPlayStreets,1789799178.086,0.1036,7528,8,0,18572108.2,0,2
CONT_s3_dynamic_RedBullPlayStreets,1789799178.19,0.1036,6171,9,0,18395601.0,0,2
CONT_s3_dynamic_RedBullPlayStreets,1789799178.293,0.1036,6120,8,0,19063191.5,0,2
CONT_s3_dynamic_RedBullPlayStreets,1789799178.397,0.1037,9594,15,0,18640592.5,0,2
CONT_s3_dynamic_RedBullPlayStreets,1789799178.501,0.1036,3069,4,0,18750077.5,0,2
CONT_s3_dynamic_RedBullPlayStreets,1789799178.604,0.1035,7931,11,0,18398767.5,0,2
CONT_s3_dynamic_RedBullPlayStreets,1789799178.708,0.1036,9061,10,0,18459271.4,0,2
CONT_s3_dynamic_RedBullPlayStreets,1789799178.811,0.1036,10856,15,0,14947781.9,0,3
CONT_s3_dynamic_RedBullPlayStreets,1789799178.915,0.1036,2999,3,0,16743982.3,0,2
CONT_s3_dynamic_RedBullPlayStreets,1789799179.019,0.1037,7882,10,0,17851110.0,0,2
CONT_s3_dynamic_RedBullPlayStreets,1789799179.122,0.1037,4468,4,0,19365540.2,0,2
CONT_s3_dynamic_RedBullPlayStreets,1789799179.226,0.1038,6059,7,0,20159520.1,0,2
CONT_s3_dynamic_RedBullPlayStreets,1789799179.332,0.1053,6060,7,0,22051135.6,0,2
CONT_s3_dynamic_RedBullPlayStreets,1789799179.435,0.1037,1531,2,0,22007939.0,0,2
CONT_s3_dynamic_RedBullPlayStreets,1789799179.539,0.1037,7532,8,0,23794416.9,0,2
CONT_s3_dynamic_RedBullPlayStreets,1789799179.643,0.1035,7821,9,0,26539384.0,0,2
CONT_s3_dynamic_RedBullPlayStreets,1789799179.746,0.1035,1595,3,0,27737321.7,0,2
CONT_s3_dynamic_RedBullPlayStreets,1789799179.85,0.1038,9008,9,0,26438540.7,0,2
CONT_s3_dynamic_RedBullPlayStreets,1789799179.954,0.1044,7471,7,0,26153785.4,0,2
CONT_s3_dynamic_RedBullPlayStreets,1789799180.058,0.1035,3121,5,0,28420260.6,0,2
CONT_s3_dynamic_RedBullPlayStreets,1789799180.161,0.1035,7891,10,0,25554493.4,0,2
CONT_s3_dynamic_RedBullPlayStreets,1789799180.265,0.1035,9046,10,0,25272403.2,0,2
CONT_s3_dynamic_RedBullPlayStreets,1789799180.368,0.1036,1530,2,0,31813534.0,0,2
CONT_s3_dynamic_RedBullPlayStreets,1789799180.472,0.1036,8936,8,0,28573812.5,0,2
CONT_s3_dynamic_RedBullPlayStreets,1789799180.576,0.1037,11934,11,0,31049180.3,0,2
CONT_s3_dynamic_RedBullPlayStreets,1789799180.679,0.1035,0,0,0,0,0,0
CONT_s3_dynamic_RedBullPlayStreets,1789799180.783,0.1037,14015,17,0,29382328.7,0,3
CONT_s3_dynamic_RedBullPlayStreets,1789799180.886,0.1037,10410,9,0,32813007.8,0,2
CONT_s3_dynamic_RedBullPlayStreets,1789799180.99,0.1037,61,1,0,47609560.0,0,1
CONT_s3_dynamic_RedBullPlayStreets,1789799181.094,0.1036,11935,11,0,31768007.8,0,2
CONT_s3_dynamic_RedBullPlayStreets,1789799181.197,0.1035,3119,5,0,40658090.0,0,2
CONT_s3_dynamic_RedBullPlayStreets,1789799181.301,0.1038,9407,12,0,30238383.0,0,2
CONT_s3_dynamic_RedBullPlayStreets,1789799181.405,0.1037,8997,9,0,31262159.7,0,2
CONT_s3_dynamic_RedBullPlayStreets,1789799181.508,0.1037,3060,4,0,38130969.5,0,2
CONT_s3_dynamic_RedBullPlayStreets,1789799181.612,0.1034,5937,5,0,31848278.0,0,2
CONT_s3_dynamic_RedBullPlayStreets,1789799181.715,0.1035,2318,5,0,37616225.6,0,2
CONT_s3_dynamic_RedBullPlayStreets,1789799181.819,0.1036,10890,15,0,34540005.0,0,2
CONT_s3_dynamic_RedBullPlayStreets,1789799181.923,0.1038,0,0,0,0,0,0
CONT_s3_dynamic_RedBullPlayStreets,1789799182.026,0.1037,9240,11,0,37327997.3,0,2
CONT_s3_dynamic_RedBullPlayStreets,1789799182.13,0.1035,10405,9,0,37407718.6,0,2
CONT_s3_dynamic_RedBullPlayStreets,1789799182.233,0.1035,0,0,0,0,0,0
CONT_s3_dynamic_RedBullPlayStreets,1789799182.337,0.1038,12192,12,0,37309145.0,0,2
CONT_s3_dynamic_RedBullPlayStreets,1789799182.442,0.1052,13403,12,0,37852159.0,0,2
CONT_s3_dynamic_RedBullPlayStreets,1789799182.547,0.1042,0,0,0,0,0,0
CONT_s3_dynamic_RedBullPlayStreets,1789799182.65,0.1036,15464,19,0,34202404.2,0,2
CONT_s3_dynamic_RedBullPlayStreets,1789799182.754,0.1036,11813,9,0,29406371.4,0,2
CONT_s3_dynamic_RedBullPlayStreets,1789799182.858,0.1038,318,4,0,36367646.8,0,3
CONT_s3_dynamic_RedBullPlayStreets,1789799182.962,0.1041,11874,10,0,34488222.8,0,2
CONT_s3_dynamic_RedBullPlayStreets,1789799183.065,0.1037,0,0,0,0,0,0
CONT_s3_dynamic_RedBullPlayStreets,1789799183.169,0.1036,13624,12,0,32958780.7,0,2
CONT_s3_dynamic_RedBullPlayStreets,1789799183.273,0.1036,0,0,0,0,0,0
CONT_s3_dynamic_RedBullPlayStreets,1789799183.376,0.1038,14812,12,0,35876639.8,0,2
CONT_s3_dynamic_RedBullPlayStreets,1789799183.48,0.1037,0,0,0,0,0,0
CONT_s3_dynamic_RedBullPlayStreets,1789799183.584,0.1036,16280,13,0,36645082.6,0,2
CONT_s3_dynamic_RedBullPlayStreets,1789799183.687,0.1036,12126,14,0,45116364.2,0,2
CONT_s3_dynamic_RedBullPlayStreets,1789799183.791,0.1038,6464,10,0,42735760.5,0,2
CONT_s3_dynamic_RedBullPlayStreets,1789799183.895,0.1038,8246,16,0,31030668.0,0,2
CONT_s3_dynamic_RedBullPlayStreets,1789799183.999,0.1037,7652,10,0,28712817.5,0,2
CONT_s3_dynamic_RedBullPlayStreets,1789799184.102,0.1036,5051,10,0,25370909.5,0,2
CONT_s3_dynamic_RedBullPlayStreets,1789799184.206,0.1036,3390,6,0,22331325.7,0,2
CONT_s3_dynamic_RedBullPlayStreets,1789799184.309,0.1036,4928,8,0,24335914.0,0,2
CONT_s3_dynamic_RedBullPlayStreets,1789799184.413,0.1037,6058,7,0,22762806.3,0,2
CONT_s3_dynamic_RedBullPlayStreets,1789799184.517,0.1036,7593,9,0,31139514.9,0,2
CONT_s3_dynamic_RedBullPlayStreets,1789799184.62,0.1036,63,1,0,34388966.0,0,1
CONT_s3_dynamic_RedBullPlayStreets,1789799184.724,0.1035,7539,8,0,35728149.8,0,2
CONT_s3_dynamic_RedBullPlayStreets,1789799184.827,0.1035,7610,8,0,34262157.8,0,3
CONT_s3_dynamic_RedBullPlayStreets,1789799184.931,0.1038,1530,2,0,39201280.0,0,2
CONT_s3_dynamic_RedBullPlayStreets,1789799185.035,0.1036,8062,14,0,31862560.0,0,2
CONT_s3_dynamic_RedBullPlayStreets,1789799185.138,0.1036,7779,10,0,36470701.4,0,2
CONT_s3_dynamic_RedBullPlayStreets,1789799185.242,0.1035,0,0,0,0,0,0
CONT_s3_dynamic_RedBullPlayStreets,1789799185.346,0.1037,6368,10,0,40689980.0,0,2
CONT_s3_dynamic_RedBullPlayStreets,1789799185.451,0.1052,4837,8,0,44161932.5,0,2
CONT_s3_dynamic_RedBullPlayStreets,1789799185.554,0.1036,0,0,0,0,0,0
CONT_s3_dynamic_RedBullPlayStreets,1789799185.658,0.1036,4711,6,0,47807259.7,0,2
CONT_s3_dynamic_RedBullPlayStreets,1789799185.762,0.1036,5997,6,0,55347607.0,0,2
CONT_s3_dynamic_RedBullPlayStreets,1789799185.865,0.1037,0,0,0,0,0,0
CONT_s3_dynamic_RedBullPlayStreets,1789799185.969,0.1036,7467,7,0,57717626.1,0,2
CONT_s3_dynamic_RedBullPlayStreets,1789799186.073,0.1036,9439,13,0,50657301.6,0,2
CONT_s3_dynamic_RedBullPlayStreets,1789799186.176,0.1036,0,0,0,0,0,0
CONT_s3_dynamic_RedBullPlayStreets,1789799186.28,0.1037,12185,15,0,44586256.9,0,2
CONT_s3_dynamic_RedBullPlayStreets,1789799186.383,0.1036,9121,11,0,41937193.4,0,2
CONT_s3_dynamic_RedBullPlayStreets,1789799186.487,0.1037,61,1,0,46667175.0,0,1
CONT_s3_dynamic_RedBullPlayStreets,1789799186.591,0.1036,6121,8,0,43765408.5,0,2
CONT_s3_dynamic_RedBullPlayStreets,1789799186.694,0.1036,7883,10,0,42977447.8,0,2
CONT_s3_dynamic_RedBullPlayStreets,1789799186.798,0.1036,7406,6,0,40533560.2,0,2
CONT_s3_dynamic_RedBullPlayStreets,1789799186.902,0.1037,1732,4,0,36416409.2,0,3
CONT_s3_dynamic_RedBullPlayStreets,1789799187.005,0.1036,10343,8,0,36131307.8,0,2
CONT_s3_dynamic_RedBullPlayStreets,1789799187.109,0.1036,61,1,0,50392902.0,0,1
CONT_s3_dynamic_RedBullPlayStreets,1789799187.212,0.1036,11874,10,0,34265128.4,0,2
CONT_s3_dynamic_RedBullPlayStreets,1789799187.316,0.1036,12397,15,0,28353777.0,0,2
CONT_s3_dynamic_RedBullPlayStreets,1789799187.42,0.1037,1530,2,0,33755656.5,0,2
CONT_s3_dynamic_RedBullPlayStreets,1789799187.523,0.1036,10529,11,0,28194912.4,0,2
CONT_s3_dynamic_RedBullPlayStreets,1789799187.627,0.1036,8936,8,0,26639433.0,0,2
CONT_s3_dynamic_RedBullPlayStreets,1789799187.732,0.1051,1530,2,0,31860146.0,0,2
CONT_s3_dynamic_RedBullPlayStreets,1789799187.836,0.1041,10933,14,0,24678157.5,0,2
CONT_s3_dynamic_RedBullPlayStreets,1789799187.94,0.1036,10466,10,0,22493057.8,0,2
CONT_s3_dynamic_RedBullPlayStreets,1789799188.043,0.1036,5998,6,0,25782456.3,0,2
CONT_s3_dynamic_RedBullPlayStreets,1789799188.147,0.1035,12278,13,0,23374898.8,0,2
CONT_s3_dynamic_RedBullPlayStreets,1789799188.25,0.1036,7472,7,0,25493746.9,0,2
CONT_s3_dynamic_RedBullPlayStreets,1789799188.354,0.1037,10405,9,0,26678751.7,0,2
CONT_s3_dynamic_RedBullPlayStreets,1789799188.458,0.1035,7467,7,0,27972392.0,0,2
CONT_s3_dynamic_RedBullPlayStreets,1789799188.561,0.1035,3593,6,0,25762645.3,0,2
CONT_s3_dynamic_RedBullPlayStreets,1789799188.665,0.1036,13579,13,0,26615752.2,0,2
CONT_s3_dynamic_RedBullPlayStreets,1789799188.768,0.1036,4593,6,0,25393803.0,0,2
CONT_s3_dynamic_RedBullPlayStreets,1789799188.872,0.1036,141,1,0,5839202.0,0,1
CONT_s3_dynamic_RedBullPlayStreets,1789799188.976,0.1036,16604,15,0,27294149.0,0,2
CONT_s3_dynamic_RedBullPlayStreets,1789799189.079,0.1037,0,0,0,0,0,0
CONT_s3_dynamic_RedBullPlayStreets,1789799189.183,0.1036,14816,12,0,30417749.5,0,2
CONT_s3_dynamic_RedBullPlayStreets,1789799189.286,0.1036,0,0,0,0,0,0
CONT_s3_dynamic_RedBullPlayStreets,1789799189.39,0.1037,16284,13,0,32605273.6,0,2
CONT_s3_dynamic_RedBullPlayStreets,1789799189.494,0.1036,3531,8,0,47684600.5,0,2
CONT_s3_dynamic_RedBullPlayStreets,1789799189.597,0.1036,13410,12,0,32187991.8,0,2
CONT_s3_dynamic_RedBullPlayStreets,1789799189.701,0.1036,1537,2,0,39262930.5,0,2
CONT_s3_dynamic_RedBullPlayStreets,1789799189.805,0.1037,13471,13,0,30853115.3,0,2
CONT_s3_dynamic_RedBullPlayStreets,1789799189.908,0.1037,7628,6,0,22750793.0,0,1
CONT_s3_dynamic_RedBullPlayStreets,1789799190.012,0.1037,6241,10,0,38132240.5,0,2
CONT_s3_dynamic_RedBullPlayStreets,1789799190.116,0.1036,8875,7,0,30169112.0,0,2
CONT_s3_dynamic_RedBullPlayStreets,1789799190.219,0.1036,7529,8,0,35113158.5,0,2
CONT_s3_dynamic_RedBullPlayStreets,1789799190.323,0.1036,61,1,0,50868096.0,0,1
CONT_s3_dynamic_RedBullPlayStreets,1789799190.427,0.1037,15154,14,0,32845824.9,0,2
CONT_s3_dynamic_RedBullPlayStreets,1789799190.53,0.1036,1530,2,0,39247933.5,0,2
CONT_s3_dynamic_RedBullPlayStreets,1789799190.634,0.1036,14751,11,0,31982253.7,0,2
CONT_s3_dynamic_RedBullPlayStreets,1789799190.737,0.1036,4595,6,0,40444253.0,0,2
CONT_s3_dynamic_RedBullPlayStreets,1789799190.841,0.1037,9016,8,0,30067448.5,0,3
CONT_s3_dynamic_RedBullPlayStreets,1789799190.947,0.1055,9584,15,0,35615639.9,0,2
CONT_s3_dynamic_RedBullPlayStreets,1789799191.05,0.1036,1591,3,0,36693936.0,0,2
CONT_s3_dynamic_RedBullPlayStreets,1789799191.154,0.1035,13918,17,0,30223821.4,0,2
CONT_s3_dynamic_RedBullPlayStreets,1789799191.257,0.1036,4103,9,0,31478779.8,0,2
CONT_s3_dynamic_RedBullPlayStreets,1789799191.361,0.1036,0,0,0,0,0,0
CONT_s3_dynamic_RedBullPlayStreets,1789799191.465,0.1036,15694,24,0,23054553.0,0,2
CONT_s3_dynamic_RedBullPlayStreets,1789799191.568,0.1038,10838,14,0,27088270.3,0,2
CONT_s3_dynamic_RedBullPlayStreets,1789799191.672,0.1036,61,1,0,29458058.0,0,1
CONT_s3_dynamic_RedBullPlayStreets,1789799191.776,0.1036,7534,8,0,35825314.2,0,2
CONT_s3_dynamic_RedBullPlayStreets,1789799191.879,0.1038,6125,8,0,36324822.5,0,2
CONT_s3_dynamic_RedBullPlayStreets,1789799191.983,0.1036,3060,4,0,33829277.5,0,2
CONT_s3_dynamic_RedBullPlayStreets,1789799192.087,0.1036,4523,5,0,37337469.2,0,2
CONT_s3_dynamic_RedBullPlayStreets,1789799192.19,0.1036,4468,4,0,38660658.8,0,2
CONT_s3_dynamic_RedBullPlayStreets,1789799192.294,0.1035,4978,9,0,36115950.8,0,2
CONT_s3_dynamic_RedBullPlayStreets,1789799192.397,0.1037,7467,7,0,34381326.7,0,2
CONT_s3_dynamic_RedBullPlayStreets,1789799192.501,0.1036,5937,5,0,34074957.2,0,2
CONT_s3_dynamic_RedBullPlayStreets,1789799192.605,0.1036,6064,7,0,32736137.6,0,2
CONT_s3_dynamic_RedBullPlayStreets,1789799192.708,0.1036,10405,9,0,30970633.9,0,2
CONT_s3_dynamic_RedBullPlayStreets,1789799192.812,0.1036,1879,4,0,32394895.5,0,2
CONT_s3_dynamic_RedBullPlayStreets,1789799192.916,0.1041,13545,13,0,27995365.3,0,3
CONT_s3_dynamic_RedBullPlayStreets,1789799193.02,0.1037,13342,11,0,25356344.1,0,2
CONT_s3_dynamic_RedBullPlayStreets,1789799193.123,0.1036,1530,2,0,32818690.5,0,2
CONT_s3_dynamic_RedBullPlayStreets,1789799193.227,0.1037,15592,21,0,25010094.3,0,2
CONT_s3_dynamic_RedBullPlayStreets,1789799193.333,0.1065,6461,10,0,27921484.5,0,2
CONT_s3_dynamic_RedBullPlayStreets,1789799193.437,0.1036,7643,10,0,24405660.4,0,2
CONT_s3_dynamic_RedBullPlayStreets,1789799193.541,0.1036,7527,8,0,25729188.5,0,2
CONT_s3_dynamic_RedBullPlayStreets,1789799193.644,0.1036,9060,10,0,25670017.2,0,2
CONT_s3_dynamic_RedBullPlayStreets,1789799193.748,0.1037,4879,7,0,25781766.1,0,2
CONT_s3_dynamic_RedBullPlayStreets,1789799193.852,0.1037,10466,10,0,26060398.7,0,2
CONT_s3_dynamic_RedBullPlayStreets,1789799193.957,0.1055,6588,12,0,24660309.5,0,2
CONT_s3_dynamic_RedBullPlayStreets,1789799194.061,0.1036,4590,6,0,22946164.5,0,2
CONT_s3_dynamic_RedBullPlayStreets,1789799194.164,0.1036,6401,9,0,22632623.2,0,2
CONT_s3_dynamic_RedBullPlayStreets,1789799194.268,0.1036,7808,9,0,21867306.7,0,2
CONT_s3_dynamic_RedBullPlayStreets,1789799194.371,0.1036,3126,5,0,22280625.0,0,2
CONT_s3_dynamic_RedBullPlayStreets,1789799194.475,0.1037,8996,9,0,21630194.3,0,2
CONT_s3_dynamic_RedBullPlayStreets,1789799194.579,0.1036,10405,9,0,17622192.8,0,2
CONT_s3_dynamic_RedBullPlayStreets,1789799194.682,0.1035,3121,5,0,24221321.2,0,2
CONT_s3_dynamic_RedBullPlayStreets,1789799194.786,0.1035,11123,17,0,18107638.6,0,2
CONT_s3_dynamic_RedBullPlayStreets,1789799194.89,0.1037,6268,9,0,24017268.8,0,3
CONT_s3_dynamic_RedBullPlayStreets,1789799194.993,0.1037,6468,10,0,24609271.0,0,2
CONT_s3_dynamic_RedBullPlayStreets,1789799195.097,0.1037,4468,4,0,24423590.2,0,2
CONT_s3_dynamic_RedBullPlayStreets,1789799195.201,0.1037,5034,7,0,27598973.1,0,2
CONT_s3_dynamic_RedBullPlayStreets,1789799195.304,0.1037,0,0,0,0,0,0
CONT_s3_dynamic_RedBullPlayStreets,1789799195.408,0.1037,9234,11,0,29314147.8,0,2
CONT_s3_dynamic_RedBullPlayStreets,1789799195.512,0.1037,10344,8,0,31322120.5,0,2
CONT_s3_dynamic_RedBullPlayStreets,1789799195.615,0.1037,0,0,0,0,0,0
CONT_s3_dynamic_RedBullPlayStreets,1789799195.719,0.1035,11813,9,0,31508311.1,0,2
CONT_s3_dynamic_RedBullPlayStreets,1789799195.822,0.1035,0,0,0,0,0,0
CONT_s3_dynamic_RedBullPlayStreets,1789799195.926,0.1038,14031,19,0,28822279.3,0,2
CONT_s3_dynamic_RedBullPlayStreets,1789799196.03,0.1036,9499,14,0,30369075.4,0,2
CONT_s3_dynamic_RedBullPlayStreets,1789799196.133,0.1036,3003,3,0,37904734.3,0,2
CONT_s3_dynamic_RedBullPlayStreets,1789799196.238,0.1046,4468,4,0,35098558.0,0,2
CONT_s3_dynamic_RedBullPlayStreets,1789799196.342,0.1036,8936,8,0,40074080.5,0,2
CONT_s3_dynamic_RedBullPlayStreets,1789799196.448,0.1066,2999,3,0,46771840.0,0,2
CONT_s3_dynamic_RedBullPlayStreets,1789799196.552,0.1037,6591,12,0,37204036.0,0,2
CONT_s3_dynamic_RedBullPlayStreets,1789799196.655,0.1036,8059,13,0,36438190.2,0,2
CONT_s3_dynamic_RedBullPlayStreets,1789799196.759,0.1037,2999,3,0,42415989.0,0,2
CONT_s3_dynamic_RedBullPlayStreets,1789799196.863,0.1037,1671,3,0,30165638.7,0,3
CONT_s3_dynamic_RedBullPlayStreets,1789799196.967,0.1037,4941,8,0,46333608.5,0,2
CONT_s3_dynamic_RedBullPlayStreets,1789799197.07,0.1036,4468,4,0,50565545.5,0,2
CONT_s3_dynamic_RedBullPlayStreets,1789799197.174,0.1035,2999,3,0,49917951.3,0,2
CONT_s3_dynamic_RedBullPlayStreets,1789799197.277,0.1038,8936,8,0,49970565.8,0,2
CONT_s3_dynamic_RedBullPlayStreets,1789799197.381,0.1036,4593,6,0,53608583.5,0,2
CONT_s3_dynamic_RedBullPlayStreets,1789799197.485,0.1037,6286,7,0,42475858.4,0,2
CONT_s3_dynamic_RedBullPlayStreets,1789799197.588,0.1036,7877,10,0,45615711.0,0,2
CONT_s3_dynamic_RedBullPlayStreets,1789799197.692,0.1035,2998,3,0,51387993.3,0,2
CONT_s3_dynamic_RedBullPlayStreets,1789799197.795,0.1035,5998,6,0,45816267.0,0,2
CONT_s3_dynamic_RedBullPlayStreets,1789799197.899,0.1037,11114,17,0,37694562.8,0,2
CONT_s3_dynamic_RedBullPlayStreets,1789799198.003,0.1037,2999,3,0,42980516.0,0,2
CONT_s3_dynamic_RedBullPlayStreets,1789799198.106,0.1036,5107,11,0,36908038.6,0,2
CONT_s3_dynamic_RedBullPlayStreets,1789799198.21,0.1036,4523,5,0,41060578.0,0,2
CONT_s3_dynamic_RedBullPlayStreets,1789799198.314,0.1036,4468,4,0,42119753.2,0,2
CONT_s3_dynamic_RedBullPlayStreets,1789799198.417,0.1037,3121,5,0,42572275.2,0,2
CONT_s3_dynamic_RedBullPlayStreets,1789799198.521,0.1037,7467,7,0,43232467.1,0,2
CONT_s3_dynamic_RedBullPlayStreets,1789799198.624,0.1035,61,1,0,46862582.0,0,1
CONT_s3_dynamic_RedBullPlayStreets,1789799198.729,0.1041,8997,9,0,42172951.3,0,2
CONT_s3_dynamic_RedBullPlayStreets,1789799198.833,0.1049,10753,11,0,36562609.5,0,2
CONT_s3_dynamic_RedBullPlayStreets,1789799198.937,0.1036,1671,3,0,28860512.0,0,3
CONT_s3_dynamic_RedBullPlayStreets,1789799199.041,0.1036,11995,12,0,33112346.3,0,2
CONT_s3_dynamic_RedBullPlayStreets,1789799199.144,0.1036,8936,8,0,32581350.8,0,2
CONT_s3_dynamic_RedBullPlayStreets,1789799199.248,0.1036,2062,4,0,35792949.0,0,2
CONT_s3_dynamic_RedBullPlayStreets,1789799199.352,0.1037,15614,23,0,26528070.2,0,2
CONT_s3_dynamic_RedBullPlayStreets,1789799199.456,0.1046,0,0,0,0,0,0
CONT_s3_dynamic_RedBullPlayStreets,1789799199.56,0.1034,3062,4,0,41341951.0,0,2
CONT_s3_dynamic_RedBullPlayStreets,1789799199.663,0.1035,7531,8,0,46941201.4,0,2
CONT_s3_dynamic_RedBullPlayStreets,1789799199.767,0.1037,0,0,0,0,0,0
CONT_s3_dynamic_RedBullPlayStreets,1789799199.87,0.1036,8940,8,0,46785129.0,0,2
CONT_s3_dynamic_RedBullPlayStreets,1789799199.974,0.1036,10414,9,0,45713322.7,0,2
CONT_s3_dynamic_RedBullPlayStreets,1789799200.078,0.1035,0,0,0,0,0,0
CONT_s3_dynamic_RedBullPlayStreets,1789799200.181,0.1035,12194,12,0,42260919.8,0,2
CONT_s3_dynamic_RedBullPlayStreets,1789799200.285,0.1037,13343,11,0,39172909.8,0,2
CONT_s3_dynamic_RedBullPlayStreets,1789799200.389,0.1037,0,0,0,0,0,0
CONT_s3_dynamic_RedBullPlayStreets,1789799200.492,0.1037,15528,20,0,38419199.8,0,2
CONT_s3_dynamic_RedBullPlayStreets,1789799200.596,0.1036,11191,18,0,34240762.0,0,2
CONT_s3_dynamic_RedBullPlayStreets,1789799200.699,0.1035,1530,2,0,32910140.0,0,2
CONT_s3_dynamic_RedBullPlayStreets,1789799200.803,0.1035,11934,11,0,29444450.6,0,2
CONT_s3_dynamic_RedBullPlayStreets,1789799200.907,0.1037,141,1,0,5144345.0,0,1
CONT_s3_dynamic_RedBullPlayStreets,1789799201.01,0.1037,13404,12,0,30722333.8,0,2
CONT_s3_dynamic_RedBullPlayStreets,1789799201.114,0.1035,349,2,0,40237577.0,0,2
CONT_s3_dynamic_RedBullPlayStreets,1789799201.217,0.1035,14873,13,0,25962204.7,0,2
CONT_s3_dynamic_RedBullPlayStreets,1789799201.321,0.1036,0,0,0,0,0,0
CONT_s3_dynamic_RedBullPlayStreets,1789799201.425,0.1037,16342,14,0,29349755.4,0,2
CONT_s3_dynamic_RedBullPlayStreets,1789799201.528,0.1037,10595,12,0,32674780.3,0,2
CONT_s3_dynamic_RedBullPlayStreets,1789799201.632,0.1035,4660,7,0,33476234.3,0,2
CONT_s3_dynamic_RedBullPlayStreets,1789799201.735,0.1036,10986,15,0,25956371.8,0,2
CONT_s3_dynamic_RedBullPlayStreets,1789799201.839,0.1038,3060,4,0,28206297.0,0,2
CONT_s3_dynamic_RedBullPlayStreets,1789799201.945,0.1055,12401,15,0,22413529.8,0,2
CONT_s3_dynamic_RedBullPlayStreets,1789799202.048,0.1036,4534,5,0,22642956.2,0,2
CONT_s3_dynamic_RedBullPlayStreets,1789799202.152,0.1036,7467,7,0,23856776.7,0,2
CONT_s3_dynamic_RedBullPlayStreets,1789799202.256,0.1036,8934,8,0,26923107.0,0,2
CONT_s3_dynamic_RedBullPlayStreets,1789799202.359,0.1036,4528,5,0,29239751.8,0,2
CONT_s3_dynamic_RedBullPlayStreets,1789799202.463,0.1036,0,0,0,0,0,0
CONT_s3_dynamic_RedBullPlayStreets,1789799202.567,0.1036,3405,6,0,38739723.5,0,2
CONT_s3_dynamic_RedBullPlayStreets,1789799202.67,0.1035,8939,8,0,42634000.8,0,2
CONT_s3_dynamic_RedBullPlayStreets,1789799202.773,0.1035,0,0,0,0,0,0
CONT_s3_dynamic_RedBullPlayStreets,1789799202.877,0.1038,3323,6,0,46293279.0,0,3
CONT_s3_dynamic_RedBullPlayStreets,1789799202.981,0.1037,10820,14,0,45413167.9,0,2
CONT_s3_dynamic_RedBullPlayStreets,1789799203.085,0.1035,0,0,0,0,0,0
CONT_s3_dynamic_RedBullPlayStreets,1789799203.188,0.1036,6124,8,0,52314835.5,0,2
CONT_s3_dynamic_RedBullPlayStreets,1789799203.292,0.1041,5939,5,0,53735520.6,0,2
CONT_s3_dynamic_RedBullPlayStreets,1789799203.396,0.1036,0,0,0,0,0,0
CONT_s3_dynamic_RedBullPlayStreets,1789799203.499,0.1037,7408,6,0,53936010.5,0,2
CONT_s3_dynamic_RedBullPlayStreets,1789799203.603,0.1037,0,0,0,0,0,0
CONT_s3_dynamic_RedBullPlayStreets,1789799203.707,0.1038,9644,16,0,44355693.5,0,2
CONT_s3_dynamic_RedBullPlayStreets,1789799203.811,0.104,6583,12,0,42646045.5,0,2
CONT_s3_dynamic_RedBullPlayStreets,1789799203.915,0.1039,4588,6,0,47493998.3,0,2
CONT_s3_dynamic_RedBullPlayStreets,1789799204.019,0.1038,0,0,0,0,0,0
CONT_s3_dynamic_RedBullPlayStreets,1789799204.122,0.1038,6125,8,0,52180069.0,0,2
CONT_s3_dynamic_RedBullPlayStreets,1789799204.226,0.1038,4593,6,0,58713449.0,0,2
CONT_s3_dynamic_RedBullPlayStreets,1789799204.331,0.1049,0,0,0,0,0,0
CONT_s3_dynamic_RedBullPlayStreets,1789799204.435,0.104,5997,6,0,60707587.3,0,2
CONT_s3_dynamic_RedBullPlayStreets,1789799204.539,0.1037,7466,7,0,61201704.3,0,2
CONT_s3_dynamic_RedBullPlayStreets,1789799204.642,0.1036,0,0,0,0,0,0
CONT_s3_dynamic_RedBullPlayStreets,1789799204.746,0.1036,9593,15,0,53033626.6,0,2
CONT_s3_dynamic_RedBullPlayStreets,1789799204.85,0.1036,6118,8,0,52057445.8,0,2
CONT_s3_dynamic_RedBullPlayStreets,1789799204.954,0.1042,202,2,0,32348203.0,0,2
CONT_s3_dynamic_RedBullPlayStreets,1789799205.057,0.1035,7653,10,0,49331009.0,0,2
CONT_s3_dynamic_RedBullPlayStreets,1789799205.161,0.1036,9191,12,0,45712757.0,0,2
CONT_s3_dynamic_RedBullPlayStreets,1789799205.265,0.1037,0,0,0,0,0,0
CONT_s3_dynamic_RedBullPlayStreets,1789799205.368,0.1036,7592,9,0,47348465.6,0,2
CONT_s3_dynamic_RedBullPlayStreets,1789799205.472,0.1036,8935,8,0,47912021.5,0,2
CONT_s3_dynamic_RedBullPlayStreets,1789799205.576,0.1037,61,1,0,58547856.0,0,1
CONT_s3_dynamic_RedBullPlayStreets,1789799205.679,0.1036,9347,11,0,46472890.8,0,2
CONT_s3_dynamic_RedBullPlayStreets,1789799205.783,0.1036,4591,6,0,50900238.5,0,2
CONT_s3_dynamic_RedBullPlayStreets,1789799205.887,0.1037,7406,6,0,37908429.8,0,2
CONT_s3_dynamic_RedBullPlayStreets,1789799205.99,0.1036,13403,12,0,37989818.5,0,2
CONT_s3_dynamic_RedBullPlayStreets,1789799206.094,0.1035,343,2,0,45018811.0,0,2
CONT_s3_dynamic_RedBullPlayStreets,1789799206.197,0.1036,10599,12,0,33632665.3,0,2
CONT_s3_dynamic_RedBullPlayStreets,1789799206.301,0.1036,10587,12,0,30340587.0,0,2
CONT_s3_dynamic_RedBullPlayStreets,1789799206.404,0.1036,1530,2,0,36728516.0,0,2
CONT_s3_dynamic_RedBullPlayStreets,1789799206.508,0.1036,10593,12,0,29281950.2,0,2
CONT_s3_dynamic_RedBullPlayStreets,1789799206.612,0.1036,7809,9,0,29672570.0,0,2
CONT_s3_dynamic_RedBullPlayStreets,1789799206.715,0.1037,1530,2,0,37702003.0,0,2
CONT_s3_dynamic_RedBullPlayStreets,1789799206.819,0.1036,8875,7,0,27994050.9,0,2
CONT_s3_dynamic_RedBullPlayStreets,1789799206.923,0.1037,12020,11,0,28629407.5,0,3
CONT_s3_dynamic_RedBullPlayStreets,1789799207.026,0.1036,0,0,0,0,0,0
CONT_s3_dynamic_RedBullPlayStreets,1789799207.13,0.1035,12716,20,0,30612222.0,0,2
CONT_s3_dynamic_RedBullPlayStreets,1789799207.233,0.1036,8935,8,0,32456786.5,0,2
CONT_s3_dynamic_RedBullPlayStreets,1789799207.337,0.1039,0,0,0,0,0,0
CONT_s3_dynamic_RedBullPlayStreets,1789799207.444,0.1071,2813,9,0,42190710.1,0,2
CONT_s3_dynamic_RedBullPlayStreets,1789799207.548,0.1038,8184,13,0,38233625.5,0,2
CONT_s3_dynamic_RedBullPlayStreets,1789799207.652,0.1036,0,0,0,0,0,0
CONT_s3_dynamic_RedBullPlayStreets,1789799207.755,0.1037,6181,7,0,42818774.4,0,2
CONT_s3_dynamic_RedBullPlayStreets,1789799207.859,0.1037,7406,6,0,44858918.0,0,2
CONT_s3_dynamic_RedBullPlayStreets,1789799207.963,0.1037,0,0,0,0,0,0
CONT_s3_dynamic_RedBullPlayStreets,1789799208.066,0.1035,8875,7,0,45342164.4,0,2
CONT_s3_dynamic_RedBullPlayStreets,1789799208.17,0.1038,6124,8,0,50747655.0,0,2
CONT_s3_dynamic_RedBullPlayStreets,1789799208.274,0.1038,5032,10,0,37933848.0,0,2
CONT_s3_dynamic_RedBullPlayStreets,1789799208.377,0.1036,8031,13,0,36803640.6,0,2
CONT_s3_dynamic_RedBullPlayStreets,1789799208.481,0.1036,3058,4,0,44342633.2,0,2
CONT_s3_dynamic_RedBullPlayStreets,1789799208.585,0.1036,2999,3,0,42996045.7,0,2
CONT_s3_dynamic_RedBullPlayStreets,1789799208.688,0.1036,7467,7,0,46888946.9,0,2
CONT_s3_dynamic_RedBullPlayStreets,1789799208.792,0.1037,5937,5,0,48978254.4,0,2
CONT_s3_dynamic_RedBullPlayStreets,1789799208.896,0.1038,3140,4,0,37710154.8,0,3
CONT_s3_dynamic_RedBullPlayStreets,1789799208.999,0.1037,9396,12,0,45398816.3,0,2
CONT_s3_dynamic_RedBullPlayStreets,1789799209.103,0.1037,8814,6,0,37877611.0,0,1
CONT_s3_dynamic_RedBullPlayStreets,1789799209.207,0.1036,3060,4,0,48461453.5,0,2
CONT_s3_dynamic_RedBullPlayStreets,1789799209.311,0.1037,13343,11,0,39015405.8,0,2
CONT_s3_dynamic_RedBullPlayStreets,1789799209.414,0.1038,6277,7,0,38709858.4,0,2
CONT_s3_dynamic_RedBullPlayStreets,1789799209.518,0.1038,7467,7,0,39371469.6,0,2
CONT_s3_dynamic_RedBullPlayStreets,1789799209.622,0.1036,13343,11,0,35808920.0,0,2
CONT_s3_dynamic_RedBullPlayStreets,1789799209.725,0.1036,4468,4,0,39196091.5,0,2
CONT_s3_dynamic_RedBullPlayStreets,1789799209.833,0.1074,12100,10,0,33631633.2,0,2
CONT_s3_dynamic_RedBullPlayStreets,1789799209.936,0.1036,5998,6,0,42031487.7,0,2
CONT_s3_dynamic_RedBullPlayStreets,1789799210.04,0.1037,0,0,0,0,0,0
CONT_s3_dynamic_RedBullPlayStreets,1789799210.144,0.1035,13343,11,0,38195345.7,0,2
CONT_s3_dynamic_RedBullPlayStreets,1789799210.247,0.1037,0,0,0,0,0,0
CONT_s3_dynamic_RedBullPlayStreets,1789799210.351,0.1037,0,0,0,0,0,0
CONT_s3_dynamic_RedBullPlayStreets,1789799210.455,0.1038,0,0,0,0,0,0
CONT_s3_dynamic_RedBullPlayStreets,1789799210.558,0.1035,2882,5,0,85304997.4,0,2
CONT_s3_dynamic_RedBullPlayStreets,1789799210.662,0.1037,15718,24,0,46922058.5,0,2
CONT_s3_dynamic_RedBullPlayStreets,1789799210.766,0.1036,4590,6,0,40395017.5,0,2
CONT_s3_dynamic_RedBullPlayStreets,1789799210.869,0.1038,10841,14,0,36801482.9,0,2
CONT_s3_dynamic_RedBullPlayStreets,1789799210.973,0.1038,8044,13,0,28127005.4,0,3
CONT_s3_dynamic_RedBullPlayStreets,1789799211.077,0.1037,7590,9,0,28739380.3,0,2
CONT_s3_dynamic_RedBullPlayStreets,1789799211.18,0.1037,6379,9,0,29655124.0,0,2
CONT_s3_dynamic_RedBullPlayStreets,1789799211.284,0.1036,7529,8,0,28854853.8,0,2
CONT_s3_dynamic_RedBullPlayStreets,1789799211.388,0.1036,9069,10,0,28079292.8,0,2
CONT_s3_dynamic_RedBullPlayStreets,1789799211.491,0.1037,3186,6,0,34235160.0,0,2
CONT_s3_dynamic_RedBullPlayStreets,1789799211.595,0.1036,5998,6,0,30958854.0,0,2
CONT_s3_dynamic_RedBullPlayStreets,1789799211.699,0.1038,4934,8,0,33195025.0,0,2
CONT_s3_dynamic_RedBullPlayStreets,1789799211.802,0.1037,7467,7,0,33026654.0,0,2
CONT_s3_dynamic_RedBullPlayStreets,1789799211.906,0.1038,10529,11,0,30587703.1,0,2
CONT_s3_dynamic_RedBullPlayStreets,1789799212.01,0.1036,7662,10,0,28242168.5,0,2
CONT_s3_dynamic_RedBullPlayStreets,1789799212.113,0.1035,7750,8,0,31990332.2,0,2
CONT_s3_dynamic_RedBullPlayStreets,1789799212.217,0.1036,9121,11,0,28700841.9,0,2
CONT_s3_dynamic_RedBullPlayStreets,1789799212.32,0.1036,1530,2,0,30254563.5,0,2
CONT_s3_dynamic_RedBullPlayStreets,1789799212.424,0.1038,6117,8,0,28534039.5,0,2
CONT_s3_dynamic_RedBullPlayStreets,1789799212.528,0.1037,5992,6,0,31592721.0,0,2
CONT_s3_dynamic_RedBullPlayStreets,1789799212.631,0.1035,1530,2,0,35004903.5,0,2
CONT_s3_dynamic_RedBullPlayStreets,1789799212.735,0.1036,4468,4,0,35031150.5,0,2
CONT_s3_dynamic_RedBullPlayStreets,1789799212.839,0.1036,7472,7,0,34401020.9,0,2
CONT_s3_dynamic_RedBullPlayStreets,1789799212.947,0.1088,1671,3,0,24865570.3,0,3
CONT_s3_dynamic_RedBullPlayStreets,1789799213.051,0.1038,6591,12,0,28005771.5,0,2
CONT_s3_dynamic_RedBullPlayStreets,1789799213.155,0.1036,6582,12,0,25258232.5,0,2
CONT_s3_dynamic_RedBullPlayStreets,1789799213.258,0.1037,1530,2,0,28062256.5,0,2
CONT_s3_dynamic_RedBullPlayStreets,1789799213.362,0.1038,3055,4,0,28943627.0,0,2
CONT_s3_dynamic_RedBullPlayStreets,1789799213.466,0.1037,6126,8,0,32049517.0,0,2
CONT_s3_dynamic_RedBullPlayStreets,1789799213.57,0.1037,1530,2,0,36976237.5,0,2
CONT_s3_dynamic_RedBullPlayStreets,1789799213.673,0.1039,353,2,0,39911429.5,0,2
CONT_s3_dynamic_RedBullPlayStreets,1789799213.777,0.1036,111,2,0,45033106.0,0,2
CONT_s3_dynamic_RedBullPlayStreets,1789799213.881,0.1038,0,0,0,0,0,0
CONT_s3_dynamic_RedBullPlayStreets,1789799213.984,0.1037,0,0,0,0,0,0
CONT_s3_dynamic_RedBullPlayStreets,1789799214.088,0.1037,0,0,0,0,0,0
CONT_s3_dynamic_RedBullPlayStreets,1789799214.192,0.1037,0,0,0,0,0,0
CONT_s3_dynamic_RedBullPlayStreets,1789799214.296,0.1037,0,0,0,0,0,0
CONT_s3_dynamic_RedBullPlayStreets,1789799214.399,0.1039,0,0,0,0,0,0
CONT_s3_dynamic_RedBullPlayStreets,1789799214.503,0.1038,0,0,0,0,0,0
CONT_s3_dynamic_RedBullPlayStreets,1789799214.607,0.1036,453,1,0,84612090.0,0,1
CONT_s3_dynamic_RedBullPlayStreets,1789799214.71,0.1036,21058,20,0,68305899.2,0,2
CONT_s3_dynamic_RedBullPlayStreets,1789799214.814,0.1037,7650,10,0,59220340.0,0,2
CONT_s3_dynamic_RedBullPlayStreets,1789799214.918,0.1039,6634,12,0,40286769.1,0,3
CONT_s3_dynamic_RedBullPlayStreets,1789799215.022,0.1037,6120,8,0,36427518.0,0,2
CONT_s3_dynamic_RedBullPlayStreets,1789799215.125,0.1037,7594,9,0,29671330.0,0,2
CONT_s3_dynamic_RedBullPlayStreets,1789799215.229,0.1037,6120,8,0,25597025.0,0,2
CONT_s3_dynamic_RedBullPlayStreets,1789799215.334,0.1053,6059,7,0,24031326.7,0,2
CONT_s3_dynamic_RedBullPlayStreets,1789799215.438,0.104,9058,10,0,21394856.8,0,2
CONT_s3_dynamic_RedBullPlayStreets,1789799215.542,0.1037,6347,8,0,21636310.2,0,2
CONT_s3_dynamic_RedBullPlayStreets,1789799215.646,0.1036,6125,8,0,24511850.0,0,2
CONT_s3_dynamic_RedBullPlayStreets,1789799215.749,0.1037,7528,8,0,21375598.2,0,2
CONT_s3_dynamic_RedBullPlayStreets,1789799215.853,0.1036,6059,7,0,23462414.0,0,2
CONT_s3_dynamic_RedBullPlayStreets,1789799215.957,0.1037,7644,10,0,20467668.0,0,2
CONT_s3_dynamic_RedBullPlayStreets,1789799216.06,0.1035,6410,9,0,22659017.4,0,2
CONT_s3_dynamic_RedBullPlayStreets,1789799216.164,0.1036,7588,9,0,23565660.3,0,2
CONT_s3_dynamic_RedBullPlayStreets,1789799216.267,0.1037,4596,6,0,23149765.5,0,2
CONT_s3_dynamic_RedBullPlayStreets,1789799216.371,0.1037,9003,9,0,24282596.0,0,2
CONT_s3_dynamic_RedBullPlayStreets,1789799216.475,0.1037,6133,8,0,22493570.5,0,2
CONT_s3_dynamic_RedBullPlayStreets,1789799216.578,0.1036,4814,6,0,22769955.7,0,2
CONT_s3_dynamic_RedBullPlayStreets,1789799216.682,0.1036,7595,9,0,20263974.6,0,2
CONT_s3_dynamic_RedBullPlayStreets,1789799216.786,0.1036,7467,7,0,24341794.7,0,2
CONT_s3_dynamic_RedBullPlayStreets,1789799216.889,0.1038,4407,8,0,22234489.9,0,2
CONT_s3_dynamic_RedBullPlayStreets,1789799216.993,0.1037,141,1,0,5561968.0,0,1
CONT_s3_dynamic_RedBullPlayStreets,1789799217.097,0.1036,0,0,0,0,0,0
CONT_s3_dynamic_RedBullPlayStreets,1789799217.2,0.1037,0,0,0,0,0,0
CONT_s3_dynamic_RedBullPlayStreets,1789799217.304,0.1037,0,0,0,0,0,0
CONT_s3_dynamic_RedBullPlayStreets,1789799217.408,0.1038,0,0,0,0,0,0
CONT_s3_dynamic_RedBullPlayStreets,1789799217.512,0.1037,0,0,0,0,0,0
CONT_s3_dynamic_RedBullPlayStreets,1789799217.615,0.1036,0,0,0,0,0,0
CONT_s3_dynamic_RedBullPlayStreets,1789799217.719,0.1037,0,0,0,0,0,0
CONT_s3_dynamic_RedBullPlayStreets,1789799217.822,0.1037,0,0,0,0,0,0
CONT_s3_dynamic_RedBullPlayStreets,1789799217.926,0.1036,0,0,0,0,0,0
CONT_s3_dynamic_RedBullPlayStreets,1789799218.03,0.1037,0,0,0,0,0,0
CONT_s3_dynamic_RedBullPlayStreets,1789799218.133,0.1036,0,0,0,0,0,0
CONT_s3_dynamic_RedBullPlayStreets,1789799218.237,0.1037,0,0,0,0,0,0
CONT_s3_dynamic_RedBullPlayStreets,1789799218.341,0.1036,0,0,0,0,0,0
CONT_s3_dynamic_RedBullPlayStreets,1789799218.447,0.1066,20041,20,0,108630195.9,0,2
CONT_s3_dynamic_RedBullPlayStreets,1789799218.551,0.1036,7649,10,0,80589451.7,0,3
CONT_s3_dynamic_RedBullPlayStreets,1789799218.655,0.1038,6862,12,0,55545984.9,0,4
CONT_s3_dynamic_RedBullPlayStreets,1789799218.758,0.1038,7846,10,0,51359499.8,0,2
CONT_s3_dynamic_RedBullPlayStreets,1789799218.862,0.104,6241,10,0,39487304.0,0,3
CONT_s3_dynamic_RedBullPlayStreets,1789799218.966,0.1038,7737,10,0,28823789.2,0,3
CONT_s3_dynamic_RedBullPlayStreets,1789799219.07,0.1039,6190,9,0,26254481.6,0,2
CONT_s3_dynamic_RedBullPlayStreets,1789799219.174,0.104,7923,10,0,28059034.8,0,4
CONT_s3_dynamic_RedBullPlayStreets,1789799219.278,0.104,6415,9,0,21850487.0,0,2
CONT_s3_dynamic_RedBullPlayStreets,1789799219.382,0.1039,6133,8,0,19579586.5,0,2
CONT_s3_dynamic_RedBullPlayStreets,1789799219.486,0.1039,7471,10,0,23645719.5,0,4
CONT_s3_dynamic_RedBullPlayStreets,1789799219.59,0.1038,7532,8,0,19148950.0,0,2
CONT_s3_dynamic_RedBullPlayStreets,1789799219.694,0.1039,6151,8,0,19732789.1,0,3
CONT_s3_dynamic_RedBullPlayStreets,1789799219.797,0.1038,4642,7,0,25882846.6,0,3
CONT_s3_dynamic_RedBullPlayStreets,1789799219.902,0.1041,9470,13,0,14543249.1,0,2
CONT_s3_dynamic_RedBullPlayStreets,1789799220.005,0.1038,6116,7,0,32139486.9,0,4
CONT_s3_dynamic_RedBullPlayStreets,1789799220.109,0.1037,7781,12,0,15907414.5,0,2
CONT_s3_dynamic_RedBullPlayStreets,1789799220.213,0.1038,6116,7,0,36885263.7,0,4
CONT_s3_dynamic_RedBullPlayStreets,1789799220.317,0.1038,7471,7,0,20737184.4,0,2
CONT_s3_dynamic_RedBullPlayStreets,1789799220.421,0.104,6159,8,0,24287858.8,0,3
CONT_s3_dynamic_RedBullPlayStreets,1789799220.525,0.1039,4897,7,0,37215702.3,0,4
CONT_s3_dynamic_RedBullPlayStreets,1789799220.628,0.1038,9008,9,0,26631986.7,0,2
CONT_s3_dynamic_RedBullPlayStreets,1789799220.733,0.1041,7585,8,0,47609212.8,0,4
CONT_s3_dynamic_RedBullPlayStreets,1789799220.838,0.1053,6957,10,0,45410915.2,0,4
CONT_s3_dynamic_RedBullPlayStreets,1789799220.944,0.1066,4781,7,0,47718261.6,0,5
CONT_s3_dynamic_RedBullPlayStreets,1789799221.048,0.1039,7785,11,0,47607472.7,0,4
CONT_s3_dynamic_RedBullPlayStreets,1789799221.152,0.1038,7604,7,0,61404981.1,0,2
CONT_s3_dynamic_RedBullPlayStreets,1789799221.256,0.1039,4604,5,0,56764594.8,0,2
CONT_s3_dynamic_RedBullPlayStreets,1789799221.36,0.104,7604,7,0,51434209.4,0,2
CONT_s3_dynamic_RedBullPlayStreets,1789799221.464,0.1039,7604,7,0,47750691.7,0,2
CONT_s3_dynamic_RedBullPlayStreets,1789799221.568,0.1038,6156,7,0,46354328.0,0,2
CONT_s3_dynamic_RedBullPlayStreets,1789799221.671,0.1039,6104,6,0,43982075.0,0,2
CONT_s3_dynamic_RedBullPlayStreets,1789799221.775,0.1038,9156,9,0,41327848.0,0,2
CONT_s3_dynamic_RedBullPlayStreets,1789799221.879,0.104,6104,6,0,39853801.7,0,2
CONT_s3_dynamic_RedBullPlayStreets,1789799221.983,0.1039,6104,6,0,38551558.0,0,2
CONT_s3_dynamic_RedBullPlayStreets,1789799222.087,0.104,6104,6,0,37416295.7,0,2
CONT_s3_dynamic_RedBullPlayStreets,1789799222.191,0.1038,6104,6,0,36437304.0,0,2
CONT_s3_dynamic_RedBullPlayStreets,1789799222.295,0.1039,9156,9,0,35181717.3,0,2
CONT_s3_dynamic_RedBullPlayStreets,1789799222.399,0.104,6104,6,0,34472317.0,0,2
CONT_s3_dynamic_RedBullPlayStreets,1789799222.503,0.104,6557,7,0,45167819.0,0,3
CONT_s3_dynamic_RedBullPlayStreets,1789799222.607,0.1038,6352,8,0,63949032.8,0,4
CONT_s3_dynamic_RedBullPlayStreets,1789799222.711,0.1039,0,0,0,0,0,0
CONT_s3_dynamic_RedBullPlayStreets,1789799222.814,0.1038,14865,12,0,116925060.1,0,4
CONT_s3_dynamic_RedBullPlayStreets,1789799222.918,0.104,6104,6,0,50202962.3,0,2
CONT_s3_dynamic_RedBullPlayStreets,1789799223.022,0.1038,6285,8,0,39328029.0,0,3
CONT_s3_dynamic_RedBullPlayStreets,1789799223.126,0.1039,6000,4,0,53809374.0,0,1
CONT_s3_dynamic_RedBullPlayStreets,1789799223.23,0.1039,0,0,0,0,0,0
CONT_s3_dynamic_RedBullPlayStreets,1789799223.334,0.1043,0,0,0,0,0,0
CONT_s3_dynamic_RedBullPlayStreets,1789799223.438,0.1038,21065,22,0,109167722.1,0,2
CONT_s3_dynamic_RedBullPlayStreets,1789799223.542,0.1038,6448,10,0,87350404.5,0,2
CONT_s3_dynamic_RedBullPlayStreets,1789799223.646,0.1037,4596,6,0,73287406.5,0,2
CONT_s3_dynamic_RedBullPlayStreets,1789799223.749,0.1038,9071,10,0,54648873.2,0,2
CONT_s3_dynamic_RedBullPlayStreets,1789799223.853,0.1037,4596,6,0,51665505.0,0,2
CONT_s3_dynamic_RedBullPlayStreets,1789799223.957,0.1038,9121,11,0,40255996.2,0,2
CONT_s3_dynamic_RedBullPlayStreets,1789799224.061,0.104,6400,9,0,33547815.3,0,2
CONT_s3_dynamic_RedBullPlayStreets,1789799224.165,0.1039,7528,8,0,30776582.1,0,2
CONT_s3_dynamic_RedBullPlayStreets,1789799224.269,0.1038,6125,8,0,28327510.5,0,2
CONT_s3_dynamic_RedBullPlayStreets,1789799224.372,0.1037,7467,7,0,28249724.3,0,2
CONT_s3_dynamic_RedBullPlayStreets,1789799224.476,0.1038,6120,8,0,25866248.0,0,2
CONT_s3_dynamic_RedBullPlayStreets,1789799224.58,0.1038,7816,9,0,26661668.0,0,2
CONT_s3_dynamic_RedBullPlayStreets,1789799224.684,0.1038,6120,8,0,25630918.5,0,2
CONT_s3_dynamic_RedBullPlayStreets,1789799224.788,0.1038,6123,8,0,24375656.0,0,2
CONT_s3_dynamic_RedBullPlayStreets,1789799224.891,0.1038,7601,9,0,27226759.7,0,2
CONT_s3_dynamic_RedBullPlayStreets,1789799224.995,0.1038,7738,10,0,22553651.1,0,3
CONT_s3_dynamic_RedBullPlayStreets,1789799225.099,0.1037,6404,9,0,20588788.3,0,2
CONT_s3_dynamic_RedBullPlayStreets,1789799225.203,0.1038,6120,8,0,19786387.5,0,2
CONT_s3_dynamic_RedBullPlayStreets,1789799225.306,0.1038,7650,10,0,17206529.5,0,2
CONT_s3_dynamic_RedBullPlayStreets,1789799225.41,0.1039,4331,9,0,16267764.0,0,2
CONT_s3_dynamic_RedBullPlayStreets,1789799225.514,0.1039,0,0,0,0,0,0
CONT_s3_dynamic_RedBullPlayStreets,1789799225.618,0.1037,0,0,0,0,0,0
CONT_s3_dynamic_RedBullPlayStreets,1789799225.722,0.1037,0,0,0,0,0,0
CONT_s3_dynamic_RedBullPlayStreets,1789799225.825,0.1037,0,0,0,0,0,0
CONT_s3_dynamic_RedBullPlayStreets,1789799225.929,0.104,0,0,0,0,0,0
CONT_s3_dynamic_RedBullPlayStreets,1789799226.033,0.1038,0,0,0,0,0,0
CONT_s3_dynamic_RedBullPlayStreets,1789799226.137,0.1037,0,0,0,0,0,0
CONT_s3_dynamic_RedBullPlayStreets,1789799226.241,0.1038,0,0,0,0,0,0
CONT_s3_dynamic_RedBullPlayStreets,1789799226.344,0.1038,0,0,0,0,0,0
CONT_s3_dynamic_RedBullPlayStreets,1789799226.45,0.1053,19980,19,0,71741577.8,0,2
CONT_s3_dynamic_RedBullPlayStreets,1789799226.554,0.1038,6181,9,0,65793940.0,0,2
CONT_s3_dynamic_RedBullPlayStreets,1789799226.657,0.1038,7589,9,0,47812126.1,0,2
CONT_s3_dynamic_RedBullPlayStreets,1789799226.761,0.1037,6377,9,0,38572414.0,0,2
CONT_s3_dynamic_RedBullPlayStreets,1789799226.865,0.1037,7655,10,0,30792691.0,0,2
CONT_s3_dynamic_RedBullPlayStreets,1789799226.969,0.1039,6325,10,0,22819877.9,0,3
CONT_s3_dynamic_RedBullPlayStreets,1789799227.073,0.104,7596,9,0,18164983.6,0,2
CONT_s3_dynamic_RedBullPlayStreets,1789799227.176,0.1038,6415,9,0,17732378.4,0,2
CONT_s3_dynamic_RedBullPlayStreets,1789799227.28,0.1039,6128,8,0,15960153.5,0,2
CONT_s3_dynamic_RedBullPlayStreets,1789799227.384,0.1037,6133,8,0,13546235.5,0,2
CONT_s3_dynamic_RedBullPlayStreets,1789799227.488,0.1038,7597,9,0,13990419.6,0,2
CONT_s3_dynamic_RedBullPlayStreets,1789799227.591,0.1037,7652,10,0,12477088.5,0,2
CONT_s3_dynamic_RedBullPlayStreets,1789799227.695,0.1039,5998,6,0,15956425.7,0,2
CONT_s3_dynamic_RedBullPlayStreets,1789799227.799,0.1037,7876,10,0,14099602.4,0,2
CONT_s3_dynamic_RedBullPlayStreets,1789799227.903,0.1038,3126,5,0,14596702.4,0,2
CONT_s3_dynamic_RedBullPlayStreets,1789799228.007,0.1038,10466,10,0,16636452.1,0,2
CONT_s3_dynamic_RedBullPlayStreets,1789799228.111,0.1039,6181,9,0,16352553.7,0,2
CONT_s3_dynamic_RedBullPlayStreets,1789799228.214,0.1039,7940,11,0,14054872.1,0,2
CONT_s3_dynamic_RedBullPlayStreets,1789799228.318,0.1037,6191,9,0,13347704.8,0,2
CONT_s3_dynamic_RedBullPlayStreets,1789799228.422,0.1037,7539,8,0,12918768.4,0,2
CONT_s3_dynamic_RedBullPlayStreets,1789799228.526,0.1038,2528,7,0,12431179.0,0,2
CONT_s3_dynamic_RedBullPlayStreets,1789799228.629,0.1037,0,0,0,0,0,0
CONT_s3_dynamic_RedBullPlayStreets,1789799228.733,0.1039,0,0,0,0,0,0
CONT_s3_dynamic_RedBullPlayStreets,1789799228.837,0.104,0,0,0,0,0,0
CONT_s3_dynamic_RedBullPlayStreets,1789799228.942,0.1046,0,0,0,0,0,0
CONT_s3_dynamic_RedBullPlayStreets,1789799229.046,0.1038,141,1,0,6157263.0,0,1
CONT_s3_dynamic_RedBullPlayStreets,1789799229.149,0.1038,0,0,0,0,0,0
CONT_s3_dynamic_RedBullPlayStreets,1789799229.253,0.1038,0,0,0,0,0,0
CONT_s3_dynamic_RedBullPlayStreets,1789799229.357,0.1038,0,0,0,0,0,0
CONT_s3_dynamic_RedBullPlayStreets,1789799229.461,0.1038,0,0,0,0,0,0
CONT_s3_dynamic_RedBullPlayStreets,1789799229.564,0.1037,0,0,0,0,0,0
CONT_s3_dynamic_RedBullPlayStreets,1789799229.668,0.1038,0,0,0,0,0,0
CONT_s3_dynamic_RedBullPlayStreets,1789799229.772,0.1037,0,0,0,0,0,0
CONT_s3_dynamic_RedBullPlayStreets,1789799229.876,0.1038,0,0,0,0,0,0
CONT_s3_dynamic_RedBullPlayStreets,1789799229.98,0.1038,0,0,0,0,0,0
CONT_s3_dynamic_RedBullPlayStreets,1789799230.083,0.1037,0,0,0,0,0,0
CONT_s3_dynamic_RedBullPlayStreets,1789799230.187,0.1037,0,0,0,0,0,0
CONT_s3_dynamic_RedBullPlayStreets,1789799230.291,0.1037,0,0,0,0,0,0
CONT_s3_dynamic_RedBullPlayStreets,1789799230.395,0.1037,0,0,0,0,0,0
CONT_s3_dynamic_RedBullPlayStreets,1789799230.498,0.1039,453,1,0,134252752.0,0,1
CONT_s3_dynamic_RedBullPlayStreets,1789799230.602,0.1038,21057,20,0,126288018.0,0,2
CONT_s3_dynamic_RedBullPlayStreets,1789799230.706,0.1038,7650,10,0,109101330.0,0,2
CONT_s3_dynamic_RedBullPlayStreets,1789799230.81,0.1037,6438,10,0,81721576.0,0,2
CONT_s3_dynamic_RedBullPlayStreets,1789799230.913,0.1038,6120,8,0,65640433.5,0,2
CONT_s3_dynamic_RedBullPlayStreets,1789799231.017,0.1038,7674,9,0,45950045.3,0,3
CONT_s3_dynamic_RedBullPlayStreets,1789799231.121,0.1037,6181,9,0,44967232.4,0,2
CONT_s3_dynamic_RedBullPlayStreets,1789799231.225,0.1038,7528,8,0,37161355.1,0,2
CONT_s3_dynamic_RedBullPlayStreets,1789799231.329,0.1044,7589,9,0,31108673.4,0,2
CONT_s3_dynamic_RedBullPlayStreets,1789799231.433,0.104,5000,9,0,26549647.8,0,2
CONT_s3_dynamic_RedBullPlayStreets,1789799231.537,0.1038,7661,10,0,23471085.5,0,2
CONT_s3_dynamic_RedBullPlayStreets,1789799231.641,0.1038,6128,8,0,20018699.5,0,2
CONT_s3_dynamic_RedBullPlayStreets,1789799231.745,0.1038,7651,10,0,19916068.4,0,2
CONT_s3_dynamic_RedBullPlayStreets,1789799231.849,0.104,7650,10,0,16780815.0,0,2
CONT_s3_dynamic_RedBullPlayStreets,1789799231.954,0.105,6461,10,0,14073203.0,0,2
CONT_s3_dynamic_RedBullPlayStreets,1789799232.057,0.1039,7589,9,0,12367195.4,0,2
CONT_s3_dynamic_RedBullPlayStreets,1789799232.161,0.1038,6120,8,0,14423425.5,0,2
CONT_s3_dynamic_RedBullPlayStreets,1789799232.265,0.1038,7589,9,0,12048261.6,0,2
CONT_s3_dynamic_RedBullPlayStreets,1789799232.369,0.1037,4590,6,0,14632566.5,0,2
CONT_s3_dynamic_RedBullPlayStreets,1789799232.473,0.1039,9350,11,0,14617377.3,0,2
CONT_s3_dynamic_RedBullPlayStreets,1789799232.576,0.1037,6182,9,0,13852662.4,0,2
CONT_s3_dynamic_RedBullPlayStreets,1789799232.68,0.1038,7594,9,0,14811744.7,0,2
CONT_s3_dynamic_RedBullPlayStreets,1789799232.784,0.1038,4262,7,0,14092125.9,0,2
CONT_s3_dynamic_RedBullPlayStreets,1789799232.888,0.1038,4583,6,0,16277725.3,0,2
CONT_s3_dynamic_RedBullPlayStreets,1789799232.991,0.1038,0,0,0,0,0,0
CONT_s3_dynamic_RedBullPlayStreets,1789799233.095,0.1037,141,1,0,5627304.0,0,1
CONT_s3_dynamic_RedBullPlayStreets,1789799233.199,0.1038,0,0,0,0,0,0
CONT_s3_dynamic_RedBullPlayStreets,1789799233.303,0.1038,0,0,0,0,0,0
CONT_s3_dynamic_RedBullPlayStreets,1789799233.407,0.1038,0,0,0,0,0,0
CONT_s3_dynamic_RedBullPlayStreets,1789799233.51,0.1038,0,0,0,0,0,0
CONT_s3_dynamic_RedBullPlayStreets,1789799233.615,0.1042,0,0,0,0,0,0
CONT_s3_dynamic_RedBullPlayStreets,1789799233.719,0.1041,0,0,0,0,0,0
CONT_s3_dynamic_RedBullPlayStreets,1789799233.823,0.1039,0,0,0,0,0,0
CONT_s3_dynamic_RedBullPlayStreets,1789799233.926,0.104,0,0,0,0,0,0
CONT_s3_dynamic_RedBullPlayStreets,1789799234.03,0.1038,0,0,0,0,0,0
CONT_s3_dynamic_RedBullPlayStreets,1789799234.134,0.1037,0,0,0,0,0,0
CONT_s3_dynamic_RedBullPlayStreets,1789799234.238,0.1038,0,0,0,0,0,0
CONT_s3_dynamic_RedBullPlayStreets,1789799234.342,0.104,13861,11,0,110563155.1,0,2
CONT_s3_dynamic_RedBullPlayStreets,1789799234.448,0.1061,7710,11,0,113934178.5,0,2
CONT_s3_dynamic_RedBullPlayStreets,1789799234.552,0.1039,7650,10,0,82527436.0,0,2
CONT_s3_dynamic_RedBullPlayStreets,1789799234.656,0.1037,6377,9,0,62265636.9,0,2
CONT_s3_dynamic_RedBullPlayStreets,1789799234.759,0.1037,7589,9,0,49058846.6,0,2
CONT_s3_dynamic_RedBullPlayStreets,1789799234.863,0.1038,6186,9,0,41454007.2,0,2
CONT_s3_dynamic_RedBullPlayStreets,1789799234.967,0.1038,7528,8,0,32483226.9,0,2
CONT_s3_dynamic_RedBullPlayStreets,1789799235.071,0.1038,6322,10,0,27058610.8,0,3
CONT_s3_dynamic_RedBullPlayStreets,1789799235.175,0.1038,7941,11,0,25231553.9,0,2
CONT_s3_dynamic_RedBullPlayStreets,1789799235.278,0.1038,6132,8,0,22380362.0,0,2
CONT_s3_dynamic_RedBullPlayStreets,1789799235.382,0.1039,6128,8,0,18873585.5,0,2
CONT_s3_dynamic_RedBullPlayStreets,1789799235.486,0.1039,7595,9,0,17951404.9,0,2
CONT_s3_dynamic_RedBullPlayStreets,1789799235.59,0.1038,7589,9,0,14966360.6,0,2
CONT_s3_dynamic_RedBullPlayStreets,1789799235.694,0.1038,6120,8,0,15316341.5,0,2
CONT_s3_dynamic_RedBullPlayStreets,1789799235.798,0.1038,6412,9,0,13664242.4,0,2
CONT_s3_dynamic_RedBullPlayStreets,1789799235.901,0.1039,7528,8,0,15344193.8,0,2
CONT_s3_dynamic_RedBullPlayStreets,1789799236.005,0.1039,6120,8,0,14889901.0,0,2
CONT_s3_dynamic_RedBullPlayStreets,1789799236.109,0.1039,7589,9,0,13489243.3,0,2
CONT_s3_dynamic_RedBullPlayStreets,1789799236.213,0.1038,7467,7,0,17418268.7,0,2
CONT_s3_dynamic_RedBullPlayStreets,1789799236.317,0.1038,6468,10,0,15301146.5,0,2
CONT_s3_dynamic_RedBullPlayStreets,1789799236.421,0.1039,6128,8,0,17524844.5,0,2
CONT_s3_dynamic_RedBullPlayStreets,1789799236.525,0.1038,7596,9,0,14662144.4,0,2
CONT_s3_dynamic_RedBullPlayStreets,1789799236.628,0.1037,4594,6,0,15847615.0,0,2
CONT_s3_dynamic_RedBullPlayStreets,1789799236.732,0.1038,7030,11,0,15602872.1,0,2
CONT_s3_dynamic_RedBullPlayStreets,1789799236.836,0.104,0,0,0,0,0,0
CONT_s3_dynamic_RedBullPlayStreets,1789799236.94,0.1039,0,0,0,0,0,0
CONT_s3_dynamic_RedBullPlayStreets,1789799237.044,0.1038,141,1,0,5112769.0,0,1
CONT_s3_dynamic_RedBullPlayStreets,1789799237.147,0.1037,53,1,0,0.0,0,1
CONT_s3_dynamic_RedBullPlayStreets,1789799237.251,0.1038,0,0,0,0,0,0
CONT_s3_dynamic_RedBullPlayStreets,1789799237.355,0.1039,0,0,0,0,0,0
CONT_s3_dynamic_RedBullPlayStreets,1789799237.459,0.1038,0,0,0,0,0,0
CONT_s3_dynamic_RedBullPlayStreets,1789799237.563,0.104,0,0,0,0,0,0
CONT_s3_dynamic_RedBullPlayStreets,1789799237.667,0.1038,0,0,0,0,0,0
CONT_s3_dynamic_RedBullPlayStreets,1789799237.77,0.1037,0,0,0,0,0,0
CONT_s3_dynamic_RedBullPlayStreets,1789799237.874,0.1039,0,0,0,0,0,0
CONT_s3_dynamic_RedBullPlayStreets,1789799237.978,0.1039,0,0,0,0,0,0
CONT_s3_dynamic_RedBullPlayStreets,1789799238.082,0.1038,0,0,0,0,0,0
CONT_s3_dynamic_RedBullPlayStreets,1789799238.186,0.104,0,0,0,0,0,0
CONT_s3_dynamic_RedBullPlayStreets,1789799238.29,0.1039,18512,18,0,110970576.1,0,2
CONT_s3_dynamic_RedBullPlayStreets,1789799238.394,0.104,7589,9,0,92302058.7,0,2
CONT_s3_dynamic_RedBullPlayStreets,1789799238.498,0.1039,6181,9,0,74330338.6,0,2
CONT_s3_dynamic_RedBullPlayStreets,1789799238.602,0.1038,7846,10,0,52219862.8,0,2
CONT_s3_dynamic_RedBullPlayStreets,1789799238.706,0.1039,6125,8,0,44748842.0,0,2
CONT_s3_dynamic_RedBullPlayStreets,1789799238.809,0.1038,7589,9,0,36043919.0,0,2
CONT_s3_dynamic_RedBullPlayStreets,1789799238.913,0.1038,6181,9,0,31638801.8,0,2
CONT_s3_dynamic_RedBullPlayStreets,1789799239.017,0.1039,7589,9,0,23250064.3,0,2
CONT_s3_dynamic_RedBullPlayStreets,1789799239.121,0.104,6614,11,0,22809604.5,0,3
CONT_s3_dynamic_RedBullPlayStreets,1789799239.225,0.104,6196,9,0,20701665.9,0,2
CONT_s3_dynamic_RedBullPlayStreets,1789799239.329,0.1045,7597,9,0,15965467.1,0,2
CONT_s3_dynamic_RedBullPlayStreets,1789799239.434,0.1041,6243,10,0,15278768.5,0,2
CONT_s3_dynamic_RedBullPlayStreets,1789799239.537,0.1039,7650,10,0,13137566.0,0,2
CONT_s3_dynamic_RedBullPlayStreets,1789799239.641,0.1038,6406,9,0,11500966.4,0,2
CONT_s3_dynamic_RedBullPlayStreets,1789799239.745,0.104,7528,8,0,11399149.5,0,2
CONT_s3_dynamic_RedBullPlayStreets,1789799239.849,0.1038,6181,9,0,12791120.6,0,2
CONT_s3_dynamic_RedBullPlayStreets,1789799239.954,0.1051,6120,8,0,11148308.0,0,2
CONT_s3_dynamic_RedBullPlayStreets,1789799240.058,0.1039,7528,8,0,14774673.0,0,2
CONT_s3_dynamic_RedBullPlayStreets,1789799240.162,0.1037,7879,10,0,13369200.8,0,2
CONT_s3_dynamic_RedBullPlayStreets,1789799240.266,0.1039,6183,9,0,14912839.9,0,2
CONT_s3_dynamic_RedBullPlayStreets,1789799240.369,0.1038,7941,11,0,13950296.4,0,3
CONT_s3_dynamic_RedBullPlayStreets,1789799240.473,0.104,5758,16,0,8957618.9,0,4
CONT_s3_dynamic_RedBullPlayStreets,1789799240.578,0.104,8654,9,0,13537724.3,0,2
CONT_s3_dynamic_RedBullPlayStreets,1789799240.682,0.1041,6104,6,0,17505845.3,0,2
CONT_s3_dynamic_RedBullPlayStreets,1789799240.786,0.104,6104,6,0,20525068.3,0,2
CONT_s3_dynamic_RedBullPlayStreets,1789799240.89,0.1041,6104,6,0,22821883.3,0,2
CONT_s3_dynamic_RedBullPlayStreets,1789799240.994,0.104,6104,6,0,24562730.0,0,2
CONT_s3_dynamic_RedBullPlayStreets,1789799241.098,0.104,9297,10,0,24292507.0,0,3
CONT_s3_dynamic_RedBullPlayStreets,1789799241.202,0.1041,6104,6,0,27273200.3,0,2
CONT_s3_dynamic_RedBullPlayStreets,1789799241.306,0.1041,6104,6,0,27909935.7,0,2
CONT_s3_dynamic_RedBullPlayStreets,1789799241.41,0.1041,6104,6,0,28381356.3,0,2
CONT_s3_dynamic_RedBullPlayStreets,1789799241.514,0.1041,9156,9,0,28865815.7,0,2
CONT_s3_dynamic_RedBullPlayStreets,1789799241.618,0.104,6104,6,0,29080993.7,0,2
CONT_s3_dynamic_RedBullPlayStreets,1789799241.722,0.1041,6104,6,0,29237819.0,0,2
CONT_s3_dynamic_RedBullPlayStreets,1789799241.826,0.1041,6104,6,0,29345018.7,0,2
CONT_s3_dynamic_RedBullPlayStreets,1789799241.931,0.1051,6104,6,0,29421507.3,0,2
CONT_s3_dynamic_RedBullPlayStreets,1789799242.035,0.104,9156,9,0,29484239.0,0,2
CONT_s3_dynamic_RedBullPlayStreets,1789799242.139,0.104,6104,6,0,29506162.3,0,2
CONT_s3_dynamic_RedBullPlayStreets,1789799242.243,0.1041,6104,6,0,29517071.0,0,2
CONT_s3_dynamic_RedBullPlayStreets,1789799242.347,0.104,6104,6,0,29534356.7,0,2
CONT_s3_dynamic_RedBullPlayStreets,1789799242.453,0.1056,9609,10,0,39960978.8,0,3
CONT_s3_dynamic_RedBullPlayStreets,1789799242.557,0.1041,6352,8,0,69674732.0,0,4
CONT_s3_dynamic_RedBullPlayStreets,1789799242.661,0.104,6104,6,0,29804672.7,0,2
CONT_s3_dynamic_RedBullPlayStreets,1789799242.765,0.104,6104,6,0,29754168.7,0,2
CONT_s3_dynamic_RedBullPlayStreets,1789799242.869,0.104,6104,6,0,29697136.3,0,2
CONT_s3_dynamic_RedBullPlayStreets,1789799242.973,0.104,9156,9,0,29630146.7,0,2
CONT_s3_dynamic_RedBullPlayStreets,1789799243.077,0.104,6245,7,0,26123202.1,0,3
CONT_s3_dynamic_RedBullPlayStreets,1789799243.181,0.1041,6114,7,0,159915948.0,0,4
CONT_s3_dynamic_RedBullPlayStreets,1789799243.285,0.1041,6104,6,0,34374207.7,0,2
CONT_s3_dynamic_RedBullPlayStreets,1789799243.389,0.104,0,0,0,0,0,0
CONT_s3_dynamic_RedBullPlayStreets,1789799243.494,0.1042,13585,14,0,163824966.0,0,4
CONT_s3_dynamic_RedBullPlayStreets,1789799243.598,0.104,6053,6,0,118382404.3,0,4
CONT_s3_dynamic_RedBullPlayStreets,1789799243.702,0.1042,8940,8,0,144824467.5,0,2
CONT_s3_dynamic_RedBullPlayStreets,1789799243.806,0.1041,6104,6,0,65538472.7,0,2
CONT_s3_dynamic_RedBullPlayStreets,1789799243.91,0.1042,3001,3,0,149779817.0,0,2
CONT_s3_dynamic_RedBullPlayStreets,1789799244.014,0.104,9315,11,0,107202953.0,0,2
CONT_s3_dynamic_RedBullPlayStreets,1789799244.118,0.104,9042,8,0,80583530.0,0,3
CONT_s3_dynamic_RedBullPlayStreets,1789799244.222,0.104,6181,8,0,109233975.4,0,4
CONT_s3_dynamic_RedBullPlayStreets,1789799244.326,0.1041,6118,7,0,101136715.1,0,4
CONT_s3_dynamic_RedBullPlayStreets,1789799244.43,0.1042,7545,8,0,93113066.4,0,2
CONT_s3_dynamic_RedBullPlayStreets,1789799244.535,0.1041,7573,7,0,84502538.4,0,3
CONT_s3_dynamic_RedBullPlayStreets,1789799244.639,0.104,4598,6,0,93578980.5,0,2
CONT_s3_dynamic_RedBullPlayStreets,1789799244.743,0.1041,7581,8,0,86138180.2,0,4
CONT_s3_dynamic_RedBullPlayStreets,1789799244.847,0.1044,7869,9,0,83064603.1,0,4
CONT_s3_dynamic_RedBullPlayStreets,1789799244.953,0.1061,7528,8,0,69108773.6,0,2
CONT_s3_dynamic_RedBullPlayStreets,1789799245.057,0.1041,6306,8,0,87321234.2,0,4
CONT_s3_dynamic_RedBullPlayStreets,1789799245.161,0.1041,7531,8,0,65889489.9,0,2
CONT_s3_dynamic_RedBullPlayStreets,1789799245.265,0.104,6178,8,0,82305691.8,0,4
CONT_s3_dynamic_RedBullPlayStreets,1789799245.369,0.104,7590,8,0,78489796.0,0,4
CONT_s3_dynamic_RedBullPlayStreets,1789799245.473,0.1041,6128,8,0,53800540.0,0,2
CONT_s3_dynamic_RedBullPlayStreets,1789799245.577,0.104,6302,7,0,92604702.6,0,3
CONT_s3_dynamic_RedBullPlayStreets,1789799245.682,0.1042,7876,10,0,49206238.4,0,2
CONT_s3_dynamic_RedBullPlayStreets,1789799245.786,0.1041,4529,5,0,46661637.8,0,2
CONT_s3_dynamic_RedBullPlayStreets,1789799245.89,0.1041,9164,10,0,89309174.8,0,4
CONT_s3_dynamic_RedBullPlayStreets,1789799245.994,0.1041,3060,4,0,47315537.0,0,2
CONT_s3_dynamic_RedBullPlayStreets,1789799246.098,0.1041,10697,12,0,80145870.8,0,4
CONT_s3_dynamic_RedBullPlayStreets,1789799246.202,0.1041,6132,8,0,45488789.5,0,2
CONT_s3_dynamic_RedBullPlayStreets,1789799246.306,0.1041,6116,7,0,74927820.0,0,4
CONT_s3_dynamic_RedBullPlayStreets,1789799246.41,0.1042,7644,9,0,68073217.4,0,4
CONT_s3_dynamic_RedBullPlayStreets,1789799246.515,0.1041,7642,9,0,65374129.7,0,4
CONT_s3_dynamic_RedBullPlayStreets,1789799246.619,0.1041,6598,9,0,60525997.3,0,5
CONT_s3_dynamic_RedBullPlayStreets,1789799246.723,0.1041,7589,9,0,34148193.3,0,2
CONT_s3_dynamic_RedBullPlayStreets,1789799246.827,0.1042,6165,7,0,104877046.4,0,3
CONT_s3_dynamic_RedBullPlayStreets,1789799246.932,0.1052,7467,7,0,38670467.0,0,2
CONT_s3_dynamic_RedBullPlayStreets,1789799247.036,0.1041,4656,7,0,34257166.4,0,2
CONT_s3_dynamic_RedBullPlayStreets,1789799247.14,0.1041,7775,9,0,88985810.7,0,5
CONT_s3_dynamic_RedBullPlayStreets,1789799247.245,0.1041,8007,12,0,33218587.5,0,2
CONT_s3_dynamic_RedBullPlayStreets,1789799247.349,0.1041,6104,6,0,118951982.3,0,2
CONT_s3_dynamic_RedBullPlayStreets,1789799247.454,0.1051,7534,8,0,36648155.8,0,2
CONT_s3_dynamic_RedBullPlayStreets,1789799247.558,0.1042,6179,8,0,68132732.4,0,4
CONT_s3_dynamic_RedBullPlayStreets,1789799247.662,0.1041,7783,9,0,60865481.4,0,5
CONT_s3_dynamic_RedBullPlayStreets,1789799247.766,0.1042,4601,6,0,32970001.0,0,2
CONT_s3_dynamic_RedBullPlayStreets,1789799247.871,0.1043,9105,9,0,92921381.2,0,4
CONT_s3_dynamic_RedBullPlayStreets,1789799247.975,0.1042,6065,7,0,36302291.4,0,2
CONT_s3_dynamic_RedBullPlayStreets,1789799248.079,0.1041,6112,7,0,73449507.4,0,4
CONT_s3_dynamic_RedBullPlayStreets,1789799248.183,0.1041,7993,11,0,61926359.4,0,4
CONT_s3_dynamic_RedBullPlayStreets,1789799248.287,0.1041,7648,9,0,65451083.2,0,4
CONT_s3_dynamic_RedBullPlayStreets,1789799248.391,0.1041,4584,5,0,87201317.4,0,4
CONT_s3_dynamic_RedBullPlayStreets,1789799248.495,0.1042,8292,10,0,62235721.8,0,4
CONT_s3_dynamic_RedBullPlayStreets,1789799248.6,0.1041,3547,7,0,66966361.1,0,5
CONT_s3_dynamic_RedBullPlayStreets,1789799248.704,0.1042,8875,7,0,41131794.1,0,2
CONT_s3_dynamic_RedBullPlayStreets,1789799248.808,0.1041,7634,8,0,96293758.4,0,4
CONT_s3_dynamic_RedBullPlayStreets,1789799248.912,0.1041,0,0,0,0,0,0
CONT_s3_dynamic_RedBullPlayStreets,1789799249.016,0.1041,13396,11,0,61239070.5,0,4
CONT_s3_dynamic_RedBullPlayStreets,1789799249.12,0.1042,7775,9,0,84741823.0,0,5
CONT_s3_dynamic_RedBullPlayStreets,1789799249.224,0.1042,4903,7,0,68387417.3,0,4
CONT_s3_dynamic_RedBullPlayStreets,1789799249.33,0.1058,6104,6,0,95612833.0,0,2
CONT_s3_dynamic_RedBullPlayStreets,1789799249.434,0.1043,10470,10,0,49411411.2,0,2
CONT_s3_dynamic_RedBullPlayStreets,1789799249.539,0.1042,6167,7,0,94022610.3,0,3
CONT_s3_dynamic_RedBullPlayStreets,1789799249.643,0.1041,6002,6,0,55861521.0,0,2
CONT_s3_dynamic_RedBullPlayStreets,1789799249.747,0.1042,5939,5,0,53140330.2,0,2
CONT_s3_dynamic_RedBullPlayStreets,1789799249.851,0.1042,6104,6,0,108210117.7,0,2
CONT_s3_dynamic_RedBullPlayStreets,1789799249.955,0.1041,9054,9,0,75523449.2,0,4
CONT_s3_dynamic_RedBullPlayStreets,1789799250.059,0.1041,6118,7,0,81535205.6,0,4
CONT_s3_dynamic_RedBullPlayStreets,1789799250.163,0.1041,6123,7,0,80915499.3,0,4
CONT_s3_dynamic_RedBullPlayStreets,1789799250.268,0.1041,3052,3,0,100949932.7,0,2
CONT_s3_dynamic_RedBullPlayStreets,1789799250.372,0.1042,12057,12,0,75234047.7,0,4
CONT_s3_dynamic_RedBullPlayStreets,1789799250.476,0.1041,4963,8,0,84351049.2,0,4
CONT_s3_dynamic_RedBullPlayStreets,1789799250.58,0.1041,8936,8,0,57419039.2,0,2
CONT_s3_dynamic_RedBullPlayStreets,1789799250.684,0.1042,6061,5,0,93315305.8,0,2
CONT_s3_dynamic_RedBullPlayStreets,1789799250.788,0.1041,7406,6,0,52081717.5,0,2
CONT_s3_dynamic_RedBullPlayStreets,1789799250.893,0.1041,6120,8,0,48796841.5,0,2
CONT_s3_dynamic_RedBullPlayStreets,1789799250.997,0.1041,7345,5,0,41943962.0,0,1
CONT_s3_dynamic_RedBullPlayStreets,1789799251.101,0.1041,6481,9,0,40180010.2,0,3
CONT_s3_dynamic_RedBullPlayStreets,1789799251.205,0.1042,61,1,0,53346023.0,0,1
CONT_s3_dynamic_RedBullPlayStreets,1789799251.309,0.1041,13404,12,0,41506674.5,0,2
CONT_s3_dynamic_RedBullPlayStreets,1789799251.413,0.1041,1535,2,0,43909390.5,0,2
CONT_s3_dynamic_RedBullPlayStreets,1789799251.517,0.1041,10344,8,0,37077094.9,0,2
CONT_s3_dynamic_RedBullPlayStreets,1789799251.621,0.1042,7931,11,0,36949361.2,0,2
CONT_s3_dynamic_RedBullPlayStreets,1789799251.726,0.1042,0,0,0,0,0,0
CONT_s3_dynamic_RedBullPlayStreets,1789799251.831,0.1053,14812,12,0,36449796.2,0,2
CONT_s3_dynamic_RedBullPlayStreets,1789799251.935,0.1044,5152,13,0,35620009.4,0,2
CONT_s3_dynamic_RedBullPlayStreets,1789799252.04,0.1042,0,0,0,0,0,0
CONT_s3_dynamic_RedBullPlayStreets,1789799252.144,0.1041,13282,10,0,31801532.4,0,2
CONT_s3_dynamic_RedBullPlayStreets,1789799252.248,0.1042,0,0,0,0,0,0
CONT_s3_dynamic_RedBullPlayStreets,1789799252.352,0.1043,14750,11,0,32819616.7,0,2
CONT_s3_dynamic_RedBullPlayStreets,1789799252.456,0.1042,6249,7,0,33037780.9,0,2
CONT_s3_dynamic_RedBullPlayStreets,1789799252.56,0.104,7406,6,0,35211218.2,0,2
CONT_s3_dynamic_RedBullPlayStreets,1789799252.664,0.1041,3060,4,0,39508770.5,0,2
CONT_s3_dynamic_RedBullPlayStreets,1789799252.769,0.1042,5937,5,0,34887338.6,0,2
CONT_s3_dynamic_RedBullPlayStreets,1789799252.873,0.1042,11874,10,0,35167150.8,0,2
CONT_s3_dynamic_RedBullPlayStreets,1789799252.977,0.1042,6279,7,0,36127624.1,0,2
CONT_s3_dynamic_RedBullPlayStreets,1789799253.081,0.1039,3062,4,0,38142329.0,0,2
CONT_s3_dynamic_RedBullPlayStreets,1789799253.185,0.1041,10674,12,0,35525884.3,0,3
CONT_s3_dynamic_RedBullPlayStreets,1789799253.289,0.1042,7476,7,0,35859912.9,0,2
CONT_s3_dynamic_RedBullPlayStreets,1789799253.393,0.1041,4533,5,0,36965680.8,0,2
CONT_s3_dynamic_RedBullPlayStreets,1789799253.498,0.1042,7532,8,0,35461396.4,0,2
CONT_s3_dynamic_RedBullPlayStreets,1789799253.602,0.1043,3402,6,0,31215910.3,0,2
CONT_s3_dynamic_RedBullPlayStreets,1789799253.706,0.1043,8936,8,0,33460613.5,0,2
CONT_s3_dynamic_RedBullPlayStreets,1789799253.81,0.1042,8997,9,0,31612290.3,0,2
CONT_s3_dynamic_RedBullPlayStreets,1789799253.915,0.1043,5998,6,0,32890402.7,0,2
CONT_s3_dynamic_RedBullPlayStreets,1789799254.019,0.1043,7528,8,0,33193171.6,0,2
CONT_s3_dynamic_RedBullPlayStreets,1789799254.123,0.1043,1873,4,0,29304958.5,0,2
CONT_s3_dynamic_RedBullPlayStreets,1789799254.228,0.1046,12068,13,0,33309188.4,0,2
CONT_s3_dynamic_RedBullPlayStreets,1789799254.334,0.1059,6249,10,0,27134900.0,0,2
CONT_s3_dynamic_RedBullPlayStreets,1789799254.438,0.1043,6857,14,0,23026144.1,0,2
CONT_s3_dynamic_RedBullPlayStreets,1789799254.542,0.1041,0,0,0,0,0,0
CONT_s3_dynamic_RedBullPlayStreets,1789799254.646,0.1042,0,0,0,0,0,0
CONT_s3_dynamic_RedBullPlayStreets,1789799254.75,0.1042,0,0,0,0,0,0
CONT_s3_dynamic_RedBullPlayStreets,1789799254.855,0.1045,0,0,0,0,0,0
CONT_s3_dynamic_RedBullPlayStreets,1789799254.959,0.1043,0,0,0,0,0,0
CONT_s3_dynamic_RedBullPlayStreets,1789799255.064,0.1043,0,0,0,0,0,0
CONT_s3_dynamic_RedBullPlayStreets,1789799255.168,0.1042,141,1,0,5499238.0,0,1
CONT_s3_dynamic_RedBullPlayStreets,1789799255.272,0.1046,0,0,0,0,0,0
CONT_s3_dynamic_RedBullPlayStreets,1789799255.376,0.1041,0,0,0,0,0,0
CONT_s3_dynamic_RedBullPlayStreets,1789799255.481,0.1042,744,5,0,128056245.8,0,2
CONT_s3_dynamic_RedBullPlayStreets,1789799255.585,0.1042,0,0,0,0,0,0
CONT_s3_dynamic_RedBullPlayStreets,1789799255.689,0.1041,0,0,0,0,0,0
CONT_s3_dynamic_RedBullPlayStreets,1789799255.793,0.1041,0,0,0,0,0,0
CONT_s3_dynamic_RedBullPlayStreets,1789799255.897,0.1043,0,0,0,0,0,0
CONT_s3_dynamic_RedBullPlayStreets,1789799256.002,0.1042,0,0,0,0,0,0
CONT_s3_dynamic_RedBullPlayStreets,1789799256.106,0.1041,0,0,0,0,0,0
CONT_s3_dynamic_RedBullPlayStreets,1789799256.21,0.1041,0,0,0,0,0,0
CONT_s3_dynamic_RedBullPlayStreets,1789799256.314,0.1041,0,0,0,0,0,0
CONT_s3_dynamic_RedBullPlayStreets,1789799256.418,0.104,0,0,0,0,0,0
CONT_s3_dynamic_RedBullPlayStreets,1789799256.522,0.1041,744,5,0,217454323.2,0,2
CONT_s3_dynamic_RedBullPlayStreets,1789799256.626,0.104,0,0,0,0,0,0
CONT_s3_dynamic_RedBullPlayStreets,1789799256.73,0.1042,0,0,0,0,0,0
CONT_s3_dynamic_RedBullPlayStreets,1789799256.836,0.1062,0,0,0,0,0,0
CONT_s3_dynamic_RedBullPlayStreets,1789799256.943,0.1066,0,0,0,0,0,0
CONT_s3_dynamic_RedBullPlayStreets,1789799257.047,0.104,0,0,0,0,0,0
CONT_s3_dynamic_RedBullPlayStreets,1789799257.151,0.104,141,1,0,5317858.0,0,1
CONT_s3_dynamic_RedBullPlayStreets,1789799257.255,0.104,0,0,0,0,0,0
CONT_s3_dynamic_RedBullPlayStreets,1789799257.359,0.1041,0,0,0,0,0,0
CONT_s3_dynamic_RedBullPlayStreets,1789799257.463,0.1042,744,5,0,293213363.6,0,2
CONT_s3_dynamic_RedBullPlayStreets,1789799257.567,0.1042,0,0,0,0,0,0
CONT_s3_dynamic_RedBullPlayStreets,1789799257.672,0.1041,0,0,0,0,0,0
CONT_s3_dynamic_RedBullPlayStreets,1789799257.776,0.1041,0,0,0,0,0,0
CONT_s3_dynamic_RedBullPlayStreets,1789799257.88,0.104,0,0,0,0,0,0
CONT_s3_dynamic_RedBullPlayStreets,1789799257.984,0.1041,0,0,0,0,0,0
CONT_s3_dynamic_RedBullPlayStreets,1789799258.088,0.1041,0,0,0,0,0,0
CONT_s3_dynamic_RedBullPlayStreets,1789799258.192,0.1041,0,0,0,0,0,0
CONT_s3_dynamic_RedBullPlayStreets,1789799258.296,0.1041,0,0,0,0,0,0
CONT_s3_dynamic_RedBullPlayStreets,1789799258.4,0.1042,79,1,0,313959780.0,0,1
CONT_s3_dynamic_RedBullPlayStreets,1789799258.504,0.1041,0,0,0,0,0,0
CONT_s3_dynamic_RedBullPlayStreets,1789799258.608,0.1041,0,0,0,0,0,0
CONT_s3_dynamic_RedBullPlayStreets,1789799258.713,0.1041,0,0,0,0,0,0
CONT_s3_dynamic_RedBullPlayStreets,1789799258.817,0.1041,0,0,0,0,0,0
CONT_s3_dynamic_RedBullPlayStreets,1789799258.921,0.104,0,0,0,0,0,0
CONT_s3_dynamic_RedBullPlayStreets,1789799259.025,0.1041,0,0,0,0,0,0
CONT_s3_dynamic_RedBullPlayStreets,1789799259.129,0.1041,141,1,0,5279108.0,0,1
CONT_s3_dynamic_RedBullPlayStreets,1789799259.233,0.1042,0,0,0,0,0,0
CONT_s3_dynamic_RedBullPlayStreets,1789799259.338,0.105,0,0,0,0,0,0
CONT_s3_dynamic_RedBullPlayStreets,1789799259.444,0.1061,0,0,0,0,0,0
CONT_s3_dynamic_RedBullPlayStreets,1789799259.548,0.1041,0,0,0,0,0,0
CONT_s3_dynamic_RedBullPlayStreets,1789799259.652,0.1041,0,0,0,0,0,0
CONT_s3_dynamic_RedBullPlayStreets,1789799259.757,0.1043,0,0,0,0,0,0
CONT_s3_dynamic_RedBullPlayStreets,1789799259.861,0.104,0,0,0,0,0,0
CONT_s3_dynamic_RedBullPlayStreets,1789799259.965,0.1041,0,0,0,0,0,0
CONT_s3_dynamic_RedBullPlayStreets,1789799260.069,0.1041,0,0,0,0,0,0
CONT_s3_dynamic_RedBullPlayStreets,1789799260.173,0.1041,0,0,0,0,0,0
CONT_s3_dynamic_RedBullPlayStreets,1789799260.277,0.1042,0,0,0,0,0,0
CONT_s3_dynamic_RedBullPlayStreets,1789799260.381,0.104,0,0,0,0,0,0
CONT_s3_dynamic_RedBullPlayStreets,1789799260.485,0.1041,0,0,0,0,0,0
CONT_s3_dynamic_RedBullPlayStreets,1789799260.589,0.1041,0,0,0,0,0,0
CONT_s3_dynamic_RedBullPlayStreets,1789799260.694,0.1042,0,0,0,0,0,0
CONT_s3_dynamic_RedBullPlayStreets,1789799260.798,0.1041,0,0,0,0,0,0
CONT_s3_dynamic_RedBullPlayStreets,1789799260.902,0.1041,0,0,0,0,0,0
CONT_s3_dynamic_RedBullPlayStreets,1789799261.006,0.1041,0,0,0,0,0,0
CONT_s3_dynamic_RedBullPlayStreets,1789799261.11,0.104,0,0,0,0,0,0
CONT_s3_dynamic_RedBullPlayStreets,1789799261.214,0.1041,141,1,0,5025317.0,0,1
CONT_s3_dynamic_RedBullPlayStreets,1789799261.318,0.1041,0,0,0,0,0,0
CONT_s3_dynamic_RedBullPlayStreets,1789799261.422,0.104,0,0,0,0,0,0
CONT_s3_dynamic_RedBullPlayStreets,1789799261.526,0.1041,0,0,0,0,0,0
CONT_s3_dynamic_RedBullPlayStreets,1789799261.63,0.104,0,0,0,0,0,0
CONT_s3_dynamic_RedBullPlayStreets,1789799261.735,0.1042,0,0,0,0,0,0
CONT_s3_dynamic_RedBullPlayStreets,1789799261.839,0.1043,0,0,0,0,0,0
CONT_s3_dynamic_RedBullPlayStreets,1789799261.945,0.1058,0,0,0,0,0,0
CONT_s3_dynamic_RedBullPlayStreets,1789799262.049,0.1041,0,0,0,0,0,0
CONT_s3_dynamic_RedBullPlayStreets,1789799262.153,0.104,0,0,0,0,0,0
CONT_s3_dynamic_RedBullPlayStreets,1789799262.257,0.1042,0,0,0,0,0,0
CONT_s3_dynamic_RedBullPlayStreets,1789799262.361,0.104,0,0,0,0,0,0
CONT_s3_dynamic_RedBullPlayStreets,1789799262.465,0.1041,0,0,0,0,0,0
CONT_s3_dynamic_RedBullPlayStreets,1789799262.569,0.1042,0,0,0,0,0,0
CONT_s3_dynamic_RedBullPlayStreets,1789799262.673,0.104,0,0,0,0,0,0
CONT_s3_dynamic_RedBullPlayStreets,1789799262.777,0.1041,0,0,0,0,0,0
CONT_s3_dynamic_RedBullPlayStreets,1789799262.881,0.104,0,0,0,0,0,0
CONT_s3_dynamic_RedBullPlayStreets,1789799262.986,0.1042,0,0,0,0,0,0
CONT_s3_dynamic_RedBullPlayStreets,1789799263.09,0.1041,0,0,0,0,0,0
CONT_s3_dynamic_RedBullPlayStreets,1789799263.194,0.1042,141,1,0,5140926.0,0,1
CONT_s3_dynamic_RedBullPlayStreets,1789799263.298,0.1042,0,0,0,0,0,0
CONT_s3_dynamic_RedBullPlayStreets,1789799263.402,0.1042,0,0,0,0,0,0
CONT_s3_dynamic_RedBullPlayStreets,1789799263.506,0.1041,0,0,0,0,0,0
CONT_s3_dynamic_RedBullPlayStreets,1789799263.611,0.1041,0,0,0,0,0,0
CONT_s3_dynamic_RedBullPlayStreets,1789799263.715,0.1042,0,0,0,0,0,0
CONT_s3_dynamic_RedBullPlayStreets,1789799263.819,0.1041,0,0,0,0,0,0
CONT_s3_dynamic_RedBullPlayStreets,1789799263.923,0.1041,0,0,0,0,0,0
CONT_s3_dynamic_RedBullPlayStreets,1789799264.027,0.1041,0,0,0,0,0,0
CONT_s3_dynamic_RedBullPlayStreets,1789799264.131,0.1042,0,0,0,0,0,0
CONT_s3_dynamic_RedBullPlayStreets,1789799264.235,0.1041,0,0,0,0,0,0
CONT_s3_dynamic_RedBullPlayStreets,1789799264.34,0.1043,0,0,0,0,0,0
CONT_s3_dynamic_RedBullPlayStreets,1789799264.444,0.1049,0,0,0,0,0,0
CONT_s3_dynamic_RedBullPlayStreets,1789799264.549,0.1041,0,0,0,0,0,0
CONT_s3_dynamic_RedBullPlayStreets,1789799264.653,0.104,0,0,0,0,0,0
CONT_s3_dynamic_RedBullPlayStreets,1789799264.757,0.1042,0,0,0,0,0,0
CONT_s3_dynamic_RedBullPlayStreets,1789799264.861,0.1041,0,0,0,0,0,0
CONT_s3_dynamic_RedBullPlayStreets,1789799264.965,0.1041,0,0,0,0,0,0
CONT_s3_dynamic_RedBullPlayStreets,1789799265.069,0.104,0,0,0,0,0,0
CONT_s3_dynamic_RedBullPlayStreets,1789799265.173,0.1041,141,1,0,5529449.0,0,1
CONT_s3_dynamic_RedBullPlayStreets,1789799265.277,0.1041,0,0,0,0,0,0
CONT_s3_dynamic_RedBullPlayStreets,1789799265.381,0.1041,0,0,0,0,0,0
CONT_s3_dynamic_RedBullPlayStreets,1789799265.485,0.1041,0,0,0,0,0,0
CONT_s3_dynamic_RedBullPlayStreets,1789799265.59,0.1042,0,0,0,0,0,0
CONT_s3_dynamic_RedBullPlayStreets,1789799265.694,0.1044,0,0,0,0,0,0
CONT_s3_dynamic_RedBullPlayStreets,1789799265.798,0.1042,0,0,0,0,0,0
CONT_s3_dynamic_RedBullPlayStreets,1789799265.902,0.1041,0,0,0,0,0,0
CONT_s3_dynamic_RedBullPlayStreets,1789799266.007,0.1042,0,0,0,0,0,0
CONT_s3_dynamic_RedBullPlayStreets,1789799266.111,0.1041,0,0,0,0,0,0
CONT_s3_dynamic_RedBullPlayStreets,1789799266.215,0.1041,0,0,0,0,0,0
CONT_s3_dynamic_RedBullPlayStreets,1789799266.319,0.1042,0,0,0,0,0,0
CONT_s3_dynamic_RedBullPlayStreets,1789799266.423,0.1041,0,0,0,0,0,0
CONT_s3_dynamic_RedBullPlayStreets,1789799266.527,0.1041,0,0,0,0,0,0
CONT_s3_dynamic_RedBullPlayStreets,1789799266.631,0.1041,0,0,0,0,0,0
CONT_s3_dynamic_RedBullPlayStreets,1789799266.735,0.1041,0,0,0,0,0,0
CONT_s3_dynamic_RedBullPlayStreets,1789799266.84,0.1044,0,0,0,0,0,0
CONT_s3_dynamic_RedBullPlayStreets,1789799266.946,0.1059,0,0,0,0,0,0
CONT_s3_dynamic_RedBullPlayStreets,1789799267.05,0.104,0,0,0,0,0,0
CONT_s3_dynamic_RedBullPlayStreets,1789799267.154,0.104,141,1,0,5846069.0,0,1
CONT_s3_dynamic_RedBullPlayStreets,1789799267.258,0.1041,0,0,0,0,0,0
CONT_s3_dynamic_RedBullPlayStreets,1789799267.362,0.104,0,0,0,0,0,0
CONT_s3_dynamic_RedBullPlayStreets,1789799267.466,0.104,0,0,0,0,0,0
CONT_s3_dynamic_RedBullPlayStreets,1789799267.57,0.1041,0,0,0,0,0,0
CONT_s3_dynamic_RedBullPlayStreets,1789799267.674,0.1041,0,0,0,0,0,0
CONT_s3_dynamic_RedBullPlayStreets,1789799267.778,0.1041,0,0,0,0,0,0
CONT_s3_dynamic_RedBullPlayStreets,1789799267.882,0.1042,0,0,0,0,0,0
CONT_s3_dynamic_RedBullPlayStreets,1789799267.986,0.1041,0,0,0,0,0,0
CONT_s3_dynamic_RedBullPlayStreets,1789799268.09,0.1041,0,0,0,0,0,0
CONT_s3_dynamic_RedBullPlayStreets,1789799268.195,0.1041,0,0,0,0,0,0
CONT_s3_dynamic_RedBullPlayStreets,1789799268.299,0.1042,0,0,0,0,0,0
CONT_s3_dynamic_RedBullPlayStreets,1789799268.403,0.1042,0,0,0,0,0,0
CONT_s3_dynamic_RedBullPlayStreets,1789799268.507,0.1041,0,0,0,0,0,0
CONT_s3_dynamic_RedBullPlayStreets,1789799268.611,0.1041,0,0,0,0,0,0
CONT_s3_dynamic_RedBullPlayStreets,1789799268.715,0.1041,0,0,0,0,0,0
CONT_s3_dynamic_RedBullPlayStreets,1789799268.819,0.1041,0,0,0,0,0,0
CONT_s3_dynamic_RedBullPlayStreets,1789799268.923,0.1041,0,0,0,0,0,0
CONT_s3_dynamic_RedBullPlayStreets,1789799269.027,0.104,0,0,0,0,0,0
CONT_s3_dynamic_RedBullPlayStreets,1789799269.131,0.1041,0,0,0,0,0,0
CONT_s3_dynamic_RedBullPlayStreets,1789799269.236,0.1041,141,1,0,5918486.0,0,1
CONT_s3_dynamic_RedBullPlayStreets,1789799269.34,0.1042,0,0,0,0,0,0
CONT_s3_dynamic_RedBullPlayStreets,1789799269.445,0.1057,0,0,0,0,0,0
CONT_s3_dynamic_RedBullPlayStreets,1789799269.55,0.1042,0,0,0,0,0,0
CONT_s3_dynamic_RedBullPlayStreets,1789799269.654,0.1041,0,0,0,0,0,0
CONT_s3_dynamic_RedBullPlayStreets,1789799269.758,0.1041,0,0,0,0,0,0
CONT_s3_dynamic_RedBullPlayStreets,1789799269.862,0.104,0,0,0,0,0,0
CONT_s3_dynamic_RedBullPlayStreets,1789799269.966,0.104,0,0,0,0,0,0
CONT_s3_dynamic_RedBullPlayStreets,1789799270.07,0.1041,0,0,0,0,0,0
CONT_s3_dynamic_RedBullPlayStreets,1789799270.174,0.104,0,0,0,0,0,0
CONT_s3_dynamic_RedBullPlayStreets,1789799270.278,0.1042,0,0,0,0,0,0
CONT_s3_dynamic_RedBullPlayStreets,1789799270.382,0.104,0,0,0,0,0,0
CONT_s3_dynamic_RedBullPlayStreets,1789799270.486,0.1041,0,0,0,0,0,0
CONT_s3_dynamic_RedBullPlayStreets,1789799270.59,0.1042,0,0,0,0,0,0
CONT_s3_dynamic_RedBullPlayStreets,1789799270.695,0.1042,0,0,0,0,0,0
CONT_s3_dynamic_RedBullPlayStreets,1789799270.799,0.1043,0,0,0,0,0,0
CONT_s3_dynamic_RedBullPlayStreets,1789799270.903,0.1043,0,0,0,0,0,0
CONT_s3_dynamic_RedBullPlayStreets,1789799271.007,0.1043,0,0,0,0,0,0
CONT_s3_dynamic_RedBullPlayStreets,1789799271.112,0.1045,0,0,0,0,0,0
CONT_s3_dynamic_RedBullPlayStreets,1789799271.216,0.1045,141,1,0,5643660.0,0,1
CONT_s3_dynamic_RedBullPlayStreets,1789799271.321,0.1043,0,0,0,0,0,0
CONT_s3_dynamic_RedBullPlayStreets,1789799271.425,0.1042,0,0,0,0,0,0
CONT_s3_dynamic_RedBullPlayStreets,1789799271.529,0.1042,0,0,0,0,0,0
CONT_s3_dynamic_RedBullPlayStreets,1789799271.633,0.1042,0,0,0,0,0,0
CONT_s3_dynamic_RedBullPlayStreets,1789799271.737,0.1041,0,0,0,0,0,0
CONT_s3_dynamic_RedBullPlayStreets,1789799271.842,0.104,0,0,0,0,0,0
CONT_s3_dynamic_RedBullPlayStreets,1789799271.948,0.1061,0,0,0,0,0,0
CONT_s3_dynamic_RedBullPlayStreets,1789799272.052,0.1041,0,0,0,0,0,0
CONT_s3_dynamic_RedBullPlayStreets,1789799272.156,0.104,0,0,0,0,0,0
CONT_s3_dynamic_RedBullPlayStreets,1789799272.26,0.1042,0,0,0,0,0,0
CONT_s3_dynamic_RedBullPlayStreets,1789799272.364,0.1041,0,0,0,0,0,0
CONT_s3_dynamic_RedBullPlayStreets,1789799272.468,0.1042,0,0,0,0,0,0
CONT_s3_dynamic_RedBullPlayStreets,1789799272.573,0.1043,0,0,0,0,0,0
CONT_s3_dynamic_RedBullPlayStreets,1789799272.677,0.1043,0,0,0,0,0,0
CONT_s3_dynamic_RedBullPlayStreets,1789799272.781,0.1043,0,0,0,0,0,0
CONT_s3_dynamic_RedBullPlayStreets,1789799272.885,0.1041,0,0,0,0,0,0
CONT_s3_dynamic_RedBullPlayStreets,1789799272.989,0.1043,0,0,0,0,0,0
CONT_s3_dynamic_RedBullPlayStreets,1789799273.094,0.1041,0,0,0,0,0,0
CONT_s3_dynamic_RedBullPlayStreets,1789799273.198,0.1042,141,1,0,5796361.0,0,1
CONT_s3_dynamic_RedBullPlayStreets,1789799273.302,0.1042,0,0,0,0,0,0
CONT_s3_dynamic_RedBullPlayStreets,1789799273.406,0.1041,0,0,0,0,0,0
CONT_s3_dynamic_RedBullPlayStreets,1789799273.51,0.104,0,0,0,0,0,0
CONT_s3_dynamic_RedBullPlayStreets,1789799273.614,0.1041,0,0,0,0,0,0
CONT_s3_dynamic_RedBullPlayStreets,1789799273.718,0.104,0,0,0,0,0,0
CONT_s3_dynamic_RedBullPlayStreets,1789799273.822,0.104,0,0,0,0,0,0
CONT_s3_dynamic_RedBullPlayStreets,1789799273.927,0.1042,0,0,0,0,0,0
CONT_s3_dynamic_RedBullPlayStreets,1789799274.031,0.1041,0,0,0,0,0,0
CONT_s3_dynamic_RedBullPlayStreets,1789799274.135,0.104,0,0,0,0,0,0
CONT_s3_dynamic_RedBullPlayStreets,1789799274.239,0.104,0,0,0,0,0,0
CONT_s3_dynamic_RedBullPlayStreets,1789799274.343,0.104,0,0,0,0,0,0
CONT_s3_dynamic_RedBullPlayStreets,1789799274.449,0.1063,0,0,0,0,0,0
CONT_s3_dynamic_RedBullPlayStreets,1789799274.553,0.104,0,0,0,0,0,0
CONT_s3_dynamic_RedBullPlayStreets,1789799274.657,0.104,0,0,0,0,0,0
CONT_s3_dynamic_RedBullPlayStreets,1789799274.761,0.104,0,0,0,0,0,0
CONT_s3_dynamic_RedBullPlayStreets,1789799274.865,0.104,0,0,0,0,0,0
CONT_s3_dynamic_RedBullPlayStreets,1789799274.969,0.1041,0,0,0,0,0,0
CONT_s3_dynamic_RedBullPlayStreets,1789799275.073,0.1041,0,0,0,0,0,0
CONT_s3_dynamic_RedBullPlayStreets,1789799275.177,0.104,0,0,0,0,0,0
CONT_s3_dynamic_RedBullPlayStreets,1789799275.281,0.1041,141,1,0,5595598.0,0,1
CONT_s3_dynamic_RedBullPlayStreets,1789799275.385,0.1042,0,0,0,0,0,0
CONT_s3_dynamic_RedBullPlayStreets,1789799275.489,0.104,0,0,0,0,0,0
CONT_s3_dynamic_RedBullPlayStreets,1789799275.594,0.1043,0,0,0,0,0,0
CONT_s3_dynamic_RedBullPlayStreets,1789799275.698,0.1041,0,0,0,0,0,0
CONT_s3_dynamic_RedBullPlayStreets,1789799275.802,0.104,0,0,0,0,0,0
CONT_s3_dynamic_RedBullPlayStreets,1789799275.906,0.1042,0,0,0,0,0,0
CONT_s3_dynamic_RedBullPlayStreets,1789799276.01,0.104,0,0,0,0,0,0
CONT_s3_dynamic_RedBullPlayStreets,1789799276.114,0.1043,0,0,0,0,0,0
CONT_s3_dynamic_RedBullPlayStreets,1789799276.219,0.1041,0,0,0,0,0,0
CONT_s3_dynamic_RedBullPlayStreets,1789799276.322,0.104,0,0,0,0,0,0
CONT_s3_dynamic_RedBullPlayStreets,1789799276.427,0.104,0,0,0,0,0,0
CONT_s3_dynamic_RedBullPlayStreets,1789799276.531,0.104,0,0,0,0,0,0
CONT_s3_dynamic_RedBullPlayStreets,1789799276.635,0.1041,0,0,0,0,0,0
CONT_s3_dynamic_RedBullPlayStreets,1789799276.739,0.104,0,0,0,0,0,0
CONT_s3_dynamic_RedBullPlayStreets,1789799276.843,0.104,0,0,0,0,0,0
CONT_s3_dynamic_RedBullPlayStreets,1789799276.948,0.1055,0,0,0,0,0,0
CONT_s3_dynamic_RedBullPlayStreets,1789799277.052,0.104,0,0,0,0,0,0
CONT_s3_dynamic_RedBullPlayStreets,1789799277.156,0.104,0,0,0,0,0,0
CONT_s3_dynamic_RedBullPlayStreets,1789799277.26,0.1041,141,1,0,5304740.0,0,1
CONT_s3_dynamic_RedBullPlayStreets,1789799277.364,0.1041,0,0,0,0,0,0
CONT_s3_dynamic_RedBullPlayStreets,1789799277.468,0.1041,0,0,0,0,0,0
CONT_s3_dynamic_RedBullPlayStreets,1789799277.572,0.1041,0,0,0,0,0,0
CONT_s3_dynamic_RedBullPlayStreets,1789799277.676,0.104,0,0,0,0,0,0
