run_id,t_epoch,dt,delta_bytes,delta_packets,delta_reorder,jitter_ns,rtt_ns,active_flows
CONT_s1_l2a_TearsOfSteel,1789855015.929,0.1001,0,0,0,0,0,0
CONT_s1_l2a_TearsOfSteel,1789855016.03,0.1015,0,0,0,0,0,0
CONT_s1_l2a_TearsOfSteel,1789855016.132,0.1012,0,0,0,0,0,0
CONT_s1_l2a_TearsOfSteel,1789855016.233,0.1014,0,0,0,0,0,0
CONT_s1_l2a_TearsOfSteel,1789855016.335,0.1017,0,0,0,0,0,0
CONT_s1_l2a_TearsOfSteel,1789855016.437,0.1024,0,0,0,0,0,0
CONT_s1_l2a_TearsOfSteel,1789855016.539,0.1015,0,0,0,0,0,0
CONT_s1_l2a_TearsOfSteel,1789855016.64,0.1013,0,0,0,0,0,0
CONT_s1_l2a_TearsOfSteel,1789855016.741,0.1014,0,0,0,0,0,0
CONT_s1_l2a_TearsOfSteel,1789855016.843,0.1015,0,0,0,0,0,0
CONT_s1_l2a_TearsOfSteel,1789855016.945,0.1022,0,0,0,0,0,0
CONT_s1_l2a_TearsOfSteel,1789855017.047,0.1015,0,0,0,0,0,0
CONT_s1_l2a_TearsOfSteel,1789855017.148,0.1013,0,0,0,0,0,0
CONT_s1_l2a_TearsOfSteel,1789855017.249,0.1014,141,1,0,0.0,0,1
CONT_s1_l2a_TearsOfSteel,1789855017.351,0.1017,0,0,0,0,0,0
CONT_s1_l2a_TearsOfSteel,1789855017.453,0.1018,0,0,0,0,0,0
CONT_s1_l2a_TearsOfSteel,1789855017.554,0.1015,0,0,0,0,0,0
CONT_s1_l2a_TearsOfSteel,1789855017.656,0.1014,0,0,0,0,0,0
CONT_s1_l2a_TearsOfSteel,1789855017.757,0.1015,0,0,0,0,0,0
CONT_s1_l2a_TearsOfSteel,1789855017.859,0.1018,0,0,0,0,0,0
CONT_s1_l2a_TearsOfSteel,1789855017.961,0.1017,0,0,0,0,0,0
CONT_s1_l2a_TearsOfSteel,1789855018.062,0.1015,0,0,0,0,0,0
CONT_s1_l2a_TearsOfSteel,1789855018.164,0.1015,0,0,0,0,0,0
CONT_s1_l2a_TearsOfSteel,1789855018.265,0.1016,0,0,0,0,0,0
CONT_s1_l2a_TearsOfSteel,1789855018.367,0.1016,0,0,0,0,0,0
CONT_s1_l2a_TearsOfSteel,1789855018.468,0.1017,0,0,0,0,0,0
CONT_s1_l2a_TearsOfSteel,1789855018.57,0.1015,0,0,0,0,0,0
CONT_s1_l2a_TearsOfSteel,1789855018.671,0.1014,0,0,0,0,0,0
CONT_s1_l2a_TearsOfSteel,1789855018.773,0.1015,0,0,0,0,0,0
CONT_s1_l2a_TearsOfSteel,1789855018.874,0.1017,0,0,0,0,0,0
CONT_s1_l2a_TearsOfSteel,1789855018.976,0.1016,0,0,0,0,0,0
CONT_s1_l2a_TearsOfSteel,1789855019.078,0.1014,0,0,0,0,0,0
CONT_s1_l2a_TearsOfSteel,1789855019.179,0.1015,0,0,0,0,0,0
CONT_s1_l2a_TearsOfSteel,1789855019.281,0.1015,141,1,0,0.0,0,1
CONT_s1_l2a_TearsOfSteel,1789855019.382,0.1016,0,0,0,0,0,0
CONT_s1_l2a_TearsOfSteel,1789855019.484,0.1017,0,0,0,0,0,0
CONT_s1_l2a_TearsOfSteel,1789855019.585,0.1014,0,0,0,0,0,0
CONT_s1_l2a_TearsOfSteel,1789855019.687,0.1015,0,0,0,0,0,0
CONT_s1_l2a_TearsOfSteel,1789855019.788,0.1014,0,0,0,0,0,0
CONT_s1_l2a_TearsOfSteel,1789855019.89,0.1017,0,0,0,0,0,0
CONT_s1_l2a_TearsOfSteel,1789855019.991,0.1017,0,0,0,0,0,0
CONT_s1_l2a_TearsOfSteel,1789855020.093,0.1016,0,0,0,0,0,0
CONT_s1_l2a_TearsOfSteel,1789855020.194,0.1014,0,0,0,0,0,0
CONT_s1_l2a_TearsOfSteel,1789855020.296,0.1015,0,0,0,0,0,0
CONT_s1_l2a_TearsOfSteel,1789855020.398,0.1017,0,0,0,0,0,0
CONT_s1_l2a_TearsOfSteel,1789855020.499,0.1017,0,0,0,0,0,0
CONT_s1_l2a_TearsOfSteel,1789855020.601,0.1014,0,0,0,0,0,0
CONT_s1_l2a_TearsOfSteel,1789855020.702,0.1016,0,0,0,0,0,0
CONT_s1_l2a_TearsOfSteel,1789855020.804,0.1016,0,0,0,0,0,0
CONT_s1_l2a_TearsOfSteel,1789855020.906,0.1017,0,0,0,0,0,0
CONT_s1_l2a_TearsOfSteel,1789855021.007,0.1016,0,0,0,0,0,0
CONT_s1_l2a_TearsOfSteel,1789855021.109,0.1014,0,0,0,0,0,0
CONT_s1_l2a_TearsOfSteel,1789855021.21,0.1016,0,0,0,0,0,0
CONT_s1_l2a_TearsOfSteel,1789855021.312,0.1015,141,1,0,808695.0,0,1
CONT_s1_l2a_TearsOfSteel,1789855021.413,0.1017,0,0,0,0,0,0
CONT_s1_l2a_TearsOfSteel,1789855021.515,0.1018,0,0,0,0,0,0
CONT_s1_l2a_TearsOfSteel,1789855021.617,0.1015,0,0,0,0,0,0
CONT_s1_l2a_TearsOfSteel,1789855021.718,0.1015,0,0,0,0,0,0
CONT_s1_l2a_TearsOfSteel,1789855021.819,0.1015,0,0,0,0,0,0
CONT_s1_l2a_TearsOfSteel,1789855021.921,0.1016,0,0,0,0,0,0
CONT_s1_l2a_TearsOfSteel,1789855022.023,0.1016,0,0,0,0,0,0
CONT_s1_l2a_TearsOfSteel,1789855022.124,0.1014,0,0,0,0,0,0
CONT_s1_l2a_TearsOfSteel,1789855022.226,0.1015,0,0,0,0,0,0
CONT_s1_l2a_TearsOfSteel,1789855022.33,0.1039,0,0,0,0,0,0
CONT_s1_l2a_TearsOfSteel,1789855022.431,0.1017,0,0,0,0,0,0
CONT_s1_l2a_TearsOfSteel,1789855022.533,0.1016,0,0,0,0,0,0
CONT_s1_l2a_TearsOfSteel,1789855022.634,0.1014,0,0,0,0,0,0
CONT_s1_l2a_TearsOfSteel,1789855022.736,0.1015,0,0,0,0,0,0
CONT_s1_l2a_TearsOfSteel,1789855022.837,0.1017,0,0,0,0,0,0
CONT_s1_l2a_TearsOfSteel,1789855022.94,0.1028,0,0,0,0,0,0
CONT_s1_l2a_TearsOfSteel,1789855023.042,0.1016,0,0,0,0,0,0
CONT_s1_l2a_TearsOfSteel,1789855023.143,0.1015,0,0,0,0,0,0
CONT_s1_l2a_TearsOfSteel,1789855023.245,0.1014,141,1,0,1565020.0,0,1
CONT_s1_l2a_TearsOfSteel,1789855023.347,0.1017,0,0,0,0,0,0
CONT_s1_l2a_TearsOfSteel,1789855023.449,0.1022,0,0,0,0,0,0
CONT_s1_l2a_TearsOfSteel,1789855023.55,0.1016,0,0,0,0,0,0
CONT_s1_l2a_TearsOfSteel,1789855023.652,0.1015,0,0,0,0,0,0
CONT_s1_l2a_TearsOfSteel,1789855023.753,0.1014,0,0,0,0,0,0
CONT_s1_l2a_TearsOfSteel,1789855023.855,0.1017,0,0,0,0,0,0
CONT_s1_l2a_TearsOfSteel,1789855023.956,0.1016,0,0,0,0,0,0
CONT_s1_l2a_TearsOfSteel,1789855024.058,0.1014,0,0,0,0,0,0
CONT_s1_l2a_TearsOfSteel,1789855024.159,0.1014,0,0,0,0,0,0
CONT_s1_l2a_TearsOfSteel,1789855024.261,0.1014,0,0,0,0,0,0
CONT_s1_l2a_TearsOfSteel,1789855024.362,0.1017,0,0,0,0,0,0
CONT_s1_l2a_TearsOfSteel,1789855024.464,0.1016,0,0,0,0,0,0
CONT_s1_l2a_TearsOfSteel,1789855024.565,0.1014,0,0,0,0,0,0
CONT_s1_l2a_TearsOfSteel,1789855024.667,0.1015,0,0,0,0,0,0
CONT_s1_l2a_TearsOfSteel,1789855024.768,0.1015,0,0,0,0,0,0
CONT_s1_l2a_TearsOfSteel,1789855024.87,0.1016,0,0,0,0,0,0
CONT_s1_l2a_TearsOfSteel,1789855024.972,0.1016,0,0,0,0,0,0
CONT_s1_l2a_TearsOfSteel,1789855025.073,0.1014,0,0,0,0,0,0
CONT_s1_l2a_TearsOfSteel,1789855025.175,0.1014,0,0,0,0,0,0
CONT_s1_l2a_TearsOfSteel,1789855025.276,0.1016,141,1,0,2144135.0,0,1
CONT_s1_l2a_TearsOfSteel,1789855025.378,0.1016,0,0,0,0,0,0
CONT_s1_l2a_TearsOfSteel,1789855025.48,0.1017,0,0,0,0,0,0
CONT_s1_l2a_TearsOfSteel,1789855025.581,0.1015,0,0,0,0,0,0
CONT_s1_l2a_TearsOfSteel,1789855025.683,0.1016,0,0,0,0,0,0
CONT_s1_l2a_TearsOfSteel,1789855025.784,0.1015,0,0,0,0,0,0
CONT_s1_l2a_TearsOfSteel,1789855025.886,0.1017,0,0,0,0,0,0
CONT_s1_l2a_TearsOfSteel,1789855025.988,0.1017,0,0,0,0,0,0
CONT_s1_l2a_TearsOfSteel,1789855026.089,0.1019,0,0,0,0,0,0
CONT_s1_l2a_TearsOfSteel,1789855026.191,0.1016,0,0,0,0,0,0
CONT_s1_l2a_TearsOfSteel,1789855026.293,0.1015,0,0,0,0,0,0
CONT_s1_l2a_TearsOfSteel,1789855026.394,0.1018,0,0,0,0,0,0
CONT_s1_l2a_TearsOfSteel,1789855026.496,0.1017,0,0,0,0,0,0
CONT_s1_l2a_TearsOfSteel,1789855026.597,0.1014,0,0,0,0,0,0
CONT_s1_l2a_TearsOfSteel,1789855026.699,0.1016,0,0,0,0,0,0
CONT_s1_l2a_TearsOfSteel,1789855026.801,0.1015,0,0,0,0,0,0
CONT_s1_l2a_TearsOfSteel,1789855026.902,0.1016,0,0,0,0,0,0
CONT_s1_l2a_TearsOfSteel,1789855027.004,0.1017,0,0,0,0,0,0
CONT_s1_l2a_TearsOfSteel,1789855027.105,0.1014,0,0,0,0,0,0
CONT_s1_l2a_TearsOfSteel,1789855027.207,0.1015,0,0,0,0,0,0
CONT_s1_l2a_TearsOfSteel,1789855027.308,0.1014,141,1,0,2654534.0,0,1
CONT_s1_l2a_TearsOfSteel,1789855027.41,0.1017,0,0,0,0,0,0
CONT_s1_l2a_TearsOfSteel,1789855027.511,0.1017,0,0,0,0,0,0
CONT_s1_l2a_TearsOfSteel,1789855027.613,0.1014,0,0,0,0,0,0
CONT_s1_l2a_TearsOfSteel,1789855027.714,0.1015,0,0,0,0,0,0
CONT_s1_l2a_TearsOfSteel,1789855027.816,0.1014,0,0,0,0,0,0
CONT_s1_l2a_TearsOfSteel,1789855027.917,0.1017,0,0,0,0,0,0
CONT_s1_l2a_TearsOfSteel,1789855028.019,0.1017,0,0,0,0,0,0
CONT_s1_l2a_TearsOfSteel,1789855028.121,0.1015,0,0,0,0,0,0
CONT_s1_l2a_TearsOfSteel,1789855028.222,0.1015,0,0,0,0,0,0
CONT_s1_l2a_TearsOfSteel,1789855028.324,0.1015,0,0,0,0,0,0
CONT_s1_l2a_TearsOfSteel,1789855028.425,0.1016,0,0,0,0,0,0
CONT_s1_l2a_TearsOfSteel,1789855028.527,0.1017,0,0,0,0,0,0
CONT_s1_l2a_TearsOfSteel,1789855028.628,0.1014,0,0,0,0,0,0
CONT_s1_l2a_TearsOfSteel,1789855028.73,0.1016,0,0,0,0,0,0
CONT_s1_l2a_TearsOfSteel,1789855028.832,0.1019,0,0,0,0,0,0
CONT_s1_l2a_TearsOfSteel,1789855028.934,0.1019,0,0,0,0,0,0
CONT_s1_l2a_TearsOfSteel,1789855029.035,0.1017,0,0,0,0,0,0
CONT_s1_l2a_TearsOfSteel,1789855029.137,0.1014,0,0,0,0,0,0
CONT_s1_l2a_TearsOfSteel,1789855029.238,0.1015,0,0,0,0,0,0
CONT_s1_l2a_TearsOfSteel,1789855029.34,0.1017,141,1,0,3226082.0,0,1
CONT_s1_l2a_TearsOfSteel,1789855029.443,0.1028,0,0,0,0,0,0
CONT_s1_l2a_TearsOfSteel,1789855029.544,0.1016,0,0,0,0,0,0
CONT_s1_l2a_TearsOfSteel,1789855029.646,0.1015,0,0,0,0,0,0
CONT_s1_l2a_TearsOfSteel,1789855029.747,0.1015,0,0,0,0,0,0
CONT_s1_l2a_TearsOfSteel,1789855029.849,0.1017,0,0,0,0,0,0
CONT_s1_l2a_TearsOfSteel,1789855029.952,0.1029,0,0,0,0,0,0
CONT_s1_l2a_TearsOfSteel,1789855030.054,0.1015,0,0,0,0,0,0
CONT_s1_l2a_TearsOfSteel,1789855030.155,0.1015,0,0,0,0,0,0
CONT_s1_l2a_TearsOfSteel,1789855030.257,0.1016,0,0,0,0,0,0
CONT_s1_l2a_TearsOfSteel,1789855030.358,0.1016,0,0,0,0,0,0
CONT_s1_l2a_TearsOfSteel,1789855030.46,0.1017,0,0,0,0,0,0
CONT_s1_l2a_TearsOfSteel,1789855030.561,0.1016,0,0,0,0,0,0
CONT_s1_l2a_TearsOfSteel,1789855030.663,0.1015,0,0,0,0,0,0
CONT_s1_l2a_TearsOfSteel,1789855030.764,0.1015,0,0,0,0,0,0
CONT_s1_l2a_TearsOfSteel,1789855030.866,0.1017,0,0,0,0,0,0
CONT_s1_l2a_TearsOfSteel,1789855030.968,0.1017,0,0,0,0,0,0
CONT_s1_l2a_TearsOfSteel,1789855031.069,0.1014,0,0,0,0,0,0
CONT_s1_l2a_TearsOfSteel,1789855031.171,0.1015,0,0,0,0,0,0
CONT_s1_l2a_TearsOfSteel,1789855031.272,0.1015,141,1,0,3337437.0,0,1
CONT_s1_l2a_TearsOfSteel,1789855031.374,0.1017,0,0,0,0,0,0
CONT_s1_l2a_TearsOfSteel,1789855031.476,0.1017,0,0,0,0,0,0
CONT_s1_l2a_TearsOfSteel,1789855031.577,0.1014,0,0,0,0,0,0
CONT_s1_l2a_TearsOfSteel,1789855031.678,0.1015,0,0,0,0,0,0
CONT_s1_l2a_TearsOfSteel,1789855031.78,0.1014,0,0,0,0,0,0
CONT_s1_l2a_TearsOfSteel,1789855031.882,0.1016,0,0,0,0,0,0
CONT_s1_l2a_TearsOfSteel,1789855031.983,0.1016,0,0,0,0,0,0
CONT_s1_l2a_TearsOfSteel,1789855032.085,0.1014,0,0,0,0,0,0
CONT_s1_l2a_TearsOfSteel,1789855032.186,0.1015,0,0,0,0,0,0
CONT_s1_l2a_TearsOfSteel,1789855032.288,0.1015,0,0,0,0,0,0
CONT_s1_l2a_TearsOfSteel,1789855032.389,0.1016,0,0,0,0,0,0
CONT_s1_l2a_TearsOfSteel,1789855032.491,0.1017,0,0,0,0,0,0
CONT_s1_l2a_TearsOfSteel,1789855032.592,0.1014,0,0,0,0,0,0
CONT_s1_l2a_TearsOfSteel,1789855032.694,0.1015,0,0,0,0,0,0
CONT_s1_l2a_TearsOfSteel,1789855032.795,0.1015,0,0,0,0,0,0
CONT_s1_l2a_TearsOfSteel,1789855032.897,0.1016,0,0,0,0,0,0
CONT_s1_l2a_TearsOfSteel,1789855032.999,0.1016,0,0,0,0,0,0
CONT_s1_l2a_TearsOfSteel,1789855033.1,0.1014,0,0,0,0,0,0
CONT_s1_l2a_TearsOfSteel,1789855033.201,0.1015,0,0,0,0,0,0
CONT_s1_l2a_TearsOfSteel,1789855033.303,0.1015,141,1,0,3487850.0,0,1
CONT_s1_l2a_TearsOfSteel,1789855033.405,0.1017,0,0,0,0,0,0
CONT_s1_l2a_TearsOfSteel,1789855033.506,0.1017,0,0,0,0,0,0
CONT_s1_l2a_TearsOfSteel,1789855033.608,0.1015,0,0,0,0,0,0
CONT_s1_l2a_TearsOfSteel,1789855033.709,0.1016,0,0,0,0,0,0
CONT_s1_l2a_TearsOfSteel,1789855033.811,0.1016,0,0,0,0,0,0
CONT_s1_l2a_TearsOfSteel,1789855033.913,0.1017,0,0,0,0,0,0
CONT_s1_l2a_TearsOfSteel,1789855034.015,0.1018,0,0,0,0,0,0
CONT_s1_l2a_TearsOfSteel,1789855034.116,0.1015,0,0,0,0,0,0
CONT_s1_l2a_TearsOfSteel,1789855034.218,0.1015,0,0,0,0,0,0
CONT_s1_l2a_TearsOfSteel,1789855034.319,0.1015,0,0,0,0,0,0
CONT_s1_l2a_TearsOfSteel,1789855034.421,0.1017,0,0,0,0,0,0
CONT_s1_l2a_TearsOfSteel,1789855034.522,0.1017,0,0,0,0,0,0
CONT_s1_l2a_TearsOfSteel,1789855034.624,0.1014,0,0,0,0,0,0
CONT_s1_l2a_TearsOfSteel,1789855034.725,0.1015,0,0,0,0,0,0
CONT_s1_l2a_TearsOfSteel,1789855034.827,0.102,0,0,0,0,0,0
CONT_s1_l2a_TearsOfSteel,1789855034.929,0.1017,0,0,0,0,0,0
CONT_s1_l2a_TearsOfSteel,1789855035.031,0.1016,0,0,0,0,0,0
CONT_s1_l2a_TearsOfSteel,1789855035.132,0.1014,0,0,0,0,0,0
CONT_s1_l2a_TearsOfSteel,1789855035.234,0.1015,0,0,0,0,0,0
CONT_s1_l2a_TearsOfSteel,1789855035.335,0.1017,141,1,0,3327100.0,0,1
CONT_s1_l2a_TearsOfSteel,1789855035.438,0.1027,0,0,0,0,0,0
CONT_s1_l2a_TearsOfSteel,1789855035.54,0.1017,0,0,0,0,0,0
CONT_s1_l2a_TearsOfSteel,1789855035.641,0.1017,0,0,0,0,0,0
CONT_s1_l2a_TearsOfSteel,1789855035.743,0.1015,0,0,0,0,0,0
CONT_s1_l2a_TearsOfSteel,1789855035.845,0.1017,0,0,0,0,0,0
CONT_s1_l2a_TearsOfSteel,1789855035.947,0.1023,0,0,0,0,0,0
CONT_s1_l2a_TearsOfSteel,1789855036.048,0.1015,0,0,0,0,0,0
CONT_s1_l2a_TearsOfSteel,1789855036.15,0.1014,0,0,0,0,0,0
CONT_s1_l2a_TearsOfSteel,1789855036.252,0.1018,0,0,0,0,0,0
CONT_s1_l2a_TearsOfSteel,1789855036.353,0.1016,0,0,0,0,0,0
CONT_s1_l2a_TearsOfSteel,1789855036.455,0.1016,0,0,0,0,0,0
CONT_s1_l2a_TearsOfSteel,1789855036.556,0.1014,0,0,0,0,0,0
CONT_s1_l2a_TearsOfSteel,1789855036.658,0.1014,0,0,0,0,0,0
CONT_s1_l2a_TearsOfSteel,1789855036.759,0.1015,0,0,0,0,0,0
CONT_s1_l2a_TearsOfSteel,1789855036.861,0.1016,0,0,0,0,0,0
CONT_s1_l2a_TearsOfSteel,1789855036.962,0.1016,0,0,0,0,0,0
CONT_s1_l2a_TearsOfSteel,1789855037.064,0.1014,0,0,0,0,0,0
CONT_s1_l2a_TearsOfSteel,1789855037.165,0.1014,0,0,0,0,0,0
CONT_s1_l2a_TearsOfSteel,1789855037.267,0.1015,141,1,0,3215645.0,0,1
CONT_s1_l2a_TearsOfSteel,1789855037.368,0.1016,0,0,0,0,0,0
CONT_s1_l2a_TearsOfSteel,1789855037.47,0.1016,0,0,0,0,0,0
CONT_s1_l2a_TearsOfSteel,1789855037.571,0.1014,0,0,0,0,0,0
CONT_s1_l2a_TearsOfSteel,1789855037.673,0.1014,0,0,0,0,0,0
CONT_s1_l2a_TearsOfSteel,1789855037.774,0.1014,0,0,0,0,0,0
CONT_s1_l2a_TearsOfSteel,1789855037.876,0.1017,0,0,0,0,0,0
CONT_s1_l2a_TearsOfSteel,1789855037.977,0.1016,0,0,0,0,0,0
CONT_s1_l2a_TearsOfSteel,1789855038.079,0.1014,0,0,0,0,0,0
CONT_s1_l2a_TearsOfSteel,1789855038.18,0.1014,0,0,0,0,0,0
CONT_s1_l2a_TearsOfSteel,1789855038.282,0.1014,0,0,0,0,0,0
CONT_s1_l2a_TearsOfSteel,1789855038.383,0.1016,0,0,0,0,0,0
CONT_s1_l2a_TearsOfSteel,1789855038.485,0.1016,0,0,0,0,0,0
CONT_s1_l2a_TearsOfSteel,1789855038.586,0.1014,0,0,0,0,0,0
CONT_s1_l2a_TearsOfSteel,1789855038.688,0.1014,0,0,0,0,0,0
CONT_s1_l2a_TearsOfSteel,1789855038.789,0.1014,0,0,0,0,0,0
CONT_s1_l2a_TearsOfSteel,1789855038.891,0.1017,0,0,0,0,0,0
CONT_s1_l2a_TearsOfSteel,1789855038.992,0.1016,0,0,0,0,0,0
CONT_s1_l2a_TearsOfSteel,1789855039.094,0.1014,0,0,0,0,0,0
CONT_s1_l2a_TearsOfSteel,1789855039.195,0.1014,0,0,0,0,0,0
CONT_s1_l2a_TearsOfSteel,1789855039.297,0.1015,141,1,0,3077177.0,0,1
CONT_s1_l2a_TearsOfSteel,1789855039.398,0.1017,0,0,0,0,0,0
CONT_s1_l2a_TearsOfSteel,1789855039.5,0.1016,0,0,0,0,0,0
CONT_s1_l2a_TearsOfSteel,1789855039.601,0.1014,0,0,0,0,0,0
CONT_s1_l2a_TearsOfSteel,1789855039.703,0.1014,0,0,0,0,0,0
CONT_s1_l2a_TearsOfSteel,1789855039.804,0.1014,0,0,0,0,0,0
CONT_s1_l2a_TearsOfSteel,1789855039.906,0.1016,0,0,0,0,0,0
CONT_s1_l2a_TearsOfSteel,1789855040.007,0.1016,0,0,0,0,0,0
CONT_s1_l2a_TearsOfSteel,1789855040.109,0.1014,0,0,0,0,0,0
CONT_s1_l2a_TearsOfSteel,1789855040.21,0.1014,0,0,0,0,0,0
CONT_s1_l2a_TearsOfSteel,1789855040.312,0.1015,0,0,0,0,0,0
CONT_s1_l2a_TearsOfSteel,1789855040.413,0.1016,0,0,0,0,0,0
CONT_s1_l2a_TearsOfSteel,1789855040.515,0.1016,0,0,0,0,0,0
CONT_s1_l2a_TearsOfSteel,1789855040.616,0.1014,0,0,0,0,0,0
CONT_s1_l2a_TearsOfSteel,1789855040.718,0.1015,0,0,0,0,0,0
CONT_s1_l2a_TearsOfSteel,1789855040.819,0.1015,0,0,0,0,0,0
CONT_s1_l2a_TearsOfSteel,1789855040.921,0.1016,0,0,0,0,0,0
CONT_s1_l2a_TearsOfSteel,1789855041.023,0.1021,0,0,0,0,0,0
CONT_s1_l2a_TearsOfSteel,1789855041.125,0.1016,0,0,0,0,0,0
CONT_s1_l2a_TearsOfSteel,1789855041.226,0.1014,0,0,0,0,0,0
CONT_s1_l2a_TearsOfSteel,1789855041.328,0.102,141,1,0,3350724.0,0,1
CONT_s1_l2a_TearsOfSteel,1789855041.43,0.1018,0,0,0,0,0,0
CONT_s1_l2a_TearsOfSteel,1789855041.531,0.1016,0,0,0,0,0,0
CONT_s1_l2a_TearsOfSteel,1789855041.633,0.1014,0,0,0,0,0,0
CONT_s1_l2a_TearsOfSteel,1789855041.734,0.1015,0,0,0,0,0,0
CONT_s1_l2a_TearsOfSteel,1789855041.836,0.1018,0,0,0,0,0,0
CONT_s1_l2a_TearsOfSteel,1789855041.94,0.1037,0,0,0,0,0,0
CONT_s1_l2a_TearsOfSteel,1789855042.041,0.1016,0,0,0,0,0,0
CONT_s1_l2a_TearsOfSteel,1789855042.143,0.1014,0,0,0,0,0,0
CONT_s1_l2a_TearsOfSteel,1789855042.244,0.1015,0,0,0,0,0,0
CONT_s1_l2a_TearsOfSteel,1789855042.346,0.1017,0,0,0,0,0,0
CONT_s1_l2a_TearsOfSteel,1789855042.449,0.1028,0,0,0,0,0,0
CONT_s1_l2a_TearsOfSteel,1789855042.55,0.1014,0,0,0,0,0,0
CONT_s1_l2a_TearsOfSteel,1789855042.652,0.1014,0,0,0,0,0,0
CONT_s1_l2a_TearsOfSteel,1789855042.753,0.1016,0,0,0,0,0,0
CONT_s1_l2a_TearsOfSteel,1789855042.855,0.1016,0,0,0,0,0,0
CONT_s1_l2a_TearsOfSteel,1789855042.956,0.1016,0,0,0,0,0,0
CONT_s1_l2a_TearsOfSteel,1789855043.058,0.1014,0,0,0,0,0,0
CONT_s1_l2a_TearsOfSteel,1789855043.159,0.1015,0,0,0,0,0,0
CONT_s1_l2a_TearsOfSteel,1789855043.261,0.1016,0,0,0,0,0,0
CONT_s1_l2a_TearsOfSteel,1789855043.363,0.1017,141,1,0,3215843.0,0,1
CONT_s1_l2a_TearsOfSteel,1789855043.464,0.1016,0,0,0,0,0,0
CONT_s1_l2a_TearsOfSteel,1789855043.566,0.1016,0,0,0,0,0,0
CONT_s1_l2a_TearsOfSteel,1789855043.667,0.1015,0,0,0,0,0,0
CONT_s1_l2a_TearsOfSteel,1789855043.769,0.1015,0,0,0,0,0,0
CONT_s1_l2a_TearsOfSteel,1789855043.87,0.1017,0,0,0,0,0,0
CONT_s1_l2a_TearsOfSteel,1789855043.972,0.1016,0,0,0,0,0,0
CONT_s1_l2a_TearsOfSteel,1789855044.074,0.1015,0,0,0,0,0,0
CONT_s1_l2a_TearsOfSteel,1789855044.175,0.1015,0,0,0,0,0,0
CONT_s1_l2a_TearsOfSteel,1789855044.277,0.1015,0,0,0,0,0,0
CONT_s1_l2a_TearsOfSteel,1789855044.378,0.1017,0,0,0,0,0,0
CONT_s1_l2a_TearsOfSteel,1789855044.48,0.1016,0,0,0,0,0,0
CONT_s1_l2a_TearsOfSteel,1789855044.581,0.1014,0,0,0,0,0,0
CONT_s1_l2a_TearsOfSteel,1789855044.683,0.1015,0,0,0,0,0,0
CONT_s1_l2a_TearsOfSteel,1789855044.784,0.1015,0,0,0,0,0,0
CONT_s1_l2a_TearsOfSteel,1789855044.886,0.1017,0,0,0,0,0,0
CONT_s1_l2a_TearsOfSteel,1789855044.988,0.1016,0,0,0,0,0,0
CONT_s1_l2a_TearsOfSteel,1789855045.089,0.1014,0,0,0,0,0,0
CONT_s1_l2a_TearsOfSteel,1789855045.19,0.1014,0,0,0,0,0,0
CONT_s1_l2a_TearsOfSteel,1789855045.292,0.1015,141,1,0,3283841.0,0,1
CONT_s1_l2a_TearsOfSteel,1789855045.394,0.1016,0,0,0,0,0,0
CONT_s1_l2a_TearsOfSteel,1789855045.495,0.1016,0,0,0,0,0,0
CONT_s1_l2a_TearsOfSteel,1789855045.597,0.1015,0,0,0,0,0,0
CONT_s1_l2a_TearsOfSteel,1789855045.698,0.1015,0,0,0,0,0,0
CONT_s1_l2a_TearsOfSteel,1789855045.8,0.1015,0,0,0,0,0,0
CONT_s1_l2a_TearsOfSteel,1789855045.901,0.1016,0,0,0,0,0,0
CONT_s1_l2a_TearsOfSteel,1789855046.003,0.1016,0,0,0,0,0,0
CONT_s1_l2a_TearsOfSteel,1789855046.104,0.1015,0,0,0,0,0,0
CONT_s1_l2a_TearsOfSteel,1789855046.206,0.1016,0,0,0,0,0,0
CONT_s1_l2a_TearsOfSteel,1789855046.308,0.1016,0,0,0,0,0,0
CONT_s1_l2a_TearsOfSteel,1789855046.41,0.1019,0,0,0,0,0,0
CONT_s1_l2a_TearsOfSteel,1789855046.511,0.1017,0,0,0,0,0,0
CONT_s1_l2a_TearsOfSteel,1789855046.613,0.1015,0,0,0,0,0,0
CONT_s1_l2a_TearsOfSteel,1789855046.714,0.1016,0,0,0,0,0,0
CONT_s1_l2a_TearsOfSteel,1789855046.817,0.1026,0,0,0,0,0,0
CONT_s1_l2a_TearsOfSteel,1789855046.919,0.1017,0,0,0,0,0,0
CONT_s1_l2a_TearsOfSteel,1789855047.02,0.1017,0,0,0,0,0,0
CONT_s1_l2a_TearsOfSteel,1789855047.122,0.1016,0,0,0,0,0,0
CONT_s1_l2a_TearsOfSteel,1789855047.223,0.1016,0,0,0,0,0,0
CONT_s1_l2a_TearsOfSteel,1789855047.325,0.1015,141,1,0,3725127.0,0,1
CONT_s1_l2a_TearsOfSteel,1789855047.427,0.1018,0,0,0,0,0,0
CONT_s1_l2a_TearsOfSteel,1789855047.529,0.1017,0,0,0,0,0,0
CONT_s1_l2a_TearsOfSteel,1789855047.63,0.1015,0,0,0,0,0,0
CONT_s1_l2a_TearsOfSteel,1789855047.732,0.1016,0,0,0,0,0,0
CONT_s1_l2a_TearsOfSteel,1789855047.833,0.1019,0,0,0,0,0,0
CONT_s1_l2a_TearsOfSteel,1789855047.937,0.1033,0,0,0,0,0,0
CONT_s1_l2a_TearsOfSteel,1789855048.039,0.1017,0,0,0,0,0,0
CONT_s1_l2a_TearsOfSteel,1789855048.14,0.1015,0,0,0,0,0,0
CONT_s1_l2a_TearsOfSteel,1789855048.242,0.1015,0,0,0,0,0,0
CONT_s1_l2a_TearsOfSteel,1789855048.343,0.1017,0,0,0,0,0,0
CONT_s1_l2a_TearsOfSteel,1789855048.446,0.1027,0,0,0,0,0,0
CONT_s1_l2a_TearsOfSteel,1789855048.548,0.1015,0,0,0,0,0,0
CONT_s1_l2a_TearsOfSteel,1789855048.649,0.1015,0,0,0,0,0,0
CONT_s1_l2a_TearsOfSteel,1789855048.75,0.1015,0,0,0,0,0,0
CONT_s1_l2a_TearsOfSteel,1789855048.852,0.1017,0,0,0,0,0,0
CONT_s1_l2a_TearsOfSteel,1789855048.954,0.1018,0,0,0,0,0,0
CONT_s1_l2a_TearsOfSteel,1789855049.055,0.1015,0,0,0,0,0,0
CONT_s1_l2a_TearsOfSteel,1789855049.157,0.1015,0,0,0,0,0,0
CONT_s1_l2a_TearsOfSteel,1789855049.258,0.1015,0,0,0,0,0,0
CONT_s1_l2a_TearsOfSteel,1789855049.36,0.1016,141,1,0,4022096.0,0,1
CONT_s1_l2a_TearsOfSteel,1789855049.462,0.1017,0,0,0,0,0,0
CONT_s1_l2a_TearsOfSteel,1789855049.563,0.1015,0,0,0,0,0,0
CONT_s1_l2a_TearsOfSteel,1789855049.665,0.1014,0,0,0,0,0,0
CONT_s1_l2a_TearsOfSteel,1789855049.766,0.1015,0,0,0,0,0,0
CONT_s1_l2a_TearsOfSteel,1789855049.868,0.1017,0,0,0,0,0,0
CONT_s1_l2a_TearsOfSteel,1789855049.969,0.1016,0,0,0,0,0,0
CONT_s1_l2a_TearsOfSteel,1789855050.071,0.1014,0,0,0,0,0,0
CONT_s1_l2a_TearsOfSteel,1789855050.172,0.1014,0,0,0,0,0,0
CONT_s1_l2a_TearsOfSteel,1789855050.274,0.1017,0,0,0,0,0,0
CONT_s1_l2a_TearsOfSteel,1789855050.376,0.1017,0,0,0,0,0,0
CONT_s1_l2a_TearsOfSteel,1789855050.477,0.1016,0,0,0,0,0,0
CONT_s1_l2a_TearsOfSteel,1789855050.579,0.1014,0,0,0,0,0,0
CONT_s1_l2a_TearsOfSteel,1789855050.68,0.1014,0,0,0,0,0,0
CONT_s1_l2a_TearsOfSteel,1789855050.782,0.1015,0,0,0,0,0,0
CONT_s1_l2a_TearsOfSteel,1789855050.883,0.1017,0,0,0,0,0,0
CONT_s1_l2a_TearsOfSteel,1789855050.985,0.1017,0,0,0,0,0,0
CONT_s1_l2a_TearsOfSteel,1789855051.086,0.1014,0,0,0,0,0,0
CONT_s1_l2a_TearsOfSteel,1789855051.188,0.1014,0,0,0,0,0,0
CONT_s1_l2a_TearsOfSteel,1789855051.289,0.1015,0,0,0,0,0,0
CONT_s1_l2a_TearsOfSteel,1789855051.391,0.1017,141,1,0,4052396.0,0,1
CONT_s1_l2a_TearsOfSteel,1789855051.493,0.1017,0,0,0,0,0,0
CONT_s1_l2a_TearsOfSteel,1789855051.594,0.1016,0,0,0,0,0,0
CONT_s1_l2a_TearsOfSteel,1789855051.696,0.1014,0,0,0,0,0,0
CONT_s1_l2a_TearsOfSteel,1789855051.797,0.1015,0,0,0,0,0,0
CONT_s1_l2a_TearsOfSteel,1789855051.899,0.1017,0,0,0,0,0,0
CONT_s1_l2a_TearsOfSteel,1789855052.0,0.1017,0,0,0,0,0,0
CONT_s1_l2a_TearsOfSteel,1789855052.102,0.1014,0,0,0,0,0,0
CONT_s1_l2a_TearsOfSteel,1789855052.203,0.1014,0,0,0,0,0,0
CONT_s1_l2a_TearsOfSteel,1789855052.305,0.1015,0,0,0,0,0,0
CONT_s1_l2a_TearsOfSteel,1789855052.407,0.1017,0,0,0,0,0,0
CONT_s1_l2a_TearsOfSteel,1789855052.508,0.1016,0,0,0,0,0,0
CONT_s1_l2a_TearsOfSteel,1789855052.61,0.1014,0,0,0,0,0,0
CONT_s1_l2a_TearsOfSteel,1789855052.711,0.1014,0,0,0,0,0,0
CONT_s1_l2a_TearsOfSteel,1789855052.813,0.1015,0,0,0,0,0,0
CONT_s1_l2a_TearsOfSteel,1789855052.914,0.1017,0,0,0,0,0,0
CONT_s1_l2a_TearsOfSteel,1789855053.016,0.1016,0,0,0,0,0,0
CONT_s1_l2a_TearsOfSteel,1789855053.117,0.1014,0,0,0,0,0,0
CONT_s1_l2a_TearsOfSteel,1789855053.219,0.1016,0,0,0,0,0,0
CONT_s1_l2a_TearsOfSteel,1789855053.32,0.1016,0,0,0,0,0,0
CONT_s1_l2a_TearsOfSteel,1789855053.422,0.1017,141,1,0,4007852.0,0,1
CONT_s1_l2a_TearsOfSteel,1789855053.524,0.1017,0,0,0,0,0,0
CONT_s1_l2a_TearsOfSteel,1789855053.625,0.1014,0,0,0,0,0,0
CONT_s1_l2a_TearsOfSteel,1789855053.727,0.1015,0,0,0,0,0,0
CONT_s1_l2a_TearsOfSteel,1789855053.831,0.1044,0,0,0,0,0,0
CONT_s1_l2a_TearsOfSteel,1789855053.933,0.1016,0,0,0,0,0,0
CONT_s1_l2a_TearsOfSteel,1789855054.034,0.1017,0,0,0,0,0,0
CONT_s1_l2a_TearsOfSteel,1789855054.136,0.1014,0,0,0,0,0,0
CONT_s1_l2a_TearsOfSteel,1789855054.237,0.1015,0,0,0,0,0,0
CONT_s1_l2a_TearsOfSteel,1789855054.339,0.1017,0,0,0,0,0,0
CONT_s1_l2a_TearsOfSteel,1789855054.442,0.1027,0,0,0,0,0,0
CONT_s1_l2a_TearsOfSteel,1789855054.543,0.1017,0,0,0,0,0,0
CONT_s1_l2a_TearsOfSteel,1789855054.645,0.1015,0,0,0,0,0,0
CONT_s1_l2a_TearsOfSteel,1789855054.746,0.1016,0,0,0,0,0,0
CONT_s1_l2a_TearsOfSteel,1789855054.848,0.1017,0,0,0,0,0,0
CONT_s1_l2a_TearsOfSteel,1789855054.951,0.1028,0,0,0,0,0,0
CONT_s1_l2a_TearsOfSteel,1789855055.052,0.1015,0,0,0,0,0,0
CONT_s1_l2a_TearsOfSteel,1789855055.154,0.1014,0,0,0,0,0,0
CONT_s1_l2a_TearsOfSteel,1789855055.255,0.1015,0,0,0,0,0,0
CONT_s1_l2a_TearsOfSteel,1789855055.357,0.1016,141,1,0,3908445.0,0,1
CONT_s1_l2a_TearsOfSteel,1789855055.459,0.1017,0,0,0,0,0,0
CONT_s1_l2a_TearsOfSteel,1789855055.56,0.1014,0,0,0,0,0,0
CONT_s1_l2a_TearsOfSteel,1789855055.661,0.1014,0,0,0,0,0,0
CONT_s1_l2a_TearsOfSteel,1789855055.763,0.1015,0,0,0,0,0,0
CONT_s1_l2a_TearsOfSteel,1789855055.865,0.1017,0,0,0,0,0,0
CONT_s1_l2a_TearsOfSteel,1789855055.966,0.1017,0,0,0,0,0,0
CONT_s1_l2a_TearsOfSteel,1789855056.068,0.1015,0,0,0,0,0,0
CONT_s1_l2a_TearsOfSteel,1789855056.169,0.1014,0,0,0,0,0,0
CONT_s1_l2a_TearsOfSteel,1789855056.271,0.1015,0,0,0,0,0,0
CONT_s1_l2a_TearsOfSteel,1789855056.372,0.1016,0,0,0,0,0,0
CONT_s1_l2a_TearsOfSteel,1789855056.474,0.1017,0,0,0,0,0,0
CONT_s1_l2a_TearsOfSteel,1789855056.576,0.1018,0,0,0,0,0,0
CONT_s1_l2a_TearsOfSteel,1789855056.677,0.1015,0,0,0,0,0,0
CONT_s1_l2a_TearsOfSteel,1789855056.779,0.1016,0,0,0,0,0,0
CONT_s1_l2a_TearsOfSteel,1789855056.881,0.1016,0,0,0,0,0,0
CONT_s1_l2a_TearsOfSteel,1789855056.982,0.1017,0,0,0,0,0,0
CONT_s1_l2a_TearsOfSteel,1789855057.084,0.1014,0,0,0,0,0,0
CONT_s1_l2a_TearsOfSteel,1789855057.185,0.1015,0,0,0,0,0,0
CONT_s1_l2a_TearsOfSteel,1789855057.287,0.1015,0,0,0,0,0,0
CONT_s1_l2a_TearsOfSteel,1789855057.388,0.1017,141,1,0,3664750.0,0,1
CONT_s1_l2a_TearsOfSteel,1789855057.49,0.1017,0,0,0,0,0,0
CONT_s1_l2a_TearsOfSteel,1789855057.592,0.1014,0,0,0,0,0,0
CONT_s1_l2a_TearsOfSteel,1789855057.693,0.1015,0,0,0,0,0,0
CONT_s1_l2a_TearsOfSteel,1789855057.795,0.1015,0,0,0,0,0,0
CONT_s1_l2a_TearsOfSteel,1789855057.896,0.1017,0,0,0,0,0,0
CONT_s1_l2a_TearsOfSteel,1789855057.998,0.1017,0,0,0,0,0,0
CONT_s1_l2a_TearsOfSteel,1789855058.099,0.1014,0,0,0,0,0,0
CONT_s1_l2a_TearsOfSteel,1789855058.201,0.1015,0,0,0,0,0,0
CONT_s1_l2a_TearsOfSteel,1789855058.302,0.1015,0,0,0,0,0,0
CONT_s1_l2a_TearsOfSteel,1789855058.404,0.1016,0,0,0,0,0,0
CONT_s1_l2a_TearsOfSteel,1789855058.506,0.1017,0,0,0,0,0,0
CONT_s1_l2a_TearsOfSteel,1789855058.607,0.1015,0,0,0,0,0,0
CONT_s1_l2a_TearsOfSteel,1789855058.709,0.1015,0,0,0,0,0,0
CONT_s1_l2a_TearsOfSteel,1789855058.81,0.1015,0,0,0,0,0,0
CONT_s1_l2a_TearsOfSteel,1789855058.912,0.1017,0,0,0,0,0,0
CONT_s1_l2a_TearsOfSteel,1789855059.013,0.1017,0,0,0,0,0,0
CONT_s1_l2a_TearsOfSteel,1789855059.115,0.1015,0,0,0,0,0,0
CONT_s1_l2a_TearsOfSteel,1789855059.216,0.1015,0,0,0,0,0,0
CONT_s1_l2a_TearsOfSteel,1789855059.318,0.1015,0,0,0,0,0,0
CONT_s1_l2a_TearsOfSteel,1789855059.42,0.1017,141,1,0,3565668.0,0,1
CONT_s1_l2a_TearsOfSteel,1789855059.521,0.1017,0,0,0,0,0,0
CONT_s1_l2a_TearsOfSteel,1789855059.623,0.1016,0,0,0,0,0,0
CONT_s1_l2a_TearsOfSteel,1789855059.725,0.1016,0,0,0,0,0,0
CONT_s1_l2a_TearsOfSteel,1789855059.826,0.1016,0,0,0,0,0,0
CONT_s1_l2a_TearsOfSteel,1789855059.928,0.1018,0,0,0,0,0,0
CONT_s1_l2a_TearsOfSteel,1789855060.03,0.1016,0,0,0,0,0,0
CONT_s1_l2a_TearsOfSteel,1789855060.131,0.1015,0,0,0,0,0,0
CONT_s1_l2a_TearsOfSteel,1789855060.233,0.1015,0,0,0,0,0,0
CONT_s1_l2a_TearsOfSteel,1789855060.334,0.1018,0,0,0,0,0,0
CONT_s1_l2a_TearsOfSteel,1789855060.436,0.1017,0,0,0,0,0,0
CONT_s1_l2a_TearsOfSteel,1789855060.538,0.1016,0,0,0,0,0,0
CONT_s1_l2a_TearsOfSteel,1789855060.639,0.1014,0,0,0,0,0,0
CONT_s1_l2a_TearsOfSteel,1789855060.741,0.1015,0,0,0,0,0,0
CONT_s1_l2a_TearsOfSteel,1789855060.842,0.1017,0,0,0,0,0,0
CONT_s1_l2a_TearsOfSteel,1789855060.945,0.1025,0,0,0,0,0,0
CONT_s1_l2a_TearsOfSteel,1789855061.046,0.1016,0,0,0,0,0,0
CONT_s1_l2a_TearsOfSteel,1789855061.148,0.1015,0,0,0,0,0,0
CONT_s1_l2a_TearsOfSteel,1789855061.249,0.1015,0,0,0,0,0,0
CONT_s1_l2a_TearsOfSteel,1789855061.351,0.1017,141,1,0,3587887.0,0,1
CONT_s1_l2a_TearsOfSteel,1789855061.453,0.1023,0,0,0,0,0,0
CONT_s1_l2a_TearsOfSteel,1789855061.555,0.1015,0,0,0,0,0,0
CONT_s1_l2a_TearsOfSteel,1789855061.656,0.1014,0,0,0,0,0,0
CONT_s1_l2a_TearsOfSteel,1789855061.758,0.1015,0,0,0,0,0,0
CONT_s1_l2a_TearsOfSteel,1789855061.859,0.1017,0,0,0,0,0,0
CONT_s1_l2a_TearsOfSteel,1789855061.961,0.1017,0,0,0,0,0,0
CONT_s1_l2a_TearsOfSteel,1789855062.063,0.1016,0,0,0,0,0,0
CONT_s1_l2a_TearsOfSteel,1789855062.164,0.1015,0,0,0,0,0,0
CONT_s1_l2a_TearsOfSteel,1789855062.266,0.1015,0,0,0,0,0,0
CONT_s1_l2a_TearsOfSteel,1789855062.367,0.1016,0,0,0,0,0,0
CONT_s1_l2a_TearsOfSteel,1789855062.469,0.1016,0,0,0,0,0,0
CONT_s1_l2a_TearsOfSteel,1789855062.57,0.1015,0,0,0,0,0,0
CONT_s1_l2a_TearsOfSteel,1789855062.672,0.1014,0,0,0,0,0,0
CONT_s1_l2a_TearsOfSteel,1789855062.773,0.1015,0,0,0,0,0,0
CONT_s1_l2a_TearsOfSteel,1789855062.875,0.1017,0,0,0,0,0,0
CONT_s1_l2a_TearsOfSteel,1789855062.977,0.1016,0,0,0,0,0,0
CONT_s1_l2a_TearsOfSteel,1789855063.078,0.1014,0,0,0,0,0,0
CONT_s1_l2a_TearsOfSteel,1789855063.179,0.1015,0,0,0,0,0,0
CONT_s1_l2a_TearsOfSteel,1789855063.281,0.1015,0,0,0,0,0,0
CONT_s1_l2a_TearsOfSteel,1789855063.383,0.1017,141,1,0,3790757.0,0,1
CONT_s1_l2a_TearsOfSteel,1789855063.484,0.1017,0,0,0,0,0,0
CONT_s1_l2a_TearsOfSteel,1789855063.586,0.1016,0,0,0,0,0,0
CONT_s1_l2a_TearsOfSteel,1789855063.688,0.1016,0,0,0,0,0,0
CONT_s1_l2a_TearsOfSteel,1789855063.789,0.1018,0,0,0,0,0,0
CONT_s1_l2a_TearsOfSteel,1789855063.891,0.1021,0,0,0,0,0,0
CONT_s1_l2a_TearsOfSteel,1789855063.993,0.1017,0,0,0,0,0,0
CONT_s1_l2a_TearsOfSteel,1789855064.095,0.1017,0,0,0,0,0,0
CONT_s1_l2a_TearsOfSteel,1789855064.196,0.1015,0,0,0,0,0,0
CONT_s1_l2a_TearsOfSteel,1789855064.298,0.1015,0,0,0,0,0,0
CONT_s1_l2a_TearsOfSteel,1789855064.4,0.1017,0,0,0,0,0,0
CONT_s1_l2a_TearsOfSteel,1789855064.501,0.1016,0,0,0,0,0,0
CONT_s1_l2a_TearsOfSteel,1789855064.603,0.1016,0,0,0,0,0,0
CONT_s1_l2a_TearsOfSteel,1789855064.704,0.1016,0,0,0,0,0,0
CONT_s1_l2a_TearsOfSteel,1789855064.806,0.1015,0,0,0,0,0,0
CONT_s1_l2a_TearsOfSteel,1789855064.908,0.1017,0,0,0,0,0,0
CONT_s1_l2a_TearsOfSteel,1789855065.009,0.1017,60,1,0,0.0,0,1
CONT_s1_l2a_TearsOfSteel,1789855065.111,0.1015,15694,35,0,863167.5,0,4
CONT_s1_l2a_TearsOfSteel,1789855065.213,0.1018,9568,16,0,928107.7,0,2
CONT_s1_l2a_TearsOfSteel,1789855065.315,0.102,199604,157,0,1249836.8,0,3
CONT_s1_l2a_TearsOfSteel,1789855065.417,0.1022,68309,55,0,2279525.8,0,3
CONT_s1_l2a_TearsOfSteel,1789855065.519,0.1021,0,0,0,0,0,0
CONT_s1_l2a_TearsOfSteel,1789855065.621,0.1019,104,2,0,17679158.0,0,2
CONT_s1_l2a_TearsOfSteel,1789855065.723,0.102,0,0,0,0,0,0
CONT_s1_l2a_TearsOfSteel,1789855065.825,0.102,70420,54,0,4206356.2,0,3
CONT_s1_l2a_TearsOfSteel,1789855065.927,0.1023,10076,25,0,3372467.4,0,2
CONT_s1_l2a_TearsOfSteel,1789855066.029,0.1023,230228,231,0,563704.9,0,4
CONT_s1_l2a_TearsOfSteel,1789855066.132,0.1029,4089126,3297,0,156608.6,0,4
CONT_s1_l2a_TearsOfSteel,1789855066.235,0.1024,4384895,3531,0,87921.4,0,4
CONT_s1_l2a_TearsOfSteel,1789855066.337,0.1024,2362620,1905,0,244407.6,0,4
CONT_s1_l2a_TearsOfSteel,1789855066.44,0.1034,0,0,0,0,0,0
CONT_s1_l2a_TearsOfSteel,1789855066.543,0.1022,137867,117,0,4348333.6,0,4
CONT_s1_l2a_TearsOfSteel,1789855066.645,0.1021,0,0,0,0,0,0
CONT_s1_l2a_TearsOfSteel,1789855066.747,0.1025,104,2,0,28103448.0,0,2
CONT_s1_l2a_TearsOfSteel,1789855066.85,0.1023,1186721,949,0,440167.0,0,4
CONT_s1_l2a_TearsOfSteel,1789855066.952,0.1028,4567816,3673,0,51667.7,0,2
CONT_s1_l2a_TearsOfSteel,1789855067.055,0.1024,4384687,3528,0,75008.1,0,4
CONT_s1_l2a_TearsOfSteel,1789855067.157,0.1028,779215,629,0,754309.3,0,4
CONT_s1_l2a_TearsOfSteel,1789855067.26,0.1021,105,2,0,56503064.5,0,2
CONT_s1_l2a_TearsOfSteel,1789855067.362,0.1024,104,2,0,28876434.0,0,2
CONT_s1_l2a_TearsOfSteel,1789855067.464,0.1022,141,1,0,3750125.0,0,1
CONT_s1_l2a_TearsOfSteel,1789855067.566,0.1024,103267,87,0,9634850.2,0,4
CONT_s1_l2a_TearsOfSteel,1789855067.669,0.1022,0,0,0,0,0,0
CONT_s1_l2a_TearsOfSteel,1789855067.771,0.1023,104,2,0,28913760.0,0,2
CONT_s1_l2a_TearsOfSteel,1789855067.873,0.1024,67864,52,0,6273346.6,0,2
CONT_s1_l2a_TearsOfSteel,1789855067.976,0.1024,52,1,0,37186957.0,0,1
CONT_s1_l2a_TearsOfSteel,1789855068.078,0.1022,0,0,0,0,0,0
CONT_s1_l2a_TearsOfSteel,1789855068.18,0.1022,360,2,0,32087679.5,0,2
CONT_s1_l2a_TearsOfSteel,1789855068.282,0.1022,68333,55,0,8598967.5,0,4
CONT_s1_l2a_TearsOfSteel,1789855068.385,0.1024,0,0,0,0,0,0
CONT_s1_l2a_TearsOfSteel,1789855068.487,0.1023,104,2,0,32297933.0,0,2
CONT_s1_l2a_TearsOfSteel,1789855068.589,0.1021,68060,53,0,6685559.1,0,2
CONT_s1_l2a_TearsOfSteel,1789855068.692,0.1023,0,0,0,0,0,0
CONT_s1_l2a_TearsOfSteel,1789855068.794,0.1022,104,2,0,31931438.5,0,2
CONT_s1_l2a_TearsOfSteel,1789855068.896,0.1024,68060,53,0,6608383.7,0,2
CONT_s1_l2a_TearsOfSteel,1789855068.998,0.1023,0,0,0,0,0,0
CONT_s1_l2a_TearsOfSteel,1789855069.101,0.1022,104,2,0,31819335.5,0,2
CONT_s1_l2a_TearsOfSteel,1789855069.203,0.1022,0,0,0,0,0,0
CONT_s1_l2a_TearsOfSteel,1789855069.305,0.1022,68165,55,0,8210841.0,0,4
CONT_s1_l2a_TearsOfSteel,1789855069.407,0.1024,141,1,0,3557065.0,0,1
CONT_s1_l2a_TearsOfSteel,1789855069.51,0.1022,104,2,0,31763636.5,0,2
CONT_s1_l2a_TearsOfSteel,1789855069.612,0.1021,68124,53,0,6595407.4,0,2
CONT_s1_l2a_TearsOfSteel,1789855069.714,0.1021,0,0,0,0,0,0
CONT_s1_l2a_TearsOfSteel,1789855069.816,0.1021,104,2,0,31867248.5,0,2
CONT_s1_l2a_TearsOfSteel,1789855069.918,0.1023,0,0,0,0,0,0
CONT_s1_l2a_TearsOfSteel,1789855070.02,0.1023,68124,53,0,6642561.5,0,2
CONT_s1_l2a_TearsOfSteel,1789855070.123,0.1021,0,0,0,0,0,0
CONT_s1_l2a_TearsOfSteel,1789855070.225,0.1021,67968,54,0,7248276.4,0,2
CONT_s1_l2a_TearsOfSteel,1789855070.327,0.1023,272,5,0,90401090.4,0,3
CONT_s1_l2a_TearsOfSteel,1789855070.429,0.1023,0,0,0,0,0,0
CONT_s1_l2a_TearsOfSteel,1789855070.532,0.1022,360,2,0,33649581.0,0,2
CONT_s1_l2a_TearsOfSteel,1789855070.634,0.1021,753591,605,0,2175933.4,0,4
CONT_s1_l2a_TearsOfSteel,1789855070.736,0.1025,3357821,2698,0,133599.6,0,2
CONT_s1_l2a_TearsOfSteel,1789855070.839,0.103,1831767,1475,0,248068.4,0,3
CONT_s1_l2a_TearsOfSteel,1789855070.943,0.1034,68216,54,0,8079140.9,0,2
CONT_s1_l2a_TearsOfSteel,1789855071.045,0.1021,0,0,0,0,0,0
CONT_s1_l2a_TearsOfSteel,1789855071.147,0.1021,35447,35,0,10445851.1,0,4
CONT_s1_l2a_TearsOfSteel,1789855071.249,0.1022,0,0,0,0,0,0
CONT_s1_l2a_TearsOfSteel,1789855071.351,0.1023,68104,54,0,7302281.4,0,2
CONT_s1_l2a_TearsOfSteel,1789855071.454,0.1026,141,1,0,3476594.0,0,1
CONT_s1_l2a_TearsOfSteel,1789855071.556,0.1021,104,2,0,31743549.5,0,2
CONT_s1_l2a_TearsOfSteel,1789855071.658,0.1022,68104,54,0,6841772.8,0,2
CONT_s1_l2a_TearsOfSteel,1789855071.76,0.1022,0,0,0,0,0,0
CONT_s1_l2a_TearsOfSteel,1789855071.863,0.1023,104,2,0,30513634.0,0,2
CONT_s1_l2a_TearsOfSteel,1789855071.965,0.1023,68104,54,0,6631039.7,0,2
CONT_s1_l2a_TearsOfSteel,1789855072.067,0.1022,0,0,0,0,0,0
CONT_s1_l2a_TearsOfSteel,1789855072.169,0.1021,104,2,0,29778207.5,0,2
CONT_s1_l2a_TearsOfSteel,1789855072.271,0.1021,0,0,0,0,0,0
CONT_s1_l2a_TearsOfSteel,1789855072.374,0.1022,40,1,0,46563239.0,0,1
CONT_s1_l2a_TearsOfSteel,1789855072.476,0.1023,0,0,0,0,0,0
CONT_s1_l2a_TearsOfSteel,1789855072.578,0.1022,0,0,0,0,0,0
CONT_s1_l2a_TearsOfSteel,1789855072.68,0.1021,0,0,0,0,0,0
CONT_s1_l2a_TearsOfSteel,1789855072.782,0.1021,0,0,0,0,0,0
CONT_s1_l2a_TearsOfSteel,1789855072.885,0.1023,0,0,0,0,0,0
CONT_s1_l2a_TearsOfSteel,1789855072.987,0.1023,0,0,0,0,0,0
CONT_s1_l2a_TearsOfSteel,1789855073.089,0.1021,0,0,0,0,0,0
CONT_s1_l2a_TearsOfSteel,1789855073.191,0.1021,0,0,0,0,0,0
CONT_s1_l2a_TearsOfSteel,1789855073.293,0.1022,0,0,0,0,0,0
CONT_s1_l2a_TearsOfSteel,1789855073.396,0.1023,0,0,0,0,0,0
CONT_s1_l2a_TearsOfSteel,1789855073.498,0.1023,141,1,0,3439188.0,0,1
CONT_s1_l2a_TearsOfSteel,1789855073.6,0.1021,0,0,0,0,0,0
CONT_s1_l2a_TearsOfSteel,1789855073.702,0.1022,0,0,0,0,0,0
CONT_s1_l2a_TearsOfSteel,1789855073.804,0.1021,0,0,0,0,0,0
CONT_s1_l2a_TearsOfSteel,1789855073.907,0.1023,0,0,0,0,0,0
CONT_s1_l2a_TearsOfSteel,1789855074.009,0.1023,0,0,0,0,0,0
CONT_s1_l2a_TearsOfSteel,1789855074.111,0.1021,0,0,0,0,0,0
CONT_s1_l2a_TearsOfSteel,1789855074.213,0.1023,0,0,0,0,0,0
CONT_s1_l2a_TearsOfSteel,1789855074.316,0.1022,0,0,0,0,0,0
CONT_s1_l2a_TearsOfSteel,1789855074.418,0.1024,0,0,0,0,0,0
CONT_s1_l2a_TearsOfSteel,1789855074.52,0.1023,0,0,0,0,0,0
CONT_s1_l2a_TearsOfSteel,1789855074.622,0.1021,0,0,0,0,0,0
CONT_s1_l2a_TearsOfSteel,1789855074.724,0.1021,0,0,0,0,0,0
CONT_s1_l2a_TearsOfSteel,1789855074.826,0.1021,617248,496,0,2473392.5,0,2
CONT_s1_l2a_TearsOfSteel,1789855074.93,0.1034,4480653,3596,0,66356.1,0,2
CONT_s1_l2a_TearsOfSteel,1789855075.033,0.103,69749,66,0,251108.1,0,2
CONT_s1_l2a_TearsOfSteel,1789855075.135,0.1019,35121,33,0,4463769.7,0,2
CONT_s1_l2a_TearsOfSteel,1789855075.237,0.1022,0,0,0,0,0,0
CONT_s1_l2a_TearsOfSteel,1789855075.339,0.1022,0,0,0,0,0,0
CONT_s1_l2a_TearsOfSteel,1789855075.442,0.1027,141,1,0,3456320.0,0,1
CONT_s1_l2a_TearsOfSteel,1789855075.544,0.1023,0,0,0,0,0,0
CONT_s1_l2a_TearsOfSteel,1789855075.646,0.1021,0,0,0,0,0,0
CONT_s1_l2a_TearsOfSteel,1789855075.749,0.1023,0,0,0,0,0,0
CONT_s1_l2a_TearsOfSteel,1789855075.851,0.1022,0,0,0,0,0,0
CONT_s1_l2a_TearsOfSteel,1789855075.954,0.103,0,0,0,0,0,0
CONT_s1_l2a_TearsOfSteel,1789855076.056,0.1022,0,0,0,0,0,0
CONT_s1_l2a_TearsOfSteel,1789855076.158,0.1021,0,0,0,0,0,0
CONT_s1_l2a_TearsOfSteel,1789855076.26,0.1022,0,0,0,0,0,0
CONT_s1_l2a_TearsOfSteel,1789855076.363,0.1024,0,0,0,0,0,0
CONT_s1_l2a_TearsOfSteel,1789855076.465,0.1022,0,0,0,0,0,0
CONT_s1_l2a_TearsOfSteel,1789855076.567,0.1022,0,0,0,0,0,0
CONT_s1_l2a_TearsOfSteel,1789855076.669,0.1021,0,0,0,0,0,0
CONT_s1_l2a_TearsOfSteel,1789855076.771,0.1022,0,0,0,0,0,0
CONT_s1_l2a_TearsOfSteel,1789855076.874,0.1023,0,0,0,0,0,0
CONT_s1_l2a_TearsOfSteel,1789855076.976,0.1025,0,0,0,0,0,0
CONT_s1_l2a_TearsOfSteel,1789855077.078,0.1021,0,0,0,0,0,0
CONT_s1_l2a_TearsOfSteel,1789855077.18,0.1021,0,0,0,0,0,0
CONT_s1_l2a_TearsOfSteel,1789855077.283,0.1022,0,0,0,0,0,0
CONT_s1_l2a_TearsOfSteel,1789855077.385,0.1023,0,0,0,0,0,0
CONT_s1_l2a_TearsOfSteel,1789855077.487,0.1023,141,1,0,3713712.0,0,1
CONT_s1_l2a_TearsOfSteel,1789855077.591,0.1037,0,0,0,0,0,0
CONT_s1_l2a_TearsOfSteel,1789855077.693,0.1023,0,0,0,0,0,0
CONT_s1_l2a_TearsOfSteel,1789855077.796,0.1023,0,0,0,0,0,0
CONT_s1_l2a_TearsOfSteel,1789855077.898,0.1022,0,0,0,0,0,0
CONT_s1_l2a_TearsOfSteel,1789855078.0,0.1022,0,0,0,0,0,0
CONT_s1_l2a_TearsOfSteel,1789855078.102,0.1024,0,0,0,0,0,0
CONT_s1_l2a_TearsOfSteel,1789855078.204,0.1021,0,0,0,0,0,0
CONT_s1_l2a_TearsOfSteel,1789855078.307,0.1022,0,0,0,0,0,0
CONT_s1_l2a_TearsOfSteel,1789855078.409,0.1023,0,0,0,0,0,0
CONT_s1_l2a_TearsOfSteel,1789855078.511,0.1024,0,0,0,0,0,0
CONT_s1_l2a_TearsOfSteel,1789855078.614,0.1023,0,0,0,0,0,0
CONT_s1_l2a_TearsOfSteel,1789855078.716,0.1022,0,0,0,0,0,0
CONT_s1_l2a_TearsOfSteel,1789855078.818,0.1022,0,0,0,0,0,0
CONT_s1_l2a_TearsOfSteel,1789855078.92,0.1023,0,0,0,0,0,0
CONT_s1_l2a_TearsOfSteel,1789855079.023,0.1023,1735558,1392,0,107138.0,0,2
CONT_s1_l2a_TearsOfSteel,1789855079.125,0.1025,2192207,1765,0,157125.9,0,2
CONT_s1_l2a_TearsOfSteel,1789855079.227,0.1022,0,0,0,0,0,0
CONT_s1_l2a_TearsOfSteel,1789855079.331,0.1035,0,0,0,0,0,0
CONT_s1_l2a_TearsOfSteel,1789855079.433,0.1023,141,1,0,3699496.0,0,1
CONT_s1_l2a_TearsOfSteel,1789855079.535,0.1023,0,0,0,0,0,0
CONT_s1_l2a_TearsOfSteel,1789855079.637,0.1021,35155,33,0,16020072.6,0,2
CONT_s1_l2a_TearsOfSteel,1789855079.74,0.1024,0,0,0,0,0,0
CONT_s1_l2a_TearsOfSteel,1789855079.842,0.1023,0,0,0,0,0,0
CONT_s1_l2a_TearsOfSteel,1789855079.946,0.1035,0,0,0,0,0,0
CONT_s1_l2a_TearsOfSteel,1789855080.048,0.1023,0,0,0,0,0,0
CONT_s1_l2a_TearsOfSteel,1789855080.15,0.1021,0,0,0,0,0,0
CONT_s1_l2a_TearsOfSteel,1789855080.252,0.1023,0,0,0,0,0,0
CONT_s1_l2a_TearsOfSteel,1789855080.355,0.1025,0,0,0,0,0,0
CONT_s1_l2a_TearsOfSteel,1789855080.457,0.1023,0,0,0,0,0,0
CONT_s1_l2a_TearsOfSteel,1789855080.559,0.1021,0,0,0,0,0,0
CONT_s1_l2a_TearsOfSteel,1789855080.661,0.1021,0,0,0,0,0,0
CONT_s1_l2a_TearsOfSteel,1789855080.763,0.1022,0,0,0,0,0,0
CONT_s1_l2a_TearsOfSteel,1789855080.866,0.1023,0,0,0,0,0,0
CONT_s1_l2a_TearsOfSteel,1789855080.968,0.1023,0,0,0,0,0,0
CONT_s1_l2a_TearsOfSteel,1789855081.07,0.1022,0,0,0,0,0,0
CONT_s1_l2a_TearsOfSteel,1789855081.172,0.1021,0,0,0,0,0,0
CONT_s1_l2a_TearsOfSteel,1789855081.275,0.1023,0,0,0,0,0,0
CONT_s1_l2a_TearsOfSteel,1789855081.377,0.1024,0,0,0,0,0,0
CONT_s1_l2a_TearsOfSteel,1789855081.479,0.1023,141,1,0,3515993.0,0,1
CONT_s1_l2a_TearsOfSteel,1789855081.581,0.1021,0,0,0,0,0,0
CONT_s1_l2a_TearsOfSteel,1789855081.684,0.1021,0,0,0,0,0,0
CONT_s1_l2a_TearsOfSteel,1789855081.786,0.1022,0,0,0,0,0,0
CONT_s1_l2a_TearsOfSteel,1789855081.888,0.1023,0,0,0,0,0,0
CONT_s1_l2a_TearsOfSteel,1789855081.99,0.1023,0,0,0,0,0,0
CONT_s1_l2a_TearsOfSteel,1789855082.092,0.1021,0,0,0,0,0,0
CONT_s1_l2a_TearsOfSteel,1789855082.195,0.1021,0,0,0,0,0,0
CONT_s1_l2a_TearsOfSteel,1789855082.297,0.1022,0,0,0,0,0,0
CONT_s1_l2a_TearsOfSteel,1789855082.399,0.1023,0,0,0,0,0,0
CONT_s1_l2a_TearsOfSteel,1789855082.501,0.1023,0,0,0,0,0,0
CONT_s1_l2a_TearsOfSteel,1789855082.603,0.1021,451,1,0,219675313.0,0,1
CONT_s1_l2a_TearsOfSteel,1789855082.706,0.1022,4320018,3463,0,70209.9,0,2
CONT_s1_l2a_TearsOfSteel,1789855082.808,0.1023,692843,565,0,195616.0,0,2
CONT_s1_l2a_TearsOfSteel,1789855082.91,0.1022,0,0,0,0,0,0
CONT_s1_l2a_TearsOfSteel,1789855083.013,0.1024,0,0,0,0,0,0
CONT_s1_l2a_TearsOfSteel,1789855083.115,0.1023,35348,33,0,11965685.5,0,2
CONT_s1_l2a_TearsOfSteel,1789855083.217,0.1021,0,0,0,0,0,0
CONT_s1_l2a_TearsOfSteel,1789855083.319,0.1022,0,0,0,0,0,0
CONT_s1_l2a_TearsOfSteel,1789855083.422,0.1024,0,0,0,0,0,0
CONT_s1_l2a_TearsOfSteel,1789855083.524,0.1023,141,1,0,3338052.0,0,1
CONT_s1_l2a_TearsOfSteel,1789855083.626,0.1023,0,0,0,0,0,0
CONT_s1_l2a_TearsOfSteel,1789855083.729,0.1023,0,0,0,0,0,0
CONT_s1_l2a_TearsOfSteel,1789855083.832,0.1031,0,0,0,0,0,0
CONT_s1_l2a_TearsOfSteel,1789855083.934,0.1023,0,0,0,0,0,0
CONT_s1_l2a_TearsOfSteel,1789855084.036,0.1025,0,0,0,0,0,0
CONT_s1_l2a_TearsOfSteel,1789855084.139,0.1022,0,0,0,0,0,0
CONT_s1_l2a_TearsOfSteel,1789855084.241,0.1022,0,0,0,0,0,0
CONT_s1_l2a_TearsOfSteel,1789855084.343,0.1023,0,0,0,0,0,0
CONT_s1_l2a_TearsOfSteel,1789855084.447,0.1037,0,0,0,0,0,0
CONT_s1_l2a_TearsOfSteel,1789855084.549,0.1022,0,0,0,0,0,0
CONT_s1_l2a_TearsOfSteel,1789855084.651,0.1022,0,0,0,0,0,0
CONT_s1_l2a_TearsOfSteel,1789855084.753,0.1022,0,0,0,0,0,0
CONT_s1_l2a_TearsOfSteel,1789855084.856,0.1024,0,0,0,0,0,0
CONT_s1_l2a_TearsOfSteel,1789855084.958,0.1023,0,0,0,0,0,0
CONT_s1_l2a_TearsOfSteel,1789855085.06,0.1021,0,0,0,0,0,0
CONT_s1_l2a_TearsOfSteel,1789855085.162,0.1022,0,0,0,0,0,0
CONT_s1_l2a_TearsOfSteel,1789855085.265,0.1023,0,0,0,0,0,0
CONT_s1_l2a_TearsOfSteel,1789855085.367,0.1023,0,0,0,0,0,0
CONT_s1_l2a_TearsOfSteel,1789855085.469,0.1023,141,1,0,3275654.0,0,1
CONT_s1_l2a_TearsOfSteel,1789855085.571,0.1023,0,0,0,0,0,0
CONT_s1_l2a_TearsOfSteel,1789855085.674,0.1022,0,0,0,0,0,0
CONT_s1_l2a_TearsOfSteel,1789855085.776,0.1022,0,0,0,0,0,0
CONT_s1_l2a_TearsOfSteel,1789855085.878,0.1023,0,0,0,0,0,0
CONT_s1_l2a_TearsOfSteel,1789855085.981,0.1023,0,0,0,0,0,0
CONT_s1_l2a_TearsOfSteel,1789855086.083,0.1022,0,0,0,0,0,0
CONT_s1_l2a_TearsOfSteel,1789855086.185,0.1021,0,0,0,0,0,0
CONT_s1_l2a_TearsOfSteel,1789855086.287,0.1023,0,0,0,0,0,0
CONT_s1_l2a_TearsOfSteel,1789855086.389,0.1023,0,0,0,0,0,0
CONT_s1_l2a_TearsOfSteel,1789855086.492,0.1023,0,0,0,0,0,0
CONT_s1_l2a_TearsOfSteel,1789855086.594,0.1022,0,0,0,0,0,0
CONT_s1_l2a_TearsOfSteel,1789855086.696,0.1021,0,0,0,0,0,0
CONT_s1_l2a_TearsOfSteel,1789855086.798,0.1022,1461333,1173,0,123976.3,0,2
CONT_s1_l2a_TearsOfSteel,1789855086.901,0.1029,3409252,2745,0,242516.5,0,2
CONT_s1_l2a_TearsOfSteel,1789855087.004,0.1024,54,1,0,1767331.0,0,1
CONT_s1_l2a_TearsOfSteel,1789855087.105,0.1019,34801,29,0,6277721.3,0,2
CONT_s1_l2a_TearsOfSteel,1789855087.208,0.1026,180,3,0,14728210.0,0,2
CONT_s1_l2a_TearsOfSteel,1789855087.31,0.1022,0,0,0,0,0,0
CONT_s1_l2a_TearsOfSteel,1789855087.413,0.1023,0,0,0,0,0,0
CONT_s1_l2a_TearsOfSteel,1789855087.515,0.1023,141,1,0,3126050.0,0,1
CONT_s1_l2a_TearsOfSteel,1789855087.617,0.1022,0,0,0,0,0,0
CONT_s1_l2a_TearsOfSteel,1789855087.719,0.1022,0,0,0,0,0,0
CONT_s1_l2a_TearsOfSteel,1789855087.822,0.1022,0,0,0,0,0,0
CONT_s1_l2a_TearsOfSteel,1789855087.924,0.1023,0,0,0,0,0,0
CONT_s1_l2a_TearsOfSteel,1789855088.026,0.1023,0,0,0,0,0,0
CONT_s1_l2a_TearsOfSteel,1789855088.128,0.1021,0,0,0,0,0,0
CONT_s1_l2a_TearsOfSteel,1789855088.231,0.1022,0,0,0,0,0,0
CONT_s1_l2a_TearsOfSteel,1789855088.333,0.1023,0,0,0,0,0,0
CONT_s1_l2a_TearsOfSteel,1789855088.435,0.1022,0,0,0,0,0,0
CONT_s1_l2a_TearsOfSteel,1789855088.537,0.1024,0,0,0,0,0,0
CONT_s1_l2a_TearsOfSteel,1789855088.64,0.1022,0,0,0,0,0,0
CONT_s1_l2a_TearsOfSteel,1789855088.742,0.1022,0,0,0,0,0,0
CONT_s1_l2a_TearsOfSteel,1789855088.844,0.1024,0,0,0,0,0,0
CONT_s1_l2a_TearsOfSteel,1789855088.948,0.1041,0,0,0,0,0,0
CONT_s1_l2a_TearsOfSteel,1789855089.05,0.1021,0,0,0,0,0,0
CONT_s1_l2a_TearsOfSteel,1789855089.153,0.1022,0,0,0,0,0,0
CONT_s1_l2a_TearsOfSteel,1789855089.255,0.1022,0,0,0,0,0,0
CONT_s1_l2a_TearsOfSteel,1789855089.357,0.1023,0,0,0,0,0,0
CONT_s1_l2a_TearsOfSteel,1789855089.459,0.1023,141,1,0,3003175.0,0,1
CONT_s1_l2a_TearsOfSteel,1789855089.562,0.1022,0,0,0,0,0,0
CONT_s1_l2a_TearsOfSteel,1789855089.664,0.1022,0,0,0,0,0,0
CONT_s1_l2a_TearsOfSteel,1789855089.766,0.1022,0,0,0,0,0,0
CONT_s1_l2a_TearsOfSteel,1789855089.868,0.1022,0,0,0,0,0,0
CONT_s1_l2a_TearsOfSteel,1789855089.971,0.1023,0,0,0,0,0,0
CONT_s1_l2a_TearsOfSteel,1789855090.073,0.1021,0,0,0,0,0,0
CONT_s1_l2a_TearsOfSteel,1789855090.175,0.1022,0,0,0,0,0,0
CONT_s1_l2a_TearsOfSteel,1789855090.277,0.1021,0,0,0,0,0,0
CONT_s1_l2a_TearsOfSteel,1789855090.379,0.1022,0,0,0,0,0,0
CONT_s1_l2a_TearsOfSteel,1789855090.481,0.1023,0,0,0,0,0,0
CONT_s1_l2a_TearsOfSteel,1789855090.584,0.1021,0,0,0,0,0,0
CONT_s1_l2a_TearsOfSteel,1789855090.686,0.1022,0,0,0,0,0,0
CONT_s1_l2a_TearsOfSteel,1789855090.788,0.1022,0,0,0,0,0,0
CONT_s1_l2a_TearsOfSteel,1789855090.89,0.1023,0,0,0,0,0,0
CONT_s1_l2a_TearsOfSteel,1789855090.993,0.1023,3497810,2807,0,48228.5,0,2
CONT_s1_l2a_TearsOfSteel,1789855091.096,0.1031,1529549,1231,0,251099.0,0,2
CONT_s1_l2a_TearsOfSteel,1789855091.198,0.102,35190,33,0,2705881.7,0,2
CONT_s1_l2a_TearsOfSteel,1789855091.3,0.1021,0,0,0,0,0,0
CONT_s1_l2a_TearsOfSteel,1789855091.402,0.1023,0,0,0,0,0,0
CONT_s1_l2a_TearsOfSteel,1789855091.504,0.1023,141,1,0,2840647.0,0,1
CONT_s1_l2a_TearsOfSteel,1789855091.607,0.1022,0,0,0,0,0,0
CONT_s1_l2a_TearsOfSteel,1789855091.709,0.1022,0,0,0,0,0,0
CONT_s1_l2a_TearsOfSteel,1789855091.811,0.1022,0,0,0,0,0,0
CONT_s1_l2a_TearsOfSteel,1789855091.913,0.1024,0,0,0,0,0,0
CONT_s1_l2a_TearsOfSteel,1789855092.016,0.1023,0,0,0,0,0,0
CONT_s1_l2a_TearsOfSteel,1789855092.118,0.1021,0,0,0,0,0,0
CONT_s1_l2a_TearsOfSteel,1789855092.22,0.1021,0,0,0,0,0,0
CONT_s1_l2a_TearsOfSteel,1789855092.322,0.1022,0,0,0,0,0,0
CONT_s1_l2a_TearsOfSteel,1789855092.424,0.1023,0,0,0,0,0,0
CONT_s1_l2a_TearsOfSteel,1789855092.527,0.1023,0,0,0,0,0,0
CONT_s1_l2a_TearsOfSteel,1789855092.629,0.1021,0,0,0,0,0,0
CONT_s1_l2a_TearsOfSteel,1789855092.731,0.1022,0,0,0,0,0,0
CONT_s1_l2a_TearsOfSteel,1789855092.833,0.1024,0,0,0,0,0,0
CONT_s1_l2a_TearsOfSteel,1789855092.936,0.1029,0,0,0,0,0,0
CONT_s1_l2a_TearsOfSteel,1789855093.039,0.1024,0,0,0,0,0,0
CONT_s1_l2a_TearsOfSteel,1789855093.141,0.1021,0,0,0,0,0,0
CONT_s1_l2a_TearsOfSteel,1789855093.243,0.1022,0,0,0,0,0,0
CONT_s1_l2a_TearsOfSteel,1789855093.345,0.1023,0,0,0,0,0,0
CONT_s1_l2a_TearsOfSteel,1789855093.448,0.1026,0,0,0,0,0,0
CONT_s1_l2a_TearsOfSteel,1789855093.55,0.1023,141,1,0,2704078.0,0,1
CONT_s1_l2a_TearsOfSteel,1789855093.652,0.1021,0,0,0,0,0,0
CONT_s1_l2a_TearsOfSteel,1789855093.755,0.1023,0,0,0,0,0,0
CONT_s1_l2a_TearsOfSteel,1789855093.857,0.1023,0,0,0,0,0,0
CONT_s1_l2a_TearsOfSteel,1789855093.959,0.1023,0,0,0,0,0,0
CONT_s1_l2a_TearsOfSteel,1789855094.061,0.1022,0,0,0,0,0,0
CONT_s1_l2a_TearsOfSteel,1789855094.164,0.1022,0,0,0,0,0,0
CONT_s1_l2a_TearsOfSteel,1789855094.266,0.1022,0,0,0,0,0,0
CONT_s1_l2a_TearsOfSteel,1789855094.368,0.1023,0,0,0,0,0,0
CONT_s1_l2a_TearsOfSteel,1789855094.47,0.1024,0,0,0,0,0,0
CONT_s1_l2a_TearsOfSteel,1789855094.573,0.1021,480487,385,0,4361693.0,0,2
CONT_s1_l2a_TearsOfSteel,1789855094.675,0.1025,3154553,2533,0,50606.5,0,2
CONT_s1_l2a_TearsOfSteel,1789855094.778,0.1026,3925869,3160,0,241058.3,0,2
CONT_s1_l2a_TearsOfSteel,1789855094.88,0.1023,0,0,0,0,0,0
CONT_s1_l2a_TearsOfSteel,1789855094.982,0.1021,0,0,0,0,0,0
CONT_s1_l2a_TearsOfSteel,1789855095.084,0.1021,0,0,0,0,0,0
CONT_s1_l2a_TearsOfSteel,1789855095.187,0.1022,35004,32,0,12106268.5,0,2
CONT_s1_l2a_TearsOfSteel,1789855095.289,0.1022,0,0,0,0,0,0
CONT_s1_l2a_TearsOfSteel,1789855095.391,0.1024,0,0,0,0,0,0
CONT_s1_l2a_TearsOfSteel,1789855095.493,0.1023,141,1,0,2564268.0,0,1
CONT_s1_l2a_TearsOfSteel,1789855095.596,0.1021,0,0,0,0,0,0
CONT_s1_l2a_TearsOfSteel,1789855095.698,0.1022,0,0,0,0,0,0
CONT_s1_l2a_TearsOfSteel,1789855095.8,0.1022,0,0,0,0,0,0
CONT_s1_l2a_TearsOfSteel,1789855095.902,0.1023,0,0,0,0,0,0
CONT_s1_l2a_TearsOfSteel,1789855096.005,0.1023,0,0,0,0,0,0
CONT_s1_l2a_TearsOfSteel,1789855096.107,0.1022,0,0,0,0,0,0
CONT_s1_l2a_TearsOfSteel,1789855096.209,0.1022,0,0,0,0,0,0
CONT_s1_l2a_TearsOfSteel,1789855096.311,0.1022,0,0,0,0,0,0
CONT_s1_l2a_TearsOfSteel,1789855096.413,0.1023,0,0,0,0,0,0
CONT_s1_l2a_TearsOfSteel,1789855096.516,0.1023,0,0,0,0,0,0
CONT_s1_l2a_TearsOfSteel,1789855096.618,0.1021,0,0,0,0,0,0
CONT_s1_l2a_TearsOfSteel,1789855096.72,0.1022,0,0,0,0,0,0
CONT_s1_l2a_TearsOfSteel,1789855096.822,0.1022,0,0,0,0,0,0
CONT_s1_l2a_TearsOfSteel,1789855096.925,0.1023,0,0,0,0,0,0
CONT_s1_l2a_TearsOfSteel,1789855097.027,0.1023,0,0,0,0,0,0
CONT_s1_l2a_TearsOfSteel,1789855097.129,0.1021,0,0,0,0,0,0
CONT_s1_l2a_TearsOfSteel,1789855097.231,0.1023,0,0,0,0,0,0
CONT_s1_l2a_TearsOfSteel,1789855097.334,0.1025,0,0,0,0,0,0
CONT_s1_l2a_TearsOfSteel,1789855097.437,0.1037,0,0,0,0,0,0
CONT_s1_l2a_TearsOfSteel,1789855097.54,0.1024,141,1,0,2744915.0,0,1
CONT_s1_l2a_TearsOfSteel,1789855097.642,0.1021,0,0,0,0,0,0
CONT_s1_l2a_TearsOfSteel,1789855097.744,0.1022,0,0,0,0,0,0
CONT_s1_l2a_TearsOfSteel,1789855097.847,0.1024,0,0,0,0,0,0
CONT_s1_l2a_TearsOfSteel,1789855097.95,0.1036,0,0,0,0,0,0
CONT_s1_l2a_TearsOfSteel,1789855098.052,0.1021,0,0,0,0,0,0
CONT_s1_l2a_TearsOfSteel,1789855098.155,0.1022,0,0,0,0,0,0
CONT_s1_l2a_TearsOfSteel,1789855098.257,0.1023,0,0,0,0,0,0
CONT_s1_l2a_TearsOfSteel,1789855098.359,0.1023,0,0,0,0,0,0
CONT_s1_l2a_TearsOfSteel,1789855098.461,0.1023,0,0,0,0,0,0
CONT_s1_l2a_TearsOfSteel,1789855098.564,0.1022,0,0,0,0,0,0
CONT_s1_l2a_TearsOfSteel,1789855098.666,0.1021,0,0,0,0,0,0
CONT_s1_l2a_TearsOfSteel,1789855098.768,0.1027,0,0,0,0,0,0
CONT_s1_l2a_TearsOfSteel,1789855098.871,0.1023,3360544,2695,0,100346.2,0,2
CONT_s1_l2a_TearsOfSteel,1789855098.974,0.1029,2655511,2137,0,265753.8,0,2
CONT_s1_l2a_TearsOfSteel,1789855099.076,0.1021,0,0,0,0,0,0
CONT_s1_l2a_TearsOfSteel,1789855099.178,0.102,35265,33,0,6616748.9,0,2
CONT_s1_l2a_TearsOfSteel,1789855099.28,0.1023,0,0,0,0,0,0
CONT_s1_l2a_TearsOfSteel,1789855099.382,0.1023,0,0,0,0,0,0
CONT_s1_l2a_TearsOfSteel,1789855099.485,0.1023,0,0,0,0,0,0
CONT_s1_l2a_TearsOfSteel,1789855099.587,0.1021,141,1,0,2584321.0,0,1
CONT_s1_l2a_TearsOfSteel,1789855099.689,0.1021,0,0,0,0,0,0
CONT_s1_l2a_TearsOfSteel,1789855099.791,0.1022,0,0,0,0,0,0
CONT_s1_l2a_TearsOfSteel,1789855099.893,0.1023,0,0,0,0,0,0
CONT_s1_l2a_TearsOfSteel,1789855099.996,0.1023,0,0,0,0,0,0
CONT_s1_l2a_TearsOfSteel,1789855100.098,0.1021,0,0,0,0,0,0
CONT_s1_l2a_TearsOfSteel,1789855100.2,0.1022,0,0,0,0,0,0
CONT_s1_l2a_TearsOfSteel,1789855100.302,0.1022,0,0,0,0,0,0
CONT_s1_l2a_TearsOfSteel,1789855100.404,0.1024,0,0,0,0,0,0
CONT_s1_l2a_TearsOfSteel,1789855100.507,0.1024,0,0,0,0,0,0
CONT_s1_l2a_TearsOfSteel,1789855100.609,0.1021,0,0,0,0,0,0
CONT_s1_l2a_TearsOfSteel,1789855100.711,0.1022,0,0,0,0,0,0
CONT_s1_l2a_TearsOfSteel,1789855100.813,0.1022,0,0,0,0,0,0
CONT_s1_l2a_TearsOfSteel,1789855100.916,0.1024,0,0,0,0,0,0
CONT_s1_l2a_TearsOfSteel,1789855101.018,0.1023,0,0,0,0,0,0
CONT_s1_l2a_TearsOfSteel,1789855101.12,0.1021,0,0,0,0,0,0
CONT_s1_l2a_TearsOfSteel,1789855101.222,0.1022,0,0,0,0,0,0
CONT_s1_l2a_TearsOfSteel,1789855101.325,0.1022,0,0,0,0,0,0
CONT_s1_l2a_TearsOfSteel,1789855101.427,0.1024,0,0,0,0,0,0
CONT_s1_l2a_TearsOfSteel,1789855101.529,0.1023,141,1,0,2504436.0,0,1
CONT_s1_l2a_TearsOfSteel,1789855101.631,0.1021,0,0,0,0,0,0
CONT_s1_l2a_TearsOfSteel,1789855101.734,0.1022,0,0,0,0,0,0
CONT_s1_l2a_TearsOfSteel,1789855101.836,0.1023,0,0,0,0,0,0
CONT_s1_l2a_TearsOfSteel,1789855101.94,0.1038,0,0,0,0,0,0
CONT_s1_l2a_TearsOfSteel,1789855102.042,0.1024,0,0,0,0,0,0
CONT_s1_l2a_TearsOfSteel,1789855102.144,0.1021,0,0,0,0,0,0
CONT_s1_l2a_TearsOfSteel,1789855102.246,0.1021,0,0,0,0,0,0
CONT_s1_l2a_TearsOfSteel,1789855102.349,0.1023,0,0,0,0,0,0
CONT_s1_l2a_TearsOfSteel,1789855102.452,0.103,451,1,0,210323818.0,0,1
CONT_s1_l2a_TearsOfSteel,1789855102.554,0.1022,3188763,2558,0,79117.9,0,2
CONT_s1_l2a_TearsOfSteel,1789855102.657,0.1028,2619675,2110,0,1072879.5,0,2
CONT_s1_l2a_TearsOfSteel,1789855102.759,0.1022,65,1,0,3130565.0,0,1
CONT_s1_l2a_TearsOfSteel,1789855102.861,0.1022,0,0,0,0,0,0
CONT_s1_l2a_TearsOfSteel,1789855102.963,0.1023,0,0,0,0,0,0
CONT_s1_l2a_TearsOfSteel,1789855103.065,0.1022,0,0,0,0,0,0
CONT_s1_l2a_TearsOfSteel,1789855103.167,0.1021,0,0,0,0,0,0
CONT_s1_l2a_TearsOfSteel,1789855103.27,0.1023,0,0,0,0,0,0
CONT_s1_l2a_TearsOfSteel,1789855103.372,0.1022,0,0,0,0,0,0
CONT_s1_l2a_TearsOfSteel,1789855103.474,0.1023,0,0,0,0,0,0
CONT_s1_l2a_TearsOfSteel,1789855103.576,0.1022,141,1,0,2380516.0,0,1
CONT_s1_l2a_TearsOfSteel,1789855103.679,0.1022,0,0,0,0,0,0
CONT_s1_l2a_TearsOfSteel,1789855103.781,0.1021,0,0,0,0,0,0
CONT_s1_l2a_TearsOfSteel,1789855103.883,0.1024,0,0,0,0,0,0
CONT_s1_l2a_TearsOfSteel,1789855103.985,0.1023,0,0,0,0,0,0
CONT_s1_l2a_TearsOfSteel,1789855104.088,0.1022,0,0,0,0,0,0
CONT_s1_l2a_TearsOfSteel,1789855104.19,0.1021,0,0,0,0,0,0
CONT_s1_l2a_TearsOfSteel,1789855104.292,0.1023,0,0,0,0,0,0
CONT_s1_l2a_TearsOfSteel,1789855104.394,0.1023,0,0,0,0,0,0
CONT_s1_l2a_TearsOfSteel,1789855104.497,0.1023,198,1,0,0.0,0,1
CONT_s1_l2a_TearsOfSteel,1789855104.599,0.1022,0,0,0,0,0,0
CONT_s1_l2a_TearsOfSteel,1789855104.701,0.1023,0,0,0,0,0,0
CONT_s1_l2a_TearsOfSteel,1789855104.803,0.1023,0,0,0,0,0,0
CONT_s1_l2a_TearsOfSteel,1789855104.906,0.1024,0,0,0,0,0,0
CONT_s1_l2a_TearsOfSteel,1789855105.008,0.1024,0,0,0,0,0,0
CONT_s1_l2a_TearsOfSteel,1789855105.111,0.1023,0,0,0,0,0,0
CONT_s1_l2a_TearsOfSteel,1789855105.213,0.1023,0,0,0,0,0,0
CONT_s1_l2a_TearsOfSteel,1789855105.315,0.1023,0,0,0,0,0,0
CONT_s1_l2a_TearsOfSteel,1789855105.418,0.1023,0,0,0,0,0,0
CONT_s1_l2a_TearsOfSteel,1789855105.52,0.1023,339,2,0,1194706.5,0,2
CONT_s1_l2a_TearsOfSteel,1789855105.622,0.1023,0,0,0,0,0,0
CONT_s1_l2a_TearsOfSteel,1789855105.724,0.1022,0,0,0,0,0,0
CONT_s1_l2a_TearsOfSteel,1789855105.827,0.1023,0,0,0,0,0,0
CONT_s1_l2a_TearsOfSteel,1789855105.929,0.1025,0,0,0,0,0,0
CONT_s1_l2a_TearsOfSteel,1789855106.032,0.1024,0,0,0,0,0,0
CONT_s1_l2a_TearsOfSteel,1789855106.134,0.1022,0,0,0,0,0,0
CONT_s1_l2a_TearsOfSteel,1789855106.236,0.1024,0,0,0,0,0,0
CONT_s1_l2a_TearsOfSteel,1789855106.338,0.1023,0,0,0,0,0,0
CONT_s1_l2a_TearsOfSteel,1789855106.442,0.1039,0,0,0,0,0,0
CONT_s1_l2a_TearsOfSteel,1789855106.545,0.1024,198,1,0,46772.0,0,1
CONT_s1_l2a_TearsOfSteel,1789855106.647,0.1022,15459,14,0,290561687.5,0,2
CONT_s1_l2a_TearsOfSteel,1789855106.749,0.1024,1534,2,0,321302252.0,0,2
CONT_s1_l2a_TearsOfSteel,1789855106.852,0.1025,0,0,0,0,0,0
CONT_s1_l2a_TearsOfSteel,1789855106.954,0.1026,0,0,0,0,0,0
CONT_s1_l2a_TearsOfSteel,1789855107.057,0.1022,0,0,0,0,0,0
CONT_s1_l2a_TearsOfSteel,1789855107.159,0.1023,13863,16,0,204267333.9,0,2
CONT_s1_l2a_TearsOfSteel,1789855107.261,0.1023,3267,7,0,189562634.3,0,2
CONT_s1_l2a_TearsOfSteel,1789855107.364,0.1025,0,0,0,0,0,0
CONT_s1_l2a_TearsOfSteel,1789855107.466,0.1024,0,0,0,0,0,0
CONT_s1_l2a_TearsOfSteel,1789855107.568,0.1023,8472,15,0,128820007.7,0,4
CONT_s1_l2a_TearsOfSteel,1789855107.671,0.1026,3094,4,0,134387356.0,0,2
CONT_s1_l2a_TearsOfSteel,1789855107.773,0.1023,3211,6,0,122160241.0,0,2
CONT_s1_l2a_TearsOfSteel,1789855107.876,0.1024,4435,6,0,76363778.8,0,3
CONT_s1_l2a_TearsOfSteel,1789855107.978,0.1025,1608,3,0,100603363.0,0,2
CONT_s1_l2a_TearsOfSteel,1789855108.081,0.1022,0,0,0,0,0,0
CONT_s1_l2a_TearsOfSteel,1789855108.183,0.1024,9602,17,0,65126495.8,0,3
CONT_s1_l2a_TearsOfSteel,1789855108.285,0.1024,2953,6,0,25239454.0,0,3
CONT_s1_l2a_TearsOfSteel,1789855108.388,0.1028,3084,4,0,29143513.0,0,2
CONT_s1_l2a_TearsOfSteel,1789855108.491,0.1026,3632,9,0,28360012.3,0,2
CONT_s1_l2a_TearsOfSteel,1789855108.593,0.1024,3098,4,0,36451055.0,0,2
CONT_s1_l2a_TearsOfSteel,1789855108.696,0.1025,2977,6,0,32663578.5,0,3
CONT_s1_l2a_TearsOfSteel,1789855108.798,0.1024,3227,6,0,35067524.0,0,2
CONT_s1_l2a_TearsOfSteel,1789855108.901,0.1027,3142,5,0,37066447.2,0,2
CONT_s1_l2a_TearsOfSteel,1789855109.003,0.1026,3075,4,0,31282626.0,0,2
CONT_s1_l2a_TearsOfSteel,1789855109.106,0.1025,3426,6,0,31291967.5,0,2
CONT_s1_l2a_TearsOfSteel,1789855109.208,0.1025,3570,8,0,29526311.5,0,2
CONT_s1_l2a_TearsOfSteel,1789855109.311,0.1025,2048,6,0,27021724.5,0,2
CONT_s1_l2a_TearsOfSteel,1789855109.413,0.1025,1551,2,0,28170926.0,0,2
CONT_s1_l2a_TearsOfSteel,1789855109.516,0.1025,0,0,0,0,0,0
CONT_s1_l2a_TearsOfSteel,1789855109.618,0.1024,9291,11,0,42434778.1,0,3
CONT_s1_l2a_TearsOfSteel,1789855109.721,0.1026,3195,5,0,42209110.2,0,2
CONT_s1_l2a_TearsOfSteel,1789855109.823,0.1025,3116,4,0,37256241.0,0,2
CONT_s1_l2a_TearsOfSteel,1789855109.926,0.1026,1899,4,0,37336920.0,0,2
CONT_s1_l2a_TearsOfSteel,1789855110.029,0.1025,3090,4,0,41542892.0,0,2
CONT_s1_l2a_TearsOfSteel,1789855110.131,0.1025,1545,2,0,41912923.5,0,2
CONT_s1_l2a_TearsOfSteel,1789855110.234,0.1027,0,0,0,0,0,0
CONT_s1_l2a_TearsOfSteel,1789855110.336,0.1028,8890,7,0,53398988.6,0,2
CONT_s1_l2a_TearsOfSteel,1789855110.443,0.1069,3175,5,0,58551430.8,0,2
CONT_s1_l2a_TearsOfSteel,1789855110.546,0.1026,1906,4,0,54394455.0,0,2
CONT_s1_l2a_TearsOfSteel,1789855110.648,0.1024,3100,4,0,47815242.5,0,2
CONT_s1_l2a_TearsOfSteel,1789855110.751,0.1024,1553,2,0,44833013.5,0,2
CONT_s1_l2a_TearsOfSteel,1789855110.853,0.1025,0,0,0,0,0,0
CONT_s1_l2a_TearsOfSteel,1789855110.956,0.1025,9151,10,0,54711958.0,0,2
CONT_s1_l2a_TearsOfSteel,1789855111.058,0.1025,1683,4,0,52314310.5,0,2
CONT_s1_l2a_TearsOfSteel,1789855111.161,0.1024,4617,6,0,54705464.0,0,2
CONT_s1_l2a_TearsOfSteel,1789855111.263,0.1027,1541,2,0,51293455.5,0,2
CONT_s1_l2a_TearsOfSteel,1789855111.366,0.1026,4623,6,0,55858504.5,0,2
CONT_s1_l2a_TearsOfSteel,1789855111.469,0.1026,2938,2,0,59232653.0,0,1
CONT_s1_l2a_TearsOfSteel,1789855111.571,0.1024,3303,6,0,46871662.3,0,3
CONT_s1_l2a_TearsOfSteel,1789855111.673,0.1024,3086,4,0,57603903.0,0,2
CONT_s1_l2a_TearsOfSteel,1789855111.776,0.1024,0,0,0,0,0,0
CONT_s1_l2a_TearsOfSteel,1789855111.878,0.1025,4630,6,0,64014012.5,0,2
CONT_s1_l2a_TearsOfSteel,1789855111.981,0.1025,4608,6,0,64214511.0,0,2
CONT_s1_l2a_TearsOfSteel,1789855112.083,0.1024,1536,2,0,61701948.0,0,2
CONT_s1_l2a_TearsOfSteel,1789855112.186,0.1024,3005,3,0,62640672.3,0,2
CONT_s1_l2a_TearsOfSteel,1789855112.288,0.1024,3005,3,0,64204226.3,0,2
CONT_s1_l2a_TearsOfSteel,1789855112.391,0.1026,4611,6,0,62323745.5,0,2
CONT_s1_l2a_TearsOfSteel,1789855112.493,0.1025,3075,4,0,63462279.5,0,2
CONT_s1_l2a_TearsOfSteel,1789855112.596,0.1024,3076,4,0,59264955.0,0,2
CONT_s1_l2a_TearsOfSteel,1789855112.698,0.1024,2938,2,0,65254683.0,0,1
CONT_s1_l2a_TearsOfSteel,1789855112.8,0.1024,3081,4,0,60350933.0,0,2
CONT_s1_l2a_TearsOfSteel,1789855112.903,0.1026,3076,4,0,55714331.5,0,2
CONT_s1_l2a_TearsOfSteel,1789855113.006,0.1026,3076,4,0,49897714.0,0,2
CONT_s1_l2a_TearsOfSteel,1789855113.108,0.1024,1538,2,0,46834102.5,0,2
CONT_s1_l2a_TearsOfSteel,1789855113.211,0.1026,4601,6,0,50532793.7,0,2
CONT_s1_l2a_TearsOfSteel,1789855113.313,0.1025,3068,4,0,44737892.5,0,2
CONT_s1_l2a_TearsOfSteel,1789855113.416,0.1026,3068,4,0,39708573.0,0,2
CONT_s1_l2a_TearsOfSteel,1789855113.518,0.1026,3068,4,0,35329445.0,0,2
CONT_s1_l2a_TearsOfSteel,1789855113.621,0.1025,3144,4,0,29990570.2,0,3
CONT_s1_l2a_TearsOfSteel,1789855113.723,0.1024,1534,2,0,37410486.0,0,2
CONT_s1_l2a_TearsOfSteel,1789855113.826,0.1024,4537,5,0,40862355.2,0,2
CONT_s1_l2a_TearsOfSteel,1789855113.928,0.1025,3068,4,0,35530589.0,0,2
CONT_s1_l2a_TearsOfSteel,1789855114.031,0.1026,3073,4,0,31685128.5,0,2
CONT_s1_l2a_TearsOfSteel,1789855114.133,0.1024,3003,3,0,36189005.0,0,2
CONT_s1_l2a_TearsOfSteel,1789855114.236,0.1026,1534,2,0,34262766.5,0,2
CONT_s1_l2a_TearsOfSteel,1789855114.338,0.1026,4472,4,0,43115636.0,0,2
CONT_s1_l2a_TearsOfSteel,1789855114.448,0.1095,3068,4,0,38049426.5,0,2
CONT_s1_l2a_TearsOfSteel,1789855114.55,0.1026,3127,5,0,34942052.4,0,2
CONT_s1_l2a_TearsOfSteel,1789855114.653,0.1025,1534,2,0,33384986.5,0,2
CONT_s1_l2a_TearsOfSteel,1789855114.755,0.1026,4537,5,0,38422026.0,0,2
CONT_s1_l2a_TearsOfSteel,1789855114.858,0.1026,3070,4,0,33000684.5,0,2
CONT_s1_l2a_TearsOfSteel,1789855114.961,0.1026,3070,4,0,29023080.0,0,2
CONT_s1_l2a_TearsOfSteel,1789855115.063,0.1026,1536,2,0,27378444.0,0,2
CONT_s1_l2a_TearsOfSteel,1789855115.166,0.1024,3005,3,0,32681789.3,0,2
CONT_s1_l2a_TearsOfSteel,1789855115.268,0.1025,4541,5,0,36529939.0,0,2
CONT_s1_l2a_TearsOfSteel,1789855115.371,0.1025,3077,4,0,31346187.0,0,2
CONT_s1_l2a_TearsOfSteel,1789855115.473,0.1025,3072,4,0,27617375.5,0,2
CONT_s1_l2a_TearsOfSteel,1789855115.575,0.1024,3146,4,0,25933225.5,0,3
CONT_s1_l2a_TearsOfSteel,1789855115.678,0.1024,3005,3,0,37977030.3,0,2
CONT_s1_l2a_TearsOfSteel,1789855115.78,0.1024,3129,5,0,35008672.6,0,2
CONT_s1_l2a_TearsOfSteel,1789855115.883,0.1026,3068,4,0,30997806.0,0,2
CONT_s1_l2a_TearsOfSteel,1789855115.985,0.1025,1534,2,0,29541494.5,0,2
CONT_s1_l2a_TearsOfSteel,1789855116.088,0.1024,3003,3,0,35563437.0,0,2
CONT_s1_l2a_TearsOfSteel,1789855116.19,0.1025,4472,4,0,44315940.5,0,2
CONT_s1_l2a_TearsOfSteel,1789855116.293,0.1026,3068,4,0,38200992.5,0,2
CONT_s1_l2a_TearsOfSteel,1789855116.395,0.1027,4537,5,0,34016936.2,0,2
CONT_s1_l2a_TearsOfSteel,1789855116.498,0.1026,65,1,0,24899068.0,0,1
CONT_s1_l2a_TearsOfSteel,1789855116.6,0.1024,4472,4,0,41762356.5,0,2
CONT_s1_l2a_TearsOfSteel,1789855116.703,0.1024,4407,3,0,53890576.0,0,1
CONT_s1_l2a_TearsOfSteel,1789855116.805,0.1025,3138,5,0,38410244.2,0,2
CONT_s1_l2a_TearsOfSteel,1789855116.908,0.1026,3003,3,0,39268984.7,0,2
CONT_s1_l2a_TearsOfSteel,1789855117.011,0.1026,1599,3,0,31825043.0,0,2
CONT_s1_l2a_TearsOfSteel,1789855117.113,0.1023,4605,6,0,41526712.5,0,2
CONT_s1_l2a_TearsOfSteel,1789855117.215,0.1025,3131,5,0,43005667.6,0,2
CONT_s1_l2a_TearsOfSteel,1789855117.318,0.1027,3139,5,0,36916137.6,0,2
CONT_s1_l2a_TearsOfSteel,1789855117.421,0.1026,1536,2,0,35821303.5,0,2
CONT_s1_l2a_TearsOfSteel,1789855117.523,0.1025,0,0,0,0,0,0
CONT_s1_l2a_TearsOfSteel,1789855117.625,0.1023,7553,7,0,40091470.0,0,3
CONT_s1_l2a_TearsOfSteel,1789855117.728,0.1025,3139,5,0,40157179.4,0,2
CONT_s1_l2a_TearsOfSteel,1789855117.832,0.1045,3072,4,0,36064506.5,0,2
CONT_s1_l2a_TearsOfSteel,1789855117.935,0.1028,0,0,0,0,0,0
CONT_s1_l2a_TearsOfSteel,1789855118.038,0.1025,5948,5,0,45331448.6,0,2
CONT_s1_l2a_TearsOfSteel,1789855118.14,0.1024,3072,4,0,44168984.5,0,2
CONT_s1_l2a_TearsOfSteel,1789855118.243,0.1025,1985,3,0,41195054.0,0,2
CONT_s1_l2a_TearsOfSteel,1789855118.345,0.1025,3354,5,0,43536748.4,0,2
CONT_s1_l2a_TearsOfSteel,1789855118.449,0.104,0,0,0,0,0,0
CONT_s1_l2a_TearsOfSteel,1789855118.552,0.1026,7475,7,0,54229194.1,0,2
CONT_s1_l2a_TearsOfSteel,1789855118.654,0.1024,3121,5,0,48428647.4,0,2
CONT_s1_l2a_TearsOfSteel,1789855118.756,0.1024,0,0,0,0,0,0
CONT_s1_l2a_TearsOfSteel,1789855118.859,0.1026,5941,5,0,53832575.0,0,2
CONT_s1_l2a_TearsOfSteel,1789855118.962,0.1025,65,1,0,57027752.0,0,1
CONT_s1_l2a_TearsOfSteel,1789855119.064,0.1025,5941,5,0,59565801.8,0,2
CONT_s1_l2a_TearsOfSteel,1789855119.167,0.1025,3128,5,0,46947343.2,0,3
CONT_s1_l2a_TearsOfSteel,1789855119.269,0.1026,3069,4,0,51675012.5,0,2
CONT_s1_l2a_TearsOfSteel,1789855119.372,0.1027,0,0,0,0,0,0
CONT_s1_l2a_TearsOfSteel,1789855119.474,0.1026,6141,8,0,58226588.5,0,2
CONT_s1_l2a_TearsOfSteel,1789855119.577,0.1025,3894,8,0,32567394.5,0,5
CONT_s1_l2a_TearsOfSteel,1789855119.68,0.1026,3077,4,0,48024595.0,0,2
CONT_s1_l2a_TearsOfSteel,1789855119.782,0.1027,0,0,0,0,0,0
CONT_s1_l2a_TearsOfSteel,1789855119.885,0.1026,6010,6,0,52782531.7,0,2
CONT_s1_l2a_TearsOfSteel,1789855119.988,0.1027,3593,8,0,44861639.2,0,4
CONT_s1_l2a_TearsOfSteel,1789855120.09,0.1026,3070,4,0,51239149.5,0,2
CONT_s1_l2a_TearsOfSteel,1789855120.193,0.1026,1534,2,0,48529901.0,0,2
CONT_s1_l2a_TearsOfSteel,1789855120.295,0.1026,4472,4,0,51423492.5,0,2
CONT_s1_l2a_TearsOfSteel,1789855120.398,0.1028,3120,5,0,48820205.4,0,3
CONT_s1_l2a_TearsOfSteel,1789855120.501,0.1027,1312,2,0,75919326.0,0,2
CONT_s1_l2a_TearsOfSteel,1789855120.603,0.1025,4085,5,0,68823070.2,0,4
CONT_s1_l2a_TearsOfSteel,1789855120.706,0.1026,1535,2,0,58334905.5,0,2
CONT_s1_l2a_TearsOfSteel,1789855120.809,0.1026,4606,6,0,61978848.0,0,2
CONT_s1_l2a_TearsOfSteel,1789855120.911,0.1028,3072,4,0,56807170.0,0,2
CONT_s1_l2a_TearsOfSteel,1789855121.014,0.1027,3052,3,0,113929716.3,0,2
CONT_s1_l2a_TearsOfSteel,1789855121.117,0.1026,3052,3,0,117368140.3,0,2
CONT_s1_l2a_TearsOfSteel,1789855121.219,0.1027,3074,4,0,82105730.0,0,2
CONT_s1_l2a_TearsOfSteel,1789855121.322,0.1027,4548,5,0,72018295.4,0,2
CONT_s1_l2a_TearsOfSteel,1789855121.425,0.1028,1569,2,0,94569135.0,0,2
CONT_s1_l2a_TearsOfSteel,1789855121.528,0.1027,3104,4,0,137318555.0,0,2
CONT_s1_l2a_TearsOfSteel,1789855121.63,0.1026,3193,4,0,96474216.0,0,3
CONT_s1_l2a_TearsOfSteel,1789855121.733,0.1026,4539,5,0,87181783.0,0,2
CONT_s1_l2a_TearsOfSteel,1789855121.836,0.103,3118,4,0,124260842.2,0,3
CONT_s1_l2a_TearsOfSteel,1789855121.941,0.1054,3052,3,0,134395177.3,0,2
CONT_s1_l2a_TearsOfSteel,1789855122.044,0.1028,1535,2,0,91732060.5,0,2
CONT_s1_l2a_TearsOfSteel,1789855122.147,0.1025,4474,4,0,92881279.8,0,2
CONT_s1_l2a_TearsOfSteel,1789855122.249,0.1026,1603,3,0,86634361.0,0,2
CONT_s1_l2a_TearsOfSteel,1789855122.352,0.1028,3052,3,0,152956838.3,0,2
CONT_s1_l2a_TearsOfSteel,1789855122.455,0.1029,4521,4,0,135927775.5,0,3
CONT_s1_l2a_TearsOfSteel,1789855122.557,0.1026,3005,3,0,95595356.7,0,2
CONT_s1_l2a_TearsOfSteel,1789855122.66,0.1026,3005,3,0,96841795.7,0,2
CONT_s1_l2a_TearsOfSteel,1789855122.763,0.1026,1603,3,0,91581960.0,0,2
CONT_s1_l2a_TearsOfSteel,1789855122.865,0.1028,3052,3,0,171885315.7,0,2
CONT_s1_l2a_TearsOfSteel,1789855122.968,0.1027,4588,5,0,140138690.8,0,4
CONT_s1_l2a_TearsOfSteel,1789855123.071,0.1026,2938,2,0,101963519.0,0,1
CONT_s1_l2a_TearsOfSteel,1789855123.173,0.1026,2669,5,0,92366037.4,0,2
CONT_s1_l2a_TearsOfSteel,1789855123.276,0.1026,3052,3,0,181546102.0,0,2
CONT_s1_l2a_TearsOfSteel,1789855123.378,0.1027,3052,3,0,175471204.0,0,2
CONT_s1_l2a_TearsOfSteel,1789855123.481,0.1027,1537,2,0,98891410.5,0,2
CONT_s1_l2a_TearsOfSteel,1789855123.584,0.1026,4617,6,0,98362766.0,0,2
CONT_s1_l2a_TearsOfSteel,1789855123.686,0.1026,3148,4,0,72045905.2,0,3
CONT_s1_l2a_TearsOfSteel,1789855123.789,0.1026,3052,3,0,194516349.7,0,2
CONT_s1_l2a_TearsOfSteel,1789855123.892,0.103,3052,3,0,188362011.0,0,2
CONT_s1_l2a_TearsOfSteel,1789855123.995,0.1027,1538,2,0,100753029.0,0,2
CONT_s1_l2a_TearsOfSteel,1789855124.097,0.1025,4537,5,0,100120545.6,0,2
CONT_s1_l2a_TearsOfSteel,1789855124.2,0.1026,3003,3,0,97248528.0,0,2
CONT_s1_l2a_TearsOfSteel,1789855124.302,0.1026,3052,3,0,206098390.7,0,2
CONT_s1_l2a_TearsOfSteel,1789855124.405,0.1028,3052,3,0,198776123.0,0,2
CONT_s1_l2a_TearsOfSteel,1789855124.508,0.1027,1534,2,0,102052338.0,0,2
CONT_s1_l2a_TearsOfSteel,1789855124.61,0.1026,4472,4,0,100780293.5,0,2
CONT_s1_l2a_TearsOfSteel,1789855124.713,0.1026,1534,2,0,97597495.0,0,2
CONT_s1_l2a_TearsOfSteel,1789855124.816,0.1026,3003,3,0,95097431.7,0,2
CONT_s1_l2a_TearsOfSteel,1789855124.919,0.1028,3052,3,0,220302285.3,0,2
CONT_s1_l2a_TearsOfSteel,1789855125.021,0.1026,4586,5,0,167885299.4,0,4
CONT_s1_l2a_TearsOfSteel,1789855125.124,0.1025,3344,5,0,95279324.2,0,2
CONT_s1_l2a_TearsOfSteel,1789855125.226,0.1027,1535,2,0,93986621.0,0,2
CONT_s1_l2a_TearsOfSteel,1789855125.331,0.105,3070,4,0,91318557.5,0,2
CONT_s1_l2a_TearsOfSteel,1789855125.434,0.1027,3052,3,0,229069268.3,0,2
CONT_s1_l2a_TearsOfSteel,1789855125.537,0.1027,4587,5,0,172118484.8,0,4
CONT_s1_l2a_TearsOfSteel,1789855125.639,0.1026,141,1,0,3276298.0,0,1
CONT_s1_l2a_TearsOfSteel,1789855125.742,0.1026,6010,6,0,95093627.7,0,2
CONT_s1_l2a_TearsOfSteel,1789855125.845,0.1027,1536,2,0,91173227.0,0,2
CONT_s1_l2a_TearsOfSteel,1789855125.95,0.1051,3052,3,0,234373219.0,0,2
CONT_s1_l2a_TearsOfSteel,1789855126.052,0.1027,4593,5,0,173690397.8,0,4
CONT_s1_l2a_TearsOfSteel,1789855126.155,0.1026,0,0,0,0,0,0
CONT_s1_l2a_TearsOfSteel,1789855126.258,0.1027,6010,6,0,92543682.0,0,2
CONT_s1_l2a_TearsOfSteel,1789855126.36,0.1027,1536,2,0,89117479.0,0,2
CONT_s1_l2a_TearsOfSteel,1789855126.463,0.1027,3052,3,0,238527435.3,0,2
CONT_s1_l2a_TearsOfSteel,1789855126.566,0.1026,4586,5,0,175218245.6,0,4
CONT_s1_l2a_TearsOfSteel,1789855126.668,0.1026,68,1,0,106234036.0,0,1
CONT_s1_l2a_TearsOfSteel,1789855126.771,0.1026,5941,5,0,85601589.8,0,2
CONT_s1_l2a_TearsOfSteel,1789855126.874,0.1027,3068,4,0,83175643.5,0,2
CONT_s1_l2a_TearsOfSteel,1789855126.976,0.1027,3052,3,0,246792078.7,0,2
CONT_s1_l2a_TearsOfSteel,1789855127.079,0.1026,3052,3,0,236492233.0,0,2
CONT_s1_l2a_TearsOfSteel,1789855127.182,0.1026,1708,5,0,94590419.8,0,2
CONT_s1_l2a_TearsOfSteel,1789855127.284,0.1026,3052,3,0,225892107.0,0,2
CONT_s1_l2a_TearsOfSteel,1789855127.387,0.1027,3167,5,0,168442277.8,0,4
CONT_s1_l2a_TearsOfSteel,1789855127.489,0.1027,3052,3,0,198941243.7,0,2
CONT_s1_l2a_TearsOfSteel,1789855127.592,0.1026,3052,3,0,186895928.3,0,2
CONT_s1_l2a_TearsOfSteel,1789855127.695,0.1026,3680,5,0,128683398.6,0,4
CONT_s1_l2a_TearsOfSteel,1789855127.797,0.1026,3052,3,0,166234718.7,0,2
CONT_s1_l2a_TearsOfSteel,1789855127.9,0.103,3831,6,0,135375214.7,0,4
CONT_s1_l2a_TearsOfSteel,1789855128.003,0.1028,3052,3,0,150141874.0,0,2
CONT_s1_l2a_TearsOfSteel,1789855128.106,0.1026,3460,7,0,132274836.3,0,4
CONT_s1_l2a_TearsOfSteel,1789855128.209,0.103,3052,3,0,137353505.0,0,2
CONT_s1_l2a_TearsOfSteel,1789855128.311,0.1027,3052,3,0,131445923.3,0,2
CONT_s1_l2a_TearsOfSteel,1789855128.414,0.1027,3052,3,0,125899498.7,0,2
CONT_s1_l2a_TearsOfSteel,1789855128.517,0.1027,3052,3,0,120866985.3,0,2
CONT_s1_l2a_TearsOfSteel,1789855128.619,0.1025,3052,3,0,116292968.0,0,2
CONT_s1_l2a_TearsOfSteel,1789855128.722,0.1026,3052,3,0,112136624.0,0,2
CONT_s1_l2a_TearsOfSteel,1789855128.824,0.1026,3052,3,0,108353133.7,0,2
CONT_s1_l2a_TearsOfSteel,1789855128.927,0.1028,3052,3,0,104901478.7,0,2
CONT_s1_l2a_TearsOfSteel,1789855129.03,0.1027,3052,3,0,101756837.0,0,2
CONT_s1_l2a_TearsOfSteel,1789855129.132,0.1025,3052,3,0,98883124.0,0,2
CONT_s1_l2a_TearsOfSteel,1789855129.235,0.1027,269948,228,0,6645627.8,0,6
CONT_s1_l2a_TearsOfSteel,1789855129.338,0.1028,0,0,0,0,0,0
CONT_s1_l2a_TearsOfSteel,1789855129.442,0.1043,52,1,0,8608288.0,0,1
CONT_s1_l2a_TearsOfSteel,1789855129.545,0.1029,16604,13,0,15933160.3,0,2
CONT_s1_l2a_TearsOfSteel,1789855129.648,0.1027,1705,3,0,11535900.0,0,3
CONT_s1_l2a_TearsOfSteel,1789855129.751,0.1028,1564,2,0,16161708.0,0,2
CONT_s1_l2a_TearsOfSteel,1789855129.854,0.1029,3128,4,0,20101213.5,0,2
CONT_s1_l2a_TearsOfSteel,1789855129.958,0.1042,6256,8,0,25570193.0,0,2
CONT_s1_l2a_TearsOfSteel,1789855130.061,0.1028,6320,9,0,31516450.6,0,2
CONT_s1_l2a_TearsOfSteel,1789855130.164,0.1028,3128,4,0,34093019.0,0,2
CONT_s1_l2a_TearsOfSteel,1789855130.266,0.1029,6320,9,0,40949714.7,0,2
CONT_s1_l2a_TearsOfSteel,1789855130.369,0.1028,3128,4,0,46250482.5,0,2
CONT_s1_l2a_TearsOfSteel,1789855130.472,0.1029,3128,4,0,50322744.5,0,2
CONT_s1_l2a_TearsOfSteel,1789855130.575,0.1028,3128,4,0,53903487.5,0,2
CONT_s1_l2a_TearsOfSteel,1789855130.678,0.1027,3128,4,0,57052615.0,0,2
CONT_s1_l2a_TearsOfSteel,1789855130.781,0.1031,4681,6,0,105789726.7,0,4
CONT_s1_l2a_TearsOfSteel,1789855130.884,0.103,3160,4,0,66985693.0,0,2
CONT_s1_l2a_TearsOfSteel,1789855130.987,0.1029,3160,4,0,68553294.0,0,2
CONT_s1_l2a_TearsOfSteel,1789855131.089,0.1027,6320,8,0,71135590.0,0,2
CONT_s1_l2a_TearsOfSteel,1789855131.192,0.1027,3160,4,0,72203819.0,0,2
CONT_s1_l2a_TearsOfSteel,1789855131.295,0.1029,4740,6,0,61695821.0,0,2
CONT_s1_l2a_TearsOfSteel,1789855131.398,0.103,3160,4,0,54229249.0,0,2
CONT_s1_l2a_TearsOfSteel,1789855131.501,0.1029,4740,6,0,44691643.5,0,2
CONT_s1_l2a_TearsOfSteel,1789855131.604,0.1027,3160,4,0,39281366.5,0,2
CONT_s1_l2a_TearsOfSteel,1789855131.706,0.1027,3285,5,0,28404891.8,0,3
CONT_s1_l2a_TearsOfSteel,1789855131.809,0.1028,4692,6,0,28462159.0,0,2
CONT_s1_l2a_TearsOfSteel,1789855131.912,0.1031,3128,4,0,25023484.5,0,2
CONT_s1_l2a_TearsOfSteel,1789855132.015,0.1029,4692,6,0,20624551.0,0,2
CONT_s1_l2a_TearsOfSteel,1789855132.118,0.1027,3128,4,0,18131709.5,0,2
CONT_s1_l2a_TearsOfSteel,1789855132.221,0.1027,1564,2,0,17003307.5,0,2
CONT_s1_l2a_TearsOfSteel,1789855132.324,0.1029,6256,8,0,29256224.5,0,2
CONT_s1_l2a_TearsOfSteel,1789855132.426,0.103,1539,2,0,187153084.0,0,2
CONT_s1_l2a_TearsOfSteel,1789855132.529,0.1029,6304,8,0,44950752.5,0,2
CONT_s1_l2a_TearsOfSteel,1789855132.632,0.1027,3160,4,0,49193627.0,0,2
CONT_s1_l2a_TearsOfSteel,1789855132.735,0.1029,3160,4,0,52907913.5,0,2
CONT_s1_l2a_TearsOfSteel,1789855132.838,0.103,3160,4,0,56187936.5,0,2
CONT_s1_l2a_TearsOfSteel,1789855132.942,0.1045,4662,6,0,190239354.0,0,4
CONT_s1_l2a_TearsOfSteel,1789855133.045,0.103,4740,6,0,53816021.5,0,2
CONT_s1_l2a_TearsOfSteel,1789855133.148,0.1027,3152,4,0,47344911.0,0,2
CONT_s1_l2a_TearsOfSteel,1789855133.251,0.1029,4700,6,0,39048241.5,0,2
CONT_s1_l2a_TearsOfSteel,1789855133.354,0.1028,3052,3,0,35085954.7,0,2
CONT_s1_l2a_TearsOfSteel,1789855133.457,0.1029,3104,4,0,33558720.5,0,2
CONT_s1_l2a_TearsOfSteel,1789855133.56,0.1029,4552,4,0,27922650.8,0,2
CONT_s1_l2a_TearsOfSteel,1789855133.662,0.1029,1693,3,0,20628724.0,0,3
CONT_s1_l2a_TearsOfSteel,1789855133.765,0.1029,6272,8,0,37554625.0,0,2
CONT_s1_l2a_TearsOfSteel,1789855133.869,0.1032,3160,4,0,42687834.5,0,2
CONT_s1_l2a_TearsOfSteel,1789855133.971,0.1029,3160,4,0,47193002.0,0,2
CONT_s1_l2a_TearsOfSteel,1789855134.074,0.1028,4740,6,0,52492691.5,0,2
CONT_s1_l2a_TearsOfSteel,1789855134.177,0.1028,3160,4,0,48480216.0,0,2
CONT_s1_l2a_TearsOfSteel,1789855134.28,0.1028,4724,6,0,39957749.0,0,2
CONT_s1_l2a_TearsOfSteel,1789855134.383,0.1031,3107,4,0,182115527.5,0,4
CONT_s1_l2a_TearsOfSteel,1789855134.486,0.1028,4671,6,0,158707381.2,0,4
CONT_s1_l2a_TearsOfSteel,1789855134.588,0.1027,3152,5,0,29829295.6,0,3
CONT_s1_l2a_TearsOfSteel,1789855134.692,0.1031,3000,2,0,39100408.0,0,1
CONT_s1_l2a_TearsOfSteel,1789855134.795,0.1029,3000,2,0,44046651.0,0,1
CONT_s1_l2a_TearsOfSteel,1789855134.898,0.1031,3000,2,0,48392188.0,0,1
CONT_s1_l2a_TearsOfSteel,1789855135.001,0.103,6130,7,0,331240767.1,0,3
CONT_s1_l2a_TearsOfSteel,1789855135.103,0.1028,2181,4,0,28406527.5,0,3
CONT_s1_l2a_TearsOfSteel,1789855135.206,0.1029,6078,7,0,279102887.4,0,3
CONT_s1_l2a_TearsOfSteel,1789855135.309,0.1029,2005,5,0,30916658.6,0,2
CONT_s1_l2a_TearsOfSteel,1789855135.412,0.1031,0,0,0,0,0,0
CONT_s1_l2a_TearsOfSteel,1789855135.516,0.1033,8807,9,0,217077035.4,0,3
CONT_s1_l2a_TearsOfSteel,1789855135.619,0.1029,3214,5,0,47684110.0,0,2
CONT_s1_l2a_TearsOfSteel,1789855135.722,0.1029,3245,5,0,42624221.6,0,3
CONT_s1_l2a_TearsOfSteel,1789855135.825,0.103,2026,3,0,47351077.0,0,2
CONT_s1_l2a_TearsOfSteel,1789855135.928,0.1031,6262,7,0,222885784.6,0,2
CONT_s1_l2a_TearsOfSteel,1789855136.031,0.103,3088,4,0,247939086.5,0,2
CONT_s1_l2a_TearsOfSteel,1789855136.134,0.1029,3128,4,0,83181979.0,0,2
CONT_s1_l2a_TearsOfSteel,1789855136.236,0.1029,3128,4,0,82792818.5,0,2
CONT_s1_l2a_TearsOfSteel,1789855136.34,0.1031,0,0,0,0,0,0
CONT_s1_l2a_TearsOfSteel,1789855136.444,0.1046,8969,8,0,197039259.5,0,2
CONT_s1_l2a_TearsOfSteel,1789855136.547,0.1031,4577,5,0,158017323.8,0,4
CONT_s1_l2a_TearsOfSteel,1789855136.65,0.103,3128,4,0,105975881.0,0,2
CONT_s1_l2a_TearsOfSteel,1789855136.753,0.1029,0,0,0,0,0,0
CONT_s1_l2a_TearsOfSteel,1789855136.856,0.1032,7410,6,0,163228098.8,0,2
CONT_s1_l2a_TearsOfSteel,1789855136.959,0.1031,1534,2,0,211584056.0,0,2
CONT_s1_l2a_TearsOfSteel,1789855137.062,0.1029,6044,6,0,146397375.7,0,4
CONT_s1_l2a_TearsOfSteel,1789855137.165,0.1029,1572,2,0,135811745.5,0,2
CONT_s1_l2a_TearsOfSteel,1789855137.268,0.1031,6282,7,0,127359048.9,0,2
CONT_s1_l2a_TearsOfSteel,1789855137.371,0.1031,3068,4,0,170994684.0,0,2
CONT_s1_l2a_TearsOfSteel,1789855137.474,0.1031,0,0,0,0,0,0
CONT_s1_l2a_TearsOfSteel,1789855137.577,0.1029,7505,7,0,127624754.7,0,4
CONT_s1_l2a_TearsOfSteel,1789855137.68,0.1029,141,1,0,4088247.0,0,1
CONT_s1_l2a_TearsOfSteel,1789855137.783,0.103,5941,5,0,116008340.2,0,2
CONT_s1_l2a_TearsOfSteel,1789855137.886,0.1031,3003,3,0,131309839.7,0,2
CONT_s1_l2a_TearsOfSteel,1789855137.989,0.103,6140,8,0,132510167.5,0,2
CONT_s1_l2a_TearsOfSteel,1789855138.092,0.1029,1564,2,0,143481613.0,0,2
CONT_s1_l2a_TearsOfSteel,1789855138.195,0.1029,5943,5,0,104982658.6,0,2
CONT_s1_l2a_TearsOfSteel,1789855138.298,0.1032,3340,5,0,95989976.4,0,2
CONT_s1_l2a_TearsOfSteel,1789855138.401,0.1031,3089,4,0,131379473.8,0,4
CONT_s1_l2a_TearsOfSteel,1789855138.505,0.1033,0,0,0,0,0,0
CONT_s1_l2a_TearsOfSteel,1789855138.608,0.1029,6154,8,0,113185576.0,0,2
CONT_s1_l2a_TearsOfSteel,1789855138.711,0.1031,4476,4,0,93569654.5,0,2
CONT_s1_l2a_TearsOfSteel,1789855138.814,0.1029,4507,4,0,106193069.8,0,3
CONT_s1_l2a_TearsOfSteel,1789855138.917,0.1029,1604,3,0,154848762.7,0,2
CONT_s1_l2a_TearsOfSteel,1789855139.02,0.1031,6006,6,0,102322917.3,0,2
CONT_s1_l2a_TearsOfSteel,1789855139.123,0.103,0,0,0,0,0,0
CONT_s1_l2a_TearsOfSteel,1789855139.226,0.1029,5941,5,0,90841224.2,0,2
CONT_s1_l2a_TearsOfSteel,1789855139.331,0.1051,6131,7,0,148448167.1,0,4
CONT_s1_l2a_TearsOfSteel,1789855139.434,0.1031,0,0,0,0,0,0
CONT_s1_l2a_TearsOfSteel,1789855139.537,0.103,4761,5,0,93053808.4,0,2
CONT_s1_l2a_TearsOfSteel,1789855139.64,0.103,6141,8,0,98740582.0,0,2
CONT_s1_l2a_TearsOfSteel,1789855139.743,0.103,3146,4,0,69612037.5,0,3
CONT_s1_l2a_TearsOfSteel,1789855139.846,0.1031,3116,4,0,209548258.5,0,2
CONT_s1_l2a_TearsOfSteel,1789855139.95,0.1045,3005,3,0,96930284.3,0,2
CONT_s1_l2a_TearsOfSteel,1789855140.053,0.1029,6010,6,0,91506251.7,0,2
CONT_s1_l2a_TearsOfSteel,1789855140.156,0.1029,3005,3,0,88519707.0,0,2
CONT_s1_l2a_TearsOfSteel,1789855140.259,0.103,3052,3,0,220100288.0,0,2
CONT_s1_l2a_TearsOfSteel,1789855140.362,0.1031,3052,3,0,209184835.0,0,2
CONT_s1_l2a_TearsOfSteel,1789855140.465,0.103,6153,8,0,100404417.0,0,2
CONT_s1_l2a_TearsOfSteel,1789855140.568,0.103,0,0,0,0,0,0
CONT_s1_l2a_TearsOfSteel,1789855140.671,0.103,4476,4,0,93098802.5,0,2
CONT_s1_l2a_TearsOfSteel,1789855140.775,0.1033,6286,9,0,177152521.0,0,4
CONT_s1_l2a_TearsOfSteel,1789855140.878,0.103,3349,5,0,88341436.6,0,2
CONT_s1_l2a_TearsOfSteel,1789855140.981,0.1031,4407,3,0,82578148.0,0,1
CONT_s1_l2a_TearsOfSteel,1789855141.084,0.1029,3193,5,0,194728028.2,0,3
CONT_s1_l2a_TearsOfSteel,1789855141.187,0.103,3098,4,0,147371878.2,0,4
CONT_s1_l2a_TearsOfSteel,1789855141.29,0.103,4537,5,0,87526803.6,0,2
CONT_s1_l2a_TearsOfSteel,1789855141.393,0.1032,0,0,0,0,0,0
CONT_s1_l2a_TearsOfSteel,1789855141.496,0.1031,6036,6,0,126547066.2,0,4
CONT_s1_l2a_TearsOfSteel,1789855141.599,0.103,3128,4,0,203681991.0,0,2
CONT_s1_l2a_TearsOfSteel,1789855141.702,0.1029,6260,8,0,131024193.9,0,5
CONT_s1_l2a_TearsOfSteel,1789855141.805,0.1029,65,1,0,94336591.0,0,1
CONT_s1_l2a_TearsOfSteel,1789855141.908,0.1032,7657,9,0,125827272.2,0,4
CONT_s1_l2a_TearsOfSteel,1789855142.011,0.1031,3052,3,0,186763952.0,0,2
CONT_s1_l2a_TearsOfSteel,1789855142.114,0.1028,3052,3,0,174485834.7,0,2
CONT_s1_l2a_TearsOfSteel,1789855142.217,0.1029,3052,3,0,163459149.0,0,2
CONT_s1_l2a_TearsOfSteel,1789855142.32,0.103,4611,6,0,124357902.5,0,2
CONT_s1_l2a_TearsOfSteel,1789855142.423,0.1032,4670,6,0,154635447.2,0,4
CONT_s1_l2a_TearsOfSteel,1789855142.526,0.1031,3128,4,0,161235258.5,0,2
CONT_s1_l2a_TearsOfSteel,1789855142.629,0.1029,4692,6,0,144420691.5,0,2
CONT_s1_l2a_TearsOfSteel,1789855142.732,0.103,0,0,0,0,0,0
CONT_s1_l2a_TearsOfSteel,1789855142.836,0.1042,6280,7,0,124143968.6,0,2
CONT_s1_l2a_TearsOfSteel,1789855142.942,0.1064,4651,6,0,146002732.3,0,4
CONT_s1_l2a_TearsOfSteel,1789855143.045,0.1031,3128,4,0,133445529.0,0,2
CONT_s1_l2a_TearsOfSteel,1789855143.148,0.1029,1564,2,0,125107268.0,0,2
CONT_s1_l2a_TearsOfSteel,1789855143.251,0.103,0,0,0,0,0,0
CONT_s1_l2a_TearsOfSteel,1789855143.354,0.103,9146,11,0,132148390.3,0,2
CONT_s1_l2a_TearsOfSteel,1789855143.457,0.103,4616,5,0,141405213.0,0,2
CONT_s1_l2a_TearsOfSteel,1789855143.56,0.1029,3052,3,0,128181013.3,0,2
CONT_s1_l2a_TearsOfSteel,1789855143.663,0.103,3057,4,0,139719012.5,0,3
CONT_s1_l2a_TearsOfSteel,1789855143.766,0.1029,4682,6,0,112135145.0,0,3
CONT_s1_l2a_TearsOfSteel,1789855143.869,0.103,4692,6,0,126722377.0,0,2
CONT_s1_l2a_TearsOfSteel,1789855143.972,0.103,3128,4,0,121057532.5,0,2
CONT_s1_l2a_TearsOfSteel,1789855144.075,0.1029,3005,3,0,145082186.0,0,2
CONT_s1_l2a_TearsOfSteel,1789855144.178,0.103,4474,4,0,135416049.2,0,2
CONT_s1_l2a_TearsOfSteel,1789855144.281,0.103,4652,6,0,137533332.7,0,4
CONT_s1_l2a_TearsOfSteel,1789855144.384,0.1031,3040,3,0,123527907.7,0,2
CONT_s1_l2a_TearsOfSteel,1789855144.487,0.103,3005,3,0,142028335.7,0,2
CONT_s1_l2a_TearsOfSteel,1789855144.59,0.103,4815,6,0,117435325.7,0,2
CONT_s1_l2a_TearsOfSteel,1789855144.693,0.103,3072,4,0,120236534.0,0,2
CONT_s1_l2a_TearsOfSteel,1789855144.796,0.103,3000,2,0,138765025.0,0,1
CONT_s1_l2a_TearsOfSteel,1789855144.899,0.1031,3005,3,0,115790278.0,0,2
CONT_s1_l2a_TearsOfSteel,1789855145.002,0.103,0,0,0,0,0,0
CONT_s1_l2a_TearsOfSteel,1789855145.105,0.1029,9020,9,0,99024110.3,0,2
CONT_s1_l2a_TearsOfSteel,1789855145.208,0.103,0,0,0,0,0,0
CONT_s1_l2a_TearsOfSteel,1789855145.311,0.103,4474,4,0,92169534.5,0,2
CONT_s1_l2a_TearsOfSteel,1789855145.414,0.1031,5943,5,0,87606085.4,0,2
CONT_s1_l2a_TearsOfSteel,1789855145.518,0.1031,3068,4,0,91401440.0,0,2
CONT_s1_l2a_TearsOfSteel,1789855145.62,0.1029,0,0,0,0,0,0
CONT_s1_l2a_TearsOfSteel,1789855145.723,0.103,6369,7,0,64425757.0,0,3
CONT_s1_l2a_TearsOfSteel,1789855145.826,0.103,5941,5,0,75280102.8,0,2
CONT_s1_l2a_TearsOfSteel,1789855145.93,0.1039,3068,4,0,80098782.5,0,2
CONT_s1_l2a_TearsOfSteel,1789855146.033,0.103,0,0,0,0,0,0
CONT_s1_l2a_TearsOfSteel,1789855146.136,0.1028,7410,6,0,69111871.0,0,2
CONT_s1_l2a_TearsOfSteel,1789855146.239,0.1029,0,0,0,0,0,0
CONT_s1_l2a_TearsOfSteel,1789855146.342,0.1031,7475,7,0,73221632.0,0,2
CONT_s1_l2a_TearsOfSteel,1789855146.447,0.1049,1882,4,0,71837997.0,0,2
CONT_s1_l2a_TearsOfSteel,1789855146.55,0.103,6141,8,0,69439616.5,0,2
CONT_s1_l2a_TearsOfSteel,1789855146.653,0.1029,4546,5,0,58947345.6,0,2
CONT_s1_l2a_TearsOfSteel,1789855146.756,0.103,67,1,0,69046449.0,0,1
CONT_s1_l2a_TearsOfSteel,1789855146.859,0.103,0,0,0,0,0,0
CONT_s1_l2a_TearsOfSteel,1789855146.962,0.1031,10484,10,0,56662040.8,0,2
CONT_s1_l2a_TearsOfSteel,1789855147.065,0.1031,3068,4,0,54694419.0,0,2
CONT_s1_l2a_TearsOfSteel,1789855147.168,0.103,0,0,0,0,0,0
CONT_s1_l2a_TearsOfSteel,1789855147.271,0.1029,7410,6,0,52631516.5,0,2
CONT_s1_l2a_TearsOfSteel,1789855147.374,0.1031,4472,4,0,56215947.0,0,2
CONT_s1_l2a_TearsOfSteel,1789855147.477,0.103,3133,5,0,59820219.4,0,2
CONT_s1_l2a_TearsOfSteel,1789855147.58,0.103,4749,5,0,43997152.0,0,1
CONT_s1_l2a_TearsOfSteel,1789855147.683,0.103,3200,6,0,55764183.3,0,2
CONT_s1_l2a_TearsOfSteel,1789855147.786,0.1029,141,1,0,4751311.0,0,1
CONT_s1_l2a_TearsOfSteel,1789855147.889,0.1031,7540,8,0,49397031.4,0,2
CONT_s1_l2a_TearsOfSteel,1789855147.992,0.103,0,0,0,0,0,0
CONT_s1_l2a_TearsOfSteel,1789855148.095,0.103,7536,8,0,51225544.2,0,2
CONT_s1_l2a_TearsOfSteel,1789855148.198,0.1029,50,1,0,48753548.0,0,1
CONT_s1_l2a_TearsOfSteel,1789855148.301,0.1029,65,1,0,67481070.0,0,1
CONT_s1_l2a_TearsOfSteel,1789855148.404,0.103,0,0,0,0,0,0
CONT_s1_l2a_TearsOfSteel,1789855148.507,0.103,0,0,0,0,0,0
CONT_s1_l2a_TearsOfSteel,1789855148.61,0.1031,0,0,0,0,0,0
CONT_s1_l2a_TearsOfSteel,1789855148.713,0.1029,3160,4,0,12177.0,0,1
CONT_s1_l2a_TearsOfSteel,1789855148.816,0.1033,2507,7,0,6251455.6,0,2
CONT_s1_l2a_TearsOfSteel,1789855148.92,0.1034,16704,22,0,9270926.4,0,2
CONT_s1_l2a_TearsOfSteel,1789855149.023,0.1032,4100,6,0,11924700.0,0,2
CONT_s1_l2a_TearsOfSteel,1789855149.126,0.1032,2675,3,0,9455118.3,0,2
CONT_s1_l2a_TearsOfSteel,1789855149.229,0.1033,4100,6,0,10761883.0,0,2
CONT_s1_l2a_TearsOfSteel,1789855149.333,0.1042,4042,5,0,9036040.4,0,2
CONT_s1_l2a_TearsOfSteel,1789855149.438,0.1043,4342,8,0,11274936.5,0,2
CONT_s1_l2a_TearsOfSteel,1789855149.541,0.1032,3010,6,0,19054713.5,0,2
CONT_s1_l2a_TearsOfSteel,1789855149.644,0.1031,2809,5,0,25655973.4,0,2
CONT_s1_l2a_TearsOfSteel,1789855149.747,0.1031,5653,9,0,30274024.8,0,3
CONT_s1_l2a_TearsOfSteel,1789855149.85,0.1032,3026,6,0,35123127.5,0,2
CONT_s1_l2a_TearsOfSteel,1789855149.954,0.1035,4187,7,0,35070369.6,0,2
CONT_s1_l2a_TearsOfSteel,1789855150.057,0.103,4182,7,0,30285594.0,0,2
CONT_s1_l2a_TearsOfSteel,1789855150.16,0.1031,4183,7,0,33493716.0,0,2
CONT_s1_l2a_TearsOfSteel,1789855150.263,0.1031,2754,4,0,31326145.0,0,2
CONT_s1_l2a_TearsOfSteel,1789855150.366,0.1032,2754,4,0,33944867.0,0,2
CONT_s1_l2a_TearsOfSteel,1789855150.47,0.1032,5288,5,0,39333387.0,0,1
CONT_s1_l2a_TearsOfSteel,1789855150.573,0.1031,2812,5,0,44712803.8,0,2
CONT_s1_l2a_TearsOfSteel,1789855150.676,0.1031,4124,6,0,46703481.5,0,2
CONT_s1_l2a_TearsOfSteel,1789855150.779,0.1031,4128,6,0,38499196.5,0,2
CONT_s1_l2a_TearsOfSteel,1789855150.882,0.1032,0,0,0,0,0,0
CONT_s1_l2a_TearsOfSteel,1789855150.985,0.1032,8133,10,0,44651788.6,0,2
CONT_s1_l2a_TearsOfSteel,1789855151.088,0.1031,2757,4,0,44733225.5,0,2
CONT_s1_l2a_TearsOfSteel,1789855151.192,0.1031,4139,6,0,42421801.0,0,2
CONT_s1_l2a_TearsOfSteel,1789855151.295,0.1032,4337,8,0,39150040.5,0,2
CONT_s1_l2a_TearsOfSteel,1789855151.398,0.1031,4122,6,0,38797055.5,0,2
CONT_s1_l2a_TearsOfSteel,1789855151.501,0.1032,1375,2,0,39344073.5,0,2
CONT_s1_l2a_TearsOfSteel,1789855151.604,0.1032,5365,6,0,37460610.0,0,2
CONT_s1_l2a_TearsOfSteel,1789855151.708,0.1032,4199,6,0,28084831.8,0,3
CONT_s1_l2a_TearsOfSteel,1789855151.811,0.1031,4062,5,0,28444542.0,0,2
CONT_s1_l2a_TearsOfSteel,1789855151.914,0.1033,2817,5,0,27019042.8,0,2
CONT_s1_l2a_TearsOfSteel,1789855152.017,0.1032,4386,6,0,29831941.5,0,2
CONT_s1_l2a_TearsOfSteel,1789855152.12,0.1031,4319,5,0,33817395.0,0,2
CONT_s1_l2a_TearsOfSteel,1789855152.223,0.1031,1462,2,0,32619723.0,0,2
CONT_s1_l2a_TearsOfSteel,1789855152.327,0.1033,6041,7,0,33021224.9,0,2
CONT_s1_l2a_TearsOfSteel,1789855152.43,0.1037,2914,4,0,32208412.5,0,2
CONT_s1_l2a_TearsOfSteel,1789855152.534,0.1032,2977,5,0,28245531.8,0,2
CONT_s1_l2a_TearsOfSteel,1789855152.637,0.1031,2851,3,0,29625311.7,0,2
CONT_s1_l2a_TearsOfSteel,1789855152.74,0.1031,5702,6,0,31363766.3,0,2
CONT_s1_l2a_TearsOfSteel,1789855152.843,0.1033,4375,6,0,26222038.5,0,2
CONT_s1_l2a_TearsOfSteel,1789855152.948,0.1048,1457,2,0,25493083.0,0,2
CONT_s1_l2a_TearsOfSteel,1789855153.051,0.1033,5639,5,0,32385299.4,0,2
CONT_s1_l2a_TearsOfSteel,1789855153.154,0.1031,1520,3,0,27686073.0,0,2
CONT_s1_l2a_TearsOfSteel,1789855153.257,0.1031,4305,5,0,33382893.8,0,2
CONT_s1_l2a_TearsOfSteel,1789855153.361,0.1033,5805,7,0,35232237.0,0,2
CONT_s1_l2a_TearsOfSteel,1789855153.464,0.1032,3562,5,0,32469149.2,0,2
CONT_s1_l2a_TearsOfSteel,1789855153.567,0.1032,1520,3,0,30746141.3,0,2
CONT_s1_l2a_TearsOfSteel,1789855153.67,0.1032,5639,5,0,35738225.8,0,2
CONT_s1_l2a_TearsOfSteel,1789855153.773,0.1031,4449,6,0,32730309.8,0,3
CONT_s1_l2a_TearsOfSteel,1789855153.877,0.1033,1568,3,0,35423100.3,0,2
CONT_s1_l2a_TearsOfSteel,1789855153.98,0.1032,5874,6,0,35614093.7,0,2
CONT_s1_l2a_TearsOfSteel,1789855154.083,0.1031,63,1,0,32918201.0,0,1
CONT_s1_l2a_TearsOfSteel,1789855154.186,0.1031,7248,6,0,41642709.3,0,2
CONT_s1_l2a_TearsOfSteel,1789855154.289,0.1031,2937,3,0,44296864.3,0,2
CONT_s1_l2a_TearsOfSteel,1789855154.393,0.1033,4448,6,0,41466304.5,0,2
CONT_s1_l2a_TearsOfSteel,1789855154.496,0.1032,1559,3,0,38674271.7,0,2
CONT_s1_l2a_TearsOfSteel,1789855154.599,0.1031,0,0,0,0,0,0
CONT_s1_l2a_TearsOfSteel,1789855154.702,0.1032,8996,12,0,43428972.0,0,2
CONT_s1_l2a_TearsOfSteel,1789855154.805,0.1032,4374,4,0,44101849.0,0,2
CONT_s1_l2a_TearsOfSteel,1789855154.909,0.1034,3068,5,0,38260889.6,0,2
CONT_s1_l2a_TearsOfSteel,1789855155.012,0.1033,4503,6,0,39455001.0,0,2
CONT_s1_l2a_TearsOfSteel,1789855155.115,0.1031,1501,2,0,37006798.5,0,2
CONT_s1_l2a_TearsOfSteel,1789855155.218,0.1032,5878,6,0,38325380.0,0,2
CONT_s1_l2a_TearsOfSteel,1789855155.321,0.1031,1563,3,0,35086443.7,0,2
CONT_s1_l2a_TearsOfSteel,1789855155.425,0.1033,5546,8,0,35985472.0,0,2
CONT_s1_l2a_TearsOfSteel,1789855155.528,0.1032,4454,5,0,30796317.4,0,2
CONT_s1_l2a_TearsOfSteel,1789855155.631,0.1032,3057,5,0,27715314.2,0,2
CONT_s1_l2a_TearsOfSteel,1789855155.734,0.1032,3076,4,0,24077931.2,0,3
CONT_s1_l2a_TearsOfSteel,1789855155.838,0.1033,4311,3,0,38298359.0,0,1
CONT_s1_l2a_TearsOfSteel,1789855155.942,0.1048,4520,6,0,33029310.5,0,2
CONT_s1_l2a_TearsOfSteel,1789855156.046,0.1032,3099,5,0,28884508.0,0,2
CONT_s1_l2a_TearsOfSteel,1789855156.149,0.1031,2977,3,0,31614057.0,0,2
CONT_s1_l2a_TearsOfSteel,1789855156.252,0.1032,2977,3,0,34925345.7,0,2
CONT_s1_l2a_TearsOfSteel,1789855156.355,0.1032,5893,5,0,41250291.8,0,2
CONT_s1_l2a_TearsOfSteel,1789855156.459,0.1039,3807,5,0,35827045.4,0,2
CONT_s1_l2a_TearsOfSteel,1789855156.562,0.1033,1580,3,0,31151288.3,0,2
CONT_s1_l2a_TearsOfSteel,1789855156.665,0.1032,4435,4,0,38625952.8,0,2
CONT_s1_l2a_TearsOfSteel,1789855156.769,0.1032,2977,3,0,41012420.3,0,2
CONT_s1_l2a_TearsOfSteel,1789855156.872,0.1032,4435,4,0,46245151.8,0,2
CONT_s1_l2a_TearsOfSteel,1789855156.975,0.1032,4496,5,0,45456580.4,0,2
CONT_s1_l2a_TearsOfSteel,1789855157.078,0.1031,1520,2,0,41397344.5,0,2
CONT_s1_l2a_TearsOfSteel,1789855157.181,0.1031,6086,8,0,48042123.5,0,2
CONT_s1_l2a_TearsOfSteel,1789855157.284,0.1032,2979,3,0,52059054.0,0,2
CONT_s1_l2a_TearsOfSteel,1789855157.388,0.1032,3606,6,0,48009775.7,0,2
CONT_s1_l2a_TearsOfSteel,1789855157.491,0.1032,4500,5,0,47785927.8,0,2
CONT_s1_l2a_TearsOfSteel,1789855157.594,0.1031,4681,8,0,47258092.0,0,2
CONT_s1_l2a_TearsOfSteel,1789855157.697,0.1032,2916,2,0,54251943.0,0,1
CONT_s1_l2a_TearsOfSteel,1789855157.8,0.1031,4641,6,0,44041652.2,0,3
CONT_s1_l2a_TearsOfSteel,1789855157.903,0.1032,3116,5,0,46471209.8,0,2
CONT_s1_l2a_TearsOfSteel,1789855158.007,0.1032,4437,4,0,46728923.0,0,2
CONT_s1_l2a_TearsOfSteel,1789855158.11,0.1031,2979,3,0,48347281.3,0,2
CONT_s1_l2a_TearsOfSteel,1789855158.213,0.1031,1584,3,0,44364143.7,0,2
CONT_s1_l2a_TearsOfSteel,1789855158.316,0.1032,5895,5,0,50552792.6,0,2
CONT_s1_l2a_TearsOfSteel,1789855158.419,0.1033,2100,4,0,45344903.0,0,2
CONT_s1_l2a_TearsOfSteel,1789855158.523,0.1032,5939,5,0,51659118.4,0,2
CONT_s1_l2a_TearsOfSteel,1789855158.626,0.1031,1595,3,0,44656018.7,0,2
CONT_s1_l2a_TearsOfSteel,1789855158.729,0.1037,5876,4,0,55504542.0,0,1
CONT_s1_l2a_TearsOfSteel,1789855158.833,0.1038,1593,3,0,51364860.0,0,2
CONT_s1_l2a_TearsOfSteel,1789855158.937,0.1034,5937,5,0,56007795.0,0,2
CONT_s1_l2a_TearsOfSteel,1789855159.04,0.1032,2999,3,0,55398381.0,0,2
CONT_s1_l2a_TearsOfSteel,1789855159.143,0.1034,61,1,0,43584837.0,0,1
CONT_s1_l2a_TearsOfSteel,1789855159.246,0.1031,7593,9,0,55690103.9,0,2
CONT_s1_l2a_TearsOfSteel,1789855159.35,0.1033,3391,6,0,49364630.5,0,2
CONT_s1_l2a_TearsOfSteel,1789855159.455,0.1054,3001,3,0,52409096.0,0,2
CONT_s1_l2a_TearsOfSteel,1789855159.558,0.1033,3001,3,0,53466273.3,0,2
CONT_s1_l2a_TearsOfSteel,1789855159.662,0.103,6007,6,0,50369903.0,0,2
CONT_s1_l2a_TearsOfSteel,1789855159.765,0.1031,1736,4,0,31067031.0,0,3
CONT_s1_l2a_TearsOfSteel,1789855159.868,0.1033,5939,5,0,52847185.6,0,2
CONT_s1_l2a_TearsOfSteel,1789855159.971,0.1034,3001,3,0,51030885.3,0,2
CONT_s1_l2a_TearsOfSteel,1789855160.075,0.1032,4592,6,0,41903428.5,0,2
CONT_s1_l2a_TearsOfSteel,1789855160.178,0.1032,2999,3,0,45092746.0,0,2
CONT_s1_l2a_TearsOfSteel,1789855160.281,0.1031,4468,4,0,50018538.2,0,2
CONT_s1_l2a_TearsOfSteel,1789855160.384,0.1033,3263,4,0,49833715.5,0,2
CONT_s1_l2a_TearsOfSteel,1789855160.488,0.1034,3121,5,0,38990269.0,0,2
CONT_s1_l2a_TearsOfSteel,1789855160.591,0.1032,4468,4,0,44677175.0,0,2
CONT_s1_l2a_TearsOfSteel,1789855160.694,0.1031,61,1,0,29572479.0,0,1
CONT_s1_l2a_TearsOfSteel,1789855160.797,0.1033,5937,5,0,50678749.2,0,2
CONT_s1_l2a_TearsOfSteel,1789855160.901,0.1034,4529,5,0,48416799.2,0,2
CONT_s1_l2a_TearsOfSteel,1789855161.004,0.1033,3065,4,0,40749437.0,0,2
CONT_s1_l2a_TearsOfSteel,1789855161.107,0.1031,0,0,0,0,0,0
CONT_s1_l2a_TearsOfSteel,1789855161.21,0.1032,9383,12,0,45805981.6,0,2
CONT_s1_l2a_TearsOfSteel,1789855161.313,0.1031,3064,4,0,41974213.0,0,2
CONT_s1_l2a_TearsOfSteel,1789855161.417,0.1033,1593,3,0,36929714.0,0,2
CONT_s1_l2a_TearsOfSteel,1789855161.52,0.1032,4468,4,0,45576958.8,0,2
CONT_s1_l2a_TearsOfSteel,1789855161.623,0.1031,4529,5,0,45154801.0,0,2
CONT_s1_l2a_TearsOfSteel,1789855161.726,0.1032,3061,4,0,39444173.5,0,2
CONT_s1_l2a_TearsOfSteel,1789855161.832,0.106,4734,7,0,38933938.6,0,3
CONT_s1_l2a_TearsOfSteel,1789855161.935,0.1032,4470,4,0,49859981.2,0,2
CONT_s1_l2a_TearsOfSteel,1789855162.039,0.1033,3069,4,0,48954000.5,0,2
CONT_s1_l2a_TearsOfSteel,1789855162.142,0.1032,1532,2,0,48050944.5,0,2
CONT_s1_l2a_TearsOfSteel,1789855162.245,0.1033,6256,7,0,49149777.3,0,2
CONT_s1_l2a_TearsOfSteel,1789855162.348,0.1032,3127,5,0,43646951.4,0,2
CONT_s1_l2a_TearsOfSteel,1789855162.453,0.1046,4407,3,0,48940217.0,0,1
CONT_s1_l2a_TearsOfSteel,1789855162.556,0.1033,1591,3,0,47345134.0,0,2
CONT_s1_l2a_TearsOfSteel,1789855162.659,0.1032,5937,5,0,50086331.4,0,2
CONT_s1_l2a_TearsOfSteel,1789855162.763,0.1032,2999,3,0,51200553.0,0,2
CONT_s1_l2a_TearsOfSteel,1789855162.866,0.1033,1591,3,0,50754936.7,0,2
CONT_s1_l2a_TearsOfSteel,1789855162.969,0.1032,5998,6,0,52817273.7,0,2
CONT_s1_l2a_TearsOfSteel,1789855163.072,0.1033,4407,3,0,54063374.0,0,1
CONT_s1_l2a_TearsOfSteel,1789855163.176,0.1032,1591,3,0,55247401.3,0,2
CONT_s1_l2a_TearsOfSteel,1789855163.279,0.1032,6315,8,0,47354259.2,0,2
CONT_s1_l2a_TearsOfSteel,1789855163.382,0.1032,61,1,0,52971387.0,0,1
CONT_s1_l2a_TearsOfSteel,1789855163.485,0.1033,6003,6,0,49991130.3,0,2
CONT_s1_l2a_TearsOfSteel,1789855163.589,0.1032,4407,3,0,50235464.0,0,1
CONT_s1_l2a_TearsOfSteel,1789855163.692,0.1032,1591,3,0,55284244.7,0,2
CONT_s1_l2a_TearsOfSteel,1789855163.795,0.1032,6140,7,0,48531507.0,0,3
CONT_s1_l2a_TearsOfSteel,1789855163.898,0.1034,0,0,0,0,0,0
CONT_s1_l2a_TearsOfSteel,1789855164.002,0.1033,7923,11,0,55404338.7,0,2
CONT_s1_l2a_TearsOfSteel,1789855164.105,0.1032,0,0,0,0,0,0
CONT_s1_l2a_TearsOfSteel,1789855164.208,0.1032,6134,8,0,56215455.5,0,2
CONT_s1_l2a_TearsOfSteel,1789855164.311,0.1031,4407,3,0,53668449.0,0,1
CONT_s1_l2a_TearsOfSteel,1789855164.414,0.1032,4537,5,0,57231658.4,0,2
CONT_s1_l2a_TearsOfSteel,1789855164.518,0.1032,3003,3,0,57189422.0,0,2
CONT_s1_l2a_TearsOfSteel,1789855164.621,0.1031,3133,5,0,54474313.0,0,2
CONT_s1_l2a_TearsOfSteel,1789855164.724,0.1032,4407,3,0,53652538.0,0,1
CONT_s1_l2a_TearsOfSteel,1789855164.828,0.1041,3073,4,0,56065632.5,0,2
CONT_s1_l2a_TearsOfSteel,1789855164.931,0.1033,4472,4,0,55692951.0,0,2
CONT_s1_l2a_TearsOfSteel,1789855165.035,0.1033,3068,4,0,54348508.5,0,2
CONT_s1_l2a_TearsOfSteel,1789855165.138,0.1031,4789,6,0,51115271.5,0,2
CONT_s1_l2a_TearsOfSteel,1789855165.241,0.1032,1591,3,0,49002683.7,0,2
CONT_s1_l2a_TearsOfSteel,1789855165.344,0.1033,4529,5,0,48899570.0,0,2
CONT_s1_l2a_TearsOfSteel,1789855165.449,0.1046,2999,3,0,49582110.3,0,2
CONT_s1_l2a_TearsOfSteel,1789855165.552,0.1031,5937,5,0,53044746.8,0,2
CONT_s1_l2a_TearsOfSteel,1789855165.655,0.1031,2999,3,0,52608325.3,0,2
CONT_s1_l2a_TearsOfSteel,1789855165.758,0.1032,4529,5,0,50895202.6,0,2
CONT_s1_l2a_TearsOfSteel,1789855165.861,0.1032,1732,4,0,36137138.0,0,3
CONT_s1_l2a_TearsOfSteel,1789855165.965,0.1032,4468,4,0,53026027.0,0,2
CONT_s1_l2a_TearsOfSteel,1789855166.068,0.1032,4407,3,0,59344829.0,0,1
CONT_s1_l2a_TearsOfSteel,1789855166.171,0.1032,1849,4,0,50165304.0,0,2
CONT_s1_l2a_TearsOfSteel,1789855166.274,0.1031,6065,7,0,49242895.4,0,2
CONT_s1_l2a_TearsOfSteel,1789855166.377,0.1033,0,0,0,0,0,0
CONT_s1_l2a_TearsOfSteel,1789855166.481,0.1032,6125,8,0,53907978.5,0,2
CONT_s1_l2a_TearsOfSteel,1789855166.584,0.1031,4407,3,0,59701755.0,0,1
CONT_s1_l2a_TearsOfSteel,1789855166.687,0.1032,4533,5,0,57420492.4,0,2
CONT_s1_l2a_TearsOfSteel,1789855166.79,0.1031,3128,5,0,54056336.0,0,2
CONT_s1_l2a_TearsOfSteel,1789855166.893,0.1032,1533,2,0,51795568.5,0,2
CONT_s1_l2a_TearsOfSteel,1789855166.997,0.1032,6069,7,0,54015970.6,0,2
CONT_s1_l2a_TearsOfSteel,1789855167.1,0.1032,3385,6,0,47250749.3,0,2
CONT_s1_l2a_TearsOfSteel,1789855167.203,0.1032,4607,6,0,40626809.5,0,2
CONT_s1_l2a_TearsOfSteel,1789855167.306,0.1032,1599,3,0,38000855.3,0,2
CONT_s1_l2a_TearsOfSteel,1789855167.409,0.1033,6006,6,0,37693494.7,0,2
CONT_s1_l2a_TearsOfSteel,1789855167.513,0.1033,3003,3,0,39037561.7,0,2
CONT_s1_l2a_TearsOfSteel,1789855167.616,0.1032,4602,6,0,36867288.0,0,2
CONT_s1_l2a_TearsOfSteel,1789855167.719,0.1032,3060,4,0,32928955.5,0,2
CONT_s1_l2a_TearsOfSteel,1789855167.822,0.1032,4670,6,0,29158216.7,0,3
CONT_s1_l2a_TearsOfSteel,1789855167.926,0.1033,1591,3,0,31905673.7,0,2
CONT_s1_l2a_TearsOfSteel,1789855168.029,0.1032,4468,4,0,36620895.0,0,2
CONT_s1_l2a_TearsOfSteel,1789855168.132,0.1031,4793,6,0,35454411.3,0,2
CONT_s1_l2a_TearsOfSteel,1789855168.235,0.1032,3060,4,0,32931156.0,0,2
CONT_s1_l2a_TearsOfSteel,1789855168.339,0.1038,4534,5,0,33717732.2,0,2
CONT_s1_l2a_TearsOfSteel,1789855168.447,0.1079,1591,3,0,31831968.7,0,2
CONT_s1_l2a_TearsOfSteel,1789855168.55,0.1034,5876,4,0,39371400.0,0,1
CONT_s1_l2a_TearsOfSteel,1789855168.653,0.103,3060,4,0,39830294.5,0,2
CONT_s1_l2a_TearsOfSteel,1789855168.756,0.1033,4655,7,0,34752372.3,0,2
CONT_s1_l2a_TearsOfSteel,1789855168.86,0.1032,2999,3,0,34495896.0,0,2
CONT_s1_l2a_TearsOfSteel,1789855168.963,0.1032,2033,7,0,33316036.7,0,2
CONT_s1_l2a_TearsOfSteel,1789855169.066,0.1032,6001,6,0,41041182.0,0,2
CONT_s1_l2a_TearsOfSteel,1789855169.169,0.1032,1704,5,0,36606471.4,0,2
CONT_s1_l2a_TearsOfSteel,1789855169.273,0.1032,113,2,0,41081481.5,0,2
CONT_s1_l2a_TearsOfSteel,1789855169.376,0.1031,0,0,0,0,0,0
CONT_s1_l2a_TearsOfSteel,1789855169.479,0.1035,0,0,0,0,0,0
CONT_s1_l2a_TearsOfSteel,1789855169.582,0.1031,0,0,0,0,0,0
CONT_s1_l2a_TearsOfSteel,1789855169.685,0.1032,486,1,0,54106404.0,0,1
CONT_s1_l2a_TearsOfSteel,1789855169.789,0.1031,913,4,0,51868571.8,0,3
CONT_s1_l2a_TearsOfSteel,1789855169.892,0.1032,15028,13,0,47108408.3,0,2
CONT_s1_l2a_TearsOfSteel,1789855169.995,0.1032,61,1,0,70791544.0,0,1
CONT_s1_l2a_TearsOfSteel,1789855170.098,0.1031,7467,7,0,52268141.9,0,2
CONT_s1_l2a_TearsOfSteel,1789855170.201,0.1031,3121,5,0,51454176.2,0,2
CONT_s1_l2a_TearsOfSteel,1789855170.304,0.1031,4529,5,0,40545718.2,0,2
CONT_s1_l2a_TearsOfSteel,1789855170.408,0.1032,3060,4,0,38203389.0,0,2
CONT_s1_l2a_TearsOfSteel,1789855170.511,0.1032,4824,7,0,32424287.7,0,2
CONT_s1_l2a_TearsOfSteel,1789855170.614,0.1031,3060,4,0,29468015.5,0,2
CONT_s1_l2a_TearsOfSteel,1789855170.717,0.1032,3121,5,0,26808541.4,0,2
CONT_s1_l2a_TearsOfSteel,1789855170.82,0.1032,4473,4,0,27073125.0,0,2
CONT_s1_l2a_TearsOfSteel,1789855170.924,0.1033,3121,5,0,25959657.0,0,2
CONT_s1_l2a_TearsOfSteel,1789855171.027,0.1032,4529,5,0,21426991.0,0,2
CONT_s1_l2a_TearsOfSteel,1789855171.13,0.103,3060,4,0,20361813.0,0,2
CONT_s1_l2a_TearsOfSteel,1789855171.233,0.1032,4529,5,0,21354180.4,0,2
CONT_s1_l2a_TearsOfSteel,1789855171.337,0.1035,3060,4,0,25909948.5,0,2
CONT_s1_l2a_TearsOfSteel,1789855171.442,0.1053,4793,6,0,26121539.0,0,2
CONT_s1_l2a_TearsOfSteel,1789855171.545,0.1034,3060,4,0,22932378.5,0,2
CONT_s1_l2a_TearsOfSteel,1789855171.648,0.103,4652,7,0,20213585.4,0,2
CONT_s1_l2a_TearsOfSteel,1789855171.751,0.1031,1536,2,0,19788362.5,0,2
CONT_s1_l2a_TearsOfSteel,1789855171.854,0.1032,4735,7,0,25183173.7,0,3
CONT_s1_l2a_TearsOfSteel,1789855171.958,0.1032,4470,4,0,32649434.5,0,2
CONT_s1_l2a_TearsOfSteel,1789855172.061,0.1031,4598,6,0,29517684.5,0,2
CONT_s1_l2a_TearsOfSteel,1789855172.164,0.1033,3066,4,0,25963060.5,0,2
CONT_s1_l2a_TearsOfSteel,1789855172.268,0.104,3584,9,0,25868970.6,0,2
CONT_s1_l2a_TearsOfSteel,1789855172.371,0.1032,4474,4,0,27084564.8,0,2
CONT_s1_l2a_TearsOfSteel,1789855172.474,0.1033,3077,4,0,26970303.0,0,2
CONT_s1_l2a_TearsOfSteel,1789855172.578,0.1031,4541,5,0,29427060.2,0,2
CONT_s1_l2a_TearsOfSteel,1789855172.681,0.1032,3066,4,0,30258831.0,0,2
CONT_s1_l2a_TearsOfSteel,1789855172.784,0.1032,3139,5,0,26988708.4,0,2
CONT_s1_l2a_TearsOfSteel,1789855172.887,0.1032,4474,4,0,29016162.0,0,2
CONT_s1_l2a_TearsOfSteel,1789855172.99,0.1033,3121,5,0,26636087.8,0,2
CONT_s1_l2a_TearsOfSteel,1789855173.094,0.1031,4468,4,0,29512698.2,0,2
CONT_s1_l2a_TearsOfSteel,1789855173.197,0.1031,3121,5,0,25722944.2,0,2
CONT_s1_l2a_TearsOfSteel,1789855173.3,0.1031,4468,4,0,27908624.2,0,2
CONT_s1_l2a_TearsOfSteel,1789855173.403,0.1033,3379,6,0,28791446.7,0,2
CONT_s1_l2a_TearsOfSteel,1789855173.506,0.1032,3126,5,0,24854360.0,0,2
CONT_s1_l2a_TearsOfSteel,1789855173.609,0.1032,4468,4,0,29144500.2,0,2
CONT_s1_l2a_TearsOfSteel,1789855173.713,0.1032,4590,6,0,23972204.0,0,2
CONT_s1_l2a_TearsOfSteel,1789855173.816,0.1032,3140,4,0,21445228.8,0,3
CONT_s1_l2a_TearsOfSteel,1789855173.919,0.1033,4529,5,0,30187792.4,0,2
CONT_s1_l2a_TearsOfSteel,1789855174.022,0.1032,3060,4,0,27504301.0,0,2
CONT_s1_l2a_TearsOfSteel,1789855174.125,0.1031,3060,4,0,28688095.5,0,2
CONT_s1_l2a_TearsOfSteel,1789855174.229,0.1032,4529,5,0,27083893.8,0,2
CONT_s1_l2a_TearsOfSteel,1789855174.333,0.1044,3377,6,0,24947663.7,0,2
CONT_s1_l2a_TearsOfSteel,1789855174.436,0.1032,3060,4,0,27170497.5,0,2
CONT_s1_l2a_TearsOfSteel,1789855174.539,0.1032,4535,5,0,32585121.4,0,2
CONT_s1_l2a_TearsOfSteel,1789855174.642,0.1031,4593,6,0,33651568.0,0,2
CONT_s1_l2a_TearsOfSteel,1789855174.746,0.1031,3001,3,0,34575417.0,0,2
CONT_s1_l2a_TearsOfSteel,1789855174.849,0.1033,3127,5,0,29236467.8,0,2
CONT_s1_l2a_TearsOfSteel,1789855174.953,0.1043,3066,4,0,32033755.5,0,2
CONT_s1_l2a_TearsOfSteel,1789855175.056,0.1031,6067,7,0,37592996.7,0,2
CONT_s1_l2a_TearsOfSteel,1789855175.159,0.1031,3064,4,0,34701284.5,0,2
CONT_s1_l2a_TearsOfSteel,1789855175.262,0.103,3378,6,0,27637576.7,0,3
CONT_s1_l2a_TearsOfSteel,1789855175.366,0.1034,3127,5,0,32569197.2,0,2
CONT_s1_l2a_TearsOfSteel,1789855175.469,0.1033,4538,5,0,35461966.2,0,2
CONT_s1_l2a_TearsOfSteel,1789855175.572,0.1032,4645,7,0,21685476.4,0,4
CONT_s1_l2a_TearsOfSteel,1789855175.676,0.1033,3570,4,0,29643507.2,0,3
CONT_s1_l2a_TearsOfSteel,1789855175.779,0.1032,4533,5,0,35365014.4,0,2
CONT_s1_l2a_TearsOfSteel,1789855175.882,0.1034,3142,4,0,30246635.5,0,3
CONT_s1_l2a_TearsOfSteel,1789855175.986,0.1033,3123,5,0,33249075.6,0,2
CONT_s1_l2a_TearsOfSteel,1789855176.089,0.1033,5117,10,0,40400191.0,0,4
CONT_s1_l2a_TearsOfSteel,1789855176.192,0.1033,2999,3,0,38538532.3,0,2
CONT_s1_l2a_TearsOfSteel,1789855176.295,0.1033,4785,6,0,38779458.2,0,2
CONT_s1_l2a_TearsOfSteel,1789855176.399,0.1035,1591,3,0,36240627.0,0,2
CONT_s1_l2a_TearsOfSteel,1789855176.502,0.1034,4529,5,0,38683329.2,0,2
CONT_s1_l2a_TearsOfSteel,1789855176.605,0.1032,4581,6,0,36525105.7,0,3
CONT_s1_l2a_TearsOfSteel,1789855176.709,0.1032,2909,5,0,53456992.4,0,4
CONT_s1_l2a_TearsOfSteel,1789855176.812,0.1032,4593,6,0,35864092.5,0,2
CONT_s1_l2a_TearsOfSteel,1789855176.915,0.1034,1532,2,0,37034543.5,0,2
CONT_s1_l2a_TearsOfSteel,1789855177.019,0.1034,6002,6,0,36555283.3,0,2
CONT_s1_l2a_TearsOfSteel,1789855177.122,0.1032,3125,5,0,30673144.8,0,2
CONT_s1_l2a_TearsOfSteel,1789855177.225,0.1032,4468,4,0,32949422.5,0,2
CONT_s1_l2a_TearsOfSteel,1789855177.33,0.1046,3377,6,0,30724968.0,0,2
CONT_s1_l2a_TearsOfSteel,1789855177.433,0.1036,4590,6,0,25907108.5,0,2
CONT_s1_l2a_TearsOfSteel,1789855177.537,0.1033,3060,4,0,23721065.0,0,2
CONT_s1_l2a_TearsOfSteel,1789855177.64,0.1033,4629,6,0,57846436.3,0,4
CONT_s1_l2a_TearsOfSteel,1789855177.743,0.1034,1530,2,0,26736277.0,0,2
CONT_s1_l2a_TearsOfSteel,1789855177.847,0.1033,6139,7,0,24731849.4,0,3
CONT_s1_l2a_TearsOfSteel,1789855177.95,0.1037,2999,3,0,30253853.0,0,2
CONT_s1_l2a_TearsOfSteel,1789855178.054,0.1033,3121,5,0,28182126.4,0,2
CONT_s1_l2a_TearsOfSteel,1789855178.157,0.1033,4563,5,0,77030192.0,0,4
CONT_s1_l2a_TearsOfSteel,1789855178.26,0.1033,1530,2,0,31743662.5,0,2
CONT_s1_l2a_TearsOfSteel,1789855178.364,0.1033,6262,7,0,32945542.6,0,2
CONT_s1_l2a_TearsOfSteel,1789855178.467,0.1034,2999,3,0,34982359.0,0,2
CONT_s1_l2a_TearsOfSteel,1789855178.57,0.1034,3121,5,0,30652354.0,0,2
CONT_s1_l2a_TearsOfSteel,1789855178.674,0.1033,4737,7,0,103790929.1,0,4
CONT_s1_l2a_TearsOfSteel,1789855178.777,0.1033,1530,2,0,34240625.0,0,2
CONT_s1_l2a_TearsOfSteel,1789855178.88,0.1033,4529,5,0,35709109.8,0,2
CONT_s1_l2a_TearsOfSteel,1789855178.984,0.1034,4473,4,0,41951422.5,0,2
CONT_s1_l2a_TearsOfSteel,1789855179.087,0.1033,3062,4,0,37802513.5,0,2
CONT_s1_l2a_TearsOfSteel,1789855179.19,0.1033,5180,8,0,117011964.2,0,4
CONT_s1_l2a_TearsOfSteel,1789855179.294,0.1034,1532,2,0,44506968.5,0,2
CONT_s1_l2a_TearsOfSteel,1789855179.397,0.1035,4795,6,0,44807012.7,0,2
CONT_s1_l2a_TearsOfSteel,1789855179.5,0.1034,4407,3,0,51271865.0,0,1
CONT_s1_l2a_TearsOfSteel,1789855179.604,0.1033,4693,7,0,92057492.6,0,4
CONT_s1_l2a_TearsOfSteel,1789855179.707,0.1034,3033,3,0,160512654.7,0,3
CONT_s1_l2a_TearsOfSteel,1789855179.811,0.1036,3201,5,0,39918027.6,0,3
CONT_s1_l2a_TearsOfSteel,1789855179.914,0.1035,4593,6,0,49504154.0,0,2
CONT_s1_l2a_TearsOfSteel,1789855180.018,0.1034,3063,4,0,46701864.5,0,2
CONT_s1_l2a_TearsOfSteel,1789855180.121,0.1033,3128,4,0,235182043.5,0,2
CONT_s1_l2a_TearsOfSteel,1789855180.224,0.1033,4648,6,0,161909648.3,0,4
CONT_s1_l2a_TearsOfSteel,1789855180.328,0.1035,4470,4,0,59170833.0,0,2
CONT_s1_l2a_TearsOfSteel,1789855180.431,0.1035,3132,5,0,49461957.2,0,2
CONT_s1_l2a_TearsOfSteel,1789855180.534,0.1034,4584,5,0,157969096.4,0,4
CONT_s1_l2a_TearsOfSteel,1789855180.638,0.1033,3052,3,0,220063778.0,0,2
CONT_s1_l2a_TearsOfSteel,1789855180.741,0.1033,3096,4,0,133430478.5,0,4
CONT_s1_l2a_TearsOfSteel,1789855180.844,0.1033,4470,4,0,64304540.2,0,2
CONT_s1_l2a_TearsOfSteel,1789855180.948,0.1041,3385,6,0,56041405.0,0,2
CONT_s1_l2a_TearsOfSteel,1789855181.052,0.1035,4658,6,0,168017096.2,0,4
CONT_s1_l2a_TearsOfSteel,1789855181.155,0.1032,3128,4,0,208103600.5,0,2
CONT_s1_l2a_TearsOfSteel,1789855181.258,0.1032,4774,8,0,130416809.2,0,5
CONT_s1_l2a_TearsOfSteel,1789855181.362,0.1035,0,0,0,0,0,0
CONT_s1_l2a_TearsOfSteel,1789855181.465,0.1034,7529,8,0,61390488.1,0,2
CONT_s1_l2a_TearsOfSteel,1789855181.569,0.1035,3000,2,0,184747535.0,0,1
CONT_s1_l2a_TearsOfSteel,1789855181.672,0.1034,4500,3,0,161608830.0,0,1
CONT_s1_l2a_TearsOfSteel,1789855181.776,0.1034,2181,4,0,51123044.2,0,3
CONT_s1_l2a_TearsOfSteel,1789855181.879,0.1035,4740,7,0,78101136.3,0,3
CONT_s1_l2a_TearsOfSteel,1789855181.983,0.1036,3590,8,0,41364937.1,0,4
CONT_s1_l2a_TearsOfSteel,1789855182.086,0.1035,0,0,0,0,0,0
CONT_s1_l2a_TearsOfSteel,1789855182.19,0.1034,8931,8,0,75936911.0,0,3
CONT_s1_l2a_TearsOfSteel,1789855182.293,0.1035,3927,6,0,61296412.5,0,3
CONT_s1_l2a_TearsOfSteel,1789855182.397,0.1035,557758,429,0,507927.7,0,2
CONT_s1_l2a_TearsOfSteel,1789855182.5,0.1036,7552,6,0,6423433.5,0,2
CONT_s1_l2a_TearsOfSteel,1789855182.604,0.1035,9104,8,0,11208950.5,0,2
CONT_s1_l2a_TearsOfSteel,1789855182.707,0.1035,12104,10,0,16526830.0,0,2
CONT_s1_l2a_TearsOfSteel,1789855182.811,0.1037,10604,9,0,19352405.2,0,2
CONT_s1_l2a_TearsOfSteel,1789855182.914,0.1035,12104,10,0,21058979.2,0,2
CONT_s1_l2a_TearsOfSteel,1789855183.018,0.1036,12104,10,0,22207604.6,0,2
CONT_s1_l2a_TearsOfSteel,1789855183.121,0.1034,6052,5,0,22580956.2,0,2
CONT_s1_l2a_TearsOfSteel,1789855183.225,0.1035,16679,15,0,69288203.5,0,4
CONT_s1_l2a_TearsOfSteel,1789855183.329,0.1037,10890,12,0,93804393.1,0,4
CONT_s1_l2a_TearsOfSteel,1789855183.432,0.1035,9112,9,0,83486004.6,0,4
CONT_s1_l2a_TearsOfSteel,1789855183.536,0.1036,9052,8,0,70164673.1,0,4
CONT_s1_l2a_TearsOfSteel,1789855183.639,0.1035,13656,12,0,30034542.5,0,2
CONT_s1_l2a_TearsOfSteel,1789855183.743,0.1036,10697,12,0,82998550.6,0,4
CONT_s1_l2a_TearsOfSteel,1789855183.846,0.1036,10778,11,0,46825891.8,0,5
CONT_s1_l2a_TearsOfSteel,1789855183.951,0.1051,9118,9,0,74982989.4,0,4
CONT_s1_l2a_TearsOfSteel,1789855184.055,0.1036,13621,13,0,77728628.0,0,4
CONT_s1_l2a_TearsOfSteel,1789855184.158,0.1035,9044,9,0,68107786.8,0,4
CONT_s1_l2a_TearsOfSteel,1789855184.262,0.1035,12076,11,0,58199562.7,0,4
CONT_s1_l2a_TearsOfSteel,1789855184.366,0.1036,10724,12,0,59976684.4,0,4
CONT_s1_l2a_TearsOfSteel,1789855184.469,0.1036,7885,9,0,68352214.0,0,4
CONT_s1_l2a_TearsOfSteel,1789855184.573,0.1035,10684,11,0,44941878.1,0,3
CONT_s1_l2a_TearsOfSteel,1789855184.676,0.1035,12236,14,0,54177042.4,0,4
CONT_s1_l2a_TearsOfSteel,1789855184.78,0.1035,12018,11,0,64556695.6,0,4
CONT_s1_l2a_TearsOfSteel,1789855184.883,0.1035,10397,8,0,53115337.0,0,3
CONT_s1_l2a_TearsOfSteel,1789855184.987,0.1036,7634,8,0,54871616.9,0,4
CONT_s1_l2a_TearsOfSteel,1789855185.09,0.1034,13677,12,0,46536204.7,0,3
CONT_s1_l2a_TearsOfSteel,1789855185.194,0.1035,6113,6,0,57409572.0,0,3
CONT_s1_l2a_TearsOfSteel,1789855185.297,0.1035,13646,15,0,60859017.1,0,4
CONT_s1_l2a_TearsOfSteel,1789855185.401,0.1036,11928,10,0,48036157.9,0,4
CONT_s1_l2a_TearsOfSteel,1789855185.504,0.1036,7667,8,0,56299420.1,0,3
CONT_s1_l2a_TearsOfSteel,1789855185.608,0.1036,10409,9,0,48391734.2,0,2
CONT_s1_l2a_TearsOfSteel,1789855185.711,0.1035,13769,12,0,51449346.3,0,3
CONT_s1_l2a_TearsOfSteel,1789855185.815,0.1035,9167,9,0,53714938.0,0,3
CONT_s1_l2a_TearsOfSteel,1789855185.919,0.1037,10844,13,0,51283820.6,0,5
CONT_s1_l2a_TearsOfSteel,1789855186.022,0.1037,11966,10,0,52759215.5,0,4
CONT_s1_l2a_TearsOfSteel,1789855186.126,0.1035,9107,9,0,54413978.1,0,4
CONT_s1_l2a_TearsOfSteel,1789855186.23,0.1041,11927,10,0,48562205.5,0,4
CONT_s1_l2a_TearsOfSteel,1789855186.334,0.1041,9195,10,0,54095951.9,0,4
CONT_s1_l2a_TearsOfSteel,1789855186.438,0.1038,10661,10,0,33527840.9,0,2
CONT_s1_l2a_TearsOfSteel,1789855186.541,0.1035,6082,6,0,54541124.2,0,4
CONT_s1_l2a_TearsOfSteel,1789855186.645,0.1035,14865,12,0,38223263.6,0,4
CONT_s1_l2a_TearsOfSteel,1789855186.748,0.1037,12186,12,0,52908115.7,0,4
CONT_s1_l2a_TearsOfSteel,1789855186.852,0.1035,10687,11,0,46194028.4,0,4
CONT_s1_l2a_TearsOfSteel,1789855186.956,0.1036,10532,11,0,38474071.5,0,2
CONT_s1_l2a_TearsOfSteel,1789855187.059,0.1034,10605,10,0,46942083.2,0,4
CONT_s1_l2a_TearsOfSteel,1789855187.162,0.1035,9314,11,0,32518707.3,0,2
CONT_s1_l2a_TearsOfSteel,1789855187.266,0.1034,12138,12,0,48588488.8,0,4
CONT_s1_l2a_TearsOfSteel,1789855187.37,0.1037,9156,10,0,46063175.3,0,4
CONT_s1_l2a_TearsOfSteel,1789855187.473,0.1036,9024,8,0,47600923.9,0,4
CONT_s1_l2a_TearsOfSteel,1789855187.577,0.1036,13572,12,0,49140246.6,0,4
CONT_s1_l2a_TearsOfSteel,1789855187.68,0.1036,9060,9,0,48027883.7,0,4
CONT_s1_l2a_TearsOfSteel,1789855187.784,0.1035,10701,9,0,47501827.8,0,3
CONT_s1_l2a_TearsOfSteel,1789855187.887,0.1036,9170,9,0,41030192.3,0,4
CONT_s1_l2a_TearsOfSteel,1789855187.991,0.1039,14938,14,0,36100233.6,0,2
CONT_s1_l2a_TearsOfSteel,1789855188.095,0.1037,10346,8,0,31078264.1,0,2
CONT_s1_l2a_TearsOfSteel,1789855188.199,0.1036,4844,7,0,31909478.6,0,2
CONT_s1_l2a_TearsOfSteel,1789855188.302,0.1036,13284,10,0,27601018.4,0,2
CONT_s1_l2a_TearsOfSteel,1789855188.406,0.1037,7471,7,0,30327707.7,0,2
CONT_s1_l2a_TearsOfSteel,1789855188.509,0.1035,15132,14,0,24208287.0,0,2
CONT_s1_l2a_TearsOfSteel,1789855188.613,0.1036,8877,7,0,24294681.7,0,2
CONT_s1_l2a_TearsOfSteel,1789855188.717,0.1036,8875,7,0,24626243.1,0,2
CONT_s1_l2a_TearsOfSteel,1789855188.82,0.1036,15068,13,0,22077694.7,0,2
CONT_s1_l2a_TearsOfSteel,1789855188.924,0.1037,4529,5,0,26524475.4,0,2
CONT_s1_l2a_TearsOfSteel,1789855189.027,0.1036,13468,13,0,26173064.5,0,2
CONT_s1_l2a_TearsOfSteel,1789855189.131,0.1033,13346,11,0,26283633.3,0,2
CONT_s1_l2a_TearsOfSteel,1789855189.234,0.1036,10666,10,0,24310817.0,0,2
CONT_s1_l2a_TearsOfSteel,1789855189.338,0.1037,7471,7,0,25345224.0,0,2
CONT_s1_l2a_TearsOfSteel,1789855189.443,0.1049,8877,7,0,24159531.9,0,2
CONT_s1_l2a_TearsOfSteel,1789855189.547,0.1037,10720,11,0,23018144.9,0,2
CONT_s1_l2a_TearsOfSteel,1789855189.65,0.1035,14753,11,0,23646832.2,0,2
CONT_s1_l2a_TearsOfSteel,1789855189.754,0.1035,11898,10,0,25349121.2,0,2
CONT_s1_l2a_TearsOfSteel,1789855189.857,0.1037,7721,10,0,23074506.0,0,3
CONT_s1_l2a_TearsOfSteel,1789855189.961,0.1036,61,1,0,33892577.0,0,1
CONT_s1_l2a_TearsOfSteel,1789855190.065,0.1036,0,0,0,0,0,0
CONT_s1_l2a_TearsOfSteel,1789855190.168,0.1038,0,0,0,0,0,0
CONT_s1_l2a_TearsOfSteel,1789855190.272,0.1035,0,0,0,0,0,0
CONT_s1_l2a_TearsOfSteel,1789855190.375,0.1035,0,0,0,0,0,0
CONT_s1_l2a_TearsOfSteel,1789855190.479,0.1036,0,0,0,0,0,0
CONT_s1_l2a_TearsOfSteel,1789855190.582,0.1035,0,0,0,0,0,0
CONT_s1_l2a_TearsOfSteel,1789855190.686,0.1036,0,0,0,0,0,0
CONT_s1_l2a_TearsOfSteel,1789855190.79,0.1036,0,0,0,0,0,0
CONT_s1_l2a_TearsOfSteel,1789855190.893,0.1035,0,0,0,0,0,0
CONT_s1_l2a_TearsOfSteel,1789855190.997,0.1036,0,0,0,0,0,0
CONT_s1_l2a_TearsOfSteel,1789855191.1,0.1035,0,0,0,0,0,0
CONT_s1_l2a_TearsOfSteel,1789855191.204,0.1036,0,0,0,0,0,0
CONT_s1_l2a_TearsOfSteel,1789855191.307,0.1035,0,0,0,0,0,0
CONT_s1_l2a_TearsOfSteel,1789855191.411,0.1037,0,0,0,0,0,0
CONT_s1_l2a_TearsOfSteel,1789855191.515,0.1036,0,0,0,0,0,0
CONT_s1_l2a_TearsOfSteel,1789855191.618,0.1035,0,0,0,0,0,0
CONT_s1_l2a_TearsOfSteel,1789855191.722,0.1035,0,0,0,0,0,0
CONT_s1_l2a_TearsOfSteel,1789855191.825,0.1035,0,0,0,0,0,0
CONT_s1_l2a_TearsOfSteel,1789855191.929,0.1037,141,1,0,4424728.0,0,1
CONT_s1_l2a_TearsOfSteel,1789855192.032,0.1036,0,0,0,0,0,0
CONT_s1_l2a_TearsOfSteel,1789855192.136,0.1036,0,0,0,0,0,0
CONT_s1_l2a_TearsOfSteel,1789855192.241,0.1048,0,0,0,0,0,0
CONT_s1_l2a_TearsOfSteel,1789855192.344,0.1035,0,0,0,0,0,0
CONT_s1_l2a_TearsOfSteel,1789855192.449,0.1049,0,0,0,0,0,0
CONT_s1_l2a_TearsOfSteel,1789855192.553,0.1036,0,0,0,0,0,0
CONT_s1_l2a_TearsOfSteel,1789855192.656,0.1035,0,0,0,0,0,0
CONT_s1_l2a_TearsOfSteel,1789855192.76,0.1035,0,0,0,0,0,0
CONT_s1_l2a_TearsOfSteel,1789855192.863,0.1036,0,0,0,0,0,0
CONT_s1_l2a_TearsOfSteel,1789855192.967,0.1037,0,0,0,0,0,0
CONT_s1_l2a_TearsOfSteel,1789855193.071,0.1037,0,0,0,0,0,0
CONT_s1_l2a_TearsOfSteel,1789855193.174,0.1036,0,0,0,0,0,0
CONT_s1_l2a_TearsOfSteel,1789855193.278,0.1036,0,0,0,0,0,0
CONT_s1_l2a_TearsOfSteel,1789855193.381,0.1035,0,0,0,0,0,0
CONT_s1_l2a_TearsOfSteel,1789855193.485,0.1035,0,0,0,0,0,0
CONT_s1_l2a_TearsOfSteel,1789855193.588,0.1036,0,0,0,0,0,0
CONT_s1_l2a_TearsOfSteel,1789855193.692,0.1035,0,0,0,0,0,0
CONT_s1_l2a_TearsOfSteel,1789855193.796,0.1035,0,0,0,0,0,0
CONT_s1_l2a_TearsOfSteel,1789855193.899,0.1037,141,1,0,4736183.0,0,1
CONT_s1_l2a_TearsOfSteel,1789855194.003,0.1036,0,0,0,0,0,0
CONT_s1_l2a_TearsOfSteel,1789855194.106,0.1035,0,0,0,0,0,0
CONT_s1_l2a_TearsOfSteel,1789855194.21,0.1035,0,0,0,0,0,0
CONT_s1_l2a_TearsOfSteel,1789855194.313,0.1035,0,0,0,0,0,0
CONT_s1_l2a_TearsOfSteel,1789855194.417,0.1037,0,0,0,0,0,0
CONT_s1_l2a_TearsOfSteel,1789855194.52,0.1035,0,0,0,0,0,0
CONT_s1_l2a_TearsOfSteel,1789855194.624,0.1035,0,0,0,0,0,0
CONT_s1_l2a_TearsOfSteel,1789855194.727,0.1035,0,0,0,0,0,0
CONT_s1_l2a_TearsOfSteel,1789855194.833,0.1052,0,0,0,0,0,0
CONT_s1_l2a_TearsOfSteel,1789855194.936,0.1036,0,0,0,0,0,0
CONT_s1_l2a_TearsOfSteel,1789855195.04,0.1035,0,0,0,0,0,0
CONT_s1_l2a_TearsOfSteel,1789855195.143,0.1035,0,0,0,0,0,0
CONT_s1_l2a_TearsOfSteel,1789855195.247,0.1035,0,0,0,0,0,0
CONT_s1_l2a_TearsOfSteel,1789855195.35,0.1036,0,0,0,0,0,0
CONT_s1_l2a_TearsOfSteel,1789855195.454,0.104,0,0,0,0,0,0
CONT_s1_l2a_TearsOfSteel,1789855195.558,0.1034,0,0,0,0,0,0
CONT_s1_l2a_TearsOfSteel,1789855195.661,0.1035,0,0,0,0,0,0
CONT_s1_l2a_TearsOfSteel,1789855195.765,0.1035,0,0,0,0,0,0
CONT_s1_l2a_TearsOfSteel,1789855195.868,0.1035,0,0,0,0,0,0
CONT_s1_l2a_TearsOfSteel,1789855195.972,0.1036,141,1,0,4543054.0,0,1
CONT_s1_l2a_TearsOfSteel,1789855196.075,0.1035,0,0,0,0,0,0
CONT_s1_l2a_TearsOfSteel,1789855196.179,0.1035,0,0,0,0,0,0
CONT_s1_l2a_TearsOfSteel,1789855196.282,0.1035,0,0,0,0,0,0
CONT_s1_l2a_TearsOfSteel,1789855196.386,0.1037,0,0,0,0,0,0
CONT_s1_l2a_TearsOfSteel,1789855196.49,0.1036,0,0,0,0,0,0
CONT_s1_l2a_TearsOfSteel,1789855196.593,0.1035,0,0,0,0,0,0
CONT_s1_l2a_TearsOfSteel,1789855196.697,0.1035,0,0,0,0,0,0
CONT_s1_l2a_TearsOfSteel,1789855196.8,0.1035,0,0,0,0,0,0
CONT_s1_l2a_TearsOfSteel,1789855196.904,0.1037,0,0,0,0,0,0
CONT_s1_l2a_TearsOfSteel,1789855197.007,0.1036,0,0,0,0,0,0
CONT_s1_l2a_TearsOfSteel,1789855197.111,0.1035,0,0,0,0,0,0
CONT_s1_l2a_TearsOfSteel,1789855197.214,0.1035,0,0,0,0,0,0
CONT_s1_l2a_TearsOfSteel,1789855197.318,0.1034,0,0,0,0,0,0
CONT_s1_l2a_TearsOfSteel,1789855197.422,0.1037,0,0,0,0,0,0
CONT_s1_l2a_TearsOfSteel,1789855197.525,0.1036,0,0,0,0,0,0
CONT_s1_l2a_TearsOfSteel,1789855197.629,0.1035,0,0,0,0,0,0
CONT_s1_l2a_TearsOfSteel,1789855197.732,0.1036,0,0,0,0,0,0
CONT_s1_l2a_TearsOfSteel,1789855197.836,0.1038,0,0,0,0,0,0
CONT_s1_l2a_TearsOfSteel,1789855197.941,0.1052,141,1,0,4719460.0,0,1
CONT_s1_l2a_TearsOfSteel,1789855198.045,0.1037,0,0,0,0,0,0
CONT_s1_l2a_TearsOfSteel,1789855198.148,0.1035,0,0,0,0,0,0
CONT_s1_l2a_TearsOfSteel,1789855198.252,0.1036,0,0,0,0,0,0
CONT_s1_l2a_TearsOfSteel,1789855198.355,0.1035,0,0,0,0,0,0
CONT_s1_l2a_TearsOfSteel,1789855198.459,0.104,0,0,0,0,0,0
CONT_s1_l2a_TearsOfSteel,1789855198.563,0.1037,0,0,0,0,0,0
CONT_s1_l2a_TearsOfSteel,1789855198.667,0.1036,0,0,0,0,0,0
CONT_s1_l2a_TearsOfSteel,1789855198.77,0.1035,0,0,0,0,0,0
CONT_s1_l2a_TearsOfSteel,1789855198.874,0.1036,0,0,0,0,0,0
CONT_s1_l2a_TearsOfSteel,1789855198.977,0.1036,0,0,0,0,0,0
CONT_s1_l2a_TearsOfSteel,1789855199.081,0.1035,0,0,0,0,0,0
CONT_s1_l2a_TearsOfSteel,1789855199.184,0.1034,0,0,0,0,0,0
CONT_s1_l2a_TearsOfSteel,1789855199.288,0.1036,0,0,0,0,0,0
CONT_s1_l2a_TearsOfSteel,1789855199.392,0.1037,0,0,0,0,0,0
CONT_s1_l2a_TearsOfSteel,1789855199.495,0.1036,0,0,0,0,0,0
CONT_s1_l2a_TearsOfSteel,1789855199.599,0.1035,0,0,0,0,0,0
CONT_s1_l2a_TearsOfSteel,1789855199.702,0.1035,0,0,0,0,0,0
CONT_s1_l2a_TearsOfSteel,1789855199.806,0.1035,0,0,0,0,0,0
CONT_s1_l2a_TearsOfSteel,1789855199.909,0.1037,141,1,0,4466013.0,0,1
CONT_s1_l2a_TearsOfSteel,1789855200.013,0.1036,0,0,0,0,0,0
CONT_s1_l2a_TearsOfSteel,1789855200.116,0.1034,0,0,0,0,0,0
CONT_s1_l2a_TearsOfSteel,1789855200.22,0.1035,0,0,0,0,0,0
CONT_s1_l2a_TearsOfSteel,1789855200.323,0.1035,0,0,0,0,0,0
CONT_s1_l2a_TearsOfSteel,1789855200.427,0.1037,0,0,0,0,0,0
CONT_s1_l2a_TearsOfSteel,1789855200.531,0.1039,0,0,0,0,0,0
CONT_s1_l2a_TearsOfSteel,1789855200.634,0.1034,0,0,0,0,0,0
CONT_s1_l2a_TearsOfSteel,1789855200.738,0.1035,0,0,0,0,0,0
CONT_s1_l2a_TearsOfSteel,1789855200.842,0.1036,0,0,0,0,0,0
CONT_s1_l2a_TearsOfSteel,1789855200.946,0.1044,0,0,0,0,0,0
CONT_s1_l2a_TearsOfSteel,1789855201.05,0.1037,0,0,0,0,0,0
CONT_s1_l2a_TearsOfSteel,1789855201.153,0.1035,0,0,0,0,0,0
CONT_s1_l2a_TearsOfSteel,1789855201.256,0.1034,0,0,0,0,0,0
CONT_s1_l2a_TearsOfSteel,1789855201.36,0.1035,0,0,0,0,0,0
CONT_s1_l2a_TearsOfSteel,1789855201.464,0.1035,0,0,0,0,0,0
CONT_s1_l2a_TearsOfSteel,1789855201.567,0.1035,0,0,0,0,0,0
CONT_s1_l2a_TearsOfSteel,1789855201.67,0.1035,0,0,0,0,0,0
CONT_s1_l2a_TearsOfSteel,1789855201.774,0.1035,0,0,0,0,0,0
CONT_s1_l2a_TearsOfSteel,1789855201.877,0.1034,0,0,0,0,0,0
CONT_s1_l2a_TearsOfSteel,1789855201.981,0.1035,141,1,0,4211031.0,0,1
CONT_s1_l2a_TearsOfSteel,1789855202.084,0.1035,0,0,0,0,0,0
CONT_s1_l2a_TearsOfSteel,1789855202.188,0.1035,0,0,0,0,0,0
CONT_s1_l2a_TearsOfSteel,1789855202.291,0.1035,0,0,0,0,0,0
CONT_s1_l2a_TearsOfSteel,1789855202.395,0.1036,0,0,0,0,0,0
CONT_s1_l2a_TearsOfSteel,1789855202.499,0.1036,0,0,0,0,0,0
CONT_s1_l2a_TearsOfSteel,1789855202.602,0.1035,0,0,0,0,0,0
CONT_s1_l2a_TearsOfSteel,1789855202.706,0.1035,0,0,0,0,0,0
CONT_s1_l2a_TearsOfSteel,1789855202.809,0.1035,0,0,0,0,0,0
CONT_s1_l2a_TearsOfSteel,1789855202.913,0.1035,0,0,0,0,0,0
CONT_s1_l2a_TearsOfSteel,1789855203.016,0.1035,0,0,0,0,0,0
CONT_s1_l2a_TearsOfSteel,1789855203.119,0.1034,0,0,0,0,0,0
CONT_s1_l2a_TearsOfSteel,1789855203.223,0.1035,0,0,0,0,0,0
CONT_s1_l2a_TearsOfSteel,1789855203.327,0.1035,0,0,0,0,0,0
CONT_s1_l2a_TearsOfSteel,1789855203.431,0.1046,0,0,0,0,0,0
CONT_s1_l2a_TearsOfSteel,1789855203.535,0.1036,0,0,0,0,0,0
CONT_s1_l2a_TearsOfSteel,1789855203.638,0.1034,0,0,0,0,0,0
CONT_s1_l2a_TearsOfSteel,1789855203.742,0.1035,0,0,0,0,0,0
CONT_s1_l2a_TearsOfSteel,1789855203.845,0.1037,0,0,0,0,0,0
CONT_s1_l2a_TearsOfSteel,1789855203.95,0.1044,141,1,0,4165458.0,0,1
CONT_s1_l2a_TearsOfSteel,1789855204.053,0.1036,0,0,0,0,0,0
CONT_s1_l2a_TearsOfSteel,1789855204.157,0.1035,0,0,0,0,0,0
CONT_s1_l2a_TearsOfSteel,1789855204.26,0.1036,0,0,0,0,0,0
CONT_s1_l2a_TearsOfSteel,1789855204.364,0.1035,0,0,0,0,0,0
CONT_s1_l2a_TearsOfSteel,1789855204.467,0.1036,0,0,0,0,0,0
CONT_s1_l2a_TearsOfSteel,1789855204.571,0.1036,0,0,0,0,0,0
CONT_s1_l2a_TearsOfSteel,1789855204.674,0.1035,0,0,0,0,0,0
CONT_s1_l2a_TearsOfSteel,1789855204.778,0.1036,0,0,0,0,0,0
CONT_s1_l2a_TearsOfSteel,1789855204.882,0.1037,0,0,0,0,0,0
CONT_s1_l2a_TearsOfSteel,1789855204.985,0.1036,0,0,0,0,0,0
CONT_s1_l2a_TearsOfSteel,1789855205.089,0.1035,0,0,0,0,0,0
CONT_s1_l2a_TearsOfSteel,1789855205.192,0.1034,0,0,0,0,0,0
CONT_s1_l2a_TearsOfSteel,1789855205.296,0.1036,0,0,0,0,0,0
CONT_s1_l2a_TearsOfSteel,1789855205.399,0.1037,0,0,0,0,0,0
CONT_s1_l2a_TearsOfSteel,1789855205.503,0.1036,0,0,0,0,0,0
CONT_s1_l2a_TearsOfSteel,1789855205.606,0.1035,0,0,0,0,0,0
CONT_s1_l2a_TearsOfSteel,1789855205.71,0.1034,0,0,0,0,0,0
CONT_s1_l2a_TearsOfSteel,1789855205.813,0.1036,0,0,0,0,0,0
CONT_s1_l2a_TearsOfSteel,1789855205.917,0.1037,141,1,0,3922357.0,0,1
CONT_s1_l2a_TearsOfSteel,1789855206.021,0.1035,0,0,0,0,0,0
CONT_s1_l2a_TearsOfSteel,1789855206.124,0.1036,0,0,0,0,0,0
CONT_s1_l2a_TearsOfSteel,1789855206.228,0.1041,0,0,0,0,0,0
CONT_s1_l2a_TearsOfSteel,1789855206.334,0.1054,0,0,0,0,0,0
CONT_s1_l2a_TearsOfSteel,1789855206.437,0.1036,0,0,0,0,0,0
CONT_s1_l2a_TearsOfSteel,1789855206.541,0.1036,0,0,0,0,0,0
CONT_s1_l2a_TearsOfSteel,1789855206.644,0.1035,0,0,0,0,0,0
CONT_s1_l2a_TearsOfSteel,1789855206.748,0.1036,0,0,0,0,0,0
CONT_s1_l2a_TearsOfSteel,1789855206.852,0.1036,0,0,0,0,0,0
CONT_s1_l2a_TearsOfSteel,1789855206.955,0.1036,0,0,0,0,0,0
CONT_s1_l2a_TearsOfSteel,1789855207.059,0.1034,0,0,0,0,0,0
CONT_s1_l2a_TearsOfSteel,1789855207.162,0.1035,0,0,0,0,0,0
CONT_s1_l2a_TearsOfSteel,1789855207.266,0.1035,0,0,0,0,0,0
CONT_s1_l2a_TearsOfSteel,1789855207.369,0.1036,0,0,0,0,0,0
CONT_s1_l2a_TearsOfSteel,1789855207.473,0.1036,0,0,0,0,0,0
CONT_s1_l2a_TearsOfSteel,1789855207.576,0.1035,0,0,0,0,0,0
CONT_s1_l2a_TearsOfSteel,1789855207.68,0.1035,0,0,0,0,0,0
CONT_s1_l2a_TearsOfSteel,1789855207.783,0.1035,0,0,0,0,0,0
CONT_s1_l2a_TearsOfSteel,1789855207.887,0.1036,0,0,0,0,0,0
CONT_s1_l2a_TearsOfSteel,1789855207.991,0.1036,141,1,0,4394412.0,0,1
CONT_s1_l2a_TearsOfSteel,1789855208.094,0.1035,0,0,0,0,0,0
CONT_s1_l2a_TearsOfSteel,1789855208.198,0.1035,0,0,0,0,0,0
CONT_s1_l2a_TearsOfSteel,1789855208.301,0.1035,0,0,0,0,0,0
CONT_s1_l2a_TearsOfSteel,1789855208.405,0.1036,0,0,0,0,0,0
CONT_s1_l2a_TearsOfSteel,1789855208.508,0.1036,0,0,0,0,0,0
CONT_s1_l2a_TearsOfSteel,1789855208.612,0.1036,0,0,0,0,0,0
CONT_s1_l2a_TearsOfSteel,1789855208.715,0.1036,0,0,0,0,0,0
CONT_s1_l2a_TearsOfSteel,1789855208.819,0.1035,0,0,0,0,0,0
CONT_s1_l2a_TearsOfSteel,1789855208.923,0.1037,0,0,0,0,0,0
CONT_s1_l2a_TearsOfSteel,1789855209.026,0.1035,0,0,0,0,0,0
CONT_s1_l2a_TearsOfSteel,1789855209.13,0.1035,0,0,0,0,0,0
CONT_s1_l2a_TearsOfSteel,1789855209.233,0.1035,0,0,0,0,0,0
CONT_s1_l2a_TearsOfSteel,1789855209.337,0.1037,0,0,0,0,0,0
CONT_s1_l2a_TearsOfSteel,1789855209.442,0.1052,0,0,0,0,0,0
CONT_s1_l2a_TearsOfSteel,1789855209.546,0.1035,0,0,0,0,0,0
CONT_s1_l2a_TearsOfSteel,1789855209.649,0.1036,0,0,0,0,0,0
CONT_s1_l2a_TearsOfSteel,1789855209.753,0.1035,0,0,0,0,0,0
CONT_s1_l2a_TearsOfSteel,1789855209.856,0.1035,0,0,0,0,0,0
CONT_s1_l2a_TearsOfSteel,1789855209.96,0.1036,141,1,0,4522133.0,0,1
CONT_s1_l2a_TearsOfSteel,1789855210.063,0.1036,0,0,0,0,0,0
CONT_s1_l2a_TearsOfSteel,1789855210.167,0.1035,0,0,0,0,0,0
CONT_s1_l2a_TearsOfSteel,1789855210.27,0.1035,0,0,0,0,0,0
CONT_s1_l2a_TearsOfSteel,1789855210.374,0.1035,0,0,0,0,0,0
CONT_s1_l2a_TearsOfSteel,1789855210.477,0.1036,0,0,0,0,0,0
CONT_s1_l2a_TearsOfSteel,1789855210.581,0.1035,0,0,0,0,0,0
CONT_s1_l2a_TearsOfSteel,1789855210.684,0.1035,0,0,0,0,0,0
CONT_s1_l2a_TearsOfSteel,1789855210.788,0.1035,0,0,0,0,0,0
CONT_s1_l2a_TearsOfSteel,1789855210.892,0.104,0,0,0,0,0,0
CONT_s1_l2a_TearsOfSteel,1789855210.996,0.1036,0,0,0,0,0,0
CONT_s1_l2a_TearsOfSteel,1789855211.099,0.1035,0,0,0,0,0,0
CONT_s1_l2a_TearsOfSteel,1789855211.203,0.1036,0,0,0,0,0,0
CONT_s1_l2a_TearsOfSteel,1789855211.306,0.1035,0,0,0,0,0,0
CONT_s1_l2a_TearsOfSteel,1789855211.41,0.1035,0,0,0,0,0,0
CONT_s1_l2a_TearsOfSteel,1789855211.513,0.1036,0,0,0,0,0,0
CONT_s1_l2a_TearsOfSteel,1789855211.617,0.1035,0,0,0,0,0,0
CONT_s1_l2a_TearsOfSteel,1789855211.72,0.1036,0,0,0,0,0,0
CONT_s1_l2a_TearsOfSteel,1789855211.824,0.1035,0,0,0,0,0,0
CONT_s1_l2a_TearsOfSteel,1789855211.928,0.1037,0,0,0,0,0,0
CONT_s1_l2a_TearsOfSteel,1789855212.031,0.1036,141,1,0,4527939.0,0,1
CONT_s1_l2a_TearsOfSteel,1789855212.135,0.1035,0,0,0,0,0,0
CONT_s1_l2a_TearsOfSteel,1789855212.238,0.1035,0,0,0,0,0,0
CONT_s1_l2a_TearsOfSteel,1789855212.342,0.1034,0,0,0,0,0,0
CONT_s1_l2a_TearsOfSteel,1789855212.447,0.1054,0,0,0,0,0,0
CONT_s1_l2a_TearsOfSteel,1789855212.551,0.1035,0,0,0,0,0,0
CONT_s1_l2a_TearsOfSteel,1789855212.654,0.1035,0,0,0,0,0,0
CONT_s1_l2a_TearsOfSteel,1789855212.758,0.1036,0,0,0,0,0,0
CONT_s1_l2a_TearsOfSteel,1789855212.861,0.1036,0,0,0,0,0,0
CONT_s1_l2a_TearsOfSteel,1789855212.965,0.1035,0,0,0,0,0,0
CONT_s1_l2a_TearsOfSteel,1789855213.068,0.1035,0,0,0,0,0,0
CONT_s1_l2a_TearsOfSteel,1789855213.172,0.1035,0,0,0,0,0,0
CONT_s1_l2a_TearsOfSteel,1789855213.275,0.1036,0,0,0,0,0,0
CONT_s1_l2a_TearsOfSteel,1789855213.379,0.1035,0,0,0,0,0,0
CONT_s1_l2a_TearsOfSteel,1789855213.483,0.1036,0,0,0,0,0,0
CONT_s1_l2a_TearsOfSteel,1789855213.586,0.1035,0,0,0,0,0,0
CONT_s1_l2a_TearsOfSteel,1789855213.69,0.1036,0,0,0,0,0,0
CONT_s1_l2a_TearsOfSteel,1789855213.793,0.1035,0,0,0,0,0,0
CONT_s1_l2a_TearsOfSteel,1789855213.897,0.1036,0,0,0,0,0,0
CONT_s1_l2a_TearsOfSteel,1789855214.0,0.1036,141,1,0,4845711.0,0,1
CONT_s1_l2a_TearsOfSteel,1789855214.104,0.1035,0,0,0,0,0,0
CONT_s1_l2a_TearsOfSteel,1789855214.207,0.1036,0,0,0,0,0,0
CONT_s1_l2a_TearsOfSteel,1789855214.311,0.1037,0,0,0,0,0,0
CONT_s1_l2a_TearsOfSteel,1789855214.415,0.1036,0,0,0,0,0,0
CONT_s1_l2a_TearsOfSteel,1789855214.518,0.1036,0,0,0,0,0,0
CONT_s1_l2a_TearsOfSteel,1789855214.622,0.1034,0,0,0,0,0,0
CONT_s1_l2a_TearsOfSteel,1789855214.725,0.1036,0,0,0,0,0,0
CONT_s1_l2a_TearsOfSteel,1789855214.832,0.1071,0,0,0,0,0,0
CONT_s1_l2a_TearsOfSteel,1789855214.936,0.1035,0,0,0,0,0,0
CONT_s1_l2a_TearsOfSteel,1789855215.04,0.1036,0,0,0,0,0,0
CONT_s1_l2a_TearsOfSteel,1789855215.143,0.1034,0,0,0,0,0,0
CONT_s1_l2a_TearsOfSteel,1789855215.247,0.1036,0,0,0,0,0,0
CONT_s1_l2a_TearsOfSteel,1789855215.35,0.1036,0,0,0,0,0,0
CONT_s1_l2a_TearsOfSteel,1789855215.454,0.1041,0,0,0,0,0,0
CONT_s1_l2a_TearsOfSteel,1789855215.558,0.1036,15298,23,0,1532763.7,0,2
CONT_s1_l2a_TearsOfSteel,1789855215.661,0.1037,22467,19,0,8632797.8,0,2
CONT_s1_l2a_TearsOfSteel,1789855215.765,0.1036,18104,14,0,11627488.1,0,2
CONT_s1_l2a_TearsOfSteel,1789855215.869,0.1036,21104,16,0,12750970.6,0,2
CONT_s1_l2a_TearsOfSteel,1789855215.972,0.1037,10693,9,0,12091116.2,0,3
CONT_s1_l2a_TearsOfSteel,1789855216.076,0.1037,22604,17,0,13122999.8,0,2
CONT_s1_l2a_TearsOfSteel,1789855216.18,0.1036,19656,16,0,13752908.1,0,2
CONT_s1_l2a_TearsOfSteel,1789855216.284,0.1038,16656,14,0,14005464.2,0,2
CONT_s1_l2a_TearsOfSteel,1789855216.387,0.1037,18156,15,0,14406318.0,0,2
CONT_s1_l2a_TearsOfSteel,1789855216.491,0.1039,18156,15,0,14510675.2,0,2
CONT_s1_l2a_TearsOfSteel,1789855216.595,0.1037,18156,15,0,14563535.8,0,2
CONT_s1_l2a_TearsOfSteel,1789855216.699,0.1038,18104,14,0,14887467.9,0,2
CONT_s1_l2a_TearsOfSteel,1789855216.803,0.1037,15156,13,0,14534303.3,0,2
CONT_s1_l2a_TearsOfSteel,1789855216.906,0.1037,13604,11,0,14683681.1,0,2
CONT_s1_l2a_TearsOfSteel,1789855217.01,0.1038,21156,17,0,14754559.4,0,2
CONT_s1_l2a_TearsOfSteel,1789855217.114,0.1036,12104,10,0,14843278.0,0,2
CONT_s1_l2a_TearsOfSteel,1789855217.217,0.1038,22656,18,0,14880450.3,0,2
CONT_s1_l2a_TearsOfSteel,1789855217.321,0.1036,18104,14,0,14637699.0,0,2
CONT_s1_l2a_TearsOfSteel,1789855217.425,0.1037,19656,16,0,15052008.9,0,2
CONT_s1_l2a_TearsOfSteel,1789855217.528,0.1037,15104,12,0,14829908.2,0,2
CONT_s1_l2a_TearsOfSteel,1789855217.632,0.1036,19656,16,0,14700976.8,0,2
CONT_s1_l2a_TearsOfSteel,1789855217.736,0.1037,18156,15,0,14881118.8,0,2
CONT_s1_l2a_TearsOfSteel,1789855217.839,0.1037,13604,11,0,14789978.2,0,2
CONT_s1_l2a_TearsOfSteel,1789855217.945,0.105,21156,17,0,14806550.5,0,2
CONT_s1_l2a_TearsOfSteel,1789855218.048,0.1037,10745,10,0,14064852.9,0,3
CONT_s1_l2a_TearsOfSteel,1789855218.152,0.1036,21156,17,0,15294156.7,0,2
CONT_s1_l2a_TearsOfSteel,1789855218.256,0.1037,22656,18,0,15374425.8,0,2
CONT_s1_l2a_TearsOfSteel,1789855218.359,0.1037,18104,14,0,15228419.9,0,2
CONT_s1_l2a_TearsOfSteel,1789855218.463,0.1039,15104,12,0,15352937.7,0,2
CONT_s1_l2a_TearsOfSteel,1789855218.567,0.1037,18156,15,0,15677406.2,0,2
CONT_s1_l2a_TearsOfSteel,1789855218.671,0.1037,16656,14,0,15671963.4,0,2
CONT_s1_l2a_TearsOfSteel,1789855218.774,0.1037,16604,13,0,15085719.4,0,2
CONT_s1_l2a_TearsOfSteel,1789855218.878,0.1038,16604,13,0,14832410.5,0,2
CONT_s1_l2a_TearsOfSteel,1789855218.982,0.1037,18104,14,0,14431209.4,0,2
CONT_s1_l2a_TearsOfSteel,1789855219.085,0.1036,18104,14,0,14141646.6,0,2
CONT_s1_l2a_TearsOfSteel,1789855219.189,0.1036,21156,17,0,14225357.1,0,2
CONT_s1_l2a_TearsOfSteel,1789855219.293,0.1036,18104,14,0,14292623.3,0,2
CONT_s1_l2a_TearsOfSteel,1789855219.396,0.1037,15104,12,0,14419681.5,0,2
CONT_s1_l2a_TearsOfSteel,1789855219.501,0.1044,18104,14,0,14377566.7,0,2
CONT_s1_l2a_TearsOfSteel,1789855219.604,0.1038,15104,12,0,14535310.2,0,2
CONT_s1_l2a_TearsOfSteel,1789855219.708,0.1037,21156,17,0,14708978.5,0,2
CONT_s1_l2a_TearsOfSteel,1789855219.812,0.1036,16656,14,0,14650865.4,0,2
CONT_s1_l2a_TearsOfSteel,1789855219.915,0.1038,18156,15,0,14750979.6,0,2
CONT_s1_l2a_TearsOfSteel,1789855220.019,0.1037,19797,17,0,14132105.2,0,3
CONT_s1_l2a_TearsOfSteel,1789855220.123,0.1036,15104,12,0,14586384.2,0,2
CONT_s1_l2a_TearsOfSteel,1789855220.226,0.1036,13604,11,0,14644760.3,0,2
CONT_s1_l2a_TearsOfSteel,1789855220.334,0.1074,21156,17,0,14733580.2,0,2
CONT_s1_l2a_TearsOfSteel,1789855220.438,0.1038,12104,10,0,14824987.6,0,2
CONT_s1_l2a_TearsOfSteel,1789855220.541,0.1037,22656,18,0,15022942.0,0,2
CONT_s1_l2a_TearsOfSteel,1789855220.645,0.1036,18104,14,0,14964252.9,0,2
CONT_s1_l2a_TearsOfSteel,1789855220.749,0.1037,21156,17,0,15346241.2,0,2
CONT_s1_l2a_TearsOfSteel,1789855220.852,0.1036,15104,12,0,15115856.5,0,2
CONT_s1_l2a_TearsOfSteel,1789855220.956,0.1037,18156,15,0,15093649.0,0,2
CONT_s1_l2a_TearsOfSteel,1789855221.06,0.1037,15104,12,0,15022787.8,0,2
CONT_s1_l2a_TearsOfSteel,1789855221.163,0.1037,18104,14,0,14536922.3,0,2
CONT_s1_l2a_TearsOfSteel,1789855221.267,0.1039,18104,14,0,14204193.0,0,2
CONT_s1_l2a_TearsOfSteel,1789855221.371,0.1037,19656,16,0,14292752.2,0,2
CONT_s1_l2a_TearsOfSteel,1789855221.475,0.1038,16604,13,0,14622511.7,0,2
CONT_s1_l2a_TearsOfSteel,1789855221.578,0.1036,15104,12,0,14624653.3,0,2
CONT_s1_l2a_TearsOfSteel,1789855221.682,0.1036,23385,22,0,12152348.1,0,4
CONT_s1_l2a_TearsOfSteel,1789855221.786,0.1038,16005,19,0,7353417.9,0,2
CONT_s1_l2a_TearsOfSteel,1789855221.89,0.104,15104,12,0,10648624.0,0,2
CONT_s1_l2a_TearsOfSteel,1789855221.994,0.1039,18297,16,0,12114130.8,0,3
CONT_s1_l2a_TearsOfSteel,1789855222.098,0.1038,18156,15,0,13688741.4,0,2
CONT_s1_l2a_TearsOfSteel,1789855222.201,0.1038,19656,16,0,14065529.9,0,2
CONT_s1_l2a_TearsOfSteel,1789855222.305,0.1038,13604,11,0,14055818.6,0,2
CONT_s1_l2a_TearsOfSteel,1789855222.409,0.1041,21156,17,0,14014290.8,0,2
CONT_s1_l2a_TearsOfSteel,1789855222.513,0.1039,13604,11,0,13938081.8,0,2
CONT_s1_l2a_TearsOfSteel,1789855222.617,0.1038,22656,18,0,14056441.0,0,2
CONT_s1_l2a_TearsOfSteel,1789855222.721,0.1038,16604,13,0,14072427.5,0,2
CONT_s1_l2a_TearsOfSteel,1789855222.825,0.1038,16656,14,0,14148086.9,0,2
CONT_s1_l2a_TearsOfSteel,1789855222.929,0.1041,21208,18,0,14341988.3,0,2
CONT_s1_l2a_TearsOfSteel,1789855223.033,0.1039,18156,15,0,14638577.0,0,2
CONT_s1_l2a_TearsOfSteel,1789855223.136,0.1038,18156,15,0,14802618.0,0,2
CONT_s1_l2a_TearsOfSteel,1789855223.24,0.1038,13604,11,0,15028101.5,0,2
CONT_s1_l2a_TearsOfSteel,1789855223.344,0.1039,19656,16,0,15090473.6,0,2
CONT_s1_l2a_TearsOfSteel,1789855223.449,0.1049,19656,16,0,15167836.3,0,2
CONT_s1_l2a_TearsOfSteel,1789855223.553,0.1039,16604,13,0,14911361.8,0,2
CONT_s1_l2a_TearsOfSteel,1789855223.657,0.1038,12104,10,0,15161063.2,0,2
CONT_s1_l2a_TearsOfSteel,1789855223.761,0.1038,22656,18,0,15135441.8,0,2
CONT_s1_l2a_TearsOfSteel,1789855223.864,0.1039,13604,11,0,15154493.5,0,2
CONT_s1_l2a_TearsOfSteel,1789855223.968,0.1039,22656,18,0,15140484.5,0,2
CONT_s1_l2a_TearsOfSteel,1789855224.072,0.1039,15245,13,0,14220488.2,0,3
CONT_s1_l2a_TearsOfSteel,1789855224.176,0.1038,16656,14,0,15208941.4,0,2
CONT_s1_l2a_TearsOfSteel,1789855224.28,0.1038,18104,14,0,14769994.3,0,2
CONT_s1_l2a_TearsOfSteel,1789855224.384,0.1038,18104,14,0,14365357.6,0,2
CONT_s1_l2a_TearsOfSteel,1789855224.488,0.1039,18302,15,0,13142906.9,0,3
CONT_s1_l2a_TearsOfSteel,1789855224.592,0.104,21156,17,0,14291162.1,0,2
CONT_s1_l2a_TearsOfSteel,1789855224.695,0.1039,10604,9,0,14609869.7,0,2
CONT_s1_l2a_TearsOfSteel,1789855224.8,0.1041,22656,18,0,14938549.5,0,2
CONT_s1_l2a_TearsOfSteel,1789855224.904,0.1039,18104,14,0,14911522.7,0,2
CONT_s1_l2a_TearsOfSteel,1789855225.008,0.104,15104,12,0,15027202.5,0,2
CONT_s1_l2a_TearsOfSteel,1789855225.111,0.1039,21208,18,0,15536542.8,0,2
CONT_s1_l2a_TearsOfSteel,1789855225.215,0.1039,13604,11,0,15383468.3,0,2
CONT_s1_l2a_TearsOfSteel,1789855225.319,0.1039,16604,13,0,14913014.2,0,2
CONT_s1_l2a_TearsOfSteel,1789855225.423,0.104,18104,14,0,14459717.7,0,2
CONT_s1_l2a_TearsOfSteel,1789855225.527,0.104,19854,17,0,13657649.2,0,3
CONT_s1_l2a_TearsOfSteel,1789855225.631,0.104,21156,17,0,14732029.1,0,2
CONT_s1_l2a_TearsOfSteel,1789855225.735,0.104,16604,13,0,14707953.8,0,2
CONT_s1_l2a_TearsOfSteel,1789855225.84,0.1044,13604,11,0,14822215.9,0,2
CONT_s1_l2a_TearsOfSteel,1789855225.946,0.1065,22656,18,0,14866155.0,0,2
CONT_s1_l2a_TearsOfSteel,1789855226.05,0.1042,13745,12,0,14081009.0,0,3
CONT_s1_l2a_TearsOfSteel,1789855226.154,0.1039,22656,18,0,14979297.2,0,2
CONT_s1_l2a_TearsOfSteel,1789855226.258,0.104,15104,12,0,14872862.5,0,2
CONT_s1_l2a_TearsOfSteel,1789855226.362,0.1042,15104,12,0,14603065.5,0,2
CONT_s1_l2a_TearsOfSteel,1789855226.466,0.104,21354,18,0,13623457.7,0,3
CONT_s1_l2a_TearsOfSteel,1789855226.57,0.104,19656,16,0,14551791.9,0,2
CONT_s1_l2a_TearsOfSteel,1789855226.674,0.104,13604,11,0,14695563.5,0,2
CONT_s1_l2a_TearsOfSteel,1789855226.778,0.1039,21156,17,0,14836845.8,0,2
CONT_s1_l2a_TearsOfSteel,1789855226.882,0.1041,16604,13,0,14682860.8,0,2
CONT_s1_l2a_TearsOfSteel,1789855226.986,0.104,13604,11,0,14910286.7,0,2
CONT_s1_l2a_TearsOfSteel,1789855227.09,0.104,22656,18,0,14933699.7,0,2
CONT_s1_l2a_TearsOfSteel,1789855227.194,0.1039,13604,11,0,14989539.8,0,2
CONT_s1_l2a_TearsOfSteel,1789855227.298,0.1039,22656,18,0,15033403.3,0,2
CONT_s1_l2a_TearsOfSteel,1789855227.402,0.1043,15104,12,0,14912039.2,0,2
CONT_s1_l2a_TearsOfSteel,1789855227.507,0.104,15302,13,0,13573718.1,0,3
CONT_s1_l2a_TearsOfSteel,1789855227.611,0.104,22644,18,0,14704616.5,0,2
CONT_s1_l2a_TearsOfSteel,1789855227.714,0.1039,9000,6,0,15302351.0,0,1
CONT_s1_l2a_TearsOfSteel,1789855227.818,0.1039,0,0,0,0,0,0
CONT_s1_l2a_TearsOfSteel,1789855227.922,0.1039,0,0,0,0,0,0
CONT_s1_l2a_TearsOfSteel,1789855228.026,0.104,141,1,0,4792295.0,0,1
CONT_s1_l2a_TearsOfSteel,1789855228.13,0.1039,0,0,0,0,0,0
CONT_s1_l2a_TearsOfSteel,1789855228.234,0.104,0,0,0,0,0,0
CONT_s1_l2a_TearsOfSteel,1789855228.338,0.1042,0,0,0,0,0,0
CONT_s1_l2a_TearsOfSteel,1789855228.444,0.1056,0,0,0,0,0,0
CONT_s1_l2a_TearsOfSteel,1789855228.548,0.1041,0,0,0,0,0,0
CONT_s1_l2a_TearsOfSteel,1789855228.652,0.104,0,0,0,0,0,0
CONT_s1_l2a_TearsOfSteel,1789855228.756,0.1039,0,0,0,0,0,0
CONT_s1_l2a_TearsOfSteel,1789855228.86,0.104,0,0,0,0,0,0
CONT_s1_l2a_TearsOfSteel,1789855228.964,0.104,0,0,0,0,0,0
CONT_s1_l2a_TearsOfSteel,1789855229.068,0.104,0,0,0,0,0,0
CONT_s1_l2a_TearsOfSteel,1789855229.172,0.1039,0,0,0,0,0,0
CONT_s1_l2a_TearsOfSteel,1789855229.276,0.1039,0,0,0,0,0,0
CONT_s1_l2a_TearsOfSteel,1789855229.38,0.1039,0,0,0,0,0,0
CONT_s1_l2a_TearsOfSteel,1789855229.484,0.1042,0,0,0,0,0,0
CONT_s1_l2a_TearsOfSteel,1789855229.588,0.1041,0,0,0,0,0,0
CONT_s1_l2a_TearsOfSteel,1789855229.692,0.1039,0,0,0,0,0,0
CONT_s1_l2a_TearsOfSteel,1789855229.796,0.1039,0,0,0,0,0,0
CONT_s1_l2a_TearsOfSteel,1789855229.901,0.1046,0,0,0,0,0,0
CONT_s1_l2a_TearsOfSteel,1789855230.005,0.1041,141,1,0,4992705.0,0,1
CONT_s1_l2a_TearsOfSteel,1789855230.109,0.1041,0,0,0,0,0,0
CONT_s1_l2a_TearsOfSteel,1789855230.213,0.1039,0,0,0,0,0,0
CONT_s1_l2a_TearsOfSteel,1789855230.317,0.104,0,0,0,0,0,0
CONT_s1_l2a_TearsOfSteel,1789855230.421,0.1042,0,0,0,0,0,0
CONT_s1_l2a_TearsOfSteel,1789855230.525,0.104,0,0,0,0,0,0
CONT_s1_l2a_TearsOfSteel,1789855230.629,0.1039,0,0,0,0,0,0
CONT_s1_l2a_TearsOfSteel,1789855230.733,0.1041,0,0,0,0,0,0
CONT_s1_l2a_TearsOfSteel,1789855230.837,0.1042,0,0,0,0,0,0
CONT_s1_l2a_TearsOfSteel,1789855230.941,0.1039,0,0,0,0,0,0
CONT_s1_l2a_TearsOfSteel,1789855231.045,0.104,0,0,0,0,0,0
CONT_s1_l2a_TearsOfSteel,1789855231.149,0.104,0,0,0,0,0,0
CONT_s1_l2a_TearsOfSteel,1789855231.253,0.104,0,0,0,0,0,0
CONT_s1_l2a_TearsOfSteel,1789855231.357,0.1039,0,0,0,0,0,0
CONT_s1_l2a_TearsOfSteel,1789855231.461,0.104,0,0,0,0,0,0
CONT_s1_l2a_TearsOfSteel,1789855231.565,0.1041,0,0,0,0,0,0
CONT_s1_l2a_TearsOfSteel,1789855231.669,0.1042,0,0,0,0,0,0
CONT_s1_l2a_TearsOfSteel,1789855231.773,0.1039,0,0,0,0,0,0
CONT_s1_l2a_TearsOfSteel,1789855231.877,0.1039,0,0,0,0,0,0
CONT_s1_l2a_TearsOfSteel,1789855231.981,0.104,0,0,0,0,0,0
CONT_s1_l2a_TearsOfSteel,1789855232.085,0.1039,141,1,0,4685474.0,0,1
CONT_s1_l2a_TearsOfSteel,1789855232.189,0.1039,0,0,0,0,0,0
CONT_s1_l2a_TearsOfSteel,1789855232.293,0.1039,0,0,0,0,0,0
CONT_s1_l2a_TearsOfSteel,1789855232.397,0.1041,0,0,0,0,0,0
CONT_s1_l2a_TearsOfSteel,1789855232.501,0.104,0,0,0,0,0,0
CONT_s1_l2a_TearsOfSteel,1789855232.605,0.1039,0,0,0,0,0,0
CONT_s1_l2a_TearsOfSteel,1789855232.708,0.1039,0,0,0,0,0,0
CONT_s1_l2a_TearsOfSteel,1789855232.812,0.1039,26012,33,0,5096675.8,0,2
CONT_s1_l2a_TearsOfSteel,1789855232.917,0.1043,18104,14,0,8965311.7,0,2
CONT_s1_l2a_TearsOfSteel,1789855233.021,0.1042,16656,14,0,11258672.9,0,2
CONT_s1_l2a_TearsOfSteel,1789855233.125,0.1041,18104,14,0,12519960.1,0,2
CONT_s1_l2a_TearsOfSteel,1789855233.229,0.1044,10552,8,0,12836276.1,0,2
CONT_s1_l2a_TearsOfSteel,1789855233.335,0.1059,21104,16,0,12910539.0,0,2
CONT_s1_l2a_TearsOfSteel,1789855233.439,0.1042,21104,16,0,12898079.2,0,2
CONT_s1_l2a_TearsOfSteel,1789855233.544,0.1041,18156,15,0,13018331.6,0,2
CONT_s1_l2a_TearsOfSteel,1789855233.648,0.1041,13604,11,0,13301855.7,0,2
CONT_s1_l2a_TearsOfSteel,1789855233.752,0.1041,22656,18,0,13302726.8,0,2
CONT_s1_l2a_TearsOfSteel,1789855233.856,0.1041,15104,12,0,13215661.2,0,2
CONT_s1_l2a_TearsOfSteel,1789855233.96,0.1043,16656,14,0,13306224.1,0,2
CONT_s1_l2a_TearsOfSteel,1789855234.064,0.1041,18245,15,0,13013653.3,0,3
CONT_s1_l2a_TearsOfSteel,1789855234.168,0.1042,18104,14,0,13339636.3,0,2
CONT_s1_l2a_TearsOfSteel,1789855234.273,0.1041,18104,14,0,13183655.1,0,2
CONT_s1_l2a_TearsOfSteel,1789855234.377,0.1041,18104,14,0,13077230.3,0,2
CONT_s1_l2a_TearsOfSteel,1789855234.481,0.1041,19656,16,0,13189884.4,0,2
CONT_s1_l2a_TearsOfSteel,1789855234.585,0.1042,13604,11,0,13643160.5,0,2
CONT_s1_l2a_TearsOfSteel,1789855234.689,0.1041,16604,13,0,13790378.9,0,2
CONT_s1_l2a_TearsOfSteel,1789855234.793,0.1041,21104,16,0,13469186.6,0,2
CONT_s1_l2a_TearsOfSteel,1789855234.897,0.104,10552,8,0,13319757.8,0,2
CONT_s1_l2a_TearsOfSteel,1789855235.001,0.1041,21104,16,0,13116065.2,0,2
CONT_s1_l2a_TearsOfSteel,1789855235.105,0.1041,21104,16,0,12985460.9,0,2
CONT_s1_l2a_TearsOfSteel,1789855235.209,0.1041,10552,8,0,12938445.1,0,2
CONT_s1_l2a_TearsOfSteel,1789855235.314,0.1041,21104,16,0,12850263.2,0,2
CONT_s1_l2a_TearsOfSteel,1789855235.418,0.1041,21104,16,0,12783463.2,0,2
CONT_s1_l2a_TearsOfSteel,1789855235.522,0.1043,12104,10,0,13123897.2,0,2
CONT_s1_l2a_TearsOfSteel,1789855235.626,0.1041,24156,19,0,13717099.1,0,2
CONT_s1_l2a_TearsOfSteel,1789855235.73,0.1045,16656,14,0,14071238.4,0,2
CONT_s1_l2a_TearsOfSteel,1789855235.836,0.1053,18156,15,0,14445344.2,0,2
CONT_s1_l2a_TearsOfSteel,1789855235.942,0.1058,18156,15,0,14529626.6,0,2
CONT_s1_l2a_TearsOfSteel,1789855236.046,0.1042,19797,17,0,14154306.0,0,3
CONT_s1_l2a_TearsOfSteel,1789855236.15,0.1041,13604,11,0,14863098.0,0,2
CONT_s1_l2a_TearsOfSteel,1789855236.254,0.1042,21156,17,0,14919465.8,0,2
CONT_s1_l2a_TearsOfSteel,1789855236.358,0.1042,16604,13,0,14732708.0,0,2
CONT_s1_l2a_TearsOfSteel,1789855236.463,0.1042,13604,11,0,14939375.2,0,2
CONT_s1_l2a_TearsOfSteel,1789855236.567,0.1042,22656,18,0,14954847.0,0,2
CONT_s1_l2a_TearsOfSteel,1789855236.671,0.1042,13604,11,0,15006192.2,0,2
CONT_s1_l2a_TearsOfSteel,1789855236.775,0.1042,22656,18,0,15042464.0,0,2
CONT_s1_l2a_TearsOfSteel,1789855236.879,0.1042,15104,12,0,14924055.7,0,2
CONT_s1_l2a_TearsOfSteel,1789855236.983,0.1042,21156,17,0,14683048.8,0,2
CONT_s1_l2a_TearsOfSteel,1789855237.087,0.104,18104,14,0,15023689.0,0,2
CONT_s1_l2a_TearsOfSteel,1789855237.192,0.1041,12156,11,0,15222204.0,0,2
CONT_s1_l2a_TearsOfSteel,1789855237.296,0.1041,16604,13,0,14872571.2,0,2
CONT_s1_l2a_TearsOfSteel,1789855237.4,0.1042,19604,15,0,14484996.1,0,2
CONT_s1_l2a_TearsOfSteel,1789855237.504,0.1042,21104,16,0,14067304.5,0,2
CONT_s1_l2a_TearsOfSteel,1789855237.608,0.1042,10552,8,0,13899210.2,0,2
CONT_s1_l2a_TearsOfSteel,1789855237.712,0.1041,21104,16,0,13646680.2,0,2
CONT_s1_l2a_TearsOfSteel,1789855237.816,0.1042,22656,18,0,14228236.0,0,2
CONT_s1_l2a_TearsOfSteel,1789855237.921,0.1044,10552,8,0,14119583.6,0,2
CONT_s1_l2a_TearsOfSteel,1789855238.025,0.1042,24156,19,0,14380391.0,0,2
CONT_s1_l2a_TearsOfSteel,1789855238.129,0.104,15245,13,0,13689479.3,0,3
CONT_s1_l2a_TearsOfSteel,1789855238.233,0.1042,15104,12,0,14200123.0,0,2
CONT_s1_l2a_TearsOfSteel,1789855238.338,0.1044,22656,18,0,13955758.8,0,2
CONT_s1_l2a_TearsOfSteel,1789855238.445,0.107,16656,14,0,14113537.7,0,2
CONT_s1_l2a_TearsOfSteel,1789855238.549,0.1042,18104,14,0,14064591.0,0,2
CONT_s1_l2a_TearsOfSteel,1789855238.653,0.1042,18104,14,0,13762151.1,0,2
CONT_s1_l2a_TearsOfSteel,1789855238.757,0.1042,16604,13,0,13676501.3,0,2
CONT_s1_l2a_TearsOfSteel,1789855238.861,0.1042,18104,14,0,13594320.0,0,2
CONT_s1_l2a_TearsOfSteel,1789855238.966,0.1042,19656,16,0,13636381.7,0,2
CONT_s1_l2a_TearsOfSteel,1789855239.07,0.1042,16604,13,0,14147158.2,0,2
CONT_s1_l2a_TearsOfSteel,1789855239.174,0.1042,15104,12,0,14173593.8,0,2
CONT_s1_l2a_TearsOfSteel,1789855239.278,0.1042,12104,10,0,14441068.8,0,2
CONT_s1_l2a_TearsOfSteel,1789855239.382,0.1044,22656,18,0,14802858.3,0,2
CONT_s1_l2a_TearsOfSteel,1789855239.487,0.1042,16604,13,0,14976793.2,0,2
CONT_s1_l2a_TearsOfSteel,1789855239.591,0.1042,24208,20,0,15069559.2,0,2
CONT_s1_l2a_TearsOfSteel,1789855239.695,0.1042,10604,9,0,15051592.6,0,2
CONT_s1_l2a_TearsOfSteel,1789855239.799,0.1043,19656,16,0,14989943.4,0,2
CONT_s1_l2a_TearsOfSteel,1789855239.904,0.1043,19656,16,0,14910356.1,0,2
CONT_s1_l2a_TearsOfSteel,1789855240.008,0.1042,21156,17,0,14962578.5,0,2
CONT_s1_l2a_TearsOfSteel,1789855240.112,0.1041,16745,14,0,14231201.4,0,3
CONT_s1_l2a_TearsOfSteel,1789855240.216,0.1042,15104,12,0,14873660.0,0,2
CONT_s1_l2a_TearsOfSteel,1789855240.32,0.1041,12104,10,0,15146332.4,0,2
CONT_s1_l2a_TearsOfSteel,1789855240.425,0.1043,22656,18,0,15288627.2,0,2
CONT_s1_l2a_TearsOfSteel,1789855240.529,0.1041,18104,14,0,15174277.0,0,2
CONT_s1_l2a_TearsOfSteel,1789855240.633,0.1043,19708,17,0,15736593.8,0,2
CONT_s1_l2a_TearsOfSteel,1789855240.737,0.1042,16656,14,0,15502414.6,0,2
CONT_s1_l2a_TearsOfSteel,1789855240.841,0.1041,18156,15,0,15492469.6,0,2
CONT_s1_l2a_TearsOfSteel,1789855240.947,0.1058,19656,16,0,15456828.5,0,2
CONT_s1_l2a_TearsOfSteel,1789855241.051,0.1043,15104,12,0,15402749.2,0,2
CONT_s1_l2a_TearsOfSteel,1789855241.156,0.1043,21156,17,0,15450496.8,0,2
CONT_s1_l2a_TearsOfSteel,1789855241.26,0.1042,15104,12,0,15307380.3,0,2
CONT_s1_l2a_TearsOfSteel,1789855241.364,0.1043,21104,16,0,15123968.9,0,2
CONT_s1_l2a_TearsOfSteel,1789855241.468,0.1042,12156,11,0,15977020.1,0,2
CONT_s1_l2a_TearsOfSteel,1789855241.573,0.1042,22656,18,0,15685153.3,0,2
CONT_s1_l2a_TearsOfSteel,1789855241.677,0.1042,16604,13,0,15693743.5,0,2
CONT_s1_l2a_TearsOfSteel,1789855241.781,0.1042,15104,12,0,15508804.7,0,2
CONT_s1_l2a_TearsOfSteel,1789855241.885,0.1041,18156,15,0,15486336.4,0,2
CONT_s1_l2a_TearsOfSteel,1789855241.989,0.1041,15104,12,0,15312489.5,0,2
CONT_s1_l2a_TearsOfSteel,1789855242.094,0.1045,18245,15,0,14192222.5,0,3
CONT_s1_l2a_TearsOfSteel,1789855242.198,0.1041,18104,14,0,14401367.0,0,2
CONT_s1_l2a_TearsOfSteel,1789855242.302,0.1041,19656,16,0,14505890.2,0,2
CONT_s1_l2a_TearsOfSteel,1789855242.406,0.1041,21156,17,0,14871997.9,0,2
CONT_s1_l2a_TearsOfSteel,1789855242.51,0.1042,18104,14,0,14853234.3,0,2
CONT_s1_l2a_TearsOfSteel,1789855242.614,0.1041,15104,12,0,14957938.5,0,2
CONT_s1_l2a_TearsOfSteel,1789855242.718,0.1041,12104,10,0,15283567.6,0,2
CONT_s1_l2a_TearsOfSteel,1789855242.822,0.1042,24156,19,0,15296982.5,0,2
CONT_s1_l2a_TearsOfSteel,1789855242.927,0.1043,16656,14,0,15446010.9,0,2
CONT_s1_l2a_TearsOfSteel,1789855243.031,0.1042,18156,15,0,15344597.8,0,2
CONT_s1_l2a_TearsOfSteel,1789855243.135,0.1041,19656,16,0,15192680.9,0,2
CONT_s1_l2a_TearsOfSteel,1789855243.239,0.1042,12092,10,0,15409531.2,0,2
CONT_s1_l2a_TearsOfSteel,1789855243.343,0.1041,16500,11,0,15090840.0,0,1
CONT_s1_l2a_TearsOfSteel,1789855243.45,0.1061,0,0,0,0,0,0
CONT_s1_l2a_TearsOfSteel,1789855243.554,0.1042,0,0,0,0,0,0
CONT_s1_l2a_TearsOfSteel,1789855243.658,0.1042,0,0,0,0,0,0
CONT_s1_l2a_TearsOfSteel,1789855243.762,0.1041,0,0,0,0,0,0
CONT_s1_l2a_TearsOfSteel,1789855243.866,0.1042,0,0,0,0,0,0
CONT_s1_l2a_TearsOfSteel,1789855243.97,0.1041,0,0,0,0,0,0
CONT_s1_l2a_TearsOfSteel,1789855244.074,0.1041,141,1,0,5996343.0,0,1
CONT_s1_l2a_TearsOfSteel,1789855244.179,0.1041,0,0,0,0,0,0
CONT_s1_l2a_TearsOfSteel,1789855244.283,0.1042,0,0,0,0,0,0
CONT_s1_l2a_TearsOfSteel,1789855244.387,0.1043,0,0,0,0,0,0
CONT_s1_l2a_TearsOfSteel,1789855244.491,0.1042,0,0,0,0,0,0
CONT_s1_l2a_TearsOfSteel,1789855244.595,0.1041,0,0,0,0,0,0
CONT_s1_l2a_TearsOfSteel,1789855244.7,0.1042,0,0,0,0,0,0
CONT_s1_l2a_TearsOfSteel,1789855244.804,0.1041,0,0,0,0,0,0
CONT_s1_l2a_TearsOfSteel,1789855244.908,0.1043,0,0,0,0,0,0
CONT_s1_l2a_TearsOfSteel,1789855245.012,0.1042,0,0,0,0,0,0
CONT_s1_l2a_TearsOfSteel,1789855245.116,0.1041,0,0,0,0,0,0
CONT_s1_l2a_TearsOfSteel,1789855245.22,0.1041,0,0,0,0,0,0
CONT_s1_l2a_TearsOfSteel,1789855245.325,0.1042,0,0,0,0,0,0
CONT_s1_l2a_TearsOfSteel,1789855245.429,0.1043,0,0,0,0,0,0
CONT_s1_l2a_TearsOfSteel,1789855245.533,0.1042,0,0,0,0,0,0
CONT_s1_l2a_TearsOfSteel,1789855245.637,0.1041,0,0,0,0,0,0
CONT_s1_l2a_TearsOfSteel,1789855245.741,0.1041,0,0,0,0,0,0
CONT_s1_l2a_TearsOfSteel,1789855245.845,0.1041,0,0,0,0,0,0
CONT_s1_l2a_TearsOfSteel,1789855245.951,0.1058,0,0,0,0,0,0
CONT_s1_l2a_TearsOfSteel,1789855246.056,0.1043,0,0,0,0,0,0
CONT_s1_l2a_TearsOfSteel,1789855246.16,0.1042,141,1,0,5788244.0,0,1
CONT_s1_l2a_TearsOfSteel,1789855246.264,0.1042,0,0,0,0,0,0
CONT_s1_l2a_TearsOfSteel,1789855246.368,0.1041,0,0,0,0,0,0
CONT_s1_l2a_TearsOfSteel,1789855246.472,0.1041,0,0,0,0,0,0
CONT_s1_l2a_TearsOfSteel,1789855246.576,0.1041,0,0,0,0,0,0
CONT_s1_l2a_TearsOfSteel,1789855246.68,0.1042,0,0,0,0,0,0
CONT_s1_l2a_TearsOfSteel,1789855246.785,0.1042,0,0,0,0,0,0
CONT_s1_l2a_TearsOfSteel,1789855246.889,0.1043,0,0,0,0,0,0
CONT_s1_l2a_TearsOfSteel,1789855246.993,0.1041,0,0,0,0,0,0
CONT_s1_l2a_TearsOfSteel,1789855247.097,0.1042,0,0,0,0,0,0
CONT_s1_l2a_TearsOfSteel,1789855247.201,0.1042,0,0,0,0,0,0
CONT_s1_l2a_TearsOfSteel,1789855247.305,0.1041,0,0,0,0,0,0
CONT_s1_l2a_TearsOfSteel,1789855247.41,0.1041,0,0,0,0,0,0
CONT_s1_l2a_TearsOfSteel,1789855247.514,0.1041,0,0,0,0,0,0
CONT_s1_l2a_TearsOfSteel,1789855247.618,0.1042,0,0,0,0,0,0
CONT_s1_l2a_TearsOfSteel,1789855247.722,0.1042,0,0,0,0,0,0
CONT_s1_l2a_TearsOfSteel,1789855247.826,0.1043,0,0,0,0,0,0
CONT_s1_l2a_TearsOfSteel,1789855247.931,0.1044,0,0,0,0,0,0
CONT_s1_l2a_TearsOfSteel,1789855248.035,0.1041,0,0,0,0,0,0
CONT_s1_l2a_TearsOfSteel,1789855248.139,0.1041,141,1,0,5479837.0,0,1
CONT_s1_l2a_TearsOfSteel,1789855248.243,0.1042,0,0,0,0,0,0
CONT_s1_l2a_TearsOfSteel,1789855248.347,0.1042,0,0,0,0,0,0
CONT_s1_l2a_TearsOfSteel,1789855248.455,0.1072,0,0,0,0,0,0
CONT_s1_l2a_TearsOfSteel,1789855248.559,0.1042,0,0,0,0,0,0
CONT_s1_l2a_TearsOfSteel,1789855248.663,0.1041,0,0,0,0,0,0
CONT_s1_l2a_TearsOfSteel,1789855248.767,0.1043,0,0,0,0,0,0
CONT_s1_l2a_TearsOfSteel,1789855248.871,0.1042,0,0,0,0,0,0
CONT_s1_l2a_TearsOfSteel,1789855248.976,0.1042,0,0,0,0,0,0
CONT_s1_l2a_TearsOfSteel,1789855249.08,0.1041,0,0,0,0,0,0
CONT_s1_l2a_TearsOfSteel,1789855249.184,0.1041,0,0,0,0,0,0
CONT_s1_l2a_TearsOfSteel,1789855249.288,0.1041,0,0,0,0,0,0
CONT_s1_l2a_TearsOfSteel,1789855249.392,0.1043,0,0,0,0,0,0
CONT_s1_l2a_TearsOfSteel,1789855249.496,0.1042,0,0,0,0,0,0
CONT_s1_l2a_TearsOfSteel,1789855249.6,0.1042,0,0,0,0,0,0
CONT_s1_l2a_TearsOfSteel,1789855249.705,0.1041,0,0,0,0,0,0
CONT_s1_l2a_TearsOfSteel,1789855249.809,0.1042,0,0,0,0,0,0
CONT_s1_l2a_TearsOfSteel,1789855249.913,0.1043,0,0,0,0,0,0
CONT_s1_l2a_TearsOfSteel,1789855250.017,0.1042,0,0,0,0,0,0
CONT_s1_l2a_TearsOfSteel,1789855250.121,0.1041,141,1,0,5549650.0,0,1
CONT_s1_l2a_TearsOfSteel,1789855250.226,0.1042,0,0,0,0,0,0
CONT_s1_l2a_TearsOfSteel,1789855250.333,0.1069,0,0,0,0,0,0
CONT_s1_l2a_TearsOfSteel,1789855250.437,0.1042,0,0,0,0,0,0
CONT_s1_l2a_TearsOfSteel,1789855250.541,0.1042,0,0,0,0,0,0
CONT_s1_l2a_TearsOfSteel,1789855250.645,0.1041,0,0,0,0,0,0
CONT_s1_l2a_TearsOfSteel,1789855250.749,0.1041,0,0,0,0,0,0
CONT_s1_l2a_TearsOfSteel,1789855250.853,0.1041,0,0,0,0,0,0
CONT_s1_l2a_TearsOfSteel,1789855250.957,0.1043,0,0,0,0,0,0
CONT_s1_l2a_TearsOfSteel,1789855251.062,0.1041,0,0,0,0,0,0
CONT_s1_l2a_TearsOfSteel,1789855251.166,0.1041,0,0,0,0,0,0
CONT_s1_l2a_TearsOfSteel,1789855251.27,0.1041,0,0,0,0,0,0
CONT_s1_l2a_TearsOfSteel,1789855251.374,0.1041,0,0,0,0,0,0
CONT_s1_l2a_TearsOfSteel,1789855251.478,0.1042,0,0,0,0,0,0
CONT_s1_l2a_TearsOfSteel,1789855251.582,0.1042,0,0,0,0,0,0
CONT_s1_l2a_TearsOfSteel,1789855251.686,0.1041,0,0,0,0,0,0
CONT_s1_l2a_TearsOfSteel,1789855251.79,0.1041,0,0,0,0,0,0
CONT_s1_l2a_TearsOfSteel,1789855251.895,0.1043,0,0,0,0,0,0
CONT_s1_l2a_TearsOfSteel,1789855251.999,0.1042,0,0,0,0,0,0
CONT_s1_l2a_TearsOfSteel,1789855252.103,0.1041,0,0,0,0,0,0
CONT_s1_l2a_TearsOfSteel,1789855252.207,0.1043,141,1,0,5327340.0,0,1
CONT_s1_l2a_TearsOfSteel,1789855252.311,0.1041,0,0,0,0,0,0
CONT_s1_l2a_TearsOfSteel,1789855252.416,0.1043,0,0,0,0,0,0
CONT_s1_l2a_TearsOfSteel,1789855252.52,0.1044,0,0,0,0,0,0
CONT_s1_l2a_TearsOfSteel,1789855252.624,0.1041,0,0,0,0,0,0
CONT_s1_l2a_TearsOfSteel,1789855252.729,0.1045,0,0,0,0,0,0
CONT_s1_l2a_TearsOfSteel,1789855252.835,0.106,0,0,0,0,0,0
CONT_s1_l2a_TearsOfSteel,1789855252.939,0.1044,0,0,0,0,0,0
CONT_s1_l2a_TearsOfSteel,1789855253.043,0.1041,0,0,0,0,0,0
CONT_s1_l2a_TearsOfSteel,1789855253.147,0.1042,0,0,0,0,0,0
CONT_s1_l2a_TearsOfSteel,1789855253.251,0.1041,0,0,0,0,0,0
CONT_s1_l2a_TearsOfSteel,1789855253.356,0.1041,0,0,0,0,0,0
CONT_s1_l2a_TearsOfSteel,1789855253.46,0.1042,0,0,0,0,0,0
CONT_s1_l2a_TearsOfSteel,1789855253.564,0.1045,0,0,0,0,0,0
CONT_s1_l2a_TearsOfSteel,1789855253.669,0.1042,0,0,0,0,0,0
CONT_s1_l2a_TearsOfSteel,1789855253.773,0.1043,0,0,0,0,0,0
CONT_s1_l2a_TearsOfSteel,1789855253.877,0.1042,0,0,0,0,0,0
CONT_s1_l2a_TearsOfSteel,1789855253.981,0.1043,0,0,0,0,0,0
CONT_s1_l2a_TearsOfSteel,1789855254.086,0.1043,0,0,0,0,0,0
CONT_s1_l2a_TearsOfSteel,1789855254.19,0.1042,141,1,0,5672483.0,0,1
CONT_s1_l2a_TearsOfSteel,1789855254.294,0.1041,0,0,0,0,0,0
CONT_s1_l2a_TearsOfSteel,1789855254.398,0.1042,0,0,0,0,0,0
CONT_s1_l2a_TearsOfSteel,1789855254.502,0.1043,0,0,0,0,0,0
CONT_s1_l2a_TearsOfSteel,1789855254.606,0.1041,0,0,0,0,0,0
CONT_s1_l2a_TearsOfSteel,1789855254.711,0.1042,0,0,0,0,0,0
CONT_s1_l2a_TearsOfSteel,1789855254.815,0.1042,0,0,0,0,0,0
CONT_s1_l2a_TearsOfSteel,1789855254.919,0.1043,0,0,0,0,0,0
CONT_s1_l2a_TearsOfSteel,1789855255.023,0.1042,0,0,0,0,0,0
CONT_s1_l2a_TearsOfSteel,1789855255.127,0.1041,0,0,0,0,0,0
CONT_s1_l2a_TearsOfSteel,1789855255.232,0.1042,0,0,0,0,0,0
CONT_s1_l2a_TearsOfSteel,1789855255.336,0.1044,0,0,0,0,0,0
CONT_s1_l2a_TearsOfSteel,1789855255.441,0.1051,0,0,0,0,0,0
CONT_s1_l2a_TearsOfSteel,1789855255.545,0.1041,0,0,0,0,0,0
CONT_s1_l2a_TearsOfSteel,1789855255.649,0.1041,0,0,0,0,0,0
CONT_s1_l2a_TearsOfSteel,1789855255.753,0.104,0,0,0,0,0,0
CONT_s1_l2a_TearsOfSteel,1789855255.857,0.1041,0,0,0,0,0,0
CONT_s1_l2a_TearsOfSteel,1789855255.961,0.1041,0,0,0,0,0,0
CONT_s1_l2a_TearsOfSteel,1789855256.066,0.1042,0,0,0,0,0,0
CONT_s1_l2a_TearsOfSteel,1789855256.17,0.1042,141,1,0,6140571.0,0,1
CONT_s1_l2a_TearsOfSteel,1789855256.274,0.1043,0,0,0,0,0,0
CONT_s1_l2a_TearsOfSteel,1789855256.378,0.1041,0,0,0,0,0,0
CONT_s1_l2a_TearsOfSteel,1789855256.482,0.1041,0,0,0,0,0,0
CONT_s1_l2a_TearsOfSteel,1789855256.586,0.1042,0,0,0,0,0,0
CONT_s1_l2a_TearsOfSteel,1789855256.691,0.1041,0,0,0,0,0,0
CONT_s1_l2a_TearsOfSteel,1789855256.795,0.1043,0,0,0,0,0,0
CONT_s1_l2a_TearsOfSteel,1789855256.899,0.1043,0,0,0,0,0,0
CONT_s1_l2a_TearsOfSteel,1789855257.003,0.1041,0,0,0,0,0,0
CONT_s1_l2a_TearsOfSteel,1789855257.107,0.1041,0,0,0,0,0,0
CONT_s1_l2a_TearsOfSteel,1789855257.212,0.1042,0,0,0,0,0,0
CONT_s1_l2a_TearsOfSteel,1789855257.316,0.1041,0,0,0,0,0,0
CONT_s1_l2a_TearsOfSteel,1789855257.42,0.1043,0,0,0,0,0,0
CONT_s1_l2a_TearsOfSteel,1789855257.524,0.1042,0,0,0,0,0,0
CONT_s1_l2a_TearsOfSteel,1789855257.628,0.1042,0,0,0,0,0,0
CONT_s1_l2a_TearsOfSteel,1789855257.732,0.1041,0,0,0,0,0,0
CONT_s1_l2a_TearsOfSteel,1789855257.837,0.1044,0,0,0,0,0,0
CONT_s1_l2a_TearsOfSteel,1789855257.941,0.1042,0,0,0,0,0,0
CONT_s1_l2a_TearsOfSteel,1789855258.045,0.1041,0,0,0,0,0,0
CONT_s1_l2a_TearsOfSteel,1789855258.149,0.1041,141,1,0,5962996.0,0,1
CONT_s1_l2a_TearsOfSteel,1789855258.253,0.1042,0,0,0,0,0,0
CONT_s1_l2a_TearsOfSteel,1789855258.358,0.1041,0,0,0,0,0,0
CONT_s1_l2a_TearsOfSteel,1789855258.462,0.1042,0,0,0,0,0,0
CONT_s1_l2a_TearsOfSteel,1789855258.566,0.1041,0,0,0,0,0,0
CONT_s1_l2a_TearsOfSteel,1789855258.67,0.1042,0,0,0,0,0,0
CONT_s1_l2a_TearsOfSteel,1789855258.774,0.1041,0,0,0,0,0,0
CONT_s1_l2a_TearsOfSteel,1789855258.878,0.1041,0,0,0,0,0,0
CONT_s1_l2a_TearsOfSteel,1789855258.982,0.1042,0,0,0,0,0,0
CONT_s1_l2a_TearsOfSteel,1789855259.086,0.1041,0,0,0,0,0,0
CONT_s1_l2a_TearsOfSteel,1789855259.191,0.1041,0,0,0,0,0,0
CONT_s1_l2a_TearsOfSteel,1789855259.295,0.1041,0,0,0,0,0,0
CONT_s1_l2a_TearsOfSteel,1789855259.399,0.1043,0,0,0,0,0,0
CONT_s1_l2a_TearsOfSteel,1789855259.503,0.1042,0,0,0,0,0,0
CONT_s1_l2a_TearsOfSteel,1789855259.607,0.1042,0,0,0,0,0,0
CONT_s1_l2a_TearsOfSteel,1789855259.712,0.1041,0,0,0,0,0,0
CONT_s1_l2a_TearsOfSteel,1789855259.816,0.1041,0,0,0,0,0,0
CONT_s1_l2a_TearsOfSteel,1789855259.92,0.1044,0,0,0,0,0,0
CONT_s1_l2a_TearsOfSteel,1789855260.024,0.1042,0,0,0,0,0,0
CONT_s1_l2a_TearsOfSteel,1789855260.128,0.1042,0,0,0,0,0,0
CONT_s1_l2a_TearsOfSteel,1789855260.232,0.1041,141,1,0,5663367.0,0,1
CONT_s1_l2a_TearsOfSteel,1789855260.337,0.1045,0,0,0,0,0,0
CONT_s1_l2a_TearsOfSteel,1789855260.441,0.1044,0,0,0,0,0,0
CONT_s1_l2a_TearsOfSteel,1789855260.546,0.1041,0,0,0,0,0,0
CONT_s1_l2a_TearsOfSteel,1789855260.65,0.1041,0,0,0,0,0,0
CONT_s1_l2a_TearsOfSteel,1789855260.754,0.1043,0,0,0,0,0,0
CONT_s1_l2a_TearsOfSteel,1789855260.858,0.104,0,0,0,0,0,0
CONT_s1_l2a_TearsOfSteel,1789855260.962,0.1042,0,0,0,0,0,0
CONT_s1_l2a_TearsOfSteel,1789855261.066,0.1042,0,0,0,0,0,0
CONT_s1_l2a_TearsOfSteel,1789855261.17,0.1042,0,0,0,0,0,0
CONT_s1_l2a_TearsOfSteel,1789855261.275,0.1041,0,0,0,0,0,0
CONT_s1_l2a_TearsOfSteel,1789855261.379,0.1042,0,0,0,0,0,0
CONT_s1_l2a_TearsOfSteel,1789855261.483,0.1041,0,0,0,0,0,0
CONT_s1_l2a_TearsOfSteel,1789855261.587,0.1041,0,0,0,0,0,0
CONT_s1_l2a_TearsOfSteel,1789855261.691,0.1041,0,0,0,0,0,0
CONT_s1_l2a_TearsOfSteel,1789855261.795,0.1042,0,0,0,0,0,0
CONT_s1_l2a_TearsOfSteel,1789855261.899,0.1041,0,0,0,0,0,0
CONT_s1_l2a_TearsOfSteel,1789855262.003,0.1041,0,0,0,0,0,0
CONT_s1_l2a_TearsOfSteel,1789855262.108,0.1042,0,0,0,0,0,0
CONT_s1_l2a_TearsOfSteel,1789855262.212,0.1041,141,1,0,5377680.0,0,1
CONT_s1_l2a_TearsOfSteel,1789855262.316,0.1041,0,0,0,0,0,0
CONT_s1_l2a_TearsOfSteel,1789855262.42,0.1043,0,0,0,0,0,0
CONT_s1_l2a_TearsOfSteel,1789855262.524,0.1041,0,0,0,0,0,0
CONT_s1_l2a_TearsOfSteel,1789855262.628,0.1039,0,0,0,0,0,0
CONT_s1_l2a_TearsOfSteel,1789855262.732,0.1042,0,0,0,0,0,0
CONT_s1_l2a_TearsOfSteel,1789855262.837,0.1044,0,0,0,0,0,0
CONT_s1_l2a_TearsOfSteel,1789855262.943,0.1061,0,0,0,0,0,0
CONT_s1_l2a_TearsOfSteel,1789855263.047,0.1041,0,0,0,0,0,0
CONT_s1_l2a_TearsOfSteel,1789855263.151,0.1041,0,0,0,0,0,0
CONT_s1_l2a_TearsOfSteel,1789855263.255,0.1041,0,0,0,0,0,0
CONT_s1_l2a_TearsOfSteel,1789855263.359,0.1041,0,0,0,0,0,0
CONT_s1_l2a_TearsOfSteel,1789855263.463,0.1041,0,0,0,0,0,0
CONT_s1_l2a_TearsOfSteel,1789855263.568,0.1042,0,0,0,0,0,0
CONT_s1_l2a_TearsOfSteel,1789855263.672,0.1041,0,0,0,0,0,0
CONT_s1_l2a_TearsOfSteel,1789855263.776,0.1041,0,0,0,0,0,0
CONT_s1_l2a_TearsOfSteel,1789855263.88,0.1041,0,0,0,0,0,0
CONT_s1_l2a_TearsOfSteel,1789855263.984,0.1042,0,0,0,0,0,0
CONT_s1_l2a_TearsOfSteel,1789855264.088,0.1042,0,0,0,0,0,0
CONT_s1_l2a_TearsOfSteel,1789855264.192,0.1042,141,1,0,5200662.0,0,1
CONT_s1_l2a_TearsOfSteel,1789855264.297,0.1041,0,0,0,0,0,0
CONT_s1_l2a_TearsOfSteel,1789855264.401,0.1042,0,0,0,0,0,0
CONT_s1_l2a_TearsOfSteel,1789855264.505,0.1041,0,0,0,0,0,0
CONT_s1_l2a_TearsOfSteel,1789855264.609,0.1042,0,0,0,0,0,0
CONT_s1_l2a_TearsOfSteel,1789855264.713,0.1041,0,0,0,0,0,0
CONT_s1_l2a_TearsOfSteel,1789855264.817,0.1041,0,0,0,0,0,0
CONT_s1_l2a_TearsOfSteel,1789855264.921,0.1042,0,0,0,0,0,0
CONT_s1_l2a_TearsOfSteel,1789855265.025,0.1041,0,0,0,0,0,0
CONT_s1_l2a_TearsOfSteel,1789855265.13,0.1041,0,0,0,0,0,0
CONT_s1_l2a_TearsOfSteel,1789855265.234,0.1041,0,0,0,0,0,0
CONT_s1_l2a_TearsOfSteel,1789855265.338,0.1043,0,0,0,0,0,0
CONT_s1_l2a_TearsOfSteel,1789855265.446,0.1077,0,0,0,0,0,0
CONT_s1_l2a_TearsOfSteel,1789855265.55,0.1041,0,0,0,0,0,0
CONT_s1_l2a_TearsOfSteel,1789855265.654,0.1041,0,0,0,0,0,0
CONT_s1_l2a_TearsOfSteel,1789855265.758,0.1041,0,0,0,0,0,0
CONT_s1_l2a_TearsOfSteel,1789855265.862,0.104,0,0,0,0,0,0
CONT_s1_l2a_TearsOfSteel,1789855265.966,0.1041,0,0,0,0,0,0
CONT_s1_l2a_TearsOfSteel,1789855266.07,0.1042,0,0,0,0,0,0
CONT_s1_l2a_TearsOfSteel,1789855266.174,0.1041,0,0,0,0,0,0
CONT_s1_l2a_TearsOfSteel,1789855266.278,0.1041,141,1,0,5044083.0,0,1
CONT_s1_l2a_TearsOfSteel,1789855266.383,0.1042,0,0,0,0,0,0
CONT_s1_l2a_TearsOfSteel,1789855266.487,0.1041,0,0,0,0,0,0
CONT_s1_l2a_TearsOfSteel,1789855266.591,0.104,0,0,0,0,0,0
CONT_s1_l2a_TearsOfSteel,1789855266.695,0.104,0,0,0,0,0,0
CONT_s1_l2a_TearsOfSteel,1789855266.799,0.1042,0,0,0,0,0,0
CONT_s1_l2a_TearsOfSteel,1789855266.903,0.1042,0,0,0,0,0,0
CONT_s1_l2a_TearsOfSteel,1789855267.007,0.1041,0,0,0,0,0,0
CONT_s1_l2a_TearsOfSteel,1789855267.111,0.1042,0,0,0,0,0,0
CONT_s1_l2a_TearsOfSteel,1789855267.215,0.1041,0,0,0,0,0,0
CONT_s1_l2a_TearsOfSteel,1789855267.32,0.1041,0,0,0,0,0,0
CONT_s1_l2a_TearsOfSteel,1789855267.424,0.1041,0,0,0,0,0,0
CONT_s1_l2a_TearsOfSteel,1789855267.528,0.1041,0,0,0,0,0,0
CONT_s1_l2a_TearsOfSteel,1789855267.632,0.1041,0,0,0,0,0,0
CONT_s1_l2a_TearsOfSteel,1789855267.736,0.1041,0,0,0,0,0,0
CONT_s1_l2a_TearsOfSteel,1789855267.84,0.1041,0,0,0,0,0,0
CONT_s1_l2a_TearsOfSteel,1789855267.946,0.1056,0,0,0,0,0,0
CONT_s1_l2a_TearsOfSteel,1789855268.05,0.1043,0,0,0,0,0,0
CONT_s1_l2a_TearsOfSteel,1789855268.154,0.104,0,0,0,0,0,0
CONT_s1_l2a_TearsOfSteel,1789855268.258,0.1042,141,1,0,4839388.0,0,1
CONT_s1_l2a_TearsOfSteel,1789855268.362,0.1042,0,0,0,0,0,0
CONT_s1_l2a_TearsOfSteel,1789855268.466,0.1042,0,0,0,0,0,0
CONT_s1_l2a_TearsOfSteel,1789855268.571,0.1042,0,0,0,0,0,0
CONT_s1_l2a_TearsOfSteel,1789855268.675,0.1043,0,0,0,0,0,0
CONT_s1_l2a_TearsOfSteel,1789855268.779,0.1042,0,0,0,0,0,0
CONT_s1_l2a_TearsOfSteel,1789855268.883,0.1042,0,0,0,0,0,0
CONT_s1_l2a_TearsOfSteel,1789855268.988,0.1043,0,0,0,0,0,0
CONT_s1_l2a_TearsOfSteel,1789855269.092,0.1042,0,0,0,0,0,0
CONT_s1_l2a_TearsOfSteel,1789855269.196,0.1042,0,0,0,0,0,0
CONT_s1_l2a_TearsOfSteel,1789855269.3,0.1041,0,0,0,0,0,0
CONT_s1_l2a_TearsOfSteel,1789855269.404,0.1044,0,0,0,0,0,0
CONT_s1_l2a_TearsOfSteel,1789855269.509,0.1042,0,0,0,0,0,0
CONT_s1_l2a_TearsOfSteel,1789855269.613,0.1042,0,0,0,0,0,0
CONT_s1_l2a_TearsOfSteel,1789855269.717,0.1041,0,0,0,0,0,0
CONT_s1_l2a_TearsOfSteel,1789855269.821,0.1041,0,0,0,0,0,0
CONT_s1_l2a_TearsOfSteel,1789855269.925,0.1043,0,0,0,0,0,0
CONT_s1_l2a_TearsOfSteel,1789855270.03,0.1042,0,0,0,0,0,0
CONT_s1_l2a_TearsOfSteel,1789855270.134,0.1041,0,0,0,0,0,0
CONT_s1_l2a_TearsOfSteel,1789855270.238,0.1041,141,1,0,4646472.0,0,1
CONT_s1_l2a_TearsOfSteel,1789855270.342,0.1041,0,0,0,0,0,0
CONT_s1_l2a_TearsOfSteel,1789855270.449,0.1067,0,0,0,0,0,0
CONT_s1_l2a_TearsOfSteel,1789855270.553,0.1043,0,0,0,0,0,0
CONT_s1_l2a_TearsOfSteel,1789855270.657,0.1041,0,0,0,0,0,0
CONT_s1_l2a_TearsOfSteel,1789855270.761,0.1041,0,0,0,0,0,0
CONT_s1_l2a_TearsOfSteel,1789855270.865,0.1042,0,0,0,0,0,0
CONT_s1_l2a_TearsOfSteel,1789855270.969,0.1042,0,0,0,0,0,0
CONT_s1_l2a_TearsOfSteel,1789855271.074,0.1041,0,0,0,0,0,0
CONT_s1_l2a_TearsOfSteel,1789855271.178,0.104,0,0,0,0,0,0
CONT_s1_l2a_TearsOfSteel,1789855271.282,0.1041,0,0,0,0,0,0
CONT_s1_l2a_TearsOfSteel,1789855271.386,0.1044,0,0,0,0,0,0
CONT_s1_l2a_TearsOfSteel,1789855271.49,0.1042,0,0,0,0,0,0
CONT_s1_l2a_TearsOfSteel,1789855271.594,0.1041,0,0,0,0,0,0
CONT_s1_l2a_TearsOfSteel,1789855271.698,0.1041,0,0,0,0,0,0
CONT_s1_l2a_TearsOfSteel,1789855271.803,0.1041,0,0,0,0,0,0
CONT_s1_l2a_TearsOfSteel,1789855271.907,0.1045,0,0,0,0,0,0
CONT_s1_l2a_TearsOfSteel,1789855272.011,0.1042,0,0,0,0,0,0
CONT_s1_l2a_TearsOfSteel,1789855272.115,0.1041,0,0,0,0,0,0
CONT_s1_l2a_TearsOfSteel,1789855272.219,0.1041,141,1,0,4482702.0,0,1
CONT_s1_l2a_TearsOfSteel,1789855272.324,0.1041,0,0,0,0,0,0
CONT_s1_l2a_TearsOfSteel,1789855272.428,0.1043,0,0,0,0,0,0
CONT_s1_l2a_TearsOfSteel,1789855272.532,0.1042,0,0,0,0,0,0
CONT_s1_l2a_TearsOfSteel,1789855272.636,0.1041,0,0,0,0,0,0
CONT_s1_l2a_TearsOfSteel,1789855272.74,0.104,0,0,0,0,0,0
CONT_s1_l2a_TearsOfSteel,1789855272.844,0.1043,0,0,0,0,0,0
CONT_s1_l2a_TearsOfSteel,1789855272.95,0.1051,0,0,0,0,0,0
CONT_s1_l2a_TearsOfSteel,1789855273.054,0.1042,0,0,0,0,0,0
CONT_s1_l2a_TearsOfSteel,1789855273.158,0.1041,0,0,0,0,0,0
CONT_s1_l2a_TearsOfSteel,1789855273.262,0.1041,0,0,0,0,0,0
CONT_s1_l2a_TearsOfSteel,1789855273.366,0.1045,0,0,0,0,0,0
CONT_s1_l2a_TearsOfSteel,1789855273.471,0.1042,0,0,0,0,0,0
CONT_s1_l2a_TearsOfSteel,1789855273.575,0.1041,0,0,0,0,0,0
CONT_s1_l2a_TearsOfSteel,1789855273.679,0.1042,0,0,0,0,0,0
CONT_s1_l2a_TearsOfSteel,1789855273.783,0.104,0,0,0,0,0,0
CONT_s1_l2a_TearsOfSteel,1789855273.887,0.1043,0,0,0,0,0,0
CONT_s1_l2a_TearsOfSteel,1789855273.991,0.1042,0,0,0,0,0,0
CONT_s1_l2a_TearsOfSteel,1789855274.095,0.1039,0,0,0,0,0,0
CONT_s1_l2a_TearsOfSteel,1789855274.199,0.1041,0,0,0,0,0,0
CONT_s1_l2a_TearsOfSteel,1789855274.304,0.1041,141,1,0,4450890.0,0,1
CONT_s1_l2a_TearsOfSteel,1789855274.408,0.1043,0,0,0,0,0,0
CONT_s1_l2a_TearsOfSteel,1789855274.512,0.1041,0,0,0,0,0,0
CONT_s1_l2a_TearsOfSteel,1789855274.616,0.1042,0,0,0,0,0,0
CONT_s1_l2a_TearsOfSteel,1789855274.72,0.1041,0,0,0,0,0,0
CONT_s1_l2a_TearsOfSteel,1789855274.824,0.1042,0,0,0,0,0,0
CONT_s1_l2a_TearsOfSteel,1789855274.929,0.1043,0,0,0,0,0,0
CONT_s1_l2a_TearsOfSteel,1789855275.033,0.1041,0,0,0,0,0,0
CONT_s1_l2a_TearsOfSteel,1789855275.137,0.1039,0,0,0,0,0,0
CONT_s1_l2a_TearsOfSteel,1789855275.241,0.1041,0,0,0,0,0,0
CONT_s1_l2a_TearsOfSteel,1789855275.345,0.1041,0,0,0,0,0,0
CONT_s1_l2a_TearsOfSteel,1789855275.45,0.1055,0,0,0,0,0,0
CONT_s1_l2a_TearsOfSteel,1789855275.555,0.1042,0,0,0,0,0,0
CONT_s1_l2a_TearsOfSteel,1789855275.659,0.1041,0,0,0,0,0,0
CONT_s1_l2a_TearsOfSteel,1789855275.763,0.1041,0,0,0,0,0,0
CONT_s1_l2a_TearsOfSteel,1789855275.867,0.1042,0,0,0,0,0,0
CONT_s1_l2a_TearsOfSteel,1789855275.971,0.1041,0,0,0,0,0,0
CONT_s1_l2a_TearsOfSteel,1789855276.075,0.1041,0,0,0,0,0,0
CONT_s1_l2a_TearsOfSteel,1789855276.179,0.1041,0,0,0,0,0,0
CONT_s1_l2a_TearsOfSteel,1789855276.284,0.1041,141,1,0,4176871.0,0,1
CONT_s1_l2a_TearsOfSteel,1789855276.388,0.1041,0,0,0,0,0,0
CONT_s1_l2a_TearsOfSteel,1789855276.492,0.1042,0,0,0,0,0,0
CONT_s1_l2a_TearsOfSteel,1789855276.596,0.1041,0,0,0,0,0,0
CONT_s1_l2a_TearsOfSteel,1789855276.7,0.1041,0,0,0,0,0,0
CONT_s1_l2a_TearsOfSteel,1789855276.804,0.1041,0,0,0,0,0,0
CONT_s1_l2a_TearsOfSteel,1789855276.908,0.1043,0,0,0,0,0,0
CONT_s1_l2a_TearsOfSteel,1789855277.012,0.1041,0,0,0,0,0,0
CONT_s1_l2a_TearsOfSteel,1789855277.117,0.1042,0,0,0,0,0,0
CONT_s1_l2a_TearsOfSteel,1789855277.221,0.1041,0,0,0,0,0,0
CONT_s1_l2a_TearsOfSteel,1789855277.325,0.104,0,0,0,0,0,0
CONT_s1_l2a_TearsOfSteel,1789855277.429,0.1041,0,0,0,0,0,0
CONT_s1_l2a_TearsOfSteel,1789855277.533,0.1041,0,0,0,0,0,0
CONT_s1_l2a_TearsOfSteel,1789855277.637,0.1042,0,0,0,0,0,0
CONT_s1_l2a_TearsOfSteel,1789855277.741,0.1041,0,0,0,0,0,0
CONT_s1_l2a_TearsOfSteel,1789855277.846,0.1041,0,0,0,0,0,0
CONT_s1_l2a_TearsOfSteel,1789855277.951,0.1057,0,0,0,0,0,0
CONT_s1_l2a_TearsOfSteel,1789855278.055,0.1041,0,0,0,0,0,0
CONT_s1_l2a_TearsOfSteel,1789855278.159,0.1041,0,0,0,0,0,0
CONT_s1_l2a_TearsOfSteel,1789855278.264,0.1041,141,1,0,3983363.0,0,1
CONT_s1_l2a_TearsOfSteel,1789855278.368,0.1041,0,0,0,0,0,0
CONT_s1_l2a_TearsOfSteel,1789855278.472,0.1042,0,0,0,0,0,0
CONT_s1_l2a_TearsOfSteel,1789855278.576,0.1042,0,0,0,0,0,0
CONT_s1_l2a_TearsOfSteel,1789855278.68,0.1042,0,0,0,0,0,0
CONT_s1_l2a_TearsOfSteel,1789855278.784,0.1042,0,0,0,0,0,0
CONT_s1_l2a_TearsOfSteel,1789855278.889,0.1041,0,0,0,0,0,0
CONT_s1_l2a_TearsOfSteel,1789855278.993,0.1042,0,0,0,0,0,0
CONT_s1_l2a_TearsOfSteel,1789855279.097,0.1042,0,0,0,0,0,0
CONT_s1_l2a_TearsOfSteel,1789855279.201,0.1042,0,0,0,0,0,0
CONT_s1_l2a_TearsOfSteel,1789855279.305,0.1041,0,0,0,0,0,0
CONT_s1_l2a_TearsOfSteel,1789855279.41,0.1043,0,0,0,0,0,0
CONT_s1_l2a_TearsOfSteel,1789855279.514,0.1043,0,0,0,0,0,0
CONT_s1_l2a_TearsOfSteel,1789855279.618,0.1045,0,0,0,0,0,0
CONT_s1_l2a_TearsOfSteel,1789855279.722,0.1042,0,0,0,0,0,0
CONT_s1_l2a_TearsOfSteel,1789855279.827,0.1042,0,0,0,0,0,0
CONT_s1_l2a_TearsOfSteel,1789855279.931,0.1043,0,0,0,0,0,0
CONT_s1_l2a_TearsOfSteel,1789855280.035,0.1042,0,0,0,0,0,0
CONT_s1_l2a_TearsOfSteel,1789855280.139,0.1042,0,0,0,0,0,0
CONT_s1_l2a_TearsOfSteel,1789855280.243,0.1041,141,1,0,3805802.0,0,1
CONT_s1_l2a_TearsOfSteel,1789855280.348,0.1042,0,0,0,0,0,0
CONT_s1_l2a_TearsOfSteel,1789855280.453,0.1053,0,0,0,0,0,0
CONT_s1_l2a_TearsOfSteel,1789855280.557,0.1041,0,0,0,0,0,0
CONT_s1_l2a_TearsOfSteel,1789855280.661,0.1041,0,0,0,0,0,0
CONT_s1_l2a_TearsOfSteel,1789855280.765,0.1041,0,0,0,0,0,0
CONT_s1_l2a_TearsOfSteel,1789855280.869,0.1041,0,0,0,0,0,0
CONT_s1_l2a_TearsOfSteel,1789855280.974,0.1042,0,0,0,0,0,0
CONT_s1_l2a_TearsOfSteel,1789855281.078,0.1041,0,0,0,0,0,0
CONT_s1_l2a_TearsOfSteel,1789855281.182,0.104,0,0,0,0,0,0
CONT_s1_l2a_TearsOfSteel,1789855281.286,0.1041,0,0,0,0,0,0
CONT_s1_l2a_TearsOfSteel,1789855281.39,0.1043,0,0,0,0,0,0
CONT_s1_l2a_TearsOfSteel,1789855281.494,0.1041,0,0,0,0,0,0
CONT_s1_l2a_TearsOfSteel,1789855281.598,0.104,0,0,0,0,0,0
CONT_s1_l2a_TearsOfSteel,1789855281.702,0.104,0,0,0,0,0,0
CONT_s1_l2a_TearsOfSteel,1789855281.806,0.1041,0,0,0,0,0,0
CONT_s1_l2a_TearsOfSteel,1789855281.91,0.1043,0,0,0,0,0,0
CONT_s1_l2a_TearsOfSteel,1789855282.015,0.1041,0,0,0,0,0,0
CONT_s1_l2a_TearsOfSteel,1789855282.119,0.104,0,0,0,0,0,0
CONT_s1_l2a_TearsOfSteel,1789855282.223,0.104,141,1,0,3641594.0,0,1
CONT_s1_l2a_TearsOfSteel,1789855282.327,0.1042,0,0,0,0,0,0
CONT_s1_l2a_TearsOfSteel,1789855282.431,0.1043,0,0,0,0,0,0
CONT_s1_l2a_TearsOfSteel,1789855282.535,0.1041,0,0,0,0,0,0
CONT_s1_l2a_TearsOfSteel,1789855282.639,0.1041,0,0,0,0,0,0
CONT_s1_l2a_TearsOfSteel,1789855282.743,0.104,0,0,0,0,0,0
CONT_s1_l2a_TearsOfSteel,1789855282.847,0.1042,0,0,0,0,0,0
CONT_s1_l2a_TearsOfSteel,1789855282.952,0.1049,0,0,0,0,0,0
CONT_s1_l2a_TearsOfSteel,1789855283.056,0.1041,0,0,0,0,0,0
CONT_s1_l2a_TearsOfSteel,1789855283.161,0.104,0,0,0,0,0,0
CONT_s1_l2a_TearsOfSteel,1789855283.265,0.1041,0,0,0,0,0,0
CONT_s1_l2a_TearsOfSteel,1789855283.369,0.1041,0,0,0,0,0,0
CONT_s1_l2a_TearsOfSteel,1789855283.473,0.1041,0,0,0,0,0,0
CONT_s1_l2a_TearsOfSteel,1789855283.577,0.104,0,0,0,0,0,0
CONT_s1_l2a_TearsOfSteel,1789855283.681,0.104,0,0,0,0,0,0
CONT_s1_l2a_TearsOfSteel,1789855283.785,0.1043,0,0,0,0,0,0
CONT_s1_l2a_TearsOfSteel,1789855283.889,0.1041,0,0,0,0,0,0
CONT_s1_l2a_TearsOfSteel,1789855283.993,0.1041,0,0,0,0,0,0
CONT_s1_l2a_TearsOfSteel,1789855284.097,0.104,0,0,0,0,0,0
CONT_s1_l2a_TearsOfSteel,1789855284.201,0.104,0,0,0,0,0,0
CONT_s1_l2a_TearsOfSteel,1789855284.305,0.104,141,1,0,3455278.0,0,1
CONT_s1_l2a_TearsOfSteel,1789855284.409,0.1041,0,0,0,0,0,0
CONT_s1_l2a_TearsOfSteel,1789855284.513,0.1041,0,0,0,0,0,0
CONT_s1_l2a_TearsOfSteel,1789855284.617,0.104,0,0,0,0,0,0
CONT_s1_l2a_TearsOfSteel,1789855284.721,0.104,0,0,0,0,0,0
CONT_s1_l2a_TearsOfSteel,1789855284.825,0.104,0,0,0,0,0,0
CONT_s1_l2a_TearsOfSteel,1789855284.93,0.1048,0,0,0,0,0,0
CONT_s1_l2a_TearsOfSteel,1789855285.034,0.1042,0,0,0,0,0,0
CONT_s1_l2a_TearsOfSteel,1789855285.138,0.1041,0,0,0,0,0,0
CONT_s1_l2a_TearsOfSteel,1789855285.243,0.1041,0,0,0,0,0,0
CONT_s1_l2a_TearsOfSteel,1789855285.347,0.1042,0,0,0,0,0,0
CONT_s1_l2a_TearsOfSteel,1789855285.453,0.1058,0,0,0,0,0,0
CONT_s1_l2a_TearsOfSteel,1789855285.557,0.1042,0,0,0,0,0,0
CONT_s1_l2a_TearsOfSteel,1789855285.661,0.1041,12298,21,0,1667362.1,0,2
CONT_s1_l2a_TearsOfSteel,1789855285.765,0.1042,13714,12,0,7710357.3,0,2
CONT_s1_l2a_TearsOfSteel,1789855285.869,0.1042,12104,10,0,14074374.6,0,2
CONT_s1_l2a_TearsOfSteel,1789855285.973,0.1043,13604,11,0,17934438.8,0,2
CONT_s1_l2a_TearsOfSteel,1789855286.078,0.1043,12104,10,0,20103014.6,0,2
CONT_s1_l2a_TearsOfSteel,1789855286.182,0.1043,7552,6,0,20976612.3,0,2
CONT_s1_l2a_TearsOfSteel,1789855286.286,0.1043,13797,13,0,20411745.2,0,3
CONT_s1_l2a_TearsOfSteel,1789855286.391,0.1044,10604,9,0,22578092.3,0,2
CONT_s1_l2a_TearsOfSteel,1789855286.495,0.1043,9104,8,0,22989323.2,0,2
CONT_s1_l2a_TearsOfSteel,1789855286.599,0.1043,9104,8,0,23200024.8,0,2
CONT_s1_l2a_TearsOfSteel,1789855286.704,0.1043,12104,10,0,23683291.6,0,2
CONT_s1_l2a_TearsOfSteel,1789855286.808,0.1043,10604,9,0,23911428.3,0,2
CONT_s1_l2a_TearsOfSteel,1789855286.912,0.1044,9104,8,0,23967275.2,0,2
CONT_s1_l2a_TearsOfSteel,1789855287.017,0.1044,13604,11,0,24529271.6,0,2
CONT_s1_l2a_TearsOfSteel,1789855287.121,0.1045,10604,9,0,24641129.7,0,2
CONT_s1_l2a_TearsOfSteel,1789855287.226,0.1044,9104,8,0,24703220.2,0,2
CONT_s1_l2a_TearsOfSteel,1789855287.332,0.1063,9052,7,0,25051650.7,0,2
CONT_s1_l2a_TearsOfSteel,1789855287.436,0.1043,9104,8,0,25217813.2,0,2
CONT_s1_l2a_TearsOfSteel,1789855287.541,0.1042,15104,12,0,25434871.3,0,2
CONT_s1_l2a_TearsOfSteel,1789855287.645,0.1044,12104,10,0,25675269.8,0,2
CONT_s1_l2a_TearsOfSteel,1789855287.749,0.1043,7552,6,0,25405953.2,0,2
CONT_s1_l2a_TearsOfSteel,1789855287.853,0.1043,12104,10,0,25209148.4,0,2
CONT_s1_l2a_TearsOfSteel,1789855287.959,0.1051,7552,6,0,25038211.3,0,2
CONT_s1_l2a_TearsOfSteel,1789855288.063,0.1044,12104,10,0,24755349.0,0,2
CONT_s1_l2a_TearsOfSteel,1789855288.167,0.1043,12104,10,0,24338936.4,0,2
CONT_s1_l2a_TearsOfSteel,1789855288.272,0.1043,12245,11,0,22093250.6,0,3
CONT_s1_l2a_TearsOfSteel,1789855288.376,0.1043,12052,9,0,24660893.7,0,2
CONT_s1_l2a_TearsOfSteel,1789855288.48,0.1043,7656,8,0,21836044.4,0,2
CONT_s1_l2a_TearsOfSteel,1789855288.585,0.1043,13604,11,0,24070209.2,0,2
CONT_s1_l2a_TearsOfSteel,1789855288.689,0.1043,3052,3,0,22987731.3,0,2
CONT_s1_l2a_TearsOfSteel,1789855288.793,0.1043,18156,15,0,24684007.8,0,2
CONT_s1_l2a_TearsOfSteel,1789855288.898,0.1044,9052,7,0,24862512.7,0,2
CONT_s1_l2a_TearsOfSteel,1789855289.002,0.1043,7552,6,0,24641986.7,0,2
CONT_s1_l2a_TearsOfSteel,1789855289.106,0.1043,9052,7,0,24360901.6,0,2
CONT_s1_l2a_TearsOfSteel,1789855289.21,0.1043,16604,13,0,24270352.4,0,2
CONT_s1_l2a_TearsOfSteel,1789855289.315,0.1043,6052,5,0,24100889.0,0,2
CONT_s1_l2a_TearsOfSteel,1789855289.419,0.1043,12104,10,0,23898982.2,0,2
CONT_s1_l2a_TearsOfSteel,1789855289.523,0.1043,12104,10,0,23633195.0,0,2
CONT_s1_l2a_TearsOfSteel,1789855289.628,0.1044,12104,10,0,23351410.2,0,2
CONT_s1_l2a_TearsOfSteel,1789855289.732,0.1043,10604,9,0,23083557.1,0,2
CONT_s1_l2a_TearsOfSteel,1789855289.837,0.1047,10604,9,0,23407542.4,0,2
CONT_s1_l2a_TearsOfSteel,1789855289.942,0.1051,9104,8,0,23460485.5,0,2
CONT_s1_l2a_TearsOfSteel,1789855290.046,0.1043,9052,7,0,24392331.1,0,2
CONT_s1_l2a_TearsOfSteel,1789855290.15,0.1043,7552,6,0,24074550.5,0,2
CONT_s1_l2a_TearsOfSteel,1789855290.255,0.1043,18245,15,0,22216601.3,0,3
CONT_s1_l2a_TearsOfSteel,1789855290.359,0.1044,9052,7,0,23233509.6,0,2
CONT_s1_l2a_TearsOfSteel,1789855290.463,0.1043,10604,9,0,23717688.8,0,2
CONT_s1_l2a_TearsOfSteel,1789855290.568,0.1044,10604,9,0,24104035.7,0,2
CONT_s1_l2a_TearsOfSteel,1789855290.672,0.1043,7604,7,0,24104714.0,0,2
CONT_s1_l2a_TearsOfSteel,1789855290.776,0.1044,15156,13,0,24215840.2,0,2
CONT_s1_l2a_TearsOfSteel,1789855290.881,0.1043,12052,9,0,25074360.1,0,2
CONT_s1_l2a_TearsOfSteel,1789855290.985,0.1044,10656,10,0,23096223.4,0,2
CONT_s1_l2a_TearsOfSteel,1789855291.089,0.1044,7552,6,0,24145502.7,0,2
CONT_s1_l2a_TearsOfSteel,1789855291.194,0.1044,10604,9,0,23845476.3,0,2
CONT_s1_l2a_TearsOfSteel,1789855291.298,0.1044,13604,11,0,23985808.6,0,2
CONT_s1_l2a_TearsOfSteel,1789855291.403,0.1044,6052,5,0,23642323.2,0,2
CONT_s1_l2a_TearsOfSteel,1789855291.507,0.1043,13604,11,0,23685308.5,0,2
CONT_s1_l2a_TearsOfSteel,1789855291.611,0.1043,6052,5,0,23352464.2,0,2
CONT_s1_l2a_TearsOfSteel,1789855291.716,0.1043,13604,11,0,23468498.0,0,2
CONT_s1_l2a_TearsOfSteel,1789855291.82,0.1044,12104,10,0,23015208.4,0,2
CONT_s1_l2a_TearsOfSteel,1789855291.924,0.1044,12104,10,0,22773928.2,0,2
CONT_s1_l2a_TearsOfSteel,1789855292.029,0.1043,6052,5,0,22658643.0,0,2
CONT_s1_l2a_TearsOfSteel,1789855292.133,0.1042,12104,10,0,22437505.0,0,2
CONT_s1_l2a_TearsOfSteel,1789855292.237,0.1044,12104,10,0,22240510.8,0,2
CONT_s1_l2a_TearsOfSteel,1789855292.341,0.1042,13797,13,0,20346333.3,0,3
CONT_s1_l2a_TearsOfSteel,1789855292.448,0.1069,7552,6,0,23256411.8,0,2
CONT_s1_l2a_TearsOfSteel,1789855292.553,0.1043,10604,9,0,22601111.6,0,2
CONT_s1_l2a_TearsOfSteel,1789855292.657,0.104,13604,11,0,23228699.5,0,2
CONT_s1_l2a_TearsOfSteel,1789855292.761,0.1044,6052,5,0,22847008.2,0,2
CONT_s1_l2a_TearsOfSteel,1789855292.865,0.1042,13604,11,0,23042752.9,0,2
CONT_s1_l2a_TearsOfSteel,1789855292.97,0.1043,12104,10,0,22581606.0,0,2
CONT_s1_l2a_TearsOfSteel,1789855293.074,0.1042,6052,5,0,22483556.0,0,2
CONT_s1_l2a_TearsOfSteel,1789855293.178,0.1042,12104,10,0,22287804.0,0,2
CONT_s1_l2a_TearsOfSteel,1789855293.282,0.1042,15104,12,0,22907555.0,0,2
CONT_s1_l2a_TearsOfSteel,1789855293.387,0.1044,10656,10,0,21033228.4,0,2
CONT_s1_l2a_TearsOfSteel,1789855293.491,0.1044,9104,8,0,22492335.8,0,2
CONT_s1_l2a_TearsOfSteel,1789855293.595,0.1042,9104,8,0,22661782.5,0,2
CONT_s1_l2a_TearsOfSteel,1789855293.7,0.1044,13604,11,0,23685670.7,0,2
CONT_s1_l2a_TearsOfSteel,1789855293.804,0.1044,3052,3,0,22260631.0,0,2
CONT_s1_l2a_TearsOfSteel,1789855293.908,0.1044,18156,15,0,24323780.8,0,2
CONT_s1_l2a_TearsOfSteel,1789855294.013,0.1043,9052,7,0,24622382.1,0,2
CONT_s1_l2a_TearsOfSteel,1789855294.117,0.1043,7552,6,0,24376246.0,0,2
CONT_s1_l2a_TearsOfSteel,1789855294.222,0.1047,9052,7,0,24145980.0,0,2
CONT_s1_l2a_TearsOfSteel,1789855294.326,0.1044,9193,8,0,21303182.8,0,3
CONT_s1_l2a_TearsOfSteel,1789855294.43,0.1043,18104,14,0,23232550.7,0,2
CONT_s1_l2a_TearsOfSteel,1789855294.535,0.1043,9052,7,0,23027313.3,0,2
CONT_s1_l2a_TearsOfSteel,1789855294.639,0.1043,7552,6,0,22952730.5,0,2
CONT_s1_l2a_TearsOfSteel,1789855294.743,0.1043,9052,7,0,23062721.6,0,2
CONT_s1_l2a_TearsOfSteel,1789855294.848,0.1043,18104,14,0,22698169.4,0,2
CONT_s1_l2a_TearsOfSteel,1789855294.953,0.1058,10604,9,0,22594551.9,0,2
CONT_s1_l2a_TearsOfSteel,1789855295.058,0.1043,10604,9,0,22952665.1,0,2
CONT_s1_l2a_TearsOfSteel,1789855295.162,0.1043,9104,8,0,23107473.8,0,2
CONT_s1_l2a_TearsOfSteel,1789855295.266,0.1044,10604,9,0,23484065.6,0,2
CONT_s1_l2a_TearsOfSteel,1789855295.371,0.1044,9104,8,0,23119689.2,0,2
CONT_s1_l2a_TearsOfSteel,1789855295.475,0.1043,12104,10,0,23446865.8,0,2
CONT_s1_l2a_TearsOfSteel,1789855295.579,0.1043,10604,9,0,23215800.9,0,2
CONT_s1_l2a_TearsOfSteel,1789855295.684,0.1043,12104,10,0,23581424.2,0,2
CONT_s1_l2a_TearsOfSteel,1789855295.788,0.1043,6052,5,0,23563415.6,0,2
CONT_s1_l2a_TearsOfSteel,1789855295.892,0.1044,13604,11,0,23587591.3,0,2
CONT_s1_l2a_TearsOfSteel,1789855295.997,0.1043,13604,11,0,23291476.4,0,2
CONT_s1_l2a_TearsOfSteel,1789855296.101,0.1043,6052,5,0,23134716.4,0,2
CONT_s1_l2a_TearsOfSteel,1789855296.205,0.1043,13604,11,0,23117470.9,0,2
CONT_s1_l2a_TearsOfSteel,1789855296.309,0.1043,12245,11,0,21129495.6,0,3
CONT_s1_l2a_TearsOfSteel,1789855296.414,0.1044,6052,5,0,22754920.6,0,2
CONT_s1_l2a_TearsOfSteel,1789855296.518,0.1043,12104,10,0,22543432.2,0,2
CONT_s1_l2a_TearsOfSteel,1789855296.622,0.1043,7604,7,0,21583396.6,0,2
CONT_s1_l2a_TearsOfSteel,1789855296.727,0.1043,16656,14,0,23300013.6,0,2
CONT_s1_l2a_TearsOfSteel,1789855296.835,0.1086,7552,6,0,23962674.2,0,2
CONT_s1_l2a_TearsOfSteel,1789855296.94,0.1045,7552,6,0,23630964.0,0,2
CONT_s1_l2a_TearsOfSteel,1789855297.044,0.1043,18104,14,0,23130636.4,0,2
CONT_s1_l2a_TearsOfSteel,1789855297.148,0.1044,9052,7,0,22838305.4,0,2
CONT_s1_l2a_TearsOfSteel,1789855297.253,0.1043,10704,11,0,20570579.9,0,3
CONT_s1_l2a_TearsOfSteel,1789855297.357,0.1044,9000,6,0,24833237.0,0,1
CONT_s1_l2a_TearsOfSteel,1789855297.462,0.1044,11100,17,0,8408862.6,0,3
CONT_s1_l2a_TearsOfSteel,1789855297.566,0.1046,10138,9,0,10627486.3,0,2
CONT_s1_l2a_TearsOfSteel,1789855297.671,0.1045,15104,12,0,16761210.0,0,2
CONT_s1_l2a_TearsOfSteel,1789855297.775,0.1044,7552,6,0,18473198.8,0,2
CONT_s1_l2a_TearsOfSteel,1789855297.879,0.1044,10604,9,0,20080855.0,0,2
CONT_s1_l2a_TearsOfSteel,1789855297.984,0.1044,6052,5,0,21155691.8,0,2
CONT_s1_l2a_TearsOfSteel,1789855298.088,0.1045,18104,14,0,22225174.3,0,2
CONT_s1_l2a_TearsOfSteel,1789855298.193,0.1046,10552,8,0,22320673.1,0,2
CONT_s1_l2a_TearsOfSteel,1789855298.297,0.1044,6193,6,0,19388458.0,0,3
CONT_s1_l2a_TearsOfSteel,1789855298.402,0.1044,12104,10,0,22620991.4,0,2
CONT_s1_l2a_TearsOfSteel,1789855298.506,0.1045,12104,10,0,22639488.0,0,2
CONT_s1_l2a_TearsOfSteel,1789855298.611,0.1045,12104,10,0,22559107.4,0,2
CONT_s1_l2a_TearsOfSteel,1789855298.715,0.1045,12104,10,0,22420275.2,0,2
CONT_s1_l2a_TearsOfSteel,1789855298.82,0.1045,10604,9,0,22183488.4,0,2
CONT_s1_l2a_TearsOfSteel,1789855298.924,0.1046,10604,9,0,22628514.6,0,2
CONT_s1_l2a_TearsOfSteel,1789855299.029,0.1044,9104,8,0,22701727.8,0,2
CONT_s1_l2a_TearsOfSteel,1789855299.133,0.1044,7552,6,0,23869273.8,0,2
CONT_s1_l2a_TearsOfSteel,1789855299.238,0.1044,9104,8,0,23317576.2,0,2
CONT_s1_l2a_TearsOfSteel,1789855299.342,0.1043,16656,14,0,24117500.6,0,2
CONT_s1_l2a_TearsOfSteel,1789855299.448,0.1061,7552,6,0,24554818.7,0,2
CONT_s1_l2a_TearsOfSteel,1789855299.553,0.1045,9104,8,0,24244959.0,0,2
CONT_s1_l2a_TearsOfSteel,1789855299.657,0.1045,16656,14,0,24802865.9,0,2
CONT_s1_l2a_TearsOfSteel,1789855299.761,0.1044,9052,7,0,25002446.3,0,2
CONT_s1_l2a_TearsOfSteel,1789855299.866,0.1044,9104,8,0,25145607.0,0,2
CONT_s1_l2a_TearsOfSteel,1789855299.97,0.1044,9052,7,0,25247204.9,0,2
CONT_s1_l2a_TearsOfSteel,1789855300.075,0.1045,10604,9,0,25421978.9,0,2
CONT_s1_l2a_TearsOfSteel,1789855300.179,0.1044,15104,12,0,25408237.8,0,2
CONT_s1_l2a_TearsOfSteel,1789855300.284,0.1044,4552,4,0,25463223.5,0,2
CONT_s1_l2a_TearsOfSteel,1789855300.388,0.1044,13745,12,0,23956755.3,0,3
CONT_s1_l2a_TearsOfSteel,1789855300.492,0.1045,13656,12,0,25851048.5,0,2
CONT_s1_l2a_TearsOfSteel,1789855300.597,0.1045,10604,9,0,25644034.9,0,2
CONT_s1_l2a_TearsOfSteel,1789855300.701,0.1045,10604,9,0,25221930.7,0,2
CONT_s1_l2a_TearsOfSteel,1789855300.806,0.1046,10604,9,0,24866876.9,0,2
CONT_s1_l2a_TearsOfSteel,1789855300.911,0.1046,6052,5,0,24864332.8,0,2
CONT_s1_l2a_TearsOfSteel,1789855301.015,0.1045,12104,10,0,24768650.8,0,2
CONT_s1_l2a_TearsOfSteel,1789855301.119,0.1044,13604,11,0,24510266.9,0,2
CONT_s1_l2a_TearsOfSteel,1789855301.224,0.1044,12104,10,0,24146497.6,0,2
CONT_s1_l2a_TearsOfSteel,1789855301.329,0.1054,7652,8,0,21141101.1,0,3
CONT_s1_l2a_TearsOfSteel,1789855301.434,0.1045,12000,8,0,25651615.0,0,1
CONT_s1_l2a_TearsOfSteel,1789855301.538,0.1045,14100,19,0,12549661.9,0,3
CONT_s1_l2a_TearsOfSteel,1789855301.643,0.1046,10138,9,0,12246700.2,0,2
CONT_s1_l2a_TearsOfSteel,1789855301.747,0.1045,9052,7,0,15764306.9,0,2
CONT_s1_l2a_TearsOfSteel,1789855301.852,0.1047,6052,5,0,17655854.0,0,2
CONT_s1_l2a_TearsOfSteel,1789855301.957,0.1053,15104,12,0,20257388.2,0,2
CONT_s1_l2a_TearsOfSteel,1789855302.062,0.1047,9104,8,0,21462540.5,0,2
CONT_s1_l2a_TearsOfSteel,1789855302.167,0.1046,9052,7,0,22537310.0,0,2
CONT_s1_l2a_TearsOfSteel,1789855302.271,0.1045,9052,7,0,22595750.6,0,2
CONT_s1_l2a_TearsOfSteel,1789855302.376,0.1046,16745,14,0,21788192.4,0,3
CONT_s1_l2a_TearsOfSteel,1789855302.48,0.1046,12104,10,0,22953917.2,0,2
CONT_s1_l2a_TearsOfSteel,1789855302.585,0.1045,6052,5,0,22954500.8,0,2
CONT_s1_l2a_TearsOfSteel,1789855302.689,0.1045,12104,10,0,22873843.6,0,2
CONT_s1_l2a_TearsOfSteel,1789855302.794,0.1044,12104,10,0,22723719.0,0,2
CONT_s1_l2a_TearsOfSteel,1789855302.898,0.1046,12104,10,0,22543692.2,0,2
CONT_s1_l2a_TearsOfSteel,1789855303.003,0.1046,7604,7,0,21621432.6,0,2
CONT_s1_l2a_TearsOfSteel,1789855303.108,0.1046,13604,11,0,23374641.3,0,2
CONT_s1_l2a_TearsOfSteel,1789855303.212,0.1046,10604,9,0,23391681.1,0,2
CONT_s1_l2a_TearsOfSteel,1789855303.317,0.1045,9104,8,0,23462909.0,0,2
CONT_s1_l2a_TearsOfSteel,1789855303.422,0.1049,13604,11,0,24205731.9,0,2
CONT_s1_l2a_TearsOfSteel,1789855303.526,0.1046,10604,9,0,24293551.3,0,2
CONT_s1_l2a_TearsOfSteel,1789855303.631,0.1047,9104,8,0,24360678.0,0,2
CONT_s1_l2a_TearsOfSteel,1789855303.735,0.1046,7552,6,0,24898916.2,0,2
CONT_s1_l2a_TearsOfSteel,1789855303.84,0.1049,9104,8,0,24699251.5,0,2
CONT_s1_l2a_TearsOfSteel,1789855303.948,0.1074,18156,15,0,25318188.0,0,2
CONT_s1_l2a_TearsOfSteel,1789855304.053,0.1047,9052,7,0,25285636.6,0,2
CONT_s1_l2a_TearsOfSteel,1789855304.157,0.1046,9104,8,0,25701808.5,0,2
CONT_s1_l2a_TearsOfSteel,1789855304.262,0.1045,9052,7,0,25525813.4,0,2
CONT_s1_l2a_TearsOfSteel,1789855304.366,0.1045,7693,7,0,22464579.0,0,3
CONT_s1_l2a_TearsOfSteel,1789855304.471,0.1046,9052,7,0,24974353.4,0,2
CONT_s1_l2a_TearsOfSteel,1789855304.575,0.1046,18104,14,0,24591970.1,0,2
CONT_s1_l2a_TearsOfSteel,1789855304.68,0.1049,10552,8,0,24234194.4,0,2
CONT_s1_l2a_TearsOfSteel,1789855304.785,0.1045,12104,10,0,24792544.2,0,2
CONT_s1_l2a_TearsOfSteel,1789855304.889,0.1046,10604,9,0,24740993.7,0,2
CONT_s1_l2a_TearsOfSteel,1789855304.994,0.1046,10604,9,0,24965223.1,0,2
CONT_s1_l2a_TearsOfSteel,1789855305.099,0.1046,7604,7,0,25063714.7,0,2
CONT_s1_l2a_TearsOfSteel,1789855305.203,0.1045,13604,11,0,25287208.9,0,2
CONT_s1_l2a_TearsOfSteel,1789855305.308,0.1045,12104,10,0,25426496.4,0,2
CONT_s1_l2a_TearsOfSteel,1789855305.412,0.1046,9092,8,0,26209480.8,0,2
CONT_s1_l2a_TearsOfSteel,1789855305.517,0.1047,9000,6,0,25217277.0,0,1
CONT_s1_l2a_TearsOfSteel,1789855305.621,0.1047,7500,5,0,25150684.0,0,1
CONT_s1_l2a_TearsOfSteel,1789855305.726,0.1047,0,0,0,0,0,0
CONT_s1_l2a_TearsOfSteel,1789855305.832,0.106,0,0,0,0,0,0
CONT_s1_l2a_TearsOfSteel,1789855305.937,0.1046,0,0,0,0,0,0
CONT_s1_l2a_TearsOfSteel,1789855306.041,0.1046,0,0,0,0,0,0
CONT_s1_l2a_TearsOfSteel,1789855306.146,0.1046,0,0,0,0,0,0
CONT_s1_l2a_TearsOfSteel,1789855306.25,0.1046,0,0,0,0,0,0
CONT_s1_l2a_TearsOfSteel,1789855306.355,0.1049,141,1,0,4830617.0,0,1
CONT_s1_l2a_TearsOfSteel,1789855306.46,0.1046,0,0,0,0,0,0
CONT_s1_l2a_TearsOfSteel,1789855306.565,0.1048,0,0,0,0,0,0
CONT_s1_l2a_TearsOfSteel,1789855306.669,0.1046,0,0,0,0,0,0
CONT_s1_l2a_TearsOfSteel,1789855306.774,0.1046,0,0,0,0,0,0
CONT_s1_l2a_TearsOfSteel,1789855306.878,0.1046,0,0,0,0,0,0
CONT_s1_l2a_TearsOfSteel,1789855306.983,0.1046,0,0,0,0,0,0
CONT_s1_l2a_TearsOfSteel,1789855307.088,0.1046,0,0,0,0,0,0
CONT_s1_l2a_TearsOfSteel,1789855307.192,0.1044,0,0,0,0,0,0
CONT_s1_l2a_TearsOfSteel,1789855307.296,0.1045,0,0,0,0,0,0
CONT_s1_l2a_TearsOfSteel,1789855307.401,0.1045,0,0,0,0,0,0
CONT_s1_l2a_TearsOfSteel,1789855307.506,0.1046,0,0,0,0,0,0
CONT_s1_l2a_TearsOfSteel,1789855307.61,0.1047,0,0,0,0,0,0
CONT_s1_l2a_TearsOfSteel,1789855307.715,0.1045,0,0,0,0,0,0
CONT_s1_l2a_TearsOfSteel,1789855307.819,0.1044,0,0,0,0,0,0
CONT_s1_l2a_TearsOfSteel,1789855307.924,0.1046,0,0,0,0,0,0
CONT_s1_l2a_TearsOfSteel,1789855308.028,0.1046,0,0,0,0,0,0
CONT_s1_l2a_TearsOfSteel,1789855308.133,0.1045,0,0,0,0,0,0
CONT_s1_l2a_TearsOfSteel,1789855308.238,0.1047,0,0,0,0,0,0
CONT_s1_l2a_TearsOfSteel,1789855308.342,0.1048,141,1,0,4921186.0,0,1
CONT_s1_l2a_TearsOfSteel,1789855308.449,0.1063,0,0,0,0,0,0
CONT_s1_l2a_TearsOfSteel,1789855308.553,0.1045,0,0,0,0,0,0
CONT_s1_l2a_TearsOfSteel,1789855308.658,0.1047,0,0,0,0,0,0
CONT_s1_l2a_TearsOfSteel,1789855308.763,0.105,0,0,0,0,0,0
CONT_s1_l2a_TearsOfSteel,1789855308.868,0.1048,0,0,0,0,0,0
CONT_s1_l2a_TearsOfSteel,1789855308.973,0.1047,0,0,0,0,0,0
CONT_s1_l2a_TearsOfSteel,1789855309.077,0.1047,0,0,0,0,0,0
CONT_s1_l2a_TearsOfSteel,1789855309.182,0.1047,0,0,0,0,0,0
CONT_s1_l2a_TearsOfSteel,1789855309.287,0.1047,0,0,0,0,0,0
CONT_s1_l2a_TearsOfSteel,1789855309.391,0.1048,0,0,0,0,0,0
CONT_s1_l2a_TearsOfSteel,1789855309.496,0.1047,0,0,0,0,0,0
CONT_s1_l2a_TearsOfSteel,1789855309.601,0.1047,0,0,0,0,0,0
CONT_s1_l2a_TearsOfSteel,1789855309.705,0.1046,0,0,0,0,0,0
CONT_s1_l2a_TearsOfSteel,1789855309.81,0.1047,0,0,0,0,0,0
CONT_s1_l2a_TearsOfSteel,1789855309.915,0.1048,0,0,0,0,0,0
CONT_s1_l2a_TearsOfSteel,1789855310.02,0.1047,0,0,0,0,0,0
CONT_s1_l2a_TearsOfSteel,1789855310.124,0.1046,0,0,0,0,0,0
CONT_s1_l2a_TearsOfSteel,1789855310.229,0.1052,0,0,0,0,0,0
CONT_s1_l2a_TearsOfSteel,1789855310.336,0.1061,141,1,0,4706949.0,0,1
CONT_s1_l2a_TearsOfSteel,1789855310.445,0.1099,0,0,0,0,0,0
CONT_s1_l2a_TearsOfSteel,1789855310.55,0.1046,0,0,0,0,0,0
CONT_s1_l2a_TearsOfSteel,1789855310.655,0.1046,0,0,0,0,0,0
CONT_s1_l2a_TearsOfSteel,1789855310.759,0.1046,0,0,0,0,0,0
CONT_s1_l2a_TearsOfSteel,1789855310.864,0.1047,0,0,0,0,0,0
CONT_s1_l2a_TearsOfSteel,1789855310.969,0.1046,0,0,0,0,0,0
CONT_s1_l2a_TearsOfSteel,1789855311.073,0.1047,0,0,0,0,0,0
CONT_s1_l2a_TearsOfSteel,1789855311.178,0.1046,0,0,0,0,0,0
CONT_s1_l2a_TearsOfSteel,1789855311.283,0.1046,0,0,0,0,0,0
CONT_s1_l2a_TearsOfSteel,1789855311.387,0.1047,0,0,0,0,0,0
CONT_s1_l2a_TearsOfSteel,1789855311.492,0.1046,0,0,0,0,0,0
CONT_s1_l2a_TearsOfSteel,1789855311.597,0.1047,0,0,0,0,0,0
CONT_s1_l2a_TearsOfSteel,1789855311.701,0.1046,0,0,0,0,0,0
CONT_s1_l2a_TearsOfSteel,1789855311.806,0.1046,0,0,0,0,0,0
CONT_s1_l2a_TearsOfSteel,1789855311.91,0.1047,0,0,0,0,0,0
CONT_s1_l2a_TearsOfSteel,1789855312.015,0.1046,0,0,0,0,0,0
CONT_s1_l2a_TearsOfSteel,1789855312.12,0.1046,0,0,0,0,0,0
CONT_s1_l2a_TearsOfSteel,1789855312.224,0.1046,0,0,0,0,0,0
CONT_s1_l2a_TearsOfSteel,1789855312.33,0.1054,0,0,0,0,0,0
CONT_s1_l2a_TearsOfSteel,1789855312.434,0.1047,141,1,0,4479436.0,0,1
CONT_s1_l2a_TearsOfSteel,1789855312.539,0.1046,0,0,0,0,0,0
CONT_s1_l2a_TearsOfSteel,1789855312.644,0.1047,0,0,0,0,0,0
CONT_s1_l2a_TearsOfSteel,1789855312.748,0.1046,0,0,0,0,0,0
CONT_s1_l2a_TearsOfSteel,1789855312.853,0.1046,0,0,0,0,0,0
CONT_s1_l2a_TearsOfSteel,1789855312.958,0.1047,0,0,0,0,0,0
CONT_s1_l2a_TearsOfSteel,1789855313.062,0.1045,0,0,0,0,0,0
CONT_s1_l2a_TearsOfSteel,1789855313.167,0.1047,0,0,0,0,0,0
CONT_s1_l2a_TearsOfSteel,1789855313.271,0.1046,0,0,0,0,0,0
CONT_s1_l2a_TearsOfSteel,1789855313.376,0.1046,0,0,0,0,0,0
CONT_s1_l2a_TearsOfSteel,1789855313.481,0.1047,0,0,0,0,0,0
CONT_s1_l2a_TearsOfSteel,1789855313.585,0.1046,0,0,0,0,0,0
CONT_s1_l2a_TearsOfSteel,1789855313.69,0.1046,0,0,0,0,0,0
CONT_s1_l2a_TearsOfSteel,1789855313.794,0.1045,0,0,0,0,0,0
CONT_s1_l2a_TearsOfSteel,1789855313.899,0.1048,0,0,0,0,0,0
CONT_s1_l2a_TearsOfSteel,1789855314.004,0.1048,0,0,0,0,0,0
CONT_s1_l2a_TearsOfSteel,1789855314.108,0.1045,0,0,0,0,0,0
CONT_s1_l2a_TearsOfSteel,1789855314.213,0.1047,0,0,0,0,0,0
CONT_s1_l2a_TearsOfSteel,1789855314.318,0.1046,0,0,0,0,0,0
CONT_s1_l2a_TearsOfSteel,1789855314.423,0.1048,141,1,0,4316351.0,0,1
CONT_s1_l2a_TearsOfSteel,1789855314.527,0.1046,0,0,0,0,0,0
CONT_s1_l2a_TearsOfSteel,1789855314.632,0.1046,0,0,0,0,0,0
CONT_s1_l2a_TearsOfSteel,1789855314.736,0.1046,0,0,0,0,0,0
CONT_s1_l2a_TearsOfSteel,1789855314.841,0.1047,0,0,0,0,0,0
CONT_s1_l2a_TearsOfSteel,1789855314.946,0.1047,0,0,0,0,0,0
CONT_s1_l2a_TearsOfSteel,1789855315.052,0.1064,0,0,0,0,0,0
CONT_s1_l2a_TearsOfSteel,1789855315.157,0.105,0,0,0,0,0,0
CONT_s1_l2a_TearsOfSteel,1789855315.262,0.1046,0,0,0,0,0,0
CONT_s1_l2a_TearsOfSteel,1789855315.366,0.1045,0,0,0,0,0,0
CONT_s1_l2a_TearsOfSteel,1789855315.471,0.1045,0,0,0,0,0,0
CONT_s1_l2a_TearsOfSteel,1789855315.575,0.1046,0,0,0,0,0,0
CONT_s1_l2a_TearsOfSteel,1789855315.68,0.1046,0,0,0,0,0,0
CONT_s1_l2a_TearsOfSteel,1789855315.784,0.1045,0,0,0,0,0,0
CONT_s1_l2a_TearsOfSteel,1789855315.889,0.1047,0,0,0,0,0,0
CONT_s1_l2a_TearsOfSteel,1789855315.994,0.1046,0,0,0,0,0,0
CONT_s1_l2a_TearsOfSteel,1789855316.098,0.1047,0,0,0,0,0,0
CONT_s1_l2a_TearsOfSteel,1789855316.203,0.1046,0,0,0,0,0,0
CONT_s1_l2a_TearsOfSteel,1789855316.308,0.1046,0,0,0,0,0,0
CONT_s1_l2a_TearsOfSteel,1789855316.412,0.1047,141,1,0,4375107.0,0,1
CONT_s1_l2a_TearsOfSteel,1789855316.517,0.1049,0,0,0,0,0,0
CONT_s1_l2a_TearsOfSteel,1789855316.622,0.105,0,0,0,0,0,0
CONT_s1_l2a_TearsOfSteel,1789855316.727,0.1048,0,0,0,0,0,0
CONT_s1_l2a_TearsOfSteel,1789855316.835,0.108,0,0,0,0,0,0
CONT_s1_l2a_TearsOfSteel,1789855316.941,0.1054,0,0,0,0,0,0
CONT_s1_l2a_TearsOfSteel,1789855317.045,0.1047,0,0,0,0,0,0
CONT_s1_l2a_TearsOfSteel,1789855317.15,0.1048,0,0,0,0,0,0
CONT_s1_l2a_TearsOfSteel,1789855317.255,0.1047,0,0,0,0,0,0
CONT_s1_l2a_TearsOfSteel,1789855317.359,0.1047,0,0,0,0,0,0
CONT_s1_l2a_TearsOfSteel,1789855317.464,0.1047,0,0,0,0,0,0
CONT_s1_l2a_TearsOfSteel,1789855317.569,0.1048,0,0,0,0,0,0
CONT_s1_l2a_TearsOfSteel,1789855317.674,0.1047,0,0,0,0,0,0
CONT_s1_l2a_TearsOfSteel,1789855317.778,0.1047,0,0,0,0,0,0
CONT_s1_l2a_TearsOfSteel,1789855317.883,0.1047,0,0,0,0,0,0
CONT_s1_l2a_TearsOfSteel,1789855317.988,0.1047,0,0,0,0,0,0
CONT_s1_l2a_TearsOfSteel,1789855318.092,0.1046,0,0,0,0,0,0
CONT_s1_l2a_TearsOfSteel,1789855318.197,0.1048,0,0,0,0,0,0
CONT_s1_l2a_TearsOfSteel,1789855318.302,0.1047,0,0,0,0,0,0
CONT_s1_l2a_TearsOfSteel,1789855318.407,0.1047,141,1,0,4112257.0,0,1
CONT_s1_l2a_TearsOfSteel,1789855318.511,0.1047,0,0,0,0,0,0
CONT_s1_l2a_TearsOfSteel,1789855318.616,0.1046,0,0,0,0,0,0
CONT_s1_l2a_TearsOfSteel,1789855318.721,0.1047,0,0,0,0,0,0
CONT_s1_l2a_TearsOfSteel,1789855318.825,0.1047,0,0,0,0,0,0
CONT_s1_l2a_TearsOfSteel,1789855318.93,0.1048,0,0,0,0,0,0
CONT_s1_l2a_TearsOfSteel,1789855319.035,0.1047,0,0,0,0,0,0
CONT_s1_l2a_TearsOfSteel,1789855319.139,0.1046,0,0,0,0,0,0
CONT_s1_l2a_TearsOfSteel,1789855319.244,0.1047,0,0,0,0,0,0
CONT_s1_l2a_TearsOfSteel,1789855319.349,0.1047,0,0,0,0,0,0
CONT_s1_l2a_TearsOfSteel,1789855319.455,0.1058,0,0,0,0,0,0
CONT_s1_l2a_TearsOfSteel,1789855319.559,0.1047,0,0,0,0,0,0
CONT_s1_l2a_TearsOfSteel,1789855319.664,0.1046,0,0,0,0,0,0
CONT_s1_l2a_TearsOfSteel,1789855319.769,0.1047,0,0,0,0,0,0
CONT_s1_l2a_TearsOfSteel,1789855319.873,0.1046,0,0,0,0,0,0
CONT_s1_l2a_TearsOfSteel,1789855319.978,0.1047,0,0,0,0,0,0
CONT_s1_l2a_TearsOfSteel,1789855320.083,0.1046,0,0,0,0,0,0
CONT_s1_l2a_TearsOfSteel,1789855320.187,0.1047,0,0,0,0,0,0
CONT_s1_l2a_TearsOfSteel,1789855320.292,0.1047,0,0,0,0,0,0
CONT_s1_l2a_TearsOfSteel,1789855320.397,0.1047,141,1,0,3868012.0,0,1
CONT_s1_l2a_TearsOfSteel,1789855320.501,0.1046,0,0,0,0,0,0
CONT_s1_l2a_TearsOfSteel,1789855320.606,0.1046,0,0,0,0,0,0
CONT_s1_l2a_TearsOfSteel,1789855320.711,0.1047,0,0,0,0,0,0
CONT_s1_l2a_TearsOfSteel,1789855320.815,0.1047,0,0,0,0,0,0
CONT_s1_l2a_TearsOfSteel,1789855320.92,0.1047,0,0,0,0,0,0
CONT_s1_l2a_TearsOfSteel,1789855321.025,0.1046,0,0,0,0,0,0
CONT_s1_l2a_TearsOfSteel,1789855321.129,0.1046,0,0,0,0,0,0
CONT_s1_l2a_TearsOfSteel,1789855321.234,0.1047,0,0,0,0,0,0
CONT_s1_l2a_TearsOfSteel,1789855321.339,0.1048,0,0,0,0,0,0
CONT_s1_l2a_TearsOfSteel,1789855321.444,0.1051,0,0,0,0,0,0
CONT_s1_l2a_TearsOfSteel,1789855321.548,0.1046,0,0,0,0,0,0
CONT_s1_l2a_TearsOfSteel,1789855321.653,0.1046,0,0,0,0,0,0
CONT_s1_l2a_TearsOfSteel,1789855321.758,0.1047,0,0,0,0,0,0
CONT_s1_l2a_TearsOfSteel,1789855321.862,0.1046,0,0,0,0,0,0
CONT_s1_l2a_TearsOfSteel,1789855321.967,0.1046,0,0,0,0,0,0
CONT_s1_l2a_TearsOfSteel,1789855322.072,0.1047,0,0,0,0,0,0
CONT_s1_l2a_TearsOfSteel,1789855322.176,0.1047,0,0,0,0,0,0
CONT_s1_l2a_TearsOfSteel,1789855322.281,0.1047,0,0,0,0,0,0
CONT_s1_l2a_TearsOfSteel,1789855322.386,0.1047,0,0,0,0,0,0
CONT_s1_l2a_TearsOfSteel,1789855322.49,0.1047,141,1,0,3774886.0,0,1
CONT_s1_l2a_TearsOfSteel,1789855322.595,0.1047,0,0,0,0,0,0
CONT_s1_l2a_TearsOfSteel,1789855322.7,0.1048,0,0,0,0,0,0
CONT_s1_l2a_TearsOfSteel,1789855322.805,0.1047,0,0,0,0,0,0
CONT_s1_l2a_TearsOfSteel,1789855322.909,0.1047,0,0,0,0,0,0
CONT_s1_l2a_TearsOfSteel,1789855323.014,0.1046,0,0,0,0,0,0
CONT_s1_l2a_TearsOfSteel,1789855323.118,0.1046,0,0,0,0,0,0
CONT_s1_l2a_TearsOfSteel,1789855323.223,0.1047,0,0,0,0,0,0
CONT_s1_l2a_TearsOfSteel,1789855323.33,0.107,0,0,0,0,0,0
CONT_s1_l2a_TearsOfSteel,1789855323.435,0.1046,0,0,0,0,0,0
CONT_s1_l2a_TearsOfSteel,1789855323.539,0.1046,0,0,0,0,0,0
CONT_s1_l2a_TearsOfSteel,1789855323.644,0.1047,0,0,0,0,0,0
CONT_s1_l2a_TearsOfSteel,1789855323.749,0.1047,0,0,0,0,0,0
CONT_s1_l2a_TearsOfSteel,1789855323.853,0.1045,0,0,0,0,0,0
CONT_s1_l2a_TearsOfSteel,1789855323.958,0.1046,0,0,0,0,0,0
CONT_s1_l2a_TearsOfSteel,1789855324.062,0.1045,0,0,0,0,0,0
CONT_s1_l2a_TearsOfSteel,1789855324.167,0.1047,0,0,0,0,0,0
CONT_s1_l2a_TearsOfSteel,1789855324.272,0.1047,0,0,0,0,0,0
CONT_s1_l2a_TearsOfSteel,1789855324.376,0.1045,0,0,0,0,0,0
CONT_s1_l2a_TearsOfSteel,1789855324.481,0.1046,141,1,0,4192659.0,0,1
CONT_s1_l2a_TearsOfSteel,1789855324.585,0.1045,0,0,0,0,0,0
CONT_s1_l2a_TearsOfSteel,1789855324.69,0.1047,0,0,0,0,0,0
CONT_s1_l2a_TearsOfSteel,1789855324.795,0.1047,0,0,0,0,0,0
CONT_s1_l2a_TearsOfSteel,1789855324.899,0.1047,0,0,0,0,0,0
CONT_s1_l2a_TearsOfSteel,1789855325.004,0.1046,0,0,0,0,0,0
CONT_s1_l2a_TearsOfSteel,1789855325.109,0.1046,0,0,0,0,0,0
CONT_s1_l2a_TearsOfSteel,1789855325.213,0.1047,0,0,0,0,0,0
CONT_s1_l2a_TearsOfSteel,1789855325.318,0.1047,0,0,0,0,0,0
CONT_s1_l2a_TearsOfSteel,1789855325.423,0.1047,0,0,0,0,0,0
CONT_s1_l2a_TearsOfSteel,1789855325.528,0.1046,0,0,0,0,0,0
CONT_s1_l2a_TearsOfSteel,1789855325.632,0.1049,0,0,0,0,0,0
CONT_s1_l2a_TearsOfSteel,1789855325.737,0.1047,0,0,0,0,0,0
CONT_s1_l2a_TearsOfSteel,1789855325.842,0.1048,0,0,0,0,0,0
CONT_s1_l2a_TearsOfSteel,1789855325.949,0.1068,0,0,0,0,0,0
CONT_s1_l2a_TearsOfSteel,1789855326.053,0.1046,0,0,0,0,0,0
CONT_s1_l2a_TearsOfSteel,1789855326.158,0.1046,0,0,0,0,0,0
CONT_s1_l2a_TearsOfSteel,1789855326.263,0.1047,0,0,0,0,0,0
CONT_s1_l2a_TearsOfSteel,1789855326.367,0.1045,0,0,0,0,0,0
CONT_s1_l2a_TearsOfSteel,1789855326.472,0.1046,141,1,0,3937252.0,0,1
CONT_s1_l2a_TearsOfSteel,1789855326.576,0.1047,0,0,0,0,0,0
CONT_s1_l2a_TearsOfSteel,1789855326.681,0.1046,0,0,0,0,0,0
CONT_s1_l2a_TearsOfSteel,1789855326.786,0.1046,0,0,0,0,0,0
CONT_s1_l2a_TearsOfSteel,1789855326.89,0.1046,0,0,0,0,0,0
CONT_s1_l2a_TearsOfSteel,1789855326.995,0.1046,0,0,0,0,0,0
CONT_s1_l2a_TearsOfSteel,1789855327.099,0.1046,0,0,0,0,0,0
CONT_s1_l2a_TearsOfSteel,1789855327.204,0.1047,0,0,0,0,0,0
CONT_s1_l2a_TearsOfSteel,1789855327.309,0.1046,0,0,0,0,0,0
CONT_s1_l2a_TearsOfSteel,1789855327.413,0.1045,0,0,0,0,0,0
CONT_s1_l2a_TearsOfSteel,1789855327.518,0.1046,0,0,0,0,0,0
CONT_s1_l2a_TearsOfSteel,1789855327.622,0.1046,0,0,0,0,0,0
CONT_s1_l2a_TearsOfSteel,1789855327.727,0.1047,0,0,0,0,0,0
CONT_s1_l2a_TearsOfSteel,1789855327.835,0.1078,0,0,0,0,0,0
CONT_s1_l2a_TearsOfSteel,1789855327.94,0.105,0,0,0,0,0,0
CONT_s1_l2a_TearsOfSteel,1789855328.045,0.1046,0,0,0,0,0,0
CONT_s1_l2a_TearsOfSteel,1789855328.149,0.1046,0,0,0,0,0,0
CONT_s1_l2a_TearsOfSteel,1789855328.254,0.1048,0,0,0,0,0,0
CONT_s1_l2a_TearsOfSteel,1789855328.358,0.1045,0,0,0,0,0,0
CONT_s1_l2a_TearsOfSteel,1789855328.463,0.1046,141,1,0,3807829.0,0,1
CONT_s1_l2a_TearsOfSteel,1789855328.568,0.1048,0,0,0,0,0,0
CONT_s1_l2a_TearsOfSteel,1789855328.673,0.1048,0,0,0,0,0,0
CONT_s1_l2a_TearsOfSteel,1789855328.777,0.1048,0,0,0,0,0,0
CONT_s1_l2a_TearsOfSteel,1789855328.882,0.1045,0,0,0,0,0,0
CONT_s1_l2a_TearsOfSteel,1789855328.987,0.1047,0,0,0,0,0,0
CONT_s1_l2a_TearsOfSteel,1789855329.091,0.1047,0,0,0,0,0,0
CONT_s1_l2a_TearsOfSteel,1789855329.196,0.1048,0,0,0,0,0,0
CONT_s1_l2a_TearsOfSteel,1789855329.301,0.1049,0,0,0,0,0,0
CONT_s1_l2a_TearsOfSteel,1789855329.406,0.1048,0,0,0,0,0,0
CONT_s1_l2a_TearsOfSteel,1789855329.511,0.1047,0,0,0,0,0,0
CONT_s1_l2a_TearsOfSteel,1789855329.615,0.1047,0,0,0,0,0,0
CONT_s1_l2a_TearsOfSteel,1789855329.72,0.1049,0,0,0,0,0,0
CONT_s1_l2a_TearsOfSteel,1789855329.825,0.1047,0,0,0,0,0,0
CONT_s1_l2a_TearsOfSteel,1789855329.93,0.1047,0,0,0,0,0,0
CONT_s1_l2a_TearsOfSteel,1789855330.034,0.1048,0,0,0,0,0,0
CONT_s1_l2a_TearsOfSteel,1789855330.139,0.1048,0,0,0,0,0,0
CONT_s1_l2a_TearsOfSteel,1789855330.244,0.1048,0,0,0,0,0,0
CONT_s1_l2a_TearsOfSteel,1789855330.349,0.1047,0,0,0,0,0,0
CONT_s1_l2a_TearsOfSteel,1789855330.455,0.1059,141,1,0,4342741.0,0,1
CONT_s1_l2a_TearsOfSteel,1789855330.559,0.1048,0,0,0,0,0,0
CONT_s1_l2a_TearsOfSteel,1789855330.664,0.1047,0,0,0,0,0,0
CONT_s1_l2a_TearsOfSteel,1789855330.769,0.1046,0,0,0,0,0,0
CONT_s1_l2a_TearsOfSteel,1789855330.873,0.1045,0,0,0,0,0,0
CONT_s1_l2a_TearsOfSteel,1789855330.978,0.1047,0,0,0,0,0,0
CONT_s1_l2a_TearsOfSteel,1789855331.083,0.1046,0,0,0,0,0,0
CONT_s1_l2a_TearsOfSteel,1789855331.187,0.1047,0,0,0,0,0,0
CONT_s1_l2a_TearsOfSteel,1789855331.292,0.1046,0,0,0,0,0,0
CONT_s1_l2a_TearsOfSteel,1789855331.396,0.1046,172,3,0,0.0,0,2
CONT_s1_l2a_TearsOfSteel,1789855331.501,0.1048,25840,30,0,4287650.9,0,2
CONT_s1_l2a_TearsOfSteel,1789855331.606,0.1049,29857,23,0,8735965.0,0,2
CONT_s1_l2a_TearsOfSteel,1789855331.711,0.1049,21104,16,0,9567408.4,0,2
CONT_s1_l2a_TearsOfSteel,1789855331.816,0.1048,21104,16,0,9835754.8,0,2
CONT_s1_l2a_TearsOfSteel,1789855331.921,0.1049,24104,18,0,9785929.3,0,2
CONT_s1_l2a_TearsOfSteel,1789855332.026,0.1048,24104,18,0,9686384.2,0,2
CONT_s1_l2a_TearsOfSteel,1789855332.13,0.1048,30104,22,0,10002689.1,0,2
CONT_s1_l2a_TearsOfSteel,1789855332.235,0.1049,22708,19,0,9865879.9,0,2
CONT_s1_l2a_TearsOfSteel,1789855332.34,0.1047,18104,14,0,10120501.0,0,2
CONT_s1_l2a_TearsOfSteel,1789855332.449,0.1094,25797,21,0,9786234.2,0,3
CONT_s1_l2a_TearsOfSteel,1789855332.554,0.1048,27156,21,0,9969119.9,0,2
CONT_s1_l2a_TearsOfSteel,1789855332.659,0.1049,21156,17,0,10132320.7,0,2
CONT_s1_l2a_TearsOfSteel,1789855332.764,0.1049,27208,22,0,10693127.2,0,2
CONT_s1_l2a_TearsOfSteel,1789855332.869,0.1047,25708,21,0,11021316.1,0,2
CONT_s1_l2a_TearsOfSteel,1789855332.973,0.1048,22656,18,0,11193811.5,0,2
CONT_s1_l2a_TearsOfSteel,1789855333.078,0.1049,22656,18,0,11330917.3,0,2
CONT_s1_l2a_TearsOfSteel,1789855333.183,0.1049,22656,18,0,11451946.0,0,2
CONT_s1_l2a_TearsOfSteel,1789855333.288,0.1049,24156,19,0,11558311.6,0,2
CONT_s1_l2a_TearsOfSteel,1789855333.393,0.1049,24156,19,0,11706581.3,0,2
CONT_s1_l2a_TearsOfSteel,1789855333.498,0.1048,25656,20,0,11741588.0,0,2
CONT_s1_l2a_TearsOfSteel,1789855333.602,0.1046,18104,14,0,11815727.7,0,2
CONT_s1_l2a_TearsOfSteel,1789855333.707,0.1049,27156,21,0,11480574.1,0,2
CONT_s1_l2a_TearsOfSteel,1789855333.812,0.1049,27156,21,0,11101031.3,0,2
CONT_s1_l2a_TearsOfSteel,1789855333.917,0.1049,16604,13,0,11036941.3,0,2
CONT_s1_l2a_TearsOfSteel,1789855334.022,0.1049,27260,23,0,11276672.3,0,2
CONT_s1_l2a_TearsOfSteel,1789855334.127,0.1048,28760,24,0,11402517.2,0,2
CONT_s1_l2a_TearsOfSteel,1789855334.232,0.105,24208,20,0,11697100.0,0,2
CONT_s1_l2a_TearsOfSteel,1789855334.337,0.1052,24156,19,0,11280078.5,0,2
CONT_s1_l2a_TearsOfSteel,1789855334.443,0.1061,15208,14,0,11735102.3,0,2
CONT_s1_l2a_TearsOfSteel,1789855334.548,0.1051,22797,19,0,10967736.8,0,3
CONT_s1_l2a_TearsOfSteel,1789855334.653,0.1049,24156,19,0,11047705.6,0,2
CONT_s1_l2a_TearsOfSteel,1789855334.758,0.1049,33156,25,0,10944219.0,0,2
CONT_s1_l2a_TearsOfSteel,1789855334.863,0.1047,18208,16,0,12171375.5,0,2
CONT_s1_l2a_TearsOfSteel,1789855334.968,0.1049,27208,22,0,11972360.9,0,2
CONT_s1_l2a_TearsOfSteel,1789855335.072,0.1047,25760,22,0,12281676.3,0,2
CONT_s1_l2a_TearsOfSteel,1789855335.177,0.1048,21208,18,0,12347815.7,0,2
CONT_s1_l2a_TearsOfSteel,1789855335.282,0.1049,25708,21,0,12286920.0,0,2
CONT_s1_l2a_TearsOfSteel,1789855335.387,0.1047,22656,18,0,12098449.2,0,2
CONT_s1_l2a_TearsOfSteel,1789855335.492,0.1048,20032,18,0,12368961.7,0,2
CONT_s1_l2a_TearsOfSteel,1789855335.596,0.1047,21104,16,0,11680622.2,0,2
CONT_s1_l2a_TearsOfSteel,1789855335.701,0.1049,23936,20,0,12144835.0,0,2
CONT_s1_l2a_TearsOfSteel,1789855335.806,0.1047,24488,20,0,11442238.3,0,2
CONT_s1_l2a_TearsOfSteel,1789855335.911,0.1049,24104,18,0,10850887.0,0,2
CONT_s1_l2a_TearsOfSteel,1789855336.016,0.1048,19520,16,0,10504325.6,0,2
CONT_s1_l2a_TearsOfSteel,1789855336.121,0.1051,24156,19,0,11662998.8,0,2
CONT_s1_l2a_TearsOfSteel,1789855336.226,0.105,34512,26,0,11113809.7,0,2
CONT_s1_l2a_TearsOfSteel,1789855336.333,0.1069,9368,8,0,10813089.2,0,2
CONT_s1_l2a_TearsOfSteel,1789855336.438,0.1054,24156,19,0,14574125.8,0,2
CONT_s1_l2a_TearsOfSteel,1789855336.543,0.1051,24245,19,0,12009039.5,0,3
CONT_s1_l2a_TearsOfSteel,1789855336.648,0.1049,19828,17,0,12771692.8,0,2
CONT_s1_l2a_TearsOfSteel,1789855336.753,0.1049,13604,11,0,16850178.0,0,2
CONT_s1_l2a_TearsOfSteel,1789855336.858,0.1047,28656,22,0,13754367.5,0,2
CONT_s1_l2a_TearsOfSteel,1789855336.962,0.1048,25960,22,0,13378037.2,0,2
CONT_s1_l2a_TearsOfSteel,1789855337.067,0.1049,0,0,0,0,0,0
CONT_s1_l2a_TearsOfSteel,1789855337.172,0.1047,31708,25,0,15253372.2,0,2
CONT_s1_l2a_TearsOfSteel,1789855337.277,0.105,21104,16,0,13259224.0,0,2
CONT_s1_l2a_TearsOfSteel,1789855337.382,0.1047,26128,22,0,13097763.1,0,2
CONT_s1_l2a_TearsOfSteel,1789855337.487,0.1048,21104,16,0,12109924.9,0,2
CONT_s1_l2a_TearsOfSteel,1789855337.591,0.1048,30704,24,0,11456933.2,0,2
CONT_s1_l2a_TearsOfSteel,1789855337.696,0.1049,16344,14,0,14996133.4,0,2
CONT_s1_l2a_TearsOfSteel,1789855337.801,0.1048,21104,16,0,11909341.4,0,2
CONT_s1_l2a_TearsOfSteel,1789855337.906,0.1051,29020,23,0,11593744.9,0,2
CONT_s1_l2a_TearsOfSteel,1789855338.011,0.1051,7636,7,0,11356290.0,0,2
CONT_s1_l2a_TearsOfSteel,1789855338.116,0.105,31708,25,0,14450104.1,0,2
CONT_s1_l2a_TearsOfSteel,1789855338.221,0.105,22624,18,0,13634234.3,0,2
CONT_s1_l2a_TearsOfSteel,1789855338.327,0.1058,13936,12,0,13055672.5,0,2
CONT_s1_l2a_TearsOfSteel,1789855338.432,0.105,12104,10,0,20036016.8,0,2
CONT_s1_l2a_TearsOfSteel,1789855338.537,0.1049,34517,27,0,13280582.2,0,3
CONT_s1_l2a_TearsOfSteel,1789855338.642,0.1051,21620,17,0,12621155.6,0,2
CONT_s1_l2a_TearsOfSteel,1789855338.747,0.105,12104,10,0,19240544.0,0,2
CONT_s1_l2a_TearsOfSteel,1789855338.852,0.1048,24104,18,0,13838949.4,0,2
CONT_s1_l2a_TearsOfSteel,1789855338.957,0.1049,25192,20,0,14024851.1,0,2
CONT_s1_l2a_TearsOfSteel,1789855339.062,0.1052,6912,6,0,14175971.7,0,2
CONT_s1_l2a_TearsOfSteel,1789855339.167,0.105,24156,19,0,15957391.2,0,2
CONT_s1_l2a_TearsOfSteel,1789855339.272,0.1049,24848,20,0,14421928.9,0,2
CONT_s1_l2a_TearsOfSteel,1789855339.377,0.1049,19212,15,0,13630046.8,0,2
CONT_s1_l2a_TearsOfSteel,1789855339.482,0.1052,13604,11,0,19789676.0,0,2
CONT_s1_l2a_TearsOfSteel,1789855339.587,0.1051,27600,22,0,14971874.6,0,2
CONT_s1_l2a_TearsOfSteel,1789855339.692,0.1051,26932,21,0,13980734.4,0,2
CONT_s1_l2a_TearsOfSteel,1789855339.797,0.1049,10604,9,0,21228780.4,0,2
CONT_s1_l2a_TearsOfSteel,1789855339.902,0.1051,31656,24,0,14167525.5,0,2
CONT_s1_l2a_TearsOfSteel,1789855340.007,0.1049,21152,17,0,12640736.1,0,3
CONT_s1_l2a_TearsOfSteel,1789855340.112,0.105,20210,27,0,4178602.4,0,3
CONT_s1_l2a_TearsOfSteel,1789855340.217,0.1051,27208,22,0,8425884.5,0,2
CONT_s1_l2a_TearsOfSteel,1789855340.322,0.105,25708,21,0,9971540.2,0,2
CONT_s1_l2a_TearsOfSteel,1789855340.427,0.1051,21156,17,0,10444392.4,0,2
CONT_s1_l2a_TearsOfSteel,1789855340.532,0.105,28849,24,0,10460872.9,0,3
CONT_s1_l2a_TearsOfSteel,1789855340.638,0.1051,22656,18,0,10914411.2,0,2
CONT_s1_l2a_TearsOfSteel,1789855340.743,0.105,22656,18,0,11082191.2,0,2
CONT_s1_l2a_TearsOfSteel,1789855340.848,0.1054,24156,19,0,11237183.6,0,2
CONT_s1_l2a_TearsOfSteel,1789855340.955,0.1066,24156,19,0,11409646.7,0,2
CONT_s1_l2a_TearsOfSteel,1789855341.06,0.1053,25656,20,0,11398867.3,0,2
CONT_s1_l2a_TearsOfSteel,1789855341.165,0.105,25656,20,0,11508620.6,0,2
CONT_s1_l2a_TearsOfSteel,1789855341.27,0.1051,16604,13,0,11624524.2,0,2
CONT_s1_l2a_TearsOfSteel,1789855341.375,0.1049,31656,24,0,11716493.8,0,2
CONT_s1_l2a_TearsOfSteel,1789855341.48,0.1053,18208,16,0,12725921.8,0,2
CONT_s1_l2a_TearsOfSteel,1789855341.585,0.1053,25656,20,0,11847385.4,0,2
CONT_s1_l2a_TearsOfSteel,1789855341.691,0.1053,25708,21,0,12135088.4,0,2
CONT_s1_l2a_TearsOfSteel,1789855341.796,0.105,21156,17,0,11983657.9,0,2
CONT_s1_l2a_TearsOfSteel,1789855341.901,0.1053,22656,18,0,11811645.8,0,2
CONT_s1_l2a_TearsOfSteel,1789855342.006,0.105,22656,18,0,11724458.2,0,2
CONT_s1_l2a_TearsOfSteel,1789855342.111,0.1051,24156,19,0,11674836.0,0,2
CONT_s1_l2a_TearsOfSteel,1789855342.216,0.105,24156,19,0,11697155.7,0,2
CONT_s1_l2a_TearsOfSteel,1789855342.321,0.1051,30156,23,0,11208571.1,0,2
CONT_s1_l2a_TearsOfSteel,1789855342.427,0.1052,16604,13,0,11332830.8,0,2
CONT_s1_l2a_TearsOfSteel,1789855342.532,0.1053,25797,21,0,10954018.3,0,3
CONT_s1_l2a_TearsOfSteel,1789855342.637,0.1051,27208,22,0,11544700.4,0,2
CONT_s1_l2a_TearsOfSteel,1789855342.742,0.1051,22708,19,0,11606002.1,0,2
CONT_s1_l2a_TearsOfSteel,1789855342.847,0.105,19656,16,0,11590365.0,0,2
CONT_s1_l2a_TearsOfSteel,1789855342.953,0.1063,31812,27,0,11920450.3,0,2
CONT_s1_l2a_TearsOfSteel,1789855343.058,0.105,21208,18,0,12359945.1,0,2
CONT_s1_l2a_TearsOfSteel,1789855343.163,0.105,22708,19,0,12467588.8,0,2
CONT_s1_l2a_TearsOfSteel,1789855343.268,0.1051,24208,20,0,12070489.8,0,2
CONT_s1_l2a_TearsOfSteel,1789855343.374,0.1052,24208,20,0,12123920.2,0,2
CONT_s1_l2a_TearsOfSteel,1789855343.479,0.105,24260,21,0,12781252.8,0,2
CONT_s1_l2a_TearsOfSteel,1789855343.584,0.1052,25708,21,0,12426004.6,0,2
CONT_s1_l2a_TearsOfSteel,1789855343.689,0.1052,25708,21,0,12368070.1,0,2
CONT_s1_l2a_TearsOfSteel,1789855343.794,0.1051,25656,20,0,11935790.6,0,2
CONT_s1_l2a_TearsOfSteel,1789855343.899,0.1051,24156,19,0,12229137.3,0,2
CONT_s1_l2a_TearsOfSteel,1789855344.004,0.105,18208,16,0,12322866.8,0,2
CONT_s1_l2a_TearsOfSteel,1789855344.109,0.1052,27156,21,0,11433070.7,0,2
CONT_s1_l2a_TearsOfSteel,1789855344.215,0.1051,25708,21,0,11675457.1,0,2
CONT_s1_l2a_TearsOfSteel,1789855344.32,0.105,18104,14,0,11246373.4,0,2
CONT_s1_l2a_TearsOfSteel,1789855344.425,0.1052,30260,25,0,11385606.4,0,2
CONT_s1_l2a_TearsOfSteel,1789855344.53,0.1051,24495,21,0,10426989.3,0,4
CONT_s1_l2a_TearsOfSteel,1789855344.635,0.1053,23056,20,0,10819365.8,0,2
CONT_s1_l2a_TearsOfSteel,1789855344.74,0.1052,24104,18,0,10489218.4,0,2
CONT_s1_l2a_TearsOfSteel,1789855344.846,0.1053,24104,18,0,10278054.7,0,2
CONT_s1_l2a_TearsOfSteel,1789855344.951,0.1059,21108,17,0,10835440.8,0,2
CONT_s1_l2a_TearsOfSteel,1789855345.057,0.1053,24104,18,0,10366503.2,0,2
CONT_s1_l2a_TearsOfSteel,1789855345.162,0.1052,22356,17,0,10303455.1,0,2
CONT_s1_l2a_TearsOfSteel,1789855345.267,0.1052,24156,19,0,11544386.9,0,2
CONT_s1_l2a_TearsOfSteel,1789855345.372,0.1051,24104,18,0,10895987.3,0,2
CONT_s1_l2a_TearsOfSteel,1789855345.477,0.1051,20026,18,0,10599058.1,0,3
CONT_s1_l2a_TearsOfSteel,1789855345.582,0.105,13604,11,0,15599527.2,0,2
CONT_s1_l2a_TearsOfSteel,1789855345.687,0.1052,28656,22,0,13008953.7,0,2
CONT_s1_l2a_TearsOfSteel,1789855345.793,0.1051,18104,14,0,12517358.4,0,2
CONT_s1_l2a_TearsOfSteel,1789855345.898,0.1053,7804,7,0,11903849.6,0,2
CONT_s1_l2a_TearsOfSteel,1789855346.003,0.1052,31708,25,0,14716714.2,0,2
CONT_s1_l2a_TearsOfSteel,1789855346.108,0.1051,21104,16,0,12891355.8,0,2
CONT_s1_l2a_TearsOfSteel,1789855346.213,0.1051,15524,13,0,12602917.9,0,2
CONT_s1_l2a_TearsOfSteel,1789855346.318,0.1051,21156,17,0,15574706.1,0,2
CONT_s1_l2a_TearsOfSteel,1789855346.424,0.1053,27968,22,0,13229799.5,0,2
CONT_s1_l2a_TearsOfSteel,1789855346.529,0.1051,19595,18,0,12566190.1,0,4
CONT_s1_l2a_TearsOfSteel,1789855346.634,0.1055,12104,10,0,20116551.4,0,2
CONT_s1_l2a_TearsOfSteel,1789855346.74,0.1052,24104,18,0,14174434.7,0,2
CONT_s1_l2a_TearsOfSteel,1789855346.845,0.105,24104,18,0,12880051.2,0,2
CONT_s1_l2a_TearsOfSteel,1789855346.956,0.1116,7724,7,0,13024318.3,0,2
CONT_s1_l2a_TearsOfSteel,1789855347.062,0.1053,36208,28,0,14562877.7,0,2
CONT_s1_l2a_TearsOfSteel,1789855347.167,0.1051,21436,17,0,12936150.6,0,2
CONT_s1_l2a_TearsOfSteel,1789855347.272,0.1052,10644,9,0,12114795.8,0,2
CONT_s1_l2a_TearsOfSteel,1789855347.377,0.1052,24156,19,0,16359503.0,0,2
CONT_s1_l2a_TearsOfSteel,1789855347.482,0.1051,25616,20,0,14761161.6,0,2
CONT_s1_l2a_TearsOfSteel,1789855347.587,0.1052,18738,16,0,12660571.6,0,3
CONT_s1_l2a_TearsOfSteel,1789855347.693,0.1051,13604,11,0,18285716.9,0,2
CONT_s1_l2a_TearsOfSteel,1789855347.798,0.1051,28272,22,0,14550035.0,0,2
CONT_s1_l2a_TearsOfSteel,1789855347.903,0.1051,26420,21,0,13473835.4,0,2
CONT_s1_l2a_TearsOfSteel,1789855348.008,0.1051,0,0,0,0,0,0
CONT_s1_l2a_TearsOfSteel,1789855348.113,0.1051,31708,25,0,15810870.2,0,2
CONT_s1_l2a_TearsOfSteel,1789855348.218,0.1052,21104,16,0,13662841.9,0,2
CONT_s1_l2a_TearsOfSteel,1789855348.323,0.1051,15524,13,0,13456238.1,0,2
CONT_s1_l2a_TearsOfSteel,1789855348.428,0.1053,21156,17,0,17140276.5,0,2
CONT_s1_l2a_TearsOfSteel,1789855348.534,0.1051,21717,19,0,14521025.9,0,3
CONT_s1_l2a_TearsOfSteel,1789855348.639,0.1055,25564,21,0,14706914.6,0,2
CONT_s1_l2a_TearsOfSteel,1789855348.744,0.1052,12104,10,0,19458645.2,0,2
CONT_s1_l2a_TearsOfSteel,1789855348.849,0.1052,24104,18,0,13924397.7,0,2
CONT_s1_l2a_TearsOfSteel,1789855348.956,0.1065,31828,25,0,12533113.8,0,2
CONT_s1_l2a_TearsOfSteel,1789855349.061,0.1051,0,0,0,0,0,0
CONT_s1_l2a_TearsOfSteel,1789855349.166,0.1051,34784,28,0,14660681.6,0,2
CONT_s1_l2a_TearsOfSteel,1789855349.271,0.1052,24104,18,0,12899496.4,0,2
CONT_s1_l2a_TearsOfSteel,1789855349.376,0.1051,21156,17,0,13600060.6,0,2
CONT_s1_l2a_TearsOfSteel,1789855349.481,0.1051,25656,20,0,13175657.9,0,2
CONT_s1_l2a_TearsOfSteel,1789855349.587,0.1053,25656,20,0,13368009.2,0,2
CONT_s1_l2a_TearsOfSteel,1789855349.692,0.1051,18496,16,0,14791526.9,0,2
CONT_s1_l2a_TearsOfSteel,1789855349.797,0.1051,28656,22,0,13046877.2,0,2
CONT_s1_l2a_TearsOfSteel,1789855349.902,0.1052,18104,14,0,12833892.4,0,2
CONT_s1_l2a_TearsOfSteel,1789855350.008,0.1054,7804,7,0,12272905.6,0,2
CONT_s1_l2a_TearsOfSteel,1789855350.113,0.1051,31708,25,0,15083548.2,0,2
CONT_s1_l2a_TearsOfSteel,1789855350.218,0.1052,21104,16,0,13168425.2,0,2
CONT_s1_l2a_TearsOfSteel,1789855350.323,0.1052,15524,13,0,12925453.5,0,2
CONT_s1_l2a_TearsOfSteel,1789855350.428,0.1053,21156,17,0,16107525.6,0,2
CONT_s1_l2a_TearsOfSteel,1789855350.533,0.1051,21245,17,0,13137249.5,0,3
CONT_s1_l2a_TearsOfSteel,1789855350.639,0.1052,26076,21,0,12896184.7,0,2
CONT_s1_l2a_TearsOfSteel,1789855350.744,0.1052,10604,9,0,20877048.3,0,2
CONT_s1_l2a_TearsOfSteel,1789855350.849,0.1051,31984,26,0,14251794.4,0,2
CONT_s1_l2a_TearsOfSteel,1789855350.955,0.106,24156,19,0,13518975.0,0,2
CONT_s1_l2a_TearsOfSteel,1789855351.06,0.105,1628,3,0,16356266.0,0,2
CONT_s1_l2a_TearsOfSteel,1789855351.165,0.1051,5990,6,0,25204117.3,0,2
CONT_s1_l2a_TearsOfSteel,1789855351.27,0.1052,0,0,0,0,0,0
CONT_s1_l2a_TearsOfSteel,1789855351.375,0.1051,0,0,0,0,0,0
CONT_s1_l2a_TearsOfSteel,1789855351.48,0.1051,52,1,0,55471475.0,0,1
CONT_s1_l2a_TearsOfSteel,1789855351.586,0.1052,0,0,0,0,0,0
CONT_s1_l2a_TearsOfSteel,1789855351.691,0.1051,0,0,0,0,0,0
CONT_s1_l2a_TearsOfSteel,1789855351.796,0.1053,40,1,0,52709714.0,0,1
CONT_s1_l2a_TearsOfSteel,1789855351.901,0.1053,0,0,0,0,0,0
CONT_s1_l2a_TearsOfSteel,1789855352.006,0.1051,0,0,0,0,0,0
CONT_s1_l2a_TearsOfSteel,1789855352.111,0.1051,0,0,0,0,0,0
CONT_s1_l2a_TearsOfSteel,1789855352.217,0.1051,0,0,0,0,0,0
CONT_s1_l2a_TearsOfSteel,1789855352.322,0.1051,0,0,0,0,0,0
CONT_s1_l2a_TearsOfSteel,1789855352.427,0.1053,0,0,0,0,0,0
CONT_s1_l2a_TearsOfSteel,1789855352.532,0.1052,141,1,0,4328663.0,0,1
CONT_s1_l2a_TearsOfSteel,1789855352.637,0.1051,0,0,0,0,0,0
CONT_s1_l2a_TearsOfSteel,1789855352.742,0.1051,0,0,0,0,0,0
CONT_s1_l2a_TearsOfSteel,1789855352.847,0.1051,0,0,0,0,0,0
CONT_s1_l2a_TearsOfSteel,1789855352.955,0.1071,0,0,0,0,0,0
CONT_s1_l2a_TearsOfSteel,1789855353.06,0.1053,0,0,0,0,0,0
CONT_s1_l2a_TearsOfSteel,1789855353.165,0.1051,0,0,0,0,0,0
CONT_s1_l2a_TearsOfSteel,1789855353.27,0.1051,0,0,0,0,0,0
CONT_s1_l2a_TearsOfSteel,1789855353.375,0.1051,0,0,0,0,0,0
CONT_s1_l2a_TearsOfSteel,1789855353.48,0.1051,0,0,0,0,0,0
CONT_s1_l2a_TearsOfSteel,1789855353.585,0.1052,0,0,0,0,0,0
CONT_s1_l2a_TearsOfSteel,1789855353.691,0.1052,0,0,0,0,0,0
CONT_s1_l2a_TearsOfSteel,1789855353.796,0.1053,0,0,0,0,0,0
CONT_s1_l2a_TearsOfSteel,1789855353.901,0.1053,0,0,0,0,0,0
CONT_s1_l2a_TearsOfSteel,1789855354.006,0.1051,0,0,0,0,0,0
CONT_s1_l2a_TearsOfSteel,1789855354.111,0.1051,0,0,0,0,0,0
CONT_s1_l2a_TearsOfSteel,1789855354.217,0.1052,0,0,0,0,0,0
CONT_s1_l2a_TearsOfSteel,1789855354.322,0.1051,0,0,0,0,0,0
CONT_s1_l2a_TearsOfSteel,1789855354.427,0.1053,0,0,0,0,0,0
CONT_s1_l2a_TearsOfSteel,1789855354.532,0.1051,0,0,0,0,0,0
CONT_s1_l2a_TearsOfSteel,1789855354.637,0.1052,141,1,0,4214995.0,0,1
CONT_s1_l2a_TearsOfSteel,1789855354.743,0.1052,0,0,0,0,0,0
CONT_s1_l2a_TearsOfSteel,1789855354.848,0.1052,0,0,0,0,0,0
CONT_s1_l2a_TearsOfSteel,1789855354.954,0.106,0,0,0,0,0,0
CONT_s1_l2a_TearsOfSteel,1789855355.059,0.1052,0,0,0,0,0,0
CONT_s1_l2a_TearsOfSteel,1789855355.164,0.1051,0,0,0,0,0,0
CONT_s1_l2a_TearsOfSteel,1789855355.269,0.1052,0,0,0,0,0,0
CONT_s1_l2a_TearsOfSteel,1789855355.374,0.1051,0,0,0,0,0,0
CONT_s1_l2a_TearsOfSteel,1789855355.479,0.1051,0,0,0,0,0,0
CONT_s1_l2a_TearsOfSteel,1789855355.584,0.1051,0,0,0,0,0,0
CONT_s1_l2a_TearsOfSteel,1789855355.69,0.1052,0,0,0,0,0,0
CONT_s1_l2a_TearsOfSteel,1789855355.795,0.1052,0,0,0,0,0,0
CONT_s1_l2a_TearsOfSteel,1789855355.9,0.1051,0,0,0,0,0,0
CONT_s1_l2a_TearsOfSteel,1789855356.005,0.1052,0,0,0,0,0,0
CONT_s1_l2a_TearsOfSteel,1789855356.11,0.105,0,0,0,0,0,0
CONT_s1_l2a_TearsOfSteel,1789855356.215,0.1052,0,0,0,0,0,0
CONT_s1_l2a_TearsOfSteel,1789855356.32,0.1051,0,0,0,0,0,0
CONT_s1_l2a_TearsOfSteel,1789855356.426,0.1051,0,0,0,0,0,0
CONT_s1_l2a_TearsOfSteel,1789855356.531,0.1051,0,0,0,0,0,0
CONT_s1_l2a_TearsOfSteel,1789855356.636,0.1051,141,1,0,4624918.0,0,1
CONT_s1_l2a_TearsOfSteel,1789855356.741,0.1052,0,0,0,0,0,0
CONT_s1_l2a_TearsOfSteel,1789855356.846,0.1051,0,0,0,0,0,0
CONT_s1_l2a_TearsOfSteel,1789855356.953,0.1072,0,0,0,0,0,0
CONT_s1_l2a_TearsOfSteel,1789855357.058,0.1052,0,0,0,0,0,0
CONT_s1_l2a_TearsOfSteel,1789855357.164,0.1054,0,0,0,0,0,0
CONT_s1_l2a_TearsOfSteel,1789855357.269,0.1052,0,0,0,0,0,0
CONT_s1_l2a_TearsOfSteel,1789855357.374,0.1051,0,0,0,0,0,0
CONT_s1_l2a_TearsOfSteel,1789855357.479,0.1051,0,0,0,0,0,0
CONT_s1_l2a_TearsOfSteel,1789855357.584,0.1051,0,0,0,0,0,0
CONT_s1_l2a_TearsOfSteel,1789855357.689,0.1052,0,0,0,0,0,0
CONT_s1_l2a_TearsOfSteel,1789855357.795,0.1052,0,0,0,0,0,0
CONT_s1_l2a_TearsOfSteel,1789855357.9,0.1052,0,0,0,0,0,0
CONT_s1_l2a_TearsOfSteel,1789855358.005,0.1051,0,0,0,0,0,0
CONT_s1_l2a_TearsOfSteel,1789855358.11,0.1048,0,0,0,0,0,0
CONT_s1_l2a_TearsOfSteel,1789855358.215,0.1052,0,0,0,0,0,0
CONT_s1_l2a_TearsOfSteel,1789855358.32,0.1051,0,0,0,0,0,0
CONT_s1_l2a_TearsOfSteel,1789855358.425,0.1052,0,0,0,0,0,0
CONT_s1_l2a_TearsOfSteel,1789855358.531,0.1051,0,0,0,0,0,0
CONT_s1_l2a_TearsOfSteel,1789855358.636,0.1052,141,1,0,5001090.0,0,1
CONT_s1_l2a_TearsOfSteel,1789855358.741,0.1052,0,0,0,0,0,0
CONT_s1_l2a_TearsOfSteel,1789855358.846,0.1051,0,0,0,0,0,0
CONT_s1_l2a_TearsOfSteel,1789855358.953,0.1073,0,0,0,0,0,0
CONT_s1_l2a_TearsOfSteel,1789855359.059,0.1052,0,0,0,0,0,0
CONT_s1_l2a_TearsOfSteel,1789855359.163,0.1049,0,0,0,0,0,0
CONT_s1_l2a_TearsOfSteel,1789855359.269,0.1051,0,0,0,0,0,0
CONT_s1_l2a_TearsOfSteel,1789855359.374,0.105,0,0,0,0,0,0
CONT_s1_l2a_TearsOfSteel,1789855359.479,0.1051,0,0,0,0,0,0
CONT_s1_l2a_TearsOfSteel,1789855359.584,0.1053,0,0,0,0,0,0
CONT_s1_l2a_TearsOfSteel,1789855359.689,0.1051,0,0,0,0,0,0
CONT_s1_l2a_TearsOfSteel,1789855359.794,0.1051,0,0,0,0,0,0
CONT_s1_l2a_TearsOfSteel,1789855359.899,0.1052,0,0,0,0,0,0
CONT_s1_l2a_TearsOfSteel,1789855360.004,0.1051,0,0,0,0,0,0
CONT_s1_l2a_TearsOfSteel,1789855360.11,0.1051,0,0,0,0,0,0
CONT_s1_l2a_TearsOfSteel,1789855360.215,0.1051,0,0,0,0,0,0
CONT_s1_l2a_TearsOfSteel,1789855360.32,0.1051,0,0,0,0,0,0
CONT_s1_l2a_TearsOfSteel,1789855360.425,0.1052,0,0,0,0,0,0
CONT_s1_l2a_TearsOfSteel,1789855360.53,0.1051,0,0,0,0,0,0
CONT_s1_l2a_TearsOfSteel,1789855360.635,0.1051,141,1,0,4775944.0,0,1
CONT_s1_l2a_TearsOfSteel,1789855360.74,0.1051,0,0,0,0,0,0
CONT_s1_l2a_TearsOfSteel,1789855360.845,0.105,0,0,0,0,0,0
CONT_s1_l2a_TearsOfSteel,1789855360.953,0.1073,0,0,0,0,0,0
CONT_s1_l2a_TearsOfSteel,1789855361.058,0.1051,0,0,0,0,0,0
CONT_s1_l2a_TearsOfSteel,1789855361.163,0.1051,0,0,0,0,0,0
CONT_s1_l2a_TearsOfSteel,1789855361.268,0.1054,0,0,0,0,0,0
CONT_s1_l2a_TearsOfSteel,1789855361.373,0.105,0,0,0,0,0,0
CONT_s1_l2a_TearsOfSteel,1789855361.478,0.1051,0,0,0,0,0,0
CONT_s1_l2a_TearsOfSteel,1789855361.584,0.1052,0,0,0,0,0,0
CONT_s1_l2a_TearsOfSteel,1789855361.689,0.1051,0,0,0,0,0,0
CONT_s1_l2a_TearsOfSteel,1789855361.794,0.1051,0,0,0,0,0,0
CONT_s1_l2a_TearsOfSteel,1789855361.899,0.1051,0,0,0,0,0,0
CONT_s1_l2a_TearsOfSteel,1789855362.004,0.1052,0,0,0,0,0,0
CONT_s1_l2a_TearsOfSteel,1789855362.109,0.1052,0,0,0,0,0,0
CONT_s1_l2a_TearsOfSteel,1789855362.214,0.1052,0,0,0,0,0,0
CONT_s1_l2a_TearsOfSteel,1789855362.32,0.1051,0,0,0,0,0,0
CONT_s1_l2a_TearsOfSteel,1789855362.425,0.1053,0,0,0,0,0,0
CONT_s1_l2a_TearsOfSteel,1789855362.53,0.1051,0,0,0,0,0,0
CONT_s1_l2a_TearsOfSteel,1789855362.635,0.1051,141,1,0,4782071.0,0,1
CONT_s1_l2a_TearsOfSteel,1789855362.74,0.1051,0,0,0,0,0,0
CONT_s1_l2a_TearsOfSteel,1789855362.845,0.1051,0,0,0,0,0,0
CONT_s1_l2a_TearsOfSteel,1789855362.953,0.1074,0,0,0,0,0,0
CONT_s1_l2a_TearsOfSteel,1789855363.058,0.1051,0,0,0,0,0,0
CONT_s1_l2a_TearsOfSteel,1789855363.163,0.1052,0,0,0,0,0,0
CONT_s1_l2a_TearsOfSteel,1789855363.268,0.1051,0,0,0,0,0,0
CONT_s1_l2a_TearsOfSteel,1789855363.373,0.105,0,0,0,0,0,0
CONT_s1_l2a_TearsOfSteel,1789855363.478,0.1051,0,0,0,0,0,0
CONT_s1_l2a_TearsOfSteel,1789855363.585,0.1064,0,0,0,0,0,0
CONT_s1_l2a_TearsOfSteel,1789855363.69,0.1054,0,0,0,0,0,0
CONT_s1_l2a_TearsOfSteel,1789855363.795,0.1053,0,0,0,0,0,0
CONT_s1_l2a_TearsOfSteel,1789855363.9,0.1052,0,0,0,0,0,0
CONT_s1_l2a_TearsOfSteel,1789855364.006,0.1051,0,0,0,0,0,0
CONT_s1_l2a_TearsOfSteel,1789855364.111,0.1051,0,0,0,0,0,0
CONT_s1_l2a_TearsOfSteel,1789855364.216,0.1051,0,0,0,0,0,0
CONT_s1_l2a_TearsOfSteel,1789855364.321,0.105,0,0,0,0,0,0
CONT_s1_l2a_TearsOfSteel,1789855364.426,0.105,0,0,0,0,0,0
CONT_s1_l2a_TearsOfSteel,1789855364.531,0.1051,0,0,0,0,0,0
CONT_s1_l2a_TearsOfSteel,1789855364.636,0.1052,141,1,0,4804447.0,0,1
CONT_s1_l2a_TearsOfSteel,1789855364.741,0.1052,0,0,0,0,0,0
CONT_s1_l2a_TearsOfSteel,1789855364.847,0.1053,0,0,0,0,0,0
CONT_s1_l2a_TearsOfSteel,1789855364.954,0.1074,0,0,0,0,0,0
CONT_s1_l2a_TearsOfSteel,1789855365.059,0.105,0,0,0,0,0,0
CONT_s1_l2a_TearsOfSteel,1789855365.164,0.1051,0,0,0,0,0,0
CONT_s1_l2a_TearsOfSteel,1789855365.269,0.1051,0,0,0,0,0,0
CONT_s1_l2a_TearsOfSteel,1789855365.374,0.105,0,0,0,0,0,0
CONT_s1_l2a_TearsOfSteel,1789855365.479,0.1051,0,0,0,0,0,0
CONT_s1_l2a_TearsOfSteel,1789855365.585,0.1051,0,0,0,0,0,0
CONT_s1_l2a_TearsOfSteel,1789855365.69,0.1051,0,0,0,0,0,0
CONT_s1_l2a_TearsOfSteel,1789855365.795,0.1051,0,0,0,0,0,0
CONT_s1_l2a_TearsOfSteel,1789855365.9,0.1052,0,0,0,0,0,0
CONT_s1_l2a_TearsOfSteel,1789855366.005,0.1051,0,0,0,0,0,0
CONT_s1_l2a_TearsOfSteel,1789855366.11,0.1051,0,0,0,0,0,0
CONT_s1_l2a_TearsOfSteel,1789855366.215,0.1051,0,0,0,0,0,0
CONT_s1_l2a_TearsOfSteel,1789855366.32,0.1051,0,0,0,0,0,0
CONT_s1_l2a_TearsOfSteel,1789855366.426,0.1056,0,0,0,0,0,0
CONT_s1_l2a_TearsOfSteel,1789855366.531,0.1051,0,0,0,0,0,0
CONT_s1_l2a_TearsOfSteel,1789855366.636,0.1052,141,1,0,4558246.0,0,1
CONT_s1_l2a_TearsOfSteel,1789855366.741,0.1053,0,0,0,0,0,0
CONT_s1_l2a_TearsOfSteel,1789855366.847,0.1051,0,0,0,0,0,0
CONT_s1_l2a_TearsOfSteel,1789855366.953,0.1066,0,0,0,0,0,0
CONT_s1_l2a_TearsOfSteel,1789855367.058,0.1052,0,0,0,0,0,0
CONT_s1_l2a_TearsOfSteel,1789855367.163,0.1051,0,0,0,0,0,0
CONT_s1_l2a_TearsOfSteel,1789855367.269,0.1052,0,0,0,0,0,0
CONT_s1_l2a_TearsOfSteel,1789855367.374,0.105,0,0,0,0,0,0
CONT_s1_l2a_TearsOfSteel,1789855367.479,0.1051,0,0,0,0,0,0
CONT_s1_l2a_TearsOfSteel,1789855367.584,0.1051,0,0,0,0,0,0
CONT_s1_l2a_TearsOfSteel,1789855367.689,0.1055,0,0,0,0,0,0
CONT_s1_l2a_TearsOfSteel,1789855367.795,0.1052,0,0,0,0,0,0
CONT_s1_l2a_TearsOfSteel,1789855367.9,0.1053,0,0,0,0,0,0
CONT_s1_l2a_TearsOfSteel,1789855368.005,0.1051,0,0,0,0,0,0
CONT_s1_l2a_TearsOfSteel,1789855368.11,0.1051,0,0,0,0,0,0
CONT_s1_l2a_TearsOfSteel,1789855368.215,0.1053,0,0,0,0,0,0
CONT_s1_l2a_TearsOfSteel,1789855368.321,0.1052,0,0,0,0,0,0
CONT_s1_l2a_TearsOfSteel,1789855368.426,0.1052,0,0,0,0,0,0
CONT_s1_l2a_TearsOfSteel,1789855368.531,0.1051,0,0,0,0,0,0
CONT_s1_l2a_TearsOfSteel,1789855368.636,0.1052,141,1,0,5125613.0,0,1
CONT_s1_l2a_TearsOfSteel,1789855368.741,0.1052,0,0,0,0,0,0
CONT_s1_l2a_TearsOfSteel,1789855368.846,0.105,0,0,0,0,0,0
CONT_s1_l2a_TearsOfSteel,1789855368.953,0.1068,0,0,0,0,0,0
CONT_s1_l2a_TearsOfSteel,1789855369.058,0.1051,0,0,0,0,0,0
CONT_s1_l2a_TearsOfSteel,1789855369.163,0.105,0,0,0,0,0,0
CONT_s1_l2a_TearsOfSteel,1789855369.268,0.1052,0,0,0,0,0,0
CONT_s1_l2a_TearsOfSteel,1789855369.373,0.1049,0,0,0,0,0,0
CONT_s1_l2a_TearsOfSteel,1789855369.479,0.1051,0,0,0,0,0,0
CONT_s1_l2a_TearsOfSteel,1789855369.584,0.1051,0,0,0,0,0,0
CONT_s1_l2a_TearsOfSteel,1789855369.689,0.1051,0,0,0,0,0,0
CONT_s1_l2a_TearsOfSteel,1789855369.794,0.1052,0,0,0,0,0,0
CONT_s1_l2a_TearsOfSteel,1789855369.899,0.105,0,0,0,0,0,0
CONT_s1_l2a_TearsOfSteel,1789855370.004,0.105,0,0,0,0,0,0
CONT_s1_l2a_TearsOfSteel,1789855370.109,0.1051,0,0,0,0,0,0
CONT_s1_l2a_TearsOfSteel,1789855370.214,0.1052,0,0,0,0,0,0
CONT_s1_l2a_TearsOfSteel,1789855370.319,0.1051,0,0,0,0,0,0
CONT_s1_l2a_TearsOfSteel,1789855370.424,0.1051,0,0,0,0,0,0
CONT_s1_l2a_TearsOfSteel,1789855370.53,0.1051,0,0,0,0,0,0
CONT_s1_l2a_TearsOfSteel,1789855370.635,0.1051,141,1,0,4998894.0,0,1
CONT_s1_l2a_TearsOfSteel,1789855370.74,0.1052,0,0,0,0,0,0
CONT_s1_l2a_TearsOfSteel,1789855370.845,0.105,0,0,0,0,0,0
CONT_s1_l2a_TearsOfSteel,1789855370.952,0.107,0,0,0,0,0,0
CONT_s1_l2a_TearsOfSteel,1789855371.057,0.1049,0,0,0,0,0,0
CONT_s1_l2a_TearsOfSteel,1789855371.162,0.105,0,0,0,0,0,0
CONT_s1_l2a_TearsOfSteel,1789855371.267,0.1052,0,0,0,0,0,0
CONT_s1_l2a_TearsOfSteel,1789855371.372,0.105,0,0,0,0,0,0
CONT_s1_l2a_TearsOfSteel,1789855371.477,0.1051,0,0,0,0,0,0
CONT_s1_l2a_TearsOfSteel,1789855371.582,0.1051,0,0,0,0,0,0
CONT_s1_l2a_TearsOfSteel,1789855371.688,0.106,0,0,0,0,0,0
CONT_s1_l2a_TearsOfSteel,1789855371.794,0.1054,0,0,0,0,0,0
CONT_s1_l2a_TearsOfSteel,1789855371.899,0.1051,0,0,0,0,0,0
CONT_s1_l2a_TearsOfSteel,1789855372.004,0.1051,0,0,0,0,0,0
CONT_s1_l2a_TearsOfSteel,1789855372.109,0.1051,0,0,0,0,0,0
CONT_s1_l2a_TearsOfSteel,1789855372.214,0.1051,0,0,0,0,0,0
CONT_s1_l2a_TearsOfSteel,1789855372.319,0.1052,0,0,0,0,0,0
CONT_s1_l2a_TearsOfSteel,1789855372.424,0.1052,0,0,0,0,0,0
CONT_s1_l2a_TearsOfSteel,1789855372.53,0.1051,0,0,0,0,0,0
CONT_s1_l2a_TearsOfSteel,1789855372.635,0.1051,141,1,0,4861156.0,0,1
CONT_s1_l2a_TearsOfSteel,1789855372.74,0.1051,0,0,0,0,0,0
CONT_s1_l2a_TearsOfSteel,1789855372.845,0.1054,0,0,0,0,0,0
CONT_s1_l2a_TearsOfSteel,1789855372.951,0.1062,0,0,0,0,0,0
CONT_s1_l2a_TearsOfSteel,1789855373.056,0.1049,0,0,0,0,0,0
CONT_s1_l2a_TearsOfSteel,1789855373.161,0.1051,0,0,0,0,0,0
CONT_s1_l2a_TearsOfSteel,1789855373.266,0.1051,0,0,0,0,0,0
CONT_s1_l2a_TearsOfSteel,1789855373.371,0.1051,0,0,0,0,0,0
CONT_s1_l2a_TearsOfSteel,1789855373.477,0.1051,0,0,0,0,0,0
CONT_s1_l2a_TearsOfSteel,1789855373.582,0.1052,0,0,0,0,0,0
CONT_s1_l2a_TearsOfSteel,1789855373.687,0.1052,0,0,0,0,0,0
CONT_s1_l2a_TearsOfSteel,1789855373.792,0.1051,0,0,0,0,0,0
CONT_s1_l2a_TearsOfSteel,1789855373.897,0.1051,0,0,0,0,0,0
CONT_s1_l2a_TearsOfSteel,1789855374.002,0.1051,0,0,0,0,0,0
CONT_s1_l2a_TearsOfSteel,1789855374.107,0.1052,0,0,0,0,0,0
CONT_s1_l2a_TearsOfSteel,1789855374.213,0.1051,0,0,0,0,0,0
CONT_s1_l2a_TearsOfSteel,1789855374.318,0.1052,0,0,0,0,0,0
CONT_s1_l2a_TearsOfSteel,1789855374.423,0.1053,0,0,0,0,0,0
CONT_s1_l2a_TearsOfSteel,1789855374.528,0.1051,0,0,0,0,0,0
CONT_s1_l2a_TearsOfSteel,1789855374.633,0.1052,141,1,0,4882544.0,0,1
CONT_s1_l2a_TearsOfSteel,1789855374.738,0.1051,0,0,0,0,0,0
CONT_s1_l2a_TearsOfSteel,1789855374.844,0.1055,0,0,0,0,0,0
CONT_s1_l2a_TearsOfSteel,1789855374.951,0.1073,0,0,0,0,0,0
CONT_s1_l2a_TearsOfSteel,1789855375.056,0.1051,0,0,0,0,0,0
CONT_s1_l2a_TearsOfSteel,1789855375.161,0.1051,0,0,0,0,0,0
CONT_s1_l2a_TearsOfSteel,1789855375.266,0.1052,0,0,0,0,0,0
CONT_s1_l2a_TearsOfSteel,1789855375.372,0.1051,0,0,0,0,0,0
CONT_s1_l2a_TearsOfSteel,1789855375.477,0.1051,0,0,0,0,0,0
CONT_s1_l2a_TearsOfSteel,1789855375.582,0.1051,0,0,0,0,0,0
CONT_s1_l2a_TearsOfSteel,1789855375.687,0.1051,0,0,0,0,0,0
CONT_s1_l2a_TearsOfSteel,1789855375.792,0.105,0,0,0,0,0,0
CONT_s1_l2a_TearsOfSteel,1789855375.897,0.1052,0,0,0,0,0,0
CONT_s1_l2a_TearsOfSteel,1789855376.002,0.1051,0,0,0,0,0,0
CONT_s1_l2a_TearsOfSteel,1789855376.107,0.1051,0,0,0,0,0,0
CONT_s1_l2a_TearsOfSteel,1789855376.212,0.1051,0,0,0,0,0,0
CONT_s1_l2a_TearsOfSteel,1789855376.318,0.1051,0,0,0,0,0,0
CONT_s1_l2a_TearsOfSteel,1789855376.423,0.1052,0,0,0,0,0,0
CONT_s1_l2a_TearsOfSteel,1789855376.528,0.1051,0,0,0,0,0,0
CONT_s1_l2a_TearsOfSteel,1789855376.633,0.1051,141,1,0,5294242.0,0,1
CONT_s1_l2a_TearsOfSteel,1789855376.738,0.1051,0,0,0,0,0,0
CONT_s1_l2a_TearsOfSteel,1789855376.843,0.1054,0,0,0,0,0,0
CONT_s1_l2a_TearsOfSteel,1789855376.951,0.1074,0,0,0,0,0,0
CONT_s1_l2a_TearsOfSteel,1789855377.056,0.105,0,0,0,0,0,0
CONT_s1_l2a_TearsOfSteel,1789855377.161,0.1051,0,0,0,0,0,0
CONT_s1_l2a_TearsOfSteel,1789855377.266,0.1051,0,0,0,0,0,0
CONT_s1_l2a_TearsOfSteel,1789855377.371,0.1052,0,0,0,0,0,0
CONT_s1_l2a_TearsOfSteel,1789855377.476,0.1052,0,0,0,0,0,0
CONT_s1_l2a_TearsOfSteel,1789855377.581,0.1049,0,0,0,0,0,0
CONT_s1_l2a_TearsOfSteel,1789855377.687,0.1056,0,0,0,0,0,0
CONT_s1_l2a_TearsOfSteel,1789855377.792,0.1053,0,0,0,0,0,0
CONT_s1_l2a_TearsOfSteel,1789855377.897,0.1051,0,0,0,0,0,0
CONT_s1_l2a_TearsOfSteel,1789855378.002,0.1051,0,0,0,0,0,0
CONT_s1_l2a_TearsOfSteel,1789855378.108,0.1052,0,0,0,0,0,0
CONT_s1_l2a_TearsOfSteel,1789855378.213,0.1055,0,0,0,0,0,0
CONT_s1_l2a_TearsOfSteel,1789855378.318,0.1051,0,0,0,0,0,0
CONT_s1_l2a_TearsOfSteel,1789855378.423,0.1053,0,0,0,0,0,0
CONT_s1_l2a_TearsOfSteel,1789855378.529,0.1051,0,0,0,0,0,0
CONT_s1_l2a_TearsOfSteel,1789855378.633,0.1049,141,1,0,5694136.0,0,1
CONT_s1_l2a_TearsOfSteel,1789855378.739,0.1051,0,0,0,0,0,0
CONT_s1_l2a_TearsOfSteel,1789855378.844,0.1051,0,0,0,0,0,0
CONT_s1_l2a_TearsOfSteel,1789855378.95,0.1064,0,0,0,0,0,0
CONT_s1_l2a_TearsOfSteel,1789855379.055,0.1052,0,0,0,0,0,0
CONT_s1_l2a_TearsOfSteel,1789855379.16,0.1051,0,0,0,0,0,0
CONT_s1_l2a_TearsOfSteel,1789855379.265,0.1051,0,0,0,0,0,0
CONT_s1_l2a_TearsOfSteel,1789855379.37,0.105,0,0,0,0,0,0
CONT_s1_l2a_TearsOfSteel,1789855379.476,0.1052,0,0,0,0,0,0
CONT_s1_l2a_TearsOfSteel,1789855379.581,0.1052,0,0,0,0,0,0
CONT_s1_l2a_TearsOfSteel,1789855379.686,0.1051,0,0,0,0,0,0
CONT_s1_l2a_TearsOfSteel,1789855379.791,0.1051,0,0,0,0,0,0
CONT_s1_l2a_TearsOfSteel,1789855379.896,0.1053,0,0,0,0,0,0
CONT_s1_l2a_TearsOfSteel,1789855380.001,0.1051,0,0,0,0,0,0
CONT_s1_l2a_TearsOfSteel,1789855380.107,0.1052,0,0,0,0,0,0
CONT_s1_l2a_TearsOfSteel,1789855380.212,0.1051,0,0,0,0,0,0
CONT_s1_l2a_TearsOfSteel,1789855380.317,0.1051,0,0,0,0,0,0
CONT_s1_l2a_TearsOfSteel,1789855380.422,0.1053,0,0,0,0,0,0
CONT_s1_l2a_TearsOfSteel,1789855380.527,0.1052,0,0,0,0,0,0
CONT_s1_l2a_TearsOfSteel,1789855380.632,0.1051,0,0,0,0,0,0
CONT_s1_l2a_TearsOfSteel,1789855380.738,0.1052,141,1,0,5926846.0,0,1
CONT_s1_l2a_TearsOfSteel,1789855380.843,0.1055,0,0,0,0,0,0
CONT_s1_l2a_TearsOfSteel,1789855380.95,0.1069,0,0,0,0,0,0
CONT_s1_l2a_TearsOfSteel,1789855381.055,0.1051,0,0,0,0,0,0
CONT_s1_l2a_TearsOfSteel,1789855381.16,0.1051,0,0,0,0,0,0
CONT_s1_l2a_TearsOfSteel,1789855381.266,0.1052,0,0,0,0,0,0
CONT_s1_l2a_TearsOfSteel,1789855381.371,0.105,0,0,0,0,0,0
CONT_s1_l2a_TearsOfSteel,1789855381.476,0.1051,0,0,0,0,0,0
CONT_s1_l2a_TearsOfSteel,1789855381.581,0.1051,0,0,0,0,0,0
CONT_s1_l2a_TearsOfSteel,1789855381.686,0.1053,0,0,0,0,0,0
CONT_s1_l2a_TearsOfSteel,1789855381.791,0.1051,0,0,0,0,0,0
CONT_s1_l2a_TearsOfSteel,1789855381.896,0.1052,0,0,0,0,0,0
CONT_s1_l2a_TearsOfSteel,1789855382.001,0.1051,0,0,0,0,0,0
CONT_s1_l2a_TearsOfSteel,1789855382.107,0.1052,0,0,0,0,0,0
CONT_s1_l2a_TearsOfSteel,1789855382.212,0.1051,0,0,0,0,0,0
CONT_s1_l2a_TearsOfSteel,1789855382.317,0.1051,0,0,0,0,0,0
CONT_s1_l2a_TearsOfSteel,1789855382.422,0.1051,0,0,0,0,0,0
CONT_s1_l2a_TearsOfSteel,1789855382.527,0.1052,0,0,0,0,0,0
CONT_s1_l2a_TearsOfSteel,1789855382.632,0.1052,0,0,0,0,0,0
CONT_s1_l2a_TearsOfSteel,1789855382.737,0.1052,141,1,0,5682886.0,0,1
CONT_s1_l2a_TearsOfSteel,1789855382.842,0.1051,0,0,0,0,0,0
CONT_s1_l2a_TearsOfSteel,1789855382.949,0.1062,0,0,0,0,0,0
CONT_s1_l2a_TearsOfSteel,1789855383.054,0.105,0,0,0,0,0,0
CONT_s1_l2a_TearsOfSteel,1789855383.159,0.1052,0,0,0,0,0,0
CONT_s1_l2a_TearsOfSteel,1789855383.264,0.1052,0,0,0,0,0,0
CONT_s1_l2a_TearsOfSteel,1789855383.369,0.105,0,0,0,0,0,0
CONT_s1_l2a_TearsOfSteel,1789855383.474,0.1051,0,0,0,0,0,0
CONT_s1_l2a_TearsOfSteel,1789855383.579,0.1052,0,0,0,0,0,0
CONT_s1_l2a_TearsOfSteel,1789855383.685,0.1051,0,0,0,0,0,0
CONT_s1_l2a_TearsOfSteel,1789855383.79,0.1052,0,0,0,0,0,0
CONT_s1_l2a_TearsOfSteel,1789855383.895,0.1051,0,0,0,0,0,0
CONT_s1_l2a_TearsOfSteel,1789855384.0,0.1055,0,0,0,0,0,0
CONT_s1_l2a_TearsOfSteel,1789855384.105,0.105,0,0,0,0,0,0
CONT_s1_l2a_TearsOfSteel,1789855384.211,0.1051,0,0,0,0,0,0
CONT_s1_l2a_TearsOfSteel,1789855384.316,0.1052,0,0,0,0,0,0
CONT_s1_l2a_TearsOfSteel,1789855384.421,0.1052,0,0,0,0,0,0
CONT_s1_l2a_TearsOfSteel,1789855384.526,0.1051,0,0,0,0,0,0
CONT_s1_l2a_TearsOfSteel,1789855384.631,0.1053,0,0,0,0,0,0
CONT_s1_l2a_TearsOfSteel,1789855384.736,0.1052,141,1,0,5826233.0,0,1
CONT_s1_l2a_TearsOfSteel,1789855384.842,0.1053,0,0,0,0,0,0
CONT_s1_l2a_TearsOfSteel,1789855384.949,0.1073,0,0,0,0,0,0
CONT_s1_l2a_TearsOfSteel,1789855385.054,0.105,0,0,0,0,0,0
CONT_s1_l2a_TearsOfSteel,1789855385.159,0.1051,0,0,0,0,0,0
CONT_s1_l2a_TearsOfSteel,1789855385.264,0.1051,0,0,0,0,0,0
CONT_s1_l2a_TearsOfSteel,1789855385.369,0.105,0,0,0,0,0,0
CONT_s1_l2a_TearsOfSteel,1789855385.474,0.1051,0,0,0,0,0,0
CONT_s1_l2a_TearsOfSteel,1789855385.58,0.1051,0,0,0,0,0,0
CONT_s1_l2a_TearsOfSteel,1789855385.685,0.1051,0,0,0,0,0,0
CONT_s1_l2a_TearsOfSteel,1789855385.79,0.1051,0,0,0,0,0,0
CONT_s1_l2a_TearsOfSteel,1789855385.895,0.1051,0,0,0,0,0,0
CONT_s1_l2a_TearsOfSteel,1789855386.0,0.1051,0,0,0,0,0,0
CONT_s1_l2a_TearsOfSteel,1789855386.105,0.1052,0,0,0,0,0,0
CONT_s1_l2a_TearsOfSteel,1789855386.211,0.1053,0,0,0,0,0,0
CONT_s1_l2a_TearsOfSteel,1789855386.316,0.1052,0,0,0,0,0,0
CONT_s1_l2a_TearsOfSteel,1789855386.421,0.1051,0,0,0,0,0,0
CONT_s1_l2a_TearsOfSteel,1789855386.526,0.1051,0,0,0,0,0,0
CONT_s1_l2a_TearsOfSteel,1789855386.631,0.1053,0,0,0,0,0,0
CONT_s1_l2a_TearsOfSteel,1789855386.736,0.1052,141,1,0,5951661.0,0,1
CONT_s1_l2a_TearsOfSteel,1789855386.842,0.1052,0,0,0,0,0,0
CONT_s1_l2a_TearsOfSteel,1789855386.949,0.107,0,0,0,0,0,0
CONT_s1_l2a_TearsOfSteel,1789855387.054,0.1051,0,0,0,0,0,0
CONT_s1_l2a_TearsOfSteel,1789855387.159,0.1051,0,0,0,0,0,0
CONT_s1_l2a_TearsOfSteel,1789855387.264,0.1051,0,0,0,0,0,0
CONT_s1_l2a_TearsOfSteel,1789855387.369,0.105,0,0,0,0,0,0
CONT_s1_l2a_TearsOfSteel,1789855387.474,0.105,0,0,0,0,0,0
CONT_s1_l2a_TearsOfSteel,1789855387.579,0.105,0,0,0,0,0,0
CONT_s1_l2a_TearsOfSteel,1789855387.684,0.1051,0,0,0,0,0,0
CONT_s1_l2a_TearsOfSteel,1789855387.789,0.1051,0,0,0,0,0,0
CONT_s1_l2a_TearsOfSteel,1789855387.894,0.105,0,0,0,0,0,0
CONT_s1_l2a_TearsOfSteel,1789855387.999,0.105,0,0,0,0,0,0
CONT_s1_l2a_TearsOfSteel,1789855388.104,0.1051,0,0,0,0,0,0
CONT_s1_l2a_TearsOfSteel,1789855388.209,0.1051,0,0,0,0,0,0
CONT_s1_l2a_TearsOfSteel,1789855388.314,0.1051,0,0,0,0,0,0
CONT_s1_l2a_TearsOfSteel,1789855388.419,0.105,0,0,0,0,0,0
CONT_s1_l2a_TearsOfSteel,1789855388.524,0.105,0,0,0,0,0,0
CONT_s1_l2a_TearsOfSteel,1789855388.63,0.1052,0,0,0,0,0,0
CONT_s1_l2a_TearsOfSteel,1789855388.735,0.1056,141,1,0,6424421.0,0,1
CONT_s1_l2a_TearsOfSteel,1789855388.841,0.1055,0,0,0,0,0,0
