run_id,t_epoch,dt,delta_bytes,delta_packets,delta_reorder,jitter_ns,rtt_ns,active_flows
CONT_s9_dynamic_Valkaama,1789300290.47,0.1001,0,0,0,0,0,0
CONT_s9_dynamic_Valkaama,1789300290.571,0.1013,0,0,0,0,0,0
CONT_s9_dynamic_Valkaama,1789300290.673,0.1015,0,0,0,0,0,0
CONT_s9_dynamic_Valkaama,1789300290.774,0.1016,0,0,0,0,0,0
CONT_s9_dynamic_Valkaama,1789300290.876,0.1014,0,0,0,0,0,0
CONT_s9_dynamic_Valkaama,1789300290.977,0.1015,0,0,0,0,0,0
CONT_s9_dynamic_Valkaama,1789300291.079,0.1013,0,0,0,0,0,0
CONT_s9_dynamic_Valkaama,1789300291.18,0.1015,0,0,0,0,0,0
CONT_s9_dynamic_Valkaama,1789300291.282,0.1015,0,0,0,0,0,0
CONT_s9_dynamic_Valkaama,1789300291.383,0.1013,0,0,0,0,0,0
CONT_s9_dynamic_Valkaama,1789300291.484,0.1013,0,0,0,0,0,0
CONT_s9_dynamic_Valkaama,1789300291.585,0.1013,0,0,0,0,0,0
CONT_s9_dynamic_Valkaama,1789300291.687,0.1015,0,0,0,0,0,0
CONT_s9_dynamic_Valkaama,1789300291.788,0.1015,0,0,0,0,0,0
CONT_s9_dynamic_Valkaama,1789300291.89,0.1013,0,0,0,0,0,0
CONT_s9_dynamic_Valkaama,1789300291.991,0.1013,0,0,0,0,0,0
CONT_s9_dynamic_Valkaama,1789300292.092,0.1013,0,0,0,0,0,0
CONT_s9_dynamic_Valkaama,1789300292.194,0.1015,0,0,0,0,0,0
CONT_s9_dynamic_Valkaama,1789300292.295,0.1015,0,0,0,0,0,0
CONT_s9_dynamic_Valkaama,1789300292.397,0.1013,0,0,0,0,0,0
CONT_s9_dynamic_Valkaama,1789300292.498,0.1012,0,0,0,0,0,0
CONT_s9_dynamic_Valkaama,1789300292.599,0.1012,0,0,0,0,0,0
CONT_s9_dynamic_Valkaama,1789300292.701,0.1015,0,0,0,0,0,0
CONT_s9_dynamic_Valkaama,1789300292.802,0.1015,0,0,0,0,0,0
CONT_s9_dynamic_Valkaama,1789300292.903,0.1013,0,0,0,0,0,0
CONT_s9_dynamic_Valkaama,1789300293.005,0.1015,0,0,0,0,0,0
CONT_s9_dynamic_Valkaama,1789300293.106,0.1013,0,0,0,0,0,0
CONT_s9_dynamic_Valkaama,1789300293.208,0.1015,0,0,0,0,0,0
CONT_s9_dynamic_Valkaama,1789300293.309,0.1015,0,0,0,0,0,0
CONT_s9_dynamic_Valkaama,1789300293.41,0.1013,0,0,0,0,0,0
CONT_s9_dynamic_Valkaama,1789300293.512,0.1014,0,0,0,0,0,0
CONT_s9_dynamic_Valkaama,1789300293.613,0.1013,0,0,0,0,0,0
CONT_s9_dynamic_Valkaama,1789300293.715,0.1015,0,0,0,0,0,0
CONT_s9_dynamic_Valkaama,1789300293.816,0.1015,0,0,0,0,0,0
CONT_s9_dynamic_Valkaama,1789300293.917,0.1013,0,0,0,0,0,0
CONT_s9_dynamic_Valkaama,1789300294.019,0.1013,0,0,0,0,0,0
CONT_s9_dynamic_Valkaama,1789300294.12,0.1013,0,0,0,0,0,0
CONT_s9_dynamic_Valkaama,1789300294.222,0.1015,0,0,0,0,0,0
CONT_s9_dynamic_Valkaama,1789300294.323,0.1015,0,0,0,0,0,0
CONT_s9_dynamic_Valkaama,1789300294.424,0.1013,0,0,0,0,0,0
CONT_s9_dynamic_Valkaama,1789300294.526,0.1013,0,0,0,0,0,0
CONT_s9_dynamic_Valkaama,1789300294.627,0.1013,0,0,0,0,0,0
CONT_s9_dynamic_Valkaama,1789300294.728,0.1015,0,0,0,0,0,0
CONT_s9_dynamic_Valkaama,1789300294.83,0.1015,0,0,0,0,0,0
CONT_s9_dynamic_Valkaama,1789300294.931,0.1013,0,0,0,0,0,0
CONT_s9_dynamic_Valkaama,1789300295.032,0.1014,0,0,0,0,0,0
CONT_s9_dynamic_Valkaama,1789300295.134,0.1016,0,0,0,0,0,0
CONT_s9_dynamic_Valkaama,1789300295.236,0.1016,0,0,0,0,0,0
CONT_s9_dynamic_Valkaama,1789300295.337,0.1015,0,0,0,0,0,0
CONT_s9_dynamic_Valkaama,1789300295.438,0.1014,0,0,0,0,0,0
CONT_s9_dynamic_Valkaama,1789300295.54,0.1013,0,0,0,0,0,0
CONT_s9_dynamic_Valkaama,1789300295.641,0.1017,0,0,0,0,0,0
CONT_s9_dynamic_Valkaama,1789300295.744,0.1027,0,0,0,0,0,0
CONT_s9_dynamic_Valkaama,1789300295.846,0.1015,0,0,0,0,0,0
CONT_s9_dynamic_Valkaama,1789300295.947,0.1014,0,0,0,0,0,0
CONT_s9_dynamic_Valkaama,1789300296.048,0.1014,0,0,0,0,0,0
CONT_s9_dynamic_Valkaama,1789300296.15,0.1015,0,0,0,0,0,0
CONT_s9_dynamic_Valkaama,1789300296.253,0.1026,0,0,0,0,0,0
CONT_s9_dynamic_Valkaama,1789300296.354,0.1013,0,0,0,0,0,0
CONT_s9_dynamic_Valkaama,1789300296.455,0.1014,0,0,0,0,0,0
CONT_s9_dynamic_Valkaama,1789300296.557,0.1014,0,0,0,0,0,0
CONT_s9_dynamic_Valkaama,1789300296.658,0.1015,0,0,0,0,0,0
CONT_s9_dynamic_Valkaama,1789300296.76,0.1015,0,0,0,0,0,0
CONT_s9_dynamic_Valkaama,1789300296.861,0.1013,0,0,0,0,0,0
CONT_s9_dynamic_Valkaama,1789300296.962,0.1014,0,0,0,0,0,0
CONT_s9_dynamic_Valkaama,1789300297.064,0.1014,0,0,0,0,0,0
CONT_s9_dynamic_Valkaama,1789300297.165,0.1015,0,0,0,0,0,0
CONT_s9_dynamic_Valkaama,1789300297.267,0.1015,0,0,0,0,0,0
CONT_s9_dynamic_Valkaama,1789300297.368,0.1014,0,0,0,0,0,0
CONT_s9_dynamic_Valkaama,1789300297.47,0.1013,0,0,0,0,0,0
CONT_s9_dynamic_Valkaama,1789300297.571,0.1014,0,0,0,0,0,0
CONT_s9_dynamic_Valkaama,1789300297.672,0.1015,0,0,0,0,0,0
CONT_s9_dynamic_Valkaama,1789300297.774,0.1015,0,0,0,0,0,0
CONT_s9_dynamic_Valkaama,1789300297.875,0.1013,0,0,0,0,0,0
CONT_s9_dynamic_Valkaama,1789300297.977,0.1014,0,0,0,0,0,0
CONT_s9_dynamic_Valkaama,1789300298.078,0.1014,0,0,0,0,0,0
CONT_s9_dynamic_Valkaama,1789300298.18,0.1016,0,0,0,0,0,0
CONT_s9_dynamic_Valkaama,1789300298.281,0.1015,0,0,0,0,0,0
CONT_s9_dynamic_Valkaama,1789300298.382,0.1013,0,0,0,0,0,0
CONT_s9_dynamic_Valkaama,1789300298.484,0.1014,0,0,0,0,0,0
CONT_s9_dynamic_Valkaama,1789300298.585,0.1014,0,0,0,0,0,0
CONT_s9_dynamic_Valkaama,1789300298.687,0.1015,0,0,0,0,0,0
CONT_s9_dynamic_Valkaama,1789300298.788,0.1015,0,0,0,0,0,0
CONT_s9_dynamic_Valkaama,1789300298.89,0.1013,0,0,0,0,0,0
CONT_s9_dynamic_Valkaama,1789300298.991,0.1014,0,0,0,0,0,0
CONT_s9_dynamic_Valkaama,1789300299.092,0.1014,0,0,0,0,0,0
CONT_s9_dynamic_Valkaama,1789300299.194,0.1015,0,0,0,0,0,0
CONT_s9_dynamic_Valkaama,1789300299.295,0.1015,0,0,0,0,0,0
CONT_s9_dynamic_Valkaama,1789300299.397,0.1013,0,0,0,0,0,0
CONT_s9_dynamic_Valkaama,1789300299.498,0.1013,0,0,0,0,0,0
CONT_s9_dynamic_Valkaama,1789300299.599,0.1014,0,0,0,0,0,0
CONT_s9_dynamic_Valkaama,1789300299.701,0.1015,0,0,0,0,0,0
CONT_s9_dynamic_Valkaama,1789300299.802,0.1015,0,0,0,0,0,0
CONT_s9_dynamic_Valkaama,1789300299.904,0.1013,0,0,0,0,0,0
CONT_s9_dynamic_Valkaama,1789300300.005,0.1013,0,0,0,0,0,0
CONT_s9_dynamic_Valkaama,1789300300.106,0.1014,0,0,0,0,0,0
CONT_s9_dynamic_Valkaama,1789300300.208,0.1015,0,0,0,0,0,0
CONT_s9_dynamic_Valkaama,1789300300.309,0.1015,0,0,0,0,0,0
CONT_s9_dynamic_Valkaama,1789300300.411,0.1013,0,0,0,0,0,0
CONT_s9_dynamic_Valkaama,1789300300.512,0.1014,0,0,0,0,0,0
CONT_s9_dynamic_Valkaama,1789300300.614,0.1018,0,0,0,0,0,0
CONT_s9_dynamic_Valkaama,1789300300.715,0.1015,0,0,0,0,0,0
CONT_s9_dynamic_Valkaama,1789300300.817,0.1015,0,0,0,0,0,0
CONT_s9_dynamic_Valkaama,1789300300.918,0.1013,0,0,0,0,0,0
CONT_s9_dynamic_Valkaama,1789300301.019,0.1014,0,0,0,0,0,0
CONT_s9_dynamic_Valkaama,1789300301.121,0.1014,0,0,0,0,0,0
CONT_s9_dynamic_Valkaama,1789300301.222,0.1015,0,0,0,0,0,0
CONT_s9_dynamic_Valkaama,1789300301.324,0.1015,0,0,0,0,0,0
CONT_s9_dynamic_Valkaama,1789300301.425,0.1013,0,0,0,0,0,0
CONT_s9_dynamic_Valkaama,1789300301.526,0.1014,0,0,0,0,0,0
CONT_s9_dynamic_Valkaama,1789300301.628,0.1014,0,0,0,0,0,0
CONT_s9_dynamic_Valkaama,1789300301.729,0.1015,0,0,0,0,0,0
CONT_s9_dynamic_Valkaama,1789300301.831,0.1015,0,0,0,0,0,0
CONT_s9_dynamic_Valkaama,1789300301.932,0.1014,0,0,0,0,0,0
CONT_s9_dynamic_Valkaama,1789300302.034,0.1013,0,0,0,0,0,0
CONT_s9_dynamic_Valkaama,1789300302.136,0.102,0,0,0,0,0,0
CONT_s9_dynamic_Valkaama,1789300302.238,0.1023,0,0,0,0,0,0
CONT_s9_dynamic_Valkaama,1789300302.339,0.1015,0,0,0,0,0,0
CONT_s9_dynamic_Valkaama,1789300302.441,0.1014,0,0,0,0,0,0
CONT_s9_dynamic_Valkaama,1789300302.542,0.1015,0,0,0,0,0,0
CONT_s9_dynamic_Valkaama,1789300302.644,0.1016,0,0,0,0,0,0
CONT_s9_dynamic_Valkaama,1789300302.746,0.1025,0,0,0,0,0,0
CONT_s9_dynamic_Valkaama,1789300302.848,0.1013,0,0,0,0,0,0
CONT_s9_dynamic_Valkaama,1789300302.949,0.1013,0,0,0,0,0,0
CONT_s9_dynamic_Valkaama,1789300303.05,0.1014,0,0,0,0,0,0
CONT_s9_dynamic_Valkaama,1789300303.152,0.1015,0,0,0,0,0,0
CONT_s9_dynamic_Valkaama,1789300303.254,0.1019,0,0,0,0,0,0
CONT_s9_dynamic_Valkaama,1789300303.355,0.1014,0,0,0,0,0,0
CONT_s9_dynamic_Valkaama,1789300303.457,0.1015,0,0,0,0,0,0
CONT_s9_dynamic_Valkaama,1789300303.558,0.1013,0,0,0,0,0,0
CONT_s9_dynamic_Valkaama,1789300303.659,0.1015,0,0,0,0,0,0
CONT_s9_dynamic_Valkaama,1789300303.761,0.1015,0,0,0,0,0,0
CONT_s9_dynamic_Valkaama,1789300303.862,0.1013,0,0,0,0,0,0
CONT_s9_dynamic_Valkaama,1789300303.964,0.1014,0,0,0,0,0,0
CONT_s9_dynamic_Valkaama,1789300304.065,0.1014,0,0,0,0,0,0
CONT_s9_dynamic_Valkaama,1789300304.167,0.1015,0,0,0,0,0,0
CONT_s9_dynamic_Valkaama,1789300304.268,0.1015,0,0,0,0,0,0
CONT_s9_dynamic_Valkaama,1789300304.369,0.1014,0,0,0,0,0,0
CONT_s9_dynamic_Valkaama,1789300304.471,0.1014,0,0,0,0,0,0
CONT_s9_dynamic_Valkaama,1789300304.572,0.1013,0,0,0,0,0,0
CONT_s9_dynamic_Valkaama,1789300304.674,0.1015,0,0,0,0,0,0
CONT_s9_dynamic_Valkaama,1789300304.775,0.1015,0,0,0,0,0,0
CONT_s9_dynamic_Valkaama,1789300304.876,0.1013,0,0,0,0,0,0
CONT_s9_dynamic_Valkaama,1789300304.978,0.1013,0,0,0,0,0,0
CONT_s9_dynamic_Valkaama,1789300305.079,0.1014,0,0,0,0,0,0
CONT_s9_dynamic_Valkaama,1789300305.181,0.1015,0,0,0,0,0,0
CONT_s9_dynamic_Valkaama,1789300305.282,0.1015,0,0,0,0,0,0
CONT_s9_dynamic_Valkaama,1789300305.383,0.1013,0,0,0,0,0,0
CONT_s9_dynamic_Valkaama,1789300305.485,0.1014,0,0,0,0,0,0
CONT_s9_dynamic_Valkaama,1789300305.586,0.1013,0,0,0,0,0,0
CONT_s9_dynamic_Valkaama,1789300305.688,0.1015,0,0,0,0,0,0
CONT_s9_dynamic_Valkaama,1789300305.789,0.1015,0,0,0,0,0,0
CONT_s9_dynamic_Valkaama,1789300305.89,0.1013,0,0,0,0,0,0
CONT_s9_dynamic_Valkaama,1789300305.992,0.1014,0,0,0,0,0,0
CONT_s9_dynamic_Valkaama,1789300306.093,0.1014,0,0,0,0,0,0
CONT_s9_dynamic_Valkaama,1789300306.195,0.1015,0,0,0,0,0,0
CONT_s9_dynamic_Valkaama,1789300306.296,0.1015,0,0,0,0,0,0
CONT_s9_dynamic_Valkaama,1789300306.397,0.1013,0,0,0,0,0,0
CONT_s9_dynamic_Valkaama,1789300306.499,0.1014,0,0,0,0,0,0
CONT_s9_dynamic_Valkaama,1789300306.6,0.1013,0,0,0,0,0,0
CONT_s9_dynamic_Valkaama,1789300306.702,0.1015,0,0,0,0,0,0
CONT_s9_dynamic_Valkaama,1789300306.803,0.1015,0,0,0,0,0,0
CONT_s9_dynamic_Valkaama,1789300306.904,0.1013,0,0,0,0,0,0
CONT_s9_dynamic_Valkaama,1789300307.006,0.1014,0,0,0,0,0,0
CONT_s9_dynamic_Valkaama,1789300307.107,0.1014,0,0,0,0,0,0
CONT_s9_dynamic_Valkaama,1789300307.209,0.1015,0,0,0,0,0,0
CONT_s9_dynamic_Valkaama,1789300307.31,0.1015,0,0,0,0,0,0
CONT_s9_dynamic_Valkaama,1789300307.411,0.1013,0,0,0,0,0,0
CONT_s9_dynamic_Valkaama,1789300307.513,0.1013,0,0,0,0,0,0
CONT_s9_dynamic_Valkaama,1789300307.614,0.1014,0,0,0,0,0,0
CONT_s9_dynamic_Valkaama,1789300307.715,0.1015,0,0,0,0,0,0
CONT_s9_dynamic_Valkaama,1789300307.817,0.1015,0,0,0,0,0,0
CONT_s9_dynamic_Valkaama,1789300307.918,0.1013,0,0,0,0,0,0
CONT_s9_dynamic_Valkaama,1789300308.02,0.1014,0,0,0,0,0,0
CONT_s9_dynamic_Valkaama,1789300308.121,0.1014,0,0,0,0,0,0
CONT_s9_dynamic_Valkaama,1789300308.223,0.1015,0,0,0,0,0,0
CONT_s9_dynamic_Valkaama,1789300308.324,0.1015,0,0,0,0,0,0
CONT_s9_dynamic_Valkaama,1789300308.425,0.1013,0,0,0,0,0,0
CONT_s9_dynamic_Valkaama,1789300308.527,0.1014,0,0,0,0,0,0
CONT_s9_dynamic_Valkaama,1789300308.628,0.1016,0,0,0,0,0,0
CONT_s9_dynamic_Valkaama,1789300308.73,0.1015,0,0,0,0,0,0
CONT_s9_dynamic_Valkaama,1789300308.831,0.1015,0,0,0,0,0,0
CONT_s9_dynamic_Valkaama,1789300308.933,0.1016,0,0,0,0,0,0
CONT_s9_dynamic_Valkaama,1789300309.034,0.1015,0,0,0,0,0,0
CONT_s9_dynamic_Valkaama,1789300309.136,0.1016,0,0,0,0,0,0
CONT_s9_dynamic_Valkaama,1789300309.24,0.1035,0,0,0,0,0,0
CONT_s9_dynamic_Valkaama,1789300309.341,0.1015,0,0,0,0,0,0
CONT_s9_dynamic_Valkaama,1789300309.442,0.1013,0,0,0,0,0,0
CONT_s9_dynamic_Valkaama,1789300309.544,0.1014,0,0,0,0,0,0
CONT_s9_dynamic_Valkaama,1789300309.645,0.1016,0,0,0,0,0,0
CONT_s9_dynamic_Valkaama,1789300309.748,0.1027,0,0,0,0,0,0
CONT_s9_dynamic_Valkaama,1789300309.85,0.1014,0,0,0,0,0,0
CONT_s9_dynamic_Valkaama,1789300309.951,0.1014,0,0,0,0,0,0
CONT_s9_dynamic_Valkaama,1789300310.052,0.1014,0,0,0,0,0,0
CONT_s9_dynamic_Valkaama,1789300310.154,0.1015,0,0,0,0,0,0
CONT_s9_dynamic_Valkaama,1789300310.256,0.1019,0,0,0,0,0,0
CONT_s9_dynamic_Valkaama,1789300310.357,0.1014,0,0,0,0,0,0
CONT_s9_dynamic_Valkaama,1789300310.459,0.1013,0,0,0,0,0,0
CONT_s9_dynamic_Valkaama,1789300310.56,0.1014,0,0,0,0,0,0
CONT_s9_dynamic_Valkaama,1789300310.661,0.1015,0,0,0,0,0,0
CONT_s9_dynamic_Valkaama,1789300310.763,0.102,0,0,0,0,0,0
CONT_s9_dynamic_Valkaama,1789300310.865,0.1014,0,0,0,0,0,0
CONT_s9_dynamic_Valkaama,1789300310.966,0.1013,0,0,0,0,0,0
CONT_s9_dynamic_Valkaama,1789300311.067,0.1013,0,0,0,0,0,0
CONT_s9_dynamic_Valkaama,1789300311.169,0.1015,0,0,0,0,0,0
CONT_s9_dynamic_Valkaama,1789300311.27,0.1015,0,0,0,0,0,0
CONT_s9_dynamic_Valkaama,1789300311.372,0.1013,0,0,0,0,0,0
CONT_s9_dynamic_Valkaama,1789300311.473,0.1013,0,0,0,0,0,0
CONT_s9_dynamic_Valkaama,1789300311.574,0.1014,0,0,0,0,0,0
CONT_s9_dynamic_Valkaama,1789300311.676,0.1015,0,0,0,0,0,0
CONT_s9_dynamic_Valkaama,1789300311.777,0.1015,0,0,0,0,0,0
CONT_s9_dynamic_Valkaama,1789300311.879,0.1013,0,0,0,0,0,0
CONT_s9_dynamic_Valkaama,1789300311.98,0.1013,0,0,0,0,0,0
CONT_s9_dynamic_Valkaama,1789300312.081,0.1013,0,0,0,0,0,0
CONT_s9_dynamic_Valkaama,1789300312.183,0.1015,0,0,0,0,0,0
CONT_s9_dynamic_Valkaama,1789300312.284,0.1015,0,0,0,0,0,0
CONT_s9_dynamic_Valkaama,1789300312.385,0.1013,0,0,0,0,0,0
CONT_s9_dynamic_Valkaama,1789300312.487,0.1013,0,0,0,0,0,0
CONT_s9_dynamic_Valkaama,1789300312.588,0.1012,0,0,0,0,0,0
CONT_s9_dynamic_Valkaama,1789300312.69,0.1016,0,0,0,0,0,0
CONT_s9_dynamic_Valkaama,1789300312.791,0.1015,0,0,0,0,0,0
CONT_s9_dynamic_Valkaama,1789300312.892,0.1013,0,0,0,0,0,0
CONT_s9_dynamic_Valkaama,1789300312.994,0.1013,0,0,0,0,0,0
CONT_s9_dynamic_Valkaama,1789300313.095,0.1013,0,0,0,0,0,0
CONT_s9_dynamic_Valkaama,1789300313.197,0.1016,0,0,0,0,0,0
CONT_s9_dynamic_Valkaama,1789300313.298,0.1015,0,0,0,0,0,0
CONT_s9_dynamic_Valkaama,1789300313.4,0.1014,0,0,0,0,0,0
CONT_s9_dynamic_Valkaama,1789300313.501,0.1014,0,0,0,0,0,0
CONT_s9_dynamic_Valkaama,1789300313.602,0.1013,0,0,0,0,0,0
CONT_s9_dynamic_Valkaama,1789300313.704,0.1015,0,0,0,0,0,0
CONT_s9_dynamic_Valkaama,1789300313.805,0.1015,0,0,0,0,0,0
CONT_s9_dynamic_Valkaama,1789300313.906,0.1013,0,0,0,0,0,0
CONT_s9_dynamic_Valkaama,1789300314.008,0.1015,0,0,0,0,0,0
CONT_s9_dynamic_Valkaama,1789300314.109,0.1013,0,0,0,0,0,0
CONT_s9_dynamic_Valkaama,1789300314.211,0.1016,0,0,0,0,0,0
CONT_s9_dynamic_Valkaama,1789300314.312,0.1016,0,0,0,0,0,0
CONT_s9_dynamic_Valkaama,1789300314.414,0.1013,0,0,0,0,0,0
CONT_s9_dynamic_Valkaama,1789300314.515,0.1013,0,0,0,0,0,0
CONT_s9_dynamic_Valkaama,1789300314.616,0.1013,0,0,0,0,0,0
CONT_s9_dynamic_Valkaama,1789300314.718,0.1015,0,0,0,0,0,0
CONT_s9_dynamic_Valkaama,1789300314.819,0.1015,0,0,0,0,0,0
CONT_s9_dynamic_Valkaama,1789300314.921,0.1012,0,0,0,0,0,0
CONT_s9_dynamic_Valkaama,1789300315.022,0.1013,0,0,0,0,0,0
CONT_s9_dynamic_Valkaama,1789300315.123,0.1013,0,0,0,0,0,0
CONT_s9_dynamic_Valkaama,1789300315.225,0.1015,0,0,0,0,0,0
CONT_s9_dynamic_Valkaama,1789300315.326,0.1015,0,0,0,0,0,0
CONT_s9_dynamic_Valkaama,1789300315.428,0.1013,0,0,0,0,0,0
CONT_s9_dynamic_Valkaama,1789300315.529,0.1014,0,0,0,0,0,0
CONT_s9_dynamic_Valkaama,1789300315.632,0.1025,0,0,0,0,0,0
CONT_s9_dynamic_Valkaama,1789300315.733,0.1015,0,0,0,0,0,0
CONT_s9_dynamic_Valkaama,1789300315.835,0.1016,0,0,0,0,0,0
CONT_s9_dynamic_Valkaama,1789300315.936,0.1013,0,0,0,0,0,0
CONT_s9_dynamic_Valkaama,1789300316.037,0.1014,0,0,0,0,0,0
CONT_s9_dynamic_Valkaama,1789300316.139,0.1015,0,0,0,0,0,0
CONT_s9_dynamic_Valkaama,1789300316.242,0.1032,0,0,0,0,0,0
CONT_s9_dynamic_Valkaama,1789300316.344,0.1015,0,0,0,0,0,0
CONT_s9_dynamic_Valkaama,1789300316.445,0.1014,0,0,0,0,0,0
CONT_s9_dynamic_Valkaama,1789300316.546,0.1014,0,0,0,0,0,0
CONT_s9_dynamic_Valkaama,1789300316.648,0.1016,0,0,0,0,0,0
CONT_s9_dynamic_Valkaama,1789300316.751,0.1025,0,0,0,0,0,0
CONT_s9_dynamic_Valkaama,1789300316.852,0.1013,0,0,0,0,0,0
CONT_s9_dynamic_Valkaama,1789300316.953,0.1014,0,0,0,0,0,0
CONT_s9_dynamic_Valkaama,1789300317.055,0.1014,0,0,0,0,0,0
CONT_s9_dynamic_Valkaama,1789300317.156,0.1016,0,0,0,0,0,0
CONT_s9_dynamic_Valkaama,1789300317.258,0.1015,0,0,0,0,0,0
CONT_s9_dynamic_Valkaama,1789300317.359,0.1015,0,0,0,0,0,0
CONT_s9_dynamic_Valkaama,1789300317.461,0.1014,0,0,0,0,0,0
CONT_s9_dynamic_Valkaama,1789300317.562,0.1014,0,0,0,0,0,0
CONT_s9_dynamic_Valkaama,1789300317.664,0.1016,0,0,0,0,0,0
CONT_s9_dynamic_Valkaama,1789300317.765,0.1015,0,0,0,0,0,0
CONT_s9_dynamic_Valkaama,1789300317.867,0.1015,0,0,0,0,0,0
CONT_s9_dynamic_Valkaama,1789300317.968,0.1014,0,0,0,0,0,0
CONT_s9_dynamic_Valkaama,1789300318.069,0.1014,0,0,0,0,0,0
CONT_s9_dynamic_Valkaama,1789300318.171,0.1016,0,0,0,0,0,0
CONT_s9_dynamic_Valkaama,1789300318.273,0.1016,0,0,0,0,0,0
CONT_s9_dynamic_Valkaama,1789300318.374,0.1013,0,0,0,0,0,0
CONT_s9_dynamic_Valkaama,1789300318.475,0.1014,0,0,0,0,0,0
CONT_s9_dynamic_Valkaama,1789300318.577,0.1015,0,0,0,0,0,0
CONT_s9_dynamic_Valkaama,1789300318.678,0.1015,0,0,0,0,0,0
CONT_s9_dynamic_Valkaama,1789300318.78,0.1015,0,0,0,0,0,0
CONT_s9_dynamic_Valkaama,1789300318.881,0.1013,0,0,0,0,0,0
CONT_s9_dynamic_Valkaama,1789300318.983,0.1014,0,0,0,0,0,0
CONT_s9_dynamic_Valkaama,1789300319.084,0.1014,0,0,0,0,0,0
CONT_s9_dynamic_Valkaama,1789300319.186,0.1022,0,0,0,0,0,0
CONT_s9_dynamic_Valkaama,1789300319.288,0.1015,0,0,0,0,0,0
CONT_s9_dynamic_Valkaama,1789300319.389,0.1013,0,0,0,0,0,0
CONT_s9_dynamic_Valkaama,1789300319.49,0.1014,0,0,0,0,0,0
CONT_s9_dynamic_Valkaama,1789300319.592,0.1014,0,0,0,0,0,0
CONT_s9_dynamic_Valkaama,1789300319.693,0.1016,0,0,0,0,0,0
CONT_s9_dynamic_Valkaama,1789300319.795,0.1015,0,0,0,0,0,0
CONT_s9_dynamic_Valkaama,1789300319.896,0.1013,0,0,0,0,0,0
CONT_s9_dynamic_Valkaama,1789300319.998,0.1014,0,0,0,0,0,0
CONT_s9_dynamic_Valkaama,1789300320.099,0.1014,0,0,0,0,0,0
CONT_s9_dynamic_Valkaama,1789300320.2,0.1015,0,0,0,0,0,0
CONT_s9_dynamic_Valkaama,1789300320.302,0.1015,0,0,0,0,0,0
CONT_s9_dynamic_Valkaama,1789300320.403,0.1013,0,0,0,0,0,0
CONT_s9_dynamic_Valkaama,1789300320.505,0.1013,0,0,0,0,0,0
CONT_s9_dynamic_Valkaama,1789300320.606,0.1014,0,0,0,0,0,0
CONT_s9_dynamic_Valkaama,1789300320.707,0.1015,0,0,0,0,0,0
CONT_s9_dynamic_Valkaama,1789300320.809,0.1015,0,0,0,0,0,0
CONT_s9_dynamic_Valkaama,1789300320.911,0.1016,0,0,0,0,0,0
CONT_s9_dynamic_Valkaama,1789300321.012,0.1014,0,0,0,0,0,0
CONT_s9_dynamic_Valkaama,1789300321.113,0.1014,0,0,0,0,0,0
CONT_s9_dynamic_Valkaama,1789300321.215,0.1015,0,0,0,0,0,0
CONT_s9_dynamic_Valkaama,1789300321.316,0.1015,0,0,0,0,0,0
CONT_s9_dynamic_Valkaama,1789300321.418,0.1013,0,0,0,0,0,0
CONT_s9_dynamic_Valkaama,1789300321.519,0.1013,0,0,0,0,0,0
CONT_s9_dynamic_Valkaama,1789300321.62,0.1014,0,0,0,0,0,0
CONT_s9_dynamic_Valkaama,1789300321.722,0.1015,0,0,0,0,0,0
CONT_s9_dynamic_Valkaama,1789300321.823,0.1015,0,0,0,0,0,0
CONT_s9_dynamic_Valkaama,1789300321.925,0.1013,0,0,0,0,0,0
CONT_s9_dynamic_Valkaama,1789300322.026,0.1014,0,0,0,0,0,0
CONT_s9_dynamic_Valkaama,1789300322.127,0.1013,0,0,0,0,0,0
CONT_s9_dynamic_Valkaama,1789300322.229,0.1015,0,0,0,0,0,0
CONT_s9_dynamic_Valkaama,1789300322.33,0.1015,0,0,0,0,0,0
CONT_s9_dynamic_Valkaama,1789300322.432,0.1016,0,0,0,0,0,0
CONT_s9_dynamic_Valkaama,1789300322.534,0.1016,0,0,0,0,0,0
CONT_s9_dynamic_Valkaama,1789300322.635,0.1015,0,0,0,0,0,0
CONT_s9_dynamic_Valkaama,1789300322.737,0.1022,0,0,0,0,0,0
CONT_s9_dynamic_Valkaama,1789300322.839,0.1015,0,0,0,0,0,0
CONT_s9_dynamic_Valkaama,1789300322.94,0.1013,0,0,0,0,0,0
CONT_s9_dynamic_Valkaama,1789300323.041,0.1014,0,0,0,0,0,0
CONT_s9_dynamic_Valkaama,1789300323.143,0.1015,0,0,0,0,0,0
CONT_s9_dynamic_Valkaama,1789300323.246,0.1027,0,0,0,0,0,0
CONT_s9_dynamic_Valkaama,1789300323.347,0.1015,0,0,0,0,0,0
CONT_s9_dynamic_Valkaama,1789300323.448,0.1013,0,0,0,0,0,0
CONT_s9_dynamic_Valkaama,1789300323.55,0.1013,0,0,0,0,0,0
CONT_s9_dynamic_Valkaama,1789300323.651,0.1016,0,0,0,0,0,0
CONT_s9_dynamic_Valkaama,1789300323.754,0.1022,0,0,0,0,0,0
CONT_s9_dynamic_Valkaama,1789300323.855,0.1013,0,0,0,0,0,0
CONT_s9_dynamic_Valkaama,1789300323.956,0.1013,0,0,0,0,0,0
CONT_s9_dynamic_Valkaama,1789300324.057,0.1013,0,0,0,0,0,0
CONT_s9_dynamic_Valkaama,1789300324.159,0.1015,0,0,0,0,0,0
CONT_s9_dynamic_Valkaama,1789300324.26,0.1015,0,0,0,0,0,0
CONT_s9_dynamic_Valkaama,1789300324.362,0.1013,0,0,0,0,0,0
CONT_s9_dynamic_Valkaama,1789300324.463,0.1014,0,0,0,0,0,0
CONT_s9_dynamic_Valkaama,1789300324.565,0.1013,0,0,0,0,0,0
CONT_s9_dynamic_Valkaama,1789300324.666,0.1016,0,0,0,0,0,0
CONT_s9_dynamic_Valkaama,1789300324.768,0.1016,0,0,0,0,0,0
CONT_s9_dynamic_Valkaama,1789300324.869,0.1013,0,0,0,0,0,0
CONT_s9_dynamic_Valkaama,1789300324.97,0.1013,0,0,0,0,0,0
CONT_s9_dynamic_Valkaama,1789300325.072,0.1013,0,0,0,0,0,0
CONT_s9_dynamic_Valkaama,1789300325.173,0.1015,0,0,0,0,0,0
CONT_s9_dynamic_Valkaama,1789300325.275,0.1015,0,0,0,0,0,0
CONT_s9_dynamic_Valkaama,1789300325.376,0.1013,0,0,0,0,0,0
CONT_s9_dynamic_Valkaama,1789300325.477,0.1013,0,0,0,0,0,0
CONT_s9_dynamic_Valkaama,1789300325.579,0.1014,0,0,0,0,0,0
CONT_s9_dynamic_Valkaama,1789300325.68,0.1016,0,0,0,0,0,0
CONT_s9_dynamic_Valkaama,1789300325.782,0.1015,0,0,0,0,0,0
CONT_s9_dynamic_Valkaama,1789300325.883,0.1013,0,0,0,0,0,0
CONT_s9_dynamic_Valkaama,1789300325.984,0.1013,0,0,0,0,0,0
CONT_s9_dynamic_Valkaama,1789300326.086,0.1014,0,0,0,0,0,0
CONT_s9_dynamic_Valkaama,1789300326.187,0.1015,0,0,0,0,0,0
CONT_s9_dynamic_Valkaama,1789300326.289,0.1015,0,0,0,0,0,0
CONT_s9_dynamic_Valkaama,1789300326.39,0.1013,0,0,0,0,0,0
CONT_s9_dynamic_Valkaama,1789300326.492,0.1015,0,0,0,0,0,0
CONT_s9_dynamic_Valkaama,1789300326.593,0.1013,0,0,0,0,0,0
CONT_s9_dynamic_Valkaama,1789300326.694,0.1015,0,0,0,0,0,0
CONT_s9_dynamic_Valkaama,1789300326.796,0.1015,0,0,0,0,0,0
CONT_s9_dynamic_Valkaama,1789300326.897,0.1013,0,0,0,0,0,0
CONT_s9_dynamic_Valkaama,1789300326.999,0.1014,0,0,0,0,0,0
CONT_s9_dynamic_Valkaama,1789300327.1,0.1013,0,0,0,0,0,0
CONT_s9_dynamic_Valkaama,1789300327.201,0.1015,0,0,0,0,0,0
CONT_s9_dynamic_Valkaama,1789300327.303,0.1015,0,0,0,0,0,0
CONT_s9_dynamic_Valkaama,1789300327.404,0.1013,0,0,0,0,0,0
CONT_s9_dynamic_Valkaama,1789300327.505,0.1013,0,0,0,0,0,0
CONT_s9_dynamic_Valkaama,1789300327.607,0.1013,0,0,0,0,0,0
CONT_s9_dynamic_Valkaama,1789300327.708,0.1015,0,0,0,0,0,0
CONT_s9_dynamic_Valkaama,1789300327.81,0.1015,0,0,0,0,0,0
CONT_s9_dynamic_Valkaama,1789300327.911,0.1013,0,0,0,0,0,0
CONT_s9_dynamic_Valkaama,1789300328.012,0.1014,0,0,0,0,0,0
CONT_s9_dynamic_Valkaama,1789300328.114,0.1013,0,0,0,0,0,0
CONT_s9_dynamic_Valkaama,1789300328.215,0.1015,0,0,0,0,0,0
CONT_s9_dynamic_Valkaama,1789300328.317,0.1015,0,0,0,0,0,0
CONT_s9_dynamic_Valkaama,1789300328.418,0.1012,0,0,0,0,0,0
CONT_s9_dynamic_Valkaama,1789300328.519,0.1014,0,0,0,0,0,0
CONT_s9_dynamic_Valkaama,1789300328.621,0.1013,0,0,0,0,0,0
CONT_s9_dynamic_Valkaama,1789300328.722,0.1015,0,0,0,0,0,0
CONT_s9_dynamic_Valkaama,1789300328.824,0.1016,0,0,0,0,0,0
CONT_s9_dynamic_Valkaama,1789300328.925,0.1013,0,0,0,0,0,0
CONT_s9_dynamic_Valkaama,1789300329.027,0.1015,0,0,0,0,0,0
CONT_s9_dynamic_Valkaama,1789300329.128,0.1016,0,0,0,0,0,0
CONT_s9_dynamic_Valkaama,1789300329.23,0.1015,0,0,0,0,0,0
CONT_s9_dynamic_Valkaama,1789300329.331,0.1015,0,0,0,0,0,0
CONT_s9_dynamic_Valkaama,1789300329.432,0.1013,0,0,0,0,0,0
CONT_s9_dynamic_Valkaama,1789300329.534,0.1014,0,0,0,0,0,0
CONT_s9_dynamic_Valkaama,1789300329.636,0.1017,0,0,0,0,0,0
CONT_s9_dynamic_Valkaama,1789300329.737,0.1015,0,0,0,0,0,0
CONT_s9_dynamic_Valkaama,1789300329.839,0.1015,0,0,0,0,0,0
CONT_s9_dynamic_Valkaama,1789300329.94,0.1013,0,0,0,0,0,0
CONT_s9_dynamic_Valkaama,1789300330.041,0.1014,0,0,0,0,0,0
CONT_s9_dynamic_Valkaama,1789300330.143,0.1015,0,0,0,0,0,0
CONT_s9_dynamic_Valkaama,1789300330.245,0.1022,0,0,0,0,0,0
CONT_s9_dynamic_Valkaama,1789300330.346,0.1015,0,0,0,0,0,0
CONT_s9_dynamic_Valkaama,1789300330.448,0.1013,0,0,0,0,0,0
CONT_s9_dynamic_Valkaama,1789300330.549,0.1014,0,0,0,0,0,0
CONT_s9_dynamic_Valkaama,1789300330.651,0.1016,0,0,0,0,0,0
CONT_s9_dynamic_Valkaama,1789300330.753,0.1023,0,0,0,0,0,0
CONT_s9_dynamic_Valkaama,1789300330.854,0.1014,0,0,0,0,0,0
CONT_s9_dynamic_Valkaama,1789300330.956,0.1013,0,0,0,0,0,0
CONT_s9_dynamic_Valkaama,1789300331.057,0.1017,0,0,0,0,0,0
CONT_s9_dynamic_Valkaama,1789300331.159,0.1015,0,0,0,0,0,0
CONT_s9_dynamic_Valkaama,1789300331.26,0.1015,0,0,0,0,0,0
CONT_s9_dynamic_Valkaama,1789300331.362,0.1013,0,0,0,0,0,0
CONT_s9_dynamic_Valkaama,1789300331.463,0.1013,0,0,0,0,0,0
CONT_s9_dynamic_Valkaama,1789300331.564,0.1013,0,0,0,0,0,0
CONT_s9_dynamic_Valkaama,1789300331.666,0.1016,0,0,0,0,0,0
CONT_s9_dynamic_Valkaama,1789300331.768,0.1015,0,0,0,0,0,0
CONT_s9_dynamic_Valkaama,1789300331.869,0.1013,0,0,0,0,0,0
CONT_s9_dynamic_Valkaama,1789300331.97,0.1013,0,0,0,0,0,0
CONT_s9_dynamic_Valkaama,1789300332.071,0.1014,0,0,0,0,0,0
CONT_s9_dynamic_Valkaama,1789300332.173,0.1015,0,0,0,0,0,0
CONT_s9_dynamic_Valkaama,1789300332.274,0.1015,0,0,0,0,0,0
CONT_s9_dynamic_Valkaama,1789300332.376,0.1013,0,0,0,0,0,0
CONT_s9_dynamic_Valkaama,1789300332.477,0.1013,0,0,0,0,0,0
CONT_s9_dynamic_Valkaama,1789300332.578,0.1013,0,0,0,0,0,0
CONT_s9_dynamic_Valkaama,1789300332.68,0.1015,0,0,0,0,0,0
CONT_s9_dynamic_Valkaama,1789300332.781,0.1015,0,0,0,0,0,0
CONT_s9_dynamic_Valkaama,1789300332.883,0.1013,0,0,0,0,0,0
CONT_s9_dynamic_Valkaama,1789300332.984,0.1013,0,0,0,0,0,0
CONT_s9_dynamic_Valkaama,1789300333.085,0.1014,0,0,0,0,0,0
CONT_s9_dynamic_Valkaama,1789300333.187,0.1015,0,0,0,0,0,0
CONT_s9_dynamic_Valkaama,1789300333.288,0.1015,0,0,0,0,0,0
CONT_s9_dynamic_Valkaama,1789300333.39,0.1013,0,0,0,0,0,0
CONT_s9_dynamic_Valkaama,1789300333.491,0.1013,0,0,0,0,0,0
CONT_s9_dynamic_Valkaama,1789300333.592,0.1013,0,0,0,0,0,0
CONT_s9_dynamic_Valkaama,1789300333.694,0.1015,0,0,0,0,0,0
CONT_s9_dynamic_Valkaama,1789300333.795,0.1015,0,0,0,0,0,0
CONT_s9_dynamic_Valkaama,1789300333.896,0.1013,0,0,0,0,0,0
CONT_s9_dynamic_Valkaama,1789300333.998,0.1013,0,0,0,0,0,0
CONT_s9_dynamic_Valkaama,1789300334.099,0.1014,0,0,0,0,0,0
CONT_s9_dynamic_Valkaama,1789300334.201,0.1015,0,0,0,0,0,0
CONT_s9_dynamic_Valkaama,1789300334.302,0.1015,0,0,0,0,0,0
CONT_s9_dynamic_Valkaama,1789300334.404,0.1013,0,0,0,0,0,0
CONT_s9_dynamic_Valkaama,1789300334.505,0.1013,0,0,0,0,0,0
CONT_s9_dynamic_Valkaama,1789300334.606,0.1014,0,0,0,0,0,0
CONT_s9_dynamic_Valkaama,1789300334.708,0.1015,0,0,0,0,0,0
CONT_s9_dynamic_Valkaama,1789300334.809,0.1015,0,0,0,0,0,0
CONT_s9_dynamic_Valkaama,1789300334.911,0.1013,0,0,0,0,0,0
CONT_s9_dynamic_Valkaama,1789300335.012,0.1015,0,0,0,0,0,0
CONT_s9_dynamic_Valkaama,1789300335.113,0.1013,0,0,0,0,0,0
CONT_s9_dynamic_Valkaama,1789300335.215,0.1015,0,0,0,0,0,0
CONT_s9_dynamic_Valkaama,1789300335.316,0.1016,0,0,0,0,0,0
CONT_s9_dynamic_Valkaama,1789300335.418,0.1014,0,0,0,0,0,0
CONT_s9_dynamic_Valkaama,1789300335.519,0.1013,0,0,0,0,0,0
CONT_s9_dynamic_Valkaama,1789300335.62,0.1013,0,0,0,0,0,0
CONT_s9_dynamic_Valkaama,1789300335.722,0.1015,0,0,0,0,0,0
CONT_s9_dynamic_Valkaama,1789300335.823,0.1015,0,0,0,0,0,0
CONT_s9_dynamic_Valkaama,1789300335.925,0.1013,0,0,0,0,0,0
CONT_s9_dynamic_Valkaama,1789300336.026,0.1013,0,0,0,0,0,0
CONT_s9_dynamic_Valkaama,1789300336.127,0.1013,0,0,0,0,0,0
CONT_s9_dynamic_Valkaama,1789300336.229,0.1015,0,0,0,0,0,0
CONT_s9_dynamic_Valkaama,1789300336.33,0.1015,0,0,0,0,0,0
CONT_s9_dynamic_Valkaama,1789300336.432,0.1013,0,0,0,0,0,0
CONT_s9_dynamic_Valkaama,1789300336.533,0.1013,0,0,0,0,0,0
CONT_s9_dynamic_Valkaama,1789300336.634,0.1015,0,0,0,0,0,0
CONT_s9_dynamic_Valkaama,1789300336.736,0.1017,0,0,0,0,0,0
CONT_s9_dynamic_Valkaama,1789300336.838,0.1015,0,0,0,0,0,0
CONT_s9_dynamic_Valkaama,1789300336.939,0.1014,0,0,0,0,0,0
CONT_s9_dynamic_Valkaama,1789300337.04,0.1013,0,0,0,0,0,0
CONT_s9_dynamic_Valkaama,1789300337.142,0.1015,0,0,0,0,0,0
CONT_s9_dynamic_Valkaama,1789300337.244,0.1024,0,0,0,0,0,0
CONT_s9_dynamic_Valkaama,1789300337.346,0.1016,0,0,0,0,0,0
CONT_s9_dynamic_Valkaama,1789300337.447,0.1014,0,0,0,0,0,0
CONT_s9_dynamic_Valkaama,1789300337.549,0.1014,0,0,0,0,0,0
CONT_s9_dynamic_Valkaama,1789300337.65,0.1015,0,0,0,0,0,0
CONT_s9_dynamic_Valkaama,1789300337.752,0.1015,0,0,0,0,0,0
CONT_s9_dynamic_Valkaama,1789300337.853,0.1013,0,0,0,0,0,0
CONT_s9_dynamic_Valkaama,1789300337.954,0.1013,0,0,0,0,0,0
CONT_s9_dynamic_Valkaama,1789300338.056,0.1013,0,0,0,0,0,0
CONT_s9_dynamic_Valkaama,1789300338.157,0.1016,0,0,0,0,0,0
CONT_s9_dynamic_Valkaama,1789300338.259,0.1016,0,0,0,0,0,0
CONT_s9_dynamic_Valkaama,1789300338.363,0.1044,0,0,0,0,0,0
CONT_s9_dynamic_Valkaama,1789300338.465,0.1016,0,0,0,0,0,0
CONT_s9_dynamic_Valkaama,1789300338.566,0.1016,0,0,0,0,0,0
CONT_s9_dynamic_Valkaama,1789300338.668,0.1015,0,0,0,0,0,0
CONT_s9_dynamic_Valkaama,1789300338.769,0.1015,0,0,0,0,0,0
CONT_s9_dynamic_Valkaama,1789300338.871,0.1016,0,0,0,0,0,0
CONT_s9_dynamic_Valkaama,1789300338.972,0.1015,0,0,0,0,0,0
CONT_s9_dynamic_Valkaama,1789300339.074,0.1014,0,0,0,0,0,0
CONT_s9_dynamic_Valkaama,1789300339.175,0.1015,0,0,0,0,0,0
CONT_s9_dynamic_Valkaama,1789300339.277,0.1016,0,0,0,0,0,0
CONT_s9_dynamic_Valkaama,1789300339.378,0.1013,0,0,0,0,0,0
CONT_s9_dynamic_Valkaama,1789300339.479,0.1013,1243,12,0,1351455.0,288861.0,4
CONT_s9_dynamic_Valkaama,1789300339.581,0.1018,21481,20,0,4833616.0,21996265.8,2
CONT_s9_dynamic_Valkaama,1789300339.683,0.1019,15112,12,0,9919944.2,868642.0,3
CONT_s9_dynamic_Valkaama,1789300339.785,0.102,9483,11,0,11160841.6,110369301.7,4
CONT_s9_dynamic_Valkaama,1789300339.887,0.1019,18156,15,0,16346694.3,160881263.7,3
CONT_s9_dynamic_Valkaama,1789300339.989,0.1019,10552,8,0,18235590.6,138772381.6,2
CONT_s9_dynamic_Valkaama,1789300340.091,0.1019,18156,15,0,19573886.6,108755810.6,2
CONT_s9_dynamic_Valkaama,1789300340.193,0.1021,9104,8,0,20076851.8,114244309.4,2
CONT_s9_dynamic_Valkaama,1789300340.295,0.1021,16656,14,0,20584019.2,117833077.3,2
CONT_s9_dynamic_Valkaama,1789300340.397,0.1019,9104,8,0,20715765.8,125324866.2,2
CONT_s9_dynamic_Valkaama,1789300340.499,0.1019,16656,14,0,21137862.6,126038087.3,2
CONT_s9_dynamic_Valkaama,1789300340.601,0.1019,15104,12,0,20971053.3,131932351.9,2
CONT_s9_dynamic_Valkaama,1789300340.703,0.1021,10604,9,0,27975204.4,136924046.6,4
CONT_s9_dynamic_Valkaama,1789300340.805,0.1021,12104,10,0,41230683.6,139747769.0,4
CONT_s9_dynamic_Valkaama,1789300340.907,0.1019,9052,7,0,22728364.9,160604808.0,2
CONT_s9_dynamic_Valkaama,1789300341.009,0.1019,18912,16,0,30938080.6,151543594.2,4
CONT_s9_dynamic_Valkaama,1789300341.111,0.102,9052,7,0,21083341.6,143619853.6,2
CONT_s9_dynamic_Valkaama,1789300341.213,0.1024,18104,14,0,20167358.7,138056172.0,2
CONT_s9_dynamic_Valkaama,1789300341.315,0.1021,9052,7,0,19861090.9,137976772.5,2
CONT_s9_dynamic_Valkaama,1789300341.417,0.1019,16604,13,0,19670704.0,126404717.6,2
CONT_s9_dynamic_Valkaama,1789300341.519,0.1019,9052,7,0,19522707.7,138062232.4,2
CONT_s9_dynamic_Valkaama,1789300341.621,0.102,19656,16,0,19571036.9,126222281.6,2
CONT_s9_dynamic_Valkaama,1789300341.723,0.1021,9052,7,0,19916745.4,149581886.3,2
CONT_s9_dynamic_Valkaama,1789300341.825,0.102,10604,9,0,19848153.0,149019507.3,2
CONT_s9_dynamic_Valkaama,1789300341.927,0.1019,21156,17,0,20548345.8,160940170.9,2
CONT_s9_dynamic_Valkaama,1789300342.029,0.1022,10552,8,0,20464821.6,161422014.2,2
CONT_s9_dynamic_Valkaama,1789300342.134,0.1042,10604,9,0,20850184.8,160544597.0,2
CONT_s9_dynamic_Valkaama,1789300342.236,0.102,18104,14,0,20839828.3,166772305.4,2
CONT_s9_dynamic_Valkaama,1789300342.338,0.102,13656,12,0,21386585.5,125852607.9,2
CONT_s9_dynamic_Valkaama,1789300342.44,0.1019,12104,10,0,21258698.2,114628688.2,2
CONT_s9_dynamic_Valkaama,1789300342.542,0.102,10604,9,0,21487033.6,120206682.8,2
CONT_s9_dynamic_Valkaama,1789300342.644,0.1022,9164,9,0,19152965.6,125634303.8,3
CONT_s9_dynamic_Valkaama,1789300342.748,0.1044,18707,18,0,18722887.5,134284447.0,4
CONT_s9_dynamic_Valkaama,1789300342.85,0.1023,16708,15,0,20214737.2,133397319.1,4
CONT_s9_dynamic_Valkaama,1789300342.952,0.1021,11856,12,0,23122910.8,87129295.4,4
CONT_s9_dynamic_Valkaama,1789300343.055,0.1021,10909,10,0,24262425.0,112058677.4,4
CONT_s9_dynamic_Valkaama,1789300343.157,0.1023,16708,15,0,27348229.7,128953870.5,4
CONT_s9_dynamic_Valkaama,1789300343.259,0.1023,13656,12,0,28805757.2,159822669.2,4
CONT_s9_dynamic_Valkaama,1789300343.361,0.1021,7604,7,0,33006686.9,168985899.7,4
CONT_s9_dynamic_Valkaama,1789300343.463,0.1022,18208,16,0,35944073.5,163999244.5,4
CONT_s9_dynamic_Valkaama,1789300343.566,0.1021,15208,14,0,38816920.3,158803879.0,4
CONT_s9_dynamic_Valkaama,1789300343.668,0.1023,12208,12,0,41503364.8,130841286.7,4
CONT_s9_dynamic_Valkaama,1789300343.77,0.1023,14891,15,0,36639638.7,129558168.0,4
CONT_s9_dynamic_Valkaama,1789300343.872,0.1021,9395,9,0,34783247.6,99144289.8,4
CONT_s9_dynamic_Valkaama,1789300343.974,0.1021,16708,15,0,39121327.2,118274718.9,4
CONT_s9_dynamic_Valkaama,1789300344.076,0.1021,15208,14,0,40574280.3,157639338.7,4
CONT_s9_dynamic_Valkaama,1789300344.179,0.1023,7604,7,0,31284608.4,148466375.4,2
CONT_s9_dynamic_Valkaama,1789300344.281,0.1023,18208,16,0,43492779.1,185204463.1,4
CONT_s9_dynamic_Valkaama,1789300344.383,0.102,13656,12,0,39405533.2,190974204.0,4
CONT_s9_dynamic_Valkaama,1789300344.485,0.1021,10656,10,0,42338627.0,166395087.9,4
CONT_s9_dynamic_Valkaama,1789300344.587,0.1021,16656,14,0,49439320.1,179029492.7,4
CONT_s9_dynamic_Valkaama,1789300344.689,0.1024,10708,11,0,50950774.8,147674483.1,4
CONT_s9_dynamic_Valkaama,1789300344.792,0.1023,13708,13,0,41027234.6,143185453.6,4
CONT_s9_dynamic_Valkaama,1789300344.894,0.1021,15208,14,0,39825031.6,139208683.2,4
CONT_s9_dynamic_Valkaama,1789300344.996,0.1022,12208,12,0,76915030.5,174502444.7,5
CONT_s9_dynamic_Valkaama,1789300345.098,0.1021,13812,15,0,102957518.1,175185568.1,6
CONT_s9_dynamic_Valkaama,1789300345.2,0.1023,12156,11,0,52113356.7,166033759.6,4
CONT_s9_dynamic_Valkaama,1789300345.303,0.1022,15156,13,0,31819628.1,172115631.4,2
CONT_s9_dynamic_Valkaama,1789300345.405,0.1021,9156,9,0,58945215.9,201409694.4,4
CONT_s9_dynamic_Valkaama,1789300345.507,0.1022,18156,15,0,43960543.0,187369301.2,4
CONT_s9_dynamic_Valkaama,1789300345.609,0.1021,10708,11,0,48410714.3,161279544.6,4
CONT_s9_dynamic_Valkaama,1789300345.711,0.1024,13708,13,0,41119437.6,125147316.5,4
CONT_s9_dynamic_Valkaama,1789300345.814,0.1023,13708,13,0,50441299.6,151128497.2,4
CONT_s9_dynamic_Valkaama,1789300345.916,0.1021,13708,13,0,51492316.4,164601715.8,4
CONT_s9_dynamic_Valkaama,1789300346.018,0.1021,12156,11,0,52483219.7,165525434.1,4
CONT_s9_dynamic_Valkaama,1789300346.12,0.1022,13704,13,0,29657000.8,163810235.7,3
CONT_s9_dynamic_Valkaama,1789300346.222,0.1024,15489,16,0,49903464.1,186876148.3,5
CONT_s9_dynamic_Valkaama,1789300346.325,0.1024,12260,13,0,35397390.5,91167309.8,4
CONT_s9_dynamic_Valkaama,1789300346.427,0.1022,15260,15,0,42579179.1,122968696.0,4
CONT_s9_dynamic_Valkaama,1789300346.53,0.1032,12208,12,0,39816219.8,136411553.4,4
CONT_s9_dynamic_Valkaama,1789300346.633,0.1033,12208,12,0,41080014.7,136497552.6,4
CONT_s9_dynamic_Valkaama,1789300346.736,0.1024,16259,18,0,38705153.4,110068811.9,4
CONT_s9_dynamic_Valkaama,1789300346.838,0.1024,12208,12,0,39757915.8,74805799.6,4
CONT_s9_dynamic_Valkaama,1789300346.941,0.1022,15260,15,0,40993946.7,124713355.5,4
CONT_s9_dynamic_Valkaama,1789300347.043,0.1023,12208,12,0,43352996.8,136294913.4,4
CONT_s9_dynamic_Valkaama,1789300347.145,0.1025,12208,12,0,43945734.2,136442392.9,4
CONT_s9_dynamic_Valkaama,1789300347.249,0.1033,15260,15,0,42762275.4,131868985.4,4
CONT_s9_dynamic_Valkaama,1789300347.351,0.1024,12208,12,0,44064393.8,136467490.1,4
CONT_s9_dynamic_Valkaama,1789300347.453,0.1023,15260,15,0,46140753.4,141015384.2,4
CONT_s9_dynamic_Valkaama,1789300347.555,0.1022,12208,12,0,45482722.3,136247953.6,4
CONT_s9_dynamic_Valkaama,1789300347.658,0.1024,12208,12,0,45688196.8,136510893.4,4
CONT_s9_dynamic_Valkaama,1789300347.76,0.1025,15260,15,0,45207990.3,131733536.4,4
CONT_s9_dynamic_Valkaama,1789300347.863,0.1022,12208,12,0,44918032.2,136407712.8,4
CONT_s9_dynamic_Valkaama,1789300347.965,0.1023,15260,15,0,45975802.3,140969517.8,4
CONT_s9_dynamic_Valkaama,1789300348.067,0.1022,11648,13,0,45251976.2,127563975.0,4
CONT_s9_dynamic_Valkaama,1789300348.17,0.1024,15260,15,0,44256424.3,99590717.0,4
CONT_s9_dynamic_Valkaama,1789300348.272,0.1024,12208,12,0,44640988.2,125130792.8,4
CONT_s9_dynamic_Valkaama,1789300348.374,0.1022,15260,15,0,46160130.9,140860611.3,4
CONT_s9_dynamic_Valkaama,1789300348.476,0.1022,12208,12,0,45928243.2,136255182.0,4
CONT_s9_dynamic_Valkaama,1789300348.579,0.1023,12208,12,0,46011350.0,136465792.7,4
CONT_s9_dynamic_Valkaama,1789300348.681,0.1025,15260,15,0,45189345.1,131701080.7,4
CONT_s9_dynamic_Valkaama,1789300348.784,0.1024,12208,12,0,45163368.2,136381110.6,4
CONT_s9_dynamic_Valkaama,1789300348.886,0.1022,15260,15,0,46384425.8,140850517.7,4
CONT_s9_dynamic_Valkaama,1789300348.988,0.1023,12208,12,0,46288266.2,136408797.3,4
CONT_s9_dynamic_Valkaama,1789300349.091,0.1024,12208,12,0,46310955.7,136569038.4,4
CONT_s9_dynamic_Valkaama,1789300349.193,0.1025,15260,15,0,45302639.8,132013873.4,4
CONT_s9_dynamic_Valkaama,1789300349.295,0.1024,12208,12,0,45362034.5,136589303.8,4
CONT_s9_dynamic_Valkaama,1789300349.398,0.1022,15260,15,0,46610500.5,141149990.8,4
CONT_s9_dynamic_Valkaama,1789300349.5,0.1023,12208,12,0,46397862.5,136595269.1,4
CONT_s9_dynamic_Valkaama,1789300349.602,0.1022,12208,12,0,46411908.3,136580829.2,4
CONT_s9_dynamic_Valkaama,1789300349.705,0.1025,15260,15,0,45457642.5,131932468.3,4
CONT_s9_dynamic_Valkaama,1789300349.807,0.1024,12208,12,0,45448420.8,136472808.6,4
CONT_s9_dynamic_Valkaama,1789300349.909,0.1022,15260,15,0,46633241.5,141099130.7,4
CONT_s9_dynamic_Valkaama,1789300350.012,0.1023,12208,12,0,46456404.3,136434281.5,4
CONT_s9_dynamic_Valkaama,1789300350.114,0.1023,15365,16,0,45610753.4,108221197.1,4
CONT_s9_dynamic_Valkaama,1789300350.216,0.1025,12208,12,0,46150248.0,121640915.2,4
CONT_s9_dynamic_Valkaama,1789300350.319,0.1024,12208,12,0,46227705.7,136572297.7,4
CONT_s9_dynamic_Valkaama,1789300350.421,0.1022,15260,15,0,45520066.5,131693620.1,4
CONT_s9_dynamic_Valkaama,1789300350.523,0.1022,12208,12,0,45310051.3,136474865.3,4
CONT_s9_dynamic_Valkaama,1789300350.625,0.1022,15260,15,0,46402309.5,140959224.8,4
CONT_s9_dynamic_Valkaama,1789300350.728,0.1024,12208,12,0,46404546.0,136190275.2,4
CONT_s9_dynamic_Valkaama,1789300350.83,0.1024,12208,12,0,46415308.0,136394949.2,4
CONT_s9_dynamic_Valkaama,1789300350.932,0.1022,15260,15,0,45350145.7,131865855.9,4
CONT_s9_dynamic_Valkaama,1789300351.035,0.1023,12208,12,0,45455341.2,136222614.0,4
CONT_s9_dynamic_Valkaama,1789300351.137,0.1026,15260,15,0,46711234.7,140931695.4,4
CONT_s9_dynamic_Valkaama,1789300351.241,0.1039,12208,12,0,46452690.3,136285872.0,4
CONT_s9_dynamic_Valkaama,1789300351.343,0.1024,12208,12,0,46473626.3,136426183.1,4
CONT_s9_dynamic_Valkaama,1789300351.446,0.1027,15260,15,0,45511831.2,131824069.4,4
CONT_s9_dynamic_Valkaama,1789300351.549,0.1023,12208,12,0,45478123.7,136595914.8,4
CONT_s9_dynamic_Valkaama,1789300351.651,0.1024,14839,16,0,45759550.6,134400841.5,4
CONT_s9_dynamic_Valkaama,1789300351.754,0.1029,12208,12,0,45819611.0,97388617.6,4
CONT_s9_dynamic_Valkaama,1789300351.856,0.1024,15260,15,0,44933556.5,122763764.2,4
CONT_s9_dynamic_Valkaama,1789300351.958,0.1023,12208,12,0,45042078.7,136388223.1,4
CONT_s9_dynamic_Valkaama,1789300352.061,0.1023,15260,15,0,46340548.5,140848313.2,4
CONT_s9_dynamic_Valkaama,1789300352.163,0.1024,12208,12,0,46172677.7,136389855.2,4
CONT_s9_dynamic_Valkaama,1789300352.266,0.1025,12208,12,0,46217818.0,136404668.5,4
CONT_s9_dynamic_Valkaama,1789300352.368,0.1024,15260,15,0,45269966.3,131975048.7,4
CONT_s9_dynamic_Valkaama,1789300352.47,0.1022,12208,12,0,45279623.3,136357752.3,4
CONT_s9_dynamic_Valkaama,1789300352.573,0.1024,15260,15,0,46487186.2,141007169.8,4
CONT_s9_dynamic_Valkaama,1789300352.675,0.1024,12208,12,0,46294641.3,136436481.6,4
CONT_s9_dynamic_Valkaama,1789300352.777,0.1024,12208,12,0,46302227.2,136439262.8,4
CONT_s9_dynamic_Valkaama,1789300352.88,0.1022,15260,15,0,45325975.7,131706004.5,4
CONT_s9_dynamic_Valkaama,1789300352.982,0.1022,12208,12,0,45381930.7,136404972.9,4
CONT_s9_dynamic_Valkaama,1789300353.084,0.1023,15308,16,0,46642133.4,136204370.7,4
CONT_s9_dynamic_Valkaama,1789300353.187,0.1024,14016,14,0,40298402.7,91857062.9,4
CONT_s9_dynamic_Valkaama,1789300353.289,0.1024,12208,12,0,42476032.5,91854418.2,4
CONT_s9_dynamic_Valkaama,1789300353.391,0.1022,12208,12,0,43022319.3,124668554.2,4
CONT_s9_dynamic_Valkaama,1789300353.494,0.1023,15360,17,0,42173111.6,140545966.4,5
CONT_s9_dynamic_Valkaama,1789300353.596,0.1024,12437,13,0,35840457.4,134510193.8,5
CONT_s9_dynamic_Valkaama,1789300353.699,0.1027,15312,16,0,29348948.3,104978874.8,4
CONT_s9_dynamic_Valkaama,1789300353.801,0.1026,12208,12,0,30819241.0,124960919.9,4
CONT_s9_dynamic_Valkaama,1789300353.904,0.1024,12208,12,0,33629593.2,136151322.7,4
CONT_s9_dynamic_Valkaama,1789300354.006,0.1025,15260,15,0,36322425.3,140983674.7,4
CONT_s9_dynamic_Valkaama,1789300354.109,0.1025,12208,12,0,39418910.5,136450098.4,4
CONT_s9_dynamic_Valkaama,1789300354.211,0.1027,15260,15,0,39220136.7,131904794.3,4
CONT_s9_dynamic_Valkaama,1789300354.314,0.1026,12208,12,0,41171160.8,136587251.9,4
CONT_s9_dynamic_Valkaama,1789300354.416,0.1024,15260,15,0,43816682.7,141151264.0,4
CONT_s9_dynamic_Valkaama,1789300354.519,0.1025,12208,12,0,43523654.7,136624974.8,4
CONT_s9_dynamic_Valkaama,1789300354.621,0.1024,12208,12,0,43998659.2,136587875.8,4
CONT_s9_dynamic_Valkaama,1789300354.724,0.1026,15260,15,0,43812200.9,131820827.4,4
CONT_s9_dynamic_Valkaama,1789300354.827,0.1026,12208,12,0,43728512.8,136323279.1,4
CONT_s9_dynamic_Valkaama,1789300354.929,0.1024,15260,15,0,45047992.7,140916169.6,4
CONT_s9_dynamic_Valkaama,1789300355.031,0.1025,12208,12,0,45315759.3,136437131.2,4
CONT_s9_dynamic_Valkaama,1789300355.134,0.1028,12208,12,0,45482244.3,136492505.4,4
CONT_s9_dynamic_Valkaama,1789300355.237,0.1027,15260,15,0,44548640.5,131744985.6,4
CONT_s9_dynamic_Valkaama,1789300355.34,0.1027,13860,14,0,45056656.6,133953210.1,4
CONT_s9_dynamic_Valkaama,1789300355.442,0.1024,12208,12,0,41554602.7,82104449.1,4
CONT_s9_dynamic_Valkaama,1789300355.544,0.1025,15260,15,0,43480593.9,124524474.5,4
CONT_s9_dynamic_Valkaama,1789300355.647,0.1026,12208,12,0,43970225.2,136571790.9,4
CONT_s9_dynamic_Valkaama,1789300355.75,0.1032,15260,15,0,43429021.9,131755769.3,4
CONT_s9_dynamic_Valkaama,1789300355.853,0.1026,12208,12,0,43883440.2,136294694.9,4
CONT_s9_dynamic_Valkaama,1789300355.955,0.1025,12208,12,0,44154131.8,136361217.4,4
CONT_s9_dynamic_Valkaama,1789300356.058,0.1025,15260,15,0,45710341.4,141076206.6,4
CONT_s9_dynamic_Valkaama,1789300356.16,0.1027,12208,12,0,45621086.8,136405712.9,4
CONT_s9_dynamic_Valkaama,1789300356.263,0.1025,15260,15,0,44851528.3,131697026.6,4
CONT_s9_dynamic_Valkaama,1789300356.366,0.1026,12208,12,0,44898563.7,136450387.6,4
CONT_s9_dynamic_Valkaama,1789300356.468,0.1025,12208,12,0,45002708.8,136286208.5,4
CONT_s9_dynamic_Valkaama,1789300356.57,0.1025,15260,15,0,46266988.1,141015731.4,4
CONT_s9_dynamic_Valkaama,1789300356.673,0.1025,12208,12,0,46164037.5,136534070.7,4
CONT_s9_dynamic_Valkaama,1789300356.776,0.1026,15260,15,0,45227398.0,131792604.6,4
CONT_s9_dynamic_Valkaama,1789300356.878,0.1024,12208,12,0,45299992.8,136550218.8,4
CONT_s9_dynamic_Valkaama,1789300356.98,0.1025,12208,12,0,45332466.0,136395110.1,4
CONT_s9_dynamic_Valkaama,1789300357.083,0.1025,15260,15,0,46593280.6,141066005.0,4
CONT_s9_dynamic_Valkaama,1789300357.186,0.1026,12208,12,0,46393584.8,136325362.2,4
CONT_s9_dynamic_Valkaama,1789300357.288,0.1026,15995,17,0,45601368.9,124408811.7,4
CONT_s9_dynamic_Valkaama,1789300357.391,0.1024,12208,12,0,45556671.3,89085190.7,4
CONT_s9_dynamic_Valkaama,1789300357.493,0.1025,12208,12,0,45746437.2,124986895.7,4
CONT_s9_dynamic_Valkaama,1789300357.595,0.1024,15260,15,0,44780771.3,131635974.2,4
CONT_s9_dynamic_Valkaama,1789300357.698,0.1026,12208,12,0,45036765.2,136302271.7,4
CONT_s9_dynamic_Valkaama,1789300357.801,0.1026,15260,15,0,46410730.8,140898272.1,4
CONT_s9_dynamic_Valkaama,1789300357.903,0.1024,12208,12,0,46148404.8,136228614.4,4
CONT_s9_dynamic_Valkaama,1789300358.005,0.1025,12208,12,0,46201312.3,136350408.1,4
CONT_s9_dynamic_Valkaama,1789300358.108,0.1025,15260,15,0,45336138.7,131929941.8,4
CONT_s9_dynamic_Valkaama,1789300358.211,0.1026,12208,12,0,45304338.3,136240660.4,4
CONT_s9_dynamic_Valkaama,1789300358.313,0.1025,15260,15,0,46475465.1,141102262.9,4
CONT_s9_dynamic_Valkaama,1789300358.416,0.1025,12208,12,0,46356697.7,136474759.7,4
CONT_s9_dynamic_Valkaama,1789300358.518,0.1025,12208,12,0,46373063.2,136528720.4,4
CONT_s9_dynamic_Valkaama,1789300358.621,0.1026,15260,15,0,45361076.6,131980007.2,4
CONT_s9_dynamic_Valkaama,1789300358.723,0.1026,1781868,1397,8,174980.3,1857521.4,4
CONT_s9_dynamic_Valkaama,1789300358.826,0.1027,31396,42,19,7928299.3,12011220.4,3
CONT_s9_dynamic_Valkaama,1789300358.928,0.1024,15640,20,10,12188766.5,114602589.4,2
CONT_s9_dynamic_Valkaama,1789300359.031,0.1027,15640,20,10,15872455.0,101820300.5,2
CONT_s9_dynamic_Valkaama,1789300359.134,0.1029,15640,20,10,17806698.5,109815507.9,2
CONT_s9_dynamic_Valkaama,1789300359.237,0.103,15640,20,10,17008325.0,97802567.2,2
CONT_s9_dynamic_Valkaama,1789300359.34,0.1026,15640,20,10,18052863.5,95450672.3,2
CONT_s9_dynamic_Valkaama,1789300359.442,0.1024,14076,18,4,18377468.0,143457118.8,2
CONT_s9_dynamic_Valkaama,1789300359.544,0.1025,20332,26,8,15900852.5,117846958.8,2
CONT_s9_dynamic_Valkaama,1789300359.647,0.1027,14076,18,9,10746781.5,124173157.3,2
CONT_s9_dynamic_Valkaama,1789300359.751,0.1037,17204,22,0,14360110.5,149532712.0,2
CONT_s9_dynamic_Valkaama,1789300359.853,0.1026,14076,18,9,13634456.0,109782786.7,2
CONT_s9_dynamic_Valkaama,1789300359.956,0.1025,17204,22,0,15719389.0,144161793.0,2
CONT_s9_dynamic_Valkaama,1789300360.058,0.1025,12360,14,1,16098945.0,125742577.2,2
CONT_s9_dynamic_Valkaama,1789300360.161,0.1026,15104,12,0,16749905.8,133371881.4,2
CONT_s9_dynamic_Valkaama,1789300360.264,0.1026,15548,13,0,22987847.7,98471360.0,3
CONT_s9_dynamic_Valkaama,1789300360.366,0.1024,16895,14,0,34355982.0,96717238.1,4
CONT_s9_dynamic_Valkaama,1789300360.469,0.1024,19656,16,0,56331722.9,111527517.4,4
CONT_s9_dynamic_Valkaama,1789300360.571,0.1025,15104,12,0,19416949.7,128387068.4,2
CONT_s9_dynamic_Valkaama,1789300360.674,0.1026,13656,12,0,86884839.4,128870081.6,4
CONT_s9_dynamic_Valkaama,1789300360.776,0.1026,13656,12,0,78937044.8,137667621.9,4
CONT_s9_dynamic_Valkaama,1789300360.879,0.1025,19656,16,0,48641036.1,140510656.6,4
CONT_s9_dynamic_Valkaama,1789300360.981,0.1024,10604,9,0,57217169.7,147861788.2,4
CONT_s9_dynamic_Valkaama,1789300361.084,0.1026,19656,16,0,47319014.2,140476491.1,4
CONT_s9_dynamic_Valkaama,1789300361.188,0.1044,13656,12,0,65418198.2,123376127.9,4
CONT_s9_dynamic_Valkaama,1789300361.291,0.1026,18156,15,0,41078416.7,138080309.1,4
CONT_s9_dynamic_Valkaama,1789300361.393,0.1024,10604,9,0,51435665.9,137910227.4,4
CONT_s9_dynamic_Valkaama,1789300361.496,0.1026,15156,13,0,60517826.9,142927562.9,4
CONT_s9_dynamic_Valkaama,1789300361.598,0.1026,21198,20,0,52404837.7,105840621.9,4
CONT_s9_dynamic_Valkaama,1789300361.702,0.1032,16656,14,0,51194951.2,55756687.3,2
CONT_s9_dynamic_Valkaama,1789300361.804,0.1027,13708,13,0,43389518.4,58192449.6,2
CONT_s9_dynamic_Valkaama,1789300361.907,0.1024,13656,12,0,34099254.5,58400117.2,2
CONT_s9_dynamic_Valkaama,1789300362.009,0.1026,17836,16,0,27988131.0,57677279.2,2
CONT_s9_dynamic_Valkaama,1789300362.112,0.1025,0,0,0,0,0,0
CONT_s9_dynamic_Valkaama,1789300362.214,0.1026,0,0,0,0,0,0
CONT_s9_dynamic_Valkaama,1789300362.317,0.1026,92,2,0,70193175.0,718921384.0,2
CONT_s9_dynamic_Valkaama,1789300362.419,0.1024,0,0,0,0,0,0
CONT_s9_dynamic_Valkaama,1789300362.522,0.1025,0,0,0,0,0,0
CONT_s9_dynamic_Valkaama,1789300362.624,0.1025,0,0,0,0,0,0
CONT_s9_dynamic_Valkaama,1789300362.727,0.1027,0,0,0,0,0,0
CONT_s9_dynamic_Valkaama,1789300362.83,0.1026,0,0,0,0,0,0
CONT_s9_dynamic_Valkaama,1789300362.932,0.1024,0,0,0,0,0,0
CONT_s9_dynamic_Valkaama,1789300363.034,0.1025,0,0,0,0,0,0
CONT_s9_dynamic_Valkaama,1789300363.137,0.1027,0,0,0,0,0,0
CONT_s9_dynamic_Valkaama,1789300363.241,0.1042,0,0,0,0,0,0
CONT_s9_dynamic_Valkaama,1789300363.344,0.1027,0,0,0,0,0,0
CONT_s9_dynamic_Valkaama,1789300363.446,0.1024,0,0,0,0,0,0
CONT_s9_dynamic_Valkaama,1789300363.549,0.1025,0,0,0,0,0,0
CONT_s9_dynamic_Valkaama,1789300363.651,0.1026,0,0,0,0,0,0
CONT_s9_dynamic_Valkaama,1789300363.754,0.103,0,0,0,0,0,0
CONT_s9_dynamic_Valkaama,1789300363.857,0.1025,0,0,0,0,0,0
CONT_s9_dynamic_Valkaama,1789300363.96,0.1025,0,0,0,0,0,0
CONT_s9_dynamic_Valkaama,1789300364.062,0.1025,17044,14,0,175818498.4,5685320.4,2
CONT_s9_dynamic_Valkaama,1789300364.165,0.1026,12104,10,0,125490715.4,78654230.0,2
CONT_s9_dynamic_Valkaama,1789300364.267,0.1026,18156,15,0,83216690.2,78226879.0,2
CONT_s9_dynamic_Valkaama,1789300364.37,0.1025,12104,10,0,66766241.0,78843773.9,2
CONT_s9_dynamic_Valkaama,1789300364.472,0.1025,18156,15,0,51366407.2,78823541.0,2
CONT_s9_dynamic_Valkaama,1789300364.575,0.1025,12104,10,0,44708516.2,78801350.3,2
CONT_s9_dynamic_Valkaama,1789300364.677,0.1027,18156,15,0,37749797.2,78748517.6,2
CONT_s9_dynamic_Valkaama,1789300364.78,0.1026,11416,10,0,34045177.6,76374692.9,2
CONT_s9_dynamic_Valkaama,1789300364.882,0.1025,0,0,0,0,0,0
CONT_s9_dynamic_Valkaama,1789300364.985,0.1025,0,0,0,0,0,0
CONT_s9_dynamic_Valkaama,1789300365.088,0.1025,0,0,0,0,0,0
CONT_s9_dynamic_Valkaama,1789300365.19,0.1026,0,0,0,0,0,0
CONT_s9_dynamic_Valkaama,1789300365.293,0.1026,0,0,0,0,0,0
CONT_s9_dynamic_Valkaama,1789300365.395,0.1025,0,0,0,0,0,0
CONT_s9_dynamic_Valkaama,1789300365.498,0.1025,0,0,0,0,0,0
CONT_s9_dynamic_Valkaama,1789300365.6,0.1025,0,0,0,0,0,0
CONT_s9_dynamic_Valkaama,1789300365.703,0.1026,0,0,0,0,0,0
CONT_s9_dynamic_Valkaama,1789300365.805,0.1026,0,0,0,0,0,0
CONT_s9_dynamic_Valkaama,1789300365.908,0.1024,0,0,0,0,0,0
CONT_s9_dynamic_Valkaama,1789300366.01,0.1024,0,0,0,0,0,0
CONT_s9_dynamic_Valkaama,1789300366.113,0.1024,0,0,0,0,0,0
CONT_s9_dynamic_Valkaama,1789300366.215,0.1026,0,0,0,0,0,0
CONT_s9_dynamic_Valkaama,1789300366.318,0.1026,0,0,0,0,0,0
CONT_s9_dynamic_Valkaama,1789300366.42,0.1025,0,0,0,0,0,0
CONT_s9_dynamic_Valkaama,1789300366.523,0.1025,0,0,0,0,0,0
CONT_s9_dynamic_Valkaama,1789300366.625,0.1023,0,0,0,0,0,0
CONT_s9_dynamic_Valkaama,1789300366.728,0.1026,0,0,0,0,0,0
CONT_s9_dynamic_Valkaama,1789300366.83,0.1026,0,0,0,0,0,0
CONT_s9_dynamic_Valkaama,1789300366.933,0.1024,0,0,0,0,0,0
CONT_s9_dynamic_Valkaama,1789300367.036,0.1031,0,0,0,0,0,0
CONT_s9_dynamic_Valkaama,1789300367.139,0.1027,0,0,0,0,0,0
CONT_s9_dynamic_Valkaama,1789300367.244,0.1058,0,0,0,0,0,0
CONT_s9_dynamic_Valkaama,1789300367.347,0.1028,0,0,0,0,0,0
CONT_s9_dynamic_Valkaama,1789300367.45,0.1025,0,0,0,0,0,0
CONT_s9_dynamic_Valkaama,1789300367.552,0.1025,0,0,0,0,0,0
CONT_s9_dynamic_Valkaama,1789300367.655,0.1026,0,0,0,0,0,0
CONT_s9_dynamic_Valkaama,1789300367.757,0.1027,0,0,0,0,0,0
CONT_s9_dynamic_Valkaama,1789300367.86,0.1025,0,0,0,0,0,0
CONT_s9_dynamic_Valkaama,1789300367.962,0.1025,0,0,0,0,0,0
CONT_s9_dynamic_Valkaama,1789300368.065,0.1025,0,0,0,0,0,0
CONT_s9_dynamic_Valkaama,1789300368.168,0.1026,0,0,0,0,0,0
CONT_s9_dynamic_Valkaama,1789300368.27,0.1026,0,0,0,0,0,0
CONT_s9_dynamic_Valkaama,1789300368.373,0.1025,20045,16,0,274007904.6,14719668.6,2
CONT_s9_dynamic_Valkaama,1789300368.475,0.1025,12104,10,0,198834083.6,78595843.7,2
CONT_s9_dynamic_Valkaama,1789300368.578,0.1025,15659,14,0,137216446.9,72601538.7,2
CONT_s9_dynamic_Valkaama,1789300368.68,0.1026,0,0,0,0,0,0
CONT_s9_dynamic_Valkaama,1789300368.783,0.1026,0,0,0,0,0,0
CONT_s9_dynamic_Valkaama,1789300368.885,0.1024,0,0,0,0,0,0
CONT_s9_dynamic_Valkaama,1789300368.988,0.1026,0,0,0,0,0,0
CONT_s9_dynamic_Valkaama,1789300369.09,0.1026,0,0,0,0,0,0
CONT_s9_dynamic_Valkaama,1789300369.193,0.1027,0,0,0,0,0,0
CONT_s9_dynamic_Valkaama,1789300369.296,0.1026,0,0,0,0,0,0
CONT_s9_dynamic_Valkaama,1789300369.398,0.1024,0,0,0,0,0,0
CONT_s9_dynamic_Valkaama,1789300369.501,0.1025,0,0,0,0,0,0
CONT_s9_dynamic_Valkaama,1789300369.603,0.1024,0,0,0,0,0,0
CONT_s9_dynamic_Valkaama,1789300369.706,0.1026,0,0,0,0,0,0
CONT_s9_dynamic_Valkaama,1789300369.808,0.1026,0,0,0,0,0,0
CONT_s9_dynamic_Valkaama,1789300369.911,0.1024,0,0,0,0,0,0
CONT_s9_dynamic_Valkaama,1789300370.013,0.1025,0,0,0,0,0,0
CONT_s9_dynamic_Valkaama,1789300370.116,0.1025,0,0,0,0,0,0
CONT_s9_dynamic_Valkaama,1789300370.218,0.1027,0,0,0,0,0,0
CONT_s9_dynamic_Valkaama,1789300370.321,0.1026,0,0,0,0,0,0
CONT_s9_dynamic_Valkaama,1789300370.423,0.1024,0,0,0,0,0,0
CONT_s9_dynamic_Valkaama,1789300370.526,0.1025,0,0,0,0,0,0
CONT_s9_dynamic_Valkaama,1789300370.629,0.1036,0,0,0,0,0,0
CONT_s9_dynamic_Valkaama,1789300370.732,0.1028,0,0,0,0,0,0
CONT_s9_dynamic_Valkaama,1789300370.835,0.1025,0,0,0,0,0,0
CONT_s9_dynamic_Valkaama,1789300370.937,0.1024,0,0,0,0,0,0
CONT_s9_dynamic_Valkaama,1789300371.04,0.1025,0,0,0,0,0,0
CONT_s9_dynamic_Valkaama,1789300371.142,0.1026,0,0,0,0,0,0
CONT_s9_dynamic_Valkaama,1789300371.247,0.1044,0,0,0,0,0,0
CONT_s9_dynamic_Valkaama,1789300371.349,0.1027,0,0,0,0,0,0
CONT_s9_dynamic_Valkaama,1789300371.452,0.1024,0,0,0,0,0,0
CONT_s9_dynamic_Valkaama,1789300371.554,0.1025,0,0,0,0,0,0
CONT_s9_dynamic_Valkaama,1789300371.657,0.1027,0,0,0,0,0,0
CONT_s9_dynamic_Valkaama,1789300371.759,0.1026,0,0,0,0,0,0
CONT_s9_dynamic_Valkaama,1789300371.862,0.1024,0,0,0,0,0,0
CONT_s9_dynamic_Valkaama,1789300371.965,0.1028,0,0,0,0,0,0
CONT_s9_dynamic_Valkaama,1789300372.067,0.1026,0,0,0,0,0,0
CONT_s9_dynamic_Valkaama,1789300372.17,0.1026,13993,11,0,398082310.2,4488762.5,2
CONT_s9_dynamic_Valkaama,1789300372.272,0.1026,15104,12,0,256198317.2,37496607.7,2
CONT_s9_dynamic_Valkaama,1789300372.375,0.1025,15104,12,0,180233487.0,98567769.5,2
CONT_s9_dynamic_Valkaama,1789300372.477,0.1025,15104,12,0,135717409.7,98507676.1,2
CONT_s9_dynamic_Valkaama,1789300372.58,0.1025,15104,12,0,108250700.0,98299384.6,2
CONT_s9_dynamic_Valkaama,1789300372.683,0.1026,22604,17,0,69614520.2,98822125.0,2
CONT_s9_dynamic_Valkaama,1789300372.785,0.1026,15156,13,0,91784753.3,98337254.5,2
CONT_s9_dynamic_Valkaama,1789300372.888,0.1025,15104,12,0,64274297.3,98538054.9,2
CONT_s9_dynamic_Valkaama,1789300372.99,0.1025,12511,11,0,60835890.8,89917593.7,2
CONT_s9_dynamic_Valkaama,1789300373.093,0.1026,0,0,0,0,0,0
CONT_s9_dynamic_Valkaama,1789300373.196,0.1027,0,0,0,0,0,0
CONT_s9_dynamic_Valkaama,1789300373.298,0.1026,0,0,0,0,0,0
CONT_s9_dynamic_Valkaama,1789300373.4,0.1024,0,0,0,0,0,0
CONT_s9_dynamic_Valkaama,1789300373.503,0.1024,0,0,0,0,0,0
CONT_s9_dynamic_Valkaama,1789300373.605,0.1025,0,0,0,0,0,0
CONT_s9_dynamic_Valkaama,1789300373.708,0.1027,0,0,0,0,0,0
CONT_s9_dynamic_Valkaama,1789300373.811,0.1026,0,0,0,0,0,0
CONT_s9_dynamic_Valkaama,1789300373.913,0.1024,0,0,0,0,0,0
CONT_s9_dynamic_Valkaama,1789300374.016,0.1025,0,0,0,0,0,0
CONT_s9_dynamic_Valkaama,1789300374.118,0.1025,0,0,0,0,0,0
CONT_s9_dynamic_Valkaama,1789300374.221,0.1027,0,0,0,0,0,0
CONT_s9_dynamic_Valkaama,1789300374.323,0.1026,0,0,0,0,0,0
CONT_s9_dynamic_Valkaama,1789300374.426,0.1024,0,0,0,0,0,0
CONT_s9_dynamic_Valkaama,1789300374.528,0.1025,0,0,0,0,0,0
CONT_s9_dynamic_Valkaama,1789300374.633,0.1047,0,0,0,0,0,0
CONT_s9_dynamic_Valkaama,1789300374.735,0.1026,0,0,0,0,0,0
CONT_s9_dynamic_Valkaama,1789300374.838,0.1025,0,0,0,0,0,0
CONT_s9_dynamic_Valkaama,1789300374.94,0.1024,0,0,0,0,0,0
CONT_s9_dynamic_Valkaama,1789300375.043,0.1026,0,0,0,0,0,0
CONT_s9_dynamic_Valkaama,1789300375.146,0.1027,0,0,0,0,0,0
CONT_s9_dynamic_Valkaama,1789300375.249,0.1039,0,0,0,0,0,0
CONT_s9_dynamic_Valkaama,1789300375.352,0.1025,0,0,0,0,0,0
CONT_s9_dynamic_Valkaama,1789300375.454,0.1025,0,0,0,0,0,0
CONT_s9_dynamic_Valkaama,1789300375.557,0.1025,0,0,0,0,0,0
CONT_s9_dynamic_Valkaama,1789300375.659,0.1026,0,0,0,0,0,0
CONT_s9_dynamic_Valkaama,1789300375.762,0.1025,0,0,0,0,0,0
CONT_s9_dynamic_Valkaama,1789300375.865,0.1025,0,0,0,0,0,0
CONT_s9_dynamic_Valkaama,1789300375.967,0.1024,0,0,0,0,0,0
CONT_s9_dynamic_Valkaama,1789300376.069,0.1024,15493,12,0,292251641.0,4439384.4,2
CONT_s9_dynamic_Valkaama,1789300376.172,0.1026,15104,12,0,195647623.8,47090047.3,2
CONT_s9_dynamic_Valkaama,1789300376.275,0.1026,15104,12,0,140572650.5,98461398.6,2
CONT_s9_dynamic_Valkaama,1789300376.377,0.1026,15104,12,0,107964401.5,98243599.1,2
CONT_s9_dynamic_Valkaama,1789300376.48,0.1025,15104,12,0,87585636.2,98010031.5,2
CONT_s9_dynamic_Valkaama,1789300376.582,0.1025,15104,12,0,74019899.5,98203634.3,2
CONT_s9_dynamic_Valkaama,1789300376.685,0.1025,15104,12,0,64370095.7,98046171.6,2
CONT_s9_dynamic_Valkaama,1789300376.787,0.1025,15104,12,0,57085327.3,98133469.0,2
CONT_s9_dynamic_Valkaama,1789300376.89,0.1025,15104,12,0,51316197.5,98194177.5,2
CONT_s9_dynamic_Valkaama,1789300376.992,0.1026,16487,14,0,52114002.7,84622917.8,2
CONT_s9_dynamic_Valkaama,1789300377.095,0.1025,0,0,0,0,0,0
CONT_s9_dynamic_Valkaama,1789300377.197,0.1026,0,0,0,0,0,0
CONT_s9_dynamic_Valkaama,1789300377.3,0.1026,0,0,0,0,0,0
CONT_s9_dynamic_Valkaama,1789300377.402,0.1024,0,0,0,0,0,0
CONT_s9_dynamic_Valkaama,1789300377.505,0.1024,0,0,0,0,0,0
CONT_s9_dynamic_Valkaama,1789300377.607,0.1025,0,0,0,0,0,0
CONT_s9_dynamic_Valkaama,1789300377.71,0.1026,0,0,0,0,0,0
CONT_s9_dynamic_Valkaama,1789300377.813,0.1026,0,0,0,0,0,0
CONT_s9_dynamic_Valkaama,1789300377.915,0.1024,0,0,0,0,0,0
CONT_s9_dynamic_Valkaama,1789300378.018,0.1026,0,0,0,0,0,0
CONT_s9_dynamic_Valkaama,1789300378.12,0.1026,0,0,0,0,0,0
CONT_s9_dynamic_Valkaama,1789300378.223,0.1026,0,0,0,0,0,0
CONT_s9_dynamic_Valkaama,1789300378.325,0.1026,0,0,0,0,0,0
CONT_s9_dynamic_Valkaama,1789300378.428,0.1024,0,0,0,0,0,0
CONT_s9_dynamic_Valkaama,1789300378.53,0.1025,0,0,0,0,0,0
CONT_s9_dynamic_Valkaama,1789300378.633,0.1029,0,0,0,0,0,0
CONT_s9_dynamic_Valkaama,1789300378.736,0.1026,0,0,0,0,0,0
CONT_s9_dynamic_Valkaama,1789300378.838,0.1026,0,0,0,0,0,0
CONT_s9_dynamic_Valkaama,1789300378.941,0.1024,0,0,0,0,0,0
CONT_s9_dynamic_Valkaama,1789300379.043,0.1025,0,0,0,0,0,0
CONT_s9_dynamic_Valkaama,1789300379.146,0.1027,0,0,0,0,0,0
CONT_s9_dynamic_Valkaama,1789300379.25,0.1035,0,0,0,0,0,0
CONT_s9_dynamic_Valkaama,1789300379.352,0.1026,0,0,0,0,0,0
CONT_s9_dynamic_Valkaama,1789300379.455,0.1024,0,0,0,0,0,0
CONT_s9_dynamic_Valkaama,1789300379.557,0.1027,0,0,0,0,0,0
CONT_s9_dynamic_Valkaama,1789300379.66,0.1026,0,0,0,0,0,0
CONT_s9_dynamic_Valkaama,1789300379.762,0.1027,0,0,0,0,0,0
CONT_s9_dynamic_Valkaama,1789300379.865,0.1027,0,0,0,0,0,0
CONT_s9_dynamic_Valkaama,1789300379.968,0.1026,0,0,0,0,0,0
CONT_s9_dynamic_Valkaama,1789300380.07,0.1025,15493,12,0,280510809.7,676730.5,2
CONT_s9_dynamic_Valkaama,1789300380.173,0.1027,15104,12,0,185783886.0,47604744.9,2
CONT_s9_dynamic_Valkaama,1789300380.276,0.1027,15104,12,0,132134418.8,98524956.3,2
CONT_s9_dynamic_Valkaama,1789300380.378,0.1026,22604,17,0,77936643.0,98485472.3,2
CONT_s9_dynamic_Valkaama,1789300380.481,0.1027,15156,13,0,91356151.3,97890927.3,2
CONT_s9_dynamic_Valkaama,1789300380.583,0.1025,15104,12,0,63637873.5,98365813.6,2
CONT_s9_dynamic_Valkaama,1789300380.686,0.1027,15104,12,0,55955682.8,98303522.1,2
CONT_s9_dynamic_Valkaama,1789300380.789,0.1026,15104,12,0,50062091.3,98446009.7,2
CONT_s9_dynamic_Valkaama,1789300380.891,0.1025,15104,12,0,45342053.8,98470493.5,2
CONT_s9_dynamic_Valkaama,1789300380.994,0.1025,15104,12,0,41419927.3,98257235.1,2
CONT_s9_dynamic_Valkaama,1789300381.096,0.1025,3649,4,0,50424100.5,72168830.5,2
CONT_s9_dynamic_Valkaama,1789300381.199,0.1027,0,0,0,0,0,0
CONT_s9_dynamic_Valkaama,1789300381.301,0.1026,0,0,0,0,0,0
CONT_s9_dynamic_Valkaama,1789300381.404,0.1024,0,0,0,0,0,0
CONT_s9_dynamic_Valkaama,1789300381.506,0.1024,0,0,0,0,0,0
CONT_s9_dynamic_Valkaama,1789300381.609,0.1025,0,0,0,0,0,0
CONT_s9_dynamic_Valkaama,1789300381.711,0.1027,0,0,0,0,0,0
CONT_s9_dynamic_Valkaama,1789300381.814,0.1026,0,0,0,0,0,0
CONT_s9_dynamic_Valkaama,1789300381.916,0.1024,0,0,0,0,0,0
CONT_s9_dynamic_Valkaama,1789300382.019,0.1025,0,0,0,0,0,0
CONT_s9_dynamic_Valkaama,1789300382.121,0.1025,0,0,0,0,0,0
CONT_s9_dynamic_Valkaama,1789300382.224,0.1029,0,0,0,0,0,0
CONT_s9_dynamic_Valkaama,1789300382.327,0.1026,0,0,0,0,0,0
CONT_s9_dynamic_Valkaama,1789300382.429,0.1024,0,0,0,0,0,0
CONT_s9_dynamic_Valkaama,1789300382.532,0.1025,0,0,0,0,0,0
CONT_s9_dynamic_Valkaama,1789300382.634,0.1026,0,0,0,0,0,0
CONT_s9_dynamic_Valkaama,1789300382.737,0.1026,0,0,0,0,0,0
CONT_s9_dynamic_Valkaama,1789300382.839,0.1027,0,0,0,0,0,0
CONT_s9_dynamic_Valkaama,1789300382.942,0.1025,0,0,0,0,0,0
CONT_s9_dynamic_Valkaama,1789300383.044,0.1025,0,0,0,0,0,0
CONT_s9_dynamic_Valkaama,1789300383.147,0.1026,0,0,0,0,0,0
CONT_s9_dynamic_Valkaama,1789300383.251,0.1044,0,0,0,0,0,0
CONT_s9_dynamic_Valkaama,1789300383.354,0.1026,0,0,0,0,0,0
CONT_s9_dynamic_Valkaama,1789300383.456,0.1025,0,0,0,0,0,0
CONT_s9_dynamic_Valkaama,1789300383.559,0.1025,0,0,0,0,0,0
CONT_s9_dynamic_Valkaama,1789300383.662,0.1026,0,0,0,0,0,0
CONT_s9_dynamic_Valkaama,1789300383.764,0.1026,0,0,0,0,0,0
CONT_s9_dynamic_Valkaama,1789300383.867,0.1025,0,0,0,0,0,0
CONT_s9_dynamic_Valkaama,1789300383.969,0.1025,0,0,0,0,0,0
CONT_s9_dynamic_Valkaama,1789300384.072,0.1026,15493,12,0,275301703.8,2048104.0,2
CONT_s9_dynamic_Valkaama,1789300384.174,0.1026,4258,4,0,261993255.0,25107849.3,2
CONT_s9_dynamic_Valkaama,1789300384.277,0.1026,0,0,0,0,0,0
CONT_s9_dynamic_Valkaama,1789300384.379,0.1026,0,0,0,0,0,0
CONT_s9_dynamic_Valkaama,1789300384.482,0.1024,0,0,0,0,0,0
CONT_s9_dynamic_Valkaama,1789300384.584,0.1025,0,0,0,0,0,0
CONT_s9_dynamic_Valkaama,1789300384.687,0.1026,0,0,0,0,0,0
CONT_s9_dynamic_Valkaama,1789300384.79,0.1026,0,0,0,0,0,0
CONT_s9_dynamic_Valkaama,1789300384.892,0.1026,0,0,0,0,0,0
CONT_s9_dynamic_Valkaama,1789300384.995,0.1025,0,0,0,0,0,0
CONT_s9_dynamic_Valkaama,1789300385.097,0.1025,0,0,0,0,0,0
CONT_s9_dynamic_Valkaama,1789300385.2,0.1027,0,0,0,0,0,0
CONT_s9_dynamic_Valkaama,1789300385.302,0.1026,0,0,0,0,0,0
CONT_s9_dynamic_Valkaama,1789300385.405,0.1024,0,0,0,0,0,0
CONT_s9_dynamic_Valkaama,1789300385.507,0.1024,0,0,0,0,0,0
CONT_s9_dynamic_Valkaama,1789300385.61,0.1025,0,0,0,0,0,0
CONT_s9_dynamic_Valkaama,1789300385.712,0.1027,0,0,0,0,0,0
CONT_s9_dynamic_Valkaama,1789300385.815,0.1026,0,0,0,0,0,0
CONT_s9_dynamic_Valkaama,1789300385.917,0.1024,0,0,0,0,0,0
CONT_s9_dynamic_Valkaama,1789300386.02,0.1025,0,0,0,0,0,0
CONT_s9_dynamic_Valkaama,1789300386.122,0.1025,0,0,0,0,0,0
CONT_s9_dynamic_Valkaama,1789300386.225,0.1027,0,0,0,0,0,0
CONT_s9_dynamic_Valkaama,1789300386.328,0.1026,0,0,0,0,0,0
CONT_s9_dynamic_Valkaama,1789300386.43,0.1024,0,0,0,0,0,0
CONT_s9_dynamic_Valkaama,1789300386.533,0.1025,0,0,0,0,0,0
CONT_s9_dynamic_Valkaama,1789300386.635,0.1028,0,0,0,0,0,0
CONT_s9_dynamic_Valkaama,1789300386.738,0.1026,0,0,0,0,0,0
CONT_s9_dynamic_Valkaama,1789300386.841,0.1026,0,0,0,0,0,0
CONT_s9_dynamic_Valkaama,1789300386.943,0.1024,0,0,0,0,0,0
CONT_s9_dynamic_Valkaama,1789300387.045,0.1025,0,0,0,0,0,0
CONT_s9_dynamic_Valkaama,1789300387.148,0.1026,0,0,0,0,0,0
CONT_s9_dynamic_Valkaama,1789300387.252,0.104,0,0,0,0,0,0
CONT_s9_dynamic_Valkaama,1789300387.355,0.1025,0,0,0,0,0,0
CONT_s9_dynamic_Valkaama,1789300387.457,0.1026,0,0,0,0,0,0
CONT_s9_dynamic_Valkaama,1789300387.56,0.1024,0,0,0,0,0,0
CONT_s9_dynamic_Valkaama,1789300387.662,0.1026,0,0,0,0,0,0
CONT_s9_dynamic_Valkaama,1789300387.765,0.1026,0,0,0,0,0,0
CONT_s9_dynamic_Valkaama,1789300387.867,0.1025,0,0,0,0,0,0
CONT_s9_dynamic_Valkaama,1789300387.97,0.1025,0,0,0,0,0,0
CONT_s9_dynamic_Valkaama,1789300388.072,0.1025,0,0,0,0,0,0
CONT_s9_dynamic_Valkaama,1789300388.175,0.1026,0,0,0,0,0,0
CONT_s9_dynamic_Valkaama,1789300388.277,0.1026,24545,19,0,366693631.1,30324355.7,2
CONT_s9_dynamic_Valkaama,1789300388.38,0.1024,18104,14,0,224053141.3,118757731.3,2
CONT_s9_dynamic_Valkaama,1789300388.482,0.1025,9052,7,0,184630756.6,118640799.4,2
CONT_s9_dynamic_Valkaama,1789300388.585,0.1024,18104,14,0,135160777.3,118710957.9,2
CONT_s9_dynamic_Valkaama,1789300388.687,0.1026,19656,16,0,123617688.9,103555805.3,2
CONT_s9_dynamic_Valkaama,1789300388.79,0.1026,10552,8,0,84547309.5,138816309.9,2
CONT_s9_dynamic_Valkaama,1789300388.892,0.1025,13486,11,0,96654768.2,152890350.1,2
CONT_s9_dynamic_Valkaama,1789300388.995,0.1024,0,0,0,0,0,0
CONT_s9_dynamic_Valkaama,1789300389.098,0.1026,0,0,0,0,0,0
CONT_s9_dynamic_Valkaama,1789300389.2,0.1026,0,0,0,0,0,0
CONT_s9_dynamic_Valkaama,1789300389.303,0.1026,0,0,0,0,0,0
CONT_s9_dynamic_Valkaama,1789300389.405,0.1024,0,0,0,0,0,0
CONT_s9_dynamic_Valkaama,1789300389.508,0.1025,0,0,0,0,0,0
CONT_s9_dynamic_Valkaama,1789300389.61,0.1025,0,0,0,0,0,0
CONT_s9_dynamic_Valkaama,1789300389.713,0.1027,0,0,0,0,0,0
CONT_s9_dynamic_Valkaama,1789300389.815,0.1026,0,0,0,0,0,0
CONT_s9_dynamic_Valkaama,1789300389.918,0.1025,0,0,0,0,0,0
CONT_s9_dynamic_Valkaama,1789300390.021,0.1026,0,0,0,0,0,0
CONT_s9_dynamic_Valkaama,1789300390.123,0.1027,0,0,0,0,0,0
CONT_s9_dynamic_Valkaama,1789300390.226,0.1028,0,0,0,0,0,0
CONT_s9_dynamic_Valkaama,1789300390.329,0.1026,0,0,0,0,0,0
CONT_s9_dynamic_Valkaama,1789300390.431,0.1024,0,0,0,0,0,0
CONT_s9_dynamic_Valkaama,1789300390.534,0.1026,0,0,0,0,0,0
CONT_s9_dynamic_Valkaama,1789300390.637,0.1029,0,0,0,0,0,0
CONT_s9_dynamic_Valkaama,1789300390.739,0.1025,0,0,0,0,0,0
CONT_s9_dynamic_Valkaama,1789300390.842,0.1025,0,0,0,0,0,0
CONT_s9_dynamic_Valkaama,1789300390.944,0.1024,0,0,0,0,0,0
CONT_s9_dynamic_Valkaama,1789300391.047,0.1025,0,0,0,0,0,0
CONT_s9_dynamic_Valkaama,1789300391.149,0.1026,0,0,0,0,0,0
CONT_s9_dynamic_Valkaama,1789300391.252,0.1026,0,0,0,0,0,0
CONT_s9_dynamic_Valkaama,1789300391.354,0.1025,0,0,0,0,0,0
CONT_s9_dynamic_Valkaama,1789300391.457,0.1025,0,0,0,0,0,0
CONT_s9_dynamic_Valkaama,1789300391.559,0.1026,0,0,0,0,0,0
CONT_s9_dynamic_Valkaama,1789300391.662,0.1026,0,0,0,0,0,0
CONT_s9_dynamic_Valkaama,1789300391.765,0.1026,0,0,0,0,0,0
CONT_s9_dynamic_Valkaama,1789300391.867,0.1025,0,0,0,0,0,0
CONT_s9_dynamic_Valkaama,1789300391.97,0.1025,15493,12,0,318036589.5,4341447.1,2
CONT_s9_dynamic_Valkaama,1789300392.072,0.1025,24156,19,0,176981781.1,57767882.5,2
CONT_s9_dynamic_Valkaama,1789300392.175,0.1026,15104,12,0,138918246.0,93776424.4,2
CONT_s9_dynamic_Valkaama,1789300392.277,0.1026,15104,12,0,112081723.3,98710726.0,2
CONT_s9_dynamic_Valkaama,1789300392.38,0.1025,16656,14,0,107213586.1,93331260.8,2
CONT_s9_dynamic_Valkaama,1789300392.483,0.1028,13604,11,0,83323188.6,108624064.1,2
CONT_s9_dynamic_Valkaama,1789300392.585,0.1025,18156,15,0,74997516.4,118141020.0,2
CONT_s9_dynamic_Valkaama,1789300392.688,0.1026,7005,7,0,87180335.6,86483800.5,2
CONT_s9_dynamic_Valkaama,1789300392.79,0.1026,0,0,0,0,0,0
CONT_s9_dynamic_Valkaama,1789300392.893,0.1026,0,0,0,0,0,0
CONT_s9_dynamic_Valkaama,1789300392.995,0.1024,0,0,0,0,0,0
CONT_s9_dynamic_Valkaama,1789300393.098,0.1026,0,0,0,0,0,0
CONT_s9_dynamic_Valkaama,1789300393.201,0.1027,0,0,0,0,0,0
CONT_s9_dynamic_Valkaama,1789300393.303,0.1026,0,0,0,0,0,0
CONT_s9_dynamic_Valkaama,1789300393.406,0.1024,0,0,0,0,0,0
CONT_s9_dynamic_Valkaama,1789300393.508,0.1024,0,0,0,0,0,0
CONT_s9_dynamic_Valkaama,1789300393.611,0.1025,0,0,0,0,0,0
CONT_s9_dynamic_Valkaama,1789300393.713,0.1028,0,0,0,0,0,0
CONT_s9_dynamic_Valkaama,1789300393.816,0.1026,0,0,0,0,0,0
CONT_s9_dynamic_Valkaama,1789300393.918,0.1024,0,0,0,0,0,0
CONT_s9_dynamic_Valkaama,1789300394.021,0.1025,0,0,0,0,0,0
CONT_s9_dynamic_Valkaama,1789300394.123,0.1026,0,0,0,0,0,0
CONT_s9_dynamic_Valkaama,1789300394.226,0.1027,0,0,0,0,0,0
CONT_s9_dynamic_Valkaama,1789300394.329,0.1026,0,0,0,0,0,0
CONT_s9_dynamic_Valkaama,1789300394.431,0.1024,0,0,0,0,0,0
CONT_s9_dynamic_Valkaama,1789300394.534,0.1025,0,0,0,0,0,0
CONT_s9_dynamic_Valkaama,1789300394.637,0.1033,0,0,0,0,0,0
CONT_s9_dynamic_Valkaama,1789300394.74,0.1036,0,0,0,0,0,0
CONT_s9_dynamic_Valkaama,1789300394.843,0.1027,0,0,0,0,0,0
CONT_s9_dynamic_Valkaama,1789300394.946,0.1024,0,0,0,0,0,0
CONT_s9_dynamic_Valkaama,1789300395.048,0.1025,0,0,0,0,0,0
CONT_s9_dynamic_Valkaama,1789300395.151,0.1026,0,0,0,0,0,0
CONT_s9_dynamic_Valkaama,1789300395.254,0.1033,0,0,0,0,0,0
CONT_s9_dynamic_Valkaama,1789300395.356,0.1025,0,0,0,0,0,0
CONT_s9_dynamic_Valkaama,1789300395.459,0.1025,0,0,0,0,0,0
CONT_s9_dynamic_Valkaama,1789300395.561,0.1025,0,0,0,0,0,0
CONT_s9_dynamic_Valkaama,1789300395.664,0.1025,15549,17,0,756622.6,208537.8,2
CONT_s9_dynamic_Valkaama,1789300395.767,0.1027,16604,13,0,8998575.5,97431671.2,2
CONT_s9_dynamic_Valkaama,1789300395.869,0.1027,19656,16,0,13988514.7,103127862.2,2
CONT_s9_dynamic_Valkaama,1789300395.972,0.1026,15104,12,0,15770369.8,128406431.2,2
CONT_s9_dynamic_Valkaama,1789300396.075,0.1027,15104,12,0,16413539.0,137965282.8,2
CONT_s9_dynamic_Valkaama,1789300396.178,0.1028,13604,11,0,16869155.3,143115039.7,2
CONT_s9_dynamic_Valkaama,1789300396.28,0.1028,23097,19,0,40311262.6,128323301.8,3
CONT_s9_dynamic_Valkaama,1789300396.383,0.1026,15104,12,0,223875221.8,144735996.3,4
CONT_s9_dynamic_Valkaama,1789300396.486,0.1027,12104,10,0,171778003.0,140138796.5,4
CONT_s9_dynamic_Valkaama,1789300396.588,0.1027,15104,12,0,21683689.2,128204150.0,2
CONT_s9_dynamic_Valkaama,1789300396.691,0.1027,19656,16,0,105583943.4,128327119.6,4
CONT_s9_dynamic_Valkaama,1789300396.794,0.1027,13656,12,0,174844785.0,128366783.9,4
CONT_s9_dynamic_Valkaama,1789300396.896,0.1027,16708,15,0,129103626.6,127767475.4,4
CONT_s9_dynamic_Valkaama,1789300396.999,0.1028,13656,12,0,141860887.3,107297313.8,4
CONT_s9_dynamic_Valkaama,1789300397.102,0.1027,18208,16,0,98921820.8,115835759.9,4
CONT_s9_dynamic_Valkaama,1789300397.205,0.1029,15156,13,0,66587015.3,127846873.1,4
CONT_s9_dynamic_Valkaama,1789300397.307,0.1027,10656,10,0,75173151.5,110227862.8,4
CONT_s9_dynamic_Valkaama,1789300397.41,0.1027,21208,18,0,59362765.7,138322093.3,4
CONT_s9_dynamic_Valkaama,1789300397.513,0.1027,13656,12,0,93307918.8,170566238.0,4
CONT_s9_dynamic_Valkaama,1789300397.616,0.1027,13656,12,0,61914313.8,114606472.9,4
CONT_s9_dynamic_Valkaama,1789300397.718,0.1028,18208,16,0,71706538.9,117892704.4,4
CONT_s9_dynamic_Valkaama,1789300397.821,0.1027,13656,12,0,56920636.4,117632037.2,4
CONT_s9_dynamic_Valkaama,1789300397.924,0.1028,18208,16,0,63768415.4,117771989.3,4
CONT_s9_dynamic_Valkaama,1789300398.027,0.1027,13656,12,0,68778728.2,117574718.0,4
CONT_s9_dynamic_Valkaama,1789300398.132,0.1053,18208,16,0,58750621.4,117952676.9,4
CONT_s9_dynamic_Valkaama,1789300398.235,0.1027,13656,12,0,60613259.4,117740006.7,4
CONT_s9_dynamic_Valkaama,1789300398.337,0.1027,13656,12,0,50014890.5,117853830.0,4
CONT_s9_dynamic_Valkaama,1789300398.44,0.1026,18208,16,0,53987098.4,117944849.3,4
CONT_s9_dynamic_Valkaama,1789300398.543,0.1027,16708,15,0,44931083.4,121521522.3,4
CONT_s9_dynamic_Valkaama,1789300398.646,0.1028,13656,12,0,55759315.2,141196739.1,4
CONT_s9_dynamic_Valkaama,1789300398.75,0.1042,18208,16,0,49635546.4,147762601.1,4
CONT_s9_dynamic_Valkaama,1789300398.853,0.1027,13656,12,0,35094555.8,147764662.7,2
CONT_s9_dynamic_Valkaama,1789300398.955,0.1027,16708,15,0,51409775.4,147619001.1,4
CONT_s9_dynamic_Valkaama,1789300399.058,0.1027,15156,13,0,51529451.8,147845219.8,4
CONT_s9_dynamic_Valkaama,1789300399.161,0.1028,13656,12,0,34260328.2,147772450.9,2
CONT_s9_dynamic_Valkaama,1789300399.263,0.1028,16708,15,0,50678138.1,147654689.7,4
CONT_s9_dynamic_Valkaama,1789300399.366,0.1027,16708,15,0,49377047.9,108012671.0,4
CONT_s9_dynamic_Valkaama,1789300399.469,0.1027,15156,13,0,48192247.1,112340572.6,4
CONT_s9_dynamic_Valkaama,1789300399.572,0.1027,13656,12,0,48247317.5,127961682.7,4
CONT_s9_dynamic_Valkaama,1789300399.674,0.1028,15156,13,0,43555135.7,128029889.9,4
CONT_s9_dynamic_Valkaama,1789300399.777,0.1028,16656,14,0,41511509.4,131833810.6,4
CONT_s9_dynamic_Valkaama,1789300399.88,0.1026,15156,13,0,48067689.6,138028105.2,4
CONT_s9_dynamic_Valkaama,1789300399.982,0.1026,15156,13,0,47031048.5,138046048.9,4
CONT_s9_dynamic_Valkaama,1789300400.085,0.1028,18208,16,0,45572143.8,123079769.4,4
CONT_s9_dynamic_Valkaama,1789300400.188,0.1028,13656,12,0,44960608.9,117830268.2,4
CONT_s9_dynamic_Valkaama,1789300400.291,0.1027,18208,16,0,46738248.5,117791986.6,4
CONT_s9_dynamic_Valkaama,1789300400.393,0.1026,13656,12,0,44067363.1,117576551.0,4
CONT_s9_dynamic_Valkaama,1789300400.496,0.1027,13656,12,0,46786204.9,118025447.9,4
CONT_s9_dynamic_Valkaama,1789300400.599,0.1027,18208,16,0,46001542.5,117951263.2,4
CONT_s9_dynamic_Valkaama,1789300400.702,0.1028,13656,12,0,45059208.8,117702026.1,4
CONT_s9_dynamic_Valkaama,1789300400.804,0.1027,18208,16,0,44124088.6,117747034.4,4
CONT_s9_dynamic_Valkaama,1789300400.907,0.1027,13656,12,0,44424871.8,117945896.0,4
CONT_s9_dynamic_Valkaama,1789300401.01,0.1027,16708,15,0,41920063.5,121585406.4,4
CONT_s9_dynamic_Valkaama,1789300401.112,0.1027,16708,15,0,44909930.0,142077841.5,4
CONT_s9_dynamic_Valkaama,1789300401.215,0.1028,13708,13,0,46384011.7,107698798.6,4
CONT_s9_dynamic_Valkaama,1789300401.318,0.1028,13644,12,0,44004756.9,108453825.7,4
CONT_s9_dynamic_Valkaama,1789300401.421,0.1028,18156,15,0,38430509.0,93421072.2,3
CONT_s9_dynamic_Valkaama,1789300401.524,0.1028,13656,12,0,32107142.0,58394648.4,2
CONT_s9_dynamic_Valkaama,1789300401.626,0.1028,19521,18,0,25860826.4,46042899.7,2
CONT_s9_dynamic_Valkaama,1789300401.729,0.1028,14097,13,0,23322508.0,41031473.2,2
CONT_s9_dynamic_Valkaama,1789300401.832,0.1028,13656,12,0,21165599.2,58353379.7,2
CONT_s9_dynamic_Valkaama,1789300401.935,0.1026,18208,16,0,19569313.5,58472593.1,2
CONT_s9_dynamic_Valkaama,1789300402.037,0.1027,13656,12,0,18648033.8,58704971.9,2
CONT_s9_dynamic_Valkaama,1789300402.14,0.1027,18208,16,0,17708853.5,58562616.1,2
CONT_s9_dynamic_Valkaama,1789300402.245,0.1048,13656,12,0,17144778.0,58498348.4,2
CONT_s9_dynamic_Valkaama,1789300402.348,0.1029,18208,16,0,16557795.5,58591042.6,2
CONT_s9_dynamic_Valkaama,1789300402.45,0.1027,13656,12,0,16210332.8,58464931.7,2
CONT_s9_dynamic_Valkaama,1789300402.553,0.1028,13656,12,0,15914957.2,58536148.0,2
CONT_s9_dynamic_Valkaama,1789300402.656,0.1027,18208,16,0,15625476.8,58470934.3,2
CONT_s9_dynamic_Valkaama,1789300402.759,0.1031,13656,12,0,15439439.0,58420864.2,2
CONT_s9_dynamic_Valkaama,1789300402.861,0.1026,18208,16,0,15238443.0,58556481.4,2
CONT_s9_dynamic_Valkaama,1789300402.964,0.1027,13656,12,0,15116793.5,58678197.7,2
CONT_s9_dynamic_Valkaama,1789300403.067,0.1026,18208,16,0,15035582.2,58530094.4,2
CONT_s9_dynamic_Valkaama,1789300403.17,0.1031,13656,12,0,14956958.0,58401592.7,2
CONT_s9_dynamic_Valkaama,1789300403.273,0.1028,13656,12,0,14899824.8,58433558.0,2
CONT_s9_dynamic_Valkaama,1789300403.375,0.1027,18208,16,0,14845468.0,58664875.6,2
CONT_s9_dynamic_Valkaama,1789300403.478,0.1027,13656,12,0,14801287.8,58747845.9,2
CONT_s9_dynamic_Valkaama,1789300403.581,0.1027,18208,16,0,14766459.0,58604737.4,2
CONT_s9_dynamic_Valkaama,1789300403.684,0.1028,13656,12,0,14736645.0,58495426.6,2
CONT_s9_dynamic_Valkaama,1789300403.786,0.1028,18156,15,0,15639958.0,58691941.5,2
CONT_s9_dynamic_Valkaama,1789300403.889,0.1026,13708,13,0,13625513.9,58198359.4,2
CONT_s9_dynamic_Valkaama,1789300403.992,0.1027,13656,12,0,14669233.8,58769859.9,2
CONT_s9_dynamic_Valkaama,1789300404.094,0.1026,18208,16,0,14634456.5,58845036.7,2
CONT_s9_dynamic_Valkaama,1789300404.197,0.1027,16184,16,0,12919117.2,34211294.2,2
CONT_s9_dynamic_Valkaama,1789300404.3,0.1028,13656,12,0,14377436.8,58810763.4,2
CONT_s9_dynamic_Valkaama,1789300404.402,0.1026,18208,16,0,14674356.5,58680502.3,2
CONT_s9_dynamic_Valkaama,1789300404.505,0.1027,13656,12,0,14750770.0,58741514.3,2
CONT_s9_dynamic_Valkaama,1789300404.608,0.1027,18208,16,0,14789461.0,58633481.3,2
CONT_s9_dynamic_Valkaama,1789300404.71,0.1029,13656,12,0,14767770.2,58798591.0,2
CONT_s9_dynamic_Valkaama,1789300404.813,0.1028,13656,12,0,14742853.0,58787464.7,2
CONT_s9_dynamic_Valkaama,1789300404.916,0.1027,18208,16,0,14701126.5,58782178.7,2
CONT_s9_dynamic_Valkaama,1789300405.019,0.1026,13656,12,0,14677841.8,58769273.3,2
CONT_s9_dynamic_Valkaama,1789300405.121,0.1027,18208,16,0,14650963.5,58701706.9,2
CONT_s9_dynamic_Valkaama,1789300405.224,0.103,13656,12,0,14649809.5,58572768.7,2
CONT_s9_dynamic_Valkaama,1789300405.327,0.1027,13656,12,0,14653919.5,58486843.5,2
CONT_s9_dynamic_Valkaama,1789300405.43,0.1026,18208,16,0,14679871.8,58278364.9,2
CONT_s9_dynamic_Valkaama,1789300405.532,0.1027,13656,12,0,14659426.8,58445211.1,2
CONT_s9_dynamic_Valkaama,1789300405.636,0.1033,18208,16,0,14633671.8,58735190.6,2
CONT_s9_dynamic_Valkaama,1789300405.739,0.1035,13656,12,0,14635443.0,58672749.8,2
CONT_s9_dynamic_Valkaama,1789300405.842,0.1027,18208,16,0,14637385.2,58335155.4,2
CONT_s9_dynamic_Valkaama,1789300405.944,0.1026,13290,14,0,12345726.6,38233419.8,2
CONT_s9_dynamic_Valkaama,1789300406.047,0.1027,18208,16,0,14537043.0,48108613.6,2
CONT_s9_dynamic_Valkaama,1789300406.15,0.1028,13656,12,0,14723312.8,58613055.2,2
CONT_s9_dynamic_Valkaama,1789300406.254,0.104,18208,16,0,14810804.5,58457237.6,2
CONT_s9_dynamic_Valkaama,1789300406.357,0.1027,13656,12,0,14846439.2,58477707.5,2
CONT_s9_dynamic_Valkaama,1789300406.459,0.1027,18156,15,0,15726326.8,58680465.8,2
CONT_s9_dynamic_Valkaama,1789300406.562,0.1027,13708,13,0,13745836.7,58353783.6,2
CONT_s9_dynamic_Valkaama,1789300406.665,0.1027,13656,12,0,14756230.5,58666591.0,2
CONT_s9_dynamic_Valkaama,1789300406.767,0.1027,18208,16,0,14732562.0,58514051.6,2
CONT_s9_dynamic_Valkaama,1789300406.87,0.1027,13656,12,0,14700298.5,58372626.9,2
CONT_s9_dynamic_Valkaama,1789300406.973,0.1026,18208,16,0,14679023.2,58502528.0,2
CONT_s9_dynamic_Valkaama,1789300407.076,0.1028,13656,12,0,14674286.0,58796597.8,2
CONT_s9_dynamic_Valkaama,1789300407.178,0.1028,13656,12,0,14655035.2,58337543.0,2
CONT_s9_dynamic_Valkaama,1789300407.281,0.1027,18208,16,0,14647229.0,58339122.1,2
CONT_s9_dynamic_Valkaama,1789300407.384,0.1027,13656,12,0,14653646.2,58444918.0,2
CONT_s9_dynamic_Valkaama,1789300407.486,0.1026,18208,16,0,14643555.0,58577521.5,2
CONT_s9_dynamic_Valkaama,1789300407.589,0.1026,13656,12,0,14653253.0,58463622.8,2
CONT_s9_dynamic_Valkaama,1789300407.692,0.1027,18208,16,0,14633231.2,58712184.8,2
CONT_s9_dynamic_Valkaama,1789300407.795,0.1027,13656,12,0,14643364.8,58437468.0,2
CONT_s9_dynamic_Valkaama,1789300407.897,0.1026,13656,12,0,14624140.0,58726152.8,2
CONT_s9_dynamic_Valkaama,1789300408.0,0.1026,18208,16,0,14624989.5,58621321.6,2
CONT_s9_dynamic_Valkaama,1789300408.102,0.1027,16929,16,0,14251235.8,46059904.0,2
CONT_s9_dynamic_Valkaama,1789300408.205,0.1028,13656,12,0,15211529.5,58429751.8,2
CONT_s9_dynamic_Valkaama,1789300408.308,0.1027,18156,15,0,15949730.8,58713357.5,2
CONT_s9_dynamic_Valkaama,1789300408.411,0.1027,13708,13,0,14024231.5,58190449.5,2
CONT_s9_dynamic_Valkaama,1789300408.513,0.1027,13656,12,0,14959726.0,58375728.3,2
CONT_s9_dynamic_Valkaama,1789300408.616,0.1028,18208,16,0,14882932.5,58441965.3,2
CONT_s9_dynamic_Valkaama,1789300408.719,0.1028,13656,12,0,14837394.2,58570828.4,2
CONT_s9_dynamic_Valkaama,1789300408.822,0.1027,18208,16,0,14801057.5,58690887.2,2
CONT_s9_dynamic_Valkaama,1789300408.924,0.1027,13656,12,0,14792478.2,58488622.3,2
CONT_s9_dynamic_Valkaama,1789300409.027,0.1026,13656,12,0,14765144.8,58163749.2,2
CONT_s9_dynamic_Valkaama,1789300409.132,0.1049,18208,16,0,14729553.0,58499941.0,2
CONT_s9_dynamic_Valkaama,1789300409.235,0.1031,13656,12,0,14709173.5,58476250.8,2
CONT_s9_dynamic_Valkaama,1789300409.338,0.1028,18208,16,0,14697940.0,58703250.0,2
CONT_s9_dynamic_Valkaama,1789300409.441,0.1027,13656,12,0,14678098.0,58448765.6,2
CONT_s9_dynamic_Valkaama,1789300409.543,0.1027,18208,16,0,14692991.2,58474089.1,2
CONT_s9_dynamic_Valkaama,1789300409.646,0.103,13656,12,0,14686080.0,58399291.2,2
CONT_s9_dynamic_Valkaama,1789300409.75,0.1043,18208,16,0,14653079.0,58788161.9,2
CONT_s9_dynamic_Valkaama,1789300409.853,0.1029,13656,12,0,14631168.5,58805409.0,2
CONT_s9_dynamic_Valkaama,1789300409.956,0.1029,13656,12,0,14610668.8,58823716.3,2
CONT_s9_dynamic_Valkaama,1789300410.059,0.1028,18208,16,0,14593525.2,58730965.0,2
CONT_s9_dynamic_Valkaama,1789300410.162,0.103,16195,23,0,9555702.5,41081139.3,4
CONT_s9_dynamic_Valkaama,1789300410.265,0.103,16604,13,0,7504532.2,670301.5,2
CONT_s9_dynamic_Valkaama,1789300410.368,0.103,13656,12,0,10135543.5,88653673.5,2
CONT_s9_dynamic_Valkaama,1789300410.471,0.1029,12104,10,0,13134549.8,68784907.5,2
CONT_s9_dynamic_Valkaama,1789300410.574,0.103,21156,17,0,15459259.7,138456655.3,2
CONT_s9_dynamic_Valkaama,1789300410.677,0.1031,10552,8,0,16128857.5,148577216.8,2
CONT_s9_dynamic_Valkaama,1789300410.78,0.103,19604,15,0,16290745.6,138384520.0,2
CONT_s9_dynamic_Valkaama,1789300410.883,0.1028,13604,11,0,16866024.5,167795822.7,2
CONT_s9_dynamic_Valkaama,1789300410.986,0.1029,15104,12,0,16876688.7,98380376.1,2
CONT_s9_dynamic_Valkaama,1789300411.089,0.1029,15104,12,0,16762742.0,98655987.4,2
CONT_s9_dynamic_Valkaama,1789300411.192,0.103,16656,14,0,16979551.1,83220780.2,2
CONT_s9_dynamic_Valkaama,1789300411.295,0.1029,18156,15,0,17241638.2,114873592.7,2
CONT_s9_dynamic_Valkaama,1789300411.398,0.1028,13604,11,0,17273701.6,123460020.2,2
CONT_s9_dynamic_Valkaama,1789300411.5,0.1029,13604,11,0,17071136.4,128138240.6,2
CONT_s9_dynamic_Valkaama,1789300411.603,0.1029,12104,10,0,16878872.2,127931194.2,2
CONT_s9_dynamic_Valkaama,1789300411.706,0.103,21156,17,0,17038986.5,138226233.3,2
CONT_s9_dynamic_Valkaama,1789300411.809,0.103,15104,12,0,17171359.0,138376286.1,2
CONT_s9_dynamic_Valkaama,1789300411.912,0.1028,15104,12,0,17005797.3,138404728.0,2
CONT_s9_dynamic_Valkaama,1789300412.015,0.1029,12104,10,0,16977214.0,138218851.9,2
CONT_s9_dynamic_Valkaama,1789300412.118,0.1029,21156,17,0,17150744.0,137944422.0,2
CONT_s9_dynamic_Valkaama,1789300412.221,0.103,16552,12,0,17566192.8,143865690.2,2
CONT_s9_dynamic_Valkaama,1789300412.324,0.103,13757,13,0,16601923.5,136810974.5,2
CONT_s9_dynamic_Valkaama,1789300412.427,0.103,10552,8,0,17467105.8,66068306.7,2
CONT_s9_dynamic_Valkaama,1789300412.53,0.1029,21104,16,0,16872131.9,138086704.3,2
CONT_s9_dynamic_Valkaama,1789300412.634,0.104,10552,8,0,16668869.4,138562512.2,2
CONT_s9_dynamic_Valkaama,1789300412.737,0.1029,13604,11,0,16986285.1,113363762.0,2
CONT_s9_dynamic_Valkaama,1789300412.84,0.103,249651,202,10,521594.7,3490839.3,2
CONT_s9_dynamic_Valkaama,1789300412.943,0.1029,0,0,0,0,0,0
CONT_s9_dynamic_Valkaama,1789300413.046,0.1033,0,0,0,0,0,0
CONT_s9_dynamic_Valkaama,1789300413.149,0.1028,0,0,0,0,0,0
CONT_s9_dynamic_Valkaama,1789300413.253,0.1043,0,0,0,0,0,0
CONT_s9_dynamic_Valkaama,1789300413.356,0.1029,0,0,0,0,0,0
CONT_s9_dynamic_Valkaama,1789300413.459,0.1028,0,0,0,0,0,0
CONT_s9_dynamic_Valkaama,1789300413.562,0.1028,0,0,0,0,0,0
CONT_s9_dynamic_Valkaama,1789300413.665,0.1034,0,0,0,0,0,0
CONT_s9_dynamic_Valkaama,1789300413.768,0.103,0,0,0,0,0,0
CONT_s9_dynamic_Valkaama,1789300413.871,0.1029,0,0,0,0,0,0
CONT_s9_dynamic_Valkaama,1789300413.974,0.1029,0,0,0,0,0,0
CONT_s9_dynamic_Valkaama,1789300414.077,0.1029,0,0,0,0,0,0
CONT_s9_dynamic_Valkaama,1789300414.18,0.1028,0,0,0,0,0,0
CONT_s9_dynamic_Valkaama,1789300414.283,0.103,0,0,0,0,0,0
CONT_s9_dynamic_Valkaama,1789300414.385,0.1029,0,0,0,0,0,0
CONT_s9_dynamic_Valkaama,1789300414.488,0.1029,0,0,0,0,0,0
CONT_s9_dynamic_Valkaama,1789300414.591,0.1028,0,0,0,0,0,0
CONT_s9_dynamic_Valkaama,1789300414.694,0.1029,0,0,0,0,0,0
CONT_s9_dynamic_Valkaama,1789300414.797,0.103,0,0,0,0,0,0
CONT_s9_dynamic_Valkaama,1789300414.9,0.1027,0,0,0,0,0,0
CONT_s9_dynamic_Valkaama,1789300415.003,0.1028,0,0,0,0,0,0
CONT_s9_dynamic_Valkaama,1789300415.106,0.1028,0,0,0,0,0,0
CONT_s9_dynamic_Valkaama,1789300415.209,0.103,0,0,0,0,0,0
CONT_s9_dynamic_Valkaama,1789300415.311,0.1029,0,0,0,0,0,0
CONT_s9_dynamic_Valkaama,1789300415.414,0.1027,0,0,0,0,0,0
CONT_s9_dynamic_Valkaama,1789300415.517,0.1028,0,0,0,0,0,0
CONT_s9_dynamic_Valkaama,1789300415.62,0.1029,0,0,0,0,0,0
CONT_s9_dynamic_Valkaama,1789300415.723,0.103,0,0,0,0,0,0
CONT_s9_dynamic_Valkaama,1789300415.826,0.1029,0,0,0,0,0,0
CONT_s9_dynamic_Valkaama,1789300415.929,0.1029,0,0,0,0,0,0
CONT_s9_dynamic_Valkaama,1789300416.031,0.1028,0,0,0,0,0,0
CONT_s9_dynamic_Valkaama,1789300416.135,0.1031,0,0,0,0,0,0
CONT_s9_dynamic_Valkaama,1789300416.237,0.1029,0,0,0,0,0,0
CONT_s9_dynamic_Valkaama,1789300416.34,0.1029,0,0,0,0,0,0
CONT_s9_dynamic_Valkaama,1789300416.443,0.1027,35097,27,0,155368391.8,13885208.8,2
CONT_s9_dynamic_Valkaama,1789300416.546,0.1029,33156,25,0,67267193.8,59864276.7,2
CONT_s9_dynamic_Valkaama,1789300416.649,0.103,48208,36,0,36289471.9,66797420.3,2
CONT_s9_dynamic_Valkaama,1789300416.753,0.1042,27104,20,0,28531051.8,73178063.9,2
CONT_s9_dynamic_Valkaama,1789300416.856,0.1028,40656,30,0,23924006.9,75669961.2,2
CONT_s9_dynamic_Valkaama,1789300416.959,0.1028,33156,25,0,23869392.0,68023482.8,2
CONT_s9_dynamic_Valkaama,1789300417.062,0.103,36156,27,0,19714234.6,77248867.5,2
CONT_s9_dynamic_Valkaama,1789300417.165,0.1029,45156,33,0,15137626.5,82750668.8,2
CONT_s9_dynamic_Valkaama,1789300417.268,0.103,20803,16,0,17224049.2,70777627.3,2
CONT_s9_dynamic_Valkaama,1789300417.371,0.1029,0,0,0,0,0,0
CONT_s9_dynamic_Valkaama,1789300417.473,0.1028,0,0,0,0,0,0
CONT_s9_dynamic_Valkaama,1789300417.576,0.1028,0,0,0,0,0,0
CONT_s9_dynamic_Valkaama,1789300417.679,0.1029,0,0,0,0,0,0
CONT_s9_dynamic_Valkaama,1789300417.782,0.1029,0,0,0,0,0,0
CONT_s9_dynamic_Valkaama,1789300417.885,0.1028,0,0,0,0,0,0
CONT_s9_dynamic_Valkaama,1789300417.988,0.1029,0,0,0,0,0,0
CONT_s9_dynamic_Valkaama,1789300418.091,0.1029,0,0,0,0,0,0
CONT_s9_dynamic_Valkaama,1789300418.194,0.103,0,0,0,0,0,0
CONT_s9_dynamic_Valkaama,1789300418.297,0.1029,0,0,0,0,0,0
CONT_s9_dynamic_Valkaama,1789300418.399,0.1028,0,0,0,0,0,0
CONT_s9_dynamic_Valkaama,1789300418.502,0.1028,0,0,0,0,0,0
CONT_s9_dynamic_Valkaama,1789300418.605,0.1029,0,0,0,0,0,0
CONT_s9_dynamic_Valkaama,1789300418.708,0.103,0,0,0,0,0,0
CONT_s9_dynamic_Valkaama,1789300418.811,0.1029,0,0,0,0,0,0
CONT_s9_dynamic_Valkaama,1789300418.914,0.1028,0,0,0,0,0,0
CONT_s9_dynamic_Valkaama,1789300419.017,0.1028,0,0,0,0,0,0
CONT_s9_dynamic_Valkaama,1789300419.119,0.1028,0,0,0,0,0,0
CONT_s9_dynamic_Valkaama,1789300419.222,0.103,0,0,0,0,0,0
CONT_s9_dynamic_Valkaama,1789300419.325,0.1029,0,0,0,0,0,0
CONT_s9_dynamic_Valkaama,1789300419.428,0.1029,0,0,0,0,0,0
CONT_s9_dynamic_Valkaama,1789300419.531,0.103,0,0,0,0,0,0
CONT_s9_dynamic_Valkaama,1789300419.634,0.1035,0,0,0,0,0,0
CONT_s9_dynamic_Valkaama,1789300419.737,0.1028,0,0,0,0,0,0
CONT_s9_dynamic_Valkaama,1789300419.84,0.1028,0,0,0,0,0,0
CONT_s9_dynamic_Valkaama,1789300419.943,0.1028,0,0,0,0,0,0
CONT_s9_dynamic_Valkaama,1789300420.046,0.1028,0,0,0,0,0,0
CONT_s9_dynamic_Valkaama,1789300420.149,0.1028,0,0,0,0,0,0
CONT_s9_dynamic_Valkaama,1789300420.253,0.1041,0,0,0,0,0,0
CONT_s9_dynamic_Valkaama,1789300420.356,0.1029,29045,22,0,168525321.4,20366994.7,2
CONT_s9_dynamic_Valkaama,1789300420.458,0.1028,42156,31,0,57696123.3,77733396.9,2
CONT_s9_dynamic_Valkaama,1789300420.561,0.1028,42156,31,0,36721699.3,78124147.8,2
CONT_s9_dynamic_Valkaama,1789300420.664,0.1029,37656,28,0,32229678.7,76835570.3,2
CONT_s9_dynamic_Valkaama,1789300420.767,0.1029,31656,24,0,31169208.8,87877976.7,2
CONT_s9_dynamic_Valkaama,1789300420.87,0.1028,36208,28,0,28551462.1,61343032.0,2
CONT_s9_dynamic_Valkaama,1789300420.973,0.1028,40760,32,0,24222580.8,65766517.5,2
CONT_s9_dynamic_Valkaama,1789300421.075,0.1029,33208,26,0,20217306.8,69902502.5,2
CONT_s9_dynamic_Valkaama,1789300421.178,0.1028,33208,26,0,17257802.1,71080095.5,2
CONT_s9_dynamic_Valkaama,1789300421.281,0.1029,30542,25,0,15149800.5,69015069.7,2
CONT_s9_dynamic_Valkaama,1789300421.384,0.1028,0,0,0,0,0,0
CONT_s9_dynamic_Valkaama,1789300421.487,0.1027,0,0,0,0,0,0
CONT_s9_dynamic_Valkaama,1789300421.589,0.1027,0,0,0,0,0,0
CONT_s9_dynamic_Valkaama,1789300421.692,0.1028,0,0,0,0,0,0
CONT_s9_dynamic_Valkaama,1789300421.795,0.1029,0,0,0,0,0,0
CONT_s9_dynamic_Valkaama,1789300421.898,0.1028,0,0,0,0,0,0
CONT_s9_dynamic_Valkaama,1789300422.001,0.1028,0,0,0,0,0,0
CONT_s9_dynamic_Valkaama,1789300422.104,0.1028,0,0,0,0,0,0
CONT_s9_dynamic_Valkaama,1789300422.207,0.103,0,0,0,0,0,0
CONT_s9_dynamic_Valkaama,1789300422.31,0.103,0,0,0,0,0,0
CONT_s9_dynamic_Valkaama,1789300422.413,0.1029,0,0,0,0,0,0
CONT_s9_dynamic_Valkaama,1789300422.515,0.1029,0,0,0,0,0,0
CONT_s9_dynamic_Valkaama,1789300422.618,0.1028,0,0,0,0,0,0
CONT_s9_dynamic_Valkaama,1789300422.721,0.103,0,0,0,0,0,0
CONT_s9_dynamic_Valkaama,1789300422.824,0.103,0,0,0,0,0,0
CONT_s9_dynamic_Valkaama,1789300422.927,0.103,0,0,0,0,0,0
CONT_s9_dynamic_Valkaama,1789300423.03,0.103,0,0,0,0,0,0
CONT_s9_dynamic_Valkaama,1789300423.134,0.1042,0,0,0,0,0,0
CONT_s9_dynamic_Valkaama,1789300423.237,0.1028,0,0,0,0,0,0
CONT_s9_dynamic_Valkaama,1789300423.34,0.1032,0,0,0,0,0,0
CONT_s9_dynamic_Valkaama,1789300423.443,0.1028,0,0,0,0,0,0
CONT_s9_dynamic_Valkaama,1789300423.546,0.1029,0,0,0,0,0,0
CONT_s9_dynamic_Valkaama,1789300423.649,0.103,0,0,0,0,0,0
CONT_s9_dynamic_Valkaama,1789300423.753,0.1042,0,0,0,0,0,0
CONT_s9_dynamic_Valkaama,1789300423.856,0.1028,0,0,0,0,0,0
CONT_s9_dynamic_Valkaama,1789300423.959,0.1028,0,0,0,0,0,0
CONT_s9_dynamic_Valkaama,1789300424.062,0.1028,0,0,0,0,0,0
CONT_s9_dynamic_Valkaama,1789300424.165,0.1029,0,0,0,0,0,0
CONT_s9_dynamic_Valkaama,1789300424.268,0.1029,0,0,0,0,0,0
CONT_s9_dynamic_Valkaama,1789300424.37,0.1028,39597,30,0,122442268.2,18163997.9,2
CONT_s9_dynamic_Valkaama,1789300424.473,0.1029,36156,27,0,54635965.0,66874516.8,2
CONT_s9_dynamic_Valkaama,1789300424.576,0.1029,34708,27,0,44654836.8,68342446.3,2
CONT_s9_dynamic_Valkaama,1789300424.679,0.1028,36208,28,0,33700813.7,80583966.3,2
CONT_s9_dynamic_Valkaama,1789300424.782,0.1029,30156,23,0,27033184.4,83824209.9,2
CONT_s9_dynamic_Valkaama,1789300424.885,0.1028,45208,34,0,20913367.7,84021624.6,2
CONT_s9_dynamic_Valkaama,1789300424.988,0.1028,31656,24,0,19354008.4,88425652.4,2
CONT_s9_dynamic_Valkaama,1789300425.09,0.1029,39208,30,0,17688405.3,81974093.8,2
CONT_s9_dynamic_Valkaama,1789300425.193,0.103,31619,24,0,15238184.0,55877309.9,2
CONT_s9_dynamic_Valkaama,1789300425.296,0.1029,0,0,0,0,0,0
CONT_s9_dynamic_Valkaama,1789300425.399,0.1027,0,0,0,0,0,0
CONT_s9_dynamic_Valkaama,1789300425.502,0.1028,0,0,0,0,0,0
CONT_s9_dynamic_Valkaama,1789300425.605,0.1028,0,0,0,0,0,0
CONT_s9_dynamic_Valkaama,1789300425.708,0.103,0,0,0,0,0,0
CONT_s9_dynamic_Valkaama,1789300425.811,0.1029,0,0,0,0,0,0
CONT_s9_dynamic_Valkaama,1789300425.913,0.1027,0,0,0,0,0,0
CONT_s9_dynamic_Valkaama,1789300426.016,0.1029,0,0,0,0,0,0
CONT_s9_dynamic_Valkaama,1789300426.119,0.1029,0,0,0,0,0,0
CONT_s9_dynamic_Valkaama,1789300426.222,0.103,0,0,0,0,0,0
CONT_s9_dynamic_Valkaama,1789300426.325,0.1029,0,0,0,0,0,0
CONT_s9_dynamic_Valkaama,1789300426.428,0.1027,0,0,0,0,0,0
CONT_s9_dynamic_Valkaama,1789300426.53,0.1029,0,0,0,0,0,0
CONT_s9_dynamic_Valkaama,1789300426.634,0.1035,0,0,0,0,0,0
CONT_s9_dynamic_Valkaama,1789300426.737,0.1028,0,0,0,0,0,0
CONT_s9_dynamic_Valkaama,1789300426.84,0.1028,0,0,0,0,0,0
CONT_s9_dynamic_Valkaama,1789300426.942,0.1028,0,0,0,0,0,0
CONT_s9_dynamic_Valkaama,1789300427.045,0.1028,0,0,0,0,0,0
CONT_s9_dynamic_Valkaama,1789300427.148,0.1029,0,0,0,0,0,0
CONT_s9_dynamic_Valkaama,1789300427.252,0.1038,0,0,0,0,0,0
CONT_s9_dynamic_Valkaama,1789300427.355,0.1029,0,0,0,0,0,0
CONT_s9_dynamic_Valkaama,1789300427.458,0.1028,0,0,0,0,0,0
CONT_s9_dynamic_Valkaama,1789300427.561,0.1029,0,0,0,0,0,0
CONT_s9_dynamic_Valkaama,1789300427.663,0.1029,0,0,0,0,0,0
CONT_s9_dynamic_Valkaama,1789300427.766,0.1029,0,0,0,0,0,0
CONT_s9_dynamic_Valkaama,1789300427.869,0.1029,0,0,0,0,0,0
CONT_s9_dynamic_Valkaama,1789300427.972,0.1028,0,0,0,0,0,0
CONT_s9_dynamic_Valkaama,1789300428.075,0.1028,0,0,0,0,0,0
CONT_s9_dynamic_Valkaama,1789300428.178,0.103,0,0,0,0,0,0
CONT_s9_dynamic_Valkaama,1789300428.281,0.1029,26045,20,0,184941746.1,15875713.6,2
CONT_s9_dynamic_Valkaama,1789300428.383,0.1028,31656,24,0,79424402.1,58573847.1,2
CONT_s9_dynamic_Valkaama,1789300428.486,0.1028,45260,35,0,45591247.0,56076512.2,2
CONT_s9_dynamic_Valkaama,1789300428.589,0.1029,33208,26,0,36776801.2,72088402.7,2
CONT_s9_dynamic_Valkaama,1789300428.692,0.1029,34708,27,0,28746560.6,75248452.3,2
CONT_s9_dynamic_Valkaama,1789300428.795,0.1029,40708,31,0,21499738.3,77329480.4,2
CONT_s9_dynamic_Valkaama,1789300428.898,0.1028,36208,28,0,19580861.0,79546718.1,2
CONT_s9_dynamic_Valkaama,1789300429.001,0.1029,30156,23,0,16562503.7,82659762.9,2
CONT_s9_dynamic_Valkaama,1789300429.103,0.1029,39208,30,0,14696447.2,83627172.9,2
CONT_s9_dynamic_Valkaama,1789300429.207,0.1031,7610,7,0,14408834.6,67188545.2,2
CONT_s9_dynamic_Valkaama,1789300429.309,0.1029,0,0,0,0,0,0
CONT_s9_dynamic_Valkaama,1789300429.412,0.1028,0,0,0,0,0,0
CONT_s9_dynamic_Valkaama,1789300429.515,0.1028,0,0,0,0,0,0
CONT_s9_dynamic_Valkaama,1789300429.618,0.1029,0,0,0,0,0,0
CONT_s9_dynamic_Valkaama,1789300429.721,0.103,0,0,0,0,0,0
CONT_s9_dynamic_Valkaama,1789300429.824,0.1029,0,0,0,0,0,0
CONT_s9_dynamic_Valkaama,1789300429.927,0.1027,172,3,0,0.0,422827.1,2
CONT_s9_dynamic_Valkaama,1789300430.03,0.1031,48429,37,0,4381553.8,30441951.0,2
CONT_s9_dynamic_Valkaama,1789300430.136,0.1068,37260,44,0,1331130.1,61347807.6,2
CONT_s9_dynamic_Valkaama,1789300430.24,0.1032,36228,46,13,4961129.0,52234020.7,2
CONT_s9_dynamic_Valkaama,1789300430.343,0.1031,33932,37,8,7154458.5,56475495.6,2
CONT_s9_dynamic_Valkaama,1789300430.446,0.103,43168,47,3,6205221.3,45953685.2,2
CONT_s9_dynamic_Valkaama,1789300430.549,0.103,24540,25,6,6041926.2,44994415.9,2
CONT_s9_dynamic_Valkaama,1789300430.652,0.1031,46916,39,0,4326060.8,77355683.9,2
CONT_s9_dynamic_Valkaama,1789300430.756,0.1044,39100,50,0,6902933.5,79407281.3,2
CONT_s9_dynamic_Valkaama,1789300430.859,0.103,27528,27,1,6781017.7,39666937.8,2
CONT_s9_dynamic_Valkaama,1789300430.962,0.1031,36156,27,0,6881838.1,66758759.1,2
CONT_s9_dynamic_Valkaama,1789300431.065,0.103,46708,35,0,6837445.3,65972144.8,2
CONT_s9_dynamic_Valkaama,1789300431.168,0.1031,37656,28,0,7092912.0,62663299.7,2
CONT_s9_dynamic_Valkaama,1789300431.271,0.1031,7604,7,0,6977551.6,57775524.8,2
CONT_s9_dynamic_Valkaama,1789300431.374,0.103,0,0,0,0,0,0
CONT_s9_dynamic_Valkaama,1789300431.477,0.103,0,0,0,0,0,0
CONT_s9_dynamic_Valkaama,1789300431.58,0.103,27464,22,0,20031658.5,144314263.6,2
CONT_s9_dynamic_Valkaama,1789300431.684,0.1031,40656,30,0,11075539.7,73892629.4,2
CONT_s9_dynamic_Valkaama,1789300431.787,0.1031,40656,30,0,9191743.6,75568841.3,2
CONT_s9_dynamic_Valkaama,1789300431.89,0.103,26900,21,0,9483533.3,60436872.2,2
CONT_s9_dynamic_Valkaama,1789300431.993,0.1031,0,0,0,0,0,0
CONT_s9_dynamic_Valkaama,1789300432.096,0.103,0,0,0,0,0,0
CONT_s9_dynamic_Valkaama,1789300432.199,0.103,17961,17,0,214740955.3,10986866.1,4
CONT_s9_dynamic_Valkaama,1789300432.302,0.1031,36156,27,0,81097043.7,49853590.5,2
CONT_s9_dynamic_Valkaama,1789300432.405,0.1029,37708,29,0,48788687.6,62566388.7,2
CONT_s9_dynamic_Valkaama,1789300432.508,0.103,30156,23,0,36014441.1,79439563.0,2
CONT_s9_dynamic_Valkaama,1789300432.611,0.103,46812,37,0,30345810.1,78142186.4,4
CONT_s9_dynamic_Valkaama,1789300432.714,0.1032,31248,26,0,39924568.3,67862329.9,4
CONT_s9_dynamic_Valkaama,1789300432.817,0.1031,39312,32,0,30844462.0,83803588.1,4
CONT_s9_dynamic_Valkaama,1789300432.92,0.103,34812,29,0,31071563.0,71749839.5,4
CONT_s9_dynamic_Valkaama,1789300433.023,0.1031,40864,34,0,28366048.0,82293308.7,4
CONT_s9_dynamic_Valkaama,1789300433.126,0.103,36312,30,0,25083416.6,83630253.8,4
CONT_s9_dynamic_Valkaama,1789300433.229,0.1032,37812,31,0,22310071.3,84091091.7,4
CONT_s9_dynamic_Valkaama,1789300433.332,0.1031,30208,24,0,22214944.6,85730783.5,4
CONT_s9_dynamic_Valkaama,1789300433.435,0.1029,42312,34,0,22554292.4,79403714.9,4
CONT_s9_dynamic_Valkaama,1789300433.538,0.1031,34812,29,0,22532307.2,67510565.6,4
CONT_s9_dynamic_Valkaama,1789300433.642,0.1034,34760,28,0,22161149.6,73315959.8,4
CONT_s9_dynamic_Valkaama,1789300433.746,0.1047,40812,33,0,21756534.9,75193825.4,4
CONT_s9_dynamic_Valkaama,1789300433.849,0.1031,31760,26,0,21262676.0,74408368.8,4
CONT_s9_dynamic_Valkaama,1789300433.952,0.103,37812,31,0,21249712.7,77633547.4,4
CONT_s9_dynamic_Valkaama,1789300434.055,0.103,37812,31,0,19774059.2,83688491.3,4
CONT_s9_dynamic_Valkaama,1789300434.158,0.1031,36312,30,0,21046702.7,87761930.2,4
CONT_s9_dynamic_Valkaama,1789300434.262,0.103,37812,31,0,19627074.5,87766328.3,4
CONT_s9_dynamic_Valkaama,1789300434.365,0.103,37696,29,0,17601991.5,88003418.4,4
CONT_s9_dynamic_Valkaama,1789300434.468,0.103,37760,30,0,15243867.2,60054412.2,2
CONT_s9_dynamic_Valkaama,1789300434.571,0.103,30208,24,0,12136458.0,41543514.2,2
CONT_s9_dynamic_Valkaama,1789300434.674,0.1034,37760,30,0,10248150.7,41491729.7,2
CONT_s9_dynamic_Valkaama,1789300434.777,0.1031,37760,30,0,9138766.0,41580688.0,2
CONT_s9_dynamic_Valkaama,1789300434.88,0.1029,37760,30,0,8419388.2,41431620.9,2
CONT_s9_dynamic_Valkaama,1789300434.983,0.103,37760,30,0,7864820.2,41723284.8,2
CONT_s9_dynamic_Valkaama,1789300435.086,0.103,37760,30,0,7465717.8,41712231.8,2
CONT_s9_dynamic_Valkaama,1789300435.189,0.103,37760,30,0,7178568.2,41706500.9,2
CONT_s9_dynamic_Valkaama,1789300435.292,0.1031,30208,24,0,7023649.5,41589295.2,2
CONT_s9_dynamic_Valkaama,1789300435.395,0.1029,37760,30,0,6865085.3,41546195.7,2
CONT_s9_dynamic_Valkaama,1789300435.498,0.1032,37760,30,0,6762626.8,41314253.6,2
CONT_s9_dynamic_Valkaama,1789300435.601,0.1031,37760,30,0,6699392.7,41411538.8,2
CONT_s9_dynamic_Valkaama,1789300435.704,0.1031,37760,30,0,6643073.8,41262426.1,2
CONT_s9_dynamic_Valkaama,1789300435.808,0.1031,37760,30,0,6615477.3,41446507.9,2
CONT_s9_dynamic_Valkaama,1789300435.911,0.103,30208,24,0,6577264.2,41463434.9,2
CONT_s9_dynamic_Valkaama,1789300436.014,0.103,37760,30,0,6541161.2,41536237.1,2
CONT_s9_dynamic_Valkaama,1789300436.117,0.1031,37760,30,0,6519720.0,41395300.1,2
CONT_s9_dynamic_Valkaama,1789300436.22,0.1032,37760,30,0,6503584.5,41382839.0,2
CONT_s9_dynamic_Valkaama,1789300436.323,0.1031,38565,32,0,6172235.2,37750948.2,2
CONT_s9_dynamic_Valkaama,1789300436.426,0.1029,37760,30,0,6641491.8,35082349.9,2
CONT_s9_dynamic_Valkaama,1789300436.529,0.1031,37760,30,0,6641475.2,41515074.5,2
CONT_s9_dynamic_Valkaama,1789300436.634,0.1051,30208,24,0,6604866.8,41388965.4,2
CONT_s9_dynamic_Valkaama,1789300436.737,0.1034,37760,30,0,6575449.5,41388946.2,2
CONT_s9_dynamic_Valkaama,1789300436.841,0.1031,37760,30,0,6561592.3,41410372.4,2
CONT_s9_dynamic_Valkaama,1789300436.944,0.1031,37760,30,0,6545958.7,41422033.2,2
CONT_s9_dynamic_Valkaama,1789300437.047,0.1031,37760,30,0,6532617.5,41350511.1,2
CONT_s9_dynamic_Valkaama,1789300437.15,0.1033,37760,30,0,6518443.3,41457038.1,2
CONT_s9_dynamic_Valkaama,1789300437.254,0.1043,37760,30,0,6519803.0,41304708.3,2
CONT_s9_dynamic_Valkaama,1789300437.358,0.1033,30208,24,0,6510935.5,41415835.3,2
CONT_s9_dynamic_Valkaama,1789300437.461,0.1033,37760,30,0,6505148.2,41331755.8,2
CONT_s9_dynamic_Valkaama,1789300437.564,0.103,37760,30,0,6487008.3,41390731.2,2
CONT_s9_dynamic_Valkaama,1789300437.667,0.1031,37760,30,0,6489172.3,41429004.7,2
CONT_s9_dynamic_Valkaama,1789300437.77,0.1031,37760,30,0,6481309.3,41294149.0,2
CONT_s9_dynamic_Valkaama,1789300437.873,0.1031,37760,30,0,6487873.5,41514174.5,2
CONT_s9_dynamic_Valkaama,1789300437.976,0.1031,37760,30,0,6480909.2,41506010.5,2
CONT_s9_dynamic_Valkaama,1789300438.079,0.1031,30208,24,0,6486345.7,41380646.7,2
CONT_s9_dynamic_Valkaama,1789300438.183,0.1031,37760,30,0,6495656.2,41525279.9,2
CONT_s9_dynamic_Valkaama,1789300438.286,0.1032,37760,30,0,6501346.8,41385624.7,2
CONT_s9_dynamic_Valkaama,1789300438.389,0.103,37760,30,0,6500689.3,41392806.8,2
CONT_s9_dynamic_Valkaama,1789300438.492,0.1031,37760,30,0,6495198.8,41466490.5,2
CONT_s9_dynamic_Valkaama,1789300438.595,0.103,37760,30,0,6505484.0,41317142.1,2
CONT_s9_dynamic_Valkaama,1789300438.698,0.103,30208,24,0,6502798.7,41387010.2,2
CONT_s9_dynamic_Valkaama,1789300438.801,0.1032,37760,30,0,6502610.8,41409429.1,2
CONT_s9_dynamic_Valkaama,1789300438.904,0.103,37760,30,0,6491600.5,41438239.9,2
CONT_s9_dynamic_Valkaama,1789300439.007,0.103,37760,30,0,6504504.2,41455054.6,2
CONT_s9_dynamic_Valkaama,1789300439.11,0.103,37760,30,0,6519083.0,41207081.9,2
CONT_s9_dynamic_Valkaama,1789300439.213,0.1032,37760,30,0,6502011.7,41394318.3,2
CONT_s9_dynamic_Valkaama,1789300439.316,0.103,37760,30,0,6495677.8,41500437.4,2
CONT_s9_dynamic_Valkaama,1789300439.419,0.103,30208,24,0,6512238.3,41393834.3,2
CONT_s9_dynamic_Valkaama,1789300439.523,0.1031,37760,30,0,6508869.5,41369402.1,2
CONT_s9_dynamic_Valkaama,1789300439.626,0.1031,37760,30,0,6511357.7,41459988.7,2
CONT_s9_dynamic_Valkaama,1789300439.729,0.1032,39804,33,0,6234716.8,27301459.3,2
CONT_s9_dynamic_Valkaama,1789300439.832,0.103,37760,30,0,6646555.2,41356720.7,2
CONT_s9_dynamic_Valkaama,1789300439.935,0.1032,1479666,1130,10,706173.6,1272200.1,2
CONT_s9_dynamic_Valkaama,1789300440.038,0.1031,18768,24,7,567716.0,48069850.5,2
CONT_s9_dynamic_Valkaama,1789300440.141,0.103,14076,18,9,4224607.0,103125751.0,2
CONT_s9_dynamic_Valkaama,1789300440.246,0.1054,23580,30,9,11822419.5,114921443.1,2
CONT_s9_dynamic_Valkaama,1789300440.35,0.1032,18864,24,6,14028292.5,110820822.4,2
CONT_s9_dynamic_Valkaama,1789300440.453,0.1031,14148,18,9,11129626.0,102515028.2,2
CONT_s9_dynamic_Valkaama,1789300440.556,0.103,20436,26,0,13047195.0,137691381.0,2
CONT_s9_dynamic_Valkaama,1789300440.659,0.1031,22008,28,1,14213771.5,110555121.4,2
CONT_s9_dynamic_Valkaama,1789300440.762,0.1031,18792,24,12,8894743.5,90339089.7,2
CONT_s9_dynamic_Valkaama,1789300440.865,0.1031,14076,18,2,9950653.0,131773320.5,2
CONT_s9_dynamic_Valkaama,1789300440.968,0.1031,21664,25,8,9331623.0,114056091.6,3
CONT_s9_dynamic_Valkaama,1789300441.071,0.1031,17209,17,1,6995393.4,97254871.3,3
CONT_s9_dynamic_Valkaama,1789300441.175,0.1035,18312,18,0,8863306.7,50410732.1,2
CONT_s9_dynamic_Valkaama,1789300441.278,0.1033,18312,18,0,10636203.3,50385185.4,2
CONT_s9_dynamic_Valkaama,1789300441.381,0.1032,18312,18,0,11413736.0,50324305.8,2
CONT_s9_dynamic_Valkaama,1789300441.484,0.1033,18312,18,0,11703495.7,50172800.4,2
CONT_s9_dynamic_Valkaama,1789300441.588,0.1032,18312,18,0,11757713.3,50129699.2,2
CONT_s9_dynamic_Valkaama,1789300441.691,0.1033,18312,18,0,11766840.7,50211506.3,2
CONT_s9_dynamic_Valkaama,1789300441.794,0.1032,18312,18,0,11725244.0,50127064.2,2
CONT_s9_dynamic_Valkaama,1789300441.897,0.1031,18312,18,0,11701082.0,50151925.3,2
CONT_s9_dynamic_Valkaama,1789300442.0,0.1032,18312,18,0,11671771.0,50045485.1,2
CONT_s9_dynamic_Valkaama,1789300442.104,0.1032,18312,18,0,11672132.3,50209812.8,2
CONT_s9_dynamic_Valkaama,1789300442.207,0.1033,18312,18,0,11655153.0,50242914.0,2
CONT_s9_dynamic_Valkaama,1789300442.31,0.1033,18312,18,0,11635257.7,50195422.7,2
CONT_s9_dynamic_Valkaama,1789300442.413,0.1032,18312,18,0,11641420.7,50161799.6,2
CONT_s9_dynamic_Valkaama,1789300442.517,0.1032,18312,18,0,11660345.0,50226241.1,2
CONT_s9_dynamic_Valkaama,1789300442.62,0.1032,18312,18,0,11641300.3,50202335.1,2
CONT_s9_dynamic_Valkaama,1789300442.723,0.1034,18312,18,0,11639676.0,50217264.2,2
CONT_s9_dynamic_Valkaama,1789300442.826,0.1032,18312,18,0,11630054.3,50024468.2,2
CONT_s9_dynamic_Valkaama,1789300442.93,0.1032,18312,18,0,11657877.0,50066611.3,2
CONT_s9_dynamic_Valkaama,1789300443.033,0.1033,18312,18,0,11665859.7,50315691.4,2
CONT_s9_dynamic_Valkaama,1789300443.137,0.1036,18312,18,0,11659205.0,50215833.1,2
CONT_s9_dynamic_Valkaama,1789300443.24,0.1032,18312,18,0,11650409.7,50155447.6,2
CONT_s9_dynamic_Valkaama,1789300443.343,0.1032,18312,18,0,11641083.7,50284345.3,2
CONT_s9_dynamic_Valkaama,1789300443.446,0.1032,18312,18,0,11618802.0,50157618.4,2
CONT_s9_dynamic_Valkaama,1789300443.549,0.1032,17118,17,0,10923406.7,40128236.0,2
CONT_s9_dynamic_Valkaama,1789300443.653,0.1032,18312,18,0,11498608.3,50119349.9,2
CONT_s9_dynamic_Valkaama,1789300443.757,0.1047,18312,18,0,11596697.3,50361745.9,2
CONT_s9_dynamic_Valkaama,1789300443.861,0.1033,18312,18,0,11637550.7,50043318.2,2
CONT_s9_dynamic_Valkaama,1789300443.964,0.1038,18312,18,0,11645653.3,50253442.4,2
CONT_s9_dynamic_Valkaama,1789300444.068,0.1032,18312,18,0,11687970.7,50301696.6,2
CONT_s9_dynamic_Valkaama,1789300444.171,0.1032,18312,18,0,11678793.7,50192028.2,2
CONT_s9_dynamic_Valkaama,1789300444.274,0.1032,18312,18,0,11686580.0,50263205.0,2
CONT_s9_dynamic_Valkaama,1789300444.377,0.1031,18312,18,0,11707734.7,50037531.1,2
CONT_s9_dynamic_Valkaama,1789300444.48,0.1032,18312,18,0,11687791.0,50293760.0,2
CONT_s9_dynamic_Valkaama,1789300444.584,0.1031,18312,18,0,11659538.3,49981512.8,2
CONT_s9_dynamic_Valkaama,1789300444.687,0.1033,18312,18,0,11629309.0,50216557.5,2
CONT_s9_dynamic_Valkaama,1789300444.79,0.1033,18312,18,0,11649921.7,50084001.8,2
CONT_s9_dynamic_Valkaama,1789300444.893,0.1032,18312,18,0,11644312.3,50080670.0,2
CONT_s9_dynamic_Valkaama,1789300444.997,0.1032,18312,18,0,11647367.0,50411694.4,2
CONT_s9_dynamic_Valkaama,1789300445.1,0.1032,18312,18,0,11621335.3,50290512.0,2
CONT_s9_dynamic_Valkaama,1789300445.203,0.1033,18312,18,0,11589553.7,50430979.1,2
CONT_s9_dynamic_Valkaama,1789300445.306,0.1033,18312,18,0,11570884.7,50438495.0,2
CONT_s9_dynamic_Valkaama,1789300445.409,0.1032,18312,18,0,11559722.7,50424028.0,2
CONT_s9_dynamic_Valkaama,1789300445.513,0.1032,18312,18,0,11622691.7,50262844.8,2
CONT_s9_dynamic_Valkaama,1789300445.616,0.1032,18312,18,0,11621562.3,50132538.4,2
CONT_s9_dynamic_Valkaama,1789300445.719,0.1034,18312,18,0,11624432.0,50073805.1,2
CONT_s9_dynamic_Valkaama,1789300445.822,0.1032,18312,18,0,11617274.7,50279840.0,2
CONT_s9_dynamic_Valkaama,1789300445.926,0.1031,18312,18,0,11614046.7,50273786.2,2
CONT_s9_dynamic_Valkaama,1789300446.029,0.1032,19141,20,0,11238226.2,37837535.9,2
CONT_s9_dynamic_Valkaama,1789300446.134,0.1054,18312,18,0,11659805.3,50196122.5,2
CONT_s9_dynamic_Valkaama,1789300446.237,0.1032,18312,18,0,11704979.0,50206121.6,2
CONT_s9_dynamic_Valkaama,1789300446.341,0.1032,18312,18,0,11725082.3,50375332.1,2
CONT_s9_dynamic_Valkaama,1789300446.444,0.1031,18312,18,0,11695213.7,50171774.6,2
CONT_s9_dynamic_Valkaama,1789300446.547,0.1032,18312,18,0,11670005.0,50161500.7,2
CONT_s9_dynamic_Valkaama,1789300446.65,0.1033,18312,18,0,11659587.7,50096083.6,2
CONT_s9_dynamic_Valkaama,1789300446.755,0.1049,18312,18,0,11651727.0,50135910.0,2
CONT_s9_dynamic_Valkaama,1789300446.858,0.1032,18312,18,0,11646681.3,50234425.4,2
CONT_s9_dynamic_Valkaama,1789300446.962,0.1032,18312,18,0,11629403.0,50270214.9,2
CONT_s9_dynamic_Valkaama,1789300447.065,0.1031,18312,18,0,11662197.0,50228320.7,2
CONT_s9_dynamic_Valkaama,1789300447.168,0.1033,18312,18,0,11661511.7,50137332.4,2
CONT_s9_dynamic_Valkaama,1789300447.271,0.1032,18312,18,0,11659870.3,50340369.4,2
CONT_s9_dynamic_Valkaama,1789300447.374,0.1032,18312,18,0,11662868.0,50086470.4,2
CONT_s9_dynamic_Valkaama,1789300447.478,0.1032,18312,18,0,11643144.0,50229571.3,2
CONT_s9_dynamic_Valkaama,1789300447.581,0.1032,18312,18,0,11666282.0,50145483.5,2
CONT_s9_dynamic_Valkaama,1789300447.684,0.1034,18312,18,0,11637297.0,50378837.7,2
CONT_s9_dynamic_Valkaama,1789300447.787,0.1033,18260,17,0,12283167.0,50366881.5,2
CONT_s9_dynamic_Valkaama,1789300447.891,0.1032,15312,16,0,10911554.1,49752720.2,2
CONT_s9_dynamic_Valkaama,1789300447.994,0.1032,18312,18,0,11644713.3,50319550.6,2
CONT_s9_dynamic_Valkaama,1789300448.097,0.1033,18312,18,0,11613789.7,50249242.0,2
CONT_s9_dynamic_Valkaama,1789300448.201,0.1035,18312,18,0,11598179.0,50270878.3,2
CONT_s9_dynamic_Valkaama,1789300448.304,0.1036,18312,18,0,11596629.3,50337825.7,2
CONT_s9_dynamic_Valkaama,1789300448.408,0.1034,18312,18,0,11585040.3,50352686.9,2
CONT_s9_dynamic_Valkaama,1789300448.511,0.1033,18988,20,0,11283491.2,35661633.0,2
CONT_s9_dynamic_Valkaama,1789300448.614,0.1032,18312,18,0,11635760.3,50417666.4,2
CONT_s9_dynamic_Valkaama,1789300448.717,0.1032,18312,18,0,11659917.7,50375505.0,2
CONT_s9_dynamic_Valkaama,1789300448.821,0.1032,18312,18,0,11647004.7,50393523.0,2
CONT_s9_dynamic_Valkaama,1789300448.924,0.1031,18312,18,0,11622208.7,50396465.7,2
CONT_s9_dynamic_Valkaama,1789300449.027,0.1032,18312,18,0,11597362.0,50394931.3,2
CONT_s9_dynamic_Valkaama,1789300449.132,0.1054,18312,18,0,11577915.0,50423049.4,2
CONT_s9_dynamic_Valkaama,1789300449.236,0.1034,18312,18,0,11570981.3,50446752.4,2
CONT_s9_dynamic_Valkaama,1789300449.339,0.1034,18312,18,0,11585259.3,50243995.9,2
CONT_s9_dynamic_Valkaama,1789300449.442,0.1033,18312,18,0,11609061.7,50098299.5,2
CONT_s9_dynamic_Valkaama,1789300449.546,0.1033,18312,18,0,11607600.7,50178005.9,2
CONT_s9_dynamic_Valkaama,1789300449.649,0.1033,18312,18,0,11611498.3,50185346.3,2
CONT_s9_dynamic_Valkaama,1789300449.755,0.106,18312,18,0,11598537.0,50314242.3,2
CONT_s9_dynamic_Valkaama,1789300449.858,0.1035,18312,18,0,11631650.0,50223390.4,2
CONT_s9_dynamic_Valkaama,1789300449.962,0.1033,18312,18,0,11646519.7,50120636.6,2
CONT_s9_dynamic_Valkaama,1789300450.065,0.1032,18312,18,0,11641797.7,50184963.5,2
CONT_s9_dynamic_Valkaama,1789300450.168,0.1032,18312,18,0,11611145.0,50330570.2,2
CONT_s9_dynamic_Valkaama,1789300450.271,0.1032,18312,18,0,11586160.0,50451007.5,2
CONT_s9_dynamic_Valkaama,1789300450.375,0.1032,18312,18,0,11569259.7,50420824.7,2
CONT_s9_dynamic_Valkaama,1789300450.478,0.1032,18312,18,0,11567965.0,50429040.2,2
CONT_s9_dynamic_Valkaama,1789300450.581,0.1032,18312,18,0,11588552.0,50254973.1,2
CONT_s9_dynamic_Valkaama,1789300450.684,0.1033,18312,18,0,11592054.7,50325626.6,2
CONT_s9_dynamic_Valkaama,1789300450.787,0.1033,18312,18,0,11624562.3,50213569.6,2
CONT_s9_dynamic_Valkaama,1789300450.891,0.1032,18312,18,0,11618440.0,50100310.3,2
CONT_s9_dynamic_Valkaama,1789300450.994,0.1033,15708,16,0,11352621.1,44989652.8,2
CONT_s9_dynamic_Valkaama,1789300451.097,0.1033,52,1,0,2343534.0,48313188.0,1
CONT_s9_dynamic_Valkaama,1789300451.201,0.1034,0,0,0,0,0,0
CONT_s9_dynamic_Valkaama,1789300451.304,0.1033,0,0,0,0,0,0
CONT_s9_dynamic_Valkaama,1789300451.407,0.1031,0,0,0,0,0,0
CONT_s9_dynamic_Valkaama,1789300451.51,0.1033,0,0,0,0,0,0
CONT_s9_dynamic_Valkaama,1789300451.613,0.1032,0,0,0,0,0,0
CONT_s9_dynamic_Valkaama,1789300451.717,0.1032,0,0,0,0,0,0
CONT_s9_dynamic_Valkaama,1789300451.82,0.1033,0,0,0,0,0,0
CONT_s9_dynamic_Valkaama,1789300451.923,0.1032,0,0,0,0,0,0
CONT_s9_dynamic_Valkaama,1789300452.026,0.1032,15493,12,0,88955446.3,606759.8,2
CONT_s9_dynamic_Valkaama,1789300452.131,0.1044,15052,11,0,55766120.1,84123862.5,2
CONT_s9_dynamic_Valkaama,1789300452.234,0.1034,18156,15,0,45138334.2,50390071.8,2
CONT_s9_dynamic_Valkaama,1789300452.337,0.1032,18104,14,0,32447657.0,119701428.0,2
CONT_s9_dynamic_Valkaama,1789300452.44,0.1032,21104,16,0,25761468.9,111112518.6,2
CONT_s9_dynamic_Valkaama,1789300452.544,0.1032,21104,16,0,22832230.9,119605823.3,2
CONT_s9_dynamic_Valkaama,1789300452.647,0.1033,18156,15,0,24865150.0,80184867.0,2
CONT_s9_dynamic_Valkaama,1789300452.751,0.1041,13604,11,0,22760297.5,71956796.2,2
CONT_s9_dynamic_Valkaama,1789300452.854,0.1031,22656,18,0,20463942.7,84962578.0,2
CONT_s9_dynamic_Valkaama,1789300452.957,0.1033,18156,15,0,20295137.4,76373969.0,2
CONT_s9_dynamic_Valkaama,1789300453.061,0.1032,13604,11,0,19324569.3,93722885.1,2
CONT_s9_dynamic_Valkaama,1789300453.164,0.1033,18104,14,0,17698952.7,98245099.1,2
CONT_s9_dynamic_Valkaama,1789300453.267,0.1032,18104,14,0,17006205.7,102432864.2,2
CONT_s9_dynamic_Valkaama,1789300453.37,0.1032,18104,14,0,16457445.0,102303137.3,2
CONT_s9_dynamic_Valkaama,1789300453.474,0.1032,18104,14,0,16011832.3,102564207.4,2
CONT_s9_dynamic_Valkaama,1789300453.577,0.1032,19656,16,0,16352719.2,89260574.8,2
CONT_s9_dynamic_Valkaama,1789300453.68,0.1033,19656,16,0,16422393.8,110514282.1,2
CONT_s9_dynamic_Valkaama,1789300453.783,0.1033,10552,8,0,15884615.0,119175522.9,2
CONT_s9_dynamic_Valkaama,1789300453.886,0.1031,21104,16,0,15198918.0,119558715.2,2
CONT_s9_dynamic_Valkaama,1789300453.99,0.1032,21104,16,0,14779495.4,119531038.1,2
CONT_s9_dynamic_Valkaama,1789300454.093,0.1032,21104,16,0,14484297.8,119767711.9,2
CONT_s9_dynamic_Valkaama,1789300454.196,0.1034,10552,8,0,14362393.4,119752190.4,2
CONT_s9_dynamic_Valkaama,1789300454.3,0.1037,21104,16,0,14154864.4,119786663.1,2
CONT_s9_dynamic_Valkaama,1789300454.403,0.1032,21104,16,0,13982472.5,119822661.1,2
CONT_s9_dynamic_Valkaama,1789300454.506,0.1032,13604,11,0,14245993.5,98026370.6,2
CONT_s9_dynamic_Valkaama,1789300454.609,0.1032,19604,15,0,14519978.7,128271522.2,2
CONT_s9_dynamic_Valkaama,1789300454.713,0.1033,21156,17,0,15077833.7,85052192.7,2
CONT_s9_dynamic_Valkaama,1789300454.816,0.1033,16656,14,0,15315516.2,93305748.9,2
CONT_s9_dynamic_Valkaama,1789300454.919,0.1031,18156,15,0,15372519.0,99001943.2,2
CONT_s9_dynamic_Valkaama,1789300455.022,0.1032,18758,17,0,15238296.9,78958124.1,2
CONT_s9_dynamic_Valkaama,1789300455.125,0.1032,18104,14,0,14938784.6,101873064.1,2
CONT_s9_dynamic_Valkaama,1789300455.229,0.1034,18104,14,0,14684799.1,102473331.4,2
CONT_s9_dynamic_Valkaama,1789300455.332,0.1032,16604,13,0,14664197.9,93840163.7,2
CONT_s9_dynamic_Valkaama,1789300455.435,0.1032,18104,14,0,14451719.4,102471415.9,2
CONT_s9_dynamic_Valkaama,1789300455.538,0.1032,21156,17,0,14697813.8,102385242.8,2
CONT_s9_dynamic_Valkaama,1789300455.642,0.1033,12104,10,0,15031303.4,127913662.6,2
CONT_s9_dynamic_Valkaama,1789300455.746,0.1043,22656,18,0,15409466.5,127833886.1,2
CONT_s9_dynamic_Valkaama,1789300455.849,0.1032,18104,14,0,15406292.3,127990370.7,2
CONT_s9_dynamic_Valkaama,1789300455.952,0.1031,19708,17,0,15891365.5,90366018.9,2
CONT_s9_dynamic_Valkaama,1789300456.056,0.1032,16656,14,0,15762316.6,80481729.3,2
CONT_s9_dynamic_Valkaama,1789300456.159,0.1032,18156,15,0,15826966.4,101761540.7,2
CONT_s9_dynamic_Valkaama,1789300456.262,0.1032,19604,15,0,15951429.8,107985023.3,2
CONT_s9_dynamic_Valkaama,1789300456.365,0.1033,15156,13,0,15850770.6,110205193.3,2
CONT_s9_dynamic_Valkaama,1789300456.469,0.1032,15104,12,0,15676613.8,114947177.7,2
CONT_s9_dynamic_Valkaama,1789300456.572,0.1034,21156,17,0,15825843.2,119390124.3,2
CONT_s9_dynamic_Valkaama,1789300456.675,0.1034,10604,9,0,16212197.1,118908518.8,2
CONT_s9_dynamic_Valkaama,1789300456.779,0.1034,22656,18,0,16161922.5,125167163.2,2
CONT_s9_dynamic_Valkaama,1789300456.882,0.1031,22656,18,0,16246622.7,127677437.1,2
CONT_s9_dynamic_Valkaama,1789300456.985,0.1033,18104,14,0,16054695.7,128031333.8,2
CONT_s9_dynamic_Valkaama,1789300457.088,0.1032,13656,12,0,16727490.5,93266771.2,2
CONT_s9_dynamic_Valkaama,1789300457.191,0.1032,22708,19,0,16365518.4,81757148.2,2
CONT_s9_dynamic_Valkaama,1789300457.295,0.1034,18156,15,0,16314554.4,101962884.3,2
CONT_s9_dynamic_Valkaama,1789300457.398,0.1033,15104,12,0,16169436.3,106246369.4,2
CONT_s9_dynamic_Valkaama,1789300457.501,0.1033,19656,16,0,16150107.2,110431441.6,2
CONT_s9_dynamic_Valkaama,1789300457.605,0.1032,15104,12,0,15908868.0,114918801.9,2
CONT_s9_dynamic_Valkaama,1789300457.708,0.1033,21156,17,0,16012329.9,119405112.7,2
CONT_s9_dynamic_Valkaama,1789300457.811,0.1034,10604,9,0,16427118.9,118707304.9,2
CONT_s9_dynamic_Valkaama,1789300457.914,0.1032,22656,18,0,16280834.0,124937521.7,2
CONT_s9_dynamic_Valkaama,1789300458.018,0.1033,21033,18,0,16302439.2,101699045.3,2
CONT_s9_dynamic_Valkaama,1789300458.121,0.1033,10552,8,0,15892825.0,56195597.6,2
CONT_s9_dynamic_Valkaama,1789300458.224,0.1034,21104,16,0,15369660.2,119350010.6,2
CONT_s9_dynamic_Valkaama,1789300458.328,0.1033,24156,19,0,15595383.6,105099636.9,2
CONT_s9_dynamic_Valkaama,1789300458.431,0.1032,13604,11,0,16217562.4,76492809.8,2
CONT_s9_dynamic_Valkaama,1789300458.534,0.1033,19656,16,0,16258648.1,73466395.2,2
CONT_s9_dynamic_Valkaama,1789300458.638,0.1035,18156,15,0,16093275.2,97791768.0,2
CONT_s9_dynamic_Valkaama,1789300458.742,0.1047,19656,16,0,15780958.5,104920151.3,2
CONT_s9_dynamic_Valkaama,1789300458.846,0.1034,19656,16,0,15640710.6,110575516.0,2
CONT_s9_dynamic_Valkaama,1789300458.949,0.1031,13604,11,0,15690433.8,114792651.0,2
CONT_s9_dynamic_Valkaama,1789300459.052,0.1033,21156,17,0,15696663.9,119023825.4,2
CONT_s9_dynamic_Valkaama,1789300459.155,0.1033,12104,10,0,15789275.4,119166417.0,2
CONT_s9_dynamic_Valkaama,1789300459.259,0.1033,22656,18,0,15868087.0,127917859.7,2
CONT_s9_dynamic_Valkaama,1789300459.362,0.1031,18104,14,0,15742445.0,128177562.3,2
CONT_s9_dynamic_Valkaama,1789300459.465,0.1032,15104,12,0,15849337.7,127994413.7,2
CONT_s9_dynamic_Valkaama,1789300459.568,0.1033,21208,18,0,16388343.4,104498375.7,2
CONT_s9_dynamic_Valkaama,1789300459.671,0.1033,18156,15,0,16304457.4,81932777.4,2
CONT_s9_dynamic_Valkaama,1789300459.775,0.1032,18156,15,0,16271197.8,101952523.5,2
CONT_s9_dynamic_Valkaama,1789300459.878,0.1033,19656,16,0,16074027.1,104892382.6,2
CONT_s9_dynamic_Valkaama,1789300459.981,0.1033,13604,11,0,15973029.7,110801841.8,2
CONT_s9_dynamic_Valkaama,1789300460.085,0.1033,21156,17,0,15866125.6,113308122.4,2
CONT_s9_dynamic_Valkaama,1789300460.188,0.1033,10604,9,0,16218849.3,118746724.1,2
CONT_s9_dynamic_Valkaama,1789300460.291,0.1035,21156,17,0,16232889.5,119090343.1,2
CONT_s9_dynamic_Valkaama,1789300460.395,0.1032,22656,18,0,16239017.2,125296256.1,2
CONT_s9_dynamic_Valkaama,1789300460.498,0.1032,18104,14,0,16024542.9,128267377.9,2
CONT_s9_dynamic_Valkaama,1789300460.601,0.1032,15104,12,0,16159140.3,128143899.3,2
CONT_s9_dynamic_Valkaama,1789300460.704,0.1034,21208,18,0,16695389.6,104915273.8,2
CONT_s9_dynamic_Valkaama,1789300460.808,0.1033,18389,16,0,16881861.0,64506917.8,2
CONT_s9_dynamic_Valkaama,1789300460.911,0.1032,18104,14,0,15774892.9,102196936.1,2
CONT_s9_dynamic_Valkaama,1789300461.014,0.1034,18104,14,0,15339738.1,102164695.8,2
CONT_s9_dynamic_Valkaama,1789300461.118,0.1033,19656,16,0,15635098.5,97468488.8,2
CONT_s9_dynamic_Valkaama,1789300461.221,0.1034,10604,9,0,15844269.3,110711900.2,2
CONT_s9_dynamic_Valkaama,1789300461.324,0.1032,21156,17,0,15987604.3,119365717.0,2
CONT_s9_dynamic_Valkaama,1789300461.427,0.1033,21156,17,0,16134216.5,119532010.3,2
CONT_s9_dynamic_Valkaama,1789300461.531,0.1032,18104,14,0,16425659.3,123886112.9,2
CONT_s9_dynamic_Valkaama,1789300461.635,0.1044,15104,12,0,16403365.2,118072882.6,2
CONT_s9_dynamic_Valkaama,1789300461.738,0.1032,22656,18,0,16423402.0,127607389.5,2
CONT_s9_dynamic_Valkaama,1789300461.842,0.1032,18156,15,0,16761482.6,104847873.1,2
CONT_s9_dynamic_Valkaama,1789300461.945,0.1032,16656,14,0,16707953.9,89304281.1,2
CONT_s9_dynamic_Valkaama,1789300462.048,0.1033,16604,13,0,15941320.4,89587781.5,2
CONT_s9_dynamic_Valkaama,1789300462.151,0.1033,18104,14,0,15383212.0,102429670.9,2
CONT_s9_dynamic_Valkaama,1789300462.255,0.1032,18104,14,0,15008853.1,102469270.4,2
CONT_s9_dynamic_Valkaama,1789300462.358,0.1031,18104,14,0,14724182.7,102518242.1,2
CONT_s9_dynamic_Valkaama,1789300462.461,0.1033,21156,17,0,14944504.8,98054305.0,2
CONT_s9_dynamic_Valkaama,1789300462.564,0.1033,10552,8,0,14713098.5,119795655.0,2
CONT_s9_dynamic_Valkaama,1789300462.667,0.1033,21104,16,0,14309309.9,119769892.0,2
CONT_s9_dynamic_Valkaama,1789300462.771,0.1033,18104,14,0,14369673.0,111069798.3,2
CONT_s9_dynamic_Valkaama,1789300462.874,0.1033,15104,12,0,14634990.3,128157675.0,2
CONT_s9_dynamic_Valkaama,1789300462.977,0.1034,21208,18,0,15210729.4,104853268.5,2
CONT_s9_dynamic_Valkaama,1789300463.081,0.1032,21156,17,0,15148490.4,87850995.1,2
CONT_s9_dynamic_Valkaama,1789300463.184,0.1033,18104,14,0,14816630.1,97963117.6,2
CONT_s9_dynamic_Valkaama,1789300463.287,0.1033,18104,14,0,14480245.3,102408934.0,2
CONT_s9_dynamic_Valkaama,1789300463.39,0.1032,10604,9,0,14483074.7,84627356.8,2
CONT_s9_dynamic_Valkaama,1789300463.494,0.1033,21156,17,0,15002367.4,116184298.1,2
CONT_s9_dynamic_Valkaama,1789300463.597,0.1032,14510,13,0,14769091.1,108455077.4,2
CONT_s9_dynamic_Valkaama,1789300463.7,0.1033,21104,16,0,14846434.0,54014026.7,2
CONT_s9_dynamic_Valkaama,1789300463.803,0.1033,21104,16,0,14517417.9,119614163.2,2
CONT_s9_dynamic_Valkaama,1789300463.907,0.1032,21104,16,0,14283298.4,119862282.4,2
CONT_s9_dynamic_Valkaama,1789300464.01,0.1033,10552,8,0,14178724.6,119307281.7,2
CONT_s9_dynamic_Valkaama,1789300464.113,0.1032,22656,18,0,14796983.0,97644425.2,2
CONT_s9_dynamic_Valkaama,1789300464.217,0.1034,19656,16,0,15164597.8,76444726.9,2
CONT_s9_dynamic_Valkaama,1789300464.32,0.1033,16997,17,0,12628790.4,79268960.1,4
CONT_s9_dynamic_Valkaama,1789300464.423,0.1034,18208,16,0,14473111.9,102197107.3,3
CONT_s9_dynamic_Valkaama,1789300464.527,0.1035,18208,16,0,15664373.4,135494274.2,4
CONT_s9_dynamic_Valkaama,1789300464.634,0.1068,19760,18,0,18903816.6,97589105.0,4
CONT_s9_dynamic_Valkaama,1789300464.737,0.1036,19760,18,0,22540343.3,133887984.2,4
CONT_s9_dynamic_Valkaama,1789300464.841,0.1034,18208,16,0,23815223.4,134451120.2,4
CONT_s9_dynamic_Valkaama,1789300464.944,0.1034,18208,16,0,22816496.1,135912150.1,4
CONT_s9_dynamic_Valkaama,1789300465.047,0.1035,12156,11,0,24935441.9,123005330.1,4
CONT_s9_dynamic_Valkaama,1789300465.151,0.1034,21208,18,0,28504542.3,141676584.2,4
CONT_s9_dynamic_Valkaama,1789300465.255,0.1041,21208,18,0,30043941.6,137140188.7,4
CONT_s9_dynamic_Valkaama,1789300465.358,0.1034,13656,12,0,35018177.8,145381197.0,4
CONT_s9_dynamic_Valkaama,1789300465.462,0.1034,21208,18,0,31246720.4,136310380.8,4
CONT_s9_dynamic_Valkaama,1789300465.565,0.1034,18208,16,0,33469439.1,127536822.4,4
CONT_s9_dynamic_Valkaama,1789300465.668,0.1034,18208,16,0,33887413.8,136126887.5,4
CONT_s9_dynamic_Valkaama,1789300465.772,0.1034,15208,14,0,35524366.1,140849075.2,4
CONT_s9_dynamic_Valkaama,1789300465.875,0.1034,18260,17,0,35227441.3,96913189.5,4
CONT_s9_dynamic_Valkaama,1789300465.979,0.1034,18260,17,0,35179218.6,115881573.6,4
CONT_s9_dynamic_Valkaama,1789300466.082,0.1034,19760,18,0,33837464.5,125878801.3,4
CONT_s9_dynamic_Valkaama,1789300466.186,0.1044,18208,16,0,35851471.9,133091953.1,4
CONT_s9_dynamic_Valkaama,1789300466.29,0.1034,16708,15,0,35905745.7,140588775.9,4
CONT_s9_dynamic_Valkaama,1789300466.393,0.1033,21260,19,0,33695833.2,135922321.3,4
CONT_s9_dynamic_Valkaama,1789300466.497,0.1034,16656,14,0,22634635.1,127684418.4,2
CONT_s9_dynamic_Valkaama,1789300466.6,0.1034,15208,14,0,39579443.7,151001964.1,4
CONT_s9_dynamic_Valkaama,1789300466.704,0.1036,22760,20,0,35574171.5,144324971.2,4
CONT_s9_dynamic_Valkaama,1789300466.807,0.1034,18260,17,0,37000738.5,108625921.9,4
CONT_s9_dynamic_Valkaama,1789300466.91,0.1034,13708,13,0,41257608.8,120254392.6,4
CONT_s9_dynamic_Valkaama,1789300467.015,0.1042,19760,18,0,37091687.1,125846955.7,4
CONT_s9_dynamic_Valkaama,1789300467.118,0.1036,21260,19,0,36313881.1,130181957.3,4
CONT_s9_dynamic_Valkaama,1789300467.222,0.1036,18208,16,0,38798330.1,137323740.3,4
CONT_s9_dynamic_Valkaama,1789300467.325,0.1034,15208,14,0,40263743.9,142410597.5,4
CONT_s9_dynamic_Valkaama,1789300467.429,0.1033,21208,18,0,36301614.3,139058170.0,4
CONT_s9_dynamic_Valkaama,1789300467.532,0.1036,18156,15,0,31765129.6,136129099.8,4
CONT_s9_dynamic_Valkaama,1789300467.636,0.1037,18156,15,0,31039308.1,121877652.3,4
CONT_s9_dynamic_Valkaama,1789300467.739,0.1035,18208,16,0,39140984.4,133061692.1,4
CONT_s9_dynamic_Valkaama,1789300467.843,0.1034,18260,17,0,45652154.5,124085570.7,4
CONT_s9_dynamic_Valkaama,1789300467.946,0.1034,16708,15,0,40090698.2,104161755.3,4
CONT_s9_dynamic_Valkaama,1789300468.049,0.1034,18208,16,0,38755850.5,115900139.7,4
CONT_s9_dynamic_Valkaama,1789300468.153,0.1034,18208,16,0,38598180.8,118981077.5,4
CONT_s9_dynamic_Valkaama,1789300468.258,0.1047,18208,16,0,38498292.6,118923234.0,4
CONT_s9_dynamic_Valkaama,1789300468.361,0.1034,19760,18,0,41111641.8,114991556.9,4
CONT_s9_dynamic_Valkaama,1789300468.464,0.1033,16433,16,0,37318975.0,76216971.9,4
CONT_s9_dynamic_Valkaama,1789300468.568,0.1033,21156,17,0,35558748.2,126235649.0,4
CONT_s9_dynamic_Valkaama,1789300468.671,0.1035,13708,13,0,39738778.5,144731804.7,4
CONT_s9_dynamic_Valkaama,1789300468.775,0.1034,21208,18,0,35199194.8,135987804.7,4
CONT_s9_dynamic_Valkaama,1789300468.878,0.1034,16656,14,0,23322299.9,110128917.6,2
CONT_s9_dynamic_Valkaama,1789300468.981,0.1034,18208,16,0,44710473.0,158638292.8,4
CONT_s9_dynamic_Valkaama,1789300469.085,0.1033,18260,17,0,41429922.2,88773777.3,4
CONT_s9_dynamic_Valkaama,1789300469.188,0.1035,18208,16,0,36660564.6,113119892.4,4
CONT_s9_dynamic_Valkaama,1789300469.292,0.1034,18208,16,0,36665595.0,118698572.6,4
CONT_s9_dynamic_Valkaama,1789300469.395,0.1033,19760,18,0,37411620.2,111652863.2,4
CONT_s9_dynamic_Valkaama,1789300469.498,0.1034,18208,16,0,36511550.4,131573972.9,4
CONT_s9_dynamic_Valkaama,1789300469.602,0.1033,18208,16,0,30462381.9,135812734.1,4
CONT_s9_dynamic_Valkaama,1789300469.705,0.1034,13656,12,0,32263446.0,125577576.0,4
CONT_s9_dynamic_Valkaama,1789300469.808,0.1034,22760,20,0,34096858.4,143294429.0,4
CONT_s9_dynamic_Valkaama,1789300469.912,0.1033,15208,14,0,40719814.3,152537463.0,4
CONT_s9_dynamic_Valkaama,1789300470.015,0.1034,19708,17,0,36226367.1,147125163.3,4
CONT_s9_dynamic_Valkaama,1789300470.118,0.1033,16760,16,0,38102071.6,115158640.0,4
CONT_s9_dynamic_Valkaama,1789300470.222,0.1035,18260,17,0,37188787.8,114327713.1,4
CONT_s9_dynamic_Valkaama,1789300470.325,0.1034,19760,18,0,35520063.4,125829323.2,4
CONT_s9_dynamic_Valkaama,1789300470.429,0.1033,18208,16,0,37270476.4,127480180.3,4
CONT_s9_dynamic_Valkaama,1789300470.533,0.1044,15208,14,0,38583656.9,140948153.0,4
CONT_s9_dynamic_Valkaama,1789300470.637,0.1039,21530,20,0,34359758.6,132875603.5,4
CONT_s9_dynamic_Valkaama,1789300470.741,0.1036,18156,15,0,31111349.7,96382349.9,4
CONT_s9_dynamic_Valkaama,1789300470.844,0.1035,18156,15,0,30378249.1,122044356.4,4
CONT_s9_dynamic_Valkaama,1789300470.947,0.1034,13656,12,0,43437124.0,145615701.9,4
CONT_s9_dynamic_Valkaama,1789300471.051,0.1034,22760,20,0,36021776.0,128719179.5,4
CONT_s9_dynamic_Valkaama,1789300471.154,0.1036,19708,17,0,38721738.9,149051862.8,4
CONT_s9_dynamic_Valkaama,1789300471.258,0.1039,16708,15,0,40461998.7,130077883.3,4
CONT_s9_dynamic_Valkaama,1789300471.362,0.1034,16708,15,0,40164773.2,110206598.7,4
CONT_s9_dynamic_Valkaama,1789300471.465,0.1034,18208,16,0,39012152.4,117378720.8,4
CONT_s9_dynamic_Valkaama,1789300471.569,0.1034,21260,19,0,36722562.8,112071624.6,4
CONT_s9_dynamic_Valkaama,1789300471.672,0.1034,16708,15,0,38536811.7,119716357.5,4
CONT_s9_dynamic_Valkaama,1789300471.775,0.1034,15208,14,0,39374485.6,135794830.1,4
CONT_s9_dynamic_Valkaama,1789300471.879,0.1035,21260,19,0,35978887.8,132177025.8,4
CONT_s9_dynamic_Valkaama,1789300471.982,0.1035,18208,16,0,38807125.1,147368049.4,4
CONT_s9_dynamic_Valkaama,1789300472.086,0.1034,18208,16,0,37743245.1,148793759.1,4
CONT_s9_dynamic_Valkaama,1789300472.189,0.1035,19708,17,0,30446138.0,144525443.8,4
CONT_s9_dynamic_Valkaama,1789300472.293,0.1035,18260,17,0,43543412.5,137109808.9,4
CONT_s9_dynamic_Valkaama,1789300472.396,0.1035,15208,14,0,39332938.0,101739029.4,4
CONT_s9_dynamic_Valkaama,1789300472.5,0.1035,18208,16,0,37290175.4,113040045.9,4
CONT_s9_dynamic_Valkaama,1789300472.603,0.1034,18208,16,0,37167038.6,118604416.1,4
CONT_s9_dynamic_Valkaama,1789300472.707,0.1035,21260,19,0,37006473.2,111862405.7,4
CONT_s9_dynamic_Valkaama,1789300472.81,0.1034,16708,15,0,37820040.1,128600034.1,4
CONT_s9_dynamic_Valkaama,1789300472.914,0.1034,18208,16,0,30920095.2,134500197.0,4
CONT_s9_dynamic_Valkaama,1789300473.017,0.1035,19708,17,0,29290509.1,123696975.0,4
CONT_s9_dynamic_Valkaama,1789300473.12,0.1034,15208,14,0,40395092.1,150999329.0,4
CONT_s9_dynamic_Valkaama,1789300473.224,0.1034,18208,16,0,39308380.9,148575857.3,4
CONT_s9_dynamic_Valkaama,1789300473.327,0.1034,18208,16,0,38173598.5,148675124.0,4
CONT_s9_dynamic_Valkaama,1789300473.431,0.1033,17093,16,0,38208129.9,139653064.9,4
CONT_s9_dynamic_Valkaama,1789300473.534,0.1034,19708,17,0,38197622.0,88646353.5,4
CONT_s9_dynamic_Valkaama,1789300473.638,0.1041,16708,15,0,39080779.3,105453493.7,4
CONT_s9_dynamic_Valkaama,1789300473.743,0.1052,18208,16,0,38120063.5,115825580.0,4
CONT_s9_dynamic_Valkaama,1789300473.847,0.1035,21260,19,0,36068953.2,112153548.4,4
CONT_s9_dynamic_Valkaama,1789300473.95,0.1033,19760,18,0,41817662.2,125528214.0,4
CONT_s9_dynamic_Valkaama,1789300474.054,0.1035,18208,16,0,30514292.6,126711369.1,4
CONT_s9_dynamic_Valkaama,1789300474.157,0.1034,15208,14,0,39133787.9,137214002.6,4
CONT_s9_dynamic_Valkaama,1789300474.26,0.1034,18208,16,0,38429784.2,146995561.8,4
CONT_s9_dynamic_Valkaama,1789300474.364,0.1033,18208,16,0,37427749.8,148456455.8,4
CONT_s9_dynamic_Valkaama,1789300474.467,0.1033,19708,17,0,30282145.0,144693934.3,4
CONT_s9_dynamic_Valkaama,1789300474.57,0.1034,18312,18,0,44229543.8,136398648.5,4
CONT_s9_dynamic_Valkaama,1789300474.674,0.1034,15144,13,0,36456803.0,101961544.7,4
CONT_s9_dynamic_Valkaama,1789300474.777,0.1034,21208,18,0,28641102.0,97463612.8,3
CONT_s9_dynamic_Valkaama,1789300474.88,0.1034,18156,15,0,20730413.8,73274204.2,2
CONT_s9_dynamic_Valkaama,1789300474.985,0.104,18208,16,0,18939535.2,70438754.9,2
CONT_s9_dynamic_Valkaama,1789300475.088,0.1035,15156,13,0,17666362.3,84749988.5,2
CONT_s9_dynamic_Valkaama,1789300475.192,0.1035,19708,17,0,16572724.6,84884845.5,2
CONT_s9_dynamic_Valkaama,1789300475.295,0.1034,16656,14,0,16213512.3,93573566.2,2
CONT_s9_dynamic_Valkaama,1789300475.398,0.1034,16656,14,0,15968438.4,93400518.9,2
CONT_s9_dynamic_Valkaama,1789300475.502,0.1034,16656,14,0,15803939.6,93647258.5,2
CONT_s9_dynamic_Valkaama,1789300475.605,0.1034,18156,15,0,15808336.4,102186993.9,2
CONT_s9_dynamic_Valkaama,1789300475.709,0.1035,18156,15,0,15841277.6,102263350.5,2
CONT_s9_dynamic_Valkaama,1789300475.812,0.1034,19656,16,0,15859293.9,107815891.3,2
CONT_s9_dynamic_Valkaama,1789300475.915,0.1033,19656,16,0,15882424.2,110441504.9,2
CONT_s9_dynamic_Valkaama,1789300476.019,0.1034,21156,17,0,15963708.4,119013519.4,2
CONT_s9_dynamic_Valkaama,1789300476.122,0.1034,16604,13,0,15963671.8,119385958.1,2
CONT_s9_dynamic_Valkaama,1789300476.226,0.1035,15104,12,0,15896267.7,119251742.7,2
CONT_s9_dynamic_Valkaama,1789300476.329,0.1034,20301,18,0,15897061.4,119944245.2,2
CONT_s9_dynamic_Valkaama,1789300476.432,0.1033,18104,14,0,15959921.4,47798259.9,2
CONT_s9_dynamic_Valkaama,1789300476.536,0.1034,21156,17,0,16044265.9,80583027.8,2
CONT_s9_dynamic_Valkaama,1789300476.639,0.1037,18156,15,0,16052471.0,76287102.6,2
CONT_s9_dynamic_Valkaama,1789300476.743,0.1034,13604,11,0,15967628.3,93022627.4,2
CONT_s9_dynamic_Valkaama,1789300476.846,0.1034,18104,14,0,15407337.9,97991169.5,2
CONT_s9_dynamic_Valkaama,1789300476.95,0.1033,18104,14,0,15008104.7,102234990.1,2
CONT_s9_dynamic_Valkaama,1789300477.053,0.1034,16604,13,0,14878186.2,98183524.5,2
CONT_s9_dynamic_Valkaama,1789300477.156,0.1034,18104,14,0,14671338.9,97915575.1,2
CONT_s9_dynamic_Valkaama,1789300477.26,0.1034,19656,16,0,14768891.9,93270020.9,2
CONT_s9_dynamic_Valkaama,1789300477.363,0.1032,21156,17,0,15216025.0,119491023.4,2
CONT_s9_dynamic_Valkaama,1789300477.466,0.1034,18104,14,0,15265158.0,123868172.2,2
CONT_s9_dynamic_Valkaama,1789300477.57,0.1034,15104,12,0,15371644.8,127967263.2,2
CONT_s9_dynamic_Valkaama,1789300477.673,0.1034,12104,10,0,15703516.2,127765360.7,2
CONT_s9_dynamic_Valkaama,1789300477.777,0.1034,28617,23,0,15857165.7,101210166.1,2
CONT_s9_dynamic_Valkaama,1789300477.88,0.1034,12104,10,0,16337482.2,33176487.3,2
CONT_s9_dynamic_Valkaama,1789300477.983,0.1034,22656,18,0,15821818.8,82037346.9,2
CONT_s9_dynamic_Valkaama,1789300478.087,0.1034,16656,14,0,16084624.3,72041712.4,2
CONT_s9_dynamic_Valkaama,1789300478.19,0.1035,16604,13,0,15628534.2,93689725.6,2
CONT_s9_dynamic_Valkaama,1789300478.294,0.1034,18104,14,0,15138083.0,102464705.9,2
CONT_s9_dynamic_Valkaama,1789300478.397,0.1033,18104,14,0,14802716.4,102310581.4,2
CONT_s9_dynamic_Valkaama,1789300478.501,0.1034,16604,13,0,14745055.2,93817924.5,2
CONT_s9_dynamic_Valkaama,1789300478.604,0.1034,24104,18,0,14849861.3,96932043.9,2
CONT_s9_dynamic_Valkaama,1789300478.707,0.1035,15156,13,0,14572431.6,119139087.5,2
CONT_s9_dynamic_Valkaama,1789300478.811,0.1034,10604,9,0,15052367.2,119209759.3,2
CONT_s9_dynamic_Valkaama,1789300478.914,0.1033,22656,18,0,15445517.7,125258398.4,2
CONT_s9_dynamic_Valkaama,1789300479.018,0.1034,22656,18,0,15671553.5,128056611.1,2
CONT_s9_dynamic_Valkaama,1789300479.121,0.1034,16604,13,0,15804277.7,110793831.5,2
CONT_s9_dynamic_Valkaama,1789300479.224,0.1034,16656,14,0,15954636.2,72132667.2,2
CONT_s9_dynamic_Valkaama,1789300479.328,0.1034,18156,15,0,15904517.2,99346085.3,2
CONT_s9_dynamic_Valkaama,1789300479.431,0.1032,19656,16,0,15777164.7,107724219.7,2
CONT_s9_dynamic_Valkaama,1789300479.535,0.1034,19656,16,0,15656411.2,110618527.6,2
CONT_s9_dynamic_Valkaama,1789300479.639,0.1042,16604,13,0,15390259.8,115166590.6,2
CONT_s9_dynamic_Valkaama,1789300479.743,0.1038,12104,10,0,15599506.0,119100285.2,2
CONT_s9_dynamic_Valkaama,1789300479.846,0.1035,21156,17,0,15678774.1,119246508.1,2
CONT_s9_dynamic_Valkaama,1789300479.949,0.1033,21104,16,0,15003103.0,123784765.9,2
CONT_s9_dynamic_Valkaama,1789300480.053,0.1034,10552,8,0,14742793.8,119338806.9,2
CONT_s9_dynamic_Valkaama,1789300480.156,0.1034,21104,16,0,14386155.9,119570309.5,2
CONT_s9_dynamic_Valkaama,1789300480.26,0.1034,19402,16,0,14845606.5,78576981.0,2
CONT_s9_dynamic_Valkaama,1789300480.363,0.1034,21104,16,0,14566996.1,119727345.1,2
CONT_s9_dynamic_Valkaama,1789300480.466,0.1034,21052,15,0,14518615.3,120047835.7,2
CONT_s9_dynamic_Valkaama,1789300480.57,0.1036,16708,15,0,15642709.3,76228913.2,2
CONT_s9_dynamic_Valkaama,1789300480.673,0.1034,16604,13,0,16027161.2,73832452.6,2
CONT_s9_dynamic_Valkaama,1789300480.777,0.1034,15156,13,0,15598227.3,93369494.9,2
CONT_s9_dynamic_Valkaama,1789300480.88,0.1034,18156,15,0,15614426.4,102250382.0,2
CONT_s9_dynamic_Valkaama,1789300480.983,0.1034,19656,16,0,15542276.4,110675040.7,2
CONT_s9_dynamic_Valkaama,1789300481.087,0.1035,21156,17,0,15430551.2,113516120.7,2
CONT_s9_dynamic_Valkaama,1789300481.191,0.1037,12104,10,0,15495142.0,119147943.0,2
CONT_s9_dynamic_Valkaama,1789300481.294,0.1036,21156,17,0,15575625.2,119071583.3,2
CONT_s9_dynamic_Valkaama,1789300481.398,0.1034,18104,14,0,15482464.9,127927928.5,2
CONT_s9_dynamic_Valkaama,1789300481.501,0.1037,15104,12,0,15569792.8,127743388.6,2
CONT_s9_dynamic_Valkaama,1789300481.605,0.1037,22656,18,0,15708539.2,127913644.5,2
CONT_s9_dynamic_Valkaama,1789300481.709,0.1037,18156,15,0,16041708.6,104716816.6,2
CONT_s9_dynamic_Valkaama,1789300481.812,0.1036,16656,14,0,16074770.6,88922377.3,2
CONT_s9_dynamic_Valkaama,1789300481.917,0.1044,21773,20,0,15671083.8,59276162.8,2
CONT_s9_dynamic_Valkaama,1789300482.02,0.1037,18104,14,0,15169045.9,102118443.5,2
CONT_s9_dynamic_Valkaama,1789300482.124,0.1037,18104,14,0,14885472.0,102388400.5,2
CONT_s9_dynamic_Valkaama,1789300482.228,0.1037,16604,13,0,14830229.6,93579366.6,2
CONT_s9_dynamic_Valkaama,1789300482.331,0.1035,18104,14,0,14589728.0,102130979.7,2
CONT_s9_dynamic_Valkaama,1789300482.435,0.1035,19656,16,0,14879635.2,98024736.0,2
CONT_s9_dynamic_Valkaama,1789300482.538,0.1036,12104,10,0,14981750.8,114930471.2,2
CONT_s9_dynamic_Valkaama,1789300482.642,0.1036,22656,18,0,15121670.3,122187270.4,2
CONT_s9_dynamic_Valkaama,1789300482.747,0.105,15104,12,0,15113466.2,127669969.7,2
CONT_s9_dynamic_Valkaama,1789300482.851,0.1036,16604,13,0,14941425.9,127801283.1,2
CONT_s9_dynamic_Valkaama,1789300482.954,0.1035,22656,18,0,14716376.2,119311958.7,2
CONT_s9_dynamic_Valkaama,1789300483.057,0.1034,15104,12,0,14536362.2,85171434.2,2
CONT_s9_dynamic_Valkaama,1789300483.161,0.1036,22656,18,0,14292988.5,84911668.7,2
CONT_s9_dynamic_Valkaama,1789300483.264,0.1035,15104,12,0,14146534.5,84731523.1,2
CONT_s9_dynamic_Valkaama,1789300483.368,0.1035,16656,14,0,14246623.8,71809162.1,2
CONT_s9_dynamic_Valkaama,1789300483.471,0.1034,16604,13,0,14460920.8,93733516.4,2
CONT_s9_dynamic_Valkaama,1789300483.575,0.1034,18104,14,0,14180254.1,102455183.5,2
CONT_s9_dynamic_Valkaama,1789300483.678,0.1035,18104,14,0,13954194.1,102346014.7,2
CONT_s9_dynamic_Valkaama,1789300483.782,0.1035,16604,13,0,13923619.1,93780048.7,2
CONT_s9_dynamic_Valkaama,1789300483.885,0.1034,24156,19,0,14021420.8,96400904.5,2
CONT_s9_dynamic_Valkaama,1789300483.989,0.1034,15104,12,0,14129180.5,118721336.2,2
CONT_s9_dynamic_Valkaama,1789300484.092,0.1034,21156,17,0,14555145.1,119160686.2,2
CONT_s9_dynamic_Valkaama,1789300484.196,0.1035,12104,10,0,14865929.0,127912458.5,2
CONT_s9_dynamic_Valkaama,1789300484.299,0.1035,22656,18,0,15281330.8,127860732.2,2
CONT_s9_dynamic_Valkaama,1789300484.402,0.1034,16604,13,0,15475503.1,110378447.8,2
CONT_s9_dynamic_Valkaama,1789300484.506,0.1034,16656,14,0,15589233.3,72129319.3,2
CONT_s9_dynamic_Valkaama,1789300484.609,0.1034,18156,15,0,15622244.2,99204472.4,2
CONT_s9_dynamic_Valkaama,1789300484.713,0.1035,19656,16,0,15532829.7,107650155.0,2
CONT_s9_dynamic_Valkaama,1789300484.816,0.1035,19656,16,0,15452146.2,110414707.2,2
CONT_s9_dynamic_Valkaama,1789300484.92,0.1034,21156,17,0,15490093.8,116323140.3,2
CONT_s9_dynamic_Valkaama,1789300485.023,0.1034,16132,14,0,15326672.9,77861888.0,2
CONT_s9_dynamic_Valkaama,1789300485.126,0.1034,10552,8,0,14975131.2,757125.0,2
CONT_s9_dynamic_Valkaama,1789300485.23,0.1036,21104,16,0,14582340.1,119498247.3,2
CONT_s9_dynamic_Valkaama,1789300485.334,0.1038,21104,16,0,14324113.0,119619728.5,2
CONT_s9_dynamic_Valkaama,1789300485.437,0.1034,21104,16,0,14133562.1,119256719.2,2
CONT_s9_dynamic_Valkaama,1789300485.541,0.1034,16656,14,0,15203347.1,76057740.3,2
CONT_s9_dynamic_Valkaama,1789300485.644,0.1034,19656,16,0,15416287.5,73703988.7,2
CONT_s9_dynamic_Valkaama,1789300485.749,0.1048,18156,15,0,15368909.6,97897398.3,2
CONT_s9_dynamic_Valkaama,1789300485.852,0.1035,12104,10,0,15389558.4,102235193.3,2
CONT_s9_dynamic_Valkaama,1789300485.956,0.1035,19656,16,0,15371273.8,110897910.5,2
CONT_s9_dynamic_Valkaama,1789300486.059,0.1034,21156,17,0,15301293.8,113491737.3,2
CONT_s9_dynamic_Valkaama,1789300486.163,0.1036,12104,10,0,15370823.4,119006919.1,2
CONT_s9_dynamic_Valkaama,1789300486.266,0.1035,21156,17,0,15512067.9,119340463.6,2
CONT_s9_dynamic_Valkaama,1789300486.37,0.1034,21357,17,0,15908084.8,89504835.0,2
CONT_s9_dynamic_Valkaama,1789300486.473,0.1033,10552,8,0,15375109.1,579904.0,2
CONT_s9_dynamic_Valkaama,1789300486.577,0.1034,21104,16,0,14947579.5,119509264.0,2
CONT_s9_dynamic_Valkaama,1789300486.68,0.1034,22656,18,0,15584770.5,97940155.6,2
CONT_s9_dynamic_Valkaama,1789300486.783,0.1034,10552,8,0,15229133.9,128268520.4,2
CONT_s9_dynamic_Valkaama,1789300486.887,0.1033,24156,19,0,15522549.6,80617905.2,2
CONT_s9_dynamic_Valkaama,1789300486.99,0.1035,15104,12,0,15447815.8,80519255.7,2
CONT_s9_dynamic_Valkaama,1789300487.094,0.1035,22656,18,0,15122586.0,84937603.0,2
CONT_s9_dynamic_Valkaama,1789300487.198,0.1039,18156,15,0,15112255.6,76282328.0,2
CONT_s9_dynamic_Valkaama,1789300487.301,0.1035,13604,11,0,15199125.8,93367174.5,2
CONT_s9_dynamic_Valkaama,1789300487.404,0.1034,18104,14,0,14860013.4,97875390.5,2
CONT_s9_dynamic_Valkaama,1789300487.508,0.1034,18104,14,0,14517648.1,102353282.6,2
CONT_s9_dynamic_Valkaama,1789300487.611,0.1034,16604,13,0,14423213.9,97873898.5,2
CONT_s9_dynamic_Valkaama,1789300487.715,0.1036,18104,14,0,14295227.1,97587229.7,2
CONT_s9_dynamic_Valkaama,1789300487.818,0.1034,19656,16,0,14357842.2,93169574.3,2
CONT_s9_dynamic_Valkaama,1789300487.922,0.1033,21156,17,0,14887692.4,119158445.1,2
CONT_s9_dynamic_Valkaama,1789300488.025,0.1035,18104,14,0,15016849.7,123863583.6,2
CONT_s9_dynamic_Valkaama,1789300488.129,0.1037,15104,12,0,15111122.3,127950020.6,2
CONT_s9_dynamic_Valkaama,1789300488.232,0.1036,22656,18,0,15357458.2,127844222.6,2
CONT_s9_dynamic_Valkaama,1789300488.336,0.1034,18401,16,0,15868603.0,76729499.6,2
CONT_s9_dynamic_Valkaama,1789300488.439,0.1034,15104,12,0,15840442.5,38487520.7,2
CONT_s9_dynamic_Valkaama,1789300488.543,0.1034,22656,18,0,15371266.2,85147455.8,2
CONT_s9_dynamic_Valkaama,1789300488.646,0.1034,16656,14,0,15284689.6,76124304.2,2
CONT_s9_dynamic_Valkaama,1789300488.75,0.1045,18156,15,0,15513058.2,102108778.6,2
CONT_s9_dynamic_Valkaama,1789300488.854,0.1035,19656,16,0,15626025.3,107785267.3,2
CONT_s9_dynamic_Valkaama,1789300488.957,0.1033,16604,13,0,15681998.7,119588561.0,2
CONT_s9_dynamic_Valkaama,1789300489.061,0.1035,15104,12,0,15582172.8,119482679.4,2
CONT_s9_dynamic_Valkaama,1789300489.164,0.1034,22656,18,0,15685817.0,127812791.7,2
CONT_s9_dynamic_Valkaama,1789300489.268,0.1034,12104,10,0,16023582.0,127530588.4,2
CONT_s9_dynamic_Valkaama,1789300489.371,0.1034,22656,18,0,16081026.8,127524735.4,2
CONT_s9_dynamic_Valkaama,1789300489.474,0.1034,15156,13,0,16388744.5,71988546.7,2
CONT_s9_dynamic_Valkaama,1789300489.578,0.1034,19656,16,0,16017103.1,82189799.1,2
CONT_s9_dynamic_Valkaama,1789300489.681,0.1034,18156,15,0,15926464.2,102148321.5,2
CONT_s9_dynamic_Valkaama,1789300489.785,0.1035,19656,16,0,15759258.8,110735698.4,2
CONT_s9_dynamic_Valkaama,1789300489.888,0.1034,19656,16,0,15639183.4,110626925.5,2
CONT_s9_dynamic_Valkaama,1789300489.991,0.1034,16604,13,0,15494866.0,119122016.1,2
CONT_s9_dynamic_Valkaama,1789300490.095,0.1034,13604,11,0,15579697.5,119095148.3,2
CONT_s9_dynamic_Valkaama,1789300490.198,0.1035,22656,18,0,15529838.2,122213301.1,2
CONT_s9_dynamic_Valkaama,1789300490.302,0.1035,12104,10,0,15821247.4,127831190.5,2
CONT_s9_dynamic_Valkaama,1789300490.405,0.1033,18403,15,0,16039404.2,124581110.2,2
CONT_s9_dynamic_Valkaama,1789300490.508,0.1034,24156,19,0,16221488.9,48562846.3,2
CONT_s9_dynamic_Valkaama,1789300490.612,0.1034,15104,12,0,16041921.2,80959879.3,2
CONT_s9_dynamic_Valkaama,1789300490.715,0.1034,18156,15,0,16037420.2,76471570.7,2
CONT_s9_dynamic_Valkaama,1789300490.819,0.1034,22656,18,0,15663785.5,93806887.3,2
CONT_s9_dynamic_Valkaama,1789300490.922,0.1034,18104,14,0,15158564.0,102478363.4,2
CONT_s9_dynamic_Valkaama,1789300491.025,0.1035,18104,14,0,14815778.7,102329197.7,2
CONT_s9_dynamic_Valkaama,1789300491.13,0.1045,16604,13,0,14735289.0,93816409.1,2
CONT_s9_dynamic_Valkaama,1789300491.234,0.1036,18104,14,0,14503872.6,102158419.0,2
CONT_s9_dynamic_Valkaama,1789300491.337,0.1034,10604,9,0,14564281.3,85015653.6,2
CONT_s9_dynamic_Valkaama,1789300491.44,0.1033,21156,17,0,15201111.1,119163609.0,2
CONT_s9_dynamic_Valkaama,1789300491.544,0.1034,22656,18,0,15473842.5,125018433.3,2
CONT_s9_dynamic_Valkaama,1789300491.647,0.1034,18104,14,0,15456277.4,127788796.9,2
CONT_s9_dynamic_Valkaama,1789300491.752,0.1047,15104,12,0,15569856.3,127963394.4,2
CONT_s9_dynamic_Valkaama,1789300491.855,0.1033,22708,19,0,15943386.7,79086497.0,2
CONT_s9_dynamic_Valkaama,1789300491.958,0.1034,18156,15,0,15909061.0,99139978.7,2
CONT_s9_dynamic_Valkaama,1789300492.062,0.1034,422908,335,10,234201.7,1223808.5,2
CONT_s9_dynamic_Valkaama,1789300492.165,0.1033,0,0,0,0,0,0
CONT_s9_dynamic_Valkaama,1789300492.269,0.1034,0,0,0,0,0,0
CONT_s9_dynamic_Valkaama,1789300492.372,0.1034,0,0,0,0,0,0
CONT_s9_dynamic_Valkaama,1789300492.475,0.1034,0,0,0,0,0,0
CONT_s9_dynamic_Valkaama,1789300492.579,0.1033,0,0,0,0,0,0
CONT_s9_dynamic_Valkaama,1789300492.682,0.1035,0,0,0,0,0,0
CONT_s9_dynamic_Valkaama,1789300492.786,0.1034,0,0,0,0,0,0
CONT_s9_dynamic_Valkaama,1789300492.889,0.1033,0,0,0,0,0,0
CONT_s9_dynamic_Valkaama,1789300492.992,0.1034,0,0,0,0,0,0
CONT_s9_dynamic_Valkaama,1789300493.096,0.1033,0,0,0,0,0,0
CONT_s9_dynamic_Valkaama,1789300493.199,0.1033,0,0,0,0,0,0
CONT_s9_dynamic_Valkaama,1789300493.303,0.1035,0,0,0,0,0,0
CONT_s9_dynamic_Valkaama,1789300493.406,0.1033,0,0,0,0,0,0
CONT_s9_dynamic_Valkaama,1789300493.509,0.1034,0,0,0,0,0,0
CONT_s9_dynamic_Valkaama,1789300493.613,0.1033,0,0,0,0,0,0
CONT_s9_dynamic_Valkaama,1789300493.716,0.1034,0,0,0,0,0,0
CONT_s9_dynamic_Valkaama,1789300493.819,0.1033,0,0,0,0,0,0
CONT_s9_dynamic_Valkaama,1789300493.923,0.1033,0,0,0,0,0,0
CONT_s9_dynamic_Valkaama,1789300494.026,0.1033,0,0,0,0,0,0
CONT_s9_dynamic_Valkaama,1789300494.13,0.1039,0,0,0,0,0,0
CONT_s9_dynamic_Valkaama,1789300494.233,0.1035,0,0,0,0,0,0
CONT_s9_dynamic_Valkaama,1789300494.337,0.1033,0,0,0,0,0,0
CONT_s9_dynamic_Valkaama,1789300494.44,0.1033,0,0,0,0,0,0
CONT_s9_dynamic_Valkaama,1789300494.543,0.1033,0,0,0,0,0,0
CONT_s9_dynamic_Valkaama,1789300494.647,0.1035,0,0,0,0,0,0
CONT_s9_dynamic_Valkaama,1789300494.751,0.104,0,0,0,0,0,0
CONT_s9_dynamic_Valkaama,1789300494.854,0.1034,0,0,0,0,0,0
CONT_s9_dynamic_Valkaama,1789300494.957,0.1034,0,0,0,0,0,0
CONT_s9_dynamic_Valkaama,1789300495.061,0.1034,0,0,0,0,0,0
CONT_s9_dynamic_Valkaama,1789300495.164,0.1034,0,0,0,0,0,0
CONT_s9_dynamic_Valkaama,1789300495.268,0.1034,0,0,0,0,0,0
CONT_s9_dynamic_Valkaama,1789300495.371,0.1034,0,0,0,0,0,0
CONT_s9_dynamic_Valkaama,1789300495.474,0.1034,0,0,0,0,0,0
CONT_s9_dynamic_Valkaama,1789300495.578,0.1034,0,0,0,0,0,0
CONT_s9_dynamic_Valkaama,1789300495.681,0.1038,0,0,0,0,0,0
CONT_s9_dynamic_Valkaama,1789300495.785,0.1034,0,0,0,0,0,0
CONT_s9_dynamic_Valkaama,1789300495.888,0.1034,0,0,0,0,0,0
CONT_s9_dynamic_Valkaama,1789300495.992,0.1033,0,0,0,0,0,0
CONT_s9_dynamic_Valkaama,1789300496.095,0.1034,0,0,0,0,0,0
CONT_s9_dynamic_Valkaama,1789300496.199,0.1035,0,0,0,0,0,0
CONT_s9_dynamic_Valkaama,1789300496.302,0.1034,0,0,0,0,0,0
CONT_s9_dynamic_Valkaama,1789300496.405,0.1033,0,0,0,0,0,0
CONT_s9_dynamic_Valkaama,1789300496.509,0.1034,0,0,0,0,0,0
CONT_s9_dynamic_Valkaama,1789300496.612,0.1034,441,1,0,288456041.0,0,1
CONT_s9_dynamic_Valkaama,1789300496.715,0.1035,15628,20,5,326519164.5,92159906.8,2
CONT_s9_dynamic_Valkaama,1789300496.819,0.1035,12500,16,1,200883082.5,98141480.0,2
CONT_s9_dynamic_Valkaama,1789300496.922,0.1033,26548,33,13,76020513.3,94319894.9,2
CONT_s9_dynamic_Valkaama,1789300497.026,0.1035,18856,25,8,41489602.7,92239383.7,2
CONT_s9_dynamic_Valkaama,1789300497.131,0.1048,12272,13,1,33591224.6,97539375.2,2
CONT_s9_dynamic_Valkaama,1789300497.234,0.1035,4552,4,0,33776420.5,105043606.0,2
CONT_s9_dynamic_Valkaama,1789300497.337,0.1034,3168,5,1,36375833.2,93611153.8,2
CONT_s9_dynamic_Valkaama,1789300497.441,0.1034,4552,4,0,35611153.8,100113428.1,2
CONT_s9_dynamic_Valkaama,1789300497.544,0.1034,3104,4,0,37270514.0,88571069.5,2
CONT_s9_dynamic_Valkaama,1789300497.648,0.1035,4616,5,1,42166190.2,100189786.2,2
CONT_s9_dynamic_Valkaama,1789300497.752,0.1045,4668,6,1,46408142.5,97377759.0,2
CONT_s9_dynamic_Valkaama,1789300497.856,0.1034,3052,3,0,47391335.7,95910685.2,2
CONT_s9_dynamic_Valkaama,1789300497.959,0.1034,4668,6,1,48302540.5,88230248.3,2
CONT_s9_dynamic_Valkaama,1789300498.062,0.1034,3052,3,0,49314864.7,101639156.6,2
CONT_s9_dynamic_Valkaama,1789300498.166,0.1034,4680,6,2,49452777.0,101011744.1,2
CONT_s9_dynamic_Valkaama,1789300498.269,0.1034,4680,6,1,51188230.0,92416131.5,2
CONT_s9_dynamic_Valkaama,1789300498.373,0.1035,3116,4,1,55988618.0,99085128.6,2
CONT_s9_dynamic_Valkaama,1789300498.476,0.1033,3116,4,1,59728692.0,93457104.3,2
CONT_s9_dynamic_Valkaama,1789300498.579,0.1035,3052,3,0,63120486.3,92669773.4,2
CONT_s9_dynamic_Valkaama,1789300498.683,0.1035,3116,4,1,64174481.5,99899923.1,2
CONT_s9_dynamic_Valkaama,1789300498.786,0.1034,4604,5,0,64017945.2,94039935.6,2
CONT_s9_dynamic_Valkaama,1789300498.89,0.1033,4616,5,1,62771346.6,94940055.4,2
CONT_s9_dynamic_Valkaama,1789300498.993,0.1034,6296,9,3,52301117.9,98683215.5,2
CONT_s9_dynamic_Valkaama,1789300499.096,0.1034,3052,3,0,56366548.0,99494076.4,2
CONT_s9_dynamic_Valkaama,1789300499.2,0.1035,4680,6,1,53670147.5,92455259.0,2
CONT_s9_dynamic_Valkaama,1789300499.303,0.1035,4604,5,0,55012831.2,92868200.6,2
CONT_s9_dynamic_Valkaama,1789300499.407,0.1033,4668,6,1,55392405.5,94590182.6,2
CONT_s9_dynamic_Valkaama,1789300499.51,0.1034,6180,7,2,51232283.9,97294602.5,2
CONT_s9_dynamic_Valkaama,1789300499.614,0.1034,1552,2,0,52229965.0,103845320.5,2
CONT_s9_dynamic_Valkaama,1789300499.717,0.1034,4604,5,0,51560481.0,95078263.8,2
CONT_s9_dynamic_Valkaama,1789300499.82,0.1034,4552,4,0,54404923.8,99011943.1,2
CONT_s9_dynamic_Valkaama,1789300499.924,0.1034,6180,7,2,54890522.7,90215318.7,2
CONT_s9_dynamic_Valkaama,1789300500.027,0.1034,6168,7,1,53483353.7,94046790.5,2
CONT_s9_dynamic_Valkaama,1789300500.133,0.1055,1552,2,0,51648103.5,104932683.2,2
CONT_s9_dynamic_Valkaama,1789300500.236,0.1036,6180,7,2,52664000.0,92581823.9,2
CONT_s9_dynamic_Valkaama,1789300500.34,0.1034,1552,2,0,54069859.5,105436014.9,2
CONT_s9_dynamic_Valkaama,1789300500.443,0.1033,3052,3,0,56240089.3,101532390.1,2
CONT_s9_dynamic_Valkaama,1789300500.546,0.1034,6104,6,0,54989177.7,92228585.8,2
CONT_s9_dynamic_Valkaama,1789300500.65,0.1034,6104,6,0,54547046.0,99803527.1,2
CONT_s9_dynamic_Valkaama,1789300500.755,0.1052,6244,8,2,53891588.5,103644717.1,2
CONT_s9_dynamic_Valkaama,1789300500.858,0.1035,6244,8,3,53141626.5,92658934.5,2
CONT_s9_dynamic_Valkaama,1789300500.962,0.1035,4616,5,1,55983057.2,103867624.0,2
CONT_s9_dynamic_Valkaama,1789300501.065,0.1034,4604,5,0,56254954.0,99693635.6,2
CONT_s9_dynamic_Valkaama,1789300501.169,0.1033,4552,4,0,54489973.2,91013797.7,2
CONT_s9_dynamic_Valkaama,1789300501.272,0.1034,3168,5,1,53425680.2,100232473.9,2
CONT_s9_dynamic_Valkaama,1789300501.376,0.1034,6104,6,0,52867559.3,100857663.9,2
CONT_s9_dynamic_Valkaama,1789300501.479,0.1034,6104,6,0,52427098.7,93745119.6,2
CONT_s9_dynamic_Valkaama,1789300501.582,0.1033,6104,6,0,52689581.3,92147477.7,2
CONT_s9_dynamic_Valkaama,1789300501.685,0.1033,7604,7,0,50053371.7,95702651.5,2
CONT_s9_dynamic_Valkaama,1789300501.789,0.1034,9360,12,2,51245834.0,95701243.5,2
CONT_s9_dynamic_Valkaama,1789300501.892,0.1035,3052,3,1,49354353.7,96949815.5,2
CONT_s9_dynamic_Valkaama,1789300501.996,0.1035,3104,4,0,49619276.0,105040894.6,2
CONT_s9_dynamic_Valkaama,1789300502.099,0.1034,3052,3,0,48253488.3,103976483.4,2
CONT_s9_dynamic_Valkaama,1789300502.203,0.1035,4604,5,0,47822319.4,91795404.5,2
CONT_s9_dynamic_Valkaama,1789300502.306,0.1034,3052,3,0,44887387.7,90369310.3,2
CONT_s9_dynamic_Valkaama,1789300502.41,0.1034,6232,8,2,43799663.5,91085167.8,2
CONT_s9_dynamic_Valkaama,1789300502.513,0.1034,3116,4,1,44418222.5,88669787.5,2
CONT_s9_dynamic_Valkaama,1789300502.616,0.1034,4680,6,2,45666678.0,91916690.4,2
CONT_s9_dynamic_Valkaama,1789300502.72,0.1035,4604,5,0,46740438.2,101623986.9,2
CONT_s9_dynamic_Valkaama,1789300502.823,0.1035,3052,3,0,46180771.0,99248249.2,2
CONT_s9_dynamic_Valkaama,1789300502.927,0.1035,3168,5,1,43337900.0,90999823.8,2
CONT_s9_dynamic_Valkaama,1789300503.03,0.1036,4604,5,0,43504316.4,100348595.6,2
CONT_s9_dynamic_Valkaama,1789300503.134,0.1039,4680,6,1,47605979.5,96157002.9,2
CONT_s9_dynamic_Valkaama,1789300503.238,0.1034,4552,4,0,47748550.8,97181711.3,2
CONT_s9_dynamic_Valkaama,1789300503.341,0.1035,4604,5,0,49704934.4,92226166.1,2
CONT_s9_dynamic_Valkaama,1789300503.445,0.1034,3104,4,0,49139646.0,89093999.0,2
CONT_s9_dynamic_Valkaama,1789300503.548,0.1034,4604,5,0,52086195.0,95016422.1,2
CONT_s9_dynamic_Valkaama,1789300503.652,0.1035,6104,6,0,51980537.7,94290276.7,2
CONT_s9_dynamic_Valkaama,1789300503.755,0.1039,6104,6,0,50345805.0,99952029.6,2
CONT_s9_dynamic_Valkaama,1789300503.859,0.1032,6104,6,0,49900710.3,98586370.2,2
CONT_s9_dynamic_Valkaama,1789300503.962,0.1034,7604,7,0,46453553.1,94876863.5,2
CONT_s9_dynamic_Valkaama,1789300504.066,0.104,9296,11,3,39211970.9,96322692.1,2
CONT_s9_dynamic_Valkaama,1789300504.169,0.1033,8786,12,2,35203932.0,96682933.5,2
CONT_s9_dynamic_Valkaama,1789300504.273,0.1034,7808,10,3,35543591.0,96131641.6,2
CONT_s9_dynamic_Valkaama,1789300504.376,0.1034,4616,5,1,40946219.0,101691402.4,2
CONT_s9_dynamic_Valkaama,1789300504.48,0.1033,4616,5,1,43378764.6,91902711.0,2
CONT_s9_dynamic_Valkaama,1789300504.583,0.1034,4680,6,2,46193899.0,94033809.2,2
CONT_s9_dynamic_Valkaama,1789300504.687,0.1035,4616,5,1,49478143.6,90720736.3,2
CONT_s9_dynamic_Valkaama,1789300504.79,0.1034,4680,6,1,50330396.5,88834775.4,2
CONT_s9_dynamic_Valkaama,1789300504.893,0.1033,3052,3,0,53023032.7,98199540.4,2
CONT_s9_dynamic_Valkaama,1789300504.997,0.1034,4680,6,2,51561963.5,87378713.5,2
CONT_s9_dynamic_Valkaama,1789300505.1,0.1033,3052,3,0,54774829.3,90553547.1,2
CONT_s9_dynamic_Valkaama,1789300505.203,0.1035,4552,4,0,55031517.8,93760185.7,2
CONT_s9_dynamic_Valkaama,1789300505.307,0.1034,3104,4,0,53134595.5,88158028.1,2
CONT_s9_dynamic_Valkaama,1789300505.41,0.1033,4616,5,1,53927801.0,99279810.4,2
CONT_s9_dynamic_Valkaama,1789300505.513,0.1033,4668,6,1,54430311.5,94788778.3,2
CONT_s9_dynamic_Valkaama,1789300505.617,0.1033,6180,7,2,51672591.7,97608923.7,2
CONT_s9_dynamic_Valkaama,1789300505.72,0.1034,1552,2,0,51853718.0,96059140.3,2
CONT_s9_dynamic_Valkaama,1789300505.824,0.1034,4668,6,1,52174099.0,98563370.8,2
CONT_s9_dynamic_Valkaama,1789300505.927,0.1034,3052,3,0,55411172.0,104959961.6,2
CONT_s9_dynamic_Valkaama,1789300506.031,0.104,3052,3,0,57863382.3,93011212.2,2
CONT_s9_dynamic_Valkaama,1789300506.135,0.1042,6244,8,2,51341134.5,89020117.9,2
CONT_s9_dynamic_Valkaama,1789300506.239,0.1034,4616,5,1,55078350.6,92491893.6,2
CONT_s9_dynamic_Valkaama,1789300506.342,0.1034,4604,5,0,55864711.2,90079760.9,2
CONT_s9_dynamic_Valkaama,1789300506.446,0.1034,4552,4,0,56739452.5,96793958.9,2
CONT_s9_dynamic_Valkaama,1789300506.549,0.1034,3116,4,1,53923985.5,94180585.2,2
CONT_s9_dynamic_Valkaama,1789300506.652,0.1034,6244,8,1,55205314.0,89822108.3,2
CONT_s9_dynamic_Valkaama,1789300506.756,0.1034,6168,7,2,53293519.1,104307122.0,2
CONT_s9_dynamic_Valkaama,1789300506.859,0.1032,3104,4,0,50943812.5,90750410.9,2
CONT_s9_dynamic_Valkaama,1789300506.962,0.1033,4552,4,0,50895888.0,97888718.4,2
CONT_s9_dynamic_Valkaama,1789300507.066,0.1033,3168,5,1,50053421.6,94522875.5,2
CONT_s9_dynamic_Valkaama,1789300507.169,0.1034,6180,7,2,47791772.9,96897676.9,2
CONT_s9_dynamic_Valkaama,1789300507.272,0.1034,6168,7,1,49064901.1,98571709.9,2
CONT_s9_dynamic_Valkaama,1789300507.376,0.1034,6168,7,1,49533911.9,101334288.8,2
CONT_s9_dynamic_Valkaama,1789300507.479,0.1033,7732,9,2,46841702.0,98087811.0,2
CONT_s9_dynamic_Valkaama,1789300507.582,0.1033,7732,9,2,43000631.2,94733957.9,2
CONT_s9_dynamic_Valkaama,1789300507.686,0.1035,4616,5,1,41427791.2,99386882.8,2
CONT_s9_dynamic_Valkaama,1789300507.789,0.1035,1552,2,0,41207768.0,93684485.7,2
CONT_s9_dynamic_Valkaama,1789300507.893,0.1033,3116,4,1,44460937.5,95870103.8,2
CONT_s9_dynamic_Valkaama,1789300507.996,0.1034,4616,5,1,47981890.2,93994988.7,2
CONT_s9_dynamic_Valkaama,1789300508.099,0.1033,3052,3,0,52485603.7,100792143.3,2
CONT_s9_dynamic_Valkaama,1789300508.203,0.1034,6244,8,2,49180027.0,99593582.2,2
CONT_s9_dynamic_Valkaama,1789300508.306,0.1034,6232,8,1,50142324.0,97455234.4,2
CONT_s9_dynamic_Valkaama,1789300508.41,0.1033,3116,4,1,51391090.0,100372460.5,2
CONT_s9_dynamic_Valkaama,1789300508.513,0.1034,3116,4,1,56543868.5,93729726.8,2
CONT_s9_dynamic_Valkaama,1789300508.617,0.1035,6168,7,0,58192600.4,98073292.5,2
CONT_s9_dynamic_Valkaama,1789300508.72,0.1036,4604,5,1,58384447.4,94345295.0,2
CONT_s9_dynamic_Valkaama,1789300508.824,0.1034,6104,6,0,54975530.0,103002160.7,2
CONT_s9_dynamic_Valkaama,1789300508.927,0.1034,4604,5,0,51648681.4,101553374.8,2
CONT_s9_dynamic_Valkaama,1789300509.03,0.1034,6180,7,2,49132424.4,98489197.6,2
CONT_s9_dynamic_Valkaama,1789300509.135,0.1045,6244,8,3,48374455.0,96171810.0,2
CONT_s9_dynamic_Valkaama,1789300509.238,0.1034,3052,3,0,53356117.3,102932644.6,2
CONT_s9_dynamic_Valkaama,1789300509.342,0.1034,4680,6,2,51618636.0,87513997.2,2
CONT_s9_dynamic_Valkaama,1789300509.445,0.1033,4616,5,1,54265941.8,96402889.2,2
CONT_s9_dynamic_Valkaama,1789300509.548,0.1033,4552,4,0,54843555.5,100355540.1,2
CONT_s9_dynamic_Valkaama,1789300509.652,0.1034,1552,2,0,55871917.0,89179328.4,2
CONT_s9_dynamic_Valkaama,1789300509.756,0.1039,1604,3,0,54565637.0,94403480.7,2
CONT_s9_dynamic_Valkaama,1789300509.859,0.1032,4668,6,1,54370170.5,94977332.3,2
CONT_s9_dynamic_Valkaama,1789300509.962,0.1034,4616,5,1,53205779.8,98677144.9,2
CONT_s9_dynamic_Valkaama,1789300510.066,0.1034,6232,8,2,52565677.5,91511327.8,2
CONT_s9_dynamic_Valkaama,1789300510.169,0.1034,3128,4,1,56545610.5,92779511.6,2
CONT_s9_dynamic_Valkaama,1789300510.273,0.1035,3052,3,1,54743127.3,102438845.7,2
CONT_s9_dynamic_Valkaama,1789300510.376,0.1035,4137,5,1,57170710.0,102625382.7,2
CONT_s9_dynamic_Valkaama,1789300510.48,0.1034,2057,4,1,50300244.0,1369139.0,2
CONT_s9_dynamic_Valkaama,1789300510.583,0.1033,4680,6,2,55181869.0,97531941.6,2
CONT_s9_dynamic_Valkaama,1789300510.686,0.1035,4680,6,1,56150599.5,100406422.7,2
CONT_s9_dynamic_Valkaama,1789300510.79,0.1034,4680,6,1,61858738.0,95230232.3,2
CONT_s9_dynamic_Valkaama,1789300510.893,0.1033,3116,4,1,63758509.0,90235244.5,2
CONT_s9_dynamic_Valkaama,1789300510.997,0.1034,4604,5,1,62931479.2,99187372.6,2
CONT_s9_dynamic_Valkaama,1789300511.1,0.1033,3104,4,0,59583515.0,89812749.9,2
CONT_s9_dynamic_Valkaama,1789300511.203,0.1036,4552,4,0,61969833.8,97151666.9,2
CONT_s9_dynamic_Valkaama,1789300511.307,0.1034,3104,4,0,56439747.5,91024254.0,2
CONT_s9_dynamic_Valkaama,1789300511.41,0.1033,4616,5,1,57309211.4,102582754.6,2
CONT_s9_dynamic_Valkaama,1789300511.514,0.1034,6168,7,1,50811227.0,89102427.8,2
CONT_s9_dynamic_Valkaama,1789300511.617,0.1034,6244,8,2,47434726.5,93166825.8,2
CONT_s9_dynamic_Valkaama,1789300511.72,0.1034,3052,3,0,52345263.0,105249102.2,2
CONT_s9_dynamic_Valkaama,1789300511.824,0.1035,4616,5,1,52828341.8,89598680.6,2
CONT_s9_dynamic_Valkaama,1789300511.927,0.1033,4680,6,1,54664260.5,97682551.1,2
CONT_s9_dynamic_Valkaama,1789300512.03,0.1034,3116,4,1,59931318.5,101260305.9,2
CONT_s9_dynamic_Valkaama,1789300512.135,0.1045,3116,4,1,62836366.0,97478353.0,2
CONT_s9_dynamic_Valkaama,1789300512.238,0.1034,3052,3,0,63748505.3,93635611.0,2
CONT_s9_dynamic_Valkaama,1789300512.342,0.1035,3116,4,1,63861050.5,88404541.7,2
CONT_s9_dynamic_Valkaama,1789300512.445,0.1034,6244,8,1,59531968.5,93327888.5,2
CONT_s9_dynamic_Valkaama,1789300512.549,0.1034,6168,7,1,63295880.0,93500684.5,2
CONT_s9_dynamic_Valkaama,1789300512.652,0.1034,4668,6,1,59542861.0,93177213.6,2
CONT_s9_dynamic_Valkaama,1789300512.756,0.1034,3152,5,0,47328934.0,101261448.0,3
CONT_s9_dynamic_Valkaama,1789300512.859,0.1033,2053,4,0,18244124.0,78045475.9,3
CONT_s9_dynamic_Valkaama,1789300512.962,0.1035,15704,21,6,7501511.4,91521756.6,2
CONT_s9_dynamic_Valkaama,1789300513.066,0.1035,22040,28,4,10384973.5,91553942.7,2
CONT_s9_dynamic_Valkaama,1789300513.17,0.1037,31372,40,12,10099618.0,98319849.6,2
CONT_s9_dynamic_Valkaama,1789300513.273,0.1035,31288,40,10,10481550.5,164489657.0,2
CONT_s9_dynamic_Valkaama,1789300513.377,0.1036,28412,38,2,8710344.0,171942873.0,2
CONT_s9_dynamic_Valkaama,1789300513.48,0.1037,26804,34,11,7665466.5,168863041.6,2
CONT_s9_dynamic_Valkaama,1789300513.584,0.1036,17127,23,8,10946673.1,85794883.0,2
CONT_s9_dynamic_Valkaama,1789300513.688,0.1035,22016,28,6,11988799.0,94138338.0,2
CONT_s9_dynamic_Valkaama,1789300513.791,0.1036,26812,34,14,10752641.0,21709332.2,2
CONT_s9_dynamic_Valkaama,1789300513.895,0.1035,3388,6,0,17651184.5,100034012.5,2
CONT_s9_dynamic_Valkaama,1789300513.998,0.1035,6288,8,4,18541618.5,102984631.2,2
CONT_s9_dynamic_Valkaama,1789300514.102,0.1036,12568,16,8,19513973.0,94192773.0,2
CONT_s9_dynamic_Valkaama,1789300514.205,0.1035,36924,46,12,11211102.4,90710432.0,2
CONT_s9_dynamic_Valkaama,1789300514.309,0.1036,25645,33,16,10273616.6,8197251.0,2
CONT_s9_dynamic_Valkaama,1789300514.412,0.1035,23644,30,12,11551056.5,93406935.0,2
CONT_s9_dynamic_Valkaama,1789300514.516,0.1035,31600,40,18,8761049.5,111118553.6,2
CONT_s9_dynamic_Valkaama,1789300514.62,0.1037,14464,20,7,9109465.5,99791367.3,2
CONT_s9_dynamic_Valkaama,1789300514.723,0.1037,9232,10,3,10947933.6,96287980.2,2
CONT_s9_dynamic_Valkaama,1789300514.827,0.1035,951,2,0,12066384.5,91988098.5,2
CONT_s9_dynamic_Valkaama,1789300514.93,0.1035,0,0,0,0,0,0
CONT_s9_dynamic_Valkaama,1789300515.034,0.1037,0,0,0,0,0,0
CONT_s9_dynamic_Valkaama,1789300515.138,0.1039,0,0,0,0,0,0
CONT_s9_dynamic_Valkaama,1789300515.241,0.1036,0,0,0,0,0,0
CONT_s9_dynamic_Valkaama,1789300515.345,0.1037,0,0,0,0,0,0
CONT_s9_dynamic_Valkaama,1789300515.449,0.1035,0,0,0,0,0,0
CONT_s9_dynamic_Valkaama,1789300515.552,0.1036,0,0,0,0,0,0
CONT_s9_dynamic_Valkaama,1789300515.656,0.1035,0,0,0,0,0,0
CONT_s9_dynamic_Valkaama,1789300515.759,0.1036,0,0,0,0,0,0
CONT_s9_dynamic_Valkaama,1789300515.863,0.1035,0,0,0,0,0,0
CONT_s9_dynamic_Valkaama,1789300515.966,0.1037,0,0,0,0,0,0
CONT_s9_dynamic_Valkaama,1789300516.07,0.1036,0,0,0,0,0,0
CONT_s9_dynamic_Valkaama,1789300516.174,0.1035,0,0,0,0,0,0
CONT_s9_dynamic_Valkaama,1789300516.277,0.1036,441,1,0,99141719.0,0,1
CONT_s9_dynamic_Valkaama,1789300516.381,0.1041,3128,4,0,190697116.0,103485759.0,2
CONT_s9_dynamic_Valkaama,1789300516.485,0.1036,31356,40,14,59159742.0,88077778.1,2
CONT_s9_dynamic_Valkaama,1789300516.588,0.1036,29426,38,16,23983333.5,101700389.3,2
CONT_s9_dynamic_Valkaama,1789300516.692,0.1036,0,0,0,0,0,0
CONT_s9_dynamic_Valkaama,1789300516.796,0.1036,0,0,0,0,0,0
CONT_s9_dynamic_Valkaama,1789300516.899,0.1035,0,0,0,0,0,0
CONT_s9_dynamic_Valkaama,1789300517.003,0.1036,0,0,0,0,0,0
CONT_s9_dynamic_Valkaama,1789300517.106,0.1035,0,0,0,0,0,0
CONT_s9_dynamic_Valkaama,1789300517.21,0.1036,0,0,0,0,0,0
CONT_s9_dynamic_Valkaama,1789300517.313,0.1036,0,0,0,0,0,0
CONT_s9_dynamic_Valkaama,1789300517.417,0.1035,0,0,0,0,0,0
CONT_s9_dynamic_Valkaama,1789300517.52,0.1035,0,0,0,0,0,0
CONT_s9_dynamic_Valkaama,1789300517.624,0.1036,0,0,0,0,0,0
CONT_s9_dynamic_Valkaama,1789300517.728,0.1038,0,0,0,0,0,0
CONT_s9_dynamic_Valkaama,1789300517.831,0.1037,0,0,0,0,0,0
CONT_s9_dynamic_Valkaama,1789300517.935,0.1035,0,0,0,0,0,0
CONT_s9_dynamic_Valkaama,1789300518.039,0.1038,0,0,0,0,0,0
CONT_s9_dynamic_Valkaama,1789300518.142,0.1036,0,0,0,0,0,0
CONT_s9_dynamic_Valkaama,1789300518.25,0.1072,0,0,0,0,0,0
CONT_s9_dynamic_Valkaama,1789300518.353,0.1037,0,0,0,0,0,0
CONT_s9_dynamic_Valkaama,1789300518.457,0.1033,0,0,0,0,0,0
CONT_s9_dynamic_Valkaama,1789300518.56,0.1036,0,0,0,0,0,0
CONT_s9_dynamic_Valkaama,1789300518.664,0.1036,0,0,0,0,0,0
CONT_s9_dynamic_Valkaama,1789300518.767,0.1036,0,0,0,0,0,0
CONT_s9_dynamic_Valkaama,1789300518.871,0.1035,0,0,0,0,0,0
CONT_s9_dynamic_Valkaama,1789300518.975,0.1036,0,0,0,0,0,0
CONT_s9_dynamic_Valkaama,1789300519.078,0.1036,0,0,0,0,0,0
CONT_s9_dynamic_Valkaama,1789300519.182,0.1035,0,0,0,0,0,0
CONT_s9_dynamic_Valkaama,1789300519.285,0.1036,0,0,0,0,0,0
CONT_s9_dynamic_Valkaama,1789300519.389,0.1035,0,0,0,0,0,0
CONT_s9_dynamic_Valkaama,1789300519.492,0.1036,0,0,0,0,0,0
CONT_s9_dynamic_Valkaama,1789300519.596,0.1035,0,0,0,0,0,0
CONT_s9_dynamic_Valkaama,1789300519.699,0.1036,0,0,0,0,0,0
CONT_s9_dynamic_Valkaama,1789300519.803,0.1036,0,0,0,0,0,0
CONT_s9_dynamic_Valkaama,1789300519.906,0.1035,0,0,0,0,0,0
CONT_s9_dynamic_Valkaama,1789300520.01,0.1036,0,0,0,0,0,0
CONT_s9_dynamic_Valkaama,1789300520.114,0.1036,0,0,0,0,0,0
CONT_s9_dynamic_Valkaama,1789300520.217,0.1037,441,1,0,244277313.0,0,1
CONT_s9_dynamic_Valkaama,1789300520.321,0.1036,15348,16,2,297791487.9,89680888.7,2
CONT_s9_dynamic_Valkaama,1789300520.424,0.1035,31308,40,10,91295072.5,89596370.7,2
CONT_s9_dynamic_Valkaama,1789300520.528,0.1036,39024,48,14,27068815.0,115514657.9,2
CONT_s9_dynamic_Valkaama,1789300520.633,0.1046,13157,18,5,18666345.5,121774162.0,2
CONT_s9_dynamic_Valkaama,1789300520.736,0.1036,0,0,0,0,0,0
CONT_s9_dynamic_Valkaama,1789300520.84,0.1035,0,0,0,0,0,0
CONT_s9_dynamic_Valkaama,1789300520.943,0.1034,0,0,0,0,0,0
CONT_s9_dynamic_Valkaama,1789300521.047,0.1035,0,0,0,0,0,0
CONT_s9_dynamic_Valkaama,1789300521.15,0.1035,0,0,0,0,0,0
CONT_s9_dynamic_Valkaama,1789300521.254,0.1042,0,0,0,0,0,0
CONT_s9_dynamic_Valkaama,1789300521.358,0.1035,0,0,0,0,0,0
CONT_s9_dynamic_Valkaama,1789300521.461,0.1035,0,0,0,0,0,0
CONT_s9_dynamic_Valkaama,1789300521.565,0.1036,0,0,0,0,0,0
CONT_s9_dynamic_Valkaama,1789300521.669,0.1035,0,0,0,0,0,0
CONT_s9_dynamic_Valkaama,1789300521.772,0.1036,0,0,0,0,0,0
CONT_s9_dynamic_Valkaama,1789300521.876,0.1035,0,0,0,0,0,0
CONT_s9_dynamic_Valkaama,1789300521.979,0.1035,0,0,0,0,0,0
CONT_s9_dynamic_Valkaama,1789300522.083,0.1036,0,0,0,0,0,0
CONT_s9_dynamic_Valkaama,1789300522.186,0.1037,0,0,0,0,0,0
CONT_s9_dynamic_Valkaama,1789300522.29,0.1035,0,0,0,0,0,0
CONT_s9_dynamic_Valkaama,1789300522.394,0.1036,0,0,0,0,0,0
CONT_s9_dynamic_Valkaama,1789300522.497,0.1036,0,0,0,0,0,0
CONT_s9_dynamic_Valkaama,1789300522.601,0.1036,0,0,0,0,0,0
CONT_s9_dynamic_Valkaama,1789300522.704,0.1036,0,0,0,0,0,0
CONT_s9_dynamic_Valkaama,1789300522.808,0.1037,0,0,0,0,0,0
CONT_s9_dynamic_Valkaama,1789300522.911,0.1035,0,0,0,0,0,0
CONT_s9_dynamic_Valkaama,1789300523.015,0.1036,0,0,0,0,0,0
CONT_s9_dynamic_Valkaama,1789300523.119,0.1036,0,0,0,0,0,0
CONT_s9_dynamic_Valkaama,1789300523.222,0.1037,0,0,0,0,0,0
CONT_s9_dynamic_Valkaama,1789300523.326,0.1036,0,0,0,0,0,0
CONT_s9_dynamic_Valkaama,1789300523.429,0.1036,0,0,0,0,0,0
CONT_s9_dynamic_Valkaama,1789300523.533,0.1036,0,0,0,0,0,0
CONT_s9_dynamic_Valkaama,1789300523.637,0.104,0,0,0,0,0,0
CONT_s9_dynamic_Valkaama,1789300523.741,0.1038,0,0,0,0,0,0
CONT_s9_dynamic_Valkaama,1789300523.844,0.1037,0,0,0,0,0,0
CONT_s9_dynamic_Valkaama,1789300523.948,0.1036,0,0,0,0,0,0
CONT_s9_dynamic_Valkaama,1789300524.052,0.1037,0,0,0,0,0,0
CONT_s9_dynamic_Valkaama,1789300524.155,0.1035,0,0,0,0,0,0
CONT_s9_dynamic_Valkaama,1789300524.259,0.1035,63910,52,0,80116611.0,20217699.7,2
CONT_s9_dynamic_Valkaama,1789300524.362,0.1035,65592,64,0,24185065.6,39386234.6,2
CONT_s9_dynamic_Valkaama,1789300524.466,0.1036,65592,64,0,5969940.4,38935666.3,2
CONT_s9_dynamic_Valkaama,1789300524.57,0.1036,64144,64,0,1533748.0,38873184.9,2
CONT_s9_dynamic_Valkaama,1789300524.673,0.1036,65592,64,0,397159.8,39519006.2,2
CONT_s9_dynamic_Valkaama,1789300524.777,0.1036,65592,64,0,135832.5,38961032.0,2
CONT_s9_dynamic_Valkaama,1789300524.88,0.1036,65406,63,0,954334.0,27824038.5,2
CONT_s9_dynamic_Valkaama,1789300524.984,0.1039,66580,77,0,163788.2,40848821.9,2
CONT_s9_dynamic_Valkaama,1789300525.088,0.1037,64616,68,3,3710890.2,50112804.9,2
CONT_s9_dynamic_Valkaama,1789300525.192,0.1037,66348,55,0,2432290.6,42974539.0,2
CONT_s9_dynamic_Valkaama,1789300525.295,0.1036,64144,64,0,415130.3,33746166.4,2
CONT_s9_dynamic_Valkaama,1789300525.399,0.1035,65592,64,0,101617.9,35362668.9,2
CONT_s9_dynamic_Valkaama,1789300525.502,0.1036,65592,64,0,54437.3,37757351.0,2
CONT_s9_dynamic_Valkaama,1789300525.606,0.1038,21591,20,0,1302668.5,43298316.7,2
CONT_s9_dynamic_Valkaama,1789300525.71,0.1035,0,0,0,0,0,0
CONT_s9_dynamic_Valkaama,1789300525.813,0.1036,0,0,0,0,0,0
CONT_s9_dynamic_Valkaama,1789300525.917,0.1035,0,0,0,0,0,0
CONT_s9_dynamic_Valkaama,1789300526.02,0.1036,0,0,0,0,0,0
CONT_s9_dynamic_Valkaama,1789300526.124,0.1036,0,0,0,0,0,0
CONT_s9_dynamic_Valkaama,1789300526.228,0.1036,0,0,0,0,0,0
CONT_s9_dynamic_Valkaama,1789300526.331,0.1036,0,0,0,0,0,0
CONT_s9_dynamic_Valkaama,1789300526.435,0.1035,0,0,0,0,0,0
CONT_s9_dynamic_Valkaama,1789300526.538,0.1036,0,0,0,0,0,0
CONT_s9_dynamic_Valkaama,1789300526.642,0.1037,0,0,0,0,0,0
CONT_s9_dynamic_Valkaama,1789300526.751,0.1086,0,0,0,0,0,0
CONT_s9_dynamic_Valkaama,1789300526.854,0.1035,0,0,0,0,0,0
CONT_s9_dynamic_Valkaama,1789300526.958,0.1035,0,0,0,0,0,0
CONT_s9_dynamic_Valkaama,1789300527.061,0.1035,0,0,0,0,0,0
CONT_s9_dynamic_Valkaama,1789300527.165,0.1035,0,0,0,0,0,0
CONT_s9_dynamic_Valkaama,1789300527.268,0.1036,0,0,0,0,0,0
CONT_s9_dynamic_Valkaama,1789300527.372,0.1037,0,0,0,0,0,0
CONT_s9_dynamic_Valkaama,1789300527.475,0.1035,0,0,0,0,0,0
CONT_s9_dynamic_Valkaama,1789300527.579,0.1035,0,0,0,0,0,0
CONT_s9_dynamic_Valkaama,1789300527.683,0.1037,0,0,0,0,0,0
CONT_s9_dynamic_Valkaama,1789300527.786,0.1036,0,0,0,0,0,0
CONT_s9_dynamic_Valkaama,1789300527.89,0.1035,0,0,0,0,0,0
CONT_s9_dynamic_Valkaama,1789300527.993,0.1035,0,0,0,0,0,0
CONT_s9_dynamic_Valkaama,1789300528.097,0.1035,0,0,0,0,0,0
CONT_s9_dynamic_Valkaama,1789300528.2,0.1036,66961,55,0,52738772.4,20594409.5,2
CONT_s9_dynamic_Valkaama,1789300528.304,0.1036,65592,64,0,15810999.2,38534905.1,2
CONT_s9_dynamic_Valkaama,1789300528.408,0.1036,64092,63,0,3980516.0,38935824.5,2
CONT_s9_dynamic_Valkaama,1789300528.511,0.1036,46341,43,0,2941588.7,44490233.8,2
CONT_s9_dynamic_Valkaama,1789300528.615,0.1036,0,0,0,0,0,0
CONT_s9_dynamic_Valkaama,1789300528.718,0.1037,0,0,0,0,0,0
CONT_s9_dynamic_Valkaama,1789300528.822,0.1036,0,0,0,0,0,0
CONT_s9_dynamic_Valkaama,1789300528.925,0.1035,0,0,0,0,0,0
CONT_s9_dynamic_Valkaama,1789300529.029,0.1035,0,0,0,0,0,0
CONT_s9_dynamic_Valkaama,1789300529.135,0.1057,0,0,0,0,0,0
CONT_s9_dynamic_Valkaama,1789300529.238,0.1036,0,0,0,0,0,0
CONT_s9_dynamic_Valkaama,1789300529.342,0.1036,0,0,0,0,0,0
CONT_s9_dynamic_Valkaama,1789300529.445,0.1035,0,0,0,0,0,0
CONT_s9_dynamic_Valkaama,1789300529.549,0.1036,0,0,0,0,0,0
CONT_s9_dynamic_Valkaama,1789300529.653,0.1036,0,0,0,0,0,0
CONT_s9_dynamic_Valkaama,1789300529.757,0.1048,0,0,0,0,0,0
CONT_s9_dynamic_Valkaama,1789300529.861,0.1036,0,0,0,0,0,0
CONT_s9_dynamic_Valkaama,1789300529.964,0.1035,0,0,0,0,0,0
CONT_s9_dynamic_Valkaama,1789300530.068,0.1035,0,0,0,0,0,0
CONT_s9_dynamic_Valkaama,1789300530.171,0.1035,0,0,0,0,0,0
CONT_s9_dynamic_Valkaama,1789300530.275,0.1035,0,0,0,0,0,0
CONT_s9_dynamic_Valkaama,1789300530.379,0.1035,0,0,0,0,0,0
CONT_s9_dynamic_Valkaama,1789300530.482,0.1035,0,0,0,0,0,0
CONT_s9_dynamic_Valkaama,1789300530.585,0.1035,0,0,0,0,0,0
CONT_s9_dynamic_Valkaama,1789300530.689,0.1035,0,0,0,0,0,0
CONT_s9_dynamic_Valkaama,1789300530.793,0.1036,0,0,0,0,0,0
CONT_s9_dynamic_Valkaama,1789300530.896,0.1035,0,0,0,0,0,0
CONT_s9_dynamic_Valkaama,1789300531.0,0.1035,0,0,0,0,0,0
CONT_s9_dynamic_Valkaama,1789300531.103,0.1035,0,0,0,0,0,0
CONT_s9_dynamic_Valkaama,1789300531.207,0.1037,0,0,0,0,0,0
CONT_s9_dynamic_Valkaama,1789300531.31,0.1036,0,0,0,0,0,0
CONT_s9_dynamic_Valkaama,1789300531.414,0.1035,0,0,0,0,0,0
CONT_s9_dynamic_Valkaama,1789300531.517,0.1036,0,0,0,0,0,0
CONT_s9_dynamic_Valkaama,1789300531.621,0.1036,0,0,0,0,0,0
CONT_s9_dynamic_Valkaama,1789300531.725,0.1036,0,0,0,0,0,0
CONT_s9_dynamic_Valkaama,1789300531.828,0.1036,0,0,0,0,0,0
CONT_s9_dynamic_Valkaama,1789300531.932,0.1034,0,0,0,0,0,0
CONT_s9_dynamic_Valkaama,1789300532.035,0.1037,0,0,0,0,0,0
CONT_s9_dynamic_Valkaama,1789300532.139,0.1037,45597,34,0,111563039.2,13379872.3,2
CONT_s9_dynamic_Valkaama,1789300532.245,0.1057,65592,64,0,36152106.6,33419305.0,2
CONT_s9_dynamic_Valkaama,1789300532.348,0.1037,65644,65,0,8450582.2,41742519.7,2
CONT_s9_dynamic_Valkaama,1789300532.452,0.1036,65592,64,0,2094185.5,40760715.7,2
CONT_s9_dynamic_Valkaama,1789300532.556,0.1036,56368,73,0,2017846.9,49347673.0,2
CONT_s9_dynamic_Valkaama,1789300532.659,0.1036,73508,94,0,3972324.5,48601887.9,2
CONT_s9_dynamic_Valkaama,1789300532.763,0.1036,58112,58,1,2411317.8,33521231.7,2
CONT_s9_dynamic_Valkaama,1789300532.867,0.1037,68488,64,0,664005.6,34933718.4,2
CONT_s9_dynamic_Valkaama,1789300532.97,0.1036,71675,67,0,670994.6,32790184.7,2
CONT_s9_dynamic_Valkaama,1789300533.074,0.1037,65644,65,0,155466.9,39489877.3,2
CONT_s9_dynamic_Valkaama,1789300533.177,0.1036,65592,64,0,58862.1,42559940.0,2
CONT_s9_dynamic_Valkaama,1789300533.281,0.1037,66568,77,0,67112.4,41919341.6,2
CONT_s9_dynamic_Valkaama,1789300533.385,0.1036,64552,67,2,3647143.9,49216712.7,2
CONT_s9_dynamic_Valkaama,1789300533.488,0.1036,58760,44,0,3872769.8,55700099.1,2
CONT_s9_dynamic_Valkaama,1789300533.592,0.1036,71072,58,0,1946313.1,50037389.4,2
CONT_s9_dynamic_Valkaama,1789300533.695,0.1037,62249,60,0,1907853.4,39608028.5,2
CONT_s9_dynamic_Valkaama,1789300533.799,0.1036,67092,65,0,406099.9,27523298.1,2
CONT_s9_dynamic_Valkaama,1789300533.903,0.1035,65592,64,0,95973.2,37769448.8,2
CONT_s9_dynamic_Valkaama,1789300534.006,0.1037,65644,65,0,41440.7,40121618.3,2
CONT_s9_dynamic_Valkaama,1789300534.11,0.1036,65592,64,0,27261.1,41320657.2,2
CONT_s9_dynamic_Valkaama,1789300534.214,0.1036,64092,63,0,33465.7,42436692.8,2
CONT_s9_dynamic_Valkaama,1789300534.317,0.1037,65644,65,0,37867.1,40055952.9,2
CONT_s9_dynamic_Valkaama,1789300534.421,0.1039,65592,64,0,36949.2,41743063.3,2
CONT_s9_dynamic_Valkaama,1789300534.525,0.1035,53002,63,1,1061832.9,30458136.4,2
CONT_s9_dynamic_Valkaama,1789300534.629,0.104,0,0,0,0,0,0
CONT_s9_dynamic_Valkaama,1789300534.732,0.1037,0,0,0,0,0,0
CONT_s9_dynamic_Valkaama,1789300534.836,0.1036,0,0,0,0,0,0
CONT_s9_dynamic_Valkaama,1789300534.939,0.1035,0,0,0,0,0,0
CONT_s9_dynamic_Valkaama,1789300535.043,0.1035,0,0,0,0,0,0
CONT_s9_dynamic_Valkaama,1789300535.146,0.1035,0,0,0,0,0,0
CONT_s9_dynamic_Valkaama,1789300535.252,0.1052,0,0,0,0,0,0
CONT_s9_dynamic_Valkaama,1789300535.355,0.1036,0,0,0,0,0,0
CONT_s9_dynamic_Valkaama,1789300535.459,0.1034,0,0,0,0,0,0
CONT_s9_dynamic_Valkaama,1789300535.562,0.1035,0,0,0,0,0,0
CONT_s9_dynamic_Valkaama,1789300535.666,0.1035,0,0,0,0,0,0
CONT_s9_dynamic_Valkaama,1789300535.769,0.1036,0,0,0,0,0,0
CONT_s9_dynamic_Valkaama,1789300535.873,0.1036,0,0,0,0,0,0
CONT_s9_dynamic_Valkaama,1789300535.976,0.1035,0,0,0,0,0,0
CONT_s9_dynamic_Valkaama,1789300536.08,0.1036,45597,34,0,48475303.0,13575033.1,2
CONT_s9_dynamic_Valkaama,1789300536.184,0.1037,65020,53,0,19471452.4,37405219.9,2
CONT_s9_dynamic_Valkaama,1789300536.287,0.1037,63468,51,0,12022649.5,53738820.8,2
CONT_s9_dynamic_Valkaama,1789300536.391,0.1036,54260,41,0,8298221.4,54942532.7,2
CONT_s9_dynamic_Valkaama,1789300536.495,0.1036,69780,61,0,4661509.8,44575400.2,2
CONT_s9_dynamic_Valkaama,1789300536.598,0.1036,64760,48,0,4715809.3,58802183.3,2
CONT_s9_dynamic_Valkaama,1789300536.702,0.1037,68327,52,0,4681182.4,55630228.6,2
CONT_s9_dynamic_Valkaama,1789300536.805,0.1036,0,0,0,0,0,0
CONT_s9_dynamic_Valkaama,1789300536.909,0.1035,0,0,0,0,0,0
CONT_s9_dynamic_Valkaama,1789300537.012,0.1036,0,0,0,0,0,0
CONT_s9_dynamic_Valkaama,1789300537.116,0.1039,0,0,0,0,0,0
CONT_s9_dynamic_Valkaama,1789300537.22,0.1036,0,0,0,0,0,0
CONT_s9_dynamic_Valkaama,1789300537.324,0.1036,0,0,0,0,0,0
CONT_s9_dynamic_Valkaama,1789300537.427,0.1035,0,0,0,0,0,0
CONT_s9_dynamic_Valkaama,1789300537.531,0.1036,0,0,0,0,0,0
CONT_s9_dynamic_Valkaama,1789300537.635,0.1041,0,0,0,0,0,0
CONT_s9_dynamic_Valkaama,1789300537.738,0.1036,0,0,0,0,0,0
CONT_s9_dynamic_Valkaama,1789300537.842,0.1035,0,0,0,0,0,0
CONT_s9_dynamic_Valkaama,1789300537.945,0.1035,0,0,0,0,0,0
CONT_s9_dynamic_Valkaama,1789300538.049,0.1035,0,0,0,0,0,0
CONT_s9_dynamic_Valkaama,1789300538.152,0.1036,0,0,0,0,0,0
CONT_s9_dynamic_Valkaama,1789300538.256,0.1036,0,0,0,0,0,0
CONT_s9_dynamic_Valkaama,1789300538.359,0.1034,0,0,0,0,0,0
CONT_s9_dynamic_Valkaama,1789300538.463,0.1035,0,0,0,0,0,0
CONT_s9_dynamic_Valkaama,1789300538.566,0.1035,0,0,0,0,0,0
CONT_s9_dynamic_Valkaama,1789300538.67,0.1035,0,0,0,0,0,0
CONT_s9_dynamic_Valkaama,1789300538.773,0.1036,0,0,0,0,0,0
CONT_s9_dynamic_Valkaama,1789300538.877,0.1035,0,0,0,0,0,0
CONT_s9_dynamic_Valkaama,1789300538.98,0.1035,0,0,0,0,0,0
CONT_s9_dynamic_Valkaama,1789300539.084,0.1035,0,0,0,0,0,0
CONT_s9_dynamic_Valkaama,1789300539.188,0.1037,0,0,0,0,0,0
CONT_s9_dynamic_Valkaama,1789300539.291,0.1035,0,0,0,0,0,0
CONT_s9_dynamic_Valkaama,1789300539.395,0.1036,0,0,0,0,0,0
CONT_s9_dynamic_Valkaama,1789300539.498,0.1035,0,0,0,0,0,0
CONT_s9_dynamic_Valkaama,1789300539.602,0.1035,0,0,0,0,0,0
CONT_s9_dynamic_Valkaama,1789300539.705,0.1036,0,0,0,0,0,0
CONT_s9_dynamic_Valkaama,1789300539.809,0.1036,0,0,0,0,0,0
CONT_s9_dynamic_Valkaama,1789300539.912,0.1034,0,0,0,0,0,0
CONT_s9_dynamic_Valkaama,1789300540.016,0.1035,0,0,0,0,0,0
CONT_s9_dynamic_Valkaama,1789300540.119,0.1035,0,0,0,0,0,0
CONT_s9_dynamic_Valkaama,1789300540.223,0.1035,0,0,0,0,0,0
CONT_s9_dynamic_Valkaama,1789300540.326,0.1035,30545,23,0,174956935.7,13643102.2,2
CONT_s9_dynamic_Valkaama,1789300540.43,0.1035,76040,70,0,36926194.9,32189006.4,2
CONT_s9_dynamic_Valkaama,1789300540.533,0.1036,65644,65,0,9674921.0,37719999.9,2
CONT_s9_dynamic_Valkaama,1789300540.638,0.1051,65592,64,0,2390979.5,40153338.9,2
CONT_s9_dynamic_Valkaama,1789300540.742,0.1037,64144,64,0,625201.5,42449179.3,2
CONT_s9_dynamic_Valkaama,1789300540.846,0.1036,65592,64,0,181825.1,41755139.0,2
CONT_s9_dynamic_Valkaama,1789300540.949,0.1036,65592,64,0,70979.7,42455514.0,2
CONT_s9_dynamic_Valkaama,1789300541.053,0.1036,64024,81,0,1631742.5,42417442.5,2
CONT_s9_dynamic_Valkaama,1789300541.156,0.1036,5923,8,1,2115245.0,27013047.0,2
CONT_s9_dynamic_Valkaama,1789300541.26,0.1036,0,0,0,0,0,0
CONT_s9_dynamic_Valkaama,1789300541.364,0.1035,0,0,0,0,0,0
CONT_s9_dynamic_Valkaama,1789300541.467,0.1035,0,0,0,0,0,0
CONT_s9_dynamic_Valkaama,1789300541.571,0.1036,0,0,0,0,0,0
CONT_s9_dynamic_Valkaama,1789300541.674,0.1035,0,0,0,0,0,0
CONT_s9_dynamic_Valkaama,1789300541.778,0.1036,0,0,0,0,0,0
CONT_s9_dynamic_Valkaama,1789300541.881,0.1035,0,0,0,0,0,0
CONT_s9_dynamic_Valkaama,1789300541.985,0.1035,0,0,0,0,0,0
CONT_s9_dynamic_Valkaama,1789300542.088,0.1035,0,0,0,0,0,0
CONT_s9_dynamic_Valkaama,1789300542.192,0.1037,0,0,0,0,0,0
CONT_s9_dynamic_Valkaama,1789300542.296,0.1036,0,0,0,0,0,0
CONT_s9_dynamic_Valkaama,1789300542.399,0.1035,0,0,0,0,0,0
CONT_s9_dynamic_Valkaama,1789300542.503,0.1036,0,0,0,0,0,0
CONT_s9_dynamic_Valkaama,1789300542.606,0.1036,0,0,0,0,0,0
CONT_s9_dynamic_Valkaama,1789300542.71,0.1037,0,0,0,0,0,0
CONT_s9_dynamic_Valkaama,1789300542.814,0.1036,0,0,0,0,0,0
CONT_s9_dynamic_Valkaama,1789300542.917,0.1035,0,0,0,0,0,0
CONT_s9_dynamic_Valkaama,1789300543.021,0.1036,0,0,0,0,0,0
CONT_s9_dynamic_Valkaama,1789300543.124,0.1036,0,0,0,0,0,0
CONT_s9_dynamic_Valkaama,1789300543.228,0.1037,0,0,0,0,0,0
CONT_s9_dynamic_Valkaama,1789300543.331,0.1036,0,0,0,0,0,0
CONT_s9_dynamic_Valkaama,1789300543.435,0.1035,0,0,0,0,0,0
CONT_s9_dynamic_Valkaama,1789300543.539,0.1036,0,0,0,0,0,0
CONT_s9_dynamic_Valkaama,1789300543.642,0.1035,0,0,0,0,0,0
CONT_s9_dynamic_Valkaama,1789300543.748,0.1054,0,0,0,0,0,0
CONT_s9_dynamic_Valkaama,1789300543.851,0.1037,0,0,0,0,0,0
CONT_s9_dynamic_Valkaama,1789300543.955,0.1034,0,0,0,0,0,0
CONT_s9_dynamic_Valkaama,1789300544.058,0.1035,0,0,0,0,0,0
CONT_s9_dynamic_Valkaama,1789300544.162,0.1036,30545,23,0,148733222.0,13437661.6,2
CONT_s9_dynamic_Valkaama,1789300544.265,0.1037,72416,56,0,36806210.0,39516921.8,2
CONT_s9_dynamic_Valkaama,1789300544.369,0.1037,63676,55,0,24239593.2,44473360.1,2
CONT_s9_dynamic_Valkaama,1789300544.473,0.1037,59332,55,0,11416860.0,39427566.3,2
CONT_s9_dynamic_Valkaama,1789300544.577,0.1038,71436,65,0,3438425.1,42123644.3,2
CONT_s9_dynamic_Valkaama,1789300544.68,0.1037,65592,64,0,1007411.5,34198874.3,2
CONT_s9_dynamic_Valkaama,1789300544.784,0.1037,64144,64,0,273879.3,35341447.5,2
CONT_s9_dynamic_Valkaama,1789300544.888,0.1036,56436,55,0,96251.7,38552934.5,2
CONT_s9_dynamic_Valkaama,1789300544.991,0.1037,10657,9,0,1310847.2,43314333.3,2
CONT_s9_dynamic_Valkaama,1789300545.095,0.1036,0,0,0,0,0,0
CONT_s9_dynamic_Valkaama,1789300545.199,0.1037,0,0,0,0,0,0
CONT_s9_dynamic_Valkaama,1789300545.302,0.1036,0,0,0,0,0,0
CONT_s9_dynamic_Valkaama,1789300545.406,0.1035,0,0,0,0,0,0
CONT_s9_dynamic_Valkaama,1789300545.509,0.1036,0,0,0,0,0,0
CONT_s9_dynamic_Valkaama,1789300545.613,0.1035,15549,17,0,772005.2,201844.7,2
CONT_s9_dynamic_Valkaama,1789300545.717,0.1038,66780,59,0,940842.6,34895249.0,2
CONT_s9_dynamic_Valkaama,1789300545.82,0.1038,64112,80,14,2688241.8,48861501.4,2
CONT_s9_dynamic_Valkaama,1789300545.924,0.1037,67260,65,0,1276623.1,47107009.6,2
CONT_s9_dynamic_Valkaama,1789300546.028,0.1038,67900,75,9,2203581.9,42041441.9,2
CONT_s9_dynamic_Valkaama,1789300546.134,0.1064,39572,37,0,1853583.0,42597622.1,2
CONT_s9_dynamic_Valkaama,1789300546.238,0.1037,0,0,0,0,0,0
CONT_s9_dynamic_Valkaama,1789300546.342,0.1037,0,0,0,0,0,0
CONT_s9_dynamic_Valkaama,1789300546.445,0.1036,53588,51,0,7358668.9,102371475.5,2
CONT_s9_dynamic_Valkaama,1789300546.549,0.1038,62540,61,0,1630050.1,42493569.6,2
CONT_s9_dynamic_Valkaama,1789300546.653,0.1037,10552,8,0,2007317.8,43141021.5,2
CONT_s9_dynamic_Valkaama,1789300546.758,0.105,0,0,0,0,0,0
CONT_s9_dynamic_Valkaama,1789300546.861,0.1038,308,1,0,19021011.0,279943899.0,1
CONT_s9_dynamic_Valkaama,1789300546.965,0.1038,52,1,0,24354244.0,53557896.0,1
CONT_s9_dynamic_Valkaama,1789300547.069,0.1037,0,0,0,0,0,0
CONT_s9_dynamic_Valkaama,1789300547.173,0.1037,70040,66,0,5399777.2,26842225.4,2
CONT_s9_dynamic_Valkaama,1789300547.277,0.1038,61040,60,0,1334367.7,40107043.0,2
CONT_s9_dynamic_Valkaama,1789300547.38,0.1038,6052,5,0,1579832.6,42860929.5,2
CONT_s9_dynamic_Valkaama,1789300547.484,0.1041,0,0,0,0,0,0
CONT_s9_dynamic_Valkaama,1789300547.588,0.1038,308,1,0,17642237.0,266064674.0,1
CONT_s9_dynamic_Valkaama,1789300547.692,0.1039,52,1,0,22734681.0,51010986.0,1
CONT_s9_dynamic_Valkaama,1789300547.796,0.1038,22708,19,0,18338986.8,231790.3,2
CONT_s9_dynamic_Valkaama,1789300547.9,0.1037,65720,66,0,3396342.9,42391996.2,2
CONT_s9_dynamic_Valkaama,1789300548.003,0.1037,51600,66,1,2053962.0,33682568.6,2
CONT_s9_dynamic_Valkaama,1789300548.107,0.1038,0,0,0,0,0,0
CONT_s9_dynamic_Valkaama,1789300548.211,0.1038,0,0,0,0,0,0
CONT_s9_dynamic_Valkaama,1789300548.315,0.1037,360,2,0,18706440.0,216899233.0,2
CONT_s9_dynamic_Valkaama,1789300548.418,0.1038,0,0,0,0,0,0
CONT_s9_dynamic_Valkaama,1789300548.522,0.1037,32101,25,0,22402025.5,12978717.8,3
CONT_s9_dynamic_Valkaama,1789300548.626,0.1038,74680,67,0,63838004.0,40781593.4,4
CONT_s9_dynamic_Valkaama,1789300548.73,0.1038,61668,67,3,43314909.7,57666252.5,4
CONT_s9_dynamic_Valkaama,1789300548.833,0.1038,63416,50,0,38463199.7,39983961.5,4
CONT_s9_dynamic_Valkaama,1789300548.937,0.1037,64864,50,0,24058486.1,32137607.9,2
CONT_s9_dynamic_Valkaama,1789300549.041,0.1037,70916,55,0,16431602.3,37057963.1,2
CONT_s9_dynamic_Valkaama,1789300549.145,0.1037,65224,52,0,12298758.9,42469762.1,4
CONT_s9_dynamic_Valkaama,1789300549.25,0.1057,55916,45,0,16758816.7,47026894.3,4
CONT_s9_dynamic_Valkaama,1789300549.354,0.1037,68136,54,0,13664566.0,63422444.8,4
CONT_s9_dynamic_Valkaama,1789300549.458,0.1037,58956,48,0,14813669.7,69886033.5,4
CONT_s9_dynamic_Valkaama,1789300549.562,0.1038,67708,49,0,8122948.3,66284649.7,3
CONT_s9_dynamic_Valkaama,1789300549.665,0.1037,63728,56,0,4574232.5,36316896.7,2
CONT_s9_dynamic_Valkaama,1789300549.769,0.1038,68436,63,0,1479186.7,38690052.2,2
CONT_s9_dynamic_Valkaama,1789300549.873,0.1039,69780,61,0,1224070.9,45075880.6,2
CONT_s9_dynamic_Valkaama,1789300549.977,0.1038,64708,47,0,3702728.6,59014106.7,2
CONT_s9_dynamic_Valkaama,1789300550.08,0.1038,64812,49,0,3869266.2,61090883.0,2
CONT_s9_dynamic_Valkaama,1789300550.185,0.1043,64708,47,0,3920360.4,62748486.8,2
CONT_s9_dynamic_Valkaama,1789300550.289,0.1037,55760,42,0,3819079.8,64307828.8,2
CONT_s9_dynamic_Valkaama,1789300550.392,0.1036,72312,54,0,3600737.1,63064692.0,2
CONT_s9_dynamic_Valkaama,1789300550.496,0.1038,65384,60,0,1299847.7,47111245.8,2
CONT_s9_dynamic_Valkaama,1789300550.6,0.1039,65644,65,0,292004.4,41318311.3,2
CONT_s9_dynamic_Valkaama,1789300550.704,0.104,65592,64,0,85464.7,42509535.0,2
CONT_s9_dynamic_Valkaama,1789300550.808,0.1038,57552,70,0,104156.0,39425948.0,2
CONT_s9_dynamic_Valkaama,1789300550.911,0.1037,75072,96,0,3920449.0,47682422.7,2
CONT_s9_dynamic_Valkaama,1789300551.015,0.1038,52600,52,1,3985884.8,38463563.0,2
CONT_s9_dynamic_Valkaama,1789300551.119,0.1037,75260,55,0,3992134.0,44202531.8,2
CONT_s9_dynamic_Valkaama,1789300551.223,0.1039,61264,46,0,4156100.3,45097234.8,2
CONT_s9_dynamic_Valkaama,1789300551.327,0.1037,69780,61,0,1484640.0,40945591.1,2
CONT_s9_dynamic_Valkaama,1789300551.43,0.1037,51416,42,0,3282481.9,58131917.7,2
CONT_s9_dynamic_Valkaama,1789300551.534,0.1037,69520,56,0,2951705.4,57740593.1,2
CONT_s9_dynamic_Valkaama,1789300551.638,0.1039,74301,62,0,2958932.3,46928991.6,2
CONT_s9_dynamic_Valkaama,1789300551.742,0.1038,65592,64,0,437149.4,43717879.6,2
CONT_s9_dynamic_Valkaama,1789300551.846,0.1038,52936,65,0,126720.7,41753939.1,2
CONT_s9_dynamic_Valkaama,1789300551.949,0.1038,74976,73,2,3646326.2,50316328.8,2
CONT_s9_dynamic_Valkaama,1789300552.053,0.1038,58760,44,0,3865173.0,56491185.1,2
CONT_s9_dynamic_Valkaama,1789300552.157,0.1037,74280,64,0,1209943.0,48856658.4,2
CONT_s9_dynamic_Valkaama,1789300552.261,0.1038,64092,63,0,254473.3,37745892.6,2
CONT_s9_dynamic_Valkaama,1789300552.364,0.1037,65644,65,0,78641.0,37754952.1,2
CONT_s9_dynamic_Valkaama,1789300552.468,0.1038,65592,64,0,44156.0,40132544.8,2
CONT_s9_dynamic_Valkaama,1789300552.572,0.1037,65592,64,0,51840.3,40756626.6,2
CONT_s9_dynamic_Valkaama,1789300552.676,0.1038,65644,65,0,36402.0,42431284.4,2
CONT_s9_dynamic_Valkaama,1789300552.78,0.1038,64092,63,0,44310.3,40853107.5,2
CONT_s9_dynamic_Valkaama,1789300552.883,0.1037,65644,65,0,41630.0,40026186.6,2
CONT_s9_dynamic_Valkaama,1789300552.987,0.1037,66264,73,0,69142.8,41548325.9,2
CONT_s9_dynamic_Valkaama,1789300553.091,0.1038,60996,78,0,3405723.0,49313710.0,2
CONT_s9_dynamic_Valkaama,1789300553.195,0.1039,68216,79,1,4336021.2,40433722.3,2
CONT_s9_dynamic_Valkaama,1789300553.298,0.1038,64812,49,0,4213810.5,47556533.5,2
CONT_s9_dynamic_Valkaama,1789300553.402,0.1038,68228,59,0,1543479.9,44255815.5,2
CONT_s9_dynamic_Valkaama,1789300553.506,0.1038,65592,64,0,336501.1,35383986.2,2
CONT_s9_dynamic_Valkaama,1789300553.61,0.1038,65644,65,0,101040.2,38931468.6,2
CONT_s9_dynamic_Valkaama,1789300553.714,0.1039,64092,63,0,54466.3,41718923.6,2
CONT_s9_dynamic_Valkaama,1789300553.818,0.1038,52936,65,0,105975.3,41729328.7,2
CONT_s9_dynamic_Valkaama,1789300553.921,0.1037,76636,98,0,3928582.0,48529277.0,2
CONT_s9_dynamic_Valkaama,1789300554.025,0.1037,56068,63,1,1374209.0,33317848.3,2
CONT_s9_dynamic_Valkaama,1789300554.131,0.1056,79576,64,0,2977012.7,43661652.1,2
CONT_s9_dynamic_Valkaama,1789300554.234,0.1039,65644,65,0,540406.2,34427743.7,2
CONT_s9_dynamic_Valkaama,1789300554.338,0.1038,65592,64,0,153129.5,37792822.0,2
CONT_s9_dynamic_Valkaama,1789300554.442,0.1037,64092,63,0,68177.3,41751676.5,2
CONT_s9_dynamic_Valkaama,1789300554.546,0.1037,65720,66,0,82534.4,41888688.3,2
CONT_s9_dynamic_Valkaama,1789300554.65,0.1039,67252,86,0,2621637.0,52101763.0,2
CONT_s9_dynamic_Valkaama,1789300554.755,0.1052,57376,45,2,3814573.3,49995483.5,2
CONT_s9_dynamic_Valkaama,1789300554.859,0.1038,74267,65,0,1234609.7,33414909.0,2
CONT_s9_dynamic_Valkaama,1789300554.962,0.1038,64144,64,0,236634.8,34539396.4,2
CONT_s9_dynamic_Valkaama,1789300555.066,0.1037,65592,64,0,67474.0,35370550.0,2
CONT_s9_dynamic_Valkaama,1789300555.17,0.1037,65644,65,0,50288.0,38244651.9,2
CONT_s9_dynamic_Valkaama,1789300555.274,0.1038,65592,64,0,32022.6,39264297.2,2
CONT_s9_dynamic_Valkaama,1789300555.377,0.1038,64092,63,0,39349.3,40082874.8,2
CONT_s9_dynamic_Valkaama,1789300555.481,0.1038,65644,65,0,32392.6,42444665.8,2
CONT_s9_dynamic_Valkaama,1789300555.585,0.1039,65592,64,0,25518.2,41749729.3,2
CONT_s9_dynamic_Valkaama,1789300555.689,0.1037,65644,65,0,36693.6,40078621.4,2
CONT_s9_dynamic_Valkaama,1789300555.793,0.1038,66200,72,0,90180.5,41587779.0,2
CONT_s9_dynamic_Valkaama,1789300555.896,0.1037,61060,79,0,3407044.7,49254298.0,2
CONT_s9_dynamic_Valkaama,1789300556.0,0.1037,68216,79,1,4343270.6,40219237.3,2
CONT_s9_dynamic_Valkaama,1789300556.104,0.1038,61760,46,0,4004629.3,45066962.4,2
CONT_s9_dynamic_Valkaama,1789300556.208,0.1039,71072,58,0,2424128.7,46852821.9,2
CONT_s9_dynamic_Valkaama,1789300556.311,0.1038,64092,63,0,491166.0,35376134.2,2
CONT_s9_dynamic_Valkaama,1789300556.415,0.1037,65644,65,0,145529.7,37737151.7,2
CONT_s9_dynamic_Valkaama,1789300556.519,0.1037,65592,64,0,64205.7,41767137.2,2
CONT_s9_dynamic_Valkaama,1789300556.623,0.1038,66568,77,0,75971.2,41203897.6,2
CONT_s9_dynamic_Valkaama,1789300556.726,0.1037,66868,80,0,3770015.7,48746380.0,2
CONT_s9_dynamic_Valkaama,1789300556.83,0.1038,65912,82,1,1519451.5,35917070.5,2
CONT_s9_dynamic_Valkaama,1789300556.934,0.1037,63024,52,0,2735860.2,45559679.2,2
CONT_s9_dynamic_Valkaama,1789300557.038,0.1037,67868,64,0,1108700.5,22601660.6,2
CONT_s9_dynamic_Valkaama,1789300557.142,0.1038,65644,65,0,230305.7,37132894.2,2
CONT_s9_dynamic_Valkaama,1789300557.252,0.1106,68644,67,0,79279.2,39560187.2,2
CONT_s9_dynamic_Valkaama,1789300557.356,0.1038,65644,65,0,59825.5,42494465.4,2
CONT_s9_dynamic_Valkaama,1789300557.46,0.1037,66428,75,0,85287.3,42051572.9,2
CONT_s9_dynamic_Valkaama,1789300557.563,0.1038,57192,64,2,3561242.9,47769260.4,2
CONT_s9_dynamic_Valkaama,1789300557.667,0.1039,70812,53,0,3869816.3,55565884.2,2
CONT_s9_dynamic_Valkaama,1789300557.771,0.1038,66520,54,0,2230534.7,54690702.3,2
CONT_s9_dynamic_Valkaama,1789300557.875,0.1042,65592,64,0,386454.5,34109456.7,2
CONT_s9_dynamic_Valkaama,1789300557.979,0.1038,65592,64,0,108408.6,37776587.6,2
CONT_s9_dynamic_Valkaama,1789300558.083,0.1038,64144,64,0,56487.8,39268309.6,2
CONT_s9_dynamic_Valkaama,1789300558.187,0.1038,65592,64,0,46287.4,40126778.9,2
CONT_s9_dynamic_Valkaama,1789300558.291,0.1038,65644,65,0,39612.3,42430993.3,2
CONT_s9_dynamic_Valkaama,1789300558.394,0.1039,65592,64,0,37786.0,41730325.1,2
CONT_s9_dynamic_Valkaama,1789300558.498,0.1038,65592,64,0,33489.8,40130268.9,2
CONT_s9_dynamic_Valkaama,1789300558.602,0.1038,64220,65,0,85058.2,41843947.1,2
CONT_s9_dynamic_Valkaama,1789300558.706,0.104,67252,86,0,2593106.5,47278689.0,2
CONT_s9_dynamic_Valkaama,1789300558.81,0.1038,59432,76,0,3972585.0,47046054.8,2
CONT_s9_dynamic_Valkaama,1789300558.914,0.1038,72760,61,1,4057901.1,38329318.8,2
CONT_s9_dynamic_Valkaama,1789300559.017,0.1038,65228,57,0,1581786.6,42206134.7,2
CONT_s9_dynamic_Valkaama,1789300559.121,0.1038,63624,54,0,1544689.9,47088200.3,2
CONT_s9_dynamic_Valkaama,1789300559.225,0.104,65644,65,0,314395.6,37701570.3,2
CONT_s9_dynamic_Valkaama,1789300559.329,0.1038,65591,64,0,971349.1,26451526.3,2
CONT_s9_dynamic_Valkaama,1789300559.433,0.1038,65592,64,0,158481.3,43726471.6,2
CONT_s9_dynamic_Valkaama,1789300559.536,0.1038,59416,75,0,1686913.3,44701681.0,2
CONT_s9_dynamic_Valkaama,1789300559.64,0.1039,73884,94,0,3943775.5,47932320.7,2
CONT_s9_dynamic_Valkaama,1789300559.747,0.1062,67008,61,3,3533083.8,34763378.0,2
CONT_s9_dynamic_Valkaama,1789300559.851,0.1039,65644,65,0,536961.2,34435895.8,2
CONT_s9_dynamic_Valkaama,1789300559.954,0.1037,65592,64,0,136038.5,37751738.9,2
CONT_s9_dynamic_Valkaama,1789300560.058,0.1038,65644,65,0,63180.6,40904452.7,2
CONT_s9_dynamic_Valkaama,1789300560.162,0.1038,65668,65,0,82465.4,41924602.8,2
CONT_s9_dynamic_Valkaama,1789300560.266,0.1038,65752,85,0,2629617.6,52108114.7,2
CONT_s9_dynamic_Valkaama,1789300560.369,0.1037,57376,45,2,3805583.6,49795901.3,2
CONT_s9_dynamic_Valkaama,1789300560.473,0.1039,63260,47,0,3769224.8,57193009.8,2
CONT_s9_dynamic_Valkaama,1789300560.577,0.1038,74488,68,0,792512.4,44446718.2,2
CONT_s9_dynamic_Valkaama,1789300560.681,0.1038,64092,63,0,187530.7,37713082.0,2
CONT_s9_dynamic_Valkaama,1789300560.785,0.1038,65644,65,0,61345.0,37767184.3,2
CONT_s9_dynamic_Valkaama,1789300560.888,0.1037,65592,64,0,46101.6,40152953.7,2
CONT_s9_dynamic_Valkaama,1789300560.992,0.1038,65592,64,0,53082.4,41236238.2,2
CONT_s9_dynamic_Valkaama,1789300561.096,0.1038,65644,65,0,37928.3,42489792.2,2
CONT_s9_dynamic_Valkaama,1789300561.2,0.1038,64092,63,0,28022.7,40138039.2,2
CONT_s9_dynamic_Valkaama,1789300561.304,0.1038,65644,65,0,24014.4,41718731.1,2
CONT_s9_dynamic_Valkaama,1789300561.407,0.1037,65627,61,0,545011.2,32081686.9,2
CONT_s9_dynamic_Valkaama,1789300561.511,0.1037,66340,74,0,121523.4,40529792.9,2
CONT_s9_dynamic_Valkaama,1789300561.615,0.1037,66024,85,0,3686616.1,47504178.8,2
CONT_s9_dynamic_Valkaama,1789300561.719,0.1038,60748,72,2,2286248.7,33358007.2,2
CONT_s9_dynamic_Valkaama,1789300561.822,0.1038,62176,54,0,1269923.0,34527555.1,2
CONT_s9_dynamic_Valkaama,1789300561.926,0.1037,74280,64,0,1044746.5,45016796.9,2
CONT_s9_dynamic_Valkaama,1789300562.03,0.1038,65644,65,0,238202.9,38515691.4,2
CONT_s9_dynamic_Valkaama,1789300562.135,0.1052,65592,64,0,74088.4,40684377.6,2
CONT_s9_dynamic_Valkaama,1789300562.242,0.107,67360,69,0,78715.6,42369111.9,2
CONT_s9_dynamic_Valkaama,1789300562.346,0.1038,65676,84,2,2869058.0,49017409.3,2
CONT_s9_dynamic_Valkaama,1789300562.45,0.1039,66260,49,0,3864871.5,51608733.2,2
CONT_s9_dynamic_Valkaama,1789300562.554,0.1038,61812,47,0,3878612.1,58230370.3,2
CONT_s9_dynamic_Valkaama,1789300562.657,0.1037,66988,63,0,755853.8,39478473.3,2
CONT_s9_dynamic_Valkaama,1789300562.761,0.1037,65644,65,0,180266.6,38509600.6,2
CONT_s9_dynamic_Valkaama,1789300562.865,0.1039,65592,64,0,89956.3,38398572.7,2
CONT_s9_dynamic_Valkaama,1789300562.969,0.1038,64092,63,0,47196.7,40099699.3,2
CONT_s9_dynamic_Valkaama,1789300563.072,0.1038,65644,65,0,32216.1,41312611.5,2
CONT_s9_dynamic_Valkaama,1789300563.176,0.1039,65592,64,0,54760.7,42470667.7,2
CONT_s9_dynamic_Valkaama,1789300563.28,0.1038,65644,65,0,38536.7,40036675.1,2
CONT_s9_dynamic_Valkaama,1789300563.384,0.1037,65592,64,0,43069.1,41681196.7,2
CONT_s9_dynamic_Valkaama,1789300563.488,0.1037,63656,76,0,85822.1,40247004.4,2
CONT_s9_dynamic_Valkaama,1789300563.591,0.1037,64124,82,0,3829104.0,47516092.0,2
CONT_s9_dynamic_Valkaama,1789300563.695,0.1038,70377,76,1,2912464.8,35734129.1,2
CONT_s9_dynamic_Valkaama,1789300563.799,0.1038,63468,51,0,3703879.4,53730696.7,2
CONT_s9_dynamic_Valkaama,1789300563.903,0.1037,58760,44,0,4067597.3,58058479.4,2
CONT_s9_dynamic_Valkaama,1789300564.006,0.1037,73040,68,0,908184.2,40126600.1,2
CONT_s9_dynamic_Valkaama,1789300564.11,0.1038,64092,63,0,243023.7,40917202.6,2
CONT_s9_dynamic_Valkaama,1789300564.214,0.1038,65644,65,0,84143.4,42509930.2,2
CONT_s9_dynamic_Valkaama,1789300564.318,0.1038,63972,80,0,1726826.9,45533658.4,2
CONT_s9_dynamic_Valkaama,1789300564.421,0.1038,59336,53,2,3695179.1,49683230.6,2
CONT_s9_dynamic_Valkaama,1789300564.525,0.1038,73760,54,0,3778717.5,56767606.4,2
CONT_s9_dynamic_Valkaama,1789300564.632,0.1071,66936,62,0,1022111.0,44234995.7,2
CONT_s9_dynamic_Valkaama,1789300564.737,0.1042,65592,64,0,223949.6,36163011.4,2
CONT_s9_dynamic_Valkaama,1789300564.84,0.1038,64092,63,0,88956.7,37779094.1,2
CONT_s9_dynamic_Valkaama,1789300564.944,0.1037,65644,65,0,84431.3,40087761.7,2
CONT_s9_dynamic_Valkaama,1789300565.048,0.1038,65592,64,0,45989.1,40700212.9,2
CONT_s9_dynamic_Valkaama,1789300565.152,0.1039,65644,65,0,37740.3,42468008.5,2
CONT_s9_dynamic_Valkaama,1789300565.256,0.1039,65592,64,0,40892.0,40116388.0,2
CONT_s9_dynamic_Valkaama,1789300565.36,0.1039,64092,63,0,40416.3,41685860.5,2
CONT_s9_dynamic_Valkaama,1789300565.463,0.1037,66404,75,0,84874.2,40460039.9,2
CONT_s9_dynamic_Valkaama,1789300565.567,0.1037,65688,84,0,3668040.5,47539108.8,2
CONT_s9_dynamic_Valkaama,1789300565.671,0.1039,64948,73,1,4123332.8,42975507.7,2
CONT_s9_dynamic_Valkaama,1789300565.775,0.1038,55871,50,0,2752654.2,32406292.3,2
CONT_s9_dynamic_Valkaama,1789300565.878,0.1038,77280,66,0,2966400.5,44581875.7,2
CONT_s9_dynamic_Valkaama,1789300565.983,0.104,65332,59,0,1599588.0,45387647.0,2
CONT_s9_dynamic_Valkaama,1789300566.086,0.1038,64144,64,0,361253.5,40066536.9,2
CONT_s9_dynamic_Valkaama,1789300566.19,0.1038,65592,64,0,98897.0,42485602.5,2
CONT_s9_dynamic_Valkaama,1789300566.294,0.1038,62092,74,0,58916.1,41812058.4,2
CONT_s9_dynamic_Valkaama,1789300566.398,0.1037,62924,64,2,3626955.6,49347374.4,2
CONT_s9_dynamic_Valkaama,1789300566.501,0.1038,70812,53,0,3860273.3,56048421.4,2
CONT_s9_dynamic_Valkaama,1789300566.605,0.1038,65124,55,0,1587717.7,48889023.8,2
CONT_s9_dynamic_Valkaama,1789300566.709,0.1037,65644,65,0,304845.1,36535539.9,2
CONT_s9_dynamic_Valkaama,1789300566.813,0.1038,65592,64,0,92557.8,37727852.0,2
CONT_s9_dynamic_Valkaama,1789300566.916,0.1037,65592,64,0,55118.5,39528712.8,2
CONT_s9_dynamic_Valkaama,1789300567.02,0.1037,64144,64,0,44261.1,40897071.9,2
CONT_s9_dynamic_Valkaama,1789300567.124,0.1037,65592,64,0,49505.3,42537201.3,2
CONT_s9_dynamic_Valkaama,1789300567.228,0.1039,65644,65,0,41160.5,40931528.2,2
CONT_s9_dynamic_Valkaama,1789300567.331,0.1038,65592,64,0,59255.0,40177036.3,2
CONT_s9_dynamic_Valkaama,1789300567.435,0.1037,64460,68,0,101060.3,42258395.1,2
CONT_s9_dynamic_Valkaama,1789300567.539,0.1037,62560,80,0,3000122.5,48105227.0,2
CONT_s9_dynamic_Valkaama,1789300567.642,0.1037,65676,84,1,3901797.0,43597154.7,2
CONT_s9_dynamic_Valkaama,1789300567.747,0.1043,63312,48,0,3991537.4,47654024.3,2
CONT_s9_dynamic_Valkaama,1789300567.851,0.1037,70812,53,0,3943547.2,55194882.7,2
CONT_s9_dynamic_Valkaama,1789300567.954,0.1037,51208,38,0,3896256.8,60120715.5,2
CONT_s9_dynamic_Valkaama,1789300568.058,0.1038,79618,72,0,951745.8,41744750.8,2
CONT_s9_dynamic_Valkaama,1789300568.162,0.1037,65592,64,0,210814.1,41726853.3,2
CONT_s9_dynamic_Valkaama,1789300568.266,0.1042,60972,78,0,1735401.0,44726978.8,2
CONT_s9_dynamic_Valkaama,1789300568.37,0.1038,60996,78,0,3925493.5,48042390.7,2
CONT_s9_dynamic_Valkaama,1789300568.473,0.1038,67220,64,1,4080153.7,46333976.2,2
CONT_s9_dynamic_Valkaama,1789300568.577,0.1037,72312,54,0,4029518.4,56599346.5,2
CONT_s9_dynamic_Valkaama,1789300568.681,0.1038,54208,40,0,3864640.4,61055193.6,2
CONT_s9_dynamic_Valkaama,1789300568.785,0.1038,74280,64,0,1991947.2,56053161.2,2
CONT_s9_dynamic_Valkaama,1789300568.889,0.1037,66936,62,0,910172.8,42556208.5,2
CONT_s9_dynamic_Valkaama,1789300568.992,0.1038,64040,80,0,1842289.5,45509601.7,2
CONT_s9_dynamic_Valkaama,1789300569.096,0.1038,61308,78,0,3942593.5,48062119.3,2
CONT_s9_dynamic_Valkaama,1789300569.2,0.1039,72072,92,1,3980279.5,47104367.7,2
CONT_s9_dynamic_Valkaama,1789300569.304,0.1038,64124,82,0,3926530.5,58178610.0,2
CONT_s9_dynamic_Valkaama,1789300569.407,0.1037,73677,98,0,3613820.9,61122076.5,4
CONT_s9_dynamic_Valkaama,1789300569.511,0.1039,57772,49,1,5771048.8,37812392.3,4
CONT_s9_dynamic_Valkaama,1789300569.615,0.104,64968,52,0,7795512.8,60495266.9,4
CONT_s9_dynamic_Valkaama,1789300569.719,0.1041,67968,54,0,8508266.0,65731306.4,4
CONT_s9_dynamic_Valkaama,1789300569.823,0.1039,63364,49,0,7160993.8,67408307.6,4
CONT_s9_dynamic_Valkaama,1789300569.927,0.1039,63416,50,0,10406552.6,74713239.4,4
CONT_s9_dynamic_Valkaama,1789300570.031,0.1038,64968,52,0,11148035.4,63262747.2,4
CONT_s9_dynamic_Valkaama,1789300570.136,0.105,69520,56,0,10392317.6,57455212.5,4
CONT_s9_dynamic_Valkaama,1789300570.241,0.1045,66468,53,0,11073321.5,61503703.2,4
CONT_s9_dynamic_Valkaama,1789300570.345,0.104,52345,45,0,13496869.8,38466067.6,4
CONT_s9_dynamic_Valkaama,1789300570.448,0.1039,72416,56,0,9793851.9,61951299.7,4
CONT_s9_dynamic_Valkaama,1789300570.552,0.1038,69832,62,0,6243676.6,49959897.5,4
CONT_s9_dynamic_Valkaama,1789300570.656,0.104,65384,60,0,8379586.2,56085533.3,4
CONT_s9_dynamic_Valkaama,1789300570.76,0.104,65176,56,0,10440134.8,65969267.4,4
CONT_s9_dynamic_Valkaama,1789300570.864,0.1037,59332,55,0,9665878.5,58490803.3,4
CONT_s9_dynamic_Valkaama,1789300570.968,0.1038,64864,50,0,8201888.1,70296150.9,4
CONT_s9_dynamic_Valkaama,1789300571.072,0.104,64916,51,0,11956548.9,75583191.8,4
CONT_s9_dynamic_Valkaama,1789300571.176,0.1042,67864,52,0,8530391.6,72914140.1,4
CONT_s9_dynamic_Valkaama,1789300571.28,0.104,66416,52,0,12432969.4,78089165.4,4
CONT_s9_dynamic_Valkaama,1789300571.384,0.1038,57980,55,0,8207184.1,69996600.6,4
CONT_s9_dynamic_Valkaama,1789300571.488,0.1039,71488,86,0,11000793.0,62636968.9,4
CONT_s9_dynamic_Valkaama,1789300571.592,0.104,69732,81,1,9145879.4,56171296.2,4
CONT_s9_dynamic_Valkaama,1789300571.696,0.1041,61968,50,0,11089921.9,60158506.7,4
CONT_s9_dynamic_Valkaama,1789300571.8,0.104,66468,53,0,11416613.5,65933649.5,4
CONT_s9_dynamic_Valkaama,1789300571.904,0.1039,52812,41,0,8963657.6,67958847.7,4
CONT_s9_dynamic_Valkaama,1789300572.008,0.104,75468,59,0,11239788.0,73928329.0,4
CONT_s9_dynamic_Valkaama,1789300572.112,0.104,67760,73,0,4140696.6,55267457.4,4
CONT_s9_dynamic_Valkaama,1789300572.216,0.104,59344,72,0,9640056.4,56928349.7,4
CONT_s9_dynamic_Valkaama,1789300572.32,0.104,2102890,1664,52,1661282.1,2084439.2,4
CONT_s9_dynamic_Valkaama,1789300572.424,0.1039,77672,94,28,5945937.2,36670042.9,4
CONT_s9_dynamic_Valkaama,1789300572.527,0.1038,79616,77,19,6460684.7,32664343.5,4
CONT_s9_dynamic_Valkaama,1789300572.633,0.1054,80672,73,6,5466039.7,54628618.2,4
CONT_s9_dynamic_Valkaama,1789300572.737,0.104,77872,96,16,7568101.2,53962097.0,4
CONT_s9_dynamic_Valkaama,1789300572.841,0.1039,79264,74,2,7469933.6,50999735.5,4
CONT_s9_dynamic_Valkaama,1789300572.945,0.1039,70464,70,6,6541493.2,55326881.4,4
CONT_s9_dynamic_Valkaama,1789300573.048,0.1039,79453,67,3,7844552.2,52318494.5,4
CONT_s9_dynamic_Valkaama,1789300573.152,0.1039,85812,63,0,6438052.6,54656974.1,4
CONT_s9_dynamic_Valkaama,1789300573.257,0.1041,73916,57,0,8279031.6,60324577.8,4
CONT_s9_dynamic_Valkaama,1789300573.36,0.1038,76916,59,0,8515221.4,67670835.7,4
CONT_s9_dynamic_Valkaama,1789300573.464,0.1039,75364,57,0,8465292.9,67666413.6,4
CONT_s9_dynamic_Valkaama,1789300573.568,0.1039,82916,63,0,8677530.0,56845025.9,4
CONT_s9_dynamic_Valkaama,1789300573.672,0.1039,72416,56,0,8915153.1,55471230.4,4
CONT_s9_dynamic_Valkaama,1789300573.776,0.104,79864,60,0,8486238.0,57924645.6,4
CONT_s9_dynamic_Valkaama,1789300573.88,0.1037,81364,61,0,8011482.2,59585770.2,4
CONT_s9_dynamic_Valkaama,1789300573.984,0.104,67916,53,0,9324203.1,61376478.6,4
CONT_s9_dynamic_Valkaama,1789300574.088,0.1039,82916,63,0,9013930.4,63725811.6,4
CONT_s9_dynamic_Valkaama,1789300574.192,0.1041,73812,55,0,5620735.3,44496210.2,4
CONT_s9_dynamic_Valkaama,1789300574.296,0.104,81312,60,0,4150281.8,35534947.7,2
CONT_s9_dynamic_Valkaama,1789300574.4,0.104,81416,62,0,4758234.4,35691693.2,4
CONT_s9_dynamic_Valkaama,1789300574.504,0.1039,67760,50,0,3507173.6,35281983.9,2
CONT_s9_dynamic_Valkaama,1789300574.608,0.104,81312,60,0,3304741.9,35484069.6,2
CONT_s9_dynamic_Valkaama,1789300574.712,0.104,81312,60,0,3183213.6,35323400.1,2
CONT_s9_dynamic_Valkaama,1789300574.816,0.104,81260,59,0,3121794.7,35365183.1,2
CONT_s9_dynamic_Valkaama,1789300574.919,0.1038,67812,51,0,3021587.8,35440939.9,2
CONT_s9_dynamic_Valkaama,1789300575.023,0.104,81416,62,0,4466961.9,35821117.2,4
CONT_s9_dynamic_Valkaama,1789300575.127,0.104,81364,61,0,4162772.0,35496110.9,3
CONT_s9_dynamic_Valkaama,1789300575.231,0.1042,77085,60,0,12803877.8,28198872.4,4
CONT_s9_dynamic_Valkaama,1789300575.335,0.104,75520,60,0,8538955.2,30755489.1,2
CONT_s9_dynamic_Valkaama,1789300575.439,0.1039,78468,61,0,6115305.7,33252217.2,2
CONT_s9_dynamic_Valkaama,1789300575.543,0.104,78416,60,0,4964559.6,36661215.9,2
CONT_s9_dynamic_Valkaama,1789300575.647,0.1041,79916,61,0,4457174.9,38966529.7,2
CONT_s9_dynamic_Valkaama,1789300575.753,0.1056,78780,67,0,1909410.6,34816221.2,2
CONT_s9_dynamic_Valkaama,1789300575.857,0.104,78936,70,0,967480.3,34082372.7,2
CONT_s9_dynamic_Valkaama,1789300575.961,0.1041,12156,11,0,1602659.4,20452708.6,2
CONT_s9_dynamic_Valkaama,1789300576.065,0.104,0,0,0,0,0,0
CONT_s9_dynamic_Valkaama,1789300576.169,0.1039,104,2,0,16812891.5,239701195.0,2
CONT_s9_dynamic_Valkaama,1789300576.273,0.104,83306,63,0,17309808.2,23222756.0,2
CONT_s9_dynamic_Valkaama,1789300576.377,0.104,79916,61,0,10047267.7,38476402.9,2
CONT_s9_dynamic_Valkaama,1789300576.481,0.1041,75364,57,0,7428640.8,41930095.7,2
CONT_s9_dynamic_Valkaama,1789300576.585,0.1039,81520,64,0,5064305.5,40404862.6,2
CONT_s9_dynamic_Valkaama,1789300576.689,0.1042,77540,71,0,3601210.7,32419484.3,4
CONT_s9_dynamic_Valkaama,1789300576.793,0.104,72416,56,0,3585461.7,48803007.5,2
CONT_s9_dynamic_Valkaama,1789300576.897,0.1039,78312,58,0,3446339.7,50794971.7,2
CONT_s9_dynamic_Valkaama,1789300577.002,0.1043,79812,59,0,3353443.6,52503259.0,2
CONT_s9_dynamic_Valkaama,1789300577.106,0.1044,69260,51,0,3263632.2,54572258.7,2
CONT_s9_dynamic_Valkaama,1789300577.21,0.1042,89436,77,0,1258668.7,44228629.5,2
CONT_s9_dynamic_Valkaama,1789300577.314,0.104,79352,78,0,244705.3,34304999.5,2
CONT_s9_dynamic_Valkaama,1789300577.418,0.104,77852,77,0,72030.4,35194265.0,2
CONT_s9_dynamic_Valkaama,1789300577.522,0.104,79300,77,0,50667.3,35274411.5,2
CONT_s9_dynamic_Valkaama,1789300577.626,0.104,78285,82,0,846217.6,37152621.9,5
CONT_s9_dynamic_Valkaama,1789300577.73,0.1041,79860,85,0,745401.1,44751162.4,4
CONT_s9_dynamic_Valkaama,1789300577.834,0.1041,79396,89,4,4997785.0,24677354.2,4
CONT_s9_dynamic_Valkaama,1789300577.939,0.1041,79300,77,0,3343704.9,11400374.4,2
CONT_s9_dynamic_Valkaama,1789300578.043,0.1041,76352,76,0,2796615.0,11386294.4,2
CONT_s9_dynamic_Valkaama,1789300578.147,0.1041,50332,49,0,2703562.2,11263335.5,2
CONT_s9_dynamic_Valkaama,1789300578.252,0.1056,65280,58,0,2376554.4,12329281.2,2
CONT_s9_dynamic_Valkaama,1789300578.357,0.1042,79060,91,6,854894.3,44470495.8,2
CONT_s9_dynamic_Valkaama,1789300578.461,0.1041,64304,82,20,3162431.5,36151812.3,2
CONT_s9_dynamic_Valkaama,1789300578.565,0.1041,0,0,0,0,0,0
CONT_s9_dynamic_Valkaama,1789300578.669,0.1045,564,1,0,17104921.0,225992191.0,1
CONT_s9_dynamic_Valkaama,1789300578.773,0.1041,52,1,0,20160107.0,49095573.0,1
CONT_s9_dynamic_Valkaama,1789300578.877,0.1041,0,0,0,0,0,0
CONT_s9_dynamic_Valkaama,1789300578.982,0.1041,88504,86,0,2705836.2,30157762.6,2
CONT_s9_dynamic_Valkaama,1789300579.086,0.1041,50188,64,8,1890449.5,33659900.3,2
CONT_s9_dynamic_Valkaama,1789300579.19,0.1041,0,0,0,0,0,0
CONT_s9_dynamic_Valkaama,1789300579.294,0.104,564,1,0,16846855.0,246551226.0,1
CONT_s9_dynamic_Valkaama,1789300579.398,0.1041,52,1,0,20238752.0,43219129.0,1
CONT_s9_dynamic_Valkaama,1789300579.502,0.1041,0,0,0,0,0,0
CONT_s9_dynamic_Valkaama,1789300579.606,0.1041,30364,27,0,14753673.2,83867653.7,2
CONT_s9_dynamic_Valkaama,1789300579.71,0.1043,77852,77,0,2085188.9,31244078.3,2
CONT_s9_dynamic_Valkaama,1789300579.815,0.1041,39676,39,0,1130410.3,32285388.4,2
CONT_s9_dynamic_Valkaama,1789300579.919,0.1041,0,0,0,0,0,0
CONT_s9_dynamic_Valkaama,1789300580.023,0.1041,0,0,0,0,0,0
CONT_s9_dynamic_Valkaama,1789300580.127,0.1041,616,2,0,18942061.5,243010766.3,2
CONT_s9_dynamic_Valkaama,1789300580.231,0.1042,0,0,0,0,0,0
CONT_s9_dynamic_Valkaama,1789300580.335,0.104,51572,45,0,8569941.1,12686608.1,2
CONT_s9_dynamic_Valkaama,1789300580.439,0.1042,76550,74,0,41184784.8,43283445.9,4
CONT_s9_dynamic_Valkaama,1789300580.544,0.1042,81136,81,6,31420143.8,47193774.9,4
CONT_s9_dynamic_Valkaama,1789300580.648,0.1044,69364,53,1,13900076.9,50189689.7,4
CONT_s9_dynamic_Valkaama,1789300580.753,0.1054,79812,59,0,9153605.6,51815320.7,2
CONT_s9_dynamic_Valkaama,1789300580.858,0.1042,82132,61,0,7378915.9,56092296.9,3
CONT_s9_dynamic_Valkaama,1789300580.962,0.1042,70812,53,0,6249453.2,55954220.4,3
CONT_s9_dynamic_Valkaama,1789300581.066,0.1041,83384,72,0,12001560.6,51130339.7,4
CONT_s9_dynamic_Valkaama,1789300581.17,0.1041,82880,106,15,9342499.5,42793022.5,4
CONT_s9_dynamic_Valkaama,1789300581.274,0.1041,78572,63,1,8445003.4,55728367.0,4
CONT_s9_dynamic_Valkaama,1789300581.378,0.1041,76968,60,0,7474442.8,46397860.0,4
CONT_s9_dynamic_Valkaama,1789300581.482,0.1041,79916,61,0,4915254.3,33267780.9,4
CONT_s9_dynamic_Valkaama,1789300581.586,0.1041,75416,58,0,3993718.8,26915652.4,2
CONT_s9_dynamic_Valkaama,1789300581.691,0.1041,79136,64,0,4667210.3,32832910.2,4
CONT_s9_dynamic_Valkaama,1789300581.795,0.1041,78416,60,0,10895162.4,53409265.5,4
CONT_s9_dynamic_Valkaama,1789300581.899,0.1042,70864,54,0,9761324.3,65788201.8,4
CONT_s9_dynamic_Valkaama,1789300582.003,0.1042,76812,57,0,8803231.9,64622845.5,4
CONT_s9_dynamic_Valkaama,1789300582.107,0.1041,86188,67,0,9537938.8,54901327.5,4
CONT_s9_dynamic_Valkaama,1789300582.211,0.1042,70760,52,0,4049295.3,40408305.4,2
CONT_s9_dynamic_Valkaama,1789300582.315,0.1041,76812,57,0,3951362.8,36727167.2,2
CONT_s9_dynamic_Valkaama,1789300582.42,0.1041,86124,69,0,7922987.0,37113420.0,4
CONT_s9_dynamic_Valkaama,1789300582.524,0.1042,75364,57,0,11867971.7,65316963.1,4
CONT_s9_dynamic_Valkaama,1789300582.628,0.1042,81193,61,0,8926538.1,52954505.1,4
CONT_s9_dynamic_Valkaama,1789300582.733,0.105,33208,26,0,8853921.2,32004970.8,2
CONT_s9_dynamic_Valkaama,1789300582.837,0.1041,0,0,0,0,0,0
CONT_s9_dynamic_Valkaama,1789300582.941,0.1041,564,1,0,19171578.0,250773569.0,1
CONT_s9_dynamic_Valkaama,1789300583.045,0.1041,52,1,0,53074674.0,47923765.0,1
CONT_s9_dynamic_Valkaama,1789300583.149,0.1041,67248,50,0,9757556.6,25865003.1,2
CONT_s9_dynamic_Valkaama,1789300583.255,0.106,67812,51,0,7252632.0,35397847.6,2
CONT_s9_dynamic_Valkaama,1789300583.36,0.1042,0,0,0,0,0,0
CONT_s9_dynamic_Valkaama,1789300583.464,0.1041,0,0,0,0,0,0
CONT_s9_dynamic_Valkaama,1789300583.568,0.1041,1128,2,0,34941326.0,233156083.1,2
CONT_s9_dynamic_Valkaama,1789300583.672,0.1041,0,0,0,0,0,0
CONT_s9_dynamic_Valkaama,1789300583.776,0.1041,104,2,0,35465421.0,243765188.0,2
CONT_s9_dynamic_Valkaama,1789300583.88,0.1041,77392,60,0,9481001.9,19722663.1,2
CONT_s9_dynamic_Valkaama,1789300583.984,0.1041,58812,45,0,7164315.9,29308689.0,2
CONT_s9_dynamic_Valkaama,1789300584.088,0.1041,0,0,0,0,0,0
CONT_s9_dynamic_Valkaama,1789300584.192,0.1041,63650,47,0,33171579.3,20446225.8,2
CONT_s9_dynamic_Valkaama,1789300584.296,0.1041,72828,59,0,18891007.7,33659072.5,4
CONT_s9_dynamic_Valkaama,1789300584.4,0.1041,75416,58,0,11054671.2,36065895.8,2
CONT_s9_dynamic_Valkaama,1789300584.505,0.1041,78468,61,0,8731969.3,39915435.6,3
CONT_s9_dynamic_Valkaama,1789300584.609,0.1042,84416,64,0,13594668.0,56240014.0,4
CONT_s9_dynamic_Valkaama,1789300584.713,0.1043,78832,68,0,11171933.3,49464174.0,4
CONT_s9_dynamic_Valkaama,1789300584.817,0.1043,70916,55,0,10301220.5,51352551.6,4
CONT_s9_dynamic_Valkaama,1789300584.921,0.1041,78468,61,0,9139970.8,57153228.0,4
CONT_s9_dynamic_Valkaama,1789300585.025,0.104,79968,62,0,9006770.7,54044328.3,4
CONT_s9_dynamic_Valkaama,1789300585.131,0.1061,73916,57,0,4661156.3,37423129.9,2
CONT_s9_dynamic_Valkaama,1789300585.236,0.1041,78468,61,0,9888734.7,38326603.7,4
CONT_s9_dynamic_Valkaama,1789300585.34,0.1041,82864,62,0,10018213.2,62464268.9,4
CONT_s9_dynamic_Valkaama,1789300585.444,0.104,73816,60,0,9326928.6,58167020.6,4
CONT_s9_dynamic_Valkaama,1789300585.548,0.104,81416,62,0,9423457.4,66230304.6,4
CONT_s9_dynamic_Valkaama,1789300585.652,0.1042,76916,59,0,9223191.0,50871030.0,4
CONT_s9_dynamic_Valkaama,1789300585.756,0.1044,78468,61,0,4685423.5,32981860.4,2
CONT_s9_dynamic_Valkaama,1789300585.86,0.1039,76916,59,0,4248773.8,35675415.8,2
CONT_s9_dynamic_Valkaama,1789300585.964,0.1041,83020,65,0,12729613.1,46299896.9,4
CONT_s9_dynamic_Valkaama,1789300586.069,0.1042,78364,59,0,10139968.3,59674430.5,4
CONT_s9_dynamic_Valkaama,1789300586.173,0.1042,77031,64,0,9111489.1,19126216.1,4
CONT_s9_dynamic_Valkaama,1789300586.277,0.1042,9052,7,0,7420648.0,23333303.2,2
CONT_s9_dynamic_Valkaama,1789300586.381,0.104,0,0,0,0,0,0
CONT_s9_dynamic_Valkaama,1789300586.485,0.1039,616,2,0,30787940.0,216383731.5,2
CONT_s9_dynamic_Valkaama,1789300586.589,0.104,18156,15,0,23351323.4,197779.8,2
CONT_s9_dynamic_Valkaama,1789300586.693,0.1042,81468,63,0,7555389.0,22540858.6,2
CONT_s9_dynamic_Valkaama,1789300586.797,0.1042,35748,29,0,6865807.7,20928420.0,2
CONT_s9_dynamic_Valkaama,1789300586.901,0.104,0,0,0,0,0,0
CONT_s9_dynamic_Valkaama,1789300587.005,0.1042,1076,1,0,17487262.0,224288498.0,1
CONT_s9_dynamic_Valkaama,1789300587.109,0.104,52,1,0,37379144.0,49641477.0,1
CONT_s9_dynamic_Valkaama,1789300587.214,0.1043,0,0,0,0,0,0
CONT_s9_dynamic_Valkaama,1789300587.318,0.1041,39312,32,0,14433355.8,81357421.6,2
CONT_s9_dynamic_Valkaama,1789300587.422,0.1041,72312,54,0,6348126.6,31497667.4,2
CONT_s9_dynamic_Valkaama,1789300587.526,0.104,24104,18,0,5811292.6,31481044.1,2
CONT_s9_dynamic_Valkaama,1789300587.631,0.1049,0,0,0,0,0,0
CONT_s9_dynamic_Valkaama,1789300587.735,0.1041,616,2,0,29212729.0,218395137.0,2
CONT_s9_dynamic_Valkaama,1789300587.839,0.1041,0,0,0,0,0,0
CONT_s9_dynamic_Valkaama,1789300587.943,0.1039,56401,51,0,2501297.5,16285178.0,3
CONT_s9_dynamic_Valkaama,1789300588.048,0.1045,78960,90,0,151108.0,40618793.7,2
CONT_s9_dynamic_Valkaama,1789300588.152,0.1043,80402,85,10,3124015.0,29506534.8,3
CONT_s9_dynamic_Valkaama,1789300588.256,0.1043,71556,65,5,35505350.1,34917569.9,4
CONT_s9_dynamic_Valkaama,1789300588.36,0.1041,83956,80,0,15229975.7,47371191.3,4
CONT_s9_dynamic_Valkaama,1789300588.465,0.1042,73248,69,10,15098394.8,60287307.8,4
CONT_s9_dynamic_Valkaama,1789300588.569,0.1041,82968,64,0,12789572.6,61724110.1,4
CONT_s9_dynamic_Valkaama,1789300588.673,0.1043,76968,60,0,11516341.0,33014685.2,4
CONT_s9_dynamic_Valkaama,1789300588.777,0.1043,81468,63,0,8124473.6,31905958.1,2
CONT_s9_dynamic_Valkaama,1789300588.882,0.1043,74276,59,0,6542427.7,36182316.6,3
CONT_s9_dynamic_Valkaama,1789300588.986,0.1042,81520,64,0,9469166.4,37289673.8,4
CONT_s9_dynamic_Valkaama,1789300589.091,0.1047,69108,53,0,10535562.8,57340911.5,4
CONT_s9_dynamic_Valkaama,1789300589.195,0.1043,79916,61,0,9396323.0,61804188.6,4
CONT_s9_dynamic_Valkaama,1789300589.299,0.1043,82916,63,0,7200131.3,51726379.6,4
CONT_s9_dynamic_Valkaama,1789300589.403,0.104,72312,54,0,4592027.9,31536783.6,2
CONT_s9_dynamic_Valkaama,1789300589.507,0.1042,84364,63,0,3981561.1,31490036.5,2
CONT_s9_dynamic_Valkaama,1789300589.612,0.1043,78776,62,0,5041648.6,34199907.8,4
CONT_s9_dynamic_Valkaama,1789300589.716,0.1044,69416,54,0,9575272.8,39469194.4,4
CONT_s9_dynamic_Valkaama,1789300589.82,0.1043,85660,65,0,10016165.4,53615026.5,4
CONT_s9_dynamic_Valkaama,1789300589.925,0.1043,66260,49,0,8965661.1,66804656.1,4
CONT_s9_dynamic_Valkaama,1789300590.029,0.1042,87364,65,0,9040103.1,67426014.7,4
CONT_s9_dynamic_Valkaama,1789300590.134,0.1055,78416,60,0,9296728.1,59604955.9,4
CONT_s9_dynamic_Valkaama,1789300590.239,0.1044,81728,68,0,4072007.9,41074931.0,4
CONT_s9_dynamic_Valkaama,1789300590.343,0.1043,26927,22,0,3537159.5,36445454.6,2
CONT_s9_dynamic_Valkaama,1789300590.447,0.104,87676,71,0,9541637.1,17490704.4,2
CONT_s9_dynamic_Valkaama,1789300590.551,0.1042,43864,36,0,7710773.5,20440054.6,2
CONT_s9_dynamic_Valkaama,1789300590.655,0.1043,0,0,0,0,0,0
CONT_s9_dynamic_Valkaama,1789300590.76,0.1043,0,0,0,0,0,0
CONT_s9_dynamic_Valkaama,1789300590.864,0.1043,360,2,0,28928195.0,203156594.9,2
CONT_s9_dynamic_Valkaama,1789300590.968,0.1042,0,0,0,0,0,0
CONT_s9_dynamic_Valkaama,1789300591.072,0.1041,26900,21,0,18690474.0,7480760.3,2
CONT_s9_dynamic_Valkaama,1789300591.177,0.1045,84364,63,0,6553136.7,31582665.8,2
CONT_s9_dynamic_Valkaama,1789300591.281,0.1043,31656,24,0,6215234.6,29291493.1,2
CONT_s9_dynamic_Valkaama,1789300591.385,0.1042,0,0,0,0,0,0
CONT_s9_dynamic_Valkaama,1789300591.489,0.1042,40,1,0,33819165.0,0,1
CONT_s9_dynamic_Valkaama,1789300591.594,0.1041,0,0,0,0,0,0
CONT_s9_dynamic_Valkaama,1789300591.698,0.1043,0,0,0,0,0,0
CONT_s9_dynamic_Valkaama,1789300591.802,0.1043,0,0,0,0,0,0
CONT_s9_dynamic_Valkaama,1789300591.906,0.1042,0,0,0,0,0,0
CONT_s9_dynamic_Valkaama,1789300592.011,0.1043,0,0,0,0,0,0
CONT_s9_dynamic_Valkaama,1789300592.115,0.1042,0,0,0,0,0,0
CONT_s9_dynamic_Valkaama,1789300592.219,0.1042,0,0,0,0,0,0
CONT_s9_dynamic_Valkaama,1789300592.323,0.1043,442,1,0,135780352.0,0,1
CONT_s9_dynamic_Valkaama,1789300592.428,0.1043,82812,61,0,28319866.0,25553989.5,2
CONT_s9_dynamic_Valkaama,1789300592.532,0.1043,81312,60,0,15677414.6,35311740.0,2
CONT_s9_dynamic_Valkaama,1789300592.637,0.1051,81312,60,0,11424845.7,35431286.1,2
CONT_s9_dynamic_Valkaama,1789300592.741,0.1043,67760,50,0,9079774.6,35360207.9,2
CONT_s9_dynamic_Valkaama,1789300592.846,0.1043,81312,60,0,7108726.1,35335131.7,2
CONT_s9_dynamic_Valkaama,1789300592.95,0.1043,81312,60,0,5757958.6,35412019.4,2
CONT_s9_dynamic_Valkaama,1789300593.054,0.1043,81312,60,0,4831922.6,35359881.4,2
CONT_s9_dynamic_Valkaama,1789300593.159,0.1043,67760,50,0,4318424.7,35439954.5,2
CONT_s9_dynamic_Valkaama,1789300593.263,0.1042,81312,60,0,3852965.9,35481291.6,2
CONT_s9_dynamic_Valkaama,1789300593.367,0.1044,81312,60,0,3545025.7,35323204.6,2
CONT_s9_dynamic_Valkaama,1789300593.471,0.1043,81312,60,0,3331075.2,35436971.5,2
CONT_s9_dynamic_Valkaama,1789300593.576,0.1045,67760,50,0,3217637.7,35497224.2,2
CONT_s9_dynamic_Valkaama,1789300593.68,0.1043,81312,60,0,3114429.0,35367734.8,2
CONT_s9_dynamic_Valkaama,1789300593.785,0.1043,81312,60,0,3041740.5,35414215.8,2
CONT_s9_dynamic_Valkaama,1789300593.889,0.1043,62339,47,0,3027098.0,34078143.9,2
CONT_s9_dynamic_Valkaama,1789300593.993,0.1043,0,0,0,0,0,0
CONT_s9_dynamic_Valkaama,1789300594.097,0.1042,0,0,0,0,0,0
CONT_s9_dynamic_Valkaama,1789300594.202,0.1043,0,0,0,0,0,0
CONT_s9_dynamic_Valkaama,1789300594.306,0.1042,0,0,0,0,0,0
CONT_s9_dynamic_Valkaama,1789300594.41,0.1042,0,0,0,0,0,0
CONT_s9_dynamic_Valkaama,1789300594.514,0.1042,0,0,0,0,0,0
CONT_s9_dynamic_Valkaama,1789300594.619,0.1043,0,0,0,0,0,0
CONT_s9_dynamic_Valkaama,1789300594.723,0.1043,0,0,0,0,0,0
CONT_s9_dynamic_Valkaama,1789300594.827,0.1042,0,0,0,0,0,0
CONT_s9_dynamic_Valkaama,1789300594.931,0.1042,0,0,0,0,0,0
CONT_s9_dynamic_Valkaama,1789300595.036,0.1042,0,0,0,0,0,0
CONT_s9_dynamic_Valkaama,1789300595.14,0.1046,0,0,0,0,0,0
CONT_s9_dynamic_Valkaama,1789300595.246,0.1061,0,0,0,0,0,0
CONT_s9_dynamic_Valkaama,1789300595.351,0.1044,0,0,0,0,0,0
CONT_s9_dynamic_Valkaama,1789300595.455,0.1042,0,0,0,0,0,0
CONT_s9_dynamic_Valkaama,1789300595.559,0.1043,0,0,0,0,0,0
CONT_s9_dynamic_Valkaama,1789300595.663,0.1042,0,0,0,0,0,0
CONT_s9_dynamic_Valkaama,1789300595.768,0.1042,0,0,0,0,0,0
CONT_s9_dynamic_Valkaama,1789300595.872,0.1043,0,0,0,0,0,0
CONT_s9_dynamic_Valkaama,1789300595.976,0.1042,0,0,0,0,0,0
CONT_s9_dynamic_Valkaama,1789300596.08,0.1043,0,0,0,0,0,0
CONT_s9_dynamic_Valkaama,1789300596.185,0.1044,0,0,0,0,0,0
CONT_s9_dynamic_Valkaama,1789300596.289,0.1043,0,0,0,0,0,0
CONT_s9_dynamic_Valkaama,1789300596.393,0.1043,0,0,0,0,0,0
CONT_s9_dynamic_Valkaama,1789300596.498,0.1042,72702,54,0,43434243.7,24638714.7,2
CONT_s9_dynamic_Valkaama,1789300596.602,0.1044,77280,66,0,23496063.5,34255624.6,2
CONT_s9_dynamic_Valkaama,1789300596.706,0.1044,80748,77,0,6342640.7,29978404.6,2
CONT_s9_dynamic_Valkaama,1789300596.811,0.1044,77852,77,0,1288004.4,29344416.1,2
CONT_s9_dynamic_Valkaama,1789300596.915,0.1043,79352,78,0,265806.7,31324686.2,2
CONT_s9_dynamic_Valkaama,1789300597.019,0.1044,79352,78,0,81896.3,32520672.3,2
CONT_s9_dynamic_Valkaama,1789300597.124,0.1044,79352,78,0,36248.0,34765628.1,2
CONT_s9_dynamic_Valkaama,1789300597.228,0.1045,77852,77,0,31354.5,34284722.8,2
CONT_s9_dynamic_Valkaama,1789300597.333,0.1043,79352,78,0,41681.0,35233533.3,2
CONT_s9_dynamic_Valkaama,1789300597.441,0.1085,82352,80,0,37133.4,35934827.6,2
CONT_s9_dynamic_Valkaama,1789300597.545,0.1041,77852,77,0,31846.0,37270166.4,2
CONT_s9_dynamic_Valkaama,1789300597.65,0.1043,79352,78,0,26482.3,39231785.7,2
CONT_s9_dynamic_Valkaama,1789300597.756,0.1062,80852,79,0,44787.8,37261590.5,2
CONT_s9_dynamic_Valkaama,1789300597.86,0.1042,78904,91,0,62972.5,36773415.4,2
CONT_s9_dynamic_Valkaama,1789300597.964,0.1043,81264,103,0,71575.5,27744554.4,2
CONT_s9_dynamic_Valkaama,1789300598.068,0.1042,16282,22,1,226477.5,8651261.8,2
CONT_s9_dynamic_Valkaama,1789300598.173,0.1042,0,0,0,0,0,0
CONT_s9_dynamic_Valkaama,1789300598.277,0.1043,0,0,0,0,0,0
CONT_s9_dynamic_Valkaama,1789300598.381,0.1043,0,0,0,0,0,0
CONT_s9_dynamic_Valkaama,1789300598.485,0.1041,0,0,0,0,0,0
CONT_s9_dynamic_Valkaama,1789300598.59,0.1044,0,0,0,0,0,0
CONT_s9_dynamic_Valkaama,1789300598.694,0.1044,0,0,0,0,0,0
CONT_s9_dynamic_Valkaama,1789300598.798,0.1043,0,0,0,0,0,0
CONT_s9_dynamic_Valkaama,1789300598.903,0.1042,0,0,0,0,0,0
CONT_s9_dynamic_Valkaama,1789300599.007,0.1041,0,0,0,0,0,0
CONT_s9_dynamic_Valkaama,1789300599.111,0.1042,0,0,0,0,0,0
CONT_s9_dynamic_Valkaama,1789300599.215,0.1042,0,0,0,0,0,0
CONT_s9_dynamic_Valkaama,1789300599.32,0.1043,0,0,0,0,0,0
CONT_s9_dynamic_Valkaama,1789300599.424,0.1042,0,0,0,0,0,0
CONT_s9_dynamic_Valkaama,1789300599.528,0.1045,0,0,0,0,0,0
CONT_s9_dynamic_Valkaama,1789300599.635,0.1062,0,0,0,0,0,0
CONT_s9_dynamic_Valkaama,1789300599.739,0.1044,0,0,0,0,0,0
CONT_s9_dynamic_Valkaama,1789300599.843,0.1042,0,0,0,0,0,0
CONT_s9_dynamic_Valkaama,1789300599.947,0.1042,0,0,0,0,0,0
CONT_s9_dynamic_Valkaama,1789300600.051,0.1041,0,0,0,0,0,0
CONT_s9_dynamic_Valkaama,1789300600.156,0.1043,0,0,0,0,0,0
CONT_s9_dynamic_Valkaama,1789300600.26,0.1042,0,0,0,0,0,0
CONT_s9_dynamic_Valkaama,1789300600.364,0.1043,0,0,0,0,0,0
CONT_s9_dynamic_Valkaama,1789300600.468,0.1042,0,0,0,0,0,0
CONT_s9_dynamic_Valkaama,1789300600.573,0.1043,30546,23,0,123528513.3,11658259.6,2
CONT_s9_dynamic_Valkaama,1789300600.677,0.1042,85248,80,0,20540457.7,25825788.1,2
CONT_s9_dynamic_Valkaama,1789300600.781,0.1043,77800,76,0,4174552.7,29345584.7,2
CONT_s9_dynamic_Valkaama,1789300600.886,0.1043,79352,78,0,800028.7,31848003.5,2
CONT_s9_dynamic_Valkaama,1789300600.99,0.1043,79352,78,0,187622.7,32354193.0,2
CONT_s9_dynamic_Valkaama,1789300601.094,0.1044,79352,78,0,62808.7,34510276.6,2
CONT_s9_dynamic_Valkaama,1789300601.199,0.1044,77852,77,0,50284.0,34277349.0,2
CONT_s9_dynamic_Valkaama,1789300601.303,0.1042,79352,78,0,36937.0,33212672.1,2
CONT_s9_dynamic_Valkaama,1789300601.407,0.1043,79300,77,0,38561.2,35797148.0,2
CONT_s9_dynamic_Valkaama,1789300601.512,0.1044,77852,77,0,35852.5,36280924.2,2
CONT_s9_dynamic_Valkaama,1789300601.616,0.1044,79352,78,0,33089.0,37266433.5,2
CONT_s9_dynamic_Valkaama,1789300601.72,0.1044,79352,78,0,25591.0,39275792.0,2
CONT_s9_dynamic_Valkaama,1789300601.825,0.1043,77852,77,0,31849.8,37286508.9,2
CONT_s9_dynamic_Valkaama,1789300601.929,0.1045,79428,79,0,87589.2,38709019.1,2
CONT_s9_dynamic_Valkaama,1789300602.033,0.1044,81328,104,0,61204.0,31123991.0,2
CONT_s9_dynamic_Valkaama,1789300602.139,0.1053,81328,104,0,77159.0,27722636.0,2
CONT_s9_dynamic_Valkaama,1789300602.247,0.1086,22044,21,1,1610513.4,28922903.2,2
CONT_s9_dynamic_Valkaama,1789300602.352,0.1042,0,0,0,0,0,0
CONT_s9_dynamic_Valkaama,1789300602.456,0.1043,0,0,0,0,0,0
CONT_s9_dynamic_Valkaama,1789300602.56,0.1042,0,0,0,0,0,0
CONT_s9_dynamic_Valkaama,1789300602.664,0.1043,0,0,0,0,0,0
CONT_s9_dynamic_Valkaama,1789300602.769,0.1041,0,0,0,0,0,0
CONT_s9_dynamic_Valkaama,1789300602.873,0.1043,0,0,0,0,0,0
CONT_s9_dynamic_Valkaama,1789300602.977,0.1043,0,0,0,0,0,0
CONT_s9_dynamic_Valkaama,1789300603.081,0.1043,0,0,0,0,0,0
CONT_s9_dynamic_Valkaama,1789300603.186,0.1044,0,0,0,0,0,0
CONT_s9_dynamic_Valkaama,1789300603.29,0.1043,0,0,0,0,0,0
CONT_s9_dynamic_Valkaama,1789300603.394,0.1043,0,0,0,0,0,0
CONT_s9_dynamic_Valkaama,1789300603.499,0.1043,0,0,0,0,0,0
CONT_s9_dynamic_Valkaama,1789300603.603,0.1044,0,0,0,0,0,0
CONT_s9_dynamic_Valkaama,1789300603.707,0.1044,0,0,0,0,0,0
CONT_s9_dynamic_Valkaama,1789300603.812,0.1042,0,0,0,0,0,0
CONT_s9_dynamic_Valkaama,1789300603.916,0.1042,0,0,0,0,0,0
CONT_s9_dynamic_Valkaama,1789300604.02,0.1043,0,0,0,0,0,0
CONT_s9_dynamic_Valkaama,1789300604.124,0.1043,0,0,0,0,0,0
CONT_s9_dynamic_Valkaama,1789300604.229,0.1042,17293,14,0,159710702.2,2735898.1,2
CONT_s9_dynamic_Valkaama,1789300604.333,0.1042,81988,73,0,21371407.6,23576667.9,2
CONT_s9_dynamic_Valkaama,1789300604.437,0.1042,79300,77,0,4624116.9,31321505.4,2
CONT_s9_dynamic_Valkaama,1789300604.542,0.1044,77852,77,0,931472.3,33779636.2,2
CONT_s9_dynamic_Valkaama,1789300604.646,0.1042,79352,78,0,201237.3,36770503.8,2
CONT_s9_dynamic_Valkaama,1789300604.752,0.1062,81144,83,0,90580.1,37851606.9,2
CONT_s9_dynamic_Valkaama,1789300604.856,0.1044,80060,103,0,88665.1,31339085.2,2
CONT_s9_dynamic_Valkaama,1789300604.961,0.1043,81744,104,0,84909.5,29848741.2,2
CONT_s9_dynamic_Valkaama,1789300605.065,0.1043,81320,103,1,64051.9,33266160.2,2
CONT_s9_dynamic_Valkaama,1789300605.169,0.1043,79828,103,0,82716.1,33310572.2,2
CONT_s9_dynamic_Valkaama,1789300605.273,0.1043,81328,104,0,88416.0,36396566.5,2
CONT_s9_dynamic_Valkaama,1789300605.378,0.1044,74212,62,2,2894795.1,28753613.4,2
CONT_s9_dynamic_Valkaama,1789300605.482,0.1043,81468,63,0,3125398.0,23324350.5,2
CONT_s9_dynamic_Valkaama,1789300605.587,0.1044,73968,58,0,3182540.1,22491724.3,2
CONT_s9_dynamic_Valkaama,1789300605.691,0.1044,77072,62,0,3493219.8,27385414.9,2
CONT_s9_dynamic_Valkaama,1789300605.795,0.1043,73968,58,0,3535812.4,31292071.8,2
CONT_s9_dynamic_Valkaama,1789300605.9,0.1043,79968,62,0,3520960.7,34836121.6,2
CONT_s9_dynamic_Valkaama,1789300606.004,0.1044,79916,61,0,3445097.9,37573444.0,2
CONT_s9_dynamic_Valkaama,1789300606.108,0.1043,81416,62,0,3451799.1,40360395.3,2
CONT_s9_dynamic_Valkaama,1789300606.213,0.1044,78364,59,0,3371388.8,42736663.3,2
CONT_s9_dynamic_Valkaama,1789300606.317,0.1043,74265,69,0,2024756.8,24933769.7,2
CONT_s9_dynamic_Valkaama,1789300606.421,0.1043,81832,70,0,2474263.7,39795735.0,2
CONT_s9_dynamic_Valkaama,1789300606.526,0.1043,81416,62,0,2724430.6,44950823.4,2
CONT_s9_dynamic_Valkaama,1789300606.63,0.1047,79352,78,0,322960.0,29304406.4,2
CONT_s9_dynamic_Valkaama,1789300606.735,0.1045,77852,77,0,80112.1,31292845.6,2
CONT_s9_dynamic_Valkaama,1789300606.839,0.1042,79352,78,0,36016.3,33304032.8,2
CONT_s9_dynamic_Valkaama,1789300606.943,0.1043,79300,77,0,49615.4,34796763.9,2
CONT_s9_dynamic_Valkaama,1789300607.048,0.1044,77852,77,0,35394.9,33802743.2,2
CONT_s9_dynamic_Valkaama,1789300607.152,0.1043,79352,78,0,37862.3,35289848.9,2
CONT_s9_dynamic_Valkaama,1789300607.257,0.1051,79352,78,0,35581.3,36241797.9,2
CONT_s9_dynamic_Valkaama,1789300607.362,0.1044,79352,78,0,47113.3,38224328.3,2
CONT_s9_dynamic_Valkaama,1789300607.466,0.1043,77852,77,0,46475.5,38594327.0,2
CONT_s9_dynamic_Valkaama,1789300607.57,0.1045,79352,78,0,35095.0,37290635.1,2
CONT_s9_dynamic_Valkaama,1789300607.675,0.1043,81328,104,0,78275.5,32827927.0,2
CONT_s9_dynamic_Valkaama,1789300607.779,0.1044,81264,103,0,63880.3,27783976.4,2
CONT_s9_dynamic_Valkaama,1789300607.883,0.1043,78524,86,1,88683.3,28710455.0,2
CONT_s9_dynamic_Valkaama,1789300607.988,0.1043,79300,77,0,38093.3,31395536.8,2
CONT_s9_dynamic_Valkaama,1789300608.092,0.1044,79498,79,0,192049.6,20941919.6,2
CONT_s9_dynamic_Valkaama,1789300608.196,0.1045,79352,78,0,59695.3,35957695.8,2
CONT_s9_dynamic_Valkaama,1789300608.301,0.1043,77852,77,0,40673.7,39743710.4,2
CONT_s9_dynamic_Valkaama,1789300608.405,0.1043,81044,99,0,95260.2,32219113.0,2
CONT_s9_dynamic_Valkaama,1789300608.509,0.1044,81672,103,0,52191.5,29814738.2,2
CONT_s9_dynamic_Valkaama,1789300608.614,0.1044,80244,103,1,92581.8,31960304.5,2
CONT_s9_dynamic_Valkaama,1789300608.718,0.1045,81744,104,0,83120.0,32859950.0,2
CONT_s9_dynamic_Valkaama,1789300608.823,0.1044,81672,103,0,88087.2,35431183.8,2
CONT_s9_dynamic_Valkaama,1789300608.927,0.1043,80760,93,2,2682275.3,39843633.7,2
CONT_s9_dynamic_Valkaama,1789300609.031,0.1044,73864,56,0,3120989.0,47860836.2,2
CONT_s9_dynamic_Valkaama,1789300609.136,0.1049,69260,51,0,3080657.8,52965888.5,2
CONT_s9_dynamic_Valkaama,1789300609.242,0.1052,90572,71,0,2370805.0,51715789.0,2
CONT_s9_dynamic_Valkaama,1789300609.346,0.1043,79352,78,0,359561.7,33156762.2,2
CONT_s9_dynamic_Valkaama,1789300609.45,0.1043,79960,86,0,106206.8,38436882.6,2
CONT_s9_dynamic_Valkaama,1789300609.554,0.1044,80221,107,0,118524.2,29791093.2,4
CONT_s9_dynamic_Valkaama,1789300609.659,0.1044,79424,98,1,2427012.2,41805216.3,4
CONT_s9_dynamic_Valkaama,1789300609.763,0.1045,80176,66,0,4495027.2,54475425.5,4
CONT_s9_dynamic_Valkaama,1789300609.868,0.1044,78373,78,0,5688549.2,34888222.1,4
CONT_s9_dynamic_Valkaama,1789300609.972,0.1048,79352,78,0,4358061.8,47568863.1,4
CONT_s9_dynamic_Valkaama,1789300610.077,0.1045,79720,83,0,2367108.2,46659482.0,4
CONT_s9_dynamic_Valkaama,1789300610.182,0.1046,77732,94,2,8065032.9,56937230.9,4
CONT_s9_dynamic_Valkaama,1789300610.286,0.1045,78520,62,0,8389093.6,54765143.0,4
CONT_s9_dynamic_Valkaama,1789300610.39,0.1044,73968,58,0,9037096.3,60363720.6,4
CONT_s9_dynamic_Valkaama,1789300610.495,0.1043,80228,67,0,8366143.8,57371619.7,4
CONT_s9_dynamic_Valkaama,1789300610.599,0.1043,79968,62,0,8857934.9,64744416.4,4
CONT_s9_dynamic_Valkaama,1789300610.704,0.1046,73864,56,0,6829444.9,64645359.8,4
CONT_s9_dynamic_Valkaama,1789300610.808,0.1044,82968,64,0,9677928.8,68212628.1,4
CONT_s9_dynamic_Valkaama,1789300610.912,0.1043,80436,71,0,8102855.3,55938313.3,4
CONT_s9_dynamic_Valkaama,1789300611.017,0.1046,79352,78,0,4352770.4,48925332.1,4
CONT_s9_dynamic_Valkaama,1789300611.122,0.1046,77852,77,0,5424570.2,45882922.5,4
CONT_s9_dynamic_Valkaama,1789300611.226,0.1044,79644,82,0,6115411.6,49517594.2,4
CONT_s9_dynamic_Valkaama,1789300611.331,0.1049,77896,96,0,7542479.0,55352685.0,4
CONT_s9_dynamic_Valkaama,1789300611.436,0.1046,83936,101,1,8307996.6,48233362.1,4
CONT_s9_dynamic_Valkaama,1789300611.54,0.1045,75572,61,0,9353430.0,51500861.6,4
CONT_s9_dynamic_Valkaama,1789300611.644,0.1044,72468,57,0,8999056.0,57551955.0,4
CONT_s9_dynamic_Valkaama,1789300611.751,0.1069,85968,66,0,7504225.1,61911835.5,4
CONT_s9_dynamic_Valkaama,1789300611.856,0.1047,81610,72,0,7965074.4,49679210.9,4
CONT_s9_dynamic_Valkaama,1789300611.961,0.1047,79352,78,0,5566162.7,48006521.6,4
CONT_s9_dynamic_Valkaama,1789300612.065,0.1046,76820,82,0,4046158.8,50405969.9,4
CONT_s9_dynamic_Valkaama,1789300612.17,0.1046,79608,97,0,7499650.1,51844839.0,4
CONT_s9_dynamic_Valkaama,1789300612.274,0.1044,84312,102,2,7117991.6,47853302.9,4
CONT_s9_dynamic_Valkaama,1789300612.379,0.1045,71616,88,0,8225634.7,50123287.4,4
CONT_s9_dynamic_Valkaama,1789300612.484,0.1046,88920,111,0,5742921.0,62316059.9,4
CONT_s9_dynamic_Valkaama,1789300612.588,0.1047,79116,93,1,7461879.7,59561169.9,4
CONT_s9_dynamic_Valkaama,1789300612.693,0.1047,78572,63,0,9942242.2,49834629.9,4
CONT_s9_dynamic_Valkaama,1789300612.797,0.1044,78676,65,0,4927269.6,53360302.5,4
CONT_s9_dynamic_Valkaama,1789300612.902,0.1046,80852,79,0,5595652.8,43813968.2,4
CONT_s9_dynamic_Valkaama,1789300613.006,0.1045,79352,78,0,5666705.1,47132760.2,4
CONT_s9_dynamic_Valkaama,1789300613.111,0.1045,77852,77,0,6171807.7,50205236.1,4
CONT_s9_dynamic_Valkaama,1789300613.215,0.1044,78852,90,0,4000868.7,49129058.0,4
CONT_s9_dynamic_Valkaama,1789300613.32,0.1045,78184,79,2,9247208.8,54657982.4,4
CONT_s9_dynamic_Valkaama,1789300613.424,0.1044,70968,56,0,9847852.9,57582885.2,4
CONT_s9_dynamic_Valkaama,1789300613.529,0.1044,89384,76,0,7071555.3,54901073.7,4
CONT_s9_dynamic_Valkaama,1789300613.635,0.106,79352,78,0,6262744.8,45697520.1,4
CONT_s9_dynamic_Valkaama,1789300613.74,0.1049,79300,77,0,5016278.2,45759888.7,4
CONT_s9_dynamic_Valkaama,1789300613.844,0.1045,79404,79,0,3632283.1,43668616.8,4
CONT_s9_dynamic_Valkaama,1789300613.949,0.1045,77852,77,0,5815205.5,48230500.8,4
CONT_s9_dynamic_Valkaama,1789300614.053,0.1045,77388,73,0,8841684.5,53412573.3,4
CONT_s9_dynamic_Valkaama,1789300614.157,0.1044,80852,79,0,5529874.9,33338163.9,4
CONT_s9_dynamic_Valkaama,1789300614.262,0.1044,79352,78,0,6144004.1,49607662.7,4
CONT_s9_dynamic_Valkaama,1789300614.366,0.1045,79732,83,0,2938197.5,46758913.5,4
CONT_s9_dynamic_Valkaama,1789300614.471,0.1044,77808,95,0,8947346.7,55452697.6,4
CONT_s9_dynamic_Valkaama,1789300614.575,0.1044,80936,99,1,7943077.6,48499110.2,4
CONT_s9_dynamic_Valkaama,1789300614.68,0.1044,78572,63,0,9443774.5,51218467.6,4
CONT_s9_dynamic_Valkaama,1789300614.784,0.1044,72468,57,0,8811089.8,57539258.7,4
CONT_s9_dynamic_Valkaama,1789300614.889,0.1045,82916,63,0,5952658.8,59858901.1,4
CONT_s9_dynamic_Valkaama,1789300614.993,0.1045,80540,73,0,6518053.0,54123392.3,4
CONT_s9_dynamic_Valkaama,1789300615.098,0.1045,79352,78,0,6010258.2,50534669.4,4
CONT_s9_dynamic_Valkaama,1789300615.202,0.1045,75788,87,0,5012774.6,50460496.9,4
CONT_s9_dynamic_Valkaama,1789300615.307,0.1044,76660,94,0,7631723.2,51721960.5,4
CONT_s9_dynamic_Valkaama,1789300615.411,0.1044,81208,100,2,7075421.7,45084898.6,4
CONT_s9_dynamic_Valkaama,1789300615.515,0.1045,87280,108,0,6340516.4,56784647.6,4
CONT_s9_dynamic_Valkaama,1789300615.62,0.1044,79460,98,0,7007750.6,63136746.5,4
CONT_s9_dynamic_Valkaama,1789300615.724,0.1045,67632,71,1,8634475.9,53469172.9,4
CONT_s9_dynamic_Valkaama,1789300615.829,0.1044,80020,63,0,9066434.2,54372153.7,4
CONT_s9_dynamic_Valkaama,1789300615.933,0.1044,91092,81,0,5949302.7,49788682.5,4
CONT_s9_dynamic_Valkaama,1789300616.038,0.1046,79352,78,0,5674254.6,45905146.6,4
CONT_s9_dynamic_Valkaama,1789300616.143,0.105,79352,78,0,5933652.7,48400755.2,4
CONT_s9_dynamic_Valkaama,1789300616.25,0.1069,80916,80,0,6151537.5,49773622.7,4
CONT_s9_dynamic_Valkaama,1789300616.354,0.1045,79524,99,0,6316839.8,56296087.0,4
CONT_s9_dynamic_Valkaama,1789300616.459,0.1046,78584,63,2,8216795.8,55296609.2,4
CONT_s9_dynamic_Valkaama,1789300616.563,0.1046,80338,80,0,7248973.1,30391985.6,4
CONT_s9_dynamic_Valkaama,1789300616.668,0.1045,79352,78,0,5353466.7,43861855.0,4
CONT_s9_dynamic_Valkaama,1789300616.772,0.1046,77852,77,0,5746413.1,45442387.1,4
CONT_s9_dynamic_Valkaama,1789300616.877,0.1047,79352,78,0,5928195.1,45755373.5,4
CONT_s9_dynamic_Valkaama,1789300616.982,0.1045,79300,77,0,4929514.4,47300450.1,4
CONT_s9_dynamic_Valkaama,1789300617.086,0.1047,79352,78,0,3606423.1,44888841.1,4
CONT_s9_dynamic_Valkaama,1789300617.191,0.1047,79352,78,0,5709248.0,49549317.6,4
CONT_s9_dynamic_Valkaama,1789300617.296,0.1045,77852,77,0,6118594.8,48766358.3,4
CONT_s9_dynamic_Valkaama,1789300617.4,0.1047,77852,77,0,4800582.9,48517210.4,4
CONT_s9_dynamic_Valkaama,1789300617.505,0.1047,81676,90,0,3987572.0,46815135.9,4
CONT_s9_dynamic_Valkaama,1789300617.61,0.1046,79384,97,0,8411790.2,55683766.7,4
CONT_s9_dynamic_Valkaama,1789300617.714,0.1047,80208,88,1,8121741.4,47299333.9,4
CONT_s9_dynamic_Valkaama,1789300617.819,0.1045,79968,62,0,8507611.8,53852389.7,4
CONT_s9_dynamic_Valkaama,1789300617.923,0.1045,71020,57,0,9469633.6,59387196.3,4
CONT_s9_dynamic_Valkaama,1789300618.028,0.1045,78468,61,0,9570666.3,63331899.7,4
CONT_s9_dynamic_Valkaama,1789300618.135,0.1069,86800,82,0,6509519.8,50825948.1,4
CONT_s9_dynamic_Valkaama,1789300618.239,0.1045,79352,78,0,3259347.9,46966547.2,4
CONT_s9_dynamic_Valkaama,1789300618.344,0.1045,340760,326,20,1203069.5,11486211.1,4
CONT_s9_dynamic_Valkaama,1789300618.45,0.1059,4334050,3376,0,1088840.9,246049.1,4
CONT_s9_dynamic_Valkaama,1789300618.554,0.1042,52,1,0,4767100.0,54947423.0,1
CONT_s9_dynamic_Valkaama,1789300618.658,0.1044,0,0,0,0,0,0
CONT_s9_dynamic_Valkaama,1789300618.763,0.1044,0,0,0,0,0,0
CONT_s9_dynamic_Valkaama,1789300618.867,0.1045,0,0,0,0,0,0
CONT_s9_dynamic_Valkaama,1789300618.972,0.1044,0,0,0,0,0,0
CONT_s9_dynamic_Valkaama,1789300619.076,0.1045,52,1,0,43206677.0,0,1
CONT_s9_dynamic_Valkaama,1789300619.181,0.1044,0,0,0,0,0,0
CONT_s9_dynamic_Valkaama,1789300619.285,0.1044,0,0,0,0,0,0
CONT_s9_dynamic_Valkaama,1789300619.389,0.1044,0,0,0,0,0,0
CONT_s9_dynamic_Valkaama,1789300619.494,0.1045,854,2,0,62311645.5,20736089.0,2
CONT_s9_dynamic_Valkaama,1789300619.598,0.1044,52,1,0,111448427.0,55913714.0,1
CONT_s9_dynamic_Valkaama,1789300619.703,0.1044,0,0,0,0,0,0
CONT_s9_dynamic_Valkaama,1789300619.807,0.1043,0,0,0,0,0,0
CONT_s9_dynamic_Valkaama,1789300619.912,0.1045,0,0,0,0,0,0
CONT_s9_dynamic_Valkaama,1789300620.016,0.1044,0,0,0,0,0,0
CONT_s9_dynamic_Valkaama,1789300620.12,0.1044,0,0,0,0,0,0
CONT_s9_dynamic_Valkaama,1789300620.225,0.1044,0,0,0,0,0,0
CONT_s9_dynamic_Valkaama,1789300620.329,0.1044,0,0,0,0,0,0
CONT_s9_dynamic_Valkaama,1789300620.434,0.1048,0,0,0,0,0,0
CONT_s9_dynamic_Valkaama,1789300620.538,0.1045,854,2,0,110228394.5,20761514.0,2
CONT_s9_dynamic_Valkaama,1789300620.643,0.1044,27797,30,0,17444514.5,24006588.1,5
CONT_s9_dynamic_Valkaama,1789300620.75,0.1076,42804,43,0,5274177.2,87633675.7,2
CONT_s9_dynamic_Valkaama,1789300620.855,0.1045,42644,54,3,6072817.0,94974045.3,2
CONT_s9_dynamic_Valkaama,1789300620.96,0.1047,41884,47,15,2662427.4,87263688.6,2
CONT_s9_dynamic_Valkaama,1789300621.064,0.1046,40652,49,0,6047973.6,99166559.8,2
CONT_s9_dynamic_Valkaama,1789300621.169,0.1046,42164,50,10,2824407.9,93075834.5,2
CONT_s9_dynamic_Valkaama,1789300621.273,0.1045,39728,40,0,3922076.8,83804036.9,2
CONT_s9_dynamic_Valkaama,1789300621.378,0.1047,42728,42,0,5223938.7,95892799.2,2
CONT_s9_dynamic_Valkaama,1789300621.483,0.1046,41176,40,0,5333265.6,100313493.4,2
CONT_s9_dynamic_Valkaama,1789300621.587,0.1047,40422,44,0,11361638.4,100375672.3,3
CONT_s9_dynamic_Valkaama,1789300621.692,0.1045,43940,54,2,10649529.4,94162313.7,4
CONT_s9_dynamic_Valkaama,1789300621.797,0.1046,41124,39,0,5551324.1,61514308.9,2
CONT_s9_dynamic_Valkaama,1789300621.901,0.1047,39728,40,0,5462647.6,75835605.6,2
CONT_s9_dynamic_Valkaama,1789300622.006,0.1047,41176,40,0,5472135.4,78948003.1,2
CONT_s9_dynamic_Valkaama,1789300622.111,0.1047,24416,24,0,5954972.0,78856402.1,2
CONT_s9_dynamic_Valkaama,1789300622.215,0.1047,0,0,0,0,0,0
CONT_s9_dynamic_Valkaama,1789300622.32,0.1045,0,0,0,0,0,0
CONT_s9_dynamic_Valkaama,1789300622.424,0.1046,52,1,0,19801006.0,0,1
CONT_s9_dynamic_Valkaama,1789300622.529,0.1047,51572,45,0,14122326.7,32864906.0,2
CONT_s9_dynamic_Valkaama,1789300622.636,0.1072,39676,39,0,8664700.0,76907279.6,2
CONT_s9_dynamic_Valkaama,1789300622.741,0.1046,42676,41,0,6663709.2,81853636.5,2
CONT_s9_dynamic_Valkaama,1789300622.845,0.1045,18364,19,0,5608648.4,84540824.8,2
CONT_s9_dynamic_Valkaama,1789300622.95,0.1047,0,0,0,0,0,0
CONT_s9_dynamic_Valkaama,1789300623.055,0.1046,0,0,0,0,0,0
CONT_s9_dynamic_Valkaama,1789300623.159,0.1045,24772,21,0,23032206.7,172530257.7,2
CONT_s9_dynamic_Valkaama,1789300623.264,0.1045,39728,40,0,11777748.3,82983527.8,2
CONT_s9_dynamic_Valkaama,1789300623.369,0.1047,39676,39,0,7680919.3,91164793.9,2
CONT_s9_dynamic_Valkaama,1789300623.473,0.1046,33572,33,0,6252149.3,92887870.1,2
CONT_s9_dynamic_Valkaama,1789300623.578,0.1047,0,0,0,0,0,0
CONT_s9_dynamic_Valkaama,1789300623.683,0.1047,0,0,0,0,0,0
CONT_s9_dynamic_Valkaama,1789300623.787,0.1046,0,0,0,0,0,0
CONT_s9_dynamic_Valkaama,1789300623.892,0.1046,36572,35,0,18868635.6,125069922.6,2
CONT_s9_dynamic_Valkaama,1789300623.997,0.1047,41176,40,0,9976135.4,84128389.3,2
CONT_s9_dynamic_Valkaama,1789300624.101,0.1046,41176,40,0,7176036.1,91615077.7,2
CONT_s9_dynamic_Valkaama,1789300624.206,0.1046,18312,18,0,6345781.7,98177002.1,2
CONT_s9_dynamic_Valkaama,1789300624.31,0.1046,0,0,0,0,0,0
CONT_s9_dynamic_Valkaama,1789300624.415,0.1046,0,0,0,0,0,0
CONT_s9_dynamic_Valkaama,1789300624.52,0.1047,616,2,0,27648092.0,318829427.1,2
CONT_s9_dynamic_Valkaama,1789300624.624,0.1046,50124,45,0,15049598.8,45863140.7,2
CONT_s9_dynamic_Valkaama,1789300624.729,0.1046,40360,48,0,9639663.6,99859830.2,2
CONT_s9_dynamic_Valkaama,1789300624.833,0.1046,43032,46,1,3579631.7,85020242.0,2
CONT_s9_dynamic_Valkaama,1789300624.938,0.1047,4604,5,0,3931481.6,69601087.3,2
CONT_s9_dynamic_Valkaama,1789300625.043,0.1047,0,0,0,0,0,0
CONT_s9_dynamic_Valkaama,1789300625.147,0.1045,0,0,0,0,0,0
CONT_s9_dynamic_Valkaama,1789300625.252,0.1051,21824,20,0,25419216.0,168700252.1,2
CONT_s9_dynamic_Valkaama,1789300625.357,0.1046,39676,39,0,12862576.0,70619509.8,2
CONT_s9_dynamic_Valkaama,1789300625.462,0.1047,41176,40,0,7941683.4,76266683.7,2
CONT_s9_dynamic_Valkaama,1789300625.566,0.1046,35072,34,0,6204013.3,80808941.4,2
CONT_s9_dynamic_Valkaama,1789300625.671,0.1045,52,1,0,7283387.0,42104432.0,1
CONT_s9_dynamic_Valkaama,1789300625.775,0.1045,0,0,0,0,0,0
CONT_s9_dynamic_Valkaama,1789300625.88,0.1046,0,0,0,0,0,0
CONT_s9_dynamic_Valkaama,1789300625.984,0.1046,35480,32,0,19261325.0,164895481.6,2
CONT_s9_dynamic_Valkaama,1789300626.089,0.1047,41176,40,0,10144732.6,83419191.7,2
CONT_s9_dynamic_Valkaama,1789300626.194,0.1047,41176,40,0,7145151.6,87099894.0,2
CONT_s9_dynamic_Valkaama,1789300626.298,0.1045,19812,19,0,6385576.4,88089952.7,2
CONT_s9_dynamic_Valkaama,1789300626.403,0.1047,0,0,0,0,0,0
CONT_s9_dynamic_Valkaama,1789300626.508,0.1047,0,0,0,0,0,0
CONT_s9_dynamic_Valkaama,1789300626.612,0.1046,616,2,0,26943576.0,303814612.2,2
CONT_s9_dynamic_Valkaama,1789300626.717,0.1047,48572,43,0,15440508.8,40159130.8,2
CONT_s9_dynamic_Valkaama,1789300626.822,0.1046,39728,40,0,9185965.2,91099155.1,2
CONT_s9_dynamic_Valkaama,1789300626.926,0.1046,41176,40,0,6734942.3,92400146.2,2
CONT_s9_dynamic_Valkaama,1789300627.031,0.1047,7656,8,0,7045974.0,93753162.4,2
CONT_s9_dynamic_Valkaama,1789300627.136,0.1052,0,0,0,0,0,0
CONT_s9_dynamic_Valkaama,1789300627.241,0.1048,0,0,0,0,0,0
CONT_s9_dynamic_Valkaama,1789300627.346,0.1045,19656,16,0,29402971.8,20022129.3,2
CONT_s9_dynamic_Valkaama,1789300627.45,0.1047,42728,42,0,12748673.7,67994434.4,2
CONT_s9_dynamic_Valkaama,1789300627.555,0.1048,39676,39,0,7950448.7,89849540.5,2
CONT_s9_dynamic_Valkaama,1789300627.66,0.1045,35072,34,0,6400081.5,97911898.0,2
CONT_s9_dynamic_Valkaama,1789300627.764,0.1045,52,1,0,6012195.0,42187524.0,1
CONT_s9_dynamic_Valkaama,1789300627.869,0.1048,0,0,0,0,0,0
CONT_s9_dynamic_Valkaama,1789300627.974,0.1047,0,0,0,0,0,0
CONT_s9_dynamic_Valkaama,1789300628.078,0.1047,33980,31,0,20295907.6,172838268.7,2
CONT_s9_dynamic_Valkaama,1789300628.183,0.1045,41556,45,0,10562533.8,96915448.5,2
CONT_s9_dynamic_Valkaama,1789300628.287,0.1046,41836,49,1,5363467.9,93773580.7,2
CONT_s9_dynamic_Valkaama,1789300628.392,0.1046,21364,21,0,3960306.7,70686729.5,2
CONT_s9_dynamic_Valkaama,1789300628.497,0.1047,0,0,0,0,0,0
CONT_s9_dynamic_Valkaama,1789300628.601,0.1047,0,0,0,0,0,0
CONT_s9_dynamic_Valkaama,1789300628.706,0.1047,156,3,0,33615414.3,311403882.0,2
CONT_s9_dynamic_Valkaama,1789300628.811,0.1046,50072,44,0,13393699.2,33008451.8,2
CONT_s9_dynamic_Valkaama,1789300628.916,0.1048,41176,40,0,8622035.8,73073696.4,2
CONT_s9_dynamic_Valkaama,1789300629.02,0.1046,42624,40,0,6523929.2,78694940.2,2
CONT_s9_dynamic_Valkaama,1789300629.125,0.1046,3104,4,0,6023619.0,82337066.9,2
CONT_s9_dynamic_Valkaama,1789300629.229,0.1047,0,0,0,0,0,0
CONT_s9_dynamic_Valkaama,1789300629.334,0.1046,0,0,0,0,0,0
CONT_s9_dynamic_Valkaama,1789300629.438,0.1046,21824,20,0,26804940.5,171890081.7,2
CONT_s9_dynamic_Valkaama,1789300629.543,0.1047,42728,42,0,12415883.3,78061762.0,2
CONT_s9_dynamic_Valkaama,1789300629.648,0.1046,39676,39,0,7990878.3,83564477.0,2
CONT_s9_dynamic_Valkaama,1789300629.754,0.106,33520,32,0,6491290.5,86359550.8,2
CONT_s9_dynamic_Valkaama,1789300629.858,0.1045,40,1,0,5478990.0,0,1
CONT_s9_dynamic_Valkaama,1789300629.963,0.1047,0,0,0,0,0,0
CONT_s9_dynamic_Valkaama,1789300630.068,0.1046,0,0,0,0,0,0
CONT_s9_dynamic_Valkaama,1789300630.172,0.1045,0,0,0,0,0,0
CONT_s9_dynamic_Valkaama,1789300630.277,0.1045,0,0,0,0,0,0
CONT_s9_dynamic_Valkaama,1789300630.381,0.1046,0,0,0,0,0,0
CONT_s9_dynamic_Valkaama,1789300630.486,0.1047,0,0,0,0,0,0
CONT_s9_dynamic_Valkaama,1789300630.591,0.1047,0,0,0,0,0,0
CONT_s9_dynamic_Valkaama,1789300630.695,0.1045,0,0,0,0,0,0
CONT_s9_dynamic_Valkaama,1789300630.8,0.1046,0,0,0,0,0,0
CONT_s9_dynamic_Valkaama,1789300630.905,0.105,0,0,0,0,0,0
CONT_s9_dynamic_Valkaama,1789300631.009,0.1047,0,0,0,0,0,0
CONT_s9_dynamic_Valkaama,1789300631.114,0.1046,0,0,0,0,0,0
CONT_s9_dynamic_Valkaama,1789300631.219,0.1047,0,0,0,0,0,0
CONT_s9_dynamic_Valkaama,1789300631.323,0.1046,0,0,0,0,0,0
CONT_s9_dynamic_Valkaama,1789300631.428,0.1046,0,0,0,0,0,0
CONT_s9_dynamic_Valkaama,1789300631.532,0.1047,0,0,0,0,0,0
CONT_s9_dynamic_Valkaama,1789300631.637,0.1049,0,0,0,0,0,0
CONT_s9_dynamic_Valkaama,1789300631.743,0.1052,0,0,0,0,0,0
CONT_s9_dynamic_Valkaama,1789300631.847,0.1046,0,0,0,0,0,0
CONT_s9_dynamic_Valkaama,1789300631.952,0.1047,0,0,0,0,0,0
CONT_s9_dynamic_Valkaama,1789300632.056,0.1046,0,0,0,0,0,0
CONT_s9_dynamic_Valkaama,1789300632.161,0.1046,0,0,0,0,0,0
CONT_s9_dynamic_Valkaama,1789300632.266,0.1046,0,0,0,0,0,0
CONT_s9_dynamic_Valkaama,1789300632.37,0.1047,0,0,0,0,0,0
CONT_s9_dynamic_Valkaama,1789300632.475,0.1046,0,0,0,0,0,0
CONT_s9_dynamic_Valkaama,1789300632.579,0.1047,0,0,0,0,0,0
CONT_s9_dynamic_Valkaama,1789300632.684,0.1045,0,0,0,0,0,0
CONT_s9_dynamic_Valkaama,1789300632.789,0.1046,0,0,0,0,0,0
CONT_s9_dynamic_Valkaama,1789300632.893,0.1046,0,0,0,0,0,0
CONT_s9_dynamic_Valkaama,1789300632.998,0.1047,0,0,0,0,0,0
CONT_s9_dynamic_Valkaama,1789300633.103,0.1046,0,0,0,0,0,0
CONT_s9_dynamic_Valkaama,1789300633.207,0.1047,0,0,0,0,0,0
CONT_s9_dynamic_Valkaama,1789300633.312,0.1046,0,0,0,0,0,0
CONT_s9_dynamic_Valkaama,1789300633.416,0.1045,0,0,0,0,0,0
CONT_s9_dynamic_Valkaama,1789300633.521,0.1047,0,0,0,0,0,0
CONT_s9_dynamic_Valkaama,1789300633.625,0.1046,0,0,0,0,0,0
CONT_s9_dynamic_Valkaama,1789300633.73,0.1045,0,0,0,0,0,0
CONT_s9_dynamic_Valkaama,1789300633.835,0.1046,0,0,0,0,0,0
CONT_s9_dynamic_Valkaama,1789300633.939,0.1046,0,0,0,0,0,0
CONT_s9_dynamic_Valkaama,1789300634.044,0.1047,0,0,0,0,0,0
CONT_s9_dynamic_Valkaama,1789300634.149,0.1047,0,0,0,0,0,0
CONT_s9_dynamic_Valkaama,1789300634.255,0.1059,0,0,0,0,0,0
CONT_s9_dynamic_Valkaama,1789300634.359,0.1047,0,0,0,0,0,0
CONT_s9_dynamic_Valkaama,1789300634.464,0.1046,0,0,0,0,0,0
CONT_s9_dynamic_Valkaama,1789300634.569,0.1047,0,0,0,0,0,0
CONT_s9_dynamic_Valkaama,1789300634.673,0.1046,0,0,0,0,0,0
CONT_s9_dynamic_Valkaama,1789300634.778,0.1046,0,0,0,0,0,0
CONT_s9_dynamic_Valkaama,1789300634.882,0.1047,0,0,0,0,0,0
CONT_s9_dynamic_Valkaama,1789300634.987,0.1047,0,0,0,0,0,0
CONT_s9_dynamic_Valkaama,1789300635.092,0.1046,0,0,0,0,0,0
CONT_s9_dynamic_Valkaama,1789300635.196,0.1046,0,0,0,0,0,0
CONT_s9_dynamic_Valkaama,1789300635.301,0.1046,0,0,0,0,0,0
CONT_s9_dynamic_Valkaama,1789300635.406,0.1046,0,0,0,0,0,0
CONT_s9_dynamic_Valkaama,1789300635.51,0.1047,0,0,0,0,0,0
CONT_s9_dynamic_Valkaama,1789300635.615,0.1046,0,0,0,0,0,0
CONT_s9_dynamic_Valkaama,1789300635.719,0.1045,0,0,0,0,0,0
CONT_s9_dynamic_Valkaama,1789300635.824,0.1046,0,0,0,0,0,0
CONT_s9_dynamic_Valkaama,1789300635.928,0.1046,0,0,0,0,0,0
CONT_s9_dynamic_Valkaama,1789300636.033,0.1046,0,0,0,0,0,0
CONT_s9_dynamic_Valkaama,1789300636.138,0.1048,0,0,0,0,0,0
CONT_s9_dynamic_Valkaama,1789300636.244,0.1063,0,0,0,0,0,0
CONT_s9_dynamic_Valkaama,1789300636.349,0.1045,0,0,0,0,0,0
CONT_s9_dynamic_Valkaama,1789300636.453,0.1046,0,0,0,0,0,0
CONT_s9_dynamic_Valkaama,1789300636.558,0.1046,0,0,0,0,0,0
CONT_s9_dynamic_Valkaama,1789300636.662,0.1045,0,0,0,0,0,0
CONT_s9_dynamic_Valkaama,1789300636.767,0.1046,0,0,0,0,0,0
CONT_s9_dynamic_Valkaama,1789300636.872,0.1047,0,0,0,0,0,0
CONT_s9_dynamic_Valkaama,1789300636.976,0.1046,0,0,0,0,0,0
CONT_s9_dynamic_Valkaama,1789300637.081,0.1047,0,0,0,0,0,0
CONT_s9_dynamic_Valkaama,1789300637.185,0.1046,0,0,0,0,0,0
CONT_s9_dynamic_Valkaama,1789300637.29,0.1045,0,0,0,0,0,0
CONT_s9_dynamic_Valkaama,1789300637.395,0.1046,0,0,0,0,0,0
CONT_s9_dynamic_Valkaama,1789300637.499,0.1047,0,0,0,0,0,0
CONT_s9_dynamic_Valkaama,1789300637.604,0.1046,0,0,0,0,0,0
CONT_s9_dynamic_Valkaama,1789300637.709,0.1047,0,0,0,0,0,0
CONT_s9_dynamic_Valkaama,1789300637.813,0.1046,0,0,0,0,0,0
CONT_s9_dynamic_Valkaama,1789300637.918,0.1046,0,0,0,0,0,0
CONT_s9_dynamic_Valkaama,1789300638.023,0.1047,0,0,0,0,0,0
CONT_s9_dynamic_Valkaama,1789300638.127,0.1047,0,0,0,0,0,0
CONT_s9_dynamic_Valkaama,1789300638.232,0.1047,0,0,0,0,0,0
CONT_s9_dynamic_Valkaama,1789300638.337,0.1045,0,0,0,0,0,0
CONT_s9_dynamic_Valkaama,1789300638.441,0.1045,0,0,0,0,0,0
CONT_s9_dynamic_Valkaama,1789300638.546,0.1047,0,0,0,0,0,0
CONT_s9_dynamic_Valkaama,1789300638.65,0.1047,0,0,0,0,0,0
CONT_s9_dynamic_Valkaama,1789300638.756,0.1057,0,0,0,0,0,0
CONT_s9_dynamic_Valkaama,1789300638.861,0.1045,0,0,0,0,0,0
CONT_s9_dynamic_Valkaama,1789300638.965,0.1046,0,0,0,0,0,0
CONT_s9_dynamic_Valkaama,1789300639.07,0.1047,0,0,0,0,0,0
CONT_s9_dynamic_Valkaama,1789300639.174,0.1045,0,0,0,0,0,0
CONT_s9_dynamic_Valkaama,1789300639.279,0.1046,0,0,0,0,0,0
CONT_s9_dynamic_Valkaama,1789300639.384,0.1046,0,0,0,0,0,0
CONT_s9_dynamic_Valkaama,1789300639.488,0.1045,0,0,0,0,0,0
CONT_s9_dynamic_Valkaama,1789300639.593,0.1046,0,0,0,0,0,0
CONT_s9_dynamic_Valkaama,1789300639.697,0.1045,0,0,0,0,0,0
CONT_s9_dynamic_Valkaama,1789300639.802,0.1046,0,0,0,0,0,0
CONT_s9_dynamic_Valkaama,1789300639.907,0.1046,0,0,0,0,0,0
CONT_s9_dynamic_Valkaama,1789300640.011,0.1047,0,0,0,0,0,0
CONT_s9_dynamic_Valkaama,1789300640.116,0.1046,0,0,0,0,0,0
CONT_s9_dynamic_Valkaama,1789300640.221,0.1047,0,0,0,0,0,0
CONT_s9_dynamic_Valkaama,1789300640.325,0.1046,0,0,0,0,0,0
CONT_s9_dynamic_Valkaama,1789300640.43,0.1046,0,0,0,0,0,0
CONT_s9_dynamic_Valkaama,1789300640.534,0.1047,0,0,0,0,0,0
CONT_s9_dynamic_Valkaama,1789300640.64,0.1051,0,0,0,0,0,0
CONT_s9_dynamic_Valkaama,1789300640.744,0.1047,0,0,0,0,0,0
CONT_s9_dynamic_Valkaama,1789300640.849,0.1046,0,0,0,0,0,0
CONT_s9_dynamic_Valkaama,1789300640.953,0.1046,0,0,0,0,0,0
CONT_s9_dynamic_Valkaama,1789300641.058,0.1047,0,0,0,0,0,0
CONT_s9_dynamic_Valkaama,1789300641.163,0.1045,0,0,0,0,0,0
CONT_s9_dynamic_Valkaama,1789300641.267,0.1046,0,0,0,0,0,0
CONT_s9_dynamic_Valkaama,1789300641.372,0.105,0,0,0,0,0,0
CONT_s9_dynamic_Valkaama,1789300641.477,0.1046,0,0,0,0,0,0
CONT_s9_dynamic_Valkaama,1789300641.581,0.1046,0,0,0,0,0,0
CONT_s9_dynamic_Valkaama,1789300641.686,0.1045,0,0,0,0,0,0
CONT_s9_dynamic_Valkaama,1789300641.791,0.1046,0,0,0,0,0,0
CONT_s9_dynamic_Valkaama,1789300641.895,0.1047,0,0,0,0,0,0
CONT_s9_dynamic_Valkaama,1789300642.0,0.1047,0,0,0,0,0,0
CONT_s9_dynamic_Valkaama,1789300642.105,0.1047,0,0,0,0,0,0
CONT_s9_dynamic_Valkaama,1789300642.209,0.1047,0,0,0,0,0,0
CONT_s9_dynamic_Valkaama,1789300642.314,0.1045,0,0,0,0,0,0
CONT_s9_dynamic_Valkaama,1789300642.419,0.1047,0,0,0,0,0,0
CONT_s9_dynamic_Valkaama,1789300642.523,0.1047,0,0,0,0,0,0
CONT_s9_dynamic_Valkaama,1789300642.628,0.1046,0,0,0,0,0,0
CONT_s9_dynamic_Valkaama,1789300642.733,0.1047,0,0,0,0,0,0
CONT_s9_dynamic_Valkaama,1789300642.837,0.1045,0,0,0,0,0,0
CONT_s9_dynamic_Valkaama,1789300642.942,0.1046,0,0,0,0,0,0
CONT_s9_dynamic_Valkaama,1789300643.046,0.1047,0,0,0,0,0,0
CONT_s9_dynamic_Valkaama,1789300643.151,0.1045,0,0,0,0,0,0
CONT_s9_dynamic_Valkaama,1789300643.256,0.1046,0,0,0,0,0,0
CONT_s9_dynamic_Valkaama,1789300643.36,0.1047,0,0,0,0,0,0
CONT_s9_dynamic_Valkaama,1789300643.465,0.1046,0,0,0,0,0,0
CONT_s9_dynamic_Valkaama,1789300643.569,0.1045,0,0,0,0,0,0
CONT_s9_dynamic_Valkaama,1789300643.674,0.1046,0,0,0,0,0,0
CONT_s9_dynamic_Valkaama,1789300643.779,0.1046,156,3,0,2398731229.0,7131805.7,2
CONT_s9_dynamic_Valkaama,1789300643.883,0.1047,0,0,0,0,0,0
CONT_s9_dynamic_Valkaama,1789300643.988,0.1046,0,0,0,0,0,0
CONT_s9_dynamic_Valkaama,1789300644.093,0.1046,0,0,0,0,0,0
CONT_s9_dynamic_Valkaama,1789300644.197,0.1045,0,0,0,0,0,0
CONT_s9_dynamic_Valkaama,1789300644.302,0.1046,0,0,0,0,0,0
CONT_s9_dynamic_Valkaama,1789300644.406,0.1047,0,0,0,0,0,0
CONT_s9_dynamic_Valkaama,1789300644.511,0.1046,0,0,0,0,0,0
CONT_s9_dynamic_Valkaama,1789300644.616,0.1046,0,0,0,0,0,0
CONT_s9_dynamic_Valkaama,1789300644.72,0.1047,0,0,0,0,0,0
CONT_s9_dynamic_Valkaama,1789300644.825,0.1046,0,0,0,0,0,0
CONT_s9_dynamic_Valkaama,1789300644.93,0.1047,0,0,0,0,0,0
CONT_s9_dynamic_Valkaama,1789300645.034,0.1046,0,0,0,0,0,0
CONT_s9_dynamic_Valkaama,1789300645.139,0.1049,0,0,0,0,0,0
CONT_s9_dynamic_Valkaama,1789300645.246,0.1066,0,0,0,0,0,0
CONT_s9_dynamic_Valkaama,1789300645.35,0.1046,0,0,0,0,0,0
CONT_s9_dynamic_Valkaama,1789300645.455,0.1047,0,0,0,0,0,0
CONT_s9_dynamic_Valkaama,1789300645.56,0.1047,0,0,0,0,0,0
CONT_s9_dynamic_Valkaama,1789300645.664,0.1046,0,0,0,0,0,0
CONT_s9_dynamic_Valkaama,1789300645.769,0.1046,0,0,0,0,0,0
CONT_s9_dynamic_Valkaama,1789300645.874,0.1047,0,0,0,0,0,0
CONT_s9_dynamic_Valkaama,1789300645.978,0.1046,0,0,0,0,0,0
CONT_s9_dynamic_Valkaama,1789300646.083,0.1045,0,0,0,0,0,0
CONT_s9_dynamic_Valkaama,1789300646.187,0.1046,0,0,0,0,0,0
CONT_s9_dynamic_Valkaama,1789300646.292,0.1045,0,0,0,0,0,0
CONT_s9_dynamic_Valkaama,1789300646.397,0.1046,0,0,0,0,0,0
CONT_s9_dynamic_Valkaama,1789300646.501,0.1046,0,0,0,0,0,0
CONT_s9_dynamic_Valkaama,1789300646.606,0.1046,0,0,0,0,0,0
CONT_s9_dynamic_Valkaama,1789300646.71,0.1046,0,0,0,0,0,0
CONT_s9_dynamic_Valkaama,1789300646.815,0.1046,0,0,0,0,0,0
CONT_s9_dynamic_Valkaama,1789300646.92,0.1047,0,0,0,0,0,0
CONT_s9_dynamic_Valkaama,1789300647.024,0.1046,0,0,0,0,0,0
CONT_s9_dynamic_Valkaama,1789300647.129,0.1046,0,0,0,0,0,0
CONT_s9_dynamic_Valkaama,1789300647.234,0.1049,0,0,0,0,0,0
CONT_s9_dynamic_Valkaama,1789300647.338,0.1046,0,0,0,0,0,0
CONT_s9_dynamic_Valkaama,1789300647.443,0.1047,0,0,0,0,0,0
CONT_s9_dynamic_Valkaama,1789300647.547,0.1046,0,0,0,0,0,0
CONT_s9_dynamic_Valkaama,1789300647.652,0.1047,0,0,0,0,0,0
CONT_s9_dynamic_Valkaama,1789300647.757,0.1051,0,0,0,0,0,0
CONT_s9_dynamic_Valkaama,1789300647.862,0.1047,0,0,0,0,0,0
CONT_s9_dynamic_Valkaama,1789300647.967,0.1046,0,0,0,0,0,0
CONT_s9_dynamic_Valkaama,1789300648.071,0.1045,0,0,0,0,0,0
CONT_s9_dynamic_Valkaama,1789300648.176,0.1046,0,0,0,0,0,0
CONT_s9_dynamic_Valkaama,1789300648.28,0.1046,0,0,0,0,0,0
CONT_s9_dynamic_Valkaama,1789300648.385,0.1047,0,0,0,0,0,0
CONT_s9_dynamic_Valkaama,1789300648.49,0.1046,0,0,0,0,0,0
CONT_s9_dynamic_Valkaama,1789300648.594,0.1046,0,0,0,0,0,0
CONT_s9_dynamic_Valkaama,1789300648.699,0.1046,0,0,0,0,0,0
CONT_s9_dynamic_Valkaama,1789300648.803,0.1046,0,0,0,0,0,0
CONT_s9_dynamic_Valkaama,1789300648.908,0.1046,0,0,0,0,0,0
CONT_s9_dynamic_Valkaama,1789300649.013,0.1046,0,0,0,0,0,0
CONT_s9_dynamic_Valkaama,1789300649.117,0.1046,0,0,0,0,0,0
CONT_s9_dynamic_Valkaama,1789300649.222,0.1048,0,0,0,0,0,0
CONT_s9_dynamic_Valkaama,1789300649.327,0.1046,0,0,0,0,0,0
CONT_s9_dynamic_Valkaama,1789300649.431,0.1049,0,0,0,0,0,0
CONT_s9_dynamic_Valkaama,1789300649.536,0.1047,0,0,0,0,0,0
CONT_s9_dynamic_Valkaama,1789300649.641,0.1048,0,0,0,0,0,0
CONT_s9_dynamic_Valkaama,1789300649.747,0.1064,0,0,0,0,0,0
CONT_s9_dynamic_Valkaama,1789300649.852,0.1045,0,0,0,0,0,0
CONT_s9_dynamic_Valkaama,1789300649.957,0.1047,0,0,0,0,0,0
CONT_s9_dynamic_Valkaama,1789300650.061,0.1046,0,0,0,0,0,0
CONT_s9_dynamic_Valkaama,1789300650.166,0.1045,0,0,0,0,0,0
CONT_s9_dynamic_Valkaama,1789300650.27,0.1046,0,0,0,0,0,0
CONT_s9_dynamic_Valkaama,1789300650.375,0.1047,0,0,0,0,0,0
CONT_s9_dynamic_Valkaama,1789300650.48,0.1046,0,0,0,0,0,0
CONT_s9_dynamic_Valkaama,1789300650.584,0.1045,0,0,0,0,0,0
CONT_s9_dynamic_Valkaama,1789300650.689,0.1047,0,0,0,0,0,0
CONT_s9_dynamic_Valkaama,1789300650.794,0.1048,0,0,0,0,0,0
CONT_s9_dynamic_Valkaama,1789300650.898,0.1044,0,0,0,0,0,0
CONT_s9_dynamic_Valkaama,1789300651.003,0.1047,0,0,0,0,0,0
CONT_s9_dynamic_Valkaama,1789300651.107,0.1046,0,0,0,0,0,0
CONT_s9_dynamic_Valkaama,1789300651.212,0.1046,0,0,0,0,0,0
CONT_s9_dynamic_Valkaama,1789300651.317,0.1046,0,0,0,0,0,0
CONT_s9_dynamic_Valkaama,1789300651.421,0.1047,0,0,0,0,0,0
CONT_s9_dynamic_Valkaama,1789300651.526,0.1047,0,0,0,0,0,0
CONT_s9_dynamic_Valkaama,1789300651.632,0.1063,0,0,0,0,0,0
CONT_s9_dynamic_Valkaama,1789300651.737,0.1046,0,0,0,0,0,0
CONT_s9_dynamic_Valkaama,1789300651.842,0.1049,0,0,0,0,0,0
CONT_s9_dynamic_Valkaama,1789300651.946,0.1045,0,0,0,0,0,0
CONT_s9_dynamic_Valkaama,1789300652.051,0.1046,0,0,0,0,0,0
CONT_s9_dynamic_Valkaama,1789300652.156,0.1047,0,0,0,0,0,0
CONT_s9_dynamic_Valkaama,1789300652.26,0.1046,0,0,0,0,0,0
CONT_s9_dynamic_Valkaama,1789300652.365,0.1047,0,0,0,0,0,0
CONT_s9_dynamic_Valkaama,1789300652.469,0.1046,0,0,0,0,0,0
CONT_s9_dynamic_Valkaama,1789300652.574,0.1046,0,0,0,0,0,0
CONT_s9_dynamic_Valkaama,1789300652.679,0.1046,0,0,0,0,0,0
CONT_s9_dynamic_Valkaama,1789300652.783,0.1046,0,0,0,0,0,0
CONT_s9_dynamic_Valkaama,1789300652.888,0.1052,0,0,0,0,0,0
CONT_s9_dynamic_Valkaama,1789300652.993,0.1047,0,0,0,0,0,0
CONT_s9_dynamic_Valkaama,1789300653.098,0.1047,0,0,0,0,0,0
CONT_s9_dynamic_Valkaama,1789300653.202,0.1046,0,0,0,0,0,0
CONT_s9_dynamic_Valkaama,1789300653.307,0.1046,0,0,0,0,0,0
CONT_s9_dynamic_Valkaama,1789300653.412,0.1046,0,0,0,0,0,0
CONT_s9_dynamic_Valkaama,1789300653.516,0.1046,0,0,0,0,0,0
CONT_s9_dynamic_Valkaama,1789300653.621,0.1046,0,0,0,0,0,0
CONT_s9_dynamic_Valkaama,1789300653.725,0.1047,0,0,0,0,0,0
CONT_s9_dynamic_Valkaama,1789300653.83,0.1046,0,0,0,0,0,0
CONT_s9_dynamic_Valkaama,1789300653.935,0.1047,0,0,0,0,0,0
CONT_s9_dynamic_Valkaama,1789300654.039,0.1046,0,0,0,0,0,0
CONT_s9_dynamic_Valkaama,1789300654.144,0.1046,0,0,0,0,0,0
CONT_s9_dynamic_Valkaama,1789300654.251,0.1066,0,0,0,0,0,0
CONT_s9_dynamic_Valkaama,1789300654.355,0.1045,0,0,0,0,0,0
CONT_s9_dynamic_Valkaama,1789300654.46,0.1046,0,0,0,0,0,0
CONT_s9_dynamic_Valkaama,1789300654.564,0.1047,0,0,0,0,0,0
CONT_s9_dynamic_Valkaama,1789300654.669,0.1045,0,0,0,0,0,0
CONT_s9_dynamic_Valkaama,1789300654.774,0.1046,0,0,0,0,0,0
CONT_s9_dynamic_Valkaama,1789300654.878,0.1046,0,0,0,0,0,0
CONT_s9_dynamic_Valkaama,1789300654.983,0.1046,0,0,0,0,0,0
CONT_s9_dynamic_Valkaama,1789300655.087,0.1046,0,0,0,0,0,0
CONT_s9_dynamic_Valkaama,1789300655.192,0.1046,0,0,0,0,0,0
CONT_s9_dynamic_Valkaama,1789300655.296,0.1046,0,0,0,0,0,0
CONT_s9_dynamic_Valkaama,1789300655.401,0.1046,0,0,0,0,0,0
CONT_s9_dynamic_Valkaama,1789300655.506,0.1046,0,0,0,0,0,0
CONT_s9_dynamic_Valkaama,1789300655.61,0.1047,0,0,0,0,0,0
CONT_s9_dynamic_Valkaama,1789300655.715,0.1047,0,0,0,0,0,0
CONT_s9_dynamic_Valkaama,1789300655.82,0.1046,0,0,0,0,0,0
CONT_s9_dynamic_Valkaama,1789300655.924,0.1046,0,0,0,0,0,0
CONT_s9_dynamic_Valkaama,1789300656.031,0.1069,0,0,0,0,0,0
CONT_s9_dynamic_Valkaama,1789300656.137,0.1055,0,0,0,0,0,0
CONT_s9_dynamic_Valkaama,1789300656.241,0.1047,0,0,0,0,0,0
CONT_s9_dynamic_Valkaama,1789300656.346,0.1047,0,0,0,0,0,0
CONT_s9_dynamic_Valkaama,1789300656.451,0.1046,0,0,0,0,0,0
CONT_s9_dynamic_Valkaama,1789300656.555,0.1048,0,0,0,0,0,0
CONT_s9_dynamic_Valkaama,1789300656.66,0.1045,0,0,0,0,0,0
CONT_s9_dynamic_Valkaama,1789300656.765,0.1047,0,0,0,0,0,0
CONT_s9_dynamic_Valkaama,1789300656.869,0.1048,0,0,0,0,0,0
CONT_s9_dynamic_Valkaama,1789300656.974,0.1047,0,0,0,0,0,0
CONT_s9_dynamic_Valkaama,1789300657.079,0.1047,0,0,0,0,0,0
CONT_s9_dynamic_Valkaama,1789300657.183,0.1045,0,0,0,0,0,0
CONT_s9_dynamic_Valkaama,1789300657.288,0.1046,0,0,0,0,0,0
CONT_s9_dynamic_Valkaama,1789300657.393,0.1046,0,0,0,0,0,0
CONT_s9_dynamic_Valkaama,1789300657.497,0.1047,0,0,0,0,0,0
CONT_s9_dynamic_Valkaama,1789300657.602,0.1046,0,0,0,0,0,0
CONT_s9_dynamic_Valkaama,1789300657.706,0.1045,0,0,0,0,0,0
CONT_s9_dynamic_Valkaama,1789300657.811,0.1048,0,0,0,0,0,0
CONT_s9_dynamic_Valkaama,1789300657.916,0.1048,0,0,0,0,0,0
CONT_s9_dynamic_Valkaama,1789300658.021,0.1047,0,0,0,0,0,0
CONT_s9_dynamic_Valkaama,1789300658.125,0.1046,0,0,0,0,0,0
CONT_s9_dynamic_Valkaama,1789300658.23,0.1048,0,0,0,0,0,0
CONT_s9_dynamic_Valkaama,1789300658.335,0.1046,0,0,0,0,0,0
CONT_s9_dynamic_Valkaama,1789300658.439,0.1046,0,0,0,0,0,0
CONT_s9_dynamic_Valkaama,1789300658.544,0.1047,0,0,0,0,0,0
CONT_s9_dynamic_Valkaama,1789300658.649,0.1046,0,0,0,0,0,0
CONT_s9_dynamic_Valkaama,1789300658.755,0.1062,0,0,0,0,0,0
CONT_s9_dynamic_Valkaama,1789300658.86,0.1048,0,0,0,0,0,0
CONT_s9_dynamic_Valkaama,1789300658.964,0.1047,0,0,0,0,0,0
CONT_s9_dynamic_Valkaama,1789300659.069,0.1047,0,0,0,0,0,0
CONT_s9_dynamic_Valkaama,1789300659.174,0.1046,0,0,0,0,0,0
CONT_s9_dynamic_Valkaama,1789300659.278,0.1046,0,0,0,0,0,0
CONT_s9_dynamic_Valkaama,1789300659.383,0.1047,0,0,0,0,0,0
CONT_s9_dynamic_Valkaama,1789300659.487,0.1046,0,0,0,0,0,0
CONT_s9_dynamic_Valkaama,1789300659.592,0.1047,0,0,0,0,0,0
CONT_s9_dynamic_Valkaama,1789300659.697,0.1047,0,0,0,0,0,0
CONT_s9_dynamic_Valkaama,1789300659.801,0.1046,0,0,0,0,0,0
CONT_s9_dynamic_Valkaama,1789300659.906,0.1047,0,0,0,0,0,0
CONT_s9_dynamic_Valkaama,1789300660.011,0.1047,0,0,0,0,0,0
CONT_s9_dynamic_Valkaama,1789300660.116,0.1047,0,0,0,0,0,0
CONT_s9_dynamic_Valkaama,1789300660.22,0.1045,0,0,0,0,0,0
CONT_s9_dynamic_Valkaama,1789300660.325,0.1046,0,0,0,0,0,0
CONT_s9_dynamic_Valkaama,1789300660.43,0.1052,0,0,0,0,0,0
CONT_s9_dynamic_Valkaama,1789300660.534,0.1045,0,0,0,0,0,0
CONT_s9_dynamic_Valkaama,1789300660.639,0.1049,0,0,0,0,0,0
CONT_s9_dynamic_Valkaama,1789300660.744,0.1048,0,0,0,0,0,0
CONT_s9_dynamic_Valkaama,1789300660.849,0.1046,0,0,0,0,0,0
CONT_s9_dynamic_Valkaama,1789300660.953,0.1046,0,0,0,0,0,0
CONT_s9_dynamic_Valkaama,1789300661.058,0.1047,0,0,0,0,0,0
CONT_s9_dynamic_Valkaama,1789300661.163,0.1046,0,0,0,0,0,0
CONT_s9_dynamic_Valkaama,1789300661.267,0.1046,0,0,0,0,0,0
CONT_s9_dynamic_Valkaama,1789300661.372,0.1047,0,0,0,0,0,0
CONT_s9_dynamic_Valkaama,1789300661.476,0.1046,0,0,0,0,0,0
CONT_s9_dynamic_Valkaama,1789300661.581,0.1046,0,0,0,0,0,0
CONT_s9_dynamic_Valkaama,1789300661.686,0.1046,0,0,0,0,0,0
CONT_s9_dynamic_Valkaama,1789300661.79,0.1045,0,0,0,0,0,0
CONT_s9_dynamic_Valkaama,1789300661.895,0.1047,0,0,0,0,0,0
CONT_s9_dynamic_Valkaama,1789300662.0,0.1047,0,0,0,0,0,0
CONT_s9_dynamic_Valkaama,1789300662.104,0.1047,0,0,0,0,0,0
CONT_s9_dynamic_Valkaama,1789300662.209,0.1046,0,0,0,0,0,0
CONT_s9_dynamic_Valkaama,1789300662.314,0.105,0,0,0,0,0,0
CONT_s9_dynamic_Valkaama,1789300662.419,0.1049,0,0,0,0,0,0
CONT_s9_dynamic_Valkaama,1789300662.524,0.1048,0,0,0,0,0,0
CONT_s9_dynamic_Valkaama,1789300662.63,0.1063,0,0,0,0,0,0
CONT_s9_dynamic_Valkaama,1789300662.735,0.1048,0,0,0,0,0,0
CONT_s9_dynamic_Valkaama,1789300662.84,0.1048,0,0,0,0,0,0
CONT_s9_dynamic_Valkaama,1789300662.944,0.1047,0,0,0,0,0,0
CONT_s9_dynamic_Valkaama,1789300663.049,0.1047,0,0,0,0,0,0
CONT_s9_dynamic_Valkaama,1789300663.154,0.1046,0,0,0,0,0,0
CONT_s9_dynamic_Valkaama,1789300663.259,0.1057,0,0,0,0,0,0
CONT_s9_dynamic_Valkaama,1789300663.364,0.1048,0,0,0,0,0,0
CONT_s9_dynamic_Valkaama,1789300663.469,0.1046,0,0,0,0,0,0
