run_id,t_epoch,dt,delta_bytes,delta_packets,delta_reorder,jitter_ns,rtt_ns,active_flows
CONT_s13_l2a_BigBuckBunny,1789338410.588,0.1001,0,0,0,0,0,0
CONT_s13_l2a_BigBuckBunny,1789338410.69,0.1012,0,0,0,0,0,0
CONT_s13_l2a_BigBuckBunny,1789338410.791,0.1012,0,0,0,0,0,0
CONT_s13_l2a_BigBuckBunny,1789338410.892,0.1011,0,0,0,0,0,0
CONT_s13_l2a_BigBuckBunny,1789338410.993,0.101,0,0,0,0,0,0
CONT_s13_l2a_BigBuckBunny,1789338411.094,0.1011,0,0,0,0,0,0
CONT_s13_l2a_BigBuckBunny,1789338411.195,0.1012,0,0,0,0,0,0
CONT_s13_l2a_BigBuckBunny,1789338411.297,0.1013,0,0,0,0,0,0
CONT_s13_l2a_BigBuckBunny,1789338411.398,0.1011,0,0,0,0,0,0
CONT_s13_l2a_BigBuckBunny,1789338411.499,0.101,0,0,0,0,0,0
CONT_s13_l2a_BigBuckBunny,1789338411.6,0.1012,0,0,0,0,0,0
CONT_s13_l2a_BigBuckBunny,1789338411.701,0.1012,0,0,0,0,0,0
CONT_s13_l2a_BigBuckBunny,1789338411.802,0.1012,0,0,0,0,0,0
CONT_s13_l2a_BigBuckBunny,1789338411.903,0.1011,0,0,0,0,0,0
CONT_s13_l2a_BigBuckBunny,1789338412.004,0.101,0,0,0,0,0,0
CONT_s13_l2a_BigBuckBunny,1789338412.105,0.101,0,0,0,0,0,0
CONT_s13_l2a_BigBuckBunny,1789338412.207,0.1012,0,0,0,0,0,0
CONT_s13_l2a_BigBuckBunny,1789338412.308,0.1012,0,0,0,0,0,0
CONT_s13_l2a_BigBuckBunny,1789338412.409,0.101,0,0,0,0,0,0
CONT_s13_l2a_BigBuckBunny,1789338412.51,0.101,0,0,0,0,0,0
CONT_s13_l2a_BigBuckBunny,1789338412.611,0.101,0,0,0,0,0,0
CONT_s13_l2a_BigBuckBunny,1789338412.712,0.1012,0,0,0,0,0,0
CONT_s13_l2a_BigBuckBunny,1789338412.813,0.1012,0,0,0,0,0,0
CONT_s13_l2a_BigBuckBunny,1789338412.914,0.101,0,0,0,0,0,0
CONT_s13_l2a_BigBuckBunny,1789338413.015,0.1011,0,0,0,0,0,0
CONT_s13_l2a_BigBuckBunny,1789338413.116,0.101,0,0,0,0,0,0
CONT_s13_l2a_BigBuckBunny,1789338413.218,0.1012,0,0,0,0,0,0
CONT_s13_l2a_BigBuckBunny,1789338413.319,0.1013,0,0,0,0,0,0
CONT_s13_l2a_BigBuckBunny,1789338413.42,0.1011,0,0,0,0,0,0
CONT_s13_l2a_BigBuckBunny,1789338413.521,0.101,0,0,0,0,0,0
CONT_s13_l2a_BigBuckBunny,1789338413.622,0.101,0,0,0,0,0,0
CONT_s13_l2a_BigBuckBunny,1789338413.723,0.1012,0,0,0,0,0,0
CONT_s13_l2a_BigBuckBunny,1789338413.824,0.1013,0,0,0,0,0,0
CONT_s13_l2a_BigBuckBunny,1789338413.925,0.1011,0,0,0,0,0,0
CONT_s13_l2a_BigBuckBunny,1789338414.027,0.101,0,0,0,0,0,0
CONT_s13_l2a_BigBuckBunny,1789338414.128,0.1017,0,0,0,0,0,0
CONT_s13_l2a_BigBuckBunny,1789338414.23,0.1016,0,0,0,0,0,0
CONT_s13_l2a_BigBuckBunny,1789338414.331,0.1013,0,0,0,0,0,0
CONT_s13_l2a_BigBuckBunny,1789338414.432,0.1011,0,0,0,0,0,0
CONT_s13_l2a_BigBuckBunny,1789338414.535,0.1026,0,0,0,0,0,0
CONT_s13_l2a_BigBuckBunny,1789338414.636,0.1015,0,0,0,0,0,0
CONT_s13_l2a_BigBuckBunny,1789338414.738,0.1014,0,0,0,0,0,0
CONT_s13_l2a_BigBuckBunny,1789338414.839,0.1015,0,0,0,0,0,0
CONT_s13_l2a_BigBuckBunny,1789338414.941,0.1013,0,0,0,0,0,0
CONT_s13_l2a_BigBuckBunny,1789338415.042,0.1014,0,0,0,0,0,0
CONT_s13_l2a_BigBuckBunny,1789338415.143,0.1015,0,0,0,0,0,0
CONT_s13_l2a_BigBuckBunny,1789338415.246,0.1027,0,0,0,0,0,0
CONT_s13_l2a_BigBuckBunny,1789338415.348,0.1014,0,0,0,0,0,0
CONT_s13_l2a_BigBuckBunny,1789338415.449,0.1013,0,0,0,0,0,0
CONT_s13_l2a_BigBuckBunny,1789338415.55,0.1014,0,0,0,0,0,0
CONT_s13_l2a_BigBuckBunny,1789338415.652,0.1016,0,0,0,0,0,0
CONT_s13_l2a_BigBuckBunny,1789338415.754,0.1021,0,0,0,0,0,0
CONT_s13_l2a_BigBuckBunny,1789338415.855,0.1014,0,0,0,0,0,0
CONT_s13_l2a_BigBuckBunny,1789338415.957,0.1013,0,0,0,0,0,0
CONT_s13_l2a_BigBuckBunny,1789338416.058,0.1014,0,0,0,0,0,0
CONT_s13_l2a_BigBuckBunny,1789338416.159,0.1015,0,0,0,0,0,0
CONT_s13_l2a_BigBuckBunny,1789338416.261,0.1015,0,0,0,0,0,0
CONT_s13_l2a_BigBuckBunny,1789338416.362,0.1014,0,0,0,0,0,0
CONT_s13_l2a_BigBuckBunny,1789338416.464,0.1013,0,0,0,0,0,0
CONT_s13_l2a_BigBuckBunny,1789338416.565,0.1014,0,0,0,0,0,0
CONT_s13_l2a_BigBuckBunny,1789338416.666,0.1015,0,0,0,0,0,0
CONT_s13_l2a_BigBuckBunny,1789338416.768,0.1015,0,0,0,0,0,0
CONT_s13_l2a_BigBuckBunny,1789338416.869,0.1013,0,0,0,0,0,0
CONT_s13_l2a_BigBuckBunny,1789338416.971,0.1013,0,0,0,0,0,0
CONT_s13_l2a_BigBuckBunny,1789338417.072,0.1013,0,0,0,0,0,0
CONT_s13_l2a_BigBuckBunny,1789338417.173,0.1015,0,0,0,0,0,0
CONT_s13_l2a_BigBuckBunny,1789338417.275,0.1015,0,0,0,0,0,0
CONT_s13_l2a_BigBuckBunny,1789338417.376,0.1014,0,0,0,0,0,0
CONT_s13_l2a_BigBuckBunny,1789338417.478,0.1013,0,0,0,0,0,0
CONT_s13_l2a_BigBuckBunny,1789338417.579,0.1013,0,0,0,0,0,0
CONT_s13_l2a_BigBuckBunny,1789338417.68,0.1015,0,0,0,0,0,0
CONT_s13_l2a_BigBuckBunny,1789338417.782,0.1016,0,0,0,0,0,0
CONT_s13_l2a_BigBuckBunny,1789338417.884,0.1015,0,0,0,0,0,0
CONT_s13_l2a_BigBuckBunny,1789338417.985,0.1013,0,0,0,0,0,0
CONT_s13_l2a_BigBuckBunny,1789338418.086,0.1014,0,0,0,0,0,0
CONT_s13_l2a_BigBuckBunny,1789338418.188,0.1015,0,0,0,0,0,0
CONT_s13_l2a_BigBuckBunny,1789338418.289,0.1016,0,0,0,0,0,0
CONT_s13_l2a_BigBuckBunny,1789338418.391,0.1015,0,0,0,0,0,0
CONT_s13_l2a_BigBuckBunny,1789338418.492,0.1015,0,0,0,0,0,0
CONT_s13_l2a_BigBuckBunny,1789338418.594,0.1013,0,0,0,0,0,0
CONT_s13_l2a_BigBuckBunny,1789338418.695,0.1016,0,0,0,0,0,0
CONT_s13_l2a_BigBuckBunny,1789338418.797,0.1016,0,0,0,0,0,0
CONT_s13_l2a_BigBuckBunny,1789338418.898,0.1014,0,0,0,0,0,0
CONT_s13_l2a_BigBuckBunny,1789338419.0,0.1014,0,0,0,0,0,0
CONT_s13_l2a_BigBuckBunny,1789338419.101,0.1015,0,0,0,0,0,0
CONT_s13_l2a_BigBuckBunny,1789338419.203,0.1015,0,0,0,0,0,0
CONT_s13_l2a_BigBuckBunny,1789338419.304,0.1015,0,0,0,0,0,0
CONT_s13_l2a_BigBuckBunny,1789338419.405,0.1013,0,0,0,0,0,0
CONT_s13_l2a_BigBuckBunny,1789338419.507,0.1015,0,0,0,0,0,0
CONT_s13_l2a_BigBuckBunny,1789338419.609,0.1018,0,0,0,0,0,0
CONT_s13_l2a_BigBuckBunny,1789338419.71,0.1015,0,0,0,0,0,0
CONT_s13_l2a_BigBuckBunny,1789338419.812,0.1015,0,0,0,0,0,0
CONT_s13_l2a_BigBuckBunny,1789338419.913,0.1013,0,0,0,0,0,0
CONT_s13_l2a_BigBuckBunny,1789338420.014,0.1013,0,0,0,0,0,0
CONT_s13_l2a_BigBuckBunny,1789338420.116,0.1014,0,0,0,0,0,0
CONT_s13_l2a_BigBuckBunny,1789338420.217,0.1015,0,0,0,0,0,0
CONT_s13_l2a_BigBuckBunny,1789338420.319,0.1015,0,0,0,0,0,0
CONT_s13_l2a_BigBuckBunny,1789338420.42,0.1013,0,0,0,0,0,0
CONT_s13_l2a_BigBuckBunny,1789338420.521,0.1014,0,0,0,0,0,0
CONT_s13_l2a_BigBuckBunny,1789338420.623,0.1013,0,0,0,0,0,0
CONT_s13_l2a_BigBuckBunny,1789338420.724,0.1019,0,0,0,0,0,0
CONT_s13_l2a_BigBuckBunny,1789338420.826,0.1015,0,0,0,0,0,0
CONT_s13_l2a_BigBuckBunny,1789338420.927,0.1013,0,0,0,0,0,0
CONT_s13_l2a_BigBuckBunny,1789338421.029,0.1013,0,0,0,0,0,0
CONT_s13_l2a_BigBuckBunny,1789338421.132,0.1031,0,0,0,0,0,0
CONT_s13_l2a_BigBuckBunny,1789338421.233,0.1015,0,0,0,0,0,0
CONT_s13_l2a_BigBuckBunny,1789338421.335,0.1015,0,0,0,0,0,0
CONT_s13_l2a_BigBuckBunny,1789338421.436,0.1013,0,0,0,0,0,0
CONT_s13_l2a_BigBuckBunny,1789338421.537,0.1013,0,0,0,0,0,0
CONT_s13_l2a_BigBuckBunny,1789338421.639,0.1015,0,0,0,0,0,0
CONT_s13_l2a_BigBuckBunny,1789338421.741,0.1025,0,0,0,0,0,0
CONT_s13_l2a_BigBuckBunny,1789338421.843,0.1015,0,0,0,0,0,0
CONT_s13_l2a_BigBuckBunny,1789338421.944,0.1013,0,0,0,0,0,0
CONT_s13_l2a_BigBuckBunny,1789338422.046,0.1014,0,0,0,0,0,0
CONT_s13_l2a_BigBuckBunny,1789338422.147,0.1015,0,0,0,0,0,0
CONT_s13_l2a_BigBuckBunny,1789338422.249,0.1022,0,0,0,0,0,0
CONT_s13_l2a_BigBuckBunny,1789338422.351,0.1015,0,0,0,0,0,0
CONT_s13_l2a_BigBuckBunny,1789338422.452,0.1013,0,0,0,0,0,0
CONT_s13_l2a_BigBuckBunny,1789338422.553,0.1013,0,0,0,0,0,0
CONT_s13_l2a_BigBuckBunny,1789338422.655,0.1015,0,0,0,0,0,0
CONT_s13_l2a_BigBuckBunny,1789338422.756,0.1015,0,0,0,0,0,0
CONT_s13_l2a_BigBuckBunny,1789338422.858,0.1013,0,0,0,0,0,0
CONT_s13_l2a_BigBuckBunny,1789338422.959,0.1013,0,0,0,0,0,0
CONT_s13_l2a_BigBuckBunny,1789338423.06,0.1013,0,0,0,0,0,0
CONT_s13_l2a_BigBuckBunny,1789338423.162,0.1015,0,0,0,0,0,0
CONT_s13_l2a_BigBuckBunny,1789338423.263,0.1014,0,0,0,0,0,0
CONT_s13_l2a_BigBuckBunny,1789338423.364,0.1014,0,0,0,0,0,0
CONT_s13_l2a_BigBuckBunny,1789338423.466,0.1013,0,0,0,0,0,0
CONT_s13_l2a_BigBuckBunny,1789338423.567,0.1013,0,0,0,0,0,0
CONT_s13_l2a_BigBuckBunny,1789338423.669,0.1015,0,0,0,0,0,0
CONT_s13_l2a_BigBuckBunny,1789338423.77,0.1015,0,0,0,0,0,0
CONT_s13_l2a_BigBuckBunny,1789338423.872,0.1014,0,0,0,0,0,0
CONT_s13_l2a_BigBuckBunny,1789338423.973,0.1013,0,0,0,0,0,0
CONT_s13_l2a_BigBuckBunny,1789338424.074,0.1013,0,0,0,0,0,0
CONT_s13_l2a_BigBuckBunny,1789338424.176,0.1015,0,0,0,0,0,0
CONT_s13_l2a_BigBuckBunny,1789338424.277,0.1015,0,0,0,0,0,0
CONT_s13_l2a_BigBuckBunny,1789338424.378,0.1013,0,0,0,0,0,0
CONT_s13_l2a_BigBuckBunny,1789338424.48,0.1013,0,0,0,0,0,0
CONT_s13_l2a_BigBuckBunny,1789338424.581,0.1013,0,0,0,0,0,0
CONT_s13_l2a_BigBuckBunny,1789338424.683,0.1015,0,0,0,0,0,0
CONT_s13_l2a_BigBuckBunny,1789338424.784,0.1015,0,0,0,0,0,0
CONT_s13_l2a_BigBuckBunny,1789338424.885,0.1013,0,0,0,0,0,0
CONT_s13_l2a_BigBuckBunny,1789338424.987,0.1013,0,0,0,0,0,0
CONT_s13_l2a_BigBuckBunny,1789338425.088,0.1013,0,0,0,0,0,0
CONT_s13_l2a_BigBuckBunny,1789338425.19,0.1015,0,0,0,0,0,0
CONT_s13_l2a_BigBuckBunny,1789338425.291,0.1015,0,0,0,0,0,0
CONT_s13_l2a_BigBuckBunny,1789338425.392,0.1014,0,0,0,0,0,0
CONT_s13_l2a_BigBuckBunny,1789338425.494,0.1013,0,0,0,0,0,0
CONT_s13_l2a_BigBuckBunny,1789338425.595,0.1013,0,0,0,0,0,0
CONT_s13_l2a_BigBuckBunny,1789338425.696,0.1015,0,0,0,0,0,0
CONT_s13_l2a_BigBuckBunny,1789338425.798,0.1015,0,0,0,0,0,0
CONT_s13_l2a_BigBuckBunny,1789338425.899,0.1013,0,0,0,0,0,0
CONT_s13_l2a_BigBuckBunny,1789338426.001,0.1013,0,0,0,0,0,0
CONT_s13_l2a_BigBuckBunny,1789338426.102,0.1013,0,0,0,0,0,0
CONT_s13_l2a_BigBuckBunny,1789338426.203,0.1015,0,0,0,0,0,0
CONT_s13_l2a_BigBuckBunny,1789338426.305,0.1015,0,0,0,0,0,0
CONT_s13_l2a_BigBuckBunny,1789338426.406,0.1013,0,0,0,0,0,0
CONT_s13_l2a_BigBuckBunny,1789338426.507,0.1013,0,0,0,0,0,0
CONT_s13_l2a_BigBuckBunny,1789338426.609,0.1013,0,0,0,0,0,0
CONT_s13_l2a_BigBuckBunny,1789338426.71,0.1015,0,0,0,0,0,0
CONT_s13_l2a_BigBuckBunny,1789338426.812,0.1015,0,0,0,0,0,0
CONT_s13_l2a_BigBuckBunny,1789338426.913,0.1014,0,0,0,0,0,0
CONT_s13_l2a_BigBuckBunny,1789338427.014,0.1013,0,0,0,0,0,0
CONT_s13_l2a_BigBuckBunny,1789338427.116,0.1013,0,0,0,0,0,0
CONT_s13_l2a_BigBuckBunny,1789338427.217,0.1015,0,0,0,0,0,0
CONT_s13_l2a_BigBuckBunny,1789338427.319,0.1015,0,0,0,0,0,0
CONT_s13_l2a_BigBuckBunny,1789338427.42,0.1013,0,0,0,0,0,0
CONT_s13_l2a_BigBuckBunny,1789338427.521,0.1013,0,0,0,0,0,0
CONT_s13_l2a_BigBuckBunny,1789338427.623,0.1013,0,0,0,0,0,0
CONT_s13_l2a_BigBuckBunny,1789338427.724,0.1015,0,0,0,0,0,0
CONT_s13_l2a_BigBuckBunny,1789338427.826,0.1015,0,0,0,0,0,0
CONT_s13_l2a_BigBuckBunny,1789338427.927,0.1013,0,0,0,0,0,0
CONT_s13_l2a_BigBuckBunny,1789338428.028,0.1013,0,0,0,0,0,0
CONT_s13_l2a_BigBuckBunny,1789338428.132,0.1033,0,0,0,0,0,0
CONT_s13_l2a_BigBuckBunny,1789338428.233,0.1016,0,0,0,0,0,0
CONT_s13_l2a_BigBuckBunny,1789338428.335,0.1015,0,0,0,0,0,0
CONT_s13_l2a_BigBuckBunny,1789338428.436,0.1013,0,0,0,0,0,0
CONT_s13_l2a_BigBuckBunny,1789338428.537,0.1014,0,0,0,0,0,0
CONT_s13_l2a_BigBuckBunny,1789338428.639,0.1015,0,0,0,0,0,0
CONT_s13_l2a_BigBuckBunny,1789338428.741,0.1024,0,0,0,0,0,0
CONT_s13_l2a_BigBuckBunny,1789338428.843,0.1015,0,0,0,0,0,0
CONT_s13_l2a_BigBuckBunny,1789338428.944,0.1015,0,0,0,0,0,0
CONT_s13_l2a_BigBuckBunny,1789338429.045,0.1014,0,0,0,0,0,0
CONT_s13_l2a_BigBuckBunny,1789338429.147,0.1015,0,0,0,0,0,0
CONT_s13_l2a_BigBuckBunny,1789338429.25,0.1026,0,0,0,0,0,0
CONT_s13_l2a_BigBuckBunny,1789338429.351,0.1013,0,0,0,0,0,0
CONT_s13_l2a_BigBuckBunny,1789338429.452,0.1013,0,0,0,0,0,0
CONT_s13_l2a_BigBuckBunny,1789338429.554,0.1013,0,0,0,0,0,0
CONT_s13_l2a_BigBuckBunny,1789338429.655,0.1015,0,0,0,0,0,0
CONT_s13_l2a_BigBuckBunny,1789338429.756,0.1015,0,0,0,0,0,0
CONT_s13_l2a_BigBuckBunny,1789338429.858,0.1013,0,0,0,0,0,0
CONT_s13_l2a_BigBuckBunny,1789338429.959,0.1013,0,0,0,0,0,0
CONT_s13_l2a_BigBuckBunny,1789338430.06,0.1013,0,0,0,0,0,0
CONT_s13_l2a_BigBuckBunny,1789338430.162,0.1015,0,0,0,0,0,0
CONT_s13_l2a_BigBuckBunny,1789338430.263,0.1016,0,0,0,0,0,0
CONT_s13_l2a_BigBuckBunny,1789338430.365,0.1015,0,0,0,0,0,0
CONT_s13_l2a_BigBuckBunny,1789338430.466,0.1014,0,0,0,0,0,0
CONT_s13_l2a_BigBuckBunny,1789338430.568,0.1014,0,0,0,0,0,0
CONT_s13_l2a_BigBuckBunny,1789338430.669,0.1015,0,0,0,0,0,0
CONT_s13_l2a_BigBuckBunny,1789338430.771,0.1016,0,0,0,0,0,0
CONT_s13_l2a_BigBuckBunny,1789338430.872,0.1016,0,0,0,0,0,0
CONT_s13_l2a_BigBuckBunny,1789338430.974,0.1013,0,0,0,0,0,0
CONT_s13_l2a_BigBuckBunny,1789338431.075,0.1014,0,0,0,0,0,0
CONT_s13_l2a_BigBuckBunny,1789338431.177,0.1015,0,0,0,0,0,0
CONT_s13_l2a_BigBuckBunny,1789338431.278,0.1015,0,0,0,0,0,0
CONT_s13_l2a_BigBuckBunny,1789338431.38,0.1013,0,0,0,0,0,0
CONT_s13_l2a_BigBuckBunny,1789338431.481,0.1013,0,0,0,0,0,0
CONT_s13_l2a_BigBuckBunny,1789338431.582,0.1013,0,0,0,0,0,0
CONT_s13_l2a_BigBuckBunny,1789338431.684,0.1015,0,0,0,0,0,0
CONT_s13_l2a_BigBuckBunny,1789338431.785,0.1015,0,0,0,0,0,0
CONT_s13_l2a_BigBuckBunny,1789338431.887,0.1013,0,0,0,0,0,0
CONT_s13_l2a_BigBuckBunny,1789338431.988,0.1013,0,0,0,0,0,0
CONT_s13_l2a_BigBuckBunny,1789338432.089,0.1014,0,0,0,0,0,0
CONT_s13_l2a_BigBuckBunny,1789338432.191,0.1015,0,0,0,0,0,0
CONT_s13_l2a_BigBuckBunny,1789338432.292,0.1015,0,0,0,0,0,0
CONT_s13_l2a_BigBuckBunny,1789338432.394,0.1013,0,0,0,0,0,0
CONT_s13_l2a_BigBuckBunny,1789338432.495,0.1013,0,0,0,0,0,0
CONT_s13_l2a_BigBuckBunny,1789338432.596,0.1013,0,0,0,0,0,0
CONT_s13_l2a_BigBuckBunny,1789338432.698,0.1015,0,0,0,0,0,0
CONT_s13_l2a_BigBuckBunny,1789338432.799,0.1016,0,0,0,0,0,0
CONT_s13_l2a_BigBuckBunny,1789338432.901,0.1013,0,0,0,0,0,0
CONT_s13_l2a_BigBuckBunny,1789338433.002,0.1013,0,0,0,0,0,0
CONT_s13_l2a_BigBuckBunny,1789338433.103,0.1013,0,0,0,0,0,0
CONT_s13_l2a_BigBuckBunny,1789338433.205,0.1015,0,0,0,0,0,0
CONT_s13_l2a_BigBuckBunny,1789338433.306,0.1015,0,0,0,0,0,0
CONT_s13_l2a_BigBuckBunny,1789338433.408,0.1014,0,0,0,0,0,0
CONT_s13_l2a_BigBuckBunny,1789338433.509,0.1013,0,0,0,0,0,0
CONT_s13_l2a_BigBuckBunny,1789338433.61,0.1013,0,0,0,0,0,0
CONT_s13_l2a_BigBuckBunny,1789338433.712,0.1015,0,0,0,0,0,0
CONT_s13_l2a_BigBuckBunny,1789338433.813,0.1015,0,0,0,0,0,0
CONT_s13_l2a_BigBuckBunny,1789338433.915,0.1013,0,0,0,0,0,0
CONT_s13_l2a_BigBuckBunny,1789338434.016,0.1013,0,0,0,0,0,0
CONT_s13_l2a_BigBuckBunny,1789338434.117,0.1013,0,0,0,0,0,0
CONT_s13_l2a_BigBuckBunny,1789338434.219,0.1015,0,0,0,0,0,0
CONT_s13_l2a_BigBuckBunny,1789338434.32,0.1015,0,0,0,0,0,0
CONT_s13_l2a_BigBuckBunny,1789338434.422,0.1014,0,0,0,0,0,0
CONT_s13_l2a_BigBuckBunny,1789338434.523,0.1013,0,0,0,0,0,0
CONT_s13_l2a_BigBuckBunny,1789338434.624,0.1013,0,0,0,0,0,0
CONT_s13_l2a_BigBuckBunny,1789338434.726,0.1015,0,0,0,0,0,0
CONT_s13_l2a_BigBuckBunny,1789338434.827,0.1016,0,0,0,0,0,0
CONT_s13_l2a_BigBuckBunny,1789338434.929,0.1013,0,0,0,0,0,0
CONT_s13_l2a_BigBuckBunny,1789338435.03,0.1014,0,0,0,0,0,0
CONT_s13_l2a_BigBuckBunny,1789338435.132,0.1021,0,0,0,0,0,0
CONT_s13_l2a_BigBuckBunny,1789338435.234,0.1015,0,0,0,0,0,0
CONT_s13_l2a_BigBuckBunny,1789338435.335,0.1015,0,0,0,0,0,0
CONT_s13_l2a_BigBuckBunny,1789338435.436,0.1013,0,0,0,0,0,0
CONT_s13_l2a_BigBuckBunny,1789338435.538,0.1014,0,0,0,0,0,0
CONT_s13_l2a_BigBuckBunny,1789338435.639,0.1016,0,0,0,0,0,0
CONT_s13_l2a_BigBuckBunny,1789338435.742,0.1029,0,0,0,0,0,0
CONT_s13_l2a_BigBuckBunny,1789338435.844,0.1019,0,0,0,0,0,0
CONT_s13_l2a_BigBuckBunny,1789338435.946,0.1015,0,0,0,0,0,0
CONT_s13_l2a_BigBuckBunny,1789338436.047,0.1014,0,0,0,0,0,0
CONT_s13_l2a_BigBuckBunny,1789338436.149,0.1015,0,0,0,0,0,0
CONT_s13_l2a_BigBuckBunny,1789338436.251,0.1028,0,0,0,0,0,0
CONT_s13_l2a_BigBuckBunny,1789338436.353,0.1014,0,0,0,0,0,0
CONT_s13_l2a_BigBuckBunny,1789338436.454,0.1013,0,0,0,0,0,0
CONT_s13_l2a_BigBuckBunny,1789338436.555,0.1013,0,0,0,0,0,0
CONT_s13_l2a_BigBuckBunny,1789338436.657,0.1016,0,0,0,0,0,0
CONT_s13_l2a_BigBuckBunny,1789338436.758,0.1015,0,0,0,0,0,0
CONT_s13_l2a_BigBuckBunny,1789338436.86,0.1013,0,0,0,0,0,0
CONT_s13_l2a_BigBuckBunny,1789338436.961,0.1015,0,0,0,0,0,0
CONT_s13_l2a_BigBuckBunny,1789338437.063,0.1013,0,0,0,0,0,0
CONT_s13_l2a_BigBuckBunny,1789338437.164,0.1016,0,0,0,0,0,0
CONT_s13_l2a_BigBuckBunny,1789338437.266,0.1015,0,0,0,0,0,0
CONT_s13_l2a_BigBuckBunny,1789338437.367,0.1013,0,0,0,0,0,0
CONT_s13_l2a_BigBuckBunny,1789338437.468,0.1013,0,0,0,0,0,0
CONT_s13_l2a_BigBuckBunny,1789338437.569,0.1013,0,0,0,0,0,0
CONT_s13_l2a_BigBuckBunny,1789338437.671,0.1015,0,0,0,0,0,0
CONT_s13_l2a_BigBuckBunny,1789338437.773,0.1016,0,0,0,0,0,0
CONT_s13_l2a_BigBuckBunny,1789338437.874,0.1013,0,0,0,0,0,0
CONT_s13_l2a_BigBuckBunny,1789338437.975,0.1014,0,0,0,0,0,0
CONT_s13_l2a_BigBuckBunny,1789338438.077,0.1013,0,0,0,0,0,0
CONT_s13_l2a_BigBuckBunny,1789338438.178,0.1017,0,0,0,0,0,0
CONT_s13_l2a_BigBuckBunny,1789338438.28,0.1015,0,0,0,0,0,0
CONT_s13_l2a_BigBuckBunny,1789338438.381,0.1013,0,0,0,0,0,0
CONT_s13_l2a_BigBuckBunny,1789338438.482,0.1013,0,0,0,0,0,0
CONT_s13_l2a_BigBuckBunny,1789338438.584,0.1013,0,0,0,0,0,0
CONT_s13_l2a_BigBuckBunny,1789338438.685,0.1016,0,0,0,0,0,0
CONT_s13_l2a_BigBuckBunny,1789338438.787,0.1015,0,0,0,0,0,0
CONT_s13_l2a_BigBuckBunny,1789338438.888,0.1013,0,0,0,0,0,0
CONT_s13_l2a_BigBuckBunny,1789338438.989,0.1013,0,0,0,0,0,0
CONT_s13_l2a_BigBuckBunny,1789338439.091,0.1013,0,0,0,0,0,0
CONT_s13_l2a_BigBuckBunny,1789338439.192,0.1015,0,0,0,0,0,0
CONT_s13_l2a_BigBuckBunny,1789338439.294,0.1015,0,0,0,0,0,0
CONT_s13_l2a_BigBuckBunny,1789338439.395,0.1013,0,0,0,0,0,0
CONT_s13_l2a_BigBuckBunny,1789338439.497,0.1015,0,0,0,0,0,0
CONT_s13_l2a_BigBuckBunny,1789338439.598,0.1013,0,0,0,0,0,0
CONT_s13_l2a_BigBuckBunny,1789338439.699,0.1015,0,0,0,0,0,0
CONT_s13_l2a_BigBuckBunny,1789338439.801,0.1016,0,0,0,0,0,0
CONT_s13_l2a_BigBuckBunny,1789338439.902,0.1014,0,0,0,0,0,0
CONT_s13_l2a_BigBuckBunny,1789338440.004,0.1014,0,0,0,0,0,0
CONT_s13_l2a_BigBuckBunny,1789338440.105,0.1014,0,0,0,0,0,0
CONT_s13_l2a_BigBuckBunny,1789338440.207,0.1015,0,0,0,0,0,0
CONT_s13_l2a_BigBuckBunny,1789338440.308,0.1016,0,0,0,0,0,0
CONT_s13_l2a_BigBuckBunny,1789338440.41,0.1014,0,0,0,0,0,0
CONT_s13_l2a_BigBuckBunny,1789338440.511,0.1014,0,0,0,0,0,0
CONT_s13_l2a_BigBuckBunny,1789338440.613,0.1014,0,0,0,0,0,0
CONT_s13_l2a_BigBuckBunny,1789338440.714,0.1015,0,0,0,0,0,0
CONT_s13_l2a_BigBuckBunny,1789338440.816,0.1015,0,0,0,0,0,0
CONT_s13_l2a_BigBuckBunny,1789338440.917,0.1013,0,0,0,0,0,0
CONT_s13_l2a_BigBuckBunny,1789338441.019,0.1016,0,0,0,0,0,0
CONT_s13_l2a_BigBuckBunny,1789338441.12,0.1013,0,0,0,0,0,0
CONT_s13_l2a_BigBuckBunny,1789338441.221,0.1016,0,0,0,0,0,0
CONT_s13_l2a_BigBuckBunny,1789338441.323,0.1016,0,0,0,0,0,0
CONT_s13_l2a_BigBuckBunny,1789338441.425,0.1015,0,0,0,0,0,0
CONT_s13_l2a_BigBuckBunny,1789338441.526,0.1014,0,0,0,0,0,0
CONT_s13_l2a_BigBuckBunny,1789338441.627,0.1014,0,0,0,0,0,0
CONT_s13_l2a_BigBuckBunny,1789338441.729,0.1015,0,0,0,0,0,0
CONT_s13_l2a_BigBuckBunny,1789338441.83,0.1015,0,0,0,0,0,0
CONT_s13_l2a_BigBuckBunny,1789338441.932,0.1013,0,0,0,0,0,0
CONT_s13_l2a_BigBuckBunny,1789338442.033,0.1014,0,0,0,0,0,0
CONT_s13_l2a_BigBuckBunny,1789338442.135,0.1017,0,0,0,0,0,0
CONT_s13_l2a_BigBuckBunny,1789338442.237,0.1019,0,0,0,0,0,0
CONT_s13_l2a_BigBuckBunny,1789338442.338,0.1015,0,0,0,0,0,0
CONT_s13_l2a_BigBuckBunny,1789338442.439,0.1013,0,0,0,0,0,0
CONT_s13_l2a_BigBuckBunny,1789338442.541,0.1014,0,0,0,0,0,0
CONT_s13_l2a_BigBuckBunny,1789338442.642,0.1015,0,0,0,0,0,0
CONT_s13_l2a_BigBuckBunny,1789338442.745,0.1026,0,0,0,0,0,0
CONT_s13_l2a_BigBuckBunny,1789338442.846,0.1015,0,0,0,0,0,0
CONT_s13_l2a_BigBuckBunny,1789338442.948,0.1014,0,0,0,0,0,0
CONT_s13_l2a_BigBuckBunny,1789338443.049,0.1014,0,0,0,0,0,0
CONT_s13_l2a_BigBuckBunny,1789338443.151,0.1015,0,0,0,0,0,0
CONT_s13_l2a_BigBuckBunny,1789338443.253,0.1024,0,0,0,0,0,0
CONT_s13_l2a_BigBuckBunny,1789338443.354,0.1014,0,0,0,0,0,0
CONT_s13_l2a_BigBuckBunny,1789338443.456,0.1013,0,0,0,0,0,0
CONT_s13_l2a_BigBuckBunny,1789338443.557,0.1014,0,0,0,0,0,0
CONT_s13_l2a_BigBuckBunny,1789338443.659,0.1015,0,0,0,0,0,0
CONT_s13_l2a_BigBuckBunny,1789338443.76,0.1015,0,0,0,0,0,0
CONT_s13_l2a_BigBuckBunny,1789338443.862,0.1013,0,0,0,0,0,0
CONT_s13_l2a_BigBuckBunny,1789338443.963,0.1013,0,0,0,0,0,0
CONT_s13_l2a_BigBuckBunny,1789338444.064,0.1012,0,0,0,0,0,0
CONT_s13_l2a_BigBuckBunny,1789338444.166,0.1015,0,0,0,0,0,0
CONT_s13_l2a_BigBuckBunny,1789338444.267,0.1015,0,0,0,0,0,0
CONT_s13_l2a_BigBuckBunny,1789338444.368,0.1013,0,0,0,0,0,0
CONT_s13_l2a_BigBuckBunny,1789338444.47,0.1013,0,0,0,0,0,0
CONT_s13_l2a_BigBuckBunny,1789338444.571,0.1014,0,0,0,0,0,0
CONT_s13_l2a_BigBuckBunny,1789338444.673,0.1016,0,0,0,0,0,0
CONT_s13_l2a_BigBuckBunny,1789338444.774,0.1015,0,0,0,0,0,0
CONT_s13_l2a_BigBuckBunny,1789338444.876,0.1013,0,0,0,0,0,0
CONT_s13_l2a_BigBuckBunny,1789338444.977,0.1013,0,0,0,0,0,0
CONT_s13_l2a_BigBuckBunny,1789338445.078,0.1013,0,0,0,0,0,0
CONT_s13_l2a_BigBuckBunny,1789338445.18,0.1015,0,0,0,0,0,0
CONT_s13_l2a_BigBuckBunny,1789338445.281,0.1015,0,0,0,0,0,0
CONT_s13_l2a_BigBuckBunny,1789338445.382,0.1014,0,0,0,0,0,0
CONT_s13_l2a_BigBuckBunny,1789338445.484,0.1013,0,0,0,0,0,0
CONT_s13_l2a_BigBuckBunny,1789338445.585,0.1013,0,0,0,0,0,0
CONT_s13_l2a_BigBuckBunny,1789338445.687,0.1015,0,0,0,0,0,0
CONT_s13_l2a_BigBuckBunny,1789338445.788,0.1015,0,0,0,0,0,0
CONT_s13_l2a_BigBuckBunny,1789338445.89,0.1013,0,0,0,0,0,0
CONT_s13_l2a_BigBuckBunny,1789338445.991,0.1013,0,0,0,0,0,0
CONT_s13_l2a_BigBuckBunny,1789338446.092,0.1014,0,0,0,0,0,0
CONT_s13_l2a_BigBuckBunny,1789338446.194,0.1015,0,0,0,0,0,0
CONT_s13_l2a_BigBuckBunny,1789338446.295,0.1015,0,0,0,0,0,0
CONT_s13_l2a_BigBuckBunny,1789338446.397,0.1013,0,0,0,0,0,0
CONT_s13_l2a_BigBuckBunny,1789338446.498,0.1013,0,0,0,0,0,0
CONT_s13_l2a_BigBuckBunny,1789338446.599,0.1014,0,0,0,0,0,0
CONT_s13_l2a_BigBuckBunny,1789338446.701,0.1015,0,0,0,0,0,0
CONT_s13_l2a_BigBuckBunny,1789338446.802,0.1016,0,0,0,0,0,0
CONT_s13_l2a_BigBuckBunny,1789338446.904,0.1016,0,0,0,0,0,0
CONT_s13_l2a_BigBuckBunny,1789338447.005,0.1014,0,0,0,0,0,0
CONT_s13_l2a_BigBuckBunny,1789338447.107,0.1014,0,0,0,0,0,0
CONT_s13_l2a_BigBuckBunny,1789338447.208,0.1015,0,0,0,0,0,0
CONT_s13_l2a_BigBuckBunny,1789338447.31,0.1016,0,0,0,0,0,0
CONT_s13_l2a_BigBuckBunny,1789338447.411,0.1014,0,0,0,0,0,0
CONT_s13_l2a_BigBuckBunny,1789338447.513,0.1014,0,0,0,0,0,0
CONT_s13_l2a_BigBuckBunny,1789338447.614,0.1014,0,0,0,0,0,0
CONT_s13_l2a_BigBuckBunny,1789338447.716,0.1015,0,0,0,0,0,0
CONT_s13_l2a_BigBuckBunny,1789338447.817,0.1015,0,0,0,0,0,0
CONT_s13_l2a_BigBuckBunny,1789338447.918,0.1014,0,0,0,0,0,0
CONT_s13_l2a_BigBuckBunny,1789338448.02,0.1013,0,0,0,0,0,0
CONT_s13_l2a_BigBuckBunny,1789338448.121,0.1013,0,0,0,0,0,0
CONT_s13_l2a_BigBuckBunny,1789338448.223,0.1015,0,0,0,0,0,0
CONT_s13_l2a_BigBuckBunny,1789338448.324,0.1015,0,0,0,0,0,0
CONT_s13_l2a_BigBuckBunny,1789338448.425,0.1013,0,0,0,0,0,0
CONT_s13_l2a_BigBuckBunny,1789338448.527,0.1013,0,0,0,0,0,0
CONT_s13_l2a_BigBuckBunny,1789338448.628,0.1015,0,0,0,0,0,0
CONT_s13_l2a_BigBuckBunny,1789338448.73,0.1015,0,0,0,0,0,0
CONT_s13_l2a_BigBuckBunny,1789338448.831,0.1015,0,0,0,0,0,0
CONT_s13_l2a_BigBuckBunny,1789338448.933,0.1013,0,0,0,0,0,0
CONT_s13_l2a_BigBuckBunny,1789338449.034,0.1014,0,0,0,0,0,0
CONT_s13_l2a_BigBuckBunny,1789338449.136,0.1016,0,0,0,0,0,0
CONT_s13_l2a_BigBuckBunny,1789338449.238,0.1024,0,0,0,0,0,0
CONT_s13_l2a_BigBuckBunny,1789338449.339,0.1015,0,0,0,0,0,0
CONT_s13_l2a_BigBuckBunny,1789338449.441,0.1013,0,0,0,0,0,0
CONT_s13_l2a_BigBuckBunny,1789338449.542,0.1013,0,0,0,0,0,0
CONT_s13_l2a_BigBuckBunny,1789338449.644,0.1015,0,0,0,0,0,0
CONT_s13_l2a_BigBuckBunny,1789338449.747,0.1036,0,0,0,0,0,0
CONT_s13_l2a_BigBuckBunny,1789338449.849,0.1015,0,0,0,0,0,0
CONT_s13_l2a_BigBuckBunny,1789338449.95,0.1014,0,0,0,0,0,0
CONT_s13_l2a_BigBuckBunny,1789338450.051,0.1013,0,0,0,0,0,0
CONT_s13_l2a_BigBuckBunny,1789338450.153,0.1015,0,0,0,0,0,0
CONT_s13_l2a_BigBuckBunny,1789338450.255,0.1015,0,0,0,0,0,0
CONT_s13_l2a_BigBuckBunny,1789338450.356,0.1014,0,0,0,0,0,0
CONT_s13_l2a_BigBuckBunny,1789338450.457,0.1013,0,0,0,0,0,0
CONT_s13_l2a_BigBuckBunny,1789338450.559,0.1014,0,0,0,0,0,0
CONT_s13_l2a_BigBuckBunny,1789338450.66,0.1015,0,0,0,0,0,0
CONT_s13_l2a_BigBuckBunny,1789338450.762,0.1015,0,0,0,0,0,0
CONT_s13_l2a_BigBuckBunny,1789338450.863,0.1014,0,0,0,0,0,0
CONT_s13_l2a_BigBuckBunny,1789338450.964,0.1014,0,0,0,0,0,0
CONT_s13_l2a_BigBuckBunny,1789338451.066,0.1013,0,0,0,0,0,0
CONT_s13_l2a_BigBuckBunny,1789338451.168,0.1018,0,0,0,0,0,0
CONT_s13_l2a_BigBuckBunny,1789338451.269,0.1015,0,0,0,0,0,0
CONT_s13_l2a_BigBuckBunny,1789338451.37,0.1013,0,0,0,0,0,0
CONT_s13_l2a_BigBuckBunny,1789338451.472,0.1014,0,0,0,0,0,0
CONT_s13_l2a_BigBuckBunny,1789338451.573,0.1014,0,0,0,0,0,0
CONT_s13_l2a_BigBuckBunny,1789338451.675,0.1015,0,0,0,0,0,0
CONT_s13_l2a_BigBuckBunny,1789338451.776,0.1015,0,0,0,0,0,0
CONT_s13_l2a_BigBuckBunny,1789338451.877,0.1013,0,0,0,0,0,0
CONT_s13_l2a_BigBuckBunny,1789338451.979,0.1014,0,0,0,0,0,0
CONT_s13_l2a_BigBuckBunny,1789338452.08,0.1014,0,0,0,0,0,0
CONT_s13_l2a_BigBuckBunny,1789338452.182,0.1015,0,0,0,0,0,0
CONT_s13_l2a_BigBuckBunny,1789338452.283,0.1015,0,0,0,0,0,0
CONT_s13_l2a_BigBuckBunny,1789338452.384,0.1013,0,0,0,0,0,0
CONT_s13_l2a_BigBuckBunny,1789338452.486,0.1013,0,0,0,0,0,0
CONT_s13_l2a_BigBuckBunny,1789338452.587,0.1014,0,0,0,0,0,0
CONT_s13_l2a_BigBuckBunny,1789338452.689,0.1015,0,0,0,0,0,0
CONT_s13_l2a_BigBuckBunny,1789338452.79,0.1016,0,0,0,0,0,0
CONT_s13_l2a_BigBuckBunny,1789338452.892,0.1013,0,0,0,0,0,0
CONT_s13_l2a_BigBuckBunny,1789338452.993,0.1013,0,0,0,0,0,0
CONT_s13_l2a_BigBuckBunny,1789338453.094,0.1014,0,0,0,0,0,0
CONT_s13_l2a_BigBuckBunny,1789338453.196,0.1015,0,0,0,0,0,0
CONT_s13_l2a_BigBuckBunny,1789338453.297,0.1015,0,0,0,0,0,0
CONT_s13_l2a_BigBuckBunny,1789338453.399,0.1013,0,0,0,0,0,0
CONT_s13_l2a_BigBuckBunny,1789338453.5,0.1014,0,0,0,0,0,0
CONT_s13_l2a_BigBuckBunny,1789338453.601,0.1014,0,0,0,0,0,0
CONT_s13_l2a_BigBuckBunny,1789338453.703,0.1015,0,0,0,0,0,0
CONT_s13_l2a_BigBuckBunny,1789338453.804,0.1015,0,0,0,0,0,0
CONT_s13_l2a_BigBuckBunny,1789338453.906,0.1013,0,0,0,0,0,0
CONT_s13_l2a_BigBuckBunny,1789338454.007,0.1013,0,0,0,0,0,0
CONT_s13_l2a_BigBuckBunny,1789338454.108,0.1013,0,0,0,0,0,0
CONT_s13_l2a_BigBuckBunny,1789338454.21,0.1015,0,0,0,0,0,0
CONT_s13_l2a_BigBuckBunny,1789338454.311,0.1015,0,0,0,0,0,0
CONT_s13_l2a_BigBuckBunny,1789338454.413,0.1013,0,0,0,0,0,0
CONT_s13_l2a_BigBuckBunny,1789338454.514,0.1013,0,0,0,0,0,0
CONT_s13_l2a_BigBuckBunny,1789338454.615,0.1013,0,0,0,0,0,0
CONT_s13_l2a_BigBuckBunny,1789338454.717,0.1015,0,0,0,0,0,0
CONT_s13_l2a_BigBuckBunny,1789338454.818,0.1016,0,0,0,0,0,0
CONT_s13_l2a_BigBuckBunny,1789338454.92,0.1014,0,0,0,0,0,0
CONT_s13_l2a_BigBuckBunny,1789338455.021,0.1014,0,0,0,0,0,0
CONT_s13_l2a_BigBuckBunny,1789338455.122,0.1014,0,0,0,0,0,0
CONT_s13_l2a_BigBuckBunny,1789338455.224,0.1015,0,0,0,0,0,0
CONT_s13_l2a_BigBuckBunny,1789338455.326,0.1016,0,0,0,0,0,0
CONT_s13_l2a_BigBuckBunny,1789338455.427,0.1014,0,0,0,0,0,0
CONT_s13_l2a_BigBuckBunny,1789338455.529,0.1018,0,0,0,0,0,0
CONT_s13_l2a_BigBuckBunny,1789338455.632,0.1035,0,0,0,0,0,0
CONT_s13_l2a_BigBuckBunny,1789338455.734,0.1015,0,0,0,0,0,0
CONT_s13_l2a_BigBuckBunny,1789338455.835,0.1016,0,0,0,0,0,0
CONT_s13_l2a_BigBuckBunny,1789338455.937,0.1014,0,0,0,0,0,0
CONT_s13_l2a_BigBuckBunny,1789338456.038,0.1014,0,0,0,0,0,0
CONT_s13_l2a_BigBuckBunny,1789338456.14,0.1015,0,0,0,0,0,0
CONT_s13_l2a_BigBuckBunny,1789338456.242,0.1027,0,0,0,0,0,0
CONT_s13_l2a_BigBuckBunny,1789338456.344,0.1015,0,0,0,0,0,0
CONT_s13_l2a_BigBuckBunny,1789338456.445,0.1014,0,0,0,0,0,0
CONT_s13_l2a_BigBuckBunny,1789338456.547,0.1014,0,0,0,0,0,0
CONT_s13_l2a_BigBuckBunny,1789338456.648,0.1015,0,0,0,0,0,0
CONT_s13_l2a_BigBuckBunny,1789338456.751,0.1033,0,0,0,0,0,0
CONT_s13_l2a_BigBuckBunny,1789338456.853,0.1015,0,0,0,0,0,0
CONT_s13_l2a_BigBuckBunny,1789338456.954,0.1013,0,0,0,0,0,0
CONT_s13_l2a_BigBuckBunny,1789338457.056,0.1014,0,0,0,0,0,0
CONT_s13_l2a_BigBuckBunny,1789338457.157,0.1015,0,0,0,0,0,0
CONT_s13_l2a_BigBuckBunny,1789338457.259,0.1015,0,0,0,0,0,0
CONT_s13_l2a_BigBuckBunny,1789338457.36,0.1013,0,0,0,0,0,0
CONT_s13_l2a_BigBuckBunny,1789338457.461,0.1013,0,0,0,0,0,0
CONT_s13_l2a_BigBuckBunny,1789338457.563,0.1014,0,0,0,0,0,0
CONT_s13_l2a_BigBuckBunny,1789338457.664,0.1015,0,0,0,0,0,0
CONT_s13_l2a_BigBuckBunny,1789338457.766,0.1015,0,0,0,0,0,0
CONT_s13_l2a_BigBuckBunny,1789338457.867,0.1014,0,0,0,0,0,0
CONT_s13_l2a_BigBuckBunny,1789338457.968,0.1013,0,0,0,0,0,0
CONT_s13_l2a_BigBuckBunny,1789338458.07,0.1013,0,0,0,0,0,0
CONT_s13_l2a_BigBuckBunny,1789338458.171,0.1015,0,0,0,0,0,0
CONT_s13_l2a_BigBuckBunny,1789338458.273,0.1015,0,0,0,0,0,0
CONT_s13_l2a_BigBuckBunny,1789338458.374,0.1016,0,0,0,0,0,0
CONT_s13_l2a_BigBuckBunny,1789338458.476,0.1015,0,0,0,0,0,0
CONT_s13_l2a_BigBuckBunny,1789338458.577,0.1014,0,0,0,0,0,0
CONT_s13_l2a_BigBuckBunny,1789338458.679,0.1014,0,0,0,0,0,0
CONT_s13_l2a_BigBuckBunny,1789338458.78,0.1015,0,0,0,0,0,0
CONT_s13_l2a_BigBuckBunny,1789338458.881,0.1013,0,0,0,0,0,0
CONT_s13_l2a_BigBuckBunny,1789338458.983,0.1013,0,0,0,0,0,0
CONT_s13_l2a_BigBuckBunny,1789338459.087,0.1044,0,0,0,0,0,0
CONT_s13_l2a_BigBuckBunny,1789338459.189,0.1018,0,0,0,0,0,0
CONT_s13_l2a_BigBuckBunny,1789338459.29,0.1013,0,0,0,0,0,0
CONT_s13_l2a_BigBuckBunny,1789338459.392,0.1017,0,0,0,0,0,0
CONT_s13_l2a_BigBuckBunny,1789338459.493,0.1014,0,0,0,0,0,0
CONT_s13_l2a_BigBuckBunny,1789338459.595,0.1014,16724,28,0,555613.1,927068.1,4
CONT_s13_l2a_BigBuckBunny,1789338459.697,0.102,9052,7,0,9829370.9,659976.0,2
CONT_s13_l2a_BigBuckBunny,1789338459.799,0.102,6112,6,0,11877132.3,181225838.4,3
CONT_s13_l2a_BigBuckBunny,1789338459.901,0.1018,7939,9,0,14044598.8,153617604.9,4
CONT_s13_l2a_BigBuckBunny,1789338460.003,0.102,10656,10,0,20022186.0,151472614.3,3
CONT_s13_l2a_BigBuckBunny,1789338460.105,0.102,4604,5,0,13606304.0,45496446.0,2
CONT_s13_l2a_BigBuckBunny,1789338460.207,0.1021,11168,10,0,28885711.4,169392408.7,3
CONT_s13_l2a_BigBuckBunny,1789338460.309,0.1022,6104,6,0,30156332.0,129967622.1,3
CONT_s13_l2a_BigBuckBunny,1789338460.411,0.1021,13604,11,0,31093705.6,154596641.4,2
CONT_s13_l2a_BigBuckBunny,1789338460.513,0.102,7604,7,0,30489199.0,123803901.3,2
CONT_s13_l2a_BigBuckBunny,1789338460.615,0.1019,7552,6,0,31806372.0,178507109.0,2
CONT_s13_l2a_BigBuckBunny,1789338460.717,0.1022,7552,6,0,31319542.8,178487750.0,2
CONT_s13_l2a_BigBuckBunny,1789338460.819,0.1021,7552,6,0,30919671.3,178442758.9,2
CONT_s13_l2a_BigBuckBunny,1789338460.921,0.102,9164,9,0,26993256.9,159859296.5,3
CONT_s13_l2a_BigBuckBunny,1789338461.023,0.1021,7552,6,0,31568486.2,196353932.9,2
CONT_s13_l2a_BigBuckBunny,1789338461.125,0.102,9663,11,0,24419990.7,185549838.4,4
CONT_s13_l2a_BigBuckBunny,1789338461.228,0.1023,7552,6,0,32100570.7,197211821.4,2
CONT_s13_l2a_BigBuckBunny,1789338461.33,0.1026,9156,9,0,28254777.1,196294885.1,3
CONT_s13_l2a_BigBuckBunny,1789338461.432,0.1021,13552,10,0,32956384.0,197741743.2,2
CONT_s13_l2a_BigBuckBunny,1789338461.535,0.1024,4604,5,0,30709063.8,210966371.1,2
CONT_s13_l2a_BigBuckBunny,1789338461.637,0.1027,7552,6,0,32343825.0,213617864.5,2
CONT_s13_l2a_BigBuckBunny,1789338461.74,0.1023,10604,9,0,31945654.2,213210378.2,2
CONT_s13_l2a_BigBuckBunny,1789338461.842,0.1024,7552,6,0,32241588.8,213988487.5,2
CONT_s13_l2a_BigBuckBunny,1789338461.944,0.1022,12104,10,0,31660506.0,222136970.9,2
CONT_s13_l2a_BigBuckBunny,1789338462.047,0.1022,6052,5,0,31392224.4,141736222.6,2
CONT_s13_l2a_BigBuckBunny,1789338462.149,0.1023,6052,5,0,31136264.6,141799418.8,2
CONT_s13_l2a_BigBuckBunny,1789338462.252,0.1035,13604,11,0,32473686.1,142000372.1,3
CONT_s13_l2a_BigBuckBunny,1789338462.355,0.1022,6104,6,0,41440185.2,159182417.2,3
CONT_s13_l2a_BigBuckBunny,1789338462.457,0.1021,10118,10,0,75319462.9,141594596.6,4
CONT_s13_l2a_BigBuckBunny,1789338462.559,0.1021,7604,7,0,34379433.4,166251509.3,2
CONT_s13_l2a_BigBuckBunny,1789338462.661,0.1023,7841,7,0,60966213.3,183527597.0,4
CONT_s13_l2a_BigBuckBunny,1789338462.763,0.1023,9104,8,0,34191631.2,184712673.0,2
CONT_s13_l2a_BigBuckBunny,1789338462.865,0.1021,9104,8,0,65658432.0,197872040.3,4
CONT_s13_l2a_BigBuckBunny,1789338462.967,0.1021,10604,9,0,43397094.2,170281582.5,3
CONT_s13_l2a_BigBuckBunny,1789338463.07,0.1022,6104,6,0,66157568.3,140601896.0,4
CONT_s13_l2a_BigBuckBunny,1789338463.172,0.1023,9104,8,0,73060260.6,151133662.1,4
CONT_s13_l2a_BigBuckBunny,1789338463.274,0.1022,10604,9,0,47233970.9,159784793.0,3
CONT_s13_l2a_BigBuckBunny,1789338463.376,0.1021,6104,6,0,101333995.3,159460529.4,2
CONT_s13_l2a_BigBuckBunny,1789338463.478,0.1021,12156,11,0,62253997.9,190743822.8,4
CONT_s13_l2a_BigBuckBunny,1789338463.581,0.1022,4552,4,0,93234592.0,195974358.8,2
CONT_s13_l2a_BigBuckBunny,1789338463.683,0.1025,12156,11,0,64074431.2,195234226.7,4
CONT_s13_l2a_BigBuckBunny,1789338463.785,0.1023,7604,7,0,72203578.0,177227466.6,4
CONT_s13_l2a_BigBuckBunny,1789338463.887,0.1021,9104,8,0,72353872.6,186745556.9,4
CONT_s13_l2a_BigBuckBunny,1789338463.989,0.1021,7604,7,0,72332124.7,194441395.8,4
CONT_s13_l2a_BigBuckBunny,1789338464.091,0.102,9104,8,0,72009162.5,195272765.6,4
CONT_s13_l2a_BigBuckBunny,1789338464.194,0.1023,7604,7,0,72655339.7,194607225.7,4
CONT_s13_l2a_BigBuckBunny,1789338464.296,0.1023,9156,9,0,93137989.7,195061081.1,5
CONT_s13_l2a_BigBuckBunny,1789338464.398,0.102,9260,11,0,125640382.0,180687474.0,6
CONT_s13_l2a_BigBuckBunny,1789338464.5,0.1021,9104,8,0,71875553.5,214152198.6,4
CONT_s13_l2a_BigBuckBunny,1789338464.602,0.1021,9156,9,0,70099864.7,183757069.9,4
CONT_s13_l2a_BigBuckBunny,1789338464.705,0.1023,7604,7,0,82510565.6,247295797.9,3
CONT_s13_l2a_BigBuckBunny,1789338464.807,0.1023,9156,9,0,69916134.6,194331515.0,4
CONT_s13_l2a_BigBuckBunny,1789338464.909,0.1021,7604,7,0,72833872.6,173308005.8,4
CONT_s13_l2a_BigBuckBunny,1789338465.011,0.1021,10708,11,0,75325355.2,221098906.3,4
CONT_s13_l2a_BigBuckBunny,1789338465.113,0.1021,4540,4,0,63501915.2,179071233.0,2
CONT_s13_l2a_BigBuckBunny,1789338465.215,0.1023,10656,10,0,75943807.8,228348849.4,3
CONT_s13_l2a_BigBuckBunny,1789338465.318,0.1022,9156,9,0,73809900.3,141322070.8,2
CONT_s13_l2a_BigBuckBunny,1789338465.42,0.1021,9156,9,0,62312678.3,105425753.5,2
CONT_s13_l2a_BigBuckBunny,1789338465.522,0.1021,9156,9,0,53752496.7,105231913.2,2
CONT_s13_l2a_BigBuckBunny,1789338465.624,0.1021,9156,9,0,47268274.7,105222568.6,2
CONT_s13_l2a_BigBuckBunny,1789338465.726,0.1022,6104,6,0,43833126.0,104950356.3,2
CONT_s13_l2a_BigBuckBunny,1789338465.828,0.1023,9156,9,0,39700873.7,105601461.5,2
CONT_s13_l2a_BigBuckBunny,1789338465.93,0.1021,9156,9,0,36510488.0,105272989.4,2
CONT_s13_l2a_BigBuckBunny,1789338466.033,0.1022,9156,9,0,34026636.3,105361741.1,2
CONT_s13_l2a_BigBuckBunny,1789338466.135,0.1026,9156,9,0,32077547.3,105387275.2,2
CONT_s13_l2a_BigBuckBunny,1789338466.24,0.1047,9156,9,0,30549438.7,105371666.9,2
CONT_s13_l2a_BigBuckBunny,1789338466.342,0.1022,9156,9,0,29339597.3,105488410.5,2
CONT_s13_l2a_BigBuckBunny,1789338466.444,0.1021,6104,6,0,28660792.3,105548033.9,2
CONT_s13_l2a_BigBuckBunny,1789338466.546,0.1021,9156,9,0,27809811.3,105314076.1,2
CONT_s13_l2a_BigBuckBunny,1789338466.649,0.1023,9156,9,0,27131914.7,105424355.0,2
CONT_s13_l2a_BigBuckBunny,1789338466.752,0.1035,9156,9,0,26589367.7,105459972.2,2
CONT_s13_l2a_BigBuckBunny,1789338466.854,0.1022,9156,9,0,26146538.7,105343258.5,2
CONT_s13_l2a_BigBuckBunny,1789338466.956,0.1021,1079197,822,4,79421.6,464569.2,2
CONT_s13_l2a_BigBuckBunny,1789338467.059,0.1022,0,0,0,0,0,0
CONT_s13_l2a_BigBuckBunny,1789338467.161,0.1022,19680,16,0,11365064.5,143776565.8,2
CONT_s13_l2a_BigBuckBunny,1789338467.263,0.1022,4692,6,0,10540232.5,561279.3,2
CONT_s13_l2a_BigBuckBunny,1789338467.365,0.1021,4692,6,0,8729940.0,650754.0,2
CONT_s13_l2a_BigBuckBunny,1789338467.467,0.1021,4692,6,1,7212343.0,289270817.7,2
CONT_s13_l2a_BigBuckBunny,1789338467.569,0.1021,6256,8,2,12262168.5,347032567.6,2
CONT_s13_l2a_BigBuckBunny,1789338467.673,0.1032,4716,6,3,10123062.0,281176478.7,2
CONT_s13_l2a_BigBuckBunny,1789338467.775,0.1022,6272,8,4,17806315.5,301533003.0,2
CONT_s13_l2a_BigBuckBunny,1789338467.877,0.1021,3128,4,2,21215554.5,301135154.0,2
CONT_s13_l2a_BigBuckBunny,1789338467.979,0.1021,7744,9,5,24503488.6,299545062.3,2
CONT_s13_l2a_BigBuckBunny,1789338468.081,0.1021,4692,6,3,21240099.5,301251709.0,2
CONT_s13_l2a_BigBuckBunny,1789338468.183,0.1022,6208,7,4,16679623.3,270933921.5,2
CONT_s13_l2a_BigBuckBunny,1789338468.286,0.1022,3192,5,2,20374762.8,331571321.0,2
CONT_s13_l2a_BigBuckBunny,1789338468.388,0.1021,6244,8,4,26961571.0,347419519.2,2
CONT_s13_l2a_BigBuckBunny,1789338468.49,0.1021,6180,7,3,22781184.1,351621697.1,2
CONT_s13_l2a_BigBuckBunny,1789338468.592,0.1021,4680,6,1,19198466.5,338104806.6,2
CONT_s13_l2a_BigBuckBunny,1789338468.694,0.1023,4680,6,1,15823087.5,291053255.7,2
CONT_s13_l2a_BigBuckBunny,1789338468.796,0.1023,4604,5,1,17127669.4,383961319.8,2
CONT_s13_l2a_BigBuckBunny,1789338468.899,0.102,6104,6,0,23337696.0,415191887.5,2
CONT_s13_l2a_BigBuckBunny,1789338469.001,0.1021,6116,6,0,23819708.3,444245409.9,2
CONT_s13_l2a_BigBuckBunny,1789338469.103,0.1021,4708,6,1,25374850.5,462823047.8,2
CONT_s13_l2a_BigBuckBunny,1789338469.205,0.1024,3160,4,0,24073256.0,407099223.0,2
CONT_s13_l2a_BigBuckBunny,1789338469.307,0.1023,7900,10,0,29206110.5,361692736.7,2
CONT_s13_l2a_BigBuckBunny,1789338469.409,0.102,4740,6,1,25728228.5,314712197.3,2
CONT_s13_l2a_BigBuckBunny,1789338469.512,0.1021,4740,6,3,21223522.0,540606.3,2
CONT_s13_l2a_BigBuckBunny,1789338469.614,0.1021,6280,8,3,16402339.5,286418863.0,2
CONT_s13_l2a_BigBuckBunny,1789338469.716,0.1024,4716,6,0,13525485.0,301572397.7,2
CONT_s13_l2a_BigBuckBunny,1789338469.818,0.1022,6288,8,1,10463539.5,287734535.8,2
CONT_s13_l2a_BigBuckBunny,1789338469.92,0.1021,4716,6,3,8630210.5,316570267.9,2
CONT_s13_l2a_BigBuckBunny,1789338470.022,0.1021,4716,6,3,7115337.0,345401772.0,2
CONT_s13_l2a_BigBuckBunny,1789338470.125,0.1021,6260,8,4,5506850.5,346887063.1,2
CONT_s13_l2a_BigBuckBunny,1789338470.227,0.1023,4604,5,0,10960817.6,369060186.5,2
CONT_s13_l2a_BigBuckBunny,1789338470.329,0.1022,6180,7,0,19461216.4,409958852.7,2
CONT_s13_l2a_BigBuckBunny,1789338470.431,0.1022,3128,4,0,24072642.5,452478734.0,2
CONT_s13_l2a_BigBuckBunny,1789338470.533,0.1021,6272,8,0,26804451.0,422334596.7,2
CONT_s13_l2a_BigBuckBunny,1789338470.636,0.1025,6288,8,1,27363829.5,316072913.8,2
CONT_s13_l2a_BigBuckBunny,1789338470.739,0.103,4732,6,2,28117601.5,256236648.5,2
CONT_s13_l2a_BigBuckBunny,1789338470.841,0.1023,6224,7,2,30837426.4,286119977.0,2
CONT_s13_l2a_BigBuckBunny,1789338470.943,0.1022,3216,5,0,26173524.0,301567299.0,2
CONT_s13_l2a_BigBuckBunny,1789338471.045,0.1021,6272,8,1,27017234.5,307498023.1,2
CONT_s13_l2a_BigBuckBunny,1789338471.148,0.1023,6244,8,2,27968787.5,347456525.0,2
CONT_s13_l2a_BigBuckBunny,1789338471.251,0.1032,4604,5,1,24467043.8,383778454.6,2
CONT_s13_l2a_BigBuckBunny,1789338471.353,0.1022,4552,4,0,20560455.5,377963547.8,2
CONT_s13_l2a_BigBuckBunny,1789338471.455,0.1021,6104,6,0,21823282.7,415208127.7,2
CONT_s13_l2a_BigBuckBunny,1789338471.558,0.1026,4604,5,0,18455069.6,398743873.5,2
CONT_s13_l2a_BigBuckBunny,1789338471.66,0.1023,6104,6,0,21276304.0,425149067.5,2
CONT_s13_l2a_BigBuckBunny,1789338471.762,0.1022,4744,7,0,25654036.4,331537865.1,2
CONT_s13_l2a_BigBuckBunny,1789338471.864,0.1022,3128,4,0,22461053.0,247283234.0,2
CONT_s13_l2a_BigBuckBunny,1789338471.966,0.1021,7744,9,1,23132347.6,206939637.1,2
CONT_s13_l2a_BigBuckBunny,1789338472.069,0.1021,4668,6,1,20935452.0,160648784.4,2
CONT_s13_l2a_BigBuckBunny,1789338472.171,0.1022,6104,6,0,20550058.3,177746064.3,2
CONT_s13_l2a_BigBuckBunny,1789338472.273,0.1022,4604,5,0,24032314.4,191594755.1,2
CONT_s13_l2a_BigBuckBunny,1789338472.375,0.1021,1552,2,0,25877741.0,176297041.5,2
CONT_s13_l2a_BigBuckBunny,1789338472.477,0.1021,4552,4,0,30025208.2,151875075.7,2
CONT_s13_l2a_BigBuckBunny,1789338472.579,0.1021,7732,9,2,32447873.6,138962365.7,2
CONT_s13_l2a_BigBuckBunny,1789338472.681,0.1022,3052,3,0,36412446.7,138953054.8,2
CONT_s13_l2a_BigBuckBunny,1789338472.784,0.1022,6180,7,2,37476119.4,139862276.5,2
CONT_s13_l2a_BigBuckBunny,1789338472.886,0.1021,1500,1,0,45951469.0,154334110.0,1
CONT_s13_l2a_BigBuckBunny,1789338472.988,0.1022,4656,6,0,42523102.5,147883672.5,2
CONT_s13_l2a_BigBuckBunny,1789338473.09,0.1021,4680,6,1,46407276.0,143907005.1,2
CONT_s13_l2a_BigBuckBunny,1789338473.192,0.1023,1552,2,0,48436897.5,143757542.0,2
CONT_s13_l2a_BigBuckBunny,1789338473.294,0.1022,1552,2,0,47284197.0,137348531.4,2
CONT_s13_l2a_BigBuckBunny,1789338473.397,0.1021,1552,2,0,46308982.5,140020599.2,2
CONT_s13_l2a_BigBuckBunny,1789338473.499,0.1021,3052,3,0,48200471.7,152190054.4,2
CONT_s13_l2a_BigBuckBunny,1789338473.601,0.1021,4616,5,1,54256482.0,152532347.8,2
CONT_s13_l2a_BigBuckBunny,1789338473.703,0.1022,0,0,0,0,0,0
CONT_s13_l2a_BigBuckBunny,1789338473.805,0.1022,4668,6,1,61048291.0,144233820.4,2
CONT_s13_l2a_BigBuckBunny,1789338473.907,0.102,3052,3,0,66380159.3,147136039.3,2
CONT_s13_l2a_BigBuckBunny,1789338474.009,0.1021,0,0,0,0,0,0
CONT_s13_l2a_BigBuckBunny,1789338474.111,0.1021,4680,6,2,67537761.5,139653958.7,2
CONT_s13_l2a_BigBuckBunny,1789338474.214,0.1023,4616,5,1,74275714.6,149313443.0,2
CONT_s13_l2a_BigBuckBunny,1789338474.316,0.1022,0,0,0,0,0,0
CONT_s13_l2a_BigBuckBunny,1789338474.418,0.102,4668,6,1,77178875.5,138058961.7,2
CONT_s13_l2a_BigBuckBunny,1789338474.52,0.1021,3116,4,1,80250374.5,145897452.3,2
CONT_s13_l2a_BigBuckBunny,1789338474.622,0.1021,1552,2,0,78886881.0,147409293.5,2
CONT_s13_l2a_BigBuckBunny,1789338474.724,0.1024,3052,3,0,75456689.3,148510653.6,2
CONT_s13_l2a_BigBuckBunny,1789338474.827,0.1022,1552,2,0,72092937.0,138855024.8,2
CONT_s13_l2a_BigBuckBunny,1789338474.929,0.1022,3052,3,0,71129307.7,144518950.0,2
CONT_s13_l2a_BigBuckBunny,1789338475.031,0.1022,3168,5,1,66336983.4,138643710.9,2
CONT_s13_l2a_BigBuckBunny,1789338475.135,0.1035,1500,1,0,73278907.0,151162081.0,1
CONT_s13_l2a_BigBuckBunny,1789338475.237,0.1023,52,1,0,70688454.0,51170879.0,1
CONT_s13_l2a_BigBuckBunny,1789338475.339,0.1023,1564,2,0,70635148.0,158218354.0,2
CONT_s13_l2a_BigBuckBunny,1789338475.441,0.102,0,0,0,0,0,0
CONT_s13_l2a_BigBuckBunny,1789338475.543,0.1021,1564,2,1,68350861.5,143235930.2,2
CONT_s13_l2a_BigBuckBunny,1789338475.646,0.1023,3116,4,1,70049666.0,149341038.5,2
CONT_s13_l2a_BigBuckBunny,1789338475.749,0.1035,0,0,0,0,0,0
CONT_s13_l2a_BigBuckBunny,1789338475.851,0.1021,3052,3,0,79284204.0,153687093.9,2
CONT_s13_l2a_BigBuckBunny,1789338475.953,0.1021,4616,5,1,80203414.4,147102522.4,2
CONT_s13_l2a_BigBuckBunny,1789338476.055,0.1021,0,0,0,0,0,0
CONT_s13_l2a_BigBuckBunny,1789338476.158,0.1022,682,2,0,82726524.5,50703564.6,2
CONT_s13_l2a_BigBuckBunny,1789338476.26,0.1022,0,0,0,0,0,0
CONT_s13_l2a_BigBuckBunny,1789338476.362,0.1021,0,0,0,0,0,0
CONT_s13_l2a_BigBuckBunny,1789338476.464,0.1021,450,1,1,85139804.0,0,1
CONT_s13_l2a_BigBuckBunny,1789338476.566,0.1021,0,0,0,0,0,0
CONT_s13_l2a_BigBuckBunny,1789338476.668,0.1023,1853,3,0,115428193.7,114678173.6,2
CONT_s13_l2a_BigBuckBunny,1789338476.771,0.1023,0,0,0,0,0,0
CONT_s13_l2a_BigBuckBunny,1789338476.873,0.1022,3180,5,0,108971730.4,144087336.8,2
CONT_s13_l2a_BigBuckBunny,1789338476.975,0.1021,3104,4,1,109610239.5,147897795.5,2
CONT_s13_l2a_BigBuckBunny,1789338477.077,0.1022,0,0,0,0,0,0
CONT_s13_l2a_BigBuckBunny,1789338477.179,0.1022,3128,4,0,113778722.5,153577635.0,2
CONT_s13_l2a_BigBuckBunny,1789338477.282,0.1022,3052,3,1,119023407.0,142698659.5,2
CONT_s13_l2a_BigBuckBunny,1789338477.384,0.1021,52,1,0,102132483.0,51571579.0,1
CONT_s13_l2a_BigBuckBunny,1789338477.486,0.1022,4604,5,0,112995310.0,152658467.8,2
CONT_s13_l2a_BigBuckBunny,1789338477.588,0.1021,1500,1,0,120698777.0,147997534.0,1
CONT_s13_l2a_BigBuckBunny,1789338477.69,0.1022,3104,4,0,108651142.5,152441602.3,2
CONT_s13_l2a_BigBuckBunny,1789338477.793,0.1023,3052,3,0,112208141.7,152808078.1,2
CONT_s13_l2a_BigBuckBunny,1789338477.895,0.102,1552,2,0,104070196.0,148953757.5,2
CONT_s13_l2a_BigBuckBunny,1789338477.997,0.1022,3116,4,1,98748898.0,143454677.2,2
CONT_s13_l2a_BigBuckBunny,1789338478.099,0.1021,6104,6,0,95543154.7,147060662.8,2
CONT_s13_l2a_BigBuckBunny,1789338478.201,0.1023,3052,3,0,96431093.7,153484153.0,2
CONT_s13_l2a_BigBuckBunny,1789338478.304,0.1025,3052,3,0,91110459.3,149845249.8,2
CONT_s13_l2a_BigBuckBunny,1789338478.406,0.1021,7732,9,2,82346329.8,148436586.1,2
CONT_s13_l2a_BigBuckBunny,1789338478.508,0.1021,4680,6,2,76554032.5,136693564.2,2
CONT_s13_l2a_BigBuckBunny,1789338478.61,0.1022,3052,3,0,73940256.3,154416858.3,2
CONT_s13_l2a_BigBuckBunny,1789338478.712,0.1023,4668,6,1,71812880.5,147091341.0,2
CONT_s13_l2a_BigBuckBunny,1789338478.815,0.1022,0,0,0,0,0,0
CONT_s13_l2a_BigBuckBunny,1789338478.917,0.1021,6104,6,0,72498625.7,154862897.6,2
CONT_s13_l2a_BigBuckBunny,1789338479.019,0.1021,4616,5,1,77856995.6,140732612.7,2
CONT_s13_l2a_BigBuckBunny,1789338479.121,0.1022,52,1,0,82025259.0,0,1
CONT_s13_l2a_BigBuckBunny,1789338479.223,0.1022,4552,4,0,80433808.8,144651925.2,2
CONT_s13_l2a_BigBuckBunny,1789338479.325,0.1022,3104,4,0,75866142.5,139403410.7,2
CONT_s13_l2a_BigBuckBunny,1789338479.427,0.1021,1500,1,0,78979677.0,159662250.0,1
CONT_s13_l2a_BigBuckBunny,1789338479.53,0.1023,1564,2,0,79028282.5,135828146.9,2
CONT_s13_l2a_BigBuckBunny,1789338479.633,0.103,6244,8,1,75486147.5,143184574.5,2
CONT_s13_l2a_BigBuckBunny,1789338479.735,0.1023,0,0,0,0,0,0
CONT_s13_l2a_BigBuckBunny,1789338479.837,0.1022,3052,3,0,77613271.7,152571980.0,2
CONT_s13_l2a_BigBuckBunny,1789338479.939,0.1022,4680,6,2,74924929.0,140782326.0,2
CONT_s13_l2a_BigBuckBunny,1789338480.042,0.1022,0,0,0,0,0,0
CONT_s13_l2a_BigBuckBunny,1789338480.144,0.1023,4668,6,1,79596319.5,144814588.9,2
CONT_s13_l2a_BigBuckBunny,1789338480.247,0.1033,3064,3,1,84447422.0,146945610.9,2
CONT_s13_l2a_BigBuckBunny,1789338480.349,0.1022,1552,2,0,79060497.0,147760730.2,2
CONT_s13_l2a_BigBuckBunny,1789338480.451,0.1021,4680,6,2,71882190.5,146604710.3,2
CONT_s13_l2a_BigBuckBunny,1789338480.554,0.1022,7804,10,3,63845279.5,144593242.5,2
CONT_s13_l2a_BigBuckBunny,1789338480.656,0.1023,0,0,0,0,0,0
CONT_s13_l2a_BigBuckBunny,1789338480.758,0.1022,4604,5,0,68114004.2,143918259.6,2
CONT_s13_l2a_BigBuckBunny,1789338480.86,0.1021,3116,4,1,69643622.0,141068273.0,2
CONT_s13_l2a_BigBuckBunny,1789338480.962,0.1021,1552,2,0,70277363.0,145150172.5,2
CONT_s13_l2a_BigBuckBunny,1789338481.064,0.1022,3116,4,1,67760057.5,151583445.6,2
CONT_s13_l2a_BigBuckBunny,1789338481.167,0.1022,434,2,0,67593307.0,144780691.0,2
CONT_s13_l2a_BigBuckBunny,1789338481.269,0.1022,2002,3,1,68085836.0,106506523.7,2
CONT_s13_l2a_BigBuckBunny,1789338481.371,0.1022,0,0,0,0,0,0
CONT_s13_l2a_BigBuckBunny,1789338481.473,0.1022,1789,2,0,70611000.5,120448096.8,2
CONT_s13_l2a_BigBuckBunny,1789338481.575,0.102,3052,3,0,69664587.3,143805479.6,2
CONT_s13_l2a_BigBuckBunny,1789338481.677,0.1023,0,0,0,0,0,0
CONT_s13_l2a_BigBuckBunny,1789338481.78,0.1027,4668,6,1,70458184.5,140586301.0,2
CONT_s13_l2a_BigBuckBunny,1789338481.882,0.1022,3052,3,0,74955656.3,143023159.5,2
CONT_s13_l2a_BigBuckBunny,1789338481.985,0.1022,0,0,0,0,0,0
CONT_s13_l2a_BigBuckBunny,1789338482.087,0.1022,3128,4,1,78359262.0,144356266.2,2
CONT_s13_l2a_BigBuckBunny,1789338482.189,0.1023,4688,6,2,80769105.5,138856673.6,2
CONT_s13_l2a_BigBuckBunny,1789338482.291,0.1023,0,0,0,0,0,0
CONT_s13_l2a_BigBuckBunny,1789338482.393,0.102,3052,3,0,88484507.3,147087005.2,2
CONT_s13_l2a_BigBuckBunny,1789338482.495,0.1022,4680,6,2,82557125.0,136827008.2,2
CONT_s13_l2a_BigBuckBunny,1789338482.598,0.1022,0,0,0,0,0,0
CONT_s13_l2a_BigBuckBunny,1789338482.7,0.1023,3052,3,0,90922150.0,154528454.4,2
CONT_s13_l2a_BigBuckBunny,1789338482.802,0.1023,4680,6,2,83948854.5,135475695.8,2
CONT_s13_l2a_BigBuckBunny,1789338482.904,0.1021,0,0,0,0,0,0
CONT_s13_l2a_BigBuckBunny,1789338483.006,0.1021,3052,3,0,92010469.7,142561965.0,2
CONT_s13_l2a_BigBuckBunny,1789338483.109,0.1022,4616,5,1,89484796.2,139332529.0,2
CONT_s13_l2a_BigBuckBunny,1789338483.211,0.1023,52,1,0,74060849.0,49006860.0,1
CONT_s13_l2a_BigBuckBunny,1789338483.313,0.1022,4616,5,1,90548933.8,150064456.0,2
CONT_s13_l2a_BigBuckBunny,1789338483.415,0.1021,3104,4,0,84741580.0,144819500.6,2
CONT_s13_l2a_BigBuckBunny,1789338483.517,0.1021,1552,2,0,84198646.5,140463003.0,2
CONT_s13_l2a_BigBuckBunny,1789338483.619,0.1021,3116,4,1,80101836.0,145292399.5,2
CONT_s13_l2a_BigBuckBunny,1789338483.722,0.1023,6104,6,0,79795516.0,146138355.6,2
CONT_s13_l2a_BigBuckBunny,1789338483.824,0.1022,0,0,0,0,0,0
CONT_s13_l2a_BigBuckBunny,1789338483.926,0.102,4680,6,2,80273346.5,142842523.8,2
CONT_s13_l2a_BigBuckBunny,1789338484.028,0.1022,4680,6,2,82838622.5,147221700.3,2
CONT_s13_l2a_BigBuckBunny,1789338484.132,0.1043,0,0,0,0,0,0
CONT_s13_l2a_BigBuckBunny,1789338484.235,0.1023,3116,4,1,89987467.0,146658197.9,2
CONT_s13_l2a_BigBuckBunny,1789338484.337,0.1022,1552,2,0,94656217.0,143130660.4,2
CONT_s13_l2a_BigBuckBunny,1789338484.439,0.1021,0,0,0,0,0,0
CONT_s13_l2a_BigBuckBunny,1789338484.541,0.1021,1564,2,0,91477746.5,155198288.0,2
CONT_s13_l2a_BigBuckBunny,1789338484.643,0.1022,0,0,0,0,0,0
CONT_s13_l2a_BigBuckBunny,1789338484.747,0.1036,1552,2,1,87148787.0,152710703.4,2
CONT_s13_l2a_BigBuckBunny,1789338484.849,0.1022,3116,4,1,85870419.5,137177700.7,2
CONT_s13_l2a_BigBuckBunny,1789338484.951,0.1022,1500,1,0,90082411.0,140868892.0,1
CONT_s13_l2a_BigBuckBunny,1789338485.053,0.1021,1552,2,0,89499043.5,151938895.6,2
CONT_s13_l2a_BigBuckBunny,1789338485.156,0.1023,3116,4,1,92065827.5,149457156.3,2
CONT_s13_l2a_BigBuckBunny,1789338485.258,0.1023,0,0,0,0,0,0
CONT_s13_l2a_BigBuckBunny,1789338485.36,0.1022,3116,4,1,99481835.5,151127975.4,2
CONT_s13_l2a_BigBuckBunny,1789338485.462,0.1021,3373,4,0,105327428.5,129986206.4,2
CONT_s13_l2a_BigBuckBunny,1789338485.564,0.1021,0,0,0,0,0,0
CONT_s13_l2a_BigBuckBunny,1789338485.667,0.1022,1788,2,0,108617851.5,121016793.8,2
CONT_s13_l2a_BigBuckBunny,1789338485.769,0.1022,3052,3,0,105453893.7,142206899.2,2
CONT_s13_l2a_BigBuckBunny,1789338485.871,0.1021,0,0,0,0,0,0
CONT_s13_l2a_BigBuckBunny,1789338485.973,0.1022,6244,8,2,93134200.0,143761965.8,2
CONT_s13_l2a_BigBuckBunny,1789338486.075,0.1021,7740,9,2,84266097.2,143978132.0,2
CONT_s13_l2a_BigBuckBunny,1789338486.177,0.1023,0,0,0,0,0,0
CONT_s13_l2a_BigBuckBunny,1789338486.28,0.1022,6168,7,1,81915632.4,142447890.5,2
CONT_s13_l2a_BigBuckBunny,1789338486.382,0.1021,4552,4,0,83890083.5,142173881.0,2
CONT_s13_l2a_BigBuckBunny,1789338486.484,0.1021,0,0,0,0,0,0
CONT_s13_l2a_BigBuckBunny,1789338486.586,0.1021,4680,6,2,82225320.0,136403616.8,2
CONT_s13_l2a_BigBuckBunny,1789338486.688,0.1023,3052,3,0,87686084.3,144375584.9,2
CONT_s13_l2a_BigBuckBunny,1789338486.79,0.1022,0,0,0,0,0,0
CONT_s13_l2a_BigBuckBunny,1789338486.893,0.1022,3052,3,0,90015770.3,143066606.3,2
CONT_s13_l2a_BigBuckBunny,1789338486.995,0.1021,6104,6,0,85881675.7,140853327.7,2
CONT_s13_l2a_BigBuckBunny,1789338487.097,0.1021,0,0,0,0,0,0
CONT_s13_l2a_BigBuckBunny,1789338487.199,0.1023,6104,6,0,85350382.3,147079772.4,2
CONT_s13_l2a_BigBuckBunny,1789338487.301,0.1022,4923,5,0,89422653.4,133351250.8,2
CONT_s13_l2a_BigBuckBunny,1789338487.403,0.1021,0,0,0,0,0,0
CONT_s13_l2a_BigBuckBunny,1789338487.505,0.1021,6244,8,2,85149014.0,137304829.1,2
CONT_s13_l2a_BigBuckBunny,1789338487.608,0.1021,6168,7,1,82920082.6,138265046.1,2
CONT_s13_l2a_BigBuckBunny,1789338487.71,0.1023,3064,3,0,87274016.0,144356038.0,2
CONT_s13_l2a_BigBuckBunny,1789338487.812,0.1023,4752,7,3,74815507.1,146934232.4,2
CONT_s13_l2a_BigBuckBunny,1789338487.914,0.102,4616,5,1,78609400.6,149536895.6,2
CONT_s13_l2a_BigBuckBunny,1789338488.016,0.1021,3000,2,0,81882512.0,145530592.0,1
CONT_s13_l2a_BigBuckBunny,1789338488.119,0.1022,3244,6,2,79830743.0,14508876.0,2
CONT_s13_l2a_BigBuckBunny,1789338488.221,0.1023,6180,7,2,76012026.0,143277806.2,2
CONT_s13_l2a_BigBuckBunny,1789338488.323,0.1022,1552,2,0,77454997.0,140700366.0,2
CONT_s13_l2a_BigBuckBunny,1789338488.425,0.102,3104,4,0,77866390.0,143836910.5,2
CONT_s13_l2a_BigBuckBunny,1789338488.527,0.1021,4552,4,0,77232550.0,147018170.4,2
CONT_s13_l2a_BigBuckBunny,1789338488.63,0.1028,52,1,0,87285525.0,43530833.0,1
CONT_s13_l2a_BigBuckBunny,1789338488.732,0.1024,4616,5,1,82623370.2,147963152.2,2
CONT_s13_l2a_BigBuckBunny,1789338488.834,0.1022,3168,5,1,81810489.4,148627951.1,2
CONT_s13_l2a_BigBuckBunny,1789338488.936,0.1021,3052,3,0,82815517.3,153448720.1,2
CONT_s13_l2a_BigBuckBunny,1789338489.039,0.1021,1552,2,0,79269325.0,141199011.3,2
CONT_s13_l2a_BigBuckBunny,1789338489.141,0.1024,3116,4,1,76526257.5,137282606.3,2
CONT_s13_l2a_BigBuckBunny,1789338489.245,0.1045,4552,4,0,75994594.0,143724626.4,2
CONT_s13_l2a_BigBuckBunny,1789338489.348,0.1023,52,1,0,77260850.0,49194599.0,1
CONT_s13_l2a_BigBuckBunny,1789338489.45,0.1021,4616,5,1,79742849.4,150953343.0,2
CONT_s13_l2a_BigBuckBunny,1789338489.552,0.1021,4732,7,2,72260445.4,141618422.6,2
CONT_s13_l2a_BigBuckBunny,1789338489.654,0.1023,1500,1,0,76502688.0,144025328.0,1
CONT_s13_l2a_BigBuckBunny,1789338489.756,0.1022,3791,7,1,69263584.4,135693596.0,2
CONT_s13_l2a_BigBuckBunny,1789338489.858,0.102,6244,8,2,70820281.5,150696626.6,2
CONT_s13_l2a_BigBuckBunny,1789338489.96,0.1021,0,0,0,0,0,0
CONT_s13_l2a_BigBuckBunny,1789338490.063,0.1021,6244,8,3,70125201.0,143404383.8,2
CONT_s13_l2a_BigBuckBunny,1789338490.165,0.1023,3052,3,0,77093021.7,147860360.5,2
CONT_s13_l2a_BigBuckBunny,1789338490.267,0.1023,0,0,0,0,0,0
CONT_s13_l2a_BigBuckBunny,1789338490.369,0.1022,4680,6,1,75676224.0,144420636.7,2
CONT_s13_l2a_BigBuckBunny,1789338490.472,0.1021,4552,4,0,79865945.0,144096389.8,2
CONT_s13_l2a_BigBuckBunny,1789338490.574,0.1021,52,1,0,75693020.0,49955944.0,1
CONT_s13_l2a_BigBuckBunny,1789338490.676,0.1023,6168,7,1,80222862.1,150359402.8,2
CONT_s13_l2a_BigBuckBunny,1789338490.778,0.1022,3052,3,0,81070928.7,140798063.7,2
CONT_s13_l2a_BigBuckBunny,1789338490.88,0.1022,3052,3,0,76701653.0,141973971.6,2
CONT_s13_l2a_BigBuckBunny,1789338490.982,0.1021,6104,6,0,75765078.0,147163967.1,2
CONT_s13_l2a_BigBuckBunny,1789338491.085,0.1021,3052,3,0,80113563.7,148189083.6,2
CONT_s13_l2a_BigBuckBunny,1789338491.187,0.1023,3052,3,0,76439677.3,153723688.8,2
CONT_s13_l2a_BigBuckBunny,1789338491.289,0.1022,7732,9,2,70598216.4,141700081.5,2
CONT_s13_l2a_BigBuckBunny,1789338491.391,0.1022,6116,6,1,68928404.3,144741962.1,2
CONT_s13_l2a_BigBuckBunny,1789338491.493,0.1021,3052,3,0,63065201.0,139290352.0,2
CONT_s13_l2a_BigBuckBunny,1789338491.595,0.1021,7796,10,3,60522781.5,142207228.5,2
CONT_s13_l2a_BigBuckBunny,1789338491.698,0.1023,4616,5,1,65852485.8,147416178.8,2
CONT_s13_l2a_BigBuckBunny,1789338491.8,0.1023,52,1,0,71789294.0,54186890.0,1
CONT_s13_l2a_BigBuckBunny,1789338491.902,0.1021,1552,2,0,67723917.5,152372230.7,2
CONT_s13_l2a_BigBuckBunny,1789338492.005,0.1027,1552,2,0,66618376.5,152345958.6,2
CONT_s13_l2a_BigBuckBunny,1789338492.107,0.1022,3052,3,0,63885369.7,149329415.5,2
CONT_s13_l2a_BigBuckBunny,1789338492.209,0.1023,52,1,0,66202437.0,53549488.0,1
CONT_s13_l2a_BigBuckBunny,1789338492.312,0.1023,4552,4,0,64626369.8,147867501.3,2
CONT_s13_l2a_BigBuckBunny,1789338492.414,0.102,3168,5,1,62152000.2,146626894.7,2
CONT_s13_l2a_BigBuckBunny,1789338492.516,0.1021,1500,1,0,66280167.0,155187399.0,1
CONT_s13_l2a_BigBuckBunny,1789338492.618,0.1021,3104,4,0,67286229.5,142180997.1,2
CONT_s13_l2a_BigBuckBunny,1789338492.72,0.1023,4552,4,0,69598763.0,138824012.2,2
CONT_s13_l2a_BigBuckBunny,1789338492.822,0.1022,1110,3,0,66401712.7,107175413.6,2
CONT_s13_l2a_BigBuckBunny,1789338492.924,0.1021,4692,6,2,72372033.0,155535493.8,2
CONT_s13_l2a_BigBuckBunny,1789338493.027,0.1022,0,0,0,0,0,0
CONT_s13_l2a_BigBuckBunny,1789338493.13,0.1033,6256,8,1,72850337.5,136233692.6,2
CONT_s13_l2a_BigBuckBunny,1789338493.232,0.1024,4668,6,2,74575252.5,143058053.7,2
CONT_s13_l2a_BigBuckBunny,1789338493.334,0.1022,1500,1,0,76706078.0,149020581.0,1
CONT_s13_l2a_BigBuckBunny,1789338493.437,0.1021,3104,4,0,75815360.5,149052978.9,2
CONT_s13_l2a_BigBuckBunny,1789338493.539,0.1021,0,0,0,0,0,0
CONT_s13_l2a_BigBuckBunny,1789338493.641,0.1023,1564,2,0,78774926.0,146700990.0,2
CONT_s13_l2a_BigBuckBunny,1789338493.745,0.1041,1552,2,1,75146580.5,154059980.7,2
CONT_s13_l2a_BigBuckBunny,1789338493.847,0.1023,0,0,0,0,0,0
CONT_s13_l2a_BigBuckBunny,1789338493.95,0.1022,3052,3,0,74913306.3,143436699.8,2
CONT_s13_l2a_BigBuckBunny,1789338494.052,0.1021,3052,3,0,78845469.3,143223965.0,2
CONT_s13_l2a_BigBuckBunny,1789338494.154,0.1023,0,0,0,0,0,0
CONT_s13_l2a_BigBuckBunny,1789338494.256,0.1024,3052,3,0,82356538.0,143701506.9,2
CONT_s13_l2a_BigBuckBunny,1789338494.359,0.1021,3128,4,0,81039683.5,143554831.0,2
CONT_s13_l2a_BigBuckBunny,1789338494.461,0.1022,1564,2,1,85403739.5,144154903.4,2
CONT_s13_l2a_BigBuckBunny,1789338494.563,0.1021,0,0,0,0,0,0
CONT_s13_l2a_BigBuckBunny,1789338494.665,0.1024,1564,2,0,80464735.0,156702497.0,2
CONT_s13_l2a_BigBuckBunny,1789338494.768,0.1023,1552,2,1,75909226.5,143947422.3,2
CONT_s13_l2a_BigBuckBunny,1789338494.87,0.102,0,0,0,0,0,0
CONT_s13_l2a_BigBuckBunny,1789338494.972,0.1021,3116,4,1,75781128.5,137860129.9,2
CONT_s13_l2a_BigBuckBunny,1789338495.074,0.1021,6180,7,2,77086450.9,147318034.0,2
CONT_s13_l2a_BigBuckBunny,1789338495.176,0.1024,52,1,0,66631049.0,72877305.0,1
CONT_s13_l2a_BigBuckBunny,1789338495.278,0.1022,3052,3,0,81213713.7,149745620.8,2
CONT_s13_l2a_BigBuckBunny,1789338495.381,0.1021,4616,5,1,81141848.8,139195018.2,2
CONT_s13_l2a_BigBuckBunny,1789338495.483,0.1021,0,0,0,0,0,0
CONT_s13_l2a_BigBuckBunny,1789338495.585,0.1021,4616,5,1,83071148.4,147467565.1,2
CONT_s13_l2a_BigBuckBunny,1789338495.687,0.1024,1552,2,0,82605868.0,154257690.7,2
CONT_s13_l2a_BigBuckBunny,1789338495.789,0.1023,3168,5,1,78429715.4,147718901.5,2
CONT_s13_l2a_BigBuckBunny,1789338495.892,0.1023,3052,3,0,86457703.7,146241210.8,2
CONT_s13_l2a_BigBuckBunny,1789338495.994,0.1022,1552,2,0,81192190.0,152068280.1,2
CONT_s13_l2a_BigBuckBunny,1789338496.096,0.1021,4552,4,0,83646125.0,143464405.2,2
CONT_s13_l2a_BigBuckBunny,1789338496.198,0.1023,1616,3,0,72906025.7,138693650.2,2
CONT_s13_l2a_BigBuckBunny,1789338496.301,0.1022,3128,4,0,73374553.5,141692440.0,2
CONT_s13_l2a_BigBuckBunny,1789338496.403,0.1021,1552,2,1,72998733.0,148962682.3,2
CONT_s13_l2a_BigBuckBunny,1789338496.505,0.1021,3052,3,0,77878175.7,139977923.4,2
CONT_s13_l2a_BigBuckBunny,1789338496.607,0.1021,0,0,0,0,0,0
CONT_s13_l2a_BigBuckBunny,1789338496.709,0.1023,4680,6,1,73927656.0,135951359.3,2
CONT_s13_l2a_BigBuckBunny,1789338496.811,0.1023,3052,3,0,82476117.0,150598760.6,2
CONT_s13_l2a_BigBuckBunny,1789338496.914,0.1021,0,0,0,0,0,0
CONT_s13_l2a_BigBuckBunny,1789338497.016,0.1021,3116,4,1,81673831.5,138793733.8,2
CONT_s13_l2a_BigBuckBunny,1789338497.118,0.1021,3052,3,0,90331377.0,154997390.5,2
CONT_s13_l2a_BigBuckBunny,1789338497.22,0.1023,0,0,0,0,0,0
CONT_s13_l2a_BigBuckBunny,1789338497.322,0.1022,3116,4,1,87986174.0,137718865.0,2
CONT_s13_l2a_BigBuckBunny,1789338497.424,0.1021,1500,1,0,103619575.0,155067529.0,1
CONT_s13_l2a_BigBuckBunny,1789338497.527,0.1021,1431,3,0,90298039.7,111253893.4,2
CONT_s13_l2a_BigBuckBunny,1789338497.63,0.1034,3116,4,1,101232674.0,151577620.0,2
CONT_s13_l2a_BigBuckBunny,1789338497.732,0.1024,0,0,0,0,0,0
CONT_s13_l2a_BigBuckBunny,1789338497.835,0.1023,1552,2,0,105911221.5,147728602.7,2
CONT_s13_l2a_BigBuckBunny,1789338497.937,0.1022,0,0,0,0,0,0
CONT_s13_l2a_BigBuckBunny,1789338498.039,0.1021,3128,4,1,106457837.5,150063776.0,2
CONT_s13_l2a_BigBuckBunny,1789338498.141,0.1025,3052,3,1,111523597.3,154065236.6,2
CONT_s13_l2a_BigBuckBunny,1789338498.245,0.1038,52,1,0,100428465.0,41207648.0,1
CONT_s13_l2a_BigBuckBunny,1789338498.348,0.1025,4668,6,1,102330833.5,139375964.9,2
CONT_s13_l2a_BigBuckBunny,1789338498.45,0.1022,1500,1,0,110279711.0,150036221.0,1
CONT_s13_l2a_BigBuckBunny,1789338498.552,0.1021,3116,4,1,102100237.5,143775591.5,2
CONT_s13_l2a_BigBuckBunny,1789338498.654,0.1022,3052,3,0,105616967.0,145694985.0,2
CONT_s13_l2a_BigBuckBunny,1789338498.757,0.1023,0,0,0,0,0,0
CONT_s13_l2a_BigBuckBunny,1789338498.859,0.102,4668,6,1,100079891.0,141607747.1,2
CONT_s13_l2a_BigBuckBunny,1789338498.961,0.1022,3052,3,0,101955996.7,151511842.3,2
CONT_s13_l2a_BigBuckBunny,1789338499.063,0.1021,0,0,0,0,0,0
CONT_s13_l2a_BigBuckBunny,1789338499.165,0.1023,4680,6,2,95561417.0,140360958.3,2
CONT_s13_l2a_BigBuckBunny,1789338499.268,0.1023,3128,4,0,98425490.5,151390617.0,2
CONT_s13_l2a_BigBuckBunny,1789338499.37,0.1021,0,0,0,0,0,0
CONT_s13_l2a_BigBuckBunny,1789338499.472,0.1021,3104,4,1,96899480.5,144237639.0,2
CONT_s13_l2a_BigBuckBunny,1789338499.574,0.1022,1552,2,0,95433932.0,143964785.0,2
CONT_s13_l2a_BigBuckBunny,1789338499.676,0.1023,3116,4,1,90813002.0,139447101.6,2
CONT_s13_l2a_BigBuckBunny,1789338499.778,0.1023,4552,4,0,92415739.0,153321180.2,2
CONT_s13_l2a_BigBuckBunny,1789338499.88,0.1021,52,1,0,88219845.0,52730976.0,1
CONT_s13_l2a_BigBuckBunny,1789338499.983,0.1022,4616,5,1,90666522.4,143349957.4,2
CONT_s13_l2a_BigBuckBunny,1789338500.085,0.1021,3104,4,0,86146697.0,143586882.2,2
CONT_s13_l2a_BigBuckBunny,1789338500.187,0.1023,0,0,0,0,0,0
CONT_s13_l2a_BigBuckBunny,1789338500.289,0.1022,4604,5,0,87541295.2,141495791.7,2
CONT_s13_l2a_BigBuckBunny,1789338500.391,0.1022,3116,4,1,90909025.5,147861327.8,2
CONT_s13_l2a_BigBuckBunny,1789338500.494,0.1022,1552,2,0,89184703.0,148445969.6,2
CONT_s13_l2a_BigBuckBunny,1789338500.596,0.1022,3116,4,1,85960098.0,141456978.5,2
CONT_s13_l2a_BigBuckBunny,1789338500.698,0.1023,2663,4,0,87479182.5,127339450.1,2
CONT_s13_l2a_BigBuckBunny,1789338500.8,0.1022,0,0,0,0,0,0
CONT_s13_l2a_BigBuckBunny,1789338500.902,0.1021,4668,6,1,88882997.0,143207644.2,2
CONT_s13_l2a_BigBuckBunny,1789338501.005,0.1022,4676,6,1,75461600.2,147516779.7,3
CONT_s13_l2a_BigBuckBunny,1789338501.107,0.1023,385,4,0,27062873.8,30305071.0,3
CONT_s13_l2a_BigBuckBunny,1789338501.209,0.1025,6168,7,2,81292806.1,145077413.9,2
CONT_s13_l2a_BigBuckBunny,1789338501.312,0.1024,18824,25,8,22111217.4,140489129.7,4
CONT_s13_l2a_BigBuckBunny,1789338501.414,0.1023,6256,8,0,27798232.5,159904701.5,2
CONT_s13_l2a_BigBuckBunny,1789338501.516,0.1023,3116,4,2,31738417.5,102870827.0,2
CONT_s13_l2a_BigBuckBunny,1789338501.619,0.1023,6264,8,2,38260263.0,295015984.0,2
CONT_s13_l2a_BigBuckBunny,1789338501.721,0.1025,6196,7,0,69234141.4,398746927.2,4
CONT_s13_l2a_BigBuckBunny,1789338501.824,0.1024,4712,6,0,72576541.2,427456795.8,4
CONT_s13_l2a_BigBuckBunny,1789338501.926,0.1023,6320,8,0,50126902.0,422307874.7,2
CONT_s13_l2a_BigBuckBunny,1789338502.028,0.1024,3160,4,2,49571573.0,0,2
CONT_s13_l2a_BigBuckBunny,1789338502.133,0.1043,4712,6,2,73768405.2,57868019.1,4
CONT_s13_l2a_BigBuckBunny,1789338502.235,0.1029,7868,10,4,69195934.2,408097674.1,4
CONT_s13_l2a_BigBuckBunny,1789338502.338,0.1027,4700,6,2,51837170.0,433014411.6,2
CONT_s13_l2a_BigBuckBunny,1789338502.444,0.106,6304,8,2,40084678.5,401907863.3,2
CONT_s13_l2a_BigBuckBunny,1789338502.546,0.1024,4724,6,0,73502250.5,405106027.0,4
CONT_s13_l2a_BigBuckBunny,1789338502.649,0.1024,6292,8,1,66379242.6,418379026.4,4
CONT_s13_l2a_BigBuckBunny,1789338502.753,0.1037,4740,6,0,31989918.0,407172889.0,2
CONT_s13_l2a_BigBuckBunny,1789338502.855,0.1022,4724,6,2,26393908.5,363687426.4,2
CONT_s13_l2a_BigBuckBunny,1789338502.957,0.1024,6188,7,1,83545162.1,329253656.7,4
CONT_s13_l2a_BigBuckBunny,1789338503.06,0.1023,27680,29,11,13816965.0,52593703.4,2
CONT_s13_l2a_BigBuckBunny,1789338503.162,0.1025,150844,116,0,4000370.2,144652.5,2
CONT_s13_l2a_BigBuckBunny,1789338503.264,0.1024,52,1,0,12703844.0,49985814.0,1
CONT_s13_l2a_BigBuckBunny,1789338503.367,0.1024,0,0,0,0,0,0
CONT_s13_l2a_BigBuckBunny,1789338503.469,0.1023,7552,6,0,30477465.8,373605110.6,2
CONT_s13_l2a_BigBuckBunny,1789338503.571,0.1023,0,0,0,0,0,0
CONT_s13_l2a_BigBuckBunny,1789338503.674,0.1024,4616,5,1,39955938.6,390961925.9,2
CONT_s13_l2a_BigBuckBunny,1789338503.776,0.1025,0,0,0,0,0,0
CONT_s13_l2a_BigBuckBunny,1789338503.878,0.1022,4552,4,0,51248297.5,381122704.7,2
CONT_s13_l2a_BigBuckBunny,1789338503.981,0.1023,1564,2,0,199487593.0,977200482.0,2
CONT_s13_l2a_BigBuckBunny,1789338504.083,0.1023,0,0,0,0,0,0
CONT_s13_l2a_BigBuckBunny,1789338504.186,0.1025,4552,4,0,66263537.8,508597409.3,2
CONT_s13_l2a_BigBuckBunny,1789338504.288,0.1025,4552,4,0,73196985.2,445200144.0,2
CONT_s13_l2a_BigBuckBunny,1789338504.39,0.1023,1564,2,1,219933950.0,432047250.1,2
CONT_s13_l2a_BigBuckBunny,1789338504.493,0.1024,0,0,0,0,0,0
CONT_s13_l2a_BigBuckBunny,1789338504.595,0.1023,4552,4,0,84432026.5,444968610.6,2
CONT_s13_l2a_BigBuckBunny,1789338504.698,0.1025,0,0,0,0,0,0
CONT_s13_l2a_BigBuckBunny,1789338504.8,0.1024,6116,6,1,127565612.5,441368769.0,4
CONT_s13_l2a_BigBuckBunny,1789338504.902,0.1024,1552,2,1,217489893.0,849882.0,2
CONT_s13_l2a_BigBuckBunny,1789338505.005,0.1023,0,0,0,0,0,0
CONT_s13_l2a_BigBuckBunny,1789338505.107,0.1023,4552,4,0,103423556.8,508800085.7,2
CONT_s13_l2a_BigBuckBunny,1789338505.209,0.1025,0,0,0,0,0,0
CONT_s13_l2a_BigBuckBunny,1789338505.312,0.1024,0,0,0,0,0,0
CONT_s13_l2a_BigBuckBunny,1789338505.414,0.1022,7552,6,0,128850998.3,575211593.3,3
CONT_s13_l2a_BigBuckBunny,1789338505.516,0.1024,1604,3,0,248362559.7,544865458.9,2
CONT_s13_l2a_BigBuckBunny,1789338505.619,0.1023,0,0,0,0,0,0
CONT_s13_l2a_BigBuckBunny,1789338505.721,0.1024,6052,5,0,118900229.8,637432500.1,2
CONT_s13_l2a_BigBuckBunny,1789338505.824,0.1024,1552,2,0,249779182.0,323402407.7,2
CONT_s13_l2a_BigBuckBunny,1789338505.926,0.1022,1552,2,0,250469002.5,53055732.0,2
CONT_s13_l2a_BigBuckBunny,1789338506.028,0.1024,3052,3,0,119792046.0,252301110.3,2
CONT_s13_l2a_BigBuckBunny,1789338506.132,0.1036,3052,3,0,119543602.0,948436.0,2
CONT_s13_l2a_BigBuckBunny,1789338506.234,0.1024,3052,3,0,251402154.3,517986130.3,2
CONT_s13_l2a_BigBuckBunny,1789338506.337,0.1024,1604,3,0,155182499.3,53478479.0,3
CONT_s13_l2a_BigBuckBunny,1789338506.439,0.1022,0,0,0,0,0,0
CONT_s13_l2a_BigBuckBunny,1789338506.541,0.1023,4552,4,0,118653289.2,508604055.7,2
CONT_s13_l2a_BigBuckBunny,1789338506.644,0.1024,0,0,0,0,0,0
CONT_s13_l2a_BigBuckBunny,1789338506.747,0.1039,6052,5,0,119870525.0,637796060.3,2
CONT_s13_l2a_BigBuckBunny,1789338506.85,0.1024,1552,2,0,266379917.5,884504381.5,2
CONT_s13_l2a_BigBuckBunny,1789338506.952,0.1023,1552,2,0,281981931.0,646928760.1,2
CONT_s13_l2a_BigBuckBunny,1789338507.054,0.1024,0,0,0,0,0,0
CONT_s13_l2a_BigBuckBunny,1789338507.157,0.1024,6052,5,0,129519594.0,638080502.7,2
CONT_s13_l2a_BigBuckBunny,1789338507.259,0.1024,0,0,0,0,0,0
CONT_s13_l2a_BigBuckBunny,1789338507.362,0.1023,0,0,0,0,0,0
CONT_s13_l2a_BigBuckBunny,1789338507.464,0.1023,7552,6,0,154918939.5,743397944.3,3
CONT_s13_l2a_BigBuckBunny,1789338507.566,0.1023,1604,3,0,309698626.7,616199697.5,2
CONT_s13_l2a_BigBuckBunny,1789338507.669,0.1025,0,0,0,0,0,0
CONT_s13_l2a_BigBuckBunny,1789338507.771,0.1024,6052,5,0,134585230.0,637537338.2,2
CONT_s13_l2a_BigBuckBunny,1789338507.873,0.1022,0,0,0,0,0,0
CONT_s13_l2a_BigBuckBunny,1789338507.976,0.1023,4552,4,0,175319398.8,1009776930.8,3
CONT_s13_l2a_BigBuckBunny,1789338508.078,0.1024,1604,3,0,319472683.3,498770728.0,2
CONT_s13_l2a_BigBuckBunny,1789338508.18,0.1025,3052,3,0,296167180.3,587171098.9,2
CONT_s13_l2a_BigBuckBunny,1789338508.283,0.1024,0,0,0,0,0,0
CONT_s13_l2a_BigBuckBunny,1789338508.385,0.1023,4552,4,0,155161647.0,572257034.1,2
CONT_s13_l2a_BigBuckBunny,1789338508.487,0.1023,3052,3,0,150972966.3,991695.0,2
CONT_s13_l2a_BigBuckBunny,1789338508.59,0.1024,1552,2,0,301552199.0,513665114.7,2
CONT_s13_l2a_BigBuckBunny,1789338508.692,0.1025,1552,2,0,304347494.5,516095040.4,2
CONT_s13_l2a_BigBuckBunny,1789338508.795,0.1024,3052,3,0,280996699.0,569006827.0,2
CONT_s13_l2a_BigBuckBunny,1789338508.897,0.1023,3052,3,0,171618653.7,948938639.5,2
CONT_s13_l2a_BigBuckBunny,1789338508.999,0.1024,3052,3,0,169131606.0,505636709.4,2
CONT_s13_l2a_BigBuckBunny,1789338509.102,0.1025,0,0,0,0,0,0
CONT_s13_l2a_BigBuckBunny,1789338509.205,0.1026,4552,4,0,283002883.0,590359188.3,2
CONT_s13_l2a_BigBuckBunny,1789338509.307,0.1026,0,0,0,0,0,0
CONT_s13_l2a_BigBuckBunny,1789338509.409,0.1024,4552,4,0,262024831.5,636270111.0,2
CONT_s13_l2a_BigBuckBunny,1789338509.512,0.1025,1552,2,0,176922046.5,50471940.0,2
CONT_s13_l2a_BigBuckBunny,1789338509.614,0.1025,3052,3,0,192399055.3,569368592.9,2
CONT_s13_l2a_BigBuckBunny,1789338509.717,0.1026,0,0,0,0,0,0
CONT_s13_l2a_BigBuckBunny,1789338509.82,0.1026,0,0,0,0,0,0
CONT_s13_l2a_BigBuckBunny,1789338509.922,0.1024,8100,8,0,243685776.9,488625961.1,3
CONT_s13_l2a_BigBuckBunny,1789338510.024,0.1024,3390,5,0,220442764.2,246796285.0,4
CONT_s13_l2a_BigBuckBunny,1789338510.127,0.1024,1500,1,0,205018378.0,0,1
CONT_s13_l2a_BigBuckBunny,1789338510.229,0.1026,1604,3,0,178758702.0,193489816.6,2
CONT_s13_l2a_BigBuckBunny,1789338510.332,0.1025,0,0,0,0,0,0
CONT_s13_l2a_BigBuckBunny,1789338510.434,0.1023,6498,6,1,230697017.0,353995326.9,2
CONT_s13_l2a_BigBuckBunny,1789338510.537,0.1025,0,0,0,0,0,0
CONT_s13_l2a_BigBuckBunny,1789338510.639,0.1024,0,0,0,0,0,0
CONT_s13_l2a_BigBuckBunny,1789338510.742,0.1031,7552,6,0,206044791.7,695681485.5,3
CONT_s13_l2a_BigBuckBunny,1789338510.845,0.1025,1728,5,0,170101295.2,556664078.7,4
CONT_s13_l2a_BigBuckBunny,1789338510.947,0.1023,0,0,0,0,0,0
CONT_s13_l2a_BigBuckBunny,1789338511.05,0.1025,6000,4,0,161716972.0,646829818.0,1
CONT_s13_l2a_BigBuckBunny,1789338511.152,0.1026,52,1,0,267413884.0,1068213.0,1
CONT_s13_l2a_BigBuckBunny,1789338511.255,0.1029,52,1,0,230977931.0,0,1
CONT_s13_l2a_BigBuckBunny,1789338511.357,0.1023,7233,8,0,200157897.2,558270445.2,4
CONT_s13_l2a_BigBuckBunny,1789338511.46,0.1024,1949,6,0,121173787.0,333656294.5,4
CONT_s13_l2a_BigBuckBunny,1789338511.562,0.1026,1840,3,0,132776822.3,60185049.2,3
CONT_s13_l2a_BigBuckBunny,1789338511.665,0.1028,3052,3,0,23177152.3,129623951.0,2
CONT_s13_l2a_BigBuckBunny,1789338511.768,0.1026,3052,3,0,32830534.7,525811.0,2
CONT_s13_l2a_BigBuckBunny,1789338511.87,0.1025,0,0,0,0,0,0
CONT_s13_l2a_BigBuckBunny,1789338511.973,0.1025,446,1,1,255031904.0,0,1
CONT_s13_l2a_BigBuckBunny,1789338512.076,0.1026,6052,5,0,183426668.0,510721364.4,2
CONT_s13_l2a_BigBuckBunny,1789338512.178,0.1027,3052,3,0,66350885.0,855104.0,2
CONT_s13_l2a_BigBuckBunny,1789338512.281,0.1026,3052,3,0,75255777.3,632574713.9,2
CONT_s13_l2a_BigBuckBunny,1789338512.383,0.1023,3052,3,0,216226667.0,378682726.1,2
CONT_s13_l2a_BigBuckBunny,1789338512.486,0.1028,0,0,0,0,0,0
CONT_s13_l2a_BigBuckBunny,1789338512.588,0.1025,3052,3,0,211046855.7,620550.0,2
CONT_s13_l2a_BigBuckBunny,1789338512.691,0.1026,3052,3,0,104114045.3,886086673.1,2
CONT_s13_l2a_BigBuckBunny,1789338512.794,0.1026,3052,3,0,108907750.7,632449095.6,2
CONT_s13_l2a_BigBuckBunny,1789338512.896,0.1024,1552,2,0,228492076.5,42486249.0,2
CONT_s13_l2a_BigBuckBunny,1789338512.999,0.1026,0,0,0,0,0,0
CONT_s13_l2a_BigBuckBunny,1789338513.101,0.1024,4552,4,0,197707049.8,636002161.5,2
CONT_s13_l2a_BigBuckBunny,1789338513.204,0.1026,3052,3,0,134145189.0,885475892.1,2
CONT_s13_l2a_BigBuckBunny,1789338513.306,0.1026,3052,3,0,135713001.0,632498400.1,2
CONT_s13_l2a_BigBuckBunny,1789338513.409,0.1025,3052,3,0,221281152.0,885972641.8,2
CONT_s13_l2a_BigBuckBunny,1789338513.511,0.1027,0,0,0,0,0,0
CONT_s13_l2a_BigBuckBunny,1789338513.614,0.1025,3052,3,0,215350422.0,654884128.2,2
CONT_s13_l2a_BigBuckBunny,1789338513.717,0.1028,3052,3,0,158090736.3,885954232.5,2
CONT_s13_l2a_BigBuckBunny,1789338513.819,0.1026,3052,3,0,157138886.3,632649995.8,2
CONT_s13_l2a_BigBuckBunny,1789338513.922,0.1024,3052,3,0,230926805.3,505723036.2,2
CONT_s13_l2a_BigBuckBunny,1789338514.024,0.1025,1500,1,0,206827840.0,0,1
CONT_s13_l2a_BigBuckBunny,1789338514.127,0.1026,3104,4,0,220300819.5,560586823.7,2
CONT_s13_l2a_BigBuckBunny,1789338514.23,0.1027,0,0,0,0,0,0
CONT_s13_l2a_BigBuckBunny,1789338514.332,0.1027,3052,3,0,183812250.3,949256511.1,2
CONT_s13_l2a_BigBuckBunny,1789338514.435,0.1026,3052,3,0,181470047.3,695710925.8,2
CONT_s13_l2a_BigBuckBunny,1789338514.537,0.1025,3052,3,0,228317836.3,569442886.4,2
CONT_s13_l2a_BigBuckBunny,1789338514.64,0.1026,1552,2,0,230041155.0,510198363.6,2
CONT_s13_l2a_BigBuckBunny,1789338514.744,0.1041,0,0,0,0,0,0
CONT_s13_l2a_BigBuckBunny,1789338514.847,0.1027,4552,4,0,201803313.8,636393643.5,2
CONT_s13_l2a_BigBuckBunny,1789338514.949,0.1026,3052,3,0,212182053.7,1076086447.8,2
CONT_s13_l2a_BigBuckBunny,1789338515.052,0.1026,3052,3,0,208251731.7,759402043.9,2
CONT_s13_l2a_BigBuckBunny,1789338515.155,0.1027,3052,3,0,221876843.7,632342159.0,2
CONT_s13_l2a_BigBuckBunny,1789338515.257,0.1026,1552,2,0,222883860.0,579267888.4,2
CONT_s13_l2a_BigBuckBunny,1789338515.36,0.1025,0,0,0,0,0,0
CONT_s13_l2a_BigBuckBunny,1789338515.462,0.1025,4878,5,0,201088134.2,573252428.7,2
CONT_s13_l2a_BigBuckBunny,1789338515.565,0.1025,3052,3,0,235741294.0,1134205944.7,2
CONT_s13_l2a_BigBuckBunny,1789338515.667,0.1026,3104,4,0,219643681.0,745644540.6,3
CONT_s13_l2a_BigBuckBunny,1789338515.77,0.1026,0,0,0,0,0,0
CONT_s13_l2a_BigBuckBunny,1789338515.873,0.1025,4552,4,0,188431726.0,711882.0,2
CONT_s13_l2a_BigBuckBunny,1789338515.975,0.1025,0,0,0,0,0,0
CONT_s13_l2a_BigBuckBunny,1789338516.078,0.1025,4552,4,0,182465317.2,916121.0,2
CONT_s13_l2a_BigBuckBunny,1789338516.18,0.1025,3052,3,0,255572085.7,1136535333.7,2
CONT_s13_l2a_BigBuckBunny,1789338516.283,0.1026,0,0,0,0,0,0
CONT_s13_l2a_BigBuckBunny,1789338516.385,0.1024,3052,3,0,247402352.0,761798285.9,2
CONT_s13_l2a_BigBuckBunny,1789338516.488,0.1025,0,0,0,0,0,0
CONT_s13_l2a_BigBuckBunny,1789338516.59,0.1025,4552,4,0,199548536.0,636226254.5,2
CONT_s13_l2a_BigBuckBunny,1789338516.693,0.1026,4552,4,0,191718661.8,635998600.4,2
CONT_s13_l2a_BigBuckBunny,1789338516.795,0.1026,0,0,0,0,0,0
CONT_s13_l2a_BigBuckBunny,1789338516.898,0.1024,3052,3,0,271587181.7,1142007643.1,2
CONT_s13_l2a_BigBuckBunny,1789338517.0,0.1026,3052,3,0,261835694.7,759252473.2,2
CONT_s13_l2a_BigBuckBunny,1789338517.103,0.1025,0,0,0,0,0,0
CONT_s13_l2a_BigBuckBunny,1789338517.205,0.1027,4552,4,0,207238479.2,635955763.7,2
CONT_s13_l2a_BigBuckBunny,1789338517.308,0.1026,4121,5,0,203156409.0,532947353.1,2
CONT_s13_l2a_BigBuckBunny,1789338517.411,0.1025,0,0,0,0,0,0
CONT_s13_l2a_BigBuckBunny,1789338517.513,0.1025,3052,3,0,280873201.0,1102654860.5,2
CONT_s13_l2a_BigBuckBunny,1789338517.616,0.1025,3052,3,0,269534465.3,722368771.5,2
CONT_s13_l2a_BigBuckBunny,1789338517.718,0.1027,0,0,0,0,0,0
CONT_s13_l2a_BigBuckBunny,1789338517.821,0.1026,4552,4,0,211982586.0,440054983.5,2
CONT_s13_l2a_BigBuckBunny,1789338517.923,0.1025,0,0,0,0,0,0
CONT_s13_l2a_BigBuckBunny,1789338518.026,0.1025,4552,4,0,202243182.2,590902.0,2
CONT_s13_l2a_BigBuckBunny,1789338518.129,0.1028,3164,5,0,234867533.2,1084327898.3,3
CONT_s13_l2a_BigBuckBunny,1789338518.231,0.1027,3040,3,0,279475638.3,771904751.0,2
CONT_s13_l2a_BigBuckBunny,1789338518.334,0.1026,0,0,0,0,0,0
CONT_s13_l2a_BigBuckBunny,1789338518.437,0.1026,4552,4,0,216244187.8,635758661.8,2
CONT_s13_l2a_BigBuckBunny,1789338518.539,0.1026,0,0,0,0,0,0
CONT_s13_l2a_BigBuckBunny,1789338518.642,0.1027,4552,4,0,205846735.5,636335341.9,2
CONT_s13_l2a_BigBuckBunny,1789338518.746,0.104,3385,6,0,158783677.0,826605529.5,3
CONT_s13_l2a_BigBuckBunny,1789338518.849,0.1027,3000,2,0,271310546.0,0,1
CONT_s13_l2a_BigBuckBunny,1789338518.951,0.1026,0,0,0,0,0,0
CONT_s13_l2a_BigBuckBunny,1789338519.054,0.1027,4552,4,0,219814922.2,641682534.2,2
CONT_s13_l2a_BigBuckBunny,1789338519.157,0.1028,0,0,0,0,0,0
CONT_s13_l2a_BigBuckBunny,1789338519.259,0.1028,4604,5,0,167112586.4,640358339.9,3
CONT_s13_l2a_BigBuckBunny,1789338519.362,0.1026,0,0,0,0,0,0
CONT_s13_l2a_BigBuckBunny,1789338519.465,0.1027,3052,3,0,45844738.0,774364.0,2
CONT_s13_l2a_BigBuckBunny,1789338519.567,0.1028,4552,4,0,209065681.8,511804089.1,2
CONT_s13_l2a_BigBuckBunny,1789338519.67,0.1028,0,0,0,0,0,0
CONT_s13_l2a_BigBuckBunny,1789338519.773,0.1028,4552,4,0,197783752.0,511721737.8,2
CONT_s13_l2a_BigBuckBunny,1789338519.876,0.1026,1552,2,0,68413888.5,436522903.5,2
CONT_s13_l2a_BigBuckBunny,1789338519.978,0.1026,1552,2,0,89162077.0,56194910.0,2
CONT_s13_l2a_BigBuckBunny,1789338520.081,0.1027,4552,4,0,199211073.8,508628849.5,2
CONT_s13_l2a_BigBuckBunny,1789338520.184,0.1027,0,0,0,0,0,0
CONT_s13_l2a_BigBuckBunny,1789338520.286,0.1027,4552,4,0,189221933.8,508791269.7,2
CONT_s13_l2a_BigBuckBunny,1789338520.389,0.1026,1552,2,0,107285321.5,55212178.0,2
CONT_s13_l2a_BigBuckBunny,1789338520.492,0.1027,3052,3,0,119394160.0,591700630.9,2
CONT_s13_l2a_BigBuckBunny,1789338520.594,0.1027,0,0,0,0,0,0
CONT_s13_l2a_BigBuckBunny,1789338520.697,0.1028,4552,4,0,198276469.5,572329872.9,2
CONT_s13_l2a_BigBuckBunny,1789338520.8,0.1028,3682,5,0,183316016.0,557883970.7,3
CONT_s13_l2a_BigBuckBunny,1789338520.903,0.1026,1604,3,0,148097503.7,441232451.7,2
CONT_s13_l2a_BigBuckBunny,1789338521.005,0.1027,3052,3,0,135649979.3,514205532.2,2
CONT_s13_l2a_BigBuckBunny,1789338521.108,0.1027,0,0,0,0,0,0
CONT_s13_l2a_BigBuckBunny,1789338521.211,0.1028,4552,4,0,205347360.0,442962887.1,2
CONT_s13_l2a_BigBuckBunny,1789338521.314,0.1027,0,0,0,0,0,0
CONT_s13_l2a_BigBuckBunny,1789338521.416,0.1027,4552,4,0,196278529.8,1343266.0,2
CONT_s13_l2a_BigBuckBunny,1789338521.519,0.1027,3052,3,0,164583773.7,588762391.1,2
CONT_s13_l2a_BigBuckBunny,1789338521.622,0.1027,52,1,0,181230970.0,52336720.0,1
CONT_s13_l2a_BigBuckBunny,1789338521.724,0.1028,3052,3,0,161572284.0,632435681.2,2
CONT_s13_l2a_BigBuckBunny,1789338521.827,0.1028,4552,4,0,210808099.2,636200134.1,2
CONT_s13_l2a_BigBuckBunny,1789338521.93,0.1026,0,0,0,0,0,0
CONT_s13_l2a_BigBuckBunny,1789338522.033,0.1028,4552,4,0,200883470.2,635572933.3,2
CONT_s13_l2a_BigBuckBunny,1789338522.136,0.1033,1552,2,0,180987163.5,511539192.6,2
CONT_s13_l2a_BigBuckBunny,1789338522.239,0.1027,1552,2,0,195469035.0,498603734.8,2
CONT_s13_l2a_BigBuckBunny,1789338522.341,0.1027,4552,4,0,201709135.5,508846624.4,2
CONT_s13_l2a_BigBuckBunny,1789338522.444,0.1027,0,0,0,0,0,0
CONT_s13_l2a_BigBuckBunny,1789338522.547,0.1027,4552,4,0,191231215.2,508631491.9,2
CONT_s13_l2a_BigBuckBunny,1789338522.649,0.1027,1552,2,0,207467134.0,48202348.0,2
CONT_s13_l2a_BigBuckBunny,1789338522.754,0.105,1552,2,0,218685328.5,512518945.1,2
CONT_s13_l2a_BigBuckBunny,1789338522.857,0.1027,3052,3,0,203078009.0,585350923.0,2
CONT_s13_l2a_BigBuckBunny,1789338522.96,0.1027,0,0,0,0,0,0
CONT_s13_l2a_BigBuckBunny,1789338523.063,0.1027,4552,4,0,206363249.2,635977366.0,2
CONT_s13_l2a_BigBuckBunny,1789338523.165,0.1028,0,0,0,0,0,0
CONT_s13_l2a_BigBuckBunny,1789338523.268,0.1028,6052,5,0,200424763.6,626119083.9,3
CONT_s13_l2a_BigBuckBunny,1789338523.371,0.1026,1604,3,0,233275425.0,561446493.7,2
CONT_s13_l2a_BigBuckBunny,1789338523.474,0.1028,3052,3,0,214493866.0,632131917.9,2
CONT_s13_l2a_BigBuckBunny,1789338523.576,0.1026,0,0,0,0,0,0
CONT_s13_l2a_BigBuckBunny,1789338523.679,0.1029,4552,4,0,211193979.5,636324886.5,2
CONT_s13_l2a_BigBuckBunny,1789338523.782,0.1028,0,0,0,0,0,0
CONT_s13_l2a_BigBuckBunny,1789338523.885,0.1027,6052,5,0,205777883.2,612096343.2,3
CONT_s13_l2a_BigBuckBunny,1789338523.987,0.1029,1552,2,0,235540899.5,499393516.7,2
CONT_s13_l2a_BigBuckBunny,1789338524.09,0.1027,2508,5,0,214536436.0,318161908.1,3
CONT_s13_l2a_BigBuckBunny,1789338524.193,0.1028,3052,3,0,223924361.0,219528254.0,2
CONT_s13_l2a_BigBuckBunny,1789338524.296,0.1028,3104,4,0,208965927.0,279961412.3,2
CONT_s13_l2a_BigBuckBunny,1789338524.398,0.1026,0,0,0,0,0,0
CONT_s13_l2a_BigBuckBunny,1789338524.501,0.1028,4552,4,0,216070757.8,442837692.3,2
CONT_s13_l2a_BigBuckBunny,1789338524.604,0.1028,0,0,0,0,0,0
CONT_s13_l2a_BigBuckBunny,1789338524.707,0.1028,4552,4,0,205075695.8,1038436.0,2
CONT_s13_l2a_BigBuckBunny,1789338524.81,0.1027,3052,3,0,228344408.0,590844053.7,2
CONT_s13_l2a_BigBuckBunny,1789338524.912,0.1025,52,1,0,241689122.0,53928281.0,1
CONT_s13_l2a_BigBuckBunny,1789338525.015,0.1028,3052,3,0,217466838.7,632430690.4,2
CONT_s13_l2a_BigBuckBunny,1789338525.118,0.1027,0,0,0,0,0,0
CONT_s13_l2a_BigBuckBunny,1789338525.22,0.1028,4552,4,0,218025609.2,636229182.4,2
CONT_s13_l2a_BigBuckBunny,1789338525.323,0.1027,4552,4,0,206787737.2,635881139.8,2
CONT_s13_l2a_BigBuckBunny,1789338525.426,0.1026,1500,1,0,227418682.0,525912719.0,1
CONT_s13_l2a_BigBuckBunny,1789338525.529,0.1031,1604,3,0,246801377.7,484029230.7,2
CONT_s13_l2a_BigBuckBunny,1789338525.633,0.1043,0,0,0,0,0,0
CONT_s13_l2a_BigBuckBunny,1789338525.736,0.1028,4552,4,0,206524558.5,509094711.0,2
CONT_s13_l2a_BigBuckBunny,1789338525.839,0.1027,4552,4,0,195152877.2,508213513.8,2
CONT_s13_l2a_BigBuckBunny,1789338525.941,0.1025,1500,1,0,246687541.0,0,1
CONT_s13_l2a_BigBuckBunny,1789338526.044,0.1027,1604,3,0,263770355.0,501763047.5,2
CONT_s13_l2a_BigBuckBunny,1789338526.149,0.1048,3052,3,0,241801689.0,588893711.5,2
CONT_s13_l2a_BigBuckBunny,1789338526.252,0.1035,0,0,0,0,0,0
CONT_s13_l2a_BigBuckBunny,1789338526.355,0.1026,4552,4,0,209572963.8,636158732.1,2
CONT_s13_l2a_BigBuckBunny,1789338526.457,0.1026,0,0,0,0,0,0
CONT_s13_l2a_BigBuckBunny,1789338526.56,0.1026,6052,5,0,209607147.8,627276138.9,3
CONT_s13_l2a_BigBuckBunny,1789338526.663,0.1028,1604,3,0,268824897.7,566354405.8,2
CONT_s13_l2a_BigBuckBunny,1789338526.765,0.1027,3052,3,0,245211053.3,632596656.1,2
CONT_s13_l2a_BigBuckBunny,1789338526.868,0.1027,0,0,0,0,0,0
CONT_s13_l2a_BigBuckBunny,1789338526.971,0.1026,4552,4,0,213326837.0,636098888.0,2
CONT_s13_l2a_BigBuckBunny,1789338527.073,0.1026,1595,2,0,219034166.0,361282129.3,2
CONT_s13_l2a_BigBuckBunny,1789338527.176,0.1027,4552,4,0,247301604.2,506637444.7,2
CONT_s13_l2a_BigBuckBunny,1789338527.279,0.1027,52,1,0,260148390.0,48812121.0,1
CONT_s13_l2a_BigBuckBunny,1789338527.381,0.1026,3052,3,0,232220970.0,554387646.7,2
CONT_s13_l2a_BigBuckBunny,1789338527.484,0.1026,0,0,0,0,0,0
CONT_s13_l2a_BigBuckBunny,1789338527.587,0.1026,4552,4,0,227630810.2,504782546.6,2
CONT_s13_l2a_BigBuckBunny,1789338527.689,0.1028,4552,4,0,231127721.8,484816053.5,2
CONT_s13_l2a_BigBuckBunny,1789338527.792,0.1028,52,1,0,243209519.0,49814668.0,1
CONT_s13_l2a_BigBuckBunny,1789338527.895,0.1026,3052,3,0,217207694.3,505707135.6,2
CONT_s13_l2a_BigBuckBunny,1789338527.997,0.1027,3052,3,0,245217940.7,442634682.4,2
CONT_s13_l2a_BigBuckBunny,1789338528.1,0.1026,3052,3,0,237355146.0,1023658.0,2
CONT_s13_l2a_BigBuckBunny,1789338528.203,0.1029,306120,240,4,4311664.3,2182293.4,2
CONT_s13_l2a_BigBuckBunny,1789338528.306,0.1028,0,0,0,0,0,0
CONT_s13_l2a_BigBuckBunny,1789338528.408,0.1026,10552,8,0,18299360.5,176228299.9,2
CONT_s13_l2a_BigBuckBunny,1789338528.511,0.1026,6052,5,0,26514180.2,107370098.3,2
CONT_s13_l2a_BigBuckBunny,1789338528.614,0.1026,7616,7,0,94354230.7,751355559.2,4
CONT_s13_l2a_BigBuckBunny,1789338528.716,0.1027,6052,5,0,36993806.4,242092530.9,2
CONT_s13_l2a_BigBuckBunny,1789338528.819,0.1028,6052,5,0,39317932.6,241889654.0,2
CONT_s13_l2a_BigBuckBunny,1789338528.922,0.1026,1564,2,1,270345348.5,233932275.1,2
CONT_s13_l2a_BigBuckBunny,1789338529.024,0.1027,7552,6,0,43987415.7,269365534.4,2
CONT_s13_l2a_BigBuckBunny,1789338529.127,0.1026,7552,6,0,44701090.8,296585688.4,2
CONT_s13_l2a_BigBuckBunny,1789338529.23,0.1028,1564,2,1,256857557.5,286475865.5,2
CONT_s13_l2a_BigBuckBunny,1789338529.332,0.1027,10680,10,2,125370606.8,255515726.4,4
CONT_s13_l2a_BigBuckBunny,1789338529.435,0.1026,4552,4,0,50995320.5,133926524.0,2
CONT_s13_l2a_BigBuckBunny,1789338529.538,0.1026,6104,6,1,112950287.3,203130862.3,4
CONT_s13_l2a_BigBuckBunny,1789338529.641,0.103,1552,2,0,231336776.0,43379167.0,2
CONT_s13_l2a_BigBuckBunny,1789338529.745,0.1046,10604,9,0,74247931.8,265159885.5,3
CONT_s13_l2a_BigBuckBunny,1789338529.848,0.1028,6052,5,0,128228152.6,323432776.0,3
CONT_s13_l2a_BigBuckBunny,1789338529.951,0.1026,4604,5,0,55773351.0,212287457.9,2
CONT_s13_l2a_BigBuckBunny,1789338530.053,0.1027,4604,5,0,207773974.4,298213093.5,2
CONT_s13_l2a_BigBuckBunny,1789338530.156,0.1028,7656,8,0,130130607.5,288757736.4,4
CONT_s13_l2a_BigBuckBunny,1789338530.259,0.1027,6092,6,0,108901295.5,285106801.3,4
CONT_s13_l2a_BigBuckBunny,1789338530.362,0.1026,3000,2,0,173467198.0,298871859.0,1
CONT_s13_l2a_BigBuckBunny,1789338530.464,0.1027,7604,7,0,108851349.9,297478384.0,3
CONT_s13_l2a_BigBuckBunny,1789338530.567,0.1026,2858,11,0,37235642.5,90657716.6,4
CONT_s13_l2a_BigBuckBunny,1789338530.67,0.1032,7552,6,0,12387652.3,593699.0,2
CONT_s13_l2a_BigBuckBunny,1789338530.773,0.1029,7552,6,0,20608484.0,636161.0,2
CONT_s13_l2a_BigBuckBunny,1789338530.876,0.1027,3116,4,1,17663628.5,182845440.2,2
CONT_s13_l2a_BigBuckBunny,1789338530.978,0.1028,9104,8,0,26667319.2,160763912.6,2
CONT_s13_l2a_BigBuckBunny,1789338531.081,0.1029,0,0,0,0,0,0
CONT_s13_l2a_BigBuckBunny,1789338531.184,0.1031,7552,6,0,32672474.0,215331276.7,2
CONT_s13_l2a_BigBuckBunny,1789338531.287,0.1029,7552,6,0,35597306.5,269585478.3,2
CONT_s13_l2a_BigBuckBunny,1789338531.39,0.1027,7552,6,0,37682143.5,269366869.7,2
CONT_s13_l2a_BigBuckBunny,1789338531.493,0.1028,0,0,0,0,0,0
CONT_s13_l2a_BigBuckBunny,1789338531.596,0.1028,7552,6,0,39155122.3,269132356.6,2
CONT_s13_l2a_BigBuckBunny,1789338531.699,0.103,7552,6,0,40187597.5,269538051.3,2
CONT_s13_l2a_BigBuckBunny,1789338531.802,0.1029,7552,6,0,40906682.3,269572320.1,2
CONT_s13_l2a_BigBuckBunny,1789338531.905,0.1029,0,0,0,0,0,0
CONT_s13_l2a_BigBuckBunny,1789338532.007,0.1028,10604,9,0,41062326.7,228068634.9,2
CONT_s13_l2a_BigBuckBunny,1789338532.11,0.1029,6052,5,0,42753572.4,1034621.0,2
CONT_s13_l2a_BigBuckBunny,1789338532.213,0.103,0,0,0,0,0,0
CONT_s13_l2a_BigBuckBunny,1789338532.316,0.1029,7552,6,0,43948759.8,296699800.0,2
CONT_s13_l2a_BigBuckBunny,1789338532.419,0.1028,9052,7,0,44363900.4,296665514.3,2
CONT_s13_l2a_BigBuckBunny,1789338532.522,0.1028,4640,5,0,39846288.8,212109650.9,2
CONT_s13_l2a_BigBuckBunny,1789338532.625,0.1028,0,0,0,0,0,0
CONT_s13_l2a_BigBuckBunny,1789338532.728,0.103,13604,11,0,46891808.6,118208799.3,2
CONT_s13_l2a_BigBuckBunny,1789338532.831,0.1029,4552,4,0,46023576.0,902418.0,2
CONT_s13_l2a_BigBuckBunny,1789338532.933,0.1028,6052,5,0,46877270.6,188208965.6,2
CONT_s13_l2a_BigBuckBunny,1789338533.037,0.1032,6052,5,0,46626518.2,214995127.5,2
CONT_s13_l2a_BigBuckBunny,1789338533.14,0.1031,6052,5,0,46362960.4,214963438.6,2
CONT_s13_l2a_BigBuckBunny,1789338533.247,0.1072,6052,5,0,46100945.4,214957938.3,2
CONT_s13_l2a_BigBuckBunny,1789338533.35,0.1028,6052,5,0,45839992.6,214755340.2,2
CONT_s13_l2a_BigBuckBunny,1789338533.452,0.1029,3052,3,0,43583304.7,160033102.3,2
CONT_s13_l2a_BigBuckBunny,1789338533.555,0.1028,4552,4,0,45628216.5,493144.0,2
CONT_s13_l2a_BigBuckBunny,1789338533.658,0.103,7552,6,0,47323397.3,269393064.3,2
CONT_s13_l2a_BigBuckBunny,1789338533.761,0.1029,4552,4,0,46261715.5,295022571.2,2
CONT_s13_l2a_BigBuckBunny,1789338533.864,0.1028,4552,4,0,45979084.8,295480210.8,2
CONT_s13_l2a_BigBuckBunny,1789338533.967,0.103,7552,6,0,47541175.7,296236048.0,2
CONT_s13_l2a_BigBuckBunny,1789338534.07,0.1028,6052,5,0,46883511.0,323109955.0,2
CONT_s13_l2a_BigBuckBunny,1789338534.173,0.103,4552,4,0,46078360.8,322180501.2,2
CONT_s13_l2a_BigBuckBunny,1789338534.276,0.1029,6052,5,0,47002809.4,188283242.5,2
CONT_s13_l2a_BigBuckBunny,1789338534.379,0.1028,6052,5,0,46591115.2,215284843.1,2
CONT_s13_l2a_BigBuckBunny,1789338534.481,0.1028,6052,5,0,46212436.0,215412077.1,2
CONT_s13_l2a_BigBuckBunny,1789338534.584,0.1028,7552,6,0,46603305.3,242802003.2,2
CONT_s13_l2a_BigBuckBunny,1789338534.687,0.1031,0,0,0,0,0,0
CONT_s13_l2a_BigBuckBunny,1789338534.79,0.1029,7552,6,0,46022816.8,269580419.0,2
CONT_s13_l2a_BigBuckBunny,1789338534.893,0.1027,8885,9,0,41171064.7,123291061.4,2
CONT_s13_l2a_BigBuckBunny,1789338534.996,0.1028,7552,6,0,44389275.0,131538400.5,2
CONT_s13_l2a_BigBuckBunny,1789338535.099,0.1028,0,0,0,0,0,0
CONT_s13_l2a_BigBuckBunny,1789338535.201,0.103,7552,6,0,44724705.5,526069.0,2
CONT_s13_l2a_BigBuckBunny,1789338535.304,0.1029,7552,6,0,44882256.7,269381614.9,2
CONT_s13_l2a_BigBuckBunny,1789338535.407,0.1027,7552,6,0,44920794.5,269795017.4,2
CONT_s13_l2a_BigBuckBunny,1789338535.51,0.1028,0,0,0,0,0,0
CONT_s13_l2a_BigBuckBunny,1789338535.613,0.1027,7552,6,0,44877065.8,269299907.4,2
CONT_s13_l2a_BigBuckBunny,1789338535.716,0.103,7552,6,0,44780262.2,269365282.0,2
CONT_s13_l2a_BigBuckBunny,1789338535.819,0.1029,4552,4,0,43829441.8,214488521.6,2
CONT_s13_l2a_BigBuckBunny,1789338535.921,0.1028,9104,8,0,43808874.5,160500903.9,2
CONT_s13_l2a_BigBuckBunny,1789338536.024,0.1028,4552,4,0,43748701.2,160582862.0,2
CONT_s13_l2a_BigBuckBunny,1789338536.127,0.1028,6052,5,0,45251500.0,187671827.5,2
CONT_s13_l2a_BigBuckBunny,1789338536.231,0.1038,6052,5,0,44982951.0,215389525.1,2
CONT_s13_l2a_BigBuckBunny,1789338536.334,0.1028,6052,5,0,44726769.2,215152580.4,2
CONT_s13_l2a_BigBuckBunny,1789338536.436,0.1029,6052,5,0,44485165.6,215053867.4,2
CONT_s13_l2a_BigBuckBunny,1789338536.539,0.1028,6052,5,0,44263934.8,215043691.7,2
CONT_s13_l2a_BigBuckBunny,1789338536.642,0.103,6052,5,0,44050385.8,214924184.6,2
CONT_s13_l2a_BigBuckBunny,1789338536.747,0.1044,0,0,0,0,0,0
CONT_s13_l2a_BigBuckBunny,1789338536.85,0.103,6052,5,0,43847815.8,215204210.4,2
CONT_s13_l2a_BigBuckBunny,1789338536.953,0.1029,10604,9,0,43272662.9,201495323.5,2
CONT_s13_l2a_BigBuckBunny,1789338537.055,0.1028,3052,3,0,39804425.3,1201878.0,2
CONT_s13_l2a_BigBuckBunny,1789338537.158,0.103,7552,6,0,45837098.8,269511334.6,2
CONT_s13_l2a_BigBuckBunny,1789338537.261,0.1029,6052,5,0,44900583.4,295977572.1,2
CONT_s13_l2a_BigBuckBunny,1789338537.364,0.1028,3052,3,0,41856892.0,293137978.9,2
CONT_s13_l2a_BigBuckBunny,1789338537.467,0.1029,7604,7,0,43753644.4,132990114.7,2
CONT_s13_l2a_BigBuckBunny,1789338537.57,0.1028,4552,4,0,44921889.8,214141990.5,2
CONT_s13_l2a_BigBuckBunny,1789338537.673,0.1029,7604,7,0,43836788.6,213829506.6,2
CONT_s13_l2a_BigBuckBunny,1789338537.776,0.1029,6052,5,0,46530521.0,242174902.4,2
CONT_s13_l2a_BigBuckBunny,1789338537.878,0.1027,4552,4,0,45262617.0,241500326.1,2
CONT_s13_l2a_BigBuckBunny,1789338537.981,0.1029,3052,3,0,43187997.7,239445417.0,2
CONT_s13_l2a_BigBuckBunny,1789338538.084,0.1029,9091,9,0,43291079.0,125114640.0,2
CONT_s13_l2a_BigBuckBunny,1789338538.187,0.1029,7552,6,0,45941073.2,131762892.2,2
CONT_s13_l2a_BigBuckBunny,1789338538.29,0.1029,0,0,0,0,0,0
CONT_s13_l2a_BigBuckBunny,1789338538.393,0.1028,7552,6,0,45931593.0,751290.0,2
CONT_s13_l2a_BigBuckBunny,1789338538.496,0.1029,7552,6,0,45830853.5,269261136.3,2
CONT_s13_l2a_BigBuckBunny,1789338538.598,0.1029,7552,6,0,45677653.5,269588530.9,2
CONT_s13_l2a_BigBuckBunny,1789338538.701,0.103,0,0,0,0,0,0
CONT_s13_l2a_BigBuckBunny,1789338538.804,0.1029,7552,6,0,45490330.0,269539016.6,2
CONT_s13_l2a_BigBuckBunny,1789338538.907,0.1027,7552,6,0,45292546.2,269356038.1,2
CONT_s13_l2a_BigBuckBunny,1789338539.015,0.1083,4552,4,0,44387998.0,214152100.7,2
CONT_s13_l2a_BigBuckBunny,1789338539.118,0.1028,9104,8,0,44277620.0,160310305.9,2
CONT_s13_l2a_BigBuckBunny,1789338539.221,0.103,4552,4,0,44158069.2,160836342.3,2
CONT_s13_l2a_BigBuckBunny,1789338539.324,0.1029,6052,5,0,45554667.8,188303299.9,2
CONT_s13_l2a_BigBuckBunny,1789338539.427,0.1028,6052,5,0,45255723.2,215394904.4,2
CONT_s13_l2a_BigBuckBunny,1789338539.53,0.1034,6052,5,0,44981879.6,215320155.6,2
CONT_s13_l2a_BigBuckBunny,1789338539.635,0.1048,6052,5,0,44717139.4,214975567.1,2
CONT_s13_l2a_BigBuckBunny,1789338539.738,0.1029,6052,5,0,44469564.6,215277999.2,2
CONT_s13_l2a_BigBuckBunny,1789338539.841,0.1029,6052,5,0,44237906.6,215363953.2,2
CONT_s13_l2a_BigBuckBunny,1789338539.944,0.1029,0,0,0,0,0,0
CONT_s13_l2a_BigBuckBunny,1789338540.046,0.1029,6052,5,0,44024919.2,215274251.0,2
CONT_s13_l2a_BigBuckBunny,1789338540.149,0.103,10604,9,0,43425383.9,201398671.6,2
CONT_s13_l2a_BigBuckBunny,1789338540.253,0.1036,3052,3,0,40038536.7,697513.0,2
CONT_s13_l2a_BigBuckBunny,1789338540.356,0.103,7552,6,0,45960245.0,269805551.1,2
CONT_s13_l2a_BigBuckBunny,1789338540.459,0.1029,6052,5,0,45033840.6,295696539.7,2
CONT_s13_l2a_BigBuckBunny,1789338540.562,0.1028,3052,3,0,42073019.3,293621879.0,2
CONT_s13_l2a_BigBuckBunny,1789338540.665,0.1028,7604,7,0,43952600.3,133099412.5,2
CONT_s13_l2a_BigBuckBunny,1789338540.768,0.1029,4552,4,0,45104354.0,214515300.0,2
CONT_s13_l2a_BigBuckBunny,1789338540.87,0.1029,7604,7,0,44041992.6,213932417.2,2
CONT_s13_l2a_BigBuckBunny,1789338540.973,0.1029,6052,5,0,46684546.0,241920421.4,2
CONT_s13_l2a_BigBuckBunny,1789338541.076,0.1028,4552,4,0,45444671.8,240887058.0,2
CONT_s13_l2a_BigBuckBunny,1789338541.179,0.1029,4768,5,0,40605234.4,180291663.3,2
CONT_s13_l2a_BigBuckBunny,1789338541.282,0.1029,7552,6,0,46075592.0,132013118.0,2
CONT_s13_l2a_BigBuckBunny,1789338541.385,0.1028,7500,5,0,49155587.0,0,1
CONT_s13_l2a_BigBuckBunny,1789338541.488,0.1029,52,1,0,29000817.0,1078250.0,1
CONT_s13_l2a_BigBuckBunny,1789338541.59,0.1028,7552,6,0,45511996.0,269129739.1,2
CONT_s13_l2a_BigBuckBunny,1789338541.693,0.103,7552,6,0,45242797.8,269248692.8,2
CONT_s13_l2a_BigBuckBunny,1789338541.796,0.1029,7552,6,0,44996169.3,269087645.2,2
CONT_s13_l2a_BigBuckBunny,1789338541.9,0.1037,0,0,0,0,0,0
CONT_s13_l2a_BigBuckBunny,1789338542.003,0.103,7552,6,0,44767248.3,268846237.0,2
CONT_s13_l2a_BigBuckBunny,1789338542.106,0.103,9104,8,0,43505620.5,214738918.3,2
CONT_s13_l2a_BigBuckBunny,1789338542.209,0.103,4552,4,0,43456612.0,160854227.0,2
CONT_s13_l2a_BigBuckBunny,1789338542.312,0.1029,4552,4,0,43380383.0,160939713.1,2
CONT_s13_l2a_BigBuckBunny,1789338542.415,0.1028,6052,5,0,44968436.2,188343027.9,2
CONT_s13_l2a_BigBuckBunny,1789338542.518,0.1029,6052,5,0,44692957.2,214758704.0,2
CONT_s13_l2a_BigBuckBunny,1789338542.62,0.1028,6052,5,0,44434623.0,214860007.5,2
CONT_s13_l2a_BigBuckBunny,1789338542.723,0.103,6052,5,0,44197727.6,214818686.5,2
CONT_s13_l2a_BigBuckBunny,1789338542.826,0.1028,6052,5,0,43976991.2,215015768.7,2
CONT_s13_l2a_BigBuckBunny,1789338542.929,0.1028,6052,5,0,43772208.2,214961360.7,2
CONT_s13_l2a_BigBuckBunny,1789338543.032,0.1029,6052,5,0,43585590.6,215074440.7,2
CONT_s13_l2a_BigBuckBunny,1789338543.135,0.1031,6052,5,0,43416057.6,214940634.9,2
CONT_s13_l2a_BigBuckBunny,1789338543.238,0.1029,4552,4,0,41995024.0,187848511.4,2
CONT_s13_l2a_BigBuckBunny,1789338543.341,0.1033,3052,3,0,39423727.3,756605.0,2
CONT_s13_l2a_BigBuckBunny,1789338543.444,0.1029,7552,6,0,45664036.0,269309592.0,2
CONT_s13_l2a_BigBuckBunny,1789338543.547,0.1028,6052,5,0,44699899.8,296342618.3,2
CONT_s13_l2a_BigBuckBunny,1789338543.65,0.103,7604,7,0,43184753.1,214138000.8,2
CONT_s13_l2a_BigBuckBunny,1789338543.754,0.1039,3052,3,0,42114263.0,1004510.0,2
CONT_s13_l2a_BigBuckBunny,1789338543.857,0.1028,4552,4,0,44741126.5,214401076.6,2
CONT_s13_l2a_BigBuckBunny,1789338543.96,0.1029,7604,7,0,43670322.1,213781066.8,2
CONT_s13_l2a_BigBuckBunny,1789338544.062,0.1028,6052,5,0,46436421.0,241603984.9,2
CONT_s13_l2a_BigBuckBunny,1789338544.165,0.103,7604,7,0,44392049.3,240819229.0,2
CONT_s13_l2a_BigBuckBunny,1789338544.268,0.1029,0,0,0,0,0,0
CONT_s13_l2a_BigBuckBunny,1789338544.371,0.1028,7552,6,0,47611452.2,269721868.0,2
CONT_s13_l2a_BigBuckBunny,1789338544.474,0.1028,9104,8,0,46204487.5,295481817.9,2
CONT_s13_l2a_BigBuckBunny,1789338544.577,0.1028,6652,7,0,45089034.1,254071928.9,2
CONT_s13_l2a_BigBuckBunny,1789338544.68,0.1029,0,0,0,0,0,0
CONT_s13_l2a_BigBuckBunny,1789338544.782,0.1029,9052,7,0,47669540.1,159217858.6,2
CONT_s13_l2a_BigBuckBunny,1789338544.885,0.1028,4552,4,0,48314834.0,79751732.9,2
CONT_s13_l2a_BigBuckBunny,1789338544.988,0.1029,4552,4,0,48069833.5,670346.0,2
CONT_s13_l2a_BigBuckBunny,1789338545.091,0.1028,6052,5,0,48421779.8,187989619.6,2
CONT_s13_l2a_BigBuckBunny,1789338545.194,0.103,6052,5,0,48068835.4,215222689.9,2
CONT_s13_l2a_BigBuckBunny,1789338545.297,0.1029,6052,5,0,47709892.8,215216315.0,2
CONT_s13_l2a_BigBuckBunny,1789338545.4,0.1027,6052,5,0,47352013.6,214930911.0,2
CONT_s13_l2a_BigBuckBunny,1789338545.503,0.1029,9104,8,0,46803985.8,187632168.5,2
CONT_s13_l2a_BigBuckBunny,1789338545.605,0.1029,4552,4,0,46917715.2,1308545.0,2
CONT_s13_l2a_BigBuckBunny,1789338545.708,0.103,0,0,0,0,0,0
CONT_s13_l2a_BigBuckBunny,1789338545.811,0.1029,12104,10,0,48095555.8,282423277.0,2
CONT_s13_l2a_BigBuckBunny,1789338545.914,0.1027,4552,4,0,46992963.5,294692635.1,2
CONT_s13_l2a_BigBuckBunny,1789338546.017,0.1029,7552,6,0,48174008.8,296313266.2,2
CONT_s13_l2a_BigBuckBunny,1789338546.12,0.1028,0,0,0,0,0,0
CONT_s13_l2a_BigBuckBunny,1789338546.223,0.103,10604,9,0,47365230.1,322607992.9,2
CONT_s13_l2a_BigBuckBunny,1789338546.326,0.1029,6052,5,0,47605932.4,188105434.2,2
CONT_s13_l2a_BigBuckBunny,1789338546.428,0.1028,6052,5,0,47165044.2,214721476.2,2
CONT_s13_l2a_BigBuckBunny,1789338546.531,0.103,6000,4,0,51018645.0,217059613.0,1
CONT_s13_l2a_BigBuckBunny,1789338546.635,0.1035,52,1,0,29694148.0,971473.0,1
CONT_s13_l2a_BigBuckBunny,1789338546.738,0.1029,7552,6,0,47022270.5,242238896.0,2
CONT_s13_l2a_BigBuckBunny,1789338546.841,0.1029,7552,6,0,46419734.5,269325554.8,2
CONT_s13_l2a_BigBuckBunny,1789338546.944,0.1028,7552,6,0,45916163.3,269601922.6,2
CONT_s13_l2a_BigBuckBunny,1789338547.046,0.1029,0,0,0,0,0,0
CONT_s13_l2a_BigBuckBunny,1789338547.149,0.103,7552,6,0,45492188.7,269607826.2,2
CONT_s13_l2a_BigBuckBunny,1789338547.252,0.1029,7552,6,0,45125343.2,269549034.5,2
CONT_s13_l2a_BigBuckBunny,1789338547.355,0.1027,4552,4,0,43792605.0,214576784.7,2
CONT_s13_l2a_BigBuckBunny,1789338547.458,0.1028,9104,8,0,43664301.2,160494941.4,2
CONT_s13_l2a_BigBuckBunny,1789338547.561,0.1028,4552,4,0,43557392.0,160868348.9,2
CONT_s13_l2a_BigBuckBunny,1789338547.664,0.103,6052,5,0,45115788.6,188247557.0,2
CONT_s13_l2a_BigBuckBunny,1789338547.767,0.1029,6052,5,0,44807331.6,214709152.2,2
CONT_s13_l2a_BigBuckBunny,1789338547.869,0.1028,6052,5,0,44533570.4,214594627.6,2
CONT_s13_l2a_BigBuckBunny,1789338547.972,0.1029,0,0,0,0,0,0
CONT_s13_l2a_BigBuckBunny,1789338548.075,0.1029,6052,5,0,44284551.6,214616218.3,2
CONT_s13_l2a_BigBuckBunny,1789338548.178,0.103,6052,5,0,44052904.0,215062698.5,2
CONT_s13_l2a_BigBuckBunny,1789338548.281,0.1029,6052,5,0,43838261.2,214959768.0,2
CONT_s13_l2a_BigBuckBunny,1789338548.384,0.1028,6052,5,0,43636190.4,215261639.3,2
CONT_s13_l2a_BigBuckBunny,1789338548.487,0.1028,6052,5,0,43448533.0,215178080.5,2
CONT_s13_l2a_BigBuckBunny,1789338548.589,0.1028,7604,7,0,41193022.3,187198725.2,2
CONT_s13_l2a_BigBuckBunny,1789338548.692,0.1029,7552,6,0,45681087.7,269538842.0,2
CONT_s13_l2a_BigBuckBunny,1789338548.795,0.103,6052,5,0,44710125.6,295905855.4,2
CONT_s13_l2a_BigBuckBunny,1789338548.898,0.1029,3052,3,0,41543365.3,293321821.7,2
CONT_s13_l2a_BigBuckBunny,1789338549.001,0.1029,7604,7,0,43548214.7,133448523.9,2
CONT_s13_l2a_BigBuckBunny,1789338549.104,0.1029,4552,4,0,44773991.2,214364113.6,2
CONT_s13_l2a_BigBuckBunny,1789338549.207,0.103,3145,4,0,38245204.5,154054007.6,2
CONT_s13_l2a_BigBuckBunny,1789338549.31,0.103,6052,5,0,47098603.4,104291410.2,2
CONT_s13_l2a_BigBuckBunny,1789338549.413,0.103,6052,5,0,46669528.4,505607.0,2
CONT_s13_l2a_BigBuckBunny,1789338549.516,0.103,6052,5,0,46250590.2,215319368.9,2
CONT_s13_l2a_BigBuckBunny,1789338549.619,0.103,6052,5,0,45864875.2,215390503.6,2
CONT_s13_l2a_BigBuckBunny,1789338549.722,0.103,6052,5,0,45514393.6,215284887.9,2
CONT_s13_l2a_BigBuckBunny,1789338549.825,0.103,6052,5,0,45196149.4,215157201.9,2
CONT_s13_l2a_BigBuckBunny,1789338549.928,0.1029,6052,5,0,44899604.0,214844129.5,2
CONT_s13_l2a_BigBuckBunny,1789338550.031,0.1029,7604,7,0,42983879.1,186918706.8,2
CONT_s13_l2a_BigBuckBunny,1789338550.134,0.1033,0,0,0,0,0,0
CONT_s13_l2a_BigBuckBunny,1789338550.237,0.1029,7552,6,0,46686471.0,269444068.3,2
CONT_s13_l2a_BigBuckBunny,1789338550.34,0.1029,9104,8,0,45312344.5,295208961.5,2
CONT_s13_l2a_BigBuckBunny,1789338550.443,0.1028,4552,4,0,45479882.0,133615844.8,2
CONT_s13_l2a_BigBuckBunny,1789338550.546,0.103,7604,7,0,44919593.1,213878775.2,2
CONT_s13_l2a_BigBuckBunny,1789338550.649,0.103,4552,4,0,45476762.0,214502341.4,2
CONT_s13_l2a_BigBuckBunny,1789338550.753,0.1043,3052,3,0,43460166.7,213090601.5,2
CONT_s13_l2a_BigBuckBunny,1789338550.856,0.1029,10604,9,0,46678886.7,241993483.6,2
CONT_s13_l2a_BigBuckBunny,1789338550.959,0.103,3052,3,0,44081788.3,240135003.9,2
CONT_s13_l2a_BigBuckBunny,1789338551.062,0.1029,7552,6,0,48094456.5,269188251.3,2
CONT_s13_l2a_BigBuckBunny,1789338551.165,0.103,6052,5,0,47236868.0,296163045.0,2
CONT_s13_l2a_BigBuckBunny,1789338551.268,0.1029,3052,3,0,45191658.7,293388894.0,2
CONT_s13_l2a_BigBuckBunny,1789338551.371,0.1028,7552,6,0,48422457.8,296313520.7,2
CONT_s13_l2a_BigBuckBunny,1789338551.474,0.103,4552,4,0,47599300.8,214612190.9,2
CONT_s13_l2a_BigBuckBunny,1789338551.576,0.1029,6052,5,0,48155309.8,188199915.6,2
CONT_s13_l2a_BigBuckBunny,1789338551.679,0.103,6052,5,0,47645417.6,214934422.1,2
CONT_s13_l2a_BigBuckBunny,1789338551.782,0.1029,6052,5,0,47179821.0,215074072.0,2
CONT_s13_l2a_BigBuckBunny,1789338551.885,0.1029,0,0,0,0,0,0
CONT_s13_l2a_BigBuckBunny,1789338551.988,0.1028,7552,6,0,47360779.3,242715286.8,2
CONT_s13_l2a_BigBuckBunny,1789338552.091,0.1029,7552,6,0,46725961.2,269684551.6,2
CONT_s13_l2a_BigBuckBunny,1789338552.194,0.1028,7552,6,0,46196180.3,269393573.6,2
CONT_s13_l2a_BigBuckBunny,1789338552.297,0.1029,7552,6,0,45749507.5,269622951.3,2
CONT_s13_l2a_BigBuckBunny,1789338552.399,0.1028,3052,3,0,43305315.0,186534422.1,2
CONT_s13_l2a_BigBuckBunny,1789338552.502,0.1029,6052,5,0,46531811.8,466793.0,2
CONT_s13_l2a_BigBuckBunny,1789338552.605,0.1029,4552,4,0,45771163.8,187389294.6,2
CONT_s13_l2a_BigBuckBunny,1789338552.708,0.1029,6052,5,0,46754235.8,188421720.4,2
CONT_s13_l2a_BigBuckBunny,1789338552.811,0.1029,6052,5,0,46386018.2,215082344.0,2
CONT_s13_l2a_BigBuckBunny,1789338552.914,0.1028,6052,5,0,46047280.6,215040092.4,2
CONT_s13_l2a_BigBuckBunny,1789338553.017,0.1028,7552,6,0,46471030.7,242642319.8,2
CONT_s13_l2a_BigBuckBunny,1789338553.12,0.1029,0,0,0,0,0,0
CONT_s13_l2a_BigBuckBunny,1789338553.223,0.1031,7552,6,0,45924696.3,269320957.2,2
CONT_s13_l2a_BigBuckBunny,1789338553.326,0.1029,7552,6,0,45465375.7,269629203.8,2
CONT_s13_l2a_BigBuckBunny,1789338553.428,0.1027,7504,7,0,43111537.9,245062380.0,2
CONT_s13_l2a_BigBuckBunny,1789338553.531,0.103,0,0,0,0,0,0
CONT_s13_l2a_BigBuckBunny,1789338553.635,0.1036,9052,7,0,46751413.6,157598302.5,2
CONT_s13_l2a_BigBuckBunny,1789338553.738,0.1031,9104,8,0,46558957.5,79881976.1,2
CONT_s13_l2a_BigBuckBunny,1789338553.841,0.1029,6052,5,0,47286354.8,188041935.3,2
CONT_s13_l2a_BigBuckBunny,1789338553.944,0.1028,0,0,0,0,0,0
CONT_s13_l2a_BigBuckBunny,1789338554.047,0.1028,6052,5,0,46995244.8,214727032.5,2
CONT_s13_l2a_BigBuckBunny,1789338554.15,0.1031,6052,5,0,46695518.0,214715490.1,2
CONT_s13_l2a_BigBuckBunny,1789338554.253,0.1038,7552,6,0,46986577.5,242102685.7,2
CONT_s13_l2a_BigBuckBunny,1789338554.356,0.1028,7552,6,0,46472230.0,269053081.3,2
CONT_s13_l2a_BigBuckBunny,1789338554.459,0.1029,0,0,0,0,0,0
CONT_s13_l2a_BigBuckBunny,1789338554.562,0.1029,7552,6,0,46025250.0,269826798.3,2
CONT_s13_l2a_BigBuckBunny,1789338554.665,0.103,7552,6,0,45636409.2,269785791.2,2
CONT_s13_l2a_BigBuckBunny,1789338554.768,0.1029,7552,6,0,45293385.7,269790508.3,2
CONT_s13_l2a_BigBuckBunny,1789338554.871,0.1028,0,0,0,0,0,0
CONT_s13_l2a_BigBuckBunny,1789338554.974,0.103,10604,9,0,44800440.7,228042856.6,2
CONT_s13_l2a_BigBuckBunny,1789338555.077,0.1029,6052,5,0,45839108.0,1198286.0,2
CONT_s13_l2a_BigBuckBunny,1789338555.18,0.1031,4552,4,0,45058002.5,187465527.3,2
CONT_s13_l2a_BigBuckBunny,1789338555.283,0.1029,6052,5,0,46216646.0,187698589.6,2
CONT_s13_l2a_BigBuckBunny,1789338555.385,0.1028,7195,7,0,43324764.9,157258629.0,2
CONT_s13_l2a_BigBuckBunny,1789338555.488,0.1029,7552,6,0,46033395.2,131825907.6,2
CONT_s13_l2a_BigBuckBunny,1789338555.591,0.103,0,0,0,0,0,0
CONT_s13_l2a_BigBuckBunny,1789338555.694,0.103,7552,6,0,45959719.3,925621.0,2
CONT_s13_l2a_BigBuckBunny,1789338555.797,0.1029,7552,6,0,45810392.2,269335146.1,2
CONT_s13_l2a_BigBuckBunny,1789338555.9,0.1028,7552,6,0,45628132.2,269387463.0,2
CONT_s13_l2a_BigBuckBunny,1789338556.003,0.1028,0,0,0,0,0,0
CONT_s13_l2a_BigBuckBunny,1789338556.106,0.1029,7552,6,0,45426806.7,269650711.5,2
CONT_s13_l2a_BigBuckBunny,1789338556.209,0.103,7552,6,0,45207086.0,269597390.3,2
CONT_s13_l2a_BigBuckBunny,1789338556.312,0.1029,3052,3,0,43035442.3,186419139.9,2
CONT_s13_l2a_BigBuckBunny,1789338556.414,0.1028,10604,9,0,46147661.2,187948395.0,2
CONT_s13_l2a_BigBuckBunny,1789338556.517,0.1029,0,0,0,0,0,0
CONT_s13_l2a_BigBuckBunny,1789338556.62,0.1029,6052,5,0,46636202.4,187658517.8,2
CONT_s13_l2a_BigBuckBunny,1789338556.723,0.103,6052,5,0,46321945.8,215429891.6,2
CONT_s13_l2a_BigBuckBunny,1789338556.826,0.1029,6052,5,0,46013347.0,215009808.9,2
CONT_s13_l2a_BigBuckBunny,1789338556.929,0.1028,7552,6,0,46460213.0,242333278.4,2
CONT_s13_l2a_BigBuckBunny,1789338557.032,0.103,7552,6,0,45943939.7,269229776.6,2
CONT_s13_l2a_BigBuckBunny,1789338557.135,0.1033,0,0,0,0,0,0
CONT_s13_l2a_BigBuckBunny,1789338557.238,0.103,7552,6,0,45507533.8,268718097.0,2
CONT_s13_l2a_BigBuckBunny,1789338557.341,0.1029,7552,6,0,45126492.0,269216749.6,2
CONT_s13_l2a_BigBuckBunny,1789338557.444,0.1028,7552,6,0,44799784.2,269284546.4,2
CONT_s13_l2a_BigBuckBunny,1789338557.547,0.103,0,0,0,0,0,0
CONT_s13_l2a_BigBuckBunny,1789338557.65,0.103,7552,6,0,44519973.8,269584791.0,2
CONT_s13_l2a_BigBuckBunny,1789338557.754,0.1035,7552,6,0,44269272.7,269635429.5,2
CONT_s13_l2a_BigBuckBunny,1789338557.856,0.1028,7552,6,0,44047755.2,269306200.0,2
CONT_s13_l2a_BigBuckBunny,1789338557.959,0.1029,5659,6,0,39948425.0,209189835.5,2
CONT_s13_l2a_BigBuckBunny,1789338558.062,0.1029,7552,6,0,45393639.7,131404419.7,2
CONT_s13_l2a_BigBuckBunny,1789338558.165,0.103,0,0,0,0,0,0
CONT_s13_l2a_BigBuckBunny,1789338558.268,0.1029,7552,6,0,45291327.2,555902.0,2
CONT_s13_l2a_BigBuckBunny,1789338558.371,0.1029,7552,6,0,45135194.0,269336593.8,2
CONT_s13_l2a_BigBuckBunny,1789338558.474,0.1029,7552,6,0,44959225.0,269777146.1,2
CONT_s13_l2a_BigBuckBunny,1789338558.577,0.1029,0,0,0,0,0,0
CONT_s13_l2a_BigBuckBunny,1789338558.68,0.103,7552,6,0,44768147.7,269517748.1,2
CONT_s13_l2a_BigBuckBunny,1789338558.783,0.1029,7552,6,0,44576931.8,269229305.7,2
CONT_s13_l2a_BigBuckBunny,1789338558.885,0.1027,4552,4,0,43312603.5,214099308.9,2
CONT_s13_l2a_BigBuckBunny,1789338558.988,0.103,9104,8,0,43302866.2,160777367.2,2
CONT_s13_l2a_BigBuckBunny,1789338559.091,0.1029,4552,4,0,43247336.8,160630269.8,2
CONT_s13_l2a_BigBuckBunny,1789338559.194,0.103,6052,5,0,44875633.6,187679708.9,2
CONT_s13_l2a_BigBuckBunny,1789338559.297,0.1029,6052,5,0,44613105.4,214903475.7,2
CONT_s13_l2a_BigBuckBunny,1789338559.4,0.1028,6052,5,0,44369230.4,214965972.2,2
CONT_s13_l2a_BigBuckBunny,1789338559.503,0.1028,0,0,0,0,0,0
CONT_s13_l2a_BigBuckBunny,1789338559.606,0.1029,11625,11,0,42275767.6,211984208.2,2
CONT_s13_l2a_BigBuckBunny,1789338559.709,0.103,0,0,0,0,0,0
CONT_s13_l2a_BigBuckBunny,1789338559.812,0.1029,7552,6,0,46052090.5,132146536.8,2
CONT_s13_l2a_BigBuckBunny,1789338559.914,0.1028,7552,6,0,45797121.2,1038565.0,2
CONT_s13_l2a_BigBuckBunny,1789338560.017,0.1029,7552,6,0,45532072.7,269617492.1,2
CONT_s13_l2a_BigBuckBunny,1789338560.12,0.1028,0,0,0,0,0,0
CONT_s13_l2a_BigBuckBunny,1789338560.223,0.1029,7552,6,0,45276209.7,269283250.0,2
CONT_s13_l2a_BigBuckBunny,1789338560.326,0.1029,7552,6,0,45028687.7,269881051.1,2
CONT_s13_l2a_BigBuckBunny,1789338560.429,0.1028,7552,6,0,44791584.8,269798267.9,2
CONT_s13_l2a_BigBuckBunny,1789338560.532,0.1029,3052,3,0,42058358.3,186152121.6,2
CONT_s13_l2a_BigBuckBunny,1789338560.635,0.103,6052,5,0,45725277.4,966362.0,2
CONT_s13_l2a_BigBuckBunny,1789338560.738,0.103,4552,4,0,44964458.5,187717184.3,2
CONT_s13_l2a_BigBuckBunny,1789338560.841,0.103,6052,5,0,46131441.4,187927542.7,2
CONT_s13_l2a_BigBuckBunny,1789338560.943,0.1028,6052,5,0,45837788.8,214851762.0,2
CONT_s13_l2a_BigBuckBunny,1789338561.046,0.1029,6052,5,0,45560762.4,214915747.0,2
CONT_s13_l2a_BigBuckBunny,1789338561.149,0.1029,7552,6,0,46093782.0,242685998.6,2
CONT_s13_l2a_BigBuckBunny,1789338561.253,0.1041,7552,6,0,45584018.8,269171389.0,2
CONT_s13_l2a_BigBuckBunny,1789338561.356,0.1029,0,0,0,0,0,0
CONT_s13_l2a_BigBuckBunny,1789338561.459,0.1028,7552,6,0,45161435.3,269421514.7,2
CONT_s13_l2a_BigBuckBunny,1789338561.562,0.1029,7552,6,0,44806633.3,269647811.9,2
CONT_s13_l2a_BigBuckBunny,1789338561.665,0.1029,7552,6,0,44499311.5,269382656.2,2
CONT_s13_l2a_BigBuckBunny,1789338561.768,0.1029,1942,3,0,39978164.3,165266308.1,2
CONT_s13_l2a_BigBuckBunny,1789338561.87,0.1028,0,0,0,0,0,0
CONT_s13_l2a_BigBuckBunny,1789338561.973,0.103,0,0,0,0,0,0
CONT_s13_l2a_BigBuckBunny,1789338562.076,0.1029,0,0,0,0,0,0
CONT_s13_l2a_BigBuckBunny,1789338562.179,0.1033,0,0,0,0,0,0
CONT_s13_l2a_BigBuckBunny,1789338562.282,0.103,15499,12,0,65636084.7,4073333.2,2
CONT_s13_l2a_BigBuckBunny,1789338562.385,0.1029,9052,7,0,61406158.4,157198239.1,2
CONT_s13_l2a_BigBuckBunny,1789338562.488,0.1029,4552,4,0,63723598.8,79691707.8,2
CONT_s13_l2a_BigBuckBunny,1789338562.591,0.1028,4552,4,0,61893254.8,1032361.0,2
CONT_s13_l2a_BigBuckBunny,1789338562.694,0.103,6052,5,0,59115082.8,188149161.9,2
CONT_s13_l2a_BigBuckBunny,1789338562.797,0.103,7604,7,0,59446150.1,240561321.0,2
CONT_s13_l2a_BigBuckBunny,1789338562.9,0.1028,6052,5,0,56731578.4,242273189.0,2
CONT_s13_l2a_BigBuckBunny,1789338563.003,0.1029,4552,4,0,56767294.8,268229392.0,2
CONT_s13_l2a_BigBuckBunny,1789338563.106,0.1028,4552,4,0,55633292.2,268150093.7,2
CONT_s13_l2a_BigBuckBunny,1789338563.209,0.1031,6052,5,0,54290870.8,268429523.3,2
CONT_s13_l2a_BigBuckBunny,1789338563.312,0.103,6052,5,0,53214897.0,295912869.7,2
CONT_s13_l2a_BigBuckBunny,1789338563.415,0.1028,4552,4,0,53006341.0,295044723.9,2
CONT_s13_l2a_BigBuckBunny,1789338563.517,0.1029,6052,5,0,52261183.0,295686239.6,2
CONT_s13_l2a_BigBuckBunny,1789338563.62,0.1029,6052,5,0,51397867.6,214834207.3,2
CONT_s13_l2a_BigBuckBunny,1789338563.723,0.103,6052,5,0,50617060.2,215124518.3,2
CONT_s13_l2a_BigBuckBunny,1789338563.826,0.1029,6052,5,0,49917348.8,214949155.7,2
CONT_s13_l2a_BigBuckBunny,1789338563.93,0.1033,6052,5,0,49283312.8,214858410.6,2
CONT_s13_l2a_BigBuckBunny,1789338564.033,0.103,6052,5,0,48696260.6,215310095.4,2
CONT_s13_l2a_BigBuckBunny,1789338564.136,0.1032,6052,5,0,48162599.6,215269396.5,2
CONT_s13_l2a_BigBuckBunny,1789338564.239,0.1028,6052,5,0,47672551.8,215293599.3,2
CONT_s13_l2a_BigBuckBunny,1789338564.341,0.1029,6052,5,0,47217843.8,215062838.9,2
CONT_s13_l2a_BigBuckBunny,1789338564.444,0.1028,6052,5,0,46796025.2,215357042.5,2
CONT_s13_l2a_BigBuckBunny,1789338564.547,0.1029,6000,4,0,51006529.0,217227259.0,1
CONT_s13_l2a_BigBuckBunny,1789338564.65,0.1029,4879,7,0,40529817.6,157516578.3,2
CONT_s13_l2a_BigBuckBunny,1789338564.754,0.1038,0,0,0,0,0,0
CONT_s13_l2a_BigBuckBunny,1789338564.857,0.103,0,0,0,0,0,0
CONT_s13_l2a_BigBuckBunny,1789338564.96,0.1028,0,0,0,0,0,0
CONT_s13_l2a_BigBuckBunny,1789338565.063,0.1029,0,0,0,0,0,0
CONT_s13_l2a_BigBuckBunny,1789338565.166,0.103,0,0,0,0,0,0
CONT_s13_l2a_BigBuckBunny,1789338565.268,0.1029,0,0,0,0,0,0
CONT_s13_l2a_BigBuckBunny,1789338565.371,0.1028,0,0,0,0,0,0
CONT_s13_l2a_BigBuckBunny,1789338565.474,0.1029,0,0,0,0,0,0
CONT_s13_l2a_BigBuckBunny,1789338565.577,0.1028,0,0,0,0,0,0
CONT_s13_l2a_BigBuckBunny,1789338565.68,0.1029,0,0,0,0,0,0
CONT_s13_l2a_BigBuckBunny,1789338565.783,0.1029,0,0,0,0,0,0
CONT_s13_l2a_BigBuckBunny,1789338565.885,0.1027,0,0,0,0,0,0
CONT_s13_l2a_BigBuckBunny,1789338565.988,0.103,0,0,0,0,0,0
CONT_s13_l2a_BigBuckBunny,1789338566.091,0.1028,0,0,0,0,0,0
CONT_s13_l2a_BigBuckBunny,1789338566.194,0.103,13999,11,0,157279456.8,650593.0,2
CONT_s13_l2a_BigBuckBunny,1789338566.297,0.1029,7552,6,0,130452000.3,103675056.0,2
CONT_s13_l2a_BigBuckBunny,1789338566.4,0.1028,0,0,0,0,0,0
CONT_s13_l2a_BigBuckBunny,1789338566.503,0.1028,7552,6,0,113325404.5,1351063.0,2
CONT_s13_l2a_BigBuckBunny,1789338566.606,0.1028,7552,6,0,100221277.0,269492935.9,2
CONT_s13_l2a_BigBuckBunny,1789338566.709,0.103,7552,6,0,90304132.5,268966429.2,2
CONT_s13_l2a_BigBuckBunny,1789338566.811,0.1029,0,0,0,0,0,0
CONT_s13_l2a_BigBuckBunny,1789338566.914,0.1028,7552,6,0,82724935.8,268939773.0,2
CONT_s13_l2a_BigBuckBunny,1789338567.017,0.1028,7552,6,0,76858852.2,269594967.1,2
CONT_s13_l2a_BigBuckBunny,1789338567.12,0.1029,7552,6,0,72256544.0,269604026.8,2
CONT_s13_l2a_BigBuckBunny,1789338567.223,0.103,0,0,0,0,0,0
CONT_s13_l2a_BigBuckBunny,1789338567.326,0.1029,7552,6,0,68600984.8,269317237.8,2
CONT_s13_l2a_BigBuckBunny,1789338567.429,0.1027,7552,6,0,65644060.7,269125092.1,2
CONT_s13_l2a_BigBuckBunny,1789338567.531,0.1028,7552,6,0,63211364.5,269667920.0,2
CONT_s13_l2a_BigBuckBunny,1789338567.636,0.1047,7552,6,0,61178184.2,269514510.7,2
CONT_s13_l2a_BigBuckBunny,1789338567.739,0.1028,0,0,0,0,0,0
CONT_s13_l2a_BigBuckBunny,1789338567.842,0.1029,7552,6,0,59451870.8,269140309.4,2
CONT_s13_l2a_BigBuckBunny,1789338567.945,0.1028,7552,6,0,57968360.0,269286768.0,2
CONT_s13_l2a_BigBuckBunny,1789338568.048,0.1029,7552,6,0,56669225.3,269782290.0,2
CONT_s13_l2a_BigBuckBunny,1789338568.151,0.1029,0,0,0,0,0,0
CONT_s13_l2a_BigBuckBunny,1789338568.254,0.1037,7552,6,0,55517538.3,269373202.0,2
CONT_s13_l2a_BigBuckBunny,1789338568.357,0.1029,7552,6,0,54489707.3,269594674.0,2
CONT_s13_l2a_BigBuckBunny,1789338568.46,0.1029,7552,6,0,53563214.8,269317278.3,2
CONT_s13_l2a_BigBuckBunny,1789338568.563,0.1028,4552,4,0,55654725.0,214672030.8,2
CONT_s13_l2a_BigBuckBunny,1789338568.666,0.1032,4552,4,0,54856956.0,833548.0,2
CONT_s13_l2a_BigBuckBunny,1789338568.769,0.103,7552,6,0,52981152.2,296359741.6,2
CONT_s13_l2a_BigBuckBunny,1789338568.872,0.1028,6052,5,0,53168194.8,322980808.1,2
CONT_s13_l2a_BigBuckBunny,1789338568.975,0.1028,2698,3,0,54760868.0,286581039.4,2
CONT_s13_l2a_BigBuckBunny,1789338569.077,0.1028,0,0,0,0,0,0
CONT_s13_l2a_BigBuckBunny,1789338569.18,0.103,0,0,0,0,0,0
CONT_s13_l2a_BigBuckBunny,1789338569.283,0.1029,0,0,0,0,0,0
CONT_s13_l2a_BigBuckBunny,1789338569.386,0.1028,15497,16,0,42204.0,168652.3,2
CONT_s13_l2a_BigBuckBunny,1789338569.489,0.103,15052,11,0,8939740.7,124150144.5,2
CONT_s13_l2a_BigBuckBunny,1789338569.592,0.103,7552,6,0,12589330.0,62163973.4,2
CONT_s13_l2a_BigBuckBunny,1789338569.695,0.1031,10604,9,0,15786086.2,87174091.2,2
CONT_s13_l2a_BigBuckBunny,1789338569.798,0.1031,18104,14,0,19165042.0,175574106.7,2
CONT_s13_l2a_BigBuckBunny,1789338569.901,0.103,10552,8,0,19844326.0,150281251.7,2
CONT_s13_l2a_BigBuckBunny,1789338570.004,0.103,10552,8,0,20058781.8,175414028.0,2
CONT_s13_l2a_BigBuckBunny,1789338570.107,0.103,16604,13,0,20724775.8,112206541.0,2
CONT_s13_l2a_BigBuckBunny,1789338570.21,0.1031,13604,11,0,20956253.7,112221696.0,2
CONT_s13_l2a_BigBuckBunny,1789338570.313,0.1031,7552,6,0,21056814.3,124950351.6,2
CONT_s13_l2a_BigBuckBunny,1789338570.416,0.1029,15104,12,0,20958200.0,124683649.1,2
CONT_s13_l2a_BigBuckBunny,1789338570.519,0.103,7999,7,0,39744802.3,125161900.7,3
CONT_s13_l2a_BigBuckBunny,1789338570.623,0.1031,15104,12,0,20732484.7,124968677.2,2
CONT_s13_l2a_BigBuckBunny,1789338570.726,0.1032,15104,12,0,20564286.3,124614190.3,2
CONT_s13_l2a_BigBuckBunny,1789338570.829,0.1031,9551,9,1,42449119.9,86605835.0,3
CONT_s13_l2a_BigBuckBunny,1789338570.932,0.103,13604,11,0,21567447.6,156183469.9,2
CONT_s13_l2a_BigBuckBunny,1789338571.035,0.103,15104,12,0,21594880.8,162440111.4,2
CONT_s13_l2a_BigBuckBunny,1789338571.138,0.1032,10604,9,0,21731366.9,162275638.4,2
CONT_s13_l2a_BigBuckBunny,1789338571.243,0.1053,14051,12,1,37998838.5,162276601.5,3
CONT_s13_l2a_BigBuckBunny,1789338571.346,0.1032,13604,11,0,157390520.9,159971994.2,4
CONT_s13_l2a_BigBuckBunny,1789338571.449,0.103,10604,9,0,118877614.3,151053038.3,4
CONT_s13_l2a_BigBuckBunny,1789338571.552,0.103,10604,9,0,108838953.8,173439344.6,4
CONT_s13_l2a_BigBuckBunny,1789338571.656,0.103,15156,13,0,113063133.5,174423743.5,4
CONT_s13_l2a_BigBuckBunny,1789338571.759,0.1031,12104,10,0,35524226.4,175028096.5,2
CONT_s13_l2a_BigBuckBunny,1789338571.862,0.1029,9104,8,0,136439896.2,174228742.6,2
CONT_s13_l2a_BigBuckBunny,1789338571.965,0.1032,13820,14,0,79694407.3,144417395.1,4
CONT_s13_l2a_BigBuckBunny,1789338572.068,0.1031,15208,14,0,73440589.8,124751156.2,4
CONT_s13_l2a_BigBuckBunny,1789338572.171,0.1032,10604,9,0,39679633.9,143497742.0,2
CONT_s13_l2a_BigBuckBunny,1789338572.274,0.1031,12156,11,0,74754553.8,161563161.0,4
CONT_s13_l2a_BigBuckBunny,1789338572.377,0.103,13656,12,0,70165515.1,156055779.9,4
CONT_s13_l2a_BigBuckBunny,1789338572.48,0.103,12104,10,0,39149362.8,162288331.8,2
CONT_s13_l2a_BigBuckBunny,1789338572.583,0.103,9104,8,0,84585321.0,168097924.4,2
CONT_s13_l2a_BigBuckBunny,1789338572.686,0.1032,16604,13,0,47793144.3,175220746.0,3
CONT_s13_l2a_BigBuckBunny,1789338572.789,0.1031,10656,10,0,67800156.0,173685453.7,4
CONT_s13_l2a_BigBuckBunny,1789338572.892,0.103,12156,11,0,66914455.8,149052876.6,4
CONT_s13_l2a_BigBuckBunny,1789338572.995,0.103,13656,12,0,56686238.0,149242488.4,4
CONT_s13_l2a_BigBuckBunny,1789338573.098,0.103,9104,8,0,60931884.6,149305383.2,4
CONT_s13_l2a_BigBuckBunny,1789338573.202,0.1032,13656,12,0,61048205.2,149280083.1,4
CONT_s13_l2a_BigBuckBunny,1789338573.305,0.1031,13656,12,0,56272504.7,149381517.9,4
CONT_s13_l2a_BigBuckBunny,1789338573.408,0.103,9104,8,0,59251158.4,149143275.3,4
CONT_s13_l2a_BigBuckBunny,1789338573.511,0.1031,13656,12,0,58847168.8,149424527.2,4
CONT_s13_l2a_BigBuckBunny,1789338573.614,0.103,13656,12,0,55977591.9,149471924.4,4
CONT_s13_l2a_BigBuckBunny,1789338573.717,0.1032,13656,12,0,54889962.4,149459147.8,4
CONT_s13_l2a_BigBuckBunny,1789338573.82,0.103,8524,8,0,60070140.5,146673479.0,2
CONT_s13_l2a_BigBuckBunny,1789338573.923,0.1029,15208,14,0,46784553.3,116543663.9,2
CONT_s13_l2a_BigBuckBunny,1789338574.026,0.103,13656,12,0,38600385.8,107473348.6,2
CONT_s13_l2a_BigBuckBunny,1789338574.131,0.1047,10604,9,0,34391181.6,111858101.2,2
CONT_s13_l2a_BigBuckBunny,1789338574.234,0.1036,13656,12,0,31541416.8,111904731.9,2
CONT_s13_l2a_BigBuckBunny,1789338574.337,0.1031,9551,9,0,40273382.2,111641517.4,3
CONT_s13_l2a_BigBuckBunny,1789338574.44,0.1029,13708,13,0,74715164.7,67921896.0,4
CONT_s13_l2a_BigBuckBunny,1789338574.543,0.1031,12156,11,0,56558006.8,152814306.6,4
CONT_s13_l2a_BigBuckBunny,1789338574.647,0.1032,13656,12,0,54633256.2,145441655.1,4
CONT_s13_l2a_BigBuckBunny,1789338574.751,0.1047,13656,12,0,66435142.8,149615609.7,4
CONT_s13_l2a_BigBuckBunny,1789338574.854,0.1029,9104,8,0,60355193.9,149512281.5,4
CONT_s13_l2a_BigBuckBunny,1789338574.957,0.1028,13656,12,0,54022243.9,149524776.6,4
CONT_s13_l2a_BigBuckBunny,1789338575.06,0.103,12156,11,0,63253606.5,140570252.2,4
CONT_s13_l2a_BigBuckBunny,1789338575.163,0.103,12156,11,0,60839354.5,152131533.7,4
CONT_s13_l2a_BigBuckBunny,1789338575.266,0.1031,15208,14,0,56802820.6,161578701.7,4
CONT_s13_l2a_BigBuckBunny,1789338575.369,0.1031,10604,9,0,55951619.9,174523984.6,4
CONT_s13_l2a_BigBuckBunny,1789338575.472,0.103,10656,10,0,59194476.4,173842004.8,4
CONT_s13_l2a_BigBuckBunny,1789338575.575,0.103,15156,13,0,53349776.8,174834650.4,4
CONT_s13_l2a_BigBuckBunny,1789338575.678,0.1031,12156,11,0,53673603.2,174415506.4,2
CONT_s13_l2a_BigBuckBunny,1789338575.782,0.1032,12156,11,0,56696683.3,170422851.6,4
CONT_s13_l2a_BigBuckBunny,1789338575.885,0.103,12156,11,0,53586429.5,173530765.5,4
CONT_s13_l2a_BigBuckBunny,1789338575.988,0.1032,10656,10,0,54195245.1,161291442.6,4
CONT_s13_l2a_BigBuckBunny,1789338576.091,0.103,13604,11,0,51830301.7,174711401.5,4
CONT_s13_l2a_BigBuckBunny,1789338576.194,0.1033,7604,7,0,46366294.0,173587511.3,2
CONT_s13_l2a_BigBuckBunny,1789338576.297,0.1031,18208,16,0,53242807.0,165866141.3,4
CONT_s13_l2a_BigBuckBunny,1789338576.4,0.103,10604,9,0,39081812.6,174192887.6,2
CONT_s13_l2a_BigBuckBunny,1789338576.503,0.1031,13932,15,0,60651600.3,118039273.8,4
CONT_s13_l2a_BigBuckBunny,1789338576.606,0.1031,10656,10,0,50187748.7,57741858.4,2
CONT_s13_l2a_BigBuckBunny,1789338576.71,0.1033,12156,11,0,40302668.5,61764572.1,2
CONT_s13_l2a_BigBuckBunny,1789338576.813,0.1031,13656,12,0,34010368.8,74168602.8,2
CONT_s13_l2a_BigBuckBunny,1789338576.916,0.103,13656,12,0,30130638.0,74188005.2,2
CONT_s13_l2a_BigBuckBunny,1789338577.019,0.103,9204,10,0,26597608.5,74118494.3,3
CONT_s13_l2a_BigBuckBunny,1789338577.122,0.1031,14041,16,0,10585999.6,48222283.8,3
CONT_s13_l2a_BigBuckBunny,1789338577.225,0.1033,12208,12,0,11370828.3,73820519.4,2
CONT_s13_l2a_BigBuckBunny,1789338577.329,0.1033,12208,12,0,13887146.3,73881105.4,2
CONT_s13_l2a_BigBuckBunny,1789338577.432,0.1032,15260,15,0,15576384.0,73624908.7,2
CONT_s13_l2a_BigBuckBunny,1789338577.535,0.1032,12208,12,0,16270526.3,73954808.2,2
CONT_s13_l2a_BigBuckBunny,1789338577.639,0.1035,12208,12,0,16670066.7,73962001.1,2
CONT_s13_l2a_BigBuckBunny,1789338577.745,0.1066,12208,12,0,16868853.0,73875620.1,2
CONT_s13_l2a_BigBuckBunny,1789338577.849,0.1034,12208,12,0,16985850.7,73712733.9,2
CONT_s13_l2a_BigBuckBunny,1789338577.952,0.1031,12208,12,0,17046199.7,73751793.1,2
CONT_s13_l2a_BigBuckBunny,1789338578.055,0.1033,12208,12,0,17065260.7,73720134.5,2
CONT_s13_l2a_BigBuckBunny,1789338578.158,0.1032,12208,12,0,17070387.7,73865066.0,2
CONT_s13_l2a_BigBuckBunny,1789338578.261,0.1032,12208,12,0,17066040.7,73847357.4,2
CONT_s13_l2a_BigBuckBunny,1789338578.365,0.1032,12208,12,0,17053831.7,73853910.4,2
CONT_s13_l2a_BigBuckBunny,1789338578.468,0.1033,12208,12,0,17038197.7,73919254.5,2
CONT_s13_l2a_BigBuckBunny,1789338578.571,0.1033,9603,10,0,32811288.2,73920791.5,3
CONT_s13_l2a_BigBuckBunny,1789338578.674,0.1031,18156,15,0,160096385.9,120679334.3,4
CONT_s13_l2a_BigBuckBunny,1789338578.778,0.1033,10604,9,0,116363552.8,181876960.3,4
CONT_s13_l2a_BigBuckBunny,1789338578.881,0.1031,13656,12,0,86219380.4,213112816.8,4
CONT_s13_l2a_BigBuckBunny,1789338578.984,0.1033,7552,6,0,112683738.2,174873152.7,2
CONT_s13_l2a_BigBuckBunny,1789338579.087,0.1031,16708,15,0,81512011.3,193931888.8,4
CONT_s13_l2a_BigBuckBunny,1789338579.19,0.1033,13656,12,0,69430369.3,150736937.9,4
CONT_s13_l2a_BigBuckBunny,1789338579.294,0.1033,10708,11,0,85591273.5,160379896.1,4
CONT_s13_l2a_BigBuckBunny,1789338579.397,0.1033,10656,10,0,72301092.6,148117415.8,4
CONT_s13_l2a_BigBuckBunny,1789338579.5,0.1032,13708,13,0,67565935.3,179112506.7,4
CONT_s13_l2a_BigBuckBunny,1789338579.603,0.1032,12156,11,0,60615726.1,180263395.9,4
CONT_s13_l2a_BigBuckBunny,1789338579.707,0.1033,7604,7,0,65129909.0,186707666.9,2
CONT_s13_l2a_BigBuckBunny,1789338579.81,0.1032,18208,16,0,59210254.8,195446565.7,4
CONT_s13_l2a_BigBuckBunny,1789338579.913,0.1032,13656,12,0,55903406.1,207973137.0,4
CONT_s13_l2a_BigBuckBunny,1789338580.016,0.1033,10656,10,0,58979473.5,181163717.4,4
CONT_s13_l2a_BigBuckBunny,1789338580.128,0.1114,13656,12,0,59410241.6,213039044.2,4
CONT_s13_l2a_BigBuckBunny,1789338580.231,0.1034,13708,13,0,59993931.6,157024063.5,4
CONT_s13_l2a_BigBuckBunny,1789338580.334,0.1033,10656,10,0,47672633.3,136362748.4,2
CONT_s13_l2a_BigBuckBunny,1789338580.438,0.1031,13708,13,0,59188334.2,168038930.6,4
CONT_s13_l2a_BigBuckBunny,1789338580.541,0.1032,10656,10,0,61863334.9,187957063.8,4
CONT_s13_l2a_BigBuckBunny,1789338580.644,0.1032,12156,11,0,53342294.1,183683988.5,4
CONT_s13_l2a_BigBuckBunny,1789338580.75,0.1061,15104,12,0,47453676.0,185445198.9,4
CONT_s13_l2a_BigBuckBunny,1789338580.853,0.1033,6156,7,0,72509679.9,209170025.1,3
CONT_s13_l2a_BigBuckBunny,1789338580.956,0.1031,18051,16,0,53480007.0,180397615.1,4
CONT_s13_l2a_BigBuckBunny,1789338581.06,0.1034,12208,12,0,56480960.0,98634219.4,2
CONT_s13_l2a_BigBuckBunny,1789338581.163,0.1033,12208,12,0,44378837.7,74146380.4,2
CONT_s13_l2a_BigBuckBunny,1789338581.266,0.1033,12208,12,0,36270466.7,74039087.9,2
CONT_s13_l2a_BigBuckBunny,1789338581.37,0.1033,12208,12,0,30763317.7,74141042.4,2
CONT_s13_l2a_BigBuckBunny,1789338581.473,0.1032,12208,12,0,26949649.7,74174876.5,2
CONT_s13_l2a_BigBuckBunny,1789338581.576,0.1032,12308,14,0,22780718.9,73921051.6,3
CONT_s13_l2a_BigBuckBunny,1789338581.679,0.1033,12489,14,0,11693991.7,54532614.4,3
CONT_s13_l2a_BigBuckBunny,1789338581.783,0.1034,12208,12,0,10465206.7,74102456.4,2
CONT_s13_l2a_BigBuckBunny,1789338581.886,0.1034,15208,14,0,14672195.7,74376566.3,2
CONT_s13_l2a_BigBuckBunny,1789338581.989,0.1034,12260,13,0,14441214.2,73822459.8,2
CONT_s13_l2a_BigBuckBunny,1789338582.093,0.1034,12208,12,0,16185169.0,73839586.6,2
CONT_s13_l2a_BigBuckBunny,1789338582.196,0.1033,12208,12,0,16657823.3,73628169.3,2
CONT_s13_l2a_BigBuckBunny,1789338582.3,0.1034,12208,12,0,16905748.3,73926301.6,2
CONT_s13_l2a_BigBuckBunny,1789338582.403,0.1033,12208,12,0,17033910.3,73810909.5,2
CONT_s13_l2a_BigBuckBunny,1789338582.506,0.1033,9603,10,0,30722190.0,73979335.0,3
CONT_s13_l2a_BigBuckBunny,1789338582.61,0.1034,15104,12,0,155585840.7,106925674.7,2
CONT_s13_l2a_BigBuckBunny,1789338582.713,0.1035,13656,12,0,80846282.9,185546448.0,4
CONT_s13_l2a_BigBuckBunny,1789338582.817,0.1034,10604,9,0,86041072.6,217541925.9,4
CONT_s13_l2a_BigBuckBunny,1789338582.92,0.1034,10604,9,0,77621605.1,181814616.2,4
CONT_s13_l2a_BigBuckBunny,1789338583.023,0.1034,13656,12,0,66671872.6,213221855.7,4
CONT_s13_l2a_BigBuckBunny,1789338583.127,0.1034,13708,13,0,70942220.8,157218034.4,4
CONT_s13_l2a_BigBuckBunny,1789338583.23,0.1035,13708,13,0,72284332.1,155934729.1,4
CONT_s13_l2a_BigBuckBunny,1789338583.334,0.1034,10656,10,0,66119890.6,148044382.1,4
CONT_s13_l2a_BigBuckBunny,1789338583.437,0.1034,13708,13,0,63592322.8,179245831.6,4
CONT_s13_l2a_BigBuckBunny,1789338583.54,0.1034,12156,11,0,58263726.9,180409496.0,4
CONT_s13_l2a_BigBuckBunny,1789338583.644,0.1034,7604,7,0,59449847.6,186339172.8,2
CONT_s13_l2a_BigBuckBunny,1789338583.749,0.1049,18208,16,0,57012682.8,195195724.1,4
CONT_s13_l2a_BigBuckBunny,1789338583.852,0.1034,10604,9,0,46327948.6,174340941.4,2
CONT_s13_l2a_BigBuckBunny,1789338583.956,0.1034,13708,13,0,60081931.2,212489168.3,4
CONT_s13_l2a_BigBuckBunny,1789338584.059,0.1035,10604,9,0,53711576.7,217345994.6,4
CONT_s13_l2a_BigBuckBunny,1789338584.162,0.1033,13708,13,0,60545086.9,170901951.8,4
CONT_s13_l2a_BigBuckBunny,1789338584.266,0.1034,13708,13,0,51554737.2,136458549.6,4
CONT_s13_l2a_BigBuckBunny,1789338584.369,0.1036,10656,10,0,61993118.1,173860796.2,4
CONT_s13_l2a_BigBuckBunny,1789338584.473,0.1034,13708,13,0,57381738.5,179249693.6,4
CONT_s13_l2a_BigBuckBunny,1789338584.577,0.1038,12156,11,0,52316529.4,183309023.4,4
CONT_s13_l2a_BigBuckBunny,1789338584.68,0.1034,7604,7,0,57268197.3,186464428.5,4
CONT_s13_l2a_BigBuckBunny,1789338584.783,0.1036,13656,12,0,56776578.3,191303795.9,4
CONT_s13_l2a_BigBuckBunny,1789338584.887,0.1034,15104,12,0,37551049.2,175468169.8,2
CONT_s13_l2a_BigBuckBunny,1789338584.99,0.1034,13656,12,0,58619789.2,207980542.6,4
CONT_s13_l2a_BigBuckBunny,1789338585.094,0.1034,10604,9,0,52619023.2,217795002.3,4
CONT_s13_l2a_BigBuckBunny,1789338585.197,0.1034,14522,16,0,60524954.9,161519655.8,4
CONT_s13_l2a_BigBuckBunny,1789338585.301,0.1034,7552,6,0,39754830.5,108178233.3,2
CONT_s13_l2a_BigBuckBunny,1789338585.404,0.1033,13656,12,0,57550219.6,216577556.8,4
CONT_s13_l2a_BigBuckBunny,1789338585.507,0.1033,15104,12,0,35594880.3,175052890.5,2
CONT_s13_l2a_BigBuckBunny,1789338585.611,0.1035,13768,14,0,57162554.3,212553615.8,5
CONT_s13_l2a_BigBuckBunny,1789338585.714,0.1036,10592,9,0,52661995.1,218603679.8,4
CONT_s13_l2a_BigBuckBunny,1789338585.818,0.1035,12489,14,0,39108565.2,156522961.9,5
CONT_s13_l2a_BigBuckBunny,1789338585.921,0.1035,13708,13,0,32094561.5,120886128.3,5
CONT_s13_l2a_BigBuckBunny,1789338586.025,0.1035,12208,12,0,34867907.7,136297067.0,4
CONT_s13_l2a_BigBuckBunny,1789338586.129,0.1038,10656,10,0,34897808.2,154072745.0,4
CONT_s13_l2a_BigBuckBunny,1789338586.232,0.1037,15208,14,0,40577727.3,176258797.6,4
CONT_s13_l2a_BigBuckBunny,1789338586.336,0.1036,12156,11,0,40038166.5,159831606.0,4
CONT_s13_l2a_BigBuckBunny,1789338586.44,0.104,10656,10,0,43316832.8,204122712.3,4
CONT_s13_l2a_BigBuckBunny,1789338586.543,0.1036,13656,12,0,41812567.6,191702103.3,4
CONT_s13_l2a_BigBuckBunny,1789338586.647,0.1035,10656,10,0,43987435.9,180627188.8,4
CONT_s13_l2a_BigBuckBunny,1789338586.752,0.1053,13656,12,0,48256881.7,213276202.0,4
CONT_s13_l2a_BigBuckBunny,1789338586.856,0.1036,7604,7,0,38935407.7,174052688.4,2
CONT_s13_l2a_BigBuckBunny,1789338586.959,0.1035,16708,15,0,50330907.3,193997864.7,4
CONT_s13_l2a_BigBuckBunny,1789338587.063,0.1036,13708,13,0,52295267.3,150190075.4,4
CONT_s13_l2a_BigBuckBunny,1789338587.166,0.1035,10656,10,0,47306594.2,161134391.3,4
CONT_s13_l2a_BigBuckBunny,1789338587.27,0.1036,15156,13,0,44001622.4,151769439.7,4
CONT_s13_l2a_BigBuckBunny,1789338587.373,0.1036,12208,12,0,54550398.5,188851347.2,4
CONT_s13_l2a_BigBuckBunny,1789338587.477,0.1035,9156,9,0,58831323.8,185768075.2,4
CONT_s13_l2a_BigBuckBunny,1789338587.58,0.1036,15156,13,0,45816953.5,204467132.1,4
CONT_s13_l2a_BigBuckBunny,1789338587.684,0.1036,10604,9,0,49181088.1,174755592.7,4
CONT_s13_l2a_BigBuckBunny,1789338587.788,0.1036,13656,12,0,55304017.5,207662530.5,4
CONT_s13_l2a_BigBuckBunny,1789338587.891,0.1035,13604,11,0,35276277.8,168636740.4,2
CONT_s13_l2a_BigBuckBunny,1789338587.995,0.1035,9156,9,0,65354580.6,245888305.7,4
CONT_s13_l2a_BigBuckBunny,1789338588.098,0.1036,13708,13,0,56635078.3,147407583.5,4
CONT_s13_l2a_BigBuckBunny,1789338588.202,0.1037,13708,13,0,54664235.1,161214977.6,4
CONT_s13_l2a_BigBuckBunny,1789338588.305,0.1036,12156,11,0,36753583.3,144775516.1,2
CONT_s13_l2a_BigBuckBunny,1789338588.409,0.1035,9156,9,0,63643767.2,193947717.6,4
CONT_s13_l2a_BigBuckBunny,1789338588.513,0.1036,16708,15,0,53410938.7,191356429.6,4
CONT_s13_l2a_BigBuckBunny,1789338588.616,0.1036,10604,9,0,35480727.4,168642197.6,2
CONT_s13_l2a_BigBuckBunny,1789338588.72,0.1037,13708,13,0,56286521.8,201591173.6,4
CONT_s13_l2a_BigBuckBunny,1789338588.824,0.1038,10604,9,0,51131390.1,217849626.1,4
CONT_s13_l2a_BigBuckBunny,1789338588.927,0.1036,11019,11,0,65035146.0,153217452.5,4
CONT_s13_l2a_BigBuckBunny,1789338589.031,0.1038,15104,12,0,31951093.5,107714228.8,2
CONT_s13_l2a_BigBuckBunny,1789338589.136,0.1045,13656,12,0,55299690.9,188141727.2,4
CONT_s13_l2a_BigBuckBunny,1789338589.239,0.1036,10604,9,0,49312069.9,217548596.7,4
CONT_s13_l2a_BigBuckBunny,1789338589.343,0.1037,10604,9,0,49804193.2,181485381.1,4
CONT_s13_l2a_BigBuckBunny,1789338589.447,0.1037,13656,12,0,57713000.4,213221568.8,4
CONT_s13_l2a_BigBuckBunny,1789338589.55,0.1038,15208,14,0,54431240.1,174183803.5,4
CONT_s13_l2a_BigBuckBunny,1789338589.654,0.1039,10656,10,0,50831936.5,144611173.9,4
CONT_s13_l2a_BigBuckBunny,1789338589.758,0.1037,13708,13,0,56839363.3,150454398.4,4
CONT_s13_l2a_BigBuckBunny,1789338589.862,0.1036,10656,10,0,50082806.3,158906630.6,4
CONT_s13_l2a_BigBuckBunny,1789338589.965,0.1036,13708,13,0,56491589.5,174010093.6,4
CONT_s13_l2a_BigBuckBunny,1789338590.069,0.1037,12156,11,0,57002558.4,180694665.5,4
CONT_s13_l2a_BigBuckBunny,1789338590.173,0.1038,7604,7,0,39425150.4,186661733.5,2
CONT_s13_l2a_BigBuckBunny,1789338590.276,0.1038,18208,16,0,53255379.0,195470980.2,4
CONT_s13_l2a_BigBuckBunny,1789338590.38,0.1037,10604,9,0,34744893.6,174935234.6,2
CONT_s13_l2a_BigBuckBunny,1789338590.484,0.1036,13708,13,0,57545514.2,212531793.7,4
CONT_s13_l2a_BigBuckBunny,1789338590.587,0.1036,13656,12,0,58882169.0,213163771.6,4
CONT_s13_l2a_BigBuckBunny,1789338590.691,0.1037,10656,10,0,50742501.1,163271662.6,4
CONT_s13_l2a_BigBuckBunny,1789338590.795,0.1036,13708,13,0,46468062.9,136217295.1,4
CONT_s13_l2a_BigBuckBunny,1789338590.898,0.1035,10656,10,0,62842331.2,173806683.2,4
CONT_s13_l2a_BigBuckBunny,1789338591.002,0.1036,13708,13,0,56093437.6,179205391.5,4
CONT_s13_l2a_BigBuckBunny,1789338591.105,0.1036,12156,11,0,49823590.4,183517849.3,4
CONT_s13_l2a_BigBuckBunny,1789338591.209,0.1037,7604,7,0,56379915.7,186718111.2,4
CONT_s13_l2a_BigBuckBunny,1789338591.313,0.1036,13656,12,0,57156264.9,191297656.7,4
CONT_s13_l2a_BigBuckBunny,1789338591.416,0.1035,15104,12,0,34859164.3,175135118.2,2
CONT_s13_l2a_BigBuckBunny,1789338591.52,0.1037,13656,12,0,59012803.3,207778564.4,4
CONT_s13_l2a_BigBuckBunny,1789338591.623,0.1036,12156,11,0,61130347.6,205068796.1,4
CONT_s13_l2a_BigBuckBunny,1789338591.727,0.1036,13708,13,0,56533755.1,147420161.0,4
CONT_s13_l2a_BigBuckBunny,1789338591.831,0.1037,10656,10,0,37813576.6,136143165.8,2
CONT_s13_l2a_BigBuckBunny,1789338591.934,0.1036,13708,13,0,56780301.6,164670906.2,4
CONT_s13_l2a_BigBuckBunny,1789338592.038,0.1037,10656,10,0,61574590.6,187913609.1,4
CONT_s13_l2a_BigBuckBunny,1789338592.142,0.1037,15208,14,0,53797160.3,172469528.7,4
CONT_s13_l2a_BigBuckBunny,1789338592.247,0.105,7604,7,0,38786081.6,186367655.3,2
CONT_s13_l2a_BigBuckBunny,1789338592.35,0.1037,13656,12,0,57539022.3,202439726.4,4
CONT_s13_l2a_BigBuckBunny,1789338592.454,0.1036,15156,13,0,34510948.8,174477880.8,2
CONT_s13_l2a_BigBuckBunny,1789338592.557,0.1036,10656,10,0,64951256.1,223510121.0,4
CONT_s13_l2a_BigBuckBunny,1789338592.661,0.1036,13656,12,0,47994060.3,207835394.3,4
CONT_s13_l2a_BigBuckBunny,1789338592.765,0.1037,13708,13,0,59132415.7,171059111.2,4
CONT_s13_l2a_BigBuckBunny,1789338592.869,0.1038,9156,9,0,52722236.9,135734489.0,4
CONT_s13_l2a_BigBuckBunny,1789338592.972,0.1037,15208,14,0,56609941.6,162680132.9,4
CONT_s13_l2a_BigBuckBunny,1789338593.076,0.1036,13403,14,0,56306028.3,168916211.7,4
CONT_s13_l2a_BigBuckBunny,1789338593.179,0.1035,12156,11,0,57337077.5,116273009.8,4
CONT_s13_l2a_BigBuckBunny,1789338593.283,0.1037,12156,11,0,57118479.2,187173611.6,4
CONT_s13_l2a_BigBuckBunny,1789338593.387,0.1037,12104,10,0,38490290.6,149877983.7,2
CONT_s13_l2a_BigBuckBunny,1789338593.49,0.1036,12156,11,0,58563270.3,186684731.2,4
CONT_s13_l2a_BigBuckBunny,1789338593.594,0.1036,12156,11,0,58158761.5,186294972.6,4
CONT_s13_l2a_BigBuckBunny,1789338593.698,0.1036,13656,12,0,48622018.2,169336883.4,4
CONT_s13_l2a_BigBuckBunny,1789338593.801,0.1036,6104,6,0,58978688.3,158484503.1,4
CONT_s13_l2a_BigBuckBunny,1789338593.905,0.1035,16708,15,0,54674803.7,173798742.8,4
CONT_s13_l2a_BigBuckBunny,1789338594.008,0.1036,13708,13,0,56095112.7,141983546.6,4
CONT_s13_l2a_BigBuckBunny,1789338594.112,0.1036,13708,13,0,54218219.1,161189888.8,4
CONT_s13_l2a_BigBuckBunny,1789338594.216,0.1037,12156,11,0,37900593.9,149107830.3,2
CONT_s13_l2a_BigBuckBunny,1789338594.319,0.1037,12156,11,0,58491436.7,189748849.4,4
CONT_s13_l2a_BigBuckBunny,1789338594.423,0.1038,9156,9,0,61737151.8,186086764.2,4
CONT_s13_l2a_BigBuckBunny,1789338594.527,0.1038,15156,13,0,46932732.5,204654203.5,4
CONT_s13_l2a_BigBuckBunny,1789338594.632,0.1053,10656,10,0,50186151.9,155876944.3,4
CONT_s13_l2a_BigBuckBunny,1789338594.736,0.1039,13656,12,0,56988829.9,207634606.1,4
CONT_s13_l2a_BigBuckBunny,1789338594.84,0.1036,7604,7,0,38651296.6,174108037.5,2
CONT_s13_l2a_BigBuckBunny,1789338594.944,0.104,16708,15,0,56023028.2,194308545.5,4
CONT_s13_l2a_BigBuckBunny,1789338595.047,0.1037,13708,13,0,57742874.1,150459179.1,4
CONT_s13_l2a_BigBuckBunny,1789338595.151,0.1035,13708,13,0,55604490.6,161560952.2,4
CONT_s13_l2a_BigBuckBunny,1789338595.256,0.1046,12156,11,0,36943630.3,148892376.6,2
CONT_s13_l2a_BigBuckBunny,1789338595.359,0.1037,12156,11,0,60201503.6,189897203.6,4
CONT_s13_l2a_BigBuckBunny,1789338595.463,0.1036,13656,12,0,58356924.2,192292269.5,4
CONT_s13_l2a_BigBuckBunny,1789338595.567,0.1037,10656,10,0,50754669.4,195114241.7,4
CONT_s13_l2a_BigBuckBunny,1789338595.67,0.1035,10604,9,0,51157845.8,174728542.3,4
CONT_s13_l2a_BigBuckBunny,1789338595.774,0.1036,13656,12,0,57875824.3,207808384.6,4
CONT_s13_l2a_BigBuckBunny,1789338595.877,0.1035,7552,6,0,37006832.7,175194007.5,2
CONT_s13_l2a_BigBuckBunny,1789338595.981,0.1035,13656,12,0,58935492.7,213125510.4,4
CONT_s13_l2a_BigBuckBunny,1789338596.084,0.1036,18156,15,0,45093421.9,199659847.3,4
CONT_s13_l2a_BigBuckBunny,1789338596.188,0.1036,10604,9,0,52773648.2,181682846.0,4
CONT_s13_l2a_BigBuckBunny,1789338596.292,0.1037,13708,13,0,60732978.3,168180841.5,4
CONT_s13_l2a_BigBuckBunny,1789338596.395,0.1035,12208,12,0,61679837.7,182788295.5,4
CONT_s13_l2a_BigBuckBunny,1789338596.499,0.1037,10708,11,0,63420697.0,153339558.7,4
CONT_s13_l2a_BigBuckBunny,1789338596.603,0.1038,15156,13,0,44473774.6,176947641.7,3
CONT_s13_l2a_BigBuckBunny,1789338596.706,0.1035,12196,12,0,49615261.5,157940761.6,4
CONT_s13_l2a_BigBuckBunny,1789338596.81,0.1036,10604,9,0,44746092.1,161502353.0,3
CONT_s13_l2a_BigBuckBunny,1789338596.913,0.1035,7401,7,0,35051121.9,136045364.5,2
CONT_s13_l2a_BigBuckBunny,1789338597.017,0.1037,15104,12,0,29916843.2,59699265.3,2
CONT_s13_l2a_BigBuckBunny,1789338597.121,0.1036,15104,12,0,27161089.7,124865886.4,2
CONT_s13_l2a_BigBuckBunny,1789338597.224,0.1037,7552,6,0,26206302.7,124752976.4,2
CONT_s13_l2a_BigBuckBunny,1789338597.328,0.1036,15104,12,0,24797546.0,124413212.0,2
CONT_s13_l2a_BigBuckBunny,1789338597.431,0.1035,15104,12,0,23818251.3,124783261.1,2
CONT_s13_l2a_BigBuckBunny,1789338597.535,0.1036,13552,10,0,23448031.7,118727199.1,2
CONT_s13_l2a_BigBuckBunny,1789338597.639,0.1038,10656,10,0,23732379.0,136251537.3,2
CONT_s13_l2a_BigBuckBunny,1789338597.744,0.1053,9104,8,0,23716612.0,136606712.8,2
CONT_s13_l2a_BigBuckBunny,1789338597.848,0.1037,16656,14,0,23788221.3,137232382.9,2
CONT_s13_l2a_BigBuckBunny,1789338597.951,0.1035,7552,6,0,23730226.3,137541633.0,2
CONT_s13_l2a_BigBuckBunny,1789338598.055,0.1037,16604,13,0,22908920.3,143963853.6,2
CONT_s13_l2a_BigBuckBunny,1789338598.159,0.1035,9104,8,0,23293737.2,124602842.4,2
CONT_s13_l2a_BigBuckBunny,1789338598.262,0.1036,16604,13,0,23116700.2,156372473.2,2
CONT_s13_l2a_BigBuckBunny,1789338598.366,0.1034,9052,7,0,22778098.4,137451424.8,2
CONT_s13_l2a_BigBuckBunny,1789338598.469,0.1036,10604,9,0,23234161.7,111860144.8,2
CONT_s13_l2a_BigBuckBunny,1789338598.573,0.1037,15104,12,0,23142705.3,168836679.0,2
CONT_s13_l2a_BigBuckBunny,1789338598.676,0.1035,15104,12,0,22773703.8,175025117.0,2
CONT_s13_l2a_BigBuckBunny,1789338598.78,0.1036,12104,10,0,22786461.2,174949225.5,2
CONT_s13_l2a_BigBuckBunny,1789338598.884,0.1035,9052,7,0,22641818.0,175253349.2,2
CONT_s13_l2a_BigBuckBunny,1789338598.987,0.1036,13604,11,0,22560058.3,187302818.8,2
CONT_s13_l2a_BigBuckBunny,1789338599.091,0.1036,15052,11,0,22694048.7,119057168.6,2
CONT_s13_l2a_BigBuckBunny,1789338599.194,0.1037,7604,7,0,21416908.3,124196395.6,2
CONT_s13_l2a_BigBuckBunny,1789338599.298,0.1036,15104,12,0,21687606.2,124857001.7,2
CONT_s13_l2a_BigBuckBunny,1789338599.401,0.1034,7552,6,0,21526145.8,124508554.3,2
CONT_s13_l2a_BigBuckBunny,1789338599.505,0.1036,15104,12,0,21235749.8,124490852.0,2
CONT_s13_l2a_BigBuckBunny,1789338599.609,0.1036,15104,12,0,20973596.7,124692416.8,2
CONT_s13_l2a_BigBuckBunny,1789338599.712,0.1037,9199,9,0,19020136.7,92924225.4,2
CONT_s13_l2a_BigBuckBunny,1789338599.816,0.1036,15104,12,0,20915808.3,59390068.4,2
CONT_s13_l2a_BigBuckBunny,1789338599.92,0.1035,7552,6,0,20940672.7,125099701.9,2
CONT_s13_l2a_BigBuckBunny,1789338600.023,0.1036,15104,12,0,20877973.8,125141907.2,2
CONT_s13_l2a_BigBuckBunny,1789338600.127,0.1036,16656,14,0,20771430.1,112280592.6,2
CONT_s13_l2a_BigBuckBunny,1789338600.23,0.1037,10552,8,0,21509480.6,163023580.9,2
CONT_s13_l2a_BigBuckBunny,1789338600.334,0.1036,10604,9,0,21391323.1,174751221.3,2
CONT_s13_l2a_BigBuckBunny,1789338600.437,0.1034,10552,8,0,21868620.0,175606552.6,2
CONT_s13_l2a_BigBuckBunny,1789338600.541,0.1036,12104,10,0,22039418.6,187305122.8,2
CONT_s13_l2a_BigBuckBunny,1789338600.645,0.1036,15156,13,0,22419149.8,105486931.2,2
CONT_s13_l2a_BigBuckBunny,1789338600.749,0.1048,9104,8,0,22364899.2,124493494.7,2
CONT_s13_l2a_BigBuckBunny,1789338600.853,0.1036,16656,14,0,22839211.1,136952652.4,2
CONT_s13_l2a_BigBuckBunny,1789338600.957,0.1035,9052,7,0,22980139.1,150040099.4,2
CONT_s13_l2a_BigBuckBunny,1789338601.06,0.1036,9104,8,0,23177470.5,149368421.4,2
CONT_s13_l2a_BigBuckBunny,1789338601.164,0.1036,16604,13,0,23051634.9,156169966.6,2
CONT_s13_l2a_BigBuckBunny,1789338601.267,0.1036,9052,7,0,22703137.3,137708005.0,2
CONT_s13_l2a_BigBuckBunny,1789338601.371,0.1036,10552,8,0,22195964.0,162768543.3,2
CONT_s13_l2a_BigBuckBunny,1789338601.474,0.1035,21104,16,0,21406866.2,175509788.5,2
CONT_s13_l2a_BigBuckBunny,1789338601.578,0.1036,10552,8,0,21148565.2,175521749.9,2
CONT_s13_l2a_BigBuckBunny,1789338601.682,0.1036,10552,8,0,20936158.8,175652853.4,2
CONT_s13_l2a_BigBuckBunny,1789338601.785,0.1037,13604,11,0,21351665.7,143416671.5,2
CONT_s13_l2a_BigBuckBunny,1789338601.889,0.1035,15156,13,0,22217627.5,105559436.4,2
CONT_s13_l2a_BigBuckBunny,1789338601.992,0.1036,12104,10,0,22808853.2,124583962.7,2
CONT_s13_l2a_BigBuckBunny,1789338602.096,0.1037,12104,10,0,22694125.4,137214802.1,2
CONT_s13_l2a_BigBuckBunny,1789338602.2,0.1037,10604,9,0,22775859.7,143193100.9,2
CONT_s13_l2a_BigBuckBunny,1789338602.303,0.1036,12104,10,0,22849827.6,149786153.3,2
CONT_s13_l2a_BigBuckBunny,1789338602.407,0.1036,15104,12,0,22563274.5,162554275.4,2
CONT_s13_l2a_BigBuckBunny,1789338602.511,0.1037,12104,10,0,22610953.6,161951492.7,2
CONT_s13_l2a_BigBuckBunny,1789338602.614,0.1036,9112,8,0,19616712.8,175435407.0,3
CONT_s13_l2a_BigBuckBunny,1789338602.718,0.1038,11832,17,0,11902499.3,59828155.1,4
CONT_s13_l2a_BigBuckBunny,1789338602.822,0.1038,16656,14,0,22765177.4,144815852.0,4
CONT_s13_l2a_BigBuckBunny,1789338602.926,0.1037,12104,10,0,29267679.2,99718113.6,2
CONT_s13_l2a_BigBuckBunny,1789338603.029,0.1038,12156,11,0,31125093.2,183404989.7,4
CONT_s13_l2a_BigBuckBunny,1789338603.135,0.1056,12156,11,0,35483852.2,186743626.5,4
CONT_s13_l2a_BigBuckBunny,1789338603.239,0.1037,12104,10,0,32684777.2,149641658.6,2
CONT_s13_l2a_BigBuckBunny,1789338603.342,0.1037,12156,11,0,41507356.3,186571456.1,4
CONT_s13_l2a_BigBuckBunny,1789338603.446,0.1037,12156,11,0,43895362.2,186491625.1,4
CONT_s13_l2a_BigBuckBunny,1789338603.55,0.1038,15156,13,0,40084194.6,174414145.9,4
CONT_s13_l2a_BigBuckBunny,1789338603.654,0.1037,9104,8,0,44626543.2,157799296.4,4
CONT_s13_l2a_BigBuckBunny,1789338603.757,0.1037,12156,11,0,49283020.8,186615639.9,4
CONT_s13_l2a_BigBuckBunny,1789338603.861,0.1036,15156,13,0,34417083.2,156029185.1,2
CONT_s13_l2a_BigBuckBunny,1789338603.965,0.1037,13656,12,0,51780627.8,179841351.0,4
CONT_s13_l2a_BigBuckBunny,1789338604.069,0.1038,12260,13,0,51210323.0,166264189.5,4
CONT_s13_l2a_BigBuckBunny,1789338604.172,0.1037,10656,10,0,54649689.7,168365500.3,4
CONT_s13_l2a_BigBuckBunny,1789338604.276,0.1037,12156,11,0,36386399.8,149042032.9,2
CONT_s13_l2a_BigBuckBunny,1789338604.38,0.1038,12156,11,0,55295741.9,189763503.5,4
CONT_s13_l2a_BigBuckBunny,1789338604.484,0.1037,13708,13,0,53750774.0,191792266.6,4
CONT_s13_l2a_BigBuckBunny,1789338604.587,0.1038,13656,12,0,53614565.2,191043917.4,4
CONT_s13_l2a_BigBuckBunny,1789338604.691,0.1038,7604,7,0,39054396.6,149055116.3,2
CONT_s13_l2a_BigBuckBunny,1789338604.795,0.1037,13656,12,0,55096330.0,207696571.1,4
CONT_s13_l2a_BigBuckBunny,1789338604.899,0.1037,15156,13,0,34795849.5,174743784.9,2
CONT_s13_l2a_BigBuckBunny,1789338605.002,0.1038,13656,12,0,57625636.2,185623116.7,4
CONT_s13_l2a_BigBuckBunny,1789338605.106,0.1038,12260,13,0,55903868.2,166745079.6,4
CONT_s13_l2a_BigBuckBunny,1789338605.21,0.1038,10656,10,0,59567411.9,168718301.6,4
CONT_s13_l2a_BigBuckBunny,1789338605.314,0.1042,12156,11,0,36660925.6,149094830.1,2
CONT_s13_l2a_BigBuckBunny,1789338605.418,0.1037,12156,11,0,59056940.1,189787179.0,4
CONT_s13_l2a_BigBuckBunny,1789338605.522,0.1039,13708,13,0,56532970.6,191767144.6,4
CONT_s13_l2a_BigBuckBunny,1789338605.626,0.1038,13656,12,0,56123601.9,190874476.8,4
CONT_s13_l2a_BigBuckBunny,1789338605.729,0.1039,7552,6,0,38160637.8,175233827.3,2
CONT_s13_l2a_BigBuckBunny,1789338605.833,0.1038,13656,12,0,57181785.9,207606682.6,4
CONT_s13_l2a_BigBuckBunny,1789338605.937,0.1037,15104,12,0,34095690.8,175359336.5,2
CONT_s13_l2a_BigBuckBunny,1789338606.041,0.1038,13656,12,0,59416479.5,213061657.6,4
CONT_s13_l2a_BigBuckBunny,1789338606.145,0.1038,10604,9,0,52224013.0,217503959.3,4
CONT_s13_l2a_BigBuckBunny,1789338606.25,0.105,13656,12,0,48595033.5,165389630.5,4
CONT_s13_l2a_BigBuckBunny,1789338606.353,0.1037,10656,10,0,65928747.4,175393029.4,4
CONT_s13_l2a_BigBuckBunny,1789338606.457,0.1037,12208,12,0,61175303.8,182566616.9,4
CONT_s13_l2a_BigBuckBunny,1789338606.561,0.1038,13708,13,0,58362808.8,164165808.1,4
CONT_s13_l2a_BigBuckBunny,1789338606.664,0.1038,12156,11,0,49964245.5,170915770.4,4
CONT_s13_l2a_BigBuckBunny,1789338606.768,0.1037,12156,11,0,49065166.7,160011413.9,4
CONT_s13_l2a_BigBuckBunny,1789338606.872,0.1038,13708,13,0,56193869.1,191712175.3,4
CONT_s13_l2a_BigBuckBunny,1789338606.976,0.1038,10604,9,0,51459171.7,203425109.3,4
CONT_s13_l2a_BigBuckBunny,1789338607.08,0.1039,13708,13,0,57649610.5,198560639.0,4
CONT_s13_l2a_BigBuckBunny,1789338607.183,0.1038,13174,14,0,59091318.4,145247868.0,4
CONT_s13_l2a_BigBuckBunny,1789338607.287,0.1038,7552,6,0,41778637.8,109336216.8,2
CONT_s13_l2a_BigBuckBunny,1789338607.391,0.1038,13656,12,0,55766034.2,211278033.4,4
CONT_s13_l2a_BigBuckBunny,1789338607.495,0.1038,15104,12,0,35972561.2,174813923.6,2
CONT_s13_l2a_BigBuckBunny,1789338607.599,0.1038,13656,12,0,57915557.2,213166147.5,4
CONT_s13_l2a_BigBuckBunny,1789338607.702,0.1037,10604,9,0,51743692.8,217613544.8,4
CONT_s13_l2a_BigBuckBunny,1789338607.806,0.1038,15208,14,0,57375640.6,184039346.1,4
CONT_s13_l2a_BigBuckBunny,1789338607.91,0.1038,10656,10,0,51957522.8,126289131.6,4
CONT_s13_l2a_BigBuckBunny,1789338608.014,0.1039,13708,13,0,57004057.9,152835226.7,4
CONT_s13_l2a_BigBuckBunny,1789338608.118,0.1038,9156,9,0,63005825.4,173282121.2,4
CONT_s13_l2a_BigBuckBunny,1789338608.222,0.104,15208,14,0,53987815.4,171345483.8,4
CONT_s13_l2a_BigBuckBunny,1789338608.325,0.1038,12156,11,0,49271502.8,178796539.6,4
CONT_s13_l2a_BigBuckBunny,1789338608.429,0.1037,10656,10,0,50192110.6,175481336.3,4
CONT_s13_l2a_BigBuckBunny,1789338608.533,0.1038,13656,12,0,56655569.5,202011167.7,4
CONT_s13_l2a_BigBuckBunny,1789338608.637,0.104,7604,7,0,38979041.9,174004303.8,2
CONT_s13_l2a_BigBuckBunny,1789338608.742,0.1048,18208,16,0,54258063.2,203584822.0,4
CONT_s13_l2a_BigBuckBunny,1789338608.846,0.1038,13656,12,0,48004419.8,207612376.5,4
CONT_s13_l2a_BigBuckBunny,1789338608.949,0.1037,10656,10,0,51005267.8,145395211.4,4
CONT_s13_l2a_BigBuckBunny,1789338609.053,0.1038,12208,12,0,59304209.5,167094239.3,4
CONT_s13_l2a_BigBuckBunny,1789338609.157,0.1038,10656,10,0,61707293.8,168420134.8,4
CONT_s13_l2a_BigBuckBunny,1789338609.261,0.1039,15208,14,0,46679294.6,171451114.2,4
CONT_s13_l2a_BigBuckBunny,1789338609.365,0.1038,12156,11,0,49478083.1,164671807.1,4
CONT_s13_l2a_BigBuckBunny,1789338609.468,0.1037,10656,10,0,62564890.4,204075226.2,4
CONT_s13_l2a_BigBuckBunny,1789338609.572,0.1039,13656,12,0,57255840.2,191042899.6,4
CONT_s13_l2a_BigBuckBunny,1789338609.676,0.104,7552,6,0,38285022.8,174584040.9,2
CONT_s13_l2a_BigBuckBunny,1789338609.78,0.104,13656,12,0,58166007.3,207700401.1,4
CONT_s13_l2a_BigBuckBunny,1789338609.884,0.1038,16656,14,0,46264521.8,194615578.1,4
CONT_s13_l2a_BigBuckBunny,1789338609.988,0.1038,13708,13,0,58910320.7,158668847.8,4
CONT_s13_l2a_BigBuckBunny,1789338610.092,0.1038,9156,9,0,53177062.3,136358916.2,4
CONT_s13_l2a_BigBuckBunny,1789338610.195,0.1038,13708,13,0,58075549.1,161501536.0,4
CONT_s13_l2a_BigBuckBunny,1789338610.299,0.1038,15208,14,0,54525007.7,176725952.5,4
CONT_s13_l2a_BigBuckBunny,1789338610.403,0.1037,2006702,1499,4,110685.9,666124.2,4
CONT_s13_l2a_BigBuckBunny,1789338610.507,0.1037,52,1,0,4342491.0,0,1
CONT_s13_l2a_BigBuckBunny,1789338610.61,0.1037,0,0,0,0,0,0
CONT_s13_l2a_BigBuckBunny,1789338610.714,0.104,29260,32,7,31376973.6,50058417.7,2
CONT_s13_l2a_BigBuckBunny,1789338610.818,0.1038,18260,17,0,24169917.6,44625566.0,2
CONT_s13_l2a_BigBuckBunny,1789338610.922,0.1037,13656,12,0,21353824.2,55883474.4,2
CONT_s13_l2a_BigBuckBunny,1789338611.026,0.1038,18208,16,0,19078179.0,55916409.2,2
CONT_s13_l2a_BigBuckBunny,1789338611.13,0.1045,18156,15,0,18100781.2,56015928.9,2
CONT_s13_l2a_BigBuckBunny,1789338611.236,0.1057,16263,17,0,16606802.6,45210502.0,2
CONT_s13_l2a_BigBuckBunny,1789338611.34,0.1038,12104,10,0,16911403.0,74838116.4,2
CONT_s13_l2a_BigBuckBunny,1789338611.444,0.1038,18156,15,0,16417104.2,74897595.3,2
CONT_s13_l2a_BigBuckBunny,1789338611.547,0.1038,19708,17,0,16217756.5,71916973.8,2
CONT_s13_l2a_BigBuckBunny,1789338611.651,0.104,15156,13,0,16409854.4,87510731.0,2
CONT_s13_l2a_BigBuckBunny,1789338611.756,0.1048,15104,12,0,16356573.3,94071825.4,2
CONT_s13_l2a_BigBuckBunny,1789338611.86,0.1038,15104,12,0,16017336.0,94256319.0,2
CONT_s13_l2a_BigBuckBunny,1789338611.964,0.1038,16656,14,0,16054282.1,79760388.1,2
CONT_s13_l2a_BigBuckBunny,1789338612.068,0.1039,15104,12,0,16169390.5,99163428.5,2
CONT_s13_l2a_BigBuckBunny,1789338612.171,0.1037,18156,15,0,16401396.8,88890600.4,2
CONT_s13_l2a_BigBuckBunny,1789338612.275,0.1037,18104,14,0,16305928.0,113590350.2,2
CONT_s13_l2a_BigBuckBunny,1789338612.379,0.1038,18052,13,0,16437335.1,113743500.2,2
CONT_s13_l2a_BigBuckBunny,1789338612.483,0.1038,9104,8,0,14995859.5,112651422.4,2
CONT_s13_l2a_BigBuckBunny,1789338612.587,0.1038,19656,16,0,15844333.9,103439624.2,2
CONT_s13_l2a_BigBuckBunny,1789338612.69,0.1037,19656,16,0,16313613.9,122596377.8,2
CONT_s13_l2a_BigBuckBunny,1789338612.794,0.1038,16604,13,0,16682631.7,132187004.7,2
CONT_s13_l2a_BigBuckBunny,1789338612.898,0.1038,15104,12,0,16664554.2,132256763.5,2
CONT_s13_l2a_BigBuckBunny,1789338613.002,0.1038,10604,9,0,16998050.0,132096429.0,2
CONT_s13_l2a_BigBuckBunny,1789338613.105,0.1038,16486,16,0,35661262.2,134790093.7,4
CONT_s13_l2a_BigBuckBunny,1789338613.209,0.1038,21104,16,0,16859790.4,61475044.7,2
CONT_s13_l2a_BigBuckBunny,1789338613.313,0.1038,10552,8,0,16623133.2,132646464.6,2
CONT_s13_l2a_BigBuckBunny,1789338613.417,0.1038,24156,19,0,16861438.2,116333198.5,2
CONT_s13_l2a_BigBuckBunny,1789338613.521,0.1038,13604,11,0,17542445.5,84623237.2,2
CONT_s13_l2a_BigBuckBunny,1789338613.624,0.1037,19656,16,0,17652992.0,81586694.4,2
CONT_s13_l2a_BigBuckBunny,1789338613.728,0.1038,12104,10,0,17567158.8,103522013.0,2
CONT_s13_l2a_BigBuckBunny,1789338613.832,0.1038,18156,15,0,17502821.4,112908761.8,2
CONT_s13_l2a_BigBuckBunny,1789338613.936,0.1037,19604,15,0,17410443.0,123171857.9,2
CONT_s13_l2a_BigBuckBunny,1789338614.04,0.1039,13656,12,0,17340544.2,131821858.7,2
CONT_s13_l2a_BigBuckBunny,1789338614.143,0.1037,16604,13,0,17117493.6,132221182.2,2
CONT_s13_l2a_BigBuckBunny,1789338614.25,0.1064,12104,10,0,17407501.6,131940986.2,2
CONT_s13_l2a_BigBuckBunny,1789338614.354,0.1039,21104,16,0,16637440.5,137258269.5,2
CONT_s13_l2a_BigBuckBunny,1789338614.457,0.1038,10552,8,0,16353546.9,132639923.0,2
CONT_s13_l2a_BigBuckBunny,1789338614.561,0.1038,19604,15,0,16204782.0,123101111.2,2
CONT_s13_l2a_BigBuckBunny,1789338614.665,0.1037,21104,16,0,15860471.5,132702646.6,2
CONT_s13_l2a_BigBuckBunny,1789338614.769,0.1038,10552,8,0,15732908.8,132655198.8,2
CONT_s13_l2a_BigBuckBunny,1789338614.873,0.1038,21104,16,0,15524679.5,132516463.4,2
CONT_s13_l2a_BigBuckBunny,1789338614.976,0.1038,16656,14,0,16661879.2,84776632.5,2
CONT_s13_l2a_BigBuckBunny,1789338615.08,0.1038,15104,12,0,16747396.7,85040715.8,2
CONT_s13_l2a_BigBuckBunny,1789338615.184,0.1038,16656,14,0,16863622.1,89533785.8,2
CONT_s13_l2a_BigBuckBunny,1789338615.288,0.1038,18156,15,0,16989936.0,113374101.3,2
CONT_s13_l2a_BigBuckBunny,1789338615.392,0.1038,12104,10,0,16961833.2,122457794.0,2
CONT_s13_l2a_BigBuckBunny,1789338615.495,0.1037,16604,13,0,16818867.6,127304894.5,2
CONT_s13_l2a_BigBuckBunny,1789338615.599,0.1039,12104,10,0,17040436.4,132042321.3,2
CONT_s13_l2a_BigBuckBunny,1789338615.704,0.1044,16757,16,0,15498744.9,71192388.5,2
CONT_s13_l2a_BigBuckBunny,1789338615.807,0.1038,21104,16,0,15880144.0,62455924.5,2
CONT_s13_l2a_BigBuckBunny,1789338615.911,0.1037,10552,8,0,15865338.5,132744475.5,2
CONT_s13_l2a_BigBuckBunny,1789338616.015,0.1039,24156,19,0,16306387.1,116546023.2,2
CONT_s13_l2a_BigBuckBunny,1789338616.119,0.1038,13604,11,0,17013591.7,84265215.2,2
CONT_s13_l2a_BigBuckBunny,1789338616.223,0.1037,19656,16,0,17220167.6,81549652.9,2
CONT_s13_l2a_BigBuckBunny,1789338616.326,0.1038,18156,15,0,17160944.8,108587944.5,2
CONT_s13_l2a_BigBuckBunny,1789338616.43,0.1037,12104,10,0,17202231.2,112701393.1,2
CONT_s13_l2a_BigBuckBunny,1789338616.534,0.1038,19656,16,0,17149299.2,122528212.9,2
CONT_s13_l2a_BigBuckBunny,1789338616.638,0.104,13604,11,0,17203895.5,132063771.7,2
CONT_s13_l2a_BigBuckBunny,1789338616.742,0.1037,16604,13,0,16971095.9,132283800.3,2
CONT_s13_l2a_BigBuckBunny,1789338616.845,0.1038,12104,10,0,17248658.2,131777778.5,2
CONT_s13_l2a_BigBuckBunny,1789338616.949,0.1038,21104,16,0,16547626.4,137142662.6,2
CONT_s13_l2a_BigBuckBunny,1789338617.053,0.1038,19552,14,0,16430343.8,127666364.3,2
CONT_s13_l2a_BigBuckBunny,1789338617.157,0.1038,10604,9,0,15913058.3,122117298.8,2
CONT_s13_l2a_BigBuckBunny,1789338617.26,0.1037,21104,16,0,15790596.1,132566311.1,2
CONT_s13_l2a_BigBuckBunny,1789338617.364,0.1038,10552,8,0,15663854.0,132073871.2,2
CONT_s13_l2a_BigBuckBunny,1789338617.468,0.1038,21104,16,0,15454417.5,132233208.0,2
CONT_s13_l2a_BigBuckBunny,1789338617.572,0.1038,16656,14,0,16571029.6,84658667.8,2
CONT_s13_l2a_BigBuckBunny,1789338617.675,0.1038,15104,12,0,16694792.5,84726754.3,2
CONT_s13_l2a_BigBuckBunny,1789338617.779,0.1037,16656,14,0,16831093.5,89027597.9,2
CONT_s13_l2a_BigBuckBunny,1789338617.883,0.1037,18156,15,0,16935051.4,112813607.9,2
CONT_s13_l2a_BigBuckBunny,1789338617.987,0.1041,12104,10,0,16903136.4,122694380.3,2
CONT_s13_l2a_BigBuckBunny,1789338618.091,0.1038,21156,17,0,17033743.6,129058876.4,2
CONT_s13_l2a_BigBuckBunny,1789338618.194,0.1037,16604,13,0,16844247.5,132355827.0,2
CONT_s13_l2a_BigBuckBunny,1789338618.298,0.1038,12104,10,0,17112953.8,132063370.0,2
CONT_s13_l2a_BigBuckBunny,1789338618.402,0.1038,21052,15,0,16635484.2,137364795.5,2
CONT_s13_l2a_BigBuckBunny,1789338618.506,0.1039,10604,9,0,15989147.3,131546781.7,2
CONT_s13_l2a_BigBuckBunny,1789338618.61,0.1037,19604,15,0,16060073.5,122781081.5,2
CONT_s13_l2a_BigBuckBunny,1789338618.713,0.1037,10552,8,0,15898462.5,132450500.0,2
CONT_s13_l2a_BigBuckBunny,1789338618.817,0.1041,21104,16,0,15620447.5,132367792.7,2
CONT_s13_l2a_BigBuckBunny,1789338618.921,0.1039,10552,8,0,15517540.0,132048488.7,2
CONT_s13_l2a_BigBuckBunny,1789338619.025,0.1038,21035,19,0,15059031.3,70473692.5,2
CONT_s13_l2a_BigBuckBunny,1789338619.13,0.1047,21104,16,0,15671611.6,63111385.9,2
CONT_s13_l2a_BigBuckBunny,1789338619.234,0.1045,10552,8,0,15678768.4,132281264.1,2
CONT_s13_l2a_BigBuckBunny,1789338619.338,0.1038,21104,16,0,15596824.6,132421994.2,2
CONT_s13_l2a_BigBuckBunny,1789338619.442,0.1038,16656,14,0,16874610.1,84797360.7,2
CONT_s13_l2a_BigBuckBunny,1789338619.546,0.1038,15104,12,0,16897677.7,84957416.3,2
CONT_s13_l2a_BigBuckBunny,1789338619.649,0.1038,16656,14,0,17037817.4,89519251.9,2
CONT_s13_l2a_BigBuckBunny,1789338619.755,0.1051,18156,15,0,17101499.0,113346832.3,2
CONT_s13_l2a_BigBuckBunny,1789338619.858,0.1039,12104,10,0,17048240.6,122860438.2,2
CONT_s13_l2a_BigBuckBunny,1789338619.962,0.1037,21156,17,0,17135160.5,129317336.2,2
CONT_s13_l2a_BigBuckBunny,1789338620.066,0.1038,16604,13,0,16917087.7,132656775.5,2
CONT_s13_l2a_BigBuckBunny,1789338620.17,0.1038,12104,10,0,17182709.8,132358926.4,2
CONT_s13_l2a_BigBuckBunny,1789338620.274,0.1038,21104,16,0,16511023.8,137546597.6,2
CONT_s13_l2a_BigBuckBunny,1789338620.377,0.1038,10552,8,0,16229105.4,132745277.9,2
CONT_s13_l2a_BigBuckBunny,1789338620.481,0.1038,19604,15,0,16068309.7,123205102.0,2
CONT_s13_l2a_BigBuckBunny,1789338620.585,0.1038,10552,8,0,15901215.0,132469812.7,2
CONT_s13_l2a_BigBuckBunny,1789338620.689,0.1038,21104,16,0,15624217.6,132511575.3,2
CONT_s13_l2a_BigBuckBunny,1789338620.792,0.1038,10552,8,0,15519816.5,132389165.7,2
CONT_s13_l2a_BigBuckBunny,1789338620.896,0.1037,22656,18,0,16198472.3,108541308.0,2
CONT_s13_l2a_BigBuckBunny,1789338621.0,0.1038,19604,15,0,16885758.7,84875665.1,2
CONT_s13_l2a_BigBuckBunny,1789338621.104,0.1039,9156,9,0,16321468.7,74315562.2,2
CONT_s13_l2a_BigBuckBunny,1789338621.208,0.104,18156,15,0,16909054.0,109702322.8,2
CONT_s13_l2a_BigBuckBunny,1789338621.312,0.1038,19656,16,0,16920757.4,119444955.9,2
CONT_s13_l2a_BigBuckBunny,1789338621.415,0.1038,16604,13,0,16747129.7,127333427.1,2
CONT_s13_l2a_BigBuckBunny,1789338621.519,0.1037,12104,10,0,16932431.6,131931267.9,2
CONT_s13_l2a_BigBuckBunny,1789338621.623,0.1038,21156,17,0,17111169.9,132305537.0,2
CONT_s13_l2a_BigBuckBunny,1789338621.727,0.1038,10552,8,0,16839040.0,141727572.2,2
CONT_s13_l2a_BigBuckBunny,1789338621.83,0.1037,21104,16,0,16194518.5,132504849.7,2
CONT_s13_l2a_BigBuckBunny,1789338621.934,0.1038,9052,7,0,16185789.9,123094918.5,2
CONT_s13_l2a_BigBuckBunny,1789338622.038,0.1039,21104,16,0,15887773.0,127681401.7,2
CONT_s13_l2a_BigBuckBunny,1789338622.142,0.1039,21104,16,0,15609303.4,132349176.6,2
CONT_s13_l2a_BigBuckBunny,1789338622.246,0.104,10552,8,0,15507006.6,132177959.9,2
CONT_s13_l2a_BigBuckBunny,1789338622.35,0.1037,13604,11,0,15790162.7,108282229.3,2
CONT_s13_l2a_BigBuckBunny,1789338622.454,0.1039,21156,17,0,16739987.2,79710540.9,2
CONT_s13_l2a_BigBuckBunny,1789338622.557,0.1038,16656,14,0,16767415.2,84366354.8,2
CONT_s13_l2a_BigBuckBunny,1789338622.661,0.1037,18156,15,0,16926149.6,109938745.0,2
CONT_s13_l2a_BigBuckBunny,1789338622.765,0.1038,15104,12,0,16805850.2,117826454.1,2
CONT_s13_l2a_BigBuckBunny,1789338622.869,0.1038,14802,14,0,16516388.6,98491696.2,2
CONT_s13_l2a_BigBuckBunny,1789338622.972,0.1038,21104,16,0,16599186.4,61816178.3,2
CONT_s13_l2a_BigBuckBunny,1789338623.076,0.1038,10552,8,0,16339012.2,132571999.2,2
CONT_s13_l2a_BigBuckBunny,1789338623.18,0.1038,21104,16,0,15964083.1,132409319.3,2
CONT_s13_l2a_BigBuckBunny,1789338623.284,0.1038,10552,8,0,15825522.6,132373402.4,2
CONT_s13_l2a_BigBuckBunny,1789338623.388,0.1038,21104,16,0,15594238.5,132158391.1,2
CONT_s13_l2a_BigBuckBunny,1789338623.492,0.104,12104,10,0,16339533.8,84458801.6,2
CONT_s13_l2a_BigBuckBunny,1789338623.595,0.1038,22604,17,0,15932642.5,142093598.4,2
CONT_s13_l2a_BigBuckBunny,1789338623.699,0.1038,12104,10,0,16487409.2,36996519.1,2
CONT_s13_l2a_BigBuckBunny,1789338623.803,0.1037,15104,12,0,16527058.0,89255543.6,2
CONT_s13_l2a_BigBuckBunny,1789338623.907,0.1037,22656,18,0,16260343.7,94361652.0,2
CONT_s13_l2a_BigBuckBunny,1789338624.01,0.1038,15104,12,0,16071103.2,94522776.7,2
CONT_s13_l2a_BigBuckBunny,1789338624.114,0.1037,16656,14,0,16272887.7,84361569.1,2
CONT_s13_l2a_BigBuckBunny,1789338624.218,0.1037,9052,7,0,16446550.9,104223256.4,2
CONT_s13_l2a_BigBuckBunny,1789338624.322,0.1037,18104,14,0,16014516.6,113382504.0,2
CONT_s13_l2a_BigBuckBunny,1789338624.425,0.1037,18104,14,0,15738061.3,113319737.9,2
CONT_s13_l2a_BigBuckBunny,1789338624.529,0.1038,16604,13,0,15695852.9,103685208.3,2
CONT_s13_l2a_BigBuckBunny,1789338624.634,0.1052,18104,14,0,15553961.4,113411260.0,2
CONT_s13_l2a_BigBuckBunny,1789338624.738,0.1037,10604,9,0,15414425.9,94278963.0,2
CONT_s13_l2a_BigBuckBunny,1789338624.842,0.1038,22656,18,0,16330907.2,138592305.5,2
CONT_s13_l2a_BigBuckBunny,1789338624.945,0.1037,18104,14,0,16508811.0,141970806.4,2
CONT_s13_l2a_BigBuckBunny,1789338625.049,0.1038,15104,12,0,16635314.8,141875496.6,2
CONT_s13_l2a_BigBuckBunny,1789338625.153,0.1037,18156,15,0,17029702.6,116495897.7,2
CONT_s13_l2a_BigBuckBunny,1789338625.257,0.1039,16656,14,0,17148869.5,99013969.9,2
CONT_s13_l2a_BigBuckBunny,1789338625.36,0.1037,9104,8,0,17116480.8,75212593.5,2
CONT_s13_l2a_BigBuckBunny,1789338625.464,0.1037,18156,15,0,17355413.2,113219939.4,2
CONT_s13_l2a_BigBuckBunny,1789338625.568,0.1037,19656,16,0,17417875.7,119299974.4,2
CONT_s13_l2a_BigBuckBunny,1789338625.672,0.1038,16604,13,0,17233437.7,127422391.9,2
CONT_s13_l2a_BigBuckBunny,1789338625.775,0.1038,13604,11,0,17306353.6,131944000.5,2
CONT_s13_l2a_BigBuckBunny,1789338625.879,0.1036,21156,17,0,17342380.5,131970431.7,2
CONT_s13_l2a_BigBuckBunny,1789338625.983,0.1037,13604,11,0,17355120.7,141864550.8,2
CONT_s13_l2a_BigBuckBunny,1789338626.087,0.1042,18104,14,0,17014390.4,141889961.7,2
CONT_s13_l2a_BigBuckBunny,1789338626.191,0.1037,13604,11,0,17346206.6,141669468.3,2
CONT_s13_l2a_BigBuckBunny,1789338626.294,0.1037,13604,11,0,17386324.2,141612969.1,2
CONT_s13_l2a_BigBuckBunny,1789338626.398,0.1037,21156,17,0,17339603.1,81557103.5,2
CONT_s13_l2a_BigBuckBunny,1789338626.502,0.1037,15104,12,0,16974968.2,94169004.0,2
CONT_s13_l2a_BigBuckBunny,1789338626.606,0.1038,16656,14,0,17151237.1,79872273.1,2
CONT_s13_l2a_BigBuckBunny,1789338626.71,0.1039,16604,13,0,16876905.3,103598261.7,2
CONT_s13_l2a_BigBuckBunny,1789338626.813,0.1038,18104,14,0,16410497.6,113256845.9,2
CONT_s13_l2a_BigBuckBunny,1789338626.917,0.1035,9052,7,0,16228431.3,112995672.8,2
CONT_s13_l2a_BigBuckBunny,1789338627.021,0.1037,16604,13,0,16093804.8,108339594.8,2
CONT_s13_l2a_BigBuckBunny,1789338627.124,0.1038,24363,19,0,15580562.3,104464239.1,2
CONT_s13_l2a_BigBuckBunny,1789338627.228,0.1039,9552,9,0,15783208.0,48872551.5,2
CONT_s13_l2a_BigBuckBunny,1789338627.332,0.1038,18104,14,0,16069490.4,113280748.6,2
CONT_s13_l2a_BigBuckBunny,1789338627.436,0.1037,18104,14,0,15927573.6,113307385.6,2
CONT_s13_l2a_BigBuckBunny,1789338627.54,0.1038,16604,13,0,15946540.2,103804324.7,2
CONT_s13_l2a_BigBuckBunny,1789338627.643,0.1037,18104,14,0,15788517.6,113334411.4,2
CONT_s13_l2a_BigBuckBunny,1789338627.749,0.1058,10604,9,0,15757360.2,93851562.3,2
CONT_s13_l2a_BigBuckBunny,1789338627.853,0.1038,22656,18,0,16543539.7,138626979.5,2
CONT_s13_l2a_BigBuckBunny,1789338627.956,0.1036,15156,13,0,16706256.4,79662733.0,2
CONT_s13_l2a_BigBuckBunny,1789338628.06,0.1038,15104,12,0,16657575.3,99267484.1,2
CONT_s13_l2a_BigBuckBunny,1789338628.164,0.1038,18104,14,0,16291253.0,108583716.6,2
CONT_s13_l2a_BigBuckBunny,1789338628.268,0.1038,18104,14,0,15931860.3,113202060.9,2
CONT_s13_l2a_BigBuckBunny,1789338628.372,0.1038,10604,9,0,15870520.7,93805491.8,2
CONT_s13_l2a_BigBuckBunny,1789338628.475,0.1039,21156,17,0,16639497.6,132209647.3,2
CONT_s13_l2a_BigBuckBunny,1789338628.579,0.1037,16604,13,0,16916677.2,132346680.2,2
CONT_s13_l2a_BigBuckBunny,1789338628.683,0.1038,15104,12,0,16903325.0,132495871.9,2
CONT_s13_l2a_BigBuckBunny,1789338628.787,0.1037,12104,10,0,17236543.2,141277078.7,2
CONT_s13_l2a_BigBuckBunny,1789338628.89,0.1037,22656,18,0,17460086.0,141557998.3,2
CONT_s13_l2a_BigBuckBunny,1789338628.994,0.1037,16604,13,0,17582600.9,122849865.7,2
CONT_s13_l2a_BigBuckBunny,1789338629.098,0.1038,15104,12,0,17393134.5,89480051.3,2
CONT_s13_l2a_BigBuckBunny,1789338629.202,0.1037,15104,12,0,17069430.8,94298785.7,2
CONT_s13_l2a_BigBuckBunny,1789338629.305,0.1037,15104,12,0,16775693.0,94405427.0,2
CONT_s13_l2a_BigBuckBunny,1789338629.409,0.1037,16656,14,0,16672492.4,84628911.3,2
CONT_s13_l2a_BigBuckBunny,1789338629.513,0.1037,19656,16,0,16986670.8,119328308.6,2
CONT_s13_l2a_BigBuckBunny,1789338629.616,0.1038,16604,13,0,16943763.5,127563848.3,2
CONT_s13_l2a_BigBuckBunny,1789338629.72,0.1039,12524,11,0,17338978.8,122609275.3,2
CONT_s13_l2a_BigBuckBunny,1789338629.824,0.1038,10552,8,0,17334235.1,62158908.1,2
CONT_s13_l2a_BigBuckBunny,1789338629.928,0.1038,21104,16,0,16623702.6,132341978.9,2
CONT_s13_l2a_BigBuckBunny,1789338630.032,0.1039,21104,16,0,16191028.6,132542057.7,2
CONT_s13_l2a_BigBuckBunny,1789338630.137,0.105,12104,10,0,17084632.8,84819457.9,2
CONT_s13_l2a_BigBuckBunny,1789338630.241,0.1042,10552,8,0,16699159.2,142324601.3,2
CONT_s13_l2a_BigBuckBunny,1789338630.345,0.1038,24156,19,0,16995044.8,89743102.3,2
CONT_s13_l2a_BigBuckBunny,1789338630.449,0.1037,15104,12,0,16925194.5,89819237.7,2
CONT_s13_l2a_BigBuckBunny,1789338630.552,0.1037,15104,12,0,16706264.2,94279220.3,2
CONT_s13_l2a_BigBuckBunny,1789338630.656,0.1037,15104,12,0,16468843.2,94469276.4,2
CONT_s13_l2a_BigBuckBunny,1789338630.76,0.1039,16656,14,0,16662371.8,79774864.0,2
CONT_s13_l2a_BigBuckBunny,1789338630.864,0.1037,16604,13,0,16582112.6,103814849.0,2
CONT_s13_l2a_BigBuckBunny,1789338630.967,0.1037,18104,14,0,16178910.1,113452133.7,2
CONT_s13_l2a_BigBuckBunny,1789338631.071,0.1038,18104,14,0,15887228.6,113210750.8,2
CONT_s13_l2a_BigBuckBunny,1789338631.175,0.1038,16604,13,0,15837286.1,103542341.7,2
CONT_s13_l2a_BigBuckBunny,1789338631.279,0.1037,18104,14,0,15669353.7,113085426.2,2
CONT_s13_l2a_BigBuckBunny,1789338631.382,0.1038,10604,9,0,15578012.4,94287154.8,2
CONT_s13_l2a_BigBuckBunny,1789338631.486,0.1037,22656,18,0,16449201.8,138805340.6,2
CONT_s13_l2a_BigBuckBunny,1789338631.59,0.1037,10552,8,0,16514313.1,141837123.7,2
CONT_s13_l2a_BigBuckBunny,1789338631.694,0.1039,22656,18,0,16745898.0,141610574.1,2
CONT_s13_l2a_BigBuckBunny,1789338631.797,0.1038,12104,10,0,17105420.0,141416329.8,2
CONT_s13_l2a_BigBuckBunny,1789338631.901,0.1037,15156,13,0,17361910.6,79480387.6,2
CONT_s13_l2a_BigBuckBunny,1789338632.005,0.1038,16656,14,0,17279606.2,89362310.3,2
CONT_s13_l2a_BigBuckBunny,1789338632.109,0.1038,18156,15,0,17407870.8,112806743.3,2
CONT_s13_l2a_BigBuckBunny,1789338632.213,0.1038,19656,16,0,17456243.1,119593635.9,2
CONT_s13_l2a_BigBuckBunny,1789338632.316,0.1038,16604,13,0,17265602.5,127713396.4,2
CONT_s13_l2a_BigBuckBunny,1789338632.42,0.1037,13604,11,0,17346244.6,131983595.5,2
CONT_s13_l2a_BigBuckBunny,1789338632.524,0.1037,12104,10,0,17449260.8,132084247.3,2
CONT_s13_l2a_BigBuckBunny,1789338632.627,0.1038,22656,18,0,17391737.2,138678262.5,2
CONT_s13_l2a_BigBuckBunny,1789338632.731,0.1039,9052,7,0,17330682.1,141626811.1,2
CONT_s13_l2a_BigBuckBunny,1789338632.835,0.1037,22656,18,0,17371692.5,141691444.9,2
CONT_s13_l2a_BigBuckBunny,1789338632.939,0.1037,13604,11,0,17430128.0,141402361.6,2
CONT_s13_l2a_BigBuckBunny,1789338633.043,0.1038,21156,17,0,17355587.8,81710764.4,2
CONT_s13_l2a_BigBuckBunny,1789338633.146,0.1037,15104,12,0,16986388.2,94421668.4,2
CONT_s13_l2a_BigBuckBunny,1789338633.252,0.1055,16656,14,0,17176654.3,79665060.1,2
CONT_s13_l2a_BigBuckBunny,1789338633.356,0.1038,16604,13,0,16895278.8,103610999.0,2
CONT_s13_l2a_BigBuckBunny,1789338633.46,0.1038,9052,7,0,16641549.3,113441905.8,2
CONT_s13_l2a_BigBuckBunny,1789338633.563,0.1039,18104,14,0,16229888.3,113491994.1,2
CONT_s13_l2a_BigBuckBunny,1789338633.667,0.104,16604,13,0,16115269.7,108770099.8,2
CONT_s13_l2a_BigBuckBunny,1789338633.771,0.1038,22365,19,0,16417595.9,76970893.7,2
CONT_s13_l2a_BigBuckBunny,1789338633.875,0.1037,9052,7,0,16407132.6,738475.0,2
CONT_s13_l2a_BigBuckBunny,1789338633.979,0.1038,18104,14,0,16173269.7,113408902.8,2
CONT_s13_l2a_BigBuckBunny,1789338634.083,0.1038,16604,13,0,16126604.8,108806878.5,2
CONT_s13_l2a_BigBuckBunny,1789338634.186,0.1037,18104,14,0,15985575.0,108809205.9,2
CONT_s13_l2a_BigBuckBunny,1789338634.29,0.1038,19656,16,0,16090934.4,103520763.5,2
CONT_s13_l2a_BigBuckBunny,1789338634.394,0.1037,10552,8,0,16353021.4,132359258.1,2
CONT_s13_l2a_BigBuckBunny,1789338634.497,0.1038,22656,18,0,16555211.7,141712637.7,2
CONT_s13_l2a_BigBuckBunny,1789338634.601,0.1038,13604,11,0,16855125.7,94066311.5,2
CONT_s13_l2a_BigBuckBunny,1789338634.705,0.1038,15104,12,0,16639022.3,94359026.7,2
CONT_s13_l2a_BigBuckBunny,1789338634.809,0.1038,15104,12,0,16408906.8,94160328.7,2
CONT_s13_l2a_BigBuckBunny,1789338634.912,0.1037,18156,15,0,16373174.2,84326803.5,2
CONT_s13_l2a_BigBuckBunny,1789338635.016,0.1038,15104,12,0,16552411.5,112959091.0,2
CONT_s13_l2a_BigBuckBunny,1789338635.12,0.1038,18104,14,0,16173150.3,113558343.7,2
CONT_s13_l2a_BigBuckBunny,1789338635.224,0.1037,18104,14,0,15855949.4,113736111.6,2
CONT_s13_l2a_BigBuckBunny,1789338635.328,0.1038,15104,12,0,15863291.3,104002597.3,2
CONT_s13_l2a_BigBuckBunny,1789338635.431,0.1039,15104,12,0,16022462.5,132511033.0,2
CONT_s13_l2a_BigBuckBunny,1789338635.535,0.1037,12104,10,0,16323498.4,141873092.6,2
CONT_s13_l2a_BigBuckBunny,1789338635.639,0.1039,22656,18,0,16843117.5,142028187.9,2
CONT_s13_l2a_BigBuckBunny,1789338635.744,0.1048,15156,13,0,17122020.0,79539963.3,2
CONT_s13_l2a_BigBuckBunny,1789338635.848,0.1037,15104,12,0,16911075.0,98675822.0,2
CONT_s13_l2a_BigBuckBunny,1789338635.951,0.1037,18104,14,0,16481095.9,108617260.2,2
CONT_s13_l2a_BigBuckBunny,1789338636.055,0.1037,18104,14,0,16101641.3,113432802.5,2
CONT_s13_l2a_BigBuckBunny,1789338636.159,0.1038,16604,13,0,15989458.2,108588404.7,2
CONT_s13_l2a_BigBuckBunny,1789338636.263,0.1037,9052,7,0,15985168.6,103789717.1,2
CONT_s13_l2a_BigBuckBunny,1789338636.367,0.104,24156,19,0,15925895.1,106955464.8,2
CONT_s13_l2a_BigBuckBunny,1789338636.471,0.1042,15104,12,0,16047542.8,132221212.0,2
CONT_s13_l2a_BigBuckBunny,1789338636.574,0.1037,12104,10,0,16368187.6,141534954.7,2
CONT_s13_l2a_BigBuckBunny,1789338636.678,0.1037,22656,18,0,16865222.7,141565739.1,2
CONT_s13_l2a_BigBuckBunny,1789338636.782,0.1037,16552,12,0,17036157.0,123427933.1,2
CONT_s13_l2a_BigBuckBunny,1789338636.886,0.1037,15156,13,0,16827813.5,89003354.5,2
CONT_s13_l2a_BigBuckBunny,1789338636.989,0.1037,15104,12,0,16668087.8,94088126.2,2
CONT_s13_l2a_BigBuckBunny,1789338637.093,0.1038,18156,15,0,16890546.4,89207675.4,2
CONT_s13_l2a_BigBuckBunny,1789338637.197,0.1037,14769,14,0,16004837.2,68192724.7,3
CONT_s13_l2a_BigBuckBunny,1789338637.301,0.1038,18437,17,0,14282603.4,112386737.7,4
CONT_s13_l2a_BigBuckBunny,1789338637.405,0.104,12156,11,0,13351007.6,109170927.3,4
CONT_s13_l2a_BigBuckBunny,1789338637.508,0.1038,19656,16,0,17659124.4,125345097.6,4
CONT_s13_l2a_BigBuckBunny,1789338637.612,0.104,18104,14,0,18500389.7,127453101.4,2
CONT_s13_l2a_BigBuckBunny,1789338637.716,0.104,13604,11,0,21970143.0,141534099.1,4
CONT_s13_l2a_BigBuckBunny,1789338637.82,0.1039,16708,15,0,26229744.3,118471696.6,4
CONT_s13_l2a_BigBuckBunny,1789338637.924,0.1039,16708,15,0,28993018.6,103024012.1,4
CONT_s13_l2a_BigBuckBunny,1789338638.028,0.1039,15156,13,0,31000275.5,117716965.8,4
CONT_s13_l2a_BigBuckBunny,1789338638.134,0.1055,18156,15,0,28308956.6,140106146.2,4
CONT_s13_l2a_BigBuckBunny,1789338638.238,0.1042,18156,15,0,27967206.9,132225031.0,4
CONT_s13_l2a_BigBuckBunny,1789338638.342,0.1039,15156,13,0,37242038.0,141237089.5,4
CONT_s13_l2a_BigBuckBunny,1789338638.446,0.1039,15208,14,0,37759234.4,127729386.6,4
CONT_s13_l2a_BigBuckBunny,1789338638.549,0.1039,18208,16,0,36707414.6,139650683.3,4
CONT_s13_l2a_BigBuckBunny,1789338638.653,0.1038,18208,16,0,36927079.4,123933747.6,4
CONT_s13_l2a_BigBuckBunny,1789338638.757,0.1039,12156,11,0,40966440.1,138468743.3,4
CONT_s13_l2a_BigBuckBunny,1789338638.861,0.104,18208,16,0,37064833.1,131695475.1,4
CONT_s13_l2a_BigBuckBunny,1789338638.965,0.1038,18208,16,0,37599125.5,131566748.2,4
CONT_s13_l2a_BigBuckBunny,1789338639.069,0.1038,15208,14,0,39594245.9,121773247.4,4
CONT_s13_l2a_BigBuckBunny,1789338639.173,0.1038,18208,16,0,38195696.6,141098282.6,4
CONT_s13_l2a_BigBuckBunny,1789338639.277,0.1039,16656,14,0,26184371.9,154198975.2,2
CONT_s13_l2a_BigBuckBunny,1789338639.381,0.104,15208,14,0,41420506.4,163455777.4,4
CONT_s13_l2a_BigBuckBunny,1789338639.485,0.104,13656,12,0,44142194.5,172748090.3,4
CONT_s13_l2a_BigBuckBunny,1789338639.588,0.104,16708,15,0,40701668.2,159085488.2,4
CONT_s13_l2a_BigBuckBunny,1789338639.693,0.1041,16708,15,0,40913003.9,122252079.0,4
CONT_s13_l2a_BigBuckBunny,1789338639.796,0.1039,18208,16,0,40131576.9,127127192.5,4
CONT_s13_l2a_BigBuckBunny,1789338639.901,0.104,18208,16,0,40187320.5,131636036.1,4
CONT_s13_l2a_BigBuckBunny,1789338640.004,0.1039,15208,14,0,42122778.9,121920793.7,4
CONT_s13_l2a_BigBuckBunny,1789338640.108,0.1039,16708,15,0,40980518.0,132258972.9,4
CONT_s13_l2a_BigBuckBunny,1789338640.212,0.104,15156,13,0,27776468.8,144749501.1,2
CONT_s13_l2a_BigBuckBunny,1789338640.316,0.1041,15208,14,0,42754474.7,152376431.4,4
CONT_s13_l2a_BigBuckBunny,1789338640.421,0.104,18208,16,0,42119189.8,163521984.8,4
CONT_s13_l2a_BigBuckBunny,1789338640.524,0.1039,18208,16,0,41059054.9,165112209.6,4
CONT_s13_l2a_BigBuckBunny,1789338640.629,0.1042,16656,14,0,24958479.6,141643171.3,2
CONT_s13_l2a_BigBuckBunny,1789338640.733,0.1041,16708,15,0,43611810.7,172808235.8,4
CONT_s13_l2a_BigBuckBunny,1789338640.837,0.104,12156,11,0,49474281.5,138569029.1,4
CONT_s13_l2a_BigBuckBunny,1789338640.941,0.1039,18208,16,0,42785325.0,130004730.2,4
CONT_s13_l2a_BigBuckBunny,1789338641.044,0.1039,18208,16,0,42650881.6,131759906.8,4
CONT_s13_l2a_BigBuckBunny,1789338641.148,0.1039,12156,11,0,47731372.5,140926636.6,4
CONT_s13_l2a_BigBuckBunny,1789338641.254,0.1058,19760,18,0,41918093.8,123918763.7,4
CONT_s13_l2a_BigBuckBunny,1789338641.358,0.104,18208,16,0,41005930.2,145769514.9,4
CONT_s13_l2a_BigBuckBunny,1789338641.462,0.1039,16656,14,0,25042982.5,135174454.4,2
CONT_s13_l2a_BigBuckBunny,1789338641.566,0.1039,13656,12,0,47220010.8,165453173.2,4
CONT_s13_l2a_BigBuckBunny,1789338641.67,0.1039,19872,19,0,45900304.8,147616937.4,4
CONT_s13_l2a_BigBuckBunny,1789338641.774,0.1039,10604,9,0,39830435.8,77400972.9,4
CONT_s13_l2a_BigBuckBunny,1789338641.878,0.1039,21208,18,0,39841692.0,139616310.6,4
CONT_s13_l2a_BigBuckBunny,1789338641.982,0.1039,13656,12,0,45634164.1,161211034.5,4
CONT_s13_l2a_BigBuckBunny,1789338642.086,0.1041,18156,15,0,34450947.5,150734611.1,4
CONT_s13_l2a_BigBuckBunny,1789338642.19,0.1039,18260,17,0,46893396.5,134471891.4,4
CONT_s13_l2a_BigBuckBunny,1789338642.294,0.1039,15208,14,0,42813258.3,112444516.7,4
CONT_s13_l2a_BigBuckBunny,1789338642.398,0.1039,18208,16,0,40779717.1,125580162.9,4
CONT_s13_l2a_BigBuckBunny,1789338642.501,0.1039,15156,13,0,36610750.7,131733025.9,4
CONT_s13_l2a_BigBuckBunny,1789338642.605,0.104,18156,15,0,39607838.1,132132657.8,4
CONT_s13_l2a_BigBuckBunny,1789338642.709,0.1041,15208,14,0,38761495.9,116230517.8,4
CONT_s13_l2a_BigBuckBunny,1789338642.813,0.1039,13708,13,0,44953693.7,132268024.5,4
CONT_s13_l2a_BigBuckBunny,1789338642.917,0.1039,18208,16,0,42086716.9,144328782.1,4
CONT_s13_l2a_BigBuckBunny,1789338643.021,0.1039,15208,14,0,43676877.7,155852257.1,4
CONT_s13_l2a_BigBuckBunny,1789338643.125,0.1039,18156,15,0,34915330.7,154868148.3,4
CONT_s13_l2a_BigBuckBunny,1789338643.229,0.1038,18156,15,0,33997024.1,135509560.5,4
CONT_s13_l2a_BigBuckBunny,1789338643.333,0.1039,13656,12,0,47784059.2,161256004.1,4
CONT_s13_l2a_BigBuckBunny,1789338643.437,0.104,15208,14,0,46025354.3,138736735.9,4
CONT_s13_l2a_BigBuckBunny,1789338643.541,0.1041,15208,14,0,45321013.1,116276730.8,4
CONT_s13_l2a_BigBuckBunny,1789338643.645,0.1042,18208,16,0,42487352.6,122226162.1,4
CONT_s13_l2a_BigBuckBunny,1789338643.751,0.1058,18208,16,0,42352641.2,130128791.1,4
CONT_s13_l2a_BigBuckBunny,1789338643.855,0.1038,16402,16,0,42582246.4,108196143.1,4
CONT_s13_l2a_BigBuckBunny,1789338643.959,0.104,18208,16,0,41884324.4,129434975.7,4
CONT_s13_l2a_BigBuckBunny,1789338644.063,0.104,12156,11,0,46420922.9,140926090.5,4
CONT_s13_l2a_BigBuckBunny,1789338644.167,0.1045,18208,16,0,40843276.5,131634141.7,4
CONT_s13_l2a_BigBuckBunny,1789338644.271,0.104,19760,18,0,41719207.0,123928816.5,4
CONT_s13_l2a_BigBuckBunny,1789338644.375,0.104,16656,14,0,35204457.9,153050762.9,4
CONT_s13_l2a_BigBuckBunny,1789338644.479,0.1039,13656,12,0,36338444.9,145260221.3,4
CONT_s13_l2a_BigBuckBunny,1789338644.583,0.1039,19760,18,0,40485811.7,149707803.3,4
CONT_s13_l2a_BigBuckBunny,1789338644.687,0.104,13708,13,0,44411448.1,131288520.1,4
CONT_s13_l2a_BigBuckBunny,1789338644.791,0.1039,13708,13,0,44888177.2,131040195.2,4
CONT_s13_l2a_BigBuckBunny,1789338644.895,0.1039,19760,18,0,39409478.6,139498771.0,4
CONT_s13_l2a_BigBuckBunny,1789338644.999,0.1039,18208,16,0,41516949.9,147215582.5,4
CONT_s13_l2a_BigBuckBunny,1789338645.103,0.1039,16708,15,0,41438122.2,155712429.2,4
CONT_s13_l2a_BigBuckBunny,1789338645.207,0.1039,15156,13,0,25579423.2,131762147.8,2
CONT_s13_l2a_BigBuckBunny,1789338645.31,0.1039,15208,14,0,44129713.1,163619323.8,4
CONT_s13_l2a_BigBuckBunny,1789338645.414,0.1039,13656,12,0,46878531.9,170873950.7,4
CONT_s13_l2a_BigBuckBunny,1789338645.518,0.104,19708,17,0,33928788.1,160555075.2,4
CONT_s13_l2a_BigBuckBunny,1789338645.622,0.104,16708,15,0,44693240.8,139133615.6,4
CONT_s13_l2a_BigBuckBunny,1789338645.726,0.104,18208,16,0,43218680.4,128588186.8,4
CONT_s13_l2a_BigBuckBunny,1789338645.83,0.1039,15156,13,0,36194065.1,116361037.7,4
CONT_s13_l2a_BigBuckBunny,1789338645.934,0.1039,18208,16,0,41814323.0,131628836.7,4
CONT_s13_l2a_BigBuckBunny,1789338646.038,0.1039,12156,11,0,48967633.5,140852047.7,4
CONT_s13_l2a_BigBuckBunny,1789338646.142,0.1039,18208,16,0,42657928.9,131618517.6,4
CONT_s13_l2a_BigBuckBunny,1789338646.248,0.1063,18208,16,0,42545988.0,131667499.1,4
CONT_s13_l2a_BigBuckBunny,1789338646.352,0.104,12156,11,0,47492245.1,140942500.6,4
CONT_s13_l2a_BigBuckBunny,1789338646.456,0.104,19760,18,0,41658486.2,117626179.8,4
CONT_s13_l2a_BigBuckBunny,1789338646.56,0.1039,18208,16,0,42221517.0,157129911.6,4
CONT_s13_l2a_BigBuckBunny,1789338646.664,0.1039,15208,14,0,43629742.6,130402614.0,4
CONT_s13_l2a_BigBuckBunny,1789338646.768,0.1039,18260,17,0,40515790.2,105852254.8,4
CONT_s13_l2a_BigBuckBunny,1789338646.873,0.1044,13708,13,0,44158008.3,133348324.3,4
CONT_s13_l2a_BigBuckBunny,1789338646.977,0.104,19760,18,0,39262136.9,139624807.6,4
CONT_s13_l2a_BigBuckBunny,1789338647.081,0.1041,13656,12,0,43754333.2,152900111.7,4
CONT_s13_l2a_BigBuckBunny,1789338647.185,0.1041,18507,18,0,38593559.6,138859487.7,4
CONT_s13_l2a_BigBuckBunny,1789338647.289,0.1039,15104,12,0,26236924.5,82178109.6,2
CONT_s13_l2a_BigBuckBunny,1789338647.393,0.1039,13656,12,0,45376307.8,156401339.9,4
CONT_s13_l2a_BigBuckBunny,1789338647.497,0.104,21320,20,0,39317348.0,150708599.4,5
CONT_s13_l2a_BigBuckBunny,1789338647.601,0.1041,13977,15,0,35006071.2,149726258.4,6
CONT_s13_l2a_BigBuckBunny,1789338647.705,0.1042,19708,17,0,28521283.6,128220824.7,4
CONT_s13_l2a_BigBuckBunny,1789338647.809,0.1042,16656,14,0,22860990.2,123572161.4,4
CONT_s13_l2a_BigBuckBunny,1789338647.913,0.1042,15208,14,0,23979305.4,86908317.1,4
CONT_s13_l2a_BigBuckBunny,1789338648.017,0.1042,15156,13,0,26098387.9,117287715.9,4
CONT_s13_l2a_BigBuckBunny,1789338648.122,0.1043,18208,16,0,28024050.8,119112164.1,4
CONT_s13_l2a_BigBuckBunny,1789338648.226,0.1043,15208,14,0,31668653.3,129476561.3,4
CONT_s13_l2a_BigBuckBunny,1789338648.33,0.1041,16708,15,0,32514303.7,132680547.9,4
CONT_s13_l2a_BigBuckBunny,1789338648.434,0.1041,15208,14,0,34597470.9,150270810.9,4
CONT_s13_l2a_BigBuckBunny,1789338648.538,0.1041,16708,15,0,36582049.9,150417616.4,4
CONT_s13_l2a_BigBuckBunny,1789338648.643,0.1042,18208,16,0,35941433.8,160053072.5,4
CONT_s13_l2a_BigBuckBunny,1789338648.748,0.1057,16656,14,0,25551938.7,141486290.8,2
CONT_s13_l2a_BigBuckBunny,1789338648.852,0.1042,15208,14,0,39903128.9,169413722.1,4
CONT_s13_l2a_BigBuckBunny,1789338648.956,0.1041,13656,12,0,42657584.0,172786223.6,4
CONT_s13_l2a_BigBuckBunny,1789338649.061,0.1043,16708,15,0,39705263.1,158992000.9,4
CONT_s13_l2a_BigBuckBunny,1789338649.165,0.1042,18208,16,0,39196470.2,127080151.8,4
CONT_s13_l2a_BigBuckBunny,1789338649.269,0.1041,18208,16,0,39465124.1,131822887.0,4
CONT_s13_l2a_BigBuckBunny,1789338649.373,0.1041,18208,16,0,39670246.8,131644713.0,4
CONT_s13_l2a_BigBuckBunny,1789338649.477,0.104,16708,15,0,40731993.8,127096113.5,4
CONT_s13_l2a_BigBuckBunny,1789338649.581,0.1041,15156,13,0,26718827.7,127365648.8,2
CONT_s13_l2a_BigBuckBunny,1789338649.685,0.104,15208,14,0,42242361.9,152380558.5,4
CONT_s13_l2a_BigBuckBunny,1789338649.789,0.1041,13656,12,0,44928014.3,170863080.4,4
CONT_s13_l2a_BigBuckBunny,1789338649.894,0.1041,21208,18,0,38630814.2,152491077.8,4
CONT_s13_l2a_BigBuckBunny,1789338649.998,0.1041,15104,12,0,24678692.2,132451928.3,2
CONT_s13_l2a_BigBuckBunny,1789338650.102,0.1042,18260,17,0,48875553.8,156728175.4,4
CONT_s13_l2a_BigBuckBunny,1789338650.206,0.1042,15208,14,0,44138898.0,112678917.7,4
CONT_s13_l2a_BigBuckBunny,1789338650.31,0.1041,18208,16,0,41778279.4,122528799.3,4
CONT_s13_l2a_BigBuckBunny,1789338650.414,0.1041,15156,13,0,35553970.1,116926937.5,4
CONT_s13_l2a_BigBuckBunny,1789338650.518,0.1041,18156,15,0,40892503.3,132393678.7,4
CONT_s13_l2a_BigBuckBunny,1789338650.623,0.1043,12208,12,0,46151256.2,140631262.4,4
CONT_s13_l2a_BigBuckBunny,1789338650.727,0.1042,19760,18,0,40402089.2,126907900.4,4
CONT_s13_l2a_BigBuckBunny,1789338650.831,0.1041,12156,11,0,46813484.8,150474179.5,4
CONT_s13_l2a_BigBuckBunny,1789338650.935,0.1042,21260,19,0,39083183.7,149056140.5,4
CONT_s13_l2a_BigBuckBunny,1789338651.039,0.1041,15104,12,0,25962178.2,137208961.7,2
CONT_s13_l2a_BigBuckBunny,1789338651.143,0.104,13656,12,0,47140306.4,161161008.6,4
CONT_s13_l2a_BigBuckBunny,1789338651.249,0.1062,21265,19,0,40971917.5,128702551.8,4
CONT_s13_l2a_BigBuckBunny,1789338651.354,0.1042,13656,12,0,47149113.2,194447788.3,4
CONT_s13_l2a_BigBuckBunny,1789338651.458,0.1041,18156,15,0,35092859.4,151057716.6,4
CONT_s13_l2a_BigBuckBunny,1789338651.562,0.1042,18156,15,0,34279834.1,135419188.5,4
CONT_s13_l2a_BigBuckBunny,1789338651.666,0.1041,15208,14,0,45872204.6,143480089.6,4
CONT_s13_l2a_BigBuckBunny,1789338651.77,0.1041,15208,14,0,44991950.9,120243423.5,4
CONT_s13_l2a_BigBuckBunny,1789338651.874,0.1042,18208,16,0,41532059.4,119311017.6,4
CONT_s13_l2a_BigBuckBunny,1789338651.978,0.1041,12156,11,0,48097977.5,136507893.9,4
CONT_s13_l2a_BigBuckBunny,1789338652.083,0.1042,18208,16,0,42434232.1,131950670.7,4
CONT_s13_l2a_BigBuckBunny,1789338652.187,0.1042,18208,16,0,42347645.9,131943483.5,4
CONT_s13_l2a_BigBuckBunny,1789338652.291,0.1041,16708,15,0,43520074.2,130523445.0,4
CONT_s13_l2a_BigBuckBunny,1789338652.395,0.1041,15208,14,0,43449911.6,144925162.8,4
CONT_s13_l2a_BigBuckBunny,1789338652.499,0.1041,18208,16,0,35330707.9,149368496.1,4
CONT_s13_l2a_BigBuckBunny,1789338652.603,0.1041,18104,14,0,33860258.5,139508508.4,4
CONT_s13_l2a_BigBuckBunny,1789338652.708,0.1043,13708,13,0,46707040.3,160575016.3,4
CONT_s13_l2a_BigBuckBunny,1789338652.812,0.1041,13656,12,0,47073442.5,161052028.6,4
CONT_s13_l2a_BigBuckBunny,1789338652.916,0.1041,18208,16,0,42245463.5,141185085.5,4
CONT_s13_l2a_BigBuckBunny,1789338653.02,0.1042,19760,18,0,42436291.5,111007736.6,4
CONT_s13_l2a_BigBuckBunny,1789338653.124,0.1041,12156,11,0,47384934.9,126880069.7,4
CONT_s13_l2a_BigBuckBunny,1789338653.228,0.1041,18208,16,0,41436354.1,130088340.3,4
CONT_s13_l2a_BigBuckBunny,1789338653.332,0.1041,18208,16,0,41316421.4,131808479.5,4
CONT_s13_l2a_BigBuckBunny,1789338653.436,0.1042,18156,15,0,38789642.3,131996502.3,4
CONT_s13_l2a_BigBuckBunny,1789338653.541,0.1042,13708,13,0,41179668.7,127815590.9,4
CONT_s13_l2a_BigBuckBunny,1789338653.645,0.1044,18208,16,0,33876710.0,126187176.8,4
CONT_s13_l2a_BigBuckBunny,1789338653.75,0.1049,15208,14,0,43455156.6,152211907.3,4
CONT_s13_l2a_BigBuckBunny,1789338653.854,0.1042,13656,12,0,45995630.4,170691292.2,4
CONT_s13_l2a_BigBuckBunny,1789338653.958,0.1042,21208,18,0,39378540.7,152211484.3,4
CONT_s13_l2a_BigBuckBunny,1789338654.062,0.1042,15104,12,0,25014164.2,132357971.2,2
CONT_s13_l2a_BigBuckBunny,1789338654.167,0.1041,18260,17,0,49731587.9,156482240.8,4
CONT_s13_l2a_BigBuckBunny,1789338654.271,0.1041,15208,14,0,44819642.7,112487936.5,4
CONT_s13_l2a_BigBuckBunny,1789338654.375,0.1041,18156,15,0,39891791.1,122808030.4,4
CONT_s13_l2a_BigBuckBunny,1789338654.479,0.1041,15208,14,0,39009755.6,116304576.0,4
CONT_s13_l2a_BigBuckBunny,1789338654.583,0.1041,12156,11,0,47727846.0,141086801.7,4
CONT_s13_l2a_BigBuckBunny,1789338654.687,0.1042,18208,16,0,42061024.0,131941955.6,4
CONT_s13_l2a_BigBuckBunny,1789338654.791,0.1041,19760,18,0,40760366.7,126879531.3,4
CONT_s13_l2a_BigBuckBunny,1789338654.895,0.1041,12156,11,0,47195019.1,150165236.9,4
CONT_s13_l2a_BigBuckBunny,1789338654.999,0.104,21260,19,0,39368036.9,149081911.8,4
CONT_s13_l2a_BigBuckBunny,1789338655.104,0.1042,15104,12,0,26073955.8,136923130.6,2
CONT_s13_l2a_BigBuckBunny,1789338655.208,0.1042,13656,12,0,47412945.5,161187665.4,4
CONT_s13_l2a_BigBuckBunny,1789338655.312,0.1041,20493,21,0,40435352.1,126071033.2,5
CONT_s13_l2a_BigBuckBunny,1789338655.416,0.1042,13885,13,0,31541245.1,185992057.1,5
CONT_s13_l2a_BigBuckBunny,1789338655.52,0.1042,18208,16,0,21373807.4,125923224.8,4
CONT_s13_l2a_BigBuckBunny,1789338655.625,0.1042,18156,15,0,22907583.0,132491689.5,4
CONT_s13_l2a_BigBuckBunny,1789338655.729,0.1044,15208,14,0,26051487.0,127938549.3,4
CONT_s13_l2a_BigBuckBunny,1789338655.833,0.1043,18208,16,0,30813348.2,128531285.9,4
CONT_s13_l2a_BigBuckBunny,1789338655.937,0.1043,15208,14,0,29765045.3,108705707.1,4
CONT_s13_l2a_BigBuckBunny,1789338656.042,0.1043,12156,11,0,34189297.5,136140346.3,4
CONT_s13_l2a_BigBuckBunny,1789338656.146,0.1044,18208,16,0,34543007.6,131645312.5,4
CONT_s13_l2a_BigBuckBunny,1789338656.252,0.1056,18208,16,0,35819023.1,131592190.6,4
CONT_s13_l2a_BigBuckBunny,1789338656.356,0.1044,16708,15,0,37726488.1,130319601.1,4
CONT_s13_l2a_BigBuckBunny,1789338656.46,0.1042,15208,14,0,38285801.3,144621038.9,4
CONT_s13_l2a_BigBuckBunny,1789338656.565,0.1042,18208,16,0,33277793.2,149195245.5,4
CONT_s13_l2a_BigBuckBunny,1789338656.669,0.1042,18156,15,0,32128974.3,139179464.1,4
CONT_s13_l2a_BigBuckBunny,1789338656.773,0.1042,13656,12,0,43200745.8,161047503.2,4
CONT_s13_l2a_BigBuckBunny,1789338656.877,0.1043,13656,12,0,43492271.8,161169551.9,4
CONT_s13_l2a_BigBuckBunny,1789338656.982,0.1042,22708,19,0,39429116.6,137531871.4,4
CONT_s13_l2a_BigBuckBunny,1789338657.086,0.1043,15260,15,0,43031310.5,115849580.1,4
CONT_s13_l2a_BigBuckBunny,1789338657.19,0.1042,12156,11,0,44952617.3,126891809.0,4
CONT_s13_l2a_BigBuckBunny,1789338657.295,0.1048,18208,16,0,40000240.8,130023029.1,4
CONT_s13_l2a_BigBuckBunny,1789338657.399,0.1043,18208,16,0,40070990.0,131678742.2,4
CONT_s13_l2a_BigBuckBunny,1789338657.503,0.1042,18208,16,0,40163514.4,131588242.8,4
CONT_s13_l2a_BigBuckBunny,1789338657.608,0.1042,16708,15,0,41163433.8,127042937.3,4
CONT_s13_l2a_BigBuckBunny,1789338657.712,0.1044,15156,13,0,27480524.4,127161663.8,2
CONT_s13_l2a_BigBuckBunny,1789338657.816,0.1043,15208,14,0,42540041.3,152262475.4,4
CONT_s13_l2a_BigBuckBunny,1789338657.921,0.1042,13656,12,0,45088609.2,170530547.3,4
CONT_s13_l2a_BigBuckBunny,1789338658.025,0.1042,21208,18,0,38832355.9,152372558.9,4
CONT_s13_l2a_BigBuckBunny,1789338658.132,0.1073,18156,15,0,34207217.8,150979594.0,4
CONT_s13_l2a_BigBuckBunny,1789338658.236,0.1043,15208,14,0,44832337.6,138867472.5,4
CONT_s13_l2a_BigBuckBunny,1789338658.341,0.1043,15208,14,0,44289765.0,112586349.8,4
CONT_s13_l2a_BigBuckBunny,1789338658.445,0.1043,18208,16,0,41894539.4,122311374.4,4
CONT_s13_l2a_BigBuckBunny,1789338658.549,0.1042,15156,13,0,35685416.1,116699456.5,4
CONT_s13_l2a_BigBuckBunny,1789338658.654,0.1045,18208,16,0,40605018.4,131876187.0,4
CONT_s13_l2a_BigBuckBunny,1789338658.758,0.1043,12156,11,0,47270719.0,140777631.3,4
CONT_s13_l2a_BigBuckBunny,1789338658.862,0.1041,19760,18,0,40525975.1,126736633.8,4
CONT_s13_l2a_BigBuckBunny,1789338658.966,0.1043,18208,16,0,41951735.8,144390175.0,4
CONT_s13_l2a_BigBuckBunny,1789338659.071,0.1043,15208,14,0,43533075.4,155755511.4,4
CONT_s13_l2a_BigBuckBunny,1789338659.175,0.1042,18104,14,0,31571656.6,155393580.1,3
CONT_s13_l2a_BigBuckBunny,1789338659.279,0.1043,10656,10,0,44746011.1,136533001.6,4
CONT_s13_l2a_BigBuckBunny,1789338659.383,0.1043,21208,18,0,40957888.3,150915449.1,4
CONT_s13_l2a_BigBuckBunny,1789338659.488,0.1043,15208,14,0,45940905.1,138684947.1,4
CONT_s13_l2a_BigBuckBunny,1789338659.592,0.1043,11255,12,0,46355203.8,133409923.2,4
CONT_s13_l2a_BigBuckBunny,1789338659.696,0.1044,24260,21,0,38582219.4,93541288.5,4
CONT_s13_l2a_BigBuckBunny,1789338659.801,0.1042,12156,11,0,46627049.6,122290337.1,4
CONT_s13_l2a_BigBuckBunny,1789338659.905,0.1045,18208,16,0,41772930.6,128715044.8,4
CONT_s13_l2a_BigBuckBunny,1789338660.009,0.1042,18208,16,0,41808528.1,131598225.9,4
CONT_s13_l2a_BigBuckBunny,1789338660.113,0.1043,13708,13,0,44951356.8,118436150.9,4
CONT_s13_l2a_BigBuckBunny,1789338660.218,0.1044,16708,15,0,42614673.6,147323451.4,4
CONT_s13_l2a_BigBuckBunny,1789338660.322,0.1044,16708,15,0,41459744.9,150703195.0,4
CONT_s13_l2a_BigBuckBunny,1789338660.427,0.1045,19708,17,0,33728633.0,156209342.3,4
CONT_s13_l2a_BigBuckBunny,1789338660.531,0.1042,13656,12,0,36582800.8,145616521.6,4
CONT_s13_l2a_BigBuckBunny,1789338660.637,0.1061,16708,15,0,43752314.6,167055976.4,4
CONT_s13_l2a_BigBuckBunny,1789338660.741,0.1042,18208,16,0,41420672.1,165134100.3,4
CONT_s13_l2a_BigBuckBunny,1789338660.846,0.1042,18208,16,0,41496915.2,161952724.6,4
CONT_s13_l2a_BigBuckBunny,1789338660.95,0.1043,15156,13,0,36471266.1,177357995.7,4
CONT_s13_l2a_BigBuckBunny,1789338661.054,0.1043,18208,16,0,42801314.5,169667832.9,4
CONT_s13_l2a_BigBuckBunny,1789338661.158,0.1043,15156,13,0,35942244.5,161956457.7,4
CONT_s13_l2a_BigBuckBunny,1789338661.263,0.1042,18156,15,0,41994721.8,170096017.8,4
CONT_s13_l2a_BigBuckBunny,1789338661.367,0.1043,12208,12,0,47352995.2,177921368.9,4
CONT_s13_l2a_BigBuckBunny,1789338661.471,0.1043,18208,16,0,42387548.5,131829409.0,4
CONT_s13_l2a_BigBuckBunny,1789338661.575,0.1043,18208,16,0,42314136.8,131640034.9,4
CONT_s13_l2a_BigBuckBunny,1789338661.68,0.1042,12156,11,0,47252696.7,140951203.2,4
CONT_s13_l2a_BigBuckBunny,1789338661.784,0.1042,18208,16,0,41058565.2,131367374.7,4
CONT_s13_l2a_BigBuckBunny,1789338661.888,0.1043,18208,16,0,41027000.0,131722259.8,4
CONT_s13_l2a_BigBuckBunny,1789338661.992,0.1043,16708,15,0,35265117.1,127497297.9,4
CONT_s13_l2a_BigBuckBunny,1789338662.097,0.1044,18208,16,0,32936951.4,130613505.6,4
CONT_s13_l2a_BigBuckBunny,1789338662.201,0.1044,16656,14,0,43058794.4,157194116.6,4
CONT_s13_l2a_BigBuckBunny,1789338662.305,0.1043,15260,15,0,43693508.0,166703451.0,4
CONT_s13_l2a_BigBuckBunny,1789338662.41,0.1043,16656,14,0,34287210.9,163717144.1,4
CONT_s13_l2a_BigBuckBunny,1789338662.514,0.1043,2733844,2187,11,180423.2,1260467.7,4
CONT_s13_l2a_BigBuckBunny,1789338662.618,0.1042,0,0,0,0,0,0
CONT_s13_l2a_BigBuckBunny,1789338662.722,0.1041,0,0,0,0,0,0
CONT_s13_l2a_BigBuckBunny,1789338662.827,0.1043,0,0,0,0,0,0
CONT_s13_l2a_BigBuckBunny,1789338662.931,0.1043,0,0,0,0,0,0
CONT_s13_l2a_BigBuckBunny,1789338663.035,0.1043,0,0,0,0,0,0
CONT_s13_l2a_BigBuckBunny,1789338663.14,0.1044,0,0,0,0,0,0
CONT_s13_l2a_BigBuckBunny,1789338663.245,0.1056,0,0,0,0,0,0
CONT_s13_l2a_BigBuckBunny,1789338663.349,0.1042,0,0,0,0,0,0
CONT_s13_l2a_BigBuckBunny,1789338663.454,0.1043,0,0,0,0,0,0
CONT_s13_l2a_BigBuckBunny,1789338663.558,0.1042,0,0,0,0,0,0
CONT_s13_l2a_BigBuckBunny,1789338663.662,0.1042,0,0,0,0,0,0
CONT_s13_l2a_BigBuckBunny,1789338663.766,0.1042,0,0,0,0,0,0
CONT_s13_l2a_BigBuckBunny,1789338663.871,0.1043,0,0,0,0,0,0
CONT_s13_l2a_BigBuckBunny,1789338663.975,0.1042,0,0,0,0,0,0
CONT_s13_l2a_BigBuckBunny,1789338664.079,0.1042,30551,23,0,76106829.0,18178596.7,2
CONT_s13_l2a_BigBuckBunny,1789338664.183,0.1042,50504,50,0,28226095.1,62288769.3,2
CONT_s13_l2a_BigBuckBunny,1789338664.288,0.1044,43852,56,12,11054027.5,61717293.5,2
CONT_s13_l2a_BigBuckBunny,1789338664.392,0.1043,40708,31,0,7322744.5,71899382.6,2
CONT_s13_l2a_BigBuckBunny,1789338664.496,0.1043,42300,34,0,13832500.8,82492220.8,4
CONT_s13_l2a_BigBuckBunny,1789338664.601,0.1043,34656,26,0,6882937.0,84803411.5,2
CONT_s13_l2a_BigBuckBunny,1789338664.705,0.1043,49272,53,0,2305315.5,56326267.8,2
CONT_s13_l2a_BigBuckBunny,1789338664.809,0.1044,43600,51,0,5162712.2,58051241.0,2
CONT_s13_l2a_BigBuckBunny,1789338664.914,0.1043,34904,49,1,6091939.5,49207958.1,2
CONT_s13_l2a_BigBuckBunny,1789338665.018,0.1045,49832,63,1,6216904.0,53834058.3,2
CONT_s13_l2a_BigBuckBunny,1789338665.122,0.1043,0,0,0,0,0,0
CONT_s13_l2a_BigBuckBunny,1789338665.227,0.1042,0,0,0,0,0,0
CONT_s13_l2a_BigBuckBunny,1789338665.331,0.1042,0,0,0,0,0,0
CONT_s13_l2a_BigBuckBunny,1789338665.435,0.1043,0,0,0,0,0,0
CONT_s13_l2a_BigBuckBunny,1789338665.539,0.1043,0,0,0,0,0,0
CONT_s13_l2a_BigBuckBunny,1789338665.644,0.1043,0,0,0,0,0,0
CONT_s13_l2a_BigBuckBunny,1789338665.749,0.1053,0,0,0,0,0,0
CONT_s13_l2a_BigBuckBunny,1789338665.853,0.1043,0,0,0,0,0,0
CONT_s13_l2a_BigBuckBunny,1789338665.958,0.1043,0,0,0,0,0,0
CONT_s13_l2a_BigBuckBunny,1789338666.062,0.1043,0,0,0,0,0,0
CONT_s13_l2a_BigBuckBunny,1789338666.166,0.1042,0,0,0,0,0,0
CONT_s13_l2a_BigBuckBunny,1789338666.27,0.1042,0,0,0,0,0,0
CONT_s13_l2a_BigBuckBunny,1789338666.374,0.1042,0,0,0,0,0,0
CONT_s13_l2a_BigBuckBunny,1789338666.479,0.1043,0,0,0,0,0,0
CONT_s13_l2a_BigBuckBunny,1789338666.583,0.1043,0,0,0,0,0,0
CONT_s13_l2a_BigBuckBunny,1789338666.687,0.1041,0,0,0,0,0,0
CONT_s13_l2a_BigBuckBunny,1789338666.791,0.1042,0,0,0,0,0,0
CONT_s13_l2a_BigBuckBunny,1789338666.896,0.1043,0,0,0,0,0,0
CONT_s13_l2a_BigBuckBunny,1789338667.0,0.1042,0,0,0,0,0,0
CONT_s13_l2a_BigBuckBunny,1789338667.104,0.1043,0,0,0,0,0,0
CONT_s13_l2a_BigBuckBunny,1789338667.208,0.1042,0,0,0,0,0,0
CONT_s13_l2a_BigBuckBunny,1789338667.312,0.1042,0,0,0,0,0,0
CONT_s13_l2a_BigBuckBunny,1789338667.417,0.1042,0,0,0,0,0,0
CONT_s13_l2a_BigBuckBunny,1789338667.521,0.1042,0,0,0,0,0,0
CONT_s13_l2a_BigBuckBunny,1789338667.625,0.1042,0,0,0,0,0,0
CONT_s13_l2a_BigBuckBunny,1789338667.73,0.1048,0,0,0,0,0,0
CONT_s13_l2a_BigBuckBunny,1789338667.834,0.1042,0,0,0,0,0,0
CONT_s13_l2a_BigBuckBunny,1789338667.938,0.1042,0,0,0,0,0,0
CONT_s13_l2a_BigBuckBunny,1789338668.043,0.1043,0,0,0,0,0,0
CONT_s13_l2a_BigBuckBunny,1789338668.147,0.1043,27552,21,0,169066561.3,16448137.5,2
CONT_s13_l2a_BigBuckBunny,1789338668.252,0.1053,36156,27,0,63002036.9,59206875.1,2
CONT_s13_l2a_BigBuckBunny,1789338668.356,0.1042,46760,36,0,38667505.2,59229297.6,2
CONT_s13_l2a_BigBuckBunny,1789338668.461,0.1044,34708,27,0,31217908.7,68721939.7,2
CONT_s13_l2a_BigBuckBunny,1789338668.565,0.1045,42208,32,0,22247655.6,73464749.1,2
CONT_s13_l2a_BigBuckBunny,1789338668.669,0.1042,53020,45,0,17597526.8,58259547.8,2
CONT_s13_l2a_BigBuckBunny,1789338668.774,0.1043,36260,29,0,13000328.0,84025593.0,2
CONT_s13_l2a_BigBuckBunny,1789338668.878,0.1043,43760,34,0,11380742.9,49141734.3,2
CONT_s13_l2a_BigBuckBunny,1789338668.982,0.1043,36156,27,0,9313785.8,59385029.1,2
CONT_s13_l2a_BigBuckBunny,1789338669.086,0.1043,48208,36,0,8429467.6,59497116.2,2
CONT_s13_l2a_BigBuckBunny,1789338669.191,0.1042,33379,26,0,8828276.8,37047283.4,2
CONT_s13_l2a_BigBuckBunny,1789338669.295,0.1043,48208,36,0,7491245.8,59476976.8,2
CONT_s13_l2a_BigBuckBunny,1789338669.399,0.1043,39208,30,0,7614477.9,59198889.8,2
CONT_s13_l2a_BigBuckBunny,1789338669.504,0.1044,40656,30,0,6771766.4,69597290.8,2
CONT_s13_l2a_BigBuckBunny,1789338669.608,0.1044,45156,33,0,6345351.6,74519116.0,2
CONT_s13_l2a_BigBuckBunny,1789338669.712,0.1044,45104,32,0,6057251.2,74576211.5,2
CONT_s13_l2a_BigBuckBunny,1789338669.817,0.1043,30156,23,0,6156185.2,74141545.2,2
CONT_s13_l2a_BigBuckBunny,1789338669.921,0.1043,53020,45,0,3451693.3,55075879.6,2
CONT_s13_l2a_BigBuckBunny,1789338670.025,0.1043,39312,32,0,5016718.1,85969365.4,2
CONT_s13_l2a_BigBuckBunny,1789338670.133,0.1075,45676,43,0,1855617.1,56149030.5,2
CONT_s13_l2a_BigBuckBunny,1789338670.237,0.1043,37812,31,0,4469736.2,85761435.1,2
CONT_s13_l2a_BigBuckBunny,1789338670.341,0.1043,46746,44,0,2989352.3,38155205.9,2
CONT_s13_l2a_BigBuckBunny,1789338670.446,0.1042,37968,34,0,3501456.0,89273811.8,2
CONT_s13_l2a_BigBuckBunny,1789338670.55,0.1043,43760,34,0,6062956.1,66186938.1,2
CONT_s13_l2a_BigBuckBunny,1789338670.654,0.1042,36156,27,0,6075816.1,59605907.9,2
CONT_s13_l2a_BigBuckBunny,1789338670.758,0.1043,40708,31,0,6233174.0,54889880.6,2
CONT_s13_l2a_BigBuckBunny,1789338670.863,0.1042,36156,27,0,6067884.0,67079031.8,2
CONT_s13_l2a_BigBuckBunny,1789338670.967,0.1045,42208,32,0,6339965.9,59227360.3,2
CONT_s13_l2a_BigBuckBunny,1789338671.072,0.1044,43656,32,0,5885164.3,72012279.0,2
CONT_s13_l2a_BigBuckBunny,1789338671.176,0.1042,45156,33,0,5702464.4,74369233.0,2
CONT_s13_l2a_BigBuckBunny,1789338671.28,0.1043,46708,35,0,6153282.9,66770220.6,2
CONT_s13_l2a_BigBuckBunny,1789338671.384,0.1043,42520,38,0,2763828.7,53878114.6,2
CONT_s13_l2a_BigBuckBunny,1789338671.489,0.1044,37760,30,0,5348282.7,82239807.8,2
CONT_s13_l2a_BigBuckBunny,1789338671.593,0.1043,46864,38,0,4099704.5,73086415.8,2
CONT_s13_l2a_BigBuckBunny,1789338671.697,0.1044,36624,36,0,1561800.3,46016465.1,2
CONT_s13_l2a_BigBuckBunny,1789338671.802,0.1043,46989,40,0,3922693.7,45758374.7,2
CONT_s13_l2a_BigBuckBunny,1789338671.906,0.1044,41176,40,0,1175748.1,47926822.8,2
CONT_s13_l2a_BigBuckBunny,1789338672.01,0.1043,42312,34,0,3736901.3,76473684.5,2
CONT_s13_l2a_BigBuckBunny,1789338672.115,0.1044,42012,51,0,3518154.6,63207063.8,2
CONT_s13_l2a_BigBuckBunny,1789338672.219,0.1044,39580,36,1,5725002.8,54423181.1,2
CONT_s13_l2a_BigBuckBunny,1789338672.324,0.1043,34708,27,0,6383804.4,62033258.9,2
CONT_s13_l2a_BigBuckBunny,1789338672.428,0.1046,45260,35,0,6620064.4,66576628.8,2
CONT_s13_l2a_BigBuckBunny,1789338672.532,0.1043,37708,29,0,6630549.8,68781456.0,2
CONT_s13_l2a_BigBuckBunny,1789338672.637,0.1049,49760,38,0,6623760.3,72331931.0,2
CONT_s13_l2a_BigBuckBunny,1789338672.742,0.1051,39208,30,0,6696493.7,74092395.9,2
CONT_s13_l2a_BigBuckBunny,1789338672.847,0.1042,45208,34,0,6494756.8,76258928.2,2
CONT_s13_l2a_BigBuckBunny,1789338672.951,0.1042,39208,30,0,6765951.0,78062264.4,2
CONT_s13_l2a_BigBuckBunny,1789338673.055,0.1043,45208,34,0,6657280.2,81898069.1,2
CONT_s13_l2a_BigBuckBunny,1789338673.16,0.1043,33156,25,0,6679007.8,82264299.4,2
CONT_s13_l2a_BigBuckBunny,1789338673.264,0.1043,48208,36,0,6443539.6,84057864.8,2
CONT_s13_l2a_BigBuckBunny,1789338673.368,0.1044,42208,32,0,6716168.2,85915349.9,2
CONT_s13_l2a_BigBuckBunny,1789338673.473,0.1044,33156,25,0,6567258.4,50826570.5,2
CONT_s13_l2a_BigBuckBunny,1789338673.577,0.1043,48208,36,0,6249752.1,59364993.8,2
CONT_s13_l2a_BigBuckBunny,1789338673.681,0.1042,36156,27,0,6123194.8,59388448.1,2
CONT_s13_l2a_BigBuckBunny,1789338673.786,0.1043,51208,38,0,6180324.5,58422477.2,2
CONT_s13_l2a_BigBuckBunny,1789338673.89,0.1041,37760,30,0,6597635.7,70701153.9,2
CONT_s13_l2a_BigBuckBunny,1789338673.994,0.1043,36208,28,0,6831897.7,73336628.3,2
CONT_s13_l2a_BigBuckBunny,1789338674.098,0.1043,45208,34,0,6684154.5,74457090.6,2
CONT_s13_l2a_BigBuckBunny,1789338674.202,0.1042,42208,32,0,6893030.6,78172826.3,2
CONT_s13_l2a_BigBuckBunny,1789338674.307,0.1042,44014,36,0,7212924.4,55786315.1,2
CONT_s13_l2a_BigBuckBunny,1789338674.411,0.1042,33572,33,0,3037732.3,4262086.9,2
CONT_s13_l2a_BigBuckBunny,1789338674.515,0.1042,48208,36,0,5798800.0,82266901.7,2
CONT_s13_l2a_BigBuckBunny,1789338674.619,0.1044,47072,42,0,2784602.2,63808205.6,2
CONT_s13_l2a_BigBuckBunny,1789338674.724,0.1044,36416,32,0,3618649.8,66852728.4,2
CONT_s13_l2a_BigBuckBunny,1789338674.828,0.1042,47072,42,0,2145891.1,65742212.2,2
CONT_s13_l2a_BigBuckBunny,1789338674.932,0.1041,37004,41,0,3429876.4,65980554.5,2
CONT_s13_l2a_BigBuckBunny,1789338675.036,0.1043,39976,42,1,5668100.5,62751580.2,2
CONT_s13_l2a_BigBuckBunny,1789338675.141,0.1044,49760,38,0,6445811.9,61276874.8,2
CONT_s13_l2a_BigBuckBunny,1789338675.247,0.1059,39260,31,0,6328316.8,67037957.6,2
CONT_s13_l2a_BigBuckBunny,1789338675.351,0.1044,43760,34,0,6550922.4,69138030.4,2
CONT_s13_l2a_BigBuckBunny,1789338675.455,0.1042,28656,22,0,6612288.8,70620532.0,2
CONT_s13_l2a_BigBuckBunny,1789338675.56,0.1043,52760,40,0,6694728.4,74720222.2,2
CONT_s13_l2a_BigBuckBunny,1789338675.664,0.1043,31656,24,0,6707105.6,75968887.9,2
CONT_s13_l2a_BigBuckBunny,1789338675.768,0.1041,46708,35,0,6583478.4,72205671.2,2
CONT_s13_l2a_BigBuckBunny,1789338675.872,0.1043,48676,45,0,2997563.0,61000219.8,2
CONT_s13_l2a_BigBuckBunny,1789338675.977,0.1042,33156,25,0,5460090.5,82357927.5,2
CONT_s13_l2a_BigBuckBunny,1789338676.081,0.1043,45416,38,0,3897391.4,67744503.0,2
CONT_s13_l2a_BigBuckBunny,1789338676.185,0.1042,40708,31,0,6003095.8,78416634.2,2
CONT_s13_l2a_BigBuckBunny,1789338676.29,0.1043,46760,36,0,6468929.4,50934796.2,2
CONT_s13_l2a_BigBuckBunny,1789338676.394,0.1043,36156,27,0,6313739.9,58357540.7,2
CONT_s13_l2a_BigBuckBunny,1789338676.498,0.1043,39208,30,0,6454412.6,57040912.4,2
CONT_s13_l2a_BigBuckBunny,1789338676.602,0.1044,46708,35,0,6346159.3,62292734.9,2
CONT_s13_l2a_BigBuckBunny,1789338676.707,0.1044,37656,28,0,6102454.4,70505771.3,2
CONT_s13_l2a_BigBuckBunny,1789338676.811,0.1042,45156,33,0,5799396.6,74317714.7,2
CONT_s13_l2a_BigBuckBunny,1789338676.915,0.1044,31604,23,0,7546716.4,74348250.9,2
CONT_s13_l2a_BigBuckBunny,1789338677.02,0.1043,53011,42,0,6165572.9,57479575.0,2
CONT_s13_l2a_BigBuckBunny,1789338677.124,0.1044,35817,36,0,2428949.4,2477306.6,2
CONT_s13_l2a_BigBuckBunny,1789338677.228,0.1044,48208,36,0,5632896.1,82236651.8,2
CONT_s13_l2a_BigBuckBunny,1789338677.333,0.1042,33156,25,0,6231223.1,82096286.3,2
CONT_s13_l2a_BigBuckBunny,1789338677.437,0.1042,46708,35,0,6431914.9,84746230.8,2
CONT_s13_l2a_BigBuckBunny,1789338677.541,0.1043,42208,32,0,6744408.8,85650501.3,2
CONT_s13_l2a_BigBuckBunny,1789338677.646,0.1043,46864,38,0,4885292.6,77120829.0,2
CONT_s13_l2a_BigBuckBunny,1789338677.751,0.1056,42152,53,0,6434196.9,71002618.7,2
CONT_s13_l2a_BigBuckBunny,1789338677.855,0.1043,40448,49,1,6593067.7,51208352.6,2
CONT_s13_l2a_BigBuckBunny,1789338677.96,0.1042,43760,34,0,6522657.9,60145717.6,2
CONT_s13_l2a_BigBuckBunny,1789338678.064,0.1043,42260,33,0,6718281.6,65406199.4,2
CONT_s13_l2a_BigBuckBunny,1789338678.169,0.1047,39208,30,0,6615380.7,66844793.7,2
CONT_s13_l2a_BigBuckBunny,1789338678.273,0.1043,36208,28,0,6741400.9,70599781.5,2
CONT_s13_l2a_BigBuckBunny,1789338678.377,0.1043,39208,30,0,6737704.9,73575654.6,2
CONT_s13_l2a_BigBuckBunny,1789338678.481,0.1043,51260,39,0,6762156.9,74490416.8,2
CONT_s13_l2a_BigBuckBunny,1789338678.586,0.1043,42208,32,0,6745199.2,78112733.1,2
CONT_s13_l2a_BigBuckBunny,1789338678.69,0.1043,33156,25,0,6704273.6,79566057.8,2
CONT_s13_l2a_BigBuckBunny,1789338678.794,0.1043,46708,35,0,6510494.1,81802385.0,2
CONT_s13_l2a_BigBuckBunny,1789338678.899,0.1043,40708,31,0,6777845.5,81752497.8,2
CONT_s13_l2a_BigBuckBunny,1789338679.003,0.1043,34656,26,0,6702321.4,85764426.6,2
CONT_s13_l2a_BigBuckBunny,1789338679.107,0.1044,45208,34,0,6722719.8,75403159.4,2
CONT_s13_l2a_BigBuckBunny,1789338679.212,0.1044,46708,35,0,6384765.3,56608772.4,2
CONT_s13_l2a_BigBuckBunny,1789338679.316,0.1042,43708,33,0,6430244.0,56558231.9,2
CONT_s13_l2a_BigBuckBunny,1789338679.42,0.1042,33208,26,0,6699517.7,65755603.4,2
CONT_s13_l2a_BigBuckBunny,1789338679.524,0.1043,50153,42,0,6107251.8,68918006.5,4
CONT_s13_l2a_BigBuckBunny,1789338679.632,0.1073,43812,35,0,7024603.7,75058553.1,4
CONT_s13_l2a_BigBuckBunny,1789338679.736,0.1046,31916,29,0,11202532.9,63802509.2,4
CONT_s13_l2a_BigBuckBunny,1789338679.841,0.1044,51364,41,0,11592219.8,74272725.0,4
CONT_s13_l2a_BigBuckBunny,1789338679.945,0.1046,40812,33,0,13505275.3,72524248.8,4
CONT_s13_l2a_BigBuckBunny,1789338680.05,0.1045,40812,33,0,14531464.8,76428685.3,4
CONT_s13_l2a_BigBuckBunny,1789338680.154,0.1043,36401,32,0,16592269.0,57766316.5,4
CONT_s13_l2a_BigBuckBunny,1789338680.258,0.1044,43864,36,0,16058331.5,72597710.1,4
CONT_s13_l2a_BigBuckBunny,1789338680.363,0.1046,37760,30,0,13913472.2,72437349.5,4
CONT_s13_l2a_BigBuckBunny,1789338680.467,0.1045,46916,39,0,16710028.2,75351304.2,4
CONT_s13_l2a_BigBuckBunny,1789338680.572,0.1045,45364,37,0,13746488.2,83215998.2,4
CONT_s13_l2a_BigBuckBunny,1789338680.676,0.1044,31760,26,0,15905051.2,85752711.7,4
CONT_s13_l2a_BigBuckBunny,1789338680.781,0.1044,49916,41,0,17790512.2,87769525.5,4
CONT_s13_l2a_BigBuckBunny,1789338680.885,0.1045,40812,33,0,15143640.5,84890514.0,4
CONT_s13_l2a_BigBuckBunny,1789338680.99,0.1044,39312,32,0,15408179.6,87918002.9,4
CONT_s13_l2a_BigBuckBunny,1789338681.094,0.1046,46812,37,0,13999577.2,89587056.1,4
CONT_s13_l2a_BigBuckBunny,1789338681.199,0.1045,42416,36,0,20803964.0,80362197.8,4
CONT_s13_l2a_BigBuckBunny,1789338681.303,0.1044,37916,33,0,20517708.6,72157373.9,4
CONT_s13_l2a_BigBuckBunny,1789338681.408,0.1044,45416,38,0,18531765.5,77089287.4,4
CONT_s13_l2a_BigBuckBunny,1789338681.512,0.1045,39312,32,0,15444119.4,79934195.3,4
CONT_s13_l2a_BigBuckBunny,1789338681.617,0.1045,43812,35,0,14151022.1,79551165.8,4
CONT_s13_l2a_BigBuckBunny,1789338681.721,0.1044,37864,32,0,21265694.3,77604334.5,4
CONT_s13_l2a_BigBuckBunny,1789338681.826,0.1044,45312,36,0,13506166.3,84955672.3,4
CONT_s13_l2a_BigBuckBunny,1789338681.93,0.1045,39364,33,0,20535121.1,92986846.5,4
CONT_s13_l2a_BigBuckBunny,1789338682.034,0.1044,40812,33,0,15261920.2,88802435.6,4
CONT_s13_l2a_BigBuckBunny,1789338682.139,0.1047,43812,35,0,14548266.4,91180000.0,4
CONT_s13_l2a_BigBuckBunny,1789338682.244,0.1045,40864,34,0,20634848.2,93584814.8,4
CONT_s13_l2a_BigBuckBunny,1789338682.348,0.1044,45260,35,0,14021659.9,65706029.3,4
CONT_s13_l2a_BigBuckBunny,1789338682.452,0.1044,33364,29,0,21966519.7,78140479.5,4
CONT_s13_l2a_BigBuckBunny,1789338682.557,0.1045,48416,40,0,18006359.3,70585386.4,4
CONT_s13_l2a_BigBuckBunny,1789338682.661,0.1044,37760,30,0,15053733.7,76720712.0,4
CONT_s13_l2a_BigBuckBunny,1789338682.766,0.1044,45312,36,0,16706456.9,82937893.2,4
CONT_s13_l2a_BigBuckBunny,1789338682.87,0.1045,33260,27,0,19029211.1,81852061.2,4
CONT_s13_l2a_BigBuckBunny,1789338682.975,0.1045,52812,41,0,15074762.7,79577414.5,4
CONT_s13_l2a_BigBuckBunny,1789338683.079,0.1045,36364,31,0,19887959.7,88275505.9,4
CONT_s13_l2a_BigBuckBunny,1789338683.184,0.1044,40812,33,0,14964297.1,88025594.4,4
CONT_s13_l2a_BigBuckBunny,1789338683.288,0.1044,34760,28,0,16297430.1,92570996.7,4
CONT_s13_l2a_BigBuckBunny,1789338683.393,0.1045,54416,44,0,18370630.3,95162014.7,4
CONT_s13_l2a_BigBuckBunny,1789338683.497,0.1045,42364,35,0,19007696.6,72971551.9,4
CONT_s13_l2a_BigBuckBunny,1789338683.602,0.1046,37812,31,0,17054284.7,68980099.2,4
CONT_s13_l2a_BigBuckBunny,1789338683.706,0.1046,43864,36,0,19186054.7,75851287.9,4
CONT_s13_l2a_BigBuckBunny,1789338683.811,0.1044,37760,30,0,15528588.9,71942735.6,4
CONT_s13_l2a_BigBuckBunny,1789338683.915,0.1044,45416,38,0,18570867.4,72229292.5,4
CONT_s13_l2a_BigBuckBunny,1789338684.02,0.1045,42260,33,0,14637030.9,78223083.9,4
CONT_s13_l2a_BigBuckBunny,1789338684.124,0.1045,37131,32,0,18651161.7,61717295.6,4
CONT_s13_l2a_BigBuckBunny,1789338684.229,0.1046,48364,39,0,17263519.0,80131318.1,4
CONT_s13_l2a_BigBuckBunny,1789338684.333,0.1044,30208,24,0,15834531.2,81965319.8,4
CONT_s13_l2a_BigBuckBunny,1789338684.438,0.1045,45312,36,0,13693030.6,78295443.8,4
CONT_s13_l2a_BigBuckBunny,1789338684.542,0.1045,49812,39,0,17177017.4,90801093.5,4
CONT_s13_l2a_BigBuckBunny,1789338684.647,0.1044,31760,26,0,17871701.8,85693846.6,4
CONT_s13_l2a_BigBuckBunny,1789338684.752,0.1056,46760,36,0,14273834.6,86870097.2,4
CONT_s13_l2a_BigBuckBunny,1789338684.857,0.1044,46708,35,0,13829496.1,87341938.2,4
CONT_s13_l2a_BigBuckBunny,1789338684.961,0.1044,39364,33,0,21815737.5,94228601.4,4
CONT_s13_l2a_BigBuckBunny,1789338685.065,0.1045,33208,26,0,16609265.2,89398281.2,4
CONT_s13_l2a_BigBuckBunny,1789338685.17,0.1043,46760,36,0,14742512.9,87289510.1,4
CONT_s13_l2a_BigBuckBunny,1789338685.274,0.1045,46760,36,0,14243331.2,87132286.1,4
CONT_s13_l2a_BigBuckBunny,1789338685.379,0.1045,39312,32,0,22682856.7,94520141.4,4
CONT_s13_l2a_BigBuckBunny,1789338685.483,0.1045,33208,26,0,16952486.2,89239754.5,4
CONT_s13_l2a_BigBuckBunny,1789338685.588,0.1045,46760,36,0,14957069.5,87029924.3,4
CONT_s13_l2a_BigBuckBunny,1789338685.692,0.1046,46760,36,0,14425883.1,87497958.9,4
CONT_s13_l2a_BigBuckBunny,1789338685.797,0.1045,39312,32,0,22956085.8,94744449.6,4
CONT_s13_l2a_BigBuckBunny,1789338685.901,0.1044,33208,26,0,17096717.0,89517747.6,4
CONT_s13_l2a_BigBuckBunny,1789338686.006,0.1044,46800,37,0,16197239.0,87422637.4,4
CONT_s13_l2a_BigBuckBunny,1789338686.11,0.1045,46656,34,0,11413526.5,87579988.0,3
CONT_s13_l2a_BigBuckBunny,1789338686.215,0.1044,40656,30,0,6726182.2,66898652.5,2
CONT_s13_l2a_BigBuckBunny,1789338686.319,0.1045,40656,30,0,6402943.9,66836152.7,2
CONT_s13_l2a_BigBuckBunny,1789338686.423,0.1044,40656,30,0,6212796.2,66913778.4,2
CONT_s13_l2a_BigBuckBunny,1789338686.528,0.1045,40656,30,0,6070467.3,66884096.4,2
CONT_s13_l2a_BigBuckBunny,1789338686.635,0.1074,40656,30,0,5954799.5,67086456.8,2
CONT_s13_l2a_BigBuckBunny,1789338686.74,0.1044,40656,30,0,5861563.8,66541181.4,2
CONT_s13_l2a_BigBuckBunny,1789338686.844,0.1044,40656,30,0,5779993.6,66822864.9,2
CONT_s13_l2a_BigBuckBunny,1789338686.949,0.1045,40656,30,0,5721231.5,67035897.2,2
CONT_s13_l2a_BigBuckBunny,1789338687.053,0.1045,40656,30,0,5671993.3,66855372.0,2
CONT_s13_l2a_BigBuckBunny,1789338687.157,0.1043,40656,30,0,5634571.9,66670693.6,2
CONT_s13_l2a_BigBuckBunny,1789338687.262,0.1049,54208,40,0,5590876.7,66907564.7,2
CONT_s13_l2a_BigBuckBunny,1789338687.367,0.1047,40656,30,0,5553416.1,67133584.2,2
CONT_s13_l2a_BigBuckBunny,1789338687.471,0.1044,35307,28,0,5495191.9,61310639.1,2
CONT_s13_l2a_BigBuckBunny,1789338687.576,0.1043,40656,30,0,5787783.0,47671346.3,2
CONT_s13_l2a_BigBuckBunny,1789338687.68,0.1045,40656,30,0,5724478.9,66978109.1,2
CONT_s13_l2a_BigBuckBunny,1789338687.785,0.1045,40656,30,0,5664620.3,66885815.5,2
CONT_s13_l2a_BigBuckBunny,1789338687.889,0.1044,40656,30,0,5624250.3,67182341.3,2
CONT_s13_l2a_BigBuckBunny,1789338687.993,0.1044,40656,30,0,5585468.6,66855756.0,2
CONT_s13_l2a_BigBuckBunny,1789338688.098,0.1043,54156,39,0,5645946.8,66963036.4,2
CONT_s13_l2a_BigBuckBunny,1789338688.202,0.1046,40708,31,0,5397487.5,66908820.1,2
CONT_s13_l2a_BigBuckBunny,1789338688.307,0.1044,40656,30,0,5501219.0,67003991.2,2
CONT_s13_l2a_BigBuckBunny,1789338688.411,0.1045,40656,30,0,5479818.2,67055435.1,2
CONT_s13_l2a_BigBuckBunny,1789338688.516,0.1045,40656,30,0,5467207.4,66880028.8,2
CONT_s13_l2a_BigBuckBunny,1789338688.621,0.105,40656,30,0,5451305.0,66898850.6,2
CONT_s13_l2a_BigBuckBunny,1789338688.725,0.1045,40656,30,0,5434393.6,66684318.3,2
CONT_s13_l2a_BigBuckBunny,1789338688.83,0.1044,40656,30,0,5435202.2,66917197.5,2
CONT_s13_l2a_BigBuckBunny,1789338688.934,0.1044,40656,30,0,5430353.8,66856917.7,2
CONT_s13_l2a_BigBuckBunny,1789338689.039,0.1045,40656,30,0,5422678.5,66830431.4,2
CONT_s13_l2a_BigBuckBunny,1789338689.143,0.1043,40656,30,0,5415790.8,66876708.6,2
CONT_s13_l2a_BigBuckBunny,1789338689.25,0.1068,40656,30,0,5425315.6,66966635.8,2
CONT_s13_l2a_BigBuckBunny,1789338689.354,0.1045,40656,30,0,5424865.5,66787851.2,2
CONT_s13_l2a_BigBuckBunny,1789338689.459,0.1045,40656,30,0,5423848.0,66938706.3,2
CONT_s13_l2a_BigBuckBunny,1789338689.563,0.1045,54208,40,0,5416554.5,66860274.8,2
CONT_s13_l2a_BigBuckBunny,1789338689.668,0.1044,40656,30,0,5410407.1,67049681.5,2
CONT_s13_l2a_BigBuckBunny,1789338689.772,0.1044,40656,30,0,5407984.9,67120806.6,2
CONT_s13_l2a_BigBuckBunny,1789338689.877,0.1045,40656,30,0,5404349.3,66744151.9,2
CONT_s13_l2a_BigBuckBunny,1789338689.981,0.1045,40656,30,0,5402005.6,66977417.7,2
CONT_s13_l2a_BigBuckBunny,1789338690.086,0.1045,40656,30,0,5406415.6,66799685.0,2
CONT_s13_l2a_BigBuckBunny,1789338690.19,0.1044,40656,30,0,5404407.8,66768611.3,2
CONT_s13_l2a_BigBuckBunny,1789338690.294,0.1044,40656,30,0,5408784.1,66713501.1,2
CONT_s13_l2a_BigBuckBunny,1789338690.399,0.1044,46121,36,0,5599408.8,45867424.2,2
CONT_s13_l2a_BigBuckBunny,1789338690.503,0.1045,40656,30,0,5654965.0,66844973.0,2
CONT_s13_l2a_BigBuckBunny,1789338690.608,0.1045,40656,30,0,5607530.7,67095037.9,2
CONT_s13_l2a_BigBuckBunny,1789338690.712,0.1046,40656,30,0,5569583.3,67178459.8,2
CONT_s13_l2a_BigBuckBunny,1789338690.817,0.1044,40656,30,0,5536610.1,67085613.6,2
CONT_s13_l2a_BigBuckBunny,1789338690.921,0.1044,40656,30,0,5510200.9,67155942.4,2
CONT_s13_l2a_BigBuckBunny,1789338691.026,0.1045,40656,30,0,5492163.6,67260616.2,2
CONT_s13_l2a_BigBuckBunny,1789338691.134,0.1084,40656,30,0,5471283.4,66874798.2,2
CONT_s13_l2a_BigBuckBunny,1789338691.239,0.1047,40656,30,0,5460840.9,66753470.2,2
CONT_s13_l2a_BigBuckBunny,1789338691.343,0.1043,40656,30,0,5447280.6,66905669.8,2
CONT_s13_l2a_BigBuckBunny,1789338691.448,0.1046,54156,39,0,5558921.7,66916021.7,2
CONT_s13_l2a_BigBuckBunny,1789338691.552,0.1045,40708,31,0,5273354.8,66759569.1,2
CONT_s13_l2a_BigBuckBunny,1789338691.657,0.1044,40656,30,0,5428505.2,67150380.2,2
CONT_s13_l2a_BigBuckBunny,1789338691.761,0.1044,40656,30,0,5427851.3,66813212.7,2
CONT_s13_l2a_BigBuckBunny,1789338691.865,0.1045,40656,30,0,5418194.9,66715211.8,2
CONT_s13_l2a_BigBuckBunny,1789338691.97,0.1045,40656,30,0,5412881.1,66922255.9,2
CONT_s13_l2a_BigBuckBunny,1789338692.074,0.1045,40656,30,0,5412755.9,66973714.3,2
CONT_s13_l2a_BigBuckBunny,1789338692.179,0.1044,40656,30,0,5409612.9,66891961.3,2
CONT_s13_l2a_BigBuckBunny,1789338692.283,0.1043,40656,30,0,5408764.7,66996694.9,2
CONT_s13_l2a_BigBuckBunny,1789338692.388,0.1045,48447,37,0,5755111.8,53196882.8,2
CONT_s13_l2a_BigBuckBunny,1789338692.492,0.1045,40656,30,0,5703792.4,66766492.8,2
CONT_s13_l2a_BigBuckBunny,1789338692.597,0.1044,40828,33,0,5125962.7,66860517.6,4
CONT_s13_l2a_BigBuckBunny,1789338692.701,0.1048,33481,28,0,5457803.6,62377134.3,4
CONT_s13_l2a_BigBuckBunny,1789338692.806,0.1046,46760,36,0,8148158.1,82959206.3,4
CONT_s13_l2a_BigBuckBunny,1789338692.911,0.1046,46760,36,0,8880997.7,87345260.4,4
CONT_s13_l2a_BigBuckBunny,1789338693.015,0.1046,39312,32,0,14983399.1,94441840.8,4
CONT_s13_l2a_BigBuckBunny,1789338693.12,0.1047,33208,26,0,12761206.2,89227080.3,4
CONT_s13_l2a_BigBuckBunny,1789338693.225,0.1049,46760,36,0,12303010.8,87216464.2,4
CONT_s13_l2a_BigBuckBunny,1789338693.329,0.1046,46760,36,0,12206397.8,87035130.7,4
CONT_s13_l2a_BigBuckBunny,1789338693.434,0.1048,39312,32,0,19683333.4,94390613.5,4
CONT_s13_l2a_BigBuckBunny,1789338693.539,0.1047,46708,35,0,13690422.0,87434123.2,4
CONT_s13_l2a_BigBuckBunny,1789338693.644,0.1046,33260,27,0,15923408.4,89207149.1,4
CONT_s13_l2a_BigBuckBunny,1789338693.75,0.1067,49812,39,0,16562819.9,91401511.8,4
CONT_s13_l2a_BigBuckBunny,1789338693.855,0.1047,36260,29,0,19141242.8,89303868.3,4
CONT_s13_l2a_BigBuckBunny,1789338693.96,0.1047,46760,36,0,14432708.8,87305849.7,4
CONT_s13_l2a_BigBuckBunny,1789338694.064,0.1047,33208,26,0,16949274.3,89045657.1,4
CONT_s13_l2a_BigBuckBunny,1789338694.169,0.1046,49812,39,0,17264629.2,91357245.5,4
CONT_s13_l2a_BigBuckBunny,1789338694.274,0.1047,36260,29,0,19838558.4,89337992.1,4
CONT_s13_l2a_BigBuckBunny,1789338694.378,0.1049,46760,36,0,14790484.6,87246564.6,4
CONT_s13_l2a_BigBuckBunny,1789338694.483,0.1047,33208,26,0,17349423.3,89310697.0,4
CONT_s13_l2a_BigBuckBunny,1789338694.588,0.1045,52812,41,0,17995461.3,91283998.9,4
CONT_s13_l2a_BigBuckBunny,1789338694.693,0.1048,33260,27,0,18738054.5,89400955.4,4
CONT_s13_l2a_BigBuckBunny,1789338694.797,0.1047,46760,36,0,14951377.9,87257655.6,4
CONT_s13_l2a_BigBuckBunny,1789338694.902,0.1048,33208,26,0,17527037.0,89349395.7,4
CONT_s13_l2a_BigBuckBunny,1789338695.007,0.1048,52864,42,0,19293788.7,91189357.9,4
CONT_s13_l2a_BigBuckBunny,1789338695.112,0.1047,33208,26,0,17077569.4,89425906.9,4
CONT_s13_l2a_BigBuckBunny,1789338695.216,0.1048,46760,36,0,15048645.0,87223359.9,4
CONT_s13_l2a_BigBuckBunny,1789338695.321,0.1046,46708,35,0,14503031.4,87400352.8,4
CONT_s13_l2a_BigBuckBunny,1789338695.426,0.1047,39364,33,0,22817612.8,94131823.1,4
CONT_s13_l2a_BigBuckBunny,1789338695.53,0.1049,33208,26,0,17171049.7,89387140.7,4
CONT_s13_l2a_BigBuckBunny,1789338695.637,0.1063,46760,36,0,15114806.3,87265184.7,4
CONT_s13_l2a_BigBuckBunny,1789338695.742,0.1055,46760,36,0,14557540.0,87513182.4,4
CONT_s13_l2a_BigBuckBunny,1789338695.847,0.1046,39312,32,0,23133252.9,94718679.2,4
CONT_s13_l2a_BigBuckBunny,1789338695.952,0.1049,44458,35,0,15346978.6,86094797.1,4
CONT_s13_l2a_BigBuckBunny,1789338696.056,0.1047,42812,36,0,22873437.9,58624110.7,4
CONT_s13_l2a_BigBuckBunny,1789338696.161,0.1046,33208,26,0,16289713.7,89497624.3,4
CONT_s13_l2a_BigBuckBunny,1789338696.266,0.1046,46760,36,0,14596263.1,87348914.5,4
CONT_s13_l2a_BigBuckBunny,1789338696.37,0.1047,46708,35,0,14059842.1,87260364.3,4
CONT_s13_l2a_BigBuckBunny,1789338696.475,0.105,39364,33,0,22172626.0,94223546.0,4
CONT_s13_l2a_BigBuckBunny,1789338696.58,0.1047,33208,26,0,16855358.4,89461541.9,4
CONT_s13_l2a_BigBuckBunny,1789338696.685,0.1051,46760,36,0,14950543.6,87199485.0,4
CONT_s13_l2a_BigBuckBunny,1789338696.79,0.1046,46760,36,0,14429867.8,87394968.5,4
CONT_s13_l2a_BigBuckBunny,1789338696.894,0.1047,39312,32,0,22857227.9,94481388.6,4
CONT_s13_l2a_BigBuckBunny,1789338696.999,0.1046,33208,26,0,17085553.9,89521000.4,4
CONT_s13_l2a_BigBuckBunny,1789338697.104,0.1047,46760,36,0,15070368.9,87290984.5,4
CONT_s13_l2a_BigBuckBunny,1789338697.208,0.1047,46760,36,0,14518543.4,87186749.5,4
CONT_s13_l2a_BigBuckBunny,1789338697.313,0.1046,39312,32,0,23013992.1,94421025.5,4
CONT_s13_l2a_BigBuckBunny,1789338697.418,0.1047,46708,35,0,15109995.8,87283255.5,4
CONT_s13_l2a_BigBuckBunny,1789338697.522,0.1046,33260,27,0,17631877.1,88978075.1,4
CONT_s13_l2a_BigBuckBunny,1789338697.627,0.1046,49760,38,0,16570847.4,91554503.9,4
CONT_s13_l2a_BigBuckBunny,1789338697.732,0.1046,36312,30,0,22041993.3,89185737.5,4
CONT_s13_l2a_BigBuckBunny,1789338697.836,0.1046,46760,36,0,15150879.2,87146286.0,4
CONT_s13_l2a_BigBuckBunny,1789338697.941,0.1046,33208,26,0,17730960.9,89387071.1,4
CONT_s13_l2a_BigBuckBunny,1789338698.045,0.1046,49812,39,0,17891550.5,91148487.5,4
CONT_s13_l2a_BigBuckBunny,1789338698.15,0.1047,36260,29,0,20468087.5,89136429.4,4
CONT_s13_l2a_BigBuckBunny,1789338698.255,0.1047,46760,36,0,15128019.3,87144880.0,4
CONT_s13_l2a_BigBuckBunny,1789338698.359,0.1046,33208,26,0,17725080.2,89042300.6,4
CONT_s13_l2a_BigBuckBunny,1789338698.464,0.1047,49812,39,0,17883662.9,91286266.3,4
CONT_s13_l2a_BigBuckBunny,1789338698.569,0.1047,36260,29,0,20498266.4,88874696.7,4
CONT_s13_l2a_BigBuckBunny,1789338698.673,0.1046,46760,36,0,15146640.9,87271637.2,4
CONT_s13_l2a_BigBuckBunny,1789338698.778,0.1047,33208,26,0,17740244.8,89356401.2,4
CONT_s13_l2a_BigBuckBunny,1789338698.883,0.1047,52812,41,0,18308410.6,91249816.8,4
CONT_s13_l2a_BigBuckBunny,1789338698.988,0.1049,33260,27,0,19102962.4,89070900.2,4
CONT_s13_l2a_BigBuckBunny,1789338699.093,0.1051,46760,36,0,15147928.8,87100354.1,4
CONT_s13_l2a_BigBuckBunny,1789338699.197,0.1047,44880,37,0,18607119.5,87031317.6,4
CONT_s13_l2a_BigBuckBunny,1789338699.302,0.1046,39312,32,0,21957795.3,60900591.3,4
CONT_s13_l2a_BigBuckBunny,1789338699.407,0.1046,33208,26,0,16704324.3,89338692.3,4
CONT_s13_l2a_BigBuckBunny,1789338699.511,0.1047,46760,36,0,14873891.3,87160698.1,4
CONT_s13_l2a_BigBuckBunny,1789338699.616,0.1047,46760,36,0,14354203.5,87224336.3,4
CONT_s13_l2a_BigBuckBunny,1789338699.721,0.1048,39312,32,0,22676906.1,94575218.2,4
CONT_s13_l2a_BigBuckBunny,1789338699.825,0.1046,46708,35,0,15014954.0,87130784.4,4
CONT_s13_l2a_BigBuckBunny,1789338699.93,0.1047,33260,27,0,17544304.7,89047853.1,4
CONT_s13_l2a_BigBuckBunny,1789338700.035,0.1047,49812,39,0,17786889.1,91093038.2,4
CONT_s13_l2a_BigBuckBunny,1789338700.14,0.1049,36641,33,0,18084579.4,88613012.3,6
CONT_s13_l2a_BigBuckBunny,1789338700.246,0.1067,46812,37,0,10526781.5,83787985.7,5
CONT_s13_l2a_BigBuckBunny,1789338700.351,0.1048,43656,32,0,7595301.9,76743860.5,4
CONT_s13_l2a_BigBuckBunny,1789338700.456,0.1047,40864,34,0,13232404.0,84596735.6,4
CONT_s13_l2a_BigBuckBunny,1789338700.561,0.1048,33208,26,0,11969429.3,89576821.0,4
CONT_s13_l2a_BigBuckBunny,1789338700.666,0.1048,46760,36,0,11979116.1,87363999.1,4
CONT_s13_l2a_BigBuckBunny,1789338700.77,0.1047,33208,26,0,14045394.2,89618291.8,4
CONT_s13_l2a_BigBuckBunny,1789338700.875,0.1049,52864,42,0,16218261.6,91530448.0,4
CONT_s13_l2a_BigBuckBunny,1789338700.98,0.1048,33208,26,0,14989353.8,89710899.2,4
CONT_s13_l2a_BigBuckBunny,1789338701.085,0.1048,46760,36,0,13777728.8,87559455.5,4
CONT_s13_l2a_BigBuckBunny,1789338701.19,0.1047,46760,36,0,13412140.1,87405883.5,4
CONT_s13_l2a_BigBuckBunny,1789338701.294,0.1047,39312,32,0,21221967.0,94404369.1,4
CONT_s13_l2a_BigBuckBunny,1789338701.399,0.1048,33208,26,0,16185538.5,89517899.9,4
CONT_s13_l2a_BigBuckBunny,1789338701.504,0.1049,46760,36,0,14489711.8,87321719.8,4
CONT_s13_l2a_BigBuckBunny,1789338701.609,0.1048,46760,36,0,14013499.4,87494109.3,4
CONT_s13_l2a_BigBuckBunny,1789338701.714,0.1048,39312,32,0,22203778.5,94637885.7,4
CONT_s13_l2a_BigBuckBunny,1789338701.818,0.1048,46708,35,0,14764369.7,87299473.3,4
CONT_s13_l2a_BigBuckBunny,1789338701.923,0.1051,33260,27,0,17197739.4,89269737.1,4
CONT_s13_l2a_BigBuckBunny,1789338702.028,0.1049,49812,39,0,17531499.9,91551345.2,4
CONT_s13_l2a_BigBuckBunny,1789338702.136,0.1075,36260,29,0,20094708.7,89369880.7,4
CONT_s13_l2a_BigBuckBunny,1789338702.241,0.1049,46760,36,0,14950532.4,87357929.6,4
CONT_s13_l2a_BigBuckBunny,1789338702.345,0.1047,44313,38,0,21601241.7,79953618.4,4
CONT_s13_l2a_BigBuckBunny,1789338702.45,0.1049,33208,26,0,16235806.4,56582968.8,4
CONT_s13_l2a_BigBuckBunny,1789338702.555,0.1048,46760,36,0,14502953.0,87323914.0,4
CONT_s13_l2a_BigBuckBunny,1789338702.66,0.1047,33208,26,0,16897918.8,89495324.8,4
CONT_s13_l2a_BigBuckBunny,1789338702.765,0.1048,52864,42,0,18732247.7,91186778.7,4
CONT_s13_l2a_BigBuckBunny,1789338702.869,0.1046,33208,26,0,16733334.8,89194563.1,4
CONT_s13_l2a_BigBuckBunny,1789338702.974,0.1048,46760,36,0,14879526.2,87400453.9,4
CONT_s13_l2a_BigBuckBunny,1789338703.079,0.1049,46760,36,0,14352754.9,87350134.9,4
CONT_s13_l2a_BigBuckBunny,1789338703.184,0.1049,39312,32,0,22738785.5,94641770.4,4
CONT_s13_l2a_BigBuckBunny,1789338703.289,0.1047,33208,26,0,17014541.1,89457665.5,4
CONT_s13_l2a_BigBuckBunny,1789338703.393,0.1048,46760,36,0,15019000.1,87263312.8,4
CONT_s13_l2a_BigBuckBunny,1789338703.498,0.1048,46760,36,0,14469901.1,87283006.8,4
CONT_s13_l2a_BigBuckBunny,1789338703.603,0.1049,39312,32,0,22960109.9,94394161.7,4
CONT_s13_l2a_BigBuckBunny,1789338703.708,0.1049,33208,26,0,17115232.2,89427977.1,4
CONT_s13_l2a_BigBuckBunny,1789338703.813,0.1048,46760,36,0,15082370.1,87433063.5,4
CONT_s13_l2a_BigBuckBunny,1789338703.918,0.1047,46760,36,0,14523519.4,87422554.2,4
CONT_s13_l2a_BigBuckBunny,1789338704.022,0.1049,39312,32,0,23045984.0,94455558.4,4
CONT_s13_l2a_BigBuckBunny,1789338704.127,0.1048,46760,36,0,15091430.6,87365138.2,4
CONT_s13_l2a_BigBuckBunny,1789338704.232,0.1049,33208,26,0,17680250.8,89316501.0,4
CONT_s13_l2a_BigBuckBunny,1789338704.337,0.1047,49812,39,0,17857771.2,91419194.9,4
CONT_s13_l2a_BigBuckBunny,1789338704.442,0.1048,36260,29,0,20461396.9,89415059.3,4
CONT_s13_l2a_BigBuckBunny,1789338704.547,0.1048,46760,36,0,15154637.2,87063851.2,4
CONT_s13_l2a_BigBuckBunny,1789338704.651,0.1047,33208,26,0,17761114.5,89406370.3,4
CONT_s13_l2a_BigBuckBunny,1789338704.758,0.1066,49812,39,0,17926235.5,91371818.8,4
CONT_s13_l2a_BigBuckBunny,1789338704.862,0.1046,36260,29,0,20548210.4,89337210.3,4
CONT_s13_l2a_BigBuckBunny,1789338704.967,0.1048,46760,36,0,15194201.3,87065537.9,4
CONT_s13_l2a_BigBuckBunny,1789338705.072,0.1048,33208,26,0,17793856.2,89301903.9,4
CONT_s13_l2a_BigBuckBunny,1789338705.177,0.1048,52864,42,0,19539717.5,91085749.8,4
CONT_s13_l2a_BigBuckBunny,1789338705.282,0.1047,33208,26,0,17273631.8,89207323.0,4
CONT_s13_l2a_BigBuckBunny,1789338705.386,0.1048,46760,36,0,15173066.9,87085557.5,4
CONT_s13_l2a_BigBuckBunny,1789338705.491,0.1048,33208,26,0,17775635.8,89353239.6,4
CONT_s13_l2a_BigBuckBunny,1789338705.596,0.1048,50689,43,0,20260783.1,88350540.6,4
CONT_s13_l2a_BigBuckBunny,1789338705.701,0.1048,46604,33,0,11980438.8,70161792.9,3
CONT_s13_l2a_BigBuckBunny,1789338705.805,0.1047,40708,31,0,7347390.5,72085890.0,2
CONT_s13_l2a_BigBuckBunny,1789338705.91,0.1047,40656,30,0,6625291.3,67310911.9,2
CONT_s13_l2a_BigBuckBunny,1789338706.015,0.1048,40656,30,0,6375702.6,67094018.7,2
CONT_s13_l2a_BigBuckBunny,1789338706.12,0.1048,40656,30,0,6195337.3,67217955.8,2
CONT_s13_l2a_BigBuckBunny,1789338706.225,0.1049,40656,30,0,6054872.2,66982817.8,2
CONT_s13_l2a_BigBuckBunny,1789338706.329,0.1048,40656,30,0,5936047.8,66929379.4,2
CONT_s13_l2a_BigBuckBunny,1789338706.434,0.1048,40656,30,0,5842184.2,67026570.7,2
CONT_s13_l2a_BigBuckBunny,1789338706.539,0.1048,40656,30,0,5770081.3,66868810.0,2
CONT_s13_l2a_BigBuckBunny,1789338706.644,0.1047,40656,30,0,5700492.6,67040418.5,2
CONT_s13_l2a_BigBuckBunny,1789338706.751,0.1068,40656,30,0,5652164.8,66940110.3,2
CONT_s13_l2a_BigBuckBunny,1789338706.855,0.1049,40656,30,0,5610536.6,66820508.5,2
CONT_s13_l2a_BigBuckBunny,1789338706.96,0.1048,54156,39,0,5663260.7,67160232.4,2
CONT_s13_l2a_BigBuckBunny,1789338707.065,0.1049,40708,31,0,5406178.3,66926716.5,2
CONT_s13_l2a_BigBuckBunny,1789338707.17,0.1049,40656,30,0,5498733.0,67020828.0,2
CONT_s13_l2a_BigBuckBunny,1789338707.275,0.1048,40656,30,0,5483892.9,67063917.1,2
CONT_s13_l2a_BigBuckBunny,1789338707.38,0.1048,40656,30,0,5467950.3,66837761.0,2
CONT_s13_l2a_BigBuckBunny,1789338707.485,0.1051,40656,30,0,5451292.0,67135007.3,2
CONT_s13_l2a_BigBuckBunny,1789338707.59,0.1051,40656,30,0,5435176.2,67152253.6,2
CONT_s13_l2a_BigBuckBunny,1789338707.695,0.1048,40656,30,0,5421996.6,66860889.7,2
CONT_s13_l2a_BigBuckBunny,1789338707.799,0.1049,40656,30,0,5425295.0,66716045.0,2
CONT_s13_l2a_BigBuckBunny,1789338707.904,0.1049,40656,30,0,5418631.8,67109102.1,2
CONT_s13_l2a_BigBuckBunny,1789338708.009,0.105,40656,30,0,5414359.9,66862014.6,2
CONT_s13_l2a_BigBuckBunny,1789338708.114,0.1051,40656,30,0,5411690.6,66902056.2,2
CONT_s13_l2a_BigBuckBunny,1789338708.22,0.1052,42405,32,0,5533962.1,43494304.4,2
CONT_s13_l2a_BigBuckBunny,1789338708.325,0.105,40656,30,0,5627471.4,67047904.6,2
CONT_s13_l2a_BigBuckBunny,1789338708.429,0.1049,54208,40,0,5592990.6,66758251.5,2
CONT_s13_l2a_BigBuckBunny,1789338708.534,0.105,40656,30,0,5557970.6,67088511.2,2
CONT_s13_l2a_BigBuckBunny,1789338708.64,0.1055,40656,30,0,5527449.9,66911232.1,2
CONT_s13_l2a_BigBuckBunny,1789338708.745,0.1055,40656,30,0,5513687.0,66804088.8,2
CONT_s13_l2a_BigBuckBunny,1789338708.85,0.1047,40656,30,0,5492888.0,67168736.7,2
CONT_s13_l2a_BigBuckBunny,1789338708.955,0.1049,40656,30,0,5475487.2,66930686.6,2
CONT_s13_l2a_BigBuckBunny,1789338709.06,0.1049,40656,30,0,5459168.9,66988241.5,2
CONT_s13_l2a_BigBuckBunny,1789338709.165,0.1048,40656,30,0,5450272.6,66718532.0,2
CONT_s13_l2a_BigBuckBunny,1789338709.269,0.1047,40656,30,0,5434638.0,66993513.4,2
CONT_s13_l2a_BigBuckBunny,1789338709.374,0.1049,40656,30,0,5424316.0,67083417.9,2
CONT_s13_l2a_BigBuckBunny,1789338709.479,0.1048,40656,30,0,5414108.8,67235350.6,2
CONT_s13_l2a_BigBuckBunny,1789338709.585,0.1054,731749,568,18,144856.2,4386928.1,2
CONT_s13_l2a_BigBuckBunny,1789338709.69,0.105,2405934,1812,0,136918.9,882045.3,2
CONT_s13_l2a_BigBuckBunny,1789338709.794,0.1043,39156,48,19,4887084.6,86922302.0,2
CONT_s13_l2a_BigBuckBunny,1789338709.899,0.1048,37904,51,24,6665122.3,64464128.7,2
CONT_s13_l2a_BigBuckBunny,1789338710.003,0.1048,40360,48,19,4703945.4,66318353.8,2
CONT_s13_l2a_BigBuckBunny,1789338710.108,0.1049,39904,39,0,2659721.7,24157566.8,2
CONT_s13_l2a_BigBuckBunny,1789338710.213,0.1049,35576,40,0,898001.6,55885404.2,2
CONT_s13_l2a_BigBuckBunny,1789338710.318,0.1048,42660,54,17,1307319.0,75983181.6,2
CONT_s13_l2a_BigBuckBunny,1789338710.423,0.1048,40968,51,10,5659832.6,72347757.2,2
CONT_s13_l2a_BigBuckBunny,1789338710.528,0.1048,40872,52,26,1700332.5,81824894.6,2
CONT_s13_l2a_BigBuckBunny,1789338710.636,0.1085,34584,45,14,4701358.3,84957764.3,2
CONT_s13_l2a_BigBuckBunny,1789338710.741,0.105,42228,54,0,6608463.5,83368141.2,2
CONT_s13_l2a_BigBuckBunny,1789338710.846,0.1049,30272,25,2,7086652.4,67904436.8,2
CONT_s13_l2a_BigBuckBunny,1789338710.951,0.1048,46864,38,0,4689717.7,84799384.1,2
CONT_s13_l2a_BigBuckBunny,1789338711.056,0.1048,40244,46,3,6771525.7,53739467.5,2
CONT_s13_l2a_BigBuckBunny,1789338711.16,0.1047,34708,27,0,7096232.9,66810320.9,2
CONT_s13_l2a_BigBuckBunny,1789338711.265,0.1048,37708,29,0,7150155.9,77676378.4,2
CONT_s13_l2a_BigBuckBunny,1789338711.37,0.1048,42208,32,0,6995539.0,79674769.0,2
CONT_s13_l2a_BigBuckBunny,1789338711.475,0.105,37708,29,0,7176482.8,81702685.7,2
CONT_s13_l2a_BigBuckBunny,1789338711.58,0.1048,30156,23,0,7179328.0,81804842.3,2
CONT_s13_l2a_BigBuckBunny,1789338711.684,0.1047,43708,33,0,7070949.0,85855736.6,2
CONT_s13_l2a_BigBuckBunny,1789338711.789,0.1048,33156,25,0,7011148.0,87000867.1,2
CONT_s13_l2a_BigBuckBunny,1789338711.894,0.1046,45208,34,0,7000234.8,89829634.9,2
CONT_s13_l2a_BigBuckBunny,1789338711.999,0.1048,28708,23,0,7608709.9,59474450.8,2
CONT_s13_l2a_BigBuckBunny,1789338712.103,0.1048,43760,34,0,7631603.1,65096562.3,2
CONT_s13_l2a_BigBuckBunny,1789338712.208,0.1048,33208,26,0,7721866.9,72342533.2,2
CONT_s13_l2a_BigBuckBunny,1789338712.313,0.1048,40708,31,0,7520600.4,73549652.4,2
CONT_s13_l2a_BigBuckBunny,1789338712.418,0.1049,43760,34,0,7857624.0,77524381.7,2
CONT_s13_l2a_BigBuckBunny,1789338712.523,0.1047,30156,23,0,7749720.7,78869473.6,2
CONT_s13_l2a_BigBuckBunny,1789338712.627,0.1048,43708,33,0,7489877.8,81646591.9,2
CONT_s13_l2a_BigBuckBunny,1789338712.732,0.1049,40708,31,0,7539505.7,84546104.6,2
CONT_s13_l2a_BigBuckBunny,1789338712.837,0.1047,31656,24,0,7464615.8,85871393.5,2
CONT_s13_l2a_BigBuckBunny,1789338712.942,0.1046,42208,32,0,7367247.4,86567526.9,2
CONT_s13_l2a_BigBuckBunny,1789338713.047,0.1048,33156,25,0,7304370.1,90106473.3,2
CONT_s13_l2a_BigBuckBunny,1789338713.151,0.1047,46656,34,0,7086486.0,75506765.6,2
CONT_s13_l2a_BigBuckBunny,1789338713.256,0.1048,34708,27,0,7011034.6,63888766.5,2
CONT_s13_l2a_BigBuckBunny,1789338713.361,0.1049,36156,27,0,6777805.4,63959160.7,2
CONT_s13_l2a_BigBuckBunny,1789338713.466,0.1048,37708,29,0,7019910.1,60825150.5,2
CONT_s13_l2a_BigBuckBunny,1789338713.571,0.1048,42208,32,0,7086922.2,76520641.0,2
CONT_s13_l2a_BigBuckBunny,1789338713.675,0.1047,39208,30,0,7331940.9,79707742.1,2
CONT_s13_l2a_BigBuckBunny,1789338713.78,0.1048,36208,28,0,7654198.3,81473873.7,2
CONT_s13_l2a_BigBuckBunny,1789338713.885,0.1048,31656,24,0,7637317.6,82896210.7,2
CONT_s13_l2a_BigBuckBunny,1789338713.99,0.1048,46708,35,0,7373125.6,85861472.2,2
CONT_s13_l2a_BigBuckBunny,1789338714.094,0.1048,31656,24,0,7462909.0,85742665.5,2
CONT_s13_l2a_BigBuckBunny,1789338714.199,0.1047,42208,32,0,7587300.5,88878579.8,2
CONT_s13_l2a_BigBuckBunny,1789338714.304,0.1047,33156,25,0,7517842.7,90122781.2,2
CONT_s13_l2a_BigBuckBunny,1789338714.409,0.1048,42208,32,0,7553614.5,89865734.8,2
CONT_s13_l2a_BigBuckBunny,1789338714.514,0.1048,34656,26,0,7455613.3,91298280.2,2
CONT_s13_l2a_BigBuckBunny,1789338714.618,0.1048,33156,25,0,7243220.8,58316902.4,2
CONT_s13_l2a_BigBuckBunny,1789338714.723,0.105,48208,36,0,6881501.0,65356410.7,2
CONT_s13_l2a_BigBuckBunny,1789338714.828,0.1047,34708,27,0,7353504.9,66468923.7,2
CONT_s13_l2a_BigBuckBunny,1789338714.933,0.1049,34708,27,0,7506648.3,74416019.2,2
CONT_s13_l2a_BigBuckBunny,1789338715.038,0.1048,42208,32,0,7297565.4,77492700.5,2
CONT_s13_l2a_BigBuckBunny,1789338715.143,0.1048,37708,29,0,7551166.1,80483228.4,2
CONT_s13_l2a_BigBuckBunny,1789338715.25,0.1074,39208,30,0,7559424.3,81602766.4,2
CONT_s13_l2a_BigBuckBunny,1789338715.355,0.1049,31656,24,0,7537108.1,85711337.3,2
CONT_s13_l2a_BigBuckBunny,1789338715.46,0.1048,42708,33,0,7083002.3,53638950.6,2
CONT_s13_l2a_BigBuckBunny,1789338715.565,0.1048,45104,32,0,6593096.7,81651264.9,2
CONT_s13_l2a_BigBuckBunny,1789338715.669,0.1048,37812,31,0,6311452.2,64819276.1,2
CONT_s13_l2a_BigBuckBunny,1789338715.774,0.1048,27468,27,0,2981829.7,48307621.3,2
CONT_s13_l2a_BigBuckBunny,1789338715.879,0.1048,46708,35,0,6260096.8,90349523.7,2
CONT_s13_l2a_BigBuckBunny,1789338715.984,0.1049,33364,29,0,4469368.8,77261187.7,2
CONT_s13_l2a_BigBuckBunny,1789338716.089,0.1048,46920,60,0,6955268.5,77169240.0,2
CONT_s13_l2a_BigBuckBunny,1789338716.193,0.1048,32628,39,1,7159384.5,56368105.9,2
CONT_s13_l2a_BigBuckBunny,1789338716.298,0.1048,43760,34,0,7145102.9,65976309.1,2
CONT_s13_l2a_BigBuckBunny,1789338716.403,0.1049,33208,26,0,7355340.1,71366523.6,2
CONT_s13_l2a_BigBuckBunny,1789338716.508,0.1048,36208,28,0,7404316.0,73255955.2,2
CONT_s13_l2a_BigBuckBunny,1789338716.613,0.1048,40656,30,0,6761593.7,74992702.5,2
CONT_s13_l2a_BigBuckBunny,1789338716.717,0.1048,40656,30,0,6545903.1,73412101.3,2
CONT_s13_l2a_BigBuckBunny,1789338716.822,0.1048,40656,30,0,6423409.2,73431512.7,2
CONT_s13_l2a_BigBuckBunny,1789338716.927,0.1049,27104,20,0,6359467.1,73614208.5,2
CONT_s13_l2a_BigBuckBunny,1789338717.032,0.1048,40656,30,0,6285688.8,73471224.5,2
CONT_s13_l2a_BigBuckBunny,1789338717.137,0.1052,40656,30,0,6226577.3,73442965.2,2
CONT_s13_l2a_BigBuckBunny,1789338717.243,0.1057,40656,30,0,6170682.5,73663924.6,2
CONT_s13_l2a_BigBuckBunny,1789338717.348,0.1048,40656,30,0,6127063.3,73605316.6,2
CONT_s13_l2a_BigBuckBunny,1789338717.452,0.1048,27104,20,0,6098751.2,73382924.1,2
CONT_s13_l2a_BigBuckBunny,1789338717.557,0.1049,40656,30,0,6071791.3,73519939.1,2
CONT_s13_l2a_BigBuckBunny,1789338717.662,0.1047,40656,30,0,6044840.8,73649556.2,2
CONT_s13_l2a_BigBuckBunny,1789338717.767,0.1047,40656,30,0,6017839.4,73400631.5,2
CONT_s13_l2a_BigBuckBunny,1789338717.872,0.1049,40656,30,0,6000224.1,73197033.4,2
CONT_s13_l2a_BigBuckBunny,1789338717.976,0.1048,27104,20,0,5991888.6,73001001.9,2
CONT_s13_l2a_BigBuckBunny,1789338718.081,0.1048,40656,30,0,5975660.7,73440698.5,2
CONT_s13_l2a_BigBuckBunny,1789338718.186,0.1048,40656,30,0,5967148.9,73373321.3,2
CONT_s13_l2a_BigBuckBunny,1789338718.291,0.1048,40656,30,0,5957584.3,73499867.4,2
CONT_s13_l2a_BigBuckBunny,1789338718.396,0.1048,40656,30,0,5959062.4,73431191.8,2
CONT_s13_l2a_BigBuckBunny,1789338718.5,0.1048,40604,29,0,6131575.8,73606755.1,2
CONT_s13_l2a_BigBuckBunny,1789338718.605,0.1048,27156,21,0,5691521.7,73580657.8,2
CONT_s13_l2a_BigBuckBunny,1789338718.71,0.1047,40656,30,0,5931793.2,73462332.7,2
CONT_s13_l2a_BigBuckBunny,1789338718.815,0.1047,40656,30,0,5926085.0,73526491.9,2
CONT_s13_l2a_BigBuckBunny,1789338718.919,0.1048,40656,30,0,5920121.0,73522593.5,2
CONT_s13_l2a_BigBuckBunny,1789338719.024,0.1048,35655,28,0,6127053.4,53271854.1,2
CONT_s13_l2a_BigBuckBunny,1789338719.131,0.107,40656,30,0,6219017.4,73099734.7,2
CONT_s13_l2a_BigBuckBunny,1789338719.236,0.1049,40656,30,0,6167224.3,73440290.9,2
CONT_s13_l2a_BigBuckBunny,1789338719.341,0.1047,27104,20,0,6135673.3,73531658.5,2
CONT_s13_l2a_BigBuckBunny,1789338719.445,0.1047,40656,30,0,6095903.9,73516796.8,2
CONT_s13_l2a_BigBuckBunny,1789338719.55,0.1049,40656,30,0,6064499.1,73518190.8,2
CONT_s13_l2a_BigBuckBunny,1789338719.655,0.1047,40656,30,0,6042984.9,73548739.5,2
CONT_s13_l2a_BigBuckBunny,1789338719.76,0.1047,40656,30,0,6014307.7,73457185.3,2
CONT_s13_l2a_BigBuckBunny,1789338719.865,0.1049,27104,20,0,5999671.2,73401650.1,2
CONT_s13_l2a_BigBuckBunny,1789338719.969,0.105,40656,30,0,5982819.3,73751014.5,2
CONT_s13_l2a_BigBuckBunny,1789338720.075,0.1054,40656,30,0,5970943.3,73392475.2,2
CONT_s13_l2a_BigBuckBunny,1789338720.18,0.105,40656,30,0,5962417.5,73572809.2,2
CONT_s13_l2a_BigBuckBunny,1789338720.285,0.1047,40656,30,0,5959133.5,73562116.0,2
CONT_s13_l2a_BigBuckBunny,1789338720.389,0.1048,40604,29,0,6132492.7,73504251.8,2
CONT_s13_l2a_BigBuckBunny,1789338720.494,0.105,27156,21,0,5695908.9,73578091.5,2
CONT_s13_l2a_BigBuckBunny,1789338720.599,0.1048,40656,30,0,5934144.5,73493670.5,2
CONT_s13_l2a_BigBuckBunny,1789338720.704,0.1048,40656,30,0,5927664.3,73580999.4,2
CONT_s13_l2a_BigBuckBunny,1789338720.809,0.1047,40656,30,0,5936038.9,73297812.0,2
CONT_s13_l2a_BigBuckBunny,1789338720.914,0.1048,40656,30,0,5936576.7,73505207.7,2
CONT_s13_l2a_BigBuckBunny,1789338721.018,0.1049,27104,20,0,5930951.4,73841772.8,2
CONT_s13_l2a_BigBuckBunny,1789338721.123,0.1048,40656,30,0,5922885.6,73765108.8,2
CONT_s13_l2a_BigBuckBunny,1789338721.228,0.105,40656,30,0,5915960.7,73731778.9,2
CONT_s13_l2a_BigBuckBunny,1789338721.333,0.1048,40656,30,0,5917385.4,73654411.7,2
CONT_s13_l2a_BigBuckBunny,1789338721.438,0.1048,40656,30,0,5915184.8,73451203.0,2
CONT_s13_l2a_BigBuckBunny,1789338721.543,0.1048,27164,21,0,5631425.0,73438465.6,3
CONT_s13_l2a_BigBuckBunny,1789338721.647,0.1049,47145,40,0,5974456.8,69963790.5,4
CONT_s13_l2a_BigBuckBunny,1789338721.754,0.1062,33208,26,0,8527234.3,91163767.5,4
CONT_s13_l2a_BigBuckBunny,1789338721.858,0.1048,46760,36,0,10215582.3,95542644.7,4
CONT_s13_l2a_BigBuckBunny,1789338721.963,0.105,33208,26,0,12486230.8,97993852.6,4
CONT_s13_l2a_BigBuckBunny,1789338722.068,0.105,33208,26,0,13630113.8,97878996.6,4
CONT_s13_l2a_BigBuckBunny,1789338722.173,0.105,46760,36,0,12300598.1,95873913.0,4
CONT_s13_l2a_BigBuckBunny,1789338722.278,0.1049,39312,32,0,20100259.2,103567211.1,4
CONT_s13_l2a_BigBuckBunny,1789338722.383,0.105,33208,26,0,15911017.7,98000110.8,4
CONT_s13_l2a_BigBuckBunny,1789338722.488,0.1049,33208,26,0,16350198.2,98224956.8,4
CONT_s13_l2a_BigBuckBunny,1789338722.593,0.1048,46760,36,0,14937347.8,95678589.7,4
CONT_s13_l2a_BigBuckBunny,1789338722.698,0.1048,33208,26,0,17604437.0,97994293.5,4
CONT_s13_l2a_BigBuckBunny,1789338722.803,0.1048,33208,26,0,17856598.5,98028087.1,4
CONT_s13_l2a_BigBuckBunny,1789338722.907,0.1049,49812,39,0,18357685.9,100292624.3,4
CONT_s13_l2a_BigBuckBunny,1789338723.012,0.105,36260,29,0,21177245.0,98137210.5,4
CONT_s13_l2a_BigBuckBunny,1789338723.117,0.1049,31126,27,0,20936515.9,65440427.7,4
CONT_s13_l2a_BigBuckBunny,1789338723.222,0.1048,46760,36,0,14476276.6,90737699.1,4
CONT_s13_l2a_BigBuckBunny,1789338723.327,0.1048,39312,32,0,22795140.5,103500958.2,4
CONT_s13_l2a_BigBuckBunny,1789338723.432,0.1049,33208,26,0,17562061.9,98138551.0,4
CONT_s13_l2a_BigBuckBunny,1789338723.537,0.1049,33208,26,0,17775210.2,98052518.9,4
CONT_s13_l2a_BigBuckBunny,1789338723.642,0.105,46760,36,0,15952042.6,95795744.4,4
CONT_s13_l2a_BigBuckBunny,1789338723.753,0.1113,33208,26,0,18666071.8,98126095.6,4
CONT_s13_l2a_BigBuckBunny,1789338723.858,0.1049,46760,36,0,15510345.4,95562904.2,4
CONT_s13_l2a_BigBuckBunny,1789338723.963,0.1049,36260,29,0,22774509.1,104191032.4,4
CONT_s13_l2a_BigBuckBunny,1789338724.068,0.1051,36260,29,0,21921994.2,98105423.6,4
CONT_s13_l2a_BigBuckBunny,1789338724.173,0.1048,33208,26,0,18540440.0,97937111.9,4
CONT_s13_l2a_BigBuckBunny,1789338724.277,0.1048,46760,36,0,16398036.8,95579830.8,4
CONT_s13_l2a_BigBuckBunny,1789338724.382,0.1049,33208,26,0,19209715.4,98186695.5,4
CONT_s13_l2a_BigBuckBunny,1789338724.487,0.105,33208,26,0,19247557.5,98254266.3,4
CONT_s13_l2a_BigBuckBunny,1789338724.592,0.1048,46760,36,0,15855524.8,95605961.9,4
CONT_s13_l2a_BigBuckBunny,1789338724.697,0.105,39312,32,0,25189587.0,103515215.6,4
CONT_s13_l2a_BigBuckBunny,1789338724.802,0.1048,33208,26,0,18783974.2,97795280.4,4
CONT_s13_l2a_BigBuckBunny,1789338724.907,0.1048,33208,26,0,18800151.3,98161082.7,4
CONT_s13_l2a_BigBuckBunny,1789338725.012,0.1049,46760,36,0,16566017.3,95809773.3,4
CONT_s13_l2a_BigBuckBunny,1789338725.117,0.1049,33208,26,0,19392675.7,98274994.0,4
CONT_s13_l2a_BigBuckBunny,1789338725.221,0.1049,33308,28,0,20251952.5,97849851.9,5
CONT_s13_l2a_BigBuckBunny,1789338725.326,0.1049,50093,41,0,11469797.6,94342415.6,5
CONT_s13_l2a_BigBuckBunny,1789338725.431,0.1051,36260,29,0,10717110.6,91775745.5,4
CONT_s13_l2a_BigBuckBunny,1789338725.537,0.1051,33208,26,0,11669456.5,97861431.5,4
CONT_s13_l2a_BigBuckBunny,1789338725.642,0.1052,33208,26,0,12905551.5,98161788.5,4
CONT_s13_l2a_BigBuckBunny,1789338725.749,0.1077,46760,36,0,13015265.6,95701912.4,4
CONT_s13_l2a_BigBuckBunny,1789338725.854,0.1051,33208,26,0,15312137.2,98028298.6,4
CONT_s13_l2a_BigBuckBunny,1789338725.96,0.1051,46760,36,0,13484454.6,95900443.2,4
CONT_s13_l2a_BigBuckBunny,1789338726.065,0.105,39312,32,0,21403933.9,103807479.2,4
CONT_s13_l2a_BigBuckBunny,1789338726.17,0.105,33208,26,0,16804482.9,98291685.6,4
CONT_s13_l2a_BigBuckBunny,1789338726.275,0.105,33208,26,0,17118718.7,98290082.1,4
CONT_s13_l2a_BigBuckBunny,1789338726.38,0.1051,46760,36,0,15528001.1,95911355.1,4
CONT_s13_l2a_BigBuckBunny,1789338726.485,0.1051,33208,26,0,18178937.0,98197499.2,4
CONT_s13_l2a_BigBuckBunny,1789338726.59,0.1051,33208,26,0,18369618.3,97934383.6,4
CONT_s13_l2a_BigBuckBunny,1789338726.695,0.1049,49812,39,0,18772744.3,100373798.6,4
CONT_s13_l2a_BigBuckBunny,1789338726.8,0.1051,36260,29,0,21560553.3,98093400.7,4
CONT_s13_l2a_BigBuckBunny,1789338726.905,0.1051,33208,26,0,18307661.1,98083191.4,4
CONT_s13_l2a_BigBuckBunny,1789338727.01,0.1051,43014,34,0,16847813.7,93322740.7,4
CONT_s13_l2a_BigBuckBunny,1789338727.115,0.1053,39760,33,0,23318199.2,61366606.8,4
CONT_s13_l2a_BigBuckBunny,1789338727.22,0.1051,36260,29,0,20503695.7,98012199.3,4
CONT_s13_l2a_BigBuckBunny,1789338727.326,0.1052,33208,26,0,17704042.4,97905414.2,4
CONT_s13_l2a_BigBuckBunny,1789338727.432,0.1058,46760,36,0,15929953.3,95501801.4,4
CONT_s13_l2a_BigBuckBunny,1789338727.537,0.1052,33208,26,0,18616427.8,97901300.5,4
CONT_s13_l2a_BigBuckBunny,1789338727.642,0.105,33208,26,0,18760995.8,97960275.3,4
CONT_s13_l2a_BigBuckBunny,1789338727.748,0.1066,46760,36,0,15599075.5,95493747.9,4
CONT_s13_l2a_BigBuckBunny,1789338727.853,0.1051,39312,32,0,24678154.6,103512017.7,4
CONT_s13_l2a_BigBuckBunny,1789338727.959,0.1051,33208,26,0,18546158.2,98042796.5,4
CONT_s13_l2a_BigBuckBunny,1789338728.065,0.106,33208,26,0,18603774.7,97954789.1,4
CONT_s13_l2a_BigBuckBunny,1789338728.17,0.1051,46760,36,0,16459068.9,95744805.8,4
CONT_s13_l2a_BigBuckBunny,1789338728.275,0.1051,33208,26,0,19259804.4,98058725.7,4
CONT_s13_l2a_BigBuckBunny,1789338728.38,0.1053,46760,36,0,15886822.0,95767487.7,4
CONT_s13_l2a_BigBuckBunny,1789338728.485,0.1052,36260,29,0,23299677.0,104124279.1,4
CONT_s13_l2a_BigBuckBunny,1789338728.591,0.1055,36260,29,0,22340140.4,97942453.6,4
CONT_s13_l2a_BigBuckBunny,1789338728.696,0.1052,33208,26,0,18810276.3,98019508.1,4
CONT_s13_l2a_BigBuckBunny,1789338728.801,0.1052,46760,36,0,16562135.4,95761803.2,4
CONT_s13_l2a_BigBuckBunny,1789338728.906,0.1052,33208,26,0,19396572.1,97851252.8,4
CONT_s13_l2a_BigBuckBunny,1789338729.012,0.1052,33208,26,0,19400498.8,98179397.3,4
CONT_s13_l2a_BigBuckBunny,1789338729.117,0.1051,46760,36,0,15965755.5,95745594.9,4
CONT_s13_l2a_BigBuckBunny,1789338729.222,0.1051,39312,32,0,25347499.8,103609527.9,4
CONT_s13_l2a_BigBuckBunny,1789338729.327,0.1051,33208,26,0,18874598.2,98012070.5,4
CONT_s13_l2a_BigBuckBunny,1789338729.432,0.1052,33208,26,0,18868459.3,97662825.7,4
CONT_s13_l2a_BigBuckBunny,1789338729.537,0.1053,46760,36,0,16596000.8,95605990.6,4
CONT_s13_l2a_BigBuckBunny,1789338729.643,0.1053,33208,26,0,19437233.5,98021273.6,4
CONT_s13_l2a_BigBuckBunny,1789338729.754,0.1109,46760,36,0,15992664.8,95744171.7,4
CONT_s13_l2a_BigBuckBunny,1789338729.859,0.1053,39312,32,0,25402750.8,103389195.2,4
CONT_s13_l2a_BigBuckBunny,1789338729.964,0.1053,33208,26,0,18886020.2,97906213.9,4
CONT_s13_l2a_BigBuckBunny,1789338730.069,0.1052,33208,26,0,18890282.0,98279863.0,4
CONT_s13_l2a_BigBuckBunny,1789338730.174,0.105,46760,36,0,16600200.3,95890828.2,4
CONT_s13_l2a_BigBuckBunny,1789338730.279,0.1051,32013,29,0,27328451.1,79612153.7,4
CONT_s13_l2a_BigBuckBunny,1789338730.385,0.1051,46760,36,0,15711999.8,76608677.5,4
CONT_s13_l2a_BigBuckBunny,1789338730.49,0.1051,33208,26,0,18039340.2,98193021.4,4
CONT_s13_l2a_BigBuckBunny,1789338730.595,0.1057,33208,26,0,18252851.7,97928921.7,4
CONT_s13_l2a_BigBuckBunny,1789338730.701,0.1053,49760,38,0,17405131.4,100307497.8,4
CONT_s13_l2a_BigBuckBunny,1789338730.806,0.1051,36312,30,0,23116179.4,98084360.4,4
CONT_s13_l2a_BigBuckBunny,1789338730.912,0.1061,33208,26,0,18346751.5,98091755.7,4
CONT_s13_l2a_BigBuckBunny,1789338731.017,0.1053,33208,26,0,18427138.1,97959353.6,4
CONT_s13_l2a_BigBuckBunny,1789338731.123,0.1054,46760,36,0,16351535.4,95953545.2,4
CONT_s13_l2a_BigBuckBunny,1789338731.228,0.1052,33208,26,0,19133975.8,98297091.1,4
CONT_s13_l2a_BigBuckBunny,1789338731.333,0.1051,46760,36,0,15815147.8,95970503.2,4
CONT_s13_l2a_BigBuckBunny,1789338731.438,0.1052,36260,29,0,23175504.1,104278825.2,4
CONT_s13_l2a_BigBuckBunny,1789338731.543,0.1052,36260,29,0,22248276.7,97945156.7,4
CONT_s13_l2a_BigBuckBunny,1789338731.648,0.1051,33208,26,0,18743261.8,98091932.8,4
CONT_s13_l2a_BigBuckBunny,1789338731.755,0.1067,46760,36,0,16531115.8,95797427.5,4
CONT_s13_l2a_BigBuckBunny,1789338731.86,0.1052,33320,28,0,20158916.4,97679727.5,5
CONT_s13_l2a_BigBuckBunny,1789338731.965,0.1052,33529,29,0,16498954.0,97217982.9,6
CONT_s13_l2a_BigBuckBunny,1789338732.071,0.1054,49812,39,0,10812122.5,87967981.9,5
CONT_s13_l2a_BigBuckBunny,1789338732.176,0.1052,31656,24,0,9556518.3,82242271.4,4
CONT_s13_l2a_BigBuckBunny,1789338732.281,0.1053,33208,26,0,11037633.3,85166573.5,4
CONT_s13_l2a_BigBuckBunny,1789338732.387,0.1054,46760,36,0,11909729.8,89745977.6,4
CONT_s13_l2a_BigBuckBunny,1789338732.492,0.1053,30156,23,0,11428761.8,85555618.5,4
CONT_s13_l2a_BigBuckBunny,1789338732.597,0.1053,48260,37,0,13045737.5,81990173.4,4
CONT_s13_l2a_BigBuckBunny,1789338732.703,0.1054,31656,24,0,12795418.1,85895226.9,4
CONT_s13_l2a_BigBuckBunny,1789338732.808,0.1052,45208,34,0,11951354.8,85561459.6,4
CONT_s13_l2a_BigBuckBunny,1789338732.913,0.1053,31656,24,0,13492287.6,85630919.8,4
CONT_s13_l2a_BigBuckBunny,1789338733.019,0.1053,46708,35,0,13067294.3,82593480.1,4
CONT_s13_l2a_BigBuckBunny,1789338733.124,0.1053,31708,25,0,13485483.6,82323335.4,4
CONT_s13_l2a_BigBuckBunny,1789338733.229,0.1052,31656,24,0,13500385.1,85980412.4,4
CONT_s13_l2a_BigBuckBunny,1789338733.335,0.1054,45208,34,0,12310377.6,85967708.4,4
CONT_s13_l2a_BigBuckBunny,1789338733.44,0.1052,31656,24,0,13918810.0,85914064.2,4
CONT_s13_l2a_BigBuckBunny,1789338733.545,0.1055,46760,36,0,13272376.0,82550390.6,4
CONT_s13_l2a_BigBuckBunny,1789338733.651,0.1053,31656,24,0,13658534.9,82288118.7,4
CONT_s13_l2a_BigBuckBunny,1789338733.757,0.1063,45208,34,0,12426193.3,85737617.4,4
CONT_s13_l2a_BigBuckBunny,1789338733.862,0.1055,43030,36,0,16742533.2,60389443.8,4
CONT_s13_l2a_BigBuckBunny,1789338733.968,0.1054,31708,25,0,14266775.7,85664926.2,4
CONT_s13_l2a_BigBuckBunny,1789338734.073,0.1053,45156,33,0,12608140.4,85100809.7,4
CONT_s13_l2a_BigBuckBunny,1789338734.178,0.1052,31708,25,0,14316303.3,85557947.2,4
CONT_s13_l2a_BigBuckBunny,1789338734.284,0.1053,31656,24,0,14277912.4,85725413.2,4
CONT_s13_l2a_BigBuckBunny,1789338734.389,0.1054,49760,38,0,15205529.2,85737697.9,4
CONT_s13_l2a_BigBuckBunny,1789338734.494,0.1053,30156,23,0,12254683.3,84883939.4,4
CONT_s13_l2a_BigBuckBunny,1789338734.6,0.1054,43708,33,0,11127009.8,81806276.2,4
CONT_s13_l2a_BigBuckBunny,1789338734.705,0.1054,31656,24,0,14359840.8,83923367.0,4
CONT_s13_l2a_BigBuckBunny,1789338734.81,0.1053,46708,35,0,13452697.2,85595185.3,4
CONT_s13_l2a_BigBuckBunny,1789338734.916,0.1054,34708,27,0,16520025.2,85544785.2,4
CONT_s13_l2a_BigBuckBunny,1789338735.021,0.1054,43708,33,0,11041276.5,83990674.8,4
CONT_s13_l2a_BigBuckBunny,1789338735.127,0.1053,30156,23,0,12390084.1,81923856.6,4
CONT_s13_l2a_BigBuckBunny,1789338735.232,0.1053,46708,35,0,13485222.2,84420478.2,4
CONT_s13_l2a_BigBuckBunny,1789338735.337,0.1053,34708,27,0,16535283.4,85878019.0,4
CONT_s13_l2a_BigBuckBunny,1789338735.442,0.1053,31656,24,0,13569570.6,85934701.7,4
CONT_s13_l2a_BigBuckBunny,1789338735.548,0.1053,43708,33,0,10970288.9,83841091.3,4
CONT_s13_l2a_BigBuckBunny,1789338735.653,0.1052,43656,32,0,10599825.6,81923587.2,4
CONT_s13_l2a_BigBuckBunny,1789338735.758,0.1053,36260,29,0,17779961.7,85752379.4,4
CONT_s13_l2a_BigBuckBunny,1789338735.863,0.1052,31656,24,0,13606561.9,85646743.4,4
CONT_s13_l2a_BigBuckBunny,1789338735.969,0.1053,45208,34,0,12302389.9,85778168.5,4
CONT_s13_l2a_BigBuckBunny,1789338736.074,0.1053,30156,23,0,12164837.4,83070695.0,4
CONT_s13_l2a_BigBuckBunny,1789338736.179,0.1052,48208,36,0,14366511.5,82162443.0,4
CONT_s13_l2a_BigBuckBunny,1789338736.285,0.1053,31708,25,0,13271822.7,85835860.4,4
CONT_s13_l2a_BigBuckBunny,1789338736.39,0.1053,31656,24,0,13532902.3,85993840.8,4
CONT_s13_l2a_BigBuckBunny,1789338736.495,0.1055,45208,34,0,12246968.3,85822148.5,4
CONT_s13_l2a_BigBuckBunny,1789338736.601,0.1054,43708,33,0,10429436.0,82531129.3,4
CONT_s13_l2a_BigBuckBunny,1789338736.706,0.1055,34708,27,0,16489869.5,81934079.3,4
CONT_s13_l2a_BigBuckBunny,1789338736.812,0.1053,31656,24,0,13542293.3,85816743.2,4
CONT_s13_l2a_BigBuckBunny,1789338736.917,0.1054,45208,34,0,12260875.6,85859409.5,4
CONT_s13_l2a_BigBuckBunny,1789338737.022,0.1054,31656,24,0,13867227.1,85629953.2,4
CONT_s13_l2a_BigBuckBunny,1789338737.128,0.1054,46760,36,0,13051064.8,82605376.5,4
CONT_s13_l2a_BigBuckBunny,1789338737.233,0.1054,31656,24,0,13544992.4,82257917.9,4
CONT_s13_l2a_BigBuckBunny,1789338737.338,0.1052,45208,34,0,12305809.5,85829711.5,4
CONT_s13_l2a_BigBuckBunny,1789338737.444,0.1054,31656,24,0,13929601.7,86020539.3,4
CONT_s13_l2a_BigBuckBunny,1789338737.549,0.1054,46708,35,0,13108013.2,85355441.2,4
CONT_s13_l2a_BigBuckBunny,1789338737.655,0.1054,31708,25,0,13357995.5,81559584.8,4
CONT_s13_l2a_BigBuckBunny,1789338737.76,0.1056,45538,37,0,15948332.7,58093572.8,4
CONT_s13_l2a_BigBuckBunny,1789338737.865,0.1052,33208,26,0,14819442.6,93359771.6,4
CONT_s13_l2a_BigBuckBunny,1789338737.971,0.1054,31656,24,0,13487541.4,87798512.9,4
CONT_s13_l2a_BigBuckBunny,1789338738.076,0.1055,45208,34,0,12303237.8,85539200.6,4
CONT_s13_l2a_BigBuckBunny,1789338738.181,0.1052,43656,32,0,10568939.8,82797457.3,4
CONT_s13_l2a_BigBuckBunny,1789338738.287,0.1053,34760,28,0,16473385.0,81702185.6,4
CONT_s13_l2a_BigBuckBunny,1789338738.392,0.1053,31656,24,0,13660304.0,85889913.7,4
CONT_s13_l2a_BigBuckBunny,1789338738.498,0.1055,45208,34,0,12390401.8,85831321.3,4
CONT_s13_l2a_BigBuckBunny,1789338738.603,0.1053,31656,24,0,14014097.2,85895586.3,4
CONT_s13_l2a_BigBuckBunny,1789338738.708,0.1054,46760,36,0,13290288.2,82560382.9,4
CONT_s13_l2a_BigBuckBunny,1789338738.813,0.1052,31656,24,0,13695914.0,82238811.3,4
CONT_s13_l2a_BigBuckBunny,1789338738.919,0.1053,45208,34,0,12421748.4,85820792.3,4
CONT_s13_l2a_BigBuckBunny,1789338739.024,0.1054,31656,24,0,14078086.0,85787663.7,4
CONT_s13_l2a_BigBuckBunny,1789338739.132,0.1083,46708,35,0,13213694.7,85459864.0,4
CONT_s13_l2a_BigBuckBunny,1789338739.238,0.106,31708,25,0,13669250.3,81668348.9,4
CONT_s13_l2a_BigBuckBunny,1789338739.344,0.1053,45208,34,0,12433397.5,83345716.1,4
CONT_s13_l2a_BigBuckBunny,1789338739.449,0.1053,31656,24,0,14150051.4,86114577.5,4
CONT_s13_l2a_BigBuckBunny,1789338739.554,0.1054,45156,33,0,11880172.2,86160298.9,4
CONT_s13_l2a_BigBuckBunny,1789338739.66,0.1053,34760,28,0,16551839.9,84900664.3,4
CONT_s13_l2a_BigBuckBunny,1789338739.765,0.1053,30156,23,0,11927457.1,81861639.4,4
CONT_s13_l2a_BigBuckBunny,1789338739.87,0.1054,45208,34,0,12382914.2,83586605.2,4
CONT_s13_l2a_BigBuckBunny,1789338739.976,0.1056,31656,24,0,14090354.2,86076098.5,4
CONT_s13_l2a_BigBuckBunny,1789338740.081,0.1054,49760,38,0,14939913.3,86039735.0,4
CONT_s13_l2a_BigBuckBunny,1789338740.187,0.1052,30156,23,0,11885842.3,85197169.0,4
CONT_s13_l2a_BigBuckBunny,1789338740.292,0.1053,43708,33,0,10851689.2,81966725.8,4
CONT_s13_l2a_BigBuckBunny,1789338740.397,0.1053,31656,24,0,14123680.0,84266803.3,4
CONT_s13_l2a_BigBuckBunny,1789338740.503,0.1054,46708,35,0,13298080.3,85672777.1,4
CONT_s13_l2a_BigBuckBunny,1789338740.608,0.1054,34708,27,0,16101807.2,85777680.0,4
CONT_s13_l2a_BigBuckBunny,1789338740.713,0.1055,30156,23,0,11859694.4,84885071.4,4
CONT_s13_l2a_BigBuckBunny,1789338740.819,0.1055,43708,33,0,10852151.4,81599434.9,4
CONT_s13_l2a_BigBuckBunny,1789338740.924,0.1053,45208,34,0,11935059.1,84654815.3,4
CONT_s13_l2a_BigBuckBunny,1789338741.03,0.1054,36208,28,0,17637359.7,85792233.5,4
CONT_s13_l2a_BigBuckBunny,1789338741.138,0.108,31656,24,0,13408325.9,85769906.5,4
CONT_s13_l2a_BigBuckBunny,1789338741.244,0.1064,43708,33,0,10833907.9,84191803.1,4
CONT_s13_l2a_BigBuckBunny,1789338741.349,0.1053,43656,32,0,10472114.1,82062102.6,4
CONT_s13_l2a_BigBuckBunny,1789338741.455,0.1054,36260,29,0,17531497.3,85902368.4,4
CONT_s13_l2a_BigBuckBunny,1789338741.56,0.1054,31656,24,0,13451677.4,86096989.4,4
CONT_s13_l2a_BigBuckBunny,1789338741.665,0.1052,46505,37,0,14320294.0,79072303.8,4
CONT_s13_l2a_BigBuckBunny,1789338741.771,0.1057,34760,28,0,15540693.5,47727837.0,4
CONT_s13_l2a_BigBuckBunny,1789338741.876,0.1052,31708,25,0,13055591.6,87907643.3,4
CONT_s13_l2a_BigBuckBunny,1789338741.981,0.1053,45208,34,0,12163886.8,87605567.9,4
CONT_s13_l2a_BigBuckBunny,1789338742.087,0.1054,31656,24,0,13688445.7,85439868.7,4
CONT_s13_l2a_BigBuckBunny,1789338742.192,0.1053,48260,37,0,14111736.9,85046648.6,4
CONT_s13_l2a_BigBuckBunny,1789338742.297,0.1053,30156,23,0,11940064.3,81641140.0,4
CONT_s13_l2a_BigBuckBunny,1789338742.403,0.1053,45208,34,0,12335410.6,83484393.0,4
CONT_s13_l2a_BigBuckBunny,1789338742.508,0.1054,31656,24,0,14016004.6,85842592.8,4
CONT_s13_l2a_BigBuckBunny,1789338742.613,0.1054,46708,35,0,13187654.1,86036639.7,4
CONT_s13_l2a_BigBuckBunny,1789338742.719,0.1054,33208,26,0,15172477.2,84991890.3,4
CONT_s13_l2a_BigBuckBunny,1789338742.824,0.1053,43708,33,0,10938055.7,81557121.5,4
CONT_s13_l2a_BigBuckBunny,1789338742.929,0.1053,31656,24,0,14160639.2,84311232.7,4
CONT_s13_l2a_BigBuckBunny,1789338743.035,0.1054,45156,33,0,11909691.4,85881533.1,4
CONT_s13_l2a_BigBuckBunny,1789338743.141,0.1058,36260,29,0,17348903.6,85522905.2,4
CONT_s13_l2a_BigBuckBunny,1789338743.247,0.1061,30156,23,0,11936588.7,84860314.0,4
CONT_s13_l2a_BigBuckBunny,1789338743.352,0.1052,43748,34,0,11011638.9,81612218.3,4
CONT_s13_l2a_BigBuckBunny,1789338743.457,0.1053,31604,23,0,14539399.6,84844276.9,3
CONT_s13_l2a_BigBuckBunny,1789338743.563,0.1055,40656,30,0,7058638.4,77571672.0,2
CONT_s13_l2a_BigBuckBunny,1789338743.668,0.1052,40656,30,0,6724790.3,73606440.7,2
CONT_s13_l2a_BigBuckBunny,1789338743.773,0.1053,40656,30,0,6557115.9,73241970.1,2
CONT_s13_l2a_BigBuckBunny,1789338743.879,0.1053,40656,30,0,6436436.9,73544220.0,2
CONT_s13_l2a_BigBuckBunny,1789338743.984,0.1053,27104,20,0,6374437.8,73777462.0,2
CONT_s13_l2a_BigBuckBunny,1789338744.089,0.1055,40656,30,0,6294487.0,73368728.0,2
CONT_s13_l2a_BigBuckBunny,1789338744.195,0.1054,40656,30,0,6228866.7,73507952.3,2
CONT_s13_l2a_BigBuckBunny,1789338744.3,0.1053,40656,30,0,6174801.7,73397419.2,2
CONT_s13_l2a_BigBuckBunny,1789338744.405,0.1053,40656,30,0,6128037.6,73437453.7,2
CONT_s13_l2a_BigBuckBunny,1789338744.511,0.1054,40656,30,0,6085267.4,73627318.7,2
CONT_s13_l2a_BigBuckBunny,1789338744.616,0.1054,27104,20,0,6061129.9,73615657.6,2
CONT_s13_l2a_BigBuckBunny,1789338744.722,0.1056,40656,30,0,6035677.2,73340253.0,2
CONT_s13_l2a_BigBuckBunny,1789338744.827,0.1053,40656,30,0,6019996.4,73543747.9,2
CONT_s13_l2a_BigBuckBunny,1789338744.933,0.1054,40656,30,0,6000446.4,73444696.1,2
CONT_s13_l2a_BigBuckBunny,1789338745.038,0.1054,40656,30,0,5989830.7,73574611.7,2
CONT_s13_l2a_BigBuckBunny,1789338745.144,0.1061,32530,26,0,6220307.7,40510785.2,2
CONT_s13_l2a_BigBuckBunny,1789338745.256,0.1117,40656,30,0,6255553.3,73430583.9,2
CONT_s13_l2a_BigBuckBunny,1789338745.361,0.1053,40656,30,0,6198165.6,73594387.6,2
CONT_s13_l2a_BigBuckBunny,1789338745.466,0.1054,40656,30,0,6162836.5,73421362.4,2
CONT_s13_l2a_BigBuckBunny,1789338745.572,0.1055,40656,30,0,6125606.5,73286664.6,2
CONT_s13_l2a_BigBuckBunny,1789338745.677,0.1052,40604,29,0,6234282.2,73537752.6,2
CONT_s13_l2a_BigBuckBunny,1789338745.782,0.1053,27156,21,0,5881800.4,72826841.0,2
CONT_s13_l2a_BigBuckBunny,1789338745.888,0.1054,40656,30,0,6044450.5,73488453.4,2
CONT_s13_l2a_BigBuckBunny,1789338745.993,0.1054,40656,30,0,6023349.3,73540725.7,2
CONT_s13_l2a_BigBuckBunny,1789338746.099,0.1054,40656,30,0,6006035.0,73559549.1,2
CONT_s13_l2a_BigBuckBunny,1789338746.204,0.1054,40656,30,0,5985793.8,73599063.1,2
CONT_s13_l2a_BigBuckBunny,1789338746.309,0.1053,27104,20,0,5975979.2,73771807.7,2
CONT_s13_l2a_BigBuckBunny,1789338746.415,0.1053,40656,30,0,5960258.9,73789570.9,2
CONT_s13_l2a_BigBuckBunny,1789338746.52,0.1055,40656,30,0,5947324.5,73722047.1,2
CONT_s13_l2a_BigBuckBunny,1789338746.625,0.1054,40656,30,0,5939275.4,73566300.0,2
CONT_s13_l2a_BigBuckBunny,1789338746.731,0.1053,40656,30,0,5935052.9,73316971.8,2
CONT_s13_l2a_BigBuckBunny,1789338746.836,0.1053,40656,30,0,5936690.6,73456271.6,2
CONT_s13_l2a_BigBuckBunny,1789338746.941,0.1054,27104,20,0,5936569.4,73464275.5,2
CONT_s13_l2a_BigBuckBunny,1789338747.047,0.1054,40656,30,0,5932429.8,73552879.9,2
CONT_s13_l2a_BigBuckBunny,1789338747.152,0.1052,40656,30,0,5928616.8,73495385.2,2
CONT_s13_l2a_BigBuckBunny,1789338747.258,0.106,40656,30,0,5926846.6,73368502.2,2
CONT_s13_l2a_BigBuckBunny,1789338747.363,0.1054,40656,30,0,5920338.4,73357720.6,2
CONT_s13_l2a_BigBuckBunny,1789338747.469,0.1055,40604,29,0,6108833.0,73678196.4,2
CONT_s13_l2a_BigBuckBunny,1789338747.574,0.1054,27156,21,0,5656937.0,73537104.2,2
CONT_s13_l2a_BigBuckBunny,1789338747.68,0.1052,40656,30,0,5916188.2,73546822.4,2
CONT_s13_l2a_BigBuckBunny,1789338747.785,0.1053,40656,30,0,5912411.0,73633214.8,2
CONT_s13_l2a_BigBuckBunny,1789338747.89,0.1053,40656,30,0,5913004.2,73539032.9,2
CONT_s13_l2a_BigBuckBunny,1789338747.996,0.1054,40656,30,0,5910008.8,73458686.5,2
CONT_s13_l2a_BigBuckBunny,1789338748.101,0.1054,27104,20,0,5910524.4,73504350.4,2
CONT_s13_l2a_BigBuckBunny,1789338748.206,0.1054,40656,30,0,5922616.0,73343843.5,2
CONT_s13_l2a_BigBuckBunny,1789338748.312,0.1053,37083,29,0,6117940.3,54807078.6,2
CONT_s13_l2a_BigBuckBunny,1789338748.417,0.1053,40656,30,0,6216649.4,73762137.1,2
CONT_s13_l2a_BigBuckBunny,1789338748.523,0.1055,40656,30,0,6168365.6,73396637.6,2
CONT_s13_l2a_BigBuckBunny,1789338748.628,0.1056,40656,30,0,6122667.3,73381498.7,2
CONT_s13_l2a_BigBuckBunny,1789338748.733,0.1053,40656,30,0,6089589.1,73526570.9,2
CONT_s13_l2a_BigBuckBunny,1789338748.839,0.1053,40604,29,0,6212156.7,73653623.2,2
CONT_s13_l2a_BigBuckBunny,1789338748.944,0.1054,27156,21,0,5837464.3,73212647.4,2
CONT_s13_l2a_BigBuckBunny,1789338749.049,0.1054,40656,30,0,6021828.4,73492334.0,2
CONT_s13_l2a_BigBuckBunny,1789338749.155,0.1052,40656,30,0,6000411.9,73632884.5,2
CONT_s13_l2a_BigBuckBunny,1789338749.26,0.1053,40656,30,0,5989299.7,73546992.5,2
CONT_s13_l2a_BigBuckBunny,1789338749.365,0.1055,40656,30,0,5981983.2,73263670.9,2
CONT_s13_l2a_BigBuckBunny,1789338749.471,0.1054,27104,20,0,5974548.7,73641893.7,2
CONT_s13_l2a_BigBuckBunny,1789338749.576,0.1055,40656,30,0,5964251.6,73611798.8,2
CONT_s13_l2a_BigBuckBunny,1789338749.682,0.1052,40656,30,0,5952941.1,73548564.2,2
CONT_s13_l2a_BigBuckBunny,1789338749.787,0.1052,40656,30,0,5942011.8,73448840.6,2
CONT_s13_l2a_BigBuckBunny,1789338749.892,0.1053,40656,30,0,5938388.7,73506856.1,2
CONT_s13_l2a_BigBuckBunny,1789338749.998,0.1055,40656,30,0,5934048.1,73316989.9,2
CONT_s13_l2a_BigBuckBunny,1789338750.103,0.1057,27104,20,0,5927308.7,73455053.9,2
CONT_s13_l2a_BigBuckBunny,1789338750.209,0.1054,40656,30,0,5915076.2,73484242.2,2
CONT_s13_l2a_BigBuckBunny,1789338750.314,0.1052,40656,30,0,5917261.7,73403326.0,2
CONT_s13_l2a_BigBuckBunny,1789338750.419,0.1053,40656,30,0,5914050.8,73557603.9,2
CONT_s13_l2a_BigBuckBunny,1789338750.525,0.1054,40656,30,0,5914638.8,73321901.1,2
CONT_s13_l2a_BigBuckBunny,1789338750.631,0.1064,40656,30,0,5917836.5,73497797.3,2
CONT_s13_l2a_BigBuckBunny,1789338750.737,0.1053,27104,20,0,5920542.4,73223000.1,2
CONT_s13_l2a_BigBuckBunny,1789338750.842,0.1052,40656,30,0,5913279.0,73541577.2,2
CONT_s13_l2a_BigBuckBunny,1789338750.947,0.1053,40656,30,0,5916471.3,73495950.6,2
CONT_s13_l2a_BigBuckBunny,1789338751.053,0.1055,40656,30,0,5922763.4,73193106.5,2
CONT_s13_l2a_BigBuckBunny,1789338751.158,0.1052,40656,30,0,5921272.1,73507857.9,2
CONT_s13_l2a_BigBuckBunny,1789338751.263,0.1052,16954,14,0,5819313.6,59582006.5,2
CONT_s13_l2a_BigBuckBunny,1789338751.368,0.1055,0,0,0,0,0,0
CONT_s13_l2a_BigBuckBunny,1789338751.474,0.1053,0,0,0,0,0,0
CONT_s13_l2a_BigBuckBunny,1789338751.579,0.1054,0,0,0,0,0,0
CONT_s13_l2a_BigBuckBunny,1789338751.685,0.1056,0,0,0,0,0,0
CONT_s13_l2a_BigBuckBunny,1789338751.79,0.1053,0,0,0,0,0,0
CONT_s13_l2a_BigBuckBunny,1789338751.895,0.1053,0,0,0,0,0,0
CONT_s13_l2a_BigBuckBunny,1789338752.001,0.1054,0,0,0,0,0,0
CONT_s13_l2a_BigBuckBunny,1789338752.106,0.1054,0,0,0,0,0,0
CONT_s13_l2a_BigBuckBunny,1789338752.212,0.1054,0,0,0,0,0,0
CONT_s13_l2a_BigBuckBunny,1789338752.317,0.1053,0,0,0,0,0,0
CONT_s13_l2a_BigBuckBunny,1789338752.422,0.1054,0,0,0,0,0,0
CONT_s13_l2a_BigBuckBunny,1789338752.528,0.1054,0,0,0,0,0,0
CONT_s13_l2a_BigBuckBunny,1789338752.636,0.1083,0,0,0,0,0,0
CONT_s13_l2a_BigBuckBunny,1789338752.745,0.1093,15500,12,0,127122097.0,643403.3,2
CONT_s13_l2a_BigBuckBunny,1789338752.851,0.1054,27104,20,0,53121562.2,36067389.8,2
CONT_s13_l2a_BigBuckBunny,1789338752.956,0.1057,40656,30,0,25016866.6,73574522.0,2
CONT_s13_l2a_BigBuckBunny,1789338753.062,0.1055,40656,30,0,18195317.7,73486546.3,2
CONT_s13_l2a_BigBuckBunny,1789338753.167,0.1053,40656,30,0,15429090.6,73266918.4,2
CONT_s13_l2a_BigBuckBunny,1789338753.272,0.1053,40656,30,0,13651193.2,73652909.5,2
CONT_s13_l2a_BigBuckBunny,1789338753.378,0.1054,40656,30,0,12271227.9,73463077.5,2
CONT_s13_l2a_BigBuckBunny,1789338753.483,0.1055,27104,20,0,11494676.8,73394390.7,2
CONT_s13_l2a_BigBuckBunny,1789338753.589,0.1054,40656,30,0,10513869.9,73473527.1,2
CONT_s13_l2a_BigBuckBunny,1789338753.694,0.1052,40656,30,0,9697122.9,73542492.7,2
CONT_s13_l2a_BigBuckBunny,1789338753.799,0.1053,40656,30,0,9036694.7,73560409.0,2
CONT_s13_l2a_BigBuckBunny,1789338753.904,0.1051,40656,30,0,8487603.4,73574338.9,2
CONT_s13_l2a_BigBuckBunny,1789338754.01,0.1054,27104,20,0,8172380.8,73472441.9,2
CONT_s13_l2a_BigBuckBunny,1789338754.115,0.1056,40656,30,0,7770270.7,73392432.4,2
CONT_s13_l2a_BigBuckBunny,1789338754.221,0.1054,40656,30,0,7446940.2,73598692.6,2
CONT_s13_l2a_BigBuckBunny,1789338754.326,0.1053,40656,30,0,7179239.9,73499342.1,2
CONT_s13_l2a_BigBuckBunny,1789338754.433,0.107,40656,30,0,6963095.8,73516990.2,2
CONT_s13_l2a_BigBuckBunny,1789338754.538,0.1052,40656,30,0,6791398.5,73587051.4,2
CONT_s13_l2a_BigBuckBunny,1789338754.644,0.1057,27104,20,0,6689505.8,73507543.9,2
CONT_s13_l2a_BigBuckBunny,1789338754.754,0.1103,40656,30,0,6553734.2,73243720.7,2
CONT_s13_l2a_BigBuckBunny,1789338754.859,0.1054,40656,30,0,6440451.9,73201602.3,2
CONT_s13_l2a_BigBuckBunny,1789338754.965,0.1052,40656,30,0,6344996.9,73533746.5,2
CONT_s13_l2a_BigBuckBunny,1789338755.07,0.1054,40656,30,0,6271152.3,73436734.3,2
CONT_s13_l2a_BigBuckBunny,1789338755.175,0.1053,40656,30,0,6213024.2,73462132.4,2
CONT_s13_l2a_BigBuckBunny,1789338755.281,0.1054,40604,29,0,6294558.8,73397024.9,2
CONT_s13_l2a_BigBuckBunny,1789338755.386,0.1054,31005,25,0,6184733.2,64254392.6,2
CONT_s13_l2a_BigBuckBunny,1789338755.491,0.1054,0,0,0,0,0,0
CONT_s13_l2a_BigBuckBunny,1789338755.597,0.1053,0,0,0,0,0,0
CONT_s13_l2a_BigBuckBunny,1789338755.702,0.1053,0,0,0,0,0,0
CONT_s13_l2a_BigBuckBunny,1789338755.807,0.1053,0,0,0,0,0,0
CONT_s13_l2a_BigBuckBunny,1789338755.913,0.1053,0,0,0,0,0,0
CONT_s13_l2a_BigBuckBunny,1789338756.018,0.1054,0,0,0,0,0,0
CONT_s13_l2a_BigBuckBunny,1789338756.123,0.1054,0,0,0,0,0,0
CONT_s13_l2a_BigBuckBunny,1789338756.229,0.1054,0,0,0,0,0,0
CONT_s13_l2a_BigBuckBunny,1789338756.334,0.1053,0,0,0,0,0,0
CONT_s13_l2a_BigBuckBunny,1789338756.439,0.1053,29052,22,0,56427226.1,19968633.2,2
CONT_s13_l2a_BigBuckBunny,1789338756.545,0.1054,41020,37,0,24048428.0,44396270.5,2
CONT_s13_l2a_BigBuckBunny,1789338756.65,0.1052,31192,38,0,10945450.3,59483368.7,2
CONT_s13_l2a_BigBuckBunny,1789338756.757,0.1069,48772,62,7,7134349.0,57392302.1,2
CONT_s13_l2a_BigBuckBunny,1789338756.862,0.1054,33656,33,2,7581935.0,54304021.2,2
CONT_s13_l2a_BigBuckBunny,1789338756.968,0.1053,40760,32,0,7300314.8,64200843.8,2
CONT_s13_l2a_BigBuckBunny,1789338757.073,0.1055,34708,27,0,7144841.8,69275693.9,2
CONT_s13_l2a_BigBuckBunny,1789338757.178,0.1054,42260,33,0,7023838.4,69229592.4,2
CONT_s13_l2a_BigBuckBunny,1789338757.284,0.1054,37708,29,0,6956000.0,73596394.3,2
CONT_s13_l2a_BigBuckBunny,1789338757.389,0.1054,37708,29,0,6863893.8,76661047.1,2
CONT_s13_l2a_BigBuckBunny,1789338757.495,0.1054,37708,29,0,6786631.2,77646166.4,2
CONT_s13_l2a_BigBuckBunny,1789338757.6,0.1054,42208,32,0,6705372.6,81918593.6,2
CONT_s13_l2a_BigBuckBunny,1789338757.705,0.1052,31656,24,0,6666160.0,84616982.8,2
CONT_s13_l2a_BigBuckBunny,1789338757.811,0.1055,40708,31,0,6760934.6,85902058.8,2
CONT_s13_l2a_BigBuckBunny,1789338757.916,0.1054,33156,25,0,6751747.6,89958017.1,2
CONT_s13_l2a_BigBuckBunny,1789338758.022,0.1056,43708,33,0,6768791.8,80805486.4,2
CONT_s13_l2a_BigBuckBunny,1789338758.127,0.1054,34656,26,0,6593355.3,60988007.5,2
CONT_s13_l2a_BigBuckBunny,1789338758.233,0.1064,48156,35,0,6526694.9,65332394.2,2
CONT_s13_l2a_BigBuckBunny,1789338758.339,0.1053,36260,29,0,6737978.1,66169830.2,2
CONT_s13_l2a_BigBuckBunny,1789338758.444,0.1053,40604,29,0,6527824.8,70778558.4,2
CONT_s13_l2a_BigBuckBunny,1789338758.55,0.1055,27156,21,0,6264174.7,73372785.2,2
CONT_s13_l2a_BigBuckBunny,1789338758.655,0.1052,40656,30,0,6264338.1,73188488.8,2
CONT_s13_l2a_BigBuckBunny,1789338758.76,0.1052,40656,30,0,6196717.9,73494523.9,2
CONT_s13_l2a_BigBuckBunny,1789338758.865,0.1051,40656,30,0,6150198.7,73339738.0,2
CONT_s13_l2a_BigBuckBunny,1789338758.97,0.1053,40656,30,0,6105708.4,73475169.2,2
CONT_s13_l2a_BigBuckBunny,1789338759.076,0.1054,27104,20,0,6081804.7,73562864.4,2
CONT_s13_l2a_BigBuckBunny,1789338759.181,0.1054,40656,30,0,6050710.4,73354579.8,2
CONT_s13_l2a_BigBuckBunny,1789338759.287,0.1053,40656,30,0,6025237.3,73658569.7,2
CONT_s13_l2a_BigBuckBunny,1789338759.392,0.1053,40656,30,0,6003825.3,73457856.7,2
CONT_s13_l2a_BigBuckBunny,1789338759.497,0.1054,40656,30,0,5987744.0,73241151.0,2
CONT_s13_l2a_BigBuckBunny,1789338759.603,0.1054,39834,30,0,5828878.2,72837809.1,2
CONT_s13_l2a_BigBuckBunny,1789338759.708,0.1052,0,0,0,0,0,0
CONT_s13_l2a_BigBuckBunny,1789338759.813,0.1053,0,0,0,0,0,0
CONT_s13_l2a_BigBuckBunny,1789338759.919,0.1053,0,0,0,0,0,0
CONT_s13_l2a_BigBuckBunny,1789338760.024,0.1055,0,0,0,0,0,0
CONT_s13_l2a_BigBuckBunny,1789338760.131,0.1071,0,0,0,0,0,0
CONT_s13_l2a_BigBuckBunny,1789338760.237,0.1055,0,0,0,0,0,0
CONT_s13_l2a_BigBuckBunny,1789338760.342,0.1052,0,0,0,0,0,0
CONT_s13_l2a_BigBuckBunny,1789338760.447,0.1054,0,0,0,0,0,0
CONT_s13_l2a_BigBuckBunny,1789338760.553,0.1055,0,0,0,0,0,0
CONT_s13_l2a_BigBuckBunny,1789338760.658,0.1052,15500,12,0,85166108.7,4647671.7,2
CONT_s13_l2a_BigBuckBunny,1789338760.763,0.1052,40656,30,0,27340320.8,54410948.2,2
CONT_s13_l2a_BigBuckBunny,1789338760.869,0.1054,40656,30,0,16295857.7,73553130.7,2
CONT_s13_l2a_BigBuckBunny,1789338760.974,0.1054,40656,30,0,13192349.7,73597574.2,2
CONT_s13_l2a_BigBuckBunny,1789338761.079,0.1054,40656,30,0,11690034.5,73334959.6,2
CONT_s13_l2a_BigBuckBunny,1789338761.185,0.1052,27104,20,0,10965044.5,73491181.2,2
CONT_s13_l2a_BigBuckBunny,1789338761.29,0.1054,40656,30,0,10059566.5,73592282.7,2
CONT_s13_l2a_BigBuckBunny,1789338761.395,0.1054,40656,30,0,9323286.8,73761625.5,2
CONT_s13_l2a_BigBuckBunny,1789338761.501,0.1054,40656,30,0,8717745.8,73773544.8,2
CONT_s13_l2a_BigBuckBunny,1789338761.606,0.1055,40656,30,0,8219156.0,73726112.9,2
CONT_s13_l2a_BigBuckBunny,1789338761.711,0.1052,40656,30,0,7809765.0,73639354.2,2
CONT_s13_l2a_BigBuckBunny,1789338761.817,0.1053,27104,20,0,7583287.6,73558171.0,2
CONT_s13_l2a_BigBuckBunny,1789338761.922,0.1053,40656,30,0,7287245.1,73447593.7,2
CONT_s13_l2a_BigBuckBunny,1789338762.027,0.1054,40656,30,0,7057532.5,73442378.5,2
CONT_s13_l2a_BigBuckBunny,1789338762.134,0.1071,40656,30,0,6854661.1,73509638.7,2
CONT_s13_l2a_BigBuckBunny,1789338762.24,0.1056,27092,20,0,6962758.3,73639946.5,2
CONT_s13_l2a_BigBuckBunny,1789338762.345,0.1052,0,0,0,0,0,0
CONT_s13_l2a_BigBuckBunny,1789338762.45,0.1052,0,0,0,0,0,0
CONT_s13_l2a_BigBuckBunny,1789338762.556,0.1053,0,0,0,0,0,0
CONT_s13_l2a_BigBuckBunny,1789338762.661,0.1052,0,0,0,0,0,0
CONT_s13_l2a_BigBuckBunny,1789338762.766,0.1052,0,0,0,0,0,0
CONT_s13_l2a_BigBuckBunny,1789338762.872,0.1053,0,0,0,0,0,0
CONT_s13_l2a_BigBuckBunny,1789338762.977,0.1053,0,0,0,0,0,0
CONT_s13_l2a_BigBuckBunny,1789338763.082,0.1055,0,0,0,0,0,0
CONT_s13_l2a_BigBuckBunny,1789338763.188,0.1054,0,0,0,0,0,0
CONT_s13_l2a_BigBuckBunny,1789338763.293,0.1052,0,0,0,0,0,0
CONT_s13_l2a_BigBuckBunny,1789338763.398,0.1053,0,0,0,0,0,0
CONT_s13_l2a_BigBuckBunny,1789338763.504,0.1055,0,0,0,0,0,0
CONT_s13_l2a_BigBuckBunny,1789338763.609,0.1054,0,0,0,0,0,0
CONT_s13_l2a_BigBuckBunny,1789338763.714,0.1053,0,0,0,0,0,0
CONT_s13_l2a_BigBuckBunny,1789338763.82,0.1053,0,0,0,0,0,0
CONT_s13_l2a_BigBuckBunny,1789338763.925,0.1053,0,0,0,0,0,0
CONT_s13_l2a_BigBuckBunny,1789338764.03,0.1054,0,0,0,0,0,0
CONT_s13_l2a_BigBuckBunny,1789338764.138,0.1082,0,0,0,0,0,0
CONT_s13_l2a_BigBuckBunny,1789338764.244,0.1054,0,0,0,0,0,0
CONT_s13_l2a_BigBuckBunny,1789338764.349,0.1052,0,0,0,0,0,0
CONT_s13_l2a_BigBuckBunny,1789338764.454,0.1053,0,0,0,0,0,0
CONT_s13_l2a_BigBuckBunny,1789338764.56,0.1055,0,0,0,0,0,0
CONT_s13_l2a_BigBuckBunny,1789338764.665,0.1052,0,0,0,0,0,0
CONT_s13_l2a_BigBuckBunny,1789338764.77,0.1053,0,0,0,0,0,0
CONT_s13_l2a_BigBuckBunny,1789338764.876,0.1054,0,0,0,0,0,0
CONT_s13_l2a_BigBuckBunny,1789338764.981,0.1055,0,0,0,0,0,0
CONT_s13_l2a_BigBuckBunny,1789338765.087,0.1054,0,0,0,0,0,0
CONT_s13_l2a_BigBuckBunny,1789338765.192,0.1052,0,0,0,0,0,0
CONT_s13_l2a_BigBuckBunny,1789338765.297,0.1053,0,0,0,0,0,0
CONT_s13_l2a_BigBuckBunny,1789338765.402,0.1053,0,0,0,0,0,0
CONT_s13_l2a_BigBuckBunny,1789338765.508,0.1054,0,0,0,0,0,0
CONT_s13_l2a_BigBuckBunny,1789338765.613,0.1055,0,0,0,0,0,0
CONT_s13_l2a_BigBuckBunny,1789338765.718,0.1052,0,0,0,0,0,0
CONT_s13_l2a_BigBuckBunny,1789338765.824,0.1053,0,0,0,0,0,0
CONT_s13_l2a_BigBuckBunny,1789338765.929,0.1053,0,0,0,0,0,0
CONT_s13_l2a_BigBuckBunny,1789338766.034,0.1054,0,0,0,0,0,0
CONT_s13_l2a_BigBuckBunny,1789338766.14,0.1056,0,0,0,0,0,0
CONT_s13_l2a_BigBuckBunny,1789338766.245,0.1053,0,0,0,0,0,0
CONT_s13_l2a_BigBuckBunny,1789338766.351,0.1052,0,0,0,0,0,0
CONT_s13_l2a_BigBuckBunny,1789338766.456,0.1053,0,0,0,0,0,0
CONT_s13_l2a_BigBuckBunny,1789338766.561,0.1053,0,0,0,0,0,0
CONT_s13_l2a_BigBuckBunny,1789338766.666,0.1052,0,0,0,0,0,0
CONT_s13_l2a_BigBuckBunny,1789338766.772,0.1053,0,0,0,0,0,0
CONT_s13_l2a_BigBuckBunny,1789338766.877,0.1054,0,0,0,0,0,0
CONT_s13_l2a_BigBuckBunny,1789338766.982,0.1054,0,0,0,0,0,0
CONT_s13_l2a_BigBuckBunny,1789338767.088,0.1054,0,0,0,0,0,0
CONT_s13_l2a_BigBuckBunny,1789338767.193,0.1054,0,0,0,0,0,0
CONT_s13_l2a_BigBuckBunny,1789338767.298,0.1052,0,0,0,0,0,0
CONT_s13_l2a_BigBuckBunny,1789338767.404,0.1053,0,0,0,0,0,0
CONT_s13_l2a_BigBuckBunny,1789338767.509,0.1054,0,0,0,0,0,0
CONT_s13_l2a_BigBuckBunny,1789338767.614,0.1053,0,0,0,0,0,0
CONT_s13_l2a_BigBuckBunny,1789338767.72,0.1053,0,0,0,0,0,0
CONT_s13_l2a_BigBuckBunny,1789338767.825,0.1053,0,0,0,0,0,0
CONT_s13_l2a_BigBuckBunny,1789338767.93,0.1054,0,0,0,0,0,0
CONT_s13_l2a_BigBuckBunny,1789338768.036,0.1054,0,0,0,0,0,0
CONT_s13_l2a_BigBuckBunny,1789338768.141,0.1055,0,0,0,0,0,0
CONT_s13_l2a_BigBuckBunny,1789338768.248,0.1067,0,0,0,0,0,0
CONT_s13_l2a_BigBuckBunny,1789338768.353,0.1052,0,0,0,0,0,0
CONT_s13_l2a_BigBuckBunny,1789338768.458,0.1054,0,0,0,0,0,0
CONT_s13_l2a_BigBuckBunny,1789338768.564,0.1054,0,0,0,0,0,0
CONT_s13_l2a_BigBuckBunny,1789338768.669,0.1052,0,0,0,0,0,0
CONT_s13_l2a_BigBuckBunny,1789338768.774,0.1052,0,0,0,0,0,0
CONT_s13_l2a_BigBuckBunny,1789338768.88,0.1053,0,0,0,0,0,0
CONT_s13_l2a_BigBuckBunny,1789338768.985,0.1054,0,0,0,0,0,0
CONT_s13_l2a_BigBuckBunny,1789338769.09,0.1054,0,0,0,0,0,0
CONT_s13_l2a_BigBuckBunny,1789338769.196,0.1054,0,0,0,0,0,0
CONT_s13_l2a_BigBuckBunny,1789338769.301,0.1053,0,0,0,0,0,0
CONT_s13_l2a_BigBuckBunny,1789338769.406,0.1053,0,0,0,0,0,0
CONT_s13_l2a_BigBuckBunny,1789338769.512,0.1054,0,0,0,0,0,0
CONT_s13_l2a_BigBuckBunny,1789338769.617,0.1054,0,0,0,0,0,0
CONT_s13_l2a_BigBuckBunny,1789338769.722,0.1052,0,0,0,0,0,0
CONT_s13_l2a_BigBuckBunny,1789338769.828,0.1052,0,0,0,0,0,0
CONT_s13_l2a_BigBuckBunny,1789338769.933,0.1054,0,0,0,0,0,0
CONT_s13_l2a_BigBuckBunny,1789338770.038,0.1054,0,0,0,0,0,0
CONT_s13_l2a_BigBuckBunny,1789338770.144,0.1053,0,0,0,0,0,0
CONT_s13_l2a_BigBuckBunny,1789338770.251,0.1071,0,0,0,0,0,0
CONT_s13_l2a_BigBuckBunny,1789338770.356,0.1052,0,0,0,0,0,0
CONT_s13_l2a_BigBuckBunny,1789338770.461,0.1054,0,0,0,0,0,0
CONT_s13_l2a_BigBuckBunny,1789338770.567,0.1053,0,0,0,0,0,0
CONT_s13_l2a_BigBuckBunny,1789338770.672,0.1052,0,0,0,0,0,0
CONT_s13_l2a_BigBuckBunny,1789338770.777,0.1052,0,0,0,0,0,0
CONT_s13_l2a_BigBuckBunny,1789338770.883,0.1054,0,0,0,0,0,0
CONT_s13_l2a_BigBuckBunny,1789338770.988,0.1054,0,0,0,0,0,0
CONT_s13_l2a_BigBuckBunny,1789338771.093,0.1054,0,0,0,0,0,0
CONT_s13_l2a_BigBuckBunny,1789338771.199,0.1052,0,0,0,0,0,0
CONT_s13_l2a_BigBuckBunny,1789338771.304,0.1053,0,0,0,0,0,0
CONT_s13_l2a_BigBuckBunny,1789338771.409,0.1054,0,0,0,0,0,0
CONT_s13_l2a_BigBuckBunny,1789338771.515,0.1054,0,0,0,0,0,0
CONT_s13_l2a_BigBuckBunny,1789338771.62,0.1054,0,0,0,0,0,0
CONT_s13_l2a_BigBuckBunny,1789338771.725,0.1052,0,0,0,0,0,0
CONT_s13_l2a_BigBuckBunny,1789338771.831,0.1053,0,0,0,0,0,0
CONT_s13_l2a_BigBuckBunny,1789338771.936,0.1053,0,0,0,0,0,0
CONT_s13_l2a_BigBuckBunny,1789338772.041,0.1053,0,0,0,0,0,0
CONT_s13_l2a_BigBuckBunny,1789338772.147,0.1052,0,0,0,0,0,0
CONT_s13_l2a_BigBuckBunny,1789338772.254,0.1074,0,0,0,0,0,0
CONT_s13_l2a_BigBuckBunny,1789338772.359,0.1052,0,0,0,0,0,0
CONT_s13_l2a_BigBuckBunny,1789338772.465,0.1054,0,0,0,0,0,0
CONT_s13_l2a_BigBuckBunny,1789338772.57,0.1054,0,0,0,0,0,0
CONT_s13_l2a_BigBuckBunny,1789338772.675,0.1052,0,0,0,0,0,0
CONT_s13_l2a_BigBuckBunny,1789338772.781,0.1055,0,0,0,0,0,0
CONT_s13_l2a_BigBuckBunny,1789338772.886,0.1054,0,0,0,0,0,0
CONT_s13_l2a_BigBuckBunny,1789338772.991,0.1053,0,0,0,0,0,0
CONT_s13_l2a_BigBuckBunny,1789338773.097,0.1054,0,0,0,0,0,0
CONT_s13_l2a_BigBuckBunny,1789338773.202,0.1055,0,0,0,0,0,0
CONT_s13_l2a_BigBuckBunny,1789338773.307,0.1052,0,0,0,0,0,0
CONT_s13_l2a_BigBuckBunny,1789338773.413,0.1053,0,0,0,0,0,0
CONT_s13_l2a_BigBuckBunny,1789338773.518,0.1054,0,0,0,0,0,0
CONT_s13_l2a_BigBuckBunny,1789338773.624,0.1054,0,0,0,0,0,0
CONT_s13_l2a_BigBuckBunny,1789338773.729,0.1054,0,0,0,0,0,0
CONT_s13_l2a_BigBuckBunny,1789338773.834,0.1053,0,0,0,0,0,0
CONT_s13_l2a_BigBuckBunny,1789338773.939,0.1053,0,0,0,0,0,0
CONT_s13_l2a_BigBuckBunny,1789338774.045,0.1054,0,0,0,0,0,0
CONT_s13_l2a_BigBuckBunny,1789338774.15,0.1052,0,0,0,0,0,0
CONT_s13_l2a_BigBuckBunny,1789338774.256,0.1064,0,0,0,0,0,0
CONT_s13_l2a_BigBuckBunny,1789338774.362,0.1052,0,0,0,0,0,0
CONT_s13_l2a_BigBuckBunny,1789338774.467,0.1054,0,0,0,0,0,0
CONT_s13_l2a_BigBuckBunny,1789338774.572,0.1054,0,0,0,0,0,0
CONT_s13_l2a_BigBuckBunny,1789338774.678,0.1052,0,0,0,0,0,0
CONT_s13_l2a_BigBuckBunny,1789338774.783,0.1052,0,0,0,0,0,0
CONT_s13_l2a_BigBuckBunny,1789338774.888,0.1053,0,0,0,0,0,0
CONT_s13_l2a_BigBuckBunny,1789338774.994,0.1054,0,0,0,0,0,0
CONT_s13_l2a_BigBuckBunny,1789338775.099,0.1053,0,0,0,0,0,0
CONT_s13_l2a_BigBuckBunny,1789338775.204,0.1054,0,0,0,0,0,0
CONT_s13_l2a_BigBuckBunny,1789338775.309,0.1052,0,0,0,0,0,0
CONT_s13_l2a_BigBuckBunny,1789338775.417,0.1074,0,0,0,0,0,0
CONT_s13_l2a_BigBuckBunny,1789338775.522,0.1054,0,0,0,0,0,0
CONT_s13_l2a_BigBuckBunny,1789338775.628,0.1054,0,0,0,0,0,0
CONT_s13_l2a_BigBuckBunny,1789338775.733,0.1055,0,0,0,0,0,0
CONT_s13_l2a_BigBuckBunny,1789338775.838,0.1052,0,0,0,0,0,0
CONT_s13_l2a_BigBuckBunny,1789338775.944,0.1054,0,0,0,0,0,0
CONT_s13_l2a_BigBuckBunny,1789338776.049,0.1054,0,0,0,0,0,0
CONT_s13_l2a_BigBuckBunny,1789338776.154,0.1051,0,0,0,0,0,0
CONT_s13_l2a_BigBuckBunny,1789338776.26,0.1056,0,0,0,0,0,0
CONT_s13_l2a_BigBuckBunny,1789338776.365,0.1051,0,0,0,0,0,0
CONT_s13_l2a_BigBuckBunny,1789338776.47,0.1051,0,0,0,0,0,0
CONT_s13_l2a_BigBuckBunny,1789338776.576,0.1053,0,0,0,0,0,0
CONT_s13_l2a_BigBuckBunny,1789338776.681,0.1052,0,0,0,0,0,0
CONT_s13_l2a_BigBuckBunny,1789338776.786,0.1053,0,0,0,0,0,0
CONT_s13_l2a_BigBuckBunny,1789338776.891,0.1053,0,0,0,0,0,0
CONT_s13_l2a_BigBuckBunny,1789338776.997,0.1053,0,0,0,0,0,0
CONT_s13_l2a_BigBuckBunny,1789338777.102,0.1053,0,0,0,0,0,0
CONT_s13_l2a_BigBuckBunny,1789338777.207,0.1052,0,0,0,0,0,0
CONT_s13_l2a_BigBuckBunny,1789338777.312,0.1052,0,0,0,0,0,0
CONT_s13_l2a_BigBuckBunny,1789338777.418,0.1053,0,0,0,0,0,0
CONT_s13_l2a_BigBuckBunny,1789338777.523,0.1054,0,0,0,0,0,0
CONT_s13_l2a_BigBuckBunny,1789338777.629,0.1057,0,0,0,0,0,0
CONT_s13_l2a_BigBuckBunny,1789338777.734,0.1052,0,0,0,0,0,0
CONT_s13_l2a_BigBuckBunny,1789338777.839,0.1052,0,0,0,0,0,0
CONT_s13_l2a_BigBuckBunny,1789338777.945,0.1053,0,0,0,0,0,0
CONT_s13_l2a_BigBuckBunny,1789338778.05,0.1053,0,0,0,0,0,0
CONT_s13_l2a_BigBuckBunny,1789338778.155,0.1052,0,0,0,0,0,0
CONT_s13_l2a_BigBuckBunny,1789338778.26,0.1052,0,0,0,0,0,0
CONT_s13_l2a_BigBuckBunny,1789338778.366,0.1054,0,0,0,0,0,0
CONT_s13_l2a_BigBuckBunny,1789338778.471,0.1054,0,0,0,0,0,0
CONT_s13_l2a_BigBuckBunny,1789338778.576,0.1054,0,0,0,0,0,0
CONT_s13_l2a_BigBuckBunny,1789338778.682,0.1051,0,0,0,0,0,0
CONT_s13_l2a_BigBuckBunny,1789338778.787,0.1052,0,0,0,0,0,0
CONT_s13_l2a_BigBuckBunny,1789338778.892,0.1053,0,0,0,0,0,0
CONT_s13_l2a_BigBuckBunny,1789338778.997,0.1054,0,0,0,0,0,0
CONT_s13_l2a_BigBuckBunny,1789338779.103,0.1053,0,0,0,0,0,0
CONT_s13_l2a_BigBuckBunny,1789338779.208,0.1052,0,0,0,0,0,0
CONT_s13_l2a_BigBuckBunny,1789338779.313,0.1053,0,0,0,0,0,0
CONT_s13_l2a_BigBuckBunny,1789338779.419,0.1053,0,0,0,0,0,0
CONT_s13_l2a_BigBuckBunny,1789338779.524,0.1053,0,0,0,0,0,0
CONT_s13_l2a_BigBuckBunny,1789338779.633,0.1087,0,0,0,0,0,0
CONT_s13_l2a_BigBuckBunny,1789338779.738,0.1052,0,0,0,0,0,0
CONT_s13_l2a_BigBuckBunny,1789338779.843,0.1052,0,0,0,0,0,0
CONT_s13_l2a_BigBuckBunny,1789338779.948,0.1053,0,0,0,0,0,0
CONT_s13_l2a_BigBuckBunny,1789338780.054,0.1054,0,0,0,0,0,0
CONT_s13_l2a_BigBuckBunny,1789338780.159,0.1052,0,0,0,0,0,0
CONT_s13_l2a_BigBuckBunny,1789338780.264,0.1053,0,0,0,0,0,0
CONT_s13_l2a_BigBuckBunny,1789338780.369,0.1052,0,0,0,0,0,0
CONT_s13_l2a_BigBuckBunny,1789338780.475,0.1053,0,0,0,0,0,0
CONT_s13_l2a_BigBuckBunny,1789338780.58,0.1054,0,0,0,0,0,0
CONT_s13_l2a_BigBuckBunny,1789338780.686,0.1062,0,0,0,0,0,0
CONT_s13_l2a_BigBuckBunny,1789338780.792,0.1053,0,0,0,0,0,0
CONT_s13_l2a_BigBuckBunny,1789338780.897,0.1053,0,0,0,0,0,0
CONT_s13_l2a_BigBuckBunny,1789338781.002,0.1054,0,0,0,0,0,0
CONT_s13_l2a_BigBuckBunny,1789338781.108,0.1054,0,0,0,0,0,0
CONT_s13_l2a_BigBuckBunny,1789338781.213,0.1054,0,0,0,0,0,0
CONT_s13_l2a_BigBuckBunny,1789338781.318,0.1052,0,0,0,0,0,0
CONT_s13_l2a_BigBuckBunny,1789338781.424,0.1053,0,0,0,0,0,0
CONT_s13_l2a_BigBuckBunny,1789338781.529,0.1057,0,0,0,0,0,0
CONT_s13_l2a_BigBuckBunny,1789338781.638,0.1083,0,0,0,0,0,0
CONT_s13_l2a_BigBuckBunny,1789338781.743,0.1052,0,0,0,0,0,0
CONT_s13_l2a_BigBuckBunny,1789338781.848,0.1053,0,0,0,0,0,0
CONT_s13_l2a_BigBuckBunny,1789338781.954,0.1054,0,0,0,0,0,0
CONT_s13_l2a_BigBuckBunny,1789338782.059,0.1054,0,0,0,0,0,0
CONT_s13_l2a_BigBuckBunny,1789338782.164,0.1052,0,0,0,0,0,0
CONT_s13_l2a_BigBuckBunny,1789338782.27,0.1052,0,0,0,0,0,0
CONT_s13_l2a_BigBuckBunny,1789338782.375,0.1054,0,0,0,0,0,0
CONT_s13_l2a_BigBuckBunny,1789338782.48,0.1054,0,0,0,0,0,0
CONT_s13_l2a_BigBuckBunny,1789338782.586,0.1054,0,0,0,0,0,0
CONT_s13_l2a_BigBuckBunny,1789338782.691,0.1053,0,0,0,0,0,0
CONT_s13_l2a_BigBuckBunny,1789338782.796,0.1052,0,0,0,0,0,0
CONT_s13_l2a_BigBuckBunny,1789338782.901,0.1053,0,0,0,0,0,0
CONT_s13_l2a_BigBuckBunny,1789338783.007,0.1054,0,0,0,0,0,0
CONT_s13_l2a_BigBuckBunny,1789338783.112,0.1053,0,0,0,0,0,0
CONT_s13_l2a_BigBuckBunny,1789338783.218,0.1054,0,0,0,0,0,0
CONT_s13_l2a_BigBuckBunny,1789338783.323,0.1055,0,0,0,0,0,0
CONT_s13_l2a_BigBuckBunny,1789338783.428,0.1053,0,0,0,0,0,0
CONT_s13_l2a_BigBuckBunny,1789338783.534,0.1054,0,0,0,0,0,0
