run_id,t_epoch,dt,delta_bytes,delta_packets,delta_reorder,jitter_ns,rtt_ns,active_flows
CONT_s11_bola_TheSwissAccount,1789287199.946,0.1001,0,0,0,0,0,0
CONT_s11_bola_TheSwissAccount,1789287200.047,0.1012,0,0,0,0,0,0
CONT_s11_bola_TheSwissAccount,1789287200.149,0.1016,0,0,0,0,0,0
CONT_s11_bola_TheSwissAccount,1789287200.252,0.1025,0,0,0,0,0,0
CONT_s11_bola_TheSwissAccount,1789287200.353,0.1014,0,0,0,0,0,0
CONT_s11_bola_TheSwissAccount,1789287200.454,0.1014,0,0,0,0,0,0
CONT_s11_bola_TheSwissAccount,1789287200.556,0.1014,0,0,0,0,0,0
CONT_s11_bola_TheSwissAccount,1789287200.657,0.1015,0,0,0,0,0,0
CONT_s11_bola_TheSwissAccount,1789287200.759,0.1016,0,0,0,0,0,0
CONT_s11_bola_TheSwissAccount,1789287200.86,0.1015,0,0,0,0,0,0
CONT_s11_bola_TheSwissAccount,1789287200.962,0.1014,0,0,0,0,0,0
CONT_s11_bola_TheSwissAccount,1789287201.063,0.1014,0,0,0,0,0,0
CONT_s11_bola_TheSwissAccount,1789287201.165,0.1015,0,0,0,0,0,0
CONT_s11_bola_TheSwissAccount,1789287201.266,0.1017,0,0,0,0,0,0
CONT_s11_bola_TheSwissAccount,1789287201.368,0.1014,0,0,0,0,0,0
CONT_s11_bola_TheSwissAccount,1789287201.469,0.1015,0,0,0,0,0,0
CONT_s11_bola_TheSwissAccount,1789287201.571,0.1014,0,0,0,0,0,0
CONT_s11_bola_TheSwissAccount,1789287201.672,0.1015,0,0,0,0,0,0
CONT_s11_bola_TheSwissAccount,1789287201.774,0.1015,0,0,0,0,0,0
CONT_s11_bola_TheSwissAccount,1789287201.875,0.1013,0,0,0,0,0,0
CONT_s11_bola_TheSwissAccount,1789287201.976,0.1014,0,0,0,0,0,0
CONT_s11_bola_TheSwissAccount,1789287202.078,0.1014,0,0,0,0,0,0
CONT_s11_bola_TheSwissAccount,1789287202.179,0.1015,0,0,0,0,0,0
CONT_s11_bola_TheSwissAccount,1789287202.281,0.1015,0,0,0,0,0,0
CONT_s11_bola_TheSwissAccount,1789287202.382,0.1013,0,0,0,0,0,0
CONT_s11_bola_TheSwissAccount,1789287202.483,0.1013,0,0,0,0,0,0
CONT_s11_bola_TheSwissAccount,1789287202.584,0.1013,0,0,0,0,0,0
CONT_s11_bola_TheSwissAccount,1789287202.686,0.1015,0,0,0,0,0,0
CONT_s11_bola_TheSwissAccount,1789287202.788,0.1015,0,0,0,0,0,0
CONT_s11_bola_TheSwissAccount,1789287202.889,0.1013,0,0,0,0,0,0
CONT_s11_bola_TheSwissAccount,1789287202.99,0.1013,0,0,0,0,0,0
CONT_s11_bola_TheSwissAccount,1789287203.091,0.1012,0,0,0,0,0,0
CONT_s11_bola_TheSwissAccount,1789287203.193,0.1015,0,0,0,0,0,0
CONT_s11_bola_TheSwissAccount,1789287203.294,0.1015,0,0,0,0,0,0
CONT_s11_bola_TheSwissAccount,1789287203.396,0.1013,0,0,0,0,0,0
CONT_s11_bola_TheSwissAccount,1789287203.497,0.1012,0,0,0,0,0,0
CONT_s11_bola_TheSwissAccount,1789287203.598,0.1012,0,0,0,0,0,0
CONT_s11_bola_TheSwissAccount,1789287203.7,0.1015,0,0,0,0,0,0
CONT_s11_bola_TheSwissAccount,1789287203.801,0.1015,0,0,0,0,0,0
CONT_s11_bola_TheSwissAccount,1789287203.902,0.1013,0,0,0,0,0,0
CONT_s11_bola_TheSwissAccount,1789287204.004,0.1013,0,0,0,0,0,0
CONT_s11_bola_TheSwissAccount,1789287204.105,0.1013,0,0,0,0,0,0
CONT_s11_bola_TheSwissAccount,1789287204.206,0.1015,0,0,0,0,0,0
CONT_s11_bola_TheSwissAccount,1789287204.308,0.1015,0,0,0,0,0,0
CONT_s11_bola_TheSwissAccount,1789287204.409,0.1013,0,0,0,0,0,0
CONT_s11_bola_TheSwissAccount,1789287204.51,0.1013,0,0,0,0,0,0
CONT_s11_bola_TheSwissAccount,1789287204.612,0.1013,0,0,0,0,0,0
CONT_s11_bola_TheSwissAccount,1789287204.713,0.1015,0,0,0,0,0,0
CONT_s11_bola_TheSwissAccount,1789287204.815,0.1015,0,0,0,0,0,0
CONT_s11_bola_TheSwissAccount,1789287204.916,0.1013,0,0,0,0,0,0
CONT_s11_bola_TheSwissAccount,1789287205.017,0.1013,0,0,0,0,0,0
CONT_s11_bola_TheSwissAccount,1789287205.119,0.1013,0,0,0,0,0,0
CONT_s11_bola_TheSwissAccount,1789287205.22,0.1015,0,0,0,0,0,0
CONT_s11_bola_TheSwissAccount,1789287205.322,0.1015,0,0,0,0,0,0
CONT_s11_bola_TheSwissAccount,1789287205.423,0.1013,0,0,0,0,0,0
CONT_s11_bola_TheSwissAccount,1789287205.524,0.1013,0,0,0,0,0,0
CONT_s11_bola_TheSwissAccount,1789287205.625,0.1012,0,0,0,0,0,0
CONT_s11_bola_TheSwissAccount,1789287205.727,0.1015,0,0,0,0,0,0
CONT_s11_bola_TheSwissAccount,1789287205.828,0.1015,0,0,0,0,0,0
CONT_s11_bola_TheSwissAccount,1789287205.93,0.1013,0,0,0,0,0,0
CONT_s11_bola_TheSwissAccount,1789287206.031,0.1016,0,0,0,0,0,0
CONT_s11_bola_TheSwissAccount,1789287206.133,0.1019,0,0,0,0,0,0
CONT_s11_bola_TheSwissAccount,1789287206.235,0.1016,0,0,0,0,0,0
CONT_s11_bola_TheSwissAccount,1789287206.336,0.1014,0,0,0,0,0,0
CONT_s11_bola_TheSwissAccount,1789287206.438,0.1015,0,0,0,0,0,0
CONT_s11_bola_TheSwissAccount,1789287206.539,0.1013,0,0,0,0,0,0
CONT_s11_bola_TheSwissAccount,1789287206.64,0.1015,0,0,0,0,0,0
CONT_s11_bola_TheSwissAccount,1789287206.743,0.1026,0,0,0,0,0,0
CONT_s11_bola_TheSwissAccount,1789287206.844,0.1015,0,0,0,0,0,0
CONT_s11_bola_TheSwissAccount,1789287206.946,0.1013,0,0,0,0,0,0
CONT_s11_bola_TheSwissAccount,1789287207.047,0.1013,0,0,0,0,0,0
CONT_s11_bola_TheSwissAccount,1789287207.149,0.1015,0,0,0,0,0,0
CONT_s11_bola_TheSwissAccount,1789287207.251,0.1024,0,0,0,0,0,0
CONT_s11_bola_TheSwissAccount,1789287207.352,0.1014,0,0,0,0,0,0
CONT_s11_bola_TheSwissAccount,1789287207.454,0.1013,0,0,0,0,0,0
CONT_s11_bola_TheSwissAccount,1789287207.555,0.1013,0,0,0,0,0,0
CONT_s11_bola_TheSwissAccount,1789287207.657,0.1015,0,0,0,0,0,0
CONT_s11_bola_TheSwissAccount,1789287207.758,0.1015,0,0,0,0,0,0
CONT_s11_bola_TheSwissAccount,1789287207.859,0.1014,0,0,0,0,0,0
CONT_s11_bola_TheSwissAccount,1789287207.961,0.1013,0,0,0,0,0,0
CONT_s11_bola_TheSwissAccount,1789287208.062,0.1014,0,0,0,0,0,0
CONT_s11_bola_TheSwissAccount,1789287208.164,0.1015,0,0,0,0,0,0
CONT_s11_bola_TheSwissAccount,1789287208.265,0.1015,0,0,0,0,0,0
CONT_s11_bola_TheSwissAccount,1789287208.366,0.1013,0,0,0,0,0,0
CONT_s11_bola_TheSwissAccount,1789287208.468,0.1014,0,0,0,0,0,0
CONT_s11_bola_TheSwissAccount,1789287208.569,0.1013,0,0,0,0,0,0
CONT_s11_bola_TheSwissAccount,1789287208.671,0.1015,0,0,0,0,0,0
CONT_s11_bola_TheSwissAccount,1789287208.772,0.1015,0,0,0,0,0,0
CONT_s11_bola_TheSwissAccount,1789287208.873,0.1013,0,0,0,0,0,0
CONT_s11_bola_TheSwissAccount,1789287208.975,0.1014,0,0,0,0,0,0
CONT_s11_bola_TheSwissAccount,1789287209.076,0.1013,0,0,0,0,0,0
CONT_s11_bola_TheSwissAccount,1789287209.178,0.1015,0,0,0,0,0,0
CONT_s11_bola_TheSwissAccount,1789287209.279,0.1015,0,0,0,0,0,0
CONT_s11_bola_TheSwissAccount,1789287209.38,0.1013,0,0,0,0,0,0
CONT_s11_bola_TheSwissAccount,1789287209.482,0.1013,0,0,0,0,0,0
CONT_s11_bola_TheSwissAccount,1789287209.583,0.1013,0,0,0,0,0,0
CONT_s11_bola_TheSwissAccount,1789287209.685,0.1016,0,0,0,0,0,0
CONT_s11_bola_TheSwissAccount,1789287209.786,0.1015,0,0,0,0,0,0
CONT_s11_bola_TheSwissAccount,1789287209.887,0.1013,0,0,0,0,0,0
CONT_s11_bola_TheSwissAccount,1789287209.989,0.1015,0,0,0,0,0,0
CONT_s11_bola_TheSwissAccount,1789287210.091,0.1016,0,0,0,0,0,0
CONT_s11_bola_TheSwissAccount,1789287210.192,0.1015,0,0,0,0,0,0
CONT_s11_bola_TheSwissAccount,1789287210.294,0.1015,0,0,0,0,0,0
CONT_s11_bola_TheSwissAccount,1789287210.395,0.1013,0,0,0,0,0,0
CONT_s11_bola_TheSwissAccount,1789287210.496,0.1013,0,0,0,0,0,0
CONT_s11_bola_TheSwissAccount,1789287210.597,0.1013,0,0,0,0,0,0
CONT_s11_bola_TheSwissAccount,1789287210.699,0.1015,0,0,0,0,0,0
CONT_s11_bola_TheSwissAccount,1789287210.8,0.1015,0,0,0,0,0,0
CONT_s11_bola_TheSwissAccount,1789287210.902,0.1013,0,0,0,0,0,0
CONT_s11_bola_TheSwissAccount,1789287211.003,0.1013,0,0,0,0,0,0
CONT_s11_bola_TheSwissAccount,1789287211.104,0.1013,0,0,0,0,0,0
CONT_s11_bola_TheSwissAccount,1789287211.206,0.1015,0,0,0,0,0,0
CONT_s11_bola_TheSwissAccount,1789287211.307,0.1015,0,0,0,0,0,0
CONT_s11_bola_TheSwissAccount,1789287211.409,0.1013,0,0,0,0,0,0
CONT_s11_bola_TheSwissAccount,1789287211.51,0.1013,0,0,0,0,0,0
CONT_s11_bola_TheSwissAccount,1789287211.611,0.1013,0,0,0,0,0,0
CONT_s11_bola_TheSwissAccount,1789287211.713,0.1015,0,0,0,0,0,0
CONT_s11_bola_TheSwissAccount,1789287211.814,0.1015,0,0,0,0,0,0
CONT_s11_bola_TheSwissAccount,1789287211.915,0.1013,0,0,0,0,0,0
CONT_s11_bola_TheSwissAccount,1789287212.017,0.1013,0,0,0,0,0,0
CONT_s11_bola_TheSwissAccount,1789287212.118,0.1013,0,0,0,0,0,0
CONT_s11_bola_TheSwissAccount,1789287212.22,0.1015,0,0,0,0,0,0
CONT_s11_bola_TheSwissAccount,1789287212.321,0.1015,0,0,0,0,0,0
CONT_s11_bola_TheSwissAccount,1789287212.422,0.1013,0,0,0,0,0,0
CONT_s11_bola_TheSwissAccount,1789287212.524,0.1013,0,0,0,0,0,0
CONT_s11_bola_TheSwissAccount,1789287212.625,0.1013,0,0,0,0,0,0
CONT_s11_bola_TheSwissAccount,1789287212.726,0.1015,0,0,0,0,0,0
CONT_s11_bola_TheSwissAccount,1789287212.828,0.1015,0,0,0,0,0,0
CONT_s11_bola_TheSwissAccount,1789287212.929,0.1013,0,0,0,0,0,0
CONT_s11_bola_TheSwissAccount,1789287213.031,0.1013,0,0,0,0,0,0
CONT_s11_bola_TheSwissAccount,1789287213.133,0.1022,0,0,0,0,0,0
CONT_s11_bola_TheSwissAccount,1789287213.235,0.1017,0,0,0,0,0,0
CONT_s11_bola_TheSwissAccount,1789287213.336,0.1015,0,0,0,0,0,0
CONT_s11_bola_TheSwissAccount,1789287213.437,0.1013,0,0,0,0,0,0
CONT_s11_bola_TheSwissAccount,1789287213.539,0.1012,0,0,0,0,0,0
CONT_s11_bola_TheSwissAccount,1789287213.64,0.1015,0,0,0,0,0,0
CONT_s11_bola_TheSwissAccount,1789287213.743,0.1025,0,0,0,0,0,0
CONT_s11_bola_TheSwissAccount,1789287213.844,0.1014,0,0,0,0,0,0
CONT_s11_bola_TheSwissAccount,1789287213.945,0.1012,0,0,0,0,0,0
CONT_s11_bola_TheSwissAccount,1789287214.047,0.1013,0,0,0,0,0,0
CONT_s11_bola_TheSwissAccount,1789287214.148,0.1016,0,0,0,0,0,0
CONT_s11_bola_TheSwissAccount,1789287214.25,0.1017,0,0,0,0,0,0
CONT_s11_bola_TheSwissAccount,1789287214.351,0.1015,0,0,0,0,0,0
CONT_s11_bola_TheSwissAccount,1789287214.453,0.1014,0,0,0,0,0,0
CONT_s11_bola_TheSwissAccount,1789287214.554,0.1014,0,0,0,0,0,0
CONT_s11_bola_TheSwissAccount,1789287214.656,0.1015,0,0,0,0,0,0
CONT_s11_bola_TheSwissAccount,1789287214.757,0.1016,0,0,0,0,0,0
CONT_s11_bola_TheSwissAccount,1789287214.859,0.1014,0,0,0,0,0,0
CONT_s11_bola_TheSwissAccount,1789287214.96,0.1014,0,0,0,0,0,0
CONT_s11_bola_TheSwissAccount,1789287215.061,0.1013,0,0,0,0,0,0
CONT_s11_bola_TheSwissAccount,1789287215.163,0.1015,0,0,0,0,0,0
CONT_s11_bola_TheSwissAccount,1789287215.265,0.1016,0,0,0,0,0,0
CONT_s11_bola_TheSwissAccount,1789287215.366,0.1014,0,0,0,0,0,0
CONT_s11_bola_TheSwissAccount,1789287215.467,0.1014,0,0,0,0,0,0
CONT_s11_bola_TheSwissAccount,1789287215.569,0.1013,0,0,0,0,0,0
CONT_s11_bola_TheSwissAccount,1789287215.67,0.1015,0,0,0,0,0,0
CONT_s11_bola_TheSwissAccount,1789287215.772,0.1015,0,0,0,0,0,0
CONT_s11_bola_TheSwissAccount,1789287215.873,0.1013,0,0,0,0,0,0
CONT_s11_bola_TheSwissAccount,1789287215.974,0.1013,0,0,0,0,0,0
CONT_s11_bola_TheSwissAccount,1789287216.076,0.1013,0,0,0,0,0,0
CONT_s11_bola_TheSwissAccount,1789287216.177,0.1015,0,0,0,0,0,0
CONT_s11_bola_TheSwissAccount,1789287216.279,0.1015,0,0,0,0,0,0
CONT_s11_bola_TheSwissAccount,1789287216.38,0.1015,0,0,0,0,0,0
CONT_s11_bola_TheSwissAccount,1789287216.481,0.1014,0,0,0,0,0,0
CONT_s11_bola_TheSwissAccount,1789287216.583,0.1013,0,0,0,0,0,0
CONT_s11_bola_TheSwissAccount,1789287216.684,0.1015,0,0,0,0,0,0
CONT_s11_bola_TheSwissAccount,1789287216.786,0.1016,0,0,0,0,0,0
CONT_s11_bola_TheSwissAccount,1789287216.887,0.1014,0,0,0,0,0,0
CONT_s11_bola_TheSwissAccount,1789287216.989,0.1013,0,0,0,0,0,0
CONT_s11_bola_TheSwissAccount,1789287217.09,0.1014,0,0,0,0,0,0
CONT_s11_bola_TheSwissAccount,1789287217.192,0.1016,0,0,0,0,0,0
CONT_s11_bola_TheSwissAccount,1789287217.293,0.1015,0,0,0,0,0,0
CONT_s11_bola_TheSwissAccount,1789287217.394,0.1013,0,0,0,0,0,0
CONT_s11_bola_TheSwissAccount,1789287217.496,0.1014,0,0,0,0,0,0
CONT_s11_bola_TheSwissAccount,1789287217.597,0.1014,0,0,0,0,0,0
CONT_s11_bola_TheSwissAccount,1789287217.699,0.1015,0,0,0,0,0,0
CONT_s11_bola_TheSwissAccount,1789287217.8,0.1015,0,0,0,0,0,0
CONT_s11_bola_TheSwissAccount,1789287217.901,0.1013,0,0,0,0,0,0
CONT_s11_bola_TheSwissAccount,1789287218.003,0.1013,0,0,0,0,0,0
CONT_s11_bola_TheSwissAccount,1789287218.104,0.1013,0,0,0,0,0,0
CONT_s11_bola_TheSwissAccount,1789287218.206,0.1015,0,0,0,0,0,0
CONT_s11_bola_TheSwissAccount,1789287218.307,0.1015,0,0,0,0,0,0
CONT_s11_bola_TheSwissAccount,1789287218.408,0.1013,0,0,0,0,0,0
CONT_s11_bola_TheSwissAccount,1789287218.51,0.1013,0,0,0,0,0,0
CONT_s11_bola_TheSwissAccount,1789287218.611,0.1013,0,0,0,0,0,0
CONT_s11_bola_TheSwissAccount,1789287218.713,0.1015,0,0,0,0,0,0
CONT_s11_bola_TheSwissAccount,1789287218.814,0.1015,0,0,0,0,0,0
CONT_s11_bola_TheSwissAccount,1789287218.915,0.1013,0,0,0,0,0,0
CONT_s11_bola_TheSwissAccount,1789287219.017,0.1013,0,0,0,0,0,0
CONT_s11_bola_TheSwissAccount,1789287219.118,0.1014,0,0,0,0,0,0
CONT_s11_bola_TheSwissAccount,1789287219.22,0.1016,0,0,0,0,0,0
CONT_s11_bola_TheSwissAccount,1789287219.321,0.1015,0,0,0,0,0,0
CONT_s11_bola_TheSwissAccount,1789287219.422,0.1013,0,0,0,0,0,0
CONT_s11_bola_TheSwissAccount,1789287219.524,0.1013,0,0,0,0,0,0
CONT_s11_bola_TheSwissAccount,1789287219.625,0.1012,0,0,0,0,0,0
CONT_s11_bola_TheSwissAccount,1789287219.727,0.1016,0,0,0,0,0,0
CONT_s11_bola_TheSwissAccount,1789287219.828,0.1015,0,0,0,0,0,0
CONT_s11_bola_TheSwissAccount,1789287219.931,0.1029,0,0,0,0,0,0
CONT_s11_bola_TheSwissAccount,1789287220.033,0.1016,0,0,0,0,0,0
CONT_s11_bola_TheSwissAccount,1789287220.134,0.1017,0,0,0,0,0,0
CONT_s11_bola_TheSwissAccount,1789287220.237,0.1026,0,0,0,0,0,0
CONT_s11_bola_TheSwissAccount,1789287220.338,0.1016,0,0,0,0,0,0
CONT_s11_bola_TheSwissAccount,1789287220.44,0.1015,0,0,0,0,0,0
CONT_s11_bola_TheSwissAccount,1789287220.541,0.1016,0,0,0,0,0,0
CONT_s11_bola_TheSwissAccount,1789287220.643,0.1016,0,0,0,0,0,0
CONT_s11_bola_TheSwissAccount,1789287220.746,0.1028,0,0,0,0,0,0
CONT_s11_bola_TheSwissAccount,1789287220.847,0.1016,0,0,0,0,0,0
CONT_s11_bola_TheSwissAccount,1789287220.949,0.1013,0,0,0,0,0,0
CONT_s11_bola_TheSwissAccount,1789287221.05,0.1014,0,0,0,0,0,0
CONT_s11_bola_TheSwissAccount,1789287221.152,0.1016,0,0,0,0,0,0
CONT_s11_bola_TheSwissAccount,1789287221.253,0.1016,0,0,0,0,0,0
CONT_s11_bola_TheSwissAccount,1789287221.355,0.1014,0,0,0,0,0,0
CONT_s11_bola_TheSwissAccount,1789287221.456,0.1014,0,0,0,0,0,0
CONT_s11_bola_TheSwissAccount,1789287221.558,0.1014,0,0,0,0,0,0
CONT_s11_bola_TheSwissAccount,1789287221.659,0.1015,0,0,0,0,0,0
CONT_s11_bola_TheSwissAccount,1789287221.761,0.1016,0,0,0,0,0,0
CONT_s11_bola_TheSwissAccount,1789287221.862,0.1014,0,0,0,0,0,0
CONT_s11_bola_TheSwissAccount,1789287221.963,0.1014,0,0,0,0,0,0
CONT_s11_bola_TheSwissAccount,1789287222.065,0.1013,0,0,0,0,0,0
CONT_s11_bola_TheSwissAccount,1789287222.166,0.1015,0,0,0,0,0,0
CONT_s11_bola_TheSwissAccount,1789287222.268,0.1016,0,0,0,0,0,0
CONT_s11_bola_TheSwissAccount,1789287222.369,0.1013,0,0,0,0,0,0
CONT_s11_bola_TheSwissAccount,1789287222.47,0.1013,0,0,0,0,0,0
CONT_s11_bola_TheSwissAccount,1789287222.572,0.1013,0,0,0,0,0,0
CONT_s11_bola_TheSwissAccount,1789287222.673,0.1015,0,0,0,0,0,0
CONT_s11_bola_TheSwissAccount,1789287222.775,0.1015,0,0,0,0,0,0
CONT_s11_bola_TheSwissAccount,1789287222.876,0.1013,0,0,0,0,0,0
CONT_s11_bola_TheSwissAccount,1789287222.977,0.1013,0,0,0,0,0,0
CONT_s11_bola_TheSwissAccount,1789287223.079,0.1013,0,0,0,0,0,0
CONT_s11_bola_TheSwissAccount,1789287223.18,0.1015,0,0,0,0,0,0
CONT_s11_bola_TheSwissAccount,1789287223.282,0.1015,0,0,0,0,0,0
CONT_s11_bola_TheSwissAccount,1789287223.383,0.1013,0,0,0,0,0,0
CONT_s11_bola_TheSwissAccount,1789287223.484,0.1014,0,0,0,0,0,0
CONT_s11_bola_TheSwissAccount,1789287223.586,0.1013,0,0,0,0,0,0
CONT_s11_bola_TheSwissAccount,1789287223.687,0.1015,0,0,0,0,0,0
CONT_s11_bola_TheSwissAccount,1789287223.789,0.1015,0,0,0,0,0,0
CONT_s11_bola_TheSwissAccount,1789287223.89,0.1013,0,0,0,0,0,0
CONT_s11_bola_TheSwissAccount,1789287223.991,0.1014,0,0,0,0,0,0
CONT_s11_bola_TheSwissAccount,1789287224.093,0.1013,0,0,0,0,0,0
CONT_s11_bola_TheSwissAccount,1789287224.194,0.1015,0,0,0,0,0,0
CONT_s11_bola_TheSwissAccount,1789287224.296,0.1015,0,0,0,0,0,0
CONT_s11_bola_TheSwissAccount,1789287224.397,0.1013,0,0,0,0,0,0
CONT_s11_bola_TheSwissAccount,1789287224.498,0.1013,0,0,0,0,0,0
CONT_s11_bola_TheSwissAccount,1789287224.6,0.1013,0,0,0,0,0,0
CONT_s11_bola_TheSwissAccount,1789287224.701,0.1015,0,0,0,0,0,0
CONT_s11_bola_TheSwissAccount,1789287224.803,0.1015,0,0,0,0,0,0
CONT_s11_bola_TheSwissAccount,1789287224.904,0.1014,0,0,0,0,0,0
CONT_s11_bola_TheSwissAccount,1789287225.005,0.1014,0,0,0,0,0,0
CONT_s11_bola_TheSwissAccount,1789287225.107,0.1013,0,0,0,0,0,0
CONT_s11_bola_TheSwissAccount,1789287225.208,0.1015,0,0,0,0,0,0
CONT_s11_bola_TheSwissAccount,1789287225.31,0.1015,0,0,0,0,0,0
CONT_s11_bola_TheSwissAccount,1789287225.411,0.1014,0,0,0,0,0,0
CONT_s11_bola_TheSwissAccount,1789287225.512,0.1013,0,0,0,0,0,0
CONT_s11_bola_TheSwissAccount,1789287225.614,0.1013,0,0,0,0,0,0
CONT_s11_bola_TheSwissAccount,1789287225.715,0.1015,0,0,0,0,0,0
CONT_s11_bola_TheSwissAccount,1789287225.817,0.1015,0,0,0,0,0,0
CONT_s11_bola_TheSwissAccount,1789287225.918,0.1013,0,0,0,0,0,0
CONT_s11_bola_TheSwissAccount,1789287226.019,0.1014,0,0,0,0,0,0
CONT_s11_bola_TheSwissAccount,1789287226.121,0.1013,0,0,0,0,0,0
CONT_s11_bola_TheSwissAccount,1789287226.222,0.1015,0,0,0,0,0,0
CONT_s11_bola_TheSwissAccount,1789287226.324,0.1015,0,0,0,0,0,0
CONT_s11_bola_TheSwissAccount,1789287226.425,0.1013,0,0,0,0,0,0
CONT_s11_bola_TheSwissAccount,1789287226.526,0.1013,0,0,0,0,0,0
CONT_s11_bola_TheSwissAccount,1789287226.627,0.1013,0,0,0,0,0,0
CONT_s11_bola_TheSwissAccount,1789287226.729,0.1015,0,0,0,0,0,0
CONT_s11_bola_TheSwissAccount,1789287226.83,0.1015,0,0,0,0,0,0
CONT_s11_bola_TheSwissAccount,1789287226.932,0.1013,0,0,0,0,0,0
CONT_s11_bola_TheSwissAccount,1789287227.033,0.1014,0,0,0,0,0,0
CONT_s11_bola_TheSwissAccount,1789287227.135,0.1015,0,0,0,0,0,0
CONT_s11_bola_TheSwissAccount,1789287227.237,0.1026,0,0,0,0,0,0
CONT_s11_bola_TheSwissAccount,1789287227.339,0.1015,0,0,0,0,0,0
CONT_s11_bola_TheSwissAccount,1789287227.44,0.1013,0,0,0,0,0,0
CONT_s11_bola_TheSwissAccount,1789287227.541,0.1014,0,0,0,0,0,0
CONT_s11_bola_TheSwissAccount,1789287227.643,0.1015,0,0,0,0,0,0
CONT_s11_bola_TheSwissAccount,1789287227.745,0.1023,0,0,0,0,0,0
CONT_s11_bola_TheSwissAccount,1789287227.847,0.1015,0,0,0,0,0,0
CONT_s11_bola_TheSwissAccount,1789287227.948,0.1013,0,0,0,0,0,0
CONT_s11_bola_TheSwissAccount,1789287228.049,0.1014,0,0,0,0,0,0
CONT_s11_bola_TheSwissAccount,1789287228.151,0.1015,0,0,0,0,0,0
CONT_s11_bola_TheSwissAccount,1789287228.253,0.1026,0,0,0,0,0,0
CONT_s11_bola_TheSwissAccount,1789287228.355,0.1015,0,0,0,0,0,0
CONT_s11_bola_TheSwissAccount,1789287228.456,0.1015,0,0,0,0,0,0
CONT_s11_bola_TheSwissAccount,1789287228.558,0.1015,0,0,0,0,0,0
CONT_s11_bola_TheSwissAccount,1789287228.659,0.1016,0,0,0,0,0,0
CONT_s11_bola_TheSwissAccount,1789287228.761,0.1015,0,0,0,0,0,0
CONT_s11_bola_TheSwissAccount,1789287228.862,0.1014,0,0,0,0,0,0
CONT_s11_bola_TheSwissAccount,1789287228.964,0.1014,0,0,0,0,0,0
CONT_s11_bola_TheSwissAccount,1789287229.065,0.1014,0,0,0,0,0,0
CONT_s11_bola_TheSwissAccount,1789287229.167,0.1015,0,0,0,0,0,0
CONT_s11_bola_TheSwissAccount,1789287229.268,0.1015,0,0,0,0,0,0
CONT_s11_bola_TheSwissAccount,1789287229.369,0.1013,0,0,0,0,0,0
CONT_s11_bola_TheSwissAccount,1789287229.471,0.1014,0,0,0,0,0,0
CONT_s11_bola_TheSwissAccount,1789287229.572,0.1014,0,0,0,0,0,0
CONT_s11_bola_TheSwissAccount,1789287229.674,0.1015,0,0,0,0,0,0
CONT_s11_bola_TheSwissAccount,1789287229.775,0.1015,0,0,0,0,0,0
CONT_s11_bola_TheSwissAccount,1789287229.877,0.1013,0,0,0,0,0,0
CONT_s11_bola_TheSwissAccount,1789287229.978,0.1013,0,0,0,0,0,0
CONT_s11_bola_TheSwissAccount,1789287230.079,0.1014,0,0,0,0,0,0
CONT_s11_bola_TheSwissAccount,1789287230.181,0.1015,0,0,0,0,0,0
CONT_s11_bola_TheSwissAccount,1789287230.282,0.1015,0,0,0,0,0,0
CONT_s11_bola_TheSwissAccount,1789287230.384,0.1016,0,0,0,0,0,0
CONT_s11_bola_TheSwissAccount,1789287230.485,0.1013,0,0,0,0,0,0
CONT_s11_bola_TheSwissAccount,1789287230.586,0.1013,0,0,0,0,0,0
CONT_s11_bola_TheSwissAccount,1789287230.688,0.1015,0,0,0,0,0,0
CONT_s11_bola_TheSwissAccount,1789287230.789,0.1015,0,0,0,0,0,0
CONT_s11_bola_TheSwissAccount,1789287230.891,0.1013,0,0,0,0,0,0
CONT_s11_bola_TheSwissAccount,1789287230.992,0.1015,0,0,0,0,0,0
CONT_s11_bola_TheSwissAccount,1789287231.094,0.1014,0,0,0,0,0,0
CONT_s11_bola_TheSwissAccount,1789287231.195,0.1015,0,0,0,0,0,0
CONT_s11_bola_TheSwissAccount,1789287231.296,0.1015,0,0,0,0,0,0
CONT_s11_bola_TheSwissAccount,1789287231.398,0.1012,0,0,0,0,0,0
CONT_s11_bola_TheSwissAccount,1789287231.499,0.1013,0,0,0,0,0,0
CONT_s11_bola_TheSwissAccount,1789287231.6,0.1013,0,0,0,0,0,0
CONT_s11_bola_TheSwissAccount,1789287231.702,0.1015,0,0,0,0,0,0
CONT_s11_bola_TheSwissAccount,1789287231.803,0.1015,0,0,0,0,0,0
CONT_s11_bola_TheSwissAccount,1789287231.905,0.1013,0,0,0,0,0,0
CONT_s11_bola_TheSwissAccount,1789287232.006,0.1013,0,0,0,0,0,0
CONT_s11_bola_TheSwissAccount,1789287232.107,0.1013,0,0,0,0,0,0
CONT_s11_bola_TheSwissAccount,1789287232.209,0.1015,0,0,0,0,0,0
CONT_s11_bola_TheSwissAccount,1789287232.31,0.1015,0,0,0,0,0,0
CONT_s11_bola_TheSwissAccount,1789287232.411,0.1013,0,0,0,0,0,0
CONT_s11_bola_TheSwissAccount,1789287232.513,0.1013,0,0,0,0,0,0
CONT_s11_bola_TheSwissAccount,1789287232.614,0.1013,0,0,0,0,0,0
CONT_s11_bola_TheSwissAccount,1789287232.716,0.1016,0,0,0,0,0,0
CONT_s11_bola_TheSwissAccount,1789287232.817,0.1015,0,0,0,0,0,0
CONT_s11_bola_TheSwissAccount,1789287232.918,0.1013,0,0,0,0,0,0
CONT_s11_bola_TheSwissAccount,1789287233.02,0.1013,0,0,0,0,0,0
CONT_s11_bola_TheSwissAccount,1789287233.121,0.1013,0,0,0,0,0,0
CONT_s11_bola_TheSwissAccount,1789287233.223,0.1015,0,0,0,0,0,0
CONT_s11_bola_TheSwissAccount,1789287233.324,0.1016,0,0,0,0,0,0
CONT_s11_bola_TheSwissAccount,1789287233.425,0.1013,0,0,0,0,0,0
CONT_s11_bola_TheSwissAccount,1789287233.527,0.1013,0,0,0,0,0,0
CONT_s11_bola_TheSwissAccount,1789287233.628,0.1014,0,0,0,0,0,0
CONT_s11_bola_TheSwissAccount,1789287233.73,0.1015,0,0,0,0,0,0
CONT_s11_bola_TheSwissAccount,1789287233.831,0.1015,0,0,0,0,0,0
CONT_s11_bola_TheSwissAccount,1789287233.932,0.1013,0,0,0,0,0,0
CONT_s11_bola_TheSwissAccount,1789287234.034,0.1013,0,0,0,0,0,0
CONT_s11_bola_TheSwissAccount,1789287234.135,0.1015,0,0,0,0,0,0
CONT_s11_bola_TheSwissAccount,1789287234.238,0.1024,0,0,0,0,0,0
CONT_s11_bola_TheSwissAccount,1789287234.339,0.1015,0,0,0,0,0,0
CONT_s11_bola_TheSwissAccount,1789287234.44,0.1013,0,0,0,0,0,0
CONT_s11_bola_TheSwissAccount,1789287234.542,0.1013,0,0,0,0,0,0
CONT_s11_bola_TheSwissAccount,1789287234.643,0.1015,0,0,0,0,0,0
CONT_s11_bola_TheSwissAccount,1789287234.746,0.1025,0,0,0,0,0,0
CONT_s11_bola_TheSwissAccount,1789287234.847,0.1014,0,0,0,0,0,0
CONT_s11_bola_TheSwissAccount,1789287234.948,0.1013,0,0,0,0,0,0
CONT_s11_bola_TheSwissAccount,1789287235.05,0.1013,0,0,0,0,0,0
CONT_s11_bola_TheSwissAccount,1789287235.151,0.1015,0,0,0,0,0,0
CONT_s11_bola_TheSwissAccount,1789287235.254,0.1024,0,0,0,0,0,0
CONT_s11_bola_TheSwissAccount,1789287235.355,0.1013,0,0,0,0,0,0
CONT_s11_bola_TheSwissAccount,1789287235.456,0.1013,0,0,0,0,0,0
CONT_s11_bola_TheSwissAccount,1789287235.558,0.1013,0,0,0,0,0,0
CONT_s11_bola_TheSwissAccount,1789287235.659,0.1015,0,0,0,0,0,0
CONT_s11_bola_TheSwissAccount,1789287235.761,0.1015,0,0,0,0,0,0
CONT_s11_bola_TheSwissAccount,1789287235.862,0.1013,0,0,0,0,0,0
CONT_s11_bola_TheSwissAccount,1789287235.963,0.1013,0,0,0,0,0,0
CONT_s11_bola_TheSwissAccount,1789287236.064,0.1013,0,0,0,0,0,0
CONT_s11_bola_TheSwissAccount,1789287236.166,0.1015,0,0,0,0,0,0
CONT_s11_bola_TheSwissAccount,1789287236.267,0.1015,0,0,0,0,0,0
CONT_s11_bola_TheSwissAccount,1789287236.369,0.1013,0,0,0,0,0,0
CONT_s11_bola_TheSwissAccount,1789287236.47,0.1013,0,0,0,0,0,0
CONT_s11_bola_TheSwissAccount,1789287236.571,0.1013,0,0,0,0,0,0
CONT_s11_bola_TheSwissAccount,1789287236.673,0.1015,0,0,0,0,0,0
CONT_s11_bola_TheSwissAccount,1789287236.774,0.1015,0,0,0,0,0,0
CONT_s11_bola_TheSwissAccount,1789287236.876,0.1013,0,0,0,0,0,0
CONT_s11_bola_TheSwissAccount,1789287236.977,0.1013,0,0,0,0,0,0
CONT_s11_bola_TheSwissAccount,1789287237.078,0.1013,0,0,0,0,0,0
CONT_s11_bola_TheSwissAccount,1789287237.18,0.1015,0,0,0,0,0,0
CONT_s11_bola_TheSwissAccount,1789287237.281,0.1015,0,0,0,0,0,0
CONT_s11_bola_TheSwissAccount,1789287237.382,0.1013,0,0,0,0,0,0
CONT_s11_bola_TheSwissAccount,1789287237.484,0.1013,0,0,0,0,0,0
CONT_s11_bola_TheSwissAccount,1789287237.585,0.1013,0,0,0,0,0,0
CONT_s11_bola_TheSwissAccount,1789287237.687,0.1015,0,0,0,0,0,0
CONT_s11_bola_TheSwissAccount,1789287237.788,0.1015,0,0,0,0,0,0
CONT_s11_bola_TheSwissAccount,1789287237.889,0.1013,0,0,0,0,0,0
CONT_s11_bola_TheSwissAccount,1789287237.991,0.1013,0,0,0,0,0,0
CONT_s11_bola_TheSwissAccount,1789287238.092,0.1013,0,0,0,0,0,0
CONT_s11_bola_TheSwissAccount,1789287238.194,0.1016,0,0,0,0,0,0
CONT_s11_bola_TheSwissAccount,1789287238.295,0.1015,0,0,0,0,0,0
CONT_s11_bola_TheSwissAccount,1789287238.396,0.1013,0,0,0,0,0,0
CONT_s11_bola_TheSwissAccount,1789287238.498,0.1014,0,0,0,0,0,0
CONT_s11_bola_TheSwissAccount,1789287238.599,0.1014,0,0,0,0,0,0
CONT_s11_bola_TheSwissAccount,1789287238.701,0.1015,0,0,0,0,0,0
CONT_s11_bola_TheSwissAccount,1789287238.802,0.1016,0,0,0,0,0,0
CONT_s11_bola_TheSwissAccount,1789287238.904,0.1014,0,0,0,0,0,0
CONT_s11_bola_TheSwissAccount,1789287239.005,0.1013,0,0,0,0,0,0
CONT_s11_bola_TheSwissAccount,1789287239.106,0.1014,0,0,0,0,0,0
CONT_s11_bola_TheSwissAccount,1789287239.208,0.1016,0,0,0,0,0,0
CONT_s11_bola_TheSwissAccount,1789287239.309,0.1015,0,0,0,0,0,0
CONT_s11_bola_TheSwissAccount,1789287239.411,0.1013,0,0,0,0,0,0
CONT_s11_bola_TheSwissAccount,1789287239.512,0.1013,0,0,0,0,0,0
CONT_s11_bola_TheSwissAccount,1789287239.613,0.1012,0,0,0,0,0,0
CONT_s11_bola_TheSwissAccount,1789287239.715,0.1015,0,0,0,0,0,0
CONT_s11_bola_TheSwissAccount,1789287239.816,0.1015,0,0,0,0,0,0
CONT_s11_bola_TheSwissAccount,1789287239.917,0.1013,0,0,0,0,0,0
CONT_s11_bola_TheSwissAccount,1789287240.019,0.1013,0,0,0,0,0,0
CONT_s11_bola_TheSwissAccount,1789287240.12,0.1013,0,0,0,0,0,0
CONT_s11_bola_TheSwissAccount,1789287240.221,0.1015,0,0,0,0,0,0
CONT_s11_bola_TheSwissAccount,1789287240.323,0.1015,0,0,0,0,0,0
CONT_s11_bola_TheSwissAccount,1789287240.424,0.1013,0,0,0,0,0,0
CONT_s11_bola_TheSwissAccount,1789287240.526,0.1016,0,0,0,0,0,0
CONT_s11_bola_TheSwissAccount,1789287240.627,0.1014,0,0,0,0,0,0
CONT_s11_bola_TheSwissAccount,1789287240.73,0.1025,0,0,0,0,0,0
CONT_s11_bola_TheSwissAccount,1789287240.831,0.1015,0,0,0,0,0,0
CONT_s11_bola_TheSwissAccount,1789287240.932,0.1013,0,0,0,0,0,0
CONT_s11_bola_TheSwissAccount,1789287241.034,0.1014,0,0,0,0,0,0
CONT_s11_bola_TheSwissAccount,1789287241.135,0.1015,0,0,0,0,0,0
CONT_s11_bola_TheSwissAccount,1789287241.239,0.1033,0,0,0,0,0,0
CONT_s11_bola_TheSwissAccount,1789287241.34,0.1015,0,0,0,0,0,0
CONT_s11_bola_TheSwissAccount,1789287241.442,0.1014,0,0,0,0,0,0
CONT_s11_bola_TheSwissAccount,1789287241.543,0.1014,0,0,0,0,0,0
CONT_s11_bola_TheSwissAccount,1789287241.645,0.1015,0,0,0,0,0,0
CONT_s11_bola_TheSwissAccount,1789287241.747,0.1024,0,0,0,0,0,0
CONT_s11_bola_TheSwissAccount,1789287241.848,0.1013,0,0,0,0,0,0
CONT_s11_bola_TheSwissAccount,1789287241.95,0.1013,0,0,0,0,0,0
CONT_s11_bola_TheSwissAccount,1789287242.051,0.1013,0,0,0,0,0,0
CONT_s11_bola_TheSwissAccount,1789287242.153,0.1015,0,0,0,0,0,0
CONT_s11_bola_TheSwissAccount,1789287242.254,0.1017,0,0,0,0,0,0
CONT_s11_bola_TheSwissAccount,1789287242.356,0.1014,0,0,0,0,0,0
CONT_s11_bola_TheSwissAccount,1789287242.457,0.1013,0,0,0,0,0,0
CONT_s11_bola_TheSwissAccount,1789287242.558,0.1014,0,0,0,0,0,0
CONT_s11_bola_TheSwissAccount,1789287242.66,0.1015,0,0,0,0,0,0
CONT_s11_bola_TheSwissAccount,1789287242.761,0.1015,0,0,0,0,0,0
CONT_s11_bola_TheSwissAccount,1789287242.863,0.1013,0,0,0,0,0,0
CONT_s11_bola_TheSwissAccount,1789287242.964,0.1013,0,0,0,0,0,0
CONT_s11_bola_TheSwissAccount,1789287243.065,0.1013,0,0,0,0,0,0
CONT_s11_bola_TheSwissAccount,1789287243.167,0.1015,0,0,0,0,0,0
CONT_s11_bola_TheSwissAccount,1789287243.268,0.1015,0,0,0,0,0,0
CONT_s11_bola_TheSwissAccount,1789287243.37,0.1013,0,0,0,0,0,0
CONT_s11_bola_TheSwissAccount,1789287243.471,0.1013,0,0,0,0,0,0
CONT_s11_bola_TheSwissAccount,1789287243.572,0.1013,0,0,0,0,0,0
CONT_s11_bola_TheSwissAccount,1789287243.674,0.1015,0,0,0,0,0,0
CONT_s11_bola_TheSwissAccount,1789287243.775,0.1015,0,0,0,0,0,0
CONT_s11_bola_TheSwissAccount,1789287243.876,0.1013,0,0,0,0,0,0
CONT_s11_bola_TheSwissAccount,1789287243.978,0.1013,0,0,0,0,0,0
CONT_s11_bola_TheSwissAccount,1789287244.079,0.1013,0,0,0,0,0,0
CONT_s11_bola_TheSwissAccount,1789287244.181,0.1015,0,0,0,0,0,0
CONT_s11_bola_TheSwissAccount,1789287244.282,0.1016,0,0,0,0,0,0
CONT_s11_bola_TheSwissAccount,1789287244.383,0.1014,0,0,0,0,0,0
CONT_s11_bola_TheSwissAccount,1789287244.485,0.1013,0,0,0,0,0,0
CONT_s11_bola_TheSwissAccount,1789287244.586,0.1013,0,0,0,0,0,0
CONT_s11_bola_TheSwissAccount,1789287244.688,0.1015,0,0,0,0,0,0
CONT_s11_bola_TheSwissAccount,1789287244.789,0.1015,0,0,0,0,0,0
CONT_s11_bola_TheSwissAccount,1789287244.891,0.1013,0,0,0,0,0,0
CONT_s11_bola_TheSwissAccount,1789287244.992,0.1013,0,0,0,0,0,0
CONT_s11_bola_TheSwissAccount,1789287245.093,0.1013,0,0,0,0,0,0
CONT_s11_bola_TheSwissAccount,1789287245.195,0.1017,0,0,0,0,0,0
CONT_s11_bola_TheSwissAccount,1789287245.296,0.1016,0,0,0,0,0,0
CONT_s11_bola_TheSwissAccount,1789287245.398,0.1014,0,0,0,0,0,0
CONT_s11_bola_TheSwissAccount,1789287245.499,0.1014,0,0,0,0,0,0
CONT_s11_bola_TheSwissAccount,1789287245.6,0.1013,0,0,0,0,0,0
CONT_s11_bola_TheSwissAccount,1789287245.702,0.1015,0,0,0,0,0,0
CONT_s11_bola_TheSwissAccount,1789287245.804,0.1016,0,0,0,0,0,0
CONT_s11_bola_TheSwissAccount,1789287245.905,0.1013,0,0,0,0,0,0
CONT_s11_bola_TheSwissAccount,1789287246.006,0.1013,0,0,0,0,0,0
CONT_s11_bola_TheSwissAccount,1789287246.108,0.1014,0,0,0,0,0,0
CONT_s11_bola_TheSwissAccount,1789287246.209,0.1015,0,0,0,0,0,0
CONT_s11_bola_TheSwissAccount,1789287246.311,0.1015,0,0,0,0,0,0
CONT_s11_bola_TheSwissAccount,1789287246.412,0.1014,0,0,0,0,0,0
CONT_s11_bola_TheSwissAccount,1789287246.513,0.1013,0,0,0,0,0,0
CONT_s11_bola_TheSwissAccount,1789287246.615,0.1014,0,0,0,0,0,0
CONT_s11_bola_TheSwissAccount,1789287246.716,0.1015,0,0,0,0,0,0
CONT_s11_bola_TheSwissAccount,1789287246.818,0.1015,0,0,0,0,0,0
CONT_s11_bola_TheSwissAccount,1789287246.919,0.1013,0,0,0,0,0,0
CONT_s11_bola_TheSwissAccount,1789287247.02,0.1014,0,0,0,0,0,0
CONT_s11_bola_TheSwissAccount,1789287247.122,0.1013,0,0,0,0,0,0
CONT_s11_bola_TheSwissAccount,1789287247.223,0.1016,0,0,0,0,0,0
CONT_s11_bola_TheSwissAccount,1789287247.325,0.1015,0,0,0,0,0,0
CONT_s11_bola_TheSwissAccount,1789287247.426,0.1014,0,0,0,0,0,0
CONT_s11_bola_TheSwissAccount,1789287247.527,0.1013,0,0,0,0,0,0
CONT_s11_bola_TheSwissAccount,1789287247.629,0.1019,0,0,0,0,0,0
CONT_s11_bola_TheSwissAccount,1789287247.731,0.1016,0,0,0,0,0,0
CONT_s11_bola_TheSwissAccount,1789287247.835,0.1042,0,0,0,0,0,0
CONT_s11_bola_TheSwissAccount,1789287247.937,0.1018,0,0,0,0,0,0
CONT_s11_bola_TheSwissAccount,1789287248.038,0.1015,0,0,0,0,0,0
CONT_s11_bola_TheSwissAccount,1789287248.14,0.1016,0,0,0,0,0,0
CONT_s11_bola_TheSwissAccount,1789287248.243,0.1025,0,0,0,0,0,0
CONT_s11_bola_TheSwissAccount,1789287248.344,0.1016,0,0,0,0,0,0
CONT_s11_bola_TheSwissAccount,1789287248.446,0.1015,0,0,0,0,0,0
CONT_s11_bola_TheSwissAccount,1789287248.547,0.1019,0,0,0,0,0,0
CONT_s11_bola_TheSwissAccount,1789287248.649,0.1014,0,0,0,0,0,0
CONT_s11_bola_TheSwissAccount,1789287248.752,0.1026,0,0,0,0,0,0
CONT_s11_bola_TheSwissAccount,1789287248.853,0.1014,0,0,0,0,0,0
CONT_s11_bola_TheSwissAccount,1789287248.954,0.1013,16672,27,0,872145.3,124523.5,4
CONT_s11_bola_TheSwissAccount,1789287249.056,0.1018,9052,7,0,10512892.6,107765564.4,2
CONT_s11_bola_TheSwissAccount,1789287249.158,0.1019,4612,5,0,11463272.6,54073725.3,3
CONT_s11_bola_TheSwissAccount,1789287249.26,0.102,10997,12,0,15817828.2,123691980.0,4
CONT_s11_bola_TheSwissAccount,1789287249.362,0.102,9156,9,0,17107755.6,145212197.9,4
CONT_s11_bola_TheSwissAccount,1789287249.464,0.1019,6104,6,0,24115141.0,180731123.5,4
CONT_s11_bola_TheSwissAccount,1789287249.566,0.1019,6310,7,0,27255833.9,180731161.8,4
CONT_s11_bola_TheSwissAccount,1789287249.668,0.1021,13604,11,0,30276402.0,157168993.8,2
CONT_s11_bola_TheSwissAccount,1789287249.77,0.102,7552,6,0,30313732.7,182828196.1,2
CONT_s11_bola_TheSwissAccount,1789287249.872,0.102,7552,6,0,30088355.2,182661633.5,2
CONT_s11_bola_TheSwissAccount,1789287249.974,0.1019,7552,6,0,29896279.8,182768037.0,2
CONT_s11_bola_TheSwissAccount,1789287250.076,0.1019,7552,6,0,29730115.8,182706856.6,2
CONT_s11_bola_TheSwissAccount,1789287250.178,0.1021,7552,6,0,29583574.0,182763147.9,2
CONT_s11_bola_TheSwissAccount,1789287250.28,0.1021,7612,7,0,25247398.0,182738275.7,3
CONT_s11_bola_TheSwissAccount,1789287250.382,0.1019,8117,9,0,21292504.0,170923822.3,4
CONT_s11_bola_TheSwissAccount,1789287250.484,0.1021,7552,6,0,29320738.2,183701851.5,2
CONT_s11_bola_TheSwissAccount,1789287250.586,0.1021,10656,10,0,22947414.6,183320240.1,4
CONT_s11_bola_TheSwissAccount,1789287250.689,0.1026,12362,12,0,30789958.2,185155364.2,4
CONT_s11_bola_TheSwissAccount,1789287250.791,0.1022,8060,8,0,32757332.1,110681244.3,3
CONT_s11_bola_TheSwissAccount,1789287250.893,0.102,9410,9,0,33233791.9,137017289.3,4
CONT_s11_bola_TheSwissAccount,1789287250.995,0.1021,6104,6,0,37162376.7,119690976.6,2
CONT_s11_bola_TheSwissAccount,1789287251.097,0.1022,7604,7,0,39197198.7,217165371.2,2
CONT_s11_bola_TheSwissAccount,1789287251.2,0.1024,10656,10,0,46561142.0,238627591.7,4
CONT_s11_bola_TheSwissAccount,1789287251.302,0.1023,7604,7,0,42341426.6,190695465.9,2
CONT_s11_bola_TheSwissAccount,1789287251.404,0.1021,10656,10,0,54098951.4,233378799.9,4
CONT_s11_bola_TheSwissAccount,1789287251.506,0.1021,7604,7,0,54974777.3,232648286.7,4
CONT_s11_bola_TheSwissAccount,1789287251.608,0.1022,7604,7,0,57045949.3,196173200.8,4
CONT_s11_bola_TheSwissAccount,1789287251.711,0.1023,7604,7,0,59025204.7,239828587.3,4
CONT_s11_bola_TheSwissAccount,1789287251.813,0.1022,7604,7,0,60658590.6,196192319.2,4
CONT_s11_bola_TheSwissAccount,1789287251.916,0.1031,10656,10,0,65095406.0,233303487.0,4
CONT_s11_bola_TheSwissAccount,1789287252.018,0.1023,9104,8,0,52764883.5,181889050.2,2
CONT_s11_bola_TheSwissAccount,1789287252.12,0.1021,5616,7,0,75812781.9,243463045.3,2
CONT_s11_bola_TheSwissAccount,1789287252.222,0.1023,10897,10,0,58048355.6,157529175.4,4
CONT_s11_bola_TheSwissAccount,1789287252.325,0.1024,9104,8,0,48492153.2,125270713.1,2
CONT_s11_bola_TheSwissAccount,1789287252.427,0.1021,6104,6,0,75460570.7,139712457.4,2
CONT_s11_bola_TheSwissAccount,1789287252.531,0.1042,9104,8,0,51090856.2,182044754.0,2
CONT_s11_bola_TheSwissAccount,1789287252.634,0.1026,10656,10,0,69589639.5,202134243.7,4
CONT_s11_bola_TheSwissAccount,1789287252.736,0.1022,7604,7,0,66803953.9,239861394.9,4
CONT_s11_bola_TheSwissAccount,1789287252.838,0.1023,7604,7,0,67752396.4,195866099.4,4
CONT_s11_bola_TheSwissAccount,1789287252.94,0.1021,10656,10,0,72218468.3,233231768.3,4
CONT_s11_bola_TheSwissAccount,1789287253.043,0.1021,4552,4,0,58582650.2,182039369.3,2
CONT_s11_bola_TheSwissAccount,1789287253.145,0.1022,10656,10,0,73831462.2,233370503.4,4
CONT_s11_bola_TheSwissAccount,1789287253.249,0.1041,7604,7,0,58035702.0,172416840.2,2
CONT_s11_bola_TheSwissAccount,1789287253.351,0.1023,9156,9,0,77860976.7,251211922.5,4
CONT_s11_bola_TheSwissAccount,1789287253.453,0.1021,8144,9,0,63179382.6,188496937.7,4
CONT_s11_bola_TheSwissAccount,1789287253.555,0.1021,10708,11,0,80372695.4,137206568.8,5
CONT_s11_bola_TheSwissAccount,1789287253.658,0.1023,6104,6,0,70214901.5,195732815.9,4
CONT_s11_bola_TheSwissAccount,1789287253.76,0.1022,10760,12,0,116002690.8,196668768.9,6
CONT_s11_bola_TheSwissAccount,1789287253.862,0.102,7604,7,0,70115824.6,225766544.3,4
CONT_s11_bola_TheSwissAccount,1789287253.964,0.1021,7604,7,0,51911447.7,218466143.0,2
CONT_s11_bola_TheSwissAccount,1789287254.066,0.1021,6104,6,0,93785871.3,317108951.9,2
CONT_s11_bola_TheSwissAccount,1789287254.168,0.1023,12156,11,0,52093447.3,217733445.3,2
CONT_s11_bola_TheSwissAccount,1789287254.271,0.1022,6104,6,0,98057675.3,325965472.8,2
CONT_s11_bola_TheSwissAccount,1789287254.373,0.102,9156,9,0,54259044.7,180830658.4,2
CONT_s11_bola_TheSwissAccount,1789287254.475,0.102,10644,10,0,82115505.6,244703358.6,4
CONT_s11_bola_TheSwissAccount,1789287254.577,0.1024,7604,7,0,74272298.0,251766073.3,3
CONT_s11_bola_TheSwissAccount,1789287254.679,0.1022,9156,9,0,84357540.7,181457718.5,2
CONT_s11_bola_TheSwissAccount,1789287254.781,0.1022,6104,6,0,74113700.0,108204827.3,2
CONT_s11_bola_TheSwissAccount,1789287254.884,0.1022,9156,9,0,62241321.3,108057191.2,2
CONT_s11_bola_TheSwissAccount,1789287254.986,0.1022,9156,9,0,53472598.0,108084540.5,2
CONT_s11_bola_TheSwissAccount,1789287255.088,0.1022,9156,9,0,46953604.7,108100808.5,2
CONT_s11_bola_TheSwissAccount,1789287255.19,0.1023,6104,6,0,43543612.3,108191776.6,2
CONT_s11_bola_TheSwissAccount,1789287255.292,0.1022,9156,9,0,39464033.3,108110303.9,2
CONT_s11_bola_TheSwissAccount,1789287255.395,0.1021,9156,9,0,36343484.7,108183822.8,2
CONT_s11_bola_TheSwissAccount,1789287255.497,0.1021,9156,9,0,33929540.0,108291019.3,2
CONT_s11_bola_TheSwissAccount,1789287255.599,0.1021,6104,6,0,32636027.7,108254957.5,2
CONT_s11_bola_TheSwissAccount,1789287255.701,0.1023,10377,11,0,29475507.3,88680932.3,2
CONT_s11_bola_TheSwissAccount,1789287255.803,0.1022,9156,9,0,29320379.3,32201135.0,2
CONT_s11_bola_TheSwissAccount,1789287255.905,0.102,6104,6,0,28834148.7,108084788.4,2
CONT_s11_bola_TheSwissAccount,1789287256.007,0.1022,9156,9,0,28166289.3,108065502.1,2
CONT_s11_bola_TheSwissAccount,1789287256.11,0.1021,9156,9,0,27618313.7,108215824.1,2
CONT_s11_bola_TheSwissAccount,1789287256.212,0.1023,9156,9,0,27130670.7,107899846.8,2
CONT_s11_bola_TheSwissAccount,1789287256.314,0.1022,9156,9,0,26759779.7,108156836.1,2
CONT_s11_bola_TheSwissAccount,1789287256.416,0.1021,6104,6,0,26524224.0,108076116.1,2
CONT_s11_bola_TheSwissAccount,1789287256.518,0.1021,9156,9,0,26216083.7,108323763.4,2
CONT_s11_bola_TheSwissAccount,1789287256.62,0.1021,9156,9,0,25968352.7,108116449.4,2
CONT_s11_bola_TheSwissAccount,1789287256.723,0.1023,9156,9,0,25761907.0,108206722.1,2
CONT_s11_bola_TheSwissAccount,1789287256.825,0.1023,6104,6,0,25639827.3,108351651.5,2
CONT_s11_bola_TheSwissAccount,1789287256.927,0.102,9156,9,0,25473559.3,107980103.9,2
CONT_s11_bola_TheSwissAccount,1789287257.029,0.1023,9156,9,0,25340465.3,108115138.9,2
CONT_s11_bola_TheSwissAccount,1789287257.134,0.1047,9156,9,0,25252932.7,108187168.7,2
CONT_s11_bola_TheSwissAccount,1789287257.238,0.1036,9797,10,0,21239112.4,72509701.7,2
CONT_s11_bola_TheSwissAccount,1789287257.34,0.1022,6104,6,0,23526345.7,32089931.1,2
CONT_s11_bola_TheSwissAccount,1789287257.442,0.1021,9156,9,0,24069795.7,108112280.3,2
CONT_s11_bola_TheSwissAccount,1789287257.544,0.1021,9156,9,0,24409817.0,107938811.2,2
CONT_s11_bola_TheSwissAccount,1789287257.646,0.1023,9156,9,0,24625804.0,108005280.6,2
CONT_s11_bola_TheSwissAccount,1789287257.75,0.1036,9104,8,0,27621310.5,108676669.2,2
CONT_s11_bola_TheSwissAccount,1789287257.852,0.1022,6156,7,0,21466202.7,107481675.1,2
CONT_s11_bola_TheSwissAccount,1789287257.954,0.1022,9156,9,0,24804155.3,108330448.0,2
CONT_s11_bola_TheSwissAccount,1789287258.056,0.1021,9156,9,0,24813154.0,108359380.1,2
CONT_s11_bola_TheSwissAccount,1789287258.158,0.1022,9156,9,0,24815569.0,108368943.4,2
CONT_s11_bola_TheSwissAccount,1789287258.261,0.1022,6104,6,0,24832986.3,108267443.6,2
CONT_s11_bola_TheSwissAccount,1789287258.363,0.1022,9156,9,0,24847098.3,107983541.0,2
CONT_s11_bola_TheSwissAccount,1789287258.465,0.1021,9156,9,0,24842347.3,107988274.8,2
CONT_s11_bola_TheSwissAccount,1789287258.567,0.1021,9156,9,0,24816819.3,108112862.6,2
CONT_s11_bola_TheSwissAccount,1789287258.669,0.1023,6104,6,0,24804937.7,108089627.9,2
CONT_s11_bola_TheSwissAccount,1789287258.772,0.1022,9156,9,0,24808907.7,108071996.7,2
CONT_s11_bola_TheSwissAccount,1789287258.874,0.1021,9156,9,0,24787589.3,108212351.8,2
CONT_s11_bola_TheSwissAccount,1789287258.976,0.1021,9156,9,0,24781334.7,108306632.1,2
CONT_s11_bola_TheSwissAccount,1789287259.078,0.1021,6104,6,0,24774158.3,108339233.6,2
CONT_s11_bola_TheSwissAccount,1789287259.18,0.1023,9156,9,0,24757382.7,108101950.6,2
CONT_s11_bola_TheSwissAccount,1789287259.282,0.1022,9156,9,0,24770402.3,108134401.1,2
CONT_s11_bola_TheSwissAccount,1789287259.384,0.102,9156,9,0,24767465.3,108334191.1,2
CONT_s11_bola_TheSwissAccount,1789287259.486,0.1021,9156,9,0,24744618.0,108060393.8,2
CONT_s11_bola_TheSwissAccount,1789287259.589,0.1021,6104,6,0,24730116.0,107982754.1,2
CONT_s11_bola_TheSwissAccount,1789287259.691,0.1022,9156,9,0,24724574.0,107994086.2,2
CONT_s11_bola_TheSwissAccount,1789287259.793,0.1022,8956,10,0,23351403.0,63264826.1,2
CONT_s11_bola_TheSwissAccount,1789287259.895,0.102,9156,9,0,25428221.3,108147534.6,2
CONT_s11_bola_TheSwissAccount,1789287259.997,0.1021,9156,9,0,25350928.3,108391677.4,2
CONT_s11_bola_TheSwissAccount,1789287260.099,0.1021,6104,6,0,25327571.7,108253340.8,2
CONT_s11_bola_TheSwissAccount,1789287260.202,0.1023,9156,9,0,25256395.0,107932401.8,2
CONT_s11_bola_TheSwissAccount,1789287260.304,0.1022,9156,9,0,25196239.0,108188173.7,2
CONT_s11_bola_TheSwissAccount,1789287260.406,0.102,9156,9,0,25135800.3,108055004.3,2
CONT_s11_bola_TheSwissAccount,1789287260.508,0.1021,6104,6,0,25112402.7,108238296.5,2
CONT_s11_bola_TheSwissAccount,1789287260.61,0.1021,9156,9,0,25036732.3,108008896.6,2
CONT_s11_bola_TheSwissAccount,1789287260.712,0.1023,9156,9,0,24981047.3,107911863.6,2
CONT_s11_bola_TheSwissAccount,1789287260.815,0.1022,9156,9,0,24953247.0,108202747.2,2
CONT_s11_bola_TheSwissAccount,1789287260.917,0.1025,9104,8,0,27921224.5,108714250.1,2
CONT_s11_bola_TheSwissAccount,1789287261.019,0.1022,6156,7,0,21446018.0,107006789.6,2
CONT_s11_bola_TheSwissAccount,1789287261.122,0.1021,9156,9,0,24836535.0,108126246.6,2
CONT_s11_bola_TheSwissAccount,1789287261.224,0.1023,9156,9,0,24807727.7,108074829.9,2
CONT_s11_bola_TheSwissAccount,1789287261.326,0.1022,9156,9,0,24820909.7,108231335.3,2
CONT_s11_bola_TheSwissAccount,1789287261.428,0.102,6104,6,0,24805086.7,108121245.9,2
CONT_s11_bola_TheSwissAccount,1789287261.53,0.1022,9156,9,0,24823948.3,108297463.2,2
CONT_s11_bola_TheSwissAccount,1789287261.633,0.1028,9156,9,0,24832971.7,108046110.1,2
CONT_s11_bola_TheSwissAccount,1789287261.735,0.1022,9156,9,0,24817729.7,108121850.0,2
CONT_s11_bola_TheSwissAccount,1789287261.837,0.1022,6104,6,0,24821172.3,107842965.1,2
CONT_s11_bola_TheSwissAccount,1789287261.94,0.102,11645,13,0,23579656.5,82552811.1,2
CONT_s11_bola_TheSwissAccount,1789287262.042,0.1021,6104,6,0,25296546.7,897170.0,2
CONT_s11_bola_TheSwissAccount,1789287262.144,0.1023,9156,9,0,25291788.0,108153265.0,2
CONT_s11_bola_TheSwissAccount,1789287262.247,0.1036,9156,9,0,25257585.3,107881723.0,2
CONT_s11_bola_TheSwissAccount,1789287262.35,0.1023,9156,9,0,25208140.0,108258936.2,2
CONT_s11_bola_TheSwissAccount,1789287262.452,0.1022,6104,6,0,25186653.7,107882877.9,2
CONT_s11_bola_TheSwissAccount,1789287262.554,0.1021,9156,9,0,25120047.3,107991035.2,2
CONT_s11_bola_TheSwissAccount,1789287262.656,0.1023,9156,9,0,25071578.7,108175848.8,2
CONT_s11_bola_TheSwissAccount,1789287262.759,0.1026,10291,12,0,21459607.8,73699940.0,2
CONT_s11_bola_TheSwissAccount,1789287262.861,0.1021,6104,6,0,24091044.3,33130884.3,2
CONT_s11_bola_TheSwissAccount,1789287262.963,0.1021,9156,9,0,24484861.0,108333243.0,2
CONT_s11_bola_TheSwissAccount,1789287263.065,0.1022,9156,9,0,24717840.3,108380951.3,2
CONT_s11_bola_TheSwissAccount,1789287263.168,0.1024,9156,9,0,24843089.7,108342053.6,2
CONT_s11_bola_TheSwissAccount,1789287263.27,0.1022,6104,6,0,24892885.3,108327721.0,2
CONT_s11_bola_TheSwissAccount,1789287263.372,0.1022,9156,9,0,24958857.7,108122040.6,2
CONT_s11_bola_TheSwissAccount,1789287263.474,0.1021,9156,9,0,24965639.0,107901583.0,2
CONT_s11_bola_TheSwissAccount,1789287263.576,0.1021,9156,9,0,24976018.0,108044335.1,2
CONT_s11_bola_TheSwissAccount,1789287263.679,0.1022,9156,9,0,24941435.3,107998062.8,2
CONT_s11_bola_TheSwissAccount,1789287263.781,0.1022,6104,6,0,24917474.7,108111156.9,2
CONT_s11_bola_TheSwissAccount,1789287263.883,0.102,9156,9,0,24904364.3,108310285.2,2
CONT_s11_bola_TheSwissAccount,1789287263.985,0.1021,9156,9,0,24891199.0,108037946.9,2
CONT_s11_bola_TheSwissAccount,1789287264.087,0.1021,9156,9,0,24885114.7,108019957.7,2
CONT_s11_bola_TheSwissAccount,1789287264.189,0.1024,7535,8,0,22891438.6,82812129.1,2
CONT_s11_bola_TheSwissAccount,1789287264.292,0.1023,9156,9,0,24531276.7,32845114.3,2
CONT_s11_bola_TheSwissAccount,1789287264.394,0.1021,9156,9,0,24730424.0,108120668.5,2
CONT_s11_bola_TheSwissAccount,1789287264.496,0.1022,6104,6,0,24827514.7,108038558.6,2
CONT_s11_bola_TheSwissAccount,1789287264.598,0.1021,9156,9,0,24894333.0,108082198.8,2
CONT_s11_bola_TheSwissAccount,1789287264.7,0.1023,9156,9,0,24924806.3,108177423.8,2
CONT_s11_bola_TheSwissAccount,1789287264.803,0.1022,9156,9,0,24924166.0,108207376.2,2
CONT_s11_bola_TheSwissAccount,1789287264.905,0.102,6104,6,0,24940660.3,108118090.6,2
CONT_s11_bola_TheSwissAccount,1789287265.007,0.1021,9156,9,0,24937684.3,108092870.3,2
CONT_s11_bola_TheSwissAccount,1789287265.109,0.1022,9156,9,0,24899761.7,107852755.9,2
CONT_s11_bola_TheSwissAccount,1789287265.211,0.1023,9156,9,0,24866597.3,108236118.4,2
CONT_s11_bola_TheSwissAccount,1789287265.314,0.1022,6104,6,0,24850763.0,108315651.2,2
CONT_s11_bola_TheSwissAccount,1789287265.416,0.1022,9156,9,0,24821883.3,108139496.6,2
CONT_s11_bola_TheSwissAccount,1789287265.518,0.1021,9156,9,0,24811914.3,108048941.2,2
CONT_s11_bola_TheSwissAccount,1789287265.62,0.1021,9156,9,0,24850260.7,108054797.9,2
CONT_s11_bola_TheSwissAccount,1789287265.722,0.1023,9156,9,0,24824928.7,107957812.8,2
CONT_s11_bola_TheSwissAccount,1789287265.824,0.1023,6104,6,0,24801337.7,108162355.6,2
CONT_s11_bola_TheSwissAccount,1789287265.927,0.1021,9847,11,0,23771240.8,57147062.4,2
CONT_s11_bola_TheSwissAccount,1789287266.029,0.1021,9156,9,0,24881090.0,108296684.2,2
CONT_s11_bola_TheSwissAccount,1789287266.133,0.1045,9156,9,0,24966380.3,108347785.9,2
CONT_s11_bola_TheSwissAccount,1789287266.235,0.1022,5459,6,0,24535791.0,104235474.9,2
CONT_s11_bola_TheSwissAccount,1789287266.338,0.1022,0,0,0,0,0,0
CONT_s11_bola_TheSwissAccount,1789287266.44,0.102,0,0,0,0,0,0
CONT_s11_bola_TheSwissAccount,1789287266.542,0.1021,0,0,0,0,0,0
CONT_s11_bola_TheSwissAccount,1789287266.644,0.1023,0,0,0,0,0,0
CONT_s11_bola_TheSwissAccount,1789287266.748,0.1036,0,0,0,0,0,0
CONT_s11_bola_TheSwissAccount,1789287266.85,0.1021,0,0,0,0,0,0
CONT_s11_bola_TheSwissAccount,1789287266.952,0.1021,0,0,0,0,0,0
CONT_s11_bola_TheSwissAccount,1789287267.054,0.1021,0,0,0,0,0,0
CONT_s11_bola_TheSwissAccount,1789287267.156,0.1023,0,0,0,0,0,0
CONT_s11_bola_TheSwissAccount,1789287267.258,0.1022,0,0,0,0,0,0
CONT_s11_bola_TheSwissAccount,1789287267.361,0.1021,0,0,0,0,0,0
CONT_s11_bola_TheSwissAccount,1789287267.463,0.102,0,0,0,0,0,0
CONT_s11_bola_TheSwissAccount,1789287267.565,0.1021,0,0,0,0,0,0
CONT_s11_bola_TheSwissAccount,1789287267.667,0.1022,0,0,0,0,0,0
CONT_s11_bola_TheSwissAccount,1789287267.769,0.1022,0,0,0,0,0,0
CONT_s11_bola_TheSwissAccount,1789287267.871,0.1022,0,0,0,0,0,0
CONT_s11_bola_TheSwissAccount,1789287267.973,0.1021,0,0,0,0,0,0
CONT_s11_bola_TheSwissAccount,1789287268.075,0.1021,0,0,0,0,0,0
CONT_s11_bola_TheSwissAccount,1789287268.178,0.1023,0,0,0,0,0,0
CONT_s11_bola_TheSwissAccount,1789287268.28,0.1023,0,0,0,0,0,0
CONT_s11_bola_TheSwissAccount,1789287268.382,0.102,0,0,0,0,0,0
CONT_s11_bola_TheSwissAccount,1789287268.484,0.1021,0,0,0,0,0,0
CONT_s11_bola_TheSwissAccount,1789287268.586,0.1021,0,0,0,0,0,0
CONT_s11_bola_TheSwissAccount,1789287268.688,0.1023,0,0,0,0,0,0
CONT_s11_bola_TheSwissAccount,1789287268.791,0.1022,12504,10,0,247714828.8,659674.7,2
CONT_s11_bola_TheSwissAccount,1789287268.893,0.102,9052,7,0,182925521.7,70025926.3,2
CONT_s11_bola_TheSwissAccount,1789287268.995,0.1021,9052,7,0,144366728.7,951050.0,2
CONT_s11_bola_TheSwissAccount,1789287269.097,0.1021,9052,7,0,117245837.6,219640038.6,2
CONT_s11_bola_TheSwissAccount,1789287269.199,0.1023,7391,7,0,120818897.3,134816422.4,2
CONT_s11_bola_TheSwissAccount,1789287269.301,0.1022,0,0,0,0,0,0
CONT_s11_bola_TheSwissAccount,1789287269.403,0.102,0,0,0,0,0,0
CONT_s11_bola_TheSwissAccount,1789287269.505,0.1022,0,0,0,0,0,0
CONT_s11_bola_TheSwissAccount,1789287269.608,0.1021,0,0,0,0,0,0
CONT_s11_bola_TheSwissAccount,1789287269.71,0.1023,0,0,0,0,0,0
CONT_s11_bola_TheSwissAccount,1789287269.812,0.1022,0,0,0,0,0,0
CONT_s11_bola_TheSwissAccount,1789287269.914,0.102,0,0,0,0,0,0
CONT_s11_bola_TheSwissAccount,1789287270.016,0.1021,0,0,0,0,0,0
CONT_s11_bola_TheSwissAccount,1789287270.118,0.1021,0,0,0,0,0,0
CONT_s11_bola_TheSwissAccount,1789287270.22,0.1023,0,0,0,0,0,0
CONT_s11_bola_TheSwissAccount,1789287270.323,0.1022,0,0,0,0,0,0
CONT_s11_bola_TheSwissAccount,1789287270.425,0.102,0,0,0,0,0,0
CONT_s11_bola_TheSwissAccount,1789287270.527,0.102,0,0,0,0,0,0
CONT_s11_bola_TheSwissAccount,1789287270.63,0.1036,0,0,0,0,0,0
CONT_s11_bola_TheSwissAccount,1789287270.733,0.1022,0,0,0,0,0,0
CONT_s11_bola_TheSwissAccount,1789287270.835,0.1022,0,0,0,0,0,0
CONT_s11_bola_TheSwissAccount,1789287270.937,0.102,0,0,0,0,0,0
CONT_s11_bola_TheSwissAccount,1789287271.039,0.1022,0,0,0,0,0,0
CONT_s11_bola_TheSwissAccount,1789287271.142,0.1026,0,0,0,0,0,0
CONT_s11_bola_TheSwissAccount,1789287271.245,0.1036,0,0,0,0,0,0
CONT_s11_bola_TheSwissAccount,1789287271.347,0.1023,0,0,0,0,0,0
CONT_s11_bola_TheSwissAccount,1789287271.449,0.102,0,0,0,0,0,0
CONT_s11_bola_TheSwissAccount,1789287271.551,0.1021,0,0,0,0,0,0
CONT_s11_bola_TheSwissAccount,1789287271.654,0.1022,0,0,0,0,0,0
CONT_s11_bola_TheSwissAccount,1789287271.756,0.1022,0,0,0,0,0,0
CONT_s11_bola_TheSwissAccount,1789287271.858,0.102,0,0,0,0,0,0
CONT_s11_bola_TheSwissAccount,1789287271.96,0.1021,0,0,0,0,0,0
CONT_s11_bola_TheSwissAccount,1789287272.062,0.1021,0,0,0,0,0,0
CONT_s11_bola_TheSwissAccount,1789287272.164,0.1023,0,0,0,0,0,0
CONT_s11_bola_TheSwissAccount,1789287272.267,0.1022,0,0,0,0,0,0
CONT_s11_bola_TheSwissAccount,1789287272.369,0.1021,0,0,0,0,0,0
CONT_s11_bola_TheSwissAccount,1789287272.471,0.102,0,0,0,0,0,0
CONT_s11_bola_TheSwissAccount,1789287272.573,0.1021,0,0,0,0,0,0
CONT_s11_bola_TheSwissAccount,1789287272.675,0.1022,0,0,0,0,0,0
CONT_s11_bola_TheSwissAccount,1789287272.777,0.1022,17366,15,0,353727399.5,1347446.2,2
CONT_s11_bola_TheSwissAccount,1789287272.879,0.1022,10552,8,0,232202603.0,137468486.0,2
CONT_s11_bola_TheSwissAccount,1789287272.982,0.1021,4454,5,0,285624821.8,157116497.7,2
CONT_s11_bola_TheSwissAccount,1789287273.084,0.1021,12052,9,0,146837261.8,143911589.0,2
CONT_s11_bola_TheSwissAccount,1789287273.186,0.1023,6052,5,0,158911412.8,72678470.7,2
CONT_s11_bola_TheSwissAccount,1789287273.288,0.1022,6052,5,0,143119480.2,623311.0,2
CONT_s11_bola_TheSwissAccount,1789287273.39,0.102,7552,6,0,117982053.0,164356589.9,2
CONT_s11_bola_TheSwissAccount,1789287273.492,0.1021,7552,6,0,106493498.8,182749599.2,2
CONT_s11_bola_TheSwissAccount,1789287273.594,0.1021,15104,12,0,89922515.3,182661772.3,2
CONT_s11_bola_TheSwissAccount,1789287273.697,0.1023,4599,5,0,136518221.2,114670248.9,2
CONT_s11_bola_TheSwissAccount,1789287273.799,0.1022,7552,6,0,77049278.7,88213826.2,2
CONT_s11_bola_TheSwissAccount,1789287273.901,0.102,7552,6,0,72901979.3,1226585.0,2
CONT_s11_bola_TheSwissAccount,1789287274.003,0.1021,7552,6,0,69293514.3,182638592.9,2
CONT_s11_bola_TheSwissAccount,1789287274.105,0.1021,15104,12,0,63327217.2,182300803.5,2
CONT_s11_bola_TheSwissAccount,1789287274.207,0.1023,7552,6,0,60812139.8,182085487.7,2
CONT_s11_bola_TheSwissAccount,1789287274.309,0.1022,9104,8,0,68906469.0,145344371.8,2
CONT_s11_bola_TheSwissAccount,1789287274.411,0.102,7552,6,0,55839209.2,200829693.6,2
CONT_s11_bola_TheSwissAccount,1789287274.514,0.1021,4552,4,0,64683171.8,200028241.5,2
CONT_s11_bola_TheSwissAccount,1789287274.616,0.1023,6052,5,0,56957471.0,218939856.0,2
CONT_s11_bola_TheSwissAccount,1789287274.718,0.1024,12104,10,0,54003436.6,219045548.7,2
CONT_s11_bola_TheSwissAccount,1789287274.821,0.1023,9104,8,0,55925441.0,127131471.6,2
CONT_s11_bola_TheSwissAccount,1789287274.923,0.1021,10604,9,0,50911535.2,163920057.7,2
CONT_s11_bola_TheSwissAccount,1789287275.025,0.1022,9104,8,0,50872075.5,172801705.5,2
CONT_s11_bola_TheSwissAccount,1789287275.127,0.1023,6052,5,0,46385120.8,182487864.5,2
CONT_s11_bola_TheSwissAccount,1789287275.229,0.1024,9104,8,0,47655444.2,181968607.3,2
CONT_s11_bola_TheSwissAccount,1789287275.332,0.1024,7552,6,0,42369164.0,201175833.4,2
CONT_s11_bola_TheSwissAccount,1789287275.434,0.1022,7552,6,0,41252360.8,182768060.1,2
CONT_s11_bola_TheSwissAccount,1789287275.536,0.1022,9104,8,0,43592159.5,163697520.2,2
CONT_s11_bola_TheSwissAccount,1789287275.639,0.1023,7552,6,0,40171029.2,201036349.0,2
CONT_s11_bola_TheSwissAccount,1789287275.742,0.1033,9104,8,0,42133266.8,199835902.1,2
CONT_s11_bola_TheSwissAccount,1789287275.844,0.1023,7552,6,0,39260473.5,201000239.0,2
CONT_s11_bola_TheSwissAccount,1789287275.946,0.102,9104,8,0,40913786.2,200071690.4,2
CONT_s11_bola_TheSwissAccount,1789287276.048,0.1021,9052,7,0,37706124.1,219514045.6,2
CONT_s11_bola_TheSwissAccount,1789287276.151,0.1022,9104,8,0,40215254.2,218375746.0,2
CONT_s11_bola_TheSwissAccount,1789287276.253,0.1028,9052,7,0,37285487.7,219290989.6,2
CONT_s11_bola_TheSwissAccount,1789287276.356,0.1021,9104,8,0,39716304.8,218506256.1,2
CONT_s11_bola_TheSwissAccount,1789287276.458,0.1021,0,0,0,0,0,0
CONT_s11_bola_TheSwissAccount,1789287276.56,0.102,13604,11,0,38165409.0,191309607.6,2
CONT_s11_bola_TheSwissAccount,1789287276.662,0.1022,9104,8,0,39183848.2,127214238.0,2
CONT_s11_bola_TheSwissAccount,1789287276.764,0.1022,10604,9,0,37859794.1,163861463.8,2
CONT_s11_bola_TheSwissAccount,1789287276.866,0.1021,4552,4,0,37917498.8,181814442.1,2
CONT_s11_bola_TheSwissAccount,1789287276.968,0.1021,10604,9,0,36602169.3,181908860.2,2
CONT_s11_bola_TheSwissAccount,1789287277.07,0.1021,6052,5,0,35839622.8,200646331.9,2
CONT_s11_bola_TheSwissAccount,1789287277.173,0.1023,10604,9,0,35430645.2,199927383.3,2
CONT_s11_bola_TheSwissAccount,1789287277.275,0.1022,7552,6,0,34748577.5,219109759.9,2
CONT_s11_bola_TheSwissAccount,1789287277.377,0.102,10604,9,0,34749053.4,218759701.1,2
CONT_s11_bola_TheSwissAccount,1789287277.479,0.102,7552,6,0,34266627.2,219551912.4,2
CONT_s11_bola_TheSwissAccount,1789287277.581,0.102,4552,4,0,34481198.8,218353758.4,2
CONT_s11_bola_TheSwissAccount,1789287277.683,0.1022,6262,6,0,34577362.3,200305064.9,2
CONT_s11_bola_TheSwissAccount,1789287277.785,0.1022,9052,7,0,34460792.3,106519004.4,2
CONT_s11_bola_TheSwissAccount,1789287277.888,0.1023,9052,7,0,33771340.9,1193900.0,2
CONT_s11_bola_TheSwissAccount,1789287277.99,0.1021,9052,7,0,33198154.0,219635760.2,2
CONT_s11_bola_TheSwissAccount,1789287278.092,0.1021,9052,7,0,32722782.7,219107653.7,2
CONT_s11_bola_TheSwissAccount,1789287278.194,0.1021,9052,7,0,32314956.1,219734684.4,2
CONT_s11_bola_TheSwissAccount,1789287278.296,0.1023,7552,6,0,32333932.7,201111398.5,2
CONT_s11_bola_TheSwissAccount,1789287278.398,0.1021,9052,7,0,32160447.1,201290668.4,2
CONT_s11_bola_TheSwissAccount,1789287278.5,0.1021,9052,7,0,31813650.1,219706717.3,2
CONT_s11_bola_TheSwissAccount,1789287278.603,0.1021,9052,7,0,31501918.4,218978554.3,2
CONT_s11_bola_TheSwissAccount,1789287278.705,0.1023,10604,9,0,31770434.2,181839786.8,2
CONT_s11_bola_TheSwissAccount,1789287278.807,0.1022,9104,8,0,32094684.2,117842151.1,2
CONT_s11_bola_TheSwissAccount,1789287278.909,0.102,3052,3,0,31135261.7,1186734.0,2
CONT_s11_bola_TheSwissAccount,1789287279.011,0.1021,13656,12,0,32302956.8,157410973.5,2
CONT_s11_bola_TheSwissAccount,1789287279.113,0.1021,7552,6,0,33140815.0,182726739.7,2
CONT_s11_bola_TheSwissAccount,1789287279.216,0.1023,7604,7,0,32528598.3,181186590.6,2
CONT_s11_bola_TheSwissAccount,1789287279.318,0.1022,7552,6,0,33483161.7,182663106.7,2
CONT_s11_bola_TheSwissAccount,1789287279.42,0.102,9104,8,0,33153347.0,199713419.5,2
CONT_s11_bola_TheSwissAccount,1789287279.522,0.1021,9052,7,0,33584229.3,219615652.8,2
CONT_s11_bola_TheSwissAccount,1789287279.624,0.1021,9104,8,0,33788457.5,218295918.8,2
CONT_s11_bola_TheSwissAccount,1789287279.726,0.1023,0,0,0,0,0,0
CONT_s11_bola_TheSwissAccount,1789287279.828,0.1022,13604,11,0,34402548.4,191430837.6,2
CONT_s11_bola_TheSwissAccount,1789287279.93,0.102,9104,8,0,34601780.0,126876131.4,2
CONT_s11_bola_TheSwissAccount,1789287280.033,0.1022,10604,9,0,34285624.0,164028214.3,2
CONT_s11_bola_TheSwissAccount,1789287280.135,0.1025,9104,8,0,33782637.0,181941671.2,2
CONT_s11_bola_TheSwissAccount,1789287280.238,0.1028,420691,334,8,294885.1,734697.8,2
CONT_s11_bola_TheSwissAccount,1789287280.34,0.1024,0,0,0,0,0,0
CONT_s11_bola_TheSwissAccount,1789287280.442,0.1021,0,0,0,0,0,0
CONT_s11_bola_TheSwissAccount,1789287280.545,0.1022,0,0,0,0,0,0
CONT_s11_bola_TheSwissAccount,1789287280.647,0.1022,0,0,0,0,0,0
CONT_s11_bola_TheSwissAccount,1789287280.75,0.1035,0,0,0,0,0,0
CONT_s11_bola_TheSwissAccount,1789287280.852,0.1021,0,0,0,0,0,0
CONT_s11_bola_TheSwissAccount,1789287280.955,0.1021,0,0,0,0,0,0
CONT_s11_bola_TheSwissAccount,1789287281.057,0.1021,0,0,0,0,0,0
CONT_s11_bola_TheSwissAccount,1789287281.159,0.1024,0,0,0,0,0,0
CONT_s11_bola_TheSwissAccount,1789287281.261,0.1023,0,0,0,0,0,0
CONT_s11_bola_TheSwissAccount,1789287281.364,0.1026,0,0,0,0,0,0
CONT_s11_bola_TheSwissAccount,1789287281.466,0.1021,0,0,0,0,0,0
CONT_s11_bola_TheSwissAccount,1789287281.568,0.1021,0,0,0,0,0,0
CONT_s11_bola_TheSwissAccount,1789287281.67,0.1022,0,0,0,0,0,0
CONT_s11_bola_TheSwissAccount,1789287281.772,0.1023,0,0,0,0,0,0
CONT_s11_bola_TheSwissAccount,1789287281.874,0.102,0,0,0,0,0,0
CONT_s11_bola_TheSwissAccount,1789287281.977,0.1021,0,0,0,0,0,0
CONT_s11_bola_TheSwissAccount,1789287282.079,0.1021,0,0,0,0,0,0
CONT_s11_bola_TheSwissAccount,1789287282.181,0.1023,0,0,0,0,0,0
CONT_s11_bola_TheSwissAccount,1789287282.283,0.1022,0,0,0,0,0,0
CONT_s11_bola_TheSwissAccount,1789287282.385,0.102,0,0,0,0,0,0
CONT_s11_bola_TheSwissAccount,1789287282.487,0.102,0,0,0,0,0,0
CONT_s11_bola_TheSwissAccount,1789287282.589,0.1021,0,0,0,0,0,0
CONT_s11_bola_TheSwissAccount,1789287282.692,0.1023,0,0,0,0,0,0
CONT_s11_bola_TheSwissAccount,1789287282.794,0.1022,0,0,0,0,0,0
CONT_s11_bola_TheSwissAccount,1789287282.896,0.1021,0,0,0,0,0,0
CONT_s11_bola_TheSwissAccount,1789287282.998,0.1021,0,0,0,0,0,0
CONT_s11_bola_TheSwissAccount,1789287283.1,0.1022,0,0,0,0,0,0
CONT_s11_bola_TheSwissAccount,1789287283.202,0.1023,0,0,0,0,0,0
CONT_s11_bola_TheSwissAccount,1789287283.305,0.1022,0,0,0,0,0,0
CONT_s11_bola_TheSwissAccount,1789287283.407,0.102,0,0,0,0,0,0
CONT_s11_bola_TheSwissAccount,1789287283.509,0.1022,0,0,0,0,0,0
CONT_s11_bola_TheSwissAccount,1789287283.611,0.102,0,0,0,0,0,0
CONT_s11_bola_TheSwissAccount,1789287283.713,0.1023,0,0,0,0,0,0
CONT_s11_bola_TheSwissAccount,1789287283.815,0.1023,0,0,0,0,0,0
CONT_s11_bola_TheSwissAccount,1789287283.918,0.1022,0,0,0,0,0,0
CONT_s11_bola_TheSwissAccount,1789287284.02,0.1021,0,0,0,0,0,0
CONT_s11_bola_TheSwissAccount,1789287284.122,0.1021,0,0,0,0,0,0
CONT_s11_bola_TheSwissAccount,1789287284.224,0.1023,0,0,0,0,0,0
CONT_s11_bola_TheSwissAccount,1789287284.326,0.1022,0,0,0,0,0,0
CONT_s11_bola_TheSwissAccount,1789287284.428,0.102,0,0,0,0,0,0
CONT_s11_bola_TheSwissAccount,1789287284.531,0.1025,0,0,0,0,0,0
CONT_s11_bola_TheSwissAccount,1789287284.634,0.1028,0,0,0,0,0,0
CONT_s11_bola_TheSwissAccount,1789287284.736,0.1025,0,0,0,0,0,0
CONT_s11_bola_TheSwissAccount,1789287284.839,0.1023,15505,12,0,368255048.3,4455612.0,2
CONT_s11_bola_TheSwissAccount,1789287284.941,0.102,18104,14,0,213032813.4,82855542.1,2
CONT_s11_bola_TheSwissAccount,1789287285.043,0.1022,6052,5,0,200449018.6,814994.0,2
CONT_s11_bola_TheSwissAccount,1789287285.145,0.1024,15104,12,0,137175774.2,133183581.0,2
CONT_s11_bola_TheSwissAccount,1789287285.249,0.1034,7552,6,0,119846972.2,140294245.6,2
CONT_s11_bola_TheSwissAccount,1789287285.351,0.1023,9052,7,0,97398468.4,154822241.8,2
CONT_s11_bola_TheSwissAccount,1789287285.453,0.1021,18104,14,0,77963526.4,168716426.0,2
CONT_s11_bola_TheSwissAccount,1789287285.555,0.1021,9052,7,0,71510324.9,168702386.7,2
CONT_s11_bola_TheSwissAccount,1789287285.657,0.1022,9052,7,0,66396032.9,168717110.6,2
CONT_s11_bola_TheSwissAccount,1789287285.76,0.1022,10552,8,0,57692547.6,182686728.8,2
CONT_s11_bola_TheSwissAccount,1789287285.862,0.1021,12104,10,0,68836156.0,55721338.0,2
CONT_s11_bola_TheSwissAccount,1789287285.964,0.1021,12104,10,0,62845897.8,111619998.4,2
CONT_s11_bola_TheSwissAccount,1789287286.066,0.1021,12104,10,0,57670437.2,111588145.8,2
CONT_s11_bola_TheSwissAccount,1789287286.168,0.1023,6052,5,0,55347842.2,111728505.3,2
CONT_s11_bola_TheSwissAccount,1789287286.271,0.1023,15156,13,0,53347447.8,102250348.2,2
CONT_s11_bola_TheSwissAccount,1789287286.373,0.1021,12104,10,0,46711748.0,139617267.5,2
CONT_s11_bola_TheSwissAccount,1789287286.475,0.1021,9104,8,0,48506605.2,153831946.5,2
CONT_s11_bola_TheSwissAccount,1789287286.577,0.1021,12104,10,0,41969823.6,153964210.5,2
CONT_s11_bola_TheSwissAccount,1789287286.679,0.1022,4552,4,0,44271098.8,153187296.9,2
CONT_s11_bola_TheSwissAccount,1789287286.781,0.1022,16656,14,0,38828974.9,153917461.4,2
CONT_s11_bola_TheSwissAccount,1789287286.884,0.1021,12104,10,0,36609741.8,153842049.1,2
CONT_s11_bola_TheSwissAccount,1789287286.986,0.1022,4552,4,0,38019421.0,153896544.2,2
CONT_s11_bola_TheSwissAccount,1789287287.088,0.1021,12104,10,0,34588642.6,154099765.4,2
CONT_s11_bola_TheSwissAccount,1789287287.19,0.1023,13604,11,0,32482804.5,168069349.3,2
CONT_s11_bola_TheSwissAccount,1789287287.292,0.1022,10604,9,0,32932921.6,167986867.6,2
CONT_s11_bola_TheSwissAccount,1789287287.394,0.102,12104,10,0,31464468.8,168251530.6,2
CONT_s11_bola_TheSwissAccount,1789287287.497,0.1021,7552,6,0,30212578.8,182707360.9,2
CONT_s11_bola_TheSwissAccount,1789287287.599,0.1021,12104,10,0,30206593.8,181825643.9,2
CONT_s11_bola_TheSwissAccount,1789287287.701,0.1023,7552,6,0,29233768.0,182389178.0,2
CONT_s11_bola_TheSwissAccount,1789287287.803,0.1022,18156,15,0,28920636.0,153888728.4,2
CONT_s11_bola_TheSwissAccount,1789287287.905,0.1021,7604,7,0,29698346.1,124909442.0,2
CONT_s11_bola_TheSwissAccount,1789287288.007,0.1021,9104,8,0,28963248.8,125582643.8,2
CONT_s11_bola_TheSwissAccount,1789287288.109,0.102,8607,8,0,28477703.5,109007988.0,2
CONT_s11_bola_TheSwissAccount,1789287288.212,0.1024,0,0,0,0,0,0
CONT_s11_bola_TheSwissAccount,1789287288.314,0.1023,0,0,0,0,0,0
CONT_s11_bola_TheSwissAccount,1789287288.416,0.1021,0,0,0,0,0,0
CONT_s11_bola_TheSwissAccount,1789287288.518,0.102,0,0,0,0,0,0
CONT_s11_bola_TheSwissAccount,1789287288.62,0.102,17367,15,0,57297274.3,2370591.7,2
CONT_s11_bola_TheSwissAccount,1789287288.722,0.1022,15104,12,0,43973763.8,106663999.9,2
CONT_s11_bola_TheSwissAccount,1789287288.825,0.1022,7552,6,0,40417632.3,140395390.1,2
CONT_s11_bola_TheSwissAccount,1789287288.927,0.102,15104,12,0,35540938.5,140018625.5,2
CONT_s11_bola_TheSwissAccount,1789287289.029,0.1021,7552,6,0,33845200.8,140238987.5,2
CONT_s11_bola_TheSwissAccount,1789287289.133,0.1042,7552,6,0,32486126.3,140252049.5,2
CONT_s11_bola_TheSwissAccount,1789287289.235,0.1022,15104,12,0,30437319.2,140322704.0,2
CONT_s11_bola_TheSwissAccount,1789287289.337,0.1022,7552,6,0,29651540.7,140205964.8,2
CONT_s11_bola_TheSwissAccount,1789287289.439,0.102,15104,12,0,28389764.7,140205220.3,2
CONT_s11_bola_TheSwissAccount,1789287289.542,0.1022,7552,6,0,27881511.3,140523021.7,2
CONT_s11_bola_TheSwissAccount,1789287289.644,0.1023,15104,12,0,27001574.8,140079945.6,2
CONT_s11_bola_TheSwissAccount,1789287289.748,0.1038,7552,6,0,26631623.0,139996255.1,2
CONT_s11_bola_TheSwissAccount,1789287289.85,0.1023,15104,12,0,25983142.2,139906103.5,2
CONT_s11_bola_TheSwissAccount,1789287289.952,0.1024,7552,6,0,25693442.2,139845344.3,2
CONT_s11_bola_TheSwissAccount,1789287290.054,0.1022,7552,6,0,25418075.0,140507357.3,2
CONT_s11_bola_TheSwissAccount,1789287290.157,0.1024,15104,12,0,24924179.2,140467650.4,2
CONT_s11_bola_TheSwissAccount,1789287290.259,0.1022,7552,6,0,24704957.8,140369642.4,2
CONT_s11_bola_TheSwissAccount,1789287290.361,0.1021,15104,12,0,24311570.7,140023973.8,2
CONT_s11_bola_TheSwissAccount,1789287290.463,0.1021,7552,6,0,24143964.3,139793621.5,2
CONT_s11_bola_TheSwissAccount,1789287290.566,0.1021,15104,12,0,23820097.7,140213571.1,2
CONT_s11_bola_TheSwissAccount,1789287290.668,0.1023,7552,6,0,23668640.7,140030281.3,2
CONT_s11_bola_TheSwissAccount,1789287290.77,0.1023,7552,6,0,23529264.2,140106058.6,2
CONT_s11_bola_TheSwissAccount,1789287290.872,0.1021,15104,12,0,23274988.2,140204996.2,2
CONT_s11_bola_TheSwissAccount,1789287290.974,0.1022,7552,6,0,23164289.2,140076399.5,2
CONT_s11_bola_TheSwissAccount,1789287291.077,0.1021,15104,12,0,22970892.3,140168935.9,2
CONT_s11_bola_TheSwissAccount,1789287291.179,0.1022,7552,6,0,22878145.7,140525648.8,2
CONT_s11_bola_TheSwissAccount,1789287291.281,0.1022,15104,12,0,22718503.8,139735052.2,2
CONT_s11_bola_TheSwissAccount,1789287291.383,0.102,7552,6,0,22652524.2,140258135.1,2
CONT_s11_bola_TheSwissAccount,1789287291.485,0.1023,15104,12,0,22517898.8,139983465.7,2
CONT_s11_bola_TheSwissAccount,1789287291.588,0.1025,7552,6,0,22447989.5,139999001.8,2
CONT_s11_bola_TheSwissAccount,1789287291.69,0.1023,7552,6,0,22382844.8,140106784.6,2
CONT_s11_bola_TheSwissAccount,1789287291.792,0.1024,15104,12,0,22264069.7,140094550.1,2
CONT_s11_bola_TheSwissAccount,1789287291.895,0.1021,7919,7,0,20797987.7,131400820.4,2
CONT_s11_bola_TheSwissAccount,1789287291.997,0.1022,15104,12,0,23308083.8,66464480.1,2
CONT_s11_bola_TheSwissAccount,1789287292.099,0.1021,7552,6,0,23205052.5,139819028.2,2
CONT_s11_bola_TheSwissAccount,1789287292.201,0.1023,15104,12,0,23000254.5,140428005.6,2
CONT_s11_bola_TheSwissAccount,1789287292.303,0.1022,7552,6,0,22911601.8,140505343.1,2
CONT_s11_bola_TheSwissAccount,1789287292.406,0.1022,15104,12,0,22744644.2,140185612.0,2
CONT_s11_bola_TheSwissAccount,1789287292.508,0.1021,7552,6,0,22666311.5,139857303.2,2
CONT_s11_bola_TheSwissAccount,1789287292.61,0.1021,7552,6,0,22591733.3,139924000.1,2
CONT_s11_bola_TheSwissAccount,1789287292.712,0.1023,15104,12,0,22445745.8,140099157.8,2
CONT_s11_bola_TheSwissAccount,1789287292.814,0.1022,7552,6,0,22384537.2,140088337.6,2
CONT_s11_bola_TheSwissAccount,1789287292.916,0.1021,15104,12,0,22274687.2,140129045.0,2
CONT_s11_bola_TheSwissAccount,1789287293.018,0.1021,7552,6,0,22221811.7,140454865.2,2
CONT_s11_bola_TheSwissAccount,1789287293.121,0.1021,15104,12,0,22126532.7,140324898.4,2
CONT_s11_bola_TheSwissAccount,1789287293.223,0.1024,7552,6,0,22084622.3,140232833.7,2
CONT_s11_bola_TheSwissAccount,1789287293.325,0.1023,7552,6,0,22043402.0,140436305.8,2
CONT_s11_bola_TheSwissAccount,1789287293.427,0.1021,15104,12,0,21964990.3,140401370.8,2
CONT_s11_bola_TheSwissAccount,1789287293.53,0.103,7552,6,0,21937677.3,140521283.3,2
CONT_s11_bola_TheSwissAccount,1789287293.633,0.1027,15104,12,0,21884551.2,140309923.3,2
CONT_s11_bola_TheSwissAccount,1789287293.735,0.1023,7552,6,0,21860066.7,140390379.4,2
CONT_s11_bola_TheSwissAccount,1789287293.838,0.1026,15104,12,0,21807101.3,140060946.1,2
CONT_s11_bola_TheSwissAccount,1789287293.94,0.1023,7552,6,0,21794162.3,140077361.6,2
CONT_s11_bola_TheSwissAccount,1789287294.042,0.1022,15104,12,0,21757762.3,140097403.7,2
CONT_s11_bola_TheSwissAccount,1789287294.145,0.1023,7552,6,0,21736301.2,140343792.1,2
CONT_s11_bola_TheSwissAccount,1789287294.248,0.1033,7552,6,0,21714606.7,140396920.6,2
CONT_s11_bola_TheSwissAccount,1789287294.35,0.1021,15104,12,0,21678313.0,140312941.3,2
CONT_s11_bola_TheSwissAccount,1789287294.452,0.1022,7552,6,0,21664485.7,140177165.8,2
CONT_s11_bola_TheSwissAccount,1789287294.555,0.1022,15104,12,0,21637582.3,140392925.6,2
CONT_s11_bola_TheSwissAccount,1789287294.657,0.1023,7552,6,0,21624540.5,140428836.7,2
CONT_s11_bola_TheSwissAccount,1789287294.759,0.1025,15104,12,0,21600890.7,140108331.1,2
CONT_s11_bola_TheSwissAccount,1789287294.861,0.1021,7552,6,0,21591776.5,140229035.2,2
CONT_s11_bola_TheSwissAccount,1789287294.964,0.1022,15104,12,0,21572414.7,140164761.1,2
CONT_s11_bola_TheSwissAccount,1789287295.066,0.1022,7552,6,0,21566952.5,140063353.3,2
CONT_s11_bola_TheSwissAccount,1789287295.168,0.1023,7552,6,0,21560912.0,140076685.6,2
CONT_s11_bola_TheSwissAccount,1789287295.27,0.1022,15104,12,0,21540833.7,140216675.2,2
CONT_s11_bola_TheSwissAccount,1789287295.372,0.1021,7552,6,0,21538305.2,139846791.0,2
CONT_s11_bola_TheSwissAccount,1789287295.475,0.1021,15104,12,0,21527181.2,139865884.9,2
CONT_s11_bola_TheSwissAccount,1789287295.577,0.1022,7552,6,0,21526130.2,140037975.1,2
CONT_s11_bola_TheSwissAccount,1789287295.679,0.1022,11758,11,0,19536399.4,117321789.5,2
CONT_s11_bola_TheSwissAccount,1789287295.781,0.1023,15104,12,0,22474854.3,63155623.3,2
CONT_s11_bola_TheSwissAccount,1789287295.883,0.1021,7552,6,0,22464625.3,140062517.5,2
CONT_s11_bola_TheSwissAccount,1789287295.985,0.1021,7552,6,0,22434237.3,139818066.7,2
CONT_s11_bola_TheSwissAccount,1789287296.088,0.1022,15104,12,0,22363206.5,140241054.2,2
CONT_s11_bola_TheSwissAccount,1789287296.19,0.1023,7552,6,0,22317419.8,140093332.6,2
CONT_s11_bola_TheSwissAccount,1789287296.292,0.1022,15104,12,0,22223186.7,140218637.5,2
CONT_s11_bola_TheSwissAccount,1789287296.394,0.102,7552,6,0,22180326.3,140089551.2,2
CONT_s11_bola_TheSwissAccount,1789287296.496,0.1021,15104,12,0,22098948.2,140144651.1,2
CONT_s11_bola_TheSwissAccount,1789287296.598,0.1021,7552,6,0,22066466.2,139877881.1,2
CONT_s11_bola_TheSwissAccount,1789287296.701,0.1023,15104,12,0,22003523.2,140072874.7,2
CONT_s11_bola_TheSwissAccount,1789287296.803,0.1023,7552,6,0,21970046.2,139972302.9,2
CONT_s11_bola_TheSwissAccount,1789287296.905,0.102,7552,6,0,21938436.5,139994558.0,2
CONT_s11_bola_TheSwissAccount,1789287297.007,0.102,15104,12,0,21882597.5,140085024.5,2
CONT_s11_bola_TheSwissAccount,1789287297.109,0.1022,7552,6,0,21860111.0,140241893.2,2
CONT_s11_bola_TheSwissAccount,1789287297.212,0.1023,15104,12,0,21808950.8,140275303.6,2
CONT_s11_bola_TheSwissAccount,1789287297.314,0.1022,7552,6,0,21788747.5,140489547.9,2
CONT_s11_bola_TheSwissAccount,1789287297.416,0.102,15104,12,0,21748944.0,140121986.6,2
CONT_s11_bola_TheSwissAccount,1789287297.518,0.1022,7552,6,0,21733872.3,139984638.8,2
CONT_s11_bola_TheSwissAccount,1789287297.62,0.1022,7552,6,0,21712070.3,140295719.6,2
CONT_s11_bola_TheSwissAccount,1789287297.723,0.1023,15104,12,0,21685870.0,140268889.4,2
CONT_s11_bola_TheSwissAccount,1789287297.825,0.1023,7552,6,0,21678377.3,140508491.1,2
CONT_s11_bola_TheSwissAccount,1789287297.927,0.1021,16924,15,0,20646420.0,121822294.5,2
CONT_s11_bola_TheSwissAccount,1789287298.029,0.1022,8005,7,0,20288718.4,61033668.9,2
CONT_s11_bola_TheSwissAccount,1789287298.133,0.1039,7552,6,0,22343377.8,936179.0,2
CONT_s11_bola_TheSwissAccount,1789287298.235,0.1022,15104,12,0,22396408.7,139905269.0,2
CONT_s11_bola_TheSwissAccount,1789287298.337,0.1022,7552,6,0,22387133.0,140334225.8,2
CONT_s11_bola_TheSwissAccount,1789287298.439,0.102,15104,12,0,22334599.5,140355725.9,2
CONT_s11_bola_TheSwissAccount,1789287298.542,0.1022,7552,6,0,22300659.8,140459293.7,2
CONT_s11_bola_TheSwissAccount,1789287298.644,0.1023,15104,12,0,22218623.0,140392272.9,2
CONT_s11_bola_TheSwissAccount,1789287298.747,0.1032,7552,6,0,22175314.2,140407426.9,2
CONT_s11_bola_TheSwissAccount,1789287298.849,0.1023,15104,12,0,22106547.7,139945006.3,2
CONT_s11_bola_TheSwissAccount,1789287298.952,0.1022,7552,6,0,22067219.2,140411053.2,2
CONT_s11_bola_TheSwissAccount,1789287299.054,0.1021,7552,6,0,22029641.7,140249115.8,2
CONT_s11_bola_TheSwissAccount,1789287299.156,0.1025,15104,12,0,21973048.0,140178476.7,2
CONT_s11_bola_TheSwissAccount,1789287299.259,0.1023,7552,6,0,21944682.5,139823870.6,2
CONT_s11_bola_TheSwissAccount,1789287299.361,0.1021,15104,12,0,21882757.0,140483424.6,2
CONT_s11_bola_TheSwissAccount,1789287299.463,0.1021,7552,6,0,21856750.8,140061762.9,2
CONT_s11_bola_TheSwissAccount,1789287299.565,0.1022,15104,12,0,21819607.2,139659871.3,2
CONT_s11_bola_TheSwissAccount,1789287299.667,0.1023,7552,6,0,21799499.8,140207202.5,2
CONT_s11_bola_TheSwissAccount,1789287299.77,0.1022,15104,12,0,21754270.3,139947443.1,2
CONT_s11_bola_TheSwissAccount,1789287299.872,0.1022,7552,6,0,21738917.5,140055698.3,2
CONT_s11_bola_TheSwissAccount,1789287299.974,0.1021,7552,6,0,21727280.2,139915761.6,2
CONT_s11_bola_TheSwissAccount,1789287300.076,0.1021,15104,12,0,21705272.2,140100766.7,2
CONT_s11_bola_TheSwissAccount,1789287300.178,0.1024,7552,6,0,21685930.5,140279802.7,2
CONT_s11_bola_TheSwissAccount,1789287300.281,0.1022,15104,12,0,21654152.0,139943122.6,2
CONT_s11_bola_TheSwissAccount,1789287300.383,0.1021,7552,6,0,21643636.5,139951954.0,2
CONT_s11_bola_TheSwissAccount,1789287300.485,0.1021,15104,12,0,21625752.0,140025497.8,2
CONT_s11_bola_TheSwissAccount,1789287300.587,0.1022,7552,6,0,21622282.3,140556915.9,2
CONT_s11_bola_TheSwissAccount,1789287300.689,0.1024,7552,6,0,21616752.7,139983663.0,2
CONT_s11_bola_TheSwissAccount,1789287300.792,0.1023,15104,12,0,21597544.0,140247714.7,2
CONT_s11_bola_TheSwissAccount,1789287300.894,0.1021,7552,6,0,21594766.0,140073406.2,2
CONT_s11_bola_TheSwissAccount,1789287300.996,0.1022,15104,12,0,21586249.8,140133422.2,2
CONT_s11_bola_TheSwissAccount,1789287301.098,0.1021,7552,6,0,21581387.8,140373230.1,2
CONT_s11_bola_TheSwissAccount,1789287301.2,0.1024,10704,11,0,16684568.4,68827414.7,2
CONT_s11_bola_TheSwissAccount,1789287301.303,0.1023,15104,12,0,21323739.3,67535262.0,2
CONT_s11_bola_TheSwissAccount,1789287301.405,0.1021,7552,6,0,21631516.7,140202155.2,2
CONT_s11_bola_TheSwissAccount,1789287301.507,0.1021,15104,12,0,21967457.3,140472410.1,2
CONT_s11_bola_TheSwissAccount,1789287301.609,0.1021,7552,6,0,22044352.5,140532704.8,2
CONT_s11_bola_TheSwissAccount,1789287301.711,0.1023,15104,12,0,22113707.7,140332893.2,2
CONT_s11_bola_TheSwissAccount,1789287301.814,0.1027,7552,6,0,22119179.7,140503727.2,2
CONT_s11_bola_TheSwissAccount,1789287301.916,0.1021,7552,6,0,22112140.3,139767133.6,2
CONT_s11_bola_TheSwissAccount,1789287302.018,0.1022,15104,12,0,22080474.2,139882784.0,2
CONT_s11_bola_TheSwissAccount,1789287302.12,0.1021,7552,6,0,22058715.0,139763539.7,2
CONT_s11_bola_TheSwissAccount,1789287302.223,0.1023,15104,12,0,22000949.2,140272836.1,2
CONT_s11_bola_TheSwissAccount,1789287302.325,0.1022,7552,6,0,21967934.7,140482071.7,2
CONT_s11_bola_TheSwissAccount,1789287302.427,0.1022,15104,12,0,21906718.3,140405877.7,2
CONT_s11_bola_TheSwissAccount,1789287302.53,0.1033,11475,11,0,19859624.8,116183211.8,2
CONT_s11_bola_TheSwissAccount,1789287302.634,0.1034,7552,6,0,22569930.7,65498360.1,2
CONT_s11_bola_TheSwissAccount,1789287302.736,0.1022,15104,12,0,22651740.7,140223602.4,2
CONT_s11_bola_TheSwissAccount,1789287302.838,0.1022,7552,6,0,22639961.7,140507128.9,2
CONT_s11_bola_TheSwissAccount,1789287302.94,0.1021,7552,6,0,22608048.3,140121336.3,2
CONT_s11_bola_TheSwissAccount,1789287303.043,0.1022,15104,12,0,22524328.3,140408808.8,2
CONT_s11_bola_TheSwissAccount,1789287303.145,0.1023,7552,6,0,22483943.5,140551707.9,2
CONT_s11_bola_TheSwissAccount,1789287303.248,0.1036,15104,12,0,22375333.5,140081759.4,2
CONT_s11_bola_TheSwissAccount,1789287303.351,0.1021,7552,6,0,22324358.3,140321766.5,2
CONT_s11_bola_TheSwissAccount,1789287303.453,0.1021,15104,12,0,22224608.7,140478623.6,2
CONT_s11_bola_TheSwissAccount,1789287303.555,0.1022,7552,6,0,22174984.3,140525200.2,2
CONT_s11_bola_TheSwissAccount,1789287303.657,0.1023,15104,12,0,22095532.7,140475473.6,2
CONT_s11_bola_TheSwissAccount,1789287303.759,0.1022,7552,6,0,22053381.3,139858655.0,2
CONT_s11_bola_TheSwissAccount,1789287303.861,0.1021,7552,6,0,22021620.5,140114703.5,2
CONT_s11_bola_TheSwissAccount,1789287303.964,0.1021,15104,12,0,21958178.2,140290832.0,2
CONT_s11_bola_TheSwissAccount,1789287304.066,0.1022,7552,6,0,21927474.0,140447304.3,2
CONT_s11_bola_TheSwissAccount,1789287304.168,0.1023,15104,12,0,21875694.3,140092877.4,2
CONT_s11_bola_TheSwissAccount,1789287304.27,0.1023,7552,6,0,21846570.2,140267284.2,2
CONT_s11_bola_TheSwissAccount,1789287304.372,0.1022,15104,12,0,21799442.2,140316394.1,2
CONT_s11_bola_TheSwissAccount,1789287304.475,0.1023,7552,6,0,21779304.5,140191596.2,2
CONT_s11_bola_TheSwissAccount,1789287304.577,0.1022,7552,6,0,21756052.8,140517865.0,2
CONT_s11_bola_TheSwissAccount,1789287304.679,0.1022,15104,12,0,21713615.3,140415622.5,2
CONT_s11_bola_TheSwissAccount,1789287304.781,0.1023,7552,6,0,21690634.3,140292816.6,2
CONT_s11_bola_TheSwissAccount,1789287304.884,0.1022,17432,16,0,19844593.5,119184909.2,2
CONT_s11_bola_TheSwissAccount,1789287304.986,0.1023,7552,6,0,22298638.5,66466895.2,2
CONT_s11_bola_TheSwissAccount,1789287305.088,0.1021,7552,6,0,22405321.3,542349.0,2
CONT_s11_bola_TheSwissAccount,1789287305.19,0.1023,15104,12,0,22441976.2,140422595.9,2
CONT_s11_bola_TheSwissAccount,1789287305.293,0.1023,7552,6,0,22427095.3,140404822.7,2
CONT_s11_bola_TheSwissAccount,1789287305.395,0.1023,15104,12,0,22365468.2,140358286.1,2
CONT_s11_bola_TheSwissAccount,1789287305.497,0.1021,7552,6,0,22336442.0,140351924.9,2
CONT_s11_bola_TheSwissAccount,1789287305.599,0.1021,15104,12,0,22259858.3,140183593.6,2
CONT_s11_bola_TheSwissAccount,1789287305.701,0.1023,7552,6,0,22226673.7,140042974.5,2
CONT_s11_bola_TheSwissAccount,1789287305.804,0.1023,15104,12,0,22146428.0,139981965.7,2
CONT_s11_bola_TheSwissAccount,1789287305.906,0.102,7552,6,0,22104866.0,140089273.7,2
CONT_s11_bola_TheSwissAccount,1789287306.008,0.1022,7552,6,0,22068816.8,140329773.5,2
CONT_s11_bola_TheSwissAccount,1789287306.11,0.1021,15104,12,0,21998708.5,140206965.3,2
CONT_s11_bola_TheSwissAccount,1789287306.212,0.1023,7552,6,0,21962684.7,140303583.8,2
CONT_s11_bola_TheSwissAccount,1789287306.315,0.1023,15104,12,0,21898437.8,140400541.6,2
CONT_s11_bola_TheSwissAccount,1789287306.417,0.1021,7552,6,0,21869628.5,140186852.3,2
CONT_s11_bola_TheSwissAccount,1789287306.519,0.1021,15104,12,0,21819556.5,140379802.8,2
CONT_s11_bola_TheSwissAccount,1789287306.621,0.1021,7552,6,0,21797773.5,140094292.9,2
CONT_s11_bola_TheSwissAccount,1789287306.723,0.1023,7552,6,0,21774784.7,140051503.0,2
CONT_s11_bola_TheSwissAccount,1789287306.825,0.1022,15104,12,0,21735098.2,140307696.7,2
CONT_s11_bola_TheSwissAccount,1789287306.927,0.102,7552,6,0,21716524.2,140407033.7,2
CONT_s11_bola_TheSwissAccount,1789287307.03,0.1028,15104,12,0,21694468.0,139963037.3,2
CONT_s11_bola_TheSwissAccount,1789287307.133,0.1033,7552,6,0,21682690.3,140506743.8,2
CONT_s11_bola_TheSwissAccount,1789287307.236,0.1023,16030,15,0,19263520.4,114384444.2,2
CONT_s11_bola_TheSwissAccount,1789287307.338,0.1022,7552,6,0,21929065.8,66674461.0,2
CONT_s11_bola_TheSwissAccount,1789287307.44,0.102,15052,11,0,23582508.2,141011552.5,2
CONT_s11_bola_TheSwissAccount,1789287307.542,0.1021,7604,7,0,20242133.6,138713445.3,2
CONT_s11_bola_TheSwissAccount,1789287307.644,0.1023,7552,6,0,22345482.7,140003205.5,2
CONT_s11_bola_TheSwissAccount,1789287307.748,0.1035,15104,12,0,22325339.2,140155983.0,2
CONT_s11_bola_TheSwissAccount,1789287307.85,0.1023,7552,6,0,22299843.0,140243474.2,2
CONT_s11_bola_TheSwissAccount,1789287307.952,0.1022,15104,12,0,22228429.3,140138417.4,2
CONT_s11_bola_TheSwissAccount,1789287308.055,0.1022,7552,6,0,22193169.3,140216823.7,2
CONT_s11_bola_TheSwissAccount,1789287308.157,0.1024,15104,12,0,22114008.5,140262971.3,2
CONT_s11_bola_TheSwissAccount,1789287308.259,0.1023,7552,6,0,22079505.5,140071173.9,2
CONT_s11_bola_TheSwissAccount,1789287308.362,0.1023,7552,6,0,22045027.2,139936935.3,2
CONT_s11_bola_TheSwissAccount,1789287308.464,0.1021,15104,12,0,21974593.7,140495771.5,2
CONT_s11_bola_TheSwissAccount,1789287308.566,0.1021,7552,6,0,21940934.7,140475492.6,2
CONT_s11_bola_TheSwissAccount,1789287308.668,0.1023,15104,12,0,21881642.5,140485387.4,2
CONT_s11_bola_TheSwissAccount,1789287308.77,0.1022,7552,6,0,21849556.7,140508950.7,2
CONT_s11_bola_TheSwissAccount,1789287308.872,0.1022,15104,12,0,21797315.0,140336908.7,2
CONT_s11_bola_TheSwissAccount,1789287308.974,0.1021,7552,6,0,21776794.5,140493235.7,2
CONT_s11_bola_TheSwissAccount,1789287309.077,0.1021,15104,12,0,21735931.7,140415447.7,2
CONT_s11_bola_TheSwissAccount,1789287309.179,0.1022,7552,6,0,21718379.2,140531481.6,2
CONT_s11_bola_TheSwissAccount,1789287309.281,0.1022,7552,6,0,21699320.3,140064531.7,2
CONT_s11_bola_TheSwissAccount,1789287309.383,0.1021,15104,12,0,21676377.2,139829555.7,2
CONT_s11_bola_TheSwissAccount,1789287309.485,0.102,7552,6,0,21671721.5,139861811.6,2
CONT_s11_bola_TheSwissAccount,1789287309.587,0.102,15104,12,0,21645103.7,140378341.1,2
CONT_s11_bola_TheSwissAccount,1789287309.69,0.1023,6364,6,0,18981438.3,115885990.0,2
CONT_s11_bola_TheSwissAccount,1789287309.792,0.1023,15104,12,0,22883758.2,65962585.8,2
CONT_s11_bola_TheSwissAccount,1789287309.894,0.1022,7552,6,0,22791455.8,139920344.2,2
CONT_s11_bola_TheSwissAccount,1789287309.996,0.1021,15104,12,0,22620468.7,140174366.9,2
CONT_s11_bola_TheSwissAccount,1789287310.098,0.1021,7552,6,0,22548069.2,140148631.1,2
CONT_s11_bola_TheSwissAccount,1789287310.2,0.1023,15104,12,0,22408677.0,140396667.5,2
CONT_s11_bola_TheSwissAccount,1789287310.303,0.1022,7552,6,0,22350547.2,140288635.6,2
CONT_s11_bola_TheSwissAccount,1789287310.405,0.1021,7552,6,0,22293885.3,140495125.5,2
CONT_s11_bola_TheSwissAccount,1789287310.507,0.102,15104,12,0,22187092.0,140046269.1,2
CONT_s11_bola_TheSwissAccount,1789287310.609,0.1021,7552,6,0,22143610.2,139865253.5,2
CONT_s11_bola_TheSwissAccount,1789287310.711,0.1022,15104,12,0,22055920.8,139983330.1,2
CONT_s11_bola_TheSwissAccount,1789287310.813,0.1023,7552,6,0,22016755.5,140290217.9,2
CONT_s11_bola_TheSwissAccount,1789287310.916,0.1022,15104,12,0,21949509.5,140471825.1,2
CONT_s11_bola_TheSwissAccount,1789287311.018,0.1023,7552,6,0,21921984.0,140515292.4,2
CONT_s11_bola_TheSwissAccount,1789287311.12,0.1022,15104,12,0,21859946.7,140196618.1,2
CONT_s11_bola_TheSwissAccount,1789287311.222,0.1024,7552,6,0,21834188.3,140467514.5,2
CONT_s11_bola_TheSwissAccount,1789287311.325,0.1023,7552,6,0,21809340.5,140499613.8,2
CONT_s11_bola_TheSwissAccount,1789287311.427,0.1023,15104,12,0,21776432.8,140036462.5,2
CONT_s11_bola_TheSwissAccount,1789287311.531,0.1039,7552,6,0,21762805.7,140392275.5,2
CONT_s11_bola_TheSwissAccount,1789287311.634,0.1028,15104,12,0,21729944.8,140312910.9,2
CONT_s11_bola_TheSwissAccount,1789287311.736,0.1025,7552,6,0,21710987.8,139967164.8,2
CONT_s11_bola_TheSwissAccount,1789287311.839,0.1023,15104,12,0,21674767.0,140047696.9,2
CONT_s11_bola_TheSwissAccount,1789287311.941,0.1021,7612,7,0,18568048.9,140053961.7,3
CONT_s11_bola_TheSwissAccount,1789287312.043,0.1028,15213,18,0,12759791.6,86314281.3,4
CONT_s11_bola_TheSwissAccount,1789287312.146,0.1026,9156,9,0,11165429.3,82706785.6,2
CONT_s11_bola_TheSwissAccount,1789287312.25,0.1037,12208,12,0,14745886.0,82890050.1,2
CONT_s11_bola_TheSwissAccount,1789287312.352,0.1023,12208,12,0,16790569.3,83081324.6,2
CONT_s11_bola_TheSwissAccount,1789287312.454,0.1023,9156,9,0,17707000.0,83175675.0,2
CONT_s11_bola_TheSwissAccount,1789287312.557,0.1023,9609,10,0,20051207.2,83094660.6,3
CONT_s11_bola_TheSwissAccount,1789287312.659,0.1023,13656,12,0,50765238.2,126617824.8,4
CONT_s11_bola_TheSwissAccount,1789287312.761,0.1024,12156,11,0,56176067.4,132577687.7,4
CONT_s11_bola_TheSwissAccount,1789287312.864,0.1024,7604,7,0,51361548.7,150483501.0,4
CONT_s11_bola_TheSwissAccount,1789287312.966,0.1023,10656,10,0,48231378.8,179184914.8,4
CONT_s11_bola_TheSwissAccount,1789287313.068,0.1023,12156,11,0,52984570.2,167525535.7,4
CONT_s11_bola_TheSwissAccount,1789287313.171,0.1024,12156,11,0,50801686.5,146269415.0,4
CONT_s11_bola_TheSwissAccount,1789287313.273,0.1024,10656,10,0,52233964.5,179161638.9,4
CONT_s11_bola_TheSwissAccount,1789287313.375,0.1023,10656,10,0,53028615.2,178732230.3,4
CONT_s11_bola_TheSwissAccount,1789287313.478,0.1023,12156,11,0,52304715.7,167507076.8,4
CONT_s11_bola_TheSwissAccount,1789287313.58,0.1022,7604,7,0,54235496.4,150747801.3,4
CONT_s11_bola_TheSwissAccount,1789287313.682,0.1025,10656,10,0,55538856.8,179366284.1,4
CONT_s11_bola_TheSwissAccount,1789287313.785,0.1024,15208,14,0,54175633.0,167458671.0,4
CONT_s11_bola_TheSwissAccount,1789287313.887,0.1022,6104,6,0,50206248.0,124430382.3,2
CONT_s11_bola_TheSwissAccount,1789287313.989,0.1023,15208,14,0,56735380.9,195280720.8,4
CONT_s11_bola_TheSwissAccount,1789287314.092,0.1023,9104,8,0,43662588.0,167805971.2,2
CONT_s11_bola_TheSwissAccount,1789287314.194,0.1025,12208,12,0,58626356.8,208353426.5,4
CONT_s11_bola_TheSwissAccount,1789287314.296,0.1024,12156,11,0,59640114.3,209474290.0,4
CONT_s11_bola_TheSwissAccount,1789287314.399,0.1022,6104,6,0,45089429.0,166857277.2,2
CONT_s11_bola_TheSwissAccount,1789287314.501,0.1023,12156,11,0,60765732.5,209616318.9,4
CONT_s11_bola_TheSwissAccount,1789287314.603,0.1023,13656,12,0,40640858.8,181620088.6,2
CONT_s11_bola_TheSwissAccount,1789287314.706,0.1024,10656,10,0,66170090.8,229298766.7,4
CONT_s11_bola_TheSwissAccount,1789287314.808,0.1025,9156,9,0,66419325.8,203948820.8,4
CONT_s11_bola_TheSwissAccount,1789287314.91,0.1022,13708,13,0,59240459.3,153027683.3,4
CONT_s11_bola_TheSwissAccount,1789287315.013,0.1025,10604,9,0,42098774.1,146885573.9,2
CONT_s11_bola_TheSwissAccount,1789287315.115,0.1023,6104,6,0,76575967.0,215685364.1,2
CONT_s11_bola_TheSwissAccount,1789287315.218,0.1025,15156,13,0,51274136.3,187623659.0,4
CONT_s11_bola_TheSwissAccount,1789287315.32,0.1024,9104,8,0,57485664.2,176561697.3,4
CONT_s11_bola_TheSwissAccount,1789287315.422,0.1022,12156,11,0,63273219.5,209216609.2,4
CONT_s11_bola_TheSwissAccount,1789287315.525,0.1023,12104,10,0,41719714.4,168175670.2,2
CONT_s11_bola_TheSwissAccount,1789287315.627,0.1023,6104,6,0,82927702.0,250578665.2,2
CONT_s11_bola_TheSwissAccount,1789287315.729,0.1025,15156,13,0,52508130.5,195796764.1,4
CONT_s11_bola_TheSwissAccount,1789287315.832,0.1024,10656,10,0,56441412.9,155312731.1,4
CONT_s11_bola_TheSwissAccount,1789287315.934,0.1022,10656,10,0,67339186.1,179139130.9,4
CONT_s11_bola_TheSwissAccount,1789287316.036,0.1023,10656,10,0,65661833.9,175061850.6,4
CONT_s11_bola_TheSwissAccount,1789287316.139,0.1024,12156,11,0,55589962.7,167341062.5,4
CONT_s11_bola_TheSwissAccount,1789287316.241,0.1028,12156,11,0,54772790.8,146389836.6,4
CONT_s11_bola_TheSwissAccount,1789287316.344,0.1025,10656,10,0,66079228.3,179115769.7,4
CONT_s11_bola_TheSwissAccount,1789287316.446,0.1022,9106,10,0,64450953.4,160812101.5,4
CONT_s11_bola_TheSwissAccount,1789287316.548,0.1023,12156,11,0,55539887.2,128678877.1,4
CONT_s11_bola_TheSwissAccount,1789287316.651,0.1024,12156,11,0,54549035.3,146464499.0,4
CONT_s11_bola_TheSwissAccount,1789287316.754,0.1035,10656,10,0,64658599.7,179047869.8,4
CONT_s11_bola_TheSwissAccount,1789287316.856,0.1023,10656,10,0,63549640.4,179026542.4,4
CONT_s11_bola_TheSwissAccount,1789287316.959,0.1022,9104,8,0,47000846.2,139376956.7,2
CONT_s11_bola_TheSwissAccount,1789287317.061,0.1022,10656,10,0,64590921.1,178828946.5,4
CONT_s11_bola_TheSwissAccount,1789287317.163,0.1024,10656,10,0,63479357.1,179118185.6,4
CONT_s11_bola_TheSwissAccount,1789287317.266,0.1024,364935,289,10,3929546.3,11283702.5,4
CONT_s11_bola_TheSwissAccount,1789287317.368,0.1024,1664468,1239,0,39491.5,167330.3,2
CONT_s11_bola_TheSwissAccount,1789287317.47,0.1023,25900,24,0,9049133.3,360628.9,2
CONT_s11_bola_TheSwissAccount,1789287317.573,0.1022,10834,14,6,11944630.0,20660044.3,2
CONT_s11_bola_TheSwissAccount,1789287317.675,0.1024,12512,16,8,17385117.5,60229751.7,2
CONT_s11_bola_TheSwissAccount,1789287317.777,0.1024,12512,16,8,20603499.0,109434933.1,2
CONT_s11_bola_TheSwissAccount,1789287317.88,0.1022,14064,18,9,21940650.0,133477853.3,2
CONT_s11_bola_TheSwissAccount,1789287317.982,0.1022,1450,2,1,20671265.0,74692087.0,2
CONT_s11_bola_TheSwissAccount,1789287318.084,0.1022,0,0,0,0,0,0
CONT_s11_bola_TheSwissAccount,1789287318.187,0.1024,0,0,0,0,0,0
CONT_s11_bola_TheSwissAccount,1789287318.289,0.1024,0,0,0,0,0,0
CONT_s11_bola_TheSwissAccount,1789287318.391,0.1023,0,0,0,0,0,0
CONT_s11_bola_TheSwissAccount,1789287318.494,0.1023,156,3,0,150036747.3,409281.7,2
CONT_s11_bola_TheSwissAccount,1789287318.596,0.1023,0,0,0,0,0,0
CONT_s11_bola_TheSwissAccount,1789287318.698,0.1024,0,0,0,0,0,0
CONT_s11_bola_TheSwissAccount,1789287318.801,0.1024,0,0,0,0,0,0
CONT_s11_bola_TheSwissAccount,1789287318.903,0.1022,0,0,0,0,0,0
CONT_s11_bola_TheSwissAccount,1789287319.005,0.1022,0,0,0,0,0,0
CONT_s11_bola_TheSwissAccount,1789287319.107,0.1022,0,0,0,0,0,0
CONT_s11_bola_TheSwissAccount,1789287319.21,0.1024,0,0,0,0,0,0
CONT_s11_bola_TheSwissAccount,1789287319.312,0.1024,0,0,0,0,0,0
CONT_s11_bola_TheSwissAccount,1789287319.414,0.1022,0,0,0,0,0,0
CONT_s11_bola_TheSwissAccount,1789287319.516,0.1022,0,0,0,0,0,0
CONT_s11_bola_TheSwissAccount,1789287319.619,0.1022,0,0,0,0,0,0
CONT_s11_bola_TheSwissAccount,1789287319.721,0.1024,0,0,0,0,0,0
CONT_s11_bola_TheSwissAccount,1789287319.824,0.1024,0,0,0,0,0,0
CONT_s11_bola_TheSwissAccount,1789287319.926,0.1022,0,0,0,0,0,0
CONT_s11_bola_TheSwissAccount,1789287320.028,0.1024,0,0,0,0,0,0
CONT_s11_bola_TheSwissAccount,1789287320.132,0.1044,0,0,0,0,0,0
CONT_s11_bola_TheSwissAccount,1789287320.235,0.1024,0,0,0,0,0,0
CONT_s11_bola_TheSwissAccount,1789287320.337,0.1024,15729,16,0,44277.2,189514.7,2
CONT_s11_bola_TheSwissAccount,1789287320.44,0.1024,40,1,0,173098868.0,0,1
CONT_s11_bola_TheSwissAccount,1789287320.542,0.1024,22656,18,0,22029173.5,99856468.1,3
CONT_s11_bola_TheSwissAccount,1789287320.645,0.1026,10604,9,0,15916903.8,87840284.5,2
CONT_s11_bola_TheSwissAccount,1789287320.748,0.1038,10552,8,0,18227756.9,705533.0,2
CONT_s11_bola_TheSwissAccount,1789287320.851,0.1026,18104,14,0,19912375.6,164150878.5,2
CONT_s11_bola_TheSwissAccount,1789287320.953,0.1024,10552,8,0,20196020.2,176825742.3,2
CONT_s11_bola_TheSwissAccount,1789287321.056,0.1024,10552,8,0,20291733.6,176935877.5,2
CONT_s11_bola_TheSwissAccount,1789287321.158,0.1026,12104,10,0,20798536.0,49220435.6,2
CONT_s11_bola_TheSwissAccount,1789287321.261,0.1025,15104,12,0,21212052.8,119604048.7,2
CONT_s11_bola_TheSwissAccount,1789287321.364,0.1025,7552,6,0,21172821.3,125345084.1,2
CONT_s11_bola_TheSwissAccount,1789287321.466,0.1025,15104,12,0,21064731.8,125779085.5,2
CONT_s11_bola_TheSwissAccount,1789287321.568,0.1025,7552,6,0,20988340.2,125229229.8,2
CONT_s11_bola_TheSwissAccount,1789287321.671,0.1026,15104,12,0,20818917.3,125922689.1,2
CONT_s11_bola_TheSwissAccount,1789287321.774,0.1025,13405,12,0,20134207.2,106384999.4,2
CONT_s11_bola_TheSwissAccount,1789287321.876,0.1024,0,0,0,0,0,0
CONT_s11_bola_TheSwissAccount,1789287321.978,0.1024,0,0,0,0,0,0
CONT_s11_bola_TheSwissAccount,1789287322.081,0.1024,0,0,0,0,0,0
CONT_s11_bola_TheSwissAccount,1789287322.183,0.1026,0,0,0,0,0,0
CONT_s11_bola_TheSwissAccount,1789287322.286,0.1029,0,0,0,0,0,0
CONT_s11_bola_TheSwissAccount,1789287322.389,0.1025,0,0,0,0,0,0
CONT_s11_bola_TheSwissAccount,1789287322.491,0.1024,0,0,0,0,0,0
CONT_s11_bola_TheSwissAccount,1789287322.594,0.1024,0,0,0,0,0,0
CONT_s11_bola_TheSwissAccount,1789287322.696,0.1025,0,0,0,0,0,0
CONT_s11_bola_TheSwissAccount,1789287322.799,0.1025,0,0,0,0,0,0
CONT_s11_bola_TheSwissAccount,1789287322.901,0.1025,0,0,0,0,0,0
CONT_s11_bola_TheSwissAccount,1789287323.004,0.1024,0,0,0,0,0,0
CONT_s11_bola_TheSwissAccount,1789287323.106,0.1024,0,0,0,0,0,0
CONT_s11_bola_TheSwissAccount,1789287323.209,0.1027,0,0,0,0,0,0
CONT_s11_bola_TheSwissAccount,1789287323.311,0.1026,0,0,0,0,0,0
CONT_s11_bola_TheSwissAccount,1789287323.414,0.1024,0,0,0,0,0,0
CONT_s11_bola_TheSwissAccount,1789287323.516,0.1024,0,0,0,0,0,0
CONT_s11_bola_TheSwissAccount,1789287323.618,0.1024,0,0,0,0,0,0
CONT_s11_bola_TheSwissAccount,1789287323.721,0.1026,0,0,0,0,0,0
CONT_s11_bola_TheSwissAccount,1789287323.824,0.1026,0,0,0,0,0,0
CONT_s11_bola_TheSwissAccount,1789287323.926,0.1023,0,0,0,0,0,0
CONT_s11_bola_TheSwissAccount,1789287324.028,0.1024,0,0,0,0,0,0
CONT_s11_bola_TheSwissAccount,1789287324.133,0.1044,0,0,0,0,0,0
CONT_s11_bola_TheSwissAccount,1789287324.235,0.1026,0,0,0,0,0,0
CONT_s11_bola_TheSwissAccount,1789287324.338,0.1026,0,0,0,0,0,0
CONT_s11_bola_TheSwissAccount,1789287324.44,0.1024,0,0,0,0,0,0
CONT_s11_bola_TheSwissAccount,1789287324.543,0.1024,0,0,0,0,0,0
CONT_s11_bola_TheSwissAccount,1789287324.645,0.1027,0,0,0,0,0,0
CONT_s11_bola_TheSwissAccount,1789287324.749,0.1038,0,0,0,0,0,0
CONT_s11_bola_TheSwissAccount,1789287324.852,0.1025,15505,12,0,257869909.7,661713.2,2
CONT_s11_bola_TheSwissAccount,1789287324.954,0.1024,9052,7,0,193357165.4,73636992.0,2
CONT_s11_bola_TheSwissAccount,1789287325.057,0.1025,18104,14,0,120924398.3,151492246.8,2
CONT_s11_bola_TheSwissAccount,1789287325.159,0.1026,10604,9,0,112884758.1,125430238.1,2
CONT_s11_bola_TheSwissAccount,1789287325.262,0.1026,15104,12,0,79245521.8,163734670.8,2
CONT_s11_bola_TheSwissAccount,1789287325.364,0.1026,4552,4,0,89941855.2,162952324.8,2
CONT_s11_bola_TheSwissAccount,1789287325.468,0.1037,19656,16,0,62608434.4,163479661.4,2
CONT_s11_bola_TheSwissAccount,1789287325.571,0.1027,9052,7,0,51254675.4,164011238.5,2
CONT_s11_bola_TheSwissAccount,1789287325.673,0.1025,10604,9,0,58229155.6,163150364.8,2
CONT_s11_bola_TheSwissAccount,1789287325.776,0.1026,15104,12,0,46130060.8,163439494.2,2
CONT_s11_bola_TheSwissAccount,1789287325.878,0.1025,4552,4,0,54442155.5,163286870.0,2
CONT_s11_bola_TheSwissAccount,1789287325.981,0.1025,21156,17,0,41485021.0,176229573.8,2
CONT_s11_bola_TheSwissAccount,1789287326.083,0.1024,10552,8,0,35044068.1,176782719.1,2
CONT_s11_bola_TheSwissAccount,1789287326.186,0.1026,11590,11,0,44415142.2,131567596.0,2
CONT_s11_bola_TheSwissAccount,1789287326.289,0.1026,0,0,0,0,0,0
CONT_s11_bola_TheSwissAccount,1789287326.391,0.1024,0,0,0,0,0,0
CONT_s11_bola_TheSwissAccount,1789287326.493,0.1024,0,0,0,0,0,0
CONT_s11_bola_TheSwissAccount,1789287326.596,0.1024,0,0,0,0,0,0
CONT_s11_bola_TheSwissAccount,1789287326.699,0.1028,0,0,0,0,0,0
CONT_s11_bola_TheSwissAccount,1789287326.801,0.1027,0,0,0,0,0,0
CONT_s11_bola_TheSwissAccount,1789287326.904,0.1027,0,0,0,0,0,0
CONT_s11_bola_TheSwissAccount,1789287327.007,0.1026,0,0,0,0,0,0
CONT_s11_bola_TheSwissAccount,1789287327.109,0.1027,0,0,0,0,0,0
CONT_s11_bola_TheSwissAccount,1789287327.212,0.1028,0,0,0,0,0,0
CONT_s11_bola_TheSwissAccount,1789287327.315,0.1026,0,0,0,0,0,0
CONT_s11_bola_TheSwissAccount,1789287327.417,0.1025,0,0,0,0,0,0
CONT_s11_bola_TheSwissAccount,1789287327.52,0.1026,0,0,0,0,0,0
CONT_s11_bola_TheSwissAccount,1789287327.622,0.1025,0,0,0,0,0,0
CONT_s11_bola_TheSwissAccount,1789287327.725,0.1026,0,0,0,0,0,0
CONT_s11_bola_TheSwissAccount,1789287327.828,0.1026,0,0,0,0,0,0
CONT_s11_bola_TheSwissAccount,1789287327.93,0.1024,0,0,0,0,0,0
CONT_s11_bola_TheSwissAccount,1789287328.032,0.1025,0,0,0,0,0,0
CONT_s11_bola_TheSwissAccount,1789287328.135,0.1026,0,0,0,0,0,0
CONT_s11_bola_TheSwissAccount,1789287328.238,0.1025,0,0,0,0,0,0
CONT_s11_bola_TheSwissAccount,1789287328.34,0.1026,0,0,0,0,0,0
CONT_s11_bola_TheSwissAccount,1789287328.442,0.1023,0,0,0,0,0,0
CONT_s11_bola_TheSwissAccount,1789287328.545,0.1024,0,0,0,0,0,0
CONT_s11_bola_TheSwissAccount,1789287328.648,0.1026,0,0,0,0,0,0
CONT_s11_bola_TheSwissAccount,1789287328.751,0.1039,15505,12,0,231288746.2,4484798.7,2
CONT_s11_bola_TheSwissAccount,1789287328.854,0.1025,12052,9,0,154422253.8,99076588.4,2
CONT_s11_bola_TheSwissAccount,1789287328.956,0.1025,12104,10,0,135493967.2,49733449.6,2
CONT_s11_bola_TheSwissAccount,1789287329.059,0.1025,7552,6,0,109462802.2,113027737.4,2
CONT_s11_bola_TheSwissAccount,1789287329.162,0.1027,15104,12,0,85322017.8,125819545.1,2
CONT_s11_bola_TheSwissAccount,1789287329.264,0.1026,15104,12,0,70396069.2,125945257.6,2
CONT_s11_bola_TheSwissAccount,1789287329.367,0.1025,9104,8,0,78275037.5,99723455.9,2
CONT_s11_bola_TheSwissAccount,1789287329.469,0.1024,12104,10,0,61715485.2,138132642.4,2
CONT_s11_bola_TheSwissAccount,1789287329.572,0.1025,13604,11,0,52813051.5,150994484.7,2
CONT_s11_bola_TheSwissAccount,1789287329.674,0.1025,12104,10,0,51030676.4,157082095.1,2
CONT_s11_bola_TheSwissAccount,1789287329.777,0.1026,12104,10,0,47143179.4,163418840.8,2
CONT_s11_bola_TheSwissAccount,1789287329.879,0.1025,9052,7,0,39184420.3,176394637.1,2
CONT_s11_bola_TheSwissAccount,1789287329.982,0.1024,12104,10,0,42566590.4,175969987.8,2
CONT_s11_bola_TheSwissAccount,1789287330.084,0.1025,15104,12,0,37407366.8,151108310.2,2
CONT_s11_bola_TheSwissAccount,1789287330.187,0.1026,15104,12,0,35218732.8,119110293.0,2
CONT_s11_bola_TheSwissAccount,1789287330.289,0.1026,7552,6,0,34191586.7,125823008.2,2
CONT_s11_bola_TheSwissAccount,1789287330.392,0.1025,15104,12,0,32342228.5,125617706.7,2
CONT_s11_bola_TheSwissAccount,1789287330.494,0.1026,9104,8,0,35350930.5,99883961.0,2
CONT_s11_bola_TheSwissAccount,1789287330.597,0.1027,15742,14,0,31737461.3,96440983.1,2
CONT_s11_bola_TheSwissAccount,1789287330.7,0.1029,9052,7,0,28028434.3,1045012.0,2
CONT_s11_bola_TheSwissAccount,1789287330.803,0.1028,9052,7,0,27462622.0,151157181.5,2
CONT_s11_bola_TheSwissAccount,1789287330.906,0.1027,18104,14,0,26457174.9,150943709.5,2
CONT_s11_bola_TheSwissAccount,1789287331.008,0.1026,9052,7,0,25997898.4,151553741.9,2
CONT_s11_bola_TheSwissAccount,1789287331.111,0.1025,9052,7,0,25568628.0,151219109.0,2
CONT_s11_bola_TheSwissAccount,1789287331.213,0.1028,18104,14,0,24801727.1,151169387.5,2
CONT_s11_bola_TheSwissAccount,1789287331.316,0.1027,10604,9,0,26688527.3,99528060.3,2
CONT_s11_bola_TheSwissAccount,1789287331.419,0.1026,9052,7,0,24912362.3,164058931.3,2
CONT_s11_bola_TheSwissAccount,1789287331.521,0.1027,16604,13,0,24528611.4,145187322.5,2
CONT_s11_bola_TheSwissAccount,1789287331.624,0.1026,13604,11,0,24879134.4,176463808.6,2
CONT_s11_bola_TheSwissAccount,1789287331.727,0.1026,12104,10,0,25023323.6,175949015.1,2
CONT_s11_bola_TheSwissAccount,1789287331.829,0.1028,9052,7,0,24301879.3,176940834.7,2
CONT_s11_bola_TheSwissAccount,1789287331.932,0.1026,13604,11,0,24569149.5,118945146.7,2
CONT_s11_bola_TheSwissAccount,1789287332.035,0.1027,7552,6,0,24125588.7,125949697.3,2
CONT_s11_bola_TheSwissAccount,1789287332.137,0.1028,15104,12,0,23533006.3,125814209.5,2
CONT_s11_bola_TheSwissAccount,1789287332.242,0.1041,15104,12,0,23013970.8,125914237.8,2
CONT_s11_bola_TheSwissAccount,1789287332.344,0.1026,13604,11,0,22802817.2,119254498.2,2
CONT_s11_bola_TheSwissAccount,1789287332.447,0.1024,12104,10,0,23092516.2,150946376.5,2
CONT_s11_bola_TheSwissAccount,1789287332.55,0.103,7552,6,0,22964305.7,163751088.9,2
CONT_s11_bola_TheSwissAccount,1789287332.652,0.1026,9987,9,0,22296564.0,104168454.8,2
CONT_s11_bola_TheSwissAccount,1789287332.756,0.1039,10552,8,0,22231857.6,83354473.7,2
CONT_s11_bola_TheSwissAccount,1789287332.859,0.1025,21104,16,0,21892477.4,176895665.3,2
CONT_s11_bola_TheSwissAccount,1789287332.961,0.1026,10552,8,0,21709258.9,176385334.1,2
CONT_s11_bola_TheSwissAccount,1789287333.064,0.1025,10552,8,0,21541696.1,176616158.0,2
CONT_s11_bola_TheSwissAccount,1789287333.166,0.1026,10552,8,0,21376950.5,177032404.5,2
CONT_s11_bola_TheSwissAccount,1789287333.269,0.1027,10552,8,0,21227564.5,176947708.8,2
CONT_s11_bola_TheSwissAccount,1789287333.372,0.1025,13604,11,0,21782591.6,144376525.7,2
CONT_s11_bola_TheSwissAccount,1789287333.474,0.1025,15156,13,0,22698365.5,106490596.7,2
CONT_s11_bola_TheSwissAccount,1789287333.577,0.1026,12104,10,0,23222245.2,125726183.8,2
CONT_s11_bola_TheSwissAccount,1789287333.679,0.1027,12104,10,0,23079111.8,138519763.2,2
CONT_s11_bola_TheSwissAccount,1789287333.782,0.1026,10604,9,0,23174391.2,144537955.1,2
CONT_s11_bola_TheSwissAccount,1789287333.884,0.1025,12104,10,0,23199365.0,150928422.6,2
CONT_s11_bola_TheSwissAccount,1789287333.987,0.1026,15104,12,0,22853716.5,164074710.2,2
CONT_s11_bola_TheSwissAccount,1789287334.089,0.1024,12104,10,0,22926080.2,163489038.8,2
CONT_s11_bola_TheSwissAccount,1789287334.192,0.1025,7552,6,0,22715429.3,163815103.7,2
CONT_s11_bola_TheSwissAccount,1789287334.295,0.1026,13604,11,0,22517311.5,176517907.1,2
CONT_s11_bola_TheSwissAccount,1789287334.397,0.1024,13604,11,0,22295724.1,176203689.4,2
CONT_s11_bola_TheSwissAccount,1789287334.499,0.1025,7552,6,0,22264963.5,176134377.3,2
CONT_s11_bola_TheSwissAccount,1789287334.602,0.1025,15104,12,0,21824455.7,182781379.7,2
CONT_s11_bola_TheSwissAccount,1789287334.705,0.1026,15104,12,0,21467325.2,189335687.6,2
CONT_s11_bola_TheSwissAccount,1789287334.807,0.1026,7552,6,0,21317825.5,189358992.4,2
CONT_s11_bola_TheSwissAccount,1789287334.909,0.1024,15104,12,0,21058429.2,189373315.6,2
CONT_s11_bola_TheSwissAccount,1789287335.012,0.1025,15104,12,0,20831371.2,189153824.8,2
CONT_s11_bola_TheSwissAccount,1789287335.114,0.1024,7552,6,0,20729945.7,189257068.1,2
CONT_s11_bola_TheSwissAccount,1789287335.217,0.1026,11178,11,0,19003351.0,133283189.3,2
CONT_s11_bola_TheSwissAccount,1789287335.32,0.1026,10552,8,0,21008488.9,82666924.3,2
CONT_s11_bola_TheSwissAccount,1789287335.422,0.1025,10552,8,0,20830084.6,530459.0,2
CONT_s11_bola_TheSwissAccount,1789287335.525,0.1027,21104,16,0,20510510.4,177070710.8,2
CONT_s11_bola_TheSwissAccount,1789287335.628,0.1035,10552,8,0,20386552.9,176671946.5,2
CONT_s11_bola_TheSwissAccount,1789287335.731,0.1027,10604,9,0,21075138.3,100205338.0,2
CONT_s11_bola_TheSwissAccount,1789287335.834,0.1026,15156,13,0,21982938.9,125350750.3,2
CONT_s11_bola_TheSwissAccount,1789287335.936,0.1026,9104,8,0,22104727.8,131644188.9,2
CONT_s11_bola_TheSwissAccount,1789287336.039,0.1025,12104,10,0,22657286.6,138130484.0,2
CONT_s11_bola_TheSwissAccount,1789287336.141,0.1026,13604,11,0,22503583.1,151191545.1,2
CONT_s11_bola_TheSwissAccount,1789287336.245,0.104,10604,9,0,22470952.1,150411328.3,2
CONT_s11_bola_TheSwissAccount,1789287336.348,0.1026,13604,11,0,22830734.7,163663568.8,2
CONT_s11_bola_TheSwissAccount,1789287336.451,0.1025,6052,5,0,22751085.2,163345055.5,2
CONT_s11_bola_TheSwissAccount,1789287336.553,0.1025,15104,12,0,22774113.2,170207993.4,2
CONT_s11_bola_TheSwissAccount,1789287336.656,0.1025,15104,12,0,22422718.2,176340678.1,2
CONT_s11_bola_TheSwissAccount,1789287336.758,0.1025,12104,10,0,22377777.2,176251900.0,2
CONT_s11_bola_TheSwissAccount,1789287336.861,0.1025,9794,9,0,21801498.8,121615281.3,2
CONT_s11_bola_TheSwissAccount,1789287336.963,0.1025,10552,8,0,22064860.4,84165536.3,2
CONT_s11_bola_TheSwissAccount,1789287337.066,0.1025,10552,8,0,21880655.1,755755.0,2
CONT_s11_bola_TheSwissAccount,1789287337.168,0.1025,21052,15,0,21610775.9,177313262.6,2
CONT_s11_bola_TheSwissAccount,1789287337.271,0.1026,10604,9,0,21192946.9,176189895.3,2
CONT_s11_bola_TheSwissAccount,1789287337.373,0.1024,10604,9,0,22590424.3,100100022.6,2
CONT_s11_bola_TheSwissAccount,1789287337.476,0.1025,15156,13,0,23276875.5,125273655.7,2
CONT_s11_bola_TheSwissAccount,1789287337.578,0.1025,9104,8,0,23334772.8,131721002.3,2
CONT_s11_bola_TheSwissAccount,1789287337.681,0.1027,12104,10,0,23513828.0,138271497.9,2
CONT_s11_bola_TheSwissAccount,1789287337.783,0.1026,13604,11,0,23195794.9,151226957.6,2
CONT_s11_bola_TheSwissAccount,1789287337.886,0.1024,10604,9,0,23254692.2,150611261.2,2
CONT_s11_bola_TheSwissAccount,1789287337.988,0.1025,13604,11,0,23398970.8,163469087.3,2
CONT_s11_bola_TheSwissAccount,1789287338.091,0.1025,6052,5,0,23322344.6,163426991.4,2
CONT_s11_bola_TheSwissAccount,1789287338.194,0.1027,15104,12,0,23219283.3,169893424.9,2
CONT_s11_bola_TheSwissAccount,1789287338.296,0.1027,15104,12,0,22809830.0,176634085.0,2
CONT_s11_bola_TheSwissAccount,1789287338.399,0.1026,12104,10,0,22788328.2,176206517.7,2
CONT_s11_bola_TheSwissAccount,1789287338.501,0.1025,9052,7,0,22710026.1,176909315.5,2
CONT_s11_bola_TheSwissAccount,1789287338.604,0.1025,13604,11,0,22598405.8,189073632.2,2
CONT_s11_bola_TheSwissAccount,1789287338.707,0.1026,13604,11,0,22531368.3,113325527.9,2
CONT_s11_bola_TheSwissAccount,1789287338.809,0.1026,7552,6,0,22472745.8,113278605.7,2
CONT_s11_bola_TheSwissAccount,1789287338.912,0.1025,15104,12,0,22022615.5,126116723.2,2
CONT_s11_bola_TheSwissAccount,1789287339.014,0.1025,13651,13,0,21029887.2,102954241.8,2
CONT_s11_bola_TheSwissAccount,1789287339.117,0.1025,15497,16,0,17455604.4,58891773.2,4
CONT_s11_bola_TheSwissAccount,1789287339.22,0.1029,7552,6,0,22096197.5,126587834.9,2
CONT_s11_bola_TheSwissAccount,1789287339.322,0.1028,13708,13,0,17047270.6,125955388.1,4
CONT_s11_bola_TheSwissAccount,1789287339.425,0.1026,15104,12,0,25684672.0,176925132.2,2
CONT_s11_bola_TheSwissAccount,1789287339.528,0.1026,10656,10,0,29189560.4,178383671.2,4
CONT_s11_bola_TheSwissAccount,1789287339.633,0.1051,10656,10,0,33145532.8,210639719.8,4
CONT_s11_bola_TheSwissAccount,1789287339.735,0.1027,15208,14,0,35935902.6,150037831.2,4
CONT_s11_bola_TheSwissAccount,1789287339.838,0.1027,12156,11,0,37896279.2,159522169.3,4
CONT_s11_bola_TheSwissAccount,1789287339.941,0.1027,7604,7,0,41343079.1,188028115.3,4
CONT_s11_bola_TheSwissAccount,1789287340.043,0.1026,16708,15,0,43423729.7,196589975.6,4
CONT_s11_bola_TheSwissAccount,1789287340.146,0.1028,10604,9,0,33897993.7,176123363.0,2
CONT_s11_bola_TheSwissAccount,1789287340.25,0.1042,10656,10,0,50432277.4,198184492.8,4
CONT_s11_bola_TheSwissAccount,1789287340.353,0.1027,15208,14,0,47993331.7,160200438.5,4
CONT_s11_bola_TheSwissAccount,1789287340.456,0.1026,10656,10,0,51564160.5,160638252.0,4
CONT_s11_bola_TheSwissAccount,1789287340.558,0.1027,15208,14,0,48328639.1,150262552.6,4
CONT_s11_bola_TheSwissAccount,1789287340.661,0.1029,12156,11,0,46119697.9,149909811.4,4
CONT_s11_bola_TheSwissAccount,1789287340.764,0.1028,12156,11,0,45743271.3,131143646.0,4
CONT_s11_bola_TheSwissAccount,1789287340.867,0.1027,10656,10,0,54758997.6,160572653.7,4
CONT_s11_bola_TheSwissAccount,1789287340.969,0.1027,10656,10,0,54177767.8,160594719.9,4
CONT_s11_bola_TheSwissAccount,1789287341.072,0.1027,15208,14,0,50443336.6,150046681.1,4
CONT_s11_bola_TheSwissAccount,1789287341.175,0.103,12156,11,0,47871438.1,150150208.5,4
CONT_s11_bola_TheSwissAccount,1789287341.278,0.1028,12156,11,0,47197466.6,131323114.3,4
CONT_s11_bola_TheSwissAccount,1789287341.38,0.1026,12208,12,0,53698382.8,149681233.4,4
CONT_s11_bola_TheSwissAccount,1789287341.483,0.1026,12156,11,0,54595861.8,181643495.4,4
CONT_s11_bola_TheSwissAccount,1789287341.586,0.1027,9104,8,0,39583368.0,169428951.4,2
CONT_s11_bola_TheSwissAccount,1789287341.688,0.1027,12156,11,0,56359650.5,212935798.6,4
CONT_s11_bola_TheSwissAccount,1789287341.791,0.1028,15208,14,0,52356623.3,175316612.2,4
CONT_s11_bola_TheSwissAccount,1789287341.894,0.1026,12156,11,0,48542729.6,150095649.6,4
CONT_s11_bola_TheSwissAccount,1789287341.996,0.1027,12156,11,0,48042675.9,131363613.5,4
CONT_s11_bola_TheSwissAccount,1789287342.099,0.1026,10656,10,0,58793022.6,160807009.0,4
CONT_s11_bola_TheSwissAccount,1789287342.202,0.1028,15208,14,0,54072687.4,150014606.4,4
CONT_s11_bola_TheSwissAccount,1789287342.305,0.1028,10656,10,0,57410018.8,160893239.3,4
CONT_s11_bola_TheSwissAccount,1789287342.407,0.1027,12156,11,0,49282299.3,150299285.0,4
CONT_s11_bola_TheSwissAccount,1789287342.51,0.1027,12156,11,0,48508340.6,131466109.4,4
CONT_s11_bola_TheSwissAccount,1789287342.613,0.1026,10656,10,0,58164159.0,160930359.1,4
CONT_s11_bola_TheSwissAccount,1789287342.715,0.1029,13708,13,0,55269248.8,149290607.0,4
CONT_s11_bola_TheSwissAccount,1789287342.819,0.1032,13708,13,0,53531898.4,165298868.9,4
CONT_s11_bola_TheSwissAccount,1789287342.921,0.1026,12156,11,0,38412062.3,146041936.3,2
CONT_s11_bola_TheSwissAccount,1789287343.024,0.1026,9156,9,0,61396211.2,195286290.6,4
CONT_s11_bola_TheSwissAccount,1789287343.127,0.1027,12156,11,0,55802035.0,181657897.1,4
CONT_s11_bola_TheSwissAccount,1789287343.229,0.1028,15849,16,0,52189191.4,181041211.3,4
CONT_s11_bola_TheSwissAccount,1789287343.332,0.1028,6557,7,0,58726728.7,123331792.2,3
CONT_s11_bola_TheSwissAccount,1789287343.435,0.1026,18156,15,0,45108601.1,126417302.5,4
CONT_s11_bola_TheSwissAccount,1789287343.537,0.1026,10604,9,0,49227561.2,183039251.3,4
CONT_s11_bola_TheSwissAccount,1789287343.64,0.1027,13656,12,0,54860362.8,215044015.8,4
CONT_s11_bola_TheSwissAccount,1789287343.744,0.1042,7552,6,0,38083437.0,176675762.2,2
CONT_s11_bola_TheSwissAccount,1789287343.847,0.1028,16708,15,0,54855955.8,195431438.7,4
CONT_s11_bola_TheSwissAccount,1789287343.95,0.1027,10656,10,0,59696675.0,162787436.8,4
CONT_s11_bola_TheSwissAccount,1789287344.052,0.1027,13708,13,0,47478478.4,157072779.5,4
CONT_s11_bola_TheSwissAccount,1789287344.155,0.1027,10656,10,0,49852731.4,149300559.2,4
CONT_s11_bola_TheSwissAccount,1789287344.258,0.1027,13708,13,0,56669349.7,180608048.8,4
CONT_s11_bola_TheSwissAccount,1789287344.361,0.1027,12156,11,0,57261670.5,181811552.0,4
CONT_s11_bola_TheSwissAccount,1789287344.463,0.1026,13604,11,0,36235858.2,180657307.5,2
CONT_s11_bola_TheSwissAccount,1789287344.566,0.1026,12208,12,0,57807951.8,199718025.8,4
CONT_s11_bola_TheSwissAccount,1789287344.669,0.1029,12156,11,0,48921616.4,210171669.0,4
CONT_s11_bola_TheSwissAccount,1789287344.771,0.1027,12156,11,0,49388010.6,181671785.7,4
CONT_s11_bola_TheSwissAccount,1789287344.874,0.1027,12156,11,0,61539264.5,219275370.8,4
CONT_s11_bola_TheSwissAccount,1789287344.977,0.1026,12156,11,0,50224994.6,167502604.8,4
CONT_s11_bola_TheSwissAccount,1789287345.079,0.1026,10822,11,0,61686468.6,142739569.2,4
CONT_s11_bola_TheSwissAccount,1789287345.182,0.1028,12156,11,0,50072813.5,90644287.3,4
CONT_s11_bola_TheSwissAccount,1789287345.285,0.1027,10656,10,0,60894848.0,149306780.9,4
CONT_s11_bola_TheSwissAccount,1789287345.387,0.1026,15208,14,0,55682445.1,150201241.4,4
CONT_s11_bola_TheSwissAccount,1789287345.49,0.1027,10656,10,0,58986376.9,160600603.8,4
CONT_s11_bola_TheSwissAccount,1789287345.593,0.1027,12156,11,0,50420736.6,150413564.2,4
CONT_s11_bola_TheSwissAccount,1789287345.696,0.1028,13708,13,0,56329313.5,146609239.9,4
CONT_s11_bola_TheSwissAccount,1789287345.798,0.1027,12156,11,0,49217376.6,147010512.3,4
CONT_s11_bola_TheSwissAccount,1789287345.901,0.1026,10656,10,0,58389118.4,194919751.8,4
CONT_s11_bola_TheSwissAccount,1789287346.004,0.1027,13656,12,0,48110749.9,193334463.6,4
CONT_s11_bola_TheSwissAccount,1789287346.106,0.1027,10656,10,0,50612556.7,182262322.5,4
CONT_s11_bola_TheSwissAccount,1789287346.209,0.1028,13656,12,0,56939745.4,214945100.6,4
CONT_s11_bola_TheSwissAccount,1789287346.312,0.1027,13708,13,0,55239766.4,158227668.2,4
CONT_s11_bola_TheSwissAccount,1789287346.416,0.1041,10656,10,0,38631637.0,136937285.6,2
CONT_s11_bola_TheSwissAccount,1789287346.519,0.1027,13708,13,0,56057652.2,169454909.9,4
CONT_s11_bola_TheSwissAccount,1789287346.621,0.1026,10656,10,0,60606377.1,189250215.8,4
CONT_s11_bola_TheSwissAccount,1789287346.724,0.1028,12156,11,0,49994146.0,184744926.5,4
CONT_s11_bola_TheSwissAccount,1789287346.827,0.1028,13656,12,0,47857506.9,179943023.2,4
CONT_s11_bola_TheSwissAccount,1789287346.93,0.1027,9156,9,0,63820718.7,203812008.8,4
CONT_s11_bola_TheSwissAccount,1789287347.033,0.1028,15156,13,0,46536395.8,198509100.5,4
CONT_s11_bola_TheSwissAccount,1789287347.136,0.1032,12156,11,0,48274827.7,181445873.1,4
CONT_s11_bola_TheSwissAccount,1789287347.239,0.1029,12156,11,0,60220453.8,219501614.2,4
CONT_s11_bola_TheSwissAccount,1789287347.341,0.1027,11545,12,0,47315090.8,193561598.1,4
CONT_s11_bola_TheSwissAccount,1789287347.444,0.1026,10604,9,0,50903972.1,118931973.6,4
CONT_s11_bola_TheSwissAccount,1789287347.547,0.1027,13656,12,0,58048247.2,231269382.4,4
CONT_s11_bola_TheSwissAccount,1789287347.65,0.1028,7552,6,0,36396631.7,176402902.5,2
CONT_s11_bola_TheSwissAccount,1789287347.753,0.1036,13656,12,0,59233354.5,214595691.8,4
CONT_s11_bola_TheSwissAccount,1789287347.856,0.1028,18104,14,0,40941380.1,202013142.1,3
CONT_s11_bola_TheSwissAccount,1789287347.959,0.1027,12208,12,0,54781733.0,161676042.2,4
CONT_s11_bola_TheSwissAccount,1789287348.061,0.1028,10656,10,0,65926459.1,175000248.4,4
CONT_s11_bola_TheSwissAccount,1789287348.164,0.1027,12208,12,0,60935142.2,143324241.4,4
CONT_s11_bola_TheSwissAccount,1789287348.267,0.1029,13708,13,0,58263400.5,165154166.9,4
CONT_s11_bola_TheSwissAccount,1789287348.37,0.1028,453513,370,10,1538208.6,10724393.5,4
CONT_s11_bola_TheSwissAccount,1789287348.473,0.1028,1915525,1462,0,100832.5,133978.4,4
CONT_s11_bola_TheSwissAccount,1789287348.575,0.1027,0,0,0,0,0,0
CONT_s11_bola_TheSwissAccount,1789287348.678,0.1026,0,0,0,0,0,0
CONT_s11_bola_TheSwissAccount,1789287348.781,0.1028,0,0,0,0,0,0
CONT_s11_bola_TheSwissAccount,1789287348.883,0.1027,0,0,0,0,0,0
CONT_s11_bola_TheSwissAccount,1789287348.986,0.1026,0,0,0,0,0,0
CONT_s11_bola_TheSwissAccount,1789287349.089,0.1026,0,0,0,0,0,0
CONT_s11_bola_TheSwissAccount,1789287349.191,0.1027,0,0,0,0,0,0
CONT_s11_bola_TheSwissAccount,1789287349.294,0.1028,0,0,0,0,0,0
CONT_s11_bola_TheSwissAccount,1789287349.397,0.1028,0,0,0,0,0,0
CONT_s11_bola_TheSwissAccount,1789287349.5,0.1027,0,0,0,0,0,0
CONT_s11_bola_TheSwissAccount,1789287349.602,0.1026,0,0,0,0,0,0
CONT_s11_bola_TheSwissAccount,1789287349.705,0.1028,0,0,0,0,0,0
CONT_s11_bola_TheSwissAccount,1789287349.808,0.1028,0,0,0,0,0,0
CONT_s11_bola_TheSwissAccount,1789287349.91,0.1026,0,0,0,0,0,0
CONT_s11_bola_TheSwissAccount,1789287350.013,0.1027,15641,19,0,10444003.0,5473186.8,4
CONT_s11_bola_TheSwissAccount,1789287350.116,0.1028,13552,10,0,9207538.5,119926183.2,2
CONT_s11_bola_TheSwissAccount,1789287350.219,0.103,4604,5,0,12262510.4,144262394.8,2
CONT_s11_bola_TheSwissAccount,1789287350.322,0.1029,15104,12,0,17350361.5,120956072.6,2
CONT_s11_bola_TheSwissAccount,1789287350.425,0.1029,13604,11,0,20192193.1,175223657.2,2
CONT_s11_bola_TheSwissAccount,1789287350.528,0.1029,13604,11,0,22445393.8,107480684.9,2
CONT_s11_bola_TheSwissAccount,1789287350.633,0.1052,10656,10,0,22667304.4,120136516.4,2
CONT_s11_bola_TheSwissAccount,1789287350.736,0.1031,9104,8,0,23092677.5,134160409.8,2
CONT_s11_bola_TheSwissAccount,1789287350.839,0.1029,10604,9,0,23484119.8,134209830.0,2
CONT_s11_bola_TheSwissAccount,1789287350.941,0.1028,10604,9,0,23388737.0,134528727.1,2
CONT_s11_bola_TheSwissAccount,1789287351.044,0.1029,10604,9,0,23296667.8,148032464.0,2
CONT_s11_bola_TheSwissAccount,1789287351.147,0.1029,16656,14,0,23248595.0,147804307.3,2
CONT_s11_bola_TheSwissAccount,1789287351.251,0.1037,6052,5,0,23370246.0,147923169.7,2
CONT_s11_bola_TheSwissAccount,1789287351.354,0.1032,16656,14,0,23057244.1,148157192.0,2
CONT_s11_bola_TheSwissAccount,1789287351.457,0.1031,12104,10,0,23324278.8,161929979.6,2
CONT_s11_bola_TheSwissAccount,1789287351.56,0.103,6052,5,0,23303651.6,161935993.7,2
CONT_s11_bola_TheSwissAccount,1789287351.663,0.103,12104,10,0,23418206.8,161916804.8,2
CONT_s11_bola_TheSwissAccount,1789287351.766,0.103,15104,12,0,23402864.8,175741678.4,2
CONT_s11_bola_TheSwissAccount,1789287351.869,0.103,12104,10,0,23393636.0,175491786.8,2
CONT_s11_bola_TheSwissAccount,1789287351.972,0.1029,7552,6,0,23413581.5,175774526.4,2
CONT_s11_bola_TheSwissAccount,1789287352.075,0.103,13656,12,0,23341778.5,134394288.2,2
CONT_s11_bola_TheSwissAccount,1789287352.178,0.1031,10604,9,0,23594513.9,120977666.4,2
CONT_s11_bola_TheSwissAccount,1789287352.281,0.1031,9104,8,0,23761022.8,127428190.4,2
CONT_s11_bola_TheSwissAccount,1789287352.384,0.103,9104,8,0,23756055.2,134113770.6,2
CONT_s11_bola_TheSwissAccount,1789287352.487,0.103,17109,15,0,39921185.7,147912103.7,3
CONT_s11_bola_TheSwissAccount,1789287352.59,0.1029,7552,6,0,24641952.0,148027849.5,2
CONT_s11_bola_TheSwissAccount,1789287352.693,0.103,16604,13,0,23898807.2,155188866.0,2
CONT_s11_bola_TheSwissAccount,1789287352.796,0.1029,9505,8,1,80747228.5,162240902.8,3
CONT_s11_bola_TheSwissAccount,1789287352.899,0.1027,10552,8,0,55336035.1,192752243.3,3
CONT_s11_bola_TheSwissAccount,1789287353.002,0.1029,15156,13,0,57638471.2,161518731.9,3
CONT_s11_bola_TheSwissAccount,1789287353.105,0.1033,6116,6,1,177635791.8,240128576.1,4
CONT_s11_bola_TheSwissAccount,1789287353.208,0.103,16656,14,0,188137033.6,143302607.3,4
CONT_s11_bola_TheSwissAccount,1789287353.311,0.1029,9104,8,0,29369078.2,174322415.9,2
CONT_s11_bola_TheSwissAccount,1789287353.414,0.1029,13656,12,0,217731561.2,152316586.7,4
CONT_s11_bola_TheSwissAccount,1789287353.517,0.1028,9156,9,0,95297433.2,153453372.9,4
CONT_s11_bola_TheSwissAccount,1789287353.619,0.1028,10756,12,0,160276871.2,110524186.0,5
CONT_s11_bola_TheSwissAccount,1789287353.723,0.1031,14224,15,0,68352892.1,149739064.3,5
CONT_s11_bola_TheSwissAccount,1789287353.826,0.103,7898,8,0,23668330.1,121372529.6,4
CONT_s11_bola_TheSwissAccount,1789287353.929,0.1029,15156,13,0,27409051.5,122877914.9,4
CONT_s11_bola_TheSwissAccount,1789287354.032,0.103,9104,8,0,29100242.9,160444565.3,4
CONT_s11_bola_TheSwissAccount,1789287354.135,0.1034,12156,11,0,32901662.6,174706626.8,4
CONT_s11_bola_TheSwissAccount,1789287354.238,0.103,12104,10,0,33559819.6,161904609.1,2
CONT_s11_bola_TheSwissAccount,1789287354.341,0.103,12156,11,0,40401994.0,201638449.9,4
CONT_s11_bola_TheSwissAccount,1789287354.444,0.103,9156,9,0,44038910.8,187349439.1,4
CONT_s11_bola_TheSwissAccount,1789287354.547,0.103,13656,12,0,41756410.4,192733358.8,4
CONT_s11_bola_TheSwissAccount,1789287354.65,0.1032,10656,10,0,43197398.8,193390435.9,4
CONT_s11_bola_TheSwissAccount,1789287354.754,0.1039,10656,10,0,49868702.3,168378448.9,4
CONT_s11_bola_TheSwissAccount,1789287354.857,0.1031,15156,13,0,50090853.6,158854559.0,4
CONT_s11_bola_TheSwissAccount,1789287354.96,0.1031,10708,11,0,51030739.3,171319455.1,4
CONT_s11_bola_TheSwissAccount,1789287355.063,0.1029,12156,11,0,47709159.3,160975086.0,4
CONT_s11_bola_TheSwissAccount,1789287355.166,0.1033,7604,7,0,51746934.7,144844647.5,4
CONT_s11_bola_TheSwissAccount,1789287355.27,0.1031,15208,14,0,52677070.7,160851106.0,4
CONT_s11_bola_TheSwissAccount,1789287355.373,0.1031,10656,10,0,55631430.7,171981863.9,4
CONT_s11_bola_TheSwissAccount,1789287355.476,0.103,12156,11,0,40964926.5,140496444.9,2
CONT_s11_bola_TheSwissAccount,1789287355.579,0.1029,10656,10,0,58558202.4,204928220.1,4
CONT_s11_bola_TheSwissAccount,1789287355.682,0.1033,12156,11,0,49529795.5,208126780.9,4
CONT_s11_bola_TheSwissAccount,1789287355.785,0.1031,7604,7,0,55722010.7,168811061.2,4
CONT_s11_bola_TheSwissAccount,1789287355.888,0.1032,15208,14,0,56121980.7,168871448.3,4
CONT_s11_bola_TheSwissAccount,1789287355.991,0.103,10656,10,0,59961676.8,172141536.1,4
CONT_s11_bola_TheSwissAccount,1789287356.094,0.103,12228,12,0,52088513.0,144412465.8,4
CONT_s11_bola_TheSwissAccount,1789287356.197,0.103,9156,9,0,44437463.4,107652051.9,3
CONT_s11_bola_TheSwissAccount,1789287356.3,0.103,10656,10,0,35336025.8,73015188.0,2
CONT_s11_bola_TheSwissAccount,1789287356.403,0.1029,13656,12,0,31626699.8,116203829.8,2
CONT_s11_bola_TheSwissAccount,1789287356.506,0.103,12104,10,0,29243000.2,127991693.3,2
CONT_s11_bola_TheSwissAccount,1789287356.609,0.1029,9557,9,0,36407963.8,134035512.8,3
CONT_s11_bola_TheSwissAccount,1789287356.712,0.1031,9104,8,0,27637842.8,134195197.6,2
CONT_s11_bola_TheSwissAccount,1789287356.815,0.103,15156,13,0,52804204.3,145252351.5,4
CONT_s11_bola_TheSwissAccount,1789287356.918,0.1032,12156,11,0,56300502.4,157676552.5,4
CONT_s11_bola_TheSwissAccount,1789287357.021,0.1032,9104,8,0,30515670.2,161080202.5,2
CONT_s11_bola_TheSwissAccount,1789287357.124,0.1029,10604,9,0,71802963.6,167224788.8,4
CONT_s11_bola_TheSwissAccount,1789287357.227,0.1032,15156,13,0,31276671.8,175003073.4,2
CONT_s11_bola_TheSwissAccount,1789287357.331,0.1031,12196,12,0,55492904.4,160497358.8,4
CONT_s11_bola_TheSwissAccount,1789287357.434,0.1031,10552,8,0,65307475.5,175931502.8,3
CONT_s11_bola_TheSwissAccount,1789287357.537,0.103,12104,10,0,76770266.0,107431853.6,3
CONT_s11_bola_TheSwissAccount,1789287357.64,0.1032,10656,10,0,73578224.9,26287912.1,2
CONT_s11_bola_TheSwissAccount,1789287357.748,0.1078,12208,12,0,53247321.3,35083569.3,2
CONT_s11_bola_TheSwissAccount,1789287357.851,0.1032,4255,5,0,47171791.0,51240794.0,2
CONT_s11_bola_TheSwissAccount,1789287357.954,0.1031,0,0,0,0,0,0
CONT_s11_bola_TheSwissAccount,1789287358.057,0.1031,0,0,0,0,0,0
CONT_s11_bola_TheSwissAccount,1789287358.16,0.1031,0,0,0,0,0,0
CONT_s11_bola_TheSwissAccount,1789287358.263,0.1031,0,0,0,0,0,0
CONT_s11_bola_TheSwissAccount,1789287358.366,0.1031,0,0,0,0,0,0
CONT_s11_bola_TheSwissAccount,1789287358.469,0.103,0,0,0,0,0,0
CONT_s11_bola_TheSwissAccount,1789287358.572,0.103,0,0,0,0,0,0
CONT_s11_bola_TheSwissAccount,1789287358.675,0.1031,0,0,0,0,0,0
CONT_s11_bola_TheSwissAccount,1789287358.778,0.1031,0,0,0,0,0,0
CONT_s11_bola_TheSwissAccount,1789287358.882,0.1031,0,0,0,0,0,0
CONT_s11_bola_TheSwissAccount,1789287358.985,0.1031,0,0,0,0,0,0
CONT_s11_bola_TheSwissAccount,1789287359.088,0.1031,0,0,0,0,0,0
CONT_s11_bola_TheSwissAccount,1789287359.191,0.1032,0,0,0,0,0,0
CONT_s11_bola_TheSwissAccount,1789287359.294,0.1031,0,0,0,0,0,0
CONT_s11_bola_TheSwissAccount,1789287359.397,0.1031,0,0,0,0,0,0
CONT_s11_bola_TheSwissAccount,1789287359.5,0.103,0,0,0,0,0,0
CONT_s11_bola_TheSwissAccount,1789287359.603,0.103,0,0,0,0,0,0
CONT_s11_bola_TheSwissAccount,1789287359.706,0.1031,0,0,0,0,0,0
CONT_s11_bola_TheSwissAccount,1789287359.809,0.1031,0,0,0,0,0,0
CONT_s11_bola_TheSwissAccount,1789287359.912,0.103,0,0,0,0,0,0
CONT_s11_bola_TheSwissAccount,1789287360.015,0.103,0,0,0,0,0,0
CONT_s11_bola_TheSwissAccount,1789287360.118,0.103,0,0,0,0,0,0
CONT_s11_bola_TheSwissAccount,1789287360.221,0.1032,0,0,0,0,0,0
CONT_s11_bola_TheSwissAccount,1789287360.325,0.1031,0,0,0,0,0,0
CONT_s11_bola_TheSwissAccount,1789287360.428,0.103,0,0,0,0,0,0
CONT_s11_bola_TheSwissAccount,1789287360.531,0.1036,0,0,0,0,0,0
CONT_s11_bola_TheSwissAccount,1789287360.635,0.1039,0,0,0,0,0,0
CONT_s11_bola_TheSwissAccount,1789287360.738,0.103,0,0,0,0,0,0
CONT_s11_bola_TheSwissAccount,1789287360.841,0.1031,0,0,0,0,0,0
CONT_s11_bola_TheSwissAccount,1789287360.944,0.1031,21661,19,0,234753332.1,3589101.0,2
CONT_s11_bola_TheSwissAccount,1789287361.047,0.1031,13656,12,0,161872769.5,80363223.1,2
CONT_s11_bola_TheSwissAccount,1789287361.15,0.1031,13604,11,0,110388637.5,80650640.5,2
CONT_s11_bola_TheSwissAccount,1789287361.254,0.1031,9156,9,0,110450794.3,79800736.6,2
CONT_s11_bola_TheSwissAccount,1789287361.357,0.1032,13656,12,0,77462535.8,80037884.5,2
CONT_s11_bola_TheSwissAccount,1789287361.46,0.103,10656,10,0,70194402.4,79624637.4,2
CONT_s11_bola_TheSwissAccount,1789287361.563,0.103,1472,2,0,86390485.5,51359822.8,2
CONT_s11_bola_TheSwissAccount,1789287361.666,0.1032,0,0,0,0,0,0
CONT_s11_bola_TheSwissAccount,1789287361.769,0.103,0,0,0,0,0,0
CONT_s11_bola_TheSwissAccount,1789287361.872,0.103,0,0,0,0,0,0
CONT_s11_bola_TheSwissAccount,1789287361.975,0.1029,0,0,0,0,0,0
CONT_s11_bola_TheSwissAccount,1789287362.078,0.103,0,0,0,0,0,0
CONT_s11_bola_TheSwissAccount,1789287362.181,0.1032,0,0,0,0,0,0
CONT_s11_bola_TheSwissAccount,1789287362.284,0.103,0,0,0,0,0,0
CONT_s11_bola_TheSwissAccount,1789287362.387,0.103,0,0,0,0,0,0
CONT_s11_bola_TheSwissAccount,1789287362.49,0.1029,0,0,0,0,0,0
CONT_s11_bola_TheSwissAccount,1789287362.593,0.1031,0,0,0,0,0,0
CONT_s11_bola_TheSwissAccount,1789287362.696,0.1031,0,0,0,0,0,0
CONT_s11_bola_TheSwissAccount,1789287362.799,0.1031,0,0,0,0,0,0
CONT_s11_bola_TheSwissAccount,1789287362.902,0.103,0,0,0,0,0,0
CONT_s11_bola_TheSwissAccount,1789287363.005,0.1031,0,0,0,0,0,0
CONT_s11_bola_TheSwissAccount,1789287363.108,0.103,0,0,0,0,0,0
CONT_s11_bola_TheSwissAccount,1789287363.212,0.1032,0,0,0,0,0,0
CONT_s11_bola_TheSwissAccount,1789287363.315,0.1031,0,0,0,0,0,0
CONT_s11_bola_TheSwissAccount,1789287363.418,0.1035,0,0,0,0,0,0
CONT_s11_bola_TheSwissAccount,1789287363.521,0.1031,0,0,0,0,0,0
CONT_s11_bola_TheSwissAccount,1789287363.624,0.103,0,0,0,0,0,0
CONT_s11_bola_TheSwissAccount,1789287363.728,0.1032,0,0,0,0,0,0
CONT_s11_bola_TheSwissAccount,1789287363.831,0.1031,0,0,0,0,0,0
CONT_s11_bola_TheSwissAccount,1789287363.934,0.103,0,0,0,0,0,0
CONT_s11_bola_TheSwissAccount,1789287364.037,0.1031,0,0,0,0,0,0
CONT_s11_bola_TheSwissAccount,1789287364.14,0.1032,0,0,0,0,0,0
CONT_s11_bola_TheSwissAccount,1789287364.246,0.1056,0,0,0,0,0,0
CONT_s11_bola_TheSwissAccount,1789287364.349,0.1032,0,0,0,0,0,0
CONT_s11_bola_TheSwissAccount,1789287364.452,0.103,0,0,0,0,0,0
CONT_s11_bola_TheSwissAccount,1789287364.555,0.103,15557,13,0,292055769.3,1695921.5,2
CONT_s11_bola_TheSwissAccount,1789287364.658,0.1036,9104,8,0,230861116.5,77737304.6,2
CONT_s11_bola_TheSwissAccount,1789287364.762,0.1031,13656,12,0,164750103.8,80372166.0,2
CONT_s11_bola_TheSwissAccount,1789287364.865,0.1032,9104,8,0,134953148.0,80367270.6,2
CONT_s11_bola_TheSwissAccount,1789287364.968,0.103,13656,12,0,103690286.2,80446874.2,2
CONT_s11_bola_TheSwissAccount,1789287365.071,0.103,9104,8,0,88898650.2,80442449.3,2
CONT_s11_bola_TheSwissAccount,1789287365.174,0.1032,12070,12,0,81931184.3,56520877.1,2
CONT_s11_bola_TheSwissAccount,1789287365.277,0.1031,13656,12,0,59730162.5,80401319.0,2
CONT_s11_bola_TheSwissAccount,1789287365.38,0.1031,9104,8,0,53880102.2,80415593.7,2
CONT_s11_bola_TheSwissAccount,1789287365.483,0.1031,13656,12,0,46974352.2,80423995.9,2
CONT_s11_bola_TheSwissAccount,1789287365.586,0.1031,13656,12,0,42292758.5,84642417.3,2
CONT_s11_bola_TheSwissAccount,1789287365.69,0.1032,9156,9,0,42437029.0,99992768.2,2
CONT_s11_bola_TheSwissAccount,1789287365.793,0.1031,12156,11,0,36765856.7,107102509.4,2
CONT_s11_bola_TheSwissAccount,1789287365.896,0.103,12156,11,0,34419461.2,106875187.2,2
CONT_s11_bola_TheSwissAccount,1789287365.999,0.103,7604,7,0,33373294.3,120469071.7,2
CONT_s11_bola_TheSwissAccount,1789287366.102,0.103,16658,14,0,30012462.7,93365077.5,2
CONT_s11_bola_TheSwissAccount,1789287366.205,0.1032,7604,7,0,30721557.1,588839.0,2
CONT_s11_bola_TheSwissAccount,1789287366.308,0.1031,15104,12,0,27343663.0,135010765.7,2
CONT_s11_bola_TheSwissAccount,1789287366.411,0.103,7552,6,0,26854651.7,134699738.2,2
CONT_s11_bola_TheSwissAccount,1789287366.514,0.103,10604,9,0,27239065.8,114202227.7,2
CONT_s11_bola_TheSwissAccount,1789287366.617,0.103,13604,11,0,26487344.7,148406122.1,2
CONT_s11_bola_TheSwissAccount,1789287366.72,0.1032,7552,6,0,25946015.3,134785645.2,2
CONT_s11_bola_TheSwissAccount,1789287366.823,0.1031,12104,10,0,26169315.8,127584914.9,2
CONT_s11_bola_TheSwissAccount,1789287366.926,0.103,15104,12,0,25683738.3,162121047.8,2
CONT_s11_bola_TheSwissAccount,1789287367.03,0.1033,9052,7,0,25051246.6,162274741.8,2
CONT_s11_bola_TheSwissAccount,1789287367.134,0.1047,9052,7,0,24641739.1,161590889.4,2
CONT_s11_bola_TheSwissAccount,1789287367.237,0.103,15093,13,0,24678186.8,141749757.3,2
CONT_s11_bola_TheSwissAccount,1789287367.34,0.1031,9052,7,0,24782961.6,75305814.1,2
CONT_s11_bola_TheSwissAccount,1789287367.443,0.1031,9052,7,0,24544227.3,916013.0,2
CONT_s11_bola_TheSwissAccount,1789287367.546,0.103,18104,14,0,24030383.9,162194312.7,2
CONT_s11_bola_TheSwissAccount,1789287367.649,0.103,9052,7,0,23801394.0,162021020.7,2
CONT_s11_bola_TheSwissAccount,1789287367.753,0.1031,7552,6,0,23868428.7,148172924.4,2
CONT_s11_bola_TheSwissAccount,1789287367.856,0.103,18104,14,0,23511093.9,155069528.7,2
CONT_s11_bola_TheSwissAccount,1789287367.959,0.103,9052,7,0,23299975.0,162112490.9,2
CONT_s11_bola_TheSwissAccount,1789287368.062,0.1031,10604,9,0,23529321.6,134280257.5,2
CONT_s11_bola_TheSwissAccount,1789287368.165,0.1031,15104,12,0,24111732.0,175772872.4,2
CONT_s11_bola_TheSwissAccount,1789287368.268,0.1031,10604,9,0,24052311.8,134488280.0,2
CONT_s11_bola_TheSwissAccount,1789287368.371,0.103,10604,9,0,24066406.0,94069283.8,2
CONT_s11_bola_TheSwissAccount,1789287368.474,0.103,13604,11,0,24594048.2,121121242.7,2
CONT_s11_bola_TheSwissAccount,1789287368.577,0.1031,11020,11,0,22574293.7,102309078.8,2
CONT_s11_bola_TheSwissAccount,1789287368.68,0.1031,7552,6,0,23674264.8,63793049.0,2
CONT_s11_bola_TheSwissAccount,1789287368.783,0.103,15104,12,0,23409536.0,134275045.6,2
CONT_s11_bola_TheSwissAccount,1789287368.886,0.103,7552,6,0,23264289.8,134641885.4,2
CONT_s11_bola_TheSwissAccount,1789287368.989,0.103,15104,12,0,22975903.5,134885427.9,2
CONT_s11_bola_TheSwissAccount,1789287369.092,0.103,9104,8,0,22534310.5,107401010.3,2
CONT_s11_bola_TheSwissAccount,1789287369.195,0.1032,13604,11,0,23725522.2,162134743.5,2
CONT_s11_bola_TheSwissAccount,1789287369.298,0.1031,4552,4,0,23129473.8,161366825.8,2
CONT_s11_bola_TheSwissAccount,1789287369.401,0.103,19604,15,0,24377162.9,171218179.2,2
CONT_s11_bola_TheSwissAccount,1789287369.504,0.103,10656,10,0,23186278.2,93625699.8,2
CONT_s11_bola_TheSwissAccount,1789287369.607,0.103,9104,8,0,23836314.0,93979581.4,2
CONT_s11_bola_TheSwissAccount,1789287369.711,0.1032,10604,9,0,23984872.6,120876573.0,2
CONT_s11_bola_TheSwissAccount,1789287369.814,0.103,15156,13,0,23676024.0,134170248.4,2
CONT_s11_bola_TheSwissAccount,1789287369.917,0.103,10604,9,0,23531420.7,147899560.2,2
CONT_s11_bola_TheSwissAccount,1789287370.02,0.103,6052,5,0,23683758.0,148415074.8,2
CONT_s11_bola_TheSwissAccount,1789287370.123,0.103,12104,10,0,23700651.8,161934172.7,2
CONT_s11_bola_TheSwissAccount,1789287370.226,0.1032,13604,11,0,23593332.0,161929592.7,2
CONT_s11_bola_TheSwissAccount,1789287370.329,0.103,10141,10,0,22273771.2,156500718.3,2
CONT_s11_bola_TheSwissAccount,1789287370.432,0.1029,9052,7,0,23840071.7,78208422.1,2
CONT_s11_bola_TheSwissAccount,1789287370.535,0.1029,18104,14,0,23263123.9,162446049.5,2
CONT_s11_bola_TheSwissAccount,1789287370.638,0.1035,9052,7,0,23032208.3,162312600.2,2
CONT_s11_bola_TheSwissAccount,1789287370.746,0.1073,9052,7,0,22834924.7,162321384.9,2
CONT_s11_bola_TheSwissAccount,1789287370.849,0.1031,16604,13,0,22787424.5,148658925.1,2
CONT_s11_bola_TheSwissAccount,1789287370.952,0.1031,9052,7,0,22683508.1,162331307.7,2
CONT_s11_bola_TheSwissAccount,1789287371.055,0.103,9052,7,0,22515233.7,162282441.3,2
CONT_s11_bola_TheSwissAccount,1789287371.158,0.1032,16656,14,0,22677167.3,114424749.9,2
CONT_s11_bola_TheSwissAccount,1789287371.261,0.103,10604,9,0,22846801.2,94172616.2,2
CONT_s11_bola_TheSwissAccount,1789287371.364,0.103,7604,7,0,22653535.7,120696833.3,2
CONT_s11_bola_TheSwissAccount,1789287371.467,0.103,15156,13,0,23153020.4,130096874.5,2
CONT_s11_bola_TheSwissAccount,1789287371.57,0.103,12104,10,0,23235245.0,141457654.1,2
CONT_s11_bola_TheSwissAccount,1789287371.673,0.103,10604,9,0,23020060.8,148031223.8,2
CONT_s11_bola_TheSwissAccount,1789287371.776,0.103,12104,10,0,23365961.2,161480323.0,2
CONT_s11_bola_TheSwissAccount,1789287371.879,0.103,6052,5,0,23350819.2,161662320.7,2
CONT_s11_bola_TheSwissAccount,1789287371.982,0.103,12959,11,0,22727407.3,123812567.0,2
CONT_s11_bola_TheSwissAccount,1789287372.085,0.103,52,1,0,15203461.0,51356660.0,1
CONT_s11_bola_TheSwissAccount,1789287372.188,0.1031,0,0,0,0,0,0
CONT_s11_bola_TheSwissAccount,1789287372.291,0.103,0,0,0,0,0,0
CONT_s11_bola_TheSwissAccount,1789287372.394,0.103,0,0,0,0,0,0
CONT_s11_bola_TheSwissAccount,1789287372.497,0.103,15505,12,0,51805968.3,618805.4,2
CONT_s11_bola_TheSwissAccount,1789287372.6,0.103,16604,13,0,40735613.6,72841364.5,2
CONT_s11_bola_TheSwissAccount,1789287372.703,0.1031,6052,5,0,39296301.6,1062141.0,2
CONT_s11_bola_TheSwissAccount,1789287372.806,0.103,13656,12,0,35896792.8,100361977.1,2
CONT_s11_bola_TheSwissAccount,1789287372.909,0.103,12104,10,0,32749581.2,134353239.1,2
CONT_s11_bola_TheSwissAccount,1789287373.012,0.1031,10604,9,0,31774303.9,134490710.8,2
CONT_s11_bola_TheSwissAccount,1789287373.115,0.103,9104,8,0,31251289.5,147532852.9,2
CONT_s11_bola_TheSwissAccount,1789287373.218,0.1031,15104,12,0,28830129.2,162004996.7,2
CONT_s11_bola_TheSwissAccount,1789287373.321,0.103,12104,10,0,28945337.4,161651421.0,2
CONT_s11_bola_TheSwissAccount,1789287373.424,0.1031,7552,6,0,27889947.7,175139501.5,2
CONT_s11_bola_TheSwissAccount,1789287373.527,0.103,9052,7,0,26899223.7,148182050.0,2
CONT_s11_bola_TheSwissAccount,1789287373.633,0.1054,18104,14,0,25804140.7,162201219.4,2
CONT_s11_bola_TheSwissAccount,1789287373.736,0.1034,10604,9,0,27296105.7,107251029.1,2
CONT_s11_bola_TheSwissAccount,1789287373.839,0.1031,13656,12,0,27548531.5,100272367.9,2
CONT_s11_bola_TheSwissAccount,1789287373.942,0.103,10604,9,0,26897320.9,121001413.3,2
CONT_s11_bola_TheSwissAccount,1789287374.045,0.1031,9104,8,0,26517540.0,134424568.0,2
CONT_s11_bola_TheSwissAccount,1789287374.148,0.103,12104,10,0,25757959.8,141579725.4,2
CONT_s11_bola_TheSwissAccount,1789287374.253,0.1045,10604,9,0,25473481.6,148183845.9,2
CONT_s11_bola_TheSwissAccount,1789287374.356,0.103,12104,10,0,25315020.2,161950907.2,2
CONT_s11_bola_TheSwissAccount,1789287374.459,0.103,13604,11,0,24895324.6,161991955.4,2
CONT_s11_bola_TheSwissAccount,1789287374.562,0.1031,11269,11,0,24943147.0,76869583.3,2
CONT_s11_bola_TheSwissAccount,1789287374.665,0.103,9052,7,0,24252728.6,1033252.0,2
CONT_s11_bola_TheSwissAccount,1789287374.768,0.1031,9052,7,0,23983802.1,161955857.5,2
CONT_s11_bola_TheSwissAccount,1789287374.871,0.103,9052,7,0,23749636.0,161892609.4,2
CONT_s11_bola_TheSwissAccount,1789287374.974,0.1031,16604,13,0,23619336.4,155062329.6,2
CONT_s11_bola_TheSwissAccount,1789287375.077,0.1031,9052,7,0,23513747.9,148207199.5,2
CONT_s11_bola_TheSwissAccount,1789287375.18,0.103,9052,7,0,23289106.0,161582833.0,2
CONT_s11_bola_TheSwissAccount,1789287375.283,0.1031,15104,12,0,23346099.7,148584613.3,2
CONT_s11_bola_TheSwissAccount,1789287375.386,0.1029,15156,13,0,23404670.4,93976209.1,2
CONT_s11_bola_TheSwissAccount,1789287375.489,0.1031,302779,242,7,405673.0,5039722.9,2
CONT_s11_bola_TheSwissAccount,1789287375.593,0.1037,57187,47,0,348991.1,127243.2,2
CONT_s11_bola_TheSwissAccount,1789287375.696,0.1032,0,0,0,0,0,0
CONT_s11_bola_TheSwissAccount,1789287375.799,0.1031,0,0,0,0,0,0
CONT_s11_bola_TheSwissAccount,1789287375.902,0.1029,0,0,0,0,0,0
CONT_s11_bola_TheSwissAccount,1789287376.005,0.1031,0,0,0,0,0,0
CONT_s11_bola_TheSwissAccount,1789287376.108,0.103,0,0,0,0,0,0
CONT_s11_bola_TheSwissAccount,1789287376.211,0.1032,0,0,0,0,0,0
CONT_s11_bola_TheSwissAccount,1789287376.314,0.1031,0,0,0,0,0,0
CONT_s11_bola_TheSwissAccount,1789287376.417,0.1029,0,0,0,0,0,0
CONT_s11_bola_TheSwissAccount,1789287376.52,0.103,0,0,0,0,0,0
CONT_s11_bola_TheSwissAccount,1789287376.623,0.1031,17005,13,0,82183933.1,49190258.5,2
CONT_s11_bola_TheSwissAccount,1789287376.727,0.1032,52,1,0,116072313.0,45530955.0,1
CONT_s11_bola_TheSwissAccount,1789287376.83,0.1031,0,0,0,0,0,0
CONT_s11_bola_TheSwissAccount,1789287376.933,0.1031,15180,13,0,70325693.2,244801936.5,2
CONT_s11_bola_TheSwissAccount,1789287377.036,0.103,0,0,0,0,0,0
CONT_s11_bola_TheSwissAccount,1789287377.139,0.1033,0,0,0,0,0,0
CONT_s11_bola_TheSwissAccount,1789287377.245,0.1054,17204,22,2,61158241.0,319711766.1,2
CONT_s11_bola_TheSwissAccount,1789287377.348,0.1032,4692,6,3,50410494.0,86306860.4,2
CONT_s11_bola_TheSwissAccount,1789287377.451,0.1029,6168,7,2,39904116.0,11052344.7,2
CONT_s11_bola_TheSwissAccount,1789287377.554,0.103,3052,3,0,34251180.7,30950176.0,2
CONT_s11_bola_TheSwissAccount,1789287377.657,0.1031,6104,6,0,32688704.3,357352703.7,2
CONT_s11_bola_TheSwissAccount,1789287377.76,0.103,6104,6,0,26833523.7,357678222.4,2
CONT_s11_bola_TheSwissAccount,1789287377.863,0.103,3052,3,0,28066800.3,356990298.4,2
CONT_s11_bola_TheSwissAccount,1789287377.966,0.103,7820,10,0,36730456.0,333250179.5,2
CONT_s11_bola_TheSwissAccount,1789287378.069,0.1031,3128,4,0,39632350.0,332895876.0,2
CONT_s11_bola_TheSwissAccount,1789287378.172,0.1031,6280,8,2,38828626.0,231084457.3,2
CONT_s11_bola_TheSwissAccount,1789287378.275,0.103,3128,4,0,34185499.5,211448026.0,2
CONT_s11_bola_TheSwissAccount,1789287378.378,0.103,7732,9,3,35884004.2,206129834.0,2
CONT_s11_bola_TheSwissAccount,1789287378.481,0.1031,6104,6,0,28572237.7,268141979.4,2
CONT_s11_bola_TheSwissAccount,1789287378.584,0.103,4552,4,0,23892402.0,209267062.1,2
CONT_s11_bola_TheSwissAccount,1789287378.687,0.103,3104,4,0,28965162.0,264764795.9,2
CONT_s11_bola_TheSwissAccount,1789287378.79,0.1031,6104,6,0,32470061.7,268007435.4,2
CONT_s11_bola_TheSwissAccount,1789287378.893,0.1031,6104,6,0,35816806.0,273439256.8,2
CONT_s11_bola_TheSwissAccount,1789287378.996,0.103,6104,6,0,37642007.3,297542578.8,2
CONT_s11_bola_TheSwissAccount,1789287379.099,0.1031,3052,3,0,38608035.0,297510991.3,2
CONT_s11_bola_TheSwissAccount,1789287379.202,0.1031,6052,5,0,43249968.6,330375342.2,2
CONT_s11_bola_TheSwissAccount,1789287379.306,0.1031,4604,5,0,41154734.4,326279474.6,2
CONT_s11_bola_TheSwissAccount,1789287379.409,0.1031,6104,6,0,43827018.7,327648793.1,2
CONT_s11_bola_TheSwissAccount,1789287379.512,0.103,6000,4,0,50578659.0,333346317.0,1
CONT_s11_bola_TheSwissAccount,1789287379.615,0.103,4656,6,0,43421975.5,296550074.0,2
CONT_s11_bola_TheSwissAccount,1789287379.718,0.1032,3052,3,0,46388285.3,327725812.6,2
CONT_s11_bola_TheSwissAccount,1789287379.821,0.1031,3052,3,0,46434494.3,327607594.1,2
CONT_s11_bola_TheSwissAccount,1789287379.924,0.103,7552,6,0,49081888.5,307432010.4,2
CONT_s11_bola_TheSwissAccount,1789287380.027,0.103,6156,7,0,47130343.3,325114806.7,2
CONT_s11_bola_TheSwissAccount,1789287380.133,0.1059,3052,3,0,48072889.0,327021586.5,2
CONT_s11_bola_TheSwissAccount,1789287380.236,0.1031,7552,6,0,50269843.7,304737454.1,2
CONT_s11_bola_TheSwissAccount,1789287380.339,0.1031,6156,7,0,47930295.4,324848351.2,2
CONT_s11_bola_TheSwissAccount,1789287380.442,0.103,0,0,0,0,0,0
CONT_s11_bola_TheSwissAccount,1789287380.545,0.1031,10948,14,0,46629697.0,257057752.7,2
CONT_s11_bola_TheSwissAccount,1789287380.648,0.1031,4692,6,1,47208113.5,217668683.2,2
CONT_s11_bola_TheSwissAccount,1789287380.753,0.1045,4616,5,2,40514385.6,235851464.6,2
CONT_s11_bola_TheSwissAccount,1789287380.856,0.103,6104,6,0,33479215.0,208779836.1,2
CONT_s11_bola_TheSwissAccount,1789287380.959,0.103,4604,5,0,28518148.6,237466273.1,2
CONT_s11_bola_TheSwissAccount,1789287381.062,0.1031,6104,6,0,31082661.0,237811799.3,2
CONT_s11_bola_TheSwissAccount,1789287381.165,0.103,3052,3,0,32762009.3,237966512.2,2
CONT_s11_bola_TheSwissAccount,1789287381.268,0.1031,4552,4,0,36677634.8,269288358.3,2
CONT_s11_bola_TheSwissAccount,1789287381.371,0.103,6104,6,0,38133290.0,267830040.0,2
CONT_s11_bola_TheSwissAccount,1789287381.474,0.1031,3052,3,0,38897080.3,267513864.6,2
CONT_s11_bola_TheSwissAccount,1789287381.577,0.103,8619,9,0,41965036.0,274565688.5,2
CONT_s11_bola_TheSwissAccount,1789287381.68,0.103,0,0,0,0,0,0
CONT_s11_bola_TheSwissAccount,1789287381.783,0.103,7552,6,0,47827246.3,145836454.5,2
CONT_s11_bola_TheSwissAccount,1789287381.886,0.103,7552,6,0,48590941.8,624996.0,2
CONT_s11_bola_TheSwissAccount,1789287381.989,0.103,1552,2,0,45013542.5,620089.0,2
CONT_s11_bola_TheSwissAccount,1789287382.092,0.103,7552,6,0,49135072.3,330476787.6,2
CONT_s11_bola_TheSwissAccount,1789287382.195,0.1031,0,0,0,0,0,0
CONT_s11_bola_TheSwissAccount,1789287382.298,0.103,9052,7,0,49975206.6,361563007.7,2
CONT_s11_bola_TheSwissAccount,1789287382.401,0.103,7820,10,0,46640369.0,333108930.0,2
CONT_s11_bola_TheSwissAccount,1789287382.504,0.103,0,0,0,0,0,0
CONT_s11_bola_TheSwissAccount,1789287382.607,0.103,10936,14,1,47545153.0,261548782.7,2
CONT_s11_bola_TheSwissAccount,1789287382.71,0.1031,6052,5,0,40179552.8,149628634.8,2
CONT_s11_bola_TheSwissAccount,1789287382.814,0.1031,4604,5,0,34718900.2,46463014.0,2
CONT_s11_bola_TheSwissAccount,1789287382.916,0.103,4604,5,0,32809109.4,237030180.7,2
CONT_s11_bola_TheSwissAccount,1789287383.019,0.103,6104,6,0,35700111.3,237815419.7,2
CONT_s11_bola_TheSwissAccount,1789287383.123,0.1031,4552,4,0,39124125.5,269414041.4,2
CONT_s11_bola_TheSwissAccount,1789287383.226,0.1032,3052,3,0,39568277.3,268095174.2,2
CONT_s11_bola_TheSwissAccount,1789287383.329,0.1032,6104,6,0,40839825.7,267743302.9,2
CONT_s11_bola_TheSwissAccount,1789287383.432,0.103,6052,5,0,45788533.2,299939012.7,2
CONT_s11_bola_TheSwissAccount,1789287383.535,0.103,6104,6,0,44548226.7,297268020.4,2
CONT_s11_bola_TheSwissAccount,1789287383.639,0.1038,3052,3,0,44614789.0,297676873.0,2
CONT_s11_bola_TheSwissAccount,1789287383.744,0.1051,7552,6,0,50054278.0,330487689.4,2
CONT_s11_bola_TheSwissAccount,1789287383.847,0.1031,3052,3,0,48004920.7,327587029.4,2
CONT_s11_bola_TheSwissAccount,1789287383.95,0.103,3052,3,0,47775407.3,327516094.5,2
CONT_s11_bola_TheSwissAccount,1789287384.053,0.1034,9384,12,0,45501439.0,302604547.0,2
CONT_s11_bola_TheSwissAccount,1789287384.156,0.103,3128,4,0,47320732.5,303007860.0,2
CONT_s11_bola_TheSwissAccount,1789287384.259,0.103,7744,9,2,43712566.0,219972183.1,2
CONT_s11_bola_TheSwissAccount,1789287384.362,0.103,4604,5,0,37921011.0,207915339.3,2
CONT_s11_bola_TheSwissAccount,1789287384.465,0.103,4552,4,0,32728516.0,224970736.8,2
CONT_s11_bola_TheSwissAccount,1789287384.568,0.103,4604,5,0,31174970.8,237265871.7,2
CONT_s11_bola_TheSwissAccount,1789287384.671,0.103,6104,6,0,34491438.0,238011902.5,2
CONT_s11_bola_TheSwissAccount,1789287384.774,0.103,4552,4,0,38270220.2,269372270.3,2
CONT_s11_bola_TheSwissAccount,1789287384.877,0.1029,6104,6,0,39262169.3,267888121.9,2
CONT_s11_bola_TheSwissAccount,1789287384.98,0.103,3052,3,0,39896331.3,267642432.5,2
CONT_s11_bola_TheSwissAccount,1789287385.083,0.1029,6052,5,0,45255901.6,299781117.4,2
CONT_s11_bola_TheSwissAccount,1789287385.186,0.1031,6104,6,0,43746083.7,297550525.3,2
CONT_s11_bola_TheSwissAccount,1789287385.289,0.103,3643,5,0,40787664.0,209962368.9,2
CONT_s11_bola_TheSwissAccount,1789287385.392,0.1031,0,0,0,0,0,0
CONT_s11_bola_TheSwissAccount,1789287385.496,0.1032,9052,7,0,48902119.9,177791761.5,2
CONT_s11_bola_TheSwissAccount,1789287385.599,0.103,9384,12,0,42398100.0,180741404.0,2
CONT_s11_bola_TheSwissAccount,1789287385.702,0.1032,4692,6,3,41492660.5,52713544.8,2
CONT_s11_bola_TheSwissAccount,1789287385.805,0.103,4680,6,3,34209144.5,907630.3,2
CONT_s11_bola_TheSwissAccount,1789287385.908,0.1031,6104,6,0,37816305.7,212881311.9,2
CONT_s11_bola_TheSwissAccount,1789287386.011,0.103,4552,4,0,34345562.2,239407896.2,2
CONT_s11_bola_TheSwissAccount,1789287386.114,0.103,4604,5,0,30608055.0,236957018.0,2
CONT_s11_bola_TheSwissAccount,1789287386.217,0.1031,6104,6,0,34395744.0,238119521.1,2
CONT_s11_bola_TheSwissAccount,1789287386.32,0.1031,4552,4,0,38692818.0,269228243.1,2
CONT_s11_bola_TheSwissAccount,1789287386.423,0.103,6104,6,0,38797843.3,267698642.8,2
CONT_s11_bola_TheSwissAccount,1789287386.526,0.103,3052,3,0,39394670.0,267937672.8,2
CONT_s11_bola_TheSwissAccount,1789287386.63,0.1034,6052,5,0,45413488.6,300059464.1,2
CONT_s11_bola_TheSwissAccount,1789287386.733,0.1034,6104,6,0,43070937.3,297582999.6,2
CONT_s11_bola_TheSwissAccount,1789287386.836,0.1031,3052,3,0,43190946.3,297897005.9,2
CONT_s11_bola_TheSwissAccount,1789287386.939,0.1029,7552,6,0,49662962.2,330605605.9,2
CONT_s11_bola_TheSwissAccount,1789287387.042,0.103,3052,3,0,46573603.3,327579175.5,2
CONT_s11_bola_TheSwissAccount,1789287387.145,0.103,6104,6,0,46229014.3,327422802.2,2
CONT_s11_bola_TheSwissAccount,1789287387.249,0.1042,6256,8,0,43960245.5,181341955.5,2
CONT_s11_bola_TheSwissAccount,1789287387.352,0.1031,4692,6,1,45027178.0,159413198.4,2
CONT_s11_bola_TheSwissAccount,1789287387.455,0.1031,6256,8,4,34813175.5,144745619.4,2
CONT_s11_bola_TheSwissAccount,1789287387.558,0.103,4604,5,1,34786490.2,206643275.8,2
CONT_s11_bola_TheSwissAccount,1789287387.662,0.1032,6052,5,0,36814130.2,240193840.8,2
CONT_s11_bola_TheSwissAccount,1789287387.765,0.1031,3104,4,0,27985634.0,235063252.2,2
CONT_s11_bola_TheSwissAccount,1789287387.868,0.1031,6104,6,0,32411172.7,237963381.7,2
CONT_s11_bola_TheSwissAccount,1789287387.971,0.103,3052,3,0,33758740.0,238226484.4,2
CONT_s11_bola_TheSwissAccount,1789287388.074,0.103,7604,7,0,38876682.7,268815241.2,2
CONT_s11_bola_TheSwissAccount,1789287388.177,0.103,3052,3,0,38265951.0,267378281.4,2
CONT_s11_bola_TheSwissAccount,1789287388.28,0.1031,6256,8,0,36955048.0,241666374.0,2
CONT_s11_bola_TheSwissAccount,1789287388.383,0.1029,6256,8,0,42333896.0,242250379.0,2
CONT_s11_bola_TheSwissAccount,1789287388.486,0.1031,6168,7,2,36982022.6,161805029.6,2
CONT_s11_bola_TheSwissAccount,1789287388.589,0.103,4552,4,0,33162575.2,180127503.9,2
CONT_s11_bola_TheSwissAccount,1789287388.692,0.1032,3104,4,0,28270853.5,206767660.7,2
CONT_s11_bola_TheSwissAccount,1789287388.795,0.103,6104,6,0,33900687.3,208137860.9,2
CONT_s11_bola_TheSwissAccount,1789287388.898,0.1031,6104,6,0,36864438.3,213569938.2,2
CONT_s11_bola_TheSwissAccount,1789287389.001,0.103,6104,6,0,38391244.3,237714916.0,2
CONT_s11_bola_TheSwissAccount,1789287389.104,0.103,4552,4,0,41589768.8,238913384.4,2
CONT_s11_bola_TheSwissAccount,1789287389.207,0.1031,4604,5,0,39548016.0,236836005.4,2
CONT_s11_bola_TheSwissAccount,1789287389.31,0.103,6465,7,0,40226276.7,206709082.9,2
CONT_s11_bola_TheSwissAccount,1789287389.413,0.103,0,0,0,0,0,0
CONT_s11_bola_TheSwissAccount,1789287389.516,0.103,6052,5,0,47046629.2,114904517.7,2
CONT_s11_bola_TheSwissAccount,1789287389.619,0.1029,6052,5,0,47884943.0,592255.0,2
CONT_s11_bola_TheSwissAccount,1789287389.722,0.1031,7552,6,0,47973923.2,240318953.4,2
CONT_s11_bola_TheSwissAccount,1789287389.825,0.103,6104,6,0,44054390.0,268331077.5,2
CONT_s11_bola_TheSwissAccount,1789287389.928,0.103,0,0,0,0,0,0
CONT_s11_bola_TheSwissAccount,1789287390.031,0.1029,7604,7,0,45427942.1,247292005.7,2
CONT_s11_bola_TheSwissAccount,1789287390.134,0.1033,7552,6,0,47328807.3,300182289.3,2
CONT_s11_bola_TheSwissAccount,1789287390.237,0.103,0,0,0,0,0,0
CONT_s11_bola_TheSwissAccount,1789287390.34,0.103,7604,7,0,45187005.9,274280937.2,2
CONT_s11_bola_TheSwissAccount,1789287390.443,0.103,7552,6,0,47317779.8,300867397.1,2
CONT_s11_bola_TheSwissAccount,1789287390.546,0.103,6052,5,0,47608246.2,300179106.2,2
CONT_s11_bola_TheSwissAccount,1789287390.65,0.1032,1552,2,0,40930075.0,255048520.6,2
CONT_s11_bola_TheSwissAccount,1789287390.754,0.1047,7612,7,0,40280463.9,300549301.9,3
CONT_s11_bola_TheSwissAccount,1789287390.858,0.1032,3449,7,0,23790776.6,142110562.3,4
CONT_s11_bola_TheSwissAccount,1789287390.961,0.1032,7820,10,0,41758220.0,213209386.0,2
CONT_s11_bola_TheSwissAccount,1789287391.064,0.1032,6232,8,1,26884148.5,207280652.3,4
CONT_s11_bola_TheSwissAccount,1789287391.167,0.1033,4616,5,1,31895205.6,197887035.2,4
CONT_s11_bola_TheSwissAccount,1789287391.271,0.1032,4616,5,2,44626989.6,622996.5,2
CONT_s11_bola_TheSwissAccount,1789287391.374,0.1033,4668,6,0,39051352.8,324783355.2,4
CONT_s11_bola_TheSwissAccount,1789287391.477,0.1032,6256,8,0,46641656.5,333138477.0,2
CONT_s11_bola_TheSwissAccount,1789287391.58,0.1032,4692,6,0,46242300.0,333120893.0,2
CONT_s11_bola_TheSwissAccount,1789287391.684,0.1034,6256,8,1,49099786.8,314452391.7,4
CONT_s11_bola_TheSwissAccount,1789287391.787,0.1033,4692,6,3,53846351.5,290374741.1,2
CONT_s11_bola_TheSwissAccount,1789287391.89,0.1034,6168,7,2,51639772.3,301924046.6,4
CONT_s11_bola_TheSwissAccount,1789287391.994,0.1033,3052,3,1,52890307.7,267913594.2,3
CONT_s11_bola_TheSwissAccount,1789287392.097,0.1032,6156,7,0,52216621.3,310372863.5,3
CONT_s11_bola_TheSwissAccount,1789287392.2,0.1034,4604,5,0,53473774.0,345814480.5,4
CONT_s11_bola_TheSwissAccount,1789287392.303,0.1032,4616,5,0,59402184.2,329197267.5,4
CONT_s11_bola_TheSwissAccount,1789287392.407,0.1032,7696,8,0,61087926.9,247687973.5,4
CONT_s11_bola_TheSwissAccount,1789287392.51,0.1032,4676,6,1,63269853.3,233626424.2,4
CONT_s11_bola_TheSwissAccount,1789287392.613,0.1032,6180,7,2,62030571.1,220226993.4,4
CONT_s11_bola_TheSwissAccount,1789287392.716,0.1033,4604,5,0,68338366.2,213830654.2,2
CONT_s11_bola_TheSwissAccount,1789287392.819,0.1032,4616,5,1,66173075.2,235944287.7,4
CONT_s11_bola_TheSwissAccount,1789287392.923,0.1032,6256,8,1,56667208.0,272485236.5,2
CONT_s11_bola_TheSwissAccount,1789287393.026,0.1032,4604,5,0,77239408.4,269253420.6,2
CONT_s11_bola_TheSwissAccount,1789287393.129,0.1034,3128,4,0,68172503.5,332943283.0,2
CONT_s11_bola_TheSwissAccount,1789287393.233,0.1035,7668,8,1,76604624.5,343620745.7,4
CONT_s11_bola_TheSwissAccount,1789287393.336,0.1032,3116,4,0,74342260.2,277964351.9,4
CONT_s11_bola_TheSwissAccount,1789287393.439,0.1031,6180,7,0,75080772.1,315293028.3,4
CONT_s11_bola_TheSwissAccount,1789287393.542,0.1032,4552,4,0,83520547.2,328746657.8,2
CONT_s11_bola_TheSwissAccount,1789287393.645,0.1032,7680,8,1,75046443.0,346943560.0,3
CONT_s11_bola_TheSwissAccount,1789287393.75,0.1044,3156,5,0,85326604.4,347196711.0,3
CONT_s11_bola_TheSwissAccount,1789287393.853,0.1032,6104,6,0,81365930.3,297750984.3,2
CONT_s11_bola_TheSwissAccount,1789287393.956,0.1032,6104,6,0,79818400.3,300838663.0,2
CONT_s11_bola_TheSwissAccount,1789287394.059,0.1032,4604,5,0,87547691.8,300152149.6,2
CONT_s11_bola_TheSwissAccount,1789287394.163,0.1033,6104,6,0,80615693.7,327398910.6,2
CONT_s11_bola_TheSwissAccount,1789287394.266,0.1032,4552,4,0,94564882.2,328860641.4,2
CONT_s11_bola_TheSwissAccount,1789287394.37,0.1037,4604,5,0,89496441.2,340813646.9,3
CONT_s11_bola_TheSwissAccount,1789287394.473,0.1032,6308,9,0,81330340.9,319186359.4,2
CONT_s11_bola_TheSwissAccount,1789287394.576,0.1032,4616,5,0,94731208.0,329544605.1,4
CONT_s11_bola_TheSwissAccount,1789287394.679,0.1033,6168,7,0,94491945.1,302907973.5,4
CONT_s11_bola_TheSwissAccount,1789287394.782,0.1032,4616,5,2,76469822.6,236219486.2,2
CONT_s11_bola_TheSwissAccount,1789287394.886,0.1032,4604,5,0,96071155.0,296473780.2,4
CONT_s11_bola_TheSwissAccount,1789287394.989,0.1032,6104,6,0,96937743.7,279962839.2,3
CONT_s11_bola_TheSwissAccount,1789287395.092,0.1032,5554,7,0,92499609.1,227153612.5,4
CONT_s11_bola_TheSwissAccount,1789287395.195,0.1033,3052,3,0,100364538.3,206318461.8,2
CONT_s11_bola_TheSwissAccount,1789287395.299,0.1032,7604,7,0,94055330.6,256020917.4,4
CONT_s11_bola_TheSwissAccount,1789287395.402,0.1032,4616,5,0,101453393.8,291653996.5,4
CONT_s11_bola_TheSwissAccount,1789287395.505,0.1032,6052,5,0,95607407.4,300301370.2,2
CONT_s11_bola_TheSwissAccount,1789287395.608,0.1032,4744,7,0,109091099.3,299471519.3,3
CONT_s11_bola_TheSwissAccount,1789287395.712,0.1035,3128,4,1,99564438.5,290740804.0,2
CONT_s11_bola_TheSwissAccount,1789287395.815,0.1032,6104,6,0,102571324.7,327544580.0,2
CONT_s11_bola_TheSwissAccount,1789287395.918,0.1033,6244,8,2,102665108.2,296658846.7,4
CONT_s11_bola_TheSwissAccount,1789287396.021,0.1032,6052,5,0,101069965.4,300467118.9,3
CONT_s11_bola_TheSwissAccount,1789287396.125,0.1034,4808,8,1,96026806.2,269332299.5,2
CONT_s11_bola_TheSwissAccount,1789287396.228,0.1034,4704,7,0,89014680.3,290045241.3,5
CONT_s11_bola_TheSwissAccount,1789287396.331,0.1033,6052,5,0,93302470.4,255455933.5,3
CONT_s11_bola_TheSwissAccount,1789287396.435,0.1032,5120,7,0,58253899.1,215155194.2,5
CONT_s11_bola_TheSwissAccount,1789287396.538,0.1033,6008,7,0,61772866.9,168831559.8,3
CONT_s11_bola_TheSwissAccount,1789287396.641,0.1034,5145,7,0,71415906.6,108432688.6,3
CONT_s11_bola_TheSwissAccount,1789287396.746,0.105,4616,5,1,44299507.4,164819595.4,4
CONT_s11_bola_TheSwissAccount,1789287396.85,0.1035,6104,6,0,30934673.7,874559.0,2
CONT_s11_bola_TheSwissAccount,1789287396.953,0.1033,4604,5,1,84067230.2,281732544.3,2
CONT_s11_bola_TheSwissAccount,1789287397.056,0.1033,4680,6,0,57610107.5,299905214.2,4
CONT_s11_bola_TheSwissAccount,1789287397.16,0.1034,6288,8,0,49982357.0,302698880.5,2
CONT_s11_bola_TheSwissAccount,1789287397.263,0.1034,4644,5,0,58915282.2,363518925.0,3
CONT_s11_bola_TheSwissAccount,1789287397.367,0.1034,6324,9,2,77690023.3,274957552.4,4
CONT_s11_bola_TheSwissAccount,1789287397.47,0.1034,4700,6,3,47722933.5,290030353.4,2
CONT_s11_bola_TheSwissAccount,1789287397.573,0.1034,6244,8,3,55769778.5,289211084.9,4
CONT_s11_bola_TheSwissAccount,1789287397.677,0.1034,3116,4,2,106483813.5,291275215.1,2
CONT_s11_bola_TheSwissAccount,1789287397.78,0.1034,6180,7,0,50729254.3,352818971.6,2
CONT_s11_bola_TheSwissAccount,1789287397.884,0.1033,6256,8,0,40453801.5,363346000.2,2
CONT_s11_bola_TheSwissAccount,1789287397.987,0.1034,4616,5,0,89757426.6,359717546.3,4
CONT_s11_bola_TheSwissAccount,1789287398.09,0.1034,4692,6,0,45232963.0,318054812.0,2
CONT_s11_bola_TheSwissAccount,1789287398.194,0.1034,6256,8,1,41666379.5,348222289.5,2
CONT_s11_bola_TheSwissAccount,1789287398.297,0.1034,6192,7,0,94872829.3,302601320.8,4
CONT_s11_bola_TheSwissAccount,1789287398.4,0.1034,4756,7,0,36526932.6,257393164.5,2
CONT_s11_bola_TheSwissAccount,1789287398.504,0.1033,4604,5,1,31952516.0,281227471.3,2
CONT_s11_bola_TheSwissAccount,1789287398.607,0.1034,4785,5,1,103172554.4,248201268.7,4
CONT_s11_bola_TheSwissAccount,1789287398.711,0.1035,6156,7,0,54293647.6,115173890.1,3
CONT_s11_bola_TheSwissAccount,1789287398.814,0.1034,6104,6,0,41788525.0,815791.5,2
CONT_s11_bola_TheSwissAccount,1789287398.918,0.1037,4552,4,0,154606810.0,278071232.8,2
CONT_s11_bola_TheSwissAccount,1789287399.021,0.1035,6104,6,0,69328837.3,328357446.5,3
CONT_s11_bola_TheSwissAccount,1789287399.125,0.1034,3180,5,0,47273579.6,314374434.0,2
CONT_s11_bola_TheSwissAccount,1789287399.228,0.1037,6180,7,0,97978800.0,315518024.9,4
CONT_s11_bola_TheSwissAccount,1789287399.332,0.1034,6260,8,1,83781201.6,252557430.2,4
CONT_s11_bola_TheSwissAccount,1789287399.435,0.1035,4616,5,0,112718956.6,175354769.1,4
CONT_s11_bola_TheSwissAccount,1789287399.539,0.1033,6168,7,2,87388614.3,195255110.4,4
CONT_s11_bola_TheSwissAccount,1789287399.642,0.1034,4604,5,0,57427739.6,267069802.6,2
CONT_s11_bola_TheSwissAccount,1789287399.747,0.1048,3052,3,0,143988455.0,238795571.4,2
CONT_s11_bola_TheSwissAccount,1789287399.85,0.1035,6104,6,0,99767562.0,256999443.6,4
CONT_s11_bola_TheSwissAccount,1789287399.954,0.1034,6104,6,0,62092948.0,297482986.3,2
CONT_s11_bola_TheSwissAccount,1789287400.057,0.1034,6104,6,0,138955484.3,297552820.9,2
CONT_s11_bola_TheSwissAccount,1789287400.16,0.1034,4552,4,0,71862151.0,299407363.4,2
CONT_s11_bola_TheSwissAccount,1789287400.264,0.1034,3104,4,0,69101049.0,323066480.0,2
CONT_s11_bola_TheSwissAccount,1789287400.367,0.1034,6104,6,0,109954089.8,327733978.8,4
CONT_s11_bola_TheSwissAccount,1789287400.471,0.1034,6104,6,0,111974576.3,327535214.2,4
CONT_s11_bola_TheSwissAccount,1789287400.574,0.1034,4604,5,0,74144021.2,299388174.5,2
CONT_s11_bola_TheSwissAccount,1789287400.677,0.1034,6180,7,0,122298660.6,330517332.1,4
CONT_s11_bola_TheSwissAccount,1789287400.781,0.1034,6333,8,0,115138614.5,303509871.4,4
CONT_s11_bola_TheSwissAccount,1789287400.884,0.1032,4616,5,1,132852133.2,170820014.0,2
CONT_s11_bola_TheSwissAccount,1789287400.988,0.1034,3104,4,0,101076306.8,144441989.0,3
CONT_s11_bola_TheSwissAccount,1789287401.091,0.1035,6104,6,0,83931000.3,777171.0,2
CONT_s11_bola_TheSwissAccount,1789287401.195,0.1035,6104,6,0,110369547.0,322669797.7,4
CONT_s11_bola_TheSwissAccount,1789287401.298,0.1034,4604,5,0,106096577.4,311378116.3,4
CONT_s11_bola_TheSwissAccount,1789287401.401,0.1034,6104,6,0,80126612.0,327469774.7,2
CONT_s11_bola_TheSwissAccount,1789287401.505,0.1034,6052,5,0,107171663.0,330383783.7,3
CONT_s11_bola_TheSwissAccount,1789287401.608,0.1034,4668,6,0,114152838.3,305117451.5,4
CONT_s11_bola_TheSwissAccount,1789287401.712,0.1035,3052,3,0,80945831.3,327384557.5,2
CONT_s11_bola_TheSwissAccount,1789287401.815,0.1034,6104,6,0,74217487.7,327336154.7,2
CONT_s11_bola_TheSwissAccount,1789287401.918,0.1033,4692,6,1,154517795.5,319462074.1,2
CONT_s11_bola_TheSwissAccount,1789287402.022,0.1034,6256,8,0,76742075.0,332919940.5,2
CONT_s11_bola_TheSwissAccount,1789287402.125,0.1035,6256,8,0,73075609.5,333094810.0,2
CONT_s11_bola_TheSwissAccount,1789287402.229,0.1035,4704,7,1,134325954.4,307928424.6,3
CONT_s11_bola_TheSwissAccount,1789287402.332,0.1035,6104,6,1,71758961.0,268145367.6,2
CONT_s11_bola_TheSwissAccount,1789287402.436,0.1036,5928,10,0,55957808.4,208198415.6,5
CONT_s11_bola_TheSwissAccount,1789287402.539,0.1035,3104,4,0,7427036.0,49975445.2,2
CONT_s11_bola_TheSwissAccount,1789287402.643,0.1036,6104,6,0,17038764.0,780161.5,2
CONT_s11_bola_TheSwissAccount,1789287402.749,0.1064,6104,6,0,23049074.7,619551.5,2
CONT_s11_bola_TheSwissAccount,1789287402.853,0.1035,4616,5,0,48009440.0,329049477.9,4
CONT_s11_bola_TheSwissAccount,1789287402.956,0.1034,6272,8,0,32989337.5,333130597.0,2
CONT_s11_bola_TheSwissAccount,1789287403.06,0.1036,3160,4,0,36336163.0,333162115.0,2
CONT_s11_bola_TheSwissAccount,1789287403.164,0.1036,7868,10,2,60240445.4,300264150.0,4
CONT_s11_bola_TheSwissAccount,1789287403.267,0.1036,4732,6,3,38377183.0,244672178.9,2
CONT_s11_bola_TheSwissAccount,1789287403.371,0.1036,6252,8,4,29666120.0,231893777.0,2
CONT_s11_bola_TheSwissAccount,1789287403.474,0.1037,4692,6,3,101136502.5,305288766.6,2
CONT_s11_bola_TheSwissAccount,1789287403.578,0.1035,4552,4,0,36203421.0,329458761.6,2
CONT_s11_bola_TheSwissAccount,1789287403.681,0.1035,6260,8,0,35732365.5,350957933.1,2
CONT_s11_bola_TheSwissAccount,1789287403.785,0.1036,4724,6,0,63725593.2,343272688.0,4
CONT_s11_bola_TheSwissAccount,1789287403.889,0.1036,6320,8,0,46928216.0,302848305.0,2
CONT_s11_bola_TheSwissAccount,1789287403.992,0.1036,4716,6,3,40335607.0,274243199.0,2
CONT_s11_bola_TheSwissAccount,1789287404.096,0.1036,4692,6,3,59194356.8,271240370.9,4
CONT_s11_bola_TheSwissAccount,1789287404.2,0.1037,6104,6,1,31273435.0,268349902.8,2
CONT_s11_bola_TheSwissAccount,1789287404.303,0.1035,4604,5,0,33144980.6,326789299.9,2
CONT_s11_bola_TheSwissAccount,1789287404.407,0.1036,6156,7,1,50008061.9,325456243.3,4
CONT_s11_bola_TheSwissAccount,1789287404.51,0.1036,4604,5,0,31274572.2,326367773.1,2
CONT_s11_bola_TheSwissAccount,1789287404.614,0.1036,4604,5,0,33804115.2,302065371.9,2
CONT_s11_bola_TheSwissAccount,1789287404.718,0.104,6104,6,0,37101203.0,327767552.0,2
CONT_s11_bola_TheSwissAccount,1789287404.821,0.1036,4552,4,0,88464560.2,325827563.3,3
CONT_s11_bola_TheSwissAccount,1789287404.925,0.1036,4668,6,0,42400899.5,329706022.4,2
CONT_s11_bola_TheSwissAccount,1789287405.029,0.1038,6288,8,0,44972326.5,302479354.0,2
CONT_s11_bola_TheSwissAccount,1789287405.134,0.1055,6124,6,0,90740522.2,272820719.1,4
CONT_s11_bola_TheSwissAccount,1789287405.238,0.1036,4760,7,1,57582261.3,315257398.7,3
CONT_s11_bola_TheSwissAccount,1789287405.341,0.1036,4616,5,2,41933598.6,280425188.0,2
CONT_s11_bola_TheSwissAccount,1789287405.445,0.1036,6104,6,0,93275244.0,274955004.0,4
CONT_s11_bola_TheSwissAccount,1789287405.549,0.1037,4796,8,0,48137584.1,258774210.1,3
CONT_s11_bola_TheSwissAccount,1789287405.652,0.1036,6180,7,0,70073066.0,243320559.9,4
CONT_s11_bola_TheSwissAccount,1789287405.756,0.1038,4628,5,0,54077287.6,239511801.0,3
CONT_s11_bola_TheSwissAccount,1789287405.86,0.1035,6156,7,1,55246755.0,262435275.1,4
CONT_s11_bola_TheSwissAccount,1789287405.963,0.1036,4604,5,0,63844005.2,191203604.2,4
CONT_s11_bola_TheSwissAccount,1789287406.067,0.1035,3052,3,0,104796608.7,226248978.3,2
CONT_s11_bola_TheSwissAccount,1789287406.171,0.1037,6104,6,0,72769324.0,238090255.9,4
CONT_s11_bola_TheSwissAccount,1789287406.274,0.1036,4552,4,0,47934903.2,239464760.8,2
CONT_s11_bola_TheSwissAccount,1789287406.378,0.1036,6156,7,0,71465214.6,265820876.6,4
CONT_s11_bola_TheSwissAccount,1789287406.481,0.1036,6216,8,0,65796829.0,265707972.1,5
CONT_s11_bola_TheSwissAccount,1789287406.585,0.1038,4592,5,0,84553997.8,251967837.1,4
CONT_s11_bola_TheSwissAccount,1789287406.689,0.1037,4552,4,0,84618831.5,298338920.8,3
CONT_s11_bola_TheSwissAccount,1789287406.792,0.1037,6385,8,0,61903871.0,287257057.3,5
CONT_s11_bola_TheSwissAccount,1789287406.896,0.1037,4552,4,0,100492689.8,247433070.1,2
CONT_s11_bola_TheSwissAccount,1789287407.0,0.1038,6208,8,0,49660356.1,169471639.0,4
CONT_s11_bola_TheSwissAccount,1789287407.104,0.1039,3052,3,0,21724851.7,518923.0,2
CONT_s11_bola_TheSwissAccount,1789287407.208,0.1039,6598,8,0,44375509.0,276628727.1,4
CONT_s11_bola_TheSwissAccount,1789287407.311,0.1037,6256,8,0,34850776.5,250598781.0,2
CONT_s11_bola_TheSwissAccount,1789287407.415,0.1038,3128,4,0,37966205.0,311945303.0,2
CONT_s11_bola_TheSwissAccount,1789287407.519,0.1038,7868,10,1,53482804.6,313401694.4,4
CONT_s11_bola_TheSwissAccount,1789287407.623,0.1038,4732,6,2,40651225.0,287909129.2,2
CONT_s11_bola_TheSwissAccount,1789287407.727,0.1039,4732,6,2,33508798.5,244791151.5,2
CONT_s11_bola_TheSwissAccount,1789287407.831,0.1038,6264,8,2,32583402.5,261008358.8,2
CONT_s11_bola_TheSwissAccount,1789287407.934,0.1039,5121,7,3,59033152.3,292827017.0,4
CONT_s11_bola_TheSwissAccount,1789287408.038,0.1038,6116,6,0,26653691.3,347422161.1,2
CONT_s11_bola_TheSwissAccount,1789287408.142,0.1038,4692,6,0,23525138.5,317845637.0,2
CONT_s11_bola_TheSwissAccount,1789287408.248,0.1058,6180,7,0,62269939.3,350530511.6,4
CONT_s11_bola_TheSwissAccount,1789287408.352,0.1039,4692,6,0,29077789.0,363307130.0,2
CONT_s11_bola_TheSwissAccount,1789287408.456,0.1038,6244,8,2,30709457.0,339578184.0,2
CONT_s11_bola_TheSwissAccount,1789287408.559,0.1037,4680,6,0,96229557.8,330153166.1,4
CONT_s11_bola_TheSwissAccount,1789287408.663,0.1038,4552,4,0,30111450.5,319841415.2,2
CONT_s11_bola_TheSwissAccount,1789287408.767,0.1038,6168,7,0,58032163.9,326410533.6,4
CONT_s11_bola_TheSwissAccount,1789287408.871,0.1037,4552,4,0,24889413.2,342180733.2,2
CONT_s11_bola_TheSwissAccount,1789287408.974,0.1038,6220,8,2,78394890.2,336345168.2,4
CONT_s11_bola_TheSwissAccount,1789287409.078,0.1038,4552,4,0,59009689.8,359154939.6,3
CONT_s11_bola_TheSwissAccount,1789287409.182,0.1037,6308,9,0,48935805.2,360674991.3,3
CONT_s11_bola_TheSwissAccount,1789287409.286,0.1039,3116,4,0,81436323.8,333856133.2,4
CONT_s11_bola_TheSwissAccount,1789287409.39,0.1039,6256,8,0,42714812.5,332938023.5,2
CONT_s11_bola_TheSwissAccount,1789287409.493,0.1037,6168,7,1,62216325.0,269905516.6,4
CONT_s11_bola_TheSwissAccount,1789287409.597,0.1038,4628,5,0,98186606.0,285885850.0,3
CONT_s11_bola_TheSwissAccount,1789287409.701,0.1039,6268,9,1,60367085.0,271411527.0,5
CONT_s11_bola_TheSwissAccount,1789287409.805,0.1039,4604,5,0,40409126.4,296534975.1,2
CONT_s11_bola_TheSwissAccount,1789287409.909,0.1041,6144,7,0,62857791.6,297726616.2,4
CONT_s11_bola_TheSwissAccount,1789287410.013,0.104,5231,9,0,42749953.1,270122342.0,6
CONT_s11_bola_TheSwissAccount,1789287410.117,0.1042,3052,3,0,47440943.7,289330443.4,2
CONT_s11_bola_TheSwissAccount,1789287410.221,0.1041,7768,10,0,37345550.4,302526327.3,4
CONT_s11_bola_TheSwissAccount,1789287410.325,0.1041,4896,6,0,35494255.0,267142612.9,4
CONT_s11_bola_TheSwissAccount,1789287410.43,0.1042,6180,7,0,50095569.0,293520191.6,2
CONT_s11_bola_TheSwissAccount,1789287410.534,0.1041,4692,6,0,47603933.5,276915440.0,2
CONT_s11_bola_TheSwissAccount,1789287410.639,0.1049,3128,4,0,49241959.5,300836559.0,2
CONT_s11_bola_TheSwissAccount,1789287410.744,0.1053,0,0,0,0,0,0
CONT_s11_bola_TheSwissAccount,1789287410.848,0.1041,0,0,0,0,0,0
CONT_s11_bola_TheSwissAccount,1789287410.952,0.1043,15640,20,9,53429135.5,120160820.2,2
CONT_s11_bola_TheSwissAccount,1789287411.057,0.1041,6156,7,1,49458141.1,20613597.9,2
CONT_s11_bola_TheSwissAccount,1789287411.161,0.1044,3052,3,0,49616219.0,684588.0,2
CONT_s11_bola_TheSwissAccount,1789287411.265,0.1042,7604,7,0,50218112.3,176942868.7,2
CONT_s11_bola_TheSwissAccount,1789287411.369,0.1044,4604,5,1,67392511.8,375747160.1,4
CONT_s11_bola_TheSwissAccount,1789287411.474,0.1041,6052,5,0,53092476.0,255180526.6,2
CONT_s11_bola_TheSwissAccount,1789287411.578,0.1041,6104,6,0,87664326.7,267217262.7,4
CONT_s11_bola_TheSwissAccount,1789287411.682,0.1041,6247,6,0,66443384.3,172547751.0,3
CONT_s11_bola_TheSwissAccount,1789287411.786,0.1041,4604,5,0,110073026.0,29661406.5,2
CONT_s11_bola_TheSwissAccount,1789287411.89,0.1042,6052,5,0,68083142.0,224022079.7,2
CONT_s11_bola_TheSwissAccount,1789287411.994,0.1042,6104,6,0,109645051.7,224755217.3,2
CONT_s11_bola_TheSwissAccount,1789287412.098,0.1041,3052,3,0,74231840.3,168158656.8,2
CONT_s11_bola_TheSwissAccount,1789287412.203,0.1042,6104,6,0,94050365.8,387503135.7,4
CONT_s11_bola_TheSwissAccount,1789287412.307,0.104,4604,5,0,95594945.6,277131988.7,4
CONT_s11_bola_TheSwissAccount,1789287412.411,0.104,7604,7,0,92344417.1,327364300.9,4
CONT_s11_bola_TheSwissAccount,1789287412.515,0.1041,6104,6,0,96856475.0,337911154.3,4
CONT_s11_bola_TheSwissAccount,1789287412.619,0.104,1552,2,0,79448369.5,238800843.0,2
CONT_s11_bola_TheSwissAccount,1789287412.723,0.104,7604,7,0,95781052.1,350447494.6,4
CONT_s11_bola_TheSwissAccount,1789287412.827,0.104,7604,7,0,98653787.9,321857090.2,4
CONT_s11_bola_TheSwissAccount,1789287412.931,0.1041,4552,4,0,81328487.8,283084779.2,2
CONT_s11_bola_TheSwissAccount,1789287413.035,0.104,6104,6,0,122359287.3,421939571.9,2
CONT_s11_bola_TheSwissAccount,1789287413.139,0.1044,4552,4,0,88184872.5,282943777.0,2
CONT_s11_bola_TheSwissAccount,1789287413.244,0.1048,4552,4,0,84123753.0,283083240.0,2
CONT_s11_bola_TheSwissAccount,1789287413.348,0.1043,6104,6,0,126774774.0,422158225.0,2
CONT_s11_bola_TheSwissAccount,1789287413.452,0.1041,6208,7,0,105276817.6,297927145.7,4
CONT_s11_bola_TheSwissAccount,1789287413.557,0.1041,3052,3,0,116878151.3,218733518.5,2
CONT_s11_bola_TheSwissAccount,1789287413.661,0.1041,9104,8,0,93409611.0,194937831.2,2
CONT_s11_bola_TheSwissAccount,1789287413.765,0.1041,6104,6,0,122417582.3,362958539.1,2
CONT_s11_bola_TheSwissAccount,1789287413.869,0.1042,4552,4,0,98586896.2,282882381.3,2
CONT_s11_bola_TheSwissAccount,1789287413.973,0.1042,4552,4,0,93115812.8,282501198.6,2
CONT_s11_bola_TheSwissAccount,1789287414.077,0.1041,6104,6,0,126897368.7,422412791.7,2
CONT_s11_bola_TheSwissAccount,1789287414.181,0.1041,4552,4,0,98421305.8,283034127.9,2
CONT_s11_bola_TheSwissAccount,1789287414.285,0.1041,7604,7,0,111552581.3,372728042.4,4
CONT_s11_bola_TheSwissAccount,1789287414.389,0.1041,3052,3,0,130559221.0,337855310.0,2
CONT_s11_bola_TheSwissAccount,1789287414.494,0.1041,4552,4,0,98433906.5,282841789.5,2
CONT_s11_bola_TheSwissAccount,1789287414.598,0.1043,7604,7,0,113009951.9,373029670.7,4
CONT_s11_bola_TheSwissAccount,1789287414.702,0.104,3052,3,0,133569999.3,337977977.5,2
CONT_s11_bola_TheSwissAccount,1789287414.806,0.1039,7604,7,0,96048738.0,268400182.9,2
CONT_s11_bola_TheSwissAccount,1789287414.91,0.104,6104,6,0,132900300.7,394389841.6,2
CONT_s11_bola_TheSwissAccount,1789287415.014,0.1041,7287,8,0,96361274.2,277472159.5,2
CONT_s11_bola_TheSwissAccount,1789287415.119,0.1046,3052,3,0,137319096.0,436509213.8,2
CONT_s11_bola_TheSwissAccount,1789287415.223,0.1043,3052,3,0,130772222.7,294675412.9,2
CONT_s11_bola_TheSwissAccount,1789287415.327,0.1041,9104,8,0,111899732.9,285816539.3,4
CONT_s11_bola_TheSwissAccount,1789287415.431,0.1042,6104,6,0,116601483.7,224781097.2,4
CONT_s11_bola_TheSwissAccount,1789287415.535,0.1041,6104,6,0,116518102.2,387723315.9,4
CONT_s11_bola_TheSwissAccount,1789287415.64,0.1044,4552,4,0,119066743.2,281548043.4,3
CONT_s11_bola_TheSwissAccount,1789287415.749,0.1096,6156,7,0,100896404.9,251381414.2,2
CONT_s11_bola_TheSwissAccount,1789287415.854,0.1042,6104,6,0,125847049.0,365844327.8,2
CONT_s11_bola_TheSwissAccount,1789287415.958,0.1041,6104,6,0,102065844.0,255064279.5,2
CONT_s11_bola_TheSwissAccount,1789287416.062,0.1041,3052,3,0,129555431.7,422470531.5,2
CONT_s11_bola_TheSwissAccount,1789287416.166,0.104,6104,6,0,115847354.0,337894161.3,4
CONT_s11_bola_TheSwissAccount,1789287416.27,0.1041,4552,4,0,100605947.0,311095973.8,2
CONT_s11_bola_TheSwissAccount,1789287416.374,0.1042,6104,6,0,124805447.3,365865454.3,2
CONT_s11_bola_TheSwissAccount,1789287416.478,0.1041,6104,6,0,103391616.3,365575853.1,2
CONT_s11_bola_TheSwissAccount,1789287416.582,0.104,6104,6,0,122614609.3,351701350.0,2
CONT_s11_bola_TheSwissAccount,1789287416.686,0.1041,4552,4,0,105507612.0,225831673.2,2
CONT_s11_bola_TheSwissAccount,1789287416.79,0.1041,6156,7,0,113415706.1,335237641.5,4
CONT_s11_bola_TheSwissAccount,1789287416.895,0.104,4782,5,0,115780501.4,258087830.3,4
CONT_s11_bola_TheSwissAccount,1789287416.999,0.1042,6104,6,0,111993350.0,263029683.8,2
CONT_s11_bola_TheSwissAccount,1789287417.103,0.1042,4552,4,0,98876817.2,195847115.9,2
CONT_s11_bola_TheSwissAccount,1789287417.207,0.1042,7604,7,0,106107755.0,355825834.6,4
CONT_s11_bola_TheSwissAccount,1789287417.311,0.1041,3052,3,0,118638659.3,337657400.1,2
CONT_s11_bola_TheSwissAccount,1789287417.415,0.1041,4552,4,0,98919791.8,283064282.1,2
CONT_s11_bola_TheSwissAccount,1789287417.52,0.1042,7604,7,0,108724699.0,372932784.7,4
CONT_s11_bola_TheSwissAccount,1789287417.624,0.1041,7604,7,0,109738307.7,305124255.4,4
CONT_s11_bola_TheSwissAccount,1789287417.728,0.1041,4552,4,0,93729592.0,282837886.4,2
CONT_s11_bola_TheSwissAccount,1789287417.832,0.1041,6104,6,0,128341491.0,422423742.3,2
CONT_s11_bola_TheSwissAccount,1789287417.936,0.1042,4552,4,0,99155521.2,283182678.3,2
CONT_s11_bola_TheSwissAccount,1789287418.04,0.1041,4552,4,0,93866742.8,282810393.5,2
CONT_s11_bola_TheSwissAccount,1789287418.144,0.1042,6104,6,0,131889641.7,422275126.4,2
CONT_s11_bola_TheSwissAccount,1789287418.253,0.1085,4552,4,0,99288241.5,282830023.5,2
CONT_s11_bola_TheSwissAccount,1789287418.357,0.1042,7604,7,0,114050013.6,372801402.5,4
CONT_s11_bola_TheSwissAccount,1789287418.461,0.1041,3052,3,0,134757403.3,337651761.8,2
CONT_s11_bola_TheSwissAccount,1789287418.565,0.1041,6251,7,0,95372313.9,254944444.7,2
CONT_s11_bola_TheSwissAccount,1789287418.669,0.1041,6216,8,0,114018705.4,365845704.0,3
CONT_s11_bola_TheSwissAccount,1789287418.773,0.1041,6425,9,0,73456120.0,183428127.3,4
CONT_s11_bola_TheSwissAccount,1789287418.878,0.1042,6104,6,0,36287946.0,42027101.6,3
CONT_s11_bola_TheSwissAccount,1789287418.982,0.1044,6104,6,0,14705673.7,773652.5,2
CONT_s11_bola_TheSwissAccount,1789287419.086,0.1044,3052,3,0,17805766.0,168664469.6,2
CONT_s11_bola_TheSwissAccount,1789287419.191,0.1042,6104,6,0,22873936.3,168542259.1,2
CONT_s11_bola_TheSwissAccount,1789287419.295,0.1042,6104,6,0,26741755.0,168311441.9,2
CONT_s11_bola_TheSwissAccount,1789287419.399,0.1042,6104,6,0,29687842.3,168278863.9,2
CONT_s11_bola_TheSwissAccount,1789287419.503,0.1043,6104,6,0,31925237.0,168726256.0,2
CONT_s11_bola_TheSwissAccount,1789287419.608,0.1042,6104,6,0,33622950.3,168713006.4,2
CONT_s11_bola_TheSwissAccount,1789287419.712,0.1044,3052,3,0,34308795.3,168458672.8,2
CONT_s11_bola_TheSwissAccount,1789287419.816,0.1042,6104,6,0,35414739.7,168730274.2,2
CONT_s11_bola_TheSwissAccount,1789287419.921,0.1046,6104,6,0,36270016.0,168545350.0,2
CONT_s11_bola_TheSwissAccount,1789287420.025,0.1042,6104,6,0,36908839.3,168366812.7,2
CONT_s11_bola_TheSwissAccount,1789287420.133,0.1075,6104,6,0,37383079.7,168357850.5,2
CONT_s11_bola_TheSwissAccount,1789287420.237,0.1042,6104,6,0,37719149.0,168624132.3,2
CONT_s11_bola_TheSwissAccount,1789287420.341,0.1043,3052,3,0,37848991.7,168255815.8,2
CONT_s11_bola_TheSwissAccount,1789287420.445,0.1044,6104,6,0,38067114.3,168211419.2,2
CONT_s11_bola_TheSwissAccount,1789287420.55,0.1043,6104,6,0,38218774.7,168608771.3,2
CONT_s11_bola_TheSwissAccount,1789287420.654,0.1042,6557,7,0,66021765.7,168288817.7,3
CONT_s11_bola_TheSwissAccount,1789287420.758,0.1042,4552,4,0,327244739.8,155069171.8,2
CONT_s11_bola_TheSwissAccount,1789287420.863,0.1044,4552,4,0,287641800.8,1002697.0,2
CONT_s11_bola_TheSwissAccount,1789287420.967,0.1043,6104,6,0,57544410.7,337803748.5,2
CONT_s11_bola_TheSwissAccount,1789287421.071,0.1042,4552,4,0,264982956.8,282623414.9,2
CONT_s11_bola_TheSwissAccount,1789287421.175,0.1042,7604,7,0,166293874.7,372803747.8,4
CONT_s11_bola_TheSwissAccount,1789287421.28,0.1043,3052,3,0,73101504.3,337950624.8,2
CONT_s11_bola_TheSwissAccount,1789287421.384,0.1042,9052,7,0,191040203.6,284421954.2,2
CONT_s11_bola_TheSwissAccount,1789287421.488,0.1044,3104,4,0,133644219.2,498502663.4,3
CONT_s11_bola_TheSwissAccount,1789287421.593,0.1042,7604,7,0,146153627.4,304875968.0,4
CONT_s11_bola_TheSwissAccount,1789287421.697,0.1042,4552,4,0,174356243.2,283235975.3,2
CONT_s11_bola_TheSwissAccount,1789287421.801,0.1043,6104,6,0,96159853.0,422305928.1,2
CONT_s11_bola_TheSwissAccount,1789287421.905,0.1043,4552,4,0,169773614.2,282827140.4,2
CONT_s11_bola_TheSwissAccount,1789287422.01,0.1044,6104,6,0,137057408.3,366066518.3,4
CONT_s11_bola_TheSwissAccount,1789287422.114,0.1043,6104,6,0,135473345.8,303854541.6,4
CONT_s11_bola_TheSwissAccount,1789287422.218,0.1044,6104,6,0,133742948.8,323736139.5,4
CONT_s11_bola_TheSwissAccount,1789287422.323,0.1042,4552,4,0,109407119.8,281584251.3,3
CONT_s11_bola_TheSwissAccount,1789287422.427,0.1043,6156,7,0,153596938.4,251493618.8,2
CONT_s11_bola_TheSwissAccount,1789287422.531,0.1043,6104,6,0,106944421.3,365905571.2,2
CONT_s11_bola_TheSwissAccount,1789287422.638,0.1063,1552,2,0,158884082.5,204758121.5,2
CONT_s11_bola_TheSwissAccount,1789287422.746,0.1088,7604,7,0,121094048.6,339171715.9,4
CONT_s11_bola_TheSwissAccount,1789287422.851,0.1042,7604,7,0,119806336.0,300866694.3,4
CONT_s11_bola_TheSwissAccount,1789287422.955,0.1043,4604,5,0,129581745.8,280043491.3,2
CONT_s11_bola_TheSwissAccount,1789287423.059,0.1042,6104,6,0,114135083.0,394041852.2,2
CONT_s11_bola_TheSwissAccount,1789287423.163,0.1042,4552,4,0,121255298.2,311577566.9,2
CONT_s11_bola_TheSwissAccount,1789287423.268,0.1043,4552,4,0,114083623.5,282877984.3,2
CONT_s11_bola_TheSwissAccount,1789287423.372,0.1043,6156,7,0,117109356.0,419001241.1,2
CONT_s11_bola_TheSwissAccount,1789287423.476,0.1043,6052,5,0,112130963.2,312269316.5,2
CONT_s11_bola_TheSwissAccount,1789287423.58,0.1043,6092,6,0,113169595.2,324691903.0,2
CONT_s11_bola_TheSwissAccount,1789287423.685,0.1044,6104,6,0,120883605.7,169781204.2,2
CONT_s11_bola_TheSwissAccount,1789287423.789,0.1043,5274,6,0,122763644.0,71533557.3,3
CONT_s11_bola_TheSwissAccount,1789287423.893,0.1042,4552,4,0,104159683.8,80304305.8,2
CONT_s11_bola_TheSwissAccount,1789287423.998,0.1043,4552,4,0,97332663.8,909846.0,2
CONT_s11_bola_TheSwissAccount,1789287424.102,0.1043,4552,4,0,91400987.2,169359150.7,2
CONT_s11_bola_TheSwissAccount,1789287424.206,0.1044,9104,8,0,81812781.8,169483902.5,2
CONT_s11_bola_TheSwissAccount,1789287424.311,0.1043,4552,4,0,77928368.2,169654757.7,2
CONT_s11_bola_TheSwissAccount,1789287424.415,0.1043,4552,4,0,74530154.0,169654330.2,2
CONT_s11_bola_TheSwissAccount,1789287424.519,0.1043,4552,4,0,71545310.0,169776487.0,2
CONT_s11_bola_TheSwissAccount,1789287424.623,0.1043,4552,4,0,68910028.8,169769214.4,2
CONT_s11_bola_TheSwissAccount,1789287424.728,0.1044,9104,8,0,64491200.2,169680882.8,2
CONT_s11_bola_TheSwissAccount,1789287424.832,0.1042,4552,4,0,62632658.2,169674145.9,2
CONT_s11_bola_TheSwissAccount,1789287424.936,0.1043,4552,4,0,60968846.2,169654463.2,2
CONT_s11_bola_TheSwissAccount,1789287425.041,0.1043,4552,4,0,59470353.2,169714546.3,2
CONT_s11_bola_TheSwissAccount,1789287425.145,0.1043,9086,9,0,58273074.7,115055001.1,2
CONT_s11_bola_TheSwissAccount,1789287425.25,0.1055,4552,4,0,56792449.0,573959.0,2
CONT_s11_bola_TheSwissAccount,1789287425.355,0.1043,4552,4,0,55771859.8,169566214.5,2
CONT_s11_bola_TheSwissAccount,1789287425.459,0.1043,4552,4,0,54827427.2,169681616.8,2
CONT_s11_bola_TheSwissAccount,1789287425.564,0.1049,4552,4,0,53959627.2,169700056.4,2
CONT_s11_bola_TheSwissAccount,1789287425.668,0.1042,9104,8,0,52408676.8,169446802.1,2
CONT_s11_bola_TheSwissAccount,1789287425.772,0.1043,4552,4,0,51707106.2,169578332.4,2
CONT_s11_bola_TheSwissAccount,1789287425.877,0.1043,4552,4,0,51063294.0,169422192.3,2
CONT_s11_bola_TheSwissAccount,1789287425.981,0.1043,6104,6,0,48809111.3,140134425.4,2
CONT_s11_bola_TheSwissAccount,1789287426.085,0.1043,6052,5,0,51578472.0,227145985.4,2
CONT_s11_bola_TheSwissAccount,1789287426.189,0.1042,6104,6,0,48872845.0,224599210.0,2
CONT_s11_bola_TheSwissAccount,1789287426.294,0.1043,6052,5,0,51577162.6,227110737.5,2
CONT_s11_bola_TheSwissAccount,1789287426.398,0.1042,4829,5,0,47049627.0,190762812.9,2
CONT_s11_bola_TheSwissAccount,1789287426.502,0.1042,6052,5,0,49983879.0,111262110.6,2
CONT_s11_bola_TheSwissAccount,1789287426.606,0.1043,6052,5,0,49718367.8,986808.0,2
CONT_s11_bola_TheSwissAccount,1789287426.711,0.1044,0,0,0,0,0,0
CONT_s11_bola_TheSwissAccount,1789287426.815,0.1043,6052,5,0,49423403.8,226448127.8,2
CONT_s11_bola_TheSwissAccount,1789287426.919,0.1042,6052,5,0,49114943.0,226661114.2,2
CONT_s11_bola_TheSwissAccount,1789287427.024,0.1043,6052,5,0,48810430.0,226712072.5,2
CONT_s11_bola_TheSwissAccount,1789287427.128,0.1043,6052,5,0,48508113.8,226646995.8,2
CONT_s11_bola_TheSwissAccount,1789287427.232,0.1044,6052,5,0,48212186.2,226930274.1,2
CONT_s11_bola_TheSwissAccount,1789287427.337,0.1043,7604,7,0,47020601.0,168935330.7,2
CONT_s11_bola_TheSwissAccount,1789287427.441,0.1043,4900,5,0,46951057.4,233423348.2,2
CONT_s11_bola_TheSwissAccount,1789287427.545,0.1043,0,0,0,0,0,0
CONT_s11_bola_TheSwissAccount,1789287427.65,0.1043,0,0,0,0,0,0
CONT_s11_bola_TheSwissAccount,1789287427.755,0.1051,0,0,0,0,0,0
CONT_s11_bola_TheSwissAccount,1789287427.859,0.1042,0,0,0,0,0,0
CONT_s11_bola_TheSwissAccount,1789287427.963,0.1044,0,0,0,0,0,0
CONT_s11_bola_TheSwissAccount,1789287428.068,0.1043,0,0,0,0,0,0
CONT_s11_bola_TheSwissAccount,1789287428.172,0.1043,0,0,0,0,0,0
CONT_s11_bola_TheSwissAccount,1789287428.276,0.1042,0,0,0,0,0,0
CONT_s11_bola_TheSwissAccount,1789287428.38,0.1043,0,0,0,0,0,0
CONT_s11_bola_TheSwissAccount,1789287428.485,0.1043,15505,12,0,108599229.8,2427521.3,2
CONT_s11_bola_TheSwissAccount,1789287428.589,0.1044,7552,6,0,96734713.3,137405913.0,2
CONT_s11_bola_TheSwissAccount,1789287428.693,0.1044,0,0,0,0,0,0
CONT_s11_bola_TheSwissAccount,1789287428.798,0.1043,7552,6,0,87108906.7,1303455.0,2
CONT_s11_bola_TheSwissAccount,1789287428.902,0.1043,7552,6,0,79789094.3,284189063.4,2
CONT_s11_bola_TheSwissAccount,1789287429.006,0.1043,0,0,0,0,0,0
CONT_s11_bola_TheSwissAccount,1789287429.111,0.1043,10604,9,0,75907913.4,240402621.7,2
CONT_s11_bola_TheSwissAccount,1789287429.215,0.1044,6052,5,0,72068286.0,730107.0,2
CONT_s11_bola_TheSwissAccount,1789287429.319,0.1043,4494,4,0,72328868.0,253046449.1,2
CONT_s11_bola_TheSwissAccount,1789287429.424,0.1043,0,0,0,0,0,0
CONT_s11_bola_TheSwissAccount,1789287429.528,0.1042,0,0,0,0,0,0
CONT_s11_bola_TheSwissAccount,1789287429.634,0.1062,0,0,0,0,0,0
CONT_s11_bola_TheSwissAccount,1789287429.738,0.1044,0,0,0,0,0,0
CONT_s11_bola_TheSwissAccount,1789287429.843,0.1042,0,0,0,0,0,0
CONT_s11_bola_TheSwissAccount,1789287429.947,0.1043,0,0,0,0,0,0
CONT_s11_bola_TheSwissAccount,1789287430.051,0.1042,0,0,0,0,0,0
CONT_s11_bola_TheSwissAccount,1789287430.155,0.1042,0,0,0,0,0,0
CONT_s11_bola_TheSwissAccount,1789287430.26,0.1042,0,0,0,0,0,0
CONT_s11_bola_TheSwissAccount,1789287430.364,0.1041,0,0,0,0,0,0
CONT_s11_bola_TheSwissAccount,1789287430.468,0.1042,0,0,0,0,0,0
CONT_s11_bola_TheSwissAccount,1789287430.572,0.1043,0,0,0,0,0,0
CONT_s11_bola_TheSwissAccount,1789287430.677,0.1044,0,0,0,0,0,0
CONT_s11_bola_TheSwissAccount,1789287430.781,0.1043,0,0,0,0,0,0
CONT_s11_bola_TheSwissAccount,1789287430.885,0.1042,0,0,0,0,0,0
CONT_s11_bola_TheSwissAccount,1789287430.989,0.1043,0,0,0,0,0,0
CONT_s11_bola_TheSwissAccount,1789287431.094,0.1043,0,0,0,0,0,0
CONT_s11_bola_TheSwissAccount,1789287431.198,0.1043,0,0,0,0,0,0
CONT_s11_bola_TheSwissAccount,1789287431.302,0.1042,0,0,0,0,0,0
CONT_s11_bola_TheSwissAccount,1789287431.406,0.1043,0,0,0,0,0,0
CONT_s11_bola_TheSwissAccount,1789287431.511,0.1043,0,0,0,0,0,0
CONT_s11_bola_TheSwissAccount,1789287431.615,0.1043,0,0,0,0,0,0
CONT_s11_bola_TheSwissAccount,1789287431.719,0.1044,0,0,0,0,0,0
CONT_s11_bola_TheSwissAccount,1789287431.824,0.1042,0,0,0,0,0,0
CONT_s11_bola_TheSwissAccount,1789287431.928,0.1042,0,0,0,0,0,0
CONT_s11_bola_TheSwissAccount,1789287432.032,0.1043,0,0,0,0,0,0
CONT_s11_bola_TheSwissAccount,1789287432.137,0.1046,0,0,0,0,0,0
CONT_s11_bola_TheSwissAccount,1789287432.242,0.105,0,0,0,0,0,0
CONT_s11_bola_TheSwissAccount,1789287432.346,0.1042,0,0,0,0,0,0
CONT_s11_bola_TheSwissAccount,1789287432.45,0.1043,0,0,0,0,0,0
CONT_s11_bola_TheSwissAccount,1789287432.555,0.1043,0,0,0,0,0,0
CONT_s11_bola_TheSwissAccount,1789287432.659,0.1041,0,0,0,0,0,0
CONT_s11_bola_TheSwissAccount,1789287432.763,0.1041,0,0,0,0,0,0
CONT_s11_bola_TheSwissAccount,1789287432.867,0.1043,15505,12,0,328983579.5,2601136.5,2
CONT_s11_bola_TheSwissAccount,1789287432.971,0.1043,0,0,0,0,0,0
CONT_s11_bola_TheSwissAccount,1789287433.076,0.1042,9052,7,0,253822946.0,166142971.4,2
CONT_s11_bola_TheSwissAccount,1789287433.18,0.1043,4552,4,0,257202687.5,84553607.8,2
CONT_s11_bola_TheSwissAccount,1789287433.284,0.1042,4552,4,0,232709346.0,542626.0,2
CONT_s11_bola_TheSwissAccount,1789287433.388,0.1041,6052,5,0,193690225.8,197996764.0,2
CONT_s11_bola_TheSwissAccount,1789287433.492,0.1043,6052,5,0,173205176.2,227102677.9,2
CONT_s11_bola_TheSwissAccount,1789287433.597,0.1043,6052,5,0,156524824.8,226379488.0,2
CONT_s11_bola_TheSwissAccount,1789287433.701,0.1042,6052,5,0,142830974.6,227050804.6,2
CONT_s11_bola_TheSwissAccount,1789287433.805,0.1043,6052,5,0,131480589.4,226246770.5,2
CONT_s11_bola_TheSwissAccount,1789287433.91,0.1042,3737,4,0,134069913.8,182103646.4,2
CONT_s11_bola_TheSwissAccount,1789287434.014,0.1044,0,0,0,0,0,0
CONT_s11_bola_TheSwissAccount,1789287434.118,0.1043,0,0,0,0,0,0
CONT_s11_bola_TheSwissAccount,1789287434.222,0.1044,0,0,0,0,0,0
CONT_s11_bola_TheSwissAccount,1789287434.327,0.1042,0,0,0,0,0,0
CONT_s11_bola_TheSwissAccount,1789287434.431,0.104,0,0,0,0,0,0
CONT_s11_bola_TheSwissAccount,1789287434.535,0.1043,0,0,0,0,0,0
CONT_s11_bola_TheSwissAccount,1789287434.64,0.1045,0,0,0,0,0,0
CONT_s11_bola_TheSwissAccount,1789287434.746,0.1064,0,0,0,0,0,0
CONT_s11_bola_TheSwissAccount,1789287434.85,0.1043,0,0,0,0,0,0
CONT_s11_bola_TheSwissAccount,1789287434.955,0.1043,0,0,0,0,0,0
CONT_s11_bola_TheSwissAccount,1789287435.059,0.1043,0,0,0,0,0,0
CONT_s11_bola_TheSwissAccount,1789287435.163,0.1043,0,0,0,0,0,0
CONT_s11_bola_TheSwissAccount,1789287435.267,0.1043,0,0,0,0,0,0
CONT_s11_bola_TheSwissAccount,1789287435.372,0.1043,0,0,0,0,0,0
CONT_s11_bola_TheSwissAccount,1789287435.476,0.1043,0,0,0,0,0,0
CONT_s11_bola_TheSwissAccount,1789287435.58,0.1043,0,0,0,0,0,0
CONT_s11_bola_TheSwissAccount,1789287435.685,0.1042,0,0,0,0,0,0
CONT_s11_bola_TheSwissAccount,1789287435.789,0.1042,0,0,0,0,0,0
CONT_s11_bola_TheSwissAccount,1789287435.893,0.1043,0,0,0,0,0,0
CONT_s11_bola_TheSwissAccount,1789287435.998,0.1047,0,0,0,0,0,0
CONT_s11_bola_TheSwissAccount,1789287436.102,0.1043,0,0,0,0,0,0
CONT_s11_bola_TheSwissAccount,1789287436.206,0.1042,0,0,0,0,0,0
CONT_s11_bola_TheSwissAccount,1789287436.311,0.1043,0,0,0,0,0,0
CONT_s11_bola_TheSwissAccount,1789287436.415,0.1043,0,0,0,0,0,0
CONT_s11_bola_TheSwissAccount,1789287436.519,0.1042,0,0,0,0,0,0
CONT_s11_bola_TheSwissAccount,1789287436.623,0.1043,0,0,0,0,0,0
CONT_s11_bola_TheSwissAccount,1789287436.728,0.1042,0,0,0,0,0,0
CONT_s11_bola_TheSwissAccount,1789287436.832,0.1042,0,0,0,0,0,0
CONT_s11_bola_TheSwissAccount,1789287436.936,0.1045,14005,11,0,343990444.2,2714511.0,2
CONT_s11_bola_TheSwissAccount,1789287437.041,0.1043,7552,6,0,278094248.2,109005319.7,2
CONT_s11_bola_TheSwissAccount,1789287437.145,0.1044,0,0,0,0,0,0
CONT_s11_bola_TheSwissAccount,1789287437.251,0.1058,7552,6,0,235076899.3,1219399.0,2
CONT_s11_bola_TheSwissAccount,1789287437.355,0.1041,7552,6,0,202314055.3,284312874.3,2
CONT_s11_bola_TheSwissAccount,1789287437.459,0.1043,7552,6,0,177337386.2,283836549.9,2
CONT_s11_bola_TheSwissAccount,1789287437.564,0.1043,3052,3,0,228349825.3,196168276.1,2
CONT_s11_bola_TheSwissAccount,1789287437.668,0.1043,6052,5,0,164797251.2,664644.0,2
CONT_s11_bola_TheSwissAccount,1789287437.772,0.1043,4552,4,0,170713285.8,197682213.3,2
CONT_s11_bola_TheSwissAccount,1789287437.876,0.1042,6052,5,0,143023277.4,198521484.9,2
CONT_s11_bola_TheSwissAccount,1789287437.981,0.1043,4760,5,0,131527669.6,202022515.3,2
CONT_s11_bola_TheSwissAccount,1789287438.085,0.1043,0,0,0,0,0,0
CONT_s11_bola_TheSwissAccount,1789287438.189,0.1042,0,0,0,0,0,0
CONT_s11_bola_TheSwissAccount,1789287438.293,0.1043,0,0,0,0,0,0
CONT_s11_bola_TheSwissAccount,1789287438.398,0.1042,0,0,0,0,0,0
CONT_s11_bola_TheSwissAccount,1789287438.502,0.1043,0,0,0,0,0,0
CONT_s11_bola_TheSwissAccount,1789287438.606,0.1043,0,0,0,0,0,0
CONT_s11_bola_TheSwissAccount,1789287438.71,0.1042,0,0,0,0,0,0
CONT_s11_bola_TheSwissAccount,1789287438.815,0.1042,0,0,0,0,0,0
CONT_s11_bola_TheSwissAccount,1789287438.919,0.1043,0,0,0,0,0,0
CONT_s11_bola_TheSwissAccount,1789287439.023,0.1043,0,0,0,0,0,0
CONT_s11_bola_TheSwissAccount,1789287439.127,0.1043,0,0,0,0,0,0
CONT_s11_bola_TheSwissAccount,1789287439.233,0.105,0,0,0,0,0,0
CONT_s11_bola_TheSwissAccount,1789287439.337,0.1042,0,0,0,0,0,0
CONT_s11_bola_TheSwissAccount,1789287439.441,0.1042,0,0,0,0,0,0
CONT_s11_bola_TheSwissAccount,1789287439.545,0.1043,0,0,0,0,0,0
CONT_s11_bola_TheSwissAccount,1789287439.65,0.1042,0,0,0,0,0,0
CONT_s11_bola_TheSwissAccount,1789287439.755,0.105,0,0,0,0,0,0
CONT_s11_bola_TheSwissAccount,1789287439.859,0.104,0,0,0,0,0,0
CONT_s11_bola_TheSwissAccount,1789287439.963,0.1044,0,0,0,0,0,0
CONT_s11_bola_TheSwissAccount,1789287440.067,0.1042,0,0,0,0,0,0
CONT_s11_bola_TheSwissAccount,1789287440.171,0.1042,0,0,0,0,0,0
CONT_s11_bola_TheSwissAccount,1789287440.276,0.1042,0,0,0,0,0,0
CONT_s11_bola_TheSwissAccount,1789287440.38,0.1043,0,0,0,0,0,0
CONT_s11_bola_TheSwissAccount,1789287440.484,0.1044,15505,12,0,290544517.2,621688.6,2
CONT_s11_bola_TheSwissAccount,1789287440.588,0.1043,0,0,0,0,0,0
CONT_s11_bola_TheSwissAccount,1789287440.693,0.1042,7552,6,0,245888825.7,137837002.9,2
CONT_s11_bola_TheSwissAccount,1789287440.797,0.1042,7552,6,0,211396652.0,1229603.0,2
CONT_s11_bola_TheSwissAccount,1789287440.901,0.1043,7552,6,0,185058775.5,283816513.6,2
CONT_s11_bola_TheSwissAccount,1789287441.006,0.1044,0,0,0,0,0,0
CONT_s11_bola_TheSwissAccount,1789287441.11,0.1043,7552,6,0,164733882.3,283818957.2,2
CONT_s11_bola_TheSwissAccount,1789287441.214,0.1044,7552,6,0,148841096.2,284301865.9,2
CONT_s11_bola_TheSwissAccount,1789287441.318,0.1042,0,0,0,0,0,0
CONT_s11_bola_TheSwissAccount,1789287441.423,0.1043,11159,10,0,139124489.0,246237557.4,2
CONT_s11_bola_TheSwissAccount,1789287441.527,0.1043,0,0,0,0,0,0
CONT_s11_bola_TheSwissAccount,1789287441.635,0.1082,0,0,0,0,0,0
CONT_s11_bola_TheSwissAccount,1789287441.74,0.1043,0,0,0,0,0,0
CONT_s11_bola_TheSwissAccount,1789287441.844,0.1042,0,0,0,0,0,0
CONT_s11_bola_TheSwissAccount,1789287441.948,0.1042,0,0,0,0,0,0
CONT_s11_bola_TheSwissAccount,1789287442.052,0.1042,0,0,0,0,0,0
CONT_s11_bola_TheSwissAccount,1789287442.156,0.1043,0,0,0,0,0,0
CONT_s11_bola_TheSwissAccount,1789287442.261,0.1042,0,0,0,0,0,0
CONT_s11_bola_TheSwissAccount,1789287442.365,0.1042,0,0,0,0,0,0
CONT_s11_bola_TheSwissAccount,1789287442.469,0.1042,0,0,0,0,0,0
CONT_s11_bola_TheSwissAccount,1789287442.573,0.1042,0,0,0,0,0,0
CONT_s11_bola_TheSwissAccount,1789287442.678,0.1044,0,0,0,0,0,0
CONT_s11_bola_TheSwissAccount,1789287442.782,0.1042,0,0,0,0,0,0
CONT_s11_bola_TheSwissAccount,1789287442.886,0.1042,15549,17,0,83390.6,194253.8,2
CONT_s11_bola_TheSwissAccount,1789287442.991,0.1045,0,0,0,0,0,0
CONT_s11_bola_TheSwissAccount,1789287443.095,0.1044,13552,10,0,19340754.1,253581048.2,2
CONT_s11_bola_TheSwissAccount,1789287443.199,0.1044,4616,5,1,25754600.4,1328621.0,2
CONT_s11_bola_TheSwissAccount,1789287443.304,0.1044,0,0,0,0,0,0
CONT_s11_bola_TheSwissAccount,1789287443.408,0.1044,10616,9,1,30806879.3,213866812.5,2
CONT_s11_bola_TheSwissAccount,1789287443.513,0.1044,4604,5,0,34501167.8,139853782.3,2
CONT_s11_bola_TheSwissAccount,1789287443.617,0.1044,7604,7,0,38502969.1,180506682.3,2
CONT_s11_bola_TheSwissAccount,1789287443.722,0.1046,6000,4,0,42023913.0,257386924.0,1
CONT_s11_bola_TheSwissAccount,1789287443.826,0.1044,4604,5,0,42160860.4,251750451.6,2
CONT_s11_bola_TheSwissAccount,1789287443.93,0.1044,0,0,0,0,0,0
CONT_s11_bola_TheSwissAccount,1789287444.035,0.1045,7552,6,0,45378756.5,227276288.3,2
CONT_s11_bola_TheSwissAccount,1789287444.14,0.1048,9104,8,0,46643812.8,310958083.1,2
CONT_s11_bola_TheSwissAccount,1789287444.245,0.1052,0,0,0,0,0,0
CONT_s11_bola_TheSwissAccount,1789287444.349,0.1044,7552,6,0,48341726.3,312819190.9,2
CONT_s11_bola_TheSwissAccount,1789287444.454,0.1045,6052,5,0,48515879.4,340280181.4,2
CONT_s11_bola_TheSwissAccount,1789287444.558,0.1045,9505,8,0,114905216.9,284674001.5,3
CONT_s11_bola_TheSwissAccount,1789287444.663,0.1044,0,0,0,0,0,0
CONT_s11_bola_TheSwissAccount,1789287444.767,0.1043,7552,6,0,437292222.2,228502098.5,2
CONT_s11_bola_TheSwissAccount,1789287444.871,0.1044,9104,8,0,61128586.5,226353523.9,2
CONT_s11_bola_TheSwissAccount,1789287444.976,0.1045,4552,4,0,426158798.8,254754737.1,2
CONT_s11_bola_TheSwissAccount,1789287445.08,0.1044,3052,3,0,66108433.3,225217277.3,2
CONT_s11_bola_TheSwissAccount,1789287445.185,0.1043,9052,7,0,65930920.1,313264259.7,2
CONT_s11_bola_TheSwissAccount,1789287445.289,0.1044,4604,5,0,327573181.0,307283144.8,3
CONT_s11_bola_TheSwissAccount,1789287445.394,0.1045,4552,4,0,69221926.5,339942414.8,2
CONT_s11_bola_TheSwissAccount,1789287445.498,0.1045,4552,4,0,67072970.0,254272940.2,2
CONT_s11_bola_TheSwissAccount,1789287445.603,0.1047,6104,6,0,376572995.0,224745477.8,2
CONT_s11_bola_TheSwissAccount,1789287445.707,0.1044,4552,4,0,75604596.0,283118403.1,2
CONT_s11_bola_TheSwissAccount,1789287445.811,0.1044,7604,7,0,197838580.3,282333661.3,4
CONT_s11_bola_TheSwissAccount,1789287445.916,0.1044,3052,3,0,339140296.0,281260134.4,2
CONT_s11_bola_TheSwissAccount,1789287446.02,0.1045,9104,8,0,77386481.2,282842004.2,2
CONT_s11_bola_TheSwissAccount,1789287446.125,0.1045,4604,5,0,330149799.6,308071562.2,2
CONT_s11_bola_TheSwissAccount,1789287446.229,0.1044,3052,3,0,289867869.7,309208648.7,2
CONT_s11_bola_TheSwissAccount,1789287446.334,0.1044,9052,7,0,84188355.0,313071654.8,2
CONT_s11_bola_TheSwissAccount,1789287446.438,0.1048,4656,6,0,252049327.7,284841131.0,3
CONT_s11_bola_TheSwissAccount,1789287446.543,0.1045,3052,3,0,252882533.7,309664363.4,2
CONT_s11_bola_TheSwissAccount,1789287446.647,0.1044,9052,7,0,88429318.9,313345797.2,2
CONT_s11_bola_TheSwissAccount,1789287446.753,0.1061,4656,6,0,225955047.0,279683771.2,3
CONT_s11_bola_TheSwissAccount,1789287446.858,0.1044,3052,3,0,224244019.3,309736589.6,2
CONT_s11_bola_TheSwissAccount,1789287446.962,0.1045,4604,5,0,98421487.2,308000944.5,2
CONT_s11_bola_TheSwissAccount,1789287447.067,0.1046,9748,10,0,165001234.7,308889500.4,4
CONT_s11_bola_TheSwissAccount,1789287447.173,0.1056,3052,3,0,93783725.0,240710157.0,1
CONT_s11_bola_TheSwissAccount,1789287447.277,0.1044,3000,2,0,89312206.0,0,1
CONT_s11_bola_TheSwissAccount,1789287447.381,0.1045,0,0,0,0,0,0
CONT_s11_bola_TheSwissAccount,1789287447.486,0.1044,0,0,0,0,0,0
CONT_s11_bola_TheSwissAccount,1789287447.59,0.1045,0,0,0,0,0,0
CONT_s11_bola_TheSwissAccount,1789287447.695,0.1045,0,0,0,0,0,0
CONT_s11_bola_TheSwissAccount,1789287447.799,0.1044,0,0,0,0,0,0
CONT_s11_bola_TheSwissAccount,1789287447.904,0.1044,0,0,0,0,0,0
CONT_s11_bola_TheSwissAccount,1789287448.008,0.1045,0,0,0,0,0,0
CONT_s11_bola_TheSwissAccount,1789287448.113,0.1044,0,0,0,0,0,0
CONT_s11_bola_TheSwissAccount,1789287448.217,0.1044,0,0,0,0,0,0
CONT_s11_bola_TheSwissAccount,1789287448.322,0.1044,0,0,0,0,0,0
CONT_s11_bola_TheSwissAccount,1789287448.426,0.1044,0,0,0,0,0,0
CONT_s11_bola_TheSwissAccount,1789287448.53,0.1044,0,0,0,0,0,0
CONT_s11_bola_TheSwissAccount,1789287448.636,0.106,15557,13,0,249689207.2,390754.5,2
CONT_s11_bola_TheSwissAccount,1789287448.741,0.1048,6052,5,0,212285813.4,108528288.5,2
CONT_s11_bola_TheSwissAccount,1789287448.846,0.1045,6052,5,0,188051648.4,1256992.0,2
CONT_s11_bola_TheSwissAccount,1789287448.95,0.1044,6052,5,0,168407697.4,226471633.3,2
CONT_s11_bola_TheSwissAccount,1789287449.055,0.1045,6052,5,0,152401835.4,226403811.9,2
CONT_s11_bola_TheSwissAccount,1789287449.159,0.1044,0,0,0,0,0,0
CONT_s11_bola_TheSwissAccount,1789287449.263,0.1045,6052,5,0,139248476.2,227128803.3,2
CONT_s11_bola_TheSwissAccount,1789287449.368,0.1045,6052,5,0,128351842.0,226911277.3,2
CONT_s11_bola_TheSwissAccount,1789287449.473,0.1045,6052,5,0,119244987.2,226975557.1,2
CONT_s11_bola_TheSwissAccount,1789287449.577,0.1045,6052,5,0,111575492.6,227024874.5,2
CONT_s11_bola_TheSwissAccount,1789287449.681,0.1044,6052,5,0,105051315.6,227130368.8,2
CONT_s11_bola_TheSwissAccount,1789287449.786,0.1044,6258,6,0,90397888.7,172020312.9,2
CONT_s11_bola_TheSwissAccount,1789287449.89,0.1045,52,1,0,230336259.0,52170080.0,1
CONT_s11_bola_TheSwissAccount,1789287449.995,0.1045,0,0,0,0,0,0
CONT_s11_bola_TheSwissAccount,1789287450.099,0.1044,0,0,0,0,0,0
CONT_s11_bola_TheSwissAccount,1789287450.204,0.1046,0,0,0,0,0,0
CONT_s11_bola_TheSwissAccount,1789287450.308,0.1044,0,0,0,0,0,0
CONT_s11_bola_TheSwissAccount,1789287450.413,0.1044,0,0,0,0,0,0
CONT_s11_bola_TheSwissAccount,1789287450.517,0.1045,0,0,0,0,0,0
CONT_s11_bola_TheSwissAccount,1789287450.622,0.1045,0,0,0,0,0,0
CONT_s11_bola_TheSwissAccount,1789287450.726,0.1045,0,0,0,0,0,0
CONT_s11_bola_TheSwissAccount,1789287450.831,0.1044,0,0,0,0,0,0
CONT_s11_bola_TheSwissAccount,1789287450.935,0.1044,0,0,0,0,0,0
CONT_s11_bola_TheSwissAccount,1789287451.039,0.1045,0,0,0,0,0,0
CONT_s11_bola_TheSwissAccount,1789287451.144,0.1044,0,0,0,0,0,0
CONT_s11_bola_TheSwissAccount,1789287451.253,0.1092,0,0,0,0,0,0
CONT_s11_bola_TheSwissAccount,1789287451.358,0.1046,0,0,0,0,0,0
CONT_s11_bola_TheSwissAccount,1789287451.462,0.1045,0,0,0,0,0,0
CONT_s11_bola_TheSwissAccount,1789287451.566,0.1044,0,0,0,0,0,0
CONT_s11_bola_TheSwissAccount,1789287451.671,0.1044,0,0,0,0,0,0
CONT_s11_bola_TheSwissAccount,1789287451.775,0.1043,0,0,0,0,0,0
CONT_s11_bola_TheSwissAccount,1789287451.88,0.1044,0,0,0,0,0,0
CONT_s11_bola_TheSwissAccount,1789287451.984,0.1045,0,0,0,0,0,0
CONT_s11_bola_TheSwissAccount,1789287452.088,0.1044,0,0,0,0,0,0
CONT_s11_bola_TheSwissAccount,1789287452.193,0.1043,0,0,0,0,0,0
CONT_s11_bola_TheSwissAccount,1789287452.297,0.1044,0,0,0,0,0,0
CONT_s11_bola_TheSwissAccount,1789287452.402,0.1044,0,0,0,0,0,0
CONT_s11_bola_TheSwissAccount,1789287452.506,0.1044,0,0,0,0,0,0
CONT_s11_bola_TheSwissAccount,1789287452.61,0.1044,0,0,0,0,0,0
CONT_s11_bola_TheSwissAccount,1789287452.715,0.1045,0,0,0,0,0,0
CONT_s11_bola_TheSwissAccount,1789287452.819,0.1044,0,0,0,0,0,0
CONT_s11_bola_TheSwissAccount,1789287452.924,0.1045,20057,16,0,277471287.6,41048556.9,2
CONT_s11_bola_TheSwissAccount,1789287453.028,0.1046,6052,5,0,245250171.4,1038327.0,2
CONT_s11_bola_TheSwissAccount,1789287453.136,0.1073,6052,5,0,215855874.4,226469445.0,2
CONT_s11_bola_TheSwissAccount,1789287453.24,0.1047,0,0,0,0,0,0
CONT_s11_bola_TheSwissAccount,1789287453.345,0.1043,6052,5,0,192109861.2,226619022.7,2
CONT_s11_bola_TheSwissAccount,1789287453.449,0.1044,9104,8,0,177380799.5,197685001.1,2
CONT_s11_bola_TheSwissAccount,1789287453.553,0.1045,4552,4,0,165102492.2,912847.0,2
CONT_s11_bola_TheSwissAccount,1789287453.658,0.1044,7552,6,0,128750182.0,284146982.0,2
CONT_s11_bola_TheSwissAccount,1789287453.762,0.1044,0,0,0,0,0,0
CONT_s11_bola_TheSwissAccount,1789287453.867,0.1045,7552,6,0,117636043.0,284117526.7,2
CONT_s11_bola_TheSwissAccount,1789287453.971,0.1045,7552,6,0,108814967.8,284120072.6,2
CONT_s11_bola_TheSwissAccount,1789287454.076,0.1045,0,0,0,0,0,0
CONT_s11_bola_TheSwissAccount,1789287454.18,0.1044,7552,6,0,101692021.8,284539830.6,2
CONT_s11_bola_TheSwissAccount,1789287454.285,0.1045,7552,6,0,95848793.0,284301085.6,2
CONT_s11_bola_TheSwissAccount,1789287454.389,0.1044,7552,6,0,90977641.5,284102370.5,2
CONT_s11_bola_TheSwissAccount,1789287454.493,0.1044,0,0,0,0,0,0
CONT_s11_bola_TheSwissAccount,1789287454.598,0.1045,7552,6,0,86849152.8,284083385.1,2
CONT_s11_bola_TheSwissAccount,1789287454.702,0.1044,7552,6,0,83290665.8,284286384.8,2
CONT_s11_bola_TheSwissAccount,1789287454.807,0.1044,7552,6,0,80186000.5,284413974.7,2
CONT_s11_bola_TheSwissAccount,1789287454.911,0.1044,0,0,0,0,0,0
CONT_s11_bola_TheSwissAccount,1789287455.016,0.1044,7552,6,0,77442355.3,284425756.2,2
CONT_s11_bola_TheSwissAccount,1789287455.12,0.1045,5801,6,0,95207408.7,223183026.4,2
CONT_s11_bola_TheSwissAccount,1789287455.225,0.1046,7552,6,0,73206568.8,139114053.1,2
CONT_s11_bola_TheSwissAccount,1789287455.329,0.1044,41,1,0,2797214532.0,0,1
CONT_s11_bola_TheSwissAccount,1789287455.434,0.1045,7552,6,0,71316893.8,543626.0,2
CONT_s11_bola_TheSwissAccount,1789287455.538,0.1045,7616,7,0,59602472.0,662390699.5,3
CONT_s11_bola_TheSwissAccount,1789287455.643,0.1049,7552,6,0,67995876.7,285958185.4,2
CONT_s11_bola_TheSwissAccount,1789287455.749,0.1064,511470,393,10,771646.2,2294653.4,2
CONT_s11_bola_TheSwissAccount,1789287455.854,0.1047,379519,288,0,100838.2,101982.8,2
CONT_s11_bola_TheSwissAccount,1789287455.959,0.1046,0,0,0,0,0,0
CONT_s11_bola_TheSwissAccount,1789287456.063,0.1045,0,0,0,0,0,0
CONT_s11_bola_TheSwissAccount,1789287456.167,0.1043,0,0,0,0,0,0
CONT_s11_bola_TheSwissAccount,1789287456.272,0.1044,0,0,0,0,0,0
CONT_s11_bola_TheSwissAccount,1789287456.376,0.1044,0,0,0,0,0,0
CONT_s11_bola_TheSwissAccount,1789287456.481,0.1045,0,0,0,0,0,0
CONT_s11_bola_TheSwissAccount,1789287456.585,0.1045,0,0,0,0,0,0
CONT_s11_bola_TheSwissAccount,1789287456.69,0.1051,0,0,0,0,0,0
CONT_s11_bola_TheSwissAccount,1789287456.795,0.1044,337760,252,0,2618341.0,167363.4,2
CONT_s11_bola_TheSwissAccount,1789287456.9,0.1049,0,0,0,0,0,0
CONT_s11_bola_TheSwissAccount,1789287457.004,0.1045,0,0,0,0,0,0
CONT_s11_bola_TheSwissAccount,1789287457.109,0.1044,0,0,0,0,0,0
CONT_s11_bola_TheSwissAccount,1789287457.213,0.1045,0,0,0,0,0,0
CONT_s11_bola_TheSwissAccount,1789287457.318,0.1044,0,0,0,0,0,0
CONT_s11_bola_TheSwissAccount,1789287457.422,0.1044,0,0,0,0,0,0
CONT_s11_bola_TheSwissAccount,1789287457.527,0.1045,0,0,0,0,0,0
CONT_s11_bola_TheSwissAccount,1789287457.634,0.107,0,0,0,0,0,0
CONT_s11_bola_TheSwissAccount,1789287457.738,0.1046,0,0,0,0,0,0
CONT_s11_bola_TheSwissAccount,1789287457.842,0.1043,0,0,0,0,0,0
CONT_s11_bola_TheSwissAccount,1789287457.947,0.1045,0,0,0,0,0,0
CONT_s11_bola_TheSwissAccount,1789287458.051,0.1044,0,0,0,0,0,0
CONT_s11_bola_TheSwissAccount,1789287458.156,0.1044,0,0,0,0,0,0
CONT_s11_bola_TheSwissAccount,1789287458.26,0.1044,0,0,0,0,0,0
CONT_s11_bola_TheSwissAccount,1789287458.365,0.1045,0,0,0,0,0,0
CONT_s11_bola_TheSwissAccount,1789287458.469,0.1045,0,0,0,0,0,0
CONT_s11_bola_TheSwissAccount,1789287458.574,0.1045,0,0,0,0,0,0
CONT_s11_bola_TheSwissAccount,1789287458.678,0.1044,0,0,0,0,0,0
CONT_s11_bola_TheSwissAccount,1789287458.782,0.1044,0,0,0,0,0,0
CONT_s11_bola_TheSwissAccount,1789287458.887,0.1044,0,0,0,0,0,0
CONT_s11_bola_TheSwissAccount,1789287458.991,0.1045,0,0,0,0,0,0
CONT_s11_bola_TheSwissAccount,1789287459.096,0.1045,0,0,0,0,0,0
CONT_s11_bola_TheSwissAccount,1789287459.2,0.1045,0,0,0,0,0,0
CONT_s11_bola_TheSwissAccount,1789287459.305,0.1044,0,0,0,0,0,0
CONT_s11_bola_TheSwissAccount,1789287459.409,0.1045,0,0,0,0,0,0
CONT_s11_bola_TheSwissAccount,1789287459.514,0.1045,0,0,0,0,0,0
CONT_s11_bola_TheSwissAccount,1789287459.618,0.1044,0,0,0,0,0,0
CONT_s11_bola_TheSwissAccount,1789287459.723,0.1045,0,0,0,0,0,0
CONT_s11_bola_TheSwissAccount,1789287459.827,0.1044,0,0,0,0,0,0
CONT_s11_bola_TheSwissAccount,1789287459.932,0.1045,0,0,0,0,0,0
CONT_s11_bola_TheSwissAccount,1789287460.036,0.1045,0,0,0,0,0,0
CONT_s11_bola_TheSwissAccount,1789287460.141,0.1047,0,0,0,0,0,0
CONT_s11_bola_TheSwissAccount,1789287460.247,0.1066,0,0,0,0,0,0
CONT_s11_bola_TheSwissAccount,1789287460.352,0.1046,0,0,0,0,0,0
CONT_s11_bola_TheSwissAccount,1789287460.456,0.1044,354411,264,0,9013069.1,118964.8,2
CONT_s11_bola_TheSwissAccount,1789287460.561,0.1046,0,0,0,0,0,0
CONT_s11_bola_TheSwissAccount,1789287460.665,0.1044,0,0,0,0,0,0
CONT_s11_bola_TheSwissAccount,1789287460.77,0.1044,0,0,0,0,0,0
CONT_s11_bola_TheSwissAccount,1789287460.874,0.1044,0,0,0,0,0,0
CONT_s11_bola_TheSwissAccount,1789287460.978,0.1045,0,0,0,0,0,0
CONT_s11_bola_TheSwissAccount,1789287461.083,0.1044,0,0,0,0,0,0
CONT_s11_bola_TheSwissAccount,1789287461.187,0.1044,0,0,0,0,0,0
CONT_s11_bola_TheSwissAccount,1789287461.292,0.1045,0,0,0,0,0,0
CONT_s11_bola_TheSwissAccount,1789287461.396,0.1044,0,0,0,0,0,0
CONT_s11_bola_TheSwissAccount,1789287461.501,0.1045,0,0,0,0,0,0
CONT_s11_bola_TheSwissAccount,1789287461.605,0.1044,0,0,0,0,0,0
CONT_s11_bola_TheSwissAccount,1789287461.709,0.1044,0,0,0,0,0,0
CONT_s11_bola_TheSwissAccount,1789287461.814,0.1044,0,0,0,0,0,0
CONT_s11_bola_TheSwissAccount,1789287461.918,0.1047,0,0,0,0,0,0
CONT_s11_bola_TheSwissAccount,1789287462.023,0.1046,0,0,0,0,0,0
CONT_s11_bola_TheSwissAccount,1789287462.128,0.1046,0,0,0,0,0,0
CONT_s11_bola_TheSwissAccount,1789287462.232,0.1047,0,0,0,0,0,0
CONT_s11_bola_TheSwissAccount,1789287462.337,0.1044,0,0,0,0,0,0
CONT_s11_bola_TheSwissAccount,1789287462.441,0.1044,0,0,0,0,0,0
CONT_s11_bola_TheSwissAccount,1789287462.546,0.1045,0,0,0,0,0,0
CONT_s11_bola_TheSwissAccount,1789287462.65,0.1044,0,0,0,0,0,0
CONT_s11_bola_TheSwissAccount,1789287462.756,0.1055,0,0,0,0,0,0
CONT_s11_bola_TheSwissAccount,1789287462.86,0.1045,0,0,0,0,0,0
CONT_s11_bola_TheSwissAccount,1789287462.965,0.1044,0,0,0,0,0,0
CONT_s11_bola_TheSwissAccount,1789287463.069,0.1044,0,0,0,0,0,0
CONT_s11_bola_TheSwissAccount,1789287463.173,0.1044,0,0,0,0,0,0
CONT_s11_bola_TheSwissAccount,1789287463.278,0.1044,0,0,0,0,0,0
CONT_s11_bola_TheSwissAccount,1789287463.382,0.1045,0,0,0,0,0,0
CONT_s11_bola_TheSwissAccount,1789287463.487,0.1045,0,0,0,0,0,0
CONT_s11_bola_TheSwissAccount,1789287463.591,0.1045,0,0,0,0,0,0
CONT_s11_bola_TheSwissAccount,1789287463.696,0.1045,0,0,0,0,0,0
CONT_s11_bola_TheSwissAccount,1789287463.8,0.1044,0,0,0,0,0,0
CONT_s11_bola_TheSwissAccount,1789287463.905,0.1044,0,0,0,0,0,0
CONT_s11_bola_TheSwissAccount,1789287464.009,0.1045,0,0,0,0,0,0
CONT_s11_bola_TheSwissAccount,1789287464.113,0.1044,0,0,0,0,0,0
CONT_s11_bola_TheSwissAccount,1789287464.218,0.1045,0,0,0,0,0,0
CONT_s11_bola_TheSwissAccount,1789287464.322,0.1044,0,0,0,0,0,0
CONT_s11_bola_TheSwissAccount,1789287464.427,0.1044,0,0,0,0,0,0
CONT_s11_bola_TheSwissAccount,1789287464.531,0.1046,0,0,0,0,0,0
CONT_s11_bola_TheSwissAccount,1789287464.636,0.1051,0,0,0,0,0,0
CONT_s11_bola_TheSwissAccount,1789287464.741,0.1048,0,0,0,0,0,0
CONT_s11_bola_TheSwissAccount,1789287464.846,0.1044,0,0,0,0,0,0
CONT_s11_bola_TheSwissAccount,1789287464.95,0.1044,0,0,0,0,0,0
CONT_s11_bola_TheSwissAccount,1789287465.055,0.1046,317151,237,0,14717579.1,100478.8,2
CONT_s11_bola_TheSwissAccount,1789287465.159,0.1044,0,0,0,0,0,0
CONT_s11_bola_TheSwissAccount,1789287465.263,0.1044,0,0,0,0,0,0
CONT_s11_bola_TheSwissAccount,1789287465.368,0.1044,0,0,0,0,0,0
CONT_s11_bola_TheSwissAccount,1789287465.472,0.1045,0,0,0,0,0,0
CONT_s11_bola_TheSwissAccount,1789287465.577,0.1046,0,0,0,0,0,0
CONT_s11_bola_TheSwissAccount,1789287465.681,0.1043,0,0,0,0,0,0
CONT_s11_bola_TheSwissAccount,1789287465.786,0.1044,0,0,0,0,0,0
CONT_s11_bola_TheSwissAccount,1789287465.89,0.1044,0,0,0,0,0,0
CONT_s11_bola_TheSwissAccount,1789287465.995,0.1045,0,0,0,0,0,0
CONT_s11_bola_TheSwissAccount,1789287466.099,0.1044,0,0,0,0,0,0
CONT_s11_bola_TheSwissAccount,1789287466.204,0.1046,0,0,0,0,0,0
CONT_s11_bola_TheSwissAccount,1789287466.308,0.1044,0,0,0,0,0,0
CONT_s11_bola_TheSwissAccount,1789287466.412,0.1044,0,0,0,0,0,0
CONT_s11_bola_TheSwissAccount,1789287466.517,0.1045,0,0,0,0,0,0
CONT_s11_bola_TheSwissAccount,1789287466.621,0.1044,0,0,0,0,0,0
CONT_s11_bola_TheSwissAccount,1789287466.749,0.128,0,0,0,0,0,0
CONT_s11_bola_TheSwissAccount,1789287466.854,0.1045,0,0,0,0,0,0
CONT_s11_bola_TheSwissAccount,1789287466.958,0.1044,0,0,0,0,0,0
CONT_s11_bola_TheSwissAccount,1789287467.063,0.1045,0,0,0,0,0,0
CONT_s11_bola_TheSwissAccount,1789287467.168,0.105,0,0,0,0,0,0
CONT_s11_bola_TheSwissAccount,1789287467.272,0.1044,0,0,0,0,0,0
CONT_s11_bola_TheSwissAccount,1789287467.377,0.1048,0,0,0,0,0,0
CONT_s11_bola_TheSwissAccount,1789287467.481,0.1044,0,0,0,0,0,0
CONT_s11_bola_TheSwissAccount,1789287467.586,0.1044,0,0,0,0,0,0
CONT_s11_bola_TheSwissAccount,1789287467.69,0.1044,0,0,0,0,0,0
CONT_s11_bola_TheSwissAccount,1789287467.795,0.1045,0,0,0,0,0,0
CONT_s11_bola_TheSwissAccount,1789287467.899,0.1044,0,0,0,0,0,0
CONT_s11_bola_TheSwissAccount,1789287468.003,0.1045,0,0,0,0,0,0
CONT_s11_bola_TheSwissAccount,1789287468.108,0.1045,0,0,0,0,0,0
CONT_s11_bola_TheSwissAccount,1789287468.212,0.1045,0,0,0,0,0,0
CONT_s11_bola_TheSwissAccount,1789287468.317,0.1044,0,0,0,0,0,0
CONT_s11_bola_TheSwissAccount,1789287468.421,0.1044,0,0,0,0,0,0
CONT_s11_bola_TheSwissAccount,1789287468.526,0.1045,0,0,0,0,0,0
CONT_s11_bola_TheSwissAccount,1789287468.632,0.1064,0,0,0,0,0,0
CONT_s11_bola_TheSwissAccount,1789287468.737,0.1046,0,0,0,0,0,0
CONT_s11_bola_TheSwissAccount,1789287468.841,0.1044,0,0,0,0,0,0
CONT_s11_bola_TheSwissAccount,1789287468.946,0.1045,0,0,0,0,0,0
CONT_s11_bola_TheSwissAccount,1789287469.05,0.1045,0,0,0,0,0,0
CONT_s11_bola_TheSwissAccount,1789287469.154,0.1043,336129,252,0,12678020.3,100737.1,2
CONT_s11_bola_TheSwissAccount,1789287469.259,0.1045,0,0,0,0,0,0
CONT_s11_bola_TheSwissAccount,1789287469.363,0.1043,0,0,0,0,0,0
CONT_s11_bola_TheSwissAccount,1789287469.468,0.1045,0,0,0,0,0,0
CONT_s11_bola_TheSwissAccount,1789287469.572,0.1045,0,0,0,0,0,0
CONT_s11_bola_TheSwissAccount,1789287469.677,0.1045,0,0,0,0,0,0
CONT_s11_bola_TheSwissAccount,1789287469.781,0.1044,0,0,0,0,0,0
CONT_s11_bola_TheSwissAccount,1789287469.886,0.1044,0,0,0,0,0,0
CONT_s11_bola_TheSwissAccount,1789287469.99,0.1044,0,0,0,0,0,0
CONT_s11_bola_TheSwissAccount,1789287470.094,0.1044,0,0,0,0,0,0
CONT_s11_bola_TheSwissAccount,1789287470.199,0.1044,0,0,0,0,0,0
CONT_s11_bola_TheSwissAccount,1789287470.303,0.1044,104,2,0,3203161009.5,1193529.0,2
CONT_s11_bola_TheSwissAccount,1789287470.407,0.1044,0,0,0,0,0,0
CONT_s11_bola_TheSwissAccount,1789287470.512,0.1045,0,0,0,0,0,0
CONT_s11_bola_TheSwissAccount,1789287470.616,0.1044,0,0,0,0,0,0
CONT_s11_bola_TheSwissAccount,1789287470.721,0.1045,0,0,0,0,0,0
CONT_s11_bola_TheSwissAccount,1789287470.825,0.1044,0,0,0,0,0,0
CONT_s11_bola_TheSwissAccount,1789287470.93,0.1044,0,0,0,0,0,0
CONT_s11_bola_TheSwissAccount,1789287471.034,0.1045,0,0,0,0,0,0
CONT_s11_bola_TheSwissAccount,1789287471.139,0.1047,0,0,0,0,0,0
CONT_s11_bola_TheSwissAccount,1789287471.243,0.1044,0,0,0,0,0,0
CONT_s11_bola_TheSwissAccount,1789287471.348,0.1044,0,0,0,0,0,0
CONT_s11_bola_TheSwissAccount,1789287471.452,0.1044,0,0,0,0,0,0
CONT_s11_bola_TheSwissAccount,1789287471.557,0.1045,0,0,0,0,0,0
CONT_s11_bola_TheSwissAccount,1789287471.661,0.1044,0,0,0,0,0,0
CONT_s11_bola_TheSwissAccount,1789287471.765,0.1045,0,0,0,0,0,0
CONT_s11_bola_TheSwissAccount,1789287471.87,0.1045,0,0,0,0,0,0
CONT_s11_bola_TheSwissAccount,1789287471.974,0.1045,0,0,0,0,0,0
CONT_s11_bola_TheSwissAccount,1789287472.079,0.1045,0,0,0,0,0,0
CONT_s11_bola_TheSwissAccount,1789287472.183,0.1044,0,0,0,0,0,0
CONT_s11_bola_TheSwissAccount,1789287472.288,0.1044,0,0,0,0,0,0
CONT_s11_bola_TheSwissAccount,1789287472.392,0.1045,0,0,0,0,0,0
CONT_s11_bola_TheSwissAccount,1789287472.497,0.1044,0,0,0,0,0,0
CONT_s11_bola_TheSwissAccount,1789287472.601,0.1045,0,0,0,0,0,0
CONT_s11_bola_TheSwissAccount,1789287472.705,0.1044,308001,234,0,44356726.1,165971.2,4
CONT_s11_bola_TheSwissAccount,1789287472.81,0.1045,0,0,0,0,0,0
CONT_s11_bola_TheSwissAccount,1789287472.914,0.1044,0,0,0,0,0,0
CONT_s11_bola_TheSwissAccount,1789287473.019,0.1045,0,0,0,0,0,0
CONT_s11_bola_TheSwissAccount,1789287473.123,0.1044,0,0,0,0,0,0
CONT_s11_bola_TheSwissAccount,1789287473.228,0.1044,0,0,0,0,0,0
CONT_s11_bola_TheSwissAccount,1789287473.332,0.1044,0,0,0,0,0,0
CONT_s11_bola_TheSwissAccount,1789287473.436,0.1042,0,0,0,0,0,0
CONT_s11_bola_TheSwissAccount,1789287473.541,0.1045,0,0,0,0,0,0
CONT_s11_bola_TheSwissAccount,1789287473.645,0.1044,0,0,0,0,0,0
CONT_s11_bola_TheSwissAccount,1789287473.752,0.107,0,0,0,0,0,0
CONT_s11_bola_TheSwissAccount,1789287473.857,0.1045,0,0,0,0,0,0
CONT_s11_bola_TheSwissAccount,1789287473.961,0.1043,0,0,0,0,0,0
CONT_s11_bola_TheSwissAccount,1789287474.065,0.1045,0,0,0,0,0,0
CONT_s11_bola_TheSwissAccount,1789287474.17,0.1044,0,0,0,0,0,0
CONT_s11_bola_TheSwissAccount,1789287474.274,0.1044,0,0,0,0,0,0
CONT_s11_bola_TheSwissAccount,1789287474.379,0.1044,0,0,0,0,0,0
CONT_s11_bola_TheSwissAccount,1789287474.483,0.1044,0,0,0,0,0,0
CONT_s11_bola_TheSwissAccount,1789287474.588,0.1045,0,0,0,0,0,0
CONT_s11_bola_TheSwissAccount,1789287474.692,0.1044,0,0,0,0,0,0
CONT_s11_bola_TheSwissAccount,1789287474.796,0.1044,0,0,0,0,0,0
CONT_s11_bola_TheSwissAccount,1789287474.901,0.1044,0,0,0,0,0,0
CONT_s11_bola_TheSwissAccount,1789287475.005,0.1045,0,0,0,0,0,0
CONT_s11_bola_TheSwissAccount,1789287475.11,0.1045,0,0,0,0,0,0
CONT_s11_bola_TheSwissAccount,1789287475.214,0.1044,0,0,0,0,0,0
CONT_s11_bola_TheSwissAccount,1789287475.319,0.1044,0,0,0,0,0,0
CONT_s11_bola_TheSwissAccount,1789287475.423,0.1044,0,0,0,0,0,0
CONT_s11_bola_TheSwissAccount,1789287475.527,0.1044,0,0,0,0,0,0
CONT_s11_bola_TheSwissAccount,1789287475.634,0.1065,0,0,0,0,0,0
CONT_s11_bola_TheSwissAccount,1789287475.738,0.1044,0,0,0,0,0,0
CONT_s11_bola_TheSwissAccount,1789287475.843,0.1044,0,0,0,0,0,0
CONT_s11_bola_TheSwissAccount,1789287475.947,0.1044,0,0,0,0,0,0
CONT_s11_bola_TheSwissAccount,1789287476.051,0.1045,0,0,0,0,0,0
CONT_s11_bola_TheSwissAccount,1789287476.156,0.1043,0,0,0,0,0,0
CONT_s11_bola_TheSwissAccount,1789287476.26,0.1043,0,0,0,0,0,0
CONT_s11_bola_TheSwissAccount,1789287476.364,0.1045,0,0,0,0,0,0
CONT_s11_bola_TheSwissAccount,1789287476.469,0.1044,0,0,0,0,0,0
CONT_s11_bola_TheSwissAccount,1789287476.573,0.1045,0,0,0,0,0,0
CONT_s11_bola_TheSwissAccount,1789287476.678,0.1044,0,0,0,0,0,0
CONT_s11_bola_TheSwissAccount,1789287476.782,0.1044,304013,229,0,13825871.9,554602.7,2
CONT_s11_bola_TheSwissAccount,1789287476.887,0.1045,0,0,0,0,0,0
CONT_s11_bola_TheSwissAccount,1789287476.991,0.1045,0,0,0,0,0,0
CONT_s11_bola_TheSwissAccount,1789287477.096,0.1045,0,0,0,0,0,0
CONT_s11_bola_TheSwissAccount,1789287477.2,0.1045,0,0,0,0,0,0
CONT_s11_bola_TheSwissAccount,1789287477.305,0.1044,0,0,0,0,0,0
CONT_s11_bola_TheSwissAccount,1789287477.409,0.1044,0,0,0,0,0,0
CONT_s11_bola_TheSwissAccount,1789287477.513,0.1045,0,0,0,0,0,0
CONT_s11_bola_TheSwissAccount,1789287477.618,0.1044,0,0,0,0,0,0
CONT_s11_bola_TheSwissAccount,1789287477.722,0.1043,0,0,0,0,0,0
CONT_s11_bola_TheSwissAccount,1789287477.827,0.1047,0,0,0,0,0,0
CONT_s11_bola_TheSwissAccount,1789287477.931,0.1045,0,0,0,0,0,0
CONT_s11_bola_TheSwissAccount,1789287478.036,0.1045,0,0,0,0,0,0
CONT_s11_bola_TheSwissAccount,1789287478.14,0.1046,0,0,0,0,0,0
CONT_s11_bola_TheSwissAccount,1789287478.247,0.1065,0,0,0,0,0,0
CONT_s11_bola_TheSwissAccount,1789287478.351,0.1044,0,0,0,0,0,0
CONT_s11_bola_TheSwissAccount,1789287478.456,0.1044,0,0,0,0,0,0
CONT_s11_bola_TheSwissAccount,1789287478.56,0.1045,0,0,0,0,0,0
CONT_s11_bola_TheSwissAccount,1789287478.665,0.1044,0,0,0,0,0,0
CONT_s11_bola_TheSwissAccount,1789287478.769,0.1044,0,0,0,0,0,0
CONT_s11_bola_TheSwissAccount,1789287478.873,0.1045,0,0,0,0,0,0
CONT_s11_bola_TheSwissAccount,1789287478.978,0.1044,0,0,0,0,0,0
CONT_s11_bola_TheSwissAccount,1789287479.082,0.1045,0,0,0,0,0,0
CONT_s11_bola_TheSwissAccount,1789287479.187,0.1045,0,0,0,0,0,0
CONT_s11_bola_TheSwissAccount,1789287479.291,0.1044,0,0,0,0,0,0
CONT_s11_bola_TheSwissAccount,1789287479.396,0.1044,0,0,0,0,0,0
CONT_s11_bola_TheSwissAccount,1789287479.5,0.1045,0,0,0,0,0,0
CONT_s11_bola_TheSwissAccount,1789287479.605,0.1045,0,0,0,0,0,0
CONT_s11_bola_TheSwissAccount,1789287479.709,0.1046,0,0,0,0,0,0
CONT_s11_bola_TheSwissAccount,1789287479.814,0.1044,0,0,0,0,0,0
CONT_s11_bola_TheSwissAccount,1789287479.918,0.1044,0,0,0,0,0,0
CONT_s11_bola_TheSwissAccount,1789287480.023,0.1045,0,0,0,0,0,0
CONT_s11_bola_TheSwissAccount,1789287480.127,0.1044,0,0,0,0,0,0
CONT_s11_bola_TheSwissAccount,1789287480.232,0.1046,0,0,0,0,0,0
CONT_s11_bola_TheSwissAccount,1789287480.336,0.1044,0,0,0,0,0,0
CONT_s11_bola_TheSwissAccount,1789287480.441,0.1045,0,0,0,0,0,0
CONT_s11_bola_TheSwissAccount,1789287480.545,0.1045,0,0,0,0,0,0
CONT_s11_bola_TheSwissAccount,1789287480.649,0.1044,0,0,0,0,0,0
CONT_s11_bola_TheSwissAccount,1789287480.756,0.1066,0,0,0,0,0,0
CONT_s11_bola_TheSwissAccount,1789287480.861,0.1047,333769,249,0,12935905.7,562657.7,2
CONT_s11_bola_TheSwissAccount,1789287480.965,0.1047,0,0,0,0,0,0
CONT_s11_bola_TheSwissAccount,1789287481.07,0.1045,0,0,0,0,0,0
CONT_s11_bola_TheSwissAccount,1789287481.174,0.1044,0,0,0,0,0,0
CONT_s11_bola_TheSwissAccount,1789287481.279,0.1045,0,0,0,0,0,0
CONT_s11_bola_TheSwissAccount,1789287481.383,0.1046,0,0,0,0,0,0
CONT_s11_bola_TheSwissAccount,1789287481.488,0.1045,0,0,0,0,0,0
CONT_s11_bola_TheSwissAccount,1789287481.592,0.1045,0,0,0,0,0,0
CONT_s11_bola_TheSwissAccount,1789287481.697,0.1044,0,0,0,0,0,0
CONT_s11_bola_TheSwissAccount,1789287481.801,0.1044,0,0,0,0,0,0
CONT_s11_bola_TheSwissAccount,1789287481.905,0.1044,0,0,0,0,0,0
CONT_s11_bola_TheSwissAccount,1789287482.01,0.1045,0,0,0,0,0,0
CONT_s11_bola_TheSwissAccount,1789287482.114,0.1045,0,0,0,0,0,0
CONT_s11_bola_TheSwissAccount,1789287482.219,0.1045,0,0,0,0,0,0
CONT_s11_bola_TheSwissAccount,1789287482.323,0.1044,0,0,0,0,0,0
CONT_s11_bola_TheSwissAccount,1789287482.428,0.1044,0,0,0,0,0,0
CONT_s11_bola_TheSwissAccount,1789287482.532,0.1046,0,0,0,0,0,0
CONT_s11_bola_TheSwissAccount,1789287482.637,0.1047,0,0,0,0,0,0
CONT_s11_bola_TheSwissAccount,1789287482.741,0.1044,0,0,0,0,0,0
CONT_s11_bola_TheSwissAccount,1789287482.846,0.1044,0,0,0,0,0,0
CONT_s11_bola_TheSwissAccount,1789287482.95,0.1043,0,0,0,0,0,0
CONT_s11_bola_TheSwissAccount,1789287483.055,0.1045,0,0,0,0,0,0
CONT_s11_bola_TheSwissAccount,1789287483.159,0.1044,0,0,0,0,0,0
CONT_s11_bola_TheSwissAccount,1789287483.263,0.1044,0,0,0,0,0,0
CONT_s11_bola_TheSwissAccount,1789287483.368,0.1045,0,0,0,0,0,0
CONT_s11_bola_TheSwissAccount,1789287483.472,0.1045,0,0,0,0,0,0
CONT_s11_bola_TheSwissAccount,1789287483.577,0.1044,0,0,0,0,0,0
CONT_s11_bola_TheSwissAccount,1789287483.681,0.1044,0,0,0,0,0,0
CONT_s11_bola_TheSwissAccount,1789287483.786,0.1044,0,0,0,0,0,0
CONT_s11_bola_TheSwissAccount,1789287483.89,0.1044,0,0,0,0,0,0
CONT_s11_bola_TheSwissAccount,1789287483.994,0.1044,0,0,0,0,0,0
CONT_s11_bola_TheSwissAccount,1789287484.099,0.1045,0,0,0,0,0,0
CONT_s11_bola_TheSwissAccount,1789287484.203,0.1045,0,0,0,0,0,0
CONT_s11_bola_TheSwissAccount,1789287484.308,0.1044,0,0,0,0,0,0
CONT_s11_bola_TheSwissAccount,1789287484.412,0.1044,0,0,0,0,0,0
CONT_s11_bola_TheSwissAccount,1789287484.517,0.1045,0,0,0,0,0,0
CONT_s11_bola_TheSwissAccount,1789287484.621,0.1044,0,0,0,0,0,0
CONT_s11_bola_TheSwissAccount,1789287484.726,0.1045,0,0,0,0,0,0
CONT_s11_bola_TheSwissAccount,1789287484.83,0.1044,0,0,0,0,0,0
CONT_s11_bola_TheSwissAccount,1789287484.934,0.1044,0,0,0,0,0,0
CONT_s11_bola_TheSwissAccount,1789287485.039,0.1045,299903,224,0,15283249.5,540151.6,2
CONT_s11_bola_TheSwissAccount,1789287485.143,0.1044,0,0,0,0,0,0
CONT_s11_bola_TheSwissAccount,1789287485.249,0.1059,0,0,0,0,0,0
CONT_s11_bola_TheSwissAccount,1789287485.354,0.1045,0,0,0,0,0,0
CONT_s11_bola_TheSwissAccount,1789287485.458,0.1045,0,0,0,0,0,0
CONT_s11_bola_TheSwissAccount,1789287485.563,0.1047,0,0,0,0,0,0
CONT_s11_bola_TheSwissAccount,1789287485.667,0.1044,0,0,0,0,0,0
CONT_s11_bola_TheSwissAccount,1789287485.772,0.1044,0,0,0,0,0,0
CONT_s11_bola_TheSwissAccount,1789287485.876,0.1044,0,0,0,0,0,0
CONT_s11_bola_TheSwissAccount,1789287485.981,0.1044,0,0,0,0,0,0
CONT_s11_bola_TheSwissAccount,1789287486.085,0.1044,0,0,0,0,0,0
CONT_s11_bola_TheSwissAccount,1789287486.189,0.1044,0,0,0,0,0,0
CONT_s11_bola_TheSwissAccount,1789287486.294,0.1044,0,0,0,0,0,0
CONT_s11_bola_TheSwissAccount,1789287486.398,0.1044,0,0,0,0,0,0
CONT_s11_bola_TheSwissAccount,1789287486.503,0.1044,0,0,0,0,0,0
CONT_s11_bola_TheSwissAccount,1789287486.607,0.1045,0,0,0,0,0,0
CONT_s11_bola_TheSwissAccount,1789287486.712,0.1046,0,0,0,0,0,0
CONT_s11_bola_TheSwissAccount,1789287486.816,0.1045,0,0,0,0,0,0
CONT_s11_bola_TheSwissAccount,1789287486.921,0.1045,0,0,0,0,0,0
CONT_s11_bola_TheSwissAccount,1789287487.025,0.1047,0,0,0,0,0,0
CONT_s11_bola_TheSwissAccount,1789287487.133,0.1076,0,0,0,0,0,0
CONT_s11_bola_TheSwissAccount,1789287487.238,0.1045,0,0,0,0,0,0
CONT_s11_bola_TheSwissAccount,1789287487.342,0.1044,0,0,0,0,0,0
CONT_s11_bola_TheSwissAccount,1789287487.446,0.1044,0,0,0,0,0,0
CONT_s11_bola_TheSwissAccount,1789287487.551,0.1045,0,0,0,0,0,0
CONT_s11_bola_TheSwissAccount,1789287487.655,0.1043,0,0,0,0,0,0
CONT_s11_bola_TheSwissAccount,1789287487.76,0.1044,0,0,0,0,0,0
CONT_s11_bola_TheSwissAccount,1789287487.864,0.1042,0,0,0,0,0,0
CONT_s11_bola_TheSwissAccount,1789287487.968,0.1044,0,0,0,0,0,0
CONT_s11_bola_TheSwissAccount,1789287488.073,0.1045,0,0,0,0,0,0
CONT_s11_bola_TheSwissAccount,1789287488.177,0.1044,0,0,0,0,0,0
CONT_s11_bola_TheSwissAccount,1789287488.282,0.1047,0,0,0,0,0,0
CONT_s11_bola_TheSwissAccount,1789287488.386,0.1044,0,0,0,0,0,0
CONT_s11_bola_TheSwissAccount,1789287488.491,0.1044,0,0,0,0,0,0
CONT_s11_bola_TheSwissAccount,1789287488.595,0.1045,588434,445,0,6188648.0,421108.5,4
CONT_s11_bola_TheSwissAccount,1789287488.7,0.1046,135520,100,0,688256.9,219235.4,2
CONT_s11_bola_TheSwissAccount,1789287488.804,0.1046,0,0,0,0,0,0
CONT_s11_bola_TheSwissAccount,1789287488.909,0.1046,564,1,0,13051106.0,206491650.0,1
CONT_s11_bola_TheSwissAccount,1789287489.014,0.1047,52,1,0,21420235.0,40903985.0,1
CONT_s11_bola_TheSwissAccount,1789287489.118,0.1047,0,0,0,0,0,0
CONT_s11_bola_TheSwissAccount,1789287489.223,0.1047,104,2,0,18651178.0,211103787.0,2
CONT_s11_bola_TheSwissAccount,1789287489.328,0.1045,0,0,0,0,0,0
CONT_s11_bola_TheSwissAccount,1789287489.432,0.1045,135112,102,0,2356490.5,95782.7,2
CONT_s11_bola_TheSwissAccount,1789287489.537,0.1047,0,0,0,0,0,0
CONT_s11_bola_TheSwissAccount,1789287489.642,0.1047,1128,2,0,23580130.5,198231205.4,2
CONT_s11_bola_TheSwissAccount,1789287489.748,0.1066,0,0,0,0,0,0
CONT_s11_bola_TheSwissAccount,1789287489.853,0.1047,104,2,0,25589808.0,215507557.0,2
CONT_s11_bola_TheSwissAccount,1789287489.957,0.1046,0,0,0,0,0,0
CONT_s11_bola_TheSwissAccount,1789287490.062,0.1046,0,0,0,0,0,0
CONT_s11_bola_TheSwissAccount,1789287490.166,0.1045,136152,104,0,2852703.6,66204.6,2
CONT_s11_bola_TheSwissAccount,1789287490.271,0.1046,308,1,0,12959916.0,205450490.0,1
CONT_s11_bola_TheSwissAccount,1789287490.376,0.1047,52,1,0,36131319.0,43226099.0,1
CONT_s11_bola_TheSwissAccount,1789287490.48,0.1046,0,0,0,0,0,0
CONT_s11_bola_TheSwissAccount,1789287490.585,0.1048,104,2,0,25681420.5,208788654.0,2
CONT_s11_bola_TheSwissAccount,1789287490.69,0.1046,0,0,0,0,0,0
CONT_s11_bola_TheSwissAccount,1789287490.794,0.1046,135624,102,0,3125366.1,189368.5,2
CONT_s11_bola_TheSwissAccount,1789287490.899,0.1047,0,0,0,0,0,0
CONT_s11_bola_TheSwissAccount,1789287491.004,0.1046,564,1,0,12919522.0,205125566.0,1
CONT_s11_bola_TheSwissAccount,1789287491.108,0.1047,52,1,0,40326696.0,55943316.0,1
CONT_s11_bola_TheSwissAccount,1789287491.213,0.1047,0,0,0,0,0,0
CONT_s11_bola_TheSwissAccount,1789287491.318,0.1046,104,2,0,28408402.5,216047127.0,2
CONT_s11_bola_TheSwissAccount,1789287491.422,0.1046,0,0,0,0,0,0
CONT_s11_bola_TheSwissAccount,1789287491.527,0.1046,135572,101,0,3118508.3,144043.5,2
CONT_s11_bola_TheSwissAccount,1789287491.634,0.1072,0,0,0,0,0,0
CONT_s11_bola_TheSwissAccount,1789287491.741,0.1073,616,2,0,27656612.5,194463027.2,2
CONT_s11_bola_TheSwissAccount,1789287491.846,0.1047,0,0,0,0,0,0
CONT_s11_bola_TheSwissAccount,1789287491.95,0.1044,104,2,0,29266171.5,213671420.0,2
CONT_s11_bola_TheSwissAccount,1789287492.055,0.1047,0,0,0,0,0,0
CONT_s11_bola_TheSwissAccount,1789287492.16,0.1046,135208,94,0,2041313.7,174181.5,2
CONT_s11_bola_TheSwissAccount,1789287492.267,0.107,312,6,0,30681309.0,788180.0,1
CONT_s11_bola_TheSwissAccount,1789287492.371,0.1048,564,1,0,13016575.0,206351281.0,1
CONT_s11_bola_TheSwissAccount,1789287492.476,0.1046,52,1,0,44201738.0,41381074.0,1
CONT_s11_bola_TheSwissAccount,1789287492.581,0.1047,0,0,0,0,0,0
CONT_s11_bola_TheSwissAccount,1789287492.685,0.1047,323841,245,0,12599987.3,509883.8,4
CONT_s11_bola_TheSwissAccount,1789287492.79,0.1046,0,0,0,0,0,0
CONT_s11_bola_TheSwissAccount,1789287492.895,0.1046,135572,101,0,3408539.4,80553.8,2
CONT_s11_bola_TheSwissAccount,1789287492.999,0.1046,0,0,0,0,0,0
CONT_s11_bola_TheSwissAccount,1789287493.104,0.1046,564,1,0,12952728.0,205374435.0,1
CONT_s11_bola_TheSwissAccount,1789287493.208,0.1046,52,1,0,43778777.0,41088465.0,1
CONT_s11_bola_TheSwissAccount,1789287493.313,0.1046,0,0,0,0,0,0
CONT_s11_bola_TheSwissAccount,1789287493.418,0.1048,104,2,0,29117762.0,210903048.0,2
CONT_s11_bola_TheSwissAccount,1789287493.522,0.1045,0,0,0,0,0,0
CONT_s11_bola_TheSwissAccount,1789287493.627,0.1046,135624,102,0,3474662.6,147754.6,2
CONT_s11_bola_TheSwissAccount,1789287493.733,0.106,0,0,0,0,0,0
CONT_s11_bola_TheSwissAccount,1789287493.838,0.1047,616,2,0,28081945.5,193420687.3,2
CONT_s11_bola_TheSwissAccount,1789287493.942,0.1046,0,0,0,0,0,0
CONT_s11_bola_TheSwissAccount,1789287494.047,0.1046,104,2,0,29790242.5,215850777.0,2
CONT_s11_bola_TheSwissAccount,1789287494.152,0.1047,0,0,0,0,0,0
CONT_s11_bola_TheSwissAccount,1789287494.256,0.1048,0,0,0,0,0,0
CONT_s11_bola_TheSwissAccount,1789287494.361,0.1044,135572,101,0,3289344.8,124548.7,2
CONT_s11_bola_TheSwissAccount,1789287494.465,0.1046,0,0,0,0,0,0
CONT_s11_bola_TheSwissAccount,1789287494.57,0.1047,616,2,0,27865695.0,191469682.7,2
CONT_s11_bola_TheSwissAccount,1789287494.675,0.1045,0,0,0,0,0,0
CONT_s11_bola_TheSwissAccount,1789287494.779,0.1047,104,2,0,28714500.5,213900159.0,2
CONT_s11_bola_TheSwissAccount,1789287494.884,0.1047,0,0,0,0,0,0
CONT_s11_bola_TheSwissAccount,1789287494.989,0.1048,135624,102,0,3404444.2,101664.8,2
CONT_s11_bola_TheSwissAccount,1789287495.094,0.1048,0,0,0,0,0,0
CONT_s11_bola_TheSwissAccount,1789287495.198,0.1045,564,1,0,13070203.0,207356682.0,1
CONT_s11_bola_TheSwissAccount,1789287495.303,0.1046,52,1,0,41933327.0,43641967.0,1
CONT_s11_bola_TheSwissAccount,1789287495.407,0.1047,0,0,0,0,0,0
CONT_s11_bola_TheSwissAccount,1789287495.512,0.1047,104,2,0,28471805.0,208350045.0,2
CONT_s11_bola_TheSwissAccount,1789287495.617,0.1048,0,0,0,0,0,0
CONT_s11_bola_TheSwissAccount,1789287495.722,0.1047,135676,103,0,3334944.9,116257.3,2
CONT_s11_bola_TheSwissAccount,1789287495.826,0.1046,0,0,0,0,0,0
CONT_s11_bola_TheSwissAccount,1789287495.931,0.1046,616,2,0,26694735.0,193939627.5,2
CONT_s11_bola_TheSwissAccount,1789287496.035,0.1047,0,0,0,0,0,0
CONT_s11_bola_TheSwissAccount,1789287496.14,0.1047,104,2,0,28441723.0,212755129.0,2
CONT_s11_bola_TheSwissAccount,1789287496.245,0.1045,0,0,0,0,0,0
CONT_s11_bola_TheSwissAccount,1789287496.349,0.1045,0,0,0,0,0,0
CONT_s11_bola_TheSwissAccount,1789287496.455,0.1058,135520,100,0,3126915.4,294166.1,2
CONT_s11_bola_TheSwissAccount,1789287496.56,0.1047,564,1,0,13038522.0,206332448.0,1
CONT_s11_bola_TheSwissAccount,1789287496.664,0.1047,52,1,0,44505137.0,54530436.0,1
CONT_s11_bola_TheSwissAccount,1789287496.769,0.1046,329671,245,0,13304337.9,453020.8,2
CONT_s11_bola_TheSwissAccount,1789287496.874,0.1047,104,2,0,30318543.0,213422328.0,2
CONT_s11_bola_TheSwissAccount,1789287496.978,0.1047,256525,196,0,271812.5,152488.3,3
CONT_s11_bola_TheSwissAccount,1789287497.084,0.1056,0,0,0,0,0,0
CONT_s11_bola_TheSwissAccount,1789287497.189,0.1047,135520,100,0,1385007.0,231804.9,2
CONT_s11_bola_TheSwissAccount,1789287497.293,0.1048,0,0,0,0,0,0
CONT_s11_bola_TheSwissAccount,1789287497.398,0.1048,564,1,0,13122572.0,208417342.0,1
CONT_s11_bola_TheSwissAccount,1789287497.503,0.1048,52,1,0,28548854.0,53730941.0,1
CONT_s11_bola_TheSwissAccount,1789287497.608,0.1048,0,0,0,0,0,0
CONT_s11_bola_TheSwissAccount,1789287497.713,0.1049,104,2,0,22859389.5,210285737.0,2
CONT_s11_bola_TheSwissAccount,1789287497.817,0.1048,0,0,0,0,0,0
CONT_s11_bola_TheSwissAccount,1789287497.922,0.1047,135624,102,0,2647685.4,171326.7,2
CONT_s11_bola_TheSwissAccount,1789287498.027,0.1048,0,0,0,0,0,0
CONT_s11_bola_TheSwissAccount,1789287498.134,0.1073,616,2,0,24348462.0,192111191.5,2
CONT_s11_bola_TheSwissAccount,1789287498.239,0.1049,0,0,0,0,0,0
CONT_s11_bola_TheSwissAccount,1789287498.344,0.1047,104,2,0,25474764.0,209154448.0,2
CONT_s11_bola_TheSwissAccount,1789287498.449,0.1047,0,0,0,0,0,0
CONT_s11_bola_TheSwissAccount,1789287498.553,0.1048,0,0,0,0,0,0
CONT_s11_bola_TheSwissAccount,1789287498.658,0.1047,136100,103,0,3080261.5,151233.4,2
CONT_s11_bola_TheSwissAccount,1789287498.763,0.1051,0,0,0,0,0,0
CONT_s11_bola_TheSwissAccount,1789287498.868,0.1049,360,2,0,26712291.5,185145999.9,2
CONT_s11_bola_TheSwissAccount,1789287498.973,0.1047,0,0,0,0,0,0
CONT_s11_bola_TheSwissAccount,1789287499.078,0.1047,104,2,0,28467853.0,212601760.0,2
CONT_s11_bola_TheSwissAccount,1789287499.182,0.1049,0,0,0,0,0,0
CONT_s11_bola_TheSwissAccount,1789287499.287,0.1047,135676,103,0,3234897.5,178178.8,2
CONT_s11_bola_TheSwissAccount,1789287499.392,0.1047,0,0,0,0,0,0
CONT_s11_bola_TheSwissAccount,1789287499.497,0.1047,564,1,0,12935566.0,205266787.0,1
CONT_s11_bola_TheSwissAccount,1789287499.601,0.1048,52,1,0,38635588.0,42164199.0,1
CONT_s11_bola_TheSwissAccount,1789287499.706,0.1048,0,0,0,0,0,0
CONT_s11_bola_TheSwissAccount,1789287499.811,0.1047,104,2,0,26768811.5,209793907.0,2
CONT_s11_bola_TheSwissAccount,1789287499.916,0.1047,0,0,0,0,0,0
CONT_s11_bola_TheSwissAccount,1789287500.021,0.1048,135520,100,0,3140719.3,125727.2,2
CONT_s11_bola_TheSwissAccount,1789287500.125,0.1048,0,0,0,0,0,0
CONT_s11_bola_TheSwissAccount,1789287500.23,0.105,616,2,0,28930823.5,194377654.3,2
CONT_s11_bola_TheSwissAccount,1789287500.335,0.1048,0,0,0,0,0,0
CONT_s11_bola_TheSwissAccount,1789287500.44,0.1047,104,2,0,30453325.5,213950825.0,2
CONT_s11_bola_TheSwissAccount,1789287500.545,0.1048,0,0,0,0,0,0
CONT_s11_bola_TheSwissAccount,1789287500.649,0.1047,0,0,0,0,0,0
CONT_s11_bola_TheSwissAccount,1789287500.755,0.1057,135624,102,0,3433148.5,103359.6,2
CONT_s11_bola_TheSwissAccount,1789287500.86,0.1048,0,0,0,0,0,0
CONT_s11_bola_TheSwissAccount,1789287500.965,0.1048,339987,256,0,12278892.1,1050850.2,4
CONT_s11_bola_TheSwissAccount,1789287501.069,0.1049,0,0,0,0,0,0
CONT_s11_bola_TheSwissAccount,1789287501.174,0.1046,104,2,0,29721450.0,215866610.0,2
CONT_s11_bola_TheSwissAccount,1789287501.279,0.1047,0,0,0,0,0,0
CONT_s11_bola_TheSwissAccount,1789287501.384,0.1048,135572,101,0,3250782.8,97691.3,2
CONT_s11_bola_TheSwissAccount,1789287501.489,0.1049,0,0,0,0,0,0
CONT_s11_bola_TheSwissAccount,1789287501.593,0.1048,616,2,0,27709823.5,191489488.4,2
CONT_s11_bola_TheSwissAccount,1789287501.698,0.1048,0,0,0,0,0,0
CONT_s11_bola_TheSwissAccount,1789287501.803,0.1047,0,0,0,0,0,0
CONT_s11_bola_TheSwissAccount,1789287501.908,0.1047,104,2,0,28609841.5,213277608.0,2
CONT_s11_bola_TheSwissAccount,1789287502.012,0.1048,0,0,0,0,0,0
CONT_s11_bola_TheSwissAccount,1789287502.117,0.1048,135676,103,0,3429280.8,82233.8,2
CONT_s11_bola_TheSwissAccount,1789287502.222,0.1049,0,0,0,0,0,0
CONT_s11_bola_TheSwissAccount,1789287502.327,0.1047,616,2,0,26524874.5,191509901.7,2
CONT_s11_bola_TheSwissAccount,1789287502.455,0.128,0,0,0,0,0,0
CONT_s11_bola_TheSwissAccount,1789287502.56,0.1048,104,2,0,27459664.5,209961073.0,2
CONT_s11_bola_TheSwissAccount,1789287502.665,0.1049,0,0,0,0,0,0
CONT_s11_bola_TheSwissAccount,1789287502.769,0.1047,135572,101,0,3263936.1,70867.1,2
CONT_s11_bola_TheSwissAccount,1789287502.874,0.1046,0,0,0,0,0,0
CONT_s11_bola_TheSwissAccount,1789287502.979,0.1048,564,1,0,12942038.0,205083955.0,1
CONT_s11_bola_TheSwissAccount,1789287503.084,0.1048,52,1,0,43302170.0,53644720.0,1
CONT_s11_bola_TheSwissAccount,1789287503.188,0.1047,0,0,0,0,0,0
CONT_s11_bola_TheSwissAccount,1789287503.293,0.1047,104,2,0,29668544.5,214353341.0,2
CONT_s11_bola_TheSwissAccount,1789287503.398,0.1047,0,0,0,0,0,0
CONT_s11_bola_TheSwissAccount,1789287503.502,0.1048,135520,100,0,3246278.4,145581.4,2
CONT_s11_bola_TheSwissAccount,1789287503.607,0.1049,0,0,0,0,0,0
CONT_s11_bola_TheSwissAccount,1789287503.712,0.1049,616,2,0,29369669.5,193559105.2,2
CONT_s11_bola_TheSwissAccount,1789287503.817,0.1048,0,0,0,0,0,0
CONT_s11_bola_TheSwissAccount,1789287503.922,0.105,0,0,0,0,0,0
CONT_s11_bola_TheSwissAccount,1789287504.027,0.1049,104,2,0,30931523.5,212772592.0,2
CONT_s11_bola_TheSwissAccount,1789287504.137,0.1106,0,0,0,0,0,0
CONT_s11_bola_TheSwissAccount,1789287504.242,0.1047,135624,102,0,3480786.4,113728.5,2
CONT_s11_bola_TheSwissAccount,1789287504.347,0.1047,0,0,0,0,0,0
CONT_s11_bola_TheSwissAccount,1789287504.452,0.1048,616,2,0,28212932.5,194629301.7,2
CONT_s11_bola_TheSwissAccount,1789287504.556,0.1048,0,0,0,0,0,0
CONT_s11_bola_TheSwissAccount,1789287504.661,0.1046,104,2,0,29920507.5,215752129.0,2
CONT_s11_bola_TheSwissAccount,1789287504.766,0.1047,0,0,0,0,0,0
CONT_s11_bola_TheSwissAccount,1789287504.871,0.1048,135668,103,0,3356557.5,195078.7,2
CONT_s11_bola_TheSwissAccount,1789287504.975,0.1049,453,1,0,355926306.0,0,1
CONT_s11_bola_TheSwissAccount,1789287505.081,0.1056,278774,209,0,15791343.9,867472.4,3
CONT_s11_bola_TheSwissAccount,1789287505.186,0.1047,52,1,0,40557534.0,57999432.0,1
CONT_s11_bola_TheSwissAccount,1789287505.291,0.1047,0,0,0,0,0,0
CONT_s11_bola_TheSwissAccount,1789287505.395,0.1048,104,2,0,28691975.5,213989214.0,2
CONT_s11_bola_TheSwissAccount,1789287505.5,0.1048,0,0,0,0,0,0
CONT_s11_bola_TheSwissAccount,1789287505.605,0.1049,135060,101,0,3179957.0,174711.3,2
CONT_s11_bola_TheSwissAccount,1789287505.71,0.1047,0,0,0,0,0,0
CONT_s11_bola_TheSwissAccount,1789287505.814,0.1047,1128,2,0,27891503.5,200998401.3,2
CONT_s11_bola_TheSwissAccount,1789287505.92,0.1052,0,0,0,0,0,0
CONT_s11_bola_TheSwissAccount,1789287506.024,0.1048,104,2,0,29338473.0,212162059.0,2
CONT_s11_bola_TheSwissAccount,1789287506.129,0.1048,0,0,0,0,0,0
CONT_s11_bola_TheSwissAccount,1789287506.234,0.1047,40,1,0,45283574.0,0,1
CONT_s11_bola_TheSwissAccount,1789287506.339,0.1047,0,0,0,0,0,0
CONT_s11_bola_TheSwissAccount,1789287506.443,0.1048,0,0,0,0,0,0
CONT_s11_bola_TheSwissAccount,1789287506.548,0.1048,0,0,0,0,0,0
CONT_s11_bola_TheSwissAccount,1789287506.653,0.1047,0,0,0,0,0,0
CONT_s11_bola_TheSwissAccount,1789287506.759,0.1056,0,0,0,0,0,0
CONT_s11_bola_TheSwissAccount,1789287506.863,0.1048,0,0,0,0,0,0
CONT_s11_bola_TheSwissAccount,1789287506.968,0.1047,0,0,0,0,0,0
CONT_s11_bola_TheSwissAccount,1789287507.073,0.1048,0,0,0,0,0,0
CONT_s11_bola_TheSwissAccount,1789287507.177,0.1047,0,0,0,0,0,0
CONT_s11_bola_TheSwissAccount,1789287507.282,0.1047,0,0,0,0,0,0
CONT_s11_bola_TheSwissAccount,1789287507.387,0.1048,0,0,0,0,0,0
CONT_s11_bola_TheSwissAccount,1789287507.492,0.1048,0,0,0,0,0,0
CONT_s11_bola_TheSwissAccount,1789287507.596,0.1048,0,0,0,0,0,0
CONT_s11_bola_TheSwissAccount,1789287507.701,0.1048,0,0,0,0,0,0
CONT_s11_bola_TheSwissAccount,1789287507.806,0.1047,0,0,0,0,0,0
CONT_s11_bola_TheSwissAccount,1789287507.911,0.1047,0,0,0,0,0,0
CONT_s11_bola_TheSwissAccount,1789287508.016,0.1048,0,0,0,0,0,0
CONT_s11_bola_TheSwissAccount,1789287508.12,0.1048,0,0,0,0,0,0
CONT_s11_bola_TheSwissAccount,1789287508.225,0.1047,0,0,0,0,0,0
CONT_s11_bola_TheSwissAccount,1789287508.33,0.1047,0,0,0,0,0,0
CONT_s11_bola_TheSwissAccount,1789287508.434,0.1047,0,0,0,0,0,0
CONT_s11_bola_TheSwissAccount,1789287508.539,0.1047,0,0,0,0,0,0
CONT_s11_bola_TheSwissAccount,1789287508.644,0.1046,278406,209,0,15575713.8,681003.8,2
CONT_s11_bola_TheSwissAccount,1789287508.75,0.1065,0,0,0,0,0,0
CONT_s11_bola_TheSwissAccount,1789287508.855,0.1046,0,0,0,0,0,0
CONT_s11_bola_TheSwissAccount,1789287508.96,0.1047,0,0,0,0,0,0
CONT_s11_bola_TheSwissAccount,1789287509.064,0.1048,0,0,0,0,0,0
CONT_s11_bola_TheSwissAccount,1789287509.169,0.1048,0,0,0,0,0,0
CONT_s11_bola_TheSwissAccount,1789287509.274,0.1051,0,0,0,0,0,0
CONT_s11_bola_TheSwissAccount,1789287509.379,0.1049,0,0,0,0,0,0
CONT_s11_bola_TheSwissAccount,1789287509.486,0.1064,0,0,0,0,0,0
CONT_s11_bola_TheSwissAccount,1789287509.591,0.105,0,0,0,0,0,0
CONT_s11_bola_TheSwissAccount,1789287509.695,0.1049,0,0,0,0,0,0
CONT_s11_bola_TheSwissAccount,1789287509.8,0.1047,0,0,0,0,0,0
CONT_s11_bola_TheSwissAccount,1789287509.905,0.1047,0,0,0,0,0,0
CONT_s11_bola_TheSwissAccount,1789287510.01,0.1047,0,0,0,0,0,0
CONT_s11_bola_TheSwissAccount,1789287510.114,0.1048,0,0,0,0,0,0
CONT_s11_bola_TheSwissAccount,1789287510.219,0.1048,0,0,0,0,0,0
CONT_s11_bola_TheSwissAccount,1789287510.324,0.1047,0,0,0,0,0,0
CONT_s11_bola_TheSwissAccount,1789287510.429,0.1047,0,0,0,0,0,0
CONT_s11_bola_TheSwissAccount,1789287510.533,0.1048,0,0,0,0,0,0
CONT_s11_bola_TheSwissAccount,1789287510.639,0.1051,0,0,0,0,0,0
CONT_s11_bola_TheSwissAccount,1789287510.745,0.1063,0,0,0,0,0,0
CONT_s11_bola_TheSwissAccount,1789287510.85,0.1047,0,0,0,0,0,0
CONT_s11_bola_TheSwissAccount,1789287510.954,0.1047,0,0,0,0,0,0
CONT_s11_bola_TheSwissAccount,1789287511.059,0.1049,0,0,0,0,0,0
CONT_s11_bola_TheSwissAccount,1789287511.164,0.1047,0,0,0,0,0,0
CONT_s11_bola_TheSwissAccount,1789287511.269,0.1047,0,0,0,0,0,0
CONT_s11_bola_TheSwissAccount,1789287511.373,0.1048,0,0,0,0,0,0
CONT_s11_bola_TheSwissAccount,1789287511.478,0.1047,0,0,0,0,0,0
CONT_s11_bola_TheSwissAccount,1789287511.583,0.1048,0,0,0,0,0,0
CONT_s11_bola_TheSwissAccount,1789287511.688,0.1049,0,0,0,0,0,0
CONT_s11_bola_TheSwissAccount,1789287511.792,0.1048,0,0,0,0,0,0
CONT_s11_bola_TheSwissAccount,1789287511.897,0.1047,0,0,0,0,0,0
CONT_s11_bola_TheSwissAccount,1789287512.002,0.1049,0,0,0,0,0,0
CONT_s11_bola_TheSwissAccount,1789287512.107,0.105,0,0,0,0,0,0
CONT_s11_bola_TheSwissAccount,1789287512.212,0.1048,0,0,0,0,0,0
CONT_s11_bola_TheSwissAccount,1789287512.317,0.1048,0,0,0,0,0,0
CONT_s11_bola_TheSwissAccount,1789287512.421,0.1048,0,0,0,0,0,0
CONT_s11_bola_TheSwissAccount,1789287512.526,0.105,0,0,0,0,0,0
CONT_s11_bola_TheSwissAccount,1789287512.635,0.1086,0,0,0,0,0,0
CONT_s11_bola_TheSwissAccount,1789287512.74,0.1047,15505,12,0,348676511.3,4265884.4,2
CONT_s11_bola_TheSwissAccount,1789287512.845,0.1048,22604,17,0,173563881.1,81014787.4,2
CONT_s11_bola_TheSwissAccount,1789287512.949,0.1048,7552,6,0,164909132.0,752865.0,2
CONT_s11_bola_TheSwissAccount,1789287513.054,0.1049,21104,16,0,100104056.6,142495406.0,2
CONT_s11_bola_TheSwissAccount,1789287513.159,0.1047,10552,8,0,86729781.9,153335015.0,2
CONT_s11_bola_TheSwissAccount,1789287513.264,0.1048,12104,10,0,100133534.0,43289756.1,2
CONT_s11_bola_TheSwissAccount,1789287513.369,0.1049,15104,12,0,76747009.7,103883808.2,2
CONT_s11_bola_TheSwissAccount,1789287513.473,0.1048,15104,12,0,67747842.0,109029249.2,2
CONT_s11_bola_TheSwissAccount,1789287513.578,0.1048,15104,12,0,60662986.0,108875259.5,2
CONT_s11_bola_TheSwissAccount,1789287513.683,0.1046,15104,12,0,54868652.8,108939051.5,2
CONT_s11_bola_TheSwissAccount,1789287513.788,0.1048,15104,12,0,50003389.3,109107720.3,2
CONT_s11_bola_TheSwissAccount,1789287513.892,0.1047,15104,12,0,45842713.5,109219810.0,2
CONT_s11_bola_TheSwissAccount,1789287513.997,0.1048,15104,12,0,42247250.0,109247569.7,2
CONT_s11_bola_TheSwissAccount,1789287514.102,0.1049,15104,12,0,39120887.8,108971826.1,2
CONT_s11_bola_TheSwissAccount,1789287514.207,0.1049,7552,6,0,37713913.0,108869339.6,2
CONT_s11_bola_TheSwissAccount,1789287514.312,0.105,15104,12,0,35163639.8,108895667.2,2
CONT_s11_bola_TheSwissAccount,1789287514.417,0.1049,15104,12,0,32932349.7,109269325.9,2
CONT_s11_bola_TheSwissAccount,1789287514.521,0.1047,15104,12,0,30968281.0,109273157.2,2
CONT_s11_bola_TheSwissAccount,1789287514.626,0.1048,15104,12,0,29239562.0,109477343.1,2
CONT_s11_bola_TheSwissAccount,1789287514.731,0.1049,15104,12,0,27721345.5,109458664.8,2
CONT_s11_bola_TheSwissAccount,1789287514.836,0.1048,8349,8,0,29659289.2,84228771.8,2
CONT_s11_bola_TheSwissAccount,1789287514.941,0.1048,0,0,0,0,0,0
CONT_s11_bola_TheSwissAccount,1789287515.045,0.1049,0,0,0,0,0,0
CONT_s11_bola_TheSwissAccount,1789287515.15,0.1047,0,0,0,0,0,0
CONT_s11_bola_TheSwissAccount,1789287515.257,0.1066,0,0,0,0,0,0
CONT_s11_bola_TheSwissAccount,1789287515.362,0.1049,0,0,0,0,0,0
CONT_s11_bola_TheSwissAccount,1789287515.466,0.1047,0,0,0,0,0,0
CONT_s11_bola_TheSwissAccount,1789287515.571,0.1049,0,0,0,0,0,0
CONT_s11_bola_TheSwissAccount,1789287515.676,0.1046,0,0,0,0,0,0
CONT_s11_bola_TheSwissAccount,1789287515.781,0.1047,0,0,0,0,0,0
CONT_s11_bola_TheSwissAccount,1789287515.885,0.1048,0,0,0,0,0,0
CONT_s11_bola_TheSwissAccount,1789287515.99,0.1048,0,0,0,0,0,0
CONT_s11_bola_TheSwissAccount,1789287516.095,0.1048,0,0,0,0,0,0
CONT_s11_bola_TheSwissAccount,1789287516.2,0.1048,0,0,0,0,0,0
CONT_s11_bola_TheSwissAccount,1789287516.305,0.1048,0,0,0,0,0,0
CONT_s11_bola_TheSwissAccount,1789287516.409,0.1047,0,0,0,0,0,0
CONT_s11_bola_TheSwissAccount,1789287516.514,0.1048,0,0,0,0,0,0
CONT_s11_bola_TheSwissAccount,1789287516.619,0.1048,0,0,0,0,0,0
CONT_s11_bola_TheSwissAccount,1789287516.724,0.1048,0,0,0,0,0,0
CONT_s11_bola_TheSwissAccount,1789287516.829,0.1048,15505,12,0,181305741.2,4431132.8,2
CONT_s11_bola_TheSwissAccount,1789287516.933,0.1048,9052,7,0,137604400.7,63827465.1,2
CONT_s11_bola_TheSwissAccount,1789287517.038,0.1048,18104,14,0,89420196.9,131383276.4,2
CONT_s11_bola_TheSwissAccount,1789287517.143,0.1046,18052,13,0,54334759.0,131783794.4,2
CONT_s11_bola_TheSwissAccount,1789287517.25,0.1072,9104,8,0,76336033.0,130723697.7,2
CONT_s11_bola_TheSwissAccount,1789287517.355,0.1049,19604,15,0,46866788.9,114558483.5,2
CONT_s11_bola_TheSwissAccount,1789287517.46,0.1047,13656,12,0,56363703.2,141524249.7,2
CONT_s11_bola_TheSwissAccount,1789287517.564,0.1048,6052,5,0,47470902.2,142133972.7,2
CONT_s11_bola_TheSwissAccount,1789287517.669,0.1047,19656,16,0,40737259.2,142017595.4,2
CONT_s11_bola_TheSwissAccount,1789287517.774,0.1048,13604,11,0,37592652.0,142069368.9,2
CONT_s11_bola_TheSwissAccount,1789287517.879,0.1048,15104,12,0,33839523.3,141937483.5,2
CONT_s11_bola_TheSwissAccount,1789287517.983,0.1048,10604,9,0,36360279.6,141624426.1,2
CONT_s11_bola_TheSwissAccount,1789287518.088,0.1048,21104,16,0,27355403.5,153731771.1,2
CONT_s11_bola_TheSwissAccount,1789287518.193,0.1049,10552,8,0,26473784.5,153178513.1,2
CONT_s11_bola_TheSwissAccount,1789287518.298,0.1048,10552,8,0,25719847.4,153856810.9,2
CONT_s11_bola_TheSwissAccount,1789287518.403,0.1047,21104,16,0,24460719.4,153577333.6,2
CONT_s11_bola_TheSwissAccount,1789287518.507,0.1048,10552,8,0,23927225.8,153846768.9,2
CONT_s11_bola_TheSwissAccount,1789287518.612,0.1048,10552,8,0,23434097.8,153844264.7,2
CONT_s11_bola_TheSwissAccount,1789287518.717,0.1048,21104,16,0,22566568.2,153623634.8,2
CONT_s11_bola_TheSwissAccount,1789287518.822,0.1048,13604,11,0,24189402.5,125533474.5,2
CONT_s11_bola_TheSwissAccount,1789287518.927,0.1047,15156,13,0,25228227.9,92635461.0,2
CONT_s11_bola_TheSwissAccount,1789287519.031,0.1048,12104,10,0,24348827.4,109132077.5,2
CONT_s11_bola_TheSwissAccount,1789287519.137,0.1052,16656,14,0,23907626.7,120033711.1,2
CONT_s11_bola_TheSwissAccount,1789287519.242,0.1058,13604,11,0,22755170.9,131134222.4,2
CONT_s11_bola_TheSwissAccount,1789287519.347,0.1048,5215,6,0,23591208.7,83453355.5,2
CONT_s11_bola_TheSwissAccount,1789287519.452,0.1048,0,0,0,0,0,0
CONT_s11_bola_TheSwissAccount,1789287519.557,0.1048,0,0,0,0,0,0
CONT_s11_bola_TheSwissAccount,1789287519.661,0.1046,0,0,0,0,0,0
CONT_s11_bola_TheSwissAccount,1789287519.766,0.1048,0,0,0,0,0,0
CONT_s11_bola_TheSwissAccount,1789287519.871,0.1048,0,0,0,0,0,0
CONT_s11_bola_TheSwissAccount,1789287519.976,0.1048,0,0,0,0,0,0
CONT_s11_bola_TheSwissAccount,1789287520.08,0.1048,0,0,0,0,0,0
CONT_s11_bola_TheSwissAccount,1789287520.185,0.1048,0,0,0,0,0,0
CONT_s11_bola_TheSwissAccount,1789287520.29,0.1047,0,0,0,0,0,0
CONT_s11_bola_TheSwissAccount,1789287520.395,0.1047,0,0,0,0,0,0
CONT_s11_bola_TheSwissAccount,1789287520.5,0.1049,0,0,0,0,0,0
CONT_s11_bola_TheSwissAccount,1789287520.605,0.1049,0,0,0,0,0,0
CONT_s11_bola_TheSwissAccount,1789287520.709,0.1049,0,0,0,0,0,0
CONT_s11_bola_TheSwissAccount,1789287520.814,0.1047,15505,12,0,134778464.2,629726.9,2
CONT_s11_bola_TheSwissAccount,1789287520.919,0.1047,10552,8,0,97669324.4,75024714.9,2
CONT_s11_bola_TheSwissAccount,1789287521.024,0.1048,10552,8,0,75517063.2,996716.0,2
CONT_s11_bola_TheSwissAccount,1789287521.13,0.1061,21104,16,0,51246234.1,153608495.1,2
CONT_s11_bola_TheSwissAccount,1789287521.235,0.1047,10552,8,0,44662210.4,153774722.8,2
CONT_s11_bola_TheSwissAccount,1789287521.339,0.1048,21104,16,0,36824621.5,153616038.8,2
CONT_s11_bola_TheSwissAccount,1789287521.444,0.1048,10552,8,0,34410822.0,153851132.5,2
CONT_s11_bola_TheSwissAccount,1789287521.549,0.1049,10552,8,0,32562885.8,153768825.4,2
CONT_s11_bola_TheSwissAccount,1789287521.654,0.1049,21104,16,0,29883662.8,153550918.6,2
CONT_s11_bola_TheSwissAccount,1789287521.761,0.1065,10552,8,0,28855739.2,153827295.5,2
CONT_s11_bola_TheSwissAccount,1789287521.865,0.1047,9052,7,0,29529884.1,142431695.9,2
CONT_s11_bola_TheSwissAccount,1789287521.97,0.1048,21104,16,0,26675155.9,148123365.2,2
CONT_s11_bola_TheSwissAccount,1789287522.075,0.1049,10552,8,0,25976828.1,153702865.3,2
CONT_s11_bola_TheSwissAccount,1789287522.18,0.1049,10552,8,0,25346913.4,153638659.8,2
CONT_s11_bola_TheSwissAccount,1789287522.285,0.1048,21104,16,0,24238353.5,153619318.0,2
CONT_s11_bola_TheSwissAccount,1789287522.389,0.1048,12104,10,0,27368608.2,108759758.4,2
CONT_s11_bola_TheSwissAccount,1789287522.494,0.1048,13604,11,0,25905217.4,98387883.0,2
CONT_s11_bola_TheSwissAccount,1789287522.599,0.1048,15104,12,0,24418825.0,109430751.5,2
CONT_s11_bola_TheSwissAccount,1789287522.704,0.105,15104,12,0,23540771.7,109227448.5,2
CONT_s11_bola_TheSwissAccount,1789287522.809,0.1047,15104,12,0,22741841.2,109235214.9,2
CONT_s11_bola_TheSwissAccount,1789287522.914,0.1048,15104,12,0,22033105.5,109236976.0,2
CONT_s11_bola_TheSwissAccount,1789287523.018,0.1049,11430,11,0,22121290.4,90118622.9,2
CONT_s11_bola_TheSwissAccount,1789287523.123,0.1048,15104,12,0,21214061.2,48997267.8,2
CONT_s11_bola_TheSwissAccount,1789287523.228,0.1048,15104,12,0,20784950.2,109267222.1,2
CONT_s11_bola_TheSwissAccount,1789287523.333,0.1047,15104,12,0,20355572.7,109216440.2,2
CONT_s11_bola_TheSwissAccount,1789287523.438,0.1047,15104,12,0,19947011.5,109336321.7,2
CONT_s11_bola_TheSwissAccount,1789287523.542,0.1048,15104,12,0,19570644.5,109154265.0,2
CONT_s11_bola_TheSwissAccount,1789287523.647,0.1047,15104,12,0,19237470.3,109205590.6,2
CONT_s11_bola_TheSwissAccount,1789287523.756,0.109,15104,12,0,18948016.5,109262677.3,2
CONT_s11_bola_TheSwissAccount,1789287523.861,0.1049,15104,12,0,18687942.3,109017897.0,2
CONT_s11_bola_TheSwissAccount,1789287523.966,0.1048,7552,6,0,18570616.2,108975694.8,2
CONT_s11_bola_TheSwissAccount,1789287524.071,0.1048,15104,12,0,18350832.5,109364799.3,2
CONT_s11_bola_TheSwissAccount,1789287524.175,0.1046,15104,12,0,18174629.3,109231388.2,2
CONT_s11_bola_TheSwissAccount,1789287524.28,0.1048,15104,12,0,18005182.8,109040059.4,2
CONT_s11_bola_TheSwissAccount,1789287524.385,0.105,15104,12,0,17849653.5,109365152.1,2
CONT_s11_bola_TheSwissAccount,1789287524.49,0.105,15104,12,0,17719664.3,109478835.2,2
CONT_s11_bola_TheSwissAccount,1789287524.595,0.1048,15104,12,0,17620453.7,109074352.5,2
CONT_s11_bola_TheSwissAccount,1789287524.7,0.1049,15104,12,0,17521193.3,109191717.9,2
CONT_s11_bola_TheSwissAccount,1789287524.805,0.1049,15104,12,0,17428543.8,109396559.1,2
CONT_s11_bola_TheSwissAccount,1789287524.909,0.1049,7552,6,0,17388786.3,109207933.5,2
CONT_s11_bola_TheSwissAccount,1789287525.014,0.1048,15104,12,0,17329727.3,109336357.1,2
CONT_s11_bola_TheSwissAccount,1789287525.119,0.105,15104,12,0,17270870.5,109213715.8,2
CONT_s11_bola_TheSwissAccount,1789287525.224,0.105,15104,12,0,17213569.8,108945669.1,2
CONT_s11_bola_TheSwissAccount,1789287525.329,0.1048,15104,12,0,17158274.3,109206799.5,2
CONT_s11_bola_TheSwissAccount,1789287525.434,0.1048,15104,12,0,17105618.3,109272084.5,2
CONT_s11_bola_TheSwissAccount,1789287525.539,0.105,15104,12,0,17058964.0,109564791.3,2
CONT_s11_bola_TheSwissAccount,1789287525.644,0.1048,15104,12,0,17021368.7,109394150.0,2
CONT_s11_bola_TheSwissAccount,1789287525.751,0.1074,15104,12,0,16984135.7,109508251.9,2
CONT_s11_bola_TheSwissAccount,1789287525.856,0.1048,15104,12,0,16954360.5,109503747.3,2
CONT_s11_bola_TheSwissAccount,1789287525.961,0.1048,7552,6,0,16943247.0,109539514.8,2
CONT_s11_bola_TheSwissAccount,1789287526.066,0.1051,15104,12,0,16941434.8,108923472.5,2
CONT_s11_bola_TheSwissAccount,1789287526.17,0.1047,15104,12,0,16918841.0,109292194.9,2
CONT_s11_bola_TheSwissAccount,1789287526.275,0.1047,15104,12,0,16899804.5,108949184.8,2
CONT_s11_bola_TheSwissAccount,1789287526.38,0.1048,15104,12,0,16879324.0,109087773.9,2
CONT_s11_bola_TheSwissAccount,1789287526.485,0.1048,15104,12,0,16869640.7,109463086.9,2
CONT_s11_bola_TheSwissAccount,1789287526.59,0.1049,15104,12,0,16857542.8,109207010.4,2
CONT_s11_bola_TheSwissAccount,1789287526.694,0.1047,15104,12,0,16845576.3,109020734.9,2
CONT_s11_bola_TheSwissAccount,1789287526.799,0.1047,11492,11,0,15945388.2,61089463.2,2
CONT_s11_bola_TheSwissAccount,1789287526.904,0.1048,15104,12,0,17485469.3,109304319.4,2
CONT_s11_bola_TheSwissAccount,1789287527.009,0.1049,15104,12,0,17471516.2,109068932.0,2
CONT_s11_bola_TheSwissAccount,1789287527.113,0.1048,15104,12,0,17441043.8,108976590.4,2
CONT_s11_bola_TheSwissAccount,1789287527.218,0.1047,15104,12,0,17379480.3,109204775.6,2
CONT_s11_bola_TheSwissAccount,1789287527.323,0.1047,15104,12,0,17314751.2,109088888.8,2
CONT_s11_bola_TheSwissAccount,1789287527.428,0.1048,7552,6,0,17287152.7,109274060.6,2
CONT_s11_bola_TheSwissAccount,1789287527.533,0.1049,15104,12,0,17222708.0,109028667.6,2
CONT_s11_bola_TheSwissAccount,1789287527.638,0.1053,15104,12,0,17161355.3,109092557.4,2
CONT_s11_bola_TheSwissAccount,1789287527.744,0.1062,15104,12,0,17113561.5,109269475.3,2
CONT_s11_bola_TheSwissAccount,1789287527.849,0.1047,15104,12,0,17071525.7,109046070.5,2
CONT_s11_bola_TheSwissAccount,1789287527.954,0.1048,15104,12,0,17031775.5,109344978.6,2
CONT_s11_bola_TheSwissAccount,1789287528.058,0.1049,15104,12,0,17017234.2,109107584.9,2
CONT_s11_bola_TheSwissAccount,1789287528.163,0.1046,15104,12,0,17002562.0,109229967.1,2
CONT_s11_bola_TheSwissAccount,1789287528.268,0.1048,15104,12,0,16968146.3,109313981.2,2
CONT_s11_bola_TheSwissAccount,1789287528.373,0.1049,15104,12,0,16938271.8,109179229.9,2
CONT_s11_bola_TheSwissAccount,1789287528.478,0.1048,7552,6,0,16931270.2,109406352.6,2
CONT_s11_bola_TheSwissAccount,1789287528.583,0.105,15104,12,0,16926132.3,109180004.3,2
CONT_s11_bola_TheSwissAccount,1789287528.687,0.1049,15104,12,0,16915606.5,109073959.7,2
CONT_s11_bola_TheSwissAccount,1789287528.792,0.1048,15104,12,0,16897322.2,109406165.7,2
CONT_s11_bola_TheSwissAccount,1789287528.897,0.1049,15104,12,0,16877406.3,109199275.5,2
CONT_s11_bola_TheSwissAccount,1789287529.002,0.1049,15104,12,0,16867191.3,109341680.2,2
CONT_s11_bola_TheSwissAccount,1789287529.107,0.1048,15104,12,0,16870632.2,109134169.0,2
CONT_s11_bola_TheSwissAccount,1789287529.212,0.1047,15104,12,0,16863511.2,109205729.5,2
CONT_s11_bola_TheSwissAccount,1789287529.316,0.1049,15104,12,0,16850360.8,109326701.9,2
CONT_s11_bola_TheSwissAccount,1789287529.421,0.1049,7552,6,0,16843867.3,109230497.2,2
CONT_s11_bola_TheSwissAccount,1789287529.526,0.105,15104,12,0,16834549.3,109289719.7,2
CONT_s11_bola_TheSwissAccount,1789287529.635,0.1085,15104,12,0,16825478.2,109299633.7,2
CONT_s11_bola_TheSwissAccount,1789287529.74,0.1047,15104,12,0,16815235.0,108836813.9,2
CONT_s11_bola_TheSwissAccount,1789287529.844,0.1048,15104,12,0,16811914.5,109368565.4,2
CONT_s11_bola_TheSwissAccount,1789287529.949,0.1048,15104,12,0,16803141.5,109079190.0,2
CONT_s11_bola_TheSwissAccount,1789287530.054,0.1048,15276,15,0,13439226.0,108206778.9,4
CONT_s11_bola_TheSwissAccount,1789287530.159,0.1048,15801,17,0,10714568.2,65910663.7,4
CONT_s11_bola_TheSwissAccount,1789287530.264,0.1054,15104,12,0,20720265.8,95321847.4,2
CONT_s11_bola_TheSwissAccount,1789287530.369,0.1051,13656,12,0,22679586.8,162334093.0,4
CONT_s11_bola_TheSwissAccount,1789287530.474,0.105,13656,12,0,27907253.9,186533169.0,4
CONT_s11_bola_TheSwissAccount,1789287530.579,0.105,15104,12,0,24468816.7,153389865.9,2
CONT_s11_bola_TheSwissAccount,1789287530.684,0.1048,13656,12,0,34634038.4,186834882.6,4
CONT_s11_bola_TheSwissAccount,1789287530.789,0.1049,13656,12,0,37567813.9,186920763.6,4
CONT_s11_bola_TheSwissAccount,1789287530.894,0.1046,15104,12,0,26124672.2,153566409.9,2
CONT_s11_bola_TheSwissAccount,1789287530.998,0.1048,13656,12,0,42182706.5,186886497.8,4
CONT_s11_bola_TheSwissAccount,1789287531.103,0.1051,13656,12,0,43723072.5,186592432.0,4
CONT_s11_bola_TheSwissAccount,1789287531.209,0.105,18156,15,0,35183608.2,174989685.6,4
CONT_s11_bola_TheSwissAccount,1789287531.314,0.105,10604,9,0,41211829.1,159145080.8,4
CONT_s11_bola_TheSwissAccount,1789287531.418,0.1049,13656,12,0,47833430.7,186422609.7,4
CONT_s11_bola_TheSwissAccount,1789287531.523,0.1049,18156,15,0,37039417.7,174871344.0,4
CONT_s11_bola_TheSwissAccount,1789287531.63,0.1063,10604,9,0,43651280.9,158801601.7,4
CONT_s11_bola_TheSwissAccount,1789287531.735,0.1051,13656,12,0,50639954.2,186409524.3,4
CONT_s11_bola_TheSwissAccount,1789287531.84,0.1049,18156,15,0,38347851.6,174890229.0,4
CONT_s11_bola_TheSwissAccount,1789287531.944,0.1048,10604,9,0,45353887.7,159080467.1,4
CONT_s11_bola_TheSwissAccount,1789287532.049,0.1049,13656,12,0,52608937.3,186660135.2,4
CONT_s11_bola_TheSwissAccount,1789287532.154,0.1048,18156,15,0,39277163.3,174847475.8,4
CONT_s11_bola_TheSwissAccount,1789287532.259,0.1049,10604,9,0,46555729.8,158982243.2,4
CONT_s11_bola_TheSwissAccount,1789287532.364,0.1049,13656,12,0,53995032.8,186780960.6,4
CONT_s11_bola_TheSwissAccount,1789287532.469,0.105,18156,15,0,39949873.1,174887728.8,4
CONT_s11_bola_TheSwissAccount,1789287532.574,0.1051,10604,9,0,47414800.0,159144385.7,4
CONT_s11_bola_TheSwissAccount,1789287532.679,0.1048,13656,12,0,54997832.9,186464266.1,4
CONT_s11_bola_TheSwissAccount,1789287532.784,0.1049,21208,18,0,46592446.9,174852229.2,4
CONT_s11_bola_TheSwissAccount,1789287532.889,0.1049,7552,6,0,31163063.7,153313192.4,2
CONT_s11_bola_TheSwissAccount,1789287532.994,0.105,21208,18,0,48295680.7,174676241.6,4
CONT_s11_bola_TheSwissAccount,1789287533.099,0.1051,13656,12,0,56024234.8,186761682.1,4
CONT_s11_bola_TheSwissAccount,1789287533.204,0.105,15104,12,0,29200854.3,153235008.0,2
CONT_s11_bola_TheSwissAccount,1789287533.309,0.1049,13656,12,0,57354997.8,186715950.8,4
CONT_s11_bola_TheSwissAccount,1789287533.414,0.105,13656,12,0,56470464.2,186784172.2,4
CONT_s11_bola_TheSwissAccount,1789287533.519,0.105,15104,12,0,29306251.8,153411883.3,2
CONT_s11_bola_TheSwissAccount,1789287533.624,0.1051,13708,13,0,60138496.8,185917896.1,4
CONT_s11_bola_TheSwissAccount,1789287533.729,0.1051,13644,12,0,51964953.0,176828409.6,4
CONT_s11_bola_TheSwissAccount,1789287533.834,0.105,15104,12,0,29421334.3,153663170.8,2
CONT_s11_bola_TheSwissAccount,1789287533.939,0.105,10552,8,0,41353946.8,131109148.8,3
CONT_s11_bola_TheSwissAccount,1789287534.044,0.105,15104,12,0,26070385.5,120084143.3,2
CONT_s11_bola_TheSwissAccount,1789287534.149,0.1049,15104,12,0,23845020.3,109330171.6,2
CONT_s11_bola_TheSwissAccount,1789287534.255,0.1066,15104,12,0,22414396.8,109289947.9,2
CONT_s11_bola_TheSwissAccount,1789287534.36,0.1051,15104,12,0,21431519.8,109043193.2,2
CONT_s11_bola_TheSwissAccount,1789287534.465,0.105,14901,13,0,20865046.0,103832314.4,2
CONT_s11_bola_TheSwissAccount,1789287534.57,0.1051,15104,12,0,20657063.8,48076521.8,2
CONT_s11_bola_TheSwissAccount,1789287534.675,0.1048,15104,12,0,20223541.5,109393138.9,2
CONT_s11_bola_TheSwissAccount,1789287534.78,0.1049,7552,6,0,20027472.0,108879631.4,2
CONT_s11_bola_TheSwissAccount,1789287534.885,0.105,15104,12,0,19653160.3,109252943.4,2
CONT_s11_bola_TheSwissAccount,1789287534.99,0.1051,15104,12,0,19304069.5,109452427.2,2
CONT_s11_bola_TheSwissAccount,1789287535.095,0.1051,15104,12,0,19009224.3,108968294.1,2
CONT_s11_bola_TheSwissAccount,1789287535.2,0.105,15104,12,0,18744943.2,109230689.2,2
CONT_s11_bola_TheSwissAccount,1789287535.305,0.1049,15104,12,0,18503509.0,109351495.2,2
CONT_s11_bola_TheSwissAccount,1789287535.41,0.1049,15104,12,0,18303014.8,109261142.6,2
CONT_s11_bola_TheSwissAccount,1789287535.515,0.1051,15104,12,0,18115099.3,109211159.8,2
CONT_s11_bola_TheSwissAccount,1789287535.62,0.1051,15104,12,0,17943954.3,109501375.4,2
CONT_s11_bola_TheSwissAccount,1789287535.725,0.105,15104,12,0,17795831.5,109540591.7,2
CONT_s11_bola_TheSwissAccount,1789287535.83,0.105,7552,6,0,17731140.8,109521998.0,2
CONT_s11_bola_TheSwissAccount,1789287535.935,0.1049,15104,12,0,17628893.0,109499963.1,2
CONT_s11_bola_TheSwissAccount,1789287536.04,0.1049,15104,12,0,17527086.7,108906214.9,2
CONT_s11_bola_TheSwissAccount,1789287536.145,0.1049,15104,12,0,17445189.5,108953782.9,2
CONT_s11_bola_TheSwissAccount,1789287536.251,0.1059,15104,12,0,17356837.2,109383035.1,2
CONT_s11_bola_TheSwissAccount,1789287536.356,0.1049,15104,12,0,17299864.0,109535703.3,2
CONT_s11_bola_TheSwissAccount,1789287536.461,0.1048,15104,12,0,17245601.2,109039007.4,2
CONT_s11_bola_TheSwissAccount,1789287536.566,0.1052,15104,12,0,17193277.3,109240919.3,2
CONT_s11_bola_TheSwissAccount,1789287536.671,0.1048,15104,12,0,17141548.3,109313415.8,2
CONT_s11_bola_TheSwissAccount,1789287536.776,0.105,9224,9,0,14649171.3,81299266.1,2
CONT_s11_bola_TheSwissAccount,1789287536.881,0.1049,15104,12,0,17420185.7,51275333.1,2
CONT_s11_bola_TheSwissAccount,1789287536.986,0.105,15104,12,0,17537902.3,109125132.0,2
CONT_s11_bola_TheSwissAccount,1789287537.091,0.1051,15104,12,0,17546858.3,109507886.0,2
CONT_s11_bola_TheSwissAccount,1789287537.195,0.1048,15104,12,0,17509604.8,109206283.0,2
CONT_s11_bola_TheSwissAccount,1789287537.3,0.1049,15104,12,0,17449277.0,109215914.0,2
CONT_s11_bola_TheSwissAccount,1789287537.405,0.1049,15104,12,0,17382160.3,109083868.8,2
CONT_s11_bola_TheSwissAccount,1789287537.51,0.1049,15104,12,0,17312611.0,109100458.2,2
CONT_s11_bola_TheSwissAccount,1789287537.615,0.1049,7552,6,0,17286922.5,109149907.7,2
CONT_s11_bola_TheSwissAccount,1789287537.72,0.105,15104,12,0,17226521.5,109301419.1,2
CONT_s11_bola_TheSwissAccount,1789287537.825,0.105,15104,12,0,17174333.5,109332951.5,2
CONT_s11_bola_TheSwissAccount,1789287537.93,0.1051,15104,12,0,17129900.3,108941488.0,2
CONT_s11_bola_TheSwissAccount,1789287538.035,0.105,15104,12,0,17092198.2,109200977.6,2
CONT_s11_bola_TheSwissAccount,1789287538.14,0.1051,15104,12,0,17060790.3,109038886.2,2
CONT_s11_bola_TheSwissAccount,1789287538.246,0.1052,15104,12,0,17021180.0,109017381.4,2
CONT_s11_bola_TheSwissAccount,1789287538.35,0.1049,15104,12,0,16983971.7,109412657.1,2
CONT_s11_bola_TheSwissAccount,1789287538.455,0.105,15104,12,0,16959537.0,109224492.4,2
CONT_s11_bola_TheSwissAccount,1789287538.56,0.105,15104,12,0,16938300.5,109135475.6,2
CONT_s11_bola_TheSwissAccount,1789287538.665,0.1049,7552,6,0,16933908.5,109431357.1,2
CONT_s11_bola_TheSwissAccount,1789287538.77,0.105,15104,12,0,16911725.0,109075332.5,2
CONT_s11_bola_TheSwissAccount,1789287538.875,0.1049,15104,12,0,16894704.2,109221238.7,2
CONT_s11_bola_TheSwissAccount,1789287538.98,0.1048,15104,12,0,16880629.2,109374709.1,2
CONT_s11_bola_TheSwissAccount,1789287539.085,0.105,13822,12,0,16046039.8,99538466.7,2
CONT_s11_bola_TheSwissAccount,1789287539.19,0.1048,15104,12,0,17805379.8,51415884.0,2
CONT_s11_bola_TheSwissAccount,1789287539.295,0.105,15104,12,0,17683890.7,109299646.5,2
CONT_s11_bola_TheSwissAccount,1789287539.4,0.1049,15104,12,0,17580544.2,109158766.6,2
CONT_s11_bola_TheSwissAccount,1789287539.505,0.1048,15104,12,0,17491700.8,109208591.3,2
CONT_s11_bola_TheSwissAccount,1789287539.61,0.1051,15104,12,0,17408694.8,109266397.1,2
CONT_s11_bola_TheSwissAccount,1789287539.715,0.105,15104,12,0,17326017.8,108785522.4,2
CONT_s11_bola_TheSwissAccount,1789287539.82,0.105,7552,6,0,17293743.3,109093814.0,2
CONT_s11_bola_TheSwissAccount,1789287539.925,0.1049,15104,12,0,17225307.8,109014597.2,2
CONT_s11_bola_TheSwissAccount,1789287540.03,0.105,15104,12,0,17173430.2,109121944.0,2
CONT_s11_bola_TheSwissAccount,1789287540.136,0.1062,15104,12,0,17133863.2,109160081.2,2
CONT_s11_bola_TheSwissAccount,1789287540.241,0.1049,15104,12,0,17093434.0,109445919.6,2
CONT_s11_bola_TheSwissAccount,1789287540.346,0.105,15104,12,0,17053289.7,109144091.1,2
CONT_s11_bola_TheSwissAccount,1789287540.451,0.1049,15104,12,0,17019889.2,109180155.2,2
CONT_s11_bola_TheSwissAccount,1789287540.556,0.1051,15104,12,0,16989089.5,108973539.4,2
CONT_s11_bola_TheSwissAccount,1789287540.661,0.1048,15104,12,0,16952583.3,109453318.0,2
CONT_s11_bola_TheSwissAccount,1789287540.766,0.1054,15104,12,0,16928256.2,109475929.8,2
CONT_s11_bola_TheSwissAccount,1789287540.871,0.105,7552,6,0,16919151.2,109265691.2,2
CONT_s11_bola_TheSwissAccount,1789287540.976,0.1049,15104,12,0,16898824.7,109458791.1,2
CONT_s11_bola_TheSwissAccount,1789287541.081,0.105,15104,12,0,16895633.5,109205289.2,2
CONT_s11_bola_TheSwissAccount,1789287541.186,0.1048,15104,12,0,16883292.0,109238647.0,2
CONT_s11_bola_TheSwissAccount,1789287541.291,0.1049,15104,12,0,16873996.0,109197210.3,2
CONT_s11_bola_TheSwissAccount,1789287541.396,0.105,15104,12,0,16863563.2,109307195.5,2
CONT_s11_bola_TheSwissAccount,1789287541.5,0.1048,15104,12,0,16853151.7,109111364.2,2
CONT_s11_bola_TheSwissAccount,1789287541.605,0.1051,12149,12,0,14995684.2,61233309.2,2
CONT_s11_bola_TheSwissAccount,1789287541.711,0.105,52,1,0,6953673.0,55257838.0,1
CONT_s11_bola_TheSwissAccount,1789287541.816,0.105,0,0,0,0,0,0
CONT_s11_bola_TheSwissAccount,1789287541.92,0.1049,0,0,0,0,0,0
CONT_s11_bola_TheSwissAccount,1789287542.025,0.1048,0,0,0,0,0,0
CONT_s11_bola_TheSwissAccount,1789287542.133,0.1078,0,0,0,0,0,0
CONT_s11_bola_TheSwissAccount,1789287542.238,0.1049,0,0,0,0,0,0
CONT_s11_bola_TheSwissAccount,1789287542.343,0.1049,60,1,0,0.0,0,1
CONT_s11_bola_TheSwissAccount,1789287542.448,0.1049,18489,18,0,4461939.2,24035571.7,2
CONT_s11_bola_TheSwissAccount,1789287542.553,0.105,9156,9,0,10529516.0,867056.3,2
CONT_s11_bola_TheSwissAccount,1789287542.658,0.1051,9685,11,0,18765729.1,210040462.5,3
CONT_s11_bola_TheSwissAccount,1789287542.763,0.1052,9464,12,0,20055587.0,215407458.3,2
CONT_s11_bola_TheSwissAccount,1789287542.868,0.1052,9944,14,2,33141895.0,201876337.5,4
CONT_s11_bola_TheSwissAccount,1789287542.973,0.105,9480,12,6,15338573.0,192452961.1,2
CONT_s11_bola_TheSwissAccount,1789287543.079,0.1053,6320,8,4,11974764.0,189943800.4,2
CONT_s11_bola_TheSwissAccount,1789287543.184,0.105,9440,12,4,18850316.0,222489174.4,2
CONT_s11_bola_TheSwissAccount,1789287543.289,0.1051,11060,14,0,16082140.0,215316205.7,2
CONT_s11_bola_TheSwissAccount,1789287543.394,0.1051,9464,12,5,11084700.5,187810703.8,2
CONT_s11_bola_TheSwissAccount,1789287543.499,0.105,9372,12,3,7567255.0,196547994.5,2
CONT_s11_bola_TheSwissAccount,1789287543.604,0.1053,9400,12,0,12594277.0,215452491.8,2
CONT_s11_bola_TheSwissAccount,1789287543.709,0.1053,7836,10,1,9208545.5,193514016.2,2
CONT_s11_bola_TheSwissAccount,1789287543.815,0.1051,9837,13,1,16528500.8,198127067.6,3
CONT_s11_bola_TheSwissAccount,1789287543.92,0.1051,9156,9,1,7807307.0,219027782.1,2
CONT_s11_bola_TheSwissAccount,1789287544.025,0.1051,8220,11,0,13453334.0,210933139.0,3
CONT_s11_bola_TheSwissAccount,1789287544.132,0.1069,11032,15,0,25394051.1,219546318.0,3
CONT_s11_bola_TheSwissAccount,1789287544.237,0.1051,7820,10,2,11616588.5,168165420.4,2
CONT_s11_bola_TheSwissAccount,1789287544.342,0.1052,9372,12,1,8000815.5,133366973.8,2
CONT_s11_bola_TheSwissAccount,1789287544.447,0.1054,9220,10,1,6156065.4,147310127.3,2
CONT_s11_bola_TheSwissAccount,1789287544.553,0.1052,9156,9,0,9320644.3,114438142.0,2
CONT_s11_bola_TheSwissAccount,1789287544.658,0.105,7604,7,0,13153576.4,115081002.3,2
CONT_s11_bola_TheSwissAccount,1789287544.763,0.1051,9156,9,0,17000917.0,117582829.5,2
CONT_s11_bola_TheSwissAccount,1789287544.868,0.1053,9384,12,0,20496365.5,107521764.7,2
CONT_s11_bola_TheSwissAccount,1789287544.973,0.1052,7656,8,1,17811896.6,70450655.5,2
CONT_s11_bola_TheSwissAccount,1789287545.078,0.1052,11109,11,0,37123067.6,76619172.7,3
CONT_s11_bola_TheSwissAccount,1789287545.184,0.1051,8068,9,0,54749741.7,82137734.7,4
CONT_s11_bola_TheSwissAccount,1789287545.289,0.1051,7604,7,0,21885754.0,100310523.3,2
CONT_s11_bola_TheSwissAccount,1789287545.394,0.1052,9104,8,0,22728504.8,88730686.2,2
CONT_s11_bola_TheSwissAccount,1789287545.499,0.1052,10656,10,0,22595225.1,94561498.0,2
CONT_s11_bola_TheSwissAccount,1789287545.604,0.1053,9104,8,0,22338614.0,106988398.1,2
CONT_s11_bola_TheSwissAccount,1789287545.71,0.1052,9104,8,0,21603853.2,107034710.7,2
CONT_s11_bola_TheSwissAccount,1789287545.815,0.1051,9104,8,0,21034194.5,106942294.1,2
CONT_s11_bola_TheSwissAccount,1789287545.92,0.1054,7604,7,0,21772006.7,124175002.0,2
CONT_s11_bola_TheSwissAccount,1789287546.025,0.1051,7604,7,0,21470725.7,133378660.3,2
CONT_s11_bola_TheSwissAccount,1789287546.134,0.1084,9156,9,0,22448975.7,132250246.4,2
CONT_s11_bola_TheSwissAccount,1789287546.239,0.1051,10656,10,0,23765050.5,153278977.3,2
CONT_s11_bola_TheSwissAccount,1789287546.344,0.1051,9156,9,0,23800063.3,152738401.7,2
CONT_s11_bola_TheSwissAccount,1789287546.449,0.1052,9104,8,0,24069273.8,168981661.0,2
CONT_s11_bola_TheSwissAccount,1789287546.554,0.1051,9156,9,0,23518573.3,170249505.9,2
CONT_s11_bola_TheSwissAccount,1789287546.659,0.1051,9156,9,0,24048321.0,158561467.7,2
CONT_s11_bola_TheSwissAccount,1789287546.764,0.1053,7604,7,0,24916264.4,177104692.8,2
CONT_s11_bola_TheSwissAccount,1789287546.87,0.1053,9156,9,0,24178745.3,194347739.6,2
CONT_s11_bola_TheSwissAccount,1789287546.975,0.1052,9156,9,0,24475307.3,188106096.2,2
CONT_s11_bola_TheSwissAccount,1789287547.08,0.1052,7604,7,0,25420245.9,195257268.2,2
CONT_s11_bola_TheSwissAccount,1789287547.185,0.1052,10656,10,0,24433195.5,200481240.7,2
CONT_s11_bola_TheSwissAccount,1789287547.291,0.1053,7604,7,0,24499234.7,203511490.0,2
CONT_s11_bola_TheSwissAccount,1789287547.396,0.105,9156,9,0,24375638.3,205897890.6,2
CONT_s11_bola_TheSwissAccount,1789287547.501,0.1052,9104,8,0,25439303.0,204194517.2,2
CONT_s11_bola_TheSwissAccount,1789287547.606,0.1054,9308,11,0,23976610.3,209418962.0,2
CONT_s11_bola_TheSwissAccount,1789287547.711,0.105,9424,12,1,24488731.0,158691215.9,2
CONT_s11_bola_TheSwissAccount,1789287547.816,0.1051,9296,11,2,21991145.0,144785281.5,2
CONT_s11_bola_TheSwissAccount,1789287547.921,0.1051,7756,9,0,16835000.0,121804757.3,2
CONT_s11_bola_TheSwissAccount,1789287548.027,0.1052,9372,12,2,18803613.0,116186451.9,2
CONT_s11_bola_TheSwissAccount,1789287548.133,0.1067,9156,9,0,14155527.0,96933756.2,2
CONT_s11_bola_TheSwissAccount,1789287548.239,0.1054,9156,9,0,17580239.3,105427853.8,2
CONT_s11_bola_TheSwissAccount,1789287548.344,0.1052,7604,7,0,19970751.6,123792813.9,2
CONT_s11_bola_TheSwissAccount,1789287548.449,0.105,10656,10,0,21497513.6,117753685.7,2
CONT_s11_bola_TheSwissAccount,1789287548.554,0.1052,9156,9,0,22955364.3,117216726.6,2
CONT_s11_bola_TheSwissAccount,1789287548.659,0.105,6104,6,0,22683369.3,123570656.7,2
CONT_s11_bola_TheSwissAccount,1789287548.764,0.105,10656,10,0,23656958.3,135499343.2,2
CONT_s11_bola_TheSwissAccount,1789287548.869,0.1051,7656,8,0,21271937.4,140702422.3,2
CONT_s11_bola_TheSwissAccount,1789287548.974,0.1052,10656,10,0,23070509.8,147371207.8,2
CONT_s11_bola_TheSwissAccount,1789287549.08,0.1052,9156,9,0,23747951.7,158784098.1,2
CONT_s11_bola_TheSwissAccount,1789287549.185,0.1051,7604,7,0,24343750.9,150343071.1,2
CONT_s11_bola_TheSwissAccount,1789287549.29,0.1051,7604,7,0,24280191.3,168327718.6,2
CONT_s11_bola_TheSwissAccount,1789287549.395,0.1051,10656,10,0,24208578.5,171115695.1,2
CONT_s11_bola_TheSwissAccount,1789287549.5,0.1051,7604,7,0,24444600.1,168476734.5,2
CONT_s11_bola_TheSwissAccount,1789287549.605,0.1052,9156,9,0,24588957.7,167531453.3,2
CONT_s11_bola_TheSwissAccount,1789287549.71,0.105,10656,10,0,24802371.3,188877830.7,2
CONT_s11_bola_TheSwissAccount,1789287549.815,0.1051,9156,9,0,24913833.7,194049872.2,2
CONT_s11_bola_TheSwissAccount,1789287549.921,0.1052,7604,7,0,25601748.6,185669534.0,2
CONT_s11_bola_TheSwissAccount,1789287550.026,0.1052,7820,10,0,21599589.0,172777698.0,2
CONT_s11_bola_TheSwissAccount,1789287550.134,0.1085,10936,14,2,21499602.5,137652415.6,2
CONT_s11_bola_TheSwissAccount,1789287550.24,0.1054,9384,12,0,14638012.0,102902822.2,2
CONT_s11_bola_TheSwissAccount,1789287550.345,0.1051,9308,11,2,10448964.2,103902828.3,2
CONT_s11_bola_TheSwissAccount,1789287550.45,0.1051,7656,8,0,10576626.0,109678350.3,2
CONT_s11_bola_TheSwissAccount,1789287550.555,0.1052,9156,9,0,15449762.0,140819763.0,2
CONT_s11_bola_TheSwissAccount,1789287550.66,0.105,10656,10,0,18595880.1,147221587.1,2
CONT_s11_bola_TheSwissAccount,1789287550.765,0.1052,6104,6,0,19967323.0,158447298.5,2
CONT_s11_bola_TheSwissAccount,1789287550.871,0.1053,9156,9,0,21600421.7,150051221.6,2
CONT_s11_bola_TheSwissAccount,1789287550.976,0.1052,10948,14,0,22406427.5,143694914.3,2
CONT_s11_bola_TheSwissAccount,1789287551.081,0.1052,9296,11,2,20137506.4,133511062.2,2
CONT_s11_bola_TheSwissAccount,1789287551.186,0.1051,7604,7,0,16415061.3,119683339.1,2
CONT_s11_bola_TheSwissAccount,1789287551.292,0.1056,10656,10,0,19616176.6,123609932.4,2
CONT_s11_bola_TheSwissAccount,1789287551.397,0.1052,7604,7,0,20227516.1,133115834.8,2
CONT_s11_bola_TheSwissAccount,1789287551.502,0.1052,7656,8,0,96369537.8,132470067.2,3
CONT_s11_bola_TheSwissAccount,1789287551.607,0.1052,9156,9,0,22794504.0,141540851.0,2
CONT_s11_bola_TheSwissAccount,1789287551.712,0.105,10604,9,0,24906846.1,154136804.6,2
CONT_s11_bola_TheSwissAccount,1789287551.817,0.1051,9260,11,0,23501390.2,157312016.6,2
CONT_s11_bola_TheSwissAccount,1789287551.922,0.1051,7644,8,0,141403120.2,137392426.5,3
CONT_s11_bola_TheSwissAccount,1789287552.028,0.1051,7564,6,0,100131055.0,160950548.6,2
CONT_s11_bola_TheSwissAccount,1789287552.135,0.1074,0,0,0,0,0,0
CONT_s11_bola_TheSwissAccount,1789287552.24,0.1054,0,0,0,0,0,0
CONT_s11_bola_TheSwissAccount,1789287552.345,0.1051,104,2,0,861666839.5,573737.0,2
CONT_s11_bola_TheSwissAccount,1789287552.451,0.1051,0,0,0,0,0,0
CONT_s11_bola_TheSwissAccount,1789287552.556,0.1052,0,0,0,0,0,0
CONT_s11_bola_TheSwissAccount,1789287552.661,0.105,0,0,0,0,0,0
CONT_s11_bola_TheSwissAccount,1789287552.766,0.1051,0,0,0,0,0,0
CONT_s11_bola_TheSwissAccount,1789287552.871,0.1052,0,0,0,0,0,0
CONT_s11_bola_TheSwissAccount,1789287552.976,0.1051,0,0,0,0,0,0
CONT_s11_bola_TheSwissAccount,1789287553.081,0.1053,0,0,0,0,0,0
CONT_s11_bola_TheSwissAccount,1789287553.186,0.1051,0,0,0,0,0,0
CONT_s11_bola_TheSwissAccount,1789287553.292,0.1051,0,0,0,0,0,0
CONT_s11_bola_TheSwissAccount,1789287553.397,0.1051,0,0,0,0,0,0
CONT_s11_bola_TheSwissAccount,1789287553.502,0.1051,0,0,0,0,0,0
CONT_s11_bola_TheSwissAccount,1789287553.607,0.1052,0,0,0,0,0,0
CONT_s11_bola_TheSwissAccount,1789287553.712,0.1052,0,0,0,0,0,0
CONT_s11_bola_TheSwissAccount,1789287553.817,0.1051,0,0,0,0,0,0
CONT_s11_bola_TheSwissAccount,1789287553.922,0.1051,0,0,0,0,0,0
CONT_s11_bola_TheSwissAccount,1789287554.028,0.1052,0,0,0,0,0,0
CONT_s11_bola_TheSwissAccount,1789287554.134,0.1062,0,0,0,0,0,0
CONT_s11_bola_TheSwissAccount,1789287554.239,0.1051,0,0,0,0,0,0
CONT_s11_bola_TheSwissAccount,1789287554.344,0.1051,0,0,0,0,0,0
CONT_s11_bola_TheSwissAccount,1789287554.449,0.1051,0,0,0,0,0,0
CONT_s11_bola_TheSwissAccount,1789287554.554,0.1052,0,0,0,0,0,0
CONT_s11_bola_TheSwissAccount,1789287554.659,0.105,0,0,0,0,0,0
CONT_s11_bola_TheSwissAccount,1789287554.764,0.1051,0,0,0,0,0,0
CONT_s11_bola_TheSwissAccount,1789287554.869,0.1052,0,0,0,0,0,0
CONT_s11_bola_TheSwissAccount,1789287554.975,0.1051,0,0,0,0,0,0
CONT_s11_bola_TheSwissAccount,1789287555.08,0.1051,0,0,0,0,0,0
CONT_s11_bola_TheSwissAccount,1789287555.185,0.105,0,0,0,0,0,0
CONT_s11_bola_TheSwissAccount,1789287555.29,0.1051,0,0,0,0,0,0
CONT_s11_bola_TheSwissAccount,1789287555.395,0.1051,0,0,0,0,0,0
CONT_s11_bola_TheSwissAccount,1789287555.5,0.1052,0,0,0,0,0,0
CONT_s11_bola_TheSwissAccount,1789287555.605,0.1052,0,0,0,0,0,0
CONT_s11_bola_TheSwissAccount,1789287555.71,0.105,0,0,0,0,0,0
CONT_s11_bola_TheSwissAccount,1789287555.815,0.1051,0,0,0,0,0,0
CONT_s11_bola_TheSwissAccount,1789287555.92,0.1051,0,0,0,0,0,0
CONT_s11_bola_TheSwissAccount,1789287556.026,0.1052,0,0,0,0,0,0
CONT_s11_bola_TheSwissAccount,1789287556.131,0.1054,0,0,0,0,0,0
CONT_s11_bola_TheSwissAccount,1789287556.236,0.1053,0,0,0,0,0,0
CONT_s11_bola_TheSwissAccount,1789287556.341,0.1051,0,0,0,0,0,0
CONT_s11_bola_TheSwissAccount,1789287556.446,0.105,0,0,0,0,0,0
CONT_s11_bola_TheSwissAccount,1789287556.552,0.1052,0,0,0,0,0,0
CONT_s11_bola_TheSwissAccount,1789287556.657,0.105,0,0,0,0,0,0
CONT_s11_bola_TheSwissAccount,1789287556.762,0.105,0,0,0,0,0,0
CONT_s11_bola_TheSwissAccount,1789287556.867,0.1052,0,0,0,0,0,0
CONT_s11_bola_TheSwissAccount,1789287556.972,0.1053,0,0,0,0,0,0
CONT_s11_bola_TheSwissAccount,1789287557.077,0.1051,0,0,0,0,0,0
CONT_s11_bola_TheSwissAccount,1789287557.182,0.1051,0,0,0,0,0,0
CONT_s11_bola_TheSwissAccount,1789287557.287,0.1051,0,0,0,0,0,0
CONT_s11_bola_TheSwissAccount,1789287557.392,0.1052,0,0,0,0,0,0
CONT_s11_bola_TheSwissAccount,1789287557.498,0.1051,0,0,0,0,0,0
CONT_s11_bola_TheSwissAccount,1789287557.603,0.1054,0,0,0,0,0,0
CONT_s11_bola_TheSwissAccount,1789287557.708,0.1052,0,0,0,0,0,0
CONT_s11_bola_TheSwissAccount,1789287557.813,0.1054,0,0,0,0,0,0
CONT_s11_bola_TheSwissAccount,1789287557.919,0.1053,0,0,0,0,0,0
CONT_s11_bola_TheSwissAccount,1789287558.024,0.1055,0,0,0,0,0,0
CONT_s11_bola_TheSwissAccount,1789287558.13,0.1061,0,0,0,0,0,0
CONT_s11_bola_TheSwissAccount,1789287558.236,0.1056,0,0,0,0,0,0
CONT_s11_bola_TheSwissAccount,1789287558.341,0.105,0,0,0,0,0,0
CONT_s11_bola_TheSwissAccount,1789287558.446,0.1051,0,0,0,0,0,0
CONT_s11_bola_TheSwissAccount,1789287558.551,0.1054,0,0,0,0,0,0
CONT_s11_bola_TheSwissAccount,1789287558.657,0.1051,0,0,0,0,0,0
CONT_s11_bola_TheSwissAccount,1789287558.762,0.1051,0,0,0,0,0,0
CONT_s11_bola_TheSwissAccount,1789287558.867,0.1053,0,0,0,0,0,0
CONT_s11_bola_TheSwissAccount,1789287558.972,0.1051,0,0,0,0,0,0
CONT_s11_bola_TheSwissAccount,1789287559.077,0.1051,0,0,0,0,0,0
CONT_s11_bola_TheSwissAccount,1789287559.182,0.105,0,0,0,0,0,0
CONT_s11_bola_TheSwissAccount,1789287559.287,0.1052,0,0,0,0,0,0
CONT_s11_bola_TheSwissAccount,1789287559.393,0.1053,0,0,0,0,0,0
CONT_s11_bola_TheSwissAccount,1789287559.498,0.1052,0,0,0,0,0,0
CONT_s11_bola_TheSwissAccount,1789287559.603,0.1053,0,0,0,0,0,0
CONT_s11_bola_TheSwissAccount,1789287559.708,0.1051,0,0,0,0,0,0
CONT_s11_bola_TheSwissAccount,1789287559.814,0.1052,0,0,0,0,0,0
CONT_s11_bola_TheSwissAccount,1789287559.919,0.1052,0,0,0,0,0,0
CONT_s11_bola_TheSwissAccount,1789287560.024,0.1052,0,0,0,0,0,0
CONT_s11_bola_TheSwissAccount,1789287560.13,0.1057,0,0,0,0,0,0
CONT_s11_bola_TheSwissAccount,1789287560.235,0.1053,0,0,0,0,0,0
CONT_s11_bola_TheSwissAccount,1789287560.34,0.1053,0,0,0,0,0,0
CONT_s11_bola_TheSwissAccount,1789287560.445,0.1052,0,0,0,0,0,0
CONT_s11_bola_TheSwissAccount,1789287560.551,0.1052,0,0,0,0,0,0
CONT_s11_bola_TheSwissAccount,1789287560.656,0.1051,0,0,0,0,0,0
CONT_s11_bola_TheSwissAccount,1789287560.762,0.106,0,0,0,0,0,0
CONT_s11_bola_TheSwissAccount,1789287560.867,0.1051,0,0,0,0,0,0
CONT_s11_bola_TheSwissAccount,1789287560.972,0.1052,0,0,0,0,0,0
CONT_s11_bola_TheSwissAccount,1789287561.077,0.1051,0,0,0,0,0,0
CONT_s11_bola_TheSwissAccount,1789287561.182,0.105,0,0,0,0,0,0
CONT_s11_bola_TheSwissAccount,1789287561.287,0.1052,0,0,0,0,0,0
CONT_s11_bola_TheSwissAccount,1789287561.393,0.1052,0,0,0,0,0,0
CONT_s11_bola_TheSwissAccount,1789287561.498,0.1052,0,0,0,0,0,0
CONT_s11_bola_TheSwissAccount,1789287561.603,0.1052,0,0,0,0,0,0
CONT_s11_bola_TheSwissAccount,1789287561.708,0.1051,0,0,0,0,0,0
CONT_s11_bola_TheSwissAccount,1789287561.813,0.1054,0,0,0,0,0,0
CONT_s11_bola_TheSwissAccount,1789287561.919,0.1051,0,0,0,0,0,0
CONT_s11_bola_TheSwissAccount,1789287562.024,0.1054,0,0,0,0,0,0
CONT_s11_bola_TheSwissAccount,1789287562.13,0.1063,0,0,0,0,0,0
CONT_s11_bola_TheSwissAccount,1789287562.235,0.1051,0,0,0,0,0,0
CONT_s11_bola_TheSwissAccount,1789287562.341,0.1051,0,0,0,0,0,0
CONT_s11_bola_TheSwissAccount,1789287562.446,0.1051,0,0,0,0,0,0
CONT_s11_bola_TheSwissAccount,1789287562.551,0.1052,0,0,0,0,0,0
CONT_s11_bola_TheSwissAccount,1789287562.656,0.1051,0,0,0,0,0,0
CONT_s11_bola_TheSwissAccount,1789287562.762,0.106,0,0,0,0,0,0
CONT_s11_bola_TheSwissAccount,1789287562.867,0.105,0,0,0,0,0,0
CONT_s11_bola_TheSwissAccount,1789287562.972,0.1051,0,0,0,0,0,0
CONT_s11_bola_TheSwissAccount,1789287563.077,0.1052,0,0,0,0,0,0
CONT_s11_bola_TheSwissAccount,1789287563.182,0.105,0,0,0,0,0,0
CONT_s11_bola_TheSwissAccount,1789287563.288,0.1051,0,0,0,0,0,0
CONT_s11_bola_TheSwissAccount,1789287563.393,0.1051,0,0,0,0,0,0
CONT_s11_bola_TheSwissAccount,1789287563.498,0.1051,0,0,0,0,0,0
CONT_s11_bola_TheSwissAccount,1789287563.603,0.1052,0,0,0,0,0,0
CONT_s11_bola_TheSwissAccount,1789287563.708,0.1052,0,0,0,0,0,0
CONT_s11_bola_TheSwissAccount,1789287563.813,0.1051,0,0,0,0,0,0
CONT_s11_bola_TheSwissAccount,1789287563.919,0.1052,0,0,0,0,0,0
CONT_s11_bola_TheSwissAccount,1789287564.024,0.1052,0,0,0,0,0,0
CONT_s11_bola_TheSwissAccount,1789287564.131,0.1071,0,0,0,0,0,0
CONT_s11_bola_TheSwissAccount,1789287564.236,0.1054,0,0,0,0,0,0
CONT_s11_bola_TheSwissAccount,1789287564.341,0.1051,0,0,0,0,0,0
CONT_s11_bola_TheSwissAccount,1789287564.447,0.1052,0,0,0,0,0,0
CONT_s11_bola_TheSwissAccount,1789287564.552,0.1052,0,0,0,0,0,0
CONT_s11_bola_TheSwissAccount,1789287564.657,0.1051,0,0,0,0,0,0
CONT_s11_bola_TheSwissAccount,1789287564.762,0.1054,0,0,0,0,0,0
CONT_s11_bola_TheSwissAccount,1789287564.867,0.1053,0,0,0,0,0,0
CONT_s11_bola_TheSwissAccount,1789287564.973,0.1052,0,0,0,0,0,0
CONT_s11_bola_TheSwissAccount,1789287565.078,0.1052,0,0,0,0,0,0
CONT_s11_bola_TheSwissAccount,1789287565.183,0.105,0,0,0,0,0,0
CONT_s11_bola_TheSwissAccount,1789287565.288,0.1051,0,0,0,0,0,0
CONT_s11_bola_TheSwissAccount,1789287565.393,0.1052,0,0,0,0,0,0
CONT_s11_bola_TheSwissAccount,1789287565.498,0.1052,0,0,0,0,0,0
CONT_s11_bola_TheSwissAccount,1789287565.604,0.1054,0,0,0,0,0,0
CONT_s11_bola_TheSwissAccount,1789287565.709,0.1051,0,0,0,0,0,0
CONT_s11_bola_TheSwissAccount,1789287565.814,0.1051,0,0,0,0,0,0
CONT_s11_bola_TheSwissAccount,1789287565.919,0.1052,0,0,0,0,0,0
CONT_s11_bola_TheSwissAccount,1789287566.024,0.1052,0,0,0,0,0,0
CONT_s11_bola_TheSwissAccount,1789287566.133,0.1082,0,0,0,0,0,0
CONT_s11_bola_TheSwissAccount,1789287566.238,0.105,0,0,0,0,0,0
CONT_s11_bola_TheSwissAccount,1789287566.343,0.1051,0,0,0,0,0,0
CONT_s11_bola_TheSwissAccount,1789287566.448,0.1051,0,0,0,0,0,0
CONT_s11_bola_TheSwissAccount,1789287566.553,0.1051,0,0,0,0,0,0
CONT_s11_bola_TheSwissAccount,1789287566.658,0.105,0,0,0,0,0,0
CONT_s11_bola_TheSwissAccount,1789287566.763,0.105,0,0,0,0,0,0
CONT_s11_bola_TheSwissAccount,1789287566.868,0.1052,0,0,0,0,0,0
CONT_s11_bola_TheSwissAccount,1789287566.974,0.1053,0,0,0,0,0,0
CONT_s11_bola_TheSwissAccount,1789287567.079,0.1051,0,0,0,0,0,0
CONT_s11_bola_TheSwissAccount,1789287567.184,0.1051,0,0,0,0,0,0
CONT_s11_bola_TheSwissAccount,1789287567.289,0.1051,0,0,0,0,0,0
CONT_s11_bola_TheSwissAccount,1789287567.394,0.1051,0,0,0,0,0,0
CONT_s11_bola_TheSwissAccount,1789287567.499,0.1052,0,0,0,0,0,0
CONT_s11_bola_TheSwissAccount,1789287567.604,0.1052,0,0,0,0,0,0
CONT_s11_bola_TheSwissAccount,1789287567.709,0.105,0,0,0,0,0,0
CONT_s11_bola_TheSwissAccount,1789287567.815,0.1051,0,0,0,0,0,0
CONT_s11_bola_TheSwissAccount,1789287567.92,0.1051,0,0,0,0,0,0
CONT_s11_bola_TheSwissAccount,1789287568.025,0.1052,0,0,0,0,0,0
CONT_s11_bola_TheSwissAccount,1789287568.132,0.1075,0,0,0,0,0,0
CONT_s11_bola_TheSwissAccount,1789287568.237,0.1051,0,0,0,0,0,0
CONT_s11_bola_TheSwissAccount,1789287568.343,0.1051,0,0,0,0,0,0
CONT_s11_bola_TheSwissAccount,1789287568.448,0.1052,0,0,0,0,0,0
CONT_s11_bola_TheSwissAccount,1789287568.553,0.1052,0,0,0,0,0,0
CONT_s11_bola_TheSwissAccount,1789287568.658,0.105,0,0,0,0,0,0
CONT_s11_bola_TheSwissAccount,1789287568.763,0.1051,0,0,0,0,0,0
CONT_s11_bola_TheSwissAccount,1789287568.868,0.105,0,0,0,0,0,0
CONT_s11_bola_TheSwissAccount,1789287568.973,0.1052,0,0,0,0,0,0
CONT_s11_bola_TheSwissAccount,1789287569.078,0.1052,0,0,0,0,0,0
CONT_s11_bola_TheSwissAccount,1789287569.183,0.105,0,0,0,0,0,0
CONT_s11_bola_TheSwissAccount,1789287569.288,0.1051,0,0,0,0,0,0
CONT_s11_bola_TheSwissAccount,1789287569.394,0.1051,0,0,0,0,0,0
CONT_s11_bola_TheSwissAccount,1789287569.499,0.1051,0,0,0,0,0,0
CONT_s11_bola_TheSwissAccount,1789287569.604,0.1052,0,0,0,0,0,0
CONT_s11_bola_TheSwissAccount,1789287569.709,0.1052,0,0,0,0,0,0
CONT_s11_bola_TheSwissAccount,1789287569.814,0.1051,0,0,0,0,0,0
CONT_s11_bola_TheSwissAccount,1789287569.919,0.1051,0,0,0,0,0,0
CONT_s11_bola_TheSwissAccount,1789287570.024,0.1052,0,0,0,0,0,0
CONT_s11_bola_TheSwissAccount,1789287570.133,0.1083,0,0,0,0,0,0
CONT_s11_bola_TheSwissAccount,1789287570.238,0.1051,0,0,0,0,0,0
CONT_s11_bola_TheSwissAccount,1789287570.343,0.105,0,0,0,0,0,0
CONT_s11_bola_TheSwissAccount,1789287570.448,0.1051,0,0,0,0,0,0
CONT_s11_bola_TheSwissAccount,1789287570.553,0.1052,0,0,0,0,0,0
CONT_s11_bola_TheSwissAccount,1789287570.658,0.105,0,0,0,0,0,0
CONT_s11_bola_TheSwissAccount,1789287570.763,0.1052,0,0,0,0,0,0
CONT_s11_bola_TheSwissAccount,1789287570.868,0.1052,0,0,0,0,0,0
CONT_s11_bola_TheSwissAccount,1789287570.974,0.1051,0,0,0,0,0,0
CONT_s11_bola_TheSwissAccount,1789287571.079,0.1052,0,0,0,0,0,0
CONT_s11_bola_TheSwissAccount,1789287571.184,0.105,0,0,0,0,0,0
CONT_s11_bola_TheSwissAccount,1789287571.289,0.1051,0,0,0,0,0,0
CONT_s11_bola_TheSwissAccount,1789287571.394,0.1051,0,0,0,0,0,0
CONT_s11_bola_TheSwissAccount,1789287571.499,0.1052,0,0,0,0,0,0
CONT_s11_bola_TheSwissAccount,1789287571.604,0.1052,0,0,0,0,0,0
CONT_s11_bola_TheSwissAccount,1789287571.709,0.105,0,0,0,0,0,0
CONT_s11_bola_TheSwissAccount,1789287571.815,0.1051,0,0,0,0,0,0
CONT_s11_bola_TheSwissAccount,1789287571.92,0.1051,0,0,0,0,0,0
CONT_s11_bola_TheSwissAccount,1789287572.025,0.1052,0,0,0,0,0,0
CONT_s11_bola_TheSwissAccount,1789287572.131,0.1061,0,0,0,0,0,0
CONT_s11_bola_TheSwissAccount,1789287572.236,0.1054,0,0,0,0,0,0
CONT_s11_bola_TheSwissAccount,1789287572.342,0.1054,0,0,0,0,0,0
CONT_s11_bola_TheSwissAccount,1789287572.447,0.1052,0,0,0,0,0,0
CONT_s11_bola_TheSwissAccount,1789287572.552,0.1053,0,0,0,0,0,0
CONT_s11_bola_TheSwissAccount,1789287572.657,0.1051,0,0,0,0,0,0
CONT_s11_bola_TheSwissAccount,1789287572.762,0.1051,0,0,0,0,0,0
CONT_s11_bola_TheSwissAccount,1789287572.867,0.1051,0,0,0,0,0,0
