run_id,t_epoch,dt,delta_bytes,delta_packets,delta_reorder,jitter_ns,rtt_ns,active_flows
CONT_s2_dynamic_TearsOfSteel,1789353033.054,0.1001,0,0,0,0,0,0
CONT_s2_dynamic_TearsOfSteel,1789353033.155,0.1014,0,0,0,0,0,0
CONT_s2_dynamic_TearsOfSteel,1789353033.257,0.1015,0,0,0,0,0,0
CONT_s2_dynamic_TearsOfSteel,1789353033.358,0.1014,0,0,0,0,0,0
CONT_s2_dynamic_TearsOfSteel,1789353033.459,0.1013,0,0,0,0,0,0
CONT_s2_dynamic_TearsOfSteel,1789353033.561,0.1014,0,0,0,0,0,0
CONT_s2_dynamic_TearsOfSteel,1789353033.662,0.1015,0,0,0,0,0,0
CONT_s2_dynamic_TearsOfSteel,1789353033.764,0.1015,0,0,0,0,0,0
CONT_s2_dynamic_TearsOfSteel,1789353033.865,0.1013,0,0,0,0,0,0
CONT_s2_dynamic_TearsOfSteel,1789353033.966,0.1013,0,0,0,0,0,0
CONT_s2_dynamic_TearsOfSteel,1789353034.068,0.1013,0,0,0,0,0,0
CONT_s2_dynamic_TearsOfSteel,1789353034.169,0.1015,0,0,0,0,0,0
CONT_s2_dynamic_TearsOfSteel,1789353034.271,0.1015,0,0,0,0,0,0
CONT_s2_dynamic_TearsOfSteel,1789353034.372,0.1013,0,0,0,0,0,0
CONT_s2_dynamic_TearsOfSteel,1789353034.473,0.1014,0,0,0,0,0,0
CONT_s2_dynamic_TearsOfSteel,1789353034.575,0.1012,0,0,0,0,0,0
CONT_s2_dynamic_TearsOfSteel,1789353034.676,0.1014,0,0,0,0,0,0
CONT_s2_dynamic_TearsOfSteel,1789353034.778,0.1015,0,0,0,0,0,0
CONT_s2_dynamic_TearsOfSteel,1789353034.879,0.1013,0,0,0,0,0,0
CONT_s2_dynamic_TearsOfSteel,1789353034.98,0.1014,0,0,0,0,0,0
CONT_s2_dynamic_TearsOfSteel,1789353035.082,0.1013,0,0,0,0,0,0
CONT_s2_dynamic_TearsOfSteel,1789353035.183,0.1015,0,0,0,0,0,0
CONT_s2_dynamic_TearsOfSteel,1789353035.285,0.1015,0,0,0,0,0,0
CONT_s2_dynamic_TearsOfSteel,1789353035.386,0.1013,0,0,0,0,0,0
CONT_s2_dynamic_TearsOfSteel,1789353035.487,0.1012,0,0,0,0,0,0
CONT_s2_dynamic_TearsOfSteel,1789353035.588,0.1013,0,0,0,0,0,0
CONT_s2_dynamic_TearsOfSteel,1789353035.69,0.1015,0,0,0,0,0,0
CONT_s2_dynamic_TearsOfSteel,1789353035.791,0.1015,0,0,0,0,0,0
CONT_s2_dynamic_TearsOfSteel,1789353035.893,0.1013,0,0,0,0,0,0
CONT_s2_dynamic_TearsOfSteel,1789353035.994,0.1013,0,0,0,0,0,0
CONT_s2_dynamic_TearsOfSteel,1789353036.095,0.1014,0,0,0,0,0,0
CONT_s2_dynamic_TearsOfSteel,1789353036.197,0.1015,0,0,0,0,0,0
CONT_s2_dynamic_TearsOfSteel,1789353036.298,0.1015,0,0,0,0,0,0
CONT_s2_dynamic_TearsOfSteel,1789353036.399,0.1012,0,0,0,0,0,0
CONT_s2_dynamic_TearsOfSteel,1789353036.501,0.1012,0,0,0,0,0,0
CONT_s2_dynamic_TearsOfSteel,1789353036.602,0.1013,0,0,0,0,0,0
CONT_s2_dynamic_TearsOfSteel,1789353036.703,0.1015,0,0,0,0,0,0
CONT_s2_dynamic_TearsOfSteel,1789353036.805,0.1016,0,0,0,0,0,0
CONT_s2_dynamic_TearsOfSteel,1789353036.906,0.1014,0,0,0,0,0,0
CONT_s2_dynamic_TearsOfSteel,1789353037.008,0.1014,0,0,0,0,0,0
CONT_s2_dynamic_TearsOfSteel,1789353037.109,0.1013,0,0,0,0,0,0
CONT_s2_dynamic_TearsOfSteel,1789353037.211,0.1015,0,0,0,0,0,0
CONT_s2_dynamic_TearsOfSteel,1789353037.312,0.1016,0,0,0,0,0,0
CONT_s2_dynamic_TearsOfSteel,1789353037.414,0.1014,0,0,0,0,0,0
CONT_s2_dynamic_TearsOfSteel,1789353037.515,0.1013,0,0,0,0,0,0
CONT_s2_dynamic_TearsOfSteel,1789353037.616,0.1014,0,0,0,0,0,0
CONT_s2_dynamic_TearsOfSteel,1789353037.718,0.1015,0,0,0,0,0,0
CONT_s2_dynamic_TearsOfSteel,1789353037.819,0.1016,0,0,0,0,0,0
CONT_s2_dynamic_TearsOfSteel,1789353037.921,0.1013,0,0,0,0,0,0
CONT_s2_dynamic_TearsOfSteel,1789353038.022,0.1013,0,0,0,0,0,0
CONT_s2_dynamic_TearsOfSteel,1789353038.123,0.1013,0,0,0,0,0,0
CONT_s2_dynamic_TearsOfSteel,1789353038.225,0.1015,0,0,0,0,0,0
CONT_s2_dynamic_TearsOfSteel,1789353038.326,0.1016,0,0,0,0,0,0
CONT_s2_dynamic_TearsOfSteel,1789353038.428,0.1014,0,0,0,0,0,0
CONT_s2_dynamic_TearsOfSteel,1789353038.529,0.1014,0,0,0,0,0,0
CONT_s2_dynamic_TearsOfSteel,1789353038.632,0.1024,0,0,0,0,0,0
CONT_s2_dynamic_TearsOfSteel,1789353038.733,0.1015,0,0,0,0,0,0
CONT_s2_dynamic_TearsOfSteel,1789353038.835,0.1016,0,0,0,0,0,0
CONT_s2_dynamic_TearsOfSteel,1789353038.936,0.1015,0,0,0,0,0,0
CONT_s2_dynamic_TearsOfSteel,1789353039.038,0.1014,0,0,0,0,0,0
CONT_s2_dynamic_TearsOfSteel,1789353039.139,0.1015,0,0,0,0,0,0
CONT_s2_dynamic_TearsOfSteel,1789353039.241,0.1022,0,0,0,0,0,0
CONT_s2_dynamic_TearsOfSteel,1789353039.343,0.1014,0,0,0,0,0,0
CONT_s2_dynamic_TearsOfSteel,1789353039.444,0.1013,0,0,0,0,0,0
CONT_s2_dynamic_TearsOfSteel,1789353039.545,0.1013,0,0,0,0,0,0
CONT_s2_dynamic_TearsOfSteel,1789353039.647,0.1015,0,0,0,0,0,0
CONT_s2_dynamic_TearsOfSteel,1789353039.75,0.1027,0,0,0,0,0,0
CONT_s2_dynamic_TearsOfSteel,1789353039.851,0.1014,0,0,0,0,0,0
CONT_s2_dynamic_TearsOfSteel,1789353039.952,0.1014,0,0,0,0,0,0
CONT_s2_dynamic_TearsOfSteel,1789353040.054,0.1014,0,0,0,0,0,0
CONT_s2_dynamic_TearsOfSteel,1789353040.155,0.1015,0,0,0,0,0,0
CONT_s2_dynamic_TearsOfSteel,1789353040.257,0.1018,0,0,0,0,0,0
CONT_s2_dynamic_TearsOfSteel,1789353040.358,0.1014,0,0,0,0,0,0
CONT_s2_dynamic_TearsOfSteel,1789353040.46,0.1014,0,0,0,0,0,0
CONT_s2_dynamic_TearsOfSteel,1789353040.561,0.1013,0,0,0,0,0,0
CONT_s2_dynamic_TearsOfSteel,1789353040.663,0.1015,0,0,0,0,0,0
CONT_s2_dynamic_TearsOfSteel,1789353040.764,0.1015,0,0,0,0,0,0
CONT_s2_dynamic_TearsOfSteel,1789353040.865,0.1013,0,0,0,0,0,0
CONT_s2_dynamic_TearsOfSteel,1789353040.967,0.1013,0,0,0,0,0,0
CONT_s2_dynamic_TearsOfSteel,1789353041.068,0.1014,0,0,0,0,0,0
CONT_s2_dynamic_TearsOfSteel,1789353041.17,0.1015,0,0,0,0,0,0
CONT_s2_dynamic_TearsOfSteel,1789353041.271,0.1015,0,0,0,0,0,0
CONT_s2_dynamic_TearsOfSteel,1789353041.372,0.1013,0,0,0,0,0,0
CONT_s2_dynamic_TearsOfSteel,1789353041.474,0.1013,0,0,0,0,0,0
CONT_s2_dynamic_TearsOfSteel,1789353041.575,0.1013,0,0,0,0,0,0
CONT_s2_dynamic_TearsOfSteel,1789353041.677,0.1015,0,0,0,0,0,0
CONT_s2_dynamic_TearsOfSteel,1789353041.778,0.1015,0,0,0,0,0,0
CONT_s2_dynamic_TearsOfSteel,1789353041.88,0.1014,0,0,0,0,0,0
CONT_s2_dynamic_TearsOfSteel,1789353041.981,0.1013,0,0,0,0,0,0
CONT_s2_dynamic_TearsOfSteel,1789353042.082,0.1014,0,0,0,0,0,0
CONT_s2_dynamic_TearsOfSteel,1789353042.184,0.1015,0,0,0,0,0,0
CONT_s2_dynamic_TearsOfSteel,1789353042.285,0.1016,0,0,0,0,0,0
CONT_s2_dynamic_TearsOfSteel,1789353042.387,0.1013,0,0,0,0,0,0
CONT_s2_dynamic_TearsOfSteel,1789353042.488,0.1014,0,0,0,0,0,0
CONT_s2_dynamic_TearsOfSteel,1789353042.589,0.1014,0,0,0,0,0,0
CONT_s2_dynamic_TearsOfSteel,1789353042.691,0.1015,0,0,0,0,0,0
CONT_s2_dynamic_TearsOfSteel,1789353042.793,0.1015,0,0,0,0,0,0
CONT_s2_dynamic_TearsOfSteel,1789353042.894,0.1013,0,0,0,0,0,0
CONT_s2_dynamic_TearsOfSteel,1789353042.995,0.1014,0,0,0,0,0,0
CONT_s2_dynamic_TearsOfSteel,1789353043.097,0.1013,0,0,0,0,0,0
CONT_s2_dynamic_TearsOfSteel,1789353043.198,0.1018,0,0,0,0,0,0
CONT_s2_dynamic_TearsOfSteel,1789353043.3,0.1016,0,0,0,0,0,0
CONT_s2_dynamic_TearsOfSteel,1789353043.402,0.1015,0,0,0,0,0,0
CONT_s2_dynamic_TearsOfSteel,1789353043.503,0.1013,0,0,0,0,0,0
CONT_s2_dynamic_TearsOfSteel,1789353043.604,0.1013,0,0,0,0,0,0
CONT_s2_dynamic_TearsOfSteel,1789353043.706,0.1015,0,0,0,0,0,0
CONT_s2_dynamic_TearsOfSteel,1789353043.807,0.1015,0,0,0,0,0,0
CONT_s2_dynamic_TearsOfSteel,1789353043.908,0.1013,0,0,0,0,0,0
CONT_s2_dynamic_TearsOfSteel,1789353044.01,0.1013,0,0,0,0,0,0
CONT_s2_dynamic_TearsOfSteel,1789353044.111,0.1013,0,0,0,0,0,0
CONT_s2_dynamic_TearsOfSteel,1789353044.212,0.1015,0,0,0,0,0,0
CONT_s2_dynamic_TearsOfSteel,1789353044.314,0.1015,0,0,0,0,0,0
CONT_s2_dynamic_TearsOfSteel,1789353044.415,0.1013,0,0,0,0,0,0
CONT_s2_dynamic_TearsOfSteel,1789353044.516,0.1012,0,0,0,0,0,0
CONT_s2_dynamic_TearsOfSteel,1789353044.618,0.1013,0,0,0,0,0,0
CONT_s2_dynamic_TearsOfSteel,1789353044.719,0.1015,0,0,0,0,0,0
CONT_s2_dynamic_TearsOfSteel,1789353044.821,0.1015,0,0,0,0,0,0
CONT_s2_dynamic_TearsOfSteel,1789353044.922,0.1015,0,0,0,0,0,0
CONT_s2_dynamic_TearsOfSteel,1789353045.024,0.1015,0,0,0,0,0,0
CONT_s2_dynamic_TearsOfSteel,1789353045.125,0.1013,0,0,0,0,0,0
CONT_s2_dynamic_TearsOfSteel,1789353045.226,0.1015,0,0,0,0,0,0
CONT_s2_dynamic_TearsOfSteel,1789353045.328,0.1016,0,0,0,0,0,0
CONT_s2_dynamic_TearsOfSteel,1789353045.429,0.1013,0,0,0,0,0,0
CONT_s2_dynamic_TearsOfSteel,1789353045.531,0.1019,0,0,0,0,0,0
CONT_s2_dynamic_TearsOfSteel,1789353045.633,0.1016,0,0,0,0,0,0
CONT_s2_dynamic_TearsOfSteel,1789353045.734,0.1015,0,0,0,0,0,0
CONT_s2_dynamic_TearsOfSteel,1789353045.836,0.1016,0,0,0,0,0,0
CONT_s2_dynamic_TearsOfSteel,1789353045.937,0.1014,0,0,0,0,0,0
CONT_s2_dynamic_TearsOfSteel,1789353046.039,0.1013,0,0,0,0,0,0
CONT_s2_dynamic_TearsOfSteel,1789353046.14,0.1015,0,0,0,0,0,0
CONT_s2_dynamic_TearsOfSteel,1789353046.243,0.1025,0,0,0,0,0,0
CONT_s2_dynamic_TearsOfSteel,1789353046.344,0.1014,0,0,0,0,0,0
CONT_s2_dynamic_TearsOfSteel,1789353046.445,0.1013,0,0,0,0,0,0
CONT_s2_dynamic_TearsOfSteel,1789353046.547,0.1014,0,0,0,0,0,0
CONT_s2_dynamic_TearsOfSteel,1789353046.648,0.1015,0,0,0,0,0,0
CONT_s2_dynamic_TearsOfSteel,1789353046.751,0.1027,0,0,0,0,0,0
CONT_s2_dynamic_TearsOfSteel,1789353046.852,0.1013,0,0,0,0,0,0
CONT_s2_dynamic_TearsOfSteel,1789353046.954,0.1013,0,0,0,0,0,0
CONT_s2_dynamic_TearsOfSteel,1789353047.055,0.1013,0,0,0,0,0,0
CONT_s2_dynamic_TearsOfSteel,1789353047.156,0.1015,0,0,0,0,0,0
CONT_s2_dynamic_TearsOfSteel,1789353047.258,0.1015,0,0,0,0,0,0
CONT_s2_dynamic_TearsOfSteel,1789353047.359,0.1013,0,0,0,0,0,0
CONT_s2_dynamic_TearsOfSteel,1789353047.461,0.1013,0,0,0,0,0,0
CONT_s2_dynamic_TearsOfSteel,1789353047.562,0.1013,0,0,0,0,0,0
CONT_s2_dynamic_TearsOfSteel,1789353047.663,0.1015,0,0,0,0,0,0
CONT_s2_dynamic_TearsOfSteel,1789353047.765,0.1015,0,0,0,0,0,0
CONT_s2_dynamic_TearsOfSteel,1789353047.866,0.1013,0,0,0,0,0,0
CONT_s2_dynamic_TearsOfSteel,1789353047.968,0.102,0,0,0,0,0,0
CONT_s2_dynamic_TearsOfSteel,1789353048.07,0.1016,0,0,0,0,0,0
CONT_s2_dynamic_TearsOfSteel,1789353048.171,0.1015,0,0,0,0,0,0
CONT_s2_dynamic_TearsOfSteel,1789353048.273,0.1015,0,0,0,0,0,0
CONT_s2_dynamic_TearsOfSteel,1789353048.374,0.1013,0,0,0,0,0,0
CONT_s2_dynamic_TearsOfSteel,1789353048.475,0.1013,0,0,0,0,0,0
CONT_s2_dynamic_TearsOfSteel,1789353048.577,0.1013,0,0,0,0,0,0
CONT_s2_dynamic_TearsOfSteel,1789353048.678,0.1015,0,0,0,0,0,0
CONT_s2_dynamic_TearsOfSteel,1789353048.78,0.1015,0,0,0,0,0,0
CONT_s2_dynamic_TearsOfSteel,1789353048.881,0.1013,0,0,0,0,0,0
CONT_s2_dynamic_TearsOfSteel,1789353048.982,0.1012,0,0,0,0,0,0
CONT_s2_dynamic_TearsOfSteel,1789353049.084,0.1013,0,0,0,0,0,0
CONT_s2_dynamic_TearsOfSteel,1789353049.185,0.1015,0,0,0,0,0,0
CONT_s2_dynamic_TearsOfSteel,1789353049.287,0.1015,0,0,0,0,0,0
CONT_s2_dynamic_TearsOfSteel,1789353049.388,0.1013,0,0,0,0,0,0
CONT_s2_dynamic_TearsOfSteel,1789353049.489,0.1012,0,0,0,0,0,0
CONT_s2_dynamic_TearsOfSteel,1789353049.59,0.1013,0,0,0,0,0,0
CONT_s2_dynamic_TearsOfSteel,1789353049.692,0.1015,0,0,0,0,0,0
CONT_s2_dynamic_TearsOfSteel,1789353049.793,0.1015,0,0,0,0,0,0
CONT_s2_dynamic_TearsOfSteel,1789353049.895,0.1013,0,0,0,0,0,0
CONT_s2_dynamic_TearsOfSteel,1789353049.996,0.1013,0,0,0,0,0,0
CONT_s2_dynamic_TearsOfSteel,1789353050.097,0.1013,0,0,0,0,0,0
CONT_s2_dynamic_TearsOfSteel,1789353050.199,0.1014,0,0,0,0,0,0
CONT_s2_dynamic_TearsOfSteel,1789353050.3,0.1015,0,0,0,0,0,0
CONT_s2_dynamic_TearsOfSteel,1789353050.401,0.1013,0,0,0,0,0,0
CONT_s2_dynamic_TearsOfSteel,1789353050.503,0.1012,0,0,0,0,0,0
CONT_s2_dynamic_TearsOfSteel,1789353050.604,0.1014,0,0,0,0,0,0
CONT_s2_dynamic_TearsOfSteel,1789353050.706,0.1015,0,0,0,0,0,0
CONT_s2_dynamic_TearsOfSteel,1789353050.807,0.1015,0,0,0,0,0,0
CONT_s2_dynamic_TearsOfSteel,1789353050.908,0.1012,0,0,0,0,0,0
CONT_s2_dynamic_TearsOfSteel,1789353051.01,0.1012,0,0,0,0,0,0
CONT_s2_dynamic_TearsOfSteel,1789353051.111,0.1013,0,0,0,0,0,0
CONT_s2_dynamic_TearsOfSteel,1789353051.212,0.1015,0,0,0,0,0,0
CONT_s2_dynamic_TearsOfSteel,1789353051.314,0.1015,0,0,0,0,0,0
CONT_s2_dynamic_TearsOfSteel,1789353051.415,0.1013,0,0,0,0,0,0
CONT_s2_dynamic_TearsOfSteel,1789353051.516,0.1013,0,0,0,0,0,0
CONT_s2_dynamic_TearsOfSteel,1789353051.618,0.1013,0,0,0,0,0,0
CONT_s2_dynamic_TearsOfSteel,1789353051.719,0.1015,0,0,0,0,0,0
CONT_s2_dynamic_TearsOfSteel,1789353051.821,0.1015,0,0,0,0,0,0
CONT_s2_dynamic_TearsOfSteel,1789353051.922,0.1012,0,0,0,0,0,0
CONT_s2_dynamic_TearsOfSteel,1789353052.023,0.1013,0,0,0,0,0,0
CONT_s2_dynamic_TearsOfSteel,1789353052.125,0.1013,0,0,0,0,0,0
CONT_s2_dynamic_TearsOfSteel,1789353052.226,0.1015,0,0,0,0,0,0
CONT_s2_dynamic_TearsOfSteel,1789353052.328,0.1015,0,0,0,0,0,0
CONT_s2_dynamic_TearsOfSteel,1789353052.429,0.1013,0,0,0,0,0,0
CONT_s2_dynamic_TearsOfSteel,1789353052.53,0.1014,0,0,0,0,0,0
CONT_s2_dynamic_TearsOfSteel,1789353052.632,0.1019,0,0,0,0,0,0
CONT_s2_dynamic_TearsOfSteel,1789353052.734,0.1015,0,0,0,0,0,0
CONT_s2_dynamic_TearsOfSteel,1789353052.835,0.1015,0,0,0,0,0,0
CONT_s2_dynamic_TearsOfSteel,1789353052.937,0.1013,0,0,0,0,0,0
CONT_s2_dynamic_TearsOfSteel,1789353053.038,0.1013,0,0,0,0,0,0
CONT_s2_dynamic_TearsOfSteel,1789353053.139,0.1015,0,0,0,0,0,0
CONT_s2_dynamic_TearsOfSteel,1789353053.242,0.1024,0,0,0,0,0,0
CONT_s2_dynamic_TearsOfSteel,1789353053.344,0.1018,0,0,0,0,0,0
CONT_s2_dynamic_TearsOfSteel,1789353053.445,0.1013,0,0,0,0,0,0
CONT_s2_dynamic_TearsOfSteel,1789353053.546,0.1014,0,0,0,0,0,0
CONT_s2_dynamic_TearsOfSteel,1789353053.648,0.1016,0,0,0,0,0,0
CONT_s2_dynamic_TearsOfSteel,1789353053.75,0.1023,0,0,0,0,0,0
CONT_s2_dynamic_TearsOfSteel,1789353053.851,0.1014,0,0,0,0,0,0
CONT_s2_dynamic_TearsOfSteel,1789353053.953,0.1013,0,0,0,0,0,0
CONT_s2_dynamic_TearsOfSteel,1789353054.054,0.1013,0,0,0,0,0,0
CONT_s2_dynamic_TearsOfSteel,1789353054.156,0.1015,0,0,0,0,0,0
CONT_s2_dynamic_TearsOfSteel,1789353054.257,0.1015,0,0,0,0,0,0
CONT_s2_dynamic_TearsOfSteel,1789353054.358,0.1014,0,0,0,0,0,0
CONT_s2_dynamic_TearsOfSteel,1789353054.46,0.1013,0,0,0,0,0,0
CONT_s2_dynamic_TearsOfSteel,1789353054.561,0.1013,0,0,0,0,0,0
CONT_s2_dynamic_TearsOfSteel,1789353054.662,0.1015,0,0,0,0,0,0
CONT_s2_dynamic_TearsOfSteel,1789353054.764,0.1015,0,0,0,0,0,0
CONT_s2_dynamic_TearsOfSteel,1789353054.865,0.1014,0,0,0,0,0,0
CONT_s2_dynamic_TearsOfSteel,1789353054.967,0.1013,0,0,0,0,0,0
CONT_s2_dynamic_TearsOfSteel,1789353055.068,0.1013,0,0,0,0,0,0
CONT_s2_dynamic_TearsOfSteel,1789353055.169,0.1015,0,0,0,0,0,0
CONT_s2_dynamic_TearsOfSteel,1789353055.271,0.1015,0,0,0,0,0,0
CONT_s2_dynamic_TearsOfSteel,1789353055.372,0.1013,0,0,0,0,0,0
CONT_s2_dynamic_TearsOfSteel,1789353055.474,0.1014,0,0,0,0,0,0
CONT_s2_dynamic_TearsOfSteel,1789353055.575,0.1013,0,0,0,0,0,0
CONT_s2_dynamic_TearsOfSteel,1789353055.676,0.1015,0,0,0,0,0,0
CONT_s2_dynamic_TearsOfSteel,1789353055.778,0.1015,0,0,0,0,0,0
CONT_s2_dynamic_TearsOfSteel,1789353055.879,0.1013,0,0,0,0,0,0
CONT_s2_dynamic_TearsOfSteel,1789353055.981,0.1013,0,0,0,0,0,0
CONT_s2_dynamic_TearsOfSteel,1789353056.082,0.1014,0,0,0,0,0,0
CONT_s2_dynamic_TearsOfSteel,1789353056.183,0.1015,0,0,0,0,0,0
CONT_s2_dynamic_TearsOfSteel,1789353056.285,0.1015,0,0,0,0,0,0
CONT_s2_dynamic_TearsOfSteel,1789353056.386,0.1013,0,0,0,0,0,0
CONT_s2_dynamic_TearsOfSteel,1789353056.488,0.1013,0,0,0,0,0,0
CONT_s2_dynamic_TearsOfSteel,1789353056.589,0.1013,0,0,0,0,0,0
CONT_s2_dynamic_TearsOfSteel,1789353056.69,0.1015,0,0,0,0,0,0
CONT_s2_dynamic_TearsOfSteel,1789353056.792,0.1015,0,0,0,0,0,0
CONT_s2_dynamic_TearsOfSteel,1789353056.893,0.1013,0,0,0,0,0,0
CONT_s2_dynamic_TearsOfSteel,1789353056.995,0.1013,0,0,0,0,0,0
CONT_s2_dynamic_TearsOfSteel,1789353057.096,0.1013,0,0,0,0,0,0
CONT_s2_dynamic_TearsOfSteel,1789353057.197,0.1015,0,0,0,0,0,0
CONT_s2_dynamic_TearsOfSteel,1789353057.299,0.1015,0,0,0,0,0,0
CONT_s2_dynamic_TearsOfSteel,1789353057.4,0.1013,0,0,0,0,0,0
CONT_s2_dynamic_TearsOfSteel,1789353057.501,0.1013,0,0,0,0,0,0
CONT_s2_dynamic_TearsOfSteel,1789353057.603,0.1013,0,0,0,0,0,0
CONT_s2_dynamic_TearsOfSteel,1789353057.704,0.1015,0,0,0,0,0,0
CONT_s2_dynamic_TearsOfSteel,1789353057.806,0.1015,0,0,0,0,0,0
CONT_s2_dynamic_TearsOfSteel,1789353057.907,0.1012,0,0,0,0,0,0
CONT_s2_dynamic_TearsOfSteel,1789353058.008,0.1014,0,0,0,0,0,0
CONT_s2_dynamic_TearsOfSteel,1789353058.11,0.1013,0,0,0,0,0,0
CONT_s2_dynamic_TearsOfSteel,1789353058.211,0.1015,0,0,0,0,0,0
CONT_s2_dynamic_TearsOfSteel,1789353058.313,0.1015,0,0,0,0,0,0
CONT_s2_dynamic_TearsOfSteel,1789353058.414,0.1013,0,0,0,0,0,0
CONT_s2_dynamic_TearsOfSteel,1789353058.515,0.1013,0,0,0,0,0,0
CONT_s2_dynamic_TearsOfSteel,1789353058.617,0.1014,0,0,0,0,0,0
CONT_s2_dynamic_TearsOfSteel,1789353058.718,0.1015,0,0,0,0,0,0
CONT_s2_dynamic_TearsOfSteel,1789353058.82,0.1017,0,0,0,0,0,0
CONT_s2_dynamic_TearsOfSteel,1789353058.921,0.1015,0,0,0,0,0,0
CONT_s2_dynamic_TearsOfSteel,1789353059.023,0.1014,0,0,0,0,0,0
CONT_s2_dynamic_TearsOfSteel,1789353059.124,0.1014,0,0,0,0,0,0
CONT_s2_dynamic_TearsOfSteel,1789353059.226,0.1016,0,0,0,0,0,0
CONT_s2_dynamic_TearsOfSteel,1789353059.327,0.1016,0,0,0,0,0,0
CONT_s2_dynamic_TearsOfSteel,1789353059.428,0.1013,0,0,0,0,0,0
CONT_s2_dynamic_TearsOfSteel,1789353059.531,0.1027,0,0,0,0,0,0
CONT_s2_dynamic_TearsOfSteel,1789353059.634,0.1026,0,0,0,0,0,0
CONT_s2_dynamic_TearsOfSteel,1789353059.735,0.1014,0,0,0,0,0,0
CONT_s2_dynamic_TearsOfSteel,1789353059.837,0.1016,0,0,0,0,0,0
CONT_s2_dynamic_TearsOfSteel,1789353059.938,0.1013,0,0,0,0,0,0
CONT_s2_dynamic_TearsOfSteel,1789353060.039,0.1014,0,0,0,0,0,0
CONT_s2_dynamic_TearsOfSteel,1789353060.141,0.1015,0,0,0,0,0,0
CONT_s2_dynamic_TearsOfSteel,1789353060.244,0.103,0,0,0,0,0,0
CONT_s2_dynamic_TearsOfSteel,1789353060.345,0.1016,0,0,0,0,0,0
CONT_s2_dynamic_TearsOfSteel,1789353060.447,0.1013,0,0,0,0,0,0
CONT_s2_dynamic_TearsOfSteel,1789353060.548,0.1014,0,0,0,0,0,0
CONT_s2_dynamic_TearsOfSteel,1789353060.65,0.1015,0,0,0,0,0,0
CONT_s2_dynamic_TearsOfSteel,1789353060.752,0.1027,0,0,0,0,0,0
CONT_s2_dynamic_TearsOfSteel,1789353060.854,0.1013,0,0,0,0,0,0
CONT_s2_dynamic_TearsOfSteel,1789353060.955,0.1013,0,0,0,0,0,0
CONT_s2_dynamic_TearsOfSteel,1789353061.056,0.1013,0,0,0,0,0,0
CONT_s2_dynamic_TearsOfSteel,1789353061.158,0.1015,0,0,0,0,0,0
CONT_s2_dynamic_TearsOfSteel,1789353061.259,0.1015,0,0,0,0,0,0
CONT_s2_dynamic_TearsOfSteel,1789353061.361,0.1013,0,0,0,0,0,0
CONT_s2_dynamic_TearsOfSteel,1789353061.462,0.1013,0,0,0,0,0,0
CONT_s2_dynamic_TearsOfSteel,1789353061.563,0.1014,0,0,0,0,0,0
CONT_s2_dynamic_TearsOfSteel,1789353061.665,0.1015,0,0,0,0,0,0
CONT_s2_dynamic_TearsOfSteel,1789353061.766,0.1015,0,0,0,0,0,0
CONT_s2_dynamic_TearsOfSteel,1789353061.868,0.1014,0,0,0,0,0,0
CONT_s2_dynamic_TearsOfSteel,1789353061.969,0.1013,0,0,0,0,0,0
CONT_s2_dynamic_TearsOfSteel,1789353062.07,0.1013,0,0,0,0,0,0
CONT_s2_dynamic_TearsOfSteel,1789353062.172,0.1015,0,0,0,0,0,0
CONT_s2_dynamic_TearsOfSteel,1789353062.273,0.1015,0,0,0,0,0,0
CONT_s2_dynamic_TearsOfSteel,1789353062.375,0.1013,0,0,0,0,0,0
CONT_s2_dynamic_TearsOfSteel,1789353062.476,0.1013,0,0,0,0,0,0
CONT_s2_dynamic_TearsOfSteel,1789353062.577,0.1014,0,0,0,0,0,0
CONT_s2_dynamic_TearsOfSteel,1789353062.679,0.1015,0,0,0,0,0,0
CONT_s2_dynamic_TearsOfSteel,1789353062.78,0.1015,0,0,0,0,0,0
CONT_s2_dynamic_TearsOfSteel,1789353062.882,0.1014,0,0,0,0,0,0
CONT_s2_dynamic_TearsOfSteel,1789353062.983,0.1013,0,0,0,0,0,0
CONT_s2_dynamic_TearsOfSteel,1789353063.084,0.1014,0,0,0,0,0,0
CONT_s2_dynamic_TearsOfSteel,1789353063.186,0.1015,0,0,0,0,0,0
CONT_s2_dynamic_TearsOfSteel,1789353063.287,0.1015,0,0,0,0,0,0
CONT_s2_dynamic_TearsOfSteel,1789353063.389,0.1013,0,0,0,0,0,0
CONT_s2_dynamic_TearsOfSteel,1789353063.49,0.1016,0,0,0,0,0,0
CONT_s2_dynamic_TearsOfSteel,1789353063.592,0.1014,0,0,0,0,0,0
CONT_s2_dynamic_TearsOfSteel,1789353063.693,0.1015,0,0,0,0,0,0
CONT_s2_dynamic_TearsOfSteel,1789353063.795,0.1015,0,0,0,0,0,0
CONT_s2_dynamic_TearsOfSteel,1789353063.896,0.1013,0,0,0,0,0,0
CONT_s2_dynamic_TearsOfSteel,1789353063.997,0.1014,0,0,0,0,0,0
CONT_s2_dynamic_TearsOfSteel,1789353064.099,0.1014,0,0,0,0,0,0
CONT_s2_dynamic_TearsOfSteel,1789353064.2,0.1015,0,0,0,0,0,0
CONT_s2_dynamic_TearsOfSteel,1789353064.302,0.1016,0,0,0,0,0,0
CONT_s2_dynamic_TearsOfSteel,1789353064.403,0.1014,0,0,0,0,0,0
CONT_s2_dynamic_TearsOfSteel,1789353064.505,0.1014,0,0,0,0,0,0
CONT_s2_dynamic_TearsOfSteel,1789353064.606,0.1014,0,0,0,0,0,0
CONT_s2_dynamic_TearsOfSteel,1789353064.708,0.1015,0,0,0,0,0,0
CONT_s2_dynamic_TearsOfSteel,1789353064.809,0.1015,0,0,0,0,0,0
CONT_s2_dynamic_TearsOfSteel,1789353064.91,0.1013,0,0,0,0,0,0
CONT_s2_dynamic_TearsOfSteel,1789353065.012,0.1014,0,0,0,0,0,0
CONT_s2_dynamic_TearsOfSteel,1789353065.113,0.1014,0,0,0,0,0,0
CONT_s2_dynamic_TearsOfSteel,1789353065.215,0.1015,0,0,0,0,0,0
CONT_s2_dynamic_TearsOfSteel,1789353065.316,0.1015,0,0,0,0,0,0
CONT_s2_dynamic_TearsOfSteel,1789353065.417,0.1013,0,0,0,0,0,0
CONT_s2_dynamic_TearsOfSteel,1789353065.519,0.1014,0,0,0,0,0,0
CONT_s2_dynamic_TearsOfSteel,1789353065.62,0.1014,0,0,0,0,0,0
CONT_s2_dynamic_TearsOfSteel,1789353065.722,0.1015,0,0,0,0,0,0
CONT_s2_dynamic_TearsOfSteel,1789353065.823,0.1015,0,0,0,0,0,0
CONT_s2_dynamic_TearsOfSteel,1789353065.925,0.1014,0,0,0,0,0,0
CONT_s2_dynamic_TearsOfSteel,1789353066.026,0.1015,0,0,0,0,0,0
CONT_s2_dynamic_TearsOfSteel,1789353066.127,0.1014,0,0,0,0,0,0
CONT_s2_dynamic_TearsOfSteel,1789353066.229,0.1015,0,0,0,0,0,0
CONT_s2_dynamic_TearsOfSteel,1789353066.33,0.1015,0,0,0,0,0,0
CONT_s2_dynamic_TearsOfSteel,1789353066.432,0.1014,0,0,0,0,0,0
CONT_s2_dynamic_TearsOfSteel,1789353066.533,0.1013,0,0,0,0,0,0
CONT_s2_dynamic_TearsOfSteel,1789353066.635,0.1016,0,0,0,0,0,0
CONT_s2_dynamic_TearsOfSteel,1789353066.736,0.1015,0,0,0,0,0,0
CONT_s2_dynamic_TearsOfSteel,1789353066.838,0.1016,0,0,0,0,0,0
CONT_s2_dynamic_TearsOfSteel,1789353066.939,0.1014,0,0,0,0,0,0
CONT_s2_dynamic_TearsOfSteel,1789353067.041,0.1014,0,0,0,0,0,0
CONT_s2_dynamic_TearsOfSteel,1789353067.142,0.1015,0,0,0,0,0,0
CONT_s2_dynamic_TearsOfSteel,1789353067.246,0.1034,0,0,0,0,0,0
CONT_s2_dynamic_TearsOfSteel,1789353067.347,0.1015,0,0,0,0,0,0
CONT_s2_dynamic_TearsOfSteel,1789353067.448,0.1014,0,0,0,0,0,0
CONT_s2_dynamic_TearsOfSteel,1789353067.55,0.1013,0,0,0,0,0,0
CONT_s2_dynamic_TearsOfSteel,1789353067.651,0.1015,0,0,0,0,0,0
CONT_s2_dynamic_TearsOfSteel,1789353067.754,0.1026,0,0,0,0,0,0
CONT_s2_dynamic_TearsOfSteel,1789353067.855,0.1015,0,0,0,0,0,0
CONT_s2_dynamic_TearsOfSteel,1789353067.957,0.1014,0,0,0,0,0,0
CONT_s2_dynamic_TearsOfSteel,1789353068.058,0.1014,0,0,0,0,0,0
CONT_s2_dynamic_TearsOfSteel,1789353068.16,0.1015,0,0,0,0,0,0
CONT_s2_dynamic_TearsOfSteel,1789353068.261,0.1015,0,0,0,0,0,0
CONT_s2_dynamic_TearsOfSteel,1789353068.363,0.1013,0,0,0,0,0,0
CONT_s2_dynamic_TearsOfSteel,1789353068.464,0.1013,0,0,0,0,0,0
CONT_s2_dynamic_TearsOfSteel,1789353068.565,0.1013,0,0,0,0,0,0
CONT_s2_dynamic_TearsOfSteel,1789353068.667,0.1015,0,0,0,0,0,0
CONT_s2_dynamic_TearsOfSteel,1789353068.768,0.1015,0,0,0,0,0,0
CONT_s2_dynamic_TearsOfSteel,1789353068.87,0.1014,0,0,0,0,0,0
CONT_s2_dynamic_TearsOfSteel,1789353068.971,0.1013,0,0,0,0,0,0
CONT_s2_dynamic_TearsOfSteel,1789353069.072,0.1014,0,0,0,0,0,0
CONT_s2_dynamic_TearsOfSteel,1789353069.174,0.1015,0,0,0,0,0,0
CONT_s2_dynamic_TearsOfSteel,1789353069.275,0.1016,0,0,0,0,0,0
CONT_s2_dynamic_TearsOfSteel,1789353069.377,0.1013,0,0,0,0,0,0
CONT_s2_dynamic_TearsOfSteel,1789353069.478,0.1013,0,0,0,0,0,0
CONT_s2_dynamic_TearsOfSteel,1789353069.579,0.1014,0,0,0,0,0,0
CONT_s2_dynamic_TearsOfSteel,1789353069.681,0.1015,0,0,0,0,0,0
CONT_s2_dynamic_TearsOfSteel,1789353069.782,0.1015,0,0,0,0,0,0
CONT_s2_dynamic_TearsOfSteel,1789353069.884,0.1013,0,0,0,0,0,0
CONT_s2_dynamic_TearsOfSteel,1789353069.985,0.1013,0,0,0,0,0,0
CONT_s2_dynamic_TearsOfSteel,1789353070.086,0.1014,0,0,0,0,0,0
CONT_s2_dynamic_TearsOfSteel,1789353070.188,0.1015,0,0,0,0,0,0
CONT_s2_dynamic_TearsOfSteel,1789353070.29,0.1015,0,0,0,0,0,0
CONT_s2_dynamic_TearsOfSteel,1789353070.391,0.1013,0,0,0,0,0,0
CONT_s2_dynamic_TearsOfSteel,1789353070.492,0.1013,0,0,0,0,0,0
CONT_s2_dynamic_TearsOfSteel,1789353070.593,0.1014,0,0,0,0,0,0
CONT_s2_dynamic_TearsOfSteel,1789353070.695,0.1015,0,0,0,0,0,0
CONT_s2_dynamic_TearsOfSteel,1789353070.797,0.1015,0,0,0,0,0,0
CONT_s2_dynamic_TearsOfSteel,1789353070.898,0.1013,0,0,0,0,0,0
CONT_s2_dynamic_TearsOfSteel,1789353070.999,0.1013,0,0,0,0,0,0
CONT_s2_dynamic_TearsOfSteel,1789353071.1,0.1013,0,0,0,0,0,0
CONT_s2_dynamic_TearsOfSteel,1789353071.202,0.1015,0,0,0,0,0,0
CONT_s2_dynamic_TearsOfSteel,1789353071.303,0.1015,0,0,0,0,0,0
CONT_s2_dynamic_TearsOfSteel,1789353071.405,0.1013,0,0,0,0,0,0
CONT_s2_dynamic_TearsOfSteel,1789353071.506,0.1013,0,0,0,0,0,0
CONT_s2_dynamic_TearsOfSteel,1789353071.607,0.1014,0,0,0,0,0,0
CONT_s2_dynamic_TearsOfSteel,1789353071.709,0.1015,0,0,0,0,0,0
CONT_s2_dynamic_TearsOfSteel,1789353071.81,0.1015,0,0,0,0,0,0
CONT_s2_dynamic_TearsOfSteel,1789353071.912,0.1013,0,0,0,0,0,0
CONT_s2_dynamic_TearsOfSteel,1789353072.013,0.1013,0,0,0,0,0,0
CONT_s2_dynamic_TearsOfSteel,1789353072.114,0.1013,0,0,0,0,0,0
CONT_s2_dynamic_TearsOfSteel,1789353072.216,0.1015,0,0,0,0,0,0
CONT_s2_dynamic_TearsOfSteel,1789353072.317,0.1015,0,0,0,0,0,0
CONT_s2_dynamic_TearsOfSteel,1789353072.419,0.1013,0,0,0,0,0,0
CONT_s2_dynamic_TearsOfSteel,1789353072.52,0.1014,0,0,0,0,0,0
CONT_s2_dynamic_TearsOfSteel,1789353072.621,0.1013,0,0,0,0,0,0
CONT_s2_dynamic_TearsOfSteel,1789353072.723,0.1015,0,0,0,0,0,0
CONT_s2_dynamic_TearsOfSteel,1789353072.824,0.1015,0,0,0,0,0,0
CONT_s2_dynamic_TearsOfSteel,1789353072.926,0.1013,0,0,0,0,0,0
CONT_s2_dynamic_TearsOfSteel,1789353073.027,0.1013,0,0,0,0,0,0
CONT_s2_dynamic_TearsOfSteel,1789353073.129,0.1017,0,0,0,0,0,0
CONT_s2_dynamic_TearsOfSteel,1789353073.23,0.1015,0,0,0,0,0,0
CONT_s2_dynamic_TearsOfSteel,1789353073.332,0.1015,0,0,0,0,0,0
CONT_s2_dynamic_TearsOfSteel,1789353073.433,0.1013,0,0,0,0,0,0
CONT_s2_dynamic_TearsOfSteel,1789353073.534,0.1013,0,0,0,0,0,0
CONT_s2_dynamic_TearsOfSteel,1789353073.637,0.1023,0,0,0,0,0,0
CONT_s2_dynamic_TearsOfSteel,1789353073.738,0.1015,0,0,0,0,0,0
CONT_s2_dynamic_TearsOfSteel,1789353073.84,0.1016,0,0,0,0,0,0
CONT_s2_dynamic_TearsOfSteel,1789353073.941,0.1013,0,0,0,0,0,0
CONT_s2_dynamic_TearsOfSteel,1789353074.042,0.1014,0,0,0,0,0,0
CONT_s2_dynamic_TearsOfSteel,1789353074.144,0.1015,0,0,0,0,0,0
CONT_s2_dynamic_TearsOfSteel,1789353074.247,0.1028,0,0,0,0,0,0
CONT_s2_dynamic_TearsOfSteel,1789353074.348,0.1014,0,0,0,0,0,0
CONT_s2_dynamic_TearsOfSteel,1789353074.45,0.1013,0,0,0,0,0,0
CONT_s2_dynamic_TearsOfSteel,1789353074.551,0.1013,0,0,0,0,0,0
CONT_s2_dynamic_TearsOfSteel,1789353074.652,0.1015,0,0,0,0,0,0
CONT_s2_dynamic_TearsOfSteel,1789353074.754,0.1016,0,0,0,0,0,0
CONT_s2_dynamic_TearsOfSteel,1789353074.855,0.1014,0,0,0,0,0,0
CONT_s2_dynamic_TearsOfSteel,1789353074.957,0.1013,0,0,0,0,0,0
CONT_s2_dynamic_TearsOfSteel,1789353075.058,0.1014,0,0,0,0,0,0
CONT_s2_dynamic_TearsOfSteel,1789353075.16,0.1016,0,0,0,0,0,0
CONT_s2_dynamic_TearsOfSteel,1789353075.261,0.1015,0,0,0,0,0,0
CONT_s2_dynamic_TearsOfSteel,1789353075.362,0.1014,0,0,0,0,0,0
CONT_s2_dynamic_TearsOfSteel,1789353075.464,0.1013,0,0,0,0,0,0
CONT_s2_dynamic_TearsOfSteel,1789353075.565,0.1014,0,0,0,0,0,0
CONT_s2_dynamic_TearsOfSteel,1789353075.667,0.1015,0,0,0,0,0,0
CONT_s2_dynamic_TearsOfSteel,1789353075.768,0.1015,0,0,0,0,0,0
CONT_s2_dynamic_TearsOfSteel,1789353075.869,0.1013,0,0,0,0,0,0
CONT_s2_dynamic_TearsOfSteel,1789353075.971,0.1013,0,0,0,0,0,0
CONT_s2_dynamic_TearsOfSteel,1789353076.072,0.1015,0,0,0,0,0,0
CONT_s2_dynamic_TearsOfSteel,1789353076.174,0.1016,0,0,0,0,0,0
CONT_s2_dynamic_TearsOfSteel,1789353076.275,0.1016,0,0,0,0,0,0
CONT_s2_dynamic_TearsOfSteel,1789353076.377,0.1013,0,0,0,0,0,0
CONT_s2_dynamic_TearsOfSteel,1789353076.478,0.1015,0,0,0,0,0,0
CONT_s2_dynamic_TearsOfSteel,1789353076.58,0.1014,0,0,0,0,0,0
CONT_s2_dynamic_TearsOfSteel,1789353076.681,0.1015,0,0,0,0,0,0
CONT_s2_dynamic_TearsOfSteel,1789353076.783,0.1016,0,0,0,0,0,0
CONT_s2_dynamic_TearsOfSteel,1789353076.884,0.1014,0,0,0,0,0,0
CONT_s2_dynamic_TearsOfSteel,1789353076.986,0.1014,0,0,0,0,0,0
CONT_s2_dynamic_TearsOfSteel,1789353077.087,0.1014,0,0,0,0,0,0
CONT_s2_dynamic_TearsOfSteel,1789353077.189,0.1017,0,0,0,0,0,0
CONT_s2_dynamic_TearsOfSteel,1789353077.29,0.1016,0,0,0,0,0,0
CONT_s2_dynamic_TearsOfSteel,1789353077.392,0.1015,0,0,0,0,0,0
CONT_s2_dynamic_TearsOfSteel,1789353077.493,0.1014,0,0,0,0,0,0
CONT_s2_dynamic_TearsOfSteel,1789353077.595,0.1014,0,0,0,0,0,0
CONT_s2_dynamic_TearsOfSteel,1789353077.696,0.1015,0,0,0,0,0,0
CONT_s2_dynamic_TearsOfSteel,1789353077.798,0.1016,0,0,0,0,0,0
CONT_s2_dynamic_TearsOfSteel,1789353077.899,0.1014,0,0,0,0,0,0
CONT_s2_dynamic_TearsOfSteel,1789353078.0,0.1014,0,0,0,0,0,0
CONT_s2_dynamic_TearsOfSteel,1789353078.102,0.1014,0,0,0,0,0,0
CONT_s2_dynamic_TearsOfSteel,1789353078.203,0.1015,0,0,0,0,0,0
CONT_s2_dynamic_TearsOfSteel,1789353078.305,0.1015,0,0,0,0,0,0
CONT_s2_dynamic_TearsOfSteel,1789353078.406,0.1013,0,0,0,0,0,0
CONT_s2_dynamic_TearsOfSteel,1789353078.508,0.1014,0,0,0,0,0,0
CONT_s2_dynamic_TearsOfSteel,1789353078.609,0.1014,0,0,0,0,0,0
CONT_s2_dynamic_TearsOfSteel,1789353078.711,0.1015,0,0,0,0,0,0
CONT_s2_dynamic_TearsOfSteel,1789353078.812,0.1016,0,0,0,0,0,0
CONT_s2_dynamic_TearsOfSteel,1789353078.913,0.1013,0,0,0,0,0,0
CONT_s2_dynamic_TearsOfSteel,1789353079.015,0.1014,0,0,0,0,0,0
CONT_s2_dynamic_TearsOfSteel,1789353079.116,0.1014,0,0,0,0,0,0
CONT_s2_dynamic_TearsOfSteel,1789353079.218,0.1015,0,0,0,0,0,0
CONT_s2_dynamic_TearsOfSteel,1789353079.319,0.1016,0,0,0,0,0,0
CONT_s2_dynamic_TearsOfSteel,1789353079.421,0.1013,0,0,0,0,0,0
CONT_s2_dynamic_TearsOfSteel,1789353079.522,0.1014,0,0,0,0,0,0
CONT_s2_dynamic_TearsOfSteel,1789353079.623,0.1015,0,0,0,0,0,0
CONT_s2_dynamic_TearsOfSteel,1789353079.725,0.1015,0,0,0,0,0,0
CONT_s2_dynamic_TearsOfSteel,1789353079.827,0.1016,0,0,0,0,0,0
CONT_s2_dynamic_TearsOfSteel,1789353079.928,0.1014,0,0,0,0,0,0
CONT_s2_dynamic_TearsOfSteel,1789353080.029,0.1014,0,0,0,0,0,0
CONT_s2_dynamic_TearsOfSteel,1789353080.133,0.1034,0,0,0,0,0,0
CONT_s2_dynamic_TearsOfSteel,1789353080.235,0.1026,0,0,0,0,0,0
CONT_s2_dynamic_TearsOfSteel,1789353080.337,0.1015,0,0,0,0,0,0
CONT_s2_dynamic_TearsOfSteel,1789353080.438,0.1013,0,0,0,0,0,0
CONT_s2_dynamic_TearsOfSteel,1789353080.54,0.1014,0,0,0,0,0,0
CONT_s2_dynamic_TearsOfSteel,1789353080.641,0.1015,0,0,0,0,0,0
CONT_s2_dynamic_TearsOfSteel,1789353080.744,0.103,0,0,0,0,0,0
CONT_s2_dynamic_TearsOfSteel,1789353080.846,0.1015,0,0,0,0,0,0
CONT_s2_dynamic_TearsOfSteel,1789353080.948,0.1019,0,0,0,0,0,0
CONT_s2_dynamic_TearsOfSteel,1789353081.049,0.1015,0,0,0,0,0,0
CONT_s2_dynamic_TearsOfSteel,1789353081.151,0.1015,0,0,0,0,0,0
CONT_s2_dynamic_TearsOfSteel,1789353081.253,0.102,0,0,0,0,0,0
CONT_s2_dynamic_TearsOfSteel,1789353081.354,0.1015,0,0,0,0,0,0
CONT_s2_dynamic_TearsOfSteel,1789353081.456,0.1017,0,0,0,0,0,0
CONT_s2_dynamic_TearsOfSteel,1789353081.559,0.1028,0,0,0,0,0,0
CONT_s2_dynamic_TearsOfSteel,1789353081.66,0.102,0,0,0,0,0,0
CONT_s2_dynamic_TearsOfSteel,1789353081.762,0.1015,0,0,0,0,0,0
CONT_s2_dynamic_TearsOfSteel,1789353081.863,0.1014,0,0,0,0,0,0
CONT_s2_dynamic_TearsOfSteel,1789353081.965,0.1014,0,0,0,0,0,0
CONT_s2_dynamic_TearsOfSteel,1789353082.066,0.1014,31672,37,0,1596445.9,6238615.5,4
CONT_s2_dynamic_TearsOfSteel,1789353082.168,0.102,82576,82,0,349382.7,35079521.9,2
CONT_s2_dynamic_TearsOfSteel,1789353082.27,0.102,78887,103,10,1322142.4,28233933.0,4
CONT_s2_dynamic_TearsOfSteel,1789353082.372,0.102,37654,50,1,1969591.8,34352497.4,4
CONT_s2_dynamic_TearsOfSteel,1789353082.474,0.1019,87028,85,0,783450.2,28209560.0,2
CONT_s2_dynamic_TearsOfSteel,1789353082.576,0.102,42344,54,5,1059543.5,26607993.1,2
CONT_s2_dynamic_TearsOfSteel,1789353082.678,0.1021,0,0,0,0,0,0
CONT_s2_dynamic_TearsOfSteel,1789353082.78,0.1021,308,1,0,15924489.0,242996584.0,1
CONT_s2_dynamic_TearsOfSteel,1789353082.882,0.1019,52,1,0,18883452.0,42380572.0,1
CONT_s2_dynamic_TearsOfSteel,1789353082.984,0.102,0,0,0,0,0,0
CONT_s2_dynamic_TearsOfSteel,1789353083.086,0.102,23561,27,0,12786191.5,92703402.3,4
CONT_s2_dynamic_TearsOfSteel,1789353083.188,0.1022,79664,78,0,3163654.7,25627298.0,6
CONT_s2_dynamic_TearsOfSteel,1789353083.291,0.1025,71099,70,0,4774493.7,41233645.3,8
CONT_s2_dynamic_TearsOfSteel,1789353083.393,0.1025,84721,80,0,4240338.4,25417901.7,4
CONT_s2_dynamic_TearsOfSteel,1789353083.496,0.1024,79881,99,13,5329186.9,30958584.7,4
CONT_s2_dynamic_TearsOfSteel,1789353083.598,0.1025,78996,89,0,2075309.3,47239286.1,5
CONT_s2_dynamic_TearsOfSteel,1789353083.701,0.1027,77103,85,5,6244816.4,27746976.7,5
CONT_s2_dynamic_TearsOfSteel,1789353083.804,0.1029,79352,78,0,8774857.7,10510759.8,4
CONT_s2_dynamic_TearsOfSteel,1789353083.906,0.1024,76352,76,0,6130059.0,48208794.1,4
CONT_s2_dynamic_TearsOfSteel,1789353084.009,0.1024,76300,75,0,5527767.3,42249504.9,4
CONT_s2_dynamic_TearsOfSteel,1789353084.111,0.1025,79352,78,0,3909121.7,11390046.5,2
CONT_s2_dynamic_TearsOfSteel,1789353084.214,0.1027,76300,75,0,2942644.7,11412125.5,2
CONT_s2_dynamic_TearsOfSteel,1789353084.316,0.1026,76608,76,0,2988137.9,12476693.5,3
CONT_s2_dynamic_TearsOfSteel,1789353084.419,0.1024,79404,79,0,2982474.0,11454516.2,3
CONT_s2_dynamic_TearsOfSteel,1789353084.521,0.1025,77852,77,0,7489576.5,9731182.7,4
CONT_s2_dynamic_TearsOfSteel,1789353084.624,0.1025,77800,76,0,5227684.4,47952211.9,4
CONT_s2_dynamic_TearsOfSteel,1789353084.726,0.1028,76300,75,0,5672559.5,38483353.4,4
CONT_s2_dynamic_TearsOfSteel,1789353084.829,0.1025,76300,75,0,3566145.3,11422295.9,2
CONT_s2_dynamic_TearsOfSteel,1789353084.931,0.1023,79352,78,0,2862497.7,11398290.2,2
CONT_s2_dynamic_TearsOfSteel,1789353085.034,0.1026,75620,76,0,3107781.5,11503966.3,4
CONT_s2_dynamic_TearsOfSteel,1789353085.137,0.1028,79674,72,0,863540.4,28381531.6,2
CONT_s2_dynamic_TearsOfSteel,1789353085.239,0.1029,79455,87,0,1778964.8,24491587.1,4
CONT_s2_dynamic_TearsOfSteel,1789353085.342,0.1027,75024,94,21,9236390.4,45073159.3,4
CONT_s2_dynamic_TearsOfSteel,1789353085.445,0.1025,81165,77,6,7722251.7,59989654.1,5
CONT_s2_dynamic_TearsOfSteel,1789353085.547,0.1027,80236,84,8,7845911.9,50118210.9,4
CONT_s2_dynamic_TearsOfSteel,1789353085.65,0.1027,72972,65,8,7508292.9,61382461.9,4
CONT_s2_dynamic_TearsOfSteel,1789353085.754,0.1036,79632,79,8,28639121.0,49105404.4,5
CONT_s2_dynamic_TearsOfSteel,1789353085.856,0.1027,67500,55,0,31434058.3,46590597.2,4
CONT_s2_dynamic_TearsOfSteel,1789353085.959,0.1026,84416,64,0,17847672.7,50028048.4,4
CONT_s2_dynamic_TearsOfSteel,1789353086.062,0.1027,81468,63,0,13909668.0,53847065.8,4
CONT_s2_dynamic_TearsOfSteel,1789353086.164,0.1027,67916,53,0,12137482.8,59518292.6,4
CONT_s2_dynamic_TearsOfSteel,1789353086.267,0.1025,86629,69,0,5432774.3,45543519.1,4
CONT_s2_dynamic_TearsOfSteel,1789353086.369,0.1026,72520,58,0,24725595.7,47060486.3,4
CONT_s2_dynamic_TearsOfSteel,1789353086.472,0.1024,79916,61,0,3057788.0,46082407.8,2
CONT_s2_dynamic_TearsOfSteel,1789353086.574,0.1027,77696,74,0,811952.6,34297184.3,2
CONT_s2_dynamic_TearsOfSteel,1789353086.677,0.1027,77800,76,0,171371.4,31339685.8,2
CONT_s2_dynamic_TearsOfSteel,1789353086.78,0.1026,77800,76,0,64660.7,32781736.2,2
CONT_s2_dynamic_TearsOfSteel,1789353086.882,0.1024,77852,77,0,37769.5,34757572.3,2
CONT_s2_dynamic_TearsOfSteel,1789353086.985,0.1026,76300,75,0,34139.3,33776242.1,2
CONT_s2_dynamic_TearsOfSteel,1789353087.087,0.1025,77852,77,0,35804.6,35230764.6,2
CONT_s2_dynamic_TearsOfSteel,1789353087.19,0.1027,77800,76,0,47184.0,35976146.1,2
CONT_s2_dynamic_TearsOfSteel,1789353087.293,0.1027,77852,77,0,29140.5,37753246.2,2
CONT_s2_dynamic_TearsOfSteel,1789353087.395,0.1024,77800,76,0,27151.0,39267369.4,2
CONT_s2_dynamic_TearsOfSteel,1789353087.498,0.1025,76300,75,0,33539.7,37304909.9,2
CONT_s2_dynamic_TearsOfSteel,1789353087.6,0.1026,78612,87,0,75851.8,38410093.5,2
CONT_s2_dynamic_TearsOfSteel,1789353087.703,0.1027,79764,102,0,72923.5,27781422.5,2
CONT_s2_dynamic_TearsOfSteel,1789353087.806,0.1026,75044,75,1,1942222.2,20137518.5,2
CONT_s2_dynamic_TearsOfSteel,1789353087.908,0.1024,80748,77,0,263693.1,31278507.0,2
CONT_s2_dynamic_TearsOfSteel,1789353088.011,0.1025,76300,75,0,66905.0,29822593.2,2
CONT_s2_dynamic_TearsOfSteel,1789353088.113,0.1025,77852,77,0,50646.2,31283631.1,2
CONT_s2_dynamic_TearsOfSteel,1789353088.216,0.1027,77800,76,0,29857.0,33284835.8,2
CONT_s2_dynamic_TearsOfSteel,1789353088.319,0.1027,77852,77,0,28653.8,35239945.5,2
CONT_s2_dynamic_TearsOfSteel,1789353088.421,0.1026,77800,76,0,51159.4,33810415.0,2
CONT_s2_dynamic_TearsOfSteel,1789353088.524,0.1026,77800,76,0,48999.0,34796828.1,2
CONT_s2_dynamic_TearsOfSteel,1789353088.626,0.1026,77852,77,0,32295.5,35189267.9,2
CONT_s2_dynamic_TearsOfSteel,1789353088.729,0.1026,76300,75,0,24390.0,36796604.7,2
CONT_s2_dynamic_TearsOfSteel,1789353088.832,0.1026,77852,77,0,23951.5,37962543.3,2
CONT_s2_dynamic_TearsOfSteel,1789353088.934,0.1025,77800,76,0,28809.3,38787853.6,2
CONT_s2_dynamic_TearsOfSteel,1789353089.037,0.1027,77852,77,0,53736.6,37256336.0,2
CONT_s2_dynamic_TearsOfSteel,1789353089.14,0.1028,78256,82,0,78892.5,39021426.0,2
CONT_s2_dynamic_TearsOfSteel,1789353089.242,0.1027,79764,102,0,53690.0,30225621.8,2
CONT_s2_dynamic_TearsOfSteel,1789353089.345,0.1026,77340,89,1,326229.1,15257976.7,2
CONT_s2_dynamic_TearsOfSteel,1789353089.447,0.1024,76812,57,0,3009277.3,49441506.3,2
CONT_s2_dynamic_TearsOfSteel,1789353089.55,0.1025,66260,49,0,3116130.0,51738089.8,2
CONT_s2_dynamic_TearsOfSteel,1789353089.653,0.1027,88352,84,0,307702.1,33943642.5,2
CONT_s2_dynamic_TearsOfSteel,1789353089.755,0.1026,77800,76,0,69135.2,33320719.0,2
CONT_s2_dynamic_TearsOfSteel,1789353089.858,0.1025,76300,75,0,36731.7,34749667.4,2
CONT_s2_dynamic_TearsOfSteel,1789353089.96,0.1025,77852,77,0,33539.4,34738058.8,2
CONT_s2_dynamic_TearsOfSteel,1789353090.063,0.1026,77800,76,0,28352.8,33830282.4,2
CONT_s2_dynamic_TearsOfSteel,1789353090.166,0.1028,77852,77,0,49218.2,35260702.3,2
CONT_s2_dynamic_TearsOfSteel,1789353090.268,0.1027,78091,75,0,691333.0,19993748.7,2
CONT_s2_dynamic_TearsOfSteel,1789353090.371,0.1026,77852,77,0,116541.8,37918641.3,2
CONT_s2_dynamic_TearsOfSteel,1789353090.473,0.1026,77800,76,0,45270.8,39260177.8,2
CONT_s2_dynamic_TearsOfSteel,1789353090.576,0.1025,77800,76,0,23748.0,37281600.6,2
CONT_s2_dynamic_TearsOfSteel,1789353090.679,0.1026,76808,82,0,76781.0,38979016.2,2
CONT_s2_dynamic_TearsOfSteel,1789353090.781,0.1026,79764,102,0,66029.5,30297895.0,2
CONT_s2_dynamic_TearsOfSteel,1789353090.884,0.1026,75504,82,1,1405486.8,16152069.7,2
CONT_s2_dynamic_TearsOfSteel,1789353090.986,0.1025,80592,74,0,354680.2,33966604.4,2
CONT_s2_dynamic_TearsOfSteel,1789353091.089,0.1025,77852,77,0,79191.2,30233349.4,2
CONT_s2_dynamic_TearsOfSteel,1789353091.192,0.1033,77800,76,0,53194.6,31275515.3,2
CONT_s2_dynamic_TearsOfSteel,1789353091.295,0.1026,77800,76,0,37076.6,32859174.0,2
CONT_s2_dynamic_TearsOfSteel,1789353091.397,0.1025,76352,76,0,31565.9,34449758.8,2
CONT_s2_dynamic_TearsOfSteel,1789353091.5,0.1025,77800,76,0,31546.9,34305375.3,2
CONT_s2_dynamic_TearsOfSteel,1789353091.602,0.1026,77852,77,0,31873.7,34620264.7,2
CONT_s2_dynamic_TearsOfSteel,1789353091.705,0.1026,77800,76,0,31689.0,35313532.8,2
CONT_s2_dynamic_TearsOfSteel,1789353091.808,0.1026,77800,76,0,28495.6,36000070.6,2
CONT_s2_dynamic_TearsOfSteel,1789353091.91,0.1025,76352,76,0,45781.0,37233462.2,2
CONT_s2_dynamic_TearsOfSteel,1789353092.013,0.1026,77800,76,0,39099.7,38764372.6,2
CONT_s2_dynamic_TearsOfSteel,1789353092.115,0.1026,77852,77,0,44771.6,38569257.6,2
CONT_s2_dynamic_TearsOfSteel,1789353092.218,0.1027,78776,89,0,77375.6,37500607.7,2
CONT_s2_dynamic_TearsOfSteel,1789353092.321,0.1026,79700,101,0,49196.1,27799663.0,2
CONT_s2_dynamic_TearsOfSteel,1789353092.423,0.1024,77840,74,1,2264439.4,25368181.1,2
CONT_s2_dynamic_TearsOfSteel,1789353092.525,0.1026,76300,75,0,249905.3,27217382.2,2
CONT_s2_dynamic_TearsOfSteel,1789353092.628,0.1028,77852,77,0,65453.1,31308206.2,2
CONT_s2_dynamic_TearsOfSteel,1789353092.731,0.1028,77800,76,0,38527.2,31344308.2,2
CONT_s2_dynamic_TearsOfSteel,1789353092.834,0.1027,77852,77,0,39810.3,33699100.3,2
CONT_s2_dynamic_TearsOfSteel,1789353092.936,0.1025,77800,76,0,26850.0,35309228.3,2
CONT_s2_dynamic_TearsOfSteel,1789353093.039,0.1025,77800,76,0,41366.8,33803402.9,2
CONT_s2_dynamic_TearsOfSteel,1789353093.141,0.1026,77852,77,0,27239.8,34556945.6,2
CONT_s2_dynamic_TearsOfSteel,1789353093.245,0.1036,77800,76,0,25820.4,35316013.9,2
CONT_s2_dynamic_TearsOfSteel,1789353093.348,0.1026,77852,77,0,27629.6,36791408.3,2
CONT_s2_dynamic_TearsOfSteel,1789353093.45,0.1024,76300,75,0,29377.7,38621685.6,2
CONT_s2_dynamic_TearsOfSteel,1789353093.552,0.1025,77852,77,0,36943.7,38722441.7,2
CONT_s2_dynamic_TearsOfSteel,1789353093.655,0.1026,77800,76,0,47381.1,39271325.7,2
CONT_s2_dynamic_TearsOfSteel,1789353093.758,0.1026,79776,97,1,1510142.5,21219937.4,2
CONT_s2_dynamic_TearsOfSteel,1789353093.86,0.1026,66676,57,0,2554370.4,48213827.5,2
CONT_s2_dynamic_TearsOfSteel,1789353093.963,0.1025,78312,58,0,3141573.3,50868097.4,2
CONT_s2_dynamic_TearsOfSteel,1789353094.066,0.1029,84936,74,0,696712.4,40475694.6,2
CONT_s2_dynamic_TearsOfSteel,1789353094.168,0.1027,78193,80,0,227374.4,31716181.7,4
CONT_s2_dynamic_TearsOfSteel,1789353094.271,0.1028,75193,74,0,125577269.9,46040697.7,6
CONT_s2_dynamic_TearsOfSteel,1789353094.374,0.1026,77512,90,8,56305769.0,66839264.4,6
CONT_s2_dynamic_TearsOfSteel,1789353094.476,0.1028,73684,76,0,70871101.9,71841468.1,6
CONT_s2_dynamic_TearsOfSteel,1789353094.579,0.1027,84644,90,0,40869434.1,70512683.4,6
CONT_s2_dynamic_TearsOfSteel,1789353094.682,0.1028,77614,78,1,16840973.3,57603776.1,6
CONT_s2_dynamic_TearsOfSteel,1789353094.785,0.1027,71920,56,0,8417121.1,49629706.8,4
CONT_s2_dynamic_TearsOfSteel,1789353094.887,0.1026,73968,58,0,9052575.0,48414936.3,4
CONT_s2_dynamic_TearsOfSteel,1789353094.99,0.1026,78520,62,0,8536849.0,54158470.8,4
CONT_s2_dynamic_TearsOfSteel,1789353095.093,0.1027,78520,62,0,8751523.6,55501509.3,4
CONT_s2_dynamic_TearsOfSteel,1789353095.195,0.1028,81520,64,0,8747782.8,56852527.5,4
CONT_s2_dynamic_TearsOfSteel,1789353095.298,0.1027,72468,57,0,9735741.1,59133707.8,4
CONT_s2_dynamic_TearsOfSteel,1789353095.401,0.1026,76968,60,0,9133186.5,61016187.6,4
CONT_s2_dynamic_TearsOfSteel,1789353095.503,0.1026,82864,62,0,6235797.1,60462845.1,4
CONT_s2_dynamic_TearsOfSteel,1789353095.606,0.1027,76968,60,0,9591559.8,64823239.6,4
CONT_s2_dynamic_TearsOfSteel,1789353095.709,0.1029,77332,67,0,8350028.7,58185912.4,4
CONT_s2_dynamic_TearsOfSteel,1789353095.812,0.1028,74800,74,0,3544473.9,45300021.1,4
CONT_s2_dynamic_TearsOfSteel,1789353095.914,0.1027,79864,80,0,6680087.3,33125491.3,4
CONT_s2_dynamic_TearsOfSteel,1789353096.017,0.1027,77800,76,0,5385509.5,47835871.3,4
CONT_s2_dynamic_TearsOfSteel,1789353096.12,0.1027,78297,78,0,12126850.9,50200473.5,5
CONT_s2_dynamic_TearsOfSteel,1789353096.222,0.1028,77116,84,0,19890119.1,50723408.7,6
CONT_s2_dynamic_TearsOfSteel,1789353096.325,0.1028,76004,86,0,40172587.1,60917687.5,6
CONT_s2_dynamic_TearsOfSteel,1789353096.428,0.1026,75676,82,5,32701034.5,59534005.6,6
CONT_s2_dynamic_TearsOfSteel,1789353096.531,0.1033,85424,95,1,24058176.7,60863088.6,6
CONT_s2_dynamic_TearsOfSteel,1789353096.634,0.1029,79092,73,0,21494410.6,43014658.5,6
CONT_s2_dynamic_TearsOfSteel,1789353096.737,0.1027,77222,87,1,11852622.1,52455467.7,6
CONT_s2_dynamic_TearsOfSteel,1789353096.839,0.1027,71072,58,0,9472967.4,44374986.5,4
CONT_s2_dynamic_TearsOfSteel,1789353096.942,0.1026,80176,66,0,10452628.9,47366731.9,4
CONT_s2_dynamic_TearsOfSteel,1789353097.045,0.1027,78572,63,0,8372354.6,47502170.3,4
CONT_s2_dynamic_TearsOfSteel,1789353097.147,0.1027,71020,57,0,8825900.9,49773966.0,4
CONT_s2_dynamic_TearsOfSteel,1789353097.252,0.1042,80124,65,0,10172633.2,52380184.3,4
CONT_s2_dynamic_TearsOfSteel,1789353097.354,0.1028,80072,64,0,9265894.1,55073643.1,4
CONT_s2_dynamic_TearsOfSteel,1789353097.457,0.1027,79297,77,0,7129592.5,33373576.2,4
CONT_s2_dynamic_TearsOfSteel,1789353097.56,0.1025,77384,68,0,5963155.8,50402278.7,4
CONT_s2_dynamic_TearsOfSteel,1789353097.662,0.1028,68020,55,0,8547837.4,59993367.5,4
CONT_s2_dynamic_TearsOfSteel,1789353097.765,0.1027,86621,71,0,20442418.4,58896335.2,6
CONT_s2_dynamic_TearsOfSteel,1789353097.868,0.1026,77592,72,0,27087177.3,59473740.0,6
CONT_s2_dynamic_TearsOfSteel,1789353097.97,0.1026,77748,75,0,25090001.4,61065598.0,6
CONT_s2_dynamic_TearsOfSteel,1789353098.073,0.1027,77808,95,0,12819871.7,56224601.5,6
CONT_s2_dynamic_TearsOfSteel,1789353098.176,0.1027,75896,67,2,26952422.8,52866768.0,6
CONT_s2_dynamic_TearsOfSteel,1789353098.278,0.1028,77124,63,0,20142554.1,59388995.3,6
CONT_s2_dynamic_TearsOfSteel,1789353098.381,0.1027,77020,61,0,15593327.0,59473714.0,6
CONT_s2_dynamic_TearsOfSteel,1789353098.484,0.1027,77733,65,0,19756936.4,57234499.0,6
CONT_s2_dynamic_TearsOfSteel,1789353098.587,0.1027,78468,61,0,9185337.9,61567418.7,4
CONT_s2_dynamic_TearsOfSteel,1789353098.689,0.1028,71228,61,0,9931108.7,50900615.4,4
CONT_s2_dynamic_TearsOfSteel,1789353098.792,0.1027,81520,64,0,8982363.4,58000314.8,4
CONT_s2_dynamic_TearsOfSteel,1789353098.895,0.1026,64864,50,0,7352503.0,58062680.3,4
CONT_s2_dynamic_TearsOfSteel,1789353098.997,0.1027,84520,66,0,9137076.6,59408026.3,4
CONT_s2_dynamic_TearsOfSteel,1789353099.1,0.1027,75468,59,0,10095815.1,61917730.6,4
CONT_s2_dynamic_TearsOfSteel,1789353099.203,0.1027,79968,62,0,9411078.0,63964107.4,4
CONT_s2_dynamic_TearsOfSteel,1789353099.306,0.1027,72364,55,0,7086282.8,64095921.4,4
CONT_s2_dynamic_TearsOfSteel,1789353099.408,0.1026,82769,75,0,9396575.5,36220232.5,4
CONT_s2_dynamic_TearsOfSteel,1789353099.511,0.1026,79797,79,0,6307864.8,11079092.9,4
CONT_s2_dynamic_TearsOfSteel,1789353099.613,0.1028,77800,76,0,3754160.3,46203676.8,4
CONT_s2_dynamic_TearsOfSteel,1789353099.716,0.1028,75358,75,0,5072349.2,25756060.9,4
CONT_s2_dynamic_TearsOfSteel,1789353099.819,0.1027,79352,78,0,3180328.3,11322334.1,2
CONT_s2_dynamic_TearsOfSteel,1789353099.922,0.1026,76300,75,0,2812154.3,11354130.3,2
CONT_s2_dynamic_TearsOfSteel,1789353100.024,0.1027,79352,78,0,2743248.0,11378273.8,2
CONT_s2_dynamic_TearsOfSteel,1789353100.127,0.1027,76300,75,0,2759522.3,11370806.0,2
CONT_s2_dynamic_TearsOfSteel,1789353100.23,0.1028,79300,77,0,2771219.5,11347760.4,2
CONT_s2_dynamic_TearsOfSteel,1789353100.333,0.1027,76352,76,0,2696180.9,11370639.4,2
CONT_s2_dynamic_TearsOfSteel,1789353100.435,0.1026,77778,68,0,17958130.9,26686005.5,4
CONT_s2_dynamic_TearsOfSteel,1789353100.538,0.1027,77852,77,0,6854499.5,37299424.4,4
CONT_s2_dynamic_TearsOfSteel,1789353100.64,0.1027,79300,77,0,4617929.3,47826477.9,4
CONT_s2_dynamic_TearsOfSteel,1789353100.745,0.1041,77852,77,0,4896047.8,50318400.5,4
CONT_s2_dynamic_TearsOfSteel,1789353100.847,0.1028,76436,93,0,5327807.5,49136658.4,4
CONT_s2_dynamic_TearsOfSteel,1789353100.95,0.1026,73516,90,0,6744498.2,51389543.1,4
CONT_s2_dynamic_TearsOfSteel,1789353101.053,0.1027,85264,77,2,8701808.8,42541318.5,4
CONT_s2_dynamic_TearsOfSteel,1789353101.155,0.1028,69468,55,0,8525193.3,56839501.7,4
CONT_s2_dynamic_TearsOfSteel,1789353101.259,0.1033,76968,60,0,8831521.2,61695013.2,4
CONT_s2_dynamic_TearsOfSteel,1789353101.361,0.1027,81468,63,0,8769054.2,66548112.2,4
CONT_s2_dynamic_TearsOfSteel,1789353101.464,0.1026,79864,60,0,6515274.0,68393351.5,4
CONT_s2_dynamic_TearsOfSteel,1789353101.567,0.1028,76024,89,0,7066119.2,57873562.4,4
CONT_s2_dynamic_TearsOfSteel,1789353101.67,0.1028,73516,90,0,7538989.9,51322274.8,4
CONT_s2_dynamic_TearsOfSteel,1789353101.772,0.1027,81144,100,1,7161556.3,49390980.2,4
CONT_s2_dynamic_TearsOfSteel,1789353101.875,0.1027,86640,98,0,6768102.0,57348501.8,4
CONT_s2_dynamic_TearsOfSteel,1789353101.978,0.1027,79552,102,1,3138374.5,42421320.4,2
CONT_s2_dynamic_TearsOfSteel,1789353102.081,0.1028,69616,54,0,3177390.3,32111606.5,2
CONT_s2_dynamic_TearsOfSteel,1789353102.183,0.1028,82968,64,0,2589535.8,34456157.8,2
CONT_s2_dynamic_TearsOfSteel,1789353102.286,0.1028,77384,68,0,1654658.5,34943350.0,2
CONT_s2_dynamic_TearsOfSteel,1789353102.389,0.1027,71748,71,0,274164.7,28598872.9,2
CONT_s2_dynamic_TearsOfSteel,1789353102.492,0.1027,12934,10,0,1321387.6,40929160.0,2
CONT_s2_dynamic_TearsOfSteel,1789353102.594,0.1028,0,0,0,0,0,0
CONT_s2_dynamic_TearsOfSteel,1789353102.697,0.1027,41153,32,0,11421562.9,16222905.8,2
CONT_s2_dynamic_TearsOfSteel,1789353102.8,0.1028,60039,53,0,5726268.9,33193315.6,2
CONT_s2_dynamic_TearsOfSteel,1789353102.902,0.1026,0,0,0,0,0,0
CONT_s2_dynamic_TearsOfSteel,1789353103.005,0.1027,0,0,0,0,0,0
CONT_s2_dynamic_TearsOfSteel,1789353103.108,0.1028,0,0,0,0,0,0
CONT_s2_dynamic_TearsOfSteel,1789353103.21,0.1028,0,0,0,0,0,0
CONT_s2_dynamic_TearsOfSteel,1789353103.313,0.1027,0,0,0,0,0,0
CONT_s2_dynamic_TearsOfSteel,1789353103.416,0.1027,0,0,0,0,0,0
CONT_s2_dynamic_TearsOfSteel,1789353103.518,0.1026,0,0,0,0,0,0
CONT_s2_dynamic_TearsOfSteel,1789353103.621,0.1026,0,0,0,0,0,0
CONT_s2_dynamic_TearsOfSteel,1789353103.724,0.1028,0,0,0,0,0,0
CONT_s2_dynamic_TearsOfSteel,1789353103.827,0.1027,0,0,0,0,0,0
CONT_s2_dynamic_TearsOfSteel,1789353103.929,0.1025,0,0,0,0,0,0
CONT_s2_dynamic_TearsOfSteel,1789353104.032,0.1028,0,0,0,0,0,0
CONT_s2_dynamic_TearsOfSteel,1789353104.136,0.1037,0,0,0,0,0,0
CONT_s2_dynamic_TearsOfSteel,1789353104.238,0.1026,0,0,0,0,0,0
CONT_s2_dynamic_TearsOfSteel,1789353104.341,0.1031,0,0,0,0,0,0
CONT_s2_dynamic_TearsOfSteel,1789353104.444,0.1027,30550,23,0,81592308.0,11699711.9,2
CONT_s2_dynamic_TearsOfSteel,1789353104.547,0.1027,82196,77,0,14915765.3,24357917.7,2
CONT_s2_dynamic_TearsOfSteel,1789353104.649,0.1028,81364,61,0,6012741.9,47695115.0,2
CONT_s2_dynamic_TearsOfSteel,1789353104.753,0.1034,77592,72,0,2854423.2,36296446.4,2
CONT_s2_dynamic_TearsOfSteel,1789353104.855,0.1027,77852,77,0,610829.2,35700592.8,2
CONT_s2_dynamic_TearsOfSteel,1789353104.958,0.1027,76300,75,0,149572.7,37146741.6,2
CONT_s2_dynamic_TearsOfSteel,1789353105.061,0.1028,78080,80,0,101342.8,39139164.0,2
CONT_s2_dynamic_TearsOfSteel,1789353105.164,0.1028,79764,102,0,116116.5,32878932.2,2
CONT_s2_dynamic_TearsOfSteel,1789353105.267,0.1028,79764,102,0,79462.0,29857193.8,2
CONT_s2_dynamic_TearsOfSteel,1789353105.369,0.1029,70380,90,1,2879699.5,42137786.8,2
CONT_s2_dynamic_TearsOfSteel,1789353105.472,0.1027,87796,99,1,857658.8,32870911.6,2
CONT_s2_dynamic_TearsOfSteel,1789353105.575,0.1028,77800,76,0,151753.3,35301503.9,2
CONT_s2_dynamic_TearsOfSteel,1789353105.678,0.103,77852,77,0,61125.3,36597164.2,2
CONT_s2_dynamic_TearsOfSteel,1789353105.781,0.1028,77864,77,0,90400.2,40220227.3,2
CONT_s2_dynamic_TearsOfSteel,1789353105.884,0.1028,73652,94,0,2200182.5,43901526.7,2
CONT_s2_dynamic_TearsOfSteel,1789353105.986,0.1029,43163,56,3,3043823.0,35768512.7,2
CONT_s2_dynamic_TearsOfSteel,1789353106.089,0.1028,0,0,0,0,0,0
CONT_s2_dynamic_TearsOfSteel,1789353106.192,0.1028,0,0,0,0,0,0
CONT_s2_dynamic_TearsOfSteel,1789353106.295,0.1027,18550,15,0,28124369.8,566489.2,2
CONT_s2_dynamic_TearsOfSteel,1789353106.397,0.1026,68488,64,0,5007037.3,23134136.4,2
CONT_s2_dynamic_TearsOfSteel,1789353106.5,0.1027,13836,11,0,3103470.3,44278440.4,2
CONT_s2_dynamic_TearsOfSteel,1789353106.603,0.1027,0,0,0,0,0,0
CONT_s2_dynamic_TearsOfSteel,1789353106.706,0.1027,0,0,0,0,0,0
CONT_s2_dynamic_TearsOfSteel,1789353106.808,0.1027,0,0,0,0,0,0
CONT_s2_dynamic_TearsOfSteel,1789353106.911,0.1026,0,0,0,0,0,0
CONT_s2_dynamic_TearsOfSteel,1789353107.014,0.1027,0,0,0,0,0,0
CONT_s2_dynamic_TearsOfSteel,1789353107.116,0.1027,0,0,0,0,0,0
CONT_s2_dynamic_TearsOfSteel,1789353107.219,0.1027,0,0,0,0,0,0
CONT_s2_dynamic_TearsOfSteel,1789353107.322,0.1027,0,0,0,0,0,0
CONT_s2_dynamic_TearsOfSteel,1789353107.424,0.1026,0,0,0,0,0,0
CONT_s2_dynamic_TearsOfSteel,1789353107.527,0.1026,0,0,0,0,0,0
CONT_s2_dynamic_TearsOfSteel,1789353107.632,0.1054,0,0,0,0,0,0
CONT_s2_dynamic_TearsOfSteel,1789353107.735,0.1027,0,0,0,0,0,0
CONT_s2_dynamic_TearsOfSteel,1789353107.838,0.1027,0,0,0,0,0,0
CONT_s2_dynamic_TearsOfSteel,1789353107.94,0.1029,447,1,0,107597705.0,0,1
CONT_s2_dynamic_TearsOfSteel,1789353108.043,0.1027,89384,76,0,19857451.4,20525674.9,2
CONT_s2_dynamic_TearsOfSteel,1789353108.146,0.1027,77852,77,0,4633357.7,30714384.9,2
CONT_s2_dynamic_TearsOfSteel,1789353108.25,0.1045,77800,76,0,915791.4,34271881.8,2
CONT_s2_dynamic_TearsOfSteel,1789353108.353,0.1027,77852,77,0,205840.6,34751982.5,2
CONT_s2_dynamic_TearsOfSteel,1789353108.456,0.1028,77800,76,0,74651.1,33812952.2,2
CONT_s2_dynamic_TearsOfSteel,1789353108.559,0.1027,77852,77,0,42431.1,35199023.0,2
CONT_s2_dynamic_TearsOfSteel,1789353108.661,0.1029,77800,76,0,60184.2,36778751.7,2
CONT_s2_dynamic_TearsOfSteel,1789353108.764,0.1028,77800,76,0,39914.1,38238255.6,2
CONT_s2_dynamic_TearsOfSteel,1789353108.867,0.1028,77852,77,0,34871.1,39253615.1,2
CONT_s2_dynamic_TearsOfSteel,1789353108.97,0.1027,77800,76,0,31295.5,37891194.5,2
CONT_s2_dynamic_TearsOfSteel,1789353109.072,0.1027,76352,76,0,47738.3,38271940.9,2
CONT_s2_dynamic_TearsOfSteel,1789353109.175,0.1028,78700,88,0,90280.2,37556042.2,2
CONT_s2_dynamic_TearsOfSteel,1789353109.278,0.1028,79764,102,0,59942.5,27801635.2,2
CONT_s2_dynamic_TearsOfSteel,1789353109.381,0.1028,79600,100,1,108730.6,26833441.7,2
CONT_s2_dynamic_TearsOfSteel,1789353109.483,0.1027,77800,76,0,35999.6,29852771.0,2
CONT_s2_dynamic_TearsOfSteel,1789353109.586,0.1026,5333,6,0,362515.3,28274861.9,2
CONT_s2_dynamic_TearsOfSteel,1789353109.689,0.1028,0,0,0,0,0,0
CONT_s2_dynamic_TearsOfSteel,1789353109.792,0.1027,0,0,0,0,0,0
CONT_s2_dynamic_TearsOfSteel,1789353109.894,0.1027,0,0,0,0,0,0
CONT_s2_dynamic_TearsOfSteel,1789353109.997,0.1027,67070,57,0,9396233.3,18563566.7,2
CONT_s2_dynamic_TearsOfSteel,1789353110.1,0.1027,33786,28,0,6214866.0,48018190.4,2
CONT_s2_dynamic_TearsOfSteel,1789353110.202,0.1028,0,0,0,0,0,0
CONT_s2_dynamic_TearsOfSteel,1789353110.305,0.1027,0,0,0,0,0,0
CONT_s2_dynamic_TearsOfSteel,1789353110.408,0.1025,0,0,0,0,0,0
CONT_s2_dynamic_TearsOfSteel,1789353110.51,0.1027,0,0,0,0,0,0
CONT_s2_dynamic_TearsOfSteel,1789353110.613,0.1026,0,0,0,0,0,0
CONT_s2_dynamic_TearsOfSteel,1789353110.716,0.1028,0,0,0,0,0,0
CONT_s2_dynamic_TearsOfSteel,1789353110.818,0.1026,0,0,0,0,0,0
CONT_s2_dynamic_TearsOfSteel,1789353110.921,0.1026,0,0,0,0,0,0
CONT_s2_dynamic_TearsOfSteel,1789353111.024,0.1026,0,0,0,0,0,0
CONT_s2_dynamic_TearsOfSteel,1789353111.126,0.1026,0,0,0,0,0,0
CONT_s2_dynamic_TearsOfSteel,1789353111.229,0.1028,0,0,0,0,0,0
CONT_s2_dynamic_TearsOfSteel,1789353111.332,0.1027,0,0,0,0,0,0
CONT_s2_dynamic_TearsOfSteel,1789353111.434,0.1025,0,0,0,0,0,0
CONT_s2_dynamic_TearsOfSteel,1789353111.537,0.1027,0,0,0,0,0,0
CONT_s2_dynamic_TearsOfSteel,1789353111.641,0.1035,0,0,0,0,0,0
CONT_s2_dynamic_TearsOfSteel,1789353111.744,0.104,0,0,0,0,0,0
CONT_s2_dynamic_TearsOfSteel,1789353111.847,0.1028,0,0,0,0,0,0
CONT_s2_dynamic_TearsOfSteel,1789353111.95,0.1025,0,0,0,0,0,0
CONT_s2_dynamic_TearsOfSteel,1789353112.053,0.1028,50155,38,0,57721987.8,14734742.9,2
CONT_s2_dynamic_TearsOfSteel,1789353112.155,0.1028,77852,77,0,14217387.4,29677060.3,2
CONT_s2_dynamic_TearsOfSteel,1789353112.258,0.1027,77800,76,0,2656561.4,32823417.5,2
CONT_s2_dynamic_TearsOfSteel,1789353112.361,0.1028,77800,76,0,549790.3,35307490.3,2
CONT_s2_dynamic_TearsOfSteel,1789353112.464,0.1026,77852,77,0,143409.5,37944297.1,2
CONT_s2_dynamic_TearsOfSteel,1789353112.566,0.1027,78548,86,0,69535.9,39860740.5,2
CONT_s2_dynamic_TearsOfSteel,1789353112.669,0.1027,73868,95,0,3054994.9,42888188.0,2
CONT_s2_dynamic_TearsOfSteel,1789353112.772,0.1027,80164,102,1,3140500.5,46031152.8,2
CONT_s2_dynamic_TearsOfSteel,1789353112.875,0.1028,82892,106,0,3126968.5,53097444.2,2
CONT_s2_dynamic_TearsOfSteel,1789353112.977,0.1027,80860,98,2,1942805.2,43468393.8,2
CONT_s2_dynamic_TearsOfSteel,1789353113.08,0.1028,77800,76,0,224188.4,37291579.0,2
CONT_s2_dynamic_TearsOfSteel,1789353113.183,0.1029,77852,77,0,72369.6,39263274.3,2
CONT_s2_dynamic_TearsOfSteel,1789353113.286,0.1028,79564,98,0,97523.2,34148831.8,2
CONT_s2_dynamic_TearsOfSteel,1789353113.389,0.1028,80100,101,0,24737.6,31863030.5,2
CONT_s2_dynamic_TearsOfSteel,1789353113.491,0.1027,80172,102,1,68028.0,33316311.4,2
CONT_s2_dynamic_TearsOfSteel,1789353113.594,0.1026,79408,94,2,187904.6,18400525.3,2
CONT_s2_dynamic_TearsOfSteel,1789353113.697,0.1028,77800,76,0,39084.2,35291019.6,2
CONT_s2_dynamic_TearsOfSteel,1789353113.8,0.1028,76352,76,0,27567.6,37749517.4,2
CONT_s2_dynamic_TearsOfSteel,1789353113.902,0.1026,79232,95,0,30838.8,35358247.7,2
CONT_s2_dynamic_TearsOfSteel,1789353114.005,0.1027,79764,102,0,40466.5,29805423.6,2
CONT_s2_dynamic_TearsOfSteel,1789353114.108,0.1028,79004,92,1,64361.1,32454226.3,2
CONT_s2_dynamic_TearsOfSteel,1789353114.211,0.103,77852,77,0,32726.0,31298014.0,2
CONT_s2_dynamic_TearsOfSteel,1789353114.314,0.1029,77800,76,0,41995.7,33831255.7,2
CONT_s2_dynamic_TearsOfSteel,1789353114.416,0.1027,77852,77,0,35914.1,36773478.7,2
CONT_s2_dynamic_TearsOfSteel,1789353114.519,0.1028,77800,76,0,30669.0,39338886.6,2
CONT_s2_dynamic_TearsOfSteel,1789353114.622,0.1032,79176,94,0,70436.6,36723940.8,2
CONT_s2_dynamic_TearsOfSteel,1789353114.725,0.1029,80172,102,0,49703.0,31389468.0,2
CONT_s2_dynamic_TearsOfSteel,1789353114.828,0.1028,80100,101,1,84178.6,33698805.1,2
CONT_s2_dynamic_TearsOfSteel,1789353114.931,0.103,71992,91,2,466498.5,22724499.4,2
CONT_s2_dynamic_TearsOfSteel,1789353115.034,0.1029,11270,10,0,1895712.6,17999974.5,2
CONT_s2_dynamic_TearsOfSteel,1789353115.137,0.1029,76538,72,0,1191336.5,23025511.9,2
CONT_s2_dynamic_TearsOfSteel,1789353115.241,0.1039,24818,22,0,1640047.7,40281549.3,2
CONT_s2_dynamic_TearsOfSteel,1789353115.343,0.1027,0,0,0,0,0,0
CONT_s2_dynamic_TearsOfSteel,1789353115.446,0.1025,0,0,0,0,0,0
CONT_s2_dynamic_TearsOfSteel,1789353115.548,0.1026,0,0,0,0,0,0
CONT_s2_dynamic_TearsOfSteel,1789353115.651,0.1027,0,0,0,0,0,0
CONT_s2_dynamic_TearsOfSteel,1789353115.754,0.1034,0,0,0,0,0,0
CONT_s2_dynamic_TearsOfSteel,1789353115.857,0.1026,0,0,0,0,0,0
CONT_s2_dynamic_TearsOfSteel,1789353115.96,0.1026,15499,12,0,63518145.3,4429190.1,2
CONT_s2_dynamic_TearsOfSteel,1789353116.062,0.1026,83488,74,0,8746774.6,24698984.7,2
CONT_s2_dynamic_TearsOfSteel,1789353116.165,0.1028,77800,76,0,1944392.5,34276110.2,2
CONT_s2_dynamic_TearsOfSteel,1789353116.268,0.1027,77852,77,0,397028.8,36256920.9,2
CONT_s2_dynamic_TearsOfSteel,1789353116.37,0.1027,76300,75,0,105804.7,39936213.8,2
CONT_s2_dynamic_TearsOfSteel,1789353116.473,0.1027,72888,86,0,251167.4,39272809.2,2
CONT_s2_dynamic_TearsOfSteel,1789353116.576,0.1027,83316,106,0,3208045.5,43667287.4,2
CONT_s2_dynamic_TearsOfSteel,1789353116.679,0.1027,80036,102,1,3180400.0,48266565.8,2
CONT_s2_dynamic_TearsOfSteel,1789353116.781,0.1027,73508,94,0,3111441.0,54747777.0,2
CONT_s2_dynamic_TearsOfSteel,1789353116.884,0.1027,88084,100,2,994638.6,41467757.9,2
CONT_s2_dynamic_TearsOfSteel,1789353116.987,0.1026,77800,76,0,136170.2,37242069.3,2
CONT_s2_dynamic_TearsOfSteel,1789353117.089,0.1027,78080,80,0,140932.6,40426542.5,2
CONT_s2_dynamic_TearsOfSteel,1789353117.192,0.1027,78480,101,0,73882.6,32884386.5,2
CONT_s2_dynamic_TearsOfSteel,1789353117.295,0.1028,80172,102,0,50403.0,31837135.0,2
CONT_s2_dynamic_TearsOfSteel,1789353117.397,0.1027,80172,102,1,31973.0,34233427.4,2
CONT_s2_dynamic_TearsOfSteel,1789353117.5,0.1027,78692,86,2,98714.7,20895917.3,2
CONT_s2_dynamic_TearsOfSteel,1789353117.603,0.1027,77852,77,0,34436.1,36595556.3,2
CONT_s2_dynamic_TearsOfSteel,1789353117.706,0.1029,77864,77,0,90956.1,37750078.6,2
CONT_s2_dynamic_TearsOfSteel,1789353117.809,0.1028,79764,102,0,86640.0,33852555.7,2
CONT_s2_dynamic_TearsOfSteel,1789353117.911,0.1027,79700,101,0,73862.4,29853604.8,2
CONT_s2_dynamic_TearsOfSteel,1789353118.014,0.1026,78472,85,1,59017.2,32713793.8,2
CONT_s2_dynamic_TearsOfSteel,1789353118.117,0.1029,77852,77,0,48063.2,32490899.7,2
CONT_s2_dynamic_TearsOfSteel,1789353118.22,0.1028,77800,76,0,37838.8,35348569.4,2
CONT_s2_dynamic_TearsOfSteel,1789353118.322,0.1028,75848,73,0,1024075.2,39194520.4,2
CONT_s2_dynamic_TearsOfSteel,1789353118.425,0.1028,0,0,0,0,0,0
CONT_s2_dynamic_TearsOfSteel,1789353118.528,0.1028,0,0,0,0,0,0
CONT_s2_dynamic_TearsOfSteel,1789353118.633,0.1046,0,0,0,0,0,0
CONT_s2_dynamic_TearsOfSteel,1789353118.735,0.1027,42862,37,0,14226163.5,6760762.3,2
CONT_s2_dynamic_TearsOfSteel,1789353118.838,0.1027,58516,57,0,4103522.3,28541229.7,2
CONT_s2_dynamic_TearsOfSteel,1789353118.941,0.1026,0,0,0,0,0,0
CONT_s2_dynamic_TearsOfSteel,1789353119.043,0.1027,0,0,0,0,0,0
CONT_s2_dynamic_TearsOfSteel,1789353119.146,0.1028,0,0,0,0,0,0
CONT_s2_dynamic_TearsOfSteel,1789353119.25,0.1041,0,0,0,0,0,0
CONT_s2_dynamic_TearsOfSteel,1789353119.353,0.1027,0,0,0,0,0,0
CONT_s2_dynamic_TearsOfSteel,1789353119.455,0.1026,0,0,0,0,0,0
CONT_s2_dynamic_TearsOfSteel,1789353119.558,0.1026,0,0,0,0,0,0
CONT_s2_dynamic_TearsOfSteel,1789353119.661,0.1028,0,0,0,0,0,0
CONT_s2_dynamic_TearsOfSteel,1789353119.764,0.1027,0,0,0,0,0,0
CONT_s2_dynamic_TearsOfSteel,1789353119.866,0.1027,0,0,0,0,0,0
CONT_s2_dynamic_TearsOfSteel,1789353119.969,0.1026,0,0,0,0,0,0
CONT_s2_dynamic_TearsOfSteel,1789353120.071,0.1026,0,0,0,0,0,0
CONT_s2_dynamic_TearsOfSteel,1789353120.174,0.1028,0,0,0,0,0,0
CONT_s2_dynamic_TearsOfSteel,1789353120.277,0.1027,0,0,0,0,0,0
CONT_s2_dynamic_TearsOfSteel,1789353120.38,0.1027,48804,37,0,46565713.7,10303533.4,2
CONT_s2_dynamic_TearsOfSteel,1789353120.482,0.1026,77800,76,0,11261969.4,30776110.1,2
CONT_s2_dynamic_TearsOfSteel,1789353120.585,0.1027,77852,77,0,2081404.2,35762882.9,2
CONT_s2_dynamic_TearsOfSteel,1789353120.688,0.1028,77800,76,0,432651.7,37300145.1,2
CONT_s2_dynamic_TearsOfSteel,1789353120.791,0.1027,76352,76,0,138052.8,39886831.6,2
CONT_s2_dynamic_TearsOfSteel,1789353120.893,0.1026,75216,96,0,2207814.5,43480520.0,2
CONT_s2_dynamic_TearsOfSteel,1789353120.996,0.1026,81744,104,0,3234112.0,44537904.3,2
CONT_s2_dynamic_TearsOfSteel,1789353121.098,0.1026,81464,104,1,3177691.0,48807003.4,2
CONT_s2_dynamic_TearsOfSteel,1789353121.201,0.1028,75072,96,0,3128470.5,56853921.4,2
CONT_s2_dynamic_TearsOfSteel,1789353121.304,0.1028,84284,87,2,479732.1,32492070.7,2
CONT_s2_dynamic_TearsOfSteel,1789353121.407,0.1026,77852,77,0,110520.8,38709204.3,2
CONT_s2_dynamic_TearsOfSteel,1789353121.509,0.1026,77200,87,0,75725.4,39474933.6,2
CONT_s2_dynamic_TearsOfSteel,1789353121.612,0.1027,80116,102,0,56264.5,30794026.8,2
CONT_s2_dynamic_TearsOfSteel,1789353121.715,0.1028,80172,102,1,92474.0,33002988.2,2
CONT_s2_dynamic_TearsOfSteel,1789353121.817,0.1027,80172,102,0,78985.0,32377324.2,2
CONT_s2_dynamic_TearsOfSteel,1789353121.92,0.1026,77956,78,2,53551.2,18725917.7,2
CONT_s2_dynamic_TearsOfSteel,1789353122.023,0.1027,77800,76,0,41528.4,36576521.5,2
CONT_s2_dynamic_TearsOfSteel,1789353122.125,0.1027,77852,77,0,39420.4,39227529.0,2
CONT_s2_dynamic_TearsOfSteel,1789353122.228,0.1028,79380,96,0,81414.4,35954399.1,2
CONT_s2_dynamic_TearsOfSteel,1789353122.331,0.1027,78672,101,0,69457.3,31442529.8,2
CONT_s2_dynamic_TearsOfSteel,1789353122.433,0.1026,80172,102,1,77292.5,33822203.5,2
CONT_s2_dynamic_TearsOfSteel,1789353122.536,0.1026,79520,95,2,254638.2,20138701.6,2
CONT_s2_dynamic_TearsOfSteel,1789353122.639,0.1028,79352,78,0,39868.7,35256702.5,2
CONT_s2_dynamic_TearsOfSteel,1789353122.743,0.104,77800,76,0,48126.2,37936234.9,2
CONT_s2_dynamic_TearsOfSteel,1789353122.846,0.103,79144,94,0,65631.1,35745889.7,2
CONT_s2_dynamic_TearsOfSteel,1789353122.949,0.1027,78264,101,0,79164.6,29823629.2,2
CONT_s2_dynamic_TearsOfSteel,1789353123.051,0.1027,74448,87,2,1305459.6,28345539.9,2
CONT_s2_dynamic_TearsOfSteel,1789353123.154,0.1028,80124,65,0,3071927.1,17915272.4,2
CONT_s2_dynamic_TearsOfSteel,1789353123.257,0.1031,78520,62,0,3145674.0,21189680.3,2
CONT_s2_dynamic_TearsOfSteel,1789353123.36,0.1027,73968,58,0,3268086.9,22977878.9,2
CONT_s2_dynamic_TearsOfSteel,1789353123.463,0.1027,75572,61,0,3510090.9,27431496.3,2
CONT_s2_dynamic_TearsOfSteel,1789353123.565,0.1026,73968,58,0,3630018.0,31520534.1,2
CONT_s2_dynamic_TearsOfSteel,1789353123.668,0.1027,79968,62,0,3645599.5,34800124.7,2
CONT_s2_dynamic_TearsOfSteel,1789353123.771,0.1026,81364,61,0,3529078.6,37346097.3,2
CONT_s2_dynamic_TearsOfSteel,1789353123.873,0.1028,76864,58,0,3381642.1,39370364.5,2
CONT_s2_dynamic_TearsOfSteel,1789353123.976,0.1027,72416,56,0,3685901.1,40258932.1,2
CONT_s2_dynamic_TearsOfSteel,1789353124.079,0.1028,75936,68,0,2080682.0,32264761.2,2
CONT_s2_dynamic_TearsOfSteel,1789353124.182,0.103,77280,66,0,2485991.4,37362040.2,2
CONT_s2_dynamic_TearsOfSteel,1789353124.285,0.1028,81780,69,0,1053126.8,41934991.8,2
CONT_s2_dynamic_TearsOfSteel,1789353124.387,0.1028,77800,76,0,186336.9,30529150.5,2
CONT_s2_dynamic_TearsOfSteel,1789353124.49,0.1028,77852,77,0,57129.5,31805432.6,2
CONT_s2_dynamic_TearsOfSteel,1789353124.593,0.1029,77800,76,0,27441.1,33848022.0,2
CONT_s2_dynamic_TearsOfSteel,1789353124.696,0.1029,77852,77,0,28130.1,35254983.2,2
CONT_s2_dynamic_TearsOfSteel,1789353124.799,0.1029,77800,76,0,24741.5,33807762.9,2
CONT_s2_dynamic_TearsOfSteel,1789353124.902,0.1032,77852,77,0,44450.3,35263150.5,2
CONT_s2_dynamic_TearsOfSteel,1789353125.005,0.1028,77800,76,0,35381.1,37246260.5,2
CONT_s2_dynamic_TearsOfSteel,1789353125.108,0.1029,77852,77,0,39355.3,38251373.7,2
CONT_s2_dynamic_TearsOfSteel,1789353125.211,0.103,77800,76,0,39767.3,38538323.7,2
CONT_s2_dynamic_TearsOfSteel,1789353125.314,0.103,78589,77,0,917206.9,26657545.3,2
CONT_s2_dynamic_TearsOfSteel,1789353125.416,0.1027,77800,76,0,128716.0,39207889.2,2
CONT_s2_dynamic_TearsOfSteel,1789353125.519,0.1027,79932,102,0,81491.5,31845121.3,2
CONT_s2_dynamic_TearsOfSteel,1789353125.622,0.1028,80172,102,0,82227.5,29801290.0,2
CONT_s2_dynamic_TearsOfSteel,1789353125.725,0.1029,79892,102,1,69649.5,32453192.5,2
CONT_s2_dynamic_TearsOfSteel,1789353125.828,0.1028,78264,101,0,81395.7,33397392.8,2
CONT_s2_dynamic_TearsOfSteel,1789353125.93,0.1027,79764,102,0,64846.0,36331345.0,2
CONT_s2_dynamic_TearsOfSteel,1789353126.033,0.1029,73312,70,2,2575246.7,29920493.1,2
CONT_s2_dynamic_TearsOfSteel,1789353126.137,0.1033,81468,63,0,3139458.0,23279426.0,2
CONT_s2_dynamic_TearsOfSteel,1789353126.241,0.1042,73968,58,0,3199436.4,22467172.9,2
CONT_s2_dynamic_TearsOfSteel,1789353126.343,0.1027,72520,58,0,3463272.4,25703221.4,2
CONT_s2_dynamic_TearsOfSteel,1789353126.446,0.1027,80020,63,0,3534612.5,29820600.7,2
CONT_s2_dynamic_TearsOfSteel,1789353126.549,0.1026,79968,62,0,3455159.8,34073948.9,2
CONT_s2_dynamic_TearsOfSteel,1789353126.651,0.1027,72416,56,0,3539815.3,36512243.9,2
CONT_s2_dynamic_TearsOfSteel,1789353126.755,0.1031,82916,63,0,3450564.9,39200904.1,2
CONT_s2_dynamic_TearsOfSteel,1789353126.857,0.1027,73864,56,0,3423123.6,42220538.3,2
CONT_s2_dynamic_TearsOfSteel,1789353126.96,0.1027,67812,51,0,3446644.6,44205888.4,2
CONT_s2_dynamic_TearsOfSteel,1789353127.063,0.1028,84832,72,0,2140008.0,38995077.5,2
CONT_s2_dynamic_TearsOfSteel,1789353127.165,0.1028,82144,76,0,499385.9,33674475.9,2
CONT_s2_dynamic_TearsOfSteel,1789353127.268,0.1028,77800,76,0,115291.8,29818856.7,2
CONT_s2_dynamic_TearsOfSteel,1789353127.371,0.1027,77852,77,0,52795.1,31714469.1,2
CONT_s2_dynamic_TearsOfSteel,1789353127.474,0.1027,77800,76,0,46093.2,33284301.6,2
CONT_s2_dynamic_TearsOfSteel,1789353127.576,0.1028,77800,76,0,42516.2,35235242.6,2
CONT_s2_dynamic_TearsOfSteel,1789353127.679,0.1029,77852,77,0,40932.4,33746402.8,2
CONT_s2_dynamic_TearsOfSteel,1789353127.782,0.1027,77800,76,0,30912.7,34599429.7,2
CONT_s2_dynamic_TearsOfSteel,1789353127.885,0.1026,76352,76,0,33420.6,36221042.1,2
CONT_s2_dynamic_TearsOfSteel,1789353127.987,0.1026,77800,76,0,51009.4,37290497.5,2
CONT_s2_dynamic_TearsOfSteel,1789353128.09,0.1028,77852,77,0,43426.8,38716380.5,2
CONT_s2_dynamic_TearsOfSteel,1789353128.193,0.1029,77800,76,0,39231.1,38581423.3,2
CONT_s2_dynamic_TearsOfSteel,1789353128.296,0.1028,79033,93,0,30305308.1,37406220.5,3
CONT_s2_dynamic_TearsOfSteel,1789353128.399,0.1027,79828,103,0,64914.6,65502192.3,3
CONT_s2_dynamic_TearsOfSteel,1789353128.501,0.1028,69448,76,1,1615669.9,32531912.5,2
CONT_s2_dynamic_TearsOfSteel,1789353128.604,0.1027,76812,57,0,2933242.8,49225274.4,2
CONT_s2_dynamic_TearsOfSteel,1789353128.707,0.1027,82812,61,0,2980345.7,53725682.5,2
CONT_s2_dynamic_TearsOfSteel,1789353128.81,0.1028,77280,66,0,1539739.3,50396690.7,2
CONT_s2_dynamic_TearsOfSteel,1789353128.912,0.1026,80644,75,0,537479.5,41273879.1,2
CONT_s2_dynamic_TearsOfSteel,1789353129.015,0.1028,76504,78,0,152533.5,39173393.6,2
CONT_s2_dynamic_TearsOfSteel,1789353129.118,0.1026,80012,90,2,825829.7,16730686.5,2
CONT_s2_dynamic_TearsOfSteel,1789353129.221,0.1028,77852,77,0,106087.8,28494961.7,2
CONT_s2_dynamic_TearsOfSteel,1789353129.323,0.1028,529692,434,26,75052.2,2492724.6,2
CONT_s2_dynamic_TearsOfSteel,1789353129.427,0.1037,1136968,860,0,224477.1,328713.8,2
CONT_s2_dynamic_TearsOfSteel,1789353129.531,0.1039,37704,48,10,834181.5,72102995.1,2
CONT_s2_dynamic_TearsOfSteel,1789353129.634,0.103,45620,58,20,4358830.0,81522341.4,2
CONT_s2_dynamic_TearsOfSteel,1789353129.737,0.1027,36156,46,0,5755939.5,87108526.7,2
CONT_s2_dynamic_TearsOfSteel,1789353129.839,0.1027,49178,63,0,38402094.8,85786647.8,3
CONT_s2_dynamic_TearsOfSteel,1789353129.942,0.1027,47160,60,0,6224414.0,85772902.2,2
CONT_s2_dynamic_TearsOfSteel,1789353130.045,0.1027,44112,56,0,1816401.5,66719299.8,2
CONT_s2_dynamic_TearsOfSteel,1789353130.148,0.1028,44606,56,1,69195283.6,70691244.2,3
CONT_s2_dynamic_TearsOfSteel,1789353130.252,0.1042,42552,53,0,273875273.4,70757941.1,4
CONT_s2_dynamic_TearsOfSteel,1789353130.355,0.1027,42228,50,0,574656868.7,70642018.3,4
CONT_s2_dynamic_TearsOfSteel,1789353130.457,0.1028,43756,51,18,344430233.5,66258683.4,4
CONT_s2_dynamic_TearsOfSteel,1789353130.56,0.1027,42068,48,17,298064639.5,45552976.3,4
CONT_s2_dynamic_TearsOfSteel,1789353130.663,0.1028,41564,43,0,294419385.7,32036782.4,4
CONT_s2_dynamic_TearsOfSteel,1789353130.766,0.1028,42668,45,9,138422481.0,35496106.6,4
CONT_s2_dynamic_TearsOfSteel,1789353130.868,0.1027,44080,54,28,7105878.4,43506375.7,2
CONT_s2_dynamic_TearsOfSteel,1789353130.971,0.1029,39660,52,25,6203613.8,75275332.9,2
CONT_s2_dynamic_TearsOfSteel,1789353131.074,0.1028,45820,58,27,5733373.0,75776517.9,2
CONT_s2_dynamic_TearsOfSteel,1789353131.177,0.1029,37920,48,0,5217407.0,89381618.0,2
CONT_s2_dynamic_TearsOfSteel,1789353131.28,0.1028,45820,58,0,4036616.0,79737772.5,2
CONT_s2_dynamic_TearsOfSteel,1789353131.382,0.1027,47320,59,0,4047990.2,71547841.2,2
CONT_s2_dynamic_TearsOfSteel,1789353131.485,0.1027,42740,55,22,3220579.4,57497392.8,2
CONT_s2_dynamic_TearsOfSteel,1789353131.588,0.1027,34760,44,13,4829201.5,78869244.3,2
CONT_s2_dynamic_TearsOfSteel,1789353131.69,0.1027,48980,62,0,5952955.5,86449331.2,2
CONT_s2_dynamic_TearsOfSteel,1789353131.793,0.1027,41080,52,0,5978293.0,95671873.7,2
CONT_s2_dynamic_TearsOfSteel,1789353131.896,0.1026,47400,60,5,5831874.0,79383817.6,2
CONT_s2_dynamic_TearsOfSteel,1789353131.998,0.1027,42660,54,0,6253021.0,69331342.8,2
CONT_s2_dynamic_TearsOfSteel,1789353132.101,0.1027,34760,44,0,6273362.0,81747017.0,2
CONT_s2_dynamic_TearsOfSteel,1789353132.204,0.1028,50560,64,16,5046892.5,70426283.9,2
CONT_s2_dynamic_TearsOfSteel,1789353132.307,0.1027,39500,50,0,4196158.0,66654932.0,2
CONT_s2_dynamic_TearsOfSteel,1789353132.409,0.1026,48980,62,17,4819042.5,68563765.1,2
CONT_s2_dynamic_TearsOfSteel,1789353132.512,0.1026,34760,44,0,2939466.5,76366525.5,2
CONT_s2_dynamic_TearsOfSteel,1789353132.615,0.1026,48980,62,0,2542887.5,65787648.0,2
CONT_s2_dynamic_TearsOfSteel,1789353132.717,0.1028,45820,58,0,3042739.0,75413141.5,2
CONT_s2_dynamic_TearsOfSteel,1789353132.82,0.1027,39500,50,8,5458821.5,59091555.9,2
CONT_s2_dynamic_TearsOfSteel,1789353132.923,0.1025,47400,60,0,6086857.5,81820387.2,2
CONT_s2_dynamic_TearsOfSteel,1789353133.025,0.1026,36340,46,0,6139603.0,85629701.0,2
CONT_s2_dynamic_TearsOfSteel,1789353133.128,0.1027,48026,60,20,6870432.0,55400356.5,2
CONT_s2_dynamic_TearsOfSteel,1789353133.231,0.1028,44675,44,0,1888169.3,32887811.7,2
CONT_s2_dynamic_TearsOfSteel,1789353133.334,0.1028,40516,49,0,522044.3,50154370.1,2
CONT_s2_dynamic_TearsOfSteel,1789353133.436,0.1026,44144,56,3,5350189.5,59246502.6,2
CONT_s2_dynamic_TearsOfSteel,1789353133.539,0.1026,39300,50,0,6266169.0,68848475.2,2
CONT_s2_dynamic_TearsOfSteel,1789353133.641,0.1026,39300,50,0,6443749.0,70701947.2,2
CONT_s2_dynamic_TearsOfSteel,1789353133.745,0.1034,51436,60,1,6208400.5,68684328.5,2
CONT_s2_dynamic_TearsOfSteel,1789353133.848,0.1027,42612,60,0,6325856.5,75299591.0,2
CONT_s2_dynamic_TearsOfSteel,1789353133.95,0.1025,34408,44,0,6264137.0,80768991.0,2
CONT_s2_dynamic_TearsOfSteel,1789353134.053,0.1026,48484,62,0,6180694.5,85398068.2,2
CONT_s2_dynamic_TearsOfSteel,1789353134.155,0.1027,37536,48,0,6127504.0,88170929.7,2
CONT_s2_dynamic_TearsOfSteel,1789353134.258,0.1027,39100,50,0,6086572.5,93227558.7,2
CONT_s2_dynamic_TearsOfSteel,1789353134.361,0.1026,42228,54,0,5926273.0,97655449.7,2
CONT_s2_dynamic_TearsOfSteel,1789353134.463,0.1026,51612,66,0,4487066.0,94822423.8,2
CONT_s2_dynamic_TearsOfSteel,1789353134.566,0.1026,45588,58,5,5419608.5,79710527.5,2
CONT_s2_dynamic_TearsOfSteel,1789353134.669,0.103,42340,54,1,6060100.0,66995266.5,2
CONT_s2_dynamic_TearsOfSteel,1789353134.772,0.1028,42228,54,0,6311449.0,74524081.0,2
CONT_s2_dynamic_TearsOfSteel,1789353134.875,0.1028,41488,43,1,6520309.9,74629164.3,2
CONT_s2_dynamic_TearsOfSteel,1789353134.977,0.1027,33156,25,0,6330550.1,81590303.1,2
CONT_s2_dynamic_TearsOfSteel,1789353135.08,0.1027,49760,38,0,6536453.8,68038385.0,2
CONT_s2_dynamic_TearsOfSteel,1789353135.183,0.1033,43708,33,0,6245241.2,59091083.8,2
CONT_s2_dynamic_TearsOfSteel,1789353135.286,0.1027,37708,29,0,6485626.3,51457900.4,2
CONT_s2_dynamic_TearsOfSteel,1789353135.389,0.1027,40656,30,0,6049015.7,66542492.6,2
CONT_s2_dynamic_TearsOfSteel,1789353135.491,0.1026,43708,33,0,6221168.8,59856153.4,2
CONT_s2_dynamic_TearsOfSteel,1789353135.594,0.1026,30104,22,0,5906897.4,73835445.0,2
CONT_s2_dynamic_TearsOfSteel,1789353135.697,0.1027,45156,33,0,5756587.1,73795607.1,2
CONT_s2_dynamic_TearsOfSteel,1789353135.799,0.1027,47154,36,0,32627612.5,63685198.4,3
CONT_s2_dynamic_TearsOfSteel,1789353135.902,0.1026,45748,43,0,95615126.6,60900241.8,4
CONT_s2_dynamic_TearsOfSteel,1789353136.005,0.1026,40432,48,2,144593308.0,69702850.8,4
CONT_s2_dynamic_TearsOfSteel,1789353136.107,0.1027,43156,47,1,93237895.1,62968341.7,4
CONT_s2_dynamic_TearsOfSteel,1789353136.21,0.1029,36312,30,0,105928641.9,79618714.6,4
CONT_s2_dynamic_TearsOfSteel,1789353136.313,0.1027,40812,33,0,58243369.2,80478320.7,4
CONT_s2_dynamic_TearsOfSteel,1789353136.416,0.1026,44796,39,0,69708910.9,70482091.3,4
CONT_s2_dynamic_TearsOfSteel,1789353136.518,0.1026,43864,36,0,63999457.0,52706924.0,4
CONT_s2_dynamic_TearsOfSteel,1789353136.621,0.1026,41027,36,0,28238499.0,52640625.9,4
CONT_s2_dynamic_TearsOfSteel,1789353136.724,0.1028,42364,35,0,7873732.8,43863300.1,2
CONT_s2_dynamic_TearsOfSteel,1789353136.826,0.1028,39312,32,0,7437565.3,47511245.7,2
CONT_s2_dynamic_TearsOfSteel,1789353136.929,0.1026,40708,31,0,6704118.0,49438434.9,2
CONT_s2_dynamic_TearsOfSteel,1789353137.032,0.1027,42208,32,0,6372869.4,51348524.1,2
CONT_s2_dynamic_TearsOfSteel,1789353137.135,0.103,33208,26,0,6472252.9,47443837.0,2
CONT_s2_dynamic_TearsOfSteel,1789353137.237,0.1027,48208,36,0,6071193.0,58061849.4,2
CONT_s2_dynamic_TearsOfSteel,1789353137.34,0.1028,36156,27,0,5945494.3,59008281.4,2
CONT_s2_dynamic_TearsOfSteel,1789353137.443,0.1027,46708,35,0,5893774.1,57078811.7,2
CONT_s2_dynamic_TearsOfSteel,1789353137.546,0.1027,43708,33,0,6002044.5,56011219.9,2
CONT_s2_dynamic_TearsOfSteel,1789353137.648,0.1028,33208,26,0,6342685.5,66271239.9,2
CONT_s2_dynamic_TearsOfSteel,1789353137.752,0.104,49760,38,0,6527265.7,67074570.9,2
CONT_s2_dynamic_TearsOfSteel,1789353137.855,0.1027,34708,27,0,6786962.1,69900282.2,2
CONT_s2_dynamic_TearsOfSteel,1789353137.958,0.1027,45208,34,0,6586538.6,73999524.3,2
CONT_s2_dynamic_TearsOfSteel,1789353138.06,0.1027,40708,31,0,6816478.3,74949185.6,2
CONT_s2_dynamic_TearsOfSteel,1789353138.163,0.1027,39208,30,0,7027162.5,78636258.8,2
CONT_s2_dynamic_TearsOfSteel,1789353138.266,0.1027,33156,25,0,6961878.2,81174976.0,2
CONT_s2_dynamic_TearsOfSteel,1789353138.369,0.1027,49708,37,0,6634984.5,83268916.2,2
CONT_s2_dynamic_TearsOfSteel,1789353138.471,0.1027,45208,34,0,6753027.8,85161072.4,2
CONT_s2_dynamic_TearsOfSteel,1789353138.574,0.1027,33208,26,0,7097505.1,58748416.7,2
CONT_s2_dynamic_TearsOfSteel,1789353138.677,0.1028,48208,36,0,6428657.1,59150650.3,2
CONT_s2_dynamic_TearsOfSteel,1789353138.779,0.1027,34656,26,0,6329566.0,56534715.2,2
CONT_s2_dynamic_TearsOfSteel,1789353138.882,0.1026,48208,36,0,6097091.6,59229325.7,2
CONT_s2_dynamic_TearsOfSteel,1789353138.985,0.1027,42260,33,0,6589173.8,63725190.9,2
CONT_s2_dynamic_TearsOfSteel,1789353139.087,0.1026,30156,23,0,6649544.3,72871797.3,2
CONT_s2_dynamic_TearsOfSteel,1789353139.19,0.1028,40070,32,0,6556945.8,71682305.9,2
CONT_s2_dynamic_TearsOfSteel,1789353139.293,0.1027,45156,33,0,6047442.1,52674253.9,2
CONT_s2_dynamic_TearsOfSteel,1789353139.396,0.1027,45156,33,0,5852425.3,74163473.9,2
CONT_s2_dynamic_TearsOfSteel,1789353139.498,0.1028,47124,43,0,2581557.8,48750451.0,2
CONT_s2_dynamic_TearsOfSteel,1789353139.601,0.1027,42758,35,0,17409627.7,73073836.8,3
CONT_s2_dynamic_TearsOfSteel,1789353139.704,0.1027,41228,41,0,1318418.8,45705028.5,2
CONT_s2_dynamic_TearsOfSteel,1789353139.807,0.1027,42260,33,0,3939117.8,75973227.8,2
CONT_s2_dynamic_TearsOfSteel,1789353139.909,0.1027,41466,38,1,19488272.2,62574305.0,3
CONT_s2_dynamic_TearsOfSteel,1789353140.012,0.1026,31760,26,0,154516224.2,97641770.4,4
CONT_s2_dynamic_TearsOfSteel,1789353140.115,0.1026,43760,34,0,66201615.4,75567167.8,4
CONT_s2_dynamic_TearsOfSteel,1789353140.217,0.1028,46812,37,0,66544388.4,75147009.9,4
CONT_s2_dynamic_TearsOfSteel,1789353140.32,0.1027,36260,29,0,67209833.6,77830932.4,4
CONT_s2_dynamic_TearsOfSteel,1789353140.423,0.1026,46864,38,0,45017082.4,67610648.8,4
CONT_s2_dynamic_TearsOfSteel,1789353140.525,0.1026,37812,31,0,42919420.5,59282011.8,4
CONT_s2_dynamic_TearsOfSteel,1789353140.628,0.1027,45213,41,0,40070669.6,56206255.1,4
CONT_s2_dynamic_TearsOfSteel,1789353140.732,0.1038,43760,34,0,21090024.9,67584456.5,4
CONT_s2_dynamic_TearsOfSteel,1789353140.835,0.1027,34345,31,0,29845002.9,63752029.1,4
CONT_s2_dynamic_TearsOfSteel,1789353140.937,0.1026,48364,39,0,18194418.7,72544303.1,4
CONT_s2_dynamic_TearsOfSteel,1789353141.04,0.1027,39312,32,0,23927408.6,81087775.6,4
CONT_s2_dynamic_TearsOfSteel,1789353141.142,0.1026,39364,33,0,22292409.3,77993408.5,4
CONT_s2_dynamic_TearsOfSteel,1789353141.247,0.1042,45364,37,0,20030394.1,86305688.8,4
CONT_s2_dynamic_TearsOfSteel,1789353141.35,0.1028,42364,35,0,21353224.6,82724251.7,4
CONT_s2_dynamic_TearsOfSteel,1789353141.452,0.1026,33620,30,0,18293014.4,43595022.3,4
CONT_s2_dynamic_TearsOfSteel,1789353141.555,0.1026,40760,32,0,15563025.1,69418160.4,4
CONT_s2_dynamic_TearsOfSteel,1789353141.657,0.1028,46812,37,0,17220478.2,74154298.8,4
CONT_s2_dynamic_TearsOfSteel,1789353141.76,0.1027,42364,35,0,18069843.4,64204215.6,4
CONT_s2_dynamic_TearsOfSteel,1789353141.863,0.1026,39312,32,0,18659365.9,63313363.9,4
CONT_s2_dynamic_TearsOfSteel,1789353141.965,0.1027,42312,34,0,15917279.8,66264149.8,4
CONT_s2_dynamic_TearsOfSteel,1789353142.068,0.1027,41474,36,0,16999231.6,58513602.7,4
CONT_s2_dynamic_TearsOfSteel,1789353142.171,0.1027,45312,36,0,8838504.7,45762804.9,2
CONT_s2_dynamic_TearsOfSteel,1789353142.274,0.1028,39364,33,0,8013991.7,47600460.1,2
CONT_s2_dynamic_TearsOfSteel,1789353142.376,0.1026,42312,34,0,7444891.8,50807272.4,2
CONT_s2_dynamic_TearsOfSteel,1789353142.479,0.1027,37760,30,0,7278136.2,54381495.2,2
CONT_s2_dynamic_TearsOfSteel,1789353142.582,0.1027,36260,29,0,7368008.0,57298663.2,2
CONT_s2_dynamic_TearsOfSteel,1789353142.684,0.1027,51260,39,0,7195129.2,61513500.6,2
CONT_s2_dynamic_TearsOfSteel,1789353142.787,0.1028,39260,31,0,7046189.7,64376017.4,2
CONT_s2_dynamic_TearsOfSteel,1789353142.89,0.1026,34708,27,0,7015833.6,66284607.8,2
CONT_s2_dynamic_TearsOfSteel,1789353142.992,0.1027,49708,37,0,6650089.1,70256562.0,2
CONT_s2_dynamic_TearsOfSteel,1789353143.095,0.1026,37760,30,0,6849347.7,72840212.3,2
CONT_s2_dynamic_TearsOfSteel,1789353143.198,0.1028,42208,32,0,6594657.1,75650175.1,2
CONT_s2_dynamic_TearsOfSteel,1789353143.301,0.1027,31656,24,0,6511345.1,77387315.0,2
CONT_s2_dynamic_TearsOfSteel,1789353143.403,0.1027,46812,37,0,178547162.2,81340193.7,4
CONT_s2_dynamic_TearsOfSteel,1789353143.506,0.1027,43708,33,0,6430553.5,83448411.6,2
CONT_s2_dynamic_TearsOfSteel,1789353143.609,0.1027,45208,34,0,6471365.5,85320397.3,2
CONT_s2_dynamic_TearsOfSteel,1789353143.711,0.1029,41848,49,0,1789345.9,45528752.0,2
CONT_s2_dynamic_TearsOfSteel,1789353143.814,0.1027,33186,44,1,181315652.8,45770140.5,4
CONT_s2_dynamic_TearsOfSteel,1789353143.917,0.1027,48208,36,0,5714362.6,47666922.2,2
CONT_s2_dynamic_TearsOfSteel,1789353144.02,0.1026,43708,33,0,6013159.9,56318263.0,2
CONT_s2_dynamic_TearsOfSteel,1789353144.122,0.1026,39706,32,0,74371341.2,62854513.0,4
CONT_s2_dynamic_TearsOfSteel,1789353144.225,0.1028,40812,33,0,49004475.3,69266779.9,4
CONT_s2_dynamic_TearsOfSteel,1789353144.328,0.1028,42364,35,0,49768250.2,74065948.3,4
CONT_s2_dynamic_TearsOfSteel,1789353144.43,0.1026,40864,34,0,25463138.9,73772723.1,4
CONT_s2_dynamic_TearsOfSteel,1789353144.533,0.1026,40812,33,0,23726700.7,73579811.3,4
CONT_s2_dynamic_TearsOfSteel,1789353144.636,0.103,39307,32,0,15677112.6,64176533.3,4
CONT_s2_dynamic_TearsOfSteel,1789353144.74,0.1041,42260,33,0,7348000.5,58367766.1,2
CONT_s2_dynamic_TearsOfSteel,1789353144.843,0.1027,42260,33,0,6983605.4,60633989.7,2
CONT_s2_dynamic_TearsOfSteel,1789353144.945,0.1026,42260,33,0,6813857.3,64282365.5,2
CONT_s2_dynamic_TearsOfSteel,1789353145.048,0.1026,39208,30,0,6572624.9,67559050.8,2
CONT_s2_dynamic_TearsOfSteel,1789353145.151,0.1028,45260,35,0,6648545.4,70276525.3,2
CONT_s2_dynamic_TearsOfSteel,1789353145.255,0.1041,42208,32,0,6488089.6,73139065.8,2
CONT_s2_dynamic_TearsOfSteel,1789353145.358,0.1027,42208,32,0,6446584.1,75662904.1,2
CONT_s2_dynamic_TearsOfSteel,1789353145.461,0.1032,40708,31,0,6536474.2,78557575.4,2
CONT_s2_dynamic_TearsOfSteel,1789353145.563,0.1027,33156,25,0,6498049.9,81366335.3,2
CONT_s2_dynamic_TearsOfSteel,1789353145.666,0.1028,48208,36,0,6256755.8,83321504.0,2
CONT_s2_dynamic_TearsOfSteel,1789353145.769,0.1027,34656,26,0,6215990.4,85051931.3,2
CONT_s2_dynamic_TearsOfSteel,1789353145.872,0.1027,46708,35,0,6138994.9,73075974.1,2
CONT_s2_dynamic_TearsOfSteel,1789353145.974,0.1027,36156,27,0,6017737.8,59124469.2,2
CONT_s2_dynamic_TearsOfSteel,1789353146.077,0.1027,48208,36,0,5887129.2,58749568.8,2
CONT_s2_dynamic_TearsOfSteel,1789353146.18,0.1027,36156,27,0,5818361.9,58927356.0,2
CONT_s2_dynamic_TearsOfSteel,1789353146.282,0.1027,39208,30,0,6007888.6,57758823.9,2
CONT_s2_dynamic_TearsOfSteel,1789353146.385,0.1027,45260,35,0,6429706.9,71670274.5,2
CONT_s2_dynamic_TearsOfSteel,1789353146.488,0.1027,45208,34,0,6345138.8,74832867.9,2
CONT_s2_dynamic_TearsOfSteel,1789353146.59,0.1026,42156,31,0,6475995.5,77850551.9,2
CONT_s2_dynamic_TearsOfSteel,1789353146.693,0.1029,39260,31,0,6992072.3,78390925.9,2
CONT_s2_dynamic_TearsOfSteel,1789353146.796,0.1028,33156,25,0,6860398.0,81412227.7,2
CONT_s2_dynamic_TearsOfSteel,1789353146.899,0.1027,48208,36,0,6661113.2,81261265.9,2
CONT_s2_dynamic_TearsOfSteel,1789353147.002,0.1028,34656,26,0,6627293.0,83890753.9,2
CONT_s2_dynamic_TearsOfSteel,1789353147.104,0.1027,45208,34,0,6706596.5,85301460.5,2
CONT_s2_dynamic_TearsOfSteel,1789353147.207,0.1028,43708,33,0,6768753.2,85127451.5,2
CONT_s2_dynamic_TearsOfSteel,1789353147.31,0.1028,36156,27,0,6638134.2,86386884.5,2
CONT_s2_dynamic_TearsOfSteel,1789353147.413,0.1027,46812,37,0,7126984.4,48938024.9,2
CONT_s2_dynamic_TearsOfSteel,1789353147.515,0.1028,39208,30,0,6924709.4,62603399.6,2
CONT_s2_dynamic_TearsOfSteel,1789353147.618,0.1027,40760,32,0,7322390.3,66171542.6,2
CONT_s2_dynamic_TearsOfSteel,1789353147.721,0.1029,37656,28,0,6713372.1,65074718.7,2
CONT_s2_dynamic_TearsOfSteel,1789353147.824,0.1028,40656,30,0,6322052.4,66427818.0,2
CONT_s2_dynamic_TearsOfSteel,1789353147.926,0.1026,40656,30,0,6129445.9,66115088.9,2
CONT_s2_dynamic_TearsOfSteel,1789353148.03,0.1037,40656,30,0,5984889.0,66483773.9,2
CONT_s2_dynamic_TearsOfSteel,1789353148.134,0.1042,40656,30,0,5868013.9,66400523.1,2
CONT_s2_dynamic_TearsOfSteel,1789353148.237,0.1027,40656,30,0,5774817.9,66406005.2,2
CONT_s2_dynamic_TearsOfSteel,1789353148.34,0.1028,54208,40,0,5683782.8,66434867.0,2
CONT_s2_dynamic_TearsOfSteel,1789353148.442,0.1027,40656,30,0,5623177.6,66746519.1,2
CONT_s2_dynamic_TearsOfSteel,1789353148.545,0.1027,40656,30,0,5577856.0,66396309.4,2
CONT_s2_dynamic_TearsOfSteel,1789353148.648,0.1027,40656,30,0,5539283.3,66483567.9,2
CONT_s2_dynamic_TearsOfSteel,1789353148.752,0.1041,40656,30,0,5500829.8,66522197.5,2
CONT_s2_dynamic_TearsOfSteel,1789353148.855,0.1026,40656,30,0,5477593.5,66398453.9,2
CONT_s2_dynamic_TearsOfSteel,1789353148.957,0.1027,32423,26,0,5611213.5,34200607.0,2
CONT_s2_dynamic_TearsOfSteel,1789353149.06,0.1027,54602,40,0,16083950.4,66442785.5,3
CONT_s2_dynamic_TearsOfSteel,1789353149.163,0.1028,33208,26,0,110750900.3,72217337.3,4
CONT_s2_dynamic_TearsOfSteel,1789353149.265,0.1028,48260,37,0,89915484.0,79905672.9,4
CONT_s2_dynamic_TearsOfSteel,1789353149.368,0.1028,37760,30,0,115481855.3,84746416.6,4
CONT_s2_dynamic_TearsOfSteel,1789353149.471,0.1026,33208,26,0,71796997.2,76620684.0,4
CONT_s2_dynamic_TearsOfSteel,1789353149.573,0.1026,46760,36,0,47637251.1,81205234.9,4
CONT_s2_dynamic_TearsOfSteel,1789353149.676,0.1027,48260,37,0,43236543.0,83907419.8,4
CONT_s2_dynamic_TearsOfSteel,1789353149.779,0.1028,40812,33,0,64139219.0,81940269.5,4
CONT_s2_dynamic_TearsOfSteel,1789353149.882,0.1026,31656,24,0,28147228.1,85398983.8,4
CONT_s2_dynamic_TearsOfSteel,1789353149.984,0.1027,46760,36,0,28582129.7,78420806.9,4
CONT_s2_dynamic_TearsOfSteel,1789353150.087,0.1026,41044,32,0,16065424.3,72145812.6,4
CONT_s2_dynamic_TearsOfSteel,1789353150.19,0.1028,40656,30,0,6260999.2,66528801.3,2
CONT_s2_dynamic_TearsOfSteel,1789353150.292,0.1028,40656,30,0,6068870.2,66264146.5,2
CONT_s2_dynamic_TearsOfSteel,1789353150.395,0.1026,40656,30,0,5948358.9,66273900.2,2
CONT_s2_dynamic_TearsOfSteel,1789353150.498,0.1027,40656,30,0,5840390.4,66628163.1,2
CONT_s2_dynamic_TearsOfSteel,1789353150.6,0.1027,40656,30,0,5757566.4,66483891.7,2
CONT_s2_dynamic_TearsOfSteel,1789353150.703,0.1028,40656,30,0,5679429.9,66453429.8,2
CONT_s2_dynamic_TearsOfSteel,1789353150.806,0.1027,40656,30,0,5627674.3,66298645.1,2
CONT_s2_dynamic_TearsOfSteel,1789353150.909,0.1027,40656,30,0,5582015.1,66241377.6,2
CONT_s2_dynamic_TearsOfSteel,1789353151.011,0.1025,40656,30,0,5539002.5,66348211.6,2
CONT_s2_dynamic_TearsOfSteel,1789353151.114,0.1027,40656,30,0,5505727.0,66433422.1,2
CONT_s2_dynamic_TearsOfSteel,1789353151.217,0.1028,40656,30,0,5482879.8,66588486.2,2
CONT_s2_dynamic_TearsOfSteel,1789353151.319,0.1027,40812,33,0,30228677.6,66472641.8,4
CONT_s2_dynamic_TearsOfSteel,1789353151.422,0.1027,40656,30,0,5443130.3,66516490.3,2
CONT_s2_dynamic_TearsOfSteel,1789353151.525,0.1026,40656,30,0,5421476.8,66298606.4,2
CONT_s2_dynamic_TearsOfSteel,1789353151.627,0.1026,54156,39,0,5522295.3,66545866.6,2
CONT_s2_dynamic_TearsOfSteel,1789353151.731,0.104,40708,31,0,5253886.5,66228472.3,2
CONT_s2_dynamic_TearsOfSteel,1789353151.834,0.1028,40656,30,0,5389468.4,66287085.6,2
CONT_s2_dynamic_TearsOfSteel,1789353151.937,0.1027,40656,30,0,5378986.0,66476499.1,2
CONT_s2_dynamic_TearsOfSteel,1789353152.039,0.1027,40656,30,0,5375713.5,66401596.6,2
CONT_s2_dynamic_TearsOfSteel,1789353152.142,0.1029,40656,30,0,5369462.6,66267989.6,2
CONT_s2_dynamic_TearsOfSteel,1789353152.247,0.1046,40656,30,0,5368074.9,66353214.1,2
CONT_s2_dynamic_TearsOfSteel,1789353152.35,0.1027,40656,30,0,5370257.1,66556984.0,2
CONT_s2_dynamic_TearsOfSteel,1789353152.452,0.1026,40656,30,0,5362518.0,66468289.5,2
CONT_s2_dynamic_TearsOfSteel,1789353152.555,0.1026,40656,30,0,5361082.8,66706571.1,2
CONT_s2_dynamic_TearsOfSteel,1789353152.658,0.1028,40656,30,0,5361518.0,66327941.6,2
CONT_s2_dynamic_TearsOfSteel,1789353152.76,0.1027,40656,30,0,5360671.7,66540917.1,2
CONT_s2_dynamic_TearsOfSteel,1789353152.863,0.1026,40656,30,0,5362253.3,66200778.2,2
CONT_s2_dynamic_TearsOfSteel,1789353152.966,0.1026,40656,30,0,5364151.9,66355661.0,2
CONT_s2_dynamic_TearsOfSteel,1789353153.068,0.1027,40656,30,0,5360800.2,66421094.7,2
CONT_s2_dynamic_TearsOfSteel,1789353153.171,0.1027,40656,30,0,5362976.9,66511029.4,2
CONT_s2_dynamic_TearsOfSteel,1789353153.274,0.1027,40656,30,0,5358290.9,66134530.0,2
CONT_s2_dynamic_TearsOfSteel,1789353153.376,0.1026,40656,30,0,5359550.5,66496153.3,2
CONT_s2_dynamic_TearsOfSteel,1789353153.479,0.1026,40656,30,0,5359240.6,66471750.2,2
CONT_s2_dynamic_TearsOfSteel,1789353153.581,0.1027,40656,30,0,5358199.7,66328531.0,2
CONT_s2_dynamic_TearsOfSteel,1789353153.684,0.1027,47142,44,0,3860927.8,27268549.7,4
CONT_s2_dynamic_TearsOfSteel,1789353153.787,0.1029,46980,40,0,2155777.3,51420812.8,2
CONT_s2_dynamic_TearsOfSteel,1789353153.89,0.1027,43976,55,5,2262624.6,46987784.4,2
CONT_s2_dynamic_TearsOfSteel,1789353153.993,0.1028,42576,56,10,4264426.3,74498292.6,3
CONT_s2_dynamic_TearsOfSteel,1789353154.096,0.1029,33771,48,6,4708005.6,48389261.6,6
CONT_s2_dynamic_TearsOfSteel,1789353154.199,0.1033,48892,48,0,9701469.9,69261081.3,6
CONT_s2_dynamic_TearsOfSteel,1789353154.302,0.1032,40208,46,5,12412180.8,75474189.2,6
CONT_s2_dynamic_TearsOfSteel,1789353154.405,0.1032,45828,45,1,16617691.3,76278029.5,6
CONT_s2_dynamic_TearsOfSteel,1789353154.508,0.1032,39520,36,0,19861297.9,85593066.7,6
CONT_s2_dynamic_TearsOfSteel,1789353154.612,0.1034,39468,35,0,18237596.1,86012515.8,6
CONT_s2_dynamic_TearsOfSteel,1789353154.715,0.1033,47020,41,0,20746152.0,89879761.5,6
CONT_s2_dynamic_TearsOfSteel,1789353154.818,0.1032,37968,34,0,24184367.2,95646775.5,6
CONT_s2_dynamic_TearsOfSteel,1789353154.922,0.1032,39148,34,0,17688704.4,82447783.2,6
CONT_s2_dynamic_TearsOfSteel,1789353155.025,0.1032,43916,37,0,18436732.1,76318760.4,4
CONT_s2_dynamic_TearsOfSteel,1789353155.129,0.1038,40864,34,0,14925345.8,75063836.1,4
CONT_s2_dynamic_TearsOfSteel,1789353155.233,0.1043,48364,39,0,17064521.1,82887726.2,4
CONT_s2_dynamic_TearsOfSteel,1789353155.336,0.1033,39364,33,0,16430683.4,79968649.3,4
CONT_s2_dynamic_TearsOfSteel,1789353155.439,0.1031,36312,30,0,15905147.3,83659993.6,4
CONT_s2_dynamic_TearsOfSteel,1789353155.542,0.1032,46812,37,0,13912841.0,86507285.0,4
CONT_s2_dynamic_TearsOfSteel,1789353155.646,0.1035,36312,30,0,22114164.2,92340911.4,4
CONT_s2_dynamic_TearsOfSteel,1789353155.751,0.1047,48364,39,0,14626783.0,74016710.8,4
CONT_s2_dynamic_TearsOfSteel,1789353155.854,0.1032,42416,36,0,20284791.4,78575543.7,4
CONT_s2_dynamic_TearsOfSteel,1789353155.957,0.1032,37812,31,0,16087920.3,76602313.3,4
CONT_s2_dynamic_TearsOfSteel,1789353156.06,0.1032,45364,37,0,14370747.7,78292941.4,4
CONT_s2_dynamic_TearsOfSteel,1789353156.163,0.1033,37864,32,0,21734071.0,86731569.4,4
CONT_s2_dynamic_TearsOfSteel,1789353156.267,0.1032,40812,33,0,15769385.5,83061561.5,4
CONT_s2_dynamic_TearsOfSteel,1789353156.37,0.1033,39312,32,0,15800309.6,84927752.2,4
CONT_s2_dynamic_TearsOfSteel,1789353156.473,0.1031,46864,38,0,17952420.6,91024545.6,4
CONT_s2_dynamic_TearsOfSteel,1789353156.576,0.1032,37812,31,0,19535155.3,89674280.7,4
CONT_s2_dynamic_TearsOfSteel,1789353156.68,0.1033,45312,36,0,15605563.8,90555613.8,4
CONT_s2_dynamic_TearsOfSteel,1789353156.783,0.1032,36416,32,0,22774432.5,69451207.2,4
CONT_s2_dynamic_TearsOfSteel,1789353156.886,0.1031,41703,38,0,24718629.5,59008686.7,5
CONT_s2_dynamic_TearsOfSteel,1789353156.989,0.1032,43864,36,0,54199998.5,62133451.8,6
CONT_s2_dynamic_TearsOfSteel,1789353157.092,0.1032,45416,38,0,46028823.6,81810838.1,6
CONT_s2_dynamic_TearsOfSteel,1789353157.196,0.1033,44072,40,0,62616681.8,90222313.8,6
CONT_s2_dynamic_TearsOfSteel,1789353157.299,0.1033,41072,38,0,52591957.2,78183012.0,6
CONT_s2_dynamic_TearsOfSteel,1789353157.402,0.1032,40968,36,0,32866039.9,86348927.2,6
CONT_s2_dynamic_TearsOfSteel,1789353157.505,0.1032,40968,36,0,33117829.0,89356423.0,6
CONT_s2_dynamic_TearsOfSteel,1789353157.608,0.1033,41020,37,0,40295772.5,93225440.0,6
CONT_s2_dynamic_TearsOfSteel,1789353157.712,0.1033,40916,35,0,28571414.0,89460413.6,6
CONT_s2_dynamic_TearsOfSteel,1789353157.815,0.1033,43953,38,0,23302995.7,87850305.1,6
CONT_s2_dynamic_TearsOfSteel,1789353157.918,0.1032,42364,35,0,18397662.5,71218251.1,4
CONT_s2_dynamic_TearsOfSteel,1789353158.022,0.1032,36364,31,0,21455504.1,81659212.5,4
CONT_s2_dynamic_TearsOfSteel,1789353158.125,0.1033,43864,36,0,15144771.8,78646123.0,4
CONT_s2_dynamic_TearsOfSteel,1789353158.228,0.1033,43812,35,0,14362931.0,82669716.8,4
CONT_s2_dynamic_TearsOfSteel,1789353158.331,0.1033,39404,34,0,21967030.5,92590807.1,4
CONT_s2_dynamic_TearsOfSteel,1789353158.435,0.1032,43708,33,0,12635523.2,88072642.9,3
CONT_s2_dynamic_TearsOfSteel,1789353158.538,0.1032,34708,27,0,8172508.8,77777020.7,2
CONT_s2_dynamic_TearsOfSteel,1789353158.641,0.1032,43708,33,0,7341442.5,74090092.8,2
CONT_s2_dynamic_TearsOfSteel,1789353158.746,0.1047,48260,37,0,7463479.2,76309283.4,2
CONT_s2_dynamic_TearsOfSteel,1789353158.849,0.1033,40812,33,0,5998262.8,69275676.4,2
CONT_s2_dynamic_TearsOfSteel,1789353158.952,0.1032,37968,34,0,4908600.2,62348952.3,2
CONT_s2_dynamic_TearsOfSteel,1789353159.055,0.1032,45572,41,0,2762416.4,63317187.7,2
CONT_s2_dynamic_TearsOfSteel,1789353159.159,0.1033,37916,33,0,3587689.4,66277891.0,2
CONT_s2_dynamic_TearsOfSteel,1789353159.262,0.1034,42208,32,0,5787973.4,54327492.0,2
CONT_s2_dynamic_TearsOfSteel,1789353159.365,0.1033,37656,28,0,5912201.5,60058613.3,2
CONT_s2_dynamic_TearsOfSteel,1789353159.469,0.1033,40656,30,0,5793744.8,66596314.9,2
CONT_s2_dynamic_TearsOfSteel,1789353159.572,0.1032,40656,30,0,5712525.5,66691600.8,2
CONT_s2_dynamic_TearsOfSteel,1789353159.675,0.1032,42208,32,0,6028886.9,61272037.4,2
CONT_s2_dynamic_TearsOfSteel,1789353159.778,0.1033,45208,34,0,6104976.4,73734026.2,2
CONT_s2_dynamic_TearsOfSteel,1789353159.882,0.1032,39208,30,0,6504905.0,76909460.9,2
CONT_s2_dynamic_TearsOfSteel,1789353159.985,0.1032,48364,39,0,5427517.5,70934282.4,2
CONT_s2_dynamic_TearsOfSteel,1789353160.088,0.1033,39468,35,0,4200345.8,62627219.4,2
CONT_s2_dynamic_TearsOfSteel,1789353160.191,0.1034,33156,25,0,5698603.1,81659683.4,2
CONT_s2_dynamic_TearsOfSteel,1789353160.295,0.1033,53176,48,0,2288512.2,60093804.8,2
CONT_s2_dynamic_TearsOfSteel,1789353160.398,0.1032,30312,26,0,3530042.5,85096203.6,2
CONT_s2_dynamic_TearsOfSteel,1789353160.501,0.1034,53176,48,0,1784487.8,61649144.4,2
CONT_s2_dynamic_TearsOfSteel,1789353160.604,0.103,37864,32,0,4332164.4,72107443.1,2
CONT_s2_dynamic_TearsOfSteel,1789353160.708,0.1033,36156,27,0,5628996.0,55300132.9,2
CONT_s2_dynamic_TearsOfSteel,1789353160.811,0.1032,49760,38,0,6223446.6,55152470.4,2
CONT_s2_dynamic_TearsOfSteel,1789353160.914,0.1032,39156,29,0,5990070.9,63881710.4,2
CONT_s2_dynamic_TearsOfSteel,1789353161.017,0.1032,42208,32,0,6181651.6,61562705.1,2
CONT_s2_dynamic_TearsOfSteel,1789353161.12,0.1032,40656,30,0,5906824.6,65148821.0,2
CONT_s2_dynamic_TearsOfSteel,1789353161.224,0.1033,36555,28,0,6133864.6,65455442.2,2
CONT_s2_dynamic_TearsOfSteel,1789353161.327,0.1032,48654,37,0,58347704.1,52025463.0,4
CONT_s2_dynamic_TearsOfSteel,1789353161.43,0.1032,34708,27,0,55287801.0,69194439.4,4
CONT_s2_dynamic_TearsOfSteel,1789353161.533,0.1032,48364,39,0,88101528.1,66429692.9,4
CONT_s2_dynamic_TearsOfSteel,1789353161.637,0.1035,39364,33,0,73683454.0,78488112.0,4
CONT_s2_dynamic_TearsOfSteel,1789353161.74,0.1034,43864,36,0,55350138.7,82219491.3,4
CONT_s2_dynamic_TearsOfSteel,1789353161.844,0.1035,40864,34,0,48260007.7,80225477.5,4
CONT_s2_dynamic_TearsOfSteel,1789353161.947,0.1032,39312,32,0,32943644.0,83223054.2,4
CONT_s2_dynamic_TearsOfSteel,1789353162.05,0.1033,46812,37,0,30373615.8,88195722.4,4
CONT_s2_dynamic_TearsOfSteel,1789353162.153,0.1032,36364,31,0,40306563.5,88424002.8,4
CONT_s2_dynamic_TearsOfSteel,1789353162.257,0.1033,45445,36,0,9040938.4,79183039.4,3
CONT_s2_dynamic_TearsOfSteel,1789353162.36,0.1032,42260,33,0,11744556.6,72223381.9,3
CONT_s2_dynamic_TearsOfSteel,1789353162.463,0.1034,40708,31,0,6673627.3,76000633.4,2
CONT_s2_dynamic_TearsOfSteel,1789353162.567,0.1033,40708,31,0,6617013.8,77850813.1,2
CONT_s2_dynamic_TearsOfSteel,1789353162.67,0.1033,33156,25,0,6591961.5,81594294.5,2
CONT_s2_dynamic_TearsOfSteel,1789353162.773,0.1034,51468,43,0,3810312.0,66872179.3,2
CONT_s2_dynamic_TearsOfSteel,1789353162.877,0.1032,32020,31,0,1713569.5,47649567.0,2
CONT_s2_dynamic_TearsOfSteel,1789353162.98,0.1032,49916,41,0,3280747.5,77454867.8,2
CONT_s2_dynamic_TearsOfSteel,1789353163.083,0.1033,39100,50,0,6003547.0,70601658.2,2
CONT_s2_dynamic_TearsOfSteel,1789353163.186,0.1034,43320,49,1,6792608.3,43739632.1,2
CONT_s2_dynamic_TearsOfSteel,1789353163.29,0.1032,36156,27,0,6147982.6,58812385.3,2
CONT_s2_dynamic_TearsOfSteel,1789353163.393,0.1032,46708,35,0,6087898.1,57078053.8,2
CONT_s2_dynamic_TearsOfSteel,1789353163.496,0.1034,39208,30,0,6300579.5,58848323.9,2
CONT_s2_dynamic_TearsOfSteel,1789353163.599,0.1032,48208,36,0,6181421.8,63749393.5,2
CONT_s2_dynamic_TearsOfSteel,1789353163.703,0.1034,42208,32,0,6419282.4,57595928.4,2
CONT_s2_dynamic_TearsOfSteel,1789353163.806,0.1033,30156,23,0,6598367.4,66389791.2,2
CONT_s2_dynamic_TearsOfSteel,1789353163.909,0.1031,46708,35,0,6517428.7,76751768.7,2
CONT_s2_dynamic_TearsOfSteel,1789353164.013,0.1033,46968,40,0,5337863.5,68029121.3,2
CONT_s2_dynamic_TearsOfSteel,1789353164.116,0.1032,42520,38,0,2650514.6,53760424.5,2
CONT_s2_dynamic_TearsOfSteel,1789353164.219,0.1034,42312,34,0,4835415.6,73063601.3,2
CONT_s2_dynamic_TearsOfSteel,1789353164.322,0.1032,41228,41,0,1525917.3,45612081.9,2
CONT_s2_dynamic_TearsOfSteel,1789353164.426,0.1034,42260,33,0,4452340.9,75962407.0,2
CONT_s2_dynamic_TearsOfSteel,1789353164.529,0.1038,41228,41,0,1334026.3,45657124.5,2
CONT_s2_dynamic_TearsOfSteel,1789353164.634,0.1049,39208,30,0,4980768.8,64125661.7,2
CONT_s2_dynamic_TearsOfSteel,1789353164.738,0.1033,36156,27,0,5749092.7,58968133.0,2
CONT_s2_dynamic_TearsOfSteel,1789353164.841,0.1032,48260,37,0,6328840.0,54151398.4,2
CONT_s2_dynamic_TearsOfSteel,1789353164.944,0.1032,33208,26,0,6751578.0,67817729.5,2
CONT_s2_dynamic_TearsOfSteel,1789353165.047,0.1033,51260,39,0,6773543.4,70381391.4,2
CONT_s2_dynamic_TearsOfSteel,1789353165.151,0.1034,37708,29,0,6862900.2,74084925.5,2
CONT_s2_dynamic_TearsOfSteel,1789353165.255,0.1041,45208,34,0,6566386.6,74988235.0,2
CONT_s2_dynamic_TearsOfSteel,1789353165.358,0.1032,40708,31,0,6806496.4,77604673.9,2
CONT_s2_dynamic_TearsOfSteel,1789353165.461,0.1032,40708,31,0,6866646.7,78618133.1,2
CONT_s2_dynamic_TearsOfSteel,1789353165.565,0.1032,33156,25,0,6802257.8,81320563.2,2
CONT_s2_dynamic_TearsOfSteel,1789353165.668,0.1033,48208,36,0,6537312.3,81369208.5,2
CONT_s2_dynamic_TearsOfSteel,1789353165.771,0.1033,46997,47,0,10379485.5,31787247.4,3
CONT_s2_dynamic_TearsOfSteel,1789353165.875,0.1033,41020,37,0,127714335.9,69429434.5,4
CONT_s2_dynamic_TearsOfSteel,1789353165.978,0.1032,40812,33,0,63796033.5,78216958.4,4
CONT_s2_dynamic_TearsOfSteel,1789353166.081,0.1037,43812,35,0,60926816.8,87451546.3,4
CONT_s2_dynamic_TearsOfSteel,1789353166.185,0.1033,36364,31,0,71995010.6,85661961.2,4
CONT_s2_dynamic_TearsOfSteel,1789353166.288,0.1034,39312,32,0,38947604.2,87497871.7,4
CONT_s2_dynamic_TearsOfSteel,1789353166.391,0.1031,45312,36,0,31410393.5,88201406.2,4
CONT_s2_dynamic_TearsOfSteel,1789353166.494,0.1032,40864,34,0,46613321.7,93342423.9,4
CONT_s2_dynamic_TearsOfSteel,1789353166.598,0.1032,36260,29,0,28399518.0,68482747.8,4
CONT_s2_dynamic_TearsOfSteel,1789353166.701,0.1034,45170,36,0,13419699.5,55122069.5,4
CONT_s2_dynamic_TearsOfSteel,1789353166.804,0.1033,36156,27,0,6295899.0,59014169.9,2
CONT_s2_dynamic_TearsOfSteel,1789353166.908,0.1033,48208,36,0,5997058.4,58938359.9,2
CONT_s2_dynamic_TearsOfSteel,1789353167.011,0.1033,40708,31,0,6146311.5,54287036.5,2
CONT_s2_dynamic_TearsOfSteel,1789353167.114,0.1032,46708,35,0,5973222.6,61522650.5,2
CONT_s2_dynamic_TearsOfSteel,1789353167.217,0.1034,40656,30,0,5770836.8,66514484.5,2
CONT_s2_dynamic_TearsOfSteel,1789353167.321,0.1033,40656,30,0,5688533.9,66366660.0,2
CONT_s2_dynamic_TearsOfSteel,1789353167.424,0.1033,178944,151,14,347680.8,12855418.0,2
CONT_s2_dynamic_TearsOfSteel,1789353167.528,0.1035,27633,25,0,278944.6,100650.3,2
CONT_s2_dynamic_TearsOfSteel,1789353167.633,0.1058,13998,11,0,15905123.9,563082.5,2
CONT_s2_dynamic_TearsOfSteel,1789353167.737,0.1032,42156,31,0,8288302.7,65729310.2,2
CONT_s2_dynamic_TearsOfSteel,1789353167.84,0.1033,12370,10,0,7550670.9,60931778.9,2
CONT_s2_dynamic_TearsOfSteel,1789353167.943,0.1032,0,0,0,0,0,0
CONT_s2_dynamic_TearsOfSteel,1789353168.046,0.1032,0,0,0,0,0,0
CONT_s2_dynamic_TearsOfSteel,1789353168.149,0.1032,0,0,0,0,0,0
CONT_s2_dynamic_TearsOfSteel,1789353168.253,0.104,0,0,0,0,0,0
CONT_s2_dynamic_TearsOfSteel,1789353168.357,0.1032,0,0,0,0,0,0
CONT_s2_dynamic_TearsOfSteel,1789353168.46,0.1032,17197,14,0,59407639.9,491629.6,2
CONT_s2_dynamic_TearsOfSteel,1789353168.563,0.1033,48208,36,0,18416995.7,47096902.4,2
CONT_s2_dynamic_TearsOfSteel,1789353168.666,0.1034,48208,36,0,12597384.4,59530253.3,2
CONT_s2_dynamic_TearsOfSteel,1789353168.77,0.1034,28708,23,0,13549445.5,58184593.6,2
CONT_s2_dynamic_TearsOfSteel,1789353168.873,0.1033,52760,40,0,10099515.5,71130488.0,2
CONT_s2_dynamic_TearsOfSteel,1789353168.976,0.1033,23270,18,0,8914040.6,74060442.9,2
CONT_s2_dynamic_TearsOfSteel,1789353169.08,0.1033,0,0,0,0,0,0
CONT_s2_dynamic_TearsOfSteel,1789353169.183,0.1033,0,0,0,0,0,0
CONT_s2_dynamic_TearsOfSteel,1789353169.286,0.1032,29050,22,0,23892367.3,15714689.0,2
CONT_s2_dynamic_TearsOfSteel,1789353169.39,0.1032,39491,30,0,12243321.6,64274309.4,2
CONT_s2_dynamic_TearsOfSteel,1789353169.493,0.1032,0,0,0,0,0,0
CONT_s2_dynamic_TearsOfSteel,1789353169.596,0.1033,0,0,0,0,0,0
CONT_s2_dynamic_TearsOfSteel,1789353169.699,0.1033,0,0,0,0,0,0
CONT_s2_dynamic_TearsOfSteel,1789353169.803,0.1032,0,0,0,0,0,0
CONT_s2_dynamic_TearsOfSteel,1789353169.906,0.1031,0,0,0,0,0,0
CONT_s2_dynamic_TearsOfSteel,1789353170.009,0.1032,0,0,0,0,0,0
CONT_s2_dynamic_TearsOfSteel,1789353170.112,0.1033,0,0,0,0,0,0
CONT_s2_dynamic_TearsOfSteel,1789353170.216,0.1033,0,0,0,0,0,0
CONT_s2_dynamic_TearsOfSteel,1789353170.319,0.1032,0,0,0,0,0,0
CONT_s2_dynamic_TearsOfSteel,1789353170.422,0.1032,0,0,0,0,0,0
CONT_s2_dynamic_TearsOfSteel,1789353170.525,0.1033,0,0,0,0,0,0
CONT_s2_dynamic_TearsOfSteel,1789353170.628,0.1032,0,0,0,0,0,0
CONT_s2_dynamic_TearsOfSteel,1789353170.732,0.1034,0,0,0,0,0,0
CONT_s2_dynamic_TearsOfSteel,1789353170.835,0.1032,0,0,0,0,0,0
CONT_s2_dynamic_TearsOfSteel,1789353170.938,0.1033,0,0,0,0,0,0
CONT_s2_dynamic_TearsOfSteel,1789353171.042,0.1033,0,0,0,0,0,0
CONT_s2_dynamic_TearsOfSteel,1789353171.145,0.1032,0,0,0,0,0,0
CONT_s2_dynamic_TearsOfSteel,1789353171.25,0.1053,0,0,0,0,0,0
CONT_s2_dynamic_TearsOfSteel,1789353171.353,0.1033,0,0,0,0,0,0
CONT_s2_dynamic_TearsOfSteel,1789353171.457,0.1033,0,0,0,0,0,0
CONT_s2_dynamic_TearsOfSteel,1789353171.56,0.1032,0,0,0,0,0,0
CONT_s2_dynamic_TearsOfSteel,1789353171.663,0.1032,0,0,0,0,0,0
CONT_s2_dynamic_TearsOfSteel,1789353171.766,0.1033,0,0,0,0,0,0
CONT_s2_dynamic_TearsOfSteel,1789353171.869,0.1032,0,0,0,0,0,0
CONT_s2_dynamic_TearsOfSteel,1789353171.973,0.1033,15498,12,0,217578694.0,4417296.9,2
CONT_s2_dynamic_TearsOfSteel,1789353172.076,0.1034,42156,31,0,60950975.7,49357033.9,2
CONT_s2_dynamic_TearsOfSteel,1789353172.179,0.1033,56072,48,0,37510520.6,53787163.2,2
CONT_s2_dynamic_TearsOfSteel,1789353172.283,0.1033,43812,35,0,22151747.7,61670330.3,2
CONT_s2_dynamic_TearsOfSteel,1789353172.386,0.1032,36156,27,0,14625909.7,56607696.4,2
CONT_s2_dynamic_TearsOfSteel,1789353172.489,0.1033,48208,36,0,12571907.7,56781047.7,2
CONT_s2_dynamic_TearsOfSteel,1789353172.592,0.1032,45156,33,0,10436371.1,55212186.2,2
CONT_s2_dynamic_TearsOfSteel,1789353172.696,0.1032,42260,33,0,11425245.8,62724924.4,2
CONT_s2_dynamic_TearsOfSteel,1789353172.799,0.1033,18376,15,0,10092798.3,53339176.9,2
CONT_s2_dynamic_TearsOfSteel,1789353172.902,0.1031,13998,11,0,21226293.5,563063.4,2
CONT_s2_dynamic_TearsOfSteel,1789353173.005,0.1033,40656,30,0,10823504.1,62119845.3,2
CONT_s2_dynamic_TearsOfSteel,1789353173.108,0.1033,13101,10,0,9903268.3,62584419.5,2
CONT_s2_dynamic_TearsOfSteel,1789353173.212,0.1034,0,0,0,0,0,0
CONT_s2_dynamic_TearsOfSteel,1789353173.315,0.1033,0,0,0,0,0,0
CONT_s2_dynamic_TearsOfSteel,1789353173.418,0.1032,0,0,0,0,0,0
CONT_s2_dynamic_TearsOfSteel,1789353173.522,0.1033,0,0,0,0,0,0
CONT_s2_dynamic_TearsOfSteel,1789353173.625,0.1032,0,0,0,0,0,0
CONT_s2_dynamic_TearsOfSteel,1789353173.728,0.1034,0,0,0,0,0,0
CONT_s2_dynamic_TearsOfSteel,1789353173.832,0.1033,0,0,0,0,0,0
CONT_s2_dynamic_TearsOfSteel,1789353173.935,0.1032,0,0,0,0,0,0
CONT_s2_dynamic_TearsOfSteel,1789353174.038,0.1032,0,0,0,0,0,0
CONT_s2_dynamic_TearsOfSteel,1789353174.141,0.1032,0,0,0,0,0,0
CONT_s2_dynamic_TearsOfSteel,1789353174.247,0.1054,0,0,0,0,0,0
CONT_s2_dynamic_TearsOfSteel,1789353174.35,0.1033,0,0,0,0,0,0
CONT_s2_dynamic_TearsOfSteel,1789353174.453,0.1032,0,0,0,0,0,0
CONT_s2_dynamic_TearsOfSteel,1789353174.556,0.1032,0,0,0,0,0,0
CONT_s2_dynamic_TearsOfSteel,1789353174.66,0.1032,0,0,0,0,0,0
CONT_s2_dynamic_TearsOfSteel,1789353174.763,0.1033,0,0,0,0,0,0
CONT_s2_dynamic_TearsOfSteel,1789353174.866,0.1033,0,0,0,0,0,0
CONT_s2_dynamic_TearsOfSteel,1789353174.969,0.1032,0,0,0,0,0,0
CONT_s2_dynamic_TearsOfSteel,1789353175.072,0.1031,0,0,0,0,0,0
CONT_s2_dynamic_TearsOfSteel,1789353175.176,0.1033,0,0,0,0,0,0
CONT_s2_dynamic_TearsOfSteel,1789353175.279,0.1033,0,0,0,0,0,0
CONT_s2_dynamic_TearsOfSteel,1789353175.382,0.1031,0,0,0,0,0,0
CONT_s2_dynamic_TearsOfSteel,1789353175.485,0.1032,0,0,0,0,0,0
CONT_s2_dynamic_TearsOfSteel,1789353175.588,0.1031,0,0,0,0,0,0
CONT_s2_dynamic_TearsOfSteel,1789353175.692,0.1033,0,0,0,0,0,0
CONT_s2_dynamic_TearsOfSteel,1789353175.795,0.1033,0,0,0,0,0,0
CONT_s2_dynamic_TearsOfSteel,1789353175.898,0.1032,0,0,0,0,0,0
CONT_s2_dynamic_TearsOfSteel,1789353176.001,0.1032,0,0,0,0,0,0
CONT_s2_dynamic_TearsOfSteel,1789353176.105,0.1032,0,0,0,0,0,0
CONT_s2_dynamic_TearsOfSteel,1789353176.208,0.1032,0,0,0,0,0,0
CONT_s2_dynamic_TearsOfSteel,1789353176.311,0.1033,29051,22,0,172620870.0,15739933.1,2
CONT_s2_dynamic_TearsOfSteel,1789353176.415,0.1036,42156,31,0,56630638.1,65679790.3,2
CONT_s2_dynamic_TearsOfSteel,1789353176.518,0.1033,42156,31,0,34842143.8,66614269.1,2
CONT_s2_dynamic_TearsOfSteel,1789353176.621,0.1033,46708,35,0,30174387.7,65037429.3,2
CONT_s2_dynamic_TearsOfSteel,1789353176.725,0.1034,33156,25,0,26794315.8,77116542.9,2
CONT_s2_dynamic_TearsOfSteel,1789353176.828,0.1033,48208,36,0,20725739.6,78438488.0,2
CONT_s2_dynamic_TearsOfSteel,1789353176.931,0.1032,43708,33,0,18618930.4,81022239.9,2
CONT_s2_dynamic_TearsOfSteel,1789353177.035,0.104,45208,34,0,15549744.6,81968865.9,2
CONT_s2_dynamic_TearsOfSteel,1789353177.139,0.104,34656,26,0,13791604.0,82148607.6,2
CONT_s2_dynamic_TearsOfSteel,1789353177.245,0.1054,56172,49,0,10725346.9,66355915.6,2
CONT_s2_dynamic_TearsOfSteel,1789353177.348,0.1035,43576,53,1,7719282.1,56069367.7,2
CONT_s2_dynamic_TearsOfSteel,1789353177.451,0.1033,43760,34,0,6547407.2,57728119.6,2
CONT_s2_dynamic_TearsOfSteel,1789353177.555,0.1032,42260,33,0,6782061.7,62384900.3,2
CONT_s2_dynamic_TearsOfSteel,1789353177.658,0.1033,39208,30,0,6562441.6,63987923.0,2
CONT_s2_dynamic_TearsOfSteel,1789353177.761,0.1033,45260,35,0,6617883.4,67575212.2,2
CONT_s2_dynamic_TearsOfSteel,1789353177.864,0.1031,37342,30,0,6575298.8,65377003.2,2
CONT_s2_dynamic_TearsOfSteel,1789353177.967,0.1032,45156,33,0,5915758.6,51506045.6,2
CONT_s2_dynamic_TearsOfSteel,1789353178.071,0.1032,45156,33,0,5709132.8,71142553.7,2
CONT_s2_dynamic_TearsOfSteel,1789353178.174,0.1033,48208,36,0,6415137.9,69443291.5,2
CONT_s2_dynamic_TearsOfSteel,1789353178.277,0.1033,40968,36,0,5509456.8,61260393.1,2
CONT_s2_dynamic_TearsOfSteel,1789353178.38,0.1032,42208,32,0,6109378.6,78628446.0,2
CONT_s2_dynamic_TearsOfSteel,1789353178.484,0.1033,34656,26,0,6185168.5,81874505.0,2
CONT_s2_dynamic_TearsOfSteel,1789353178.587,0.1034,46708,35,0,6171776.3,73811859.1,2
CONT_s2_dynamic_TearsOfSteel,1789353178.69,0.1033,48208,36,0,5943227.2,56727039.9,2
CONT_s2_dynamic_TearsOfSteel,1789353178.794,0.1033,45260,35,0,6294700.0,55773635.6,2
CONT_s2_dynamic_TearsOfSteel,1789353178.897,0.1032,34708,27,0,6379100.3,63916785.1,2
CONT_s2_dynamic_TearsOfSteel,1789353179.0,0.1033,49760,38,0,6411975.6,67574007.6,2
CONT_s2_dynamic_TearsOfSteel,1789353179.103,0.1032,37708,29,0,6497882.8,70239991.0,2
CONT_s2_dynamic_TearsOfSteel,1789353179.207,0.1032,45208,34,0,6294779.3,71151711.4,2
CONT_s2_dynamic_TearsOfSteel,1789353179.31,0.1033,48601,40,0,6084595.9,73416709.2,4
CONT_s2_dynamic_TearsOfSteel,1789353179.413,0.1034,42468,37,0,6556002.2,74381615.4,4
CONT_s2_dynamic_TearsOfSteel,1789353179.517,0.1035,43492,50,3,9769270.0,59284373.9,4
CONT_s2_dynamic_TearsOfSteel,1789353179.62,0.1034,40812,33,0,11156954.5,52028728.2,4
CONT_s2_dynamic_TearsOfSteel,1789353179.723,0.1033,43864,36,0,13479355.2,72696052.2,4
CONT_s2_dynamic_TearsOfSteel,1789353179.827,0.1034,39312,32,0,12143292.7,65629886.6,4
CONT_s2_dynamic_TearsOfSteel,1789353179.93,0.1033,48416,40,0,14939723.6,79415094.9,4
CONT_s2_dynamic_TearsOfSteel,1789353180.034,0.1035,45364,37,0,12639681.6,79585905.1,4
CONT_s2_dynamic_TearsOfSteel,1789353180.137,0.1036,31760,26,0,14732945.9,81939459.2,4
CONT_s2_dynamic_TearsOfSteel,1789353180.241,0.1035,51416,42,0,16424336.4,84759769.6,4
CONT_s2_dynamic_TearsOfSteel,1789353180.344,0.1034,46812,37,0,13438582.6,83614348.2,4
CONT_s2_dynamic_TearsOfSteel,1789353180.448,0.1036,34812,29,0,15206886.5,87120135.6,4
CONT_s2_dynamic_TearsOfSteel,1789353180.551,0.1034,48416,40,0,18469869.8,80997096.3,4
CONT_s2_dynamic_TearsOfSteel,1789353180.655,0.1033,40864,34,0,18754639.8,63999325.9,4
CONT_s2_dynamic_TearsOfSteel,1789353180.758,0.1035,48312,38,0,12910130.9,67983983.6,4
CONT_s2_dynamic_TearsOfSteel,1789353180.862,0.1035,34864,30,0,20560260.0,69289593.0,4
CONT_s2_dynamic_TearsOfSteel,1789353180.965,0.1036,46916,39,0,17131310.6,77482045.3,4
CONT_s2_dynamic_TearsOfSteel,1789353181.069,0.1034,45364,37,0,13656537.6,78300845.7,4
CONT_s2_dynamic_TearsOfSteel,1789353181.172,0.1034,46812,37,0,15066756.2,83957003.9,4
CONT_s2_dynamic_TearsOfSteel,1789353181.276,0.1035,36364,31,0,19080118.8,84452201.9,4
CONT_s2_dynamic_TearsOfSteel,1789353181.379,0.1034,48364,39,0,13879448.6,83156018.7,4
CONT_s2_dynamic_TearsOfSteel,1789353181.482,0.1035,34760,28,0,15937601.2,86977138.1,4
CONT_s2_dynamic_TearsOfSteel,1789353181.586,0.1034,52864,42,0,17178739.8,91012840.8,4
CONT_s2_dynamic_TearsOfSteel,1789353181.689,0.1034,42468,37,0,20426703.7,69891152.7,4
CONT_s2_dynamic_TearsOfSteel,1789353181.793,0.1035,42364,35,0,13999814.3,67320307.5,4
CONT_s2_dynamic_TearsOfSteel,1789353181.896,0.1034,43916,37,0,18745067.6,75483375.8,4
CONT_s2_dynamic_TearsOfSteel,1789353182.0,0.1035,34812,29,0,15525101.7,76809623.8,4
CONT_s2_dynamic_TearsOfSteel,1789353182.103,0.1035,48416,40,0,18016918.8,81000773.7,4
CONT_s2_dynamic_TearsOfSteel,1789353182.206,0.1034,45364,37,0,14467126.6,79626671.6,4
CONT_s2_dynamic_TearsOfSteel,1789353182.31,0.1035,45312,36,0,16973734.1,83890411.3,4
CONT_s2_dynamic_TearsOfSteel,1789353182.413,0.1034,36260,29,0,18410105.1,83861100.8,4
CONT_s2_dynamic_TearsOfSteel,1789353182.517,0.1034,48312,38,0,13472086.6,78223399.3,4
CONT_s2_dynamic_TearsOfSteel,1789353182.62,0.1035,39744,35,0,22669090.9,61149679.3,4
CONT_s2_dynamic_TearsOfSteel,1789353182.724,0.1035,48416,40,0,16735697.4,58294023.3,4
CONT_s2_dynamic_TearsOfSteel,1789353182.827,0.1034,37760,30,0,14480133.3,68959787.6,4
CONT_s2_dynamic_TearsOfSteel,1789353182.93,0.1032,45416,38,0,17336879.7,70249575.3,4
CONT_s2_dynamic_TearsOfSteel,1789353183.034,0.1034,43864,36,0,13619122.9,75691856.2,4
CONT_s2_dynamic_TearsOfSteel,1789353183.137,0.1036,45810,38,0,232526974.8,77476133.0,6
CONT_s2_dynamic_TearsOfSteel,1789353183.243,0.1057,40916,35,0,179870647.2,92818640.8,6
CONT_s2_dynamic_TearsOfSteel,1789353183.346,0.1034,40864,34,0,119883118.3,88200223.9,6
CONT_s2_dynamic_TearsOfSteel,1789353183.45,0.1034,43864,36,0,107104767.8,86250625.5,6
CONT_s2_dynamic_TearsOfSteel,1789353183.553,0.1034,49968,42,0,124649855.4,83068640.4,6
CONT_s2_dynamic_TearsOfSteel,1789353183.657,0.1034,40964,36,0,238228265.4,67523289.0,7
CONT_s2_dynamic_TearsOfSteel,1789353183.76,0.1037,44249,40,0,180928224.5,67809903.5,7
CONT_s2_dynamic_TearsOfSteel,1789353183.864,0.1035,37864,32,0,102681710.5,75279800.0,6
CONT_s2_dynamic_TearsOfSteel,1789353183.967,0.1036,50072,44,0,169167098.5,82576491.4,6
CONT_s2_dynamic_TearsOfSteel,1789353184.071,0.1037,42416,36,0,86674043.1,69834575.2,6
CONT_s2_dynamic_TearsOfSteel,1789353184.175,0.1037,42520,38,0,120224006.8,76084386.1,6
CONT_s2_dynamic_TearsOfSteel,1789353184.278,0.1036,43916,37,0,59955976.1,72128888.0,6
CONT_s2_dynamic_TearsOfSteel,1789353184.382,0.1036,41072,38,0,80718513.2,82781112.8,6
CONT_s2_dynamic_TearsOfSteel,1789353184.486,0.1036,45416,38,0,42704802.9,75407501.1,6
CONT_s2_dynamic_TearsOfSteel,1789353184.589,0.1036,41706,39,0,66355649.2,82647078.9,6
CONT_s2_dynamic_TearsOfSteel,1789353184.693,0.1035,39364,33,0,38236825.0,77138572.9,6
CONT_s2_dynamic_TearsOfSteel,1789353184.796,0.1037,51572,45,0,44032684.2,87760972.3,6
CONT_s2_dynamic_TearsOfSteel,1789353184.9,0.1037,40916,35,0,32463984.7,79754147.0,6
CONT_s2_dynamic_TearsOfSteel,1789353185.004,0.1036,45468,39,0,31295722.6,90554788.5,6
CONT_s2_dynamic_TearsOfSteel,1789353185.107,0.1036,42520,38,0,40650179.7,95084730.6,6
CONT_s2_dynamic_TearsOfSteel,1789353185.211,0.1035,43916,37,0,28296144.8,92740149.2,6
CONT_s2_dynamic_TearsOfSteel,1789353185.314,0.1036,42468,37,0,30509998.3,91005230.4,6
CONT_s2_dynamic_TearsOfSteel,1789353185.418,0.1037,45572,41,0,35048187.1,76471062.3,6
CONT_s2_dynamic_TearsOfSteel,1789353185.522,0.1037,42468,37,0,29696022.9,81999292.7,6
CONT_s2_dynamic_TearsOfSteel,1789353185.625,0.1036,36416,32,0,34138172.9,87167669.5,6
CONT_s2_dynamic_TearsOfSteel,1789353185.729,0.1039,49968,42,0,22372437.0,78301616.2,6
CONT_s2_dynamic_TearsOfSteel,1789353185.833,0.1037,41767,38,0,27611914.4,84437263.2,6
CONT_s2_dynamic_TearsOfSteel,1789353185.937,0.1036,46916,39,0,17234230.5,72029470.7,4
CONT_s2_dynamic_TearsOfSteel,1789353186.04,0.1036,37864,32,0,18615262.7,72780316.9,4
CONT_s2_dynamic_TearsOfSteel,1789353186.144,0.1038,48416,40,0,16178701.5,75458587.7,4
CONT_s2_dynamic_TearsOfSteel,1789353186.249,0.1055,43818,37,0,16576576.2,66010096.7,4
CONT_s2_dynamic_TearsOfSteel,1789353186.353,0.1038,33706,28,0,30265495.3,76296815.5,6
CONT_s2_dynamic_TearsOfSteel,1789353186.457,0.1038,51416,42,0,24944510.0,86812712.2,6
CONT_s2_dynamic_TearsOfSteel,1789353186.561,0.1036,46864,38,0,29846324.7,72769830.3,6
CONT_s2_dynamic_TearsOfSteel,1789353186.664,0.1037,41072,38,0,31971692.5,64580875.5,6
CONT_s2_dynamic_TearsOfSteel,1789353186.768,0.1042,43968,38,0,23921888.1,74857647.0,6
CONT_s2_dynamic_TearsOfSteel,1789353186.872,0.1037,43916,37,0,29032068.1,71726666.4,6
CONT_s2_dynamic_TearsOfSteel,1789353186.976,0.1036,43916,37,0,26829816.9,79358841.2,6
CONT_s2_dynamic_TearsOfSteel,1789353187.079,0.1036,40968,36,0,32333452.1,79817324.4,6
CONT_s2_dynamic_TearsOfSteel,1789353187.183,0.1035,40864,34,0,24623774.8,78031757.8,6
CONT_s2_dynamic_TearsOfSteel,1789353187.286,0.1036,48468,41,0,26820005.8,83501514.2,6
CONT_s2_dynamic_TearsOfSteel,1789353187.39,0.1036,37968,34,0,29304435.6,80721269.4,6
CONT_s2_dynamic_TearsOfSteel,1789353187.494,0.1036,47072,42,0,28692784.3,92181707.3,6
CONT_s2_dynamic_TearsOfSteel,1789353187.597,0.1036,42839,39,0,24443715.1,66194874.5,6
CONT_s2_dynamic_TearsOfSteel,1789353187.701,0.1037,46968,40,0,18540455.1,57346513.8,4
CONT_s2_dynamic_TearsOfSteel,1789353187.804,0.1037,42620,40,0,18454025.5,63535876.9,5
CONT_s2_dynamic_TearsOfSteel,1789353187.908,0.1037,42697,38,0,10126816.6,60707949.3,5
CONT_s2_dynamic_TearsOfSteel,1789353188.012,0.1038,40916,35,0,9497943.1,61769409.6,4
CONT_s2_dynamic_TearsOfSteel,1789353188.116,0.1037,46968,40,0,12251606.7,71727528.2,4
CONT_s2_dynamic_TearsOfSteel,1789353188.219,0.1038,37812,31,0,11002644.9,72590169.4,4
CONT_s2_dynamic_TearsOfSteel,1789353188.323,0.1038,45416,38,0,13985742.8,78868259.7,4
CONT_s2_dynamic_TearsOfSteel,1789353188.427,0.1037,46864,38,0,11242972.9,76195560.4,4
CONT_s2_dynamic_TearsOfSteel,1789353188.531,0.1038,43864,36,0,14422412.3,84155318.2,4
CONT_s2_dynamic_TearsOfSteel,1789353188.635,0.1047,43864,36,0,14480714.0,83341366.6,4
CONT_s2_dynamic_TearsOfSteel,1789353188.739,0.1037,34760,28,0,13929939.4,85093824.1,4
CONT_s2_dynamic_TearsOfSteel,1789353188.843,0.1037,51416,42,0,16721217.8,91242523.5,4
CONT_s2_dynamic_TearsOfSteel,1789353188.947,0.1037,36260,29,0,14781042.9,67930015.3,4
CONT_s2_dynamic_TearsOfSteel,1789353189.05,0.1037,43864,36,0,18032755.8,72465222.7,4
CONT_s2_dynamic_TearsOfSteel,1789353189.154,0.1037,46916,39,0,16894520.8,69277277.3,4
CONT_s2_dynamic_TearsOfSteel,1789353189.258,0.1038,45416,38,0,15647134.4,78987363.6,4
CONT_s2_dynamic_TearsOfSteel,1789353189.361,0.1036,41026,35,0,18332437.5,41249587.2,4
CONT_s2_dynamic_TearsOfSteel,1789353189.465,0.1037,42260,33,0,12981988.8,76299631.8,4
CONT_s2_dynamic_TearsOfSteel,1789353189.569,0.1038,45810,38,0,21059398.7,77751911.1,5
CONT_s2_dynamic_TearsOfSteel,1789353189.673,0.104,37812,31,0,14006196.7,84028812.9,4
CONT_s2_dynamic_TearsOfSteel,1789353189.777,0.1038,52864,42,0,15622497.7,85926599.5,4
CONT_s2_dynamic_TearsOfSteel,1789353189.88,0.1038,30706,26,1,26555539.7,82990962.0,5
CONT_s2_dynamic_TearsOfSteel,1789353189.984,0.1039,45260,35,0,13691527.7,82152537.2,4
CONT_s2_dynamic_TearsOfSteel,1789353190.088,0.1038,52864,42,0,17225383.1,85675954.6,4
CONT_s2_dynamic_TearsOfSteel,1789353190.192,0.1038,35154,28,1,30251034.4,97182302.0,6
CONT_s2_dynamic_TearsOfSteel,1789353190.296,0.1044,46812,37,0,20371209.6,86139604.5,5
CONT_s2_dynamic_TearsOfSteel,1789353190.4,0.1039,49812,39,0,16564854.2,87859137.2,4
CONT_s2_dynamic_TearsOfSteel,1789353190.504,0.1039,36260,29,0,19023127.4,85620133.4,4
CONT_s2_dynamic_TearsOfSteel,1789353190.608,0.1038,48260,37,0,22410798.1,92666631.7,5
CONT_s2_dynamic_TearsOfSteel,1789353190.712,0.1039,33260,27,0,25614133.7,88628141.3,5
CONT_s2_dynamic_TearsOfSteel,1789353190.816,0.104,54416,44,0,30893857.4,89333620.1,6
CONT_s2_dynamic_TearsOfSteel,1789353190.92,0.1037,45189,42,0,81325714.2,46014903.3,6
CONT_s2_dynamic_TearsOfSteel,1789353191.023,0.1038,38453,36,0,52290346.1,45102385.0,6
CONT_s2_dynamic_TearsOfSteel,1789353191.127,0.1038,44200,38,0,17303393.0,44654680.8,4
CONT_s2_dynamic_TearsOfSteel,1789353191.231,0.1041,48362,43,0,16374859.3,53523523.6,4
CONT_s2_dynamic_TearsOfSteel,1789353191.335,0.1038,42728,42,0,9817388.0,20665875.4,2
CONT_s2_dynamic_TearsOfSteel,1789353191.439,0.1037,45728,44,0,6666077.2,20760215.1,2
CONT_s2_dynamic_TearsOfSteel,1789353191.543,0.1038,42780,43,0,5462583.7,20520731.6,2
CONT_s2_dynamic_TearsOfSteel,1789353191.646,0.1038,42728,42,0,5180076.0,20616781.4,2
CONT_s2_dynamic_TearsOfSteel,1789353191.751,0.105,45780,45,0,5013127.3,20698734.1,2
CONT_s2_dynamic_TearsOfSteel,1789353191.855,0.1038,42728,42,0,4970721.0,20650393.7,2
CONT_s2_dynamic_TearsOfSteel,1789353191.959,0.1037,42728,42,0,4951774.7,20550636.7,2
CONT_s2_dynamic_TearsOfSteel,1789353192.063,0.1039,45780,45,0,4962231.3,20554674.9,2
CONT_s2_dynamic_TearsOfSteel,1789353192.167,0.1039,42728,42,0,4950872.3,20552241.1,2
CONT_s2_dynamic_TearsOfSteel,1789353192.27,0.1037,42728,42,0,4935434.7,20614682.6,2
CONT_s2_dynamic_TearsOfSteel,1789353192.374,0.1039,44623,43,0,25829285.4,21949157.9,4
CONT_s2_dynamic_TearsOfSteel,1789353192.478,0.1038,40864,34,0,39735084.2,63866151.7,4
CONT_s2_dynamic_TearsOfSteel,1789353192.582,0.1038,37760,30,0,26511979.0,69015698.4,4
CONT_s2_dynamic_TearsOfSteel,1789353192.686,0.1038,45416,38,0,22326883.6,69981318.5,4
CONT_s2_dynamic_TearsOfSteel,1789353192.789,0.1038,42260,33,0,17686606.5,74742902.9,4
CONT_s2_dynamic_TearsOfSteel,1789353192.893,0.1038,48364,39,0,18932214.7,79870795.7,4
CONT_s2_dynamic_TearsOfSteel,1789353192.997,0.1038,42260,33,0,16645253.9,76377431.8,4
CONT_s2_dynamic_TearsOfSteel,1789353193.101,0.1038,46916,39,0,19666849.0,79175271.1,4
CONT_s2_dynamic_TearsOfSteel,1789353193.205,0.1039,39312,32,0,16622349.6,83581971.4,4
CONT_s2_dynamic_TearsOfSteel,1789353193.308,0.1038,46812,37,0,14507508.4,84200280.2,4
CONT_s2_dynamic_TearsOfSteel,1789353193.412,0.1039,40864,34,0,20693146.1,93713172.0,4
CONT_s2_dynamic_TearsOfSteel,1789353193.516,0.1038,48312,38,0,16101360.5,69136808.4,4
CONT_s2_dynamic_TearsOfSteel,1789353193.62,0.1039,40864,34,0,18749065.5,69074902.9,4
CONT_s2_dynamic_TearsOfSteel,1789353193.724,0.1037,36364,31,0,20178430.1,67869632.6,4
CONT_s2_dynamic_TearsOfSteel,1789353193.828,0.1038,42260,33,0,14417419.2,75327719.2,4
CONT_s2_dynamic_TearsOfSteel,1789353193.931,0.1037,48364,39,0,17768239.1,79950209.9,4
CONT_s2_dynamic_TearsOfSteel,1789353194.035,0.1039,42260,33,0,14486022.8,76071862.5,4
CONT_s2_dynamic_TearsOfSteel,1789353194.139,0.104,46916,39,0,18458929.9,81292624.1,4
CONT_s2_dynamic_TearsOfSteel,1789353194.244,0.1051,39312,32,0,14893643.6,82977160.4,4
CONT_s2_dynamic_TearsOfSteel,1789353194.348,0.1038,51364,41,0,15989176.8,89700855.1,4
CONT_s2_dynamic_TearsOfSteel,1789353194.452,0.1038,37812,31,0,18260113.2,89166421.1,4
CONT_s2_dynamic_TearsOfSteel,1789353194.556,0.1038,43812,35,0,14982355.7,87442343.2,4
CONT_s2_dynamic_TearsOfSteel,1789353194.66,0.1041,46916,39,0,18948328.4,78759420.9,4
CONT_s2_dynamic_TearsOfSteel,1789353194.764,0.1038,45364,37,0,15844219.5,71631761.1,4
CONT_s2_dynamic_TearsOfSteel,1789353194.867,0.1039,40916,35,0,17593307.0,73907187.5,4
CONT_s2_dynamic_TearsOfSteel,1789353194.971,0.1039,43916,37,0,18469395.6,78137001.0,4
CONT_s2_dynamic_TearsOfSteel,1789353195.075,0.1038,44507,44,0,16141635.0,37615079.2,4
CONT_s2_dynamic_TearsOfSteel,1789353195.179,0.1038,42728,42,0,9002072.3,20808167.8,2
CONT_s2_dynamic_TearsOfSteel,1789353195.283,0.104,45913,40,0,15717252.0,39947764.2,4
CONT_s2_dynamic_TearsOfSteel,1789353195.387,0.1038,44052,40,0,10631381.9,41214212.2,4
CONT_s2_dynamic_TearsOfSteel,1789353195.49,0.1037,42780,43,0,6188090.8,20800619.4,2
CONT_s2_dynamic_TearsOfSteel,1789353195.594,0.1039,42728,42,0,5395633.7,20758937.2,2
CONT_s2_dynamic_TearsOfSteel,1789353195.698,0.1041,45780,45,0,5091227.3,20697872.9,2
CONT_s2_dynamic_TearsOfSteel,1789353195.802,0.1038,42728,42,0,4962782.3,20802628.3,2
CONT_s2_dynamic_TearsOfSteel,1789353195.906,0.1038,42728,42,0,4955190.0,20694356.6,2
CONT_s2_dynamic_TearsOfSteel,1789353196.01,0.104,46227,46,0,6148254.1,20719729.9,3
CONT_s2_dynamic_TearsOfSteel,1789353196.114,0.1038,34812,29,0,37189103.4,42733852.9,4
CONT_s2_dynamic_TearsOfSteel,1789353196.218,0.1038,43864,36,0,21883253.2,71830052.4,4
CONT_s2_dynamic_TearsOfSteel,1789353196.321,0.1038,51364,41,0,16507944.5,65966962.1,4
CONT_s2_dynamic_TearsOfSteel,1789353196.425,0.1037,39364,33,0,18802280.7,85921010.1,4
CONT_s2_dynamic_TearsOfSteel,1789353196.53,0.1046,46760,36,0,14402061.6,83133283.8,4
CONT_s2_dynamic_TearsOfSteel,1789353196.635,0.105,33208,26,0,15918697.0,85358943.1,4
CONT_s2_dynamic_TearsOfSteel,1789353196.738,0.1037,54416,44,0,17635475.4,84455520.0,4
CONT_s2_dynamic_TearsOfSteel,1789353196.842,0.1037,42416,36,0,19149119.6,70354506.5,4
CONT_s2_dynamic_TearsOfSteel,1789353196.946,0.1037,43916,37,0,18022392.3,63216302.7,4
CONT_s2_dynamic_TearsOfSteel,1789353197.05,0.1038,40864,34,0,14840504.9,72998854.8,4
CONT_s2_dynamic_TearsOfSteel,1789353197.154,0.1042,46916,39,0,17426299.5,78623179.3,4
CONT_s2_dynamic_TearsOfSteel,1789353197.258,0.1036,39312,32,0,14899699.9,77273975.8,4
CONT_s2_dynamic_TearsOfSteel,1789353197.361,0.1035,37812,31,0,15018003.0,80298345.4,4
CONT_s2_dynamic_TearsOfSteel,1789353197.465,0.1039,48416,40,0,18005406.3,83993423.4,4
CONT_s2_dynamic_TearsOfSteel,1789353197.569,0.1039,43812,35,0,14661952.3,83309100.3,4
CONT_s2_dynamic_TearsOfSteel,1789353197.672,0.1038,40812,33,0,15019227.7,85534355.0,4
CONT_s2_dynamic_TearsOfSteel,1789353197.776,0.1038,49916,41,0,19033558.0,82234211.3,4
CONT_s2_dynamic_TearsOfSteel,1789353197.88,0.1038,43916,37,0,17650733.5,72579764.3,4
CONT_s2_dynamic_TearsOfSteel,1789353197.984,0.1038,40864,34,0,18086527.4,72815863.2,4
CONT_s2_dynamic_TearsOfSteel,1789353198.088,0.1038,45364,37,0,14246267.7,74781131.2,4
CONT_s2_dynamic_TearsOfSteel,1789353198.192,0.1039,37864,32,0,21105627.8,83792531.1,4
CONT_s2_dynamic_TearsOfSteel,1789353198.295,0.1038,45364,37,0,14841841.5,79709330.2,4
CONT_s2_dynamic_TearsOfSteel,1789353198.399,0.1037,45312,36,0,14088994.6,80499915.5,4
CONT_s2_dynamic_TearsOfSteel,1789353198.503,0.1039,39364,33,0,21291285.1,89951678.6,4
CONT_s2_dynamic_TearsOfSteel,1789353198.607,0.1038,43812,35,0,15146742.1,84481132.5,4
CONT_s2_dynamic_TearsOfSteel,1789353198.71,0.1037,46760,36,0,13665666.4,80369946.6,4
CONT_s2_dynamic_TearsOfSteel,1789353198.814,0.1039,45265,44,0,18859791.5,44787239.4,4
CONT_s2_dynamic_TearsOfSteel,1789353198.918,0.1038,39757,33,0,15797351.7,43868906.6,4
CONT_s2_dynamic_TearsOfSteel,1789353199.022,0.1038,47034,45,0,11609548.3,34748300.8,4
CONT_s2_dynamic_TearsOfSteel,1789353199.126,0.1039,45728,44,0,7170383.9,20688743.1,2
CONT_s2_dynamic_TearsOfSteel,1789353199.23,0.1038,42953,43,0,4846764.2,27329139.2,4
CONT_s2_dynamic_TearsOfSteel,1789353199.334,0.1041,44624,48,0,925439.0,54999714.4,2
CONT_s2_dynamic_TearsOfSteel,1789353199.438,0.104,42500,54,14,3993809.5,59317544.8,2
CONT_s2_dynamic_TearsOfSteel,1789353199.542,0.104,48132,54,3,4262626.6,69320962.0,2
CONT_s2_dynamic_TearsOfSteel,1789353199.646,0.1046,44976,53,4,2354534.4,49811866.6,2
CONT_s2_dynamic_TearsOfSteel,1789353199.752,0.1056,37692,49,8,3160756.3,53686485.6,2
CONT_s2_dynamic_TearsOfSteel,1789353199.856,0.1038,44540,46,2,5921907.0,53891338.9,2
CONT_s2_dynamic_TearsOfSteel,1789353199.96,0.1039,46708,35,0,5996085.7,73742331.0,2
CONT_s2_dynamic_TearsOfSteel,1789353200.064,0.104,45208,34,0,5922170.2,53250598.8,2
CONT_s2_dynamic_TearsOfSteel,1789353200.168,0.104,37760,30,0,6563976.5,51753114.4,2
CONT_s2_dynamic_TearsOfSteel,1789353200.272,0.1039,45707,36,0,9127289.6,61312552.2,3
CONT_s2_dynamic_TearsOfSteel,1789353200.376,0.104,42260,33,0,33862377.8,74708476.9,4
CONT_s2_dynamic_TearsOfSteel,1789353200.479,0.104,46812,37,0,39575767.4,71104716.6,4
CONT_s2_dynamic_TearsOfSteel,1789353200.583,0.104,42416,36,0,37650823.3,52867553.4,4
CONT_s2_dynamic_TearsOfSteel,1789353200.688,0.1041,45572,41,0,21684098.3,21143441.0,2
CONT_s2_dynamic_TearsOfSteel,1789353200.791,0.1039,45572,41,0,12514480.3,27783374.6,2
CONT_s2_dynamic_TearsOfSteel,1789353200.895,0.104,36928,32,0,18413320.1,94861423.0,4
CONT_s2_dynamic_TearsOfSteel,1789353201.0,0.1041,48364,39,0,16399613.4,68372372.3,4
CONT_s2_dynamic_TearsOfSteel,1789353201.104,0.104,38800,32,0,16746119.8,77030057.3,4
CONT_s2_dynamic_TearsOfSteel,1789353201.208,0.1042,46916,39,0,17213688.2,65799517.8,4
CONT_s2_dynamic_TearsOfSteel,1789353201.312,0.104,46864,38,0,15939987.1,73497443.8,4
CONT_s2_dynamic_TearsOfSteel,1789353201.416,0.1039,42468,37,0,16504825.6,78000518.3,4
CONT_s2_dynamic_TearsOfSteel,1789353201.52,0.104,36364,31,0,15015133.6,74359529.7,4
CONT_s2_dynamic_TearsOfSteel,1789353201.623,0.104,48364,39,0,15843830.4,64753695.7,4
CONT_s2_dynamic_TearsOfSteel,1789353201.728,0.104,40916,35,0,16679570.9,61791400.0,4
CONT_s2_dynamic_TearsOfSteel,1789353201.831,0.1039,45416,38,0,16142975.1,76819357.9,4
CONT_s2_dynamic_TearsOfSteel,1789353201.935,0.1039,46916,39,0,16600937.4,78467249.0,4
CONT_s2_dynamic_TearsOfSteel,1789353202.039,0.104,40864,34,0,16651248.6,67352120.8,4
CONT_s2_dynamic_TearsOfSteel,1789353202.143,0.1042,42416,36,0,16418807.8,65574999.5,4
CONT_s2_dynamic_TearsOfSteel,1789353202.25,0.1066,46916,39,0,13931088.5,65798470.0,4
CONT_s2_dynamic_TearsOfSteel,1789353202.354,0.1038,42312,34,0,14240814.8,80811985.7,4
CONT_s2_dynamic_TearsOfSteel,1789353202.458,0.104,39312,32,0,15227711.6,73356072.1,4
CONT_s2_dynamic_TearsOfSteel,1789353202.562,0.1038,46916,39,0,15731004.3,72666129.4,4
CONT_s2_dynamic_TearsOfSteel,1789353202.666,0.1039,42364,35,0,14153209.2,71147802.0,4
CONT_s2_dynamic_TearsOfSteel,1789353202.769,0.1038,46968,40,0,16944157.9,77984377.6,4
CONT_s2_dynamic_TearsOfSteel,1789353202.873,0.1039,42364,35,0,15023064.6,62748163.3,4
CONT_s2_dynamic_TearsOfSteel,1789353202.977,0.104,45572,41,0,17371135.0,62589901.5,4
CONT_s2_dynamic_TearsOfSteel,1789353203.081,0.104,40864,34,0,13670354.6,72148346.3,4
CONT_s2_dynamic_TearsOfSteel,1789353203.185,0.104,46701,39,0,12356940.7,60175838.2,4
CONT_s2_dynamic_TearsOfSteel,1789353203.289,0.104,37760,30,0,8935368.7,35334109.1,2
CONT_s2_dynamic_TearsOfSteel,1789353203.393,0.104,48364,39,0,7698541.8,33810866.5,2
CONT_s2_dynamic_TearsOfSteel,1789353203.497,0.104,36602,28,0,20430761.1,12168929.9,2
CONT_s2_dynamic_TearsOfSteel,1789353203.601,0.104,42260,33,0,11924875.8,49789734.1,3
CONT_s2_dynamic_TearsOfSteel,1789353203.706,0.1042,42364,35,0,19404417.2,49656158.0,4
CONT_s2_dynamic_TearsOfSteel,1789353203.81,0.104,44848,38,0,18116544.5,52841897.0,4
CONT_s2_dynamic_TearsOfSteel,1789353203.914,0.104,42312,34,0,15514150.8,76751161.3,4
CONT_s2_dynamic_TearsOfSteel,1789353204.018,0.1039,42312,34,0,16688576.5,76943986.7,4
CONT_s2_dynamic_TearsOfSteel,1789353204.122,0.104,45372,37,0,16098768.4,73115826.1,5
CONT_s2_dynamic_TearsOfSteel,1789353204.226,0.104,46773,43,0,14753219.0,64825706.3,6
CONT_s2_dynamic_TearsOfSteel,1789353204.33,0.1041,42416,36,0,14544324.4,58180641.0,6
CONT_s2_dynamic_TearsOfSteel,1789353204.434,0.1041,45416,38,0,17653773.7,71837717.9,6
CONT_s2_dynamic_TearsOfSteel,1789353204.538,0.1042,42342,38,0,21213753.2,75160729.0,6
CONT_s2_dynamic_TearsOfSteel,1789353204.642,0.1042,42676,41,0,18817087.8,43487828.5,4
CONT_s2_dynamic_TearsOfSteel,1789353204.749,0.1065,47176,44,0,16824942.4,49164097.6,4
CONT_s2_dynamic_TearsOfSteel,1789353204.853,0.1042,41020,37,0,15266830.9,52547326.6,4
CONT_s2_dynamic_TearsOfSteel,1789353204.957,0.104,47124,43,0,15473857.8,52884287.8,4
CONT_s2_dynamic_TearsOfSteel,1789353205.061,0.1041,39624,38,0,15609384.9,29912924.2,4
CONT_s2_dynamic_TearsOfSteel,1789353205.165,0.1041,42416,36,0,14098155.8,56681545.1,4
CONT_s2_dynamic_TearsOfSteel,1789353205.269,0.1041,46968,40,0,14684105.9,54999197.7,4
CONT_s2_dynamic_TearsOfSteel,1789353205.373,0.1041,42468,37,0,14727369.5,62319445.3,4
CONT_s2_dynamic_TearsOfSteel,1789353205.478,0.1042,47124,43,0,14901616.6,54221072.4,4
CONT_s2_dynamic_TearsOfSteel,1789353205.582,0.1042,42728,42,0,9257464.0,20828865.9,2
CONT_s2_dynamic_TearsOfSteel,1789353205.686,0.1042,42728,42,0,6369976.3,20807062.7,2
CONT_s2_dynamic_TearsOfSteel,1789353205.79,0.1041,39520,36,0,18075731.9,38038036.5,4
CONT_s2_dynamic_TearsOfSteel,1789353205.894,0.1043,49916,41,0,14600352.2,66073873.1,4
CONT_s2_dynamic_TearsOfSteel,1789353205.998,0.1041,43864,36,0,14781336.0,72481066.0,4
CONT_s2_dynamic_TearsOfSteel,1789353206.103,0.1042,37760,30,0,13450037.3,68916263.3,4
CONT_s2_dynamic_TearsOfSteel,1789353206.207,0.1042,47176,44,0,12870224.2,43277001.7,4
CONT_s2_dynamic_TearsOfSteel,1789353206.311,0.1042,45780,45,0,7362427.3,20692926.2,2
CONT_s2_dynamic_TearsOfSteel,1789353206.415,0.1041,44268,43,0,13601776.3,15981331.9,4
CONT_s2_dynamic_TearsOfSteel,1789353206.519,0.1043,44206,35,0,13957526.2,44689391.7,4
CONT_s2_dynamic_TearsOfSteel,1789353206.624,0.1042,42364,35,0,14766316.0,60586688.2,4
CONT_s2_dynamic_TearsOfSteel,1789353206.728,0.1041,42260,33,0,12387330.6,75823122.9,4
CONT_s2_dynamic_TearsOfSteel,1789353206.832,0.1042,44124,41,0,14695022.5,52686005.8,4
CONT_s2_dynamic_TearsOfSteel,1789353206.936,0.1044,17029,18,0,10948631.7,20212539.6,2
CONT_s2_dynamic_TearsOfSteel,1789353207.04,0.1042,0,0,0,0,0,0
CONT_s2_dynamic_TearsOfSteel,1789353207.145,0.1042,36824,30,0,19396688.5,110208632.8,2
CONT_s2_dynamic_TearsOfSteel,1789353207.253,0.1082,45849,43,0,6185995.5,38398555.5,4
CONT_s2_dynamic_TearsOfSteel,1789353207.357,0.1043,45728,44,0,4875865.6,20677376.5,2
CONT_s2_dynamic_TearsOfSteel,1789353207.461,0.1042,42780,43,0,4826432.2,20611069.4,2
CONT_s2_dynamic_TearsOfSteel,1789353207.566,0.1048,42728,42,0,4971533.3,20551397.4,2
CONT_s2_dynamic_TearsOfSteel,1789353207.67,0.1043,45780,45,0,4936243.0,20683852.6,2
CONT_s2_dynamic_TearsOfSteel,1789353207.774,0.104,42728,42,0,4927032.7,20537974.5,2
CONT_s2_dynamic_TearsOfSteel,1789353207.879,0.1045,45780,45,0,4939684.0,20625884.0,2
CONT_s2_dynamic_TearsOfSteel,1789353207.983,0.1044,44675,44,0,41867911.8,33086629.0,4
CONT_s2_dynamic_TearsOfSteel,1789353208.088,0.1043,42832,44,0,28590092.1,24699950.8,4
CONT_s2_dynamic_TearsOfSteel,1789353208.192,0.1043,42728,42,0,19143153.3,41414183.4,4
CONT_s2_dynamic_TearsOfSteel,1789353208.296,0.1042,45780,45,0,16721556.7,41538832.6,4
CONT_s2_dynamic_TearsOfSteel,1789353208.4,0.1043,42728,42,0,15371215.0,42007586.6,4
CONT_s2_dynamic_TearsOfSteel,1789353208.505,0.1045,45780,45,0,15342490.8,42477197.9,4
CONT_s2_dynamic_TearsOfSteel,1789353208.609,0.1044,42728,42,0,14928853.5,42057348.3,4
CONT_s2_dynamic_TearsOfSteel,1789353208.714,0.1046,44228,43,0,14489304.8,41306454.6,4
CONT_s2_dynamic_TearsOfSteel,1789353208.818,0.1043,45780,45,0,13636201.8,32706696.3,4
CONT_s2_dynamic_TearsOfSteel,1789353208.922,0.1042,42780,43,0,14328085.1,41928185.5,4
CONT_s2_dynamic_TearsOfSteel,1789353209.027,0.1043,42728,42,0,14393217.8,42098777.0,4
CONT_s2_dynamic_TearsOfSteel,1789353209.134,0.107,45780,45,0,14091095.8,41517695.9,4
CONT_s2_dynamic_TearsOfSteel,1789353209.238,0.1045,45780,45,0,14403998.6,42412967.7,4
CONT_s2_dynamic_TearsOfSteel,1789353209.342,0.1043,42728,42,0,14437842.5,41996969.6,4
CONT_s2_dynamic_TearsOfSteel,1789353209.447,0.1043,44332,45,0,12394478.1,35663697.7,4
CONT_s2_dynamic_TearsOfSteel,1789353209.551,0.1044,42728,42,0,14351203.3,36868546.7,4
CONT_s2_dynamic_TearsOfSteel,1789353209.655,0.1042,45780,45,0,14042973.2,41487693.0,4
CONT_s2_dynamic_TearsOfSteel,1789353209.76,0.105,43086,43,0,14139584.3,40659748.8,4
CONT_s2_dynamic_TearsOfSteel,1789353209.865,0.1043,45780,45,0,7837788.0,21861700.4,3
CONT_s2_dynamic_TearsOfSteel,1789353209.969,0.1042,41674,42,0,13938807.9,32931474.9,4
CONT_s2_dynamic_TearsOfSteel,1789353210.073,0.1043,45832,46,0,8406631.0,22331414.7,3
CONT_s2_dynamic_TearsOfSteel,1789353210.178,0.1044,30606,28,0,12725549.4,7138555.8,4
CONT_s2_dynamic_TearsOfSteel,1789353210.282,0.1042,42748,41,0,5518362.8,61867444.6,2
CONT_s2_dynamic_TearsOfSteel,1789353210.386,0.1042,37800,48,5,4968142.0,46029427.0,2
CONT_s2_dynamic_TearsOfSteel,1789353210.49,0.1045,40156,44,16,5416524.8,46585995.8,2
CONT_s2_dynamic_TearsOfSteel,1789353210.595,0.1044,0,0,0,0,0,0
CONT_s2_dynamic_TearsOfSteel,1789353210.699,0.1042,0,0,0,0,0,0
CONT_s2_dynamic_TearsOfSteel,1789353210.803,0.1042,360,2,0,21959757.0,219559967.7,2
CONT_s2_dynamic_TearsOfSteel,1789353210.907,0.1042,37968,34,0,12156601.2,219204.1,2
CONT_s2_dynamic_TearsOfSteel,1789353211.012,0.1045,43384,50,0,3452013.1,54451313.1,2
CONT_s2_dynamic_TearsOfSteel,1789353211.116,0.1044,44000,56,8,5441059.5,63081504.0,2
CONT_s2_dynamic_TearsOfSteel,1789353211.221,0.1044,7808,10,1,5618883.0,35657609.5,2
CONT_s2_dynamic_TearsOfSteel,1789353211.325,0.1042,0,0,0,0,0,0
CONT_s2_dynamic_TearsOfSteel,1789353211.429,0.1043,308,1,0,20285419.0,247307451.0,1
CONT_s2_dynamic_TearsOfSteel,1789353211.534,0.1045,52,1,0,24132239.0,53701534.0,1
CONT_s2_dynamic_TearsOfSteel,1789353211.639,0.1049,48468,41,0,11657134.7,38982325.8,2
CONT_s2_dynamic_TearsOfSteel,1789353211.743,0.1043,46708,35,0,8004641.4,81331732.7,2
CONT_s2_dynamic_TearsOfSteel,1789353211.847,0.1042,41568,45,1,7279625.2,52958833.1,2
CONT_s2_dynamic_TearsOfSteel,1789353211.951,0.1043,0,0,0,0,0,0
CONT_s2_dynamic_TearsOfSteel,1789353212.056,0.1043,0,0,0,0,0,0
CONT_s2_dynamic_TearsOfSteel,1789353212.16,0.1042,360,2,0,24342349.5,218952495.5,2
CONT_s2_dynamic_TearsOfSteel,1789353212.264,0.1042,24603,20,0,25292477.0,175604.4,3
CONT_s2_dynamic_TearsOfSteel,1789353212.368,0.1043,42260,33,0,54929688.2,59286602.3,4
CONT_s2_dynamic_TearsOfSteel,1789353212.473,0.1042,46096,38,0,53846740.2,73277847.8,4
CONT_s2_dynamic_TearsOfSteel,1789353212.577,0.1043,34760,28,0,54970576.4,80198202.3,4
CONT_s2_dynamic_TearsOfSteel,1789353212.681,0.1042,50176,46,0,44603590.6,46211154.8,4
CONT_s2_dynamic_TearsOfSteel,1789353212.785,0.1043,45780,45,0,20128996.7,20638292.4,2
CONT_s2_dynamic_TearsOfSteel,1789353212.89,0.1042,43804,43,0,10927032.4,27381870.3,3
CONT_s2_dynamic_TearsOfSteel,1789353212.994,0.1044,44176,42,0,14962065.3,27050890.8,4
CONT_s2_dynamic_TearsOfSteel,1789353213.098,0.1044,33208,26,0,16246160.1,79639020.8,4
CONT_s2_dynamic_TearsOfSteel,1789353213.203,0.1045,52864,42,0,15180577.8,87102330.7,4
CONT_s2_dynamic_TearsOfSteel,1789353213.307,0.1043,33736,28,0,15859991.2,75518531.6,4
CONT_s2_dynamic_TearsOfSteel,1789353213.412,0.1043,53124,47,0,15968125.1,67231843.4,4
CONT_s2_dynamic_TearsOfSteel,1789353213.516,0.1046,45780,45,0,8643945.3,20775084.4,2
CONT_s2_dynamic_TearsOfSteel,1789353213.621,0.1046,42728,42,0,6190691.7,20776355.2,2
CONT_s2_dynamic_TearsOfSteel,1789353213.725,0.1043,40852,37,0,16992042.7,86197415.0,4
CONT_s2_dynamic_TearsOfSteel,1789353213.829,0.1043,47188,41,0,17383133.2,52487691.3,4
CONT_s2_dynamic_TearsOfSteel,1789353213.934,0.1043,37760,30,0,14770350.9,67111778.8,4
CONT_s2_dynamic_TearsOfSteel,1789353214.038,0.1045,45416,38,0,16389559.6,71201725.7,4
CONT_s2_dynamic_TearsOfSteel,1789353214.142,0.1043,48572,43,0,15037749.0,59969110.9,4
CONT_s2_dynamic_TearsOfSteel,1789353214.249,0.1065,45780,45,0,8424649.3,20652521.3,2
CONT_s2_dynamic_TearsOfSteel,1789353214.353,0.1045,42780,43,0,7025915.7,20705380.8,3
CONT_s2_dynamic_TearsOfSteel,1789353214.458,0.1043,42312,34,0,18096116.4,51747677.6,4
CONT_s2_dynamic_TearsOfSteel,1789353214.562,0.1047,43864,36,0,15633382.9,71539646.6,4
CONT_s2_dynamic_TearsOfSteel,1789353214.667,0.1042,45416,38,0,16292947.6,68164538.1,4
CONT_s2_dynamic_TearsOfSteel,1789353214.771,0.1043,43812,35,0,15363581.7,77118817.9,4
CONT_s2_dynamic_TearsOfSteel,1789353214.875,0.1045,42728,42,0,11257381.7,24209878.3,2
CONT_s2_dynamic_TearsOfSteel,1789353214.98,0.1046,45780,45,0,6844857.0,20629084.5,2
CONT_s2_dynamic_TearsOfSteel,1789353215.084,0.1044,33932,35,0,7548634.4,23310235.6,4
CONT_s2_dynamic_TearsOfSteel,1789353215.189,0.1043,43760,34,0,17110210.3,61065580.9,4
CONT_s2_dynamic_TearsOfSteel,1789353215.293,0.1042,52864,42,0,14829621.2,86797935.0,4
CONT_s2_dynamic_TearsOfSteel,1789353215.397,0.1042,43504,34,0,13708561.0,78472132.6,4
CONT_s2_dynamic_TearsOfSteel,1789353215.502,0.1043,28924,27,0,19493701.4,56959463.8,4
CONT_s2_dynamic_TearsOfSteel,1789353215.606,0.1043,31035,29,0,5000310.6,11687439.0,4
CONT_s2_dynamic_TearsOfSteel,1789353215.71,0.1045,45812,44,0,4460187.4,49088487.1,4
CONT_s2_dynamic_TearsOfSteel,1789353215.815,0.1044,45288,54,4,11629022.8,61704571.9,4
CONT_s2_dynamic_TearsOfSteel,1789353215.919,0.1044,43568,52,15,12912538.9,60907716.6,4
CONT_s2_dynamic_TearsOfSteel,1789353216.024,0.1045,44084,40,2,14970499.6,72687366.6,4
CONT_s2_dynamic_TearsOfSteel,1789353216.128,0.1045,46616,56,7,10860627.7,71563704.0,4
CONT_s2_dynamic_TearsOfSteel,1789353216.233,0.1046,40628,50,6,10357723.1,69853768.7,4
CONT_s2_dynamic_TearsOfSteel,1789353216.337,0.1044,46689,40,0,15843594.5,71673729.6,4
CONT_s2_dynamic_TearsOfSteel,1789353216.442,0.1045,40812,33,0,7136440.5,57252379.0,2
CONT_s2_dynamic_TearsOfSteel,1789353216.546,0.1044,47311,39,0,14572589.9,56890258.8,4
CONT_s2_dynamic_TearsOfSteel,1789353216.65,0.1044,45312,36,0,14785853.3,74461972.4,4
CONT_s2_dynamic_TearsOfSteel,1789353216.756,0.1056,40968,36,0,20866638.8,80139824.5,4
CONT_s2_dynamic_TearsOfSteel,1789353216.86,0.1043,45780,45,0,14748359.7,24309361.7,2
CONT_s2_dynamic_TearsOfSteel,1789353216.965,0.1044,42780,43,0,8450838.9,20739724.5,3
CONT_s2_dynamic_TearsOfSteel,1789353217.069,0.1044,39312,32,0,16650023.8,45147130.6,4
CONT_s2_dynamic_TearsOfSteel,1789353217.174,0.1044,48312,38,0,12653012.4,78878455.4,4
CONT_s2_dynamic_TearsOfSteel,1789353217.278,0.1043,40864,34,0,15515541.4,88763172.8,4
CONT_s2_dynamic_TearsOfSteel,1789353217.382,0.1044,48416,40,0,15782773.5,57079137.2,4
CONT_s2_dynamic_TearsOfSteel,1789353217.487,0.1044,42780,43,0,12330634.0,29667126.0,4
CONT_s2_dynamic_TearsOfSteel,1789353217.591,0.1044,593884,462,4,142755.8,2256724.8,2
CONT_s2_dynamic_TearsOfSteel,1789353217.695,0.1044,36208,28,0,16910274.3,6701714.6,2
CONT_s2_dynamic_TearsOfSteel,1789353217.8,0.1044,73864,56,0,6980163.6,27596769.2,2
CONT_s2_dynamic_TearsOfSteel,1789353217.904,0.1044,83622,69,0,8858951.1,25751161.8,4
CONT_s2_dynamic_TearsOfSteel,1789353218.009,0.1049,10819,9,0,6344991.6,37903520.6,2
CONT_s2_dynamic_TearsOfSteel,1789353218.114,0.1045,308,1,0,19626239.0,232595935.0,1
CONT_s2_dynamic_TearsOfSteel,1789353218.218,0.1045,52,1,0,38924901.0,45753650.0,1
CONT_s2_dynamic_TearsOfSteel,1789353218.323,0.1044,0,0,0,0,0,0
CONT_s2_dynamic_TearsOfSteel,1789353218.427,0.1044,58712,48,0,11227475.7,59934726.4,2
CONT_s2_dynamic_TearsOfSteel,1789353218.532,0.1049,78520,62,0,6516969.0,31012746.5,2
CONT_s2_dynamic_TearsOfSteel,1789353218.638,0.1057,0,0,0,0,0,0
CONT_s2_dynamic_TearsOfSteel,1789353218.742,0.1044,0,0,0,0,0,0
CONT_s2_dynamic_TearsOfSteel,1789353218.846,0.1044,360,2,0,27724969.5,206446879.3,2
CONT_s2_dynamic_TearsOfSteel,1789353218.951,0.1044,0,0,0,0,0,0
CONT_s2_dynamic_TearsOfSteel,1789353219.055,0.1044,104,2,0,29384752.5,232907155.0,2
CONT_s2_dynamic_TearsOfSteel,1789353219.159,0.1044,78364,59,0,8048270.4,23185030.1,2
CONT_s2_dynamic_TearsOfSteel,1789353219.264,0.1045,54004,41,0,6294155.9,30528155.2,2
CONT_s2_dynamic_TearsOfSteel,1789353219.369,0.1046,0,0,0,0,0,0
CONT_s2_dynamic_TearsOfSteel,1789353219.473,0.1044,564,1,0,17766320.0,232389676.0,1
CONT_s2_dynamic_TearsOfSteel,1789353219.577,0.1045,52,1,0,42463382.0,45918983.0,1
CONT_s2_dynamic_TearsOfSteel,1789353219.682,0.1044,0,0,0,0,0,0
CONT_s2_dynamic_TearsOfSteel,1789353219.786,0.1044,15208,14,0,26797505.9,115904614.2,2
CONT_s2_dynamic_TearsOfSteel,1789353219.891,0.1043,80800,60,0,6869173.5,31567074.0,2
CONT_s2_dynamic_TearsOfSteel,1789353219.995,0.1045,40708,31,0,6683376.9,32154220.8,2
CONT_s2_dynamic_TearsOfSteel,1789353220.1,0.1045,30551,23,0,107553412.6,9687414.9,2
CONT_s2_dynamic_TearsOfSteel,1789353220.204,0.1046,80644,75,0,20578799.5,29808778.2,2
CONT_s2_dynamic_TearsOfSteel,1789353220.309,0.1044,78724,79,0,4889770.0,41359200.5,4
CONT_s2_dynamic_TearsOfSteel,1789353220.413,0.1045,79352,78,0,768518.3,39245979.9,2
CONT_s2_dynamic_TearsOfSteel,1789353220.517,0.1045,74868,92,0,3112814.0,36727262.1,4
CONT_s2_dynamic_TearsOfSteel,1789353220.622,0.1045,85876,100,0,4169179.8,49926497.8,4
CONT_s2_dynamic_TearsOfSteel,1789353220.727,0.1046,76760,85,1,7499339.7,51740845.2,4
CONT_s2_dynamic_TearsOfSteel,1789353220.831,0.1045,72772,79,0,8358154.0,67269003.1,4
CONT_s2_dynamic_TearsOfSteel,1789353220.935,0.1043,79508,90,0,7187398.4,63869983.0,4
CONT_s2_dynamic_TearsOfSteel,1789353221.04,0.1045,87056,98,1,7479175.6,59044182.4,4
CONT_s2_dynamic_TearsOfSteel,1789353221.144,0.1044,83216,105,1,3996367.1,46460151.8,4
CONT_s2_dynamic_TearsOfSteel,1789353221.25,0.1059,79713,69,4,7548050.3,18032219.7,4
CONT_s2_dynamic_TearsOfSteel,1789353221.355,0.1045,65020,53,0,5683351.0,21167238.6,2
CONT_s2_dynamic_TearsOfSteel,1789353221.459,0.1044,32102,25,0,15661178.9,10706456.6,2
CONT_s2_dynamic_TearsOfSteel,1789353221.564,0.1045,36450,28,0,8092152.6,36269647.4,3
CONT_s2_dynamic_TearsOfSteel,1789353221.668,0.1044,52,1,0,29516991.0,45965075.0,1
CONT_s2_dynamic_TearsOfSteel,1789353221.772,0.1044,0,0,0,0,0,0
CONT_s2_dynamic_TearsOfSteel,1789353221.877,0.1044,27260,23,0,17653466.2,81119597.5,2
CONT_s2_dynamic_TearsOfSteel,1789353221.981,0.1045,72312,54,0,6248946.4,31614259.4,2
CONT_s2_dynamic_TearsOfSteel,1789353222.086,0.1045,43708,33,0,5560700.3,29708968.6,2
CONT_s2_dynamic_TearsOfSteel,1789353222.19,0.1044,0,0,0,0,0,0
CONT_s2_dynamic_TearsOfSteel,1789353222.295,0.1044,308,1,0,17852371.0,233101598.0,1
CONT_s2_dynamic_TearsOfSteel,1789353222.399,0.1045,52,1,0,36467499.0,47748659.0,1
CONT_s2_dynamic_TearsOfSteel,1789353222.504,0.1045,0,0,0,0,0,0
CONT_s2_dynamic_TearsOfSteel,1789353222.608,0.1044,51364,41,0,11576037.7,69370158.2,2
CONT_s2_dynamic_TearsOfSteel,1789353222.713,0.1046,73404,57,0,6623131.0,31472844.1,2
CONT_s2_dynamic_TearsOfSteel,1789353222.817,0.1044,0,0,0,0,0,0
CONT_s2_dynamic_TearsOfSteel,1789353222.921,0.1045,0,0,0,0,0,0
CONT_s2_dynamic_TearsOfSteel,1789353223.026,0.1044,360,2,0,29669919.5,208326793.8,2
CONT_s2_dynamic_TearsOfSteel,1789353223.133,0.1068,0,0,0,0,0,0
CONT_s2_dynamic_TearsOfSteel,1789353223.237,0.1044,104,2,0,31048086.5,235314235.0,2
CONT_s2_dynamic_TearsOfSteel,1789353223.341,0.1044,65453,58,0,2263732.5,10720701.4,3
CONT_s2_dynamic_TearsOfSteel,1789353223.446,0.1045,72856,84,0,197721.3,39769658.5,2
CONT_s2_dynamic_TearsOfSteel,1789353223.551,0.1046,86216,110,11,1686178.5,27863943.0,2
CONT_s2_dynamic_TearsOfSteel,1789353223.655,0.1045,44072,40,0,2889885.5,209954.0,2
CONT_s2_dynamic_TearsOfSteel,1789353223.76,0.1045,77468,89,0,298934.7,39956863.8,2
CONT_s2_dynamic_TearsOfSteel,1789353223.864,0.1046,7832,10,5,1073647.0,21884437.0,2
CONT_s2_dynamic_TearsOfSteel,1789353223.969,0.1046,0,0,0,0,0,0
CONT_s2_dynamic_TearsOfSteel,1789353224.073,0.1046,360,2,0,17341826.0,212550385.7,2
CONT_s2_dynamic_TearsOfSteel,1789353224.178,0.1045,15499,12,0,220864970.3,521545.2,2
CONT_s2_dynamic_TearsOfSteel,1789353224.282,0.1046,84468,65,0,33816206.2,29793338.0,2
CONT_s2_dynamic_TearsOfSteel,1789353224.387,0.1046,78832,68,0,25029224.5,73609195.7,4
CONT_s2_dynamic_TearsOfSteel,1789353224.492,0.1046,80096,87,0,13644871.9,55182848.7,4
CONT_s2_dynamic_TearsOfSteel,1789353224.596,0.1046,73988,79,2,9595840.8,56413889.4,4
CONT_s2_dynamic_TearsOfSteel,1789353224.701,0.1047,85080,73,5,8472354.5,54828946.9,4
CONT_s2_dynamic_TearsOfSteel,1789353224.806,0.1046,73864,56,0,7508040.4,63930590.9,4
CONT_s2_dynamic_TearsOfSteel,1789353224.91,0.1046,73812,55,0,4705534.3,34835528.8,2
CONT_s2_dynamic_TearsOfSteel,1789353225.015,0.1047,79968,62,0,5143891.4,40149908.4,3
CONT_s2_dynamic_TearsOfSteel,1789353225.12,0.1046,84416,64,0,11150704.1,53589917.0,4
CONT_s2_dynamic_TearsOfSteel,1789353225.224,0.1046,78416,60,0,7630830.1,57330844.2,4
CONT_s2_dynamic_TearsOfSteel,1789353225.329,0.1047,76916,59,0,9860166.6,58939708.8,4
CONT_s2_dynamic_TearsOfSteel,1789353225.433,0.1046,72364,55,0,9562356.1,54182825.8,4
CONT_s2_dynamic_TearsOfSteel,1789353225.538,0.1047,81416,62,0,6335755.2,42510533.8,4
CONT_s2_dynamic_TearsOfSteel,1789353225.643,0.1048,81468,63,0,4381092.0,35555125.6,2
CONT_s2_dynamic_TearsOfSteel,1789353225.749,0.1064,75468,59,0,4854789.8,36307390.0,3
CONT_s2_dynamic_TearsOfSteel,1789353225.854,0.1048,79968,62,0,13243621.0,59015582.9,4
CONT_s2_dynamic_TearsOfSteel,1789353225.959,0.1046,81416,62,0,10374542.6,64662981.4,4
CONT_s2_dynamic_TearsOfSteel,1789353226.064,0.1048,78572,63,0,7238729.6,62179530.6,4
CONT_s2_dynamic_TearsOfSteel,1789353226.168,0.1046,70084,65,0,9813686.7,60769411.5,4
CONT_s2_dynamic_TearsOfSteel,1789353226.273,0.1046,82300,76,2,5298397.8,42808293.0,4
CONT_s2_dynamic_TearsOfSteel,1789353226.377,0.1047,81520,64,0,3624817.9,31735512.1,2
CONT_s2_dynamic_TearsOfSteel,1789353226.482,0.1046,80645,64,0,10471368.5,31679661.0,4
CONT_s2_dynamic_TearsOfSteel,1789353226.587,0.1047,78364,59,0,10467159.3,57566888.9,4
CONT_s2_dynamic_TearsOfSteel,1789353226.691,0.1046,70864,54,0,8324568.7,61587072.6,4
CONT_s2_dynamic_TearsOfSteel,1789353226.796,0.1046,81364,61,0,9638344.8,60976409.1,4
CONT_s2_dynamic_TearsOfSteel,1789353226.901,0.1047,79864,60,0,8214553.7,58578668.2,4
CONT_s2_dynamic_TearsOfSteel,1789353227.005,0.1047,67812,51,0,4911545.5,35641498.3,3
CONT_s2_dynamic_TearsOfSteel,1789353227.11,0.1049,81312,60,0,3700501.3,35256029.5,2
CONT_s2_dynamic_TearsOfSteel,1789353227.215,0.1048,82916,63,0,9904285.3,43234124.4,4
CONT_s2_dynamic_TearsOfSteel,1789353227.32,0.1047,72364,55,0,10984629.7,62702901.5,4
CONT_s2_dynamic_TearsOfSteel,1789353227.424,0.1047,79968,62,0,10120928.1,60208942.6,4
CONT_s2_dynamic_TearsOfSteel,1789353227.529,0.1047,82968,64,0,9584260.2,54967911.8,4
CONT_s2_dynamic_TearsOfSteel,1789353227.636,0.1064,75416,58,0,4650227.4,26789540.6,2
CONT_s2_dynamic_TearsOfSteel,1789353227.741,0.105,84364,63,0,3770010.3,31343609.1,2
CONT_s2_dynamic_TearsOfSteel,1789353227.845,0.1046,69724,55,0,5111760.6,32410901.7,4
CONT_s2_dynamic_TearsOfSteel,1789353227.95,0.1046,88764,69,0,12492265.7,48467392.0,4
CONT_s2_dynamic_TearsOfSteel,1789353228.055,0.1048,75468,59,0,10020324.4,61826039.7,4
CONT_s2_dynamic_TearsOfSteel,1789353228.159,0.1045,81520,64,0,9268671.5,55727387.3,4
CONT_s2_dynamic_TearsOfSteel,1789353228.264,0.1046,71020,57,0,4810055.4,28616297.0,2
CONT_s2_dynamic_TearsOfSteel,1789353228.368,0.1047,79864,60,0,3722203.7,30848361.9,2
CONT_s2_dynamic_TearsOfSteel,1789353228.474,0.1053,80276,63,0,4905669.1,31876137.6,4
CONT_s2_dynamic_TearsOfSteel,1789353228.578,0.1047,78364,59,0,9758451.6,35934493.9,4
CONT_s2_dynamic_TearsOfSteel,1789353228.683,0.1046,79660,61,0,10234356.9,56460751.7,4
CONT_s2_dynamic_TearsOfSteel,1789353228.788,0.1046,80072,64,0,10105322.1,48439975.1,4
CONT_s2_dynamic_TearsOfSteel,1789353228.892,0.1046,72572,59,0,6180311.0,25870278.8,4
CONT_s2_dynamic_TearsOfSteel,1789353228.997,0.1047,83072,66,0,3970997.2,19418352.2,2
CONT_s2_dynamic_TearsOfSteel,1789353229.102,0.1047,74775,61,0,3877247.4,18328566.7,3
CONT_s2_dynamic_TearsOfSteel,1789353229.206,0.1047,83124,67,0,4028776.2,19341060.5,3
CONT_s2_dynamic_TearsOfSteel,1789353229.311,0.1046,78884,69,0,12254543.7,39434788.1,4
CONT_s2_dynamic_TearsOfSteel,1789353229.416,0.1047,72780,63,0,7736048.0,54476222.3,4
CONT_s2_dynamic_TearsOfSteel,1789353229.52,0.1046,79916,61,0,7697473.4,53998001.5,4
CONT_s2_dynamic_TearsOfSteel,1789353229.625,0.1047,75520,60,0,4817677.0,23473379.4,2
CONT_s2_dynamic_TearsOfSteel,1789353229.731,0.1059,83072,66,0,4209537.5,28059128.6,2
CONT_s2_dynamic_TearsOfSteel,1789353229.836,0.1046,80380,65,0,4783151.9,33104529.9,4
CONT_s2_dynamic_TearsOfSteel,1789353229.94,0.1046,75468,59,0,4601402.3,34939275.8,3
CONT_s2_dynamic_TearsOfSteel,1789353230.045,0.1047,82968,64,0,10697452.5,51590186.8,4
CONT_s2_dynamic_TearsOfSteel,1789353230.149,0.1046,77904,60,0,9594591.6,56233123.3,4
CONT_s2_dynamic_TearsOfSteel,1789353230.256,0.1065,72416,56,0,10019870.8,61656012.1,4
CONT_s2_dynamic_TearsOfSteel,1789353230.361,0.1048,81468,63,0,5537442.8,35292239.8,4
CONT_s2_dynamic_TearsOfSteel,1789353230.465,0.1046,72312,54,0,3923019.7,31575463.4,2
CONT_s2_dynamic_TearsOfSteel,1789353230.57,0.1046,85968,66,0,3981646.1,33356071.8,2
CONT_s2_dynamic_TearsOfSteel,1789353230.674,0.1045,77276,61,0,11058255.6,67254038.2,4
CONT_s2_dynamic_TearsOfSteel,1789353230.779,0.1046,76916,59,0,11720524.9,58200746.3,4
CONT_s2_dynamic_TearsOfSteel,1789353230.884,0.1047,79660,61,0,8251021.8,64186523.8,4
CONT_s2_dynamic_TearsOfSteel,1789353230.988,0.1047,79916,61,0,10665669.9,61683395.8,4
CONT_s2_dynamic_TearsOfSteel,1789353231.093,0.1047,74332,65,0,9429185.0,64323224.8,4
CONT_s2_dynamic_TearsOfSteel,1789353231.198,0.1047,72416,56,0,8696881.6,60038072.9,4
CONT_s2_dynamic_TearsOfSteel,1789353231.302,0.1046,89020,69,0,5423393.3,48141106.4,4
CONT_s2_dynamic_TearsOfSteel,1789353231.407,0.1046,79384,77,0,6311611.8,46765725.2,4
CONT_s2_dynamic_TearsOfSteel,1789353231.512,0.1047,74192,83,0,8533900.5,59269462.0,4
CONT_s2_dynamic_TearsOfSteel,1789353231.617,0.1047,81400,84,0,9352603.3,50899927.2,4
CONT_s2_dynamic_TearsOfSteel,1789353231.721,0.1049,74404,65,1,8496565.7,52952400.5,4
CONT_s2_dynamic_TearsOfSteel,1789353231.826,0.1047,78468,61,0,5948762.3,55696022.2,4
CONT_s2_dynamic_TearsOfSteel,1789353231.931,0.1047,86176,70,0,2101537.0,37998884.4,2
CONT_s2_dynamic_TearsOfSteel,1789353232.036,0.1047,77328,62,0,4333566.7,49726449.1,4
CONT_s2_dynamic_TearsOfSteel,1789353232.141,0.105,72416,56,0,12760637.2,54162242.7,4
CONT_s2_dynamic_TearsOfSteel,1789353232.247,0.1069,78160,60,0,10052471.7,59045313.6,4
CONT_s2_dynamic_TearsOfSteel,1789353232.352,0.1047,85968,66,0,9500255.0,61675256.3,4
CONT_s2_dynamic_TearsOfSteel,1789353232.457,0.1047,76968,60,0,9387216.6,65796552.0,4
CONT_s2_dynamic_TearsOfSteel,1789353232.561,0.1046,73968,58,0,5631086.5,28482074.9,4
CONT_s2_dynamic_TearsOfSteel,1789353232.666,0.1046,82130,65,0,3966531.6,23053104.5,2
CONT_s2_dynamic_TearsOfSteel,1789353232.771,0.1046,80020,63,0,10427984.6,32474962.0,4
CONT_s2_dynamic_TearsOfSteel,1789353232.875,0.1047,76916,59,0,10693996.4,52207514.5,4
CONT_s2_dynamic_TearsOfSteel,1789353232.98,0.1047,79916,61,0,9832953.7,60930593.6,4
CONT_s2_dynamic_TearsOfSteel,1789353233.085,0.1047,76916,59,0,9482655.9,58368066.7,4
CONT_s2_dynamic_TearsOfSteel,1789353233.189,0.1046,75416,58,0,4472669.8,38655981.6,2
CONT_s2_dynamic_TearsOfSteel,1789353233.294,0.1046,76916,59,0,4016290.9,38361544.5,2
CONT_s2_dynamic_TearsOfSteel,1789353233.399,0.1047,78724,61,0,4893049.7,42827644.6,4
CONT_s2_dynamic_TearsOfSteel,1789353233.503,0.1047,80072,64,0,7211502.9,49514306.4,4
CONT_s2_dynamic_TearsOfSteel,1789353233.608,0.1047,77592,72,0,9609568.4,48497283.9,4
CONT_s2_dynamic_TearsOfSteel,1789353233.713,0.1046,81416,62,0,10186703.6,66601129.0,4
CONT_s2_dynamic_TearsOfSteel,1789353233.817,0.1046,80916,81,0,7522178.2,62043040.3,4
CONT_s2_dynamic_TearsOfSteel,1789353233.922,0.1048,78744,87,0,9116389.6,57525403.9,4
CONT_s2_dynamic_TearsOfSteel,1789353234.027,0.1046,79696,80,4,7447668.3,46380500.6,4
CONT_s2_dynamic_TearsOfSteel,1789353234.134,0.1076,82968,64,0,5764667.1,35463916.7,4
CONT_s2_dynamic_TearsOfSteel,1789353234.239,0.1046,72404,56,0,9363705.7,61319970.2,4
CONT_s2_dynamic_TearsOfSteel,1789353234.343,0.1046,83176,68,0,2683455.4,41018686.3,3
CONT_s2_dynamic_TearsOfSteel,1789353234.448,0.1046,79350,68,0,2026964.5,37500686.5,2
CONT_s2_dynamic_TearsOfSteel,1789353234.553,0.1047,79798,79,0,24441561.3,31805373.5,3
CONT_s2_dynamic_TearsOfSteel,1789353234.657,0.1046,70404,70,0,492843843.7,57255033.7,4
CONT_s2_dynamic_TearsOfSteel,1789353234.762,0.1046,83768,81,5,187020241.7,50278516.9,4
CONT_s2_dynamic_TearsOfSteel,1789353234.867,0.1047,72364,55,0,3963605.3,45403063.4,2
CONT_s2_dynamic_TearsOfSteel,1789353234.971,0.1047,84364,63,0,3610312.3,45720264.1,2
CONT_s2_dynamic_TearsOfSteel,1789353235.076,0.1048,72312,54,0,3589328.8,47367598.7,2
CONT_s2_dynamic_TearsOfSteel,1789353235.181,0.1047,73812,55,0,3574940.5,48650713.7,2
CONT_s2_dynamic_TearsOfSteel,1789353235.285,0.1046,92124,73,0,2853797.8,47097841.4,2
CONT_s2_dynamic_TearsOfSteel,1789353235.39,0.1047,67968,54,0,2744512.3,44966150.7,2
CONT_s2_dynamic_TearsOfSteel,1789353235.495,0.1046,87988,77,0,893844.2,42046765.0,2
CONT_s2_dynamic_TearsOfSteel,1789353235.599,0.1048,79352,78,0,218618.3,33785218.5,2
CONT_s2_dynamic_TearsOfSteel,1789353235.704,0.1047,79352,78,0,75421.3,34825783.3,2
CONT_s2_dynamic_TearsOfSteel,1789353235.809,0.1046,79352,78,0,35533.7,34284297.2,2
CONT_s2_dynamic_TearsOfSteel,1789353235.913,0.1046,79352,78,0,41476.7,35787306.4,2
CONT_s2_dynamic_TearsOfSteel,1789353236.018,0.1048,79352,78,0,37018.0,37218151.9,2
CONT_s2_dynamic_TearsOfSteel,1789353236.123,0.1048,79352,78,0,38194.3,38728352.2,2
CONT_s2_dynamic_TearsOfSteel,1789353236.228,0.1049,79352,78,0,43226.3,38253143.6,2
CONT_s2_dynamic_TearsOfSteel,1789353236.332,0.1046,78156,81,0,73154.4,39110212.9,2
CONT_s2_dynamic_TearsOfSteel,1789353236.437,0.1046,81264,103,0,68544.8,30272314.2,2
CONT_s2_dynamic_TearsOfSteel,1789353236.542,0.1047,79752,102,1,62197.5,27415512.5,2
CONT_s2_dynamic_TearsOfSteel,1789353236.646,0.1046,81718,66,0,1604800.1,36433517.3,2
CONT_s2_dynamic_TearsOfSteel,1789353236.753,0.1066,79352,78,0,144551.7,31304185.5,2
CONT_s2_dynamic_TearsOfSteel,1789353236.858,0.1047,75470,77,0,120325336.9,46857525.4,4
CONT_s2_dynamic_TearsOfSteel,1789353236.962,0.1047,76856,77,3,108375083.5,54360155.3,4
CONT_s2_dynamic_TearsOfSteel,1789353237.067,0.1048,83171,101,0,35467342.2,44412611.1,4
CONT_s2_dynamic_TearsOfSteel,1789353237.172,0.1045,79948,102,5,3513459.5,31366157.4,2
CONT_s2_dynamic_TearsOfSteel,1789353237.276,0.1046,78852,67,1,3431991.3,33071405.7,2
CONT_s2_dynamic_TearsOfSteel,1789353237.381,0.1047,76916,59,0,3340309.5,37064202.8,2
CONT_s2_dynamic_TearsOfSteel,1789353237.485,0.1046,82916,63,0,3228087.3,39687363.6,2
CONT_s2_dynamic_TearsOfSteel,1789353237.59,0.1048,72364,55,0,3293473.2,41362233.9,2
CONT_s2_dynamic_TearsOfSteel,1789353237.695,0.1047,76864,58,0,3339206.0,43099930.9,2
CONT_s2_dynamic_TearsOfSteel,1789353237.8,0.1046,87624,70,0,1877172.4,40314658.2,2
CONT_s2_dynamic_TearsOfSteel,1789353237.904,0.1047,71228,61,0,2706955.1,43550845.2,2
CONT_s2_dynamic_TearsOfSteel,1789353238.009,0.1047,76812,57,0,3281757.1,50029381.3,2
CONT_s2_dynamic_TearsOfSteel,1789353238.114,0.1047,86020,67,0,2886058.0,49046432.7,2
CONT_s2_dynamic_TearsOfSteel,1789353238.218,0.1047,80748,77,0,482959.9,36850146.5,2
CONT_s2_dynamic_TearsOfSteel,1789353238.323,0.1047,79352,78,0,101382.3,34276324.8,2
CONT_s2_dynamic_TearsOfSteel,1789353238.428,0.1047,79352,78,0,43553.7,34241449.1,2
CONT_s2_dynamic_TearsOfSteel,1789353238.533,0.1048,77852,77,0,36933.8,34705000.5,2
CONT_s2_dynamic_TearsOfSteel,1789353238.638,0.1051,80852,79,0,34310.7,35266419.1,2
CONT_s2_dynamic_TearsOfSteel,1789353238.743,0.1054,79352,78,0,38994.7,37203597.3,2
CONT_s2_dynamic_TearsOfSteel,1789353238.848,0.1045,77852,77,0,38750.3,39235029.6,2
CONT_s2_dynamic_TearsOfSteel,1789353238.953,0.1052,80852,79,0,49962.9,37281896.6,2
CONT_s2_dynamic_TearsOfSteel,1789353239.058,0.1048,77852,77,0,51690.1,39927220.2,2
CONT_s2_dynamic_TearsOfSteel,1789353239.162,0.1045,81176,102,0,90010.7,33570893.1,2
CONT_s2_dynamic_TearsOfSteel,1789353239.267,0.1047,81328,104,0,65293.0,29796766.8,2
CONT_s2_dynamic_TearsOfSteel,1789353239.372,0.1048,80100,88,1,82899.0,32639258.6,2
CONT_s2_dynamic_TearsOfSteel,1789353239.476,0.1047,79387,76,0,572291.4,23453028.6,2
CONT_s2_dynamic_TearsOfSteel,1789353239.581,0.1047,79352,78,0,87065.0,34303105.1,2
CONT_s2_dynamic_TearsOfSteel,1789353239.686,0.1045,79352,78,0,51114.3,36785255.6,2
CONT_s2_dynamic_TearsOfSteel,1789353239.79,0.1046,79352,78,0,36280.3,39838858.9,2
CONT_s2_dynamic_TearsOfSteel,1789353239.895,0.1046,79664,101,0,95116.2,33539446.1,2
CONT_s2_dynamic_TearsOfSteel,1789353240.0,0.1047,81264,103,0,75636.6,29812492.8,2
CONT_s2_dynamic_TearsOfSteel,1789353240.104,0.1048,81328,104,1,65995.5,32450703.4,2
CONT_s2_dynamic_TearsOfSteel,1789353240.209,0.1047,81328,104,0,73658.5,33080331.0,2
CONT_s2_dynamic_TearsOfSteel,1789353240.314,0.1046,81328,104,0,59996.5,35221964.7,2
CONT_s2_dynamic_TearsOfSteel,1789353240.418,0.1047,79960,86,1,61256.0,39776874.2,2
CONT_s2_dynamic_TearsOfSteel,1789353240.523,0.1046,79352,78,0,26352.0,37766443.1,2
CONT_s2_dynamic_TearsOfSteel,1789353240.628,0.1046,78144,81,0,56595.9,40414742.6,2
CONT_s2_dynamic_TearsOfSteel,1789353240.732,0.1046,81488,103,0,37456.1,32909453.5,2
CONT_s2_dynamic_TearsOfSteel,1789353240.837,0.1046,81744,104,0,64723.5,31862474.4,2
CONT_s2_dynamic_TearsOfSteel,1789353240.941,0.1046,81744,104,1,82346.5,34638024.5,2
CONT_s2_dynamic_TearsOfSteel,1789353241.046,0.1047,81744,104,0,92645.0,34330802.2,2
CONT_s2_dynamic_TearsOfSteel,1789353241.151,0.1045,81744,104,0,73085.5,36898219.5,2
CONT_s2_dynamic_TearsOfSteel,1789353241.256,0.1056,81384,104,1,82237.5,40594036.7,2
CONT_s2_dynamic_TearsOfSteel,1789353241.361,0.1046,79864,83,1,364958.8,15546344.0,2
CONT_s2_dynamic_TearsOfSteel,1789353241.466,0.1047,80236,89,0,81671.1,38303727.5,2
CONT_s2_dynamic_TearsOfSteel,1789353241.57,0.1049,81882,101,0,60729652.5,37240384.6,4
CONT_s2_dynamic_TearsOfSteel,1789353241.675,0.1046,77944,92,1,93447793.5,44636318.4,4
CONT_s2_dynamic_TearsOfSteel,1789353241.78,0.1046,70084,82,0,74391427.5,58494498.7,4
CONT_s2_dynamic_TearsOfSteel,1789353241.884,0.1047,85968,104,0,36319969.0,65017727.6,4
CONT_s2_dynamic_TearsOfSteel,1789353241.989,0.1047,87635,108,1,28249964.3,60544785.9,4
CONT_s2_dynamic_TearsOfSteel,1789353242.094,0.1047,82944,107,0,7192570.4,53398091.1,3
CONT_s2_dynamic_TearsOfSteel,1789353242.198,0.1046,81328,104,0,112787.5,39394127.8,2
CONT_s2_dynamic_TearsOfSteel,1789353242.303,0.1045,80364,103,0,88384.4,39936594.3,2
CONT_s2_dynamic_TearsOfSteel,1789353242.407,0.1047,82080,103,1,80492.6,42236660.5,2
CONT_s2_dynamic_TearsOfSteel,1789353242.512,0.1047,82160,104,0,75415.5,40591726.7,2
CONT_s2_dynamic_TearsOfSteel,1789353242.617,0.1049,82160,104,0,94869.5,41890337.0,2
CONT_s2_dynamic_TearsOfSteel,1789353242.722,0.1047,82160,104,1,68881.5,42165105.3,2
CONT_s2_dynamic_TearsOfSteel,1789353242.826,0.1046,82160,104,0,59725.0,39981137.0,2
CONT_s2_dynamic_TearsOfSteel,1789353242.931,0.1046,82160,104,0,76133.0,40975073.2,2
CONT_s2_dynamic_TearsOfSteel,1789353243.036,0.1048,82160,104,0,63587.5,43332780.0,2
CONT_s2_dynamic_TearsOfSteel,1789353243.141,0.1048,80660,103,1,99179.4,40542566.8,2
CONT_s2_dynamic_TearsOfSteel,1789353243.245,0.1048,83660,105,0,72921.5,39939538.3,2
CONT_s2_dynamic_TearsOfSteel,1789353243.352,0.1068,82220,102,36,2390801.9,29305766.0,2
CONT_s2_dynamic_TearsOfSteel,1789353243.457,0.1047,79352,78,0,251483.7,33299098.7,2
CONT_s2_dynamic_TearsOfSteel,1789353243.562,0.1048,76746,76,0,30206012.2,35640254.0,4
CONT_s2_dynamic_TearsOfSteel,1789353243.666,0.1045,78704,86,0,51685701.2,45270115.0,4
CONT_s2_dynamic_TearsOfSteel,1789353243.771,0.1046,77792,92,2,30181121.2,50708008.1,4
CONT_s2_dynamic_TearsOfSteel,1789353243.876,0.1047,88396,103,0,22115947.0,52493485.3,4
CONT_s2_dynamic_TearsOfSteel,1789353243.98,0.1047,77552,91,0,23943585.3,54416007.9,4
CONT_s2_dynamic_TearsOfSteel,1789353244.085,0.1047,79920,70,1,17207098.0,45889489.3,4
CONT_s2_dynamic_TearsOfSteel,1789353244.189,0.1046,77176,64,0,12741100.3,51710711.3,4
CONT_s2_dynamic_TearsOfSteel,1789353244.294,0.1046,82196,77,0,12040127.6,47760847.1,4
CONT_s2_dynamic_TearsOfSteel,1789353244.399,0.1046,77644,73,0,11891798.8,51602366.1,4
CONT_s2_dynamic_TearsOfSteel,1789353244.503,0.1046,77412,89,0,7559458.9,51555930.5,4
CONT_s2_dynamic_TearsOfSteel,1789353244.608,0.1044,79589,71,2,11488816.9,52664952.3,4
CONT_s2_dynamic_TearsOfSteel,1789353244.713,0.1048,75364,57,0,3496203.5,43419653.2,2
CONT_s2_dynamic_TearsOfSteel,1789353244.817,0.1046,82864,62,0,3362012.9,44567451.8,2
CONT_s2_dynamic_TearsOfSteel,1789353244.922,0.1048,78676,65,0,1639768.8,39459972.7,2
CONT_s2_dynamic_TearsOfSteel,1789353245.027,0.1048,78884,69,0,1742733.2,39827703.6,2
CONT_s2_dynamic_TearsOfSteel,1789353245.134,0.1069,80852,79,0,228954.3,27267474.4,2
CONT_s2_dynamic_TearsOfSteel,1789353245.238,0.1046,79352,78,0,70998.0,29298357.0,2
CONT_s2_dynamic_TearsOfSteel,1789353245.343,0.1047,79352,78,0,50315.3,31346331.3,2
CONT_s2_dynamic_TearsOfSteel,1789353245.448,0.1048,79352,78,0,52429.7,32886623.1,2
CONT_s2_dynamic_TearsOfSteel,1789353245.552,0.1047,79422,76,0,649235.8,23561626.8,2
CONT_s2_dynamic_TearsOfSteel,1789353245.657,0.1045,75246,75,0,2059025.7,33353452.3,3
CONT_s2_dynamic_TearsOfSteel,1789353245.762,0.1046,82932,87,0,17602443.9,49005279.8,4
CONT_s2_dynamic_TearsOfSteel,1789353245.866,0.1046,76900,81,2,18199379.2,53913509.5,4
CONT_s2_dynamic_TearsOfSteel,1789353245.971,0.1047,78468,61,0,16980730.2,56851914.9,4
CONT_s2_dynamic_TearsOfSteel,1789353246.076,0.1047,76968,60,0,14179417.9,59470008.0,4
CONT_s2_dynamic_TearsOfSteel,1789353246.18,0.1045,79026,62,0,12774748.0,64441856.9,4
CONT_s2_dynamic_TearsOfSteel,1789353246.285,0.1046,75312,56,0,3705644.1,52558395.3,2
CONT_s2_dynamic_TearsOfSteel,1789353246.389,0.1047,85300,81,0,669665.0,32044231.9,2
CONT_s2_dynamic_TearsOfSteel,1789353246.494,0.1046,79352,78,0,141547.0,30861487.4,2
CONT_s2_dynamic_TearsOfSteel,1789353246.599,0.1048,79352,78,0,51469.7,31335101.7,2
CONT_s2_dynamic_TearsOfSteel,1789353246.704,0.1048,79352,78,0,34694.0,32494735.3,2
CONT_s2_dynamic_TearsOfSteel,1789353246.808,0.1046,77852,77,0,32572.7,34256044.6,2
CONT_s2_dynamic_TearsOfSteel,1789353246.913,0.1047,79352,78,0,46293.7,34316366.2,2
CONT_s2_dynamic_TearsOfSteel,1789353247.018,0.1047,79352,78,0,29909.3,34768716.7,2
CONT_s2_dynamic_TearsOfSteel,1789353247.123,0.1048,25703,23,0,956756.3,37316630.3,2
CONT_s2_dynamic_TearsOfSteel,1789353247.227,0.1047,61278,57,0,2483857.1,18645292.7,2
CONT_s2_dynamic_TearsOfSteel,1789353247.332,0.1046,40294,38,0,1850409.0,38822921.6,2
CONT_s2_dynamic_TearsOfSteel,1789353247.436,0.1046,0,0,0,0,0,0
CONT_s2_dynamic_TearsOfSteel,1789353247.541,0.1047,0,0,0,0,0,0
CONT_s2_dynamic_TearsOfSteel,1789353247.646,0.1046,0,0,0,0,0,0
CONT_s2_dynamic_TearsOfSteel,1789353247.752,0.106,0,0,0,0,0,0
CONT_s2_dynamic_TearsOfSteel,1789353247.856,0.1046,0,0,0,0,0,0
CONT_s2_dynamic_TearsOfSteel,1789353247.961,0.1046,0,0,0,0,0,0
CONT_s2_dynamic_TearsOfSteel,1789353248.066,0.1047,15499,12,0,63607996.2,613904.5,2
CONT_s2_dynamic_TearsOfSteel,1789353248.17,0.1046,83488,74,0,8866901.5,26083409.2,2
CONT_s2_dynamic_TearsOfSteel,1789353248.275,0.1046,77852,77,0,1925346.0,36751794.7,2
CONT_s2_dynamic_TearsOfSteel,1789353248.379,0.1047,79352,78,0,385482.7,38615481.2,2
CONT_s2_dynamic_TearsOfSteel,1789353248.484,0.1048,80112,88,0,95258.1,39401882.3,2
CONT_s2_dynamic_TearsOfSteel,1789353248.589,0.1048,81328,104,0,74703.5,29839825.8,2
CONT_s2_dynamic_TearsOfSteel,1789353248.694,0.1046,81164,102,1,105091.1,31318628.4,2
CONT_s2_dynamic_TearsOfSteel,1789353248.798,0.1047,79352,78,0,59838.7,29861409.8,2
CONT_s2_dynamic_TearsOfSteel,1789353248.903,0.1048,79352,78,0,46018.0,33255989.0,2
CONT_s2_dynamic_TearsOfSteel,1789353249.008,0.1048,77852,77,0,32990.1,35733979.1,2
CONT_s2_dynamic_TearsOfSteel,1789353249.113,0.1048,79352,78,0,49248.3,37929362.7,2
CONT_s2_dynamic_TearsOfSteel,1789353249.217,0.1048,80124,88,0,75306.6,39897617.9,2
CONT_s2_dynamic_TearsOfSteel,1789353249.322,0.1046,81672,104,0,83000.5,30877727.8,2
CONT_s2_dynamic_TearsOfSteel,1789353249.427,0.1051,81744,104,1,87908.5,33611266.9,2
CONT_s2_dynamic_TearsOfSteel,1789353249.532,0.105,81816,105,0,117836.5,32842416.8,2
CONT_s2_dynamic_TearsOfSteel,1789353249.637,0.1052,81672,103,0,64397.8,34884484.8,2
CONT_s2_dynamic_TearsOfSteel,1789353249.742,0.1048,27597,36,2,1482403.0,19808447.5,2
CONT_s2_dynamic_TearsOfSteel,1789353249.847,0.1046,58226,54,0,2050312.6,18895205.7,2
CONT_s2_dynamic_TearsOfSteel,1789353249.951,0.1046,43298,42,0,1288836.1,37750482.9,2
CONT_s2_dynamic_TearsOfSteel,1789353250.056,0.1047,0,0,0,0,0,0
CONT_s2_dynamic_TearsOfSteel,1789353250.161,0.1046,0,0,0,0,0,0
CONT_s2_dynamic_TearsOfSteel,1789353250.265,0.1046,0,0,0,0,0,0
CONT_s2_dynamic_TearsOfSteel,1789353250.37,0.1047,0,0,0,0,0,0
CONT_s2_dynamic_TearsOfSteel,1789353250.475,0.1046,0,0,0,0,0,0
CONT_s2_dynamic_TearsOfSteel,1789353250.579,0.1046,0,0,0,0,0,0
CONT_s2_dynamic_TearsOfSteel,1789353250.684,0.1045,0,0,0,0,0,0
CONT_s2_dynamic_TearsOfSteel,1789353250.788,0.1046,0,0,0,0,0,0
CONT_s2_dynamic_TearsOfSteel,1789353250.893,0.1047,0,0,0,0,0,0
CONT_s2_dynamic_TearsOfSteel,1789353250.997,0.1046,0,0,0,0,0,0
CONT_s2_dynamic_TearsOfSteel,1789353251.102,0.1047,0,0,0,0,0,0
CONT_s2_dynamic_TearsOfSteel,1789353251.207,0.1047,0,0,0,0,0,0
CONT_s2_dynamic_TearsOfSteel,1789353251.311,0.1046,0,0,0,0,0,0
CONT_s2_dynamic_TearsOfSteel,1789353251.416,0.1046,0,0,0,0,0,0
CONT_s2_dynamic_TearsOfSteel,1789353251.521,0.1045,0,0,0,0,0,0
CONT_s2_dynamic_TearsOfSteel,1789353251.625,0.1047,0,0,0,0,0,0
CONT_s2_dynamic_TearsOfSteel,1789353251.73,0.1047,0,0,0,0,0,0
CONT_s2_dynamic_TearsOfSteel,1789353251.835,0.1046,0,0,0,0,0,0
CONT_s2_dynamic_TearsOfSteel,1789353251.939,0.1045,0,0,0,0,0,0
CONT_s2_dynamic_TearsOfSteel,1789353252.044,0.1047,0,0,0,0,0,0
CONT_s2_dynamic_TearsOfSteel,1789353252.148,0.1045,0,0,0,0,0,0
CONT_s2_dynamic_TearsOfSteel,1789353252.255,0.1063,70019,58,0,43845203.4,16925893.8,2
CONT_s2_dynamic_TearsOfSteel,1789353252.359,0.1047,79352,78,0,9560882.7,33209692.9,2
CONT_s2_dynamic_TearsOfSteel,1789353252.464,0.1046,79352,78,0,1748552.7,35730461.6,2
CONT_s2_dynamic_TearsOfSteel,1789353252.569,0.1049,79352,78,0,351410.7,37956289.6,2
CONT_s2_dynamic_TearsOfSteel,1789353252.673,0.1046,78460,85,0,119468.0,40293518.6,2
CONT_s2_dynamic_TearsOfSteel,1789353252.778,0.1046,81560,103,0,47397.6,32631107.6,2
CONT_s2_dynamic_TearsOfSteel,1789353252.883,0.1047,81744,104,1,60783.5,34244667.0,2
CONT_s2_dynamic_TearsOfSteel,1789353252.987,0.1047,81744,104,0,68105.0,32642014.6,2
CONT_s2_dynamic_TearsOfSteel,1789353253.092,0.1048,81744,104,0,69629.5,34881915.2,2
CONT_s2_dynamic_TearsOfSteel,1789353253.197,0.1045,81728,104,1,55275.0,40438614.6,2
CONT_s2_dynamic_TearsOfSteel,1789353253.301,0.1046,79828,103,0,59291.7,37227750.7,2
CONT_s2_dynamic_TearsOfSteel,1789353253.406,0.1049,81500,107,0,99590.2,39408434.9,4
CONT_s2_dynamic_TearsOfSteel,1789353253.511,0.1051,81857,103,0,712366.4,44282732.2,4
CONT_s2_dynamic_TearsOfSteel,1789353253.616,0.105,81728,100,1,2129944.4,43587085.8,4
CONT_s2_dynamic_TearsOfSteel,1789353253.721,0.1049,81728,100,0,2957869.2,47747819.3,4
CONT_s2_dynamic_TearsOfSteel,1789353253.826,0.1049,81728,100,0,3852908.4,50833129.4,4
CONT_s2_dynamic_TearsOfSteel,1789353253.931,0.1048,81728,100,0,4146307.4,48800415.4,4
CONT_s2_dynamic_TearsOfSteel,1789353254.036,0.1049,81944,102,0,2093500.8,47261881.1,4
CONT_s2_dynamic_TearsOfSteel,1789353254.141,0.105,80358,89,11,7719390.1,33421496.2,4
CONT_s2_dynamic_TearsOfSteel,1789353254.246,0.1055,79352,78,0,4065813.7,11306028.2,2
CONT_s2_dynamic_TearsOfSteel,1789353254.351,0.1048,79352,78,0,2969730.3,11376184.2,2
CONT_s2_dynamic_TearsOfSteel,1789353254.456,0.1048,76590,73,0,9333076.7,13880260.1,4
CONT_s2_dynamic_TearsOfSteel,1789353254.56,0.1048,82092,75,0,6987538.3,37583448.1,4
CONT_s2_dynamic_TearsOfSteel,1789353254.665,0.1047,79538,76,0,4597328.1,22340118.1,4
CONT_s2_dynamic_TearsOfSteel,1789353254.77,0.1047,79352,78,0,2996322.7,11380395.2,2
CONT_s2_dynamic_TearsOfSteel,1789353254.875,0.1048,51936,52,0,2753416.7,11369496.2,2
CONT_s2_dynamic_TearsOfSteel,1789353254.979,0.1047,66780,59,0,2539854.5,12863826.4,2
CONT_s2_dynamic_TearsOfSteel,1789353255.084,0.1049,71096,81,10,1180354.3,30535960.9,2
CONT_s2_dynamic_TearsOfSteel,1789353255.189,0.1049,0,0,0,0,0,0
CONT_s2_dynamic_TearsOfSteel,1789353255.294,0.1047,0,0,0,0,0,0
CONT_s2_dynamic_TearsOfSteel,1789353255.399,0.1048,616,2,0,17411453.5,219689034.5,2
CONT_s2_dynamic_TearsOfSteel,1789353255.503,0.1048,0,0,0,0,0,0
CONT_s2_dynamic_TearsOfSteel,1789353255.608,0.1048,15156,13,0,21674063.7,119423969.5,2
CONT_s2_dynamic_TearsOfSteel,1789353255.713,0.1049,78716,74,0,3397040.3,39988174.6,2
CONT_s2_dynamic_TearsOfSteel,1789353255.818,0.1047,43916,56,8,2232913.5,32431967.7,2
CONT_s2_dynamic_TearsOfSteel,1789353255.923,0.1048,0,0,0,0,0,0
CONT_s2_dynamic_TearsOfSteel,1789353256.027,0.1048,1076,1,0,16892691.0,246364307.0,1
CONT_s2_dynamic_TearsOfSteel,1789353256.134,0.1072,30603,24,0,73924845.7,9801854.3,3
CONT_s2_dynamic_TearsOfSteel,1789353256.239,0.1047,83696,78,0,13725254.6,25127555.3,2
CONT_s2_dynamic_TearsOfSteel,1789353256.344,0.1047,79508,81,0,3706587.6,29870317.0,4
CONT_s2_dynamic_TearsOfSteel,1789353256.449,0.1048,77592,72,0,8193304.1,50392163.1,4
CONT_s2_dynamic_TearsOfSteel,1789353256.554,0.1048,75324,79,0,6148215.4,48606989.7,4
CONT_s2_dynamic_TearsOfSteel,1789353256.658,0.1046,75528,74,4,7982530.5,52560807.3,4
CONT_s2_dynamic_TearsOfSteel,1789353256.763,0.1047,84572,67,0,9194014.6,60768304.7,4
CONT_s2_dynamic_TearsOfSteel,1789353256.868,0.1047,80020,63,0,8781075.4,62848709.2,4
CONT_s2_dynamic_TearsOfSteel,1789353256.973,0.1048,73864,56,0,4281090.9,47419731.7,2
CONT_s2_dynamic_TearsOfSteel,1789353257.077,0.1048,84468,65,0,9435553.8,46080885.3,4
CONT_s2_dynamic_TearsOfSteel,1789353257.182,0.1047,76916,59,0,9619778.7,65583238.3,4
CONT_s2_dynamic_TearsOfSteel,1789353257.287,0.1047,76968,60,0,9815997.1,62719552.3,4
CONT_s2_dynamic_TearsOfSteel,1789353257.392,0.1049,78520,62,0,10587099.6,62395017.1,4
CONT_s2_dynamic_TearsOfSteel,1789353257.496,0.1048,76968,60,0,9804110.9,52222630.9,4
CONT_s2_dynamic_TearsOfSteel,1789353257.601,0.1048,81901,68,0,7009981.8,46103210.4,6
CONT_s2_dynamic_TearsOfSteel,1789353257.706,0.1049,72624,60,0,6768375.1,47167220.7,4
CONT_s2_dynamic_TearsOfSteel,1789353257.811,0.1049,84624,68,0,6936307.1,48167672.3,4
CONT_s2_dynamic_TearsOfSteel,1789353257.916,0.105,72520,58,0,7851452.1,50583213.6,4
CONT_s2_dynamic_TearsOfSteel,1789353258.021,0.105,75520,60,0,8238447.0,52793024.2,4
CONT_s2_dynamic_TearsOfSteel,1789353258.126,0.1051,78520,62,0,8530379.5,54828151.6,4
CONT_s2_dynamic_TearsOfSteel,1789353258.231,0.1051,81520,64,0,8776472.8,56725254.7,4
CONT_s2_dynamic_TearsOfSteel,1789353258.336,0.1049,84520,66,0,8967629.4,58736387.5,4
CONT_s2_dynamic_TearsOfSteel,1789353258.441,0.1049,79144,74,0,6580811.0,46219770.1,4
CONT_s2_dynamic_TearsOfSteel,1789353258.546,0.1051,79352,78,0,5907910.9,44361241.1,4
CONT_s2_dynamic_TearsOfSteel,1789353258.651,0.105,80904,80,0,5795411.1,45658869.4,4
CONT_s2_dynamic_TearsOfSteel,1789353258.757,0.1062,79352,78,0,6098809.9,46849667.8,4
CONT_s2_dynamic_TearsOfSteel,1789353258.862,0.105,77800,76,0,3074716.7,44552740.1,4
CONT_s2_dynamic_TearsOfSteel,1789353258.967,0.105,80904,80,0,5495849.8,49427496.9,4
CONT_s2_dynamic_TearsOfSteel,1789353259.073,0.1051,79352,78,0,5922324.5,48622761.1,4
CONT_s2_dynamic_TearsOfSteel,1789353259.178,0.1052,80036,87,0,5875050.2,49835423.1,4
CONT_s2_dynamic_TearsOfSteel,1789353259.283,0.105,81024,100,0,6957356.5,51154609.4,4
CONT_s2_dynamic_TearsOfSteel,1789353259.388,0.1052,72708,83,1,9314738.0,48219337.9,4
CONT_s2_dynamic_TearsOfSteel,1789353259.493,0.1051,77020,61,0,8334548.9,54126017.9,4
CONT_s2_dynamic_TearsOfSteel,1789353259.598,0.1052,84520,66,0,8316735.5,57934815.8,4
CONT_s2_dynamic_TearsOfSteel,1789353259.703,0.1051,78468,61,0,9250327.3,63512875.9,4
CONT_s2_dynamic_TearsOfSteel,1789353259.808,0.105,83696,78,0,5339190.6,51180881.9,4
CONT_s2_dynamic_TearsOfSteel,1789353259.914,0.1055,79540,80,0,5540029.6,36153203.5,4
CONT_s2_dynamic_TearsOfSteel,1789353260.019,0.1051,71248,83,0,4889757.3,49420313.6,4
CONT_s2_dynamic_TearsOfSteel,1789353260.124,0.105,87630,86,2,18918455.7,54138481.8,5
CONT_s2_dynamic_TearsOfSteel,1789353260.229,0.1049,77072,62,0,276943885.5,62470685.2,6
CONT_s2_dynamic_TearsOfSteel,1789353260.334,0.1049,72468,57,0,140534399.9,61787162.6,6
CONT_s2_dynamic_TearsOfSteel,1789353260.439,0.105,81624,66,0,67831948.9,63489013.8,6
CONT_s2_dynamic_TearsOfSteel,1789353260.544,0.105,83669,68,0,50463659.8,63430944.9,6
CONT_s2_dynamic_TearsOfSteel,1789353260.649,0.1049,79968,62,0,9463366.4,47236839.7,4
CONT_s2_dynamic_TearsOfSteel,1789353260.755,0.1063,72520,58,0,11930202.0,49037566.8,4
CONT_s2_dynamic_TearsOfSteel,1789353260.86,0.1048,79968,62,0,9091752.9,46954043.9,4
CONT_s2_dynamic_TearsOfSteel,1789353260.965,0.1051,83020,65,0,9895789.3,48260540.4,4
CONT_s2_dynamic_TearsOfSteel,1789353261.07,0.105,69468,55,0,10381627.3,47516048.1,4
CONT_s2_dynamic_TearsOfSteel,1789353261.175,0.1048,79968,62,0,8795989.3,46617144.3,4
CONT_s2_dynamic_TearsOfSteel,1789353261.28,0.105,86072,68,0,10061692.8,47780285.0,4
CONT_s2_dynamic_TearsOfSteel,1789353261.385,0.1051,66416,52,0,9275838.5,47468698.3,4
CONT_s2_dynamic_TearsOfSteel,1789353261.49,0.105,79968,62,0,8729369.6,46658851.9,4
CONT_s2_dynamic_TearsOfSteel,1789353261.595,0.105,86072,68,0,9993446.3,47954405.7,4
CONT_s2_dynamic_TearsOfSteel,1789353261.7,0.1049,79968,62,0,8686339.3,46715888.4,4
CONT_s2_dynamic_TearsOfSteel,1789353261.805,0.1049,79968,62,0,8400425.6,46582157.9,4
CONT_s2_dynamic_TearsOfSteel,1789353261.909,0.1048,72520,58,0,10974533.9,48898949.4,4
CONT_s2_dynamic_TearsOfSteel,1789353262.014,0.105,83608,69,0,9892650.6,42260415.8,4
CONT_s2_dynamic_TearsOfSteel,1789353262.12,0.1051,79352,78,0,4802568.0,11333370.6,2
CONT_s2_dynamic_TearsOfSteel,1789353262.225,0.105,79352,78,0,3076920.7,11380672.5,2
CONT_s2_dynamic_TearsOfSteel,1789353262.33,0.1049,79352,78,0,2827212.7,11377979.1,2
CONT_s2_dynamic_TearsOfSteel,1789353262.435,0.105,79352,78,0,2738424.3,11365673.5,2
CONT_s2_dynamic_TearsOfSteel,1789353262.54,0.1051,79642,76,0,12013202.8,13634397.0,4
CONT_s2_dynamic_TearsOfSteel,1789353262.645,0.1051,80020,63,0,10703771.0,39823108.8,4
CONT_s2_dynamic_TearsOfSteel,1789353262.752,0.1071,81506,76,0,5876310.2,24918361.7,4
CONT_s2_dynamic_TearsOfSteel,1789353262.857,0.105,79352,78,0,3056378.0,11349114.0,2
CONT_s2_dynamic_TearsOfSteel,1789353262.962,0.1047,79352,78,0,2789517.0,11355325.3,2
CONT_s2_dynamic_TearsOfSteel,1789353263.067,0.1051,79352,78,0,2849452.3,10467853.9,2
CONT_s2_dynamic_TearsOfSteel,1789353263.172,0.105,78832,68,0,1002530.4,36582496.6,2
CONT_s2_dynamic_TearsOfSteel,1789353263.277,0.1049,44952,53,3,875362.5,30812939.0,2
CONT_s2_dynamic_TearsOfSteel,1789353263.382,0.1052,0,0,0,0,0,0
CONT_s2_dynamic_TearsOfSteel,1789353263.487,0.105,308,1,0,16226811.0,248454310.0,1
CONT_s2_dynamic_TearsOfSteel,1789353263.592,0.105,52,1,0,20040742.0,56161327.0,1
CONT_s2_dynamic_TearsOfSteel,1789353263.697,0.1049,0,0,0,0,0,0
CONT_s2_dynamic_TearsOfSteel,1789353263.802,0.1049,51160,42,0,9263652.0,13506700.6,2
CONT_s2_dynamic_TearsOfSteel,1789353263.907,0.1052,80524,92,0,1028013.8,39889573.2,2
CONT_s2_dynamic_TearsOfSteel,1789353264.012,0.1051,79043,102,8,3016125.8,26220374.0,3
CONT_s2_dynamic_TearsOfSteel,1789353264.117,0.1051,73864,56,0,26324764.9,26616119.5,2
CONT_s2_dynamic_TearsOfSteel,1789353264.222,0.1051,76864,58,0,13536469.9,33885709.9,2
CONT_s2_dynamic_TearsOfSteel,1789353264.327,0.105,86584,68,0,9169766.0,35945229.5,4
CONT_s2_dynamic_TearsOfSteel,1789353264.432,0.1051,78936,70,0,5152994.3,33704855.9,2
CONT_s2_dynamic_TearsOfSteel,1789353264.537,0.1051,76040,70,0,10289020.8,41817407.6,4
CONT_s2_dynamic_TearsOfSteel,1789353264.642,0.1049,73692,75,10,7328984.4,55407759.0,4
CONT_s2_dynamic_TearsOfSteel,1789353264.749,0.1072,84596,67,3,7178291.4,56652282.2,4
CONT_s2_dynamic_TearsOfSteel,1789353264.854,0.105,74212,62,0,8513114.5,67126466.4,4
CONT_s2_dynamic_TearsOfSteel,1789353264.96,0.1051,86184,69,6,6759377.9,40268116.6,4
CONT_s2_dynamic_TearsOfSteel,1789353265.065,0.105,81312,60,0,3768065.7,35420139.0,2
CONT_s2_dynamic_TearsOfSteel,1789353265.169,0.1049,67812,51,0,4084142.7,35406592.1,3
CONT_s2_dynamic_TearsOfSteel,1789353265.274,0.105,88404,67,0,11500761.6,51203194.8,4
CONT_s2_dynamic_TearsOfSteel,1789353265.38,0.1052,73812,55,0,9483391.5,63008972.5,4
CONT_s2_dynamic_TearsOfSteel,1789353265.484,0.1049,76812,57,0,8902855.7,67754604.0,4
CONT_s2_dynamic_TearsOfSteel,1789353265.589,0.105,72312,54,0,9326399.2,64338190.7,4
CONT_s2_dynamic_TearsOfSteel,1789353265.694,0.1049,81364,61,0,4840116.1,38875766.4,3
CONT_s2_dynamic_TearsOfSteel,1789353265.799,0.1051,81312,60,0,3790108.4,35623812.2,2
CONT_s2_dynamic_TearsOfSteel,1789353265.905,0.1051,82916,63,0,10848418.3,38343740.6,4
CONT_s2_dynamic_TearsOfSteel,1789353266.01,0.105,78109,61,0,9706118.9,45044187.2,4
CONT_s2_dynamic_TearsOfSteel,1789353266.115,0.1051,67916,53,0,6703337.0,34787576.5,2
CONT_s2_dynamic_TearsOfSteel,1789353266.22,0.1051,29050,22,0,16381032.5,8637914.7,2
CONT_s2_dynamic_TearsOfSteel,1789353266.325,0.1049,71188,54,0,5942216.8,32714040.8,2
CONT_s2_dynamic_TearsOfSteel,1789353266.43,0.1049,616,2,0,28814978.5,221785706.8,2
CONT_s2_dynamic_TearsOfSteel,1789353266.535,0.1051,0,0,0,0,0,0
CONT_s2_dynamic_TearsOfSteel,1789353266.64,0.1053,80852,61,0,7983415.5,27700307.0,2
CONT_s2_dynamic_TearsOfSteel,1789353266.747,0.1066,54312,42,0,7023263.4,31844853.7,2
CONT_s2_dynamic_TearsOfSteel,1789353266.852,0.1049,0,0,0,0,0,0
CONT_s2_dynamic_TearsOfSteel,1789353266.956,0.105,1076,1,0,18073947.0,235489583.0,1
CONT_s2_dynamic_TearsOfSteel,1789353267.062,0.1051,52,1,0,43612319.0,55047167.0,1
CONT_s2_dynamic_TearsOfSteel,1789353267.167,0.105,0,0,0,0,0,0
CONT_s2_dynamic_TearsOfSteel,1789353267.272,0.105,28656,22,0,19208532.0,8531635.3,2
CONT_s2_dynamic_TearsOfSteel,1789353267.377,0.1052,84788,63,0,6530139.1,37066095.9,2
CONT_s2_dynamic_TearsOfSteel,1789353267.482,0.1051,22604,17,0,6825089.9,34607553.7,2
CONT_s2_dynamic_TearsOfSteel,1789353267.587,0.1051,0,0,0,0,0,0
CONT_s2_dynamic_TearsOfSteel,1789353267.692,0.1049,40,1,0,42769145.0,0,1
CONT_s2_dynamic_TearsOfSteel,1789353267.797,0.105,0,0,0,0,0,0
CONT_s2_dynamic_TearsOfSteel,1789353267.902,0.105,0,0,0,0,0,0
CONT_s2_dynamic_TearsOfSteel,1789353268.007,0.105,42603,32,0,59359498.8,8947688.8,2
CONT_s2_dynamic_TearsOfSteel,1789353268.112,0.1051,75520,60,0,21180791.0,37369233.9,2
CONT_s2_dynamic_TearsOfSteel,1789353268.217,0.105,85864,64,0,10319803.0,46884675.5,2
CONT_s2_dynamic_TearsOfSteel,1789353268.322,0.1049,81364,61,0,8073991.5,47491316.8,2
CONT_s2_dynamic_TearsOfSteel,1789353268.427,0.105,72312,54,0,6473512.3,47198856.5,2
CONT_s2_dynamic_TearsOfSteel,1789353268.532,0.1051,85864,64,0,5310366.7,47579964.1,2
CONT_s2_dynamic_TearsOfSteel,1789353268.638,0.1064,75312,56,0,4616609.4,48709153.3,2
CONT_s2_dynamic_TearsOfSteel,1789353268.745,0.1067,78312,58,0,4129027.4,51130575.1,2
CONT_s2_dynamic_TearsOfSteel,1789353268.85,0.1049,81312,60,0,3820515.9,53290892.1,2
CONT_s2_dynamic_TearsOfSteel,1789353268.955,0.105,69260,51,0,3639129.6,54957807.9,2
CONT_s2_dynamic_TearsOfSteel,1789353269.06,0.1051,89852,85,0,663609.1,37140887.7,2
CONT_s2_dynamic_TearsOfSteel,1789353269.165,0.1049,79352,78,0,156953.7,34284618.9,2
CONT_s2_dynamic_TearsOfSteel,1789353269.27,0.105,79352,78,0,54245.3,35227680.5,2
CONT_s2_dynamic_TearsOfSteel,1789353269.375,0.1051,80852,79,0,46230.9,36266024.9,2
CONT_s2_dynamic_TearsOfSteel,1789353269.48,0.1052,79352,78,0,34586.7,38262793.9,2
CONT_s2_dynamic_TearsOfSteel,1789353269.585,0.1052,79352,78,0,32022.7,39266053.4,2
CONT_s2_dynamic_TearsOfSteel,1789353269.69,0.105,79352,78,0,57192.7,37277273.9,2
CONT_s2_dynamic_TearsOfSteel,1789353269.796,0.105,80188,89,0,66652.6,38363035.5,2
CONT_s2_dynamic_TearsOfSteel,1789353269.901,0.1052,81328,104,0,94295.0,27793257.5,2
CONT_s2_dynamic_TearsOfSteel,1789353270.006,0.1053,78896,89,1,1568634.4,30544123.7,2
CONT_s2_dynamic_TearsOfSteel,1789353270.111,0.1051,75312,56,0,2933768.0,48835317.3,2
CONT_s2_dynamic_TearsOfSteel,1789353270.216,0.1051,82812,61,0,2932761.6,53552596.9,2
CONT_s2_dynamic_TearsOfSteel,1789353270.321,0.1049,78780,67,0,1434023.0,49972968.5,2
CONT_s2_dynamic_TearsOfSteel,1789353270.427,0.1056,79352,78,0,223709.7,34737987.4,2
CONT_s2_dynamic_TearsOfSteel,1789353270.532,0.1052,80852,79,0,73590.2,39263554.4,2
CONT_s2_dynamic_TearsOfSteel,1789353270.638,0.1058,81889,99,3,1469756.6,22266869.1,2
CONT_s2_dynamic_TearsOfSteel,1789353270.746,0.1082,1564,2,0,4118825.0,47191817.8,2
CONT_s2_dynamic_TearsOfSteel,1789353270.851,0.1049,7836,10,5,13146260.5,51331950.9,2
CONT_s2_dynamic_TearsOfSteel,1789353270.956,0.1049,20364,26,12,10370291.5,39969103.9,2
CONT_s2_dynamic_TearsOfSteel,1789353271.061,0.1049,52624,61,13,5133975.0,47352174.6,2
CONT_s2_dynamic_TearsOfSteel,1789353271.165,0.1049,46084,49,7,5088749.8,47307923.5,2
CONT_s2_dynamic_TearsOfSteel,1789353271.27,0.105,34166,35,11,578114980.5,51740649.1,4
CONT_s2_dynamic_TearsOfSteel,1789353271.376,0.1051,39220,50,21,194436673.0,44840362.8,2
CONT_s2_dynamic_TearsOfSteel,1789353271.481,0.105,15476,18,5,113801605.9,46685270.8,2
CONT_s2_dynamic_TearsOfSteel,1789353271.586,0.105,13760,14,0,80161967.8,48726739.6,2
CONT_s2_dynamic_TearsOfSteel,1789353271.69,0.1049,16888,18,2,54118402.2,44848674.5,2
CONT_s2_dynamic_TearsOfSteel,1789353271.795,0.1049,13720,13,1,40142447.3,53215776.8,2
CONT_s2_dynamic_TearsOfSteel,1789353271.9,0.105,19964,21,3,29118815.9,49452419.5,2
CONT_s2_dynamic_TearsOfSteel,1789353272.006,0.1051,16824,17,1,24785979.1,47328216.7,2
CONT_s2_dynamic_TearsOfSteel,1789353272.111,0.105,13708,13,0,22964260.2,53547648.5,2
CONT_s2_dynamic_TearsOfSteel,1789353272.216,0.1051,13988,17,4,22258588.5,45712465.0,2
CONT_s2_dynamic_TearsOfSteel,1789353272.321,0.105,12412,15,4,21709567.9,45345647.5,2
CONT_s2_dynamic_TearsOfSteel,1789353272.426,0.105,10720,11,1,20532149.0,48167242.6,2
CONT_s2_dynamic_TearsOfSteel,1789353272.531,0.105,12348,14,3,21662545.1,49858331.3,2
CONT_s2_dynamic_TearsOfSteel,1789353272.639,0.1083,10860,13,4,23226439.1,48400138.3,2
CONT_s2_dynamic_TearsOfSteel,1789353272.745,0.1057,9296,11,2,23069435.5,41872384.3,2
CONT_s2_dynamic_TearsOfSteel,1789353272.849,0.1048,7732,9,2,23450676.0,47587228.2,2
CONT_s2_dynamic_TearsOfSteel,1789353272.954,0.105,9232,10,2,23389148.0,49913036.9,2
CONT_s2_dynamic_TearsOfSteel,1789353273.059,0.1051,7668,8,1,25093276.4,49818221.4,2
CONT_s2_dynamic_TearsOfSteel,1789353273.164,0.1048,10848,13,2,23033982.5,45267349.5,2
CONT_s2_dynamic_TearsOfSteel,1789353273.269,0.1049,10860,13,3,23435806.6,46413284.5,2
CONT_s2_dynamic_TearsOfSteel,1789353273.374,0.1051,7668,8,1,25901908.9,49530133.9,2
CONT_s2_dynamic_TearsOfSteel,1789353273.479,0.1051,12208,12,0,25346544.7,45001392.8,2
CONT_s2_dynamic_TearsOfSteel,1789353273.585,0.1051,12208,12,0,26082893.7,53356126.7,2
CONT_s2_dynamic_TearsOfSteel,1789353273.689,0.1049,15348,16,2,22814897.4,47885218.0,2
CONT_s2_dynamic_TearsOfSteel,1789353273.794,0.105,9360,12,2,23772629.0,47650299.5,2
CONT_s2_dynamic_TearsOfSteel,1789353273.9,0.1051,6232,8,2,28247375.0,44985341.3,2
CONT_s2_dynamic_TearsOfSteel,1789353274.005,0.1051,7668,8,1,29606148.0,51564993.2,2
CONT_s2_dynamic_TearsOfSteel,1789353274.11,0.105,9348,12,3,29425360.0,50494968.2,2
CONT_s2_dynamic_TearsOfSteel,1789353274.215,0.105,7732,9,2,28742520.7,46440827.9,2
CONT_s2_dynamic_TearsOfSteel,1789353274.32,0.1051,10720,11,1,29597953.7,47168193.8,2
CONT_s2_dynamic_TearsOfSteel,1789353274.425,0.105,10656,10,0,28345634.9,46612010.9,2
CONT_s2_dynamic_TearsOfSteel,1789353274.53,0.1052,15400,17,3,23969879.2,49950773.3,2
CONT_s2_dynamic_TearsOfSteel,1789353274.636,0.1064,10708,11,0,23420021.5,50178535.1,2
CONT_s2_dynamic_TearsOfSteel,1789353274.742,0.1061,12208,12,0,24907313.0,50232639.0,2
CONT_s2_dynamic_TearsOfSteel,1789353274.847,0.1049,12296,13,3,23504022.5,49520018.1,2
CONT_s2_dynamic_TearsOfSteel,1789353274.952,0.105,13964,17,3,22006190.2,46278158.8,2
CONT_s2_dynamic_TearsOfSteel,1789353275.057,0.1051,7823,9,1,24162240.6,42378713.6,2
CONT_s2_dynamic_TearsOfSteel,1789353275.162,0.1049,6244,8,1,27133220.0,47619082.7,2
CONT_s2_dynamic_TearsOfSteel,1789353275.267,0.1051,9284,11,3,27198958.5,48070793.5,2
CONT_s2_dynamic_TearsOfSteel,1789353275.372,0.105,4668,6,1,27783799.0,50393886.5,2
CONT_s2_dynamic_TearsOfSteel,1789353275.478,0.1051,7732,9,1,26256326.6,42407408.4,2
CONT_s2_dynamic_TearsOfSteel,1789353275.583,0.105,9168,9,1,26645028.7,44526557.2,2
CONT_s2_dynamic_TearsOfSteel,1789353275.687,0.1049,7668,8,1,26370054.4,47843841.5,2
CONT_s2_dynamic_TearsOfSteel,1789353275.792,0.1049,12412,15,3,23327355.9,43415965.3,2
CONT_s2_dynamic_TearsOfSteel,1789353275.897,0.1051,13848,15,4,18945333.8,49116625.0,2
CONT_s2_dynamic_TearsOfSteel,1789353276.002,0.1048,10708,11,0,20544198.8,50860005.1,2
CONT_s2_dynamic_TearsOfSteel,1789353276.107,0.1051,13772,14,0,21334178.8,49203716.1,2
CONT_s2_dynamic_TearsOfSteel,1789353276.212,0.1049,13848,15,4,17098778.8,42974948.6,2
CONT_s2_dynamic_TearsOfSteel,1789353276.317,0.1049,9156,9,0,18025645.7,51751396.3,2
CONT_s2_dynamic_TearsOfSteel,1789353276.422,0.1051,7796,10,3,20155751.0,44392147.7,2
CONT_s2_dynamic_TearsOfSteel,1789353276.527,0.105,7604,7,0,22518662.4,51052665.4,2
CONT_s2_dynamic_TearsOfSteel,1789353276.634,0.1068,6104,6,0,22763763.3,46747306.4,2
CONT_s2_dynamic_TearsOfSteel,1789353276.741,0.1067,7784,10,2,25288809.5,54787853.7,2
CONT_s2_dynamic_TearsOfSteel,1789353276.845,0.1049,14052,18,6,22831123.0,49266079.3,2
CONT_s2_dynamic_TearsOfSteel,1789353276.95,0.105,6168,7,1,23822521.1,47015003.4,2
CONT_s2_dynamic_TearsOfSteel,1789353277.056,0.1051,9156,9,0,24139671.0,45625686.0,2
CONT_s2_dynamic_TearsOfSteel,1789353277.161,0.1052,12348,14,2,24342608.0,48830035.9,2
CONT_s2_dynamic_TearsOfSteel,1789353277.266,0.105,7604,7,0,25272703.4,40480834.0,2
CONT_s2_dynamic_TearsOfSteel,1789353277.37,0.1048,9284,11,2,27041061.2,49869994.2,2
CONT_s2_dynamic_TearsOfSteel,1789353277.476,0.105,12348,14,2,24343927.6,44894322.0,2
CONT_s2_dynamic_TearsOfSteel,1789353277.581,0.1051,6168,7,1,25027039.4,44613620.8,2
CONT_s2_dynamic_TearsOfSteel,1789353277.685,0.1049,9232,10,2,25737824.0,44124871.8,2
CONT_s2_dynamic_TearsOfSteel,1789353277.79,0.1049,4668,6,1,26256753.5,43061780.2,2
CONT_s2_dynamic_TearsOfSteel,1789353277.895,0.105,10784,12,2,26412831.4,45417247.4,2
CONT_s2_dynamic_TearsOfSteel,1789353278.001,0.1052,9244,10,2,29461911.0,49284042.3,2
CONT_s2_dynamic_TearsOfSteel,1789353278.106,0.105,7720,9,2,26851602.4,43613857.7,2
CONT_s2_dynamic_TearsOfSteel,1789353278.211,0.1049,7744,9,1,28800972.0,48317328.5,2
CONT_s2_dynamic_TearsOfSteel,1789353278.315,0.105,9104,8,2,27136006.0,48431594.5,2
CONT_s2_dynamic_TearsOfSteel,1789353278.421,0.1051,7860,11,2,29997675.5,43628600.0,2
CONT_s2_dynamic_TearsOfSteel,1789353278.526,0.1051,10848,13,4,27554314.5,50084113.3,2
CONT_s2_dynamic_TearsOfSteel,1789353278.632,0.1066,6168,7,1,29714074.0,44943840.4,2
CONT_s2_dynamic_TearsOfSteel,1789353278.738,0.1054,7604,7,0,28506595.1,46031741.8,2
CONT_s2_dynamic_TearsOfSteel,1789353278.842,0.1049,7656,8,0,25907844.2,43572910.1,2
CONT_s2_dynamic_TearsOfSteel,1789353278.947,0.1049,12208,12,0,24549735.0,44427717.3,2
CONT_s2_dynamic_TearsOfSteel,1789353279.053,0.1051,22940,23,3,21425004.7,45480025.4,2
CONT_s2_dynamic_TearsOfSteel,1789353279.157,0.1049,12476,16,4,21206470.0,50144617.1,2
CONT_s2_dynamic_TearsOfSteel,1789353279.262,0.1049,15400,17,2,19990743.2,49197330.4,2
CONT_s2_dynamic_TearsOfSteel,1789353279.367,0.1048,8612,12,0,17757409.2,49487991.3,4
CONT_s2_dynamic_TearsOfSteel,1789353279.472,0.1051,35098,50,13,10268283.8,42724025.8,6
CONT_s2_dynamic_TearsOfSteel,1789353279.578,0.1055,86188,107,26,5574781.8,45991459.5,4
CONT_s2_dynamic_TearsOfSteel,1789353279.683,0.1053,83064,105,25,3338875.7,78147308.6,4
CONT_s2_dynamic_TearsOfSteel,1789353279.788,0.1054,81032,100,28,3521816.3,80153723.4,4
CONT_s2_dynamic_TearsOfSteel,1789353279.894,0.1055,82768,104,23,2495055.1,82227521.9,4
CONT_s2_dynamic_TearsOfSteel,1789353279.999,0.1055,80960,99,23,3125718.7,81785386.8,4
CONT_s2_dynamic_TearsOfSteel,1789353280.105,0.1056,67753,84,23,6378065.5,80345295.3,4
CONT_s2_dynamic_TearsOfSteel,1789353280.21,0.1054,81572,101,37,4425524.3,81510209.1,4
CONT_s2_dynamic_TearsOfSteel,1789353280.316,0.1055,80808,97,23,5345490.7,91402573.7,4
CONT_s2_dynamic_TearsOfSteel,1789353280.421,0.1055,82436,101,19,4434937.0,90008356.1,4
CONT_s2_dynamic_TearsOfSteel,1789353280.527,0.1055,81028,100,24,4215510.2,92932313.8,4
CONT_s2_dynamic_TearsOfSteel,1789353280.636,0.109,82800,104,24,2139058.8,90657357.1,4
CONT_s2_dynamic_TearsOfSteel,1789353280.742,0.1058,82676,104,31,2972178.3,94399257.8,4
CONT_s2_dynamic_TearsOfSteel,1789353280.847,0.1053,81612,102,24,3090855.8,98941648.5,4
CONT_s2_dynamic_TearsOfSteel,1789353280.953,0.1058,63366,79,35,6205732.2,71102263.8,4
CONT_s2_dynamic_TearsOfSteel,1789353281.058,0.1054,82340,103,32,4274943.1,95110065.5,4
CONT_s2_dynamic_TearsOfSteel,1789353281.165,0.1068,84640,105,24,3681907.8,95764867.4,4
CONT_s2_dynamic_TearsOfSteel,1789353281.27,0.1053,81332,103,28,3859306.1,100523315.7,4
CONT_s2_dynamic_TearsOfSteel,1789353281.376,0.1054,79528,97,27,2277735.8,102120157.6,4
CONT_s2_dynamic_TearsOfSteel,1789353281.481,0.1054,82828,104,33,2972553.6,103241113.7,4
CONT_s2_dynamic_TearsOfSteel,1789353281.586,0.1054,81612,104,25,4505068.8,104444919.2,4
CONT_s2_dynamic_TearsOfSteel,1789353281.692,0.1052,82988,104,25,2137132.7,100464091.1,4
CONT_s2_dynamic_TearsOfSteel,1789353281.797,0.1053,80984,100,24,5309994.8,77704629.2,4
CONT_s2_dynamic_TearsOfSteel,1789353281.902,0.1054,81264,101,27,2673718.2,75590990.5,4
CONT_s2_dynamic_TearsOfSteel,1789353282.008,0.1053,81208,102,28,5377470.9,78200234.7,4
CONT_s2_dynamic_TearsOfSteel,1789353282.113,0.1055,79820,101,33,3532231.3,80015147.7,4
CONT_s2_dynamic_TearsOfSteel,1789353282.219,0.1054,20470,24,4,19627952.4,61789177.2,4
CONT_s2_dynamic_TearsOfSteel,1789353282.324,0.1052,10860,13,3,34016886.0,49369717.1,2
CONT_s2_dynamic_TearsOfSteel,1789353282.429,0.1053,12348,14,2,29389940.0,48572775.8,2
CONT_s2_dynamic_TearsOfSteel,1789353282.534,0.1053,7732,9,2,32067226.2,51563121.2,2
CONT_s2_dynamic_TearsOfSteel,1789353282.64,0.1058,9232,10,2,30366572.6,49564095.3,2
CONT_s2_dynamic_TearsOfSteel,1789353282.747,0.1068,6104,6,0,29953199.0,48587393.7,2
CONT_s2_dynamic_TearsOfSteel,1789353282.852,0.1052,7095,9,0,29534206.6,52084740.8,2
CONT_s2_dynamic_TearsOfSteel,1789353282.957,0.1053,9360,12,3,30245271.0,49944572.6,2
CONT_s2_dynamic_TearsOfSteel,1789353283.063,0.1053,7720,9,1,29861130.3,49915333.0,2
CONT_s2_dynamic_TearsOfSteel,1789353283.168,0.1052,6168,7,1,30666889.0,48924118.9,2
CONT_s2_dynamic_TearsOfSteel,1789353283.273,0.1053,12208,12,0,28944274.0,43697199.7,2
CONT_s2_dynamic_TearsOfSteel,1789353283.379,0.1054,12208,12,0,25798764.0,50077345.5,2
CONT_s2_dynamic_TearsOfSteel,1789353283.484,0.1054,15208,14,0,23147686.1,48734384.0,2
CONT_s2_dynamic_TearsOfSteel,1789353283.589,0.1054,15400,17,3,18146264.9,48303804.9,2
CONT_s2_dynamic_TearsOfSteel,1789353283.695,0.1052,17048,20,5,16115135.7,44961911.9,2
CONT_s2_dynamic_TearsOfSteel,1789353283.8,0.1052,10324,14,3,20891294.5,50428496.7,2
CONT_s2_dynamic_TearsOfSteel,1789353283.905,0.1053,10860,13,3,22099623.0,44455750.0,2
CONT_s2_dynamic_TearsOfSteel,1789353284.01,0.1053,7796,10,2,23827343.0,45649524.1,2
CONT_s2_dynamic_TearsOfSteel,1789353284.116,0.1054,6104,6,0,26405763.3,46072890.0,2
CONT_s2_dynamic_TearsOfSteel,1789353284.221,0.1054,26931,34,9,98847355.4,41941843.7,4
CONT_s2_dynamic_TearsOfSteel,1789353284.327,0.1052,90592,110,27,10214862.7,51189871.0,4
CONT_s2_dynamic_TearsOfSteel,1789353284.432,0.1052,81024,100,26,5729899.2,76426010.0,4
CONT_s2_dynamic_TearsOfSteel,1789353284.537,0.1054,81144,101,22,3974552.1,80205604.8,4
CONT_s2_dynamic_TearsOfSteel,1789353284.642,0.1052,84204,104,31,3649443.5,82268284.8,4
CONT_s2_dynamic_TearsOfSteel,1789353284.75,0.1078,82688,104,25,5773566.0,86771932.2,4
CONT_s2_dynamic_TearsOfSteel,1789353284.855,0.1054,81212,102,34,4916750.1,86048370.6,4
CONT_s2_dynamic_TearsOfSteel,1789353284.961,0.1055,81196,102,27,6524944.5,87538368.4,4
CONT_s2_dynamic_TearsOfSteel,1789353285.066,0.1055,81216,101,25,3005263.1,88123450.3,4
CONT_s2_dynamic_TearsOfSteel,1789353285.172,0.1052,82548,101,26,3028380.1,86754357.5,4
CONT_s2_dynamic_TearsOfSteel,1789353285.277,0.1054,81404,103,29,3763310.1,88891271.4,4
CONT_s2_dynamic_TearsOfSteel,1789353285.383,0.1055,81312,103,31,2943761.9,90184545.8,4
CONT_s2_dynamic_TearsOfSteel,1789353285.488,0.1055,81140,101,28,3936264.6,92372125.0,4
CONT_s2_dynamic_TearsOfSteel,1789353285.593,0.1054,82544,101,25,3866961.8,93283949.5,4
CONT_s2_dynamic_TearsOfSteel,1789353285.699,0.1052,80219,102,32,2019224.0,91624931.9,4
CONT_s2_dynamic_TearsOfSteel,1789353285.804,0.1053,81360,103,31,918692.4,89011383.7,2
CONT_s2_dynamic_TearsOfSteel,1789353285.909,0.1055,82596,100,28,901206.1,90453720.3,2
CONT_s2_dynamic_TearsOfSteel,1789353286.015,0.1054,81248,102,25,838919.6,91860728.5,2
CONT_s2_dynamic_TearsOfSteel,1789353286.12,0.1055,81344,103,24,875599.8,93125466.3,2
CONT_s2_dynamic_TearsOfSteel,1789353286.226,0.1054,81324,103,25,1223137.7,94160614.4,2
CONT_s2_dynamic_TearsOfSteel,1789353286.331,0.1054,82756,103,27,1155002.9,95318731.6,2
CONT_s2_dynamic_TearsOfSteel,1789353286.438,0.1069,82828,104,30,834181.8,96012571.1,2
CONT_s2_dynamic_TearsOfSteel,1789353286.543,0.1053,81380,103,30,1274755.4,96815765.9,2
CONT_s2_dynamic_TearsOfSteel,1789353286.649,0.1055,79876,102,27,817948.0,97101266.7,2
CONT_s2_dynamic_TearsOfSteel,1789353286.756,0.1074,84444,106,34,851218.5,99461913.8,2
CONT_s2_dynamic_TearsOfSteel,1789353286.861,0.1053,81244,103,31,861119.5,99807186.7,2
CONT_s2_dynamic_TearsOfSteel,1789353286.967,0.1056,61452,78,18,3683981.5,97626960.9,2
CONT_s2_dynamic_TearsOfSteel,1789353287.073,0.1055,83524,106,46,1689939.5,90245264.8,2
CONT_s2_dynamic_TearsOfSteel,1789353287.178,0.1052,81052,100,21,1710898.0,103021255.1,2
CONT_s2_dynamic_TearsOfSteel,1789353287.283,0.1054,81228,102,22,2065703.8,103165140.3,2
CONT_s2_dynamic_TearsOfSteel,1789353287.389,0.1056,81296,103,28,1799206.8,104547530.0,2
CONT_s2_dynamic_TearsOfSteel,1789353287.494,0.1054,79860,102,31,1720827.0,104260378.3,2
CONT_s2_dynamic_TearsOfSteel,1789353287.6,0.1054,84512,107,26,1933716.8,105691256.4,2
CONT_s2_dynamic_TearsOfSteel,1789353287.705,0.1052,82032,104,33,862442.0,100153627.6,2
CONT_s2_dynamic_TearsOfSteel,1789353287.81,0.1054,82000,104,27,103368.0,75750599.8,2
CONT_s2_dynamic_TearsOfSteel,1789353287.916,0.1056,81852,104,32,299863.5,51243039.9,2
CONT_s2_dynamic_TearsOfSteel,1789353288.021,0.1054,59088,71,16,2655120.8,46700957.5,2
CONT_s2_dynamic_TearsOfSteel,1789353288.127,0.1055,64016,80,21,2719196.1,47405182.9,2
CONT_s2_dynamic_TearsOfSteel,1789353288.232,0.1052,62488,78,26,3165559.5,48201497.8,2
CONT_s2_dynamic_TearsOfSteel,1789353288.337,0.1053,70240,86,23,3513090.4,45159144.8,2
CONT_s2_dynamic_TearsOfSteel,1789353288.443,0.1054,71992,91,28,3761921.7,47592882.8,2
CONT_s2_dynamic_TearsOfSteel,1789353288.548,0.1055,71884,90,28,3452411.0,48877075.9,2
CONT_s2_dynamic_TearsOfSteel,1789353288.653,0.1052,76492,96,25,3139557.4,47409040.8,2
CONT_s2_dynamic_TearsOfSteel,1789353288.759,0.1053,82936,106,27,2587837.5,47802972.9,2
CONT_s2_dynamic_TearsOfSteel,1789353288.864,0.1052,81116,101,22,3201913.6,47640573.4,2
CONT_s2_dynamic_TearsOfSteel,1789353288.969,0.1055,89320,114,37,3012615.0,48486967.8,2
CONT_s2_dynamic_TearsOfSteel,1789353289.075,0.1054,84276,105,32,2266359.8,51942998.2,2
CONT_s2_dynamic_TearsOfSteel,1789353289.18,0.1052,79604,100,30,1805283.0,54241003.6,2
CONT_s2_dynamic_TearsOfSteel,1789353289.285,0.1053,82696,103,27,2278467.0,57187575.9,2
CONT_s2_dynamic_TearsOfSteel,1789353289.391,0.1055,79592,99,29,1390471.2,58893089.9,2
CONT_s2_dynamic_TearsOfSteel,1789353289.496,0.1055,83164,107,31,1120779.0,60635733.3,2
CONT_s2_dynamic_TearsOfSteel,1789353289.602,0.1054,82936,104,35,1262796.2,63164956.3,2
CONT_s2_dynamic_TearsOfSteel,1789353289.707,0.1054,81368,104,26,1730146.0,63763189.1,2
CONT_s2_dynamic_TearsOfSteel,1789353289.813,0.1055,81236,102,25,891574.3,64923308.7,2
CONT_s2_dynamic_TearsOfSteel,1789353289.918,0.1053,79688,100,28,1477687.7,66925473.4,2
CONT_s2_dynamic_TearsOfSteel,1789353290.023,0.1054,84432,106,28,1345979.6,68890501.4,2
CONT_s2_dynamic_TearsOfSteel,1789353290.131,0.1076,82952,106,31,1277130.0,70554660.9,2
CONT_s2_dynamic_TearsOfSteel,1789353290.236,0.1055,81108,99,30,1517726.6,71069026.1,2
CONT_s2_dynamic_TearsOfSteel,1789353290.342,0.1054,81432,103,33,1053622.4,72858180.1,2
CONT_s2_dynamic_TearsOfSteel,1789353290.447,0.1054,82748,102,30,1234274.0,74771013.9,2
CONT_s2_dynamic_TearsOfSteel,1789353290.553,0.1054,81328,103,30,1489126.9,75933596.6,2
CONT_s2_dynamic_TearsOfSteel,1789353290.658,0.1053,81428,103,29,1717699.1,77039596.6,2
CONT_s2_dynamic_TearsOfSteel,1789353290.764,0.1055,81144,100,33,1107437.0,78444573.6,2
CONT_s2_dynamic_TearsOfSteel,1789353290.869,0.1055,82692,103,26,1496431.3,79987607.0,2
CONT_s2_dynamic_TearsOfSteel,1789353290.975,0.1055,81244,102,32,1777098.4,80803387.0,2
CONT_s2_dynamic_TearsOfSteel,1789353291.08,0.1055,79760,102,37,1058149.0,82295471.0,2
CONT_s2_dynamic_TearsOfSteel,1789353291.185,0.1052,82988,105,28,954039.7,83073209.2,3
CONT_s2_dynamic_TearsOfSteel,1789353291.291,0.1055,80069,105,29,2379680.7,84940153.3,4
CONT_s2_dynamic_TearsOfSteel,1789353291.396,0.1057,82705,101,24,4655918.2,90376430.2,4
CONT_s2_dynamic_TearsOfSteel,1789353291.502,0.106,83240,103,32,7426943.4,53481895.9,4
CONT_s2_dynamic_TearsOfSteel,1789353291.608,0.1057,82160,104,25,6544061.1,110618918.6,4
CONT_s2_dynamic_TearsOfSteel,1789353291.714,0.1054,83512,106,39,4688382.7,106442238.5,4
CONT_s2_dynamic_TearsOfSteel,1789353291.819,0.1056,81944,104,24,2663213.0,110927693.9,4
CONT_s2_dynamic_TearsOfSteel,1789353291.925,0.1056,83292,106,22,3122412.5,92359363.8,4
CONT_s2_dynamic_TearsOfSteel,1789353292.03,0.1057,81168,101,27,3330166.9,80444514.8,4
CONT_s2_dynamic_TearsOfSteel,1789353292.137,0.1068,82316,99,22,3430502.1,70327843.6,4
CONT_s2_dynamic_TearsOfSteel,1789353292.248,0.1109,85220,99,24,4997943.5,74722909.8,4
CONT_s2_dynamic_TearsOfSteel,1789353292.354,0.1054,79320,98,21,4615272.7,75992377.0,4
CONT_s2_dynamic_TearsOfSteel,1789353292.459,0.1055,80316,91,12,4478033.0,77315864.5,4
CONT_s2_dynamic_TearsOfSteel,1789353292.565,0.1056,83496,96,17,4710572.3,80277017.9,4
CONT_s2_dynamic_TearsOfSteel,1789353292.67,0.1053,78924,91,17,5408194.3,81388318.6,4
CONT_s2_dynamic_TearsOfSteel,1789353292.776,0.1055,80472,94,18,5725729.7,83407167.3,4
CONT_s2_dynamic_TearsOfSteel,1789353292.881,0.1056,82120,96,21,6067917.7,85659873.0,4
CONT_s2_dynamic_TearsOfSteel,1789353292.987,0.1056,80780,97,21,5531696.9,88236400.3,4
CONT_s2_dynamic_TearsOfSteel,1789353293.092,0.1056,82344,99,21,5838006.6,88596046.0,4
CONT_s2_dynamic_TearsOfSteel,1789353293.198,0.1054,80784,97,22,5086311.5,92286566.5,4
CONT_s2_dynamic_TearsOfSteel,1789353293.303,0.1054,80848,98,25,4551007.8,94879205.3,4
CONT_s2_dynamic_TearsOfSteel,1789353293.409,0.1056,82064,95,18,4340575.6,97318771.9,4
CONT_s2_dynamic_TearsOfSteel,1789353293.515,0.1057,80860,98,23,2486477.0,70878236.8,4
CONT_s2_dynamic_TearsOfSteel,1789353293.62,0.1057,82800,104,30,582744.1,56667178.4,2
CONT_s2_dynamic_TearsOfSteel,1789353293.726,0.1056,81368,104,34,5234215.6,60589531.0,4
CONT_s2_dynamic_TearsOfSteel,1789353293.831,0.1055,80968,100,29,7541083.5,85764298.5,4
CONT_s2_dynamic_TearsOfSteel,1789353293.937,0.1055,80812,98,23,5672668.2,97146968.2,4
CONT_s2_dynamic_TearsOfSteel,1789353294.042,0.1055,79360,97,25,4884554.8,105549348.0,4
CONT_s2_dynamic_TearsOfSteel,1789353294.148,0.1055,84032,101,23,5417706.1,104840467.5,4
CONT_s2_dynamic_TearsOfSteel,1789353294.255,0.1075,81512,102,23,1678090.9,76060143.3,4
CONT_s2_dynamic_TearsOfSteel,1789353294.361,0.1057,73500,93,26,2748013.1,48747428.2,3
CONT_s2_dynamic_TearsOfSteel,1789353294.467,0.1056,92300,115,37,7000601.0,51671175.7,4
CONT_s2_dynamic_TearsOfSteel,1789353294.572,0.1057,80852,98,24,5535809.2,93650610.9,4
CONT_s2_dynamic_TearsOfSteel,1789353294.678,0.1054,80596,95,18,5456262.0,100847918.9,4
CONT_s2_dynamic_TearsOfSteel,1789353294.783,0.1054,82132,97,21,3851467.8,90610314.5,4
CONT_s2_dynamic_TearsOfSteel,1789353294.889,0.1056,81256,101,28,1030800.8,54209619.9,2
CONT_s2_dynamic_TearsOfSteel,1789353294.994,0.1056,81144,101,30,721841.3,55991134.1,2
CONT_s2_dynamic_TearsOfSteel,1789353295.1,0.1056,81300,103,29,1514078.9,56966522.3,3
CONT_s2_dynamic_TearsOfSteel,1789353295.205,0.1054,82412,106,37,7539876.2,164233505.7,4
CONT_s2_dynamic_TearsOfSteel,1789353295.311,0.1054,83000,106,23,5852091.5,103505015.5,4
CONT_s2_dynamic_TearsOfSteel,1789353295.417,0.1058,81636,103,25,4355873.3,92960727.3,4
CONT_s2_dynamic_TearsOfSteel,1789353295.522,0.1057,62348,76,17,2813322.0,65177293.9,4
CONT_s2_dynamic_TearsOfSteel,1789353295.628,0.1058,51252,61,10,3672939.1,48168972.7,2
CONT_s2_dynamic_TearsOfSteel,1789353295.734,0.1065,53074,62,11,101520286.3,48048952.3,4
CONT_s2_dynamic_TearsOfSteel,1789353295.84,0.1055,62188,75,19,119491426.4,45888557.5,5
CONT_s2_dynamic_TearsOfSteel,1789353295.946,0.1057,70064,87,23,104772345.0,45981586.7,4
CONT_s2_dynamic_TearsOfSteel,1789353296.051,0.1056,71456,85,19,60666690.7,48762553.7,4
CONT_s2_dynamic_TearsOfSteel,1789353296.157,0.1054,57255,70,15,45208790.8,49621872.0,4
CONT_s2_dynamic_TearsOfSteel,1789353296.262,0.1054,73376,89,28,25009709.5,47811861.1,4
CONT_s2_dynamic_TearsOfSteel,1789353296.368,0.1056,85492,102,27,16298112.7,47413169.5,4
CONT_s2_dynamic_TearsOfSteel,1789353296.473,0.1057,79484,98,25,13372969.4,46494496.5,4
CONT_s2_dynamic_TearsOfSteel,1789353296.579,0.1057,80153,100,23,6337047.7,48588462.2,4
CONT_s2_dynamic_TearsOfSteel,1789353296.684,0.1054,81244,102,25,2971390.0,47867364.4,2
CONT_s2_dynamic_TearsOfSteel,1789353296.79,0.1055,84516,108,33,2477255.5,48068610.9,2
CONT_s2_dynamic_TearsOfSteel,1789353296.896,0.1056,79324,96,21,3052418.9,49624016.3,2
CONT_s2_dynamic_TearsOfSteel,1789353297.001,0.1053,84520,107,33,2369518.7,49077829.0,2
CONT_s2_dynamic_TearsOfSteel,1789353297.107,0.1057,82788,104,29,1608778.9,52879807.0,2
CONT_s2_dynamic_TearsOfSteel,1789353297.212,0.1057,81208,101,27,1705839.0,55409737.4,2
CONT_s2_dynamic_TearsOfSteel,1789353297.318,0.1054,81300,102,31,1357550.2,57127470.1,2
CONT_s2_dynamic_TearsOfSteel,1789353297.423,0.1056,82624,101,27,2069505.0,60261572.5,2
CONT_s2_dynamic_TearsOfSteel,1789353297.529,0.1058,81252,102,29,1753460.8,60584211.5,2
CONT_s2_dynamic_TearsOfSteel,1789353297.637,0.108,84304,105,25,1208178.5,62053117.4,2
CONT_s2_dynamic_TearsOfSteel,1789353297.743,0.1062,81352,103,36,865604.9,64427372.8,2
CONT_s2_dynamic_TearsOfSteel,1789353297.849,0.1057,82944,105,31,886014.7,66546074.5,2
CONT_s2_dynamic_TearsOfSteel,1789353297.955,0.1058,81288,102,31,1318487.5,66982751.8,2
CONT_s2_dynamic_TearsOfSteel,1789353298.06,0.1057,81236,102,29,652147.9,69130853.8,2
CONT_s2_dynamic_TearsOfSteel,1789353298.166,0.1054,82964,106,34,1392112.0,70189554.4,2
CONT_s2_dynamic_TearsOfSteel,1789353298.272,0.1057,80992,100,27,1649958.6,72973586.9,2
CONT_s2_dynamic_TearsOfSteel,1789353298.377,0.1058,81328,103,32,1270823.3,73962165.7,2
CONT_s2_dynamic_TearsOfSteel,1789353298.483,0.1057,54351,70,22,1855069.5,73339858.9,2
CONT_s2_dynamic_TearsOfSteel,1789353298.589,0.1057,88714,113,45,3878507.0,60058995.3,3
CONT_s2_dynamic_TearsOfSteel,1789353298.694,0.1056,79064,93,22,23176251.0,86966496.0,4
CONT_s2_dynamic_TearsOfSteel,1789353298.8,0.1057,84008,102,26,28607229.0,90822723.5,4
CONT_s2_dynamic_TearsOfSteel,1789353298.906,0.1058,80912,99,28,15422774.3,89264668.3,4
CONT_s2_dynamic_TearsOfSteel,1789353299.012,0.1058,81248,102,31,11522736.8,87473678.2,4
CONT_s2_dynamic_TearsOfSteel,1789353299.117,0.1057,82540,101,27,9303393.2,91919554.2,4
CONT_s2_dynamic_TearsOfSteel,1789353299.223,0.1056,79472,98,23,8915122.8,93444059.4,4
CONT_s2_dynamic_TearsOfSteel,1789353299.329,0.1056,82628,102,27,5003297.0,92689454.8,4
CONT_s2_dynamic_TearsOfSteel,1789353299.434,0.1055,82816,104,30,6833647.8,90258569.5,4
CONT_s2_dynamic_TearsOfSteel,1789353299.54,0.1057,79572,98,28,3232438.8,92757827.4,4
CONT_s2_dynamic_TearsOfSteel,1789353299.645,0.1056,82508,101,22,4117983.7,92045740.0,4
CONT_s2_dynamic_TearsOfSteel,1789353299.754,0.1088,84552,108,39,4598234.3,92672254.7,4
CONT_s2_dynamic_TearsOfSteel,1789353299.86,0.1056,81476,104,30,3638207.5,95255873.1,4
CONT_s2_dynamic_TearsOfSteel,1789353299.965,0.1057,82700,103,25,2640895.1,95599643.4,4
CONT_s2_dynamic_TearsOfSteel,1789353300.071,0.1056,81240,102,28,3939469.9,96506969.1,4
CONT_s2_dynamic_TearsOfSteel,1789353300.177,0.1056,81256,101,28,3642519.9,97114153.9,4
CONT_s2_dynamic_TearsOfSteel,1789353300.282,0.1055,82784,105,26,3624872.8,99683975.7,4
CONT_s2_dynamic_TearsOfSteel,1789353300.388,0.1058,81044,99,24,3382617.7,100227134.4,4
CONT_s2_dynamic_TearsOfSteel,1789353300.494,0.1057,81722,103,22,2737135.6,98884442.2,4
CONT_s2_dynamic_TearsOfSteel,1789353300.599,0.1055,81388,103,31,1483573.4,96794556.1,2
CONT_s2_dynamic_TearsOfSteel,1789353300.705,0.1056,83048,106,29,1138662.0,97650497.0,2
CONT_s2_dynamic_TearsOfSteel,1789353300.81,0.1056,81292,102,29,739901.6,99533918.3,2
CONT_s2_dynamic_TearsOfSteel,1789353300.916,0.1057,59719,75,16,3735065.7,96316938.3,2
CONT_s2_dynamic_TearsOfSteel,1789353301.022,0.1057,85598,109,43,2806549.7,92906458.6,3
CONT_s2_dynamic_TearsOfSteel,1789353301.127,0.1058,81608,102,18,6974160.6,98431388.0,4
CONT_s2_dynamic_TearsOfSteel,1789353301.233,0.1058,81560,99,23,11454589.5,78551081.7,4
CONT_s2_dynamic_TearsOfSteel,1789353301.339,0.1056,79796,99,27,5980421.5,70525767.5,4
CONT_s2_dynamic_TearsOfSteel,1789353301.445,0.1058,83684,98,22,8857790.1,60408245.4,4
CONT_s2_dynamic_TearsOfSteel,1789353301.55,0.1058,81264,102,25,8489544.6,62882823.6,4
CONT_s2_dynamic_TearsOfSteel,1789353301.656,0.1055,82624,102,27,5841285.5,59049184.0,4
CONT_s2_dynamic_TearsOfSteel,1789353301.762,0.1056,81096,101,27,6376518.4,61777133.4,4
CONT_s2_dynamic_TearsOfSteel,1789353301.867,0.1055,80756,97,22,4869810.4,60253257.1,4
CONT_s2_dynamic_TearsOfSteel,1789353301.973,0.1058,82760,103,24,2274375.8,58703275.4,4
CONT_s2_dynamic_TearsOfSteel,1789353302.079,0.1063,57132,68,14,7332125.6,62616629.4,4
CONT_s2_dynamic_TearsOfSteel,1789353302.184,0.1054,91056,115,41,5821738.6,57886019.1,4
CONT_s2_dynamic_TearsOfSteel,1789353302.29,0.1056,82788,103,27,3519840.7,63323173.0,4
CONT_s2_dynamic_TearsOfSteel,1789353302.396,0.1058,82744,104,31,3465408.1,66341951.0,4
CONT_s2_dynamic_TearsOfSteel,1789353302.502,0.1057,81260,103,31,2989844.0,66520644.3,4
CONT_s2_dynamic_TearsOfSteel,1789353302.607,0.1058,81204,100,28,3525364.4,68333068.5,4
CONT_s2_dynamic_TearsOfSteel,1789353302.713,0.1055,82856,105,27,2563524.5,69827454.1,4
CONT_s2_dynamic_TearsOfSteel,1789353302.818,0.1056,81224,103,30,6574306.8,74306569.3,4
CONT_s2_dynamic_TearsOfSteel,1789353302.924,0.1056,81156,100,26,3271542.6,73901133.4,4
CONT_s2_dynamic_TearsOfSteel,1789353303.03,0.1056,81092,101,26,3896298.7,75127344.9,4
CONT_s2_dynamic_TearsOfSteel,1789353303.138,0.1081,84056,103,24,4744804.3,77075270.7,5
CONT_s2_dynamic_TearsOfSteel,1789353303.245,0.1075,81549,106,25,4527738.8,75967568.2,6
CONT_s2_dynamic_TearsOfSteel,1789353303.351,0.1057,82011,103,25,6814323.0,84892956.8,6
CONT_s2_dynamic_TearsOfSteel,1789353303.457,0.1058,82332,98,20,8373310.3,65535440.1,4
CONT_s2_dynamic_TearsOfSteel,1789353303.563,0.1059,82528,101,24,5326995.2,81344566.6,4
CONT_s2_dynamic_TearsOfSteel,1789353303.668,0.1057,82536,101,27,3315552.9,75337317.4,4
CONT_s2_dynamic_TearsOfSteel,1789353303.774,0.1058,68668,86,25,6117311.8,50992809.5,4
CONT_s2_dynamic_TearsOfSteel,1789353303.88,0.106,68596,88,21,15609662.8,45835364.3,6
CONT_s2_dynamic_TearsOfSteel,1789353303.986,0.106,81212,101,30,9807286.3,66838611.0,6
CONT_s2_dynamic_TearsOfSteel,1789353304.092,0.1061,82096,95,18,6981354.1,90191893.4,6
CONT_s2_dynamic_TearsOfSteel,1789353304.198,0.1055,81557,100,19,5875375.5,91804763.5,6
CONT_s2_dynamic_TearsOfSteel,1789353304.303,0.1056,36916,40,6,21443933.2,53238945.5,4
CONT_s2_dynamic_TearsOfSteel,1789353304.41,0.106,38788,46,12,16334109.5,47796909.3,4
CONT_s2_dynamic_TearsOfSteel,1789353304.515,0.1058,32372,36,8,14278818.0,50655032.1,4
CONT_s2_dynamic_TearsOfSteel,1789353304.621,0.1059,35776,44,9,11389152.5,44747480.5,4
CONT_s2_dynamic_TearsOfSteel,1789353304.727,0.1058,43212,49,8,11558412.2,49050178.1,4
CONT_s2_dynamic_TearsOfSteel,1789353304.832,0.1055,46644,57,14,10701714.1,48420236.0,4
CONT_s2_dynamic_TearsOfSteel,1789353304.938,0.1058,50924,57,9,9177558.5,47963222.2,4
CONT_s2_dynamic_TearsOfSteel,1789353305.044,0.1059,49129,60,8,8890895.7,45910287.0,4
CONT_s2_dynamic_TearsOfSteel,1789353305.15,0.1057,12336,14,2,23249916.6,54191715.7,2
CONT_s2_dynamic_TearsOfSteel,1789353305.257,0.1068,10912,14,5,24591522.5,50660249.0,2
CONT_s2_dynamic_TearsOfSteel,1789353305.363,0.1058,32548,38,8,21613325.2,44869591.1,4
CONT_s2_dynamic_TearsOfSteel,1789353305.468,0.1057,56380,73,17,8123237.0,45100483.1,4
CONT_s2_dynamic_TearsOfSteel,1789353305.574,0.1058,59140,73,20,6962486.0,46232425.3,4
CONT_s2_dynamic_TearsOfSteel,1789353305.68,0.1057,21672,25,6,10212591.1,46669214.6,4
CONT_s2_dynamic_TearsOfSteel,1789353305.785,0.1056,12208,12,0,22276405.0,47219958.1,2
CONT_s2_dynamic_TearsOfSteel,1789353305.891,0.1057,9136,10,2,22673974.6,50980683.9,2
CONT_s2_dynamic_TearsOfSteel,1789353305.997,0.1058,720,4,0,36375246.5,256673311.4,3
CONT_s2_dynamic_TearsOfSteel,1789353306.103,0.1058,60936,75,20,10235516.6,43450248.9,2
CONT_s2_dynamic_TearsOfSteel,1789353306.209,0.1058,63760,75,21,5053868.4,49141584.8,2
CONT_s2_dynamic_TearsOfSteel,1789353306.314,0.1058,15984,24,8,5468204.4,49839054.4,2
CONT_s2_dynamic_TearsOfSteel,1789353306.42,0.1057,0,0,0,0,0,0
CONT_s2_dynamic_TearsOfSteel,1789353306.526,0.1058,0,0,0,0,0,0
CONT_s2_dynamic_TearsOfSteel,1789353306.635,0.1094,564,1,0,26713560.0,332147692.0,1
CONT_s2_dynamic_TearsOfSteel,1789353306.742,0.1064,31528,41,16,15856746.1,40468491.7,2
CONT_s2_dynamic_TearsOfSteel,1789353306.847,0.1056,68704,85,24,4027524.7,46628528.2,2
CONT_s2_dynamic_TearsOfSteel,1789353306.953,0.1058,41952,51,10,3273863.3,47593317.2,2
CONT_s2_dynamic_TearsOfSteel,1789353307.059,0.1058,0,0,0,0,0,0
CONT_s2_dynamic_TearsOfSteel,1789353307.164,0.1056,0,0,0,0,0,0
CONT_s2_dynamic_TearsOfSteel,1789353307.27,0.1055,616,2,0,23797115.0,286983410.3,2
CONT_s2_dynamic_TearsOfSteel,1789353307.376,0.1058,52,1,0,39904894.0,0,1
CONT_s2_dynamic_TearsOfSteel,1789353307.481,0.1055,70348,86,29,5132824.1,45762940.6,2
CONT_s2_dynamic_TearsOfSteel,1789353307.587,0.1058,66864,80,19,3009504.4,46621338.6,2
CONT_s2_dynamic_TearsOfSteel,1789353307.693,0.1057,3052,3,0,3425697.7,58981006.9,2
CONT_s2_dynamic_TearsOfSteel,1789353307.798,0.1056,0,0,0,0,0,0
CONT_s2_dynamic_TearsOfSteel,1789353307.904,0.1057,0,0,0,0,0,0
CONT_s2_dynamic_TearsOfSteel,1789353308.01,0.1058,616,2,0,25245411.0,307012918.2,2
CONT_s2_dynamic_TearsOfSteel,1789353308.116,0.1058,23672,31,10,19078938.1,38772544.8,2
CONT_s2_dynamic_TearsOfSteel,1789353308.221,0.1058,77270,98,33,5289902.4,45861654.4,3
CONT_s2_dynamic_TearsOfSteel,1789353308.327,0.1058,56248,71,25,52872566.5,46981975.1,4
CONT_s2_dynamic_TearsOfSteel,1789353308.433,0.1057,15488,18,5,108132040.1,44027184.2,2
CONT_s2_dynamic_TearsOfSteel,1789353308.539,0.1058,12488,16,4,71215165.0,46178243.7,2
CONT_s2_dynamic_TearsOfSteel,1789353308.644,0.1056,9924,13,4,54196499.7,61738707.8,3
CONT_s2_dynamic_TearsOfSteel,1789353308.751,0.1069,6220,8,1,49554459.5,48374288.1,3
CONT_s2_dynamic_TearsOfSteel,1789353308.857,0.1056,62320,75,25,13952426.9,43468241.8,4
CONT_s2_dynamic_TearsOfSteel,1789353308.963,0.1058,79600,100,24,6298499.0,57536740.7,4
CONT_s2_dynamic_TearsOfSteel,1789353309.069,0.1061,33976,38,8,13462521.2,58453451.4,4
CONT_s2_dynamic_TearsOfSteel,1789353309.174,0.1056,23424,30,9,19945993.5,50506283.5,2
CONT_s2_dynamic_TearsOfSteel,1789353309.28,0.1057,15400,17,3,18325272.0,43185927.6,2
CONT_s2_dynamic_TearsOfSteel,1789353309.386,0.1059,15888,17,0,19442803.5,55021509.8,4
CONT_s2_dynamic_TearsOfSteel,1789353309.492,0.1059,13888,16,3,18703660.6,51621941.0,3
CONT_s2_dynamic_TearsOfSteel,1789353309.598,0.1059,89288,111,37,5055515.8,54257775.1,4
CONT_s2_dynamic_TearsOfSteel,1789353309.704,0.106,69700,81,19,5279996.3,62488115.1,4
CONT_s2_dynamic_TearsOfSteel,1789353309.809,0.1056,15516,19,4,19963431.7,52748717.5,3
CONT_s2_dynamic_TearsOfSteel,1789353309.915,0.1057,9296,11,3,20529620.4,50748840.1,2
CONT_s2_dynamic_TearsOfSteel,1789353310.021,0.1058,13772,14,1,23116464.3,45066018.0,2
CONT_s2_dynamic_TearsOfSteel,1789353310.127,0.1058,14324,15,0,22044513.3,63888593.1,4
CONT_s2_dynamic_TearsOfSteel,1789353310.233,0.1067,52908,62,17,15756832.2,41227344.2,4
CONT_s2_dynamic_TearsOfSteel,1789353310.339,0.1056,80760,96,26,7048666.8,65936432.9,4
CONT_s2_dynamic_TearsOfSteel,1789353310.445,0.1059,48284,37,16,7591770.8,72269400.5,3
CONT_s2_dynamic_TearsOfSteel,1789353310.551,0.1059,15400,17,2,19083059.4,47680946.1,2
CONT_s2_dynamic_TearsOfSteel,1789353310.656,0.1057,18540,21,4,19907309.0,50236632.8,2
CONT_s2_dynamic_TearsOfSteel,1789353310.762,0.1056,26208,29,7,16378304.0,42969472.0,2
CONT_s2_dynamic_TearsOfSteel,1789353310.868,0.1058,18484,20,5,14971679.4,46934847.1,2
CONT_s2_dynamic_TearsOfSteel,1789353310.973,0.1057,13836,15,1,16485300.2,46208941.5,2
CONT_s2_dynamic_TearsOfSteel,1789353311.079,0.1059,7656,8,0,21396852.0,55206625.7,2
CONT_s2_dynamic_TearsOfSteel,1789353311.185,0.1056,12208,12,0,21988146.3,46511346.7,2
CONT_s2_dynamic_TearsOfSteel,1789353311.29,0.1056,13836,15,2,20489118.4,47549052.8,2
CONT_s2_dynamic_TearsOfSteel,1789353311.396,0.1058,10924,14,5,18655719.0,47955872.3,2
CONT_s2_dynamic_TearsOfSteel,1789353311.502,0.1057,12284,13,2,20961917.2,53322267.5,2
CONT_s2_dynamic_TearsOfSteel,1789353311.608,0.1058,9360,12,3,23954460.0,47982454.1,2
CONT_s2_dynamic_TearsOfSteel,1789353311.714,0.1058,7732,9,2,24646837.1,45411506.5,2
CONT_s2_dynamic_TearsOfSteel,1789353311.819,0.1056,4911,7,1,25147346.4,47231001.6,2
CONT_s2_dynamic_TearsOfSteel,1789353311.925,0.1058,5126,7,2,30822884.3,40681309.8,2
CONT_s2_dynamic_TearsOfSteel,1789353312.031,0.1061,10720,11,1,29480031.0,47675544.8,2
CONT_s2_dynamic_TearsOfSteel,1789353312.138,0.1065,7796,10,2,26318855.5,44574996.0,2
CONT_s2_dynamic_TearsOfSteel,1789353312.243,0.1056,6104,6,0,28497369.0,47778937.1,2
CONT_s2_dynamic_TearsOfSteel,1789353312.349,0.1056,31310,36,5,323970465.3,46331720.8,4
CONT_s2_dynamic_TearsOfSteel,1789353312.454,0.1057,79792,98,30,37737401.6,48261391.8,4
CONT_s2_dynamic_TearsOfSteel,1789353312.56,0.1059,81100,99,25,7313493.2,75714893.0,4
CONT_s2_dynamic_TearsOfSteel,1789353312.666,0.1061,84128,101,22,4320602.9,84274456.6,4
CONT_s2_dynamic_TearsOfSteel,1789353312.772,0.1057,78692,100,26,1400669.5,80001138.7,3
CONT_s2_dynamic_TearsOfSteel,1789353312.878,0.1058,0,0,0,0,0,0
CONT_s2_dynamic_TearsOfSteel,1789353312.984,0.1057,0,0,0,0,0,0
CONT_s2_dynamic_TearsOfSteel,1789353313.089,0.1058,0,0,0,0,0,0
CONT_s2_dynamic_TearsOfSteel,1789353313.195,0.1057,25678,33,10,20167566.9,44275817.0,2
CONT_s2_dynamic_TearsOfSteel,1789353313.301,0.1058,45999,60,18,5910180.0,46293057.0,2
CONT_s2_dynamic_TearsOfSteel,1789353313.407,0.1057,0,0,0,0,0,0
CONT_s2_dynamic_TearsOfSteel,1789353313.513,0.1059,0,0,0,0,0,0
CONT_s2_dynamic_TearsOfSteel,1789353313.618,0.1058,0,0,0,0,0,0
CONT_s2_dynamic_TearsOfSteel,1789353313.724,0.1055,0,0,0,0,0,0
CONT_s2_dynamic_TearsOfSteel,1789353313.829,0.1056,0,0,0,0,0,0
CONT_s2_dynamic_TearsOfSteel,1789353313.935,0.1057,0,0,0,0,0,0
CONT_s2_dynamic_TearsOfSteel,1789353314.041,0.1057,0,0,0,0,0,0
CONT_s2_dynamic_TearsOfSteel,1789353314.146,0.1055,0,0,0,0,0,0
CONT_s2_dynamic_TearsOfSteel,1789353314.255,0.1088,0,0,0,0,0,0
CONT_s2_dynamic_TearsOfSteel,1789353314.361,0.1056,0,0,0,0,0,0
CONT_s2_dynamic_TearsOfSteel,1789353314.467,0.1058,0,0,0,0,0,0
CONT_s2_dynamic_TearsOfSteel,1789353314.572,0.1058,0,0,0,0,0,0
CONT_s2_dynamic_TearsOfSteel,1789353314.678,0.1055,0,0,0,0,0,0
CONT_s2_dynamic_TearsOfSteel,1789353314.783,0.1056,0,0,0,0,0,0
CONT_s2_dynamic_TearsOfSteel,1789353314.889,0.1057,0,0,0,0,0,0
CONT_s2_dynamic_TearsOfSteel,1789353314.995,0.1057,0,0,0,0,0,0
CONT_s2_dynamic_TearsOfSteel,1789353315.101,0.1057,0,0,0,0,0,0
CONT_s2_dynamic_TearsOfSteel,1789353315.206,0.1055,0,0,0,0,0,0
CONT_s2_dynamic_TearsOfSteel,1789353315.312,0.1056,0,0,0,0,0,0
CONT_s2_dynamic_TearsOfSteel,1789353315.417,0.1058,0,0,0,0,0,0
CONT_s2_dynamic_TearsOfSteel,1789353315.523,0.1058,0,0,0,0,0,0
CONT_s2_dynamic_TearsOfSteel,1789353315.632,0.1086,0,0,0,0,0,0
CONT_s2_dynamic_TearsOfSteel,1789353315.737,0.1056,0,0,0,0,0,0
CONT_s2_dynamic_TearsOfSteel,1789353315.843,0.1055,0,0,0,0,0,0
CONT_s2_dynamic_TearsOfSteel,1789353315.949,0.1057,0,0,0,0,0,0
CONT_s2_dynamic_TearsOfSteel,1789353316.054,0.1058,0,0,0,0,0,0
CONT_s2_dynamic_TearsOfSteel,1789353316.16,0.1055,0,0,0,0,0,0
CONT_s2_dynamic_TearsOfSteel,1789353316.265,0.1055,0,0,0,0,0,0
CONT_s2_dynamic_TearsOfSteel,1789353316.371,0.1058,68467,56,0,60549686.6,13609505.3,2
CONT_s2_dynamic_TearsOfSteel,1789353316.477,0.1058,91364,104,0,5433500.4,43067829.8,2
CONT_s2_dynamic_TearsOfSteel,1789353316.583,0.1059,83244,105,0,278755.2,31062592.0,2
CONT_s2_dynamic_TearsOfSteel,1789353316.689,0.1056,70916,74,6,2342946.6,41949880.5,2
CONT_s2_dynamic_TearsOfSteel,1789353316.794,0.1055,77280,66,0,1512998.0,50571801.4,2
CONT_s2_dynamic_TearsOfSteel,1789353316.9,0.1058,91352,86,0,414127.1,40456861.3,2
CONT_s2_dynamic_TearsOfSteel,1789353317.006,0.1059,79796,84,0,113899.9,40430766.7,2
CONT_s2_dynamic_TearsOfSteel,1789353317.111,0.1058,83164,106,0,68539.0,32653013.2,2
CONT_s2_dynamic_TearsOfSteel,1789353317.217,0.1055,81744,104,0,110243.0,31806962.8,2
CONT_s2_dynamic_TearsOfSteel,1789353317.323,0.1056,81744,104,1,102897.5,33926587.5,2
CONT_s2_dynamic_TearsOfSteel,1789353317.428,0.1057,81612,86,2,251708.3,13174410.7,2
CONT_s2_dynamic_TearsOfSteel,1789353317.534,0.1059,79352,78,0,67356.3,36765336.7,2
CONT_s2_dynamic_TearsOfSteel,1789353317.64,0.106,80904,80,0,39129.8,39867426.9,2
CONT_s2_dynamic_TearsOfSteel,1789353317.748,0.1074,78268,99,0,2158654.4,41747265.3,2
CONT_s2_dynamic_TearsOfSteel,1789353317.853,0.1056,81744,104,0,3235812.0,44596124.4,2
CONT_s2_dynamic_TearsOfSteel,1789353317.959,0.1055,81464,104,1,3159821.5,48783755.5,2
CONT_s2_dynamic_TearsOfSteel,1789353318.064,0.1057,85231,110,0,3132281.5,55740400.3,2
CONT_s2_dynamic_TearsOfSteel,1789353318.17,0.1056,82863,82,2,367144.2,27383556.1,2
CONT_s2_dynamic_TearsOfSteel,1789353318.276,0.1056,79352,78,0,102837.3,39253504.1,2
CONT_s2_dynamic_TearsOfSteel,1789353318.381,0.1058,80264,90,0,88278.4,38803939.3,2
CONT_s2_dynamic_TearsOfSteel,1789353318.487,0.1058,82892,106,0,75476.0,29829283.8,2
CONT_s2_dynamic_TearsOfSteel,1789353318.593,0.1059,81328,104,1,48715.0,32098834.3,2
CONT_s2_dynamic_TearsOfSteel,1789353318.699,0.1055,48057,62,1,1090342.5,25450056.2,2
CONT_s2_dynamic_TearsOfSteel,1789353318.804,0.1056,39914,36,0,4788535.9,2498115.6,2
CONT_s2_dynamic_TearsOfSteel,1789353318.91,0.1059,28749,27,0,2966470.8,33047154.5,2
CONT_s2_dynamic_TearsOfSteel,1789353319.016,0.106,0,0,0,0,0,0
CONT_s2_dynamic_TearsOfSteel,1789353319.122,0.1059,0,0,0,0,0,0
CONT_s2_dynamic_TearsOfSteel,1789353319.228,0.1059,0,0,0,0,0,0
CONT_s2_dynamic_TearsOfSteel,1789353319.334,0.1058,0,0,0,0,0,0
CONT_s2_dynamic_TearsOfSteel,1789353319.44,0.1059,0,0,0,0,0,0
CONT_s2_dynamic_TearsOfSteel,1789353319.546,0.106,0,0,0,0,0,0
CONT_s2_dynamic_TearsOfSteel,1789353319.651,0.1057,0,0,0,0,0,0
CONT_s2_dynamic_TearsOfSteel,1789353319.758,0.1063,0,0,0,0,0,0
CONT_s2_dynamic_TearsOfSteel,1789353319.863,0.1057,0,0,0,0,0,0
CONT_s2_dynamic_TearsOfSteel,1789353319.969,0.1058,0,0,0,0,0,0
CONT_s2_dynamic_TearsOfSteel,1789353320.075,0.1057,0,0,0,0,0,0
CONT_s2_dynamic_TearsOfSteel,1789353320.18,0.1056,15499,12,0,107879985.0,4060969.8,2
CONT_s2_dynamic_TearsOfSteel,1789353320.286,0.1056,89592,80,0,13004525.0,26384158.3,2
CONT_s2_dynamic_TearsOfSteel,1789353320.392,0.1059,80904,80,0,2621454.2,32321907.9,2
CONT_s2_dynamic_TearsOfSteel,1789353320.498,0.1059,79352,78,0,498559.7,35253380.2,2
CONT_s2_dynamic_TearsOfSteel,1789353320.604,0.1059,80852,79,0,118204.8,37759096.1,2
CONT_s2_dynamic_TearsOfSteel,1789353320.71,0.1059,79644,82,0,87229.1,40464269.0,2
CONT_s2_dynamic_TearsOfSteel,1789353320.815,0.1058,83132,106,0,79889.0,32855309.2,2
CONT_s2_dynamic_TearsOfSteel,1789353320.921,0.1056,39683,52,3,1606491.0,27865028.9,2
CONT_s2_dynamic_TearsOfSteel,1789353321.027,0.1057,0,0,0,0,0,0
CONT_s2_dynamic_TearsOfSteel,1789353321.134,0.1077,0,0,0,0,0,0
CONT_s2_dynamic_TearsOfSteel,1789353321.24,0.1058,0,0,0,0,0,0
CONT_s2_dynamic_TearsOfSteel,1789353321.346,0.1056,0,0,0,0,0,0
CONT_s2_dynamic_TearsOfSteel,1789353321.451,0.1057,68522,57,0,10535508.3,18128540.8,2
CONT_s2_dynamic_TearsOfSteel,1789353321.557,0.1058,0,0,0,0,0,0
CONT_s2_dynamic_TearsOfSteel,1789353321.663,0.1055,0,0,0,0,0,0
CONT_s2_dynamic_TearsOfSteel,1789353321.768,0.1056,0,0,0,0,0,0
CONT_s2_dynamic_TearsOfSteel,1789353321.874,0.1057,0,0,0,0,0,0
CONT_s2_dynamic_TearsOfSteel,1789353321.98,0.1057,0,0,0,0,0,0
CONT_s2_dynamic_TearsOfSteel,1789353322.086,0.1057,0,0,0,0,0,0
CONT_s2_dynamic_TearsOfSteel,1789353322.191,0.1055,0,0,0,0,0,0
CONT_s2_dynamic_TearsOfSteel,1789353322.297,0.1056,0,0,0,0,0,0
CONT_s2_dynamic_TearsOfSteel,1789353322.402,0.1054,0,0,0,0,0,0
CONT_s2_dynamic_TearsOfSteel,1789353322.508,0.1057,0,0,0,0,0,0
CONT_s2_dynamic_TearsOfSteel,1789353322.614,0.1058,0,0,0,0,0,0
CONT_s2_dynamic_TearsOfSteel,1789353322.719,0.1058,0,0,0,0,0,0
CONT_s2_dynamic_TearsOfSteel,1789353322.825,0.1056,0,0,0,0,0,0
CONT_s2_dynamic_TearsOfSteel,1789353322.931,0.1057,0,0,0,0,0,0
CONT_s2_dynamic_TearsOfSteel,1789353323.036,0.1058,0,0,0,0,0,0
CONT_s2_dynamic_TearsOfSteel,1789353323.142,0.1055,0,0,0,0,0,0
CONT_s2_dynamic_TearsOfSteel,1789353323.25,0.1085,0,0,0,0,0,0
CONT_s2_dynamic_TearsOfSteel,1789353323.356,0.1056,0,0,0,0,0,0
CONT_s2_dynamic_TearsOfSteel,1789353323.461,0.1054,0,0,0,0,0,0
CONT_s2_dynamic_TearsOfSteel,1789353323.567,0.1058,0,0,0,0,0,0
CONT_s2_dynamic_TearsOfSteel,1789353323.673,0.1055,0,0,0,0,0,0
CONT_s2_dynamic_TearsOfSteel,1789353323.778,0.1056,0,0,0,0,0,0
CONT_s2_dynamic_TearsOfSteel,1789353323.884,0.1057,15499,12,0,204532174.0,4229402.0,2
CONT_s2_dynamic_TearsOfSteel,1789353323.99,0.1057,80436,71,0,30733683.1,24792023.9,2
CONT_s2_dynamic_TearsOfSteel,1789353324.096,0.1059,80904,80,0,6254377.1,32272570.7,2
CONT_s2_dynamic_TearsOfSteel,1789353324.202,0.1059,79352,78,0,1159292.3,34927259.6,2
CONT_s2_dynamic_TearsOfSteel,1789353324.307,0.1058,80852,79,0,242521.5,34337616.3,2
CONT_s2_dynamic_TearsOfSteel,1789353324.413,0.106,79352,78,0,74249.7,35334899.7,2
CONT_s2_dynamic_TearsOfSteel,1789353324.519,0.1059,81009,82,0,34311117.6,72852761.3,4
CONT_s2_dynamic_TearsOfSteel,1789353324.625,0.1059,79352,78,0,44652.7,38728728.1,2
CONT_s2_dynamic_TearsOfSteel,1789353324.732,0.1072,80852,79,0,53040.7,39240960.1,2
CONT_s2_dynamic_TearsOfSteel,1789353324.838,0.1057,80904,80,0,41290.1,37242322.5,2
CONT_s2_dynamic_TearsOfSteel,1789353324.944,0.1059,79732,83,0,70643.2,39084804.7,2
CONT_s2_dynamic_TearsOfSteel,1789353325.05,0.1058,66822,86,1,1371564.5,30311157.4,2
CONT_s2_dynamic_TearsOfSteel,1789353325.155,0.1055,0,0,0,0,0,0
CONT_s2_dynamic_TearsOfSteel,1789353325.261,0.1056,0,0,0,0,0,0
CONT_s2_dynamic_TearsOfSteel,1789353325.367,0.1057,0,0,0,0,0,0
CONT_s2_dynamic_TearsOfSteel,1789353325.473,0.1058,39758,33,0,17582469.8,14242542.7,2
CONT_s2_dynamic_TearsOfSteel,1789353325.578,0.1059,28887,29,0,10114997.9,24647750.3,2
CONT_s2_dynamic_TearsOfSteel,1789353325.684,0.1056,0,0,0,0,0,0
CONT_s2_dynamic_TearsOfSteel,1789353325.79,0.1056,0,0,0,0,0,0
CONT_s2_dynamic_TearsOfSteel,1789353325.895,0.1057,0,0,0,0,0,0
CONT_s2_dynamic_TearsOfSteel,1789353326.001,0.1058,0,0,0,0,0,0
CONT_s2_dynamic_TearsOfSteel,1789353326.107,0.1057,0,0,0,0,0,0
CONT_s2_dynamic_TearsOfSteel,1789353326.212,0.1057,0,0,0,0,0,0
CONT_s2_dynamic_TearsOfSteel,1789353326.318,0.1056,0,0,0,0,0,0
CONT_s2_dynamic_TearsOfSteel,1789353326.424,0.1058,0,0,0,0,0,0
CONT_s2_dynamic_TearsOfSteel,1789353326.53,0.1058,0,0,0,0,0,0
CONT_s2_dynamic_TearsOfSteel,1789353326.639,0.109,0,0,0,0,0,0
CONT_s2_dynamic_TearsOfSteel,1789353326.745,0.1064,0,0,0,0,0,0
CONT_s2_dynamic_TearsOfSteel,1789353326.851,0.1056,0,0,0,0,0,0
CONT_s2_dynamic_TearsOfSteel,1789353326.956,0.1057,0,0,0,0,0,0
CONT_s2_dynamic_TearsOfSteel,1789353327.062,0.1057,0,0,0,0,0,0
CONT_s2_dynamic_TearsOfSteel,1789353327.168,0.1056,0,0,0,0,0,0
CONT_s2_dynamic_TearsOfSteel,1789353327.273,0.1056,0,0,0,0,0,0
CONT_s2_dynamic_TearsOfSteel,1789353327.379,0.1057,0,0,0,0,0,0
CONT_s2_dynamic_TearsOfSteel,1789353327.485,0.1057,0,0,0,0,0,0
CONT_s2_dynamic_TearsOfSteel,1789353327.59,0.1056,0,0,0,0,0,0
CONT_s2_dynamic_TearsOfSteel,1789353327.696,0.1055,0,0,0,0,0,0
CONT_s2_dynamic_TearsOfSteel,1789353327.801,0.1056,0,0,0,0,0,0
CONT_s2_dynamic_TearsOfSteel,1789353327.907,0.1057,0,0,0,0,0,0
CONT_s2_dynamic_TearsOfSteel,1789353328.013,0.1058,0,0,0,0,0,0
CONT_s2_dynamic_TearsOfSteel,1789353328.119,0.1057,71519,59,0,48342653.0,17341795.7,2
CONT_s2_dynamic_TearsOfSteel,1789353328.225,0.1059,79352,78,0,10916396.3,27766661.7,2
CONT_s2_dynamic_TearsOfSteel,1789353328.33,0.1057,79404,79,0,1937769.9,30147092.6,2
CONT_s2_dynamic_TearsOfSteel,1789353328.436,0.1056,80852,79,0,376102.2,31748959.1,2
CONT_s2_dynamic_TearsOfSteel,1789353328.541,0.1056,79352,78,0,113507.3,33277053.1,2
CONT_s2_dynamic_TearsOfSteel,1789353328.647,0.106,80852,79,0,57591.5,34787432.5,2
CONT_s2_dynamic_TearsOfSteel,1789353328.755,0.1077,80904,80,0,32590.8,33822788.2,2
CONT_s2_dynamic_TearsOfSteel,1789353328.861,0.1057,79352,78,0,46798.0,34751506.5,2
CONT_s2_dynamic_TearsOfSteel,1789353328.967,0.1058,80852,79,0,34321.3,36614586.7,2
CONT_s2_dynamic_TearsOfSteel,1789353329.072,0.1058,79352,78,0,56735.3,37734061.6,2
CONT_s2_dynamic_TearsOfSteel,1789353329.178,0.1057,80904,80,0,48941.4,38723015.0,2
CONT_s2_dynamic_TearsOfSteel,1789353329.284,0.1057,35704,36,0,151021.0,33184393.5,2
CONT_s2_dynamic_TearsOfSteel,1789353329.39,0.1058,0,0,0,0,0,0
CONT_s2_dynamic_TearsOfSteel,1789353329.495,0.1057,0,0,0,0,0,0
CONT_s2_dynamic_TearsOfSteel,1789353329.601,0.1057,68875,62,0,6271140.3,18640334.2,2
CONT_s2_dynamic_TearsOfSteel,1789353329.707,0.1056,0,0,0,0,0,0
CONT_s2_dynamic_TearsOfSteel,1789353329.812,0.1056,0,0,0,0,0,0
CONT_s2_dynamic_TearsOfSteel,1789353329.918,0.1057,0,0,0,0,0,0
CONT_s2_dynamic_TearsOfSteel,1789353330.024,0.1058,0,0,0,0,0,0
CONT_s2_dynamic_TearsOfSteel,1789353330.132,0.1086,0,0,0,0,0,0
CONT_s2_dynamic_TearsOfSteel,1789353330.238,0.1056,0,0,0,0,0,0
CONT_s2_dynamic_TearsOfSteel,1789353330.344,0.1056,0,0,0,0,0,0
CONT_s2_dynamic_TearsOfSteel,1789353330.449,0.1057,0,0,0,0,0,0
CONT_s2_dynamic_TearsOfSteel,1789353330.555,0.1058,0,0,0,0,0,0
CONT_s2_dynamic_TearsOfSteel,1789353330.661,0.1056,0,0,0,0,0,0
CONT_s2_dynamic_TearsOfSteel,1789353330.766,0.1056,0,0,0,0,0,0
CONT_s2_dynamic_TearsOfSteel,1789353330.872,0.1058,0,0,0,0,0,0
CONT_s2_dynamic_TearsOfSteel,1789353330.978,0.1057,0,0,0,0,0,0
CONT_s2_dynamic_TearsOfSteel,1789353331.083,0.1058,0,0,0,0,0,0
CONT_s2_dynamic_TearsOfSteel,1789353331.189,0.1058,0,0,0,0,0,0
CONT_s2_dynamic_TearsOfSteel,1789353331.295,0.1055,0,0,0,0,0,0
CONT_s2_dynamic_TearsOfSteel,1789353331.401,0.1058,0,0,0,0,0,0
CONT_s2_dynamic_TearsOfSteel,1789353331.506,0.1058,0,0,0,0,0,0
CONT_s2_dynamic_TearsOfSteel,1789353331.612,0.1057,0,0,0,0,0,0
CONT_s2_dynamic_TearsOfSteel,1789353331.718,0.1056,0,0,0,0,0,0
CONT_s2_dynamic_TearsOfSteel,1789353331.823,0.1056,0,0,0,0,0,0
CONT_s2_dynamic_TearsOfSteel,1789353331.929,0.1057,0,0,0,0,0,0
CONT_s2_dynamic_TearsOfSteel,1789353332.035,0.1058,0,0,0,0,0,0
CONT_s2_dynamic_TearsOfSteel,1789353332.141,0.1059,0,0,0,0,0,0
CONT_s2_dynamic_TearsOfSteel,1789353332.247,0.1069,15499,12,0,216601833.2,621685.5,2
CONT_s2_dynamic_TearsOfSteel,1789353332.353,0.1056,81988,73,0,30286690.4,26218334.3,2
CONT_s2_dynamic_TearsOfSteel,1789353332.459,0.1059,79352,78,0,6318227.0,38737863.9,2
CONT_s2_dynamic_TearsOfSteel,1789353332.565,0.106,81904,93,0,659319.2,39471835.8,2
CONT_s2_dynamic_TearsOfSteel,1789353332.671,0.1058,81720,104,0,148335.5,29042209.4,2
CONT_s2_dynamic_TearsOfSteel,1789353332.777,0.1057,83204,106,1,82379.5,31733278.7,2
CONT_s2_dynamic_TearsOfSteel,1789353332.882,0.1056,81328,104,0,69389.5,32351165.5,2
CONT_s2_dynamic_TearsOfSteel,1789353332.988,0.1061,82828,105,0,67881.3,34883748.0,2
CONT_s2_dynamic_TearsOfSteel,1789353333.094,0.1057,74320,85,2,1505945.9,35600442.0,2
CONT_s2_dynamic_TearsOfSteel,1789353333.2,0.1057,81624,66,0,3317794.4,20646774.6,2
CONT_s2_dynamic_TearsOfSteel,1789353333.305,0.1058,80020,63,0,3277532.8,23448817.2,2
CONT_s2_dynamic_TearsOfSteel,1789353333.411,0.1057,79968,62,0,3220529.2,22886011.6,2
CONT_s2_dynamic_TearsOfSteel,1789353333.517,0.1059,72416,56,0,3182058.6,25207533.8,2
CONT_s2_dynamic_TearsOfSteel,1789353333.623,0.106,85968,66,0,3301985.0,26064270.5,2
CONT_s2_dynamic_TearsOfSteel,1789353333.729,0.1055,69312,52,0,3119302.7,30183527.4,2
CONT_s2_dynamic_TearsOfSteel,1789353333.835,0.1061,87468,67,0,3396258.7,31499165.5,2
CONT_s2_dynamic_TearsOfSteel,1789353333.94,0.1058,78364,59,0,3313038.7,35139075.9,2
CONT_s2_dynamic_TearsOfSteel,1789353334.046,0.1058,81312,60,0,3133530.5,35500192.0,2
CONT_s2_dynamic_TearsOfSteel,1789353334.152,0.1056,67760,50,0,3068242.6,35334145.6,2
CONT_s2_dynamic_TearsOfSteel,1789353334.258,0.1063,81312,60,0,3010702.5,35302533.6,2
CONT_s2_dynamic_TearsOfSteel,1789353334.364,0.1057,81312,60,0,2989717.8,35411204.1,2
CONT_s2_dynamic_TearsOfSteel,1789353334.47,0.1057,81312,60,0,2958162.2,35436105.4,2
CONT_s2_dynamic_TearsOfSteel,1789353334.575,0.1058,81312,60,0,2940868.1,35389497.9,2
CONT_s2_dynamic_TearsOfSteel,1789353334.681,0.1057,81312,60,0,2925292.2,35496560.9,2
CONT_s2_dynamic_TearsOfSteel,1789353334.787,0.1056,67760,50,0,2924662.6,35121185.8,2
CONT_s2_dynamic_TearsOfSteel,1789353334.893,0.106,81312,60,0,2908641.8,35498910.7,2
CONT_s2_dynamic_TearsOfSteel,1789353334.998,0.1057,81312,60,0,2905043.1,35478835.7,2
CONT_s2_dynamic_TearsOfSteel,1789353335.104,0.1058,81312,60,0,2910731.7,35409720.3,2
CONT_s2_dynamic_TearsOfSteel,1789353335.21,0.1057,81312,60,0,2900331.5,35400528.2,2
CONT_s2_dynamic_TearsOfSteel,1789353335.315,0.1054,67760,50,0,2896185.9,35440373.8,2
CONT_s2_dynamic_TearsOfSteel,1789353335.421,0.1058,86931,66,0,2958457.6,29174264.0,2
CONT_s2_dynamic_TearsOfSteel,1789353335.527,0.1057,81312,60,0,2965653.3,35304865.0,2
CONT_s2_dynamic_TearsOfSteel,1789353335.635,0.1083,81312,60,0,2945265.8,35395752.6,2
CONT_s2_dynamic_TearsOfSteel,1789353335.741,0.1056,81312,60,0,2923856.9,35525274.4,2
CONT_s2_dynamic_TearsOfSteel,1789353335.846,0.1056,67760,50,0,2915156.6,35480748.5,2
CONT_s2_dynamic_TearsOfSteel,1789353335.952,0.1058,81312,60,0,2903199.0,35526884.2,2
CONT_s2_dynamic_TearsOfSteel,1789353336.058,0.1057,81312,60,0,2894926.3,35526370.5,2
CONT_s2_dynamic_TearsOfSteel,1789353336.163,0.1056,81312,60,0,2904786.7,35337191.0,2
CONT_s2_dynamic_TearsOfSteel,1789353336.269,0.1056,81312,60,0,2891216.8,35548761.6,2
CONT_s2_dynamic_TearsOfSteel,1789353336.375,0.1058,67760,50,0,2885604.6,35646391.0,2
CONT_s2_dynamic_TearsOfSteel,1789353336.481,0.1058,81312,60,0,2879750.1,35625085.7,2
CONT_s2_dynamic_TearsOfSteel,1789353336.586,0.1057,81312,60,0,2875227.2,35615725.8,2
CONT_s2_dynamic_TearsOfSteel,1789353336.692,0.1056,81312,60,0,2873600.0,35483867.8,2
CONT_s2_dynamic_TearsOfSteel,1789353336.797,0.1056,81312,60,0,2875083.9,35470768.8,2
CONT_s2_dynamic_TearsOfSteel,1789353336.903,0.1058,81260,59,0,2931098.6,35482702.7,2
CONT_s2_dynamic_TearsOfSteel,1789353337.009,0.1057,67812,51,0,2834999.7,35461651.2,2
CONT_s2_dynamic_TearsOfSteel,1789353337.115,0.1057,81312,60,0,2883183.4,35320791.0,2
CONT_s2_dynamic_TearsOfSteel,1789353337.22,0.1055,81312,60,0,2883024.1,35399405.6,2
CONT_s2_dynamic_TearsOfSteel,1789353337.326,0.1056,81312,60,0,2882948.6,35607928.1,2
CONT_s2_dynamic_TearsOfSteel,1789353337.432,0.1058,81312,60,0,2881506.0,35421423.3,2
CONT_s2_dynamic_TearsOfSteel,1789353337.537,0.1057,67760,50,0,2890531.2,35435976.3,2
CONT_s2_dynamic_TearsOfSteel,1789353337.643,0.1056,81312,60,0,2892717.4,35289099.3,2
CONT_s2_dynamic_TearsOfSteel,1789353337.751,0.1078,81312,60,0,2884410.1,35525398.5,2
CONT_s2_dynamic_TearsOfSteel,1789353337.856,0.1055,81312,60,0,2891415.8,35359836.1,2
CONT_s2_dynamic_TearsOfSteel,1789353337.962,0.1057,81312,60,0,2889736.8,35281141.4,2
CONT_s2_dynamic_TearsOfSteel,1789353338.068,0.1058,81312,60,0,2886878.3,35164015.7,2
CONT_s2_dynamic_TearsOfSteel,1789353338.173,0.1056,67760,50,0,2900922.6,35336947.7,2
CONT_s2_dynamic_TearsOfSteel,1789353338.279,0.1056,81312,60,0,2904835.4,35385153.1,2
CONT_s2_dynamic_TearsOfSteel,1789353338.385,0.1058,82957,63,0,2888367.3,28911944.4,2
CONT_s2_dynamic_TearsOfSteel,1789353338.49,0.1057,81312,60,0,3012616.0,35442464.0,2
CONT_s2_dynamic_TearsOfSteel,1789353338.596,0.1057,81312,60,0,2973257.2,35243180.5,2
CONT_s2_dynamic_TearsOfSteel,1789353338.702,0.1055,67760,50,0,2946466.8,35392201.8,2
CONT_s2_dynamic_TearsOfSteel,1789353338.807,0.1056,81312,60,0,2929387.0,35381390.9,2
CONT_s2_dynamic_TearsOfSteel,1789353338.913,0.1058,81312,60,0,2914105.2,35337454.7,2
CONT_s2_dynamic_TearsOfSteel,1789353339.019,0.1055,81312,60,0,2909466.4,35309800.6,2
CONT_s2_dynamic_TearsOfSteel,1789353339.124,0.1058,81312,60,0,2900311.9,35409846.9,2
CONT_s2_dynamic_TearsOfSteel,1789353339.23,0.1056,67760,50,0,2896494.8,35418174.9,2
CONT_s2_dynamic_TearsOfSteel,1789353339.336,0.1057,81312,60,0,2892364.0,35493807.3,2
CONT_s2_dynamic_TearsOfSteel,1789353339.441,0.1058,81312,60,0,2894647.3,35408906.9,2
CONT_s2_dynamic_TearsOfSteel,1789353339.547,0.1058,81416,62,0,105835410.8,35575602.7,4
CONT_s2_dynamic_TearsOfSteel,1789353339.653,0.1055,81312,60,0,2884491.8,35647337.1,2
CONT_s2_dynamic_TearsOfSteel,1789353339.758,0.1058,81312,60,0,2877882.2,35571001.2,2
CONT_s2_dynamic_TearsOfSteel,1789353339.864,0.1055,67760,50,0,2876718.2,35522381.5,2
CONT_s2_dynamic_TearsOfSteel,1789353339.97,0.1058,81312,60,0,2876478.1,35509497.1,2
CONT_s2_dynamic_TearsOfSteel,1789353340.075,0.1057,81312,60,0,2884641.1,35320427.2,2
CONT_s2_dynamic_TearsOfSteel,1789353340.181,0.1055,81312,60,0,2889316.2,35402624.3,2
CONT_s2_dynamic_TearsOfSteel,1789353340.286,0.1056,81312,60,0,2885027.4,35371986.3,2
CONT_s2_dynamic_TearsOfSteel,1789353340.392,0.1058,67760,50,0,2885131.6,35413250.4,2
CONT_s2_dynamic_TearsOfSteel,1789353340.498,0.1057,81312,60,0,2889983.3,35292427.2,2
CONT_s2_dynamic_TearsOfSteel,1789353340.604,0.1057,81312,60,0,2892566.0,35313819.6,2
CONT_s2_dynamic_TearsOfSteel,1789353340.709,0.1056,81312,60,0,2892642.9,35381470.8,2
CONT_s2_dynamic_TearsOfSteel,1789353340.815,0.1056,81312,60,0,2890172.3,35441329.4,2
CONT_s2_dynamic_TearsOfSteel,1789353340.921,0.1058,81312,60,0,2895458.5,35259717.0,2
CONT_s2_dynamic_TearsOfSteel,1789353341.026,0.1057,67760,50,0,2892837.2,35370486.5,2
CONT_s2_dynamic_TearsOfSteel,1789353341.137,0.1105,81312,60,0,2907250.8,35352249.6,2
CONT_s2_dynamic_TearsOfSteel,1789353341.243,0.1061,81312,60,0,2903847.3,35246648.7,2
CONT_s2_dynamic_TearsOfSteel,1789353341.349,0.1057,81750,63,0,124126765.3,30416211.5,4
CONT_s2_dynamic_TearsOfSteel,1789353341.455,0.1058,81312,60,0,2957944.2,35641078.3,2
CONT_s2_dynamic_TearsOfSteel,1789353341.56,0.1058,81312,60,0,2928483.9,35635304.1,2
CONT_s2_dynamic_TearsOfSteel,1789353341.666,0.1055,74310,57,0,394319273.8,35411083.0,4
CONT_s2_dynamic_TearsOfSteel,1789353341.771,0.1056,79968,62,0,408491718.3,43402703.6,4
CONT_s2_dynamic_TearsOfSteel,1789353341.877,0.1058,84520,66,0,298584744.2,44187840.7,4
CONT_s2_dynamic_TearsOfSteel,1789353341.983,0.1058,1415345,1108,22,14307790.7,762448.8,4
CONT_s2_dynamic_TearsOfSteel,1789353342.089,0.1055,80260,89,0,143372.1,39798361.3,2
CONT_s2_dynamic_TearsOfSteel,1789353342.194,0.1056,82120,104,0,99292.5,31007935.6,2
CONT_s2_dynamic_TearsOfSteel,1789353342.3,0.1056,83580,106,5,628820.5,31288492.0,2
CONT_s2_dynamic_TearsOfSteel,1789353342.405,0.1058,81774,105,0,8058910.1,34385214.2,3
CONT_s2_dynamic_TearsOfSteel,1789353342.511,0.1057,80880,96,0,47959293.8,46555249.3,4
CONT_s2_dynamic_TearsOfSteel,1789353342.617,0.1057,80124,98,1,19136098.2,48201556.4,4
CONT_s2_dynamic_TearsOfSteel,1789353342.723,0.1057,84568,100,0,26582721.7,48998386.5,4
CONT_s2_dynamic_TearsOfSteel,1789353342.828,0.1056,81408,96,0,21298205.3,50623706.1,4
CONT_s2_dynamic_TearsOfSteel,1789353342.934,0.1057,83433,104,0,4666466.5,43191265.3,4
CONT_s2_dynamic_TearsOfSteel,1789353343.04,0.1057,82160,104,1,73897.0,40166987.8,2
CONT_s2_dynamic_TearsOfSteel,1789353343.145,0.1056,83740,106,0,83180.5,39206409.7,2
CONT_s2_dynamic_TearsOfSteel,1789353343.252,0.1073,83740,106,0,87006.5,39916079.5,2
CONT_s2_dynamic_TearsOfSteel,1789353343.358,0.1055,82160,104,1,53859.0,42097162.8,2
CONT_s2_dynamic_TearsOfSteel,1789353343.464,0.1057,82160,104,0,94505.0,40607083.3,2
CONT_s2_dynamic_TearsOfSteel,1789353343.569,0.1057,83740,106,0,74667.0,41920624.8,2
CONT_s2_dynamic_TearsOfSteel,1789353343.675,0.1055,82160,104,1,77758.5,43693098.4,2
CONT_s2_dynamic_TearsOfSteel,1789353343.78,0.1055,82160,104,1,88681.0,36000504.7,2
CONT_s2_dynamic_TearsOfSteel,1789353343.886,0.1057,83484,106,33,1047135.5,39829635.1,2
CONT_s2_dynamic_TearsOfSteel,1789353343.992,0.1057,82048,104,0,102144.5,33066345.2,2
CONT_s2_dynamic_TearsOfSteel,1789353344.097,0.1057,82160,104,0,74178.5,31797453.2,2
CONT_s2_dynamic_TearsOfSteel,1789353344.203,0.1055,82056,105,1,79764.3,34895108.9,2
CONT_s2_dynamic_TearsOfSteel,1789353344.308,0.1055,83244,105,0,67780.1,34384835.2,2
CONT_s2_dynamic_TearsOfSteel,1789353344.415,0.1061,81744,104,0,75207.5,36826095.0,2
CONT_s2_dynamic_TearsOfSteel,1789353344.52,0.1056,80979,83,5,299204.5,24216038.9,2
CONT_s2_dynamic_TearsOfSteel,1789353344.626,0.1057,78992,92,0,100852.9,39263219.0,2
CONT_s2_dynamic_TearsOfSteel,1789353344.732,0.1058,83316,106,0,3221317.0,43551811.4,2
CONT_s2_dynamic_TearsOfSteel,1789353344.838,0.1059,80036,102,1,3171125.0,48118766.1,2
CONT_s2_dynamic_TearsOfSteel,1789353344.943,0.1057,83058,103,0,30978511.0,55451173.7,4
CONT_s2_dynamic_TearsOfSteel,1789353345.049,0.1058,84008,100,0,31920943.8,62891304.9,4
CONT_s2_dynamic_TearsOfSteel,1789353345.155,0.1055,79300,91,1,24972636.2,48510735.7,4
CONT_s2_dynamic_TearsOfSteel,1789353345.26,0.1056,81648,66,3,25174000.8,58462135.6,4
CONT_s2_dynamic_TearsOfSteel,1789353345.366,0.1059,78572,63,0,22485670.1,62021993.8,4
CONT_s2_dynamic_TearsOfSteel,1789353345.472,0.1058,80070,77,0,13514162.8,47795343.4,4
CONT_s2_dynamic_TearsOfSteel,1789353345.578,0.1057,77212,84,3,12843796.5,56382252.7,4
CONT_s2_dynamic_TearsOfSteel,1789353345.683,0.1055,78692,86,0,10717656.5,55389098.3,4
CONT_s2_dynamic_TearsOfSteel,1789353345.789,0.1056,87448,101,0,9219961.8,59248397.1,4
CONT_s2_dynamic_TearsOfSteel,1789353345.895,0.1059,76266,87,1,9423817.4,51164665.0,4
CONT_s2_dynamic_TearsOfSteel,1789353346.0,0.1058,75416,58,0,10063707.2,63651723.2,4
CONT_s2_dynamic_TearsOfSteel,1789353346.106,0.1057,79916,61,0,10714416.1,66155298.6,4
CONT_s2_dynamic_TearsOfSteel,1789353346.212,0.1057,84160,83,0,8320613.8,57546972.9,4
CONT_s2_dynamic_TearsOfSteel,1789353346.317,0.1056,78577,100,0,4559308.6,42801791.5,4
CONT_s2_dynamic_TearsOfSteel,1789353346.423,0.1058,83684,75,1,3333150.5,34634635.9,2
CONT_s2_dynamic_TearsOfSteel,1789353346.529,0.1057,78416,60,0,3292602.9,38351050.1,2
CONT_s2_dynamic_TearsOfSteel,1789353346.637,0.1082,31645,25,0,3251339.5,33552627.8,2
CONT_s2_dynamic_TearsOfSteel,1789353346.743,0.1059,15498,12,0,15794505.7,578374.0,2
CONT_s2_dynamic_TearsOfSteel,1789353346.849,0.1056,75260,55,0,4816478.1,39377885.1,2
CONT_s2_dynamic_TearsOfSteel,1789353346.954,0.1057,9644,9,0,6393716.8,20229690.0,2
CONT_s2_dynamic_TearsOfSteel,1789353347.06,0.1058,0,0,0,0,0,0
CONT_s2_dynamic_TearsOfSteel,1789353347.166,0.1055,0,0,0,0,0,0
CONT_s2_dynamic_TearsOfSteel,1789353347.271,0.1056,0,0,0,0,0,0
CONT_s2_dynamic_TearsOfSteel,1789353347.377,0.1057,0,0,0,0,0,0
CONT_s2_dynamic_TearsOfSteel,1789353347.483,0.1057,0,0,0,0,0,0
CONT_s2_dynamic_TearsOfSteel,1789353347.588,0.1058,0,0,0,0,0,0
CONT_s2_dynamic_TearsOfSteel,1789353347.694,0.1055,0,0,0,0,0,0
CONT_s2_dynamic_TearsOfSteel,1789353347.799,0.1055,0,0,0,0,0,0
CONT_s2_dynamic_TearsOfSteel,1789353347.905,0.1057,0,0,0,0,0,0
CONT_s2_dynamic_TearsOfSteel,1789353348.011,0.1057,0,0,0,0,0,0
CONT_s2_dynamic_TearsOfSteel,1789353348.117,0.1057,42603,32,0,44552151.5,10793318.0,2
CONT_s2_dynamic_TearsOfSteel,1789353348.222,0.1058,67760,50,0,14575328.5,35357975.2,2
CONT_s2_dynamic_TearsOfSteel,1789353348.328,0.1056,81312,60,0,9945148.9,35318342.8,2
CONT_s2_dynamic_TearsOfSteel,1789353348.434,0.1058,81312,60,0,7655226.7,35343421.3,2
CONT_s2_dynamic_TearsOfSteel,1789353348.54,0.1058,81312,60,0,6123123.5,35333732.1,2
CONT_s2_dynamic_TearsOfSteel,1789353348.645,0.1059,81312,60,0,5094046.7,35297721.1,2
CONT_s2_dynamic_TearsOfSteel,1789353348.754,0.1084,81312,60,0,4380842.4,35503573.7,2
CONT_s2_dynamic_TearsOfSteel,1789353348.859,0.1056,67760,50,0,3966471.6,35583952.3,2
CONT_s2_dynamic_TearsOfSteel,1789353348.965,0.1055,81312,60,0,3621205.0,35575649.6,2
CONT_s2_dynamic_TearsOfSteel,1789353349.071,0.1057,81312,60,0,3379952.5,35611136.0,2
CONT_s2_dynamic_TearsOfSteel,1789353349.176,0.1055,81312,60,0,3218639.2,35577097.1,2
CONT_s2_dynamic_TearsOfSteel,1789353349.282,0.1056,81312,60,0,3106423.9,35634733.9,2
CONT_s2_dynamic_TearsOfSteel,1789353349.387,0.1057,67760,50,0,3043307.2,35558730.9,2
CONT_s2_dynamic_TearsOfSteel,1789353349.493,0.1057,81312,60,0,2990580.4,35556147.6,2
CONT_s2_dynamic_TearsOfSteel,1789353349.599,0.1058,81312,60,0,2953992.0,35590001.9,2
CONT_s2_dynamic_TearsOfSteel,1789353349.704,0.1056,16734,14,0,2899910.0,28579115.9,2
CONT_s2_dynamic_TearsOfSteel,1789353349.81,0.1055,0,0,0,0,0,0
CONT_s2_dynamic_TearsOfSteel,1789353349.916,0.1058,53206,41,0,8759697.2,13644245.8,2
CONT_s2_dynamic_TearsOfSteel,1789353350.022,0.1058,47890,48,0,3980877.3,24810416.7,2
CONT_s2_dynamic_TearsOfSteel,1789353350.127,0.1058,0,0,0,0,0,0
CONT_s2_dynamic_TearsOfSteel,1789353350.234,0.1067,0,0,0,0,0,0
CONT_s2_dynamic_TearsOfSteel,1789353350.34,0.1056,0,0,0,0,0,0
CONT_s2_dynamic_TearsOfSteel,1789353350.445,0.1057,0,0,0,0,0,0
CONT_s2_dynamic_TearsOfSteel,1789353350.551,0.1057,0,0,0,0,0,0
CONT_s2_dynamic_TearsOfSteel,1789353350.657,0.1055,0,0,0,0,0,0
CONT_s2_dynamic_TearsOfSteel,1789353350.762,0.1055,0,0,0,0,0,0
CONT_s2_dynamic_TearsOfSteel,1789353350.868,0.1057,0,0,0,0,0,0
CONT_s2_dynamic_TearsOfSteel,1789353350.973,0.1057,0,0,0,0,0,0
CONT_s2_dynamic_TearsOfSteel,1789353351.079,0.1056,0,0,0,0,0,0
CONT_s2_dynamic_TearsOfSteel,1789353351.185,0.1055,0,0,0,0,0,0
CONT_s2_dynamic_TearsOfSteel,1789353351.29,0.1056,0,0,0,0,0,0
CONT_s2_dynamic_TearsOfSteel,1789353351.396,0.1056,0,0,0,0,0,0
CONT_s2_dynamic_TearsOfSteel,1789353351.501,0.1057,0,0,0,0,0,0
CONT_s2_dynamic_TearsOfSteel,1789353351.607,0.1056,0,0,0,0,0,0
CONT_s2_dynamic_TearsOfSteel,1789353351.713,0.1057,0,0,0,0,0,0
CONT_s2_dynamic_TearsOfSteel,1789353351.818,0.1056,0,0,0,0,0,0
CONT_s2_dynamic_TearsOfSteel,1789353351.924,0.1058,0,0,0,0,0,0
CONT_s2_dynamic_TearsOfSteel,1789353352.03,0.1061,0,0,0,0,0,0
CONT_s2_dynamic_TearsOfSteel,1789353352.137,0.1072,447,1,0,143419715.0,0,1
CONT_s2_dynamic_TearsOfSteel,1789353352.244,0.1067,93988,81,0,24323992.0,19201573.5,2
CONT_s2_dynamic_TearsOfSteel,1789353352.35,0.1056,79352,78,0,5438383.3,28591573.4,2
CONT_s2_dynamic_TearsOfSteel,1789353352.455,0.1057,79352,78,0,1029189.3,29376100.3,2
CONT_s2_dynamic_TearsOfSteel,1789353352.561,0.1057,80852,79,0,210907.6,29364493.7,2
CONT_s2_dynamic_TearsOfSteel,1789353352.667,0.1055,79352,78,0,83931.3,31736859.3,2
CONT_s2_dynamic_TearsOfSteel,1789353352.772,0.1056,79352,78,0,51253.7,33294907.7,2
CONT_s2_dynamic_TearsOfSteel,1789353352.878,0.1058,80904,80,0,38160.2,34295349.7,2
CONT_s2_dynamic_TearsOfSteel,1789353352.984,0.1057,79352,78,0,28719.7,34756874.1,2
CONT_s2_dynamic_TearsOfSteel,1789353353.089,0.1057,79352,78,0,26311.0,35278684.6,2
CONT_s2_dynamic_TearsOfSteel,1789353353.195,0.1057,80852,79,0,24734.7,35794751.9,2
CONT_s2_dynamic_TearsOfSteel,1789353353.301,0.1056,79352,78,0,34427.3,37797635.3,2
CONT_s2_dynamic_TearsOfSteel,1789353353.406,0.1057,79352,78,0,28789.0,39247537.9,2
CONT_s2_dynamic_TearsOfSteel,1789353353.512,0.1057,80569,79,0,933431.7,24960341.4,2
CONT_s2_dynamic_TearsOfSteel,1789353353.618,0.1058,74268,75,1,497137.2,28070057.4,2
CONT_s2_dynamic_TearsOfSteel,1789353353.724,0.1057,0,0,0,0,0,0
CONT_s2_dynamic_TearsOfSteel,1789353353.829,0.1056,0,0,0,0,0,0
CONT_s2_dynamic_TearsOfSteel,1789353353.935,0.1057,0,0,0,0,0,0
CONT_s2_dynamic_TearsOfSteel,1789353354.041,0.1057,0,0,0,0,0,0
CONT_s2_dynamic_TearsOfSteel,1789353354.146,0.1056,0,0,0,0,0,0
CONT_s2_dynamic_TearsOfSteel,1789353354.254,0.1078,0,0,0,0,0,0
CONT_s2_dynamic_TearsOfSteel,1789353354.36,0.1057,0,0,0,0,0,0
CONT_s2_dynamic_TearsOfSteel,1789353354.465,0.1058,0,0,0,0,0,0
CONT_s2_dynamic_TearsOfSteel,1789353354.571,0.106,0,0,0,0,0,0
CONT_s2_dynamic_TearsOfSteel,1789353354.677,0.1056,0,0,0,0,0,0
CONT_s2_dynamic_TearsOfSteel,1789353354.783,0.1058,0,0,0,0,0,0
CONT_s2_dynamic_TearsOfSteel,1789353354.889,0.1059,0,0,0,0,0,0
CONT_s2_dynamic_TearsOfSteel,1789353354.995,0.1064,0,0,0,0,0,0
CONT_s2_dynamic_TearsOfSteel,1789353355.101,0.106,0,0,0,0,0,0
CONT_s2_dynamic_TearsOfSteel,1789353355.207,0.1059,0,0,0,0,0,0
CONT_s2_dynamic_TearsOfSteel,1789353355.313,0.1057,0,0,0,0,0,0
CONT_s2_dynamic_TearsOfSteel,1789353355.418,0.1058,0,0,0,0,0,0
CONT_s2_dynamic_TearsOfSteel,1789353355.524,0.1061,0,0,0,0,0,0
CONT_s2_dynamic_TearsOfSteel,1789353355.63,0.1059,0,0,0,0,0,0
CONT_s2_dynamic_TearsOfSteel,1789353355.737,0.1066,0,0,0,0,0,0
CONT_s2_dynamic_TearsOfSteel,1789353355.843,0.1056,0,0,0,0,0,0
CONT_s2_dynamic_TearsOfSteel,1789353355.948,0.1058,0,0,0,0,0,0
CONT_s2_dynamic_TearsOfSteel,1789353356.054,0.1057,0,0,0,0,0,0
CONT_s2_dynamic_TearsOfSteel,1789353356.16,0.1055,0,0,0,0,0,0
CONT_s2_dynamic_TearsOfSteel,1789353356.265,0.1056,0,0,0,0,0,0
CONT_s2_dynamic_TearsOfSteel,1789353356.371,0.1058,0,0,0,0,0,0
CONT_s2_dynamic_TearsOfSteel,1789353356.477,0.1058,0,0,0,0,0,0
CONT_s2_dynamic_TearsOfSteel,1789353356.583,0.1057,85279,73,0,39569871.6,19900068.8,2
CONT_s2_dynamic_TearsOfSteel,1789353356.688,0.1059,79352,78,0,8571433.3,30837602.6,2
CONT_s2_dynamic_TearsOfSteel,1789353356.794,0.1056,79352,78,0,1587613.3,31849756.4,2
CONT_s2_dynamic_TearsOfSteel,1789353356.9,0.1057,80852,79,0,320616.2,33632422.0,2
CONT_s2_dynamic_TearsOfSteel,1789353357.006,0.1059,79352,78,0,84407.0,34763354.3,2
CONT_s2_dynamic_TearsOfSteel,1789353357.112,0.1059,80904,80,0,38618.2,34267446.4,2
CONT_s2_dynamic_TearsOfSteel,1789353357.217,0.1056,79352,78,0,32286.7,35240700.8,2
CONT_s2_dynamic_TearsOfSteel,1789353357.323,0.1056,79352,78,0,39864.3,36577746.0,2
CONT_s2_dynamic_TearsOfSteel,1789353357.429,0.1058,80852,79,0,52839.7,37205286.2,2
CONT_s2_dynamic_TearsOfSteel,1789353357.534,0.1057,79352,78,0,53576.0,38735573.4,2
CONT_s2_dynamic_TearsOfSteel,1789353357.64,0.1062,80904,80,0,37528.7,39196256.0,2
CONT_s2_dynamic_TearsOfSteel,1789353357.748,0.108,80852,79,0,41081.5,38739980.2,2
CONT_s2_dynamic_TearsOfSteel,1789353357.854,0.1056,80468,93,0,73868.2,37388270.1,2
CONT_s2_dynamic_TearsOfSteel,1789353357.96,0.1059,82828,105,0,95153.2,27760883.6,2
CONT_s2_dynamic_TearsOfSteel,1789353358.066,0.1059,71012,78,1,1630741.8,32567701.7,2
CONT_s2_dynamic_TearsOfSteel,1789353358.171,0.1056,88864,66,0,2999484.5,49416121.1,2
CONT_s2_dynamic_TearsOfSteel,1789353358.277,0.1057,70760,52,0,2961865.4,54256823.1,2
CONT_s2_dynamic_TearsOfSteel,1789353358.383,0.1058,75142,65,0,1598684.9,49619969.2,2
CONT_s2_dynamic_TearsOfSteel,1789353358.489,0.1058,0,0,0,0,0,0
CONT_s2_dynamic_TearsOfSteel,1789353358.595,0.1059,0,0,0,0,0,0
CONT_s2_dynamic_TearsOfSteel,1789353358.7,0.1057,74882,68,0,4424499.2,17547049.7,2
CONT_s2_dynamic_TearsOfSteel,1789353358.806,0.1057,26191,27,0,2769729.0,28483775.7,2
CONT_s2_dynamic_TearsOfSteel,1789353358.912,0.1058,0,0,0,0,0,0
CONT_s2_dynamic_TearsOfSteel,1789353359.018,0.1057,0,0,0,0,0,0
CONT_s2_dynamic_TearsOfSteel,1789353359.123,0.1057,0,0,0,0,0,0
CONT_s2_dynamic_TearsOfSteel,1789353359.229,0.1057,0,0,0,0,0,0
CONT_s2_dynamic_TearsOfSteel,1789353359.335,0.1056,0,0,0,0,0,0
CONT_s2_dynamic_TearsOfSteel,1789353359.44,0.1059,0,0,0,0,0,0
CONT_s2_dynamic_TearsOfSteel,1789353359.546,0.1057,0,0,0,0,0,0
CONT_s2_dynamic_TearsOfSteel,1789353359.652,0.1056,0,0,0,0,0,0
CONT_s2_dynamic_TearsOfSteel,1789353359.758,0.1062,0,0,0,0,0,0
CONT_s2_dynamic_TearsOfSteel,1789353359.863,0.1055,0,0,0,0,0,0
CONT_s2_dynamic_TearsOfSteel,1789353359.969,0.1055,0,0,0,0,0,0
CONT_s2_dynamic_TearsOfSteel,1789353360.074,0.1057,0,0,0,0,0,0
CONT_s2_dynamic_TearsOfSteel,1789353360.18,0.1056,0,0,0,0,0,0
CONT_s2_dynamic_TearsOfSteel,1789353360.286,0.1056,0,0,0,0,0,0
CONT_s2_dynamic_TearsOfSteel,1789353360.391,0.1057,15499,12,0,133447569.5,4122934.4,2
CONT_s2_dynamic_TearsOfSteel,1789353360.497,0.1058,88092,79,0,16374385.8,26017525.7,2
CONT_s2_dynamic_TearsOfSteel,1789353360.603,0.1059,79352,78,0,3409969.3,32805835.7,2
CONT_s2_dynamic_TearsOfSteel,1789353360.709,0.1057,80852,79,0,650974.3,34756793.2,2
CONT_s2_dynamic_TearsOfSteel,1789353360.814,0.1056,79352,78,0,148869.0,38632291.5,2
CONT_s2_dynamic_TearsOfSteel,1789353360.92,0.106,80164,89,0,63191.7,39378316.5,2
CONT_s2_dynamic_TearsOfSteel,1789353361.026,0.1059,82828,105,0,76183.4,29828976.8,2
CONT_s2_dynamic_TearsOfSteel,1789353361.134,0.108,82892,106,1,88056.5,31227097.1,2
CONT_s2_dynamic_TearsOfSteel,1789353361.24,0.1059,82892,106,0,85371.5,31815451.6,2
CONT_s2_dynamic_TearsOfSteel,1789353361.346,0.1058,81328,104,0,68854.5,34332035.0,2
CONT_s2_dynamic_TearsOfSteel,1789353361.452,0.1058,76088,90,2,1201310.8,37304875.4,2
CONT_s2_dynamic_TearsOfSteel,1789353361.558,0.1057,78676,65,0,3493082.8,22328247.9,2
CONT_s2_dynamic_TearsOfSteel,1789353361.663,0.1055,78468,61,0,3367631.0,23324676.6,2
CONT_s2_dynamic_TearsOfSteel,1789353361.769,0.1056,84520,66,0,3337395.7,23052110.9,2
CONT_s2_dynamic_TearsOfSteel,1789353361.874,0.1058,73864,56,0,3169785.5,27348147.7,2
CONT_s2_dynamic_TearsOfSteel,1789353361.98,0.1059,78416,60,0,3200484.4,27157536.0,2
CONT_s2_dynamic_TearsOfSteel,1789353362.086,0.1058,84364,63,0,3099440.9,31290020.6,2
CONT_s2_dynamic_TearsOfSteel,1789353362.192,0.1056,78416,60,0,3202933.9,32269130.0,2
CONT_s2_dynamic_TearsOfSteel,1789353362.297,0.1056,75312,56,0,3209289.3,33972175.7,2
CONT_s2_dynamic_TearsOfSteel,1789353362.403,0.1057,81416,62,0,3358174.6,38539075.3,2
CONT_s2_dynamic_TearsOfSteel,1789353362.509,0.1059,11927,10,0,3609115.6,37260223.2,2
CONT_s2_dynamic_TearsOfSteel,1789353362.615,0.1057,0,0,0,0,0,0
CONT_s2_dynamic_TearsOfSteel,1789353362.72,0.1056,0,0,0,0,0,0
CONT_s2_dynamic_TearsOfSteel,1789353362.826,0.1056,72706,54,0,8254594.2,23434366.5,2
CONT_s2_dynamic_TearsOfSteel,1789353362.932,0.1059,27786,22,0,7256566.0,34884090.5,2
CONT_s2_dynamic_TearsOfSteel,1789353363.037,0.1058,0,0,0,0,0,0
CONT_s2_dynamic_TearsOfSteel,1789353363.143,0.1057,0,0,0,0,0,0
CONT_s2_dynamic_TearsOfSteel,1789353363.251,0.1081,0,0,0,0,0,0
CONT_s2_dynamic_TearsOfSteel,1789353363.357,0.1057,0,0,0,0,0,0
CONT_s2_dynamic_TearsOfSteel,1789353363.463,0.1057,0,0,0,0,0,0
CONT_s2_dynamic_TearsOfSteel,1789353363.569,0.106,0,0,0,0,0,0
CONT_s2_dynamic_TearsOfSteel,1789353363.674,0.1055,0,0,0,0,0,0
CONT_s2_dynamic_TearsOfSteel,1789353363.78,0.1056,0,0,0,0,0,0
CONT_s2_dynamic_TearsOfSteel,1789353363.885,0.1057,0,0,0,0,0,0
CONT_s2_dynamic_TearsOfSteel,1789353363.991,0.1059,0,0,0,0,0,0
CONT_s2_dynamic_TearsOfSteel,1789353364.097,0.1057,0,0,0,0,0,0
CONT_s2_dynamic_TearsOfSteel,1789353364.203,0.1057,0,0,0,0,0,0
CONT_s2_dynamic_TearsOfSteel,1789353364.308,0.1056,0,0,0,0,0,0
CONT_s2_dynamic_TearsOfSteel,1789353364.414,0.1057,0,0,0,0,0,0
CONT_s2_dynamic_TearsOfSteel,1789353364.52,0.1058,69707,52,0,31778885.1,22881063.4,2
CONT_s2_dynamic_TearsOfSteel,1789353364.626,0.1058,81312,60,0,14481047.7,35168688.6,2
CONT_s2_dynamic_TearsOfSteel,1789353364.731,0.1058,81312,60,0,10562840.9,35301979.9,2
CONT_s2_dynamic_TearsOfSteel,1789353364.837,0.1056,81312,60,0,8092960.9,35360695.5,2
CONT_s2_dynamic_TearsOfSteel,1789353364.943,0.1058,81312,60,0,6424617.0,35329521.3,2
CONT_s2_dynamic_TearsOfSteel,1789353365.049,0.1058,81260,59,0,5101739.0,35401083.3,2
CONT_s2_dynamic_TearsOfSteel,1789353365.154,0.1056,67812,51,0,4884946.0,35435631.4,2
CONT_s2_dynamic_TearsOfSteel,1789353365.26,0.1059,81312,60,0,4078413.1,35260464.4,2
CONT_s2_dynamic_TearsOfSteel,1789353365.366,0.1056,81312,60,0,3700254.5,35313025.8,2
CONT_s2_dynamic_TearsOfSteel,1789353365.471,0.1058,81312,60,0,3439633.9,35505787.2,2
CONT_s2_dynamic_TearsOfSteel,1789353365.578,0.1061,81312,60,0,3260431.6,35479488.6,2
CONT_s2_dynamic_TearsOfSteel,1789353365.683,0.1057,67760,50,0,3158595.2,35400528.9,2
CONT_s2_dynamic_TearsOfSteel,1789353365.789,0.1056,81312,60,0,3070873.3,35556388.5,2
CONT_s2_dynamic_TearsOfSteel,1789353365.895,0.1057,81312,60,0,3029039.6,35219942.4,2
CONT_s2_dynamic_TearsOfSteel,1789353366.0,0.1058,81312,60,0,2992895.7,35309250.0,2
CONT_s2_dynamic_TearsOfSteel,1789353366.106,0.1058,81312,60,0,2960757.8,35334820.6,2
CONT_s2_dynamic_TearsOfSteel,1789353366.212,0.1056,81312,60,0,2933167.5,35102233.7,2
CONT_s2_dynamic_TearsOfSteel,1789353366.317,0.1056,67760,50,0,2917157.6,35508036.6,2
CONT_s2_dynamic_TearsOfSteel,1789353366.423,0.1058,81312,60,0,2912902.7,35294204.9,2
CONT_s2_dynamic_TearsOfSteel,1789353366.529,0.1058,78523,59,0,2837277.3,34937000.3,2
CONT_s2_dynamic_TearsOfSteel,1789353366.637,0.1083,0,0,0,0,0,0
CONT_s2_dynamic_TearsOfSteel,1789353366.745,0.1072,0,0,0,0,0,0
CONT_s2_dynamic_TearsOfSteel,1789353366.85,0.1056,0,0,0,0,0,0
CONT_s2_dynamic_TearsOfSteel,1789353366.956,0.1057,72706,54,0,8420894.1,23528704.7,2
CONT_s2_dynamic_TearsOfSteel,1789353367.062,0.1059,27642,22,0,7285207.8,34392608.7,2
CONT_s2_dynamic_TearsOfSteel,1789353367.167,0.1056,0,0,0,0,0,0
CONT_s2_dynamic_TearsOfSteel,1789353367.273,0.1057,0,0,0,0,0,0
CONT_s2_dynamic_TearsOfSteel,1789353367.379,0.1058,0,0,0,0,0,0
CONT_s2_dynamic_TearsOfSteel,1789353367.485,0.1058,0,0,0,0,0,0
CONT_s2_dynamic_TearsOfSteel,1789353367.59,0.1058,0,0,0,0,0,0
CONT_s2_dynamic_TearsOfSteel,1789353367.696,0.1058,0,0,0,0,0,0
CONT_s2_dynamic_TearsOfSteel,1789353367.802,0.1056,0,0,0,0,0,0
CONT_s2_dynamic_TearsOfSteel,1789353367.907,0.1057,0,0,0,0,0,0
CONT_s2_dynamic_TearsOfSteel,1789353368.013,0.1058,0,0,0,0,0,0
CONT_s2_dynamic_TearsOfSteel,1789353368.119,0.1058,83207,61,0,18036298.4,24735064.2,2
CONT_s2_dynamic_TearsOfSteel,1789353368.225,0.1058,67812,51,0,12370073.5,35377031.7,2
CONT_s2_dynamic_TearsOfSteel,1789353368.33,0.1056,81312,60,0,8300533.9,35353349.7,2
CONT_s2_dynamic_TearsOfSteel,1789353368.436,0.1058,81312,60,0,6558479.7,35298205.4,2
CONT_s2_dynamic_TearsOfSteel,1789353368.542,0.1057,81312,60,0,5399449.6,35176416.7,2
CONT_s2_dynamic_TearsOfSteel,1789353368.647,0.1056,81312,60,0,4603662.7,35320960.2,2
CONT_s2_dynamic_TearsOfSteel,1789353368.755,0.1072,81312,60,0,4065070.0,35407991.9,2
CONT_s2_dynamic_TearsOfSteel,1789353368.861,0.1058,67760,50,0,3744723.3,35174068.0,2
CONT_s2_dynamic_TearsOfSteel,1789353368.966,0.1057,81312,60,0,3467663.6,35416423.9,2
CONT_s2_dynamic_TearsOfSteel,1789353369.072,0.1059,81312,60,0,3274384.3,35508813.8,2
CONT_s2_dynamic_TearsOfSteel,1789353369.178,0.1055,81312,60,0,3149584.0,35364939.6,2
CONT_s2_dynamic_TearsOfSteel,1789353369.283,0.1056,81312,60,0,3075437.0,35452284.2,2
CONT_s2_dynamic_TearsOfSteel,1789353369.389,0.1058,67760,50,0,3028899.0,35254477.9,2
CONT_s2_dynamic_TearsOfSteel,1789353369.495,0.1057,81312,60,0,2982320.2,35407908.0,2
CONT_s2_dynamic_TearsOfSteel,1789353369.6,0.1058,81312,60,0,2955051.9,35426929.0,2
CONT_s2_dynamic_TearsOfSteel,1789353369.706,0.1057,81312,60,0,2945231.1,35347314.2,2
CONT_s2_dynamic_TearsOfSteel,1789353369.812,0.1056,81312,60,0,2926304.6,35395050.3,2
CONT_s2_dynamic_TearsOfSteel,1789353369.918,0.1057,81312,60,0,2917475.3,35390969.0,2
CONT_s2_dynamic_TearsOfSteel,1789353370.023,0.1059,67760,50,0,2912295.9,35307931.7,2
CONT_s2_dynamic_TearsOfSteel,1789353370.13,0.1069,81312,60,0,2913504.6,35234986.8,2
CONT_s2_dynamic_TearsOfSteel,1789353370.236,0.1057,81312,60,0,2905314.9,35242764.9,2
CONT_s2_dynamic_TearsOfSteel,1789353370.342,0.1056,81312,60,0,2902492.0,35282356.5,2
CONT_s2_dynamic_TearsOfSteel,1789353370.448,0.1059,81312,60,0,2907705.3,35301753.0,2
CONT_s2_dynamic_TearsOfSteel,1789353370.553,0.1058,81260,59,0,2940300.9,35521575.7,2
CONT_s2_dynamic_TearsOfSteel,1789353370.659,0.1056,67812,51,0,2837816.5,35441178.4,2
CONT_s2_dynamic_TearsOfSteel,1789353370.764,0.1056,78209,59,0,2982897.7,29488637.9,2
CONT_s2_dynamic_TearsOfSteel,1789353370.87,0.1058,81312,60,0,2970821.1,35210176.6,2
CONT_s2_dynamic_TearsOfSteel,1789353370.976,0.1058,81312,60,0,2946455.3,35339854.1,2
CONT_s2_dynamic_TearsOfSteel,1789353371.082,0.1058,81312,60,0,2923741.4,35409977.3,2
CONT_s2_dynamic_TearsOfSteel,1789353371.187,0.1056,74309,61,0,3603225.9,36103148.7,4
CONT_s2_dynamic_TearsOfSteel,1789353371.293,0.1058,86072,68,0,6195025.1,47156888.6,4
CONT_s2_dynamic_TearsOfSteel,1789353371.399,0.1059,79968,62,0,6665974.2,46587731.4,4
CONT_s2_dynamic_TearsOfSteel,1789353371.505,0.1059,79968,62,0,6966254.5,46710168.8,4
CONT_s2_dynamic_TearsOfSteel,1789353371.611,0.1061,72520,58,0,9637824.8,49046143.9,4
CONT_s2_dynamic_TearsOfSteel,1789353371.717,0.1059,79968,62,0,8017013.5,46942755.3,4
CONT_s2_dynamic_TearsOfSteel,1789353371.823,0.1058,86072,68,0,9408995.3,48232761.3,4
CONT_s2_dynamic_TearsOfSteel,1789353371.929,0.1061,66416,52,0,8842600.5,47626875.4,4
CONT_s2_dynamic_TearsOfSteel,1789353372.035,0.1061,79968,62,0,8433728.6,46771113.7,4
CONT_s2_dynamic_TearsOfSteel,1789353372.141,0.1061,86072,68,0,9751174.2,47855499.0,4
CONT_s2_dynamic_TearsOfSteel,1789353372.25,0.1087,79968,62,0,8522554.8,46581102.8,4
CONT_s2_dynamic_TearsOfSteel,1789353372.355,0.1057,86072,68,0,9817864.9,47914930.9,4
CONT_s2_dynamic_TearsOfSteel,1789353372.462,0.1061,66416,52,0,9097616.1,47411067.3,4
CONT_s2_dynamic_TearsOfSteel,1789353372.568,0.1061,79968,62,0,8588493.5,46689180.6,4
CONT_s2_dynamic_TearsOfSteel,1789353372.673,0.1057,86072,68,0,9877019.3,48044182.6,4
CONT_s2_dynamic_TearsOfSteel,1789353372.779,0.1057,79968,62,0,8619356.6,46649080.4,4
CONT_s2_dynamic_TearsOfSteel,1789353372.885,0.106,83020,65,0,9528629.9,47898362.5,4
CONT_s2_dynamic_TearsOfSteel,1789353372.991,0.1062,69468,55,0,10074502.7,47313634.0,4
CONT_s2_dynamic_TearsOfSteel,1789353373.097,0.106,79968,62,0,8635574.8,46708926.6,4
CONT_s2_dynamic_TearsOfSteel,1789353373.203,0.1059,86072,68,0,9920924.3,48023682.2,4
CONT_s2_dynamic_TearsOfSteel,1789353373.309,0.1057,79968,62,0,8648741.8,46808868.1,4
CONT_s2_dynamic_TearsOfSteel,1789353373.415,0.1059,79968,62,0,8363798.0,46728968.2,4
CONT_s2_dynamic_TearsOfSteel,1789353373.521,0.1061,72520,58,0,10928210.4,48808127.9,4
CONT_s2_dynamic_TearsOfSteel,1789353373.627,0.1061,79968,62,0,8665133.0,46806201.3,4
CONT_s2_dynamic_TearsOfSteel,1789353373.733,0.106,86072,68,0,9956697.9,47753022.3,4
CONT_s2_dynamic_TearsOfSteel,1789353373.839,0.1058,66416,52,0,9194329.3,47356200.1,4
CONT_s2_dynamic_TearsOfSteel,1789353373.945,0.1059,85471,70,0,9732607.0,44456992.3,4
CONT_s2_dynamic_TearsOfSteel,1789353374.051,0.106,79968,62,0,8154064.8,40933242.6,4
CONT_s2_dynamic_TearsOfSteel,1789353374.156,0.1057,86020,67,0,9146163.5,47960565.2,4
CONT_s2_dynamic_TearsOfSteel,1789353374.262,0.1058,66468,53,0,9406530.8,47260124.9,4
CONT_s2_dynamic_TearsOfSteel,1789353374.368,0.106,79968,62,0,8515176.8,46706508.6,4
CONT_s2_dynamic_TearsOfSteel,1789353374.474,0.1059,86072,68,0,9816643.0,47964307.4,4
CONT_s2_dynamic_TearsOfSteel,1789353374.58,0.1059,79968,62,0,8590398.8,46719440.8,4
CONT_s2_dynamic_TearsOfSteel,1789353374.686,0.1057,83020,65,0,9499251.8,47936882.2,4
CONT_s2_dynamic_TearsOfSteel,1789353374.791,0.1058,69468,55,0,10079212.3,47385931.2,4
CONT_s2_dynamic_TearsOfSteel,1789353374.897,0.1059,79968,62,0,8640628.5,46761130.4,4
CONT_s2_dynamic_TearsOfSteel,1789353375.003,0.106,86072,68,0,9916882.8,47909819.8,4
CONT_s2_dynamic_TearsOfSteel,1789353375.109,0.1059,79968,62,0,8657101.8,46658135.2,4
CONT_s2_dynamic_TearsOfSteel,1789353375.215,0.1057,79968,62,0,8357186.4,46669494.7,4
CONT_s2_dynamic_TearsOfSteel,1789353375.321,0.1058,72520,58,0,10932881.9,48923008.4,4
CONT_s2_dynamic_TearsOfSteel,1789353375.427,0.1058,79968,62,0,8643975.0,46708815.5,4
CONT_s2_dynamic_TearsOfSteel,1789353375.533,0.1059,86020,67,0,9529446.3,47957180.4,4
CONT_s2_dynamic_TearsOfSteel,1789353375.639,0.1065,66468,53,0,9686688.8,47332851.3,4
CONT_s2_dynamic_TearsOfSteel,1789353375.746,0.1069,79968,62,0,8635782.4,46684679.4,4
CONT_s2_dynamic_TearsOfSteel,1789353375.852,0.1057,86072,68,0,9927804.3,48001189.4,4
CONT_s2_dynamic_TearsOfSteel,1789353375.958,0.1059,79968,62,0,8648381.7,46608864.8,4
CONT_s2_dynamic_TearsOfSteel,1789353376.063,0.1059,83020,65,0,9531437.2,48010340.4,4
CONT_s2_dynamic_TearsOfSteel,1789353376.169,0.106,69468,55,0,10096573.3,47372441.0,4
CONT_s2_dynamic_TearsOfSteel,1789353376.275,0.1057,79968,62,0,8648053.5,46552438.6,4
CONT_s2_dynamic_TearsOfSteel,1789353376.381,0.1059,86072,68,0,9926028.5,48022856.4,4
CONT_s2_dynamic_TearsOfSteel,1789353376.487,0.1058,79968,62,0,8648853.0,46715615.1,4
CONT_s2_dynamic_TearsOfSteel,1789353376.593,0.1059,79904,61,0,7810890.0,46835663.2,4
CONT_s2_dynamic_TearsOfSteel,1789353376.698,0.1056,67760,50,0,3462732.2,35596548.6,2
CONT_s2_dynamic_TearsOfSteel,1789353376.804,0.1057,81312,60,0,3257549.5,35587868.6,2
CONT_s2_dynamic_TearsOfSteel,1789353376.91,0.1058,81312,60,0,3132711.6,35645035.7,2
CONT_s2_dynamic_TearsOfSteel,1789353377.016,0.106,26963,24,0,7111375.7,17526546.9,2
CONT_s2_dynamic_TearsOfSteel,1789353377.122,0.106,52,1,0,8537368.0,43557124.0,1
CONT_s2_dynamic_TearsOfSteel,1789353377.228,0.1059,0,0,0,0,0,0
CONT_s2_dynamic_TearsOfSteel,1789353377.333,0.1057,0,0,0,0,0,0
CONT_s2_dynamic_TearsOfSteel,1789353377.439,0.1058,0,0,0,0,0,0
CONT_s2_dynamic_TearsOfSteel,1789353377.545,0.1059,0,0,0,0,0,0
CONT_s2_dynamic_TearsOfSteel,1789353377.651,0.1057,0,0,0,0,0,0
CONT_s2_dynamic_TearsOfSteel,1789353377.758,0.1075,0,0,0,0,0,0
CONT_s2_dynamic_TearsOfSteel,1789353377.864,0.1056,0,0,0,0,0,0
CONT_s2_dynamic_TearsOfSteel,1789353377.97,0.1058,859,2,0,60897173.0,697426.0,2
CONT_s2_dynamic_TearsOfSteel,1789353378.076,0.1059,962,4,0,102563694.2,27600458.6,2
CONT_s2_dynamic_TearsOfSteel,1789353378.181,0.1057,0,0,0,0,0,0
CONT_s2_dynamic_TearsOfSteel,1789353378.287,0.1058,0,0,0,0,0,0
CONT_s2_dynamic_TearsOfSteel,1789353378.393,0.1059,0,0,0,0,0,0
CONT_s2_dynamic_TearsOfSteel,1789353378.499,0.1059,0,0,0,0,0,0
CONT_s2_dynamic_TearsOfSteel,1789353378.605,0.106,0,0,0,0,0,0
CONT_s2_dynamic_TearsOfSteel,1789353378.711,0.1059,0,0,0,0,0,0
CONT_s2_dynamic_TearsOfSteel,1789353378.817,0.106,0,0,0,0,0,0
CONT_s2_dynamic_TearsOfSteel,1789353378.924,0.1071,0,0,0,0,0,0
CONT_s2_dynamic_TearsOfSteel,1789353379.03,0.106,1769,5,0,187944202.8,28401918.8,2
CONT_s2_dynamic_TearsOfSteel,1789353379.138,0.1075,52,1,0,168831479.0,44677687.0,1
CONT_s2_dynamic_TearsOfSteel,1789353379.247,0.1094,0,0,0,0,0,0
CONT_s2_dynamic_TearsOfSteel,1789353379.353,0.1057,0,0,0,0,0,0
CONT_s2_dynamic_TearsOfSteel,1789353379.459,0.1059,0,0,0,0,0,0
CONT_s2_dynamic_TearsOfSteel,1789353379.565,0.106,0,0,0,0,0,0
CONT_s2_dynamic_TearsOfSteel,1789353379.67,0.1057,0,0,0,0,0,0
CONT_s2_dynamic_TearsOfSteel,1789353379.776,0.1058,0,0,0,0,0,0
CONT_s2_dynamic_TearsOfSteel,1789353379.882,0.106,0,0,0,0,0,0
CONT_s2_dynamic_TearsOfSteel,1789353379.988,0.1059,859,2,0,227406055.5,656039.0,2
CONT_s2_dynamic_TearsOfSteel,1789353380.094,0.1058,52,1,0,250416797.0,46737596.0,1
CONT_s2_dynamic_TearsOfSteel,1789353380.2,0.1057,0,0,0,0,0,0
CONT_s2_dynamic_TearsOfSteel,1789353380.305,0.1057,0,0,0,0,0,0
CONT_s2_dynamic_TearsOfSteel,1789353380.411,0.1059,0,0,0,0,0,0
CONT_s2_dynamic_TearsOfSteel,1789353380.517,0.1059,0,0,0,0,0,0
CONT_s2_dynamic_TearsOfSteel,1789353380.623,0.1059,0,0,0,0,0,0
CONT_s2_dynamic_TearsOfSteel,1789353380.729,0.1059,0,0,0,0,0,0
CONT_s2_dynamic_TearsOfSteel,1789353380.835,0.1058,0,0,0,0,0,0
CONT_s2_dynamic_TearsOfSteel,1789353380.941,0.106,0,0,0,0,0,0
CONT_s2_dynamic_TearsOfSteel,1789353381.047,0.1059,0,0,0,0,0,0
CONT_s2_dynamic_TearsOfSteel,1789353381.152,0.1057,0,0,0,0,0,0
CONT_s2_dynamic_TearsOfSteel,1789353381.259,0.1064,0,0,0,0,0,0
CONT_s2_dynamic_TearsOfSteel,1789353381.365,0.1059,0,0,0,0,0,0
CONT_s2_dynamic_TearsOfSteel,1789353381.471,0.1059,0,0,0,0,0,0
CONT_s2_dynamic_TearsOfSteel,1789353381.576,0.1058,0,0,0,0,0,0
CONT_s2_dynamic_TearsOfSteel,1789353381.682,0.1057,0,0,0,0,0,0
CONT_s2_dynamic_TearsOfSteel,1789353381.788,0.1058,0,0,0,0,0,0
CONT_s2_dynamic_TearsOfSteel,1789353381.894,0.1059,0,0,0,0,0,0
CONT_s2_dynamic_TearsOfSteel,1789353382.0,0.1059,0,0,0,0,0,0
CONT_s2_dynamic_TearsOfSteel,1789353382.106,0.1059,0,0,0,0,0,0
CONT_s2_dynamic_TearsOfSteel,1789353382.211,0.1059,0,0,0,0,0,0
CONT_s2_dynamic_TearsOfSteel,1789353382.317,0.1058,0,0,0,0,0,0
CONT_s2_dynamic_TearsOfSteel,1789353382.423,0.1058,0,0,0,0,0,0
CONT_s2_dynamic_TearsOfSteel,1789353382.529,0.1059,0,0,0,0,0,0
CONT_s2_dynamic_TearsOfSteel,1789353382.637,0.108,0,0,0,0,0,0
CONT_s2_dynamic_TearsOfSteel,1789353382.743,0.1058,0,0,0,0,0,0
CONT_s2_dynamic_TearsOfSteel,1789353382.848,0.1057,0,0,0,0,0,0
CONT_s2_dynamic_TearsOfSteel,1789353382.954,0.1059,0,0,0,0,0,0
CONT_s2_dynamic_TearsOfSteel,1789353383.06,0.1059,0,0,0,0,0,0
CONT_s2_dynamic_TearsOfSteel,1789353383.166,0.1057,0,0,0,0,0,0
CONT_s2_dynamic_TearsOfSteel,1789353383.272,0.1058,0,0,0,0,0,0
CONT_s2_dynamic_TearsOfSteel,1789353383.378,0.1059,0,0,0,0,0,0
CONT_s2_dynamic_TearsOfSteel,1789353383.484,0.1059,0,0,0,0,0,0
CONT_s2_dynamic_TearsOfSteel,1789353383.589,0.1059,0,0,0,0,0,0
CONT_s2_dynamic_TearsOfSteel,1789353383.695,0.1057,0,0,0,0,0,0
CONT_s2_dynamic_TearsOfSteel,1789353383.801,0.1054,0,0,0,0,0,0
CONT_s2_dynamic_TearsOfSteel,1789353383.906,0.1059,0,0,0,0,0,0
CONT_s2_dynamic_TearsOfSteel,1789353384.012,0.106,0,0,0,0,0,0
CONT_s2_dynamic_TearsOfSteel,1789353384.118,0.1059,312,6,0,2252185431.3,462858.5,4
CONT_s2_dynamic_TearsOfSteel,1789353384.224,0.1057,0,0,0,0,0,0
CONT_s2_dynamic_TearsOfSteel,1789353384.33,0.1058,0,0,0,0,0,0
CONT_s2_dynamic_TearsOfSteel,1789353384.436,0.1058,0,0,0,0,0,0
CONT_s2_dynamic_TearsOfSteel,1789353384.542,0.1059,0,0,0,0,0,0
CONT_s2_dynamic_TearsOfSteel,1789353384.647,0.1057,0,0,0,0,0,0
CONT_s2_dynamic_TearsOfSteel,1789353384.755,0.1077,0,0,0,0,0,0
CONT_s2_dynamic_TearsOfSteel,1789353384.861,0.1057,0,0,0,0,0,0
CONT_s2_dynamic_TearsOfSteel,1789353384.967,0.1061,0,0,0,0,0,0
CONT_s2_dynamic_TearsOfSteel,1789353385.073,0.1059,0,0,0,0,0,0
CONT_s2_dynamic_TearsOfSteel,1789353385.178,0.1058,0,0,0,0,0,0
CONT_s2_dynamic_TearsOfSteel,1789353385.284,0.1058,0,0,0,0,0,0
CONT_s2_dynamic_TearsOfSteel,1789353385.39,0.1058,0,0,0,0,0,0
CONT_s2_dynamic_TearsOfSteel,1789353385.496,0.1059,0,0,0,0,0,0
CONT_s2_dynamic_TearsOfSteel,1789353385.602,0.1059,0,0,0,0,0,0
CONT_s2_dynamic_TearsOfSteel,1789353385.708,0.1057,0,0,0,0,0,0
CONT_s2_dynamic_TearsOfSteel,1789353385.813,0.1057,0,0,0,0,0,0
CONT_s2_dynamic_TearsOfSteel,1789353385.919,0.1058,0,0,0,0,0,0
CONT_s2_dynamic_TearsOfSteel,1789353386.025,0.1059,0,0,0,0,0,0
CONT_s2_dynamic_TearsOfSteel,1789353386.132,0.1071,0,0,0,0,0,0
CONT_s2_dynamic_TearsOfSteel,1789353386.238,0.1057,0,0,0,0,0,0
CONT_s2_dynamic_TearsOfSteel,1789353386.344,0.1057,0,0,0,0,0,0
CONT_s2_dynamic_TearsOfSteel,1789353386.45,0.1062,0,0,0,0,0,0
CONT_s2_dynamic_TearsOfSteel,1789353386.556,0.1059,0,0,0,0,0,0
CONT_s2_dynamic_TearsOfSteel,1789353386.661,0.1057,0,0,0,0,0,0
CONT_s2_dynamic_TearsOfSteel,1789353386.767,0.106,0,0,0,0,0,0
CONT_s2_dynamic_TearsOfSteel,1789353386.873,0.1059,0,0,0,0,0,0
CONT_s2_dynamic_TearsOfSteel,1789353386.979,0.1059,0,0,0,0,0,0
CONT_s2_dynamic_TearsOfSteel,1789353387.085,0.1058,0,0,0,0,0,0
CONT_s2_dynamic_TearsOfSteel,1789353387.191,0.1057,0,0,0,0,0,0
CONT_s2_dynamic_TearsOfSteel,1789353387.297,0.1057,0,0,0,0,0,0
CONT_s2_dynamic_TearsOfSteel,1789353387.402,0.1058,0,0,0,0,0,0
CONT_s2_dynamic_TearsOfSteel,1789353387.508,0.1059,0,0,0,0,0,0
CONT_s2_dynamic_TearsOfSteel,1789353387.614,0.1059,0,0,0,0,0,0
CONT_s2_dynamic_TearsOfSteel,1789353387.72,0.1059,0,0,0,0,0,0
CONT_s2_dynamic_TearsOfSteel,1789353387.826,0.1057,0,0,0,0,0,0
CONT_s2_dynamic_TearsOfSteel,1789353387.932,0.1058,0,0,0,0,0,0
CONT_s2_dynamic_TearsOfSteel,1789353388.037,0.1059,0,0,0,0,0,0
CONT_s2_dynamic_TearsOfSteel,1789353388.143,0.1057,0,0,0,0,0,0
CONT_s2_dynamic_TearsOfSteel,1789353388.252,0.1085,0,0,0,0,0,0
CONT_s2_dynamic_TearsOfSteel,1789353388.357,0.1058,0,0,0,0,0,0
CONT_s2_dynamic_TearsOfSteel,1789353388.463,0.1059,0,0,0,0,0,0
CONT_s2_dynamic_TearsOfSteel,1789353388.569,0.1059,0,0,0,0,0,0
CONT_s2_dynamic_TearsOfSteel,1789353388.675,0.1057,0,0,0,0,0,0
CONT_s2_dynamic_TearsOfSteel,1789353388.781,0.1058,0,0,0,0,0,0
CONT_s2_dynamic_TearsOfSteel,1789353388.886,0.1056,0,0,0,0,0,0
CONT_s2_dynamic_TearsOfSteel,1789353388.992,0.1059,0,0,0,0,0,0
CONT_s2_dynamic_TearsOfSteel,1789353389.098,0.1058,0,0,0,0,0,0
CONT_s2_dynamic_TearsOfSteel,1789353389.204,0.1057,0,0,0,0,0,0
CONT_s2_dynamic_TearsOfSteel,1789353389.309,0.1057,0,0,0,0,0,0
CONT_s2_dynamic_TearsOfSteel,1789353389.415,0.1059,0,0,0,0,0,0
CONT_s2_dynamic_TearsOfSteel,1789353389.521,0.1059,0,0,0,0,0,0
CONT_s2_dynamic_TearsOfSteel,1789353389.627,0.1059,0,0,0,0,0,0
CONT_s2_dynamic_TearsOfSteel,1789353389.733,0.106,0,0,0,0,0,0
CONT_s2_dynamic_TearsOfSteel,1789353389.839,0.1058,0,0,0,0,0,0
CONT_s2_dynamic_TearsOfSteel,1789353389.945,0.1056,0,0,0,0,0,0
CONT_s2_dynamic_TearsOfSteel,1789353390.051,0.106,0,0,0,0,0,0
CONT_s2_dynamic_TearsOfSteel,1789353390.156,0.1058,0,0,0,0,0,0
CONT_s2_dynamic_TearsOfSteel,1789353390.262,0.1057,0,0,0,0,0,0
CONT_s2_dynamic_TearsOfSteel,1789353390.368,0.1059,0,0,0,0,0,0
CONT_s2_dynamic_TearsOfSteel,1789353390.474,0.1059,0,0,0,0,0,0
CONT_s2_dynamic_TearsOfSteel,1789353390.58,0.1059,0,0,0,0,0,0
CONT_s2_dynamic_TearsOfSteel,1789353390.685,0.1057,0,0,0,0,0,0
CONT_s2_dynamic_TearsOfSteel,1789353390.791,0.1057,0,0,0,0,0,0
CONT_s2_dynamic_TearsOfSteel,1789353390.897,0.1059,0,0,0,0,0,0
CONT_s2_dynamic_TearsOfSteel,1789353391.003,0.1059,0,0,0,0,0,0
CONT_s2_dynamic_TearsOfSteel,1789353391.109,0.1058,0,0,0,0,0,0
CONT_s2_dynamic_TearsOfSteel,1789353391.215,0.1059,0,0,0,0,0,0
CONT_s2_dynamic_TearsOfSteel,1789353391.32,0.1058,0,0,0,0,0,0
CONT_s2_dynamic_TearsOfSteel,1789353391.426,0.106,0,0,0,0,0,0
CONT_s2_dynamic_TearsOfSteel,1789353391.532,0.1057,0,0,0,0,0,0
CONT_s2_dynamic_TearsOfSteel,1789353391.638,0.1064,0,0,0,0,0,0
CONT_s2_dynamic_TearsOfSteel,1789353391.746,0.1076,0,0,0,0,0,0
CONT_s2_dynamic_TearsOfSteel,1789353391.852,0.1057,0,0,0,0,0,0
CONT_s2_dynamic_TearsOfSteel,1789353391.958,0.1059,0,0,0,0,0,0
CONT_s2_dynamic_TearsOfSteel,1789353392.064,0.1059,0,0,0,0,0,0
CONT_s2_dynamic_TearsOfSteel,1789353392.169,0.1057,0,0,0,0,0,0
CONT_s2_dynamic_TearsOfSteel,1789353392.275,0.1058,0,0,0,0,0,0
CONT_s2_dynamic_TearsOfSteel,1789353392.381,0.1059,0,0,0,0,0,0
CONT_s2_dynamic_TearsOfSteel,1789353392.487,0.1059,0,0,0,0,0,0
CONT_s2_dynamic_TearsOfSteel,1789353392.593,0.1059,0,0,0,0,0,0
CONT_s2_dynamic_TearsOfSteel,1789353392.699,0.1057,0,0,0,0,0,0
CONT_s2_dynamic_TearsOfSteel,1789353392.804,0.1058,0,0,0,0,0,0
CONT_s2_dynamic_TearsOfSteel,1789353392.91,0.106,0,0,0,0,0,0
CONT_s2_dynamic_TearsOfSteel,1789353393.016,0.1059,0,0,0,0,0,0
CONT_s2_dynamic_TearsOfSteel,1789353393.122,0.1059,0,0,0,0,0,0
CONT_s2_dynamic_TearsOfSteel,1789353393.228,0.1057,0,0,0,0,0,0
CONT_s2_dynamic_TearsOfSteel,1789353393.334,0.1058,0,0,0,0,0,0
CONT_s2_dynamic_TearsOfSteel,1789353393.439,0.1058,0,0,0,0,0,0
CONT_s2_dynamic_TearsOfSteel,1789353393.545,0.1059,0,0,0,0,0,0
CONT_s2_dynamic_TearsOfSteel,1789353393.651,0.1057,0,0,0,0,0,0
CONT_s2_dynamic_TearsOfSteel,1789353393.757,0.1058,0,0,0,0,0,0
CONT_s2_dynamic_TearsOfSteel,1789353393.863,0.106,0,0,0,0,0,0
CONT_s2_dynamic_TearsOfSteel,1789353393.969,0.1059,0,0,0,0,0,0
CONT_s2_dynamic_TearsOfSteel,1789353394.075,0.1059,0,0,0,0,0,0
CONT_s2_dynamic_TearsOfSteel,1789353394.18,0.1057,0,0,0,0,0,0
CONT_s2_dynamic_TearsOfSteel,1789353394.286,0.1058,0,0,0,0,0,0
CONT_s2_dynamic_TearsOfSteel,1789353394.392,0.1059,0,0,0,0,0,0
CONT_s2_dynamic_TearsOfSteel,1789353394.498,0.106,0,0,0,0,0,0
CONT_s2_dynamic_TearsOfSteel,1789353394.604,0.1059,0,0,0,0,0,0
CONT_s2_dynamic_TearsOfSteel,1789353394.71,0.1058,0,0,0,0,0,0
CONT_s2_dynamic_TearsOfSteel,1789353394.815,0.1058,0,0,0,0,0,0
CONT_s2_dynamic_TearsOfSteel,1789353394.921,0.1059,0,0,0,0,0,0
CONT_s2_dynamic_TearsOfSteel,1789353395.027,0.106,0,0,0,0,0,0
CONT_s2_dynamic_TearsOfSteel,1789353395.136,0.1084,0,0,0,0,0,0
CONT_s2_dynamic_TearsOfSteel,1789353395.242,0.106,0,0,0,0,0,0
CONT_s2_dynamic_TearsOfSteel,1789353395.35,0.1086,0,0,0,0,0,0
CONT_s2_dynamic_TearsOfSteel,1789353395.456,0.1062,0,0,0,0,0,0
CONT_s2_dynamic_TearsOfSteel,1789353395.562,0.1057,0,0,0,0,0,0
CONT_s2_dynamic_TearsOfSteel,1789353395.668,0.1057,0,0,0,0,0,0
CONT_s2_dynamic_TearsOfSteel,1789353395.774,0.1058,0,0,0,0,0,0
CONT_s2_dynamic_TearsOfSteel,1789353395.88,0.1059,0,0,0,0,0,0
CONT_s2_dynamic_TearsOfSteel,1789353395.985,0.1059,0,0,0,0,0,0
CONT_s2_dynamic_TearsOfSteel,1789353396.091,0.106,0,0,0,0,0,0
CONT_s2_dynamic_TearsOfSteel,1789353396.197,0.1059,0,0,0,0,0,0
CONT_s2_dynamic_TearsOfSteel,1789353396.303,0.1058,0,0,0,0,0,0
CONT_s2_dynamic_TearsOfSteel,1789353396.409,0.1059,0,0,0,0,0,0
CONT_s2_dynamic_TearsOfSteel,1789353396.515,0.1059,0,0,0,0,0,0
CONT_s2_dynamic_TearsOfSteel,1789353396.621,0.1059,0,0,0,0,0,0
CONT_s2_dynamic_TearsOfSteel,1789353396.726,0.1057,0,0,0,0,0,0
CONT_s2_dynamic_TearsOfSteel,1789353396.832,0.1058,0,0,0,0,0,0
CONT_s2_dynamic_TearsOfSteel,1789353396.938,0.1059,0,0,0,0,0,0
CONT_s2_dynamic_TearsOfSteel,1789353397.044,0.106,0,0,0,0,0,0
CONT_s2_dynamic_TearsOfSteel,1789353397.15,0.1057,0,0,0,0,0,0
CONT_s2_dynamic_TearsOfSteel,1789353397.258,0.1081,0,0,0,0,0,0
CONT_s2_dynamic_TearsOfSteel,1789353397.364,0.106,0,0,0,0,0,0
CONT_s2_dynamic_TearsOfSteel,1789353397.47,0.1059,0,0,0,0,0,0
CONT_s2_dynamic_TearsOfSteel,1789353397.576,0.1058,0,0,0,0,0,0
CONT_s2_dynamic_TearsOfSteel,1789353397.681,0.1057,0,0,0,0,0,0
CONT_s2_dynamic_TearsOfSteel,1789353397.787,0.1058,0,0,0,0,0,0
CONT_s2_dynamic_TearsOfSteel,1789353397.893,0.1059,0,0,0,0,0,0
CONT_s2_dynamic_TearsOfSteel,1789353397.999,0.1059,0,0,0,0,0,0
CONT_s2_dynamic_TearsOfSteel,1789353398.105,0.106,0,0,0,0,0,0
CONT_s2_dynamic_TearsOfSteel,1789353398.211,0.1057,0,0,0,0,0,0
CONT_s2_dynamic_TearsOfSteel,1789353398.316,0.1058,0,0,0,0,0,0
CONT_s2_dynamic_TearsOfSteel,1789353398.422,0.1059,0,0,0,0,0,0
CONT_s2_dynamic_TearsOfSteel,1789353398.528,0.1059,0,0,0,0,0,0
CONT_s2_dynamic_TearsOfSteel,1789353398.636,0.108,0,0,0,0,0,0
CONT_s2_dynamic_TearsOfSteel,1789353398.743,0.1063,0,0,0,0,0,0
CONT_s2_dynamic_TearsOfSteel,1789353398.848,0.1058,0,0,0,0,0,0
CONT_s2_dynamic_TearsOfSteel,1789353398.954,0.1059,0,0,0,0,0,0
CONT_s2_dynamic_TearsOfSteel,1789353399.06,0.1059,0,0,0,0,0,0
CONT_s2_dynamic_TearsOfSteel,1789353399.166,0.1057,0,0,0,0,0,0
CONT_s2_dynamic_TearsOfSteel,1789353399.272,0.1057,0,0,0,0,0,0
CONT_s2_dynamic_TearsOfSteel,1789353399.378,0.106,0,0,0,0,0,0
CONT_s2_dynamic_TearsOfSteel,1789353399.484,0.1059,0,0,0,0,0,0
CONT_s2_dynamic_TearsOfSteel,1789353399.589,0.1058,0,0,0,0,0,0
CONT_s2_dynamic_TearsOfSteel,1789353399.695,0.106,0,0,0,0,0,0
CONT_s2_dynamic_TearsOfSteel,1789353399.801,0.1058,0,0,0,0,0,0
CONT_s2_dynamic_TearsOfSteel,1789353399.907,0.1059,0,0,0,0,0,0
CONT_s2_dynamic_TearsOfSteel,1789353400.013,0.1059,0,0,0,0,0,0
CONT_s2_dynamic_TearsOfSteel,1789353400.119,0.1059,0,0,0,0,0,0
CONT_s2_dynamic_TearsOfSteel,1789353400.225,0.1057,0,0,0,0,0,0
CONT_s2_dynamic_TearsOfSteel,1789353400.33,0.1058,0,0,0,0,0,0
CONT_s2_dynamic_TearsOfSteel,1789353400.436,0.1059,0,0,0,0,0,0
CONT_s2_dynamic_TearsOfSteel,1789353400.542,0.1058,0,0,0,0,0,0
CONT_s2_dynamic_TearsOfSteel,1789353400.648,0.1057,0,0,0,0,0,0
CONT_s2_dynamic_TearsOfSteel,1789353400.755,0.1076,0,0,0,0,0,0
CONT_s2_dynamic_TearsOfSteel,1789353400.861,0.106,0,0,0,0,0,0
CONT_s2_dynamic_TearsOfSteel,1789353400.967,0.1061,0,0,0,0,0,0
CONT_s2_dynamic_TearsOfSteel,1789353401.073,0.106,0,0,0,0,0,0
CONT_s2_dynamic_TearsOfSteel,1789353401.179,0.1058,0,0,0,0,0,0
CONT_s2_dynamic_TearsOfSteel,1789353401.285,0.1058,0,0,0,0,0,0
CONT_s2_dynamic_TearsOfSteel,1789353401.391,0.1059,0,0,0,0,0,0
CONT_s2_dynamic_TearsOfSteel,1789353401.497,0.1059,0,0,0,0,0,0
CONT_s2_dynamic_TearsOfSteel,1789353401.603,0.1059,0,0,0,0,0,0
CONT_s2_dynamic_TearsOfSteel,1789353401.709,0.106,0,0,0,0,0,0
CONT_s2_dynamic_TearsOfSteel,1789353401.814,0.1057,0,0,0,0,0,0
CONT_s2_dynamic_TearsOfSteel,1789353401.921,0.1061,0,0,0,0,0,0
CONT_s2_dynamic_TearsOfSteel,1789353402.026,0.1056,0,0,0,0,0,0
CONT_s2_dynamic_TearsOfSteel,1789353402.134,0.1079,0,0,0,0,0,0
CONT_s2_dynamic_TearsOfSteel,1789353402.24,0.1061,0,0,0,0,0,0
CONT_s2_dynamic_TearsOfSteel,1789353402.346,0.1058,0,0,0,0,0,0
CONT_s2_dynamic_TearsOfSteel,1789353402.452,0.1059,0,0,0,0,0,0
CONT_s2_dynamic_TearsOfSteel,1789353402.558,0.1059,0,0,0,0,0,0
CONT_s2_dynamic_TearsOfSteel,1789353402.664,0.1058,0,0,0,0,0,0
CONT_s2_dynamic_TearsOfSteel,1789353402.769,0.1057,0,0,0,0,0,0
CONT_s2_dynamic_TearsOfSteel,1789353402.875,0.1059,0,0,0,0,0,0
CONT_s2_dynamic_TearsOfSteel,1789353402.981,0.1059,0,0,0,0,0,0
CONT_s2_dynamic_TearsOfSteel,1789353403.087,0.1059,0,0,0,0,0,0
CONT_s2_dynamic_TearsOfSteel,1789353403.193,0.1057,0,0,0,0,0,0
CONT_s2_dynamic_TearsOfSteel,1789353403.298,0.1057,0,0,0,0,0,0
CONT_s2_dynamic_TearsOfSteel,1789353403.404,0.1056,0,0,0,0,0,0
CONT_s2_dynamic_TearsOfSteel,1789353403.51,0.1059,0,0,0,0,0,0
CONT_s2_dynamic_TearsOfSteel,1789353403.616,0.1059,0,0,0,0,0,0
CONT_s2_dynamic_TearsOfSteel,1789353403.722,0.1057,0,0,0,0,0,0
CONT_s2_dynamic_TearsOfSteel,1789353403.827,0.1058,0,0,0,0,0,0
CONT_s2_dynamic_TearsOfSteel,1789353403.933,0.1059,0,0,0,0,0,0
CONT_s2_dynamic_TearsOfSteel,1789353404.039,0.1059,0,0,0,0,0,0
CONT_s2_dynamic_TearsOfSteel,1789353404.145,0.1058,0,0,0,0,0,0
CONT_s2_dynamic_TearsOfSteel,1789353404.253,0.1084,0,0,0,0,0,0
CONT_s2_dynamic_TearsOfSteel,1789353404.359,0.1058,0,0,0,0,0,0
CONT_s2_dynamic_TearsOfSteel,1789353404.465,0.1057,0,0,0,0,0,0
CONT_s2_dynamic_TearsOfSteel,1789353404.571,0.1059,0,0,0,0,0,0
CONT_s2_dynamic_TearsOfSteel,1789353404.676,0.1057,0,0,0,0,0,0
CONT_s2_dynamic_TearsOfSteel,1789353404.782,0.1058,0,0,0,0,0,0
CONT_s2_dynamic_TearsOfSteel,1789353404.888,0.1059,0,0,0,0,0,0
CONT_s2_dynamic_TearsOfSteel,1789353404.994,0.1059,0,0,0,0,0,0
CONT_s2_dynamic_TearsOfSteel,1789353405.1,0.1059,0,0,0,0,0,0
CONT_s2_dynamic_TearsOfSteel,1789353405.206,0.1059,0,0,0,0,0,0
CONT_s2_dynamic_TearsOfSteel,1789353405.312,0.1058,0,0,0,0,0,0
CONT_s2_dynamic_TearsOfSteel,1789353405.417,0.1059,0,0,0,0,0,0
CONT_s2_dynamic_TearsOfSteel,1789353405.523,0.1059,0,0,0,0,0,0
CONT_s2_dynamic_TearsOfSteel,1789353405.632,0.1086,0,0,0,0,0,0
CONT_s2_dynamic_TearsOfSteel,1789353405.738,0.1057,0,0,0,0,0,0
CONT_s2_dynamic_TearsOfSteel,1789353405.844,0.1058,0,0,0,0,0,0
CONT_s2_dynamic_TearsOfSteel,1789353405.949,0.1058,0,0,0,0,0,0
CONT_s2_dynamic_TearsOfSteel,1789353406.055,0.1059,0,0,0,0,0,0
