run_id,t_epoch,dt,delta_bytes,delta_packets,delta_reorder,jitter_ns,rtt_ns,active_flows
CONT_s14_bola_ElephantsDream,1789349560.153,0.1001,0,0,0,0,0,0
CONT_s14_bola_ElephantsDream,1789349560.254,0.1013,0,0,0,0,0,0
CONT_s14_bola_ElephantsDream,1789349560.356,0.1012,0,0,0,0,0,0
CONT_s14_bola_ElephantsDream,1789349560.457,0.1011,0,0,0,0,0,0
CONT_s14_bola_ElephantsDream,1789349560.558,0.101,0,0,0,0,0,0
CONT_s14_bola_ElephantsDream,1789349560.659,0.1013,0,0,0,0,0,0
CONT_s14_bola_ElephantsDream,1789349560.76,0.1013,0,0,0,0,0,0
CONT_s14_bola_ElephantsDream,1789349560.861,0.1011,0,0,0,0,0,0
CONT_s14_bola_ElephantsDream,1789349560.962,0.1011,0,0,0,0,0,0
CONT_s14_bola_ElephantsDream,1789349561.063,0.1011,0,0,0,0,0,0
CONT_s14_bola_ElephantsDream,1789349561.165,0.1013,0,0,0,0,0,0
CONT_s14_bola_ElephantsDream,1789349561.266,0.1012,0,0,0,0,0,0
CONT_s14_bola_ElephantsDream,1789349561.367,0.1011,0,0,0,0,0,0
CONT_s14_bola_ElephantsDream,1789349561.468,0.1011,0,0,0,0,0,0
CONT_s14_bola_ElephantsDream,1789349561.569,0.101,0,0,0,0,0,0
CONT_s14_bola_ElephantsDream,1789349561.67,0.1012,0,0,0,0,0,0
CONT_s14_bola_ElephantsDream,1789349561.772,0.1013,0,0,0,0,0,0
CONT_s14_bola_ElephantsDream,1789349561.873,0.1011,0,0,0,0,0,0
CONT_s14_bola_ElephantsDream,1789349561.974,0.1011,0,0,0,0,0,0
CONT_s14_bola_ElephantsDream,1789349562.075,0.101,0,0,0,0,0,0
CONT_s14_bola_ElephantsDream,1789349562.176,0.1012,0,0,0,0,0,0
CONT_s14_bola_ElephantsDream,1789349562.277,0.1012,0,0,0,0,0,0
CONT_s14_bola_ElephantsDream,1789349562.378,0.1011,0,0,0,0,0,0
CONT_s14_bola_ElephantsDream,1789349562.479,0.1011,0,0,0,0,0,0
CONT_s14_bola_ElephantsDream,1789349562.58,0.101,0,0,0,0,0,0
CONT_s14_bola_ElephantsDream,1789349562.681,0.1012,0,0,0,0,0,0
CONT_s14_bola_ElephantsDream,1789349562.783,0.1012,0,0,0,0,0,0
CONT_s14_bola_ElephantsDream,1789349562.884,0.1011,0,0,0,0,0,0
CONT_s14_bola_ElephantsDream,1789349562.985,0.1011,0,0,0,0,0,0
CONT_s14_bola_ElephantsDream,1789349563.086,0.101,0,0,0,0,0,0
CONT_s14_bola_ElephantsDream,1789349563.187,0.1012,0,0,0,0,0,0
CONT_s14_bola_ElephantsDream,1789349563.288,0.1013,0,0,0,0,0,0
CONT_s14_bola_ElephantsDream,1789349563.389,0.1011,0,0,0,0,0,0
CONT_s14_bola_ElephantsDream,1789349563.49,0.101,0,0,0,0,0,0
CONT_s14_bola_ElephantsDream,1789349563.592,0.101,0,0,0,0,0,0
CONT_s14_bola_ElephantsDream,1789349563.693,0.1012,0,0,0,0,0,0
CONT_s14_bola_ElephantsDream,1789349563.794,0.1013,0,0,0,0,0,0
CONT_s14_bola_ElephantsDream,1789349563.895,0.1011,0,0,0,0,0,0
CONT_s14_bola_ElephantsDream,1789349563.996,0.1011,0,0,0,0,0,0
CONT_s14_bola_ElephantsDream,1789349564.097,0.101,0,0,0,0,0,0
CONT_s14_bola_ElephantsDream,1789349564.198,0.1012,0,0,0,0,0,0
CONT_s14_bola_ElephantsDream,1789349564.3,0.1013,0,0,0,0,0,0
CONT_s14_bola_ElephantsDream,1789349564.401,0.1011,0,0,0,0,0,0
CONT_s14_bola_ElephantsDream,1789349564.502,0.1011,0,0,0,0,0,0
CONT_s14_bola_ElephantsDream,1789349564.603,0.101,0,0,0,0,0,0
CONT_s14_bola_ElephantsDream,1789349564.704,0.1012,0,0,0,0,0,0
CONT_s14_bola_ElephantsDream,1789349564.805,0.1013,0,0,0,0,0,0
CONT_s14_bola_ElephantsDream,1789349564.906,0.101,0,0,0,0,0,0
CONT_s14_bola_ElephantsDream,1789349565.007,0.101,0,0,0,0,0,0
CONT_s14_bola_ElephantsDream,1789349565.108,0.1011,0,0,0,0,0,0
CONT_s14_bola_ElephantsDream,1789349565.21,0.1015,0,0,0,0,0,0
CONT_s14_bola_ElephantsDream,1789349565.311,0.1015,0,0,0,0,0,0
CONT_s14_bola_ElephantsDream,1789349565.413,0.1013,0,0,0,0,0,0
CONT_s14_bola_ElephantsDream,1789349565.514,0.1013,0,0,0,0,0,0
CONT_s14_bola_ElephantsDream,1789349565.615,0.1013,0,0,0,0,0,0
CONT_s14_bola_ElephantsDream,1789349565.717,0.1015,0,0,0,0,0,0
CONT_s14_bola_ElephantsDream,1789349565.818,0.1015,0,0,0,0,0,0
CONT_s14_bola_ElephantsDream,1789349565.92,0.1013,0,0,0,0,0,0
CONT_s14_bola_ElephantsDream,1789349566.021,0.1014,0,0,0,0,0,0
CONT_s14_bola_ElephantsDream,1789349566.122,0.1013,0,0,0,0,0,0
CONT_s14_bola_ElephantsDream,1789349566.224,0.1015,0,0,0,0,0,0
CONT_s14_bola_ElephantsDream,1789349566.325,0.1014,0,0,0,0,0,0
CONT_s14_bola_ElephantsDream,1789349566.426,0.1012,0,0,0,0,0,0
CONT_s14_bola_ElephantsDream,1789349566.528,0.1015,0,0,0,0,0,0
CONT_s14_bola_ElephantsDream,1789349566.631,0.1033,0,0,0,0,0,0
CONT_s14_bola_ElephantsDream,1789349566.733,0.1015,0,0,0,0,0,0
CONT_s14_bola_ElephantsDream,1789349566.834,0.1015,0,0,0,0,0,0
CONT_s14_bola_ElephantsDream,1789349566.936,0.1013,0,0,0,0,0,0
CONT_s14_bola_ElephantsDream,1789349567.037,0.1015,0,0,0,0,0,0
CONT_s14_bola_ElephantsDream,1789349567.139,0.1015,0,0,0,0,0,0
CONT_s14_bola_ElephantsDream,1789349567.241,0.1023,0,0,0,0,0,0
CONT_s14_bola_ElephantsDream,1789349567.342,0.1015,0,0,0,0,0,0
CONT_s14_bola_ElephantsDream,1789349567.444,0.1013,0,0,0,0,0,0
CONT_s14_bola_ElephantsDream,1789349567.545,0.1014,0,0,0,0,0,0
CONT_s14_bola_ElephantsDream,1789349567.646,0.1015,0,0,0,0,0,0
CONT_s14_bola_ElephantsDream,1789349567.749,0.1026,0,0,0,0,0,0
CONT_s14_bola_ElephantsDream,1789349567.85,0.1013,0,0,0,0,0,0
CONT_s14_bola_ElephantsDream,1789349567.952,0.1013,0,0,0,0,0,0
CONT_s14_bola_ElephantsDream,1789349568.053,0.1014,0,0,0,0,0,0
CONT_s14_bola_ElephantsDream,1789349568.155,0.1015,0,0,0,0,0,0
CONT_s14_bola_ElephantsDream,1789349568.256,0.1015,0,0,0,0,0,0
CONT_s14_bola_ElephantsDream,1789349568.357,0.1013,0,0,0,0,0,0
CONT_s14_bola_ElephantsDream,1789349568.459,0.1013,0,0,0,0,0,0
CONT_s14_bola_ElephantsDream,1789349568.56,0.1013,0,0,0,0,0,0
CONT_s14_bola_ElephantsDream,1789349568.662,0.1015,0,0,0,0,0,0
CONT_s14_bola_ElephantsDream,1789349568.763,0.1015,0,0,0,0,0,0
CONT_s14_bola_ElephantsDream,1789349568.864,0.1013,0,0,0,0,0,0
CONT_s14_bola_ElephantsDream,1789349568.966,0.1013,0,0,0,0,0,0
CONT_s14_bola_ElephantsDream,1789349569.067,0.1013,0,0,0,0,0,0
CONT_s14_bola_ElephantsDream,1789349569.168,0.1014,0,0,0,0,0,0
CONT_s14_bola_ElephantsDream,1789349569.27,0.1015,0,0,0,0,0,0
CONT_s14_bola_ElephantsDream,1789349569.371,0.1015,0,0,0,0,0,0
CONT_s14_bola_ElephantsDream,1789349569.473,0.1014,0,0,0,0,0,0
CONT_s14_bola_ElephantsDream,1789349569.574,0.1013,0,0,0,0,0,0
CONT_s14_bola_ElephantsDream,1789349569.676,0.1015,0,0,0,0,0,0
CONT_s14_bola_ElephantsDream,1789349569.777,0.1015,0,0,0,0,0,0
CONT_s14_bola_ElephantsDream,1789349569.878,0.1013,0,0,0,0,0,0
CONT_s14_bola_ElephantsDream,1789349569.98,0.1014,0,0,0,0,0,0
CONT_s14_bola_ElephantsDream,1789349570.081,0.1013,0,0,0,0,0,0
CONT_s14_bola_ElephantsDream,1789349570.183,0.1015,0,0,0,0,0,0
CONT_s14_bola_ElephantsDream,1789349570.284,0.1018,0,0,0,0,0,0
CONT_s14_bola_ElephantsDream,1789349570.386,0.1013,0,0,0,0,0,0
CONT_s14_bola_ElephantsDream,1789349570.487,0.1013,0,0,0,0,0,0
CONT_s14_bola_ElephantsDream,1789349570.588,0.1014,0,0,0,0,0,0
CONT_s14_bola_ElephantsDream,1789349570.69,0.1015,0,0,0,0,0,0
CONT_s14_bola_ElephantsDream,1789349570.791,0.1015,0,0,0,0,0,0
CONT_s14_bola_ElephantsDream,1789349570.893,0.1013,0,0,0,0,0,0
CONT_s14_bola_ElephantsDream,1789349570.994,0.1014,0,0,0,0,0,0
CONT_s14_bola_ElephantsDream,1789349571.096,0.1014,0,0,0,0,0,0
CONT_s14_bola_ElephantsDream,1789349571.197,0.1015,0,0,0,0,0,0
CONT_s14_bola_ElephantsDream,1789349571.299,0.1015,0,0,0,0,0,0
CONT_s14_bola_ElephantsDream,1789349571.4,0.1013,0,0,0,0,0,0
CONT_s14_bola_ElephantsDream,1789349571.501,0.1013,0,0,0,0,0,0
CONT_s14_bola_ElephantsDream,1789349571.603,0.1013,0,0,0,0,0,0
CONT_s14_bola_ElephantsDream,1789349571.704,0.1015,0,0,0,0,0,0
CONT_s14_bola_ElephantsDream,1789349571.805,0.1015,0,0,0,0,0,0
CONT_s14_bola_ElephantsDream,1789349571.907,0.1012,0,0,0,0,0,0
CONT_s14_bola_ElephantsDream,1789349572.008,0.1014,0,0,0,0,0,0
CONT_s14_bola_ElephantsDream,1789349572.11,0.1014,0,0,0,0,0,0
CONT_s14_bola_ElephantsDream,1789349572.211,0.1015,0,0,0,0,0,0
CONT_s14_bola_ElephantsDream,1789349572.313,0.1015,0,0,0,0,0,0
CONT_s14_bola_ElephantsDream,1789349572.414,0.1013,0,0,0,0,0,0
CONT_s14_bola_ElephantsDream,1789349572.515,0.1013,0,0,0,0,0,0
CONT_s14_bola_ElephantsDream,1789349572.616,0.1013,0,0,0,0,0,0
CONT_s14_bola_ElephantsDream,1789349572.718,0.1015,0,0,0,0,0,0
CONT_s14_bola_ElephantsDream,1789349572.819,0.1015,0,0,0,0,0,0
CONT_s14_bola_ElephantsDream,1789349572.921,0.1013,0,0,0,0,0,0
CONT_s14_bola_ElephantsDream,1789349573.022,0.1014,0,0,0,0,0,0
CONT_s14_bola_ElephantsDream,1789349573.123,0.1013,0,0,0,0,0,0
CONT_s14_bola_ElephantsDream,1789349573.225,0.1015,0,0,0,0,0,0
CONT_s14_bola_ElephantsDream,1789349573.326,0.1015,0,0,0,0,0,0
CONT_s14_bola_ElephantsDream,1789349573.428,0.1013,0,0,0,0,0,0
CONT_s14_bola_ElephantsDream,1789349573.529,0.1013,0,0,0,0,0,0
CONT_s14_bola_ElephantsDream,1789349573.632,0.1026,0,0,0,0,0,0
CONT_s14_bola_ElephantsDream,1789349573.733,0.1015,0,0,0,0,0,0
CONT_s14_bola_ElephantsDream,1789349573.835,0.1015,0,0,0,0,0,0
CONT_s14_bola_ElephantsDream,1789349573.936,0.1013,0,0,0,0,0,0
CONT_s14_bola_ElephantsDream,1789349574.037,0.1013,0,0,0,0,0,0
CONT_s14_bola_ElephantsDream,1789349574.139,0.1016,0,0,0,0,0,0
CONT_s14_bola_ElephantsDream,1789349574.241,0.1021,0,0,0,0,0,0
CONT_s14_bola_ElephantsDream,1789349574.342,0.1015,0,0,0,0,0,0
CONT_s14_bola_ElephantsDream,1789349574.444,0.1013,0,0,0,0,0,0
CONT_s14_bola_ElephantsDream,1789349574.545,0.1013,0,0,0,0,0,0
CONT_s14_bola_ElephantsDream,1789349574.646,0.1015,0,0,0,0,0,0
CONT_s14_bola_ElephantsDream,1789349574.749,0.1026,0,0,0,0,0,0
CONT_s14_bola_ElephantsDream,1789349574.85,0.1013,0,0,0,0,0,0
CONT_s14_bola_ElephantsDream,1789349574.952,0.1012,0,0,0,0,0,0
CONT_s14_bola_ElephantsDream,1789349575.053,0.1013,0,0,0,0,0,0
CONT_s14_bola_ElephantsDream,1789349575.154,0.1015,0,0,0,0,0,0
CONT_s14_bola_ElephantsDream,1789349575.256,0.1016,0,0,0,0,0,0
CONT_s14_bola_ElephantsDream,1789349575.357,0.1013,0,0,0,0,0,0
CONT_s14_bola_ElephantsDream,1789349575.459,0.1013,0,0,0,0,0,0
CONT_s14_bola_ElephantsDream,1789349575.56,0.1013,0,0,0,0,0,0
CONT_s14_bola_ElephantsDream,1789349575.661,0.1015,0,0,0,0,0,0
CONT_s14_bola_ElephantsDream,1789349575.763,0.1015,0,0,0,0,0,0
CONT_s14_bola_ElephantsDream,1789349575.864,0.1013,0,0,0,0,0,0
CONT_s14_bola_ElephantsDream,1789349575.965,0.1013,0,0,0,0,0,0
CONT_s14_bola_ElephantsDream,1789349576.067,0.1014,0,0,0,0,0,0
CONT_s14_bola_ElephantsDream,1789349576.168,0.1015,0,0,0,0,0,0
CONT_s14_bola_ElephantsDream,1789349576.27,0.1015,0,0,0,0,0,0
CONT_s14_bola_ElephantsDream,1789349576.371,0.1013,0,0,0,0,0,0
CONT_s14_bola_ElephantsDream,1789349576.473,0.1014,0,0,0,0,0,0
CONT_s14_bola_ElephantsDream,1789349576.574,0.1013,0,0,0,0,0,0
CONT_s14_bola_ElephantsDream,1789349576.675,0.1015,0,0,0,0,0,0
CONT_s14_bola_ElephantsDream,1789349576.777,0.1015,0,0,0,0,0,0
CONT_s14_bola_ElephantsDream,1789349576.878,0.1013,0,0,0,0,0,0
CONT_s14_bola_ElephantsDream,1789349576.979,0.1013,0,0,0,0,0,0
CONT_s14_bola_ElephantsDream,1789349577.081,0.1013,0,0,0,0,0,0
CONT_s14_bola_ElephantsDream,1789349577.182,0.1015,0,0,0,0,0,0
CONT_s14_bola_ElephantsDream,1789349577.284,0.1015,0,0,0,0,0,0
CONT_s14_bola_ElephantsDream,1789349577.385,0.1013,0,0,0,0,0,0
CONT_s14_bola_ElephantsDream,1789349577.486,0.1013,0,0,0,0,0,0
CONT_s14_bola_ElephantsDream,1789349577.588,0.1013,0,0,0,0,0,0
CONT_s14_bola_ElephantsDream,1789349577.689,0.1015,0,0,0,0,0,0
CONT_s14_bola_ElephantsDream,1789349577.791,0.1015,0,0,0,0,0,0
CONT_s14_bola_ElephantsDream,1789349577.892,0.1013,0,0,0,0,0,0
CONT_s14_bola_ElephantsDream,1789349577.993,0.1013,0,0,0,0,0,0
CONT_s14_bola_ElephantsDream,1789349578.095,0.1013,0,0,0,0,0,0
CONT_s14_bola_ElephantsDream,1789349578.196,0.1015,0,0,0,0,0,0
CONT_s14_bola_ElephantsDream,1789349578.298,0.1015,0,0,0,0,0,0
CONT_s14_bola_ElephantsDream,1789349578.399,0.1013,0,0,0,0,0,0
CONT_s14_bola_ElephantsDream,1789349578.5,0.1014,0,0,0,0,0,0
CONT_s14_bola_ElephantsDream,1789349578.602,0.1013,0,0,0,0,0,0
CONT_s14_bola_ElephantsDream,1789349578.703,0.1015,0,0,0,0,0,0
CONT_s14_bola_ElephantsDream,1789349578.805,0.1015,0,0,0,0,0,0
CONT_s14_bola_ElephantsDream,1789349578.906,0.1013,0,0,0,0,0,0
CONT_s14_bola_ElephantsDream,1789349579.007,0.1013,0,0,0,0,0,0
CONT_s14_bola_ElephantsDream,1789349579.109,0.1013,0,0,0,0,0,0
CONT_s14_bola_ElephantsDream,1789349579.21,0.1015,0,0,0,0,0,0
CONT_s14_bola_ElephantsDream,1789349579.312,0.1015,0,0,0,0,0,0
CONT_s14_bola_ElephantsDream,1789349579.413,0.1013,0,0,0,0,0,0
CONT_s14_bola_ElephantsDream,1789349579.514,0.1013,0,0,0,0,0,0
CONT_s14_bola_ElephantsDream,1789349579.616,0.1013,0,0,0,0,0,0
CONT_s14_bola_ElephantsDream,1789349579.717,0.1015,0,0,0,0,0,0
CONT_s14_bola_ElephantsDream,1789349579.819,0.1015,0,0,0,0,0,0
CONT_s14_bola_ElephantsDream,1789349579.92,0.1016,0,0,0,0,0,0
CONT_s14_bola_ElephantsDream,1789349580.022,0.1015,0,0,0,0,0,0
CONT_s14_bola_ElephantsDream,1789349580.123,0.1014,0,0,0,0,0,0
CONT_s14_bola_ElephantsDream,1789349580.225,0.1016,0,0,0,0,0,0
CONT_s14_bola_ElephantsDream,1789349580.326,0.1015,0,0,0,0,0,0
CONT_s14_bola_ElephantsDream,1789349580.428,0.1016,0,0,0,0,0,0
CONT_s14_bola_ElephantsDream,1789349580.529,0.1014,0,0,0,0,0,0
CONT_s14_bola_ElephantsDream,1789349580.632,0.1024,0,0,0,0,0,0
CONT_s14_bola_ElephantsDream,1789349580.733,0.1015,0,0,0,0,0,0
CONT_s14_bola_ElephantsDream,1789349580.835,0.1016,0,0,0,0,0,0
CONT_s14_bola_ElephantsDream,1789349580.936,0.1013,0,0,0,0,0,0
CONT_s14_bola_ElephantsDream,1789349581.037,0.1013,0,0,0,0,0,0
CONT_s14_bola_ElephantsDream,1789349581.139,0.1017,0,0,0,0,0,0
CONT_s14_bola_ElephantsDream,1789349581.241,0.1018,0,0,0,0,0,0
CONT_s14_bola_ElephantsDream,1789349581.342,0.1015,0,0,0,0,0,0
CONT_s14_bola_ElephantsDream,1789349581.444,0.1013,0,0,0,0,0,0
CONT_s14_bola_ElephantsDream,1789349581.545,0.1013,0,0,0,0,0,0
CONT_s14_bola_ElephantsDream,1789349581.647,0.1017,0,0,0,0,0,0
CONT_s14_bola_ElephantsDream,1789349581.749,0.1026,0,0,0,0,0,0
CONT_s14_bola_ElephantsDream,1789349581.851,0.1014,0,0,0,0,0,0
CONT_s14_bola_ElephantsDream,1789349581.952,0.1014,0,0,0,0,0,0
CONT_s14_bola_ElephantsDream,1789349582.054,0.1014,0,0,0,0,0,0
CONT_s14_bola_ElephantsDream,1789349582.155,0.1015,0,0,0,0,0,0
CONT_s14_bola_ElephantsDream,1789349582.258,0.103,0,0,0,0,0,0
CONT_s14_bola_ElephantsDream,1789349582.36,0.1015,0,0,0,0,0,0
CONT_s14_bola_ElephantsDream,1789349582.461,0.1013,0,0,0,0,0,0
CONT_s14_bola_ElephantsDream,1789349582.562,0.1014,0,0,0,0,0,0
CONT_s14_bola_ElephantsDream,1789349582.664,0.1016,0,0,0,0,0,0
CONT_s14_bola_ElephantsDream,1789349582.765,0.1015,0,0,0,0,0,0
CONT_s14_bola_ElephantsDream,1789349582.867,0.1014,0,0,0,0,0,0
CONT_s14_bola_ElephantsDream,1789349582.968,0.1014,0,0,0,0,0,0
CONT_s14_bola_ElephantsDream,1789349583.069,0.1014,0,0,0,0,0,0
CONT_s14_bola_ElephantsDream,1789349583.171,0.1014,0,0,0,0,0,0
CONT_s14_bola_ElephantsDream,1789349583.272,0.1015,0,0,0,0,0,0
CONT_s14_bola_ElephantsDream,1789349583.374,0.1014,0,0,0,0,0,0
CONT_s14_bola_ElephantsDream,1789349583.475,0.1014,0,0,0,0,0,0
CONT_s14_bola_ElephantsDream,1789349583.577,0.1013,0,0,0,0,0,0
CONT_s14_bola_ElephantsDream,1789349583.678,0.1015,0,0,0,0,0,0
CONT_s14_bola_ElephantsDream,1789349583.78,0.1016,0,0,0,0,0,0
CONT_s14_bola_ElephantsDream,1789349583.881,0.1013,0,0,0,0,0,0
CONT_s14_bola_ElephantsDream,1789349583.982,0.1013,0,0,0,0,0,0
CONT_s14_bola_ElephantsDream,1789349584.084,0.1014,0,0,0,0,0,0
CONT_s14_bola_ElephantsDream,1789349584.185,0.1015,0,0,0,0,0,0
CONT_s14_bola_ElephantsDream,1789349584.287,0.1015,0,0,0,0,0,0
CONT_s14_bola_ElephantsDream,1789349584.388,0.1013,0,0,0,0,0,0
CONT_s14_bola_ElephantsDream,1789349584.489,0.1014,0,0,0,0,0,0
CONT_s14_bola_ElephantsDream,1789349584.591,0.1013,0,0,0,0,0,0
CONT_s14_bola_ElephantsDream,1789349584.692,0.1016,0,0,0,0,0,0
CONT_s14_bola_ElephantsDream,1789349584.794,0.1016,0,0,0,0,0,0
CONT_s14_bola_ElephantsDream,1789349584.895,0.1014,0,0,0,0,0,0
CONT_s14_bola_ElephantsDream,1789349584.997,0.1014,0,0,0,0,0,0
CONT_s14_bola_ElephantsDream,1789349585.098,0.1014,0,0,0,0,0,0
CONT_s14_bola_ElephantsDream,1789349585.199,0.1015,0,0,0,0,0,0
CONT_s14_bola_ElephantsDream,1789349585.301,0.1016,0,0,0,0,0,0
CONT_s14_bola_ElephantsDream,1789349585.402,0.1014,0,0,0,0,0,0
CONT_s14_bola_ElephantsDream,1789349585.504,0.1014,0,0,0,0,0,0
CONT_s14_bola_ElephantsDream,1789349585.605,0.1014,0,0,0,0,0,0
CONT_s14_bola_ElephantsDream,1789349585.707,0.1016,0,0,0,0,0,0
CONT_s14_bola_ElephantsDream,1789349585.808,0.1015,0,0,0,0,0,0
CONT_s14_bola_ElephantsDream,1789349585.91,0.1013,0,0,0,0,0,0
CONT_s14_bola_ElephantsDream,1789349586.011,0.1014,0,0,0,0,0,0
CONT_s14_bola_ElephantsDream,1789349586.112,0.1014,0,0,0,0,0,0
CONT_s14_bola_ElephantsDream,1789349586.214,0.1015,0,0,0,0,0,0
CONT_s14_bola_ElephantsDream,1789349586.316,0.1015,0,0,0,0,0,0
CONT_s14_bola_ElephantsDream,1789349586.417,0.1013,0,0,0,0,0,0
CONT_s14_bola_ElephantsDream,1789349586.518,0.1013,0,0,0,0,0,0
CONT_s14_bola_ElephantsDream,1789349586.62,0.1014,0,0,0,0,0,0
CONT_s14_bola_ElephantsDream,1789349586.721,0.1015,0,0,0,0,0,0
CONT_s14_bola_ElephantsDream,1789349586.823,0.1015,0,0,0,0,0,0
CONT_s14_bola_ElephantsDream,1789349586.924,0.1013,0,0,0,0,0,0
CONT_s14_bola_ElephantsDream,1789349587.025,0.1013,0,0,0,0,0,0
CONT_s14_bola_ElephantsDream,1789349587.127,0.1014,0,0,0,0,0,0
CONT_s14_bola_ElephantsDream,1789349587.228,0.1015,0,0,0,0,0,0
CONT_s14_bola_ElephantsDream,1789349587.33,0.1015,0,0,0,0,0,0
CONT_s14_bola_ElephantsDream,1789349587.431,0.1013,0,0,0,0,0,0
CONT_s14_bola_ElephantsDream,1789349587.532,0.1016,0,0,0,0,0,0
CONT_s14_bola_ElephantsDream,1789349587.634,0.1015,0,0,0,0,0,0
CONT_s14_bola_ElephantsDream,1789349587.736,0.1016,0,0,0,0,0,0
CONT_s14_bola_ElephantsDream,1789349587.837,0.1015,0,0,0,0,0,0
CONT_s14_bola_ElephantsDream,1789349587.938,0.1013,0,0,0,0,0,0
CONT_s14_bola_ElephantsDream,1789349588.04,0.1014,0,0,0,0,0,0
CONT_s14_bola_ElephantsDream,1789349588.141,0.1015,0,0,0,0,0,0
CONT_s14_bola_ElephantsDream,1789349588.244,0.1023,0,0,0,0,0,0
CONT_s14_bola_ElephantsDream,1789349588.345,0.1015,0,0,0,0,0,0
CONT_s14_bola_ElephantsDream,1789349588.446,0.1012,0,0,0,0,0,0
CONT_s14_bola_ElephantsDream,1789349588.548,0.1014,0,0,0,0,0,0
CONT_s14_bola_ElephantsDream,1789349588.649,0.1015,0,0,0,0,0,0
CONT_s14_bola_ElephantsDream,1789349588.752,0.1023,0,0,0,0,0,0
CONT_s14_bola_ElephantsDream,1789349588.853,0.1014,0,0,0,0,0,0
CONT_s14_bola_ElephantsDream,1789349588.954,0.1013,0,0,0,0,0,0
CONT_s14_bola_ElephantsDream,1789349589.056,0.1013,0,0,0,0,0,0
CONT_s14_bola_ElephantsDream,1789349589.157,0.1015,0,0,0,0,0,0
CONT_s14_bola_ElephantsDream,1789349589.259,0.1015,0,0,0,0,0,0
CONT_s14_bola_ElephantsDream,1789349589.36,0.1013,0,0,0,0,0,0
CONT_s14_bola_ElephantsDream,1789349589.461,0.1013,0,0,0,0,0,0
CONT_s14_bola_ElephantsDream,1789349589.562,0.1013,0,0,0,0,0,0
CONT_s14_bola_ElephantsDream,1789349589.664,0.1015,0,0,0,0,0,0
CONT_s14_bola_ElephantsDream,1789349589.765,0.1015,0,0,0,0,0,0
CONT_s14_bola_ElephantsDream,1789349589.867,0.1013,0,0,0,0,0,0
CONT_s14_bola_ElephantsDream,1789349589.968,0.1012,0,0,0,0,0,0
CONT_s14_bola_ElephantsDream,1789349590.069,0.1013,0,0,0,0,0,0
CONT_s14_bola_ElephantsDream,1789349590.171,0.1015,0,0,0,0,0,0
CONT_s14_bola_ElephantsDream,1789349590.272,0.1017,0,0,0,0,0,0
CONT_s14_bola_ElephantsDream,1789349590.374,0.1013,0,0,0,0,0,0
CONT_s14_bola_ElephantsDream,1789349590.475,0.1015,0,0,0,0,0,0
CONT_s14_bola_ElephantsDream,1789349590.577,0.1017,0,0,0,0,0,0
CONT_s14_bola_ElephantsDream,1789349590.678,0.1015,0,0,0,0,0,0
CONT_s14_bola_ElephantsDream,1789349590.78,0.1015,0,0,0,0,0,0
CONT_s14_bola_ElephantsDream,1789349590.881,0.1013,0,0,0,0,0,0
CONT_s14_bola_ElephantsDream,1789349590.983,0.1013,0,0,0,0,0,0
CONT_s14_bola_ElephantsDream,1789349591.084,0.1014,0,0,0,0,0,0
CONT_s14_bola_ElephantsDream,1789349591.185,0.1015,0,0,0,0,0,0
CONT_s14_bola_ElephantsDream,1789349591.287,0.1015,0,0,0,0,0,0
CONT_s14_bola_ElephantsDream,1789349591.388,0.1013,0,0,0,0,0,0
CONT_s14_bola_ElephantsDream,1789349591.49,0.1013,0,0,0,0,0,0
CONT_s14_bola_ElephantsDream,1789349591.591,0.1013,0,0,0,0,0,0
CONT_s14_bola_ElephantsDream,1789349591.692,0.1015,0,0,0,0,0,0
CONT_s14_bola_ElephantsDream,1789349591.794,0.1015,0,0,0,0,0,0
CONT_s14_bola_ElephantsDream,1789349591.895,0.1013,0,0,0,0,0,0
CONT_s14_bola_ElephantsDream,1789349591.997,0.1013,0,0,0,0,0,0
CONT_s14_bola_ElephantsDream,1789349592.098,0.1013,0,0,0,0,0,0
CONT_s14_bola_ElephantsDream,1789349592.199,0.1015,0,0,0,0,0,0
CONT_s14_bola_ElephantsDream,1789349592.301,0.1015,0,0,0,0,0,0
CONT_s14_bola_ElephantsDream,1789349592.402,0.1013,0,0,0,0,0,0
CONT_s14_bola_ElephantsDream,1789349592.503,0.1013,0,0,0,0,0,0
CONT_s14_bola_ElephantsDream,1789349592.605,0.1013,0,0,0,0,0,0
CONT_s14_bola_ElephantsDream,1789349592.706,0.1015,0,0,0,0,0,0
CONT_s14_bola_ElephantsDream,1789349592.808,0.1015,0,0,0,0,0,0
CONT_s14_bola_ElephantsDream,1789349592.909,0.1014,0,0,0,0,0,0
CONT_s14_bola_ElephantsDream,1789349593.011,0.1014,0,0,0,0,0,0
CONT_s14_bola_ElephantsDream,1789349593.112,0.1013,0,0,0,0,0,0
CONT_s14_bola_ElephantsDream,1789349593.213,0.1015,0,0,0,0,0,0
CONT_s14_bola_ElephantsDream,1789349593.315,0.1015,0,0,0,0,0,0
CONT_s14_bola_ElephantsDream,1789349593.416,0.1013,0,0,0,0,0,0
CONT_s14_bola_ElephantsDream,1789349593.517,0.1013,0,0,0,0,0,0
CONT_s14_bola_ElephantsDream,1789349593.619,0.1013,0,0,0,0,0,0
CONT_s14_bola_ElephantsDream,1789349593.72,0.1016,0,0,0,0,0,0
CONT_s14_bola_ElephantsDream,1789349593.822,0.1015,0,0,0,0,0,0
CONT_s14_bola_ElephantsDream,1789349593.923,0.1013,0,0,0,0,0,0
CONT_s14_bola_ElephantsDream,1789349594.024,0.1013,0,0,0,0,0,0
CONT_s14_bola_ElephantsDream,1789349594.126,0.1013,0,0,0,0,0,0
CONT_s14_bola_ElephantsDream,1789349594.227,0.1015,0,0,0,0,0,0
CONT_s14_bola_ElephantsDream,1789349594.329,0.1015,0,0,0,0,0,0
CONT_s14_bola_ElephantsDream,1789349594.43,0.1013,0,0,0,0,0,0
CONT_s14_bola_ElephantsDream,1789349594.531,0.1014,0,0,0,0,0,0
CONT_s14_bola_ElephantsDream,1789349594.634,0.1022,0,0,0,0,0,0
CONT_s14_bola_ElephantsDream,1789349594.735,0.1015,0,0,0,0,0,0
CONT_s14_bola_ElephantsDream,1789349594.836,0.1015,0,0,0,0,0,0
CONT_s14_bola_ElephantsDream,1789349594.938,0.1013,0,0,0,0,0,0
CONT_s14_bola_ElephantsDream,1789349595.039,0.1014,0,0,0,0,0,0
CONT_s14_bola_ElephantsDream,1789349595.141,0.1016,0,0,0,0,0,0
CONT_s14_bola_ElephantsDream,1789349595.243,0.1027,0,0,0,0,0,0
CONT_s14_bola_ElephantsDream,1789349595.345,0.1015,0,0,0,0,0,0
CONT_s14_bola_ElephantsDream,1789349595.446,0.1013,0,0,0,0,0,0
CONT_s14_bola_ElephantsDream,1789349595.547,0.1013,0,0,0,0,0,0
CONT_s14_bola_ElephantsDream,1789349595.649,0.1015,0,0,0,0,0,0
CONT_s14_bola_ElephantsDream,1789349595.751,0.1025,0,0,0,0,0,0
CONT_s14_bola_ElephantsDream,1789349595.853,0.1013,0,0,0,0,0,0
CONT_s14_bola_ElephantsDream,1789349595.954,0.1013,0,0,0,0,0,0
CONT_s14_bola_ElephantsDream,1789349596.056,0.1015,0,0,0,0,0,0
CONT_s14_bola_ElephantsDream,1789349596.157,0.1015,0,0,0,0,0,0
CONT_s14_bola_ElephantsDream,1789349596.259,0.1016,0,0,0,0,0,0
CONT_s14_bola_ElephantsDream,1789349596.36,0.1014,0,0,0,0,0,0
CONT_s14_bola_ElephantsDream,1789349596.461,0.1013,0,0,0,0,0,0
CONT_s14_bola_ElephantsDream,1789349596.563,0.1013,0,0,0,0,0,0
CONT_s14_bola_ElephantsDream,1789349596.664,0.1015,0,0,0,0,0,0
CONT_s14_bola_ElephantsDream,1789349596.766,0.1015,0,0,0,0,0,0
CONT_s14_bola_ElephantsDream,1789349596.867,0.1013,0,0,0,0,0,0
CONT_s14_bola_ElephantsDream,1789349596.968,0.1013,0,0,0,0,0,0
CONT_s14_bola_ElephantsDream,1789349597.07,0.1013,0,0,0,0,0,0
CONT_s14_bola_ElephantsDream,1789349597.171,0.1015,0,0,0,0,0,0
CONT_s14_bola_ElephantsDream,1789349597.273,0.1017,0,0,0,0,0,0
CONT_s14_bola_ElephantsDream,1789349597.374,0.1013,0,0,0,0,0,0
CONT_s14_bola_ElephantsDream,1789349597.475,0.1013,0,0,0,0,0,0
CONT_s14_bola_ElephantsDream,1789349597.577,0.1013,0,0,0,0,0,0
CONT_s14_bola_ElephantsDream,1789349597.678,0.1015,0,0,0,0,0,0
CONT_s14_bola_ElephantsDream,1789349597.78,0.1015,0,0,0,0,0,0
CONT_s14_bola_ElephantsDream,1789349597.881,0.1013,0,0,0,0,0,0
CONT_s14_bola_ElephantsDream,1789349597.982,0.1013,0,0,0,0,0,0
CONT_s14_bola_ElephantsDream,1789349598.084,0.1013,0,0,0,0,0,0
CONT_s14_bola_ElephantsDream,1789349598.185,0.1015,0,0,0,0,0,0
CONT_s14_bola_ElephantsDream,1789349598.287,0.1015,0,0,0,0,0,0
CONT_s14_bola_ElephantsDream,1789349598.388,0.1013,0,0,0,0,0,0
CONT_s14_bola_ElephantsDream,1789349598.489,0.1012,0,0,0,0,0,0
CONT_s14_bola_ElephantsDream,1789349598.591,0.1013,0,0,0,0,0,0
CONT_s14_bola_ElephantsDream,1789349598.692,0.1015,0,0,0,0,0,0
CONT_s14_bola_ElephantsDream,1789349598.794,0.1015,0,0,0,0,0,0
CONT_s14_bola_ElephantsDream,1789349598.895,0.1013,0,0,0,0,0,0
CONT_s14_bola_ElephantsDream,1789349598.996,0.1014,0,0,0,0,0,0
CONT_s14_bola_ElephantsDream,1789349599.098,0.1014,0,0,0,0,0,0
CONT_s14_bola_ElephantsDream,1789349599.199,0.1015,0,0,0,0,0,0
CONT_s14_bola_ElephantsDream,1789349599.301,0.1015,0,0,0,0,0,0
CONT_s14_bola_ElephantsDream,1789349599.402,0.1013,0,0,0,0,0,0
CONT_s14_bola_ElephantsDream,1789349599.503,0.1013,0,0,0,0,0,0
CONT_s14_bola_ElephantsDream,1789349599.605,0.1013,0,0,0,0,0,0
CONT_s14_bola_ElephantsDream,1789349599.706,0.1015,0,0,0,0,0,0
CONT_s14_bola_ElephantsDream,1789349599.808,0.1015,0,0,0,0,0,0
CONT_s14_bola_ElephantsDream,1789349599.909,0.1013,0,0,0,0,0,0
CONT_s14_bola_ElephantsDream,1789349600.01,0.1013,0,0,0,0,0,0
CONT_s14_bola_ElephantsDream,1789349600.112,0.1014,0,0,0,0,0,0
CONT_s14_bola_ElephantsDream,1789349600.213,0.1015,0,0,0,0,0,0
CONT_s14_bola_ElephantsDream,1789349600.314,0.1015,0,0,0,0,0,0
CONT_s14_bola_ElephantsDream,1789349600.416,0.1013,0,0,0,0,0,0
CONT_s14_bola_ElephantsDream,1789349600.517,0.1013,0,0,0,0,0,0
CONT_s14_bola_ElephantsDream,1789349600.618,0.1013,0,0,0,0,0,0
CONT_s14_bola_ElephantsDream,1789349600.72,0.1018,0,0,0,0,0,0
CONT_s14_bola_ElephantsDream,1789349600.822,0.1015,0,0,0,0,0,0
CONT_s14_bola_ElephantsDream,1789349600.923,0.1014,0,0,0,0,0,0
CONT_s14_bola_ElephantsDream,1789349601.025,0.1015,0,0,0,0,0,0
CONT_s14_bola_ElephantsDream,1789349601.126,0.1013,0,0,0,0,0,0
CONT_s14_bola_ElephantsDream,1789349601.227,0.1015,0,0,0,0,0,0
CONT_s14_bola_ElephantsDream,1789349601.329,0.1015,0,0,0,0,0,0
CONT_s14_bola_ElephantsDream,1789349601.43,0.1013,0,0,0,0,0,0
CONT_s14_bola_ElephantsDream,1789349601.532,0.1014,0,0,0,0,0,0
CONT_s14_bola_ElephantsDream,1789349601.633,0.1015,0,0,0,0,0,0
CONT_s14_bola_ElephantsDream,1789349601.735,0.1015,0,0,0,0,0,0
CONT_s14_bola_ElephantsDream,1789349601.836,0.1016,0,0,0,0,0,0
CONT_s14_bola_ElephantsDream,1789349601.938,0.1013,0,0,0,0,0,0
CONT_s14_bola_ElephantsDream,1789349602.039,0.1014,0,0,0,0,0,0
CONT_s14_bola_ElephantsDream,1789349602.141,0.1015,0,0,0,0,0,0
CONT_s14_bola_ElephantsDream,1789349602.244,0.1031,0,0,0,0,0,0
CONT_s14_bola_ElephantsDream,1789349602.345,0.1015,0,0,0,0,0,0
CONT_s14_bola_ElephantsDream,1789349602.446,0.1013,0,0,0,0,0,0
CONT_s14_bola_ElephantsDream,1789349602.548,0.1013,0,0,0,0,0,0
CONT_s14_bola_ElephantsDream,1789349602.649,0.1015,0,0,0,0,0,0
CONT_s14_bola_ElephantsDream,1789349602.752,0.1026,0,0,0,0,0,0
CONT_s14_bola_ElephantsDream,1789349602.853,0.1015,0,0,0,0,0,0
CONT_s14_bola_ElephantsDream,1789349602.955,0.1013,0,0,0,0,0,0
CONT_s14_bola_ElephantsDream,1789349603.056,0.1013,0,0,0,0,0,0
CONT_s14_bola_ElephantsDream,1789349603.158,0.1015,0,0,0,0,0,0
CONT_s14_bola_ElephantsDream,1789349603.259,0.1015,0,0,0,0,0,0
CONT_s14_bola_ElephantsDream,1789349603.36,0.1014,0,0,0,0,0,0
CONT_s14_bola_ElephantsDream,1789349603.462,0.1013,0,0,0,0,0,0
CONT_s14_bola_ElephantsDream,1789349603.563,0.1013,0,0,0,0,0,0
CONT_s14_bola_ElephantsDream,1789349603.664,0.1015,0,0,0,0,0,0
CONT_s14_bola_ElephantsDream,1789349603.766,0.1015,0,0,0,0,0,0
CONT_s14_bola_ElephantsDream,1789349603.867,0.1014,0,0,0,0,0,0
CONT_s14_bola_ElephantsDream,1789349603.969,0.1013,0,0,0,0,0,0
CONT_s14_bola_ElephantsDream,1789349604.07,0.1013,0,0,0,0,0,0
CONT_s14_bola_ElephantsDream,1789349604.171,0.1015,0,0,0,0,0,0
CONT_s14_bola_ElephantsDream,1789349604.273,0.1015,0,0,0,0,0,0
CONT_s14_bola_ElephantsDream,1789349604.374,0.1014,0,0,0,0,0,0
CONT_s14_bola_ElephantsDream,1789349604.476,0.1013,0,0,0,0,0,0
CONT_s14_bola_ElephantsDream,1789349604.577,0.1013,0,0,0,0,0,0
CONT_s14_bola_ElephantsDream,1789349604.678,0.1015,0,0,0,0,0,0
CONT_s14_bola_ElephantsDream,1789349604.78,0.1015,0,0,0,0,0,0
CONT_s14_bola_ElephantsDream,1789349604.881,0.1013,0,0,0,0,0,0
CONT_s14_bola_ElephantsDream,1789349604.982,0.1013,0,0,0,0,0,0
CONT_s14_bola_ElephantsDream,1789349605.084,0.1015,0,0,0,0,0,0
CONT_s14_bola_ElephantsDream,1789349605.186,0.1016,0,0,0,0,0,0
CONT_s14_bola_ElephantsDream,1789349605.287,0.1015,0,0,0,0,0,0
CONT_s14_bola_ElephantsDream,1789349605.388,0.1013,0,0,0,0,0,0
CONT_s14_bola_ElephantsDream,1789349605.49,0.1013,0,0,0,0,0,0
CONT_s14_bola_ElephantsDream,1789349605.591,0.1013,0,0,0,0,0,0
CONT_s14_bola_ElephantsDream,1789349605.693,0.1016,0,0,0,0,0,0
CONT_s14_bola_ElephantsDream,1789349605.794,0.1015,0,0,0,0,0,0
CONT_s14_bola_ElephantsDream,1789349605.895,0.1013,0,0,0,0,0,0
CONT_s14_bola_ElephantsDream,1789349605.997,0.1013,0,0,0,0,0,0
CONT_s14_bola_ElephantsDream,1789349606.098,0.1014,0,0,0,0,0,0
CONT_s14_bola_ElephantsDream,1789349606.2,0.1015,0,0,0,0,0,0
CONT_s14_bola_ElephantsDream,1789349606.301,0.1015,0,0,0,0,0,0
CONT_s14_bola_ElephantsDream,1789349606.402,0.1013,0,0,0,0,0,0
CONT_s14_bola_ElephantsDream,1789349606.504,0.1013,0,0,0,0,0,0
CONT_s14_bola_ElephantsDream,1789349606.605,0.1013,0,0,0,0,0,0
CONT_s14_bola_ElephantsDream,1789349606.707,0.1016,0,0,0,0,0,0
CONT_s14_bola_ElephantsDream,1789349606.808,0.1015,0,0,0,0,0,0
CONT_s14_bola_ElephantsDream,1789349606.909,0.1013,0,0,0,0,0,0
CONT_s14_bola_ElephantsDream,1789349607.011,0.1014,0,0,0,0,0,0
CONT_s14_bola_ElephantsDream,1789349607.112,0.1014,0,0,0,0,0,0
CONT_s14_bola_ElephantsDream,1789349607.214,0.1017,0,0,0,0,0,0
CONT_s14_bola_ElephantsDream,1789349607.316,0.1016,0,0,0,0,0,0
CONT_s14_bola_ElephantsDream,1789349607.417,0.1013,0,0,0,0,0,0
CONT_s14_bola_ElephantsDream,1789349607.518,0.1013,0,0,0,0,0,0
CONT_s14_bola_ElephantsDream,1789349607.62,0.1014,0,0,0,0,0,0
CONT_s14_bola_ElephantsDream,1789349607.721,0.1017,0,0,0,0,0,0
CONT_s14_bola_ElephantsDream,1789349607.823,0.1015,0,0,0,0,0,0
CONT_s14_bola_ElephantsDream,1789349607.924,0.1017,0,0,0,0,0,0
CONT_s14_bola_ElephantsDream,1789349608.026,0.1014,0,0,0,0,0,0
CONT_s14_bola_ElephantsDream,1789349608.127,0.1014,0,0,0,0,0,0
CONT_s14_bola_ElephantsDream,1789349608.229,0.1015,0,0,0,0,0,0
CONT_s14_bola_ElephantsDream,1789349608.33,0.1015,0,0,0,0,0,0
CONT_s14_bola_ElephantsDream,1789349608.432,0.1014,0,0,0,0,0,0
CONT_s14_bola_ElephantsDream,1789349608.533,0.1014,0,0,0,0,0,0
CONT_s14_bola_ElephantsDream,1789349608.635,0.1016,0,0,0,0,0,0
CONT_s14_bola_ElephantsDream,1789349608.738,0.1035,0,0,0,0,0,0
CONT_s14_bola_ElephantsDream,1789349608.84,0.1019,0,0,0,0,0,0
CONT_s14_bola_ElephantsDream,1789349608.941,0.1015,0,0,0,0,0,0
CONT_s14_bola_ElephantsDream,1789349609.043,0.1013,0,0,0,0,0,0
CONT_s14_bola_ElephantsDream,1789349609.145,0.1021,0,0,0,0,0,0
CONT_s14_bola_ElephantsDream,1789349609.247,0.1024,0,0,0,0,0,0
CONT_s14_bola_ElephantsDream,1789349609.349,0.1014,1123,10,0,92889.5,341758.7,2
CONT_s14_bola_ElephantsDream,1789349609.45,0.1017,5621,10,0,177723.8,162945.0,2
CONT_s14_bola_ElephantsDream,1789349609.552,0.1019,0,0,0,0,0,0
CONT_s14_bola_ElephantsDream,1789349609.654,0.1019,0,0,0,0,0,0
CONT_s14_bola_ElephantsDream,1789349609.756,0.1019,0,0,0,0,0,0
CONT_s14_bola_ElephantsDream,1789349609.858,0.1018,0,0,0,0,0,0
CONT_s14_bola_ElephantsDream,1789349609.96,0.1017,0,0,0,0,0,0
CONT_s14_bola_ElephantsDream,1789349610.061,0.1017,0,0,0,0,0,0
CONT_s14_bola_ElephantsDream,1789349610.163,0.1018,0,0,0,0,0,0
CONT_s14_bola_ElephantsDream,1789349610.265,0.1019,0,0,0,0,0,0
CONT_s14_bola_ElephantsDream,1789349610.367,0.1018,0,0,0,0,0,0
CONT_s14_bola_ElephantsDream,1789349610.469,0.1017,0,0,0,0,0,0
CONT_s14_bola_ElephantsDream,1789349610.57,0.1017,0,0,0,0,0,0
CONT_s14_bola_ElephantsDream,1789349610.672,0.1019,0,0,0,0,0,0
CONT_s14_bola_ElephantsDream,1789349610.774,0.1019,0,0,0,0,0,0
CONT_s14_bola_ElephantsDream,1789349610.876,0.102,0,0,0,0,0,0
CONT_s14_bola_ElephantsDream,1789349610.978,0.1017,0,0,0,0,0,0
CONT_s14_bola_ElephantsDream,1789349611.079,0.1017,0,0,0,0,0,0
CONT_s14_bola_ElephantsDream,1789349611.181,0.1019,0,0,0,0,0,0
CONT_s14_bola_ElephantsDream,1789349611.283,0.1019,0,0,0,0,0,0
CONT_s14_bola_ElephantsDream,1789349611.385,0.1019,0,0,0,0,0,0
CONT_s14_bola_ElephantsDream,1789349611.487,0.1019,0,0,0,0,0,0
CONT_s14_bola_ElephantsDream,1789349611.589,0.1017,0,0,0,0,0,0
CONT_s14_bola_ElephantsDream,1789349611.691,0.1019,0,0,0,0,0,0
CONT_s14_bola_ElephantsDream,1789349611.793,0.1019,0,0,0,0,0,0
CONT_s14_bola_ElephantsDream,1789349611.894,0.1017,0,0,0,0,0,0
CONT_s14_bola_ElephantsDream,1789349611.996,0.1018,0,0,0,0,0,0
CONT_s14_bola_ElephantsDream,1789349612.098,0.1018,0,0,0,0,0,0
CONT_s14_bola_ElephantsDream,1789349612.2,0.1019,0,0,0,0,0,0
CONT_s14_bola_ElephantsDream,1789349612.302,0.1019,0,0,0,0,0,0
CONT_s14_bola_ElephantsDream,1789349612.403,0.1017,0,0,0,0,0,0
CONT_s14_bola_ElephantsDream,1789349612.505,0.1017,0,0,0,0,0,0
CONT_s14_bola_ElephantsDream,1789349612.607,0.1018,0,0,0,0,0,0
CONT_s14_bola_ElephantsDream,1789349612.709,0.1021,0,0,0,0,0,0
CONT_s14_bola_ElephantsDream,1789349612.811,0.1019,0,0,0,0,0,0
CONT_s14_bola_ElephantsDream,1789349612.913,0.1018,0,0,0,0,0,0
CONT_s14_bola_ElephantsDream,1789349613.015,0.1018,0,0,0,0,0,0
CONT_s14_bola_ElephantsDream,1789349613.116,0.102,15587,19,0,3004625.6,430321.4,2
CONT_s14_bola_ElephantsDream,1789349613.219,0.1022,0,0,0,0,0,0
CONT_s14_bola_ElephantsDream,1789349613.321,0.1021,0,0,0,0,0,0
CONT_s14_bola_ElephantsDream,1789349613.423,0.1019,0,0,0,0,0,0
CONT_s14_bola_ElephantsDream,1789349613.525,0.102,7708,9,0,162439463.6,1626310.5,4
CONT_s14_bola_ElephantsDream,1789349613.627,0.1019,1564,2,1,43820743.0,490911225.0,2
CONT_s14_bola_ElephantsDream,1789349613.729,0.1021,0,0,0,0,0,0
CONT_s14_bola_ElephantsDream,1789349613.831,0.1021,0,0,0,0,0,0
CONT_s14_bola_ElephantsDream,1789349613.933,0.102,4552,4,0,62193726.2,403007440.5,2
CONT_s14_bola_ElephantsDream,1789349614.035,0.102,0,0,0,0,0,0
CONT_s14_bola_ElephantsDream,1789349614.137,0.1021,0,0,0,0,0,0
CONT_s14_bola_ElephantsDream,1789349614.241,0.104,4552,4,0,78522663.2,797216.0,2
CONT_s14_bola_ElephantsDream,1789349614.343,0.1021,0,0,0,0,0,0
CONT_s14_bola_ElephantsDream,1789349614.445,0.1019,0,0,0,0,0,0
CONT_s14_bola_ElephantsDream,1789349614.547,0.102,0,0,0,0,0,0
CONT_s14_bola_ElephantsDream,1789349614.649,0.1021,6052,5,0,99419317.4,699952517.5,2
CONT_s14_bola_ElephantsDream,1789349614.752,0.1027,0,0,0,0,0,0
CONT_s14_bola_ElephantsDream,1789349614.854,0.102,3052,3,0,102037017.0,867104.0,2
CONT_s14_bola_ElephantsDream,1789349614.956,0.1019,0,0,0,0,0,0
CONT_s14_bola_ElephantsDream,1789349615.058,0.102,0,0,0,0,0,0
CONT_s14_bola_ElephantsDream,1789349615.16,0.1021,0,0,0,0,0,0
CONT_s14_bola_ElephantsDream,1789349615.262,0.102,6052,5,0,123964887.2,999882839.3,2
CONT_s14_bola_ElephantsDream,1789349615.364,0.102,0,0,0,0,0,0
CONT_s14_bola_ElephantsDream,1789349615.466,0.1019,0,0,0,0,0,0
CONT_s14_bola_ElephantsDream,1789349615.568,0.102,0,0,0,0,0,0
CONT_s14_bola_ElephantsDream,1789349615.67,0.1021,6052,5,0,132473694.2,1000057002.6,2
CONT_s14_bola_ElephantsDream,1789349615.772,0.1021,0,0,0,0,0,0
CONT_s14_bola_ElephantsDream,1789349615.874,0.1019,3052,3,0,128523837.3,991293134.4,2
CONT_s14_bola_ElephantsDream,1789349615.976,0.1019,0,0,0,0,0,0
CONT_s14_bola_ElephantsDream,1789349616.078,0.1021,0,0,0,0,0,0
CONT_s14_bola_ElephantsDream,1789349616.18,0.1021,4552,4,0,140921196.2,497902508.7,2
CONT_s14_bola_ElephantsDream,1789349616.282,0.1021,0,0,0,0,0,0
CONT_s14_bola_ElephantsDream,1789349616.384,0.102,3052,3,0,137441884.0,1196342.0,2
CONT_s14_bola_ElephantsDream,1789349616.486,0.1019,0,0,0,0,0,0
CONT_s14_bola_ElephantsDream,1789349616.588,0.102,3052,3,0,138630309.3,693625066.6,2
CONT_s14_bola_ElephantsDream,1789349616.69,0.102,0,0,0,0,0,0
CONT_s14_bola_ElephantsDream,1789349616.792,0.1021,0,0,0,0,0,0
CONT_s14_bola_ElephantsDream,1789349616.894,0.1019,0,0,0,0,0,0
CONT_s14_bola_ElephantsDream,1789349616.996,0.102,6052,5,0,156526236.4,799515360.5,2
CONT_s14_bola_ElephantsDream,1789349617.098,0.102,0,0,0,0,0,0
CONT_s14_bola_ElephantsDream,1789349617.2,0.1021,3052,3,0,148614152.3,792545728.0,2
CONT_s14_bola_ElephantsDream,1789349617.302,0.1021,0,0,0,0,0,0
CONT_s14_bola_ElephantsDream,1789349617.404,0.1019,0,0,0,0,0,0
CONT_s14_bola_ElephantsDream,1789349617.506,0.1019,4552,4,0,158512654.2,897322029.6,2
CONT_s14_bola_ElephantsDream,1789349617.608,0.102,0,0,0,0,0,0
CONT_s14_bola_ElephantsDream,1789349617.71,0.1021,0,0,0,0,0,0
CONT_s14_bola_ElephantsDream,1789349617.812,0.1021,0,0,0,0,0,0
CONT_s14_bola_ElephantsDream,1789349617.914,0.1018,0,0,0,0,0,0
CONT_s14_bola_ElephantsDream,1789349618.016,0.102,7552,6,0,167584968.7,1001821770.0,2
CONT_s14_bola_ElephantsDream,1789349618.118,0.102,0,0,0,0,0,0
CONT_s14_bola_ElephantsDream,1789349618.22,0.1021,0,0,0,0,0,0
CONT_s14_bola_ElephantsDream,1789349618.322,0.102,0,0,0,0,0,0
CONT_s14_bola_ElephantsDream,1789349618.424,0.1019,0,0,0,0,0,0
CONT_s14_bola_ElephantsDream,1789349618.526,0.102,7552,6,0,166755091.5,1000995819.4,2
CONT_s14_bola_ElephantsDream,1789349618.628,0.1021,0,0,0,0,0,0
CONT_s14_bola_ElephantsDream,1789349618.73,0.1021,0,0,0,0,0,0
CONT_s14_bola_ElephantsDream,1789349618.832,0.1021,0,0,0,0,0,0
CONT_s14_bola_ElephantsDream,1789349618.934,0.1019,7552,6,0,165944817.7,1001130263.7,2
CONT_s14_bola_ElephantsDream,1789349619.036,0.102,0,0,0,0,0,0
CONT_s14_bola_ElephantsDream,1789349619.138,0.1021,0,0,0,0,0,0
CONT_s14_bola_ElephantsDream,1789349619.242,0.1037,0,0,0,0,0,0
CONT_s14_bola_ElephantsDream,1789349619.344,0.1022,0,0,0,0,0,0
CONT_s14_bola_ElephantsDream,1789349619.446,0.1019,7552,6,0,165156860.5,1001070408.9,2
CONT_s14_bola_ElephantsDream,1789349619.548,0.102,0,0,0,0,0,0
CONT_s14_bola_ElephantsDream,1789349619.65,0.1021,0,0,0,0,0,0
CONT_s14_bola_ElephantsDream,1789349619.753,0.1028,0,0,0,0,0,0
CONT_s14_bola_ElephantsDream,1789349619.855,0.102,0,0,0,0,0,0
CONT_s14_bola_ElephantsDream,1789349619.957,0.1019,7552,6,0,164395536.0,1001476578.0,2
CONT_s14_bola_ElephantsDream,1789349620.059,0.1021,0,0,0,0,0,0
CONT_s14_bola_ElephantsDream,1789349620.161,0.1021,0,0,0,0,0,0
CONT_s14_bola_ElephantsDream,1789349620.263,0.1022,4552,4,0,159110134.0,797363390.7,2
CONT_s14_bola_ElephantsDream,1789349620.365,0.1019,0,0,0,0,0,0
CONT_s14_bola_ElephantsDream,1789349620.467,0.1019,0,0,0,0,0,0
CONT_s14_bola_ElephantsDream,1789349620.569,0.1019,4552,4,0,159234899.5,1308064.0,2
CONT_s14_bola_ElephantsDream,1789349620.671,0.1021,0,0,0,0,0,0
CONT_s14_bola_ElephantsDream,1789349620.773,0.1021,0,0,0,0,0,0
CONT_s14_bola_ElephantsDream,1789349620.875,0.102,4552,4,0,159195841.5,597743611.6,2
CONT_s14_bola_ElephantsDream,1789349620.977,0.1019,0,0,0,0,0,0
CONT_s14_bola_ElephantsDream,1789349621.079,0.1023,0,0,0,0,0,0
CONT_s14_bola_ElephantsDream,1789349621.182,0.1023,4552,4,0,159030458.2,597379568.1,2
CONT_s14_bola_ElephantsDream,1789349621.284,0.1021,0,0,0,0,0,0
CONT_s14_bola_ElephantsDream,1789349621.386,0.1019,0,0,0,0,0,0
CONT_s14_bola_ElephantsDream,1789349621.487,0.1019,0,0,0,0,0,0
CONT_s14_bola_ElephantsDream,1789349621.589,0.1019,6052,5,0,165409978.6,699793446.7,2
CONT_s14_bola_ElephantsDream,1789349621.691,0.1021,0,0,0,0,0,0
CONT_s14_bola_ElephantsDream,1789349621.794,0.1021,3052,3,0,153298506.3,1208416.0,2
CONT_s14_bola_ElephantsDream,1789349621.895,0.1019,0,0,0,0,0,0
CONT_s14_bola_ElephantsDream,1789349621.997,0.1021,0,0,0,0,0,0
CONT_s14_bola_ElephantsDream,1789349622.099,0.1019,4552,4,0,163595885.2,897068806.5,2
CONT_s14_bola_ElephantsDream,1789349622.202,0.1021,0,0,0,0,0,0
CONT_s14_bola_ElephantsDream,1789349622.304,0.1021,0,0,0,0,0,0
CONT_s14_bola_ElephantsDream,1789349622.405,0.1019,0,0,0,0,0,0
CONT_s14_bola_ElephantsDream,1789349622.507,0.1019,0,0,0,0,0,0
CONT_s14_bola_ElephantsDream,1789349622.609,0.102,7552,6,0,172128471.3,1001384499.4,2
CONT_s14_bola_ElephantsDream,1789349622.711,0.1021,0,0,0,0,0,0
CONT_s14_bola_ElephantsDream,1789349622.813,0.102,0,0,0,0,0,0
CONT_s14_bola_ElephantsDream,1789349622.915,0.1019,4552,4,0,166268489.0,1096407295.5,2
CONT_s14_bola_ElephantsDream,1789349623.017,0.1019,0,0,0,0,0,0
CONT_s14_bola_ElephantsDream,1789349623.119,0.1019,0,0,0,0,0,0
CONT_s14_bola_ElephantsDream,1789349623.221,0.1021,0,0,0,0,0,0
CONT_s14_bola_ElephantsDream,1789349623.324,0.1022,6052,5,0,170891811.4,1200302538.0,2
CONT_s14_bola_ElephantsDream,1789349623.426,0.102,0,0,0,0,0,0
CONT_s14_bola_ElephantsDream,1789349623.528,0.1021,0,0,0,0,0,0
CONT_s14_bola_ElephantsDream,1789349623.632,0.1044,0,0,0,0,0,0
CONT_s14_bola_ElephantsDream,1789349623.734,0.1021,6052,5,0,169524741.8,799839248.2,2
CONT_s14_bola_ElephantsDream,1789349623.836,0.1021,0,0,0,0,0,0
CONT_s14_bola_ElephantsDream,1789349623.938,0.1019,0,0,0,0,0,0
CONT_s14_bola_ElephantsDream,1789349624.04,0.102,0,0,0,0,0,0
CONT_s14_bola_ElephantsDream,1789349624.142,0.1021,6052,5,0,168280205.0,799309554.3,2
CONT_s14_bola_ElephantsDream,1789349624.246,0.1035,0,0,0,0,0,0
CONT_s14_bola_ElephantsDream,1789349624.348,0.1021,0,0,0,0,0,0
CONT_s14_bola_ElephantsDream,1789349624.45,0.1019,0,0,0,0,0,0
CONT_s14_bola_ElephantsDream,1789349624.552,0.102,6052,5,0,167141123.6,799152732.1,2
CONT_s14_bola_ElephantsDream,1789349624.654,0.1021,0,0,0,0,0,0
CONT_s14_bola_ElephantsDream,1789349624.756,0.102,3052,3,0,155968582.0,594580741.2,2
CONT_s14_bola_ElephantsDream,1789349624.858,0.102,0,0,0,0,0,0
CONT_s14_bola_ElephantsDream,1789349624.96,0.1019,0,0,0,0,0,0
CONT_s14_bola_ElephantsDream,1789349625.062,0.102,4552,4,0,165511472.8,693550.0,2
CONT_s14_bola_ElephantsDream,1789349625.164,0.1021,0,0,0,0,0,0
CONT_s14_bola_ElephantsDream,1789349625.266,0.102,0,0,0,0,0,0
CONT_s14_bola_ElephantsDream,1789349625.368,0.102,0,0,0,0,0,0
CONT_s14_bola_ElephantsDream,1789349625.47,0.1019,6052,5,0,170400114.8,899288868.5,2
CONT_s14_bola_ElephantsDream,1789349625.572,0.1019,0,0,0,0,0,0
CONT_s14_bola_ElephantsDream,1789349625.674,0.1021,0,0,0,0,0,0
CONT_s14_bola_ElephantsDream,1789349625.776,0.1021,4552,4,0,166018378.8,997237459.0,2
CONT_s14_bola_ElephantsDream,1789349625.878,0.1019,0,0,0,0,0,0
CONT_s14_bola_ElephantsDream,1789349625.98,0.102,0,0,0,0,0,0
CONT_s14_bola_ElephantsDream,1789349626.081,0.102,4552,4,0,165099622.5,997134911.2,2
CONT_s14_bola_ElephantsDream,1789349626.184,0.1022,0,0,0,0,0,0
CONT_s14_bola_ElephantsDream,1789349626.286,0.102,0,0,0,0,0,0
CONT_s14_bola_ElephantsDream,1789349626.388,0.102,0,0,0,0,0,0
CONT_s14_bola_ElephantsDream,1789349626.49,0.102,6052,5,0,170130473.6,999897716.3,2
CONT_s14_bola_ElephantsDream,1789349626.592,0.102,0,0,0,0,0,0
CONT_s14_bola_ElephantsDream,1789349626.694,0.1021,0,0,0,0,0,0
CONT_s14_bola_ElephantsDream,1789349626.796,0.1022,4552,4,0,165533203.0,996663876.6,2
CONT_s14_bola_ElephantsDream,1789349626.898,0.102,0,0,0,0,0,0
CONT_s14_bola_ElephantsDream,1789349627.0,0.102,0,0,0,0,0,0
CONT_s14_bola_ElephantsDream,1789349627.102,0.102,4552,4,0,164610243.8,996492263.2,2
CONT_s14_bola_ElephantsDream,1789349627.204,0.1022,0,0,0,0,0,0
CONT_s14_bola_ElephantsDream,1789349627.306,0.1021,0,0,0,0,0,0
CONT_s14_bola_ElephantsDream,1789349627.408,0.1019,4552,4,0,163694135.8,598071502.9,2
CONT_s14_bola_ElephantsDream,1789349627.51,0.1019,0,0,0,0,0,0
CONT_s14_bola_ElephantsDream,1789349627.612,0.102,3052,3,0,155096393.0,495499669.7,2
CONT_s14_bola_ElephantsDream,1789349627.714,0.1021,3052,3,0,154115040.0,1196009.0,2
CONT_s14_bola_ElephantsDream,1789349627.816,0.1021,0,0,0,0,0,0
CONT_s14_bola_ElephantsDream,1789349627.918,0.1019,0,0,0,0,0,0
CONT_s14_bola_ElephantsDream,1789349628.02,0.102,0,0,0,0,0,0
CONT_s14_bola_ElephantsDream,1789349628.122,0.102,6052,5,0,171007954.6,799624325.0,2
CONT_s14_bola_ElephantsDream,1789349628.224,0.1021,0,0,0,0,0,0
CONT_s14_bola_ElephantsDream,1789349628.326,0.1021,3052,3,0,159058240.3,792507898.6,2
CONT_s14_bola_ElephantsDream,1789349628.428,0.1019,0,0,0,0,0,0
CONT_s14_bola_ElephantsDream,1789349628.53,0.1021,0,0,0,0,0,0
CONT_s14_bola_ElephantsDream,1789349628.633,0.1023,4552,4,0,168250181.0,896862249.3,2
CONT_s14_bola_ElephantsDream,1789349628.735,0.102,0,0,0,0,0,0
CONT_s14_bola_ElephantsDream,1789349628.837,0.1021,0,0,0,0,0,0
CONT_s14_bola_ElephantsDream,1789349628.939,0.1018,0,0,0,0,0,0
CONT_s14_bola_ElephantsDream,1789349629.041,0.102,0,0,0,0,0,0
CONT_s14_bola_ElephantsDream,1789349629.143,0.1022,7552,6,0,175470877.0,1001166204.1,2
CONT_s14_bola_ElephantsDream,1789349629.246,0.1034,0,0,0,0,0,0
CONT_s14_bola_ElephantsDream,1789349629.348,0.1021,0,0,0,0,0,0
CONT_s14_bola_ElephantsDream,1789349629.45,0.1019,0,0,0,0,0,0
CONT_s14_bola_ElephantsDream,1789349629.552,0.102,0,0,0,0,0,0
CONT_s14_bola_ElephantsDream,1789349629.654,0.1021,7552,6,0,172440652.0,1001698970.4,2
CONT_s14_bola_ElephantsDream,1789349629.756,0.1021,0,0,0,0,0,0
CONT_s14_bola_ElephantsDream,1789349629.858,0.1019,0,0,0,0,0,0
CONT_s14_bola_ElephantsDream,1789349629.96,0.1019,0,0,0,0,0,0
CONT_s14_bola_ElephantsDream,1789349630.062,0.102,0,0,0,0,0,0
CONT_s14_bola_ElephantsDream,1789349630.164,0.1021,7552,6,0,170035208.3,1001782245.5,2
CONT_s14_bola_ElephantsDream,1789349630.266,0.1021,0,0,0,0,0,0
CONT_s14_bola_ElephantsDream,1789349630.368,0.1019,0,0,0,0,0,0
CONT_s14_bola_ElephantsDream,1789349630.47,0.1019,0,0,0,0,0,0
CONT_s14_bola_ElephantsDream,1789349630.572,0.102,0,0,0,0,0,0
CONT_s14_bola_ElephantsDream,1789349630.674,0.1021,7552,6,0,168097957.7,1001698228.1,2
CONT_s14_bola_ElephantsDream,1789349630.776,0.1021,0,0,0,0,0,0
CONT_s14_bola_ElephantsDream,1789349630.878,0.1019,0,0,0,0,0,0
CONT_s14_bola_ElephantsDream,1789349630.98,0.1019,0,0,0,0,0,0
CONT_s14_bola_ElephantsDream,1789349631.082,0.102,0,0,0,0,0,0
CONT_s14_bola_ElephantsDream,1789349631.184,0.1021,7552,6,0,166503273.8,1001093335.8,2
CONT_s14_bola_ElephantsDream,1789349631.287,0.1024,0,0,0,0,0,0
CONT_s14_bola_ElephantsDream,1789349631.388,0.1019,3052,3,0,154146657.3,693416872.6,2
CONT_s14_bola_ElephantsDream,1789349631.49,0.1019,0,0,0,0,0,0
CONT_s14_bola_ElephantsDream,1789349631.592,0.102,0,0,0,0,0,0
CONT_s14_bola_ElephantsDream,1789349631.694,0.1021,4552,4,0,163670305.2,497654597.4,2
CONT_s14_bola_ElephantsDream,1789349631.797,0.1021,0,0,0,0,0,0
CONT_s14_bola_ElephantsDream,1789349631.898,0.1019,3052,3,0,156714058.0,791809.0,2
CONT_s14_bola_ElephantsDream,1789349632.0,0.102,0,0,0,0,0,0
CONT_s14_bola_ElephantsDream,1789349632.102,0.102,3052,3,0,155794775.7,693922208.6,2
CONT_s14_bola_ElephantsDream,1789349632.205,0.1022,0,0,0,0,0,0
CONT_s14_bola_ElephantsDream,1789349632.307,0.1021,0,0,0,0,0,0
CONT_s14_bola_ElephantsDream,1789349632.409,0.1019,0,0,0,0,0,0
CONT_s14_bola_ElephantsDream,1789349632.511,0.102,6052,5,0,171071498.6,799841229.3,2
CONT_s14_bola_ElephantsDream,1789349632.613,0.1019,0,0,0,0,0,0
CONT_s14_bola_ElephantsDream,1789349632.715,0.1021,3052,3,0,161025455.3,792961436.3,2
CONT_s14_bola_ElephantsDream,1789349632.817,0.1021,0,0,0,0,0,0
CONT_s14_bola_ElephantsDream,1789349632.919,0.102,0,0,0,0,0,0
CONT_s14_bola_ElephantsDream,1789349633.021,0.102,4552,4,0,169265733.8,897468007.7,2
CONT_s14_bola_ElephantsDream,1789349633.123,0.102,52,1,0,103129334.0,0,1
CONT_s14_bola_ElephantsDream,1789349633.225,0.1022,0,0,0,0,0,0
CONT_s14_bola_ElephantsDream,1789349633.327,0.1021,0,0,0,0,0,0
CONT_s14_bola_ElephantsDream,1789349633.429,0.1019,52,1,0,107937864.0,0,1
CONT_s14_bola_ElephantsDream,1789349633.531,0.1022,7540,6,0,177846202.7,1008726970.0,2
CONT_s14_bola_ElephantsDream,1789349633.633,0.1022,0,0,0,0,0,0
CONT_s14_bola_ElephantsDream,1789349633.735,0.1021,0,0,0,0,0,0
CONT_s14_bola_ElephantsDream,1789349633.837,0.102,0,0,0,0,0,0
CONT_s14_bola_ElephantsDream,1789349633.939,0.1018,0,0,0,0,0,0
CONT_s14_bola_ElephantsDream,1789349634.041,0.102,7616,7,0,165471917.0,819219866.0,1
CONT_s14_bola_ElephantsDream,1789349634.143,0.102,1728,7,0,101896.6,958959.7,2
CONT_s14_bola_ElephantsDream,1789349634.247,0.1036,0,0,0,0,0,0
CONT_s14_bola_ElephantsDream,1789349634.349,0.1023,503,1,1,13353050.0,0,1
CONT_s14_bola_ElephantsDream,1789349634.451,0.102,0,0,0,0,0,0
CONT_s14_bola_ElephantsDream,1789349634.553,0.1021,7552,6,0,36648422.2,409105743.2,2
CONT_s14_bola_ElephantsDream,1789349634.655,0.1022,0,0,0,0,0,0
CONT_s14_bola_ElephantsDream,1789349634.757,0.1022,0,0,0,0,0,0
CONT_s14_bola_ElephantsDream,1789349634.86,0.1021,0,0,0,0,0,0
CONT_s14_bola_ElephantsDream,1789349634.962,0.1021,0,0,0,0,0,0
CONT_s14_bola_ElephantsDream,1789349635.064,0.1022,7552,6,0,72161728.8,1343063.0,2
CONT_s14_bola_ElephantsDream,1789349635.166,0.1023,1564,2,1,68285867.5,803671500.0,2
CONT_s14_bola_ElephantsDream,1789349635.268,0.1024,1500,1,0,76442880.0,705631172.0,1
CONT_s14_bola_ElephantsDream,1789349635.371,0.1022,1616,3,1,61858788.3,47772257.0,2
CONT_s14_bola_ElephantsDream,1789349635.473,0.1021,0,0,0,0,0,0
CONT_s14_bola_ElephantsDream,1789349635.575,0.1023,0,0,0,0,0,0
CONT_s14_bola_ElephantsDream,1789349635.677,0.1023,4552,4,0,83143763.2,597387833.7,2
CONT_s14_bola_ElephantsDream,1789349635.78,0.1023,0,0,0,0,0,0
CONT_s14_bola_ElephantsDream,1789349635.882,0.1021,0,0,0,0,0,0
CONT_s14_bola_ElephantsDream,1789349635.984,0.1021,4552,4,0,96240351.0,624773.0,2
CONT_s14_bola_ElephantsDream,1789349636.086,0.1022,0,0,0,0,0,0
CONT_s14_bola_ElephantsDream,1789349636.188,0.1024,0,0,0,0,0,0
CONT_s14_bola_ElephantsDream,1789349636.291,0.1022,0,0,0,0,0,0
CONT_s14_bola_ElephantsDream,1789349636.393,0.1021,6052,5,0,113748663.6,699650256.3,2
CONT_s14_bola_ElephantsDream,1789349636.495,0.1021,0,0,0,0,0,0
CONT_s14_bola_ElephantsDream,1789349636.597,0.1022,0,0,0,0,0,0
CONT_s14_bola_ElephantsDream,1789349636.699,0.1023,4741,6,0,112639269.7,306695474.2,2
CONT_s14_bola_ElephantsDream,1789349636.801,0.1022,0,0,0,0,0,0
CONT_s14_bola_ElephantsDream,1789349636.903,0.102,0,0,0,0,0,0
CONT_s14_bola_ElephantsDream,1789349637.006,0.1021,0,0,0,0,0,0
CONT_s14_bola_ElephantsDream,1789349637.108,0.1022,0,0,0,0,0,0
CONT_s14_bola_ElephantsDream,1789349637.21,0.1023,7552,6,0,136584375.0,503313864.0,2
CONT_s14_bola_ElephantsDream,1789349637.312,0.1022,0,0,0,0,0,0
CONT_s14_bola_ElephantsDream,1789349637.414,0.102,0,0,0,0,0,0
CONT_s14_bola_ElephantsDream,1789349637.516,0.1022,0,0,0,0,0,0
CONT_s14_bola_ElephantsDream,1789349637.619,0.1021,0,0,0,0,0,0
CONT_s14_bola_ElephantsDream,1789349637.721,0.1023,7552,6,0,144771646.5,968066.0,2
CONT_s14_bola_ElephantsDream,1789349637.823,0.1023,0,0,0,0,0,0
CONT_s14_bola_ElephantsDream,1789349637.925,0.102,0,0,0,0,0,0
CONT_s14_bola_ElephantsDream,1789349638.027,0.1022,0,0,0,0,0,0
CONT_s14_bola_ElephantsDream,1789349638.131,0.1033,0,0,0,0,0,0
CONT_s14_bola_ElephantsDream,1789349638.233,0.1024,7552,6,0,150447507.3,1001785771.5,2
CONT_s14_bola_ElephantsDream,1789349638.335,0.1022,0,0,0,0,0,0
CONT_s14_bola_ElephantsDream,1789349638.437,0.102,0,0,0,0,0,0
CONT_s14_bola_ElephantsDream,1789349638.539,0.1021,0,0,0,0,0,0
CONT_s14_bola_ElephantsDream,1789349638.642,0.1022,0,0,0,0,0,0
CONT_s14_bola_ElephantsDream,1789349638.745,0.1038,0,0,0,0,0,0
CONT_s14_bola_ElephantsDream,1789349638.848,0.1024,0,0,0,0,0,0
CONT_s14_bola_ElephantsDream,1789349638.95,0.1021,0,0,0,0,0,0
CONT_s14_bola_ElephantsDream,1789349639.052,0.1022,0,0,0,0,0,0
CONT_s14_bola_ElephantsDream,1789349639.154,0.1023,0,0,0,0,0,0
CONT_s14_bola_ElephantsDream,1789349639.257,0.1029,0,0,0,0,0,0
CONT_s14_bola_ElephantsDream,1789349639.36,0.1022,15488,18,6,153049824.4,225738388.8,2
CONT_s14_bola_ElephantsDream,1789349639.462,0.1021,1612,3,0,98701649.0,82119484.6,3
CONT_s14_bola_ElephantsDream,1789349639.564,0.1023,1540,2,0,141243991.0,0,2
CONT_s14_bola_ElephantsDream,1789349639.666,0.1023,0,0,0,0,0,0
CONT_s14_bola_ElephantsDream,1789349639.769,0.1024,3060,3,0,102874138.0,385945251.0,2
CONT_s14_bola_ElephantsDream,1789349639.871,0.1024,0,0,0,0,0,0
CONT_s14_bola_ElephantsDream,1789349639.973,0.1023,0,0,0,0,0,0
CONT_s14_bola_ElephantsDream,1789349640.076,0.1023,5227,9,0,61748256.6,497159365.7,5
CONT_s14_bola_ElephantsDream,1789349640.178,0.1026,1790,2,0,22379779.5,4096874.0,2
CONT_s14_bola_ElephantsDream,1789349640.281,0.1026,0,0,0,0,0,0
CONT_s14_bola_ElephantsDream,1789349640.383,0.1026,3052,3,0,30147428.3,194437823.3,2
CONT_s14_bola_ElephantsDream,1789349640.486,0.1025,0,0,0,0,0,0
CONT_s14_bola_ElephantsDream,1789349640.588,0.1025,3052,3,0,43709290.7,569551.0,2
CONT_s14_bola_ElephantsDream,1789349640.691,0.1026,0,0,0,0,0,0
CONT_s14_bola_ElephantsDream,1789349640.794,0.1026,3052,3,0,55508974.3,791012.0,2
CONT_s14_bola_ElephantsDream,1789349640.896,0.1025,0,0,0,0,0,0
CONT_s14_bola_ElephantsDream,1789349640.999,0.1026,3052,3,0,65831463.7,594739012.9,2
CONT_s14_bola_ElephantsDream,1789349641.101,0.1025,0,0,0,0,0,0
CONT_s14_bola_ElephantsDream,1789349641.204,0.1025,3052,3,0,74861627.3,594721185.7,2
CONT_s14_bola_ElephantsDream,1789349641.306,0.1025,0,0,0,0,0,0
CONT_s14_bola_ElephantsDream,1789349641.409,0.1024,3052,3,0,82755534.0,594524996.0,2
CONT_s14_bola_ElephantsDream,1789349641.511,0.1028,0,0,0,0,0,0
CONT_s14_bola_ElephantsDream,1789349641.614,0.1025,3052,3,0,89660314.7,594161449.2,2
CONT_s14_bola_ElephantsDream,1789349641.717,0.1026,0,0,0,0,0,0
CONT_s14_bola_ElephantsDream,1789349641.819,0.1025,3052,3,0,95684352.3,594163681.2,2
CONT_s14_bola_ElephantsDream,1789349641.921,0.1024,0,0,0,0,0,0
CONT_s14_bola_ElephantsDream,1789349642.024,0.1025,3052,3,0,100945871.0,594510506.8,2
CONT_s14_bola_ElephantsDream,1789349642.126,0.1025,3052,3,0,105533837.7,594121606.8,2
CONT_s14_bola_ElephantsDream,1789349642.229,0.1026,0,0,0,0,0,0
CONT_s14_bola_ElephantsDream,1789349642.332,0.1026,3052,3,0,109530156.7,594102235.9,2
CONT_s14_bola_ElephantsDream,1789349642.434,0.1024,0,0,0,0,0,0
CONT_s14_bola_ElephantsDream,1789349642.536,0.1024,3052,3,0,113013575.7,594670577.9,2
CONT_s14_bola_ElephantsDream,1789349642.639,0.1029,0,0,0,0,0,0
CONT_s14_bola_ElephantsDream,1789349642.743,0.1035,3052,3,0,116042390.3,594797367.8,2
CONT_s14_bola_ElephantsDream,1789349642.845,0.1027,0,0,0,0,0,0
CONT_s14_bola_ElephantsDream,1789349642.948,0.1025,3052,3,0,118680523.7,594765116.6,2
CONT_s14_bola_ElephantsDream,1789349643.05,0.1025,0,0,0,0,0,0
CONT_s14_bola_ElephantsDream,1789349643.153,0.1025,3052,3,0,120979545.0,594645199.1,2
CONT_s14_bola_ElephantsDream,1789349643.255,0.1025,0,0,0,0,0,0
CONT_s14_bola_ElephantsDream,1789349643.358,0.1025,3052,3,0,122971646.3,594604865.6,2
CONT_s14_bola_ElephantsDream,1789349643.46,0.1025,0,0,0,0,0,0
CONT_s14_bola_ElephantsDream,1789349643.563,0.1025,3052,3,0,124719026.0,594682544.5,2
CONT_s14_bola_ElephantsDream,1789349643.666,0.1026,0,0,0,0,0,0
CONT_s14_bola_ElephantsDream,1789349643.768,0.1025,3052,3,0,126225702.0,594451608.2,2
CONT_s14_bola_ElephantsDream,1789349643.871,0.1025,0,0,0,0,0,0
CONT_s14_bola_ElephantsDream,1789349643.973,0.1024,3052,3,0,127528478.3,594073436.2,2
CONT_s14_bola_ElephantsDream,1789349644.076,0.1025,0,0,0,0,0,0
CONT_s14_bola_ElephantsDream,1789349644.178,0.1026,3052,3,0,128663232.3,594500815.8,2
CONT_s14_bola_ElephantsDream,1789349644.281,0.1025,0,0,0,0,0,0
CONT_s14_bola_ElephantsDream,1789349644.383,0.1025,3052,3,0,129638900.0,594407456.3,2
CONT_s14_bola_ElephantsDream,1789349644.486,0.1024,0,0,0,0,0,0
CONT_s14_bola_ElephantsDream,1789349644.588,0.1025,3052,3,0,130478860.3,594585715.9,2
CONT_s14_bola_ElephantsDream,1789349644.691,0.1026,0,0,0,0,0,0
CONT_s14_bola_ElephantsDream,1789349644.793,0.1026,3052,3,0,131200758.3,594086826.1,2
CONT_s14_bola_ElephantsDream,1789349644.896,0.1025,0,0,0,0,0,0
CONT_s14_bola_ElephantsDream,1789349644.998,0.1025,3052,3,0,131829526.7,594096967.0,2
CONT_s14_bola_ElephantsDream,1789349645.101,0.1026,0,0,0,0,0,0
CONT_s14_bola_ElephantsDream,1789349645.203,0.1026,3052,3,0,132362430.0,594264659.1,2
CONT_s14_bola_ElephantsDream,1789349645.306,0.1027,1511,2,0,101471079.0,335471160.5,2
CONT_s14_bola_ElephantsDream,1789349645.409,0.1027,0,0,0,0,0,0
CONT_s14_bola_ElephantsDream,1789349645.511,0.1026,3052,3,0,130366851.0,193803448.1,2
CONT_s14_bola_ElephantsDream,1789349645.614,0.1027,0,0,0,0,0,0
CONT_s14_bola_ElephantsDream,1789349645.717,0.1028,3052,3,0,131390569.0,752568.0,2
CONT_s14_bola_ElephantsDream,1789349645.82,0.1027,0,0,0,0,0,0
CONT_s14_bola_ElephantsDream,1789349645.922,0.1025,3052,3,0,132220176.3,914326.0,2
CONT_s14_bola_ElephantsDream,1789349646.025,0.1027,0,0,0,0,0,0
CONT_s14_bola_ElephantsDream,1789349646.127,0.1026,3052,3,0,132919009.3,594055083.8,2
CONT_s14_bola_ElephantsDream,1789349646.23,0.1027,0,0,0,0,0,0
CONT_s14_bola_ElephantsDream,1789349646.333,0.1026,3052,3,0,133513052.7,594558736.4,2
CONT_s14_bola_ElephantsDream,1789349646.435,0.1025,0,0,0,0,0,0
CONT_s14_bola_ElephantsDream,1789349646.538,0.1024,3052,3,0,134005219.0,594427414.4,2
CONT_s14_bola_ElephantsDream,1789349646.64,0.1026,3052,3,0,134417401.7,594714922.0,2
CONT_s14_bola_ElephantsDream,1789349646.744,0.104,0,0,0,0,0,0
CONT_s14_bola_ElephantsDream,1789349646.847,0.1026,3052,3,0,134747625.0,594258425.2,2
CONT_s14_bola_ElephantsDream,1789349646.949,0.1025,0,0,0,0,0,0
CONT_s14_bola_ElephantsDream,1789349647.052,0.1025,3052,3,0,135026800.7,594093936.7,2
CONT_s14_bola_ElephantsDream,1789349647.154,0.1025,0,0,0,0,0,0
CONT_s14_bola_ElephantsDream,1789349647.257,0.1026,3052,3,0,135247319.0,594423391.7,2
CONT_s14_bola_ElephantsDream,1789349647.36,0.1026,0,0,0,0,0,0
CONT_s14_bola_ElephantsDream,1789349647.462,0.1025,3052,3,0,135426748.0,594711960.4,2
CONT_s14_bola_ElephantsDream,1789349647.565,0.1025,0,0,0,0,0,0
CONT_s14_bola_ElephantsDream,1789349647.667,0.1025,3052,3,0,135567128.7,594756200.8,2
CONT_s14_bola_ElephantsDream,1789349647.77,0.1025,0,0,0,0,0,0
CONT_s14_bola_ElephantsDream,1789349647.872,0.1025,3052,3,0,135671384.7,594715223.2,2
CONT_s14_bola_ElephantsDream,1789349647.975,0.1025,0,0,0,0,0,0
CONT_s14_bola_ElephantsDream,1789349648.077,0.1025,3052,3,0,135757887.7,594653681.8,2
CONT_s14_bola_ElephantsDream,1789349648.18,0.1032,0,0,0,0,0,0
CONT_s14_bola_ElephantsDream,1789349648.283,0.1026,3052,3,0,135816334.0,594580155.3,2
CONT_s14_bola_ElephantsDream,1789349648.385,0.1025,0,0,0,0,0,0
CONT_s14_bola_ElephantsDream,1789349648.488,0.1025,3052,3,0,135864211.0,594627683.7,2
CONT_s14_bola_ElephantsDream,1789349648.59,0.1025,0,0,0,0,0,0
CONT_s14_bola_ElephantsDream,1789349648.693,0.1026,3052,3,0,135886544.0,594347855.0,2
CONT_s14_bola_ElephantsDream,1789349648.795,0.1025,0,0,0,0,0,0
CONT_s14_bola_ElephantsDream,1789349648.898,0.1024,3052,3,0,135893240.7,594189148.0,2
CONT_s14_bola_ElephantsDream,1789349649.0,0.1025,0,0,0,0,0,0
CONT_s14_bola_ElephantsDream,1789349649.103,0.1025,3052,3,0,135905939.7,594479297.3,2
CONT_s14_bola_ElephantsDream,1789349649.205,0.1026,0,0,0,0,0,0
CONT_s14_bola_ElephantsDream,1789349649.308,0.1025,3052,3,0,135902668.3,594576003.6,2
CONT_s14_bola_ElephantsDream,1789349649.41,0.1025,0,0,0,0,0,0
CONT_s14_bola_ElephantsDream,1789349649.513,0.1025,3052,3,0,135887926.3,594767685.7,2
CONT_s14_bola_ElephantsDream,1789349649.616,0.1025,0,0,0,0,0,0
CONT_s14_bola_ElephantsDream,1789349649.718,0.1026,3052,3,0,135864134.7,594117447.9,2
CONT_s14_bola_ElephantsDream,1789349649.821,0.1026,0,0,0,0,0,0
CONT_s14_bola_ElephantsDream,1789349649.923,0.1024,3052,3,0,135835214.0,594097937.6,2
CONT_s14_bola_ElephantsDream,1789349650.026,0.1025,0,0,0,0,0,0
CONT_s14_bola_ElephantsDream,1789349650.128,0.1025,3052,3,0,135798504.3,594383257.2,2
CONT_s14_bola_ElephantsDream,1789349650.231,0.1033,0,0,0,0,0,0
CONT_s14_bola_ElephantsDream,1789349650.334,0.1026,3800,5,0,120245376.8,359221570.6,2
CONT_s14_bola_ElephantsDream,1789349650.436,0.1025,1787,2,0,100566586.5,64272570.8,2
CONT_s14_bola_ElephantsDream,1789349650.539,0.1025,0,0,0,0,0,0
CONT_s14_bola_ElephantsDream,1789349650.641,0.1026,3052,3,0,127763104.3,194719609.0,2
CONT_s14_bola_ElephantsDream,1789349650.745,0.1035,0,0,0,0,0,0
CONT_s14_bola_ElephantsDream,1789349650.848,0.1026,3052,3,0,129130779.3,1104973.0,2
CONT_s14_bola_ElephantsDream,1789349650.95,0.1024,0,0,0,0,0,0
CONT_s14_bola_ElephantsDream,1789349651.053,0.1025,3052,3,0,130256885.7,681568.0,2
CONT_s14_bola_ElephantsDream,1789349651.155,0.1026,0,0,0,0,0,0
CONT_s14_bola_ElephantsDream,1789349651.258,0.1026,3052,3,0,131213760.3,594440000.2,2
CONT_s14_bola_ElephantsDream,1789349651.36,0.1025,0,0,0,0,0,0
CONT_s14_bola_ElephantsDream,1789349651.463,0.1025,3052,3,0,132020629.3,594215425.3,2
CONT_s14_bola_ElephantsDream,1789349651.565,0.1025,0,0,0,0,0,0
CONT_s14_bola_ElephantsDream,1789349651.668,0.1025,3052,3,0,132707492.3,594651542.1,2
CONT_s14_bola_ElephantsDream,1789349651.771,0.1029,0,0,0,0,0,0
CONT_s14_bola_ElephantsDream,1789349651.873,0.1025,3052,3,0,133284814.7,594606339.7,2
CONT_s14_bola_ElephantsDream,1789349651.976,0.1025,0,0,0,0,0,0
CONT_s14_bola_ElephantsDream,1789349652.078,0.1025,3052,3,0,133772473.0,594589164.3,2
CONT_s14_bola_ElephantsDream,1789349652.181,0.1026,2345,4,0,105306584.0,416008871.3,2
CONT_s14_bola_ElephantsDream,1789349652.283,0.1026,0,0,0,0,0,0
CONT_s14_bola_ElephantsDream,1789349652.386,0.1024,3052,3,0,136638436.7,194609422.0,2
CONT_s14_bola_ElephantsDream,1789349652.488,0.1025,0,0,0,0,0,0
CONT_s14_bola_ElephantsDream,1789349652.591,0.1025,3052,3,0,137180207.3,662310.0,2
CONT_s14_bola_ElephantsDream,1789349652.693,0.1026,0,0,0,0,0,0
CONT_s14_bola_ElephantsDream,1789349652.796,0.1026,3052,3,0,137539751.0,610717.0,2
CONT_s14_bola_ElephantsDream,1789349652.898,0.1025,0,0,0,0,0,0
CONT_s14_bola_ElephantsDream,1789349653.001,0.1024,3052,3,0,137823412.3,594805915.0,2
CONT_s14_bola_ElephantsDream,1789349653.103,0.1026,0,0,0,0,0,0
CONT_s14_bola_ElephantsDream,1789349653.206,0.1028,3052,3,0,138030055.7,594604604.2,2
CONT_s14_bola_ElephantsDream,1789349653.309,0.1027,0,0,0,0,0,0
CONT_s14_bola_ElephantsDream,1789349653.411,0.1024,3052,3,0,138182003.3,594694803.0,2
CONT_s14_bola_ElephantsDream,1789349653.514,0.1026,0,0,0,0,0,0
CONT_s14_bola_ElephantsDream,1789349653.616,0.1025,3052,3,0,138284459.0,594297166.2,2
CONT_s14_bola_ElephantsDream,1789349653.719,0.1026,0,0,0,0,0,0
CONT_s14_bola_ElephantsDream,1789349653.822,0.1026,3052,3,0,138331739.3,594229666.4,2
CONT_s14_bola_ElephantsDream,1789349653.924,0.1024,2272,4,0,109721151.5,408800266.7,2
CONT_s14_bola_ElephantsDream,1789349654.027,0.1025,0,0,0,0,0,0
CONT_s14_bola_ElephantsDream,1789349654.13,0.1038,3052,3,0,139963390.7,195055457.2,2
CONT_s14_bola_ElephantsDream,1789349654.233,0.103,0,0,0,0,0,0
CONT_s14_bola_ElephantsDream,1789349654.336,0.1026,3052,3,0,140212306.3,927937.0,2
CONT_s14_bola_ElephantsDream,1789349654.438,0.1024,0,0,0,0,0,0
CONT_s14_bola_ElephantsDream,1789349654.541,0.1024,3052,3,0,140324242.3,1177194.0,2
CONT_s14_bola_ElephantsDream,1789349654.643,0.1026,0,0,0,0,0,0
CONT_s14_bola_ElephantsDream,1789349654.747,0.1037,3052,3,0,140388441.3,594596503.4,2
CONT_s14_bola_ElephantsDream,1789349654.85,0.1027,0,0,0,0,0,0
CONT_s14_bola_ElephantsDream,1789349654.952,0.1025,3052,3,0,140401576.0,594378008.5,2
CONT_s14_bola_ElephantsDream,1789349655.055,0.1025,0,0,0,0,0,0
CONT_s14_bola_ElephantsDream,1789349655.157,0.1026,3052,3,0,140358540.7,594116710.1,2
CONT_s14_bola_ElephantsDream,1789349655.26,0.1026,0,0,0,0,0,0
CONT_s14_bola_ElephantsDream,1789349655.362,0.1025,3052,3,0,140275553.0,594792844.4,2
CONT_s14_bola_ElephantsDream,1789349655.465,0.1026,0,0,0,0,0,0
CONT_s14_bola_ElephantsDream,1789349655.567,0.1025,3052,3,0,140163556.7,594496275.6,2
CONT_s14_bola_ElephantsDream,1789349655.67,0.1025,2332,4,0,112054693.5,414703367.9,2
CONT_s14_bola_ElephantsDream,1789349655.772,0.1026,0,0,0,0,0,0
CONT_s14_bola_ElephantsDream,1789349655.875,0.1024,3052,3,0,141699251.0,194440386.3,2
CONT_s14_bola_ElephantsDream,1789349655.977,0.1025,0,0,0,0,0,0
CONT_s14_bola_ElephantsDream,1789349656.08,0.1025,3052,3,0,141819551.3,913160.0,2
CONT_s14_bola_ElephantsDream,1789349656.182,0.1025,0,0,0,0,0,0
CONT_s14_bola_ElephantsDream,1789349656.285,0.1026,3052,3,0,141809656.7,533866.0,2
CONT_s14_bola_ElephantsDream,1789349656.387,0.1025,0,0,0,0,0,0
CONT_s14_bola_ElephantsDream,1789349656.49,0.1025,3052,3,0,141740905.0,594730639.8,2
CONT_s14_bola_ElephantsDream,1789349656.592,0.1025,0,0,0,0,0,0
CONT_s14_bola_ElephantsDream,1789349656.695,0.1026,3052,3,0,141635235.3,594428470.2,2
CONT_s14_bola_ElephantsDream,1789349656.798,0.1025,0,0,0,0,0,0
CONT_s14_bola_ElephantsDream,1789349656.9,0.1026,3052,3,0,141496768.7,594771658.1,2
CONT_s14_bola_ElephantsDream,1789349657.003,0.1025,0,0,0,0,0,0
CONT_s14_bola_ElephantsDream,1789349657.105,0.1025,3052,3,0,141320919.3,594783629.2,2
CONT_s14_bola_ElephantsDream,1789349657.208,0.1027,0,0,0,0,0,0
CONT_s14_bola_ElephantsDream,1789349657.31,0.1025,3806,5,0,126355230.8,415838656.6,2
CONT_s14_bola_ElephantsDream,1789349657.413,0.1024,0,0,0,0,0,0
CONT_s14_bola_ElephantsDream,1789349657.515,0.1024,0,0,0,0,0,0
CONT_s14_bola_ElephantsDream,1789349657.618,0.1024,0,0,0,0,0,0
CONT_s14_bola_ElephantsDream,1789349657.72,0.1026,0,0,0,0,0,0
CONT_s14_bola_ElephantsDream,1789349657.823,0.1025,0,0,0,0,0,0
CONT_s14_bola_ElephantsDream,1789349657.925,0.1024,0,0,0,0,0,0
CONT_s14_bola_ElephantsDream,1789349658.028,0.1024,0,0,0,0,0,0
CONT_s14_bola_ElephantsDream,1789349658.132,0.1048,0,0,0,0,0,0
CONT_s14_bola_ElephantsDream,1789349658.235,0.1027,0,0,0,0,0,0
CONT_s14_bola_ElephantsDream,1789349658.337,0.1025,0,0,0,0,0,0
CONT_s14_bola_ElephantsDream,1789349658.44,0.1024,0,0,0,0,0,0
CONT_s14_bola_ElephantsDream,1789349658.542,0.1024,0,0,0,0,0,0
CONT_s14_bola_ElephantsDream,1789349658.645,0.1026,0,0,0,0,0,0
CONT_s14_bola_ElephantsDream,1789349658.749,0.1041,0,0,0,0,0,0
CONT_s14_bola_ElephantsDream,1789349658.852,0.1026,14291,12,0,214275437.0,659393.1,2
CONT_s14_bola_ElephantsDream,1789349658.954,0.1025,3052,3,0,197207671.7,655161.0,2
CONT_s14_bola_ElephantsDream,1789349659.057,0.1025,1552,2,0,187641178.5,98639379.2,2
CONT_s14_bola_ElephantsDream,1789349659.159,0.1026,1552,2,0,177728903.5,44907929.0,2
CONT_s14_bola_ElephantsDream,1789349659.262,0.1025,1552,2,0,167094031.5,53138473.0,2
CONT_s14_bola_ElephantsDream,1789349659.364,0.1025,0,0,0,0,0,0
CONT_s14_bola_ElephantsDream,1789349659.467,0.1024,0,0,0,0,0,0
CONT_s14_bola_ElephantsDream,1789349659.569,0.1024,0,0,0,0,0,0
CONT_s14_bola_ElephantsDream,1789349659.672,0.1026,0,0,0,0,0,0
CONT_s14_bola_ElephantsDream,1789349659.774,0.1026,0,0,0,0,0,0
CONT_s14_bola_ElephantsDream,1789349659.877,0.1023,9052,7,0,170946703.4,751363402.7,2
CONT_s14_bola_ElephantsDream,1789349659.979,0.1024,0,0,0,0,0,0
CONT_s14_bola_ElephantsDream,1789349660.081,0.1024,3052,3,0,178901877.7,741501183.6,2
CONT_s14_bola_ElephantsDream,1789349660.184,0.1026,1564,2,1,176527877.5,0,2
CONT_s14_bola_ElephantsDream,1789349660.287,0.1025,3000,2,0,167064333.0,503233124.0,1
CONT_s14_bola_ElephantsDream,1789349660.389,0.1024,52,1,0,178894817.0,1274934.0,1
CONT_s14_bola_ElephantsDream,1789349660.491,0.1025,0,0,0,0,0,0
CONT_s14_bola_ElephantsDream,1789349660.594,0.1026,4552,4,0,172515414.0,772216.0,2
CONT_s14_bola_ElephantsDream,1789349660.697,0.1028,0,0,0,0,0,0
CONT_s14_bola_ElephantsDream,1789349660.799,0.1026,0,0,0,0,0,0
CONT_s14_bola_ElephantsDream,1789349660.902,0.1024,4552,4,0,172872108.8,897143762.0,2
CONT_s14_bola_ElephantsDream,1789349661.004,0.1025,0,0,0,0,0,0
CONT_s14_bola_ElephantsDream,1789349661.107,0.1025,3052,3,0,172573753.3,792463425.9,2
CONT_s14_bola_ElephantsDream,1789349661.21,0.1028,0,0,0,0,0,0
CONT_s14_bola_ElephantsDream,1789349661.312,0.1026,0,0,0,0,0,0
CONT_s14_bola_ElephantsDream,1789349661.415,0.1024,4228,5,0,169119653.2,666481168.9,2
CONT_s14_bola_ElephantsDream,1789349661.517,0.1025,0,0,0,0,0,0
CONT_s14_bola_ElephantsDream,1789349661.62,0.1025,0,0,0,0,0,0
CONT_s14_bola_ElephantsDream,1789349661.722,0.1026,0,0,0,0,0,0
CONT_s14_bola_ElephantsDream,1789349661.825,0.1025,6052,5,0,177967771.4,396638502.4,2
CONT_s14_bola_ElephantsDream,1789349661.927,0.1025,0,0,0,0,0,0
CONT_s14_bola_ElephantsDream,1789349662.03,0.1028,0,0,0,0,0,0
CONT_s14_bola_ElephantsDream,1789349662.134,0.1039,0,0,0,0,0,0
CONT_s14_bola_ElephantsDream,1789349662.236,0.1025,6052,5,0,177610341.6,742235.0,2
CONT_s14_bola_ElephantsDream,1789349662.339,0.1025,0,0,0,0,0,0
CONT_s14_bola_ElephantsDream,1789349662.441,0.1024,0,0,0,0,0,0
CONT_s14_bola_ElephantsDream,1789349662.544,0.1025,0,0,0,0,0,0
CONT_s14_bola_ElephantsDream,1789349662.646,0.1026,6052,5,0,176947476.8,799853783.5,2
CONT_s14_bola_ElephantsDream,1789349662.75,0.1039,0,0,0,0,0,0
CONT_s14_bola_ElephantsDream,1789349662.853,0.1024,0,0,0,0,0,0
CONT_s14_bola_ElephantsDream,1789349662.955,0.1026,0,0,0,0,0,0
CONT_s14_bola_ElephantsDream,1789349663.058,0.1024,6052,5,0,176096639.0,799782888.0,2
CONT_s14_bola_ElephantsDream,1789349663.161,0.1027,0,0,0,0,0,0
CONT_s14_bola_ElephantsDream,1789349663.263,0.1025,0,0,0,0,0,0
CONT_s14_bola_ElephantsDream,1789349663.365,0.1024,6052,5,0,175135289.2,799884958.7,2
CONT_s14_bola_ElephantsDream,1789349663.468,0.1025,0,0,0,0,0,0
CONT_s14_bola_ElephantsDream,1789349663.57,0.1024,0,0,0,0,0,0
CONT_s14_bola_ElephantsDream,1789349663.673,0.1026,0,0,0,0,0,0
CONT_s14_bola_ElephantsDream,1789349663.776,0.1026,6052,5,0,174103072.0,799926598.0,2
CONT_s14_bola_ElephantsDream,1789349663.878,0.1024,0,0,0,0,0,0
CONT_s14_bola_ElephantsDream,1789349663.981,0.1026,0,0,0,0,0,0
CONT_s14_bola_ElephantsDream,1789349664.083,0.1024,0,0,0,0,0,0
CONT_s14_bola_ElephantsDream,1789349664.185,0.1025,6052,5,0,173026530.6,799310400.2,2
CONT_s14_bola_ElephantsDream,1789349664.288,0.1026,0,0,0,0,0,0
CONT_s14_bola_ElephantsDream,1789349664.39,0.1024,0,0,0,0,0,0
CONT_s14_bola_ElephantsDream,1789349664.493,0.1024,5160,7,0,152755541.0,453852671.3,2
CONT_s14_bola_ElephantsDream,1789349664.595,0.1024,0,0,0,0,0,0
CONT_s14_bola_ElephantsDream,1789349664.698,0.1025,0,0,0,0,0,0
CONT_s14_bola_ElephantsDream,1789349664.8,0.1025,0,0,0,0,0,0
CONT_s14_bola_ElephantsDream,1789349664.903,0.1024,6052,5,0,170989396.0,396614877.9,2
CONT_s14_bola_ElephantsDream,1789349665.005,0.1025,0,0,0,0,0,0
CONT_s14_bola_ElephantsDream,1789349665.108,0.1024,0,0,0,0,0,0
CONT_s14_bola_ElephantsDream,1789349665.21,0.1026,0,0,0,0,0,0
CONT_s14_bola_ElephantsDream,1789349665.313,0.1026,6052,5,0,171038970.8,875437.0,2
CONT_s14_bola_ElephantsDream,1789349665.415,0.1024,0,0,0,0,0,0
CONT_s14_bola_ElephantsDream,1789349665.518,0.1025,0,0,0,0,0,0
CONT_s14_bola_ElephantsDream,1789349665.62,0.1025,0,0,0,0,0,0
CONT_s14_bola_ElephantsDream,1789349665.723,0.1026,6052,5,0,170766686.2,799615864.3,2
CONT_s14_bola_ElephantsDream,1789349665.825,0.1026,0,0,0,0,0,0
CONT_s14_bola_ElephantsDream,1789349665.928,0.1025,0,0,0,0,0,0
CONT_s14_bola_ElephantsDream,1789349666.03,0.1024,0,0,0,0,0,0
CONT_s14_bola_ElephantsDream,1789349666.134,0.1036,6052,5,0,170293762.6,799663067.5,2
CONT_s14_bola_ElephantsDream,1789349666.236,0.1025,0,0,0,0,0,0
CONT_s14_bola_ElephantsDream,1789349666.339,0.1025,0,0,0,0,0,0
CONT_s14_bola_ElephantsDream,1789349666.441,0.1024,0,0,0,0,0,0
CONT_s14_bola_ElephantsDream,1789349666.544,0.1024,6052,5,0,169684856.2,799723968.5,2
CONT_s14_bola_ElephantsDream,1789349666.646,0.1026,0,0,0,0,0,0
CONT_s14_bola_ElephantsDream,1789349666.75,0.1034,0,0,0,0,0,0
CONT_s14_bola_ElephantsDream,1789349666.852,0.1025,0,0,0,0,0,0
CONT_s14_bola_ElephantsDream,1789349666.955,0.1025,6052,5,0,168969816.4,799211845.7,2
CONT_s14_bola_ElephantsDream,1789349667.057,0.1025,0,0,0,0,0,0
CONT_s14_bola_ElephantsDream,1789349667.16,0.1025,0,0,0,0,0,0
CONT_s14_bola_ElephantsDream,1789349667.262,0.1025,0,0,0,0,0,0
CONT_s14_bola_ElephantsDream,1789349667.365,0.1025,6052,5,0,168201326.8,799445176.9,2
CONT_s14_bola_ElephantsDream,1789349667.467,0.1025,0,0,0,0,0,0
CONT_s14_bola_ElephantsDream,1789349667.57,0.1025,0,0,0,0,0,0
CONT_s14_bola_ElephantsDream,1789349667.672,0.1026,4552,4,0,164770244.2,697571988.0,2
CONT_s14_bola_ElephantsDream,1789349667.775,0.1025,60,1,0,0.0,0,1
CONT_s14_bola_ElephantsDream,1789349667.878,0.1026,3845,8,0,74036026.8,6380956.1,4
CONT_s14_bola_ElephantsDream,1789349667.98,0.1027,0,0,0,0,0,0
CONT_s14_bola_ElephantsDream,1789349668.083,0.1027,0,0,0,0,0,0
CONT_s14_bola_ElephantsDream,1789349668.186,0.1026,0,0,0,0,0,0
CONT_s14_bola_ElephantsDream,1789349668.288,0.1027,0,0,0,0,0,0
CONT_s14_bola_ElephantsDream,1789349668.391,0.1025,0,0,0,0,0,0
CONT_s14_bola_ElephantsDream,1789349668.494,0.1026,446,1,1,132926262.0,0,1
CONT_s14_bola_ElephantsDream,1789349668.596,0.1027,10552,8,0,180124844.1,708937133.8,2
CONT_s14_bola_ElephantsDream,1789349668.699,0.1028,0,0,0,0,0,0
CONT_s14_bola_ElephantsDream,1789349668.802,0.1028,3052,3,0,93859205.3,909148914.0,2
CONT_s14_bola_ElephantsDream,1789349668.904,0.1026,0,0,0,0,0,0
CONT_s14_bola_ElephantsDream,1789349669.007,0.1027,0,0,0,0,0,0
CONT_s14_bola_ElephantsDream,1789349669.11,0.1026,0,0,0,0,0,0
CONT_s14_bola_ElephantsDream,1789349669.212,0.1027,6052,5,0,200615160.0,599460993.8,2
CONT_s14_bola_ElephantsDream,1789349669.315,0.1027,0,0,0,0,0,0
CONT_s14_bola_ElephantsDream,1789349669.418,0.1026,0,0,0,0,0,0
CONT_s14_bola_ElephantsDream,1789349669.52,0.1027,4552,4,0,199728186.0,706494.0,2
CONT_s14_bola_ElephantsDream,1789349669.623,0.1027,1564,2,1,109067840.0,0,2
CONT_s14_bola_ElephantsDream,1789349669.726,0.1028,1552,2,0,144937384.0,878871748.2,2
CONT_s14_bola_ElephantsDream,1789349669.829,0.1027,1552,2,0,137550115.5,41468013.0,2
CONT_s14_bola_ElephantsDream,1789349669.931,0.1026,0,0,0,0,0,0
CONT_s14_bola_ElephantsDream,1789349670.034,0.1026,0,0,0,0,0,0
CONT_s14_bola_ElephantsDream,1789349670.137,0.1029,0,0,0,0,0,0
CONT_s14_bola_ElephantsDream,1789349670.241,0.1039,6052,5,0,226332606.2,999889447.9,2
CONT_s14_bola_ElephantsDream,1789349670.343,0.1028,3000,2,0,229206049.0,0,1
CONT_s14_bola_ElephantsDream,1789349670.446,0.1026,1552,2,0,210895507.0,877270738.0,2
CONT_s14_bola_ElephantsDream,1789349670.549,0.1026,52,1,0,131631768.0,51797947.0,1
CONT_s14_bola_ElephantsDream,1789349670.651,0.1027,3052,3,0,200002181.7,945171669.3,2
CONT_s14_bola_ElephantsDream,1789349670.755,0.1034,0,0,0,0,0,0
CONT_s14_bola_ElephantsDream,1789349670.857,0.1026,0,0,0,0,0,0
CONT_s14_bola_ElephantsDream,1789349670.96,0.1026,4552,4,0,250781202.0,1495984168.7,2
CONT_s14_bola_ElephantsDream,1789349671.063,0.1027,0,0,0,0,0,0
CONT_s14_bola_ElephantsDream,1789349671.166,0.1028,0,0,0,0,0,0
CONT_s14_bola_ElephantsDream,1789349671.268,0.1027,4552,4,0,243683859.8,897098987.0,2
CONT_s14_bola_ElephantsDream,1789349671.371,0.1027,1500,1,0,250981873.0,856592326.0,1
CONT_s14_bola_ElephantsDream,1789349671.474,0.1027,1552,2,0,229816223.0,781041697.3,2
CONT_s14_bola_ElephantsDream,1789349671.576,0.1026,52,1,0,215156776.0,55376807.0,1
CONT_s14_bola_ElephantsDream,1789349671.679,0.1027,0,0,0,0,0,0
CONT_s14_bola_ElephantsDream,1789349671.782,0.1027,4552,4,0,253591806.2,797570285.9,2
CONT_s14_bola_ElephantsDream,1789349671.884,0.1025,0,0,0,0,0,0
CONT_s14_bola_ElephantsDream,1789349671.987,0.1027,0,0,0,0,0,0
CONT_s14_bola_ElephantsDream,1789349672.09,0.1027,0,0,0,0,0,0
CONT_s14_bola_ElephantsDream,1789349672.192,0.1026,6052,5,0,240297678.6,900080389.0,2
CONT_s14_bola_ElephantsDream,1789349672.295,0.103,1500,1,0,300225035.0,0,1
CONT_s14_bola_ElephantsDream,1789349672.398,0.1025,1552,2,0,285074806.0,930543199.6,2
CONT_s14_bola_ElephantsDream,1789349672.5,0.1027,1848,3,0,245480185.0,510098025.1,3
CONT_s14_bola_ElephantsDream,1789349672.603,0.1027,1552,2,0,285297193.5,244416710.6,2
CONT_s14_bola_ElephantsDream,1789349672.706,0.1028,1552,2,0,267191514.0,240275914.5,2
CONT_s14_bola_ElephantsDream,1789349672.809,0.1027,52,1,0,248231388.0,53389323.0,1
CONT_s14_bola_ElephantsDream,1789349672.911,0.1026,0,0,0,0,0,0
CONT_s14_bola_ElephantsDream,1789349673.014,0.1027,0,0,0,0,0,0
CONT_s14_bola_ElephantsDream,1789349673.117,0.1027,6052,5,0,217063874.0,404969669.0,2
CONT_s14_bola_ElephantsDream,1789349673.219,0.1028,0,0,0,0,0,0
CONT_s14_bola_ElephantsDream,1789349673.322,0.1027,0,0,0,0,0,0
CONT_s14_bola_ElephantsDream,1789349673.425,0.1026,0,0,0,0,0,0
CONT_s14_bola_ElephantsDream,1789349673.527,0.1026,6052,5,0,211946286.4,738475.0,2
CONT_s14_bola_ElephantsDream,1789349673.632,0.105,1552,2,0,305909377.0,937493323.9,2
CONT_s14_bola_ElephantsDream,1789349673.735,0.1027,1552,2,0,337034313.5,929958205.6,2
CONT_s14_bola_ElephantsDream,1789349673.838,0.1027,0,0,0,0,0,0
CONT_s14_bola_ElephantsDream,1789349673.94,0.1027,0,0,0,0,0,0
CONT_s14_bola_ElephantsDream,1789349674.043,0.1027,0,0,0,0,0,0
CONT_s14_bola_ElephantsDream,1789349674.146,0.1028,6052,5,0,225128015.0,999485013.0,2
CONT_s14_bola_ElephantsDream,1789349674.25,0.1041,0,0,0,0,0,0
CONT_s14_bola_ElephantsDream,1789349674.352,0.1026,0,0,0,0,0,0
CONT_s14_bola_ElephantsDream,1789349674.455,0.1028,5728,5,0,216511460.2,978035572.1,2
CONT_s14_bola_ElephantsDream,1789349674.558,0.1027,1947,2,0,308401907.0,0,2
CONT_s14_bola_ElephantsDream,1789349674.661,0.1028,1552,2,0,377260782.5,1009982357.2,2
CONT_s14_bola_ElephantsDream,1789349674.763,0.1027,52,1,0,371421922.0,42750484.0,1
CONT_s14_bola_ElephantsDream,1789349674.866,0.1026,0,0,0,0,0,0
CONT_s14_bola_ElephantsDream,1789349674.969,0.1027,0,0,0,0,0,0
CONT_s14_bola_ElephantsDream,1789349675.071,0.1026,6052,5,0,235474118.2,597754985.8,2
CONT_s14_bola_ElephantsDream,1789349675.174,0.1028,0,0,0,0,0,0
CONT_s14_bola_ElephantsDream,1789349675.277,0.1027,0,0,0,0,0,0
CONT_s14_bola_ElephantsDream,1789349675.379,0.1026,0,0,0,0,0,0
CONT_s14_bola_ElephantsDream,1789349675.482,0.1026,6052,5,0,227144196.0,625069.0,2
CONT_s14_bola_ElephantsDream,1789349675.585,0.1027,1500,1,0,435918416.0,1842731777.0,1
CONT_s14_bola_ElephantsDream,1789349675.688,0.1027,1552,2,0,429176660.5,1025009077.4,2
CONT_s14_bola_ElephantsDream,1789349675.79,0.1027,52,1,0,424116470.0,52868919.0,1
CONT_s14_bola_ElephantsDream,1789349675.893,0.1026,0,0,0,0,0,0
CONT_s14_bola_ElephantsDream,1789349675.995,0.1026,0,0,0,0,0,0
CONT_s14_bola_ElephantsDream,1789349676.098,0.1026,6052,5,0,237811874.2,1000158858.6,2
CONT_s14_bola_ElephantsDream,1789349676.201,0.103,0,0,0,0,0,0
CONT_s14_bola_ElephantsDream,1789349676.304,0.1027,0,0,0,0,0,0
CONT_s14_bola_ElephantsDream,1789349676.406,0.1026,0,0,0,0,0,0
CONT_s14_bola_ElephantsDream,1789349676.509,0.1027,6052,5,0,228766957.2,1000048874.2,2
CONT_s14_bola_ElephantsDream,1789349676.612,0.1027,1500,1,0,480910566.0,1874988476.0,1
CONT_s14_bola_ElephantsDream,1789349676.715,0.1028,1552,2,0,474327953.5,926118935.3,2
CONT_s14_bola_ElephantsDream,1789349676.817,0.1028,1588,3,0,311741983.3,467700202.8,3
CONT_s14_bola_ElephantsDream,1789349676.92,0.1026,1552,2,0,460072607.5,218286034.7,2
CONT_s14_bola_ElephantsDream,1789349677.023,0.1026,1552,2,0,437069230.5,223345291.6,2
CONT_s14_bola_ElephantsDream,1789349677.125,0.1027,0,0,0,0,0,0
CONT_s14_bola_ElephantsDream,1789349677.228,0.1028,0,0,0,0,0,0
CONT_s14_bola_ElephantsDream,1789349677.331,0.1027,52,1,0,415794454.0,0,1
CONT_s14_bola_ElephantsDream,1789349677.433,0.1026,6052,5,0,229619356.4,596533061.5,2
CONT_s14_bola_ElephantsDream,1789349677.536,0.1026,0,0,0,0,0,0
CONT_s14_bola_ElephantsDream,1789349677.639,0.103,0,0,0,0,0,0
CONT_s14_bola_ElephantsDream,1789349677.744,0.1045,0,0,0,0,0,0
CONT_s14_bola_ElephantsDream,1789349677.846,0.1028,6052,5,0,222234693.6,765882.0,2
CONT_s14_bola_ElephantsDream,1789349677.949,0.1026,1540,2,0,437735942.0,968303115.0,2
CONT_s14_bola_ElephantsDream,1789349678.052,0.1027,1616,3,0,438893305.0,843471961.0,1
CONT_s14_bola_ElephantsDream,1789349678.154,0.1027,0,0,0,0,0,0
CONT_s14_bola_ElephantsDream,1789349678.257,0.1028,0,0,0,0,0,0
CONT_s14_bola_ElephantsDream,1789349678.36,0.1029,0,0,0,0,0,0
CONT_s14_bola_ElephantsDream,1789349678.463,0.1027,6104,6,0,592303687.2,1009579877.2,3
CONT_s14_bola_ElephantsDream,1789349678.565,0.1027,0,0,0,0,0,0
CONT_s14_bola_ElephantsDream,1789349678.668,0.1027,0,0,0,0,0,0
CONT_s14_bola_ElephantsDream,1789349678.771,0.1027,0,0,0,0,0,0
CONT_s14_bola_ElephantsDream,1789349678.873,0.1027,6052,5,0,226096964.2,1009420020.5,2
CONT_s14_bola_ElephantsDream,1789349678.976,0.1026,3235,12,0,496812363.7,155896235.4,7
CONT_s14_bola_ElephantsDream,1789349679.079,0.1029,0,0,0,0,0,0
CONT_s14_bola_ElephantsDream,1789349679.182,0.103,3052,3,0,20553578.7,566828.0,2
CONT_s14_bola_ElephantsDream,1789349679.285,0.103,0,0,0,0,0,0
CONT_s14_bola_ElephantsDream,1789349679.388,0.1028,3052,3,0,34680122.3,908030.0,2
CONT_s14_bola_ElephantsDream,1789349679.491,0.1028,0,0,0,0,0,0
CONT_s14_bola_ElephantsDream,1789349679.593,0.1029,3052,3,0,47033736.7,701235.0,2
CONT_s14_bola_ElephantsDream,1789349679.696,0.1031,1564,2,1,42154866.0,504073803.0,2
CONT_s14_bola_ElephantsDream,1789349679.799,0.1029,0,0,0,0,0,0
CONT_s14_bola_ElephantsDream,1789349679.902,0.1027,3052,3,0,59089879.3,495174401.8,2
CONT_s14_bola_ElephantsDream,1789349680.005,0.1029,0,0,0,0,0,0
CONT_s14_bola_ElephantsDream,1789349680.108,0.1029,3052,3,0,68673077.7,616440.0,2
CONT_s14_bola_ElephantsDream,1789349680.211,0.103,0,0,0,0,0,0
CONT_s14_bola_ElephantsDream,1789349680.314,0.1029,3052,3,0,77066001.0,594543580.8,2
CONT_s14_bola_ElephantsDream,1789349680.417,0.1028,0,0,0,0,0,0
CONT_s14_bola_ElephantsDream,1789349680.519,0.1028,3052,3,0,84436902.7,594602009.2,2
CONT_s14_bola_ElephantsDream,1789349680.622,0.1029,0,0,0,0,0,0
CONT_s14_bola_ElephantsDream,1789349680.725,0.103,3052,3,0,90897071.0,594708940.8,2
CONT_s14_bola_ElephantsDream,1789349680.828,0.1029,1201,2,0,72599770.0,462373530.8,2
CONT_s14_bola_ElephantsDream,1789349680.931,0.1027,0,0,0,0,0,0
CONT_s14_bola_ElephantsDream,1789349681.034,0.1029,0,0,0,0,0,0
CONT_s14_bola_ElephantsDream,1789349681.137,0.1037,0,0,0,0,0,0
CONT_s14_bola_ElephantsDream,1789349681.242,0.1043,0,0,0,0,0,0
CONT_s14_bola_ElephantsDream,1789349681.345,0.1031,0,0,0,0,0,0
CONT_s14_bola_ElephantsDream,1789349681.448,0.1029,0,0,0,0,0,0
CONT_s14_bola_ElephantsDream,1789349681.55,0.1028,0,0,0,0,0,0
CONT_s14_bola_ElephantsDream,1789349681.653,0.1029,0,0,0,0,0,0
CONT_s14_bola_ElephantsDream,1789349681.756,0.1031,0,0,0,0,0,0
CONT_s14_bola_ElephantsDream,1789349681.859,0.1027,0,0,0,0,0,0
CONT_s14_bola_ElephantsDream,1789349681.962,0.1028,0,0,0,0,0,0
CONT_s14_bola_ElephantsDream,1789349682.065,0.1028,0,0,0,0,0,0
CONT_s14_bola_ElephantsDream,1789349682.168,0.1028,0,0,0,0,0,0
CONT_s14_bola_ElephantsDream,1789349682.27,0.1029,0,0,0,0,0,0
CONT_s14_bola_ElephantsDream,1789349682.373,0.1028,0,0,0,0,0,0
CONT_s14_bola_ElephantsDream,1789349682.476,0.1028,0,0,0,0,0,0
CONT_s14_bola_ElephantsDream,1789349682.579,0.1031,0,0,0,0,0,0
CONT_s14_bola_ElephantsDream,1789349682.682,0.103,0,0,0,0,0,0
CONT_s14_bola_ElephantsDream,1789349682.785,0.1029,0,0,0,0,0,0
CONT_s14_bola_ElephantsDream,1789349682.888,0.1028,15499,12,0,217856867.8,600498.0,2
CONT_s14_bola_ElephantsDream,1789349682.991,0.1028,0,0,0,0,0,0
CONT_s14_bola_ElephantsDream,1789349683.093,0.1028,0,0,0,0,0,0
CONT_s14_bola_ElephantsDream,1789349683.196,0.1029,0,0,0,0,0,0
CONT_s14_bola_ElephantsDream,1789349683.299,0.1029,0,0,0,0,0,0
CONT_s14_bola_ElephantsDream,1789349683.402,0.1027,0,0,0,0,0,0
CONT_s14_bola_ElephantsDream,1789349683.505,0.1028,10198,8,0,203551432.8,664418013.7,2
CONT_s14_bola_ElephantsDream,1789349683.608,0.1029,0,0,0,0,0,0
CONT_s14_bola_ElephantsDream,1789349683.71,0.1028,0,0,0,0,0,0
CONT_s14_bola_ElephantsDream,1789349683.813,0.1029,0,0,0,0,0,0
CONT_s14_bola_ElephantsDream,1789349683.916,0.1027,0,0,0,0,0,0
CONT_s14_bola_ElephantsDream,1789349684.019,0.1028,0,0,0,0,0,0
CONT_s14_bola_ElephantsDream,1789349684.122,0.1028,0,0,0,0,0,0
CONT_s14_bola_ElephantsDream,1789349684.225,0.103,0,0,0,0,0,0
CONT_s14_bola_ElephantsDream,1789349684.328,0.1029,0,0,0,0,0,0
CONT_s14_bola_ElephantsDream,1789349684.43,0.1028,0,0,0,0,0,0
CONT_s14_bola_ElephantsDream,1789349684.533,0.1028,0,0,0,0,0,0
CONT_s14_bola_ElephantsDream,1789349684.636,0.1031,0,0,0,0,0,0
CONT_s14_bola_ElephantsDream,1789349684.742,0.1057,0,0,0,0,0,0
CONT_s14_bola_ElephantsDream,1789349684.845,0.103,0,0,0,0,0,0
CONT_s14_bola_ElephantsDream,1789349684.948,0.1028,0,0,0,0,0,0
CONT_s14_bola_ElephantsDream,1789349685.051,0.1028,0,0,0,0,0,0
CONT_s14_bola_ElephantsDream,1789349685.154,0.103,0,0,0,0,0,0
CONT_s14_bola_ElephantsDream,1789349685.256,0.1029,0,0,0,0,0,0
CONT_s14_bola_ElephantsDream,1789349685.36,0.1033,0,0,0,0,0,0
CONT_s14_bola_ElephantsDream,1789349685.463,0.1029,0,0,0,0,0,0
CONT_s14_bola_ElephantsDream,1789349685.565,0.1028,0,0,0,0,0,0
CONT_s14_bola_ElephantsDream,1789349685.668,0.1028,0,0,0,0,0,0
CONT_s14_bola_ElephantsDream,1789349685.771,0.1029,0,0,0,0,0,0
CONT_s14_bola_ElephantsDream,1789349685.874,0.1028,0,0,0,0,0,0
CONT_s14_bola_ElephantsDream,1789349685.977,0.1028,0,0,0,0,0,0
CONT_s14_bola_ElephantsDream,1789349686.08,0.1028,0,0,0,0,0,0
CONT_s14_bola_ElephantsDream,1789349686.183,0.1029,0,0,0,0,0,0
CONT_s14_bola_ElephantsDream,1789349686.285,0.1029,0,0,0,0,0,0
CONT_s14_bola_ElephantsDream,1789349686.388,0.1028,0,0,0,0,0,0
CONT_s14_bola_ElephantsDream,1789349686.491,0.1028,0,0,0,0,0,0
CONT_s14_bola_ElephantsDream,1789349686.594,0.1029,15499,12,0,364517314.2,2244465.6,2
CONT_s14_bola_ElephantsDream,1789349686.697,0.103,0,0,0,0,0,0
CONT_s14_bola_ElephantsDream,1789349686.8,0.1029,0,0,0,0,0,0
CONT_s14_bola_ElephantsDream,1789349686.902,0.1027,0,0,0,0,0,0
CONT_s14_bola_ElephantsDream,1789349687.005,0.1028,0,0,0,0,0,0
CONT_s14_bola_ElephantsDream,1789349687.108,0.1029,0,0,0,0,0,0
CONT_s14_bola_ElephantsDream,1789349687.211,0.1028,0,0,0,0,0,0
CONT_s14_bola_ElephantsDream,1789349687.314,0.1029,11035,9,0,288906047.9,720610993.9,2
CONT_s14_bola_ElephantsDream,1789349687.417,0.1028,0,0,0,0,0,0
CONT_s14_bola_ElephantsDream,1789349687.52,0.1028,0,0,0,0,0,0
CONT_s14_bola_ElephantsDream,1789349687.622,0.1029,445,5,0,21580.8,400336.0,2
CONT_s14_bola_ElephantsDream,1789349687.726,0.1032,0,0,0,0,0,0
CONT_s14_bola_ElephantsDream,1789349687.829,0.1031,7552,6,0,13782446.7,618162.0,2
CONT_s14_bola_ElephantsDream,1789349687.932,0.1029,0,0,0,0,0,0
CONT_s14_bola_ElephantsDream,1789349688.035,0.103,0,0,0,0,0,0
CONT_s14_bola_ElephantsDream,1789349688.138,0.1034,0,0,0,0,0,0
CONT_s14_bola_ElephantsDream,1789349688.244,0.1065,0,0,0,0,0,0
CONT_s14_bola_ElephantsDream,1789349688.348,0.1032,7552,6,0,55984227.0,539607.0,2
CONT_s14_bola_ElephantsDream,1789349688.451,0.103,0,0,0,0,0,0
CONT_s14_bola_ElephantsDream,1789349688.553,0.1029,3052,3,0,68005819.7,693904399.2,2
CONT_s14_bola_ElephantsDream,1789349688.657,0.1037,1564,2,1,65387834.5,0,2
CONT_s14_bola_ElephantsDream,1789349688.76,0.1031,0,0,0,0,0,0
CONT_s14_bola_ElephantsDream,1789349688.863,0.1031,0,0,0,0,0,0
CONT_s14_bola_ElephantsDream,1789349688.966,0.1031,4552,4,0,85922866.2,598140917.9,2
CONT_s14_bola_ElephantsDream,1789349689.069,0.103,0,0,0,0,0,0
CONT_s14_bola_ElephantsDream,1789349689.172,0.103,0,0,0,0,0,0
CONT_s14_bola_ElephantsDream,1789349689.276,0.1031,4552,4,0,98304994.0,697414397.7,2
CONT_s14_bola_ElephantsDream,1789349689.379,0.1031,0,0,0,0,0,0
CONT_s14_bola_ElephantsDream,1789349689.482,0.103,4500,3,0,126730807.0,604935829.0,1
CONT_s14_bola_ElephantsDream,1789349689.585,0.103,52,1,0,53423200.0,625088.0,1
CONT_s14_bola_ElephantsDream,1789349689.688,0.1031,0,0,0,0,0,0
CONT_s14_bola_ElephantsDream,1789349689.791,0.1032,0,0,0,0,0,0
CONT_s14_bola_ElephantsDream,1789349689.894,0.103,6052,5,0,123966372.4,699943636.8,2
CONT_s14_bola_ElephantsDream,1789349689.997,0.103,0,0,0,0,0,0
CONT_s14_bola_ElephantsDream,1789349690.1,0.1034,0,0,0,0,0,0
CONT_s14_bola_ElephantsDream,1789349690.204,0.1034,0,0,0,0,0,0
CONT_s14_bola_ElephantsDream,1789349690.307,0.103,6052,5,0,132000129.2,799904197.0,2
CONT_s14_bola_ElephantsDream,1789349690.41,0.1029,0,0,0,0,0,0
CONT_s14_bola_ElephantsDream,1789349690.513,0.103,0,0,0,0,0,0
CONT_s14_bola_ElephantsDream,1789349690.616,0.1029,0,0,0,0,0,0
CONT_s14_bola_ElephantsDream,1789349690.719,0.1031,0,0,0,0,0,0
CONT_s14_bola_ElephantsDream,1789349690.822,0.103,7552,6,0,142869065.5,901433064.1,2
CONT_s14_bola_ElephantsDream,1789349690.925,0.1029,447,1,0,726105631.0,0,1
CONT_s14_bola_ElephantsDream,1789349691.028,0.103,0,0,0,0,0,0
CONT_s14_bola_ElephantsDream,1789349691.132,0.1044,4999,5,1,290944661.6,298427911.0,3
CONT_s14_bola_ElephantsDream,1789349691.235,0.103,0,0,0,0,0,0
CONT_s14_bola_ElephantsDream,1789349691.338,0.103,0,0,0,0,0,0
CONT_s14_bola_ElephantsDream,1789349691.441,0.1033,1067993,824,8,9701323.5,2770756.0,4
CONT_s14_bola_ElephantsDream,1789349691.545,0.1032,15104,12,0,6708465.7,232175.9,2
CONT_s14_bola_ElephantsDream,1789349691.648,0.103,1564,2,0,12912461.5,544811.0,2
CONT_s14_bola_ElephantsDream,1789349691.752,0.1045,3064,3,0,11980107.3,674846.0,2
CONT_s14_bola_ElephantsDream,1789349691.855,0.103,1628,3,0,12048033.7,864669.0,2
CONT_s14_bola_ElephantsDream,1789349691.958,0.103,1564,2,0,10843475.0,1216342.0,2
CONT_s14_bola_ElephantsDream,1789349692.061,0.103,1564,2,0,10213207.0,460682.0,2
CONT_s14_bola_ElephantsDream,1789349692.164,0.103,1564,2,0,9614877.5,984881.0,2
CONT_s14_bola_ElephantsDream,1789349692.267,0.1031,1564,2,0,9040270.0,692957.0,2
CONT_s14_bola_ElephantsDream,1789349692.37,0.1031,1564,2,0,8478199.0,447922.0,2
CONT_s14_bola_ElephantsDream,1789349692.473,0.1031,1564,2,0,7956123.0,452829.0,2
CONT_s14_bola_ElephantsDream,1789349692.576,0.103,1564,2,1,7461189.0,967533679.5,2
CONT_s14_bola_ElephantsDream,1789349692.679,0.1031,1564,2,1,6998138.0,967374903.2,2
CONT_s14_bola_ElephantsDream,1789349692.783,0.1031,1564,2,1,6563372.5,966829921.4,2
CONT_s14_bola_ElephantsDream,1789349692.886,0.1033,1628,3,1,10192633.0,929586094.7,2
CONT_s14_bola_ElephantsDream,1789349692.989,0.103,1564,2,1,11249225.0,966877888.3,2
CONT_s14_bola_ElephantsDream,1789349693.092,0.103,1564,2,1,10700626.5,967617554.0,2
CONT_s14_bola_ElephantsDream,1789349693.195,0.1031,1564,2,1,10048293.0,967102718.0,2
CONT_s14_bola_ElephantsDream,1789349693.298,0.1031,1564,2,1,9428421.5,967389535.6,2
CONT_s14_bola_ElephantsDream,1789349693.401,0.103,1564,2,1,8841864.0,967620317.1,2
CONT_s14_bola_ElephantsDream,1789349693.504,0.103,1564,2,1,8296115.5,967633520.9,2
CONT_s14_bola_ElephantsDream,1789349693.607,0.103,1564,2,1,7792984.5,967555010.6,2
CONT_s14_bola_ElephantsDream,1789349693.71,0.1031,0,0,0,0,0,0
CONT_s14_bola_ElephantsDream,1789349693.813,0.103,3128,4,2,25381625.0,866325600.5,2
CONT_s14_bola_ElephantsDream,1789349693.916,0.1029,0,0,0,0,0,0
CONT_s14_bola_ElephantsDream,1789349694.019,0.103,3128,4,2,46748572.5,967596309.8,2
CONT_s14_bola_ElephantsDream,1789349694.122,0.103,0,0,0,0,0,0
CONT_s14_bola_ElephantsDream,1789349694.225,0.1031,3128,4,2,65510930.5,967557260.5,2
CONT_s14_bola_ElephantsDream,1789349694.328,0.1031,0,0,0,0,0,0
CONT_s14_bola_ElephantsDream,1789349694.431,0.1029,3128,4,2,82013821.5,967452635.6,2
CONT_s14_bola_ElephantsDream,1789349694.534,0.103,0,0,0,0,0,0
CONT_s14_bola_ElephantsDream,1789349694.637,0.1032,3128,4,2,96529086.0,967352763.0,2
CONT_s14_bola_ElephantsDream,1789349694.742,0.1044,0,0,0,0,0,0
CONT_s14_bola_ElephantsDream,1789349694.845,0.1031,3128,4,2,109271503.5,967373783.0,2
CONT_s14_bola_ElephantsDream,1789349694.948,0.103,447,1,0,847027125.0,0,1
CONT_s14_bola_ElephantsDream,1789349695.051,0.103,3128,4,2,120484442.0,967300638.0,2
CONT_s14_bola_ElephantsDream,1789349695.154,0.103,447,1,1,1003834555.0,0,1
CONT_s14_bola_ElephantsDream,1789349695.257,0.103,3128,4,2,130335965.5,967513722.6,2
CONT_s14_bola_ElephantsDream,1789349695.36,0.1029,0,0,0,0,0,0
CONT_s14_bola_ElephantsDream,1789349695.463,0.103,3575,5,3,300584410.8,967589843.2,3
CONT_s14_bola_ElephantsDream,1789349695.566,0.103,0,0,0,0,0,0
CONT_s14_bola_ElephantsDream,1789349695.669,0.103,3116,4,2,146630427.5,971235258.1,2
CONT_s14_bola_ElephantsDream,1789349695.772,0.103,0,0,0,0,0,0
CONT_s14_bola_ElephantsDream,1789349695.875,0.103,3104,4,0,243221493.5,989538281.5,3
CONT_s14_bola_ElephantsDream,1789349695.978,0.103,0,0,0,0,0,0
CONT_s14_bola_ElephantsDream,1789349696.081,0.103,3052,3,0,153197099.0,995849418.2,2
CONT_s14_bola_ElephantsDream,1789349696.184,0.1031,0,0,0,0,0,0
CONT_s14_bola_ElephantsDream,1789349696.287,0.103,3052,3,0,153810060.3,995765380.8,2
CONT_s14_bola_ElephantsDream,1789349696.39,0.103,0,0,0,0,0,0
CONT_s14_bola_ElephantsDream,1789349696.493,0.1031,3052,3,0,154091619.7,995920057.2,2
CONT_s14_bola_ElephantsDream,1789349696.596,0.103,0,0,0,0,0,0
CONT_s14_bola_ElephantsDream,1789349696.699,0.103,3052,3,0,154196279.0,995355334.0,2
CONT_s14_bola_ElephantsDream,1789349696.802,0.1031,0,0,0,0,0,0
CONT_s14_bola_ElephantsDream,1789349696.905,0.1029,4552,4,0,156101447.8,1001091462.5,2
CONT_s14_bola_ElephantsDream,1789349697.008,0.1031,52,1,0,106841140.0,44081362.0,1
CONT_s14_bola_ElephantsDream,1789349697.111,0.103,0,0,0,0,0,0
CONT_s14_bola_ElephantsDream,1789349697.214,0.1031,4552,4,0,154413552.2,1196237034.1,2
CONT_s14_bola_ElephantsDream,1789349697.317,0.1031,0,0,0,0,0,0
CONT_s14_bola_ElephantsDream,1789349697.42,0.1029,0,0,0,0,0,0
CONT_s14_bola_ElephantsDream,1789349697.523,0.1029,4552,4,0,156741735.2,1096879543.6,2
CONT_s14_bola_ElephantsDream,1789349697.626,0.103,0,0,0,0,0,0
CONT_s14_bola_ElephantsDream,1789349697.729,0.1032,0,0,0,0,0,0
CONT_s14_bola_ElephantsDream,1789349697.832,0.103,4552,4,0,157867758.8,1195980291.8,2
CONT_s14_bola_ElephantsDream,1789349697.935,0.1029,0,0,0,0,0,0
CONT_s14_bola_ElephantsDream,1789349698.038,0.103,3052,3,0,153094967.3,1048049965.9,2
CONT_s14_bola_ElephantsDream,1789349698.141,0.103,1500,1,0,617159935.0,2659873018.0,1
CONT_s14_bola_ElephantsDream,1789349698.246,0.1045,52,1,0,1037701372.0,49058562.0,1
CONT_s14_bola_ElephantsDream,1789349698.349,0.1031,0,0,0,0,0,0
CONT_s14_bola_ElephantsDream,1789349698.452,0.103,0,0,0,0,0,0
CONT_s14_bola_ElephantsDream,1789349698.555,0.103,6164,7,0,149078456.9,1289237912.8,3
CONT_s14_bola_ElephantsDream,1789349698.658,0.1032,1540,2,0,160145024.0,604570906.0,2
CONT_s14_bola_ElephantsDream,1789349698.761,0.1031,1500,1,0,176038026.0,0,1
CONT_s14_bola_ElephantsDream,1789349698.864,0.1031,1500,1,0,165035829.0,0,1
CONT_s14_bola_ElephantsDream,1789349698.967,0.1031,1500,1,0,154722052.0,0,1
CONT_s14_bola_ElephantsDream,1789349699.07,0.103,1500,1,0,145052244.0,0,1
CONT_s14_bola_ElephantsDream,1789349699.173,0.1031,0,0,0,0,0,0
CONT_s14_bola_ElephantsDream,1789349699.276,0.1031,0,0,0,0,0,0
CONT_s14_bola_ElephantsDream,1789349699.38,0.1031,0,0,0,0,0,0
CONT_s14_bola_ElephantsDream,1789349699.483,0.103,0,0,0,0,0,0
CONT_s14_bola_ElephantsDream,1789349699.586,0.103,8121,13,0,82738096.0,953125465.8,3
CONT_s14_bola_ElephantsDream,1789349699.689,0.1032,0,0,0,0,0,0
CONT_s14_bola_ElephantsDream,1789349699.792,0.1032,3052,3,0,37952454.0,202787453.0,2
CONT_s14_bola_ElephantsDream,1789349699.895,0.1031,0,0,0,0,0,0
CONT_s14_bola_ElephantsDream,1789349699.998,0.1031,3052,3,0,51015768.7,737642.0,2
CONT_s14_bola_ElephantsDream,1789349700.101,0.1032,0,0,0,0,0,0
CONT_s14_bola_ElephantsDream,1789349700.205,0.1033,3052,3,0,62334654.3,598855226.0,2
CONT_s14_bola_ElephantsDream,1789349700.308,0.1032,1552,2,0,799122073.5,2021005196.1,2
CONT_s14_bola_ElephantsDream,1789349700.411,0.1032,0,0,0,0,0,0
CONT_s14_bola_ElephantsDream,1789349700.514,0.1032,3052,3,0,82455782.7,693661463.5,2
CONT_s14_bola_ElephantsDream,1789349700.617,0.1032,0,0,0,0,0,0
CONT_s14_bola_ElephantsDream,1789349700.721,0.1032,3052,3,0,92050648.0,693799380.0,2
CONT_s14_bola_ElephantsDream,1789349700.824,0.1033,0,0,0,0,0,0
CONT_s14_bola_ElephantsDream,1789349700.927,0.1031,3052,3,0,779036278.0,542232992.7,2
CONT_s14_bola_ElephantsDream,1789349701.03,0.1033,0,0,0,0,0,0
CONT_s14_bola_ElephantsDream,1789349701.135,0.1044,3052,3,0,728692323.3,911029.0,2
CONT_s14_bola_ElephantsDream,1789349701.238,0.1031,0,0,0,0,0,0
CONT_s14_bola_ElephantsDream,1789349701.341,0.1032,3052,3,0,139429303.0,1090449776.4,2
CONT_s14_bola_ElephantsDream,1789349701.444,0.103,0,0,0,0,0,0
CONT_s14_bola_ElephantsDream,1789349701.547,0.1033,3052,3,0,148905637.0,990934539.6,2
CONT_s14_bola_ElephantsDream,1789349701.651,0.1033,0,0,0,0,0,0
CONT_s14_bola_ElephantsDream,1789349701.755,0.1047,3052,3,0,717296995.3,793074071.4,2
CONT_s14_bola_ElephantsDream,1789349701.858,0.1032,0,0,0,0,0,0
CONT_s14_bola_ElephantsDream,1789349701.962,0.1032,3052,3,0,673962248.3,792826386.1,2
CONT_s14_bola_ElephantsDream,1789349702.065,0.1032,0,0,0,0,0,0
CONT_s14_bola_ElephantsDream,1789349702.168,0.1032,3052,3,0,190217082.3,1387906871.3,2
CONT_s14_bola_ElephantsDream,1789349702.271,0.1032,0,0,0,0,0,0
CONT_s14_bola_ElephantsDream,1789349702.374,0.1032,4552,4,0,281691597.8,990996293.1,3
CONT_s14_bola_ElephantsDream,1789349702.478,0.1033,52,1,0,892699991.0,48750509.0,1
CONT_s14_bola_ElephantsDream,1789349702.581,0.1031,3052,3,0,626213544.0,892246252.3,2
CONT_s14_bola_ElephantsDream,1789349702.684,0.1032,0,0,0,0,0,0
CONT_s14_bola_ElephantsDream,1789349702.787,0.1032,3052,3,0,220535840.0,1289172834.8,2
CONT_s14_bola_ElephantsDream,1789349702.89,0.1032,0,0,0,0,0,0
CONT_s14_bola_ElephantsDream,1789349702.994,0.1032,3052,3,0,219360568.0,892186606.8,2
CONT_s14_bola_ElephantsDream,1789349703.097,0.1031,0,0,0,0,0,0
CONT_s14_bola_ElephantsDream,1789349703.2,0.1036,2321,4,0,661405747.5,968010297.6,2
CONT_s14_bola_ElephantsDream,1789349703.304,0.1032,0,0,0,0,0,0
CONT_s14_bola_ElephantsDream,1789349703.407,0.1031,3052,3,0,224750864.7,1013269292.9,2
CONT_s14_bola_ElephantsDream,1789349703.51,0.1031,3499,4,1,360885776.0,715971814.1,3
CONT_s14_bola_ElephantsDream,1789349703.613,0.1032,52,1,0,504243412.0,404334914.0,1
CONT_s14_bola_ElephantsDream,1789349703.716,0.1033,0,0,0,0,0,0
CONT_s14_bola_ElephantsDream,1789349703.82,0.1032,4552,4,0,514093704.2,645105.0,2
CONT_s14_bola_ElephantsDream,1789349703.923,0.1031,0,0,0,0,0,0
CONT_s14_bola_ElephantsDream,1789349704.026,0.1032,0,0,0,0,0,0
CONT_s14_bola_ElephantsDream,1789349704.13,0.1044,4552,4,0,470741759.5,549718.0,2
CONT_s14_bola_ElephantsDream,1789349704.234,0.1042,0,0,0,0,0,0
CONT_s14_bola_ElephantsDream,1789349704.338,0.1032,3116,4,0,301747586.2,1305586100.8,3
CONT_s14_bola_ElephantsDream,1789349704.441,0.1031,0,0,0,0,0,0
CONT_s14_bola_ElephantsDream,1789349704.544,0.1032,3052,3,0,273952900.3,1198820244.9,2
CONT_s14_bola_ElephantsDream,1789349704.647,0.1032,0,0,0,0,0,0
CONT_s14_bola_ElephantsDream,1789349704.752,0.1046,0,0,0,0,0,0
CONT_s14_bola_ElephantsDream,1789349704.855,0.1031,4552,4,0,441135186.5,1002322267.5,2
CONT_s14_bola_ElephantsDream,1789349704.958,0.1032,0,0,0,0,0,0
CONT_s14_bola_ElephantsDream,1789349705.061,0.1032,0,0,0,0,0,0
CONT_s14_bola_ElephantsDream,1789349705.165,0.1032,4552,4,0,414878370.5,1002401990.4,2
CONT_s14_bola_ElephantsDream,1789349705.268,0.1032,0,0,0,0,0,0
CONT_s14_bola_ElephantsDream,1789349705.371,0.1032,3052,3,0,322590114.0,1794788334.5,2
CONT_s14_bola_ElephantsDream,1789349705.474,0.1032,0,0,0,0,0,0
CONT_s14_bola_ElephantsDream,1789349705.577,0.1032,3052,3,0,317031082.0,1194798411.6,2
CONT_s14_bola_ElephantsDream,1789349705.681,0.1032,0,0,0,0,0,0
CONT_s14_bola_ElephantsDream,1789349705.784,0.1032,3052,3,0,456696966.0,594541325.9,2
CONT_s14_bola_ElephantsDream,1789349705.887,0.1032,0,0,0,0,0,0
CONT_s14_bola_ElephantsDream,1789349705.99,0.1033,3235,4,0,470339436.5,739735.0,2
CONT_s14_bola_ElephantsDream,1789349706.093,0.1032,0,0,0,0,0,0
CONT_s14_bola_ElephantsDream,1789349706.197,0.1032,3052,3,0,339190949.3,1569526854.8,2
CONT_s14_bola_ElephantsDream,1789349706.3,0.1033,0,0,0,0,0,0
CONT_s14_bola_ElephantsDream,1789349706.403,0.1031,3104,4,0,332757150.8,964473863.7,3
CONT_s14_bola_ElephantsDream,1789349706.506,0.1034,0,0,0,0,0,0
CONT_s14_bola_ElephantsDream,1789349706.61,0.1032,0,0,0,0,0,0
CONT_s14_bola_ElephantsDream,1789349706.713,0.1034,4552,4,0,383561585.2,821271.0,2
CONT_s14_bola_ElephantsDream,1789349706.816,0.1032,0,0,0,0,0,0
CONT_s14_bola_ElephantsDream,1789349706.919,0.1031,0,0,0,0,0,0
CONT_s14_bola_ElephantsDream,1789349707.022,0.1032,4552,4,0,365258228.8,744068.0,2
CONT_s14_bola_ElephantsDream,1789349707.126,0.1034,0,0,0,0,0,0
CONT_s14_bola_ElephantsDream,1789349707.229,0.1033,3052,3,0,371561428.3,1573720339.4,2
CONT_s14_bola_ElephantsDream,1789349707.332,0.1033,0,0,0,0,0,0
CONT_s14_bola_ElephantsDream,1789349707.435,0.1031,3052,3,0,361325840.7,1194114460.3,2
CONT_s14_bola_ElephantsDream,1789349707.539,0.1033,0,0,0,0,0,0
CONT_s14_bola_ElephantsDream,1789349707.642,0.1034,3052,3,0,409787690.7,594579042.6,2
CONT_s14_bola_ElephantsDream,1789349707.747,0.1046,3052,3,0,396056301.7,525737.0,2
CONT_s14_bola_ElephantsDream,1789349707.85,0.1031,0,0,0,0,0,0
CONT_s14_bola_ElephantsDream,1789349707.953,0.1032,3052,3,0,380994450.7,1590735922.1,2
CONT_s14_bola_ElephantsDream,1789349708.056,0.1033,0,0,0,0,0,0
CONT_s14_bola_ElephantsDream,1789349708.16,0.1033,3052,3,0,365784251.3,990940673.6,2
CONT_s14_bola_ElephantsDream,1789349708.263,0.1033,0,0,0,0,0,0
CONT_s14_bola_ElephantsDream,1789349708.366,0.1033,3052,3,0,416381477.0,793069316.4,2
CONT_s14_bola_ElephantsDream,1789349708.47,0.1033,1500,1,0,332939023.0,0,1
CONT_s14_bola_ElephantsDream,1789349708.573,0.1032,52,1,0,545978641.0,54576201.0,1
CONT_s14_bola_ElephantsDream,1789349708.676,0.1032,3052,3,0,378201245.7,892450493.1,2
CONT_s14_bola_ElephantsDream,1789349708.779,0.1033,0,0,0,0,0,0
CONT_s14_bola_ElephantsDream,1789349708.882,0.1033,3052,3,0,395374330.7,1487007653.8,2
CONT_s14_bola_ElephantsDream,1789349708.986,0.1033,0,0,0,0,0,0
CONT_s14_bola_ElephantsDream,1789349709.089,0.1032,3052,3,0,380892083.3,1090806451.6,2
CONT_s14_bola_ElephantsDream,1789349709.192,0.1032,0,0,0,0,0,0
CONT_s14_bola_ElephantsDream,1789349709.296,0.1033,0,0,0,0,0,0
CONT_s14_bola_ElephantsDream,1789349709.399,0.1032,4552,4,0,381241122.0,997241240.1,2
CONT_s14_bola_ElephantsDream,1789349709.502,0.1032,0,0,0,0,0,0
CONT_s14_bola_ElephantsDream,1789349709.605,0.1032,0,0,0,0,0,0
CONT_s14_bola_ElephantsDream,1789349709.708,0.1033,4552,4,0,360851923.0,997205736.0,2
CONT_s14_bola_ElephantsDream,1789349709.812,0.1033,0,0,0,0,0,0
CONT_s14_bola_ElephantsDream,1789349709.915,0.1031,3052,3,0,419366441.7,1685449998.6,2
CONT_s14_bola_ElephantsDream,1789349710.018,0.1033,0,0,0,0,0,0
CONT_s14_bola_ElephantsDream,1789349710.121,0.1032,3052,3,0,404592089.3,1189167746.8,2
CONT_s14_bola_ElephantsDream,1789349710.225,0.1032,0,0,0,0,0,0
CONT_s14_bola_ElephantsDream,1789349710.328,0.1033,0,0,0,0,0,0
CONT_s14_bola_ElephantsDream,1789349710.431,0.1031,4552,4,0,378222872.2,996892111.8,2
CONT_s14_bola_ElephantsDream,1789349710.534,0.1033,0,0,0,0,0,0
CONT_s14_bola_ElephantsDream,1789349710.638,0.1037,0,0,0,0,0,0
CONT_s14_bola_ElephantsDream,1789349710.742,0.104,4552,4,0,357977361.2,997067407.7,2
CONT_s14_bola_ElephantsDream,1789349710.845,0.1032,0,0,0,0,0,0
CONT_s14_bola_ElephantsDream,1789349710.948,0.1031,3052,3,0,440765957.3,1785145974.7,2
CONT_s14_bola_ElephantsDream,1789349711.052,0.1032,0,0,0,0,0,0
CONT_s14_bola_ElephantsDream,1789349711.155,0.1033,3104,4,0,413001484.5,1169520375.0,2
CONT_s14_bola_ElephantsDream,1789349711.258,0.1033,0,0,0,0,0,0
CONT_s14_bola_ElephantsDream,1789349711.361,0.1031,0,0,0,0,0,0
CONT_s14_bola_ElephantsDream,1789349711.464,0.1033,4552,4,0,375491290.8,997038144.2,2
CONT_s14_bola_ElephantsDream,1789349711.568,0.1032,0,0,0,0,0,0
CONT_s14_bola_ElephantsDream,1789349711.671,0.1033,4661,5,0,374971905.0,880625684.3,2
CONT_s14_bola_ElephantsDream,1789349711.774,0.1032,0,0,0,0,0,0
CONT_s14_bola_ElephantsDream,1789349711.877,0.1032,3040,3,0,456244613.7,1792947870.0,2
CONT_s14_bola_ElephantsDream,1789349711.981,0.1032,0,0,0,0,0,0
CONT_s14_bola_ElephantsDream,1789349712.084,0.1032,3052,3,0,415148125.0,1089009192.5,1
CONT_s14_bola_ElephantsDream,1789349712.187,0.1032,447,1,1,472748595.0,0,1
CONT_s14_bola_ElephantsDream,1789349712.29,0.1033,0,0,0,0,0,0
CONT_s14_bola_ElephantsDream,1789349712.393,0.1031,4552,4,0,366672264.5,697320588.0,2
CONT_s14_bola_ElephantsDream,1789349712.497,0.1033,0,0,0,0,0,0
CONT_s14_bola_ElephantsDream,1789349712.6,0.1032,0,0,0,0,0,0
CONT_s14_bola_ElephantsDream,1789349712.703,0.1033,4552,4,0,342086272.5,483348.0,2
CONT_s14_bola_ElephantsDream,1789349712.806,0.1032,0,0,0,0,0,0
CONT_s14_bola_ElephantsDream,1789349712.91,0.1032,3064,3,0,409833012.0,737375431.0,2
CONT_s14_bola_ElephantsDream,1789349713.013,0.1033,0,0,0,0,0,0
CONT_s14_bola_ElephantsDream,1789349713.116,0.1032,0,0,0,0,0,0
CONT_s14_bola_ElephantsDream,1789349713.219,0.1034,4552,4,0,310685804.2,802480995.7,2
CONT_s14_bola_ElephantsDream,1789349713.323,0.1033,0,0,0,0,0,0
CONT_s14_bola_ElephantsDream,1789349713.426,0.1032,0,0,0,0,0,0
CONT_s14_bola_ElephantsDream,1789349713.53,0.104,4552,4,0,296952397.5,802913328.8,2
CONT_s14_bola_ElephantsDream,1789349713.635,0.1049,0,0,0,0,0,0
CONT_s14_bola_ElephantsDream,1789349713.738,0.1032,0,0,0,0,0,0
CONT_s14_bola_ElephantsDream,1789349713.841,0.1033,4552,4,0,282020058.2,597956602.6,2
CONT_s14_bola_ElephantsDream,1789349713.944,0.1031,0,0,0,0,0,0
CONT_s14_bola_ElephantsDream,1789349714.048,0.1033,3685,6,0,261306929.0,222702104.5,2
CONT_s14_bola_ElephantsDream,1789349714.151,0.1033,0,0,0,0,0,0
CONT_s14_bola_ElephantsDream,1789349714.255,0.1045,0,0,0,0,0,0
CONT_s14_bola_ElephantsDream,1789349714.359,0.1031,4552,4,0,246142694.2,688383.0,2
CONT_s14_bola_ElephantsDream,1789349714.462,0.1032,0,0,0,0,0,0
CONT_s14_bola_ElephantsDream,1789349714.565,0.1032,0,0,0,0,0,0
CONT_s14_bola_ElephantsDream,1789349714.668,0.1032,4552,4,0,238579348.8,884826.0,2
CONT_s14_bola_ElephantsDream,1789349714.771,0.1032,0,0,0,0,0,0
CONT_s14_bola_ElephantsDream,1789349714.875,0.1031,0,0,0,0,0,0
CONT_s14_bola_ElephantsDream,1789349714.978,0.1032,4552,4,0,231703945.8,597990252.3,2
CONT_s14_bola_ElephantsDream,1789349715.081,0.1032,0,0,0,0,0,0
CONT_s14_bola_ElephantsDream,1789349715.184,0.1032,0,0,0,0,0,0
CONT_s14_bola_ElephantsDream,1789349715.287,0.1032,4552,4,0,225464018.2,597796353.0,2
CONT_s14_bola_ElephantsDream,1789349715.391,0.1033,0,0,0,0,0,0
CONT_s14_bola_ElephantsDream,1789349715.494,0.1032,0,0,0,0,0,0
CONT_s14_bola_ElephantsDream,1789349715.597,0.1032,4552,4,0,219777605.2,598087805.0,2
CONT_s14_bola_ElephantsDream,1789349715.7,0.1034,0,0,0,0,0,0
CONT_s14_bola_ElephantsDream,1789349715.804,0.1032,4611,5,0,221827762.6,516109226.9,2
CONT_s14_bola_ElephantsDream,1789349715.907,0.1032,0,0,0,0,0,0
CONT_s14_bola_ElephantsDream,1789349716.01,0.1032,0,0,0,0,0,0
CONT_s14_bola_ElephantsDream,1789349716.113,0.1032,4552,4,0,213262327.5,295406789.2,2
CONT_s14_bola_ElephantsDream,1789349716.217,0.1033,0,0,0,0,0,0
CONT_s14_bola_ElephantsDream,1789349716.32,0.1033,0,0,0,0,0,0
CONT_s14_bola_ElephantsDream,1789349716.423,0.1033,4552,4,0,208903389.0,783345.0,2
CONT_s14_bola_ElephantsDream,1789349716.526,0.1033,0,0,0,0,0,0
CONT_s14_bola_ElephantsDream,1789349716.632,0.106,0,0,0,0,0,0
CONT_s14_bola_ElephantsDream,1789349716.736,0.1032,4552,4,0,204828947.0,597525701.5,2
CONT_s14_bola_ElephantsDream,1789349716.839,0.1032,0,0,0,0,0,0
CONT_s14_bola_ElephantsDream,1789349716.942,0.1032,0,0,0,0,0,0
CONT_s14_bola_ElephantsDream,1789349717.045,0.1032,4552,4,0,201028853.2,597907175.2,2
CONT_s14_bola_ElephantsDream,1789349717.149,0.1033,0,0,0,0,0,0
CONT_s14_bola_ElephantsDream,1789349717.253,0.1047,0,0,0,0,0,0
CONT_s14_bola_ElephantsDream,1789349717.356,0.1033,4552,4,0,197501587.0,597746641.0,2
CONT_s14_bola_ElephantsDream,1789349717.46,0.1031,0,0,0,0,0,0
CONT_s14_bola_ElephantsDream,1789349717.563,0.1032,2915,4,0,193466123.5,385254182.7,2
CONT_s14_bola_ElephantsDream,1789349717.666,0.1034,0,0,0,0,0,0
CONT_s14_bola_ElephantsDream,1789349717.769,0.1033,0,0,0,0,0,0
CONT_s14_bola_ElephantsDream,1789349717.873,0.1033,4552,4,0,194921727.2,296006027.9,2
CONT_s14_bola_ElephantsDream,1789349717.976,0.1032,0,0,0,0,0,0
CONT_s14_bola_ElephantsDream,1789349718.079,0.1031,4552,4,0,192137288.2,532162.0,2
CONT_s14_bola_ElephantsDream,1789349718.182,0.1033,0,0,0,0,0,0
CONT_s14_bola_ElephantsDream,1789349718.286,0.1032,0,0,0,0,0,0
CONT_s14_bola_ElephantsDream,1789349718.389,0.1032,4552,4,0,189448851.5,598168739.9,2
CONT_s14_bola_ElephantsDream,1789349718.492,0.1032,0,0,0,0,0,0
CONT_s14_bola_ElephantsDream,1789349718.595,0.1032,0,0,0,0,0,0
CONT_s14_bola_ElephantsDream,1789349718.699,0.1033,4552,4,0,186901493.0,598183689.6,2
CONT_s14_bola_ElephantsDream,1789349718.802,0.1033,0,0,0,0,0,0
CONT_s14_bola_ElephantsDream,1789349718.905,0.1031,0,0,0,0,0,0
CONT_s14_bola_ElephantsDream,1789349719.008,0.1032,4552,4,0,184488434.5,598100444.0,2
CONT_s14_bola_ElephantsDream,1789349719.111,0.1032,0,0,0,0,0,0
CONT_s14_bola_ElephantsDream,1789349719.215,0.1033,0,0,0,0,0,0
CONT_s14_bola_ElephantsDream,1789349719.318,0.1032,4821,5,0,177923155.4,531730468.3,2
CONT_s14_bola_ElephantsDream,1789349719.421,0.1031,0,0,0,0,0,0
CONT_s14_bola_ElephantsDream,1789349719.524,0.1031,0,0,0,0,0,0
CONT_s14_bola_ElephantsDream,1789349719.627,0.1032,4552,4,0,186095791.0,295651070.6,2
CONT_s14_bola_ElephantsDream,1789349719.731,0.1034,0,0,0,0,0,0
CONT_s14_bola_ElephantsDream,1789349719.834,0.1033,0,0,0,0,0,0
CONT_s14_bola_ElephantsDream,1789349719.937,0.1031,4552,4,0,183818609.8,584532.0,2
CONT_s14_bola_ElephantsDream,1789349720.04,0.1033,0,0,0,0,0,0
CONT_s14_bola_ElephantsDream,1789349720.144,0.1032,0,0,0,0,0,0
CONT_s14_bola_ElephantsDream,1789349720.249,0.1059,4552,4,0,181614280.2,597957980.9,2
CONT_s14_bola_ElephantsDream,1789349720.353,0.1033,0,0,0,0,0,0
CONT_s14_bola_ElephantsDream,1789349720.456,0.1031,0,0,0,0,0,0
CONT_s14_bola_ElephantsDream,1789349720.559,0.1032,4154,4,0,177668660.2,571278709.7,2
CONT_s14_bola_ElephantsDream,1789349720.662,0.1033,0,0,0,0,0,0
CONT_s14_bola_ElephantsDream,1789349720.766,0.1032,0,0,0,0,0,0
CONT_s14_bola_ElephantsDream,1789349720.869,0.1032,0,0,0,0,0,0
CONT_s14_bola_ElephantsDream,1789349720.972,0.1032,0,0,0,0,0,0
CONT_s14_bola_ElephantsDream,1789349721.075,0.1032,0,0,0,0,0,0
CONT_s14_bola_ElephantsDream,1789349721.178,0.1033,0,0,0,0,0,0
CONT_s14_bola_ElephantsDream,1789349721.282,0.1032,0,0,0,0,0,0
CONT_s14_bola_ElephantsDream,1789349721.385,0.1033,0,0,0,0,0,0
CONT_s14_bola_ElephantsDream,1789349721.488,0.1032,0,0,0,0,0,0
CONT_s14_bola_ElephantsDream,1789349721.591,0.1032,0,0,0,0,0,0
CONT_s14_bola_ElephantsDream,1789349721.696,0.1044,0,0,0,0,0,0
CONT_s14_bola_ElephantsDream,1789349721.799,0.1031,0,0,0,0,0,0
CONT_s14_bola_ElephantsDream,1789349721.902,0.103,0,0,0,0,0,0
CONT_s14_bola_ElephantsDream,1789349722.005,0.1032,0,0,0,0,0,0
CONT_s14_bola_ElephantsDream,1789349722.108,0.1032,0,0,0,0,0,0
CONT_s14_bola_ElephantsDream,1789349722.212,0.1033,0,0,0,0,0,0
CONT_s14_bola_ElephantsDream,1789349722.315,0.1032,0,0,0,0,0,0
CONT_s14_bola_ElephantsDream,1789349722.418,0.1031,0,0,0,0,0,0
CONT_s14_bola_ElephantsDream,1789349722.521,0.1032,10999,9,0,311714220.9,1756858.2,2
CONT_s14_bola_ElephantsDream,1789349722.624,0.1032,0,0,0,0,0,0
CONT_s14_bola_ElephantsDream,1789349722.728,0.1034,7552,6,0,253683035.8,185427496.0,2
CONT_s14_bola_ElephantsDream,1789349722.831,0.1032,0,0,0,0,0,0
CONT_s14_bola_ElephantsDream,1789349722.934,0.1033,0,0,0,0,0,0
CONT_s14_bola_ElephantsDream,1789349723.037,0.1032,5197,5,0,241383606.6,532144.0,2
CONT_s14_bola_ElephantsDream,1789349723.141,0.1036,0,0,0,0,0,0
CONT_s14_bola_ElephantsDream,1789349723.246,0.1049,0,0,0,0,0,0
CONT_s14_bola_ElephantsDream,1789349723.349,0.1034,0,0,0,0,0,0
CONT_s14_bola_ElephantsDream,1789349723.452,0.1032,0,0,0,0,0,0
CONT_s14_bola_ElephantsDream,1789349723.556,0.1032,0,0,0,0,0,0
CONT_s14_bola_ElephantsDream,1789349723.659,0.1033,0,0,0,0,0,0
CONT_s14_bola_ElephantsDream,1789349723.762,0.1032,0,0,0,0,0,0
CONT_s14_bola_ElephantsDream,1789349723.866,0.1034,0,0,0,0,0,0
CONT_s14_bola_ElephantsDream,1789349723.969,0.1032,0,0,0,0,0,0
CONT_s14_bola_ElephantsDream,1789349724.072,0.1031,0,0,0,0,0,0
CONT_s14_bola_ElephantsDream,1789349724.175,0.1033,0,0,0,0,0,0
CONT_s14_bola_ElephantsDream,1789349724.278,0.1032,0,0,0,0,0,0
CONT_s14_bola_ElephantsDream,1789349724.382,0.1031,0,0,0,0,0,0
CONT_s14_bola_ElephantsDream,1789349724.485,0.1032,0,0,0,0,0,0
CONT_s14_bola_ElephantsDream,1789349724.588,0.1032,15497,16,0,775320.8,146710.6,2
CONT_s14_bola_ElephantsDream,1789349724.691,0.1036,0,0,0,0,0,0
CONT_s14_bola_ElephantsDream,1789349724.795,0.1034,0,0,0,0,0,0
CONT_s14_bola_ElephantsDream,1789349724.898,0.1032,0,0,0,0,0,0
CONT_s14_bola_ElephantsDream,1789349725.001,0.1033,0,0,0,0,0,0
CONT_s14_bola_ElephantsDream,1789349725.105,0.1033,0,0,0,0,0,0
CONT_s14_bola_ElephantsDream,1789349725.208,0.1034,0,0,0,0,0,0
CONT_s14_bola_ElephantsDream,1789349725.311,0.1034,0,0,0,0,0,0
CONT_s14_bola_ElephantsDream,1789349725.415,0.1033,0,0,0,0,0,0
CONT_s14_bola_ElephantsDream,1789349725.518,0.1033,0,0,0,0,0,0
CONT_s14_bola_ElephantsDream,1789349725.621,0.1033,15052,11,0,71663307.8,994788922.6,2
CONT_s14_bola_ElephantsDream,1789349725.725,0.1035,1564,2,1,95121692.5,0,2
CONT_s14_bola_ElephantsDream,1789349725.828,0.1034,0,0,0,0,0,0
CONT_s14_bola_ElephantsDream,1789349725.932,0.1034,0,0,0,0,0,0
CONT_s14_bola_ElephantsDream,1789349726.035,0.1033,0,0,0,0,0,0
CONT_s14_bola_ElephantsDream,1789349726.138,0.1035,0,0,0,0,0,0
CONT_s14_bola_ElephantsDream,1789349726.243,0.1041,7552,6,0,105038886.3,600521444.0,2
CONT_s14_bola_ElephantsDream,1789349726.346,0.1034,1552,2,0,123694196.0,586226858.9,2
CONT_s14_bola_ElephantsDream,1789349726.449,0.1033,0,0,0,0,0,0
CONT_s14_bola_ElephantsDream,1789349726.553,0.1034,0,0,0,0,0,0
CONT_s14_bola_ElephantsDream,1789349726.656,0.1034,4999,5,0,197756789.8,398036951.7,3
CONT_s14_bola_ElephantsDream,1789349726.759,0.1034,0,0,0,0,0,0
CONT_s14_bola_ElephantsDream,1789349726.863,0.1032,0,0,0,0,0,0
CONT_s14_bola_ElephantsDream,1789349726.966,0.1034,4552,4,0,129043055.0,928289.0,2
CONT_s14_bola_ElephantsDream,1789349727.069,0.1033,0,0,0,0,0,0
CONT_s14_bola_ElephantsDream,1789349727.173,0.1034,447,1,1,670552530.0,0,1
CONT_s14_bola_ElephantsDream,1789349727.276,0.1034,0,0,0,0,0,0
CONT_s14_bola_ElephantsDream,1789349727.379,0.1033,6052,5,0,139379231.2,699765789.7,2
CONT_s14_bola_ElephantsDream,1789349727.483,0.1034,0,0,0,0,0,0
CONT_s14_bola_ElephantsDream,1789349727.586,0.1034,3052,3,0,145315487.0,1172917.0,2
CONT_s14_bola_ElephantsDream,1789349727.69,0.1035,0,0,0,0,0,0
CONT_s14_bola_ElephantsDream,1789349727.793,0.1034,0,0,0,0,0,0
CONT_s14_bola_ElephantsDream,1789349727.896,0.1034,4552,4,0,151518393.2,897103750.3,2
CONT_s14_bola_ElephantsDream,1789349728.0,0.1039,0,0,0,0,0,0
CONT_s14_bola_ElephantsDream,1789349728.104,0.1034,0,0,0,0,0,0
CONT_s14_bola_ElephantsDream,1789349728.207,0.1034,447,1,1,659329347.0,0,1
CONT_s14_bola_ElephantsDream,1789349728.31,0.1034,7500,5,0,163240440.0,1008630619.0,1
CONT_s14_bola_ElephantsDream,1789349728.414,0.1034,52,1,0,142479559.0,1015418.0,1
CONT_s14_bola_ElephantsDream,1789349728.517,0.1034,0,0,0,0,0,0
CONT_s14_bola_ElephantsDream,1789349728.62,0.1033,0,0,0,0,0,0
CONT_s14_bola_ElephantsDream,1789349728.724,0.1035,0,0,0,0,0,0
CONT_s14_bola_ElephantsDream,1789349728.827,0.1034,7552,6,0,162746775.7,1001956068.3,2
CONT_s14_bola_ElephantsDream,1789349728.931,0.1033,0,0,0,0,0,0
CONT_s14_bola_ElephantsDream,1789349729.034,0.1036,0,0,0,0,0,0
CONT_s14_bola_ElephantsDream,1789349729.138,0.104,0,0,0,0,0,0
CONT_s14_bola_ElephantsDream,1789349729.243,0.1052,0,0,0,0,0,0
CONT_s14_bola_ElephantsDream,1789349729.347,0.1033,7552,6,0,164571117.8,1001385031.2,2
CONT_s14_bola_ElephantsDream,1789349729.45,0.1033,0,0,0,0,0,0
CONT_s14_bola_ElephantsDream,1789349729.553,0.1033,0,0,0,0,0,0
CONT_s14_bola_ElephantsDream,1789349729.657,0.1034,0,0,0,0,0,0
CONT_s14_bola_ElephantsDream,1789349729.76,0.1034,0,0,0,0,0,0
CONT_s14_bola_ElephantsDream,1789349729.864,0.1035,7552,6,0,165598235.7,1001415352.2,2
CONT_s14_bola_ElephantsDream,1789349729.967,0.1033,0,0,0,0,0,0
CONT_s14_bola_ElephantsDream,1789349730.07,0.1033,0,0,0,0,0,0
CONT_s14_bola_ElephantsDream,1789349730.174,0.1033,447,1,1,673931842.0,0,1
CONT_s14_bola_ElephantsDream,1789349730.277,0.1034,0,0,0,0,0,0
CONT_s14_bola_ElephantsDream,1789349730.38,0.1033,7552,6,0,166062292.2,1001673376.8,2
CONT_s14_bola_ElephantsDream,1789349730.484,0.1033,0,0,0,0,0,0
CONT_s14_bola_ElephantsDream,1789349730.587,0.1033,0,0,0,0,0,0
CONT_s14_bola_ElephantsDream,1789349730.69,0.1035,0,0,0,0,0,0
CONT_s14_bola_ElephantsDream,1789349730.794,0.1034,0,0,0,0,0,0
CONT_s14_bola_ElephantsDream,1789349730.897,0.1033,7604,7,0,164318405.3,994935549.4,2
CONT_s14_bola_ElephantsDream,1789349731.001,0.1034,0,0,0,0,0,0
CONT_s14_bola_ElephantsDream,1789349731.104,0.1033,0,0,0,0,0,0
CONT_s14_bola_ElephantsDream,1789349731.207,0.1035,52,1,0,139347564.0,0,1
CONT_s14_bola_ElephantsDream,1789349731.311,0.1034,0,0,0,0,0,0
CONT_s14_bola_ElephantsDream,1789349731.414,0.1033,7540,6,0,172680360.5,1008761692.0,2
CONT_s14_bola_ElephantsDream,1789349731.518,0.1034,0,0,0,0,0,0
CONT_s14_bola_ElephantsDream,1789349731.621,0.1034,0,0,0,0,0,0
CONT_s14_bola_ElephantsDream,1789349731.724,0.1035,0,0,0,0,0,0
CONT_s14_bola_ElephantsDream,1789349731.828,0.1034,0,0,0,0,0,0
CONT_s14_bola_ElephantsDream,1789349731.931,0.1033,7616,7,0,158994512.0,861057067.5,1
CONT_s14_bola_ElephantsDream,1789349732.035,0.1037,1552,2,0,698243336.0,1814881318.7,2
CONT_s14_bola_ElephantsDream,1789349732.138,0.1037,0,0,0,0,0,0
CONT_s14_bola_ElephantsDream,1789349732.243,0.1048,0,0,0,0,0,0
CONT_s14_bola_ElephantsDream,1789349732.347,0.1034,4552,4,0,1014856895.5,244171180.9,2
CONT_s14_bola_ElephantsDream,1789349732.45,0.1033,1552,2,0,859095103.0,42078971.0,2
CONT_s14_bola_ElephantsDream,1789349732.553,0.1034,0,0,0,0,0,0
CONT_s14_bola_ElephantsDream,1789349732.657,0.1034,0,0,0,0,0,0
CONT_s14_bola_ElephantsDream,1789349732.76,0.1034,4552,4,0,831471340.2,871715.0,2
CONT_s14_bola_ElephantsDream,1789349732.863,0.1033,0,0,0,0,0,0
CONT_s14_bola_ElephantsDream,1789349732.967,0.1034,4552,4,0,729345387.5,697939053.6,2
CONT_s14_bola_ElephantsDream,1789349733.07,0.1034,0,0,0,0,0,0
CONT_s14_bola_ElephantsDream,1789349733.174,0.1033,0,0,0,0,0,0
CONT_s14_bola_ElephantsDream,1789349733.277,0.1034,0,0,0,0,0,0
CONT_s14_bola_ElephantsDream,1789349733.38,0.1034,6052,5,0,625668482.0,699581699.7,2
CONT_s14_bola_ElephantsDream,1789349733.484,0.1033,0,0,0,0,0,0
CONT_s14_bola_ElephantsDream,1789349733.587,0.1034,2807,5,0,534578596.6,228713977.4,2
CONT_s14_bola_ElephantsDream,1789349733.691,0.1035,0,0,0,0,0,0
CONT_s14_bola_ElephantsDream,1789349733.794,0.1034,0,0,0,0,0,0
CONT_s14_bola_ElephantsDream,1789349733.897,0.1033,0,0,0,0,0,0
CONT_s14_bola_ElephantsDream,1789349734.001,0.1034,6052,5,0,473847585.8,1145305.0,2
CONT_s14_bola_ElephantsDream,1789349734.104,0.1033,0,0,0,0,0,0
CONT_s14_bola_ElephantsDream,1789349734.208,0.1038,0,0,0,0,0,0
CONT_s14_bola_ElephantsDream,1789349734.311,0.1034,0,0,0,0,0,0
CONT_s14_bola_ElephantsDream,1789349734.414,0.1033,6052,5,0,417255654.4,522755.0,2
CONT_s14_bola_ElephantsDream,1789349734.518,0.1034,0,0,0,0,0,0
CONT_s14_bola_ElephantsDream,1789349734.621,0.1033,0,0,0,0,0,0
CONT_s14_bola_ElephantsDream,1789349734.725,0.1035,0,0,0,0,0,0
CONT_s14_bola_ElephantsDream,1789349734.828,0.1034,6052,5,0,372475329.2,799405470.9,2
CONT_s14_bola_ElephantsDream,1789349734.931,0.1032,0,0,0,0,0,0
CONT_s14_bola_ElephantsDream,1789349735.035,0.1035,0,0,0,0,0,0
CONT_s14_bola_ElephantsDream,1789349735.138,0.1036,6000,4,0,316105861.0,806964083.0,1
CONT_s14_bola_ElephantsDream,1789349735.243,0.105,668,3,0,377785536.7,106545585.1,2
CONT_s14_bola_ElephantsDream,1789349735.347,0.1033,0,0,0,0,0,0
CONT_s14_bola_ElephantsDream,1789349735.45,0.1033,0,0,0,0,0,0
CONT_s14_bola_ElephantsDream,1789349735.553,0.1034,0,0,0,0,0,0
CONT_s14_bola_ElephantsDream,1789349735.657,0.1035,6052,5,0,300723970.6,397218937.3,2
CONT_s14_bola_ElephantsDream,1789349735.76,0.1034,0,0,0,0,0,0
CONT_s14_bola_ElephantsDream,1789349735.863,0.1032,0,0,0,0,0,0
CONT_s14_bola_ElephantsDream,1789349735.967,0.1034,6052,5,0,280428567.8,544829.0,2
CONT_s14_bola_ElephantsDream,1789349736.07,0.1034,0,0,0,0,0,0
CONT_s14_bola_ElephantsDream,1789349736.173,0.1033,0,0,0,0,0,0
CONT_s14_bola_ElephantsDream,1789349736.277,0.1034,0,0,0,0,0,0
CONT_s14_bola_ElephantsDream,1789349736.38,0.1033,6052,5,0,263888356.0,799496922.9,2
CONT_s14_bola_ElephantsDream,1789349736.483,0.1033,0,0,0,0,0,0
CONT_s14_bola_ElephantsDream,1789349736.587,0.1034,0,0,0,0,0,0
CONT_s14_bola_ElephantsDream,1789349736.69,0.1035,0,0,0,0,0,0
CONT_s14_bola_ElephantsDream,1789349736.794,0.1034,5478,5,0,247524931.4,761384507.4,2
CONT_s14_bola_ElephantsDream,1789349736.897,0.1033,0,0,0,0,0,0
CONT_s14_bola_ElephantsDream,1789349737.0,0.1034,0,0,0,0,0,0
CONT_s14_bola_ElephantsDream,1789349737.104,0.1034,0,0,0,0,0,0
CONT_s14_bola_ElephantsDream,1789349737.207,0.1035,0,0,0,0,0,0
CONT_s14_bola_ElephantsDream,1789349737.311,0.1034,0,0,0,0,0,0
CONT_s14_bola_ElephantsDream,1789349737.415,0.1046,0,0,0,0,0,0
CONT_s14_bola_ElephantsDream,1789349737.519,0.1033,0,0,0,0,0,0
CONT_s14_bola_ElephantsDream,1789349737.622,0.1033,0,0,0,0,0,0
CONT_s14_bola_ElephantsDream,1789349737.725,0.1035,0,0,0,0,0,0
CONT_s14_bola_ElephantsDream,1789349737.829,0.1034,0,0,0,0,0,0
CONT_s14_bola_ElephantsDream,1789349737.932,0.1034,0,0,0,0,0,0
CONT_s14_bola_ElephantsDream,1789349738.036,0.1039,0,0,0,0,0,0
CONT_s14_bola_ElephantsDream,1789349738.14,0.1034,0,0,0,0,0,0
CONT_s14_bola_ElephantsDream,1789349738.245,0.1055,0,0,0,0,0,0
CONT_s14_bola_ElephantsDream,1789349738.349,0.1035,0,0,0,0,0,0
CONT_s14_bola_ElephantsDream,1789349738.452,0.1033,0,0,0,0,0,0
CONT_s14_bola_ElephantsDream,1789349738.555,0.1034,0,0,0,0,0,0
CONT_s14_bola_ElephantsDream,1789349738.659,0.1034,0,0,0,0,0,0
CONT_s14_bola_ElephantsDream,1789349738.762,0.1034,0,0,0,0,0,0
CONT_s14_bola_ElephantsDream,1789349738.865,0.1032,13999,11,0,328829868.3,2659642.3,2
CONT_s14_bola_ElephantsDream,1789349738.969,0.1034,0,0,0,0,0,0
CONT_s14_bola_ElephantsDream,1789349739.072,0.1034,0,0,0,0,0,0
CONT_s14_bola_ElephantsDream,1789349739.176,0.1034,0,0,0,0,0,0
CONT_s14_bola_ElephantsDream,1789349739.279,0.1034,7552,6,0,290685296.8,385877731.0,2
CONT_s14_bola_ElephantsDream,1789349739.382,0.1033,0,0,0,0,0,0
CONT_s14_bola_ElephantsDream,1789349739.486,0.1033,0,0,0,0,0,0
CONT_s14_bola_ElephantsDream,1789349739.589,0.1034,0,0,0,0,0,0
CONT_s14_bola_ElephantsDream,1789349739.692,0.1034,7552,6,0,272245741.2,1096547.0,2
CONT_s14_bola_ElephantsDream,1789349739.796,0.1034,0,0,0,0,0,0
CONT_s14_bola_ElephantsDream,1789349739.899,0.1033,0,0,0,0,0,0
CONT_s14_bola_ElephantsDream,1789349740.002,0.1034,0,0,0,0,0,0
CONT_s14_bola_ElephantsDream,1789349740.106,0.1034,0,0,0,0,0,0
CONT_s14_bola_ElephantsDream,1789349740.209,0.1036,7552,6,0,256789719.2,1001392261.5,2
CONT_s14_bola_ElephantsDream,1789349740.313,0.1034,0,0,0,0,0,0
CONT_s14_bola_ElephantsDream,1789349740.416,0.1033,0,0,0,0,0,0
CONT_s14_bola_ElephantsDream,1789349740.52,0.1034,0,0,0,0,0,0
CONT_s14_bola_ElephantsDream,1789349740.623,0.1035,0,0,0,0,0,0
CONT_s14_bola_ElephantsDream,1789349740.727,0.1035,7552,6,0,244491987.8,1001308458.0,2
CONT_s14_bola_ElephantsDream,1789349740.83,0.1034,0,0,0,0,0,0
CONT_s14_bola_ElephantsDream,1789349740.933,0.1033,3052,3,0,279813356.0,693652750.5,2
CONT_s14_bola_ElephantsDream,1789349741.037,0.1033,1200,2,0,303386511.5,159488005.2,2
CONT_s14_bola_ElephantsDream,1789349741.14,0.1037,0,0,0,0,0,0
CONT_s14_bola_ElephantsDream,1789349741.245,0.1049,0,0,0,0,0,0
CONT_s14_bola_ElephantsDream,1789349741.349,0.1034,0,0,0,0,0,0
CONT_s14_bola_ElephantsDream,1789349741.452,0.1033,0,0,0,0,0,0
CONT_s14_bola_ElephantsDream,1789349741.556,0.1034,9052,7,0,220507138.1,599205713.6,2
CONT_s14_bola_ElephantsDream,1789349741.659,0.1033,0,0,0,0,0,0
CONT_s14_bola_ElephantsDream,1789349741.762,0.1034,0,0,0,0,0,0
CONT_s14_bola_ElephantsDream,1789349741.865,0.1032,4552,4,0,244588822.8,298292225.8,2
CONT_s14_bola_ElephantsDream,1789349741.969,0.1034,0,0,0,0,0,0
CONT_s14_bola_ElephantsDream,1789349742.072,0.1034,0,0,0,0,0,0
CONT_s14_bola_ElephantsDream,1789349742.176,0.1033,4552,4,0,239015541.8,601440.0,2
CONT_s14_bola_ElephantsDream,1789349742.279,0.1034,0,0,0,0,0,0
CONT_s14_bola_ElephantsDream,1789349742.382,0.1034,0,0,0,0,0,0
CONT_s14_bola_ElephantsDream,1789349742.486,0.1033,0,0,0,0,0,0
CONT_s14_bola_ElephantsDream,1789349742.589,0.1035,6052,5,0,225442471.0,699667549.9,2
CONT_s14_bola_ElephantsDream,1789349742.693,0.1035,0,0,0,0,0,0
CONT_s14_bola_ElephantsDream,1789349742.796,0.1035,3052,3,0,246836514.7,785864.0,2
CONT_s14_bola_ElephantsDream,1789349742.9,0.1033,0,0,0,0,0,0
CONT_s14_bola_ElephantsDream,1789349743.003,0.1034,0,0,0,0,0,0
CONT_s14_bola_ElephantsDream,1789349743.106,0.1033,4552,4,0,229435482.2,897426537.4,2
CONT_s14_bola_ElephantsDream,1789349743.21,0.1035,0,0,0,0,0,0
CONT_s14_bola_ElephantsDream,1789349743.313,0.1035,0,0,0,0,0,0
CONT_s14_bola_ElephantsDream,1789349743.417,0.1034,0,0,0,0,0,0
CONT_s14_bola_ElephantsDream,1789349743.52,0.1034,0,0,0,0,0,0
CONT_s14_bola_ElephantsDream,1789349743.623,0.1034,7552,6,0,213321097.2,1001286375.8,2
CONT_s14_bola_ElephantsDream,1789349743.727,0.1035,0,0,0,0,0,0
CONT_s14_bola_ElephantsDream,1789349743.83,0.1034,0,0,0,0,0,0
CONT_s14_bola_ElephantsDream,1789349743.934,0.1032,4552,4,0,224079575.2,1096810450.1,2
CONT_s14_bola_ElephantsDream,1789349744.037,0.1034,0,0,0,0,0,0
CONT_s14_bola_ElephantsDream,1789349744.14,0.1034,3496,4,0,247983916.5,864729119.8,2
CONT_s14_bola_ElephantsDream,1789349744.246,0.1052,0,0,0,0,0,0
CONT_s14_bola_ElephantsDream,1789349744.349,0.1035,0,0,0,0,0,0
CONT_s14_bola_ElephantsDream,1789349744.452,0.1033,0,0,0,0,0,0
CONT_s14_bola_ElephantsDream,1789349744.556,0.1037,0,0,0,0,0,0
CONT_s14_bola_ElephantsDream,1789349744.66,0.1035,0,0,0,0,0,0
CONT_s14_bola_ElephantsDream,1789349744.763,0.1035,9052,7,0,206233294.1,598883321.8,2
CONT_s14_bola_ElephantsDream,1789349744.867,0.1034,0,0,0,0,0,0
CONT_s14_bola_ElephantsDream,1789349744.97,0.1033,0,0,0,0,0,0
CONT_s14_bola_ElephantsDream,1789349745.073,0.1033,4552,4,0,221573889.8,298338455.5,2
CONT_s14_bola_ElephantsDream,1789349745.177,0.1034,0,0,0,0,0,0
CONT_s14_bola_ElephantsDream,1789349745.28,0.1034,0,0,0,0,0,0
CONT_s14_bola_ElephantsDream,1789349745.383,0.1032,4552,4,0,217483416.2,1042343.0,2
CONT_s14_bola_ElephantsDream,1789349745.486,0.1033,0,0,0,0,0,0
CONT_s14_bola_ElephantsDream,1789349745.59,0.1033,0,0,0,0,0,0
CONT_s14_bola_ElephantsDream,1789349745.693,0.1034,6052,5,0,209254972.6,699785277.0,2
CONT_s14_bola_ElephantsDream,1789349745.796,0.1034,0,0,0,0,0,0
CONT_s14_bola_ElephantsDream,1789349745.9,0.1033,0,0,0,0,0,0
CONT_s14_bola_ElephantsDream,1789349746.003,0.1033,0,0,0,0,0,0
CONT_s14_bola_ElephantsDream,1789349746.106,0.1033,6052,5,0,205560818.6,799510965.7,2
CONT_s14_bola_ElephantsDream,1789349746.21,0.1035,0,0,0,0,0,0
CONT_s14_bola_ElephantsDream,1789349746.313,0.1034,0,0,0,0,0,0
CONT_s14_bola_ElephantsDream,1789349746.417,0.1033,0,0,0,0,0,0
CONT_s14_bola_ElephantsDream,1789349746.52,0.1033,6052,5,0,202114503.0,799980257.4,2
CONT_s14_bola_ElephantsDream,1789349746.623,0.1033,0,0,0,0,0,0
CONT_s14_bola_ElephantsDream,1789349746.727,0.1033,0,0,0,0,0,0
CONT_s14_bola_ElephantsDream,1789349746.83,0.1035,0,0,0,0,0,0
CONT_s14_bola_ElephantsDream,1789349746.933,0.1034,0,0,0,0,0,0
CONT_s14_bola_ElephantsDream,1789349747.037,0.1034,7552,6,0,196848633.7,901029599.7,2
CONT_s14_bola_ElephantsDream,1789349747.14,0.1034,0,0,0,0,0,0
CONT_s14_bola_ElephantsDream,1789349747.245,0.105,0,0,0,0,0,0
CONT_s14_bola_ElephantsDream,1789349747.349,0.1035,4487,5,0,209016382.8,686758924.4,2
CONT_s14_bola_ElephantsDream,1789349747.452,0.1033,0,0,0,0,0,0
CONT_s14_bola_ElephantsDream,1789349747.556,0.1034,0,0,0,0,0,0
CONT_s14_bola_ElephantsDream,1789349747.659,0.1034,0,0,0,0,0,0
CONT_s14_bola_ElephantsDream,1789349747.763,0.1036,0,0,0,0,0,0
CONT_s14_bola_ElephantsDream,1789349747.866,0.1036,7552,6,0,197040889.3,497259598.7,2
CONT_s14_bola_ElephantsDream,1789349747.97,0.1035,0,0,0,0,0,0
CONT_s14_bola_ElephantsDream,1789349748.073,0.1033,0,0,0,0,0,0
CONT_s14_bola_ElephantsDream,1789349748.177,0.1035,0,0,0,0,0,0
CONT_s14_bola_ElephantsDream,1789349748.28,0.1036,7500,5,0,183769733.0,0,1
CONT_s14_bola_ElephantsDream,1789349748.384,0.1036,52,1,0,244965121.0,614606.0,1
CONT_s14_bola_ElephantsDream,1789349748.487,0.1036,0,0,0,0,0,0
CONT_s14_bola_ElephantsDream,1789349748.591,0.1035,0,0,0,0,0,0
CONT_s14_bola_ElephantsDream,1789349748.694,0.1035,0,0,0,0,0,0
CONT_s14_bola_ElephantsDream,1789349748.798,0.1034,7552,6,0,191146859.0,1001650500.3,2
CONT_s14_bola_ElephantsDream,1789349748.901,0.1033,0,0,0,0,0,0
CONT_s14_bola_ElephantsDream,1789349749.004,0.1034,0,0,0,0,0,0
CONT_s14_bola_ElephantsDream,1789349749.108,0.1035,0,0,0,0,0,0
CONT_s14_bola_ElephantsDream,1789349749.211,0.1035,0,0,0,0,0,0
CONT_s14_bola_ElephantsDream,1789349749.315,0.1034,7552,6,0,188556761.8,1001770091.8,2
CONT_s14_bola_ElephantsDream,1789349749.418,0.1033,0,0,0,0,0,0
CONT_s14_bola_ElephantsDream,1789349749.522,0.1034,0,0,0,0,0,0
CONT_s14_bola_ElephantsDream,1789349749.625,0.1034,0,0,0,0,0,0
CONT_s14_bola_ElephantsDream,1789349749.728,0.1034,0,0,0,0,0,0
CONT_s14_bola_ElephantsDream,1789349749.833,0.1044,7552,6,0,186171108.2,1001388505.7,2
CONT_s14_bola_ElephantsDream,1789349749.937,0.1037,0,0,0,0,0,0
CONT_s14_bola_ElephantsDream,1789349750.04,0.1034,0,0,0,0,0,0
CONT_s14_bola_ElephantsDream,1789349750.143,0.1034,0,0,0,0,0,0
CONT_s14_bola_ElephantsDream,1789349750.249,0.1052,0,0,0,0,0,0
CONT_s14_bola_ElephantsDream,1789349750.352,0.1035,7552,6,0,183963231.0,1001397089.6,2
CONT_s14_bola_ElephantsDream,1789349750.455,0.1033,0,0,0,0,0,0
CONT_s14_bola_ElephantsDream,1789349750.559,0.1034,0,0,0,0,0,0
CONT_s14_bola_ElephantsDream,1789349750.662,0.1035,5513,6,0,183865934.3,765783062.0,2
CONT_s14_bola_ElephantsDream,1789349750.766,0.1035,0,0,0,0,0,0
CONT_s14_bola_ElephantsDream,1789349750.869,0.1034,0,0,0,0,0,0
CONT_s14_bola_ElephantsDream,1789349750.973,0.1033,0,0,0,0,0,0
CONT_s14_bola_ElephantsDream,1789349751.076,0.1034,0,0,0,0,0,0
CONT_s14_bola_ElephantsDream,1789349751.18,0.1035,0,0,0,0,0,0
CONT_s14_bola_ElephantsDream,1789349751.283,0.1034,0,0,0,0,0,0
CONT_s14_bola_ElephantsDream,1789349751.386,0.1033,10552,8,0,181501551.0,698968388.0,2
CONT_s14_bola_ElephantsDream,1789349751.49,0.1033,0,0,0,0,0,0
CONT_s14_bola_ElephantsDream,1789349751.593,0.1035,0,0,0,0,0,0
CONT_s14_bola_ElephantsDream,1789349751.697,0.1034,0,0,0,0,0,0
CONT_s14_bola_ElephantsDream,1789349751.8,0.1034,6052,5,0,188977293.4,399535181.9,2
CONT_s14_bola_ElephantsDream,1789349751.903,0.1033,0,0,0,0,0,0
CONT_s14_bola_ElephantsDream,1789349752.007,0.1034,0,0,0,0,0,0
CONT_s14_bola_ElephantsDream,1789349752.11,0.1034,0,0,0,0,0,0
CONT_s14_bola_ElephantsDream,1789349752.214,0.1035,6052,5,0,188044509.0,583514.0,2
CONT_s14_bola_ElephantsDream,1789349752.317,0.1034,0,0,0,0,0,0
CONT_s14_bola_ElephantsDream,1789349752.42,0.1033,0,0,0,0,0,0
CONT_s14_bola_ElephantsDream,1789349752.524,0.1034,0,0,0,0,0,0
CONT_s14_bola_ElephantsDream,1789349752.627,0.1033,6052,5,0,186843193.6,799826276.2,2
CONT_s14_bola_ElephantsDream,1789349752.732,0.1046,0,0,0,0,0,0
CONT_s14_bola_ElephantsDream,1789349752.835,0.1034,0,0,0,0,0,0
CONT_s14_bola_ElephantsDream,1789349752.938,0.1034,0,0,0,0,0,0
CONT_s14_bola_ElephantsDream,1789349753.042,0.1034,0,0,0,0,0,0
CONT_s14_bola_ElephantsDream,1789349753.145,0.1034,7552,6,0,185059720.0,901551751.3,2
CONT_s14_bola_ElephantsDream,1789349753.253,0.1077,0,0,0,0,0,0
CONT_s14_bola_ElephantsDream,1789349753.357,0.1035,0,0,0,0,0,0
CONT_s14_bola_ElephantsDream,1789349753.46,0.1033,0,0,0,0,0,0
CONT_s14_bola_ElephantsDream,1789349753.563,0.1034,0,0,0,0,0,0
CONT_s14_bola_ElephantsDream,1789349753.667,0.1035,7552,6,0,183037611.3,1001843046.1,2
CONT_s14_bola_ElephantsDream,1789349753.77,0.1034,0,0,0,0,0,0
CONT_s14_bola_ElephantsDream,1789349753.873,0.1033,0,0,0,0,0,0
CONT_s14_bola_ElephantsDream,1789349753.977,0.1033,0,0,0,0,0,0
CONT_s14_bola_ElephantsDream,1789349754.08,0.1034,7552,6,0,181129551.3,1001833239.1,2
CONT_s14_bola_ElephantsDream,1789349754.184,0.1034,0,0,0,0,0,0
CONT_s14_bola_ElephantsDream,1789349754.287,0.1034,2402,4,0,179549108.5,501037972.3,2
CONT_s14_bola_ElephantsDream,1789349754.39,0.1033,0,0,0,0,0,0
CONT_s14_bola_ElephantsDream,1789349754.494,0.1033,0,0,0,0,0,0
CONT_s14_bola_ElephantsDream,1789349754.597,0.1034,0,0,0,0,0,0
CONT_s14_bola_ElephantsDream,1789349754.7,0.1034,0,0,0,0,0,0
CONT_s14_bola_ElephantsDream,1789349754.804,0.1037,7552,6,0,181973886.2,497915443.3,2
CONT_s14_bola_ElephantsDream,1789349754.908,0.1038,0,0,0,0,0,0
CONT_s14_bola_ElephantsDream,1789349755.011,0.1034,0,0,0,0,0,0
CONT_s14_bola_ElephantsDream,1789349755.115,0.1033,0,0,0,0,0,0
CONT_s14_bola_ElephantsDream,1789349755.218,0.1035,7552,6,0,180987330.5,1022121.0,2
CONT_s14_bola_ElephantsDream,1789349755.322,0.1035,0,0,0,0,0,0
CONT_s14_bola_ElephantsDream,1789349755.425,0.1033,0,0,0,0,0,0
CONT_s14_bola_ElephantsDream,1789349755.528,0.1034,0,0,0,0,0,0
CONT_s14_bola_ElephantsDream,1789349755.634,0.106,0,0,0,0,0,0
CONT_s14_bola_ElephantsDream,1789349755.738,0.1034,7552,6,0,179809519.0,1001801247.6,2
CONT_s14_bola_ElephantsDream,1789349755.841,0.1034,0,0,0,0,0,0
CONT_s14_bola_ElephantsDream,1789349755.944,0.1033,0,0,0,0,0,0
CONT_s14_bola_ElephantsDream,1789349756.048,0.1034,0,0,0,0,0,0
CONT_s14_bola_ElephantsDream,1789349756.151,0.1034,0,0,0,0,0,0
CONT_s14_bola_ElephantsDream,1789349756.256,0.1046,7552,6,0,178530258.3,1001367479.5,2
CONT_s14_bola_ElephantsDream,1789349756.359,0.1034,0,0,0,0,0,0
CONT_s14_bola_ElephantsDream,1789349756.463,0.1034,0,0,0,0,0,0
CONT_s14_bola_ElephantsDream,1789349756.566,0.1035,0,0,0,0,0,0
CONT_s14_bola_ElephantsDream,1789349756.67,0.1035,0,0,0,0,0,0
CONT_s14_bola_ElephantsDream,1789349756.773,0.1034,7552,6,0,177209551.2,1001818453.7,2
CONT_s14_bola_ElephantsDream,1789349756.876,0.1034,0,0,0,0,0,0
CONT_s14_bola_ElephantsDream,1789349756.98,0.1034,0,0,0,0,0,0
CONT_s14_bola_ElephantsDream,1789349757.083,0.1033,0,0,0,0,0,0
CONT_s14_bola_ElephantsDream,1789349757.186,0.1033,0,0,0,0,0,0
CONT_s14_bola_ElephantsDream,1789349757.29,0.1034,7552,6,0,175876312.0,1001584495.9,2
CONT_s14_bola_ElephantsDream,1789349757.393,0.1033,0,0,0,0,0,0
CONT_s14_bola_ElephantsDream,1789349757.497,0.1033,3084,4,0,170084346.0,568579082.9,2
CONT_s14_bola_ElephantsDream,1789349757.6,0.1034,0,0,0,0,0,0
CONT_s14_bola_ElephantsDream,1789349757.703,0.1034,0,0,0,0,0,0
CONT_s14_bola_ElephantsDream,1789349757.807,0.1034,0,0,0,0,0,0
CONT_s14_bola_ElephantsDream,1789349757.91,0.1033,7552,6,0,181145548.0,498196499.7,2
CONT_s14_bola_ElephantsDream,1789349758.013,0.1034,0,0,0,0,0,0
CONT_s14_bola_ElephantsDream,1789349758.117,0.1034,0,0,0,0,0,0
CONT_s14_bola_ElephantsDream,1789349758.22,0.1035,0,0,0,0,0,0
CONT_s14_bola_ElephantsDream,1789349758.324,0.1034,0,0,0,0,0,0
CONT_s14_bola_ElephantsDream,1789349758.427,0.1036,7552,6,0,179586730.5,597310.0,2
CONT_s14_bola_ElephantsDream,1789349758.531,0.1034,0,0,0,0,0,0
CONT_s14_bola_ElephantsDream,1789349758.635,0.1045,0,0,0,0,0,0
CONT_s14_bola_ElephantsDream,1789349758.739,0.1034,0,0,0,0,0,0
CONT_s14_bola_ElephantsDream,1789349758.842,0.1035,0,0,0,0,0,0
CONT_s14_bola_ElephantsDream,1789349758.945,0.1033,7552,6,0,178055233.2,1001396232.9,2
CONT_s14_bola_ElephantsDream,1789349759.049,0.1034,0,0,0,0,0,0
CONT_s14_bola_ElephantsDream,1789349759.152,0.1034,0,0,0,0,0,0
CONT_s14_bola_ElephantsDream,1789349759.257,0.1051,0,0,0,0,0,0
CONT_s14_bola_ElephantsDream,1789349759.361,0.1034,0,0,0,0,0,0
CONT_s14_bola_ElephantsDream,1789349759.464,0.1034,7552,6,0,176561811.2,1001806667.5,2
CONT_s14_bola_ElephantsDream,1789349759.567,0.1033,0,0,0,0,0,0
CONT_s14_bola_ElephantsDream,1789349759.671,0.1034,0,0,0,0,0,0
CONT_s14_bola_ElephantsDream,1789349759.774,0.1034,0,0,0,0,0,0
CONT_s14_bola_ElephantsDream,1789349759.877,0.1033,60,1,0,0.0,0,1
CONT_s14_bola_ElephantsDream,1789349759.981,0.1034,7552,6,0,175129111.7,1001346614.1,2
CONT_s14_bola_ElephantsDream,1789349760.084,0.1035,0,0,0,0,0,0
CONT_s14_bola_ElephantsDream,1789349760.188,0.1035,0,0,0,0,0,0
CONT_s14_bola_ElephantsDream,1789349760.291,0.1035,0,0,0,0,0,0
CONT_s14_bola_ElephantsDream,1789349760.395,0.1034,0,0,0,0,0,0
CONT_s14_bola_ElephantsDream,1789349760.498,0.1035,7885,9,0,123966403.1,963508070.2,4
CONT_s14_bola_ElephantsDream,1789349760.602,0.1036,0,0,0,0,0,0
CONT_s14_bola_ElephantsDream,1789349760.706,0.1037,0,0,0,0,0,0
CONT_s14_bola_ElephantsDream,1789349760.809,0.1036,4552,4,0,172644769.0,802029781.0,2
CONT_s14_bola_ElephantsDream,1789349760.913,0.1035,2615,5,0,126727524.0,41320181.8,3
CONT_s14_bola_ElephantsDream,1789349761.016,0.1036,0,0,0,0,0,0
CONT_s14_bola_ElephantsDream,1789349761.12,0.1036,3052,3,0,42169404.0,202835581.0,2
CONT_s14_bola_ElephantsDream,1789349761.224,0.1037,0,0,0,0,0,0
CONT_s14_bola_ElephantsDream,1789349761.327,0.1036,3052,3,0,63708317.7,816364.0,2
CONT_s14_bola_ElephantsDream,1789349761.431,0.1035,0,0,0,0,0,0
CONT_s14_bola_ElephantsDream,1789349761.534,0.1036,0,0,0,0,0,0
CONT_s14_bola_ElephantsDream,1789349761.638,0.1043,0,0,0,0,0,0
CONT_s14_bola_ElephantsDream,1789349761.745,0.1068,0,0,0,0,0,0
CONT_s14_bola_ElephantsDream,1789349761.849,0.1036,7999,7,1,222882136.0,852550597.6,2
CONT_s14_bola_ElephantsDream,1789349761.952,0.1036,0,0,0,0,0,0
CONT_s14_bola_ElephantsDream,1789349762.056,0.1036,3052,3,0,125392794.0,579106.0,2
CONT_s14_bola_ElephantsDream,1789349762.16,0.1036,0,0,0,0,0,0
CONT_s14_bola_ElephantsDream,1789349762.263,0.1036,3052,3,0,139362082.3,1090435284.2,2
CONT_s14_bola_ElephantsDream,1789349762.367,0.1034,0,0,0,0,0,0
CONT_s14_bola_ElephantsDream,1789349762.47,0.1035,0,0,0,0,0,0
CONT_s14_bola_ElephantsDream,1789349762.574,0.1035,4552,4,0,260825882.8,697824842.9,2
CONT_s14_bola_ElephantsDream,1789349762.677,0.1035,0,0,0,0,0,0
CONT_s14_bola_ElephantsDream,1789349762.781,0.1036,3052,3,0,260582877.0,652551.0,2
CONT_s14_bola_ElephantsDream,1789349762.885,0.1036,0,0,0,0,0,0
CONT_s14_bola_ElephantsDream,1789349762.988,0.1035,3052,3,0,192851942.7,1586622706.4,2
CONT_s14_bola_ElephantsDream,1789349763.092,0.1035,0,0,0,0,0,0
CONT_s14_bola_ElephantsDream,1789349763.195,0.1035,3052,3,0,199561562.3,1090786930.3,2
CONT_s14_bola_ElephantsDream,1789349763.299,0.1035,1552,2,0,273531889.0,46307880.0,2
CONT_s14_bola_ElephantsDream,1789349763.402,0.1036,0,0,0,0,0,0
CONT_s14_bola_ElephantsDream,1789349763.506,0.1035,4552,4,0,258254645.5,997095133.7,2
CONT_s14_bola_ElephantsDream,1789349763.609,0.1035,0,0,0,0,0,0
CONT_s14_bola_ElephantsDream,1789349763.713,0.1035,3052,3,0,236366408.7,1487549948.5,2
CONT_s14_bola_ElephantsDream,1789349763.816,0.1036,0,0,0,0,0,0
CONT_s14_bola_ElephantsDream,1789349763.92,0.1036,3052,3,0,236378605.0,991610196.1,2
CONT_s14_bola_ElephantsDream,1789349764.023,0.1035,1500,1,0,267663772.0,761161162.0,1
CONT_s14_bola_ElephantsDream,1789349764.127,0.1036,52,1,0,278725507.0,51734966.0,1
CONT_s14_bola_ElephantsDream,1789349764.231,0.1037,3052,3,0,272604967.7,693735078.8,2
CONT_s14_bola_ElephantsDream,1789349764.334,0.1036,0,0,0,0,0,0
CONT_s14_bola_ElephantsDream,1789349764.438,0.1035,3052,3,0,258971559.3,1289139831.1,2
CONT_s14_bola_ElephantsDream,1789349764.541,0.1035,0,0,0,0,0,0
CONT_s14_bola_ElephantsDream,1789349764.645,0.1035,3052,3,0,254503615.3,892236003.4,2
CONT_s14_bola_ElephantsDream,1789349764.75,0.1049,1500,1,0,280545599.0,0,1
CONT_s14_bola_ElephantsDream,1789349764.853,0.1037,1552,2,0,290862467.0,731855392.0,2
CONT_s14_bola_ElephantsDream,1789349764.957,0.1036,52,1,0,302532745.0,51932076.0,1
CONT_s14_bola_ElephantsDream,1789349765.061,0.1035,3052,3,0,276651001.7,792991081.2,2
CONT_s14_bola_ElephantsDream,1789349765.164,0.1038,0,0,0,0,0,0
CONT_s14_bola_ElephantsDream,1789349765.268,0.104,3052,3,0,285379154.3,1288732857.1,2
CONT_s14_bola_ElephantsDream,1789349765.372,0.1038,0,0,0,0,0,0
CONT_s14_bola_ElephantsDream,1789349765.476,0.1036,3052,3,0,280139856.7,991413686.8,2
CONT_s14_bola_ElephantsDream,1789349765.579,0.1036,0,0,0,0,0,0
CONT_s14_bola_ElephantsDream,1789349765.683,0.1037,3052,3,0,307107514.0,850078184.4,2
CONT_s14_bola_ElephantsDream,1789349765.787,0.1037,1552,2,0,302887220.5,829423656.4,2
CONT_s14_bola_ElephantsDream,1789349765.89,0.1035,0,0,0,0,0,0
CONT_s14_bola_ElephantsDream,1789349765.994,0.1036,3052,3,0,283514510.0,892309517.8,2
CONT_s14_bola_ElephantsDream,1789349766.097,0.1035,0,0,0,0,0,0
CONT_s14_bola_ElephantsDream,1789349766.201,0.1035,3052,3,0,318585735.3,1487689247.0,2
CONT_s14_bola_ElephantsDream,1789349766.305,0.1038,0,0,0,0,0,0
CONT_s14_bola_ElephantsDream,1789349766.408,0.1037,3052,3,0,311951580.7,1090740060.6,2
CONT_s14_bola_ElephantsDream,1789349766.512,0.1036,0,0,0,0,0,0
CONT_s14_bola_ElephantsDream,1789349766.615,0.1036,3052,3,0,313118116.7,892409364.7,2
CONT_s14_bola_ElephantsDream,1789349766.719,0.1037,1552,2,0,307659122.0,831785058.3,2
CONT_s14_bola_ElephantsDream,1789349766.823,0.1036,0,0,0,0,0,0
CONT_s14_bola_ElephantsDream,1789349766.926,0.1036,3052,3,0,288957301.0,892293374.1,2
CONT_s14_bola_ElephantsDream,1789349767.03,0.1038,0,0,0,0,0,0
CONT_s14_bola_ElephantsDream,1789349767.135,0.1048,3052,3,0,347155074.3,1586846505.3,2
CONT_s14_bola_ElephantsDream,1789349767.239,0.1036,3000,2,0,353793872.0,1109470906.0,1
CONT_s14_bola_ElephantsDream,1789349767.342,0.1036,52,1,0,305324490.0,716679.0,1
CONT_s14_bola_ElephantsDream,1789349767.446,0.1035,3052,3,0,317790120.0,892238315.5,2
CONT_s14_bola_ElephantsDream,1789349767.549,0.1036,1500,1,0,312592471.0,866602355.0,1
CONT_s14_bola_ElephantsDream,1789349767.653,0.1035,52,1,0,309450040.0,53634747.0,1
CONT_s14_bola_ElephantsDream,1789349767.757,0.1038,3052,3,0,349766828.3,1388250617.4,2
CONT_s14_bola_ElephantsDream,1789349767.86,0.1034,0,0,0,0,0,0
CONT_s14_bola_ElephantsDream,1789349767.963,0.1035,3164,5,0,260005789.6,877035384.1,3
CONT_s14_bola_ElephantsDream,1789349768.067,0.1037,1263,2,0,310791770.0,754279627.5,2
CONT_s14_bola_ElephantsDream,1789349768.171,0.1037,0,0,0,0,0,0
CONT_s14_bola_ElephantsDream,1789349768.275,0.1036,3040,3,0,325338182.7,963014548.0,2
CONT_s14_bola_ElephantsDream,1789349768.378,0.1034,0,0,0,0,0,0
CONT_s14_bola_ElephantsDream,1789349768.482,0.1036,3437,7,0,180991735.1,515019646.4,4
CONT_s14_bola_ElephantsDream,1789349768.585,0.1037,0,0,0,0,0,0
CONT_s14_bola_ElephantsDream,1789349768.689,0.1037,0,0,0,0,0,0
CONT_s14_bola_ElephantsDream,1789349768.793,0.1037,0,0,0,0,0,0
CONT_s14_bola_ElephantsDream,1789349768.896,0.1036,6052,5,0,265150760.6,404384895.0,2
CONT_s14_bola_ElephantsDream,1789349769.0,0.1037,0,0,0,0,0,0
CONT_s14_bola_ElephantsDream,1789349769.104,0.1035,3052,3,0,226816286.0,618276757.0,2
CONT_s14_bola_ElephantsDream,1789349769.208,0.104,0,0,0,0,0,0
CONT_s14_bola_ElephantsDream,1789349769.311,0.1037,3052,3,0,50791247.0,202729397.0,2
CONT_s14_bola_ElephantsDream,1789349769.415,0.1035,0,0,0,0,0,0
CONT_s14_bola_ElephantsDream,1789349769.518,0.1037,3052,3,0,75365207.7,537236.0,2
CONT_s14_bola_ElephantsDream,1789349769.622,0.1038,0,0,0,0,0,0
CONT_s14_bola_ElephantsDream,1789349769.726,0.1038,3052,3,0,311704723.7,797448573.0,2
CONT_s14_bola_ElephantsDream,1789349769.83,0.1037,0,0,0,0,0,0
CONT_s14_bola_ElephantsDream,1789349769.933,0.1037,3052,3,0,308690136.0,1193676.0,2
CONT_s14_bola_ElephantsDream,1789349770.037,0.1038,3052,3,0,125732076.3,557107.0,2
CONT_s14_bola_ElephantsDream,1789349770.141,0.1039,0,0,0,0,0,0
CONT_s14_bola_ElephantsDream,1789349770.246,0.1052,3052,3,0,137757352.3,991305877.2,2
CONT_s14_bola_ElephantsDream,1789349770.35,0.1037,1500,1,0,318916460.0,0,1
CONT_s14_bola_ElephantsDream,1789349770.454,0.1035,52,1,0,315043130.0,44352396.0,1
CONT_s14_bola_ElephantsDream,1789349770.557,0.1038,3052,3,0,313664380.7,892002674.7,2
CONT_s14_bola_ElephantsDream,1789349770.661,0.1037,0,0,0,0,0,0
CONT_s14_bola_ElephantsDream,1789349770.765,0.1037,3052,3,0,299119373.0,891758219.8,2
CONT_s14_bola_ElephantsDream,1789349770.869,0.1038,0,0,0,0,0,0
CONT_s14_bola_ElephantsDream,1789349770.972,0.1037,3052,3,0,191514602.7,1487670465.5,2
CONT_s14_bola_ElephantsDream,1789349771.076,0.1037,0,0,0,0,0,0
CONT_s14_bola_ElephantsDream,1789349771.18,0.1038,3052,3,0,198463143.7,1090825876.6,2
CONT_s14_bola_ElephantsDream,1789349771.284,0.1038,0,0,0,0,0,0
CONT_s14_bola_ElephantsDream,1789349771.387,0.1036,3052,3,0,326098348.3,948565324.1,2
CONT_s14_bola_ElephantsDream,1789349771.491,0.1036,0,0,0,0,0,0
CONT_s14_bola_ElephantsDream,1789349771.595,0.1039,275281,220,4,16909090.7,17887079.8,6
CONT_s14_bola_ElephantsDream,1789349771.699,0.1039,15104,12,0,7272539.8,257821.5,2
CONT_s14_bola_ElephantsDream,1789349771.802,0.1039,1564,2,0,13545833.0,1135620.0,2
CONT_s14_bola_ElephantsDream,1789349771.906,0.1039,1564,2,0,13592813.5,677235.0,2
CONT_s14_bola_ElephantsDream,1789349772.01,0.1039,1564,2,0,12754559.5,580328.0,2
CONT_s14_bola_ElephantsDream,1789349772.114,0.1039,1564,2,0,11979196.0,1135639.0,2
CONT_s14_bola_ElephantsDream,1789349772.218,0.1041,1564,2,0,11267257.0,518996.0,2
CONT_s14_bola_ElephantsDream,1789349772.322,0.1039,1564,2,0,10592147.0,833326.0,2
CONT_s14_bola_ElephantsDream,1789349772.426,0.1038,1628,3,0,13722479.3,798142.0,2
CONT_s14_bola_ElephantsDream,1789349772.53,0.1041,1564,2,0,14160134.5,1118380.0,2
CONT_s14_bola_ElephantsDream,1789349772.635,0.1048,1564,2,0,13579655.5,871789.0,2
CONT_s14_bola_ElephantsDream,1789349772.739,0.1039,1572,2,0,12741674.0,993965609.0,2
CONT_s14_bola_ElephantsDream,1789349772.843,0.1039,1572,2,1,11948678.5,962076483.1,2
CONT_s14_bola_ElephantsDream,1789349772.947,0.1039,1572,2,1,11209567.5,962493806.4,2
CONT_s14_bola_ElephantsDream,1789349773.051,0.104,1572,2,1,10521422.5,962601058.5,2
CONT_s14_bola_ElephantsDream,1789349773.154,0.1038,1572,2,1,9877029.0,962045652.8,2
CONT_s14_bola_ElephantsDream,1789349773.258,0.104,3144,4,2,8688691.5,962472927.2,2
CONT_s14_bola_ElephantsDream,1789349773.362,0.1038,1572,2,1,8147013.0,962354008.0,2
CONT_s14_bola_ElephantsDream,1789349773.466,0.1039,1572,2,1,7643693.0,962063943.0,2
CONT_s14_bola_ElephantsDream,1789349773.57,0.104,1572,2,1,7169906.0,962290421.5,2
CONT_s14_bola_ElephantsDream,1789349773.674,0.104,1572,2,1,6722272.5,962213674.8,2
CONT_s14_bola_ElephantsDream,1789349773.778,0.1039,1572,2,1,6306842.0,962213377.0,2
CONT_s14_bola_ElephantsDream,1789349773.882,0.1039,390,2,0,430238138.5,2234099501.0,2
CONT_s14_bola_ElephantsDream,1789349773.986,0.1041,0,0,0,0,0,0
CONT_s14_bola_ElephantsDream,1789349774.09,0.1041,3144,4,2,26818226.5,887842891.6,2
CONT_s14_bola_ElephantsDream,1789349774.194,0.1039,3144,4,2,47995359.0,984271718.3,2
CONT_s14_bola_ElephantsDream,1789349774.298,0.1039,0,0,0,0,0,0
CONT_s14_bola_ElephantsDream,1789349774.402,0.1039,3144,4,2,66647736.5,984341067.3,2
CONT_s14_bola_ElephantsDream,1789349774.506,0.104,0,0,0,0,0,0
CONT_s14_bola_ElephantsDream,1789349774.61,0.1039,3144,4,2,83018322.5,984228977.2,2
CONT_s14_bola_ElephantsDream,1789349774.714,0.104,1999,3,1,501494894.7,681302571.0,2
CONT_s14_bola_ElephantsDream,1789349774.818,0.1039,0,0,0,0,0,0
CONT_s14_bola_ElephantsDream,1789349774.922,0.1039,3144,4,2,109594283.5,1080349192.1,2
CONT_s14_bola_ElephantsDream,1789349775.026,0.104,0,0,0,0,0,0
CONT_s14_bola_ElephantsDream,1789349775.131,0.1053,3256,6,2,97030233.7,1041422859.0,3
CONT_s14_bola_ElephantsDream,1789349775.235,0.104,0,0,0,0,0,0
CONT_s14_bola_ElephantsDream,1789349775.339,0.104,3040,3,2,126258692.7,1109625330.0,2
CONT_s14_bola_ElephantsDream,1789349775.443,0.104,0,0,0,0,0,0
CONT_s14_bola_ElephantsDream,1789349775.547,0.104,3000,2,2,138212984.0,1109200111.0,1
CONT_s14_bola_ElephantsDream,1789349775.651,0.1043,1500,1,0,463052618.0,905040577.0,1
CONT_s14_bola_ElephantsDream,1789349775.756,0.1049,1604,3,0,530758159.3,47273132.0,2
CONT_s14_bola_ElephantsDream,1789349775.86,0.1038,0,0,0,0,0,0
CONT_s14_bola_ElephantsDream,1789349775.964,0.104,3000,2,2,170360234.0,1310959720.0,1
CONT_s14_bola_ElephantsDream,1789349776.068,0.104,0,0,0,0,0,0
CONT_s14_bola_ElephantsDream,1789349776.172,0.1039,3445,7,2,95474707.3,1004828162.1,3
CONT_s14_bola_ElephantsDream,1789349776.276,0.1041,0,0,0,0,0,0
CONT_s14_bola_ElephantsDream,1789349776.38,0.1041,3000,2,2,167927668.0,0,1
CONT_s14_bola_ElephantsDream,1789349776.484,0.1041,1552,2,0,525811632.5,742143787.7,2
CONT_s14_bola_ElephantsDream,1789349776.588,0.1041,1728,5,0,238698964.2,285039394.1,4
CONT_s14_bola_ElephantsDream,1789349776.692,0.1041,0,0,0,0,0,0
CONT_s14_bola_ElephantsDream,1789349776.796,0.104,3052,3,0,59420896.7,824827.0,2
CONT_s14_bola_ElephantsDream,1789349776.9,0.1041,0,0,0,0,0,0
CONT_s14_bola_ElephantsDream,1789349777.004,0.1041,3052,3,0,70279028.0,804734.0,2
CONT_s14_bola_ElephantsDream,1789349777.109,0.1041,1552,2,0,524686083.5,1245423323.9,2
CONT_s14_bola_ElephantsDream,1789349777.213,0.1041,1552,2,0,517292662.0,639288974.3,2
CONT_s14_bola_ElephantsDream,1789349777.317,0.104,0,0,0,0,0,0
CONT_s14_bola_ElephantsDream,1789349777.421,0.1041,3052,3,0,100131887.0,797609999.3,2
CONT_s14_bola_ElephantsDream,1789349777.525,0.104,0,0,0,0,0,0
CONT_s14_bola_ElephantsDream,1789349777.63,0.1055,3052,3,0,110232673.3,792913894.6,2
CONT_s14_bola_ElephantsDream,1789349777.734,0.1041,1552,2,0,509777733.5,1037364338.3,2
CONT_s14_bola_ElephantsDream,1789349777.838,0.1041,1552,2,0,502737876.0,643645479.4,2
CONT_s14_bola_ElephantsDream,1789349777.942,0.104,3000,2,0,152553124.0,1008534601.0,1
CONT_s14_bola_ElephantsDream,1789349778.046,0.1041,52,1,0,101515679.0,542663.0,1
CONT_s14_bola_ElephantsDream,1789349778.151,0.104,3052,3,0,141603363.7,792750728.7,2
CONT_s14_bola_ElephantsDream,1789349778.255,0.1048,1500,1,0,474644857.0,1059987717.0,1
CONT_s14_bola_ElephantsDream,1789349778.36,0.1042,52,1,0,517594678.0,46497675.0,1
CONT_s14_bola_ElephantsDream,1789349778.464,0.104,3052,3,0,467237128.0,749703309.9,2
CONT_s14_bola_ElephantsDream,1789349778.568,0.1041,0,0,0,0,0,0
CONT_s14_bola_ElephantsDream,1789349778.672,0.1042,3052,3,0,173592739.3,1090843619.4,2
CONT_s14_bola_ElephantsDream,1789349778.776,0.1041,0,0,0,0,0,0
CONT_s14_bola_ElephantsDream,1789349778.88,0.104,3052,3,0,177499643.7,892396689.6,2
CONT_s14_bola_ElephantsDream,1789349778.984,0.1041,1500,1,0,451094021.0,1158652040.0,1
CONT_s14_bola_ElephantsDream,1789349779.088,0.1042,52,1,0,499669239.0,46782413.0,1
CONT_s14_bola_ElephantsDream,1789349779.192,0.1042,3052,3,0,448929215.0,847234203.3,2
CONT_s14_bola_ElephantsDream,1789349779.297,0.1041,0,0,0,0,0,0
CONT_s14_bola_ElephantsDream,1789349779.401,0.1041,4062,5,0,408718685.2,830150310.9,2
CONT_s14_bola_ElephantsDream,1789349779.505,0.1041,0,0,0,0,0,0
CONT_s14_bola_ElephantsDream,1789349779.609,0.1041,3052,3,0,230016932.3,1425979433.5,2
CONT_s14_bola_ElephantsDream,1789349779.713,0.1041,0,0,0,0,0,0
CONT_s14_bola_ElephantsDream,1789349779.817,0.1041,3052,3,0,232834479.7,1128583955.3,2
CONT_s14_bola_ElephantsDream,1789349779.921,0.1041,0,0,0,0,0,0
CONT_s14_bola_ElephantsDream,1789349780.025,0.1041,0,0,0,0,0,0
CONT_s14_bola_ElephantsDream,1789349780.131,0.1058,0,0,0,0,0,0
CONT_s14_bola_ElephantsDream,1789349780.235,0.1041,6052,5,0,397976419.8,797073393.5,2
CONT_s14_bola_ElephantsDream,1789349780.339,0.1041,0,0,0,0,0,0
CONT_s14_bola_ElephantsDream,1789349780.443,0.1041,3052,3,0,265471771.7,1525054807.5,2
CONT_s14_bola_ElephantsDream,1789349780.547,0.1041,0,0,0,0,0,0
CONT_s14_bola_ElephantsDream,1789349780.651,0.104,3052,3,0,261840055.3,991297908.7,2
CONT_s14_bola_ElephantsDream,1789349780.757,0.1057,0,0,0,0,0,0
CONT_s14_bola_ElephantsDream,1789349780.861,0.1039,3052,3,0,423399748.3,594738131.8,2
CONT_s14_bola_ElephantsDream,1789349780.965,0.1041,0,0,0,0,0,0
CONT_s14_bola_ElephantsDream,1789349781.069,0.1041,3052,3,0,405767970.0,869474.0,2
CONT_s14_bola_ElephantsDream,1789349781.173,0.104,0,0,0,0,0,0
CONT_s14_bola_ElephantsDream,1789349781.277,0.1041,3052,3,0,291495119.0,1388067004.2,2
CONT_s14_bola_ElephantsDream,1789349781.381,0.1041,0,0,0,0,0,0
CONT_s14_bola_ElephantsDream,1789349781.485,0.1041,3052,3,0,285199815.0,991368803.3,2
CONT_s14_bola_ElephantsDream,1789349781.589,0.1042,1552,2,0,418349987.0,42674577.0,2
CONT_s14_bola_ElephantsDream,1789349781.694,0.1042,0,0,0,0,0,0
CONT_s14_bola_ElephantsDream,1789349781.798,0.1041,0,0,0,0,0,0
CONT_s14_bola_ElephantsDream,1789349781.902,0.104,4552,4,0,371454478.0,997318109.0,2
CONT_s14_bola_ElephantsDream,1789349782.006,0.1041,0,0,0,0,0,0
CONT_s14_bola_ElephantsDream,1789349782.11,0.1041,3052,3,0,312481890.3,1388337997.5,2
CONT_s14_bola_ElephantsDream,1789349782.214,0.104,0,0,0,0,0,0
CONT_s14_bola_ElephantsDream,1789349782.318,0.104,3052,3,0,304078095.7,991481396.4,2
CONT_s14_bola_ElephantsDream,1789349782.422,0.1041,3052,3,0,397527381.0,1388157329.5,2
CONT_s14_bola_ElephantsDream,1789349782.526,0.1041,0,0,0,0,0,0
CONT_s14_bola_ElephantsDream,1789349782.633,0.1066,3052,3,0,382518705.3,1049437300.3,2
CONT_s14_bola_ElephantsDream,1789349782.737,0.104,0,0,0,0,0,0
CONT_s14_bola_ElephantsDream,1789349782.841,0.1041,3052,3,0,329474387.0,1388085229.3,2
CONT_s14_bola_ElephantsDream,1789349782.945,0.1041,0,0,0,0,0,0
CONT_s14_bola_ElephantsDream,1789349783.049,0.1041,3052,3,0,319326568.7,991402609.4,2
CONT_s14_bola_ElephantsDream,1789349783.153,0.104,0,0,0,0,0,0
CONT_s14_bola_ElephantsDream,1789349783.258,0.1045,2777,4,0,408101918.5,1119136821.5,2
CONT_s14_bola_ElephantsDream,1789349783.362,0.1042,0,0,0,0,0,0
CONT_s14_bola_ElephantsDream,1789349783.466,0.1041,3052,3,0,317721511.3,1142316802.1,2
CONT_s14_bola_ElephantsDream,1789349783.57,0.1041,0,0,0,0,0,0
CONT_s14_bola_ElephantsDream,1789349783.674,0.104,3052,3,0,303815507.0,745896535.3,2
CONT_s14_bola_ElephantsDream,1789349783.778,0.1041,0,0,0,0,0,0
CONT_s14_bola_ElephantsDream,1789349783.882,0.1041,0,0,0,0,0,0
CONT_s14_bola_ElephantsDream,1789349783.986,0.1042,0,0,0,0,0,0
CONT_s14_bola_ElephantsDream,1789349784.091,0.1042,6052,5,0,396641847.0,797505767.3,2
CONT_s14_bola_ElephantsDream,1789349784.195,0.104,3052,3,0,329321566.7,1139735405.0,2
CONT_s14_bola_ElephantsDream,1789349784.299,0.1041,0,0,0,0,0,0
CONT_s14_bola_ElephantsDream,1789349784.403,0.104,3052,3,0,319317076.0,991636690.0,2
CONT_s14_bola_ElephantsDream,1789349784.507,0.104,0,0,0,0,0,0
CONT_s14_bola_ElephantsDream,1789349784.611,0.104,3052,3,0,419299375.7,594806530.9,2
CONT_s14_bola_ElephantsDream,1789349784.715,0.104,0,0,0,0,0,0
CONT_s14_bola_ElephantsDream,1789349784.819,0.1041,3052,3,0,401856638.3,732938.0,2
CONT_s14_bola_ElephantsDream,1789349784.923,0.104,0,0,0,0,0,0
CONT_s14_bola_ElephantsDream,1789349785.027,0.104,3052,3,0,343278600.3,1388449072.5,2
CONT_s14_bola_ElephantsDream,1789349785.133,0.1065,0,0,0,0,0,0
CONT_s14_bola_ElephantsDream,1789349785.238,0.1041,3052,3,0,331914537.0,991495889.6,2
CONT_s14_bola_ElephantsDream,1789349785.342,0.1041,1500,1,0,391303334.0,0,1
CONT_s14_bola_ElephantsDream,1789349785.446,0.1041,52,1,0,432376495.0,44264842.0,1
CONT_s14_bola_ElephantsDream,1789349785.55,0.1041,3052,3,0,392750599.0,891634195.0,2
CONT_s14_bola_ElephantsDream,1789349785.654,0.104,0,0,0,0,0,0
CONT_s14_bola_ElephantsDream,1789349785.758,0.1041,3052,3,0,370767375.7,892209537.8,2
CONT_s14_bola_ElephantsDream,1789349785.862,0.1039,0,0,0,0,0,0
CONT_s14_bola_ElephantsDream,1789349785.966,0.1041,3052,3,0,364918710.3,1487002311.6,2
CONT_s14_bola_ElephantsDream,1789349786.07,0.1045,0,0,0,0,0,0
CONT_s14_bola_ElephantsDream,1789349786.174,0.104,3052,3,0,353445662.0,1090364365.7,2
CONT_s14_bola_ElephantsDream,1789349786.278,0.104,0,0,0,0,0,0
CONT_s14_bola_ElephantsDream,1789349786.382,0.104,3052,3,0,391099144.7,948640410.9,2
CONT_s14_bola_ElephantsDream,1789349786.486,0.104,0,0,0,0,0,0
CONT_s14_bola_ElephantsDream,1789349786.59,0.1041,3052,3,0,376364964.3,991167242.3,2
CONT_s14_bola_ElephantsDream,1789349786.695,0.1041,0,0,0,0,0,0
CONT_s14_bola_ElephantsDream,1789349786.799,0.1041,3052,3,0,374095500.7,1487187482.1,2
CONT_s14_bola_ElephantsDream,1789349786.903,0.1042,0,0,0,0,0,0
CONT_s14_bola_ElephantsDream,1789349787.007,0.1041,4185,5,0,368467232.0,830075624.1,4
CONT_s14_bola_ElephantsDream,1789349787.111,0.1041,0,0,0,0,0,0
CONT_s14_bola_ElephantsDream,1789349787.215,0.104,3164,5,0,266364387.6,1019757527.2,3
CONT_s14_bola_ElephantsDream,1789349787.319,0.1041,0,0,0,0,0,0
CONT_s14_bola_ElephantsDream,1789349787.423,0.1042,3040,3,0,327315822.3,651746613.0,2
CONT_s14_bola_ElephantsDream,1789349787.528,0.1042,0,0,0,0,0,0
CONT_s14_bola_ElephantsDream,1789349787.633,0.106,0,0,0,0,0,0
CONT_s14_bola_ElephantsDream,1789349787.738,0.1041,4552,4,0,365331395.5,695806774.9,2
CONT_s14_bola_ElephantsDream,1789349787.842,0.1041,0,0,0,0,0,0
CONT_s14_bola_ElephantsDream,1789349787.946,0.1042,0,0,0,0,0,0
CONT_s14_bola_ElephantsDream,1789349788.05,0.1043,4552,4,0,344055965.0,731568.0,2
CONT_s14_bola_ElephantsDream,1789349788.154,0.1041,0,0,0,0,0,0
CONT_s14_bola_ElephantsDream,1789349788.259,0.1041,3445,7,0,185568672.9,1025418643.6,3
CONT_s14_bola_ElephantsDream,1789349788.363,0.1042,0,0,0,0,0,0
CONT_s14_bola_ElephantsDream,1789349788.467,0.1042,3000,2,0,352502180.0,0,1
CONT_s14_bola_ElephantsDream,1789349788.571,0.1043,0,0,0,0,0,0
CONT_s14_bola_ElephantsDream,1789349788.675,0.1041,0,0,0,0,0,0
CONT_s14_bola_ElephantsDream,1789349788.78,0.1043,4552,4,0,361899749.5,1006279874.2,2
CONT_s14_bola_ElephantsDream,1789349788.884,0.1042,2889,9,0,199952329.9,689710752.4,4
CONT_s14_bola_ElephantsDream,1789349788.988,0.1043,0,0,0,0,0,0
CONT_s14_bola_ElephantsDream,1789349789.093,0.1044,3052,3,0,83597819.3,202506361.0,2
CONT_s14_bola_ElephantsDream,1789349789.197,0.1044,0,0,0,0,0,0
CONT_s14_bola_ElephantsDream,1789349789.301,0.1042,3052,3,0,92507883.7,566921.0,2
CONT_s14_bola_ElephantsDream,1789349789.406,0.1042,0,0,0,0,0,0
CONT_s14_bola_ElephantsDream,1789349789.51,0.1043,0,0,0,0,0,0
CONT_s14_bola_ElephantsDream,1789349789.614,0.1042,0,0,0,0,0,0
CONT_s14_bola_ElephantsDream,1789349789.719,0.1046,6052,5,0,354454912.6,811939498.3,2
CONT_s14_bola_ElephantsDream,1789349789.823,0.1043,0,0,0,0,0,0
CONT_s14_bola_ElephantsDream,1789349789.927,0.1044,3052,3,0,141104204.3,996021802.6,2
CONT_s14_bola_ElephantsDream,1789349790.031,0.1042,0,0,0,0,0,0
CONT_s14_bola_ElephantsDream,1789349790.136,0.1046,3052,3,0,151573732.7,991541243.9,2
CONT_s14_bola_ElephantsDream,1789349790.242,0.1059,0,0,0,0,0,0
CONT_s14_bola_ElephantsDream,1789349790.346,0.1042,3052,3,0,381277081.0,594493150.7,2
CONT_s14_bola_ElephantsDream,1789349790.45,0.1043,0,0,0,0,0,0
CONT_s14_bola_ElephantsDream,1789349790.555,0.1044,3052,3,0,367601067.3,711716.0,2
CONT_s14_bola_ElephantsDream,1789349790.659,0.1042,0,0,0,0,0,0
CONT_s14_bola_ElephantsDream,1789349790.763,0.1043,3052,3,0,193673976.0,1388439860.1,2
CONT_s14_bola_ElephantsDream,1789349790.868,0.1044,3052,3,0,198369622.3,990837928.0,2
CONT_s14_bola_ElephantsDream,1789349790.972,0.1043,1500,1,0,361231549.0,0,1
CONT_s14_bola_ElephantsDream,1789349791.076,0.1043,52,1,0,396522495.0,50613938.0,1
CONT_s14_bola_ElephantsDream,1789349791.18,0.1043,0,0,0,0,0,0
CONT_s14_bola_ElephantsDream,1789349791.285,0.1042,4552,4,0,342504529.0,997270628.4,2
CONT_s14_bola_ElephantsDream,1789349791.389,0.1042,0,0,0,0,0,0
CONT_s14_bola_ElephantsDream,1789349791.493,0.1042,3052,3,0,235373146.3,1388347618.6,2
CONT_s14_bola_ElephantsDream,1789349791.597,0.1044,0,0,0,0,0,0
CONT_s14_bola_ElephantsDream,1789349791.702,0.1043,3052,3,0,235545502.0,991452407.8,2
CONT_s14_bola_ElephantsDream,1789349791.806,0.1044,1101,2,0,356323594.0,417431940.5,2
CONT_s14_bola_ElephantsDream,1789349791.91,0.1043,0,0,0,0,0,0
CONT_s14_bola_ElephantsDream,1789349792.015,0.1043,3052,3,0,232039789.3,1035441085.9,2
CONT_s14_bola_ElephantsDream,1789349792.119,0.1043,3052,3,0,225162699.0,638407793.1,2
CONT_s14_bola_ElephantsDream,1789349792.223,0.1042,0,0,0,0,0,0
CONT_s14_bola_ElephantsDream,1789349792.327,0.1042,0,0,0,0,0,0
CONT_s14_bola_ElephantsDream,1789349792.432,0.1043,0,0,0,0,0,0
CONT_s14_bola_ElephantsDream,1789349792.536,0.1043,6052,5,0,332150139.0,797252477.4,2
CONT_s14_bola_ElephantsDream,1789349792.64,0.1043,0,0,0,0,0,0
CONT_s14_bola_ElephantsDream,1789349792.746,0.1061,3052,3,0,259006249.7,1034745482.3,2
CONT_s14_bola_ElephantsDream,1789349792.851,0.1042,0,0,0,0,0,0
CONT_s14_bola_ElephantsDream,1789349792.955,0.1043,3052,3,0,256405878.0,991481402.9,2
CONT_s14_bola_ElephantsDream,1789349793.059,0.1044,0,0,0,0,0,0
CONT_s14_bola_ElephantsDream,1789349793.164,0.1043,3052,3,0,358893130.0,594579830.2,2
CONT_s14_bola_ElephantsDream,1789349793.268,0.1044,0,0,0,0,0,0
CONT_s14_bola_ElephantsDream,1789349793.372,0.1043,3052,3,0,347306385.0,573440.0,2
CONT_s14_bola_ElephantsDream,1789349793.476,0.1042,0,0,0,0,0,0
CONT_s14_bola_ElephantsDream,1789349793.581,0.1043,3052,3,0,286950282.0,1388337761.4,2
CONT_s14_bola_ElephantsDream,1789349793.685,0.1042,0,0,0,0,0,0
CONT_s14_bola_ElephantsDream,1789349793.789,0.1042,3052,3,0,281429432.0,991633313.7,2
CONT_s14_bola_ElephantsDream,1789349793.893,0.1043,1552,2,0,357272291.5,48513362.0,2
CONT_s14_bola_ElephantsDream,1789349793.998,0.1043,0,0,0,0,0,0
CONT_s14_bola_ElephantsDream,1789349794.102,0.1043,3052,3,0,346786876.7,891786102.0,2
CONT_s14_bola_ElephantsDream,1789349794.206,0.1043,0,0,0,0,0,0
CONT_s14_bola_ElephantsDream,1789349794.311,0.1042,3052,3,0,329272223.7,892372824.5,2
CONT_s14_bola_ElephantsDream,1789349794.415,0.1042,0,0,0,0,0,0
CONT_s14_bola_ElephantsDream,1789349794.519,0.1043,3052,3,0,319642707.7,1487416956.5,2
CONT_s14_bola_ElephantsDream,1789349794.623,0.1043,0,0,0,0,0,0
CONT_s14_bola_ElephantsDream,1789349794.728,0.1043,3052,3,0,312804946.3,1090863369.4,2
CONT_s14_bola_ElephantsDream,1789349794.832,0.1042,2996,4,0,357062224.5,773048270.2,2
CONT_s14_bola_ElephantsDream,1789349794.936,0.1043,0,0,0,0,0,0
CONT_s14_bola_ElephantsDream,1789349795.041,0.1043,3052,3,0,313663256.0,1256327122.7,2
CONT_s14_bola_ElephantsDream,1789349795.145,0.1042,0,0,0,0,0,0
CONT_s14_bola_ElephantsDream,1789349795.25,0.1057,3052,3,0,300700351.0,760134785.4,2
CONT_s14_bola_ElephantsDream,1789349795.355,0.1041,0,0,0,0,0,0
CONT_s14_bola_ElephantsDream,1789349795.459,0.1042,0,0,0,0,0,0
CONT_s14_bola_ElephantsDream,1789349795.563,0.1043,4552,4,0,372744223.2,694721420.4,2
CONT_s14_bola_ElephantsDream,1789349795.667,0.1044,0,0,0,0,0,0
CONT_s14_bola_ElephantsDream,1789349795.772,0.1042,0,0,0,0,0,0
CONT_s14_bola_ElephantsDream,1789349795.876,0.1043,4552,4,0,350115515.8,922937.0,2
CONT_s14_bola_ElephantsDream,1789349795.98,0.1042,0,0,0,0,0,0
CONT_s14_bola_ElephantsDream,1789349796.084,0.1043,3052,3,0,347190388.7,1355265149.2,2
CONT_s14_bola_ElephantsDream,1789349796.189,0.1044,0,0,0,0,0,0
CONT_s14_bola_ElephantsDream,1789349796.293,0.1042,3052,3,0,339594902.0,1189926244.1,2
CONT_s14_bola_ElephantsDream,1789349796.397,0.1043,0,0,0,0,0,0
CONT_s14_bola_ElephantsDream,1789349796.502,0.1047,0,0,0,0,0,0
CONT_s14_bola_ElephantsDream,1789349796.606,0.1044,4552,4,0,365916065.2,996649016.3,2
CONT_s14_bola_ElephantsDream,1789349796.711,0.1045,0,0,0,0,0,0
CONT_s14_bola_ElephantsDream,1789349796.815,0.1042,0,0,0,0,0,0
CONT_s14_bola_ElephantsDream,1789349796.919,0.1042,4552,4,0,344585095.5,996895062.0,2
CONT_s14_bola_ElephantsDream,1789349797.024,0.1042,0,0,0,0,0,0
CONT_s14_bola_ElephantsDream,1789349797.128,0.1043,3052,3,0,382200049.7,1784864618.7,2
CONT_s14_bola_ElephantsDream,1789349797.232,0.1045,3000,2,0,386775186.0,1209985212.0,1
CONT_s14_bola_ElephantsDream,1789349797.337,0.1043,52,1,0,339784868.0,1188824.0,1
CONT_s14_bola_ElephantsDream,1789349797.441,0.1042,0,0,0,0,0,0
CONT_s14_bola_ElephantsDream,1789349797.545,0.1042,4654,5,0,372171661.4,879878202.2,2
CONT_s14_bola_ElephantsDream,1789349797.649,0.1042,0,0,0,0,0,0
CONT_s14_bola_ElephantsDream,1789349797.755,0.1054,3104,4,0,371672372.0,1440156949.4,2
CONT_s14_bola_ElephantsDream,1789349797.859,0.1042,0,0,0,0,0,0
CONT_s14_bola_ElephantsDream,1789349797.963,0.1043,3040,3,0,361681154.3,884436006.0,2
CONT_s14_bola_ElephantsDream,1789349798.067,0.1043,0,0,0,0,0,0
CONT_s14_bola_ElephantsDream,1789349798.172,0.1042,0,0,0,0,0,0
CONT_s14_bola_ElephantsDream,1789349798.276,0.1042,0,0,0,0,0,0
CONT_s14_bola_ElephantsDream,1789349798.38,0.1043,6052,5,0,370925169.0,797375917.2,2
CONT_s14_bola_ElephantsDream,1789349798.484,0.1043,0,0,0,0,0,0
CONT_s14_bola_ElephantsDream,1789349798.589,0.1043,3052,3,0,377577847.0,1049417804.0,1
CONT_s14_bola_ElephantsDream,1789349798.693,0.1042,0,0,0,0,0,0
CONT_s14_bola_ElephantsDream,1789349798.797,0.1042,3000,2,0,356049989.0,0,1
CONT_s14_bola_ElephantsDream,1789349798.901,0.1042,0,0,0,0,0,0
CONT_s14_bola_ElephantsDream,1789349799.006,0.1043,3052,3,0,396524799.0,598782254.5,2
CONT_s14_bola_ElephantsDream,1789349799.11,0.1043,0,0,0,0,0,0
CONT_s14_bola_ElephantsDream,1789349799.214,0.1044,3052,3,0,381428815.7,955011.0,2
CONT_s14_bola_ElephantsDream,1789349799.319,0.1043,1552,2,0,370463083.5,47954830.0,2
CONT_s14_bola_ElephantsDream,1789349799.423,0.1043,0,0,0,0,0,0
CONT_s14_bola_ElephantsDream,1789349799.527,0.1043,0,0,0,0,0,0
CONT_s14_bola_ElephantsDream,1789349799.635,0.1075,4552,4,0,330399055.2,597940190.1,2
CONT_s14_bola_ElephantsDream,1789349799.739,0.1045,3052,3,0,319521551.3,594353617.7,2
CONT_s14_bola_ElephantsDream,1789349799.843,0.1042,0,0,0,0,0,0
CONT_s14_bola_ElephantsDream,1789349799.947,0.104,3045,4,0,305205535.5,525508003.3,2
CONT_s14_bola_ElephantsDream,1789349800.052,0.1043,0,0,0,0,0,0
CONT_s14_bola_ElephantsDream,1789349800.156,0.1042,0,0,0,0,0,0
CONT_s14_bola_ElephantsDream,1789349800.261,0.1047,0,0,0,0,0,0
CONT_s14_bola_ElephantsDream,1789349800.365,0.1043,6052,5,0,276884458.0,396392913.6,2
CONT_s14_bola_ElephantsDream,1789349800.469,0.1041,0,0,0,0,0,0
CONT_s14_bola_ElephantsDream,1789349800.573,0.1041,0,0,0,0,0,0
CONT_s14_bola_ElephantsDream,1789349800.677,0.1041,0,0,0,0,0,0
CONT_s14_bola_ElephantsDream,1789349800.781,0.1042,6052,5,0,259162300.8,927381.0,2
CONT_s14_bola_ElephantsDream,1789349800.886,0.1042,0,0,0,0,0,0
CONT_s14_bola_ElephantsDream,1789349800.99,0.1044,0,0,0,0,0,0
CONT_s14_bola_ElephantsDream,1789349801.094,0.1043,0,0,0,0,0,0
CONT_s14_bola_ElephantsDream,1789349801.199,0.1042,6052,5,0,244758234.4,799753260.4,2
CONT_s14_bola_ElephantsDream,1789349801.303,0.1042,0,0,0,0,0,0
CONT_s14_bola_ElephantsDream,1789349801.407,0.1042,0,0,0,0,0,0
CONT_s14_bola_ElephantsDream,1789349801.511,0.1043,0,0,0,0,0,0
CONT_s14_bola_ElephantsDream,1789349801.615,0.1043,6052,5,0,233006538.6,799613050.1,2
CONT_s14_bola_ElephantsDream,1789349801.72,0.1042,1718,3,0,230859823.0,499875374.9,2
CONT_s14_bola_ElephantsDream,1789349801.824,0.1043,0,0,0,0,0,0
CONT_s14_bola_ElephantsDream,1789349801.928,0.1042,0,0,0,0,0,0
CONT_s14_bola_ElephantsDream,1789349802.032,0.1043,0,0,0,0,0,0
CONT_s14_bola_ElephantsDream,1789349802.137,0.1049,0,0,0,0,0,0
CONT_s14_bola_ElephantsDream,1789349802.242,0.1042,0,0,0,0,0,0
CONT_s14_bola_ElephantsDream,1789349802.346,0.1043,0,0,0,0,0,0
CONT_s14_bola_ElephantsDream,1789349802.45,0.1043,0,0,0,0,0,0
CONT_s14_bola_ElephantsDream,1789349802.554,0.1042,0,0,0,0,0,0
CONT_s14_bola_ElephantsDream,1789349802.659,0.1043,0,0,0,0,0,0
CONT_s14_bola_ElephantsDream,1789349802.763,0.1043,0,0,0,0,0,0
CONT_s14_bola_ElephantsDream,1789349802.867,0.1044,0,0,0,0,0,0
CONT_s14_bola_ElephantsDream,1789349802.971,0.1042,0,0,0,0,0,0
CONT_s14_bola_ElephantsDream,1789349803.076,0.1043,0,0,0,0,0,0
CONT_s14_bola_ElephantsDream,1789349803.18,0.1042,0,0,0,0,0,0
CONT_s14_bola_ElephantsDream,1789349803.284,0.1042,0,0,0,0,0,0
CONT_s14_bola_ElephantsDream,1789349803.389,0.1044,0,0,0,0,0,0
CONT_s14_bola_ElephantsDream,1789349803.493,0.1043,0,0,0,0,0,0
CONT_s14_bola_ElephantsDream,1789349803.597,0.1043,0,0,0,0,0,0
CONT_s14_bola_ElephantsDream,1789349803.701,0.1042,13999,11,0,312374253.4,610460.4,2
CONT_s14_bola_ElephantsDream,1789349803.806,0.1043,0,0,0,0,0,0
CONT_s14_bola_ElephantsDream,1789349803.91,0.1042,0,0,0,0,0,0
CONT_s14_bola_ElephantsDream,1789349804.014,0.1043,6052,5,0,288156227.4,285176489.4,2
CONT_s14_bola_ElephantsDream,1789349804.118,0.1043,0,0,0,0,0,0
CONT_s14_bola_ElephantsDream,1789349804.223,0.1042,0,0,0,0,0,0
CONT_s14_bola_ElephantsDream,1789349804.327,0.1043,0,0,0,0,0,0
CONT_s14_bola_ElephantsDream,1789349804.431,0.1042,5699,5,0,271552200.6,1130435.0,2
CONT_s14_bola_ElephantsDream,1789349804.536,0.1045,0,0,0,0,0,0
CONT_s14_bola_ElephantsDream,1789349804.64,0.1044,0,0,0,0,0,0
CONT_s14_bola_ElephantsDream,1789349804.744,0.1045,0,0,0,0,0,0
CONT_s14_bola_ElephantsDream,1789349804.849,0.1042,0,0,0,0,0,0
CONT_s14_bola_ElephantsDream,1789349804.953,0.1042,0,0,0,0,0,0
CONT_s14_bola_ElephantsDream,1789349805.057,0.1043,0,0,0,0,0,0
CONT_s14_bola_ElephantsDream,1789349805.161,0.1042,0,0,0,0,0,0
CONT_s14_bola_ElephantsDream,1789349805.265,0.1042,0,0,0,0,0,0
CONT_s14_bola_ElephantsDream,1789349805.37,0.1043,0,0,0,0,0,0
CONT_s14_bola_ElephantsDream,1789349805.474,0.1042,0,0,0,0,0,0
CONT_s14_bola_ElephantsDream,1789349805.578,0.1043,0,0,0,0,0,0
CONT_s14_bola_ElephantsDream,1789349805.682,0.1042,0,0,0,0,0,0
CONT_s14_bola_ElephantsDream,1789349805.787,0.1043,0,0,0,0,0,0
CONT_s14_bola_ElephantsDream,1789349805.891,0.1042,0,0,0,0,0,0
CONT_s14_bola_ElephantsDream,1789349805.995,0.1043,0,0,0,0,0,0
CONT_s14_bola_ElephantsDream,1789349806.099,0.1043,0,0,0,0,0,0
CONT_s14_bola_ElephantsDream,1789349806.204,0.1044,0,0,0,0,0,0
CONT_s14_bola_ElephantsDream,1789349806.308,0.1043,0,0,0,0,0,0
CONT_s14_bola_ElephantsDream,1789349806.412,0.1042,0,0,0,0,0,0
CONT_s14_bola_ElephantsDream,1789349806.517,0.1043,0,0,0,0,0,0
CONT_s14_bola_ElephantsDream,1789349806.621,0.1043,0,0,0,0,0,0
CONT_s14_bola_ElephantsDream,1789349806.725,0.1042,0,0,0,0,0,0
CONT_s14_bola_ElephantsDream,1789349806.829,0.1042,0,0,0,0,0,0
CONT_s14_bola_ElephantsDream,1789349806.934,0.1047,0,0,0,0,0,0
CONT_s14_bola_ElephantsDream,1789349807.038,0.1042,0,0,0,0,0,0
CONT_s14_bola_ElephantsDream,1789349807.143,0.1042,0,0,0,0,0,0
CONT_s14_bola_ElephantsDream,1789349807.249,0.1066,0,0,0,0,0,0
CONT_s14_bola_ElephantsDream,1789349807.353,0.1043,0,0,0,0,0,0
CONT_s14_bola_ElephantsDream,1789349807.458,0.1042,0,0,0,0,0,0
CONT_s14_bola_ElephantsDream,1789349807.562,0.1042,0,0,0,0,0,0
CONT_s14_bola_ElephantsDream,1789349807.666,0.1042,0,0,0,0,0,0
CONT_s14_bola_ElephantsDream,1789349807.77,0.1042,0,0,0,0,0,0
CONT_s14_bola_ElephantsDream,1789349807.874,0.1042,0,0,0,0,0,0
CONT_s14_bola_ElephantsDream,1789349807.979,0.1042,13999,11,0,477371476.6,627055.2,2
CONT_s14_bola_ElephantsDream,1789349808.083,0.1042,0,0,0,0,0,0
CONT_s14_bola_ElephantsDream,1789349808.187,0.1041,0,0,0,0,0,0
CONT_s14_bola_ElephantsDream,1789349808.291,0.1042,6052,5,0,428999784.0,285039924.4,2
CONT_s14_bola_ElephantsDream,1789349808.395,0.1042,0,0,0,0,0,0
CONT_s14_bola_ElephantsDream,1789349808.5,0.1042,0,0,0,0,0,0
CONT_s14_bola_ElephantsDream,1789349808.604,0.1042,4639,5,0,383463852.2,595643.0,2
CONT_s14_bola_ElephantsDream,1789349808.708,0.1043,0,0,0,0,0,0
CONT_s14_bola_ElephantsDream,1789349808.812,0.1042,0,0,0,0,0,0
CONT_s14_bola_ElephantsDream,1789349808.917,0.1042,0,0,0,0,0,0
CONT_s14_bola_ElephantsDream,1789349809.021,0.1042,0,0,0,0,0,0
CONT_s14_bola_ElephantsDream,1789349809.125,0.1042,0,0,0,0,0,0
CONT_s14_bola_ElephantsDream,1789349809.229,0.1042,0,0,0,0,0,0
CONT_s14_bola_ElephantsDream,1789349809.333,0.1042,7997,11,0,967480.1,175491.9,2
CONT_s14_bola_ElephantsDream,1789349809.438,0.1045,0,0,0,0,0,0
CONT_s14_bola_ElephantsDream,1789349809.542,0.1044,0,0,0,0,0,0
CONT_s14_bola_ElephantsDream,1789349809.647,0.1043,7552,6,0,25927045.3,633921.0,2
CONT_s14_bola_ElephantsDream,1789349809.753,0.106,1564,2,1,29886859.0,370827633.0,2
CONT_s14_bola_ElephantsDream,1789349809.857,0.1042,0,0,0,0,0,0
CONT_s14_bola_ElephantsDream,1789349809.961,0.1044,0,0,0,0,0,0
CONT_s14_bola_ElephantsDream,1789349810.068,0.1065,4552,4,0,51091703.0,398480996.6,2
CONT_s14_bola_ElephantsDream,1789349810.172,0.1044,0,0,0,0,0,0
CONT_s14_bola_ElephantsDream,1789349810.276,0.1044,4552,4,0,68978186.0,748049.0,2
CONT_s14_bola_ElephantsDream,1789349810.381,0.1044,1564,2,1,63897562.5,705972428.0,2
CONT_s14_bola_ElephantsDream,1789349810.485,0.1044,0,0,0,0,0,0
CONT_s14_bola_ElephantsDream,1789349810.59,0.1044,0,0,0,0,0,0
CONT_s14_bola_ElephantsDream,1789349810.694,0.1043,0,0,0,0,0,0
CONT_s14_bola_ElephantsDream,1789349810.798,0.1044,6052,5,0,92926566.2,799754005.6,2
CONT_s14_bola_ElephantsDream,1789349810.903,0.1044,1564,2,1,89067160.5,0,2
CONT_s14_bola_ElephantsDream,1789349811.007,0.1043,1500,1,0,94248928.0,604907162.0,1
CONT_s14_bola_ElephantsDream,1789349811.112,0.1045,52,1,0,76071497.0,54470277.0,1
CONT_s14_bola_ElephantsDream,1789349811.216,0.1044,0,0,0,0,0,0
CONT_s14_bola_ElephantsDream,1789349811.32,0.1044,4552,4,0,99175807.5,498180853.2,2
CONT_s14_bola_ElephantsDream,1789349811.425,0.1044,0,0,0,0,0,0
CONT_s14_bola_ElephantsDream,1789349811.529,0.1047,3052,3,0,103806832.0,594254389.9,2
CONT_s14_bola_ElephantsDream,1789349811.636,0.1067,0,0,0,0,0,0
CONT_s14_bola_ElephantsDream,1789349811.741,0.1051,3052,3,0,109003021.3,640972120.8,2
CONT_s14_bola_ElephantsDream,1789349811.846,0.1044,0,0,0,0,0,0
CONT_s14_bola_ElephantsDream,1789349811.95,0.1044,0,0,0,0,0,0
CONT_s14_bola_ElephantsDream,1789349812.054,0.1044,0,0,0,0,0,0
CONT_s14_bola_ElephantsDream,1789349812.159,0.1043,6499,6,0,255232781.5,799969149.7,3
CONT_s14_bola_ElephantsDream,1789349812.263,0.1044,0,0,0,0,0,0
CONT_s14_bola_ElephantsDream,1789349812.367,0.1043,0,0,0,0,0,0
CONT_s14_bola_ElephantsDream,1789349812.472,0.1044,4552,4,0,133588508.5,897437342.1,2
CONT_s14_bola_ElephantsDream,1789349812.576,0.1046,0,0,0,0,0,0
CONT_s14_bola_ElephantsDream,1789349812.681,0.1043,0,0,0,0,0,0
CONT_s14_bola_ElephantsDream,1789349812.785,0.1044,0,0,0,0,0,0
CONT_s14_bola_ElephantsDream,1789349812.89,0.1045,6052,5,0,144231433.0,699580920.6,2
CONT_s14_bola_ElephantsDream,1789349812.994,0.1044,3052,3,0,139679699.3,571070.0,2
CONT_s14_bola_ElephantsDream,1789349813.098,0.1045,0,0,0,0,0,0
CONT_s14_bola_ElephantsDream,1789349813.203,0.1043,447,1,1,993919954.0,0,1
CONT_s14_bola_ElephantsDream,1789349813.307,0.1044,0,0,0,0,0,0
CONT_s14_bola_ElephantsDream,1789349813.412,0.1044,6052,5,0,155557450.8,1000045923.3,2
CONT_s14_bola_ElephantsDream,1789349813.516,0.1044,0,0,0,0,0,0
CONT_s14_bola_ElephantsDream,1789349813.62,0.1044,0,0,0,0,0,0
CONT_s14_bola_ElephantsDream,1789349813.725,0.1046,0,0,0,0,0,0
CONT_s14_bola_ElephantsDream,1789349813.829,0.1044,0,0,0,0,0,0
CONT_s14_bola_ElephantsDream,1789349813.934,0.1044,0,0,0,0,0,0
CONT_s14_bola_ElephantsDream,1789349814.038,0.1045,0,0,0,0,0,0
CONT_s14_bola_ElephantsDream,1789349814.143,0.1044,0,0,0,0,0,0
CONT_s14_bola_ElephantsDream,1789349814.249,0.1067,0,0,0,0,0,0
CONT_s14_bola_ElephantsDream,1789349814.354,0.1043,15156,13,0,646129533.1,380366995.8,2
CONT_s14_bola_ElephantsDream,1789349814.458,0.1045,0,0,0,0,0,0
CONT_s14_bola_ElephantsDream,1789349814.562,0.1044,4552,4,0,587577033.8,238110625.3,2
CONT_s14_bola_ElephantsDream,1789349814.667,0.1044,0,0,0,0,0,0
CONT_s14_bola_ElephantsDream,1789349814.771,0.1044,0,0,0,0,0,0
CONT_s14_bola_ElephantsDream,1789349814.876,0.1045,4552,4,0,535310103.0,850456.0,2
CONT_s14_bola_ElephantsDream,1789349814.98,0.1044,1564,2,0,209175599.0,1548866588.0,2
CONT_s14_bola_ElephantsDream,1789349815.085,0.105,0,0,0,0,0,0
CONT_s14_bola_ElephantsDream,1789349815.189,0.1044,0,0,0,0,0,0
CONT_s14_bola_ElephantsDream,1789349815.294,0.1044,4552,4,0,500042815.5,697585512.5,2
CONT_s14_bola_ElephantsDream,1789349815.398,0.1044,0,0,0,0,0,0
CONT_s14_bola_ElephantsDream,1789349815.503,0.1045,0,0,0,0,0,0
CONT_s14_bola_ElephantsDream,1789349815.607,0.1045,4552,4,0,461131205.8,697638833.7,2
CONT_s14_bola_ElephantsDream,1789349815.712,0.1045,1564,2,1,248781503.0,677216867.2,2
CONT_s14_bola_ElephantsDream,1789349815.816,0.1044,0,0,0,0,0,0
CONT_s14_bola_ElephantsDream,1789349815.921,0.1044,0,0,0,0,0,0
CONT_s14_bola_ElephantsDream,1789349816.025,0.1044,4552,4,0,436483550.5,697686284.6,2
CONT_s14_bola_ElephantsDream,1789349816.13,0.105,0,0,0,0,0,0
CONT_s14_bola_ElephantsDream,1789349816.234,0.1043,0,0,0,0,0,0
CONT_s14_bola_ElephantsDream,1789349816.339,0.1043,4552,4,0,406473950.2,697690733.2,2
CONT_s14_bola_ElephantsDream,1789349816.443,0.1045,0,0,0,0,0,0
CONT_s14_bola_ElephantsDream,1789349816.548,0.1044,3128,4,2,275019811.0,773804578.4,2
CONT_s14_bola_ElephantsDream,1789349816.652,0.1046,0,0,0,0,0,0
CONT_s14_bola_ElephantsDream,1789349816.757,0.1045,0,0,0,0,0,0
CONT_s14_bola_ElephantsDream,1789349816.861,0.1044,5502,7,0,422150174.9,603467388.6,2
CONT_s14_bola_ElephantsDream,1789349816.966,0.1045,1564,2,1,284995448.5,416439750.7,2
CONT_s14_bola_ElephantsDream,1789349817.07,0.1044,1564,2,1,288024339.0,1016177.0,2
CONT_s14_bola_ElephantsDream,1789349817.174,0.1044,1564,2,1,270055488.5,507089.0,2
CONT_s14_bola_ElephantsDream,1789349817.279,0.1044,1616,3,1,272636075.3,181755652.0,3
CONT_s14_bola_ElephantsDream,1789349817.384,0.1048,0,0,0,0,0,0
CONT_s14_bola_ElephantsDream,1789349817.488,0.1044,0,0,0,0,0,0
CONT_s14_bola_ElephantsDream,1789349817.592,0.1045,4552,4,0,356043237.8,475941.0,2
CONT_s14_bola_ElephantsDream,1789349817.697,0.1045,0,0,0,0,0,0
CONT_s14_bola_ElephantsDream,1789349817.801,0.1044,0,0,0,0,0,0
CONT_s14_bola_ElephantsDream,1789349817.906,0.1044,4552,4,0,342027323.0,1182879.0,2
CONT_s14_bola_ElephantsDream,1789349818.01,0.1045,3128,4,2,314935550.0,971325196.9,2
CONT_s14_bola_ElephantsDream,1789349818.115,0.1046,1552,2,1,301548597.0,979302342.2,2
CONT_s14_bola_ElephantsDream,1789349818.219,0.1045,0,0,0,0,0,0
CONT_s14_bola_ElephantsDream,1789349818.324,0.1044,0,0,0,0,0,0
CONT_s14_bola_ElephantsDream,1789349818.428,0.1042,4552,4,0,354337179.5,897528368.6,2
CONT_s14_bola_ElephantsDream,1789349818.532,0.1044,0,0,0,0,0,0
CONT_s14_bola_ElephantsDream,1789349818.637,0.1047,0,0,0,0,0,0
CONT_s14_bola_ElephantsDream,1789349818.742,0.1051,0,0,0,0,0,0
CONT_s14_bola_ElephantsDream,1789349818.846,0.1043,6112,6,0,265483803.0,999495279.1,3
CONT_s14_bola_ElephantsDream,1789349818.951,0.1046,0,0,0,0,0,0
CONT_s14_bola_ElephantsDream,1789349819.055,0.1045,3104,4,0,369115500.5,974544859.9,2
CONT_s14_bola_ElephantsDream,1789349819.16,0.1044,0,0,0,0,0,0
CONT_s14_bola_ElephantsDream,1789349819.264,0.1044,0,0,0,0,0,0
CONT_s14_bola_ElephantsDream,1789349819.369,0.1046,52,1,0,345138817.0,0,1
CONT_s14_bola_ElephantsDream,1789349819.474,0.1048,6385,8,0,209304946.1,954467118.4,4
CONT_s14_bola_ElephantsDream,1789349819.578,0.1047,1540,2,0,364670909.0,509002280.0,2
CONT_s14_bola_ElephantsDream,1789349819.683,0.1048,1616,3,0,356434474.0,305642240.0,1
CONT_s14_bola_ElephantsDream,1789349819.788,0.1048,0,0,0,0,0,0
CONT_s14_bola_ElephantsDream,1789349819.893,0.1047,3052,3,0,355522058.7,410334078.9,2
CONT_s14_bola_ElephantsDream,1789349819.997,0.1047,0,0,0,0,0,0
CONT_s14_bola_ElephantsDream,1789349820.102,0.1049,3104,4,0,257159102.2,310104055.5,3
CONT_s14_bola_ElephantsDream,1789349820.207,0.1047,0,0,0,0,0,0
CONT_s14_bola_ElephantsDream,1789349820.312,0.1046,3052,3,0,55204042.3,202643842.0,2
CONT_s14_bola_ElephantsDream,1789349820.416,0.1046,0,0,0,0,0,0
CONT_s14_bola_ElephantsDream,1789349820.521,0.1045,3052,3,0,79515410.7,515403.0,2
CONT_s14_bola_ElephantsDream,1789349820.625,0.1048,1500,1,0,390883644.0,0,1
CONT_s14_bola_ElephantsDream,1789349820.73,0.1047,1552,2,0,385767401.5,50714548.0,2
CONT_s14_bola_ElephantsDream,1789349820.835,0.1046,0,0,0,0,0,0
CONT_s14_bola_ElephantsDream,1789349820.939,0.1045,3052,3,0,357419217.3,796882069.8,2
CONT_s14_bola_ElephantsDream,1789349821.044,0.1046,0,0,0,0,0,0
CONT_s14_bola_ElephantsDream,1789349821.148,0.1046,3052,3,0,129621127.3,634365.0,2
CONT_s14_bola_ElephantsDream,1789349821.254,0.1059,0,0,0,0,0,0
CONT_s14_bola_ElephantsDream,1789349821.359,0.1046,4552,4,0,183807529.2,991415295.8,3
CONT_s14_bola_ElephantsDream,1789349821.463,0.1045,1552,2,0,393982875.0,732927665.8,2
CONT_s14_bola_ElephantsDream,1789349821.568,0.1044,52,1,0,469252914.0,53913262.0,1
CONT_s14_bola_ElephantsDream,1789349821.673,0.105,3052,3,0,345456633.3,793119268.9,2
CONT_s14_bola_ElephantsDream,1789349821.778,0.1046,0,0,0,0,0,0
CONT_s14_bola_ElephantsDream,1789349821.882,0.1046,3052,3,0,184659512.0,1388478772.0,2
CONT_s14_bola_ElephantsDream,1789349821.987,0.1046,0,0,0,0,0,0
CONT_s14_bola_ElephantsDream,1789349822.091,0.1047,3052,3,0,190382664.7,991522104.1,2
CONT_s14_bola_ElephantsDream,1789349822.196,0.1047,1500,1,0,309964836.0,761630788.0,1
CONT_s14_bola_ElephantsDream,1789349822.301,0.1046,52,1,0,439862110.0,46305381.0,1
CONT_s14_bola_ElephantsDream,1789349822.405,0.1046,3052,3,0,347521050.7,839951556.5,2
CONT_s14_bola_ElephantsDream,1789349822.51,0.1046,0,0,0,0,0,0
CONT_s14_bola_ElephantsDream,1789349822.615,0.1047,3052,3,0,218040470.3,1289016626.6,2
CONT_s14_bola_ElephantsDream,1789349822.719,0.1047,0,0,0,0,0,0
CONT_s14_bola_ElephantsDream,1789349822.824,0.1046,3052,3,0,218043296.7,892422257.7,2
CONT_s14_bola_ElephantsDream,1789349822.929,0.1046,2237,4,0,383545751.5,953960582.6,2
CONT_s14_bola_ElephantsDream,1789349823.033,0.1046,0,0,0,0,0,0
CONT_s14_bola_ElephantsDream,1789349823.138,0.1054,3052,3,0,223820586.0,1007892214.1,2
CONT_s14_bola_ElephantsDream,1789349823.245,0.106,0,0,0,0,0,0
CONT_s14_bola_ElephantsDream,1789349823.349,0.1045,3052,3,0,219281614.7,710317400.7,2
CONT_s14_bola_ElephantsDream,1789349823.454,0.1048,0,0,0,0,0,0
CONT_s14_bola_ElephantsDream,1789349823.558,0.1047,3052,3,0,391056185.0,589334617.9,2
CONT_s14_bola_ElephantsDream,1789349823.663,0.1044,0,0,0,0,0,0
CONT_s14_bola_ElephantsDream,1789349823.767,0.1045,3052,3,0,377060784.7,543440.0,2
CONT_s14_bola_ElephantsDream,1789349823.872,0.1046,0,0,0,0,0,0
CONT_s14_bola_ElephantsDream,1789349823.977,0.1046,3052,3,0,253747209.0,1106945579.7,2
CONT_s14_bola_ElephantsDream,1789349824.081,0.1046,0,0,0,0,0,0
CONT_s14_bola_ElephantsDream,1789349824.186,0.1045,3052,3,0,251699745.0,991637048.3,2
CONT_s14_bola_ElephantsDream,1789349824.29,0.1045,1552,2,0,395987454.5,44974614.0,2
CONT_s14_bola_ElephantsDream,1789349824.395,0.1046,0,0,0,0,0,0
CONT_s14_bola_ElephantsDream,1789349824.499,0.1046,3052,3,0,372499422.3,891784040.2,2
CONT_s14_bola_ElephantsDream,1789349824.604,0.1047,0,0,0,0,0,0
CONT_s14_bola_ElephantsDream,1789349824.709,0.1046,3052,3,0,353126485.0,892429062.4,2
CONT_s14_bola_ElephantsDream,1789349824.813,0.1046,3052,3,0,292986416.7,1487203774.4,2
CONT_s14_bola_ElephantsDream,1789349824.918,0.1046,0,0,0,0,0,0
CONT_s14_bola_ElephantsDream,1789349825.023,0.1047,3052,3,0,288901457.7,1090812183.2,2
CONT_s14_bola_ElephantsDream,1789349825.127,0.1047,1500,1,0,335345191.0,863419640.0,1
CONT_s14_bola_ElephantsDream,1789349825.232,0.1048,52,1,0,407762668.0,53820153.0,1
CONT_s14_bola_ElephantsDream,1789349825.337,0.1046,0,0,0,0,0,0
CONT_s14_bola_ElephantsDream,1789349825.441,0.1046,4552,4,0,329231381.5,997139624.8,2
CONT_s14_bola_ElephantsDream,1789349825.546,0.1047,0,0,0,0,0,0
CONT_s14_bola_ElephantsDream,1789349825.65,0.1045,3052,3,0,316141730.7,1486995682.8,2
CONT_s14_bola_ElephantsDream,1789349825.756,0.1057,0,0,0,0,0,0
CONT_s14_bola_ElephantsDream,1789349825.861,0.1045,3052,3,0,307669488.7,991328615.4,2
CONT_s14_bola_ElephantsDream,1789349825.965,0.1047,0,0,0,0,0,0
CONT_s14_bola_ElephantsDream,1789349826.07,0.1046,3052,3,0,360550841.0,1388054930.4,2
CONT_s14_bola_ElephantsDream,1789349826.175,0.1045,0,0,0,0,0,0
CONT_s14_bola_ElephantsDream,1789349826.279,0.1046,3052,3,0,349375858.3,1038463618.8,2
CONT_s14_bola_ElephantsDream,1789349826.384,0.1046,0,0,0,0,0,0
CONT_s14_bola_ElephantsDream,1789349826.488,0.1046,3052,3,0,333003006.0,1388415740.0,2
CONT_s14_bola_ElephantsDream,1789349826.593,0.1047,0,0,0,0,0,0
CONT_s14_bola_ElephantsDream,1789349826.697,0.1044,4050,5,0,337921349.6,835011847.5,4
CONT_s14_bola_ElephantsDream,1789349826.802,0.1046,0,0,0,0,0,0
CONT_s14_bola_ElephantsDream,1789349826.907,0.1046,3052,3,0,309482700.3,1028552445.1,2
CONT_s14_bola_ElephantsDream,1789349827.011,0.1047,0,0,0,0,0,0
CONT_s14_bola_ElephantsDream,1789349827.116,0.1046,3052,3,0,294367332.0,631071317.6,2
CONT_s14_bola_ElephantsDream,1789349827.221,0.1047,0,0,0,0,0,0
CONT_s14_bola_ElephantsDream,1789349827.325,0.1046,0,0,0,0,0,0
CONT_s14_bola_ElephantsDream,1789349827.43,0.1046,0,0,0,0,0,0
CONT_s14_bola_ElephantsDream,1789349827.534,0.1046,0,0,0,0,0,0
CONT_s14_bola_ElephantsDream,1789349827.639,0.1048,7552,6,0,323691212.5,898428313.5,2
CONT_s14_bola_ElephantsDream,1789349827.744,0.1045,0,0,0,0,0,0
CONT_s14_bola_ElephantsDream,1789349827.849,0.1049,3052,3,0,331262820.0,1127715175.1,2
CONT_s14_bola_ElephantsDream,1789349827.953,0.1046,0,0,0,0,0,0
CONT_s14_bola_ElephantsDream,1789349828.058,0.1046,3052,3,0,323246889.3,1090819224.8,2
CONT_s14_bola_ElephantsDream,1789349828.162,0.1045,0,0,0,0,0,0
CONT_s14_bola_ElephantsDream,1789349828.267,0.1045,0,0,0,0,0,0
CONT_s14_bola_ElephantsDream,1789349828.372,0.1046,4552,4,0,346923268.0,697314196.1,2
CONT_s14_bola_ElephantsDream,1789349828.476,0.1047,0,0,0,0,0,0
CONT_s14_bola_ElephantsDream,1789349828.581,0.1047,4552,4,0,328767993.0,749790.0,2
CONT_s14_bola_ElephantsDream,1789349828.686,0.1047,0,0,0,0,0,0
CONT_s14_bola_ElephantsDream,1789349828.79,0.1045,3052,3,0,367472348.0,1685713258.6,2
CONT_s14_bola_ElephantsDream,1789349828.895,0.1046,0,0,0,0,0,0
CONT_s14_bola_ElephantsDream,1789349828.999,0.1046,3052,3,0,357855063.3,1190000932.1,2
CONT_s14_bola_ElephantsDream,1789349829.104,0.1046,0,0,0,0,0,0
CONT_s14_bola_ElephantsDream,1789349829.209,0.1046,0,0,0,0,0,0
CONT_s14_bola_ElephantsDream,1789349829.313,0.1046,4552,4,0,348221601.5,997031458.2,2
CONT_s14_bola_ElephantsDream,1789349829.418,0.1046,0,0,0,0,0,0
CONT_s14_bola_ElephantsDream,1789349829.522,0.1047,0,0,0,0,0,0
CONT_s14_bola_ElephantsDream,1789349829.627,0.1046,0,0,0,0,0,0
CONT_s14_bola_ElephantsDream,1789349829.732,0.1047,5671,6,0,324640173.7,961635125.8,2
CONT_s14_bola_ElephantsDream,1789349829.836,0.1046,0,0,0,0,0,0
CONT_s14_bola_ElephantsDream,1789349829.941,0.1045,3052,3,0,403314830.7,1829655820.1,2
CONT_s14_bola_ElephantsDream,1789349830.046,0.1047,3052,3,0,391071670.7,1234930855.6,2
CONT_s14_bola_ElephantsDream,1789349830.15,0.1045,0,0,0,0,0,0
CONT_s14_bola_ElephantsDream,1789349830.255,0.1052,0,0,0,0,0,0
CONT_s14_bola_ElephantsDream,1789349830.36,0.1047,0,0,0,0,0,0
CONT_s14_bola_ElephantsDream,1789349830.465,0.1048,6052,5,0,333519950.6,797194408.9,2
CONT_s14_bola_ElephantsDream,1789349830.569,0.1046,0,0,0,0,0,0
CONT_s14_bola_ElephantsDream,1789349830.674,0.1045,3052,3,0,408107164.3,1631825375.3,2
CONT_s14_bola_ElephantsDream,1789349830.778,0.1045,0,0,0,0,0,0
CONT_s14_bola_ElephantsDream,1789349830.883,0.1046,3052,3,0,390543625.0,991524395.4,2
CONT_s14_bola_ElephantsDream,1789349830.988,0.1048,0,0,0,0,0,0
CONT_s14_bola_ElephantsDream,1789349831.092,0.1046,3052,3,0,364845047.3,594097515.1,2
CONT_s14_bola_ElephantsDream,1789349831.197,0.1046,0,0,0,0,0,0
CONT_s14_bola_ElephantsDream,1789349831.301,0.1045,3052,3,0,353058191.0,763475.0,2
CONT_s14_bola_ElephantsDream,1789349831.406,0.1046,0,0,0,0,0,0
CONT_s14_bola_ElephantsDream,1789349831.511,0.1045,3104,4,0,405971007.5,1364612687.9,2
CONT_s14_bola_ElephantsDream,1789349831.615,0.1047,0,0,0,0,0,0
CONT_s14_bola_ElephantsDream,1789349831.72,0.1047,3040,3,0,390712312.3,1008737581.0,2
CONT_s14_bola_ElephantsDream,1789349831.824,0.1045,1552,2,0,367562275.0,53473877.0,2
CONT_s14_bola_ElephantsDream,1789349831.929,0.1047,0,0,0,0,0,0
CONT_s14_bola_ElephantsDream,1789349832.034,0.1045,0,0,0,0,0,0
CONT_s14_bola_ElephantsDream,1789349832.138,0.1048,4552,4,0,330351731.0,996889729.4,2
CONT_s14_bola_ElephantsDream,1789349832.246,0.1071,0,0,0,0,0,0
CONT_s14_bola_ElephantsDream,1789349832.35,0.1046,3052,3,0,397675753.0,1111531240.5,1
CONT_s14_bola_ElephantsDream,1789349832.455,0.1046,0,0,0,0,0,0
CONT_s14_bola_ElephantsDream,1789349832.559,0.1046,3000,2,0,373716943.0,0,1
CONT_s14_bola_ElephantsDream,1789349832.664,0.1045,0,0,0,0,0,0
CONT_s14_bola_ElephantsDream,1789349832.769,0.1047,4552,4,0,345449462.2,1174913699.1,2
CONT_s14_bola_ElephantsDream,1789349832.873,0.1048,52,1,0,389390900.0,52636607.0,1
CONT_s14_bola_ElephantsDream,1789349832.978,0.1046,0,0,0,0,0,0
CONT_s14_bola_ElephantsDream,1789349833.083,0.1047,3651,5,0,316508757.0,796796152.4,2
CONT_s14_bola_ElephantsDream,1789349833.187,0.1047,0,0,0,0,0,0
CONT_s14_bola_ElephantsDream,1789349833.292,0.1046,4552,4,0,293791365.8,295636921.2,2
CONT_s14_bola_ElephantsDream,1789349833.396,0.1046,0,0,0,0,0,0
CONT_s14_bola_ElephantsDream,1789349833.501,0.1046,0,0,0,0,0,0
CONT_s14_bola_ElephantsDream,1789349833.606,0.1046,4552,4,0,277795841.2,505644.0,2
CONT_s14_bola_ElephantsDream,1789349833.71,0.1045,0,0,0,0,0,0
CONT_s14_bola_ElephantsDream,1789349833.815,0.1046,0,0,0,0,0,0
CONT_s14_bola_ElephantsDream,1789349833.919,0.1046,4552,4,0,263980650.5,597465397.0,2
CONT_s14_bola_ElephantsDream,1789349834.024,0.1047,0,0,0,0,0,0
CONT_s14_bola_ElephantsDream,1789349834.129,0.105,0,0,0,0,0,0
CONT_s14_bola_ElephantsDream,1789349834.234,0.1046,4552,4,0,252009129.2,598170711.4,2
CONT_s14_bola_ElephantsDream,1789349834.338,0.1046,0,0,0,0,0,0
CONT_s14_bola_ElephantsDream,1789349834.443,0.1046,3452,4,0,253205631.5,428681780.8,2
CONT_s14_bola_ElephantsDream,1789349834.547,0.1046,0,0,0,0,0,0
CONT_s14_bola_ElephantsDream,1789349834.652,0.1045,0,0,0,0,0,0
CONT_s14_bola_ElephantsDream,1789349834.757,0.105,4552,4,0,239289663.8,295913783.2,2
CONT_s14_bola_ElephantsDream,1789349834.861,0.1045,0,0,0,0,0,0
CONT_s14_bola_ElephantsDream,1789349834.966,0.1046,0,0,0,0,0,0
CONT_s14_bola_ElephantsDream,1789349835.071,0.1047,4552,4,0,230739364.8,1187250.0,2
CONT_s14_bola_ElephantsDream,1789349835.175,0.1045,0,0,0,0,0,0
CONT_s14_bola_ElephantsDream,1789349835.28,0.1046,0,0,0,0,0,0
CONT_s14_bola_ElephantsDream,1789349835.384,0.1046,4552,4,0,223186682.0,597760460.7,2
CONT_s14_bola_ElephantsDream,1789349835.489,0.1047,0,0,0,0,0,0
CONT_s14_bola_ElephantsDream,1789349835.594,0.1046,0,0,0,0,0,0
CONT_s14_bola_ElephantsDream,1789349835.698,0.1046,4552,4,0,216510851.2,597532339.3,2
CONT_s14_bola_ElephantsDream,1789349835.803,0.1046,0,0,0,0,0,0
CONT_s14_bola_ElephantsDream,1789349835.907,0.1046,4552,4,0,210573489.2,598193869.9,2
CONT_s14_bola_ElephantsDream,1789349836.012,0.1046,0,0,0,0,0,0
CONT_s14_bola_ElephantsDream,1789349836.116,0.1045,0,0,0,0,0,0
CONT_s14_bola_ElephantsDream,1789349836.221,0.1047,3669,5,0,200193406.8,446186632.1,2
CONT_s14_bola_ElephantsDream,1789349836.326,0.1046,0,0,0,0,0,0
CONT_s14_bola_ElephantsDream,1789349836.43,0.1046,4552,4,0,200379263.8,295792965.1,2
CONT_s14_bola_ElephantsDream,1789349836.535,0.1046,0,0,0,0,0,0
CONT_s14_bola_ElephantsDream,1789349836.64,0.1048,0,0,0,0,0,0
CONT_s14_bola_ElephantsDream,1789349836.745,0.1049,4552,4,0,196888724.5,549423.0,2
CONT_s14_bola_ElephantsDream,1789349836.849,0.1046,0,0,0,0,0,0
CONT_s14_bola_ElephantsDream,1789349836.954,0.1046,0,0,0,0,0,0
CONT_s14_bola_ElephantsDream,1789349837.059,0.1046,4552,4,0,193602462.8,598062677.5,2
CONT_s14_bola_ElephantsDream,1789349837.163,0.1045,0,0,0,0,0,0
CONT_s14_bola_ElephantsDream,1789349837.268,0.1046,0,0,0,0,0,0
CONT_s14_bola_ElephantsDream,1789349837.372,0.1046,4552,4,0,190540604.5,598115709.4,2
CONT_s14_bola_ElephantsDream,1789349837.477,0.1047,0,0,0,0,0,0
CONT_s14_bola_ElephantsDream,1789349837.582,0.1046,0,0,0,0,0,0
CONT_s14_bola_ElephantsDream,1789349837.686,0.1045,4552,4,0,187698045.2,597863465.0,2
CONT_s14_bola_ElephantsDream,1789349837.791,0.1046,0,0,0,0,0,0
CONT_s14_bola_ElephantsDream,1789349837.895,0.1045,3853,4,0,181807725.0,550334365.0,2
CONT_s14_bola_ElephantsDream,1789349838.0,0.1046,0,0,0,0,0,0
CONT_s14_bola_ElephantsDream,1789349838.104,0.1046,0,0,0,0,0,0
CONT_s14_bola_ElephantsDream,1789349838.209,0.1046,0,0,0,0,0,0
CONT_s14_bola_ElephantsDream,1789349838.314,0.1049,0,0,0,0,0,0
CONT_s14_bola_ElephantsDream,1789349838.419,0.1046,0,0,0,0,0,0
CONT_s14_bola_ElephantsDream,1789349838.523,0.1046,0,0,0,0,0,0
CONT_s14_bola_ElephantsDream,1789349838.628,0.1046,0,0,0,0,0,0
CONT_s14_bola_ElephantsDream,1789349838.733,0.1052,0,0,0,0,0,0
CONT_s14_bola_ElephantsDream,1789349838.838,0.1046,0,0,0,0,0,0
CONT_s14_bola_ElephantsDream,1789349838.942,0.1044,10999,9,0,219324869.3,2147748.8,2
CONT_s14_bola_ElephantsDream,1789349839.047,0.1046,0,0,0,0,0,0
CONT_s14_bola_ElephantsDream,1789349839.151,0.1045,7552,6,0,183691132.8,185382409.7,2
CONT_s14_bola_ElephantsDream,1789349839.256,0.1052,0,0,0,0,0,0
CONT_s14_bola_ElephantsDream,1789349839.361,0.1047,0,0,0,0,0,0
CONT_s14_bola_ElephantsDream,1789349839.466,0.1046,0,0,0,0,0,0
CONT_s14_bola_ElephantsDream,1789349839.57,0.1045,0,0,0,0,0,0
CONT_s14_bola_ElephantsDream,1789349839.675,0.1046,8287,8,0,190148182.2,543562839.1,2
CONT_s14_bola_ElephantsDream,1789349839.779,0.1045,0,0,0,0,0,0
CONT_s14_bola_ElephantsDream,1789349839.884,0.1045,0,0,0,0,0,0
CONT_s14_bola_ElephantsDream,1789349839.988,0.1045,0,0,0,0,0,0
CONT_s14_bola_ElephantsDream,1789349840.093,0.1045,0,0,0,0,0,0
CONT_s14_bola_ElephantsDream,1789349840.197,0.1045,0,0,0,0,0,0
CONT_s14_bola_ElephantsDream,1789349840.302,0.1045,0,0,0,0,0,0
CONT_s14_bola_ElephantsDream,1789349840.406,0.1046,0,0,0,0,0,0
CONT_s14_bola_ElephantsDream,1789349840.511,0.1046,0,0,0,0,0,0
CONT_s14_bola_ElephantsDream,1789349840.615,0.1046,0,0,0,0,0,0
CONT_s14_bola_ElephantsDream,1789349840.72,0.1047,0,0,0,0,0,0
CONT_s14_bola_ElephantsDream,1789349840.825,0.1045,0,0,0,0,0,0
CONT_s14_bola_ElephantsDream,1789349840.929,0.1045,0,0,0,0,0,0
CONT_s14_bola_ElephantsDream,1789349841.034,0.1046,0,0,0,0,0,0
CONT_s14_bola_ElephantsDream,1789349841.139,0.105,0,0,0,0,0,0
CONT_s14_bola_ElephantsDream,1789349841.245,0.1064,0,0,0,0,0,0
CONT_s14_bola_ElephantsDream,1789349841.35,0.1047,0,0,0,0,0,0
CONT_s14_bola_ElephantsDream,1789349841.455,0.1047,0,0,0,0,0,0
CONT_s14_bola_ElephantsDream,1789349841.559,0.1046,0,0,0,0,0,0
CONT_s14_bola_ElephantsDream,1789349841.664,0.1045,0,0,0,0,0,0
CONT_s14_bola_ElephantsDream,1789349841.768,0.1046,0,0,0,0,0,0
CONT_s14_bola_ElephantsDream,1789349841.873,0.1046,0,0,0,0,0,0
CONT_s14_bola_ElephantsDream,1789349841.978,0.1046,0,0,0,0,0,0
CONT_s14_bola_ElephantsDream,1789349842.082,0.1046,0,0,0,0,0,0
CONT_s14_bola_ElephantsDream,1789349842.187,0.1045,0,0,0,0,0,0
CONT_s14_bola_ElephantsDream,1789349842.291,0.1046,0,0,0,0,0,0
CONT_s14_bola_ElephantsDream,1789349842.396,0.1046,0,0,0,0,0,0
CONT_s14_bola_ElephantsDream,1789349842.501,0.1047,0,0,0,0,0,0
CONT_s14_bola_ElephantsDream,1789349842.605,0.1046,0,0,0,0,0,0
CONT_s14_bola_ElephantsDream,1789349842.71,0.1047,0,0,0,0,0,0
CONT_s14_bola_ElephantsDream,1789349842.814,0.1046,0,0,0,0,0,0
CONT_s14_bola_ElephantsDream,1789349842.919,0.1047,0,0,0,0,0,0
CONT_s14_bola_ElephantsDream,1789349843.024,0.1046,0,0,0,0,0,0
CONT_s14_bola_ElephantsDream,1789349843.13,0.1065,0,0,0,0,0,0
CONT_s14_bola_ElephantsDream,1789349843.235,0.1048,15499,12,0,395812813.7,1873400.9,2
CONT_s14_bola_ElephantsDream,1789349843.34,0.1046,0,0,0,0,0,0
CONT_s14_bola_ElephantsDream,1789349843.444,0.1046,0,0,0,0,0,0
CONT_s14_bola_ElephantsDream,1789349843.549,0.1046,0,0,0,0,0,0
CONT_s14_bola_ElephantsDream,1789349843.653,0.1046,0,0,0,0,0,0
CONT_s14_bola_ElephantsDream,1789349843.758,0.1046,0,0,0,0,0,0
CONT_s14_bola_ElephantsDream,1789349843.863,0.1047,0,0,0,0,0,0
CONT_s14_bola_ElephantsDream,1789349843.967,0.1046,0,0,0,0,0,0
CONT_s14_bola_ElephantsDream,1789349844.072,0.1046,0,0,0,0,0,0
CONT_s14_bola_ElephantsDream,1789349844.176,0.1046,11678,16,7,371326643.5,211902154.3,2
CONT_s14_bola_ElephantsDream,1789349844.281,0.1046,0,0,0,0,0,0
CONT_s14_bola_ElephantsDream,1789349844.386,0.1046,0,0,0,0,0,0
CONT_s14_bola_ElephantsDream,1789349844.49,0.1045,0,0,0,0,0,0
CONT_s14_bola_ElephantsDream,1789349844.595,0.1047,0,0,0,0,0,0
CONT_s14_bola_ElephantsDream,1789349844.699,0.1047,0,0,0,0,0,0
CONT_s14_bola_ElephantsDream,1789349844.804,0.1045,0,0,0,0,0,0
CONT_s14_bola_ElephantsDream,1789349844.909,0.1045,0,0,0,0,0,0
CONT_s14_bola_ElephantsDream,1789349845.013,0.1046,0,0,0,0,0,0
CONT_s14_bola_ElephantsDream,1789349845.118,0.1046,0,0,0,0,0,0
CONT_s14_bola_ElephantsDream,1789349845.222,0.1047,0,0,0,0,0,0
CONT_s14_bola_ElephantsDream,1789349845.327,0.1046,0,0,0,0,0,0
CONT_s14_bola_ElephantsDream,1789349845.431,0.1045,0,0,0,0,0,0
CONT_s14_bola_ElephantsDream,1789349845.536,0.1047,0,0,0,0,0,0
CONT_s14_bola_ElephantsDream,1789349845.641,0.1048,0,0,0,0,0,0
CONT_s14_bola_ElephantsDream,1789349845.747,0.1065,0,0,0,0,0,0
CONT_s14_bola_ElephantsDream,1789349845.852,0.1047,0,0,0,0,0,0
CONT_s14_bola_ElephantsDream,1789349845.957,0.1045,0,0,0,0,0,0
CONT_s14_bola_ElephantsDream,1789349846.061,0.1045,0,0,0,0,0,0
CONT_s14_bola_ElephantsDream,1789349846.166,0.1048,0,0,0,0,0,0
CONT_s14_bola_ElephantsDream,1789349846.271,0.1046,0,0,0,0,0,0
CONT_s14_bola_ElephantsDream,1789349846.375,0.1044,0,0,0,0,0,0
CONT_s14_bola_ElephantsDream,1789349846.479,0.1046,0,0,0,0,0,0
CONT_s14_bola_ElephantsDream,1789349846.584,0.1045,0,0,0,0,0,0
CONT_s14_bola_ElephantsDream,1789349846.689,0.1047,0,0,0,0,0,0
CONT_s14_bola_ElephantsDream,1789349846.793,0.1046,0,0,0,0,0,0
CONT_s14_bola_ElephantsDream,1789349846.898,0.1045,0,0,0,0,0,0
CONT_s14_bola_ElephantsDream,1789349847.002,0.1045,0,0,0,0,0,0
CONT_s14_bola_ElephantsDream,1789349847.107,0.1047,0,0,0,0,0,0
CONT_s14_bola_ElephantsDream,1789349847.212,0.1048,15499,12,0,437279969.5,2190881.1,2
CONT_s14_bola_ElephantsDream,1789349847.316,0.1046,0,0,0,0,0,0
CONT_s14_bola_ElephantsDream,1789349847.421,0.1046,0,0,0,0,0,0
CONT_s14_bola_ElephantsDream,1789349847.526,0.1047,0,0,0,0,0,0
CONT_s14_bola_ElephantsDream,1789349847.633,0.1072,9548,9,0,373720798.8,327844446.0,2
CONT_s14_bola_ElephantsDream,1789349847.738,0.105,0,0,0,0,0,0
CONT_s14_bola_ElephantsDream,1789349847.842,0.1046,0,0,0,0,0,0
CONT_s14_bola_ElephantsDream,1789349847.947,0.1045,0,0,0,0,0,0
CONT_s14_bola_ElephantsDream,1789349848.052,0.1047,0,0,0,0,0,0
CONT_s14_bola_ElephantsDream,1789349848.156,0.1046,0,0,0,0,0,0
CONT_s14_bola_ElephantsDream,1789349848.261,0.105,0,0,0,0,0,0
CONT_s14_bola_ElephantsDream,1789349848.366,0.1044,0,0,0,0,0,0
CONT_s14_bola_ElephantsDream,1789349848.47,0.1046,0,0,0,0,0,0
CONT_s14_bola_ElephantsDream,1789349848.575,0.1046,0,0,0,0,0,0
CONT_s14_bola_ElephantsDream,1789349848.679,0.1046,0,0,0,0,0,0
CONT_s14_bola_ElephantsDream,1789349848.784,0.1049,0,0,0,0,0,0
CONT_s14_bola_ElephantsDream,1789349848.889,0.1045,0,0,0,0,0,0
CONT_s14_bola_ElephantsDream,1789349848.993,0.1046,0,0,0,0,0,0
CONT_s14_bola_ElephantsDream,1789349849.098,0.1047,0,0,0,0,0,0
CONT_s14_bola_ElephantsDream,1789349849.203,0.1047,0,0,0,0,0,0
CONT_s14_bola_ElephantsDream,1789349849.307,0.1046,0,0,0,0,0,0
CONT_s14_bola_ElephantsDream,1789349849.412,0.1046,0,0,0,0,0,0
CONT_s14_bola_ElephantsDream,1789349849.517,0.1047,0,0,0,0,0,0
CONT_s14_bola_ElephantsDream,1789349849.621,0.1046,0,0,0,0,0,0
CONT_s14_bola_ElephantsDream,1789349849.726,0.1047,0,0,0,0,0,0
CONT_s14_bola_ElephantsDream,1789349849.831,0.1046,0,0,0,0,0,0
CONT_s14_bola_ElephantsDream,1789349849.935,0.1046,0,0,0,0,0,0
CONT_s14_bola_ElephantsDream,1789349850.04,0.1046,0,0,0,0,0,0
CONT_s14_bola_ElephantsDream,1789349850.144,0.1047,0,0,0,0,0,0
CONT_s14_bola_ElephantsDream,1789349850.251,0.1067,0,0,0,0,0,0
CONT_s14_bola_ElephantsDream,1789349850.356,0.1047,0,0,0,0,0,0
CONT_s14_bola_ElephantsDream,1789349850.461,0.1047,0,0,0,0,0,0
CONT_s14_bola_ElephantsDream,1789349850.565,0.1046,0,0,0,0,0,0
CONT_s14_bola_ElephantsDream,1789349850.67,0.1045,0,0,0,0,0,0
CONT_s14_bola_ElephantsDream,1789349850.774,0.1046,0,0,0,0,0,0
CONT_s14_bola_ElephantsDream,1789349850.879,0.1046,0,0,0,0,0,0
CONT_s14_bola_ElephantsDream,1789349850.984,0.1048,0,0,0,0,0,0
CONT_s14_bola_ElephantsDream,1789349851.088,0.1046,0,0,0,0,0,0
CONT_s14_bola_ElephantsDream,1789349851.193,0.1046,0,0,0,0,0,0
CONT_s14_bola_ElephantsDream,1789349851.298,0.1046,17347,15,0,530131221.6,2152068.8,2
CONT_s14_bola_ElephantsDream,1789349851.402,0.1046,0,0,0,0,0,0
CONT_s14_bola_ElephantsDream,1789349851.507,0.1046,0,0,0,0,0,0
CONT_s14_bola_ElephantsDream,1789349851.611,0.1046,7552,6,0,408638764.3,383287440.8,2
CONT_s14_bola_ElephantsDream,1789349851.716,0.1047,0,0,0,0,0,0
CONT_s14_bola_ElephantsDream,1789349851.821,0.1046,0,0,0,0,0,0
CONT_s14_bola_ElephantsDream,1789349851.925,0.1045,0,0,0,0,0,0
CONT_s14_bola_ElephantsDream,1789349852.03,0.1046,7552,6,0,356251362.0,678584498.2,2
CONT_s14_bola_ElephantsDream,1789349852.136,0.1065,0,0,0,0,0,0
CONT_s14_bola_ElephantsDream,1789349852.243,0.1068,4552,4,0,376894600.0,202323203.0,2
CONT_s14_bola_ElephantsDream,1789349852.348,0.1046,0,0,0,0,0,0
CONT_s14_bola_ElephantsDream,1789349852.452,0.1047,4552,4,0,350639999.8,561811.0,2
CONT_s14_bola_ElephantsDream,1789349852.557,0.1047,0,0,0,0,0,0
CONT_s14_bola_ElephantsDream,1789349852.661,0.1045,6052,5,0,299274925.4,473925135.5,2
CONT_s14_bola_ElephantsDream,1789349852.766,0.1046,3052,3,0,350012384.3,403033840.5,2
CONT_s14_bola_ElephantsDream,1789349852.871,0.1047,0,0,0,0,0,0
CONT_s14_bola_ElephantsDream,1789349852.975,0.1045,3052,3,0,331738170.7,1034456.0,2
CONT_s14_bola_ElephantsDream,1789349853.08,0.1046,60,1,0,0.0,0,1
CONT_s14_bola_ElephantsDream,1789349853.185,0.1049,0,0,0,0,0,0
CONT_s14_bola_ElephantsDream,1789349853.289,0.1047,7552,6,0,239655983.5,611098473.1,2
CONT_s14_bola_ElephantsDream,1789349853.394,0.1045,0,0,0,0,0,0
CONT_s14_bola_ElephantsDream,1789349853.498,0.1047,4885,7,0,157035230.3,634261992.4,4
CONT_s14_bola_ElephantsDream,1789349853.603,0.1049,3052,3,0,285820624.7,674926722.5,2
CONT_s14_bola_ElephantsDream,1789349853.708,0.1049,0,0,0,0,0,0
CONT_s14_bola_ElephantsDream,1789349853.813,0.1047,0,0,0,0,0,0
CONT_s14_bola_ElephantsDream,1789349853.918,0.1047,0,0,0,0,0,0
CONT_s14_bola_ElephantsDream,1789349854.022,0.1048,7604,7,0,180620091.7,680471196.1,3
CONT_s14_bola_ElephantsDream,1789349854.127,0.1048,3052,3,0,38123515.7,137435258.0,2
CONT_s14_bola_ElephantsDream,1789349854.232,0.1048,0,0,0,0,0,0
CONT_s14_bola_ElephantsDream,1789349854.337,0.1047,4552,4,0,243169884.0,817040219.7,2
CONT_s14_bola_ElephantsDream,1789349854.441,0.1045,3052,3,0,262378323.0,809305894.4,2
CONT_s14_bola_ElephantsDream,1789349854.546,0.1047,3052,3,0,67767653.7,403936424.1,2
CONT_s14_bola_ElephantsDream,1789349854.651,0.1046,52,1,0,82990294.0,46413903.0,1
CONT_s14_bola_ElephantsDream,1789349854.757,0.1064,4552,4,0,240546219.5,472947542.9,2
CONT_s14_bola_ElephantsDream,1789349854.862,0.1048,0,0,0,0,0,0
CONT_s14_bola_ElephantsDream,1789349854.966,0.1047,4552,4,0,214143796.5,470269833.0,3
CONT_s14_bola_ElephantsDream,1789349855.071,0.1047,52,1,0,99281170.0,41876008.0,1
CONT_s14_bola_ElephantsDream,1789349855.176,0.1047,3052,3,0,105266191.0,553811532.8,2
CONT_s14_bola_ElephantsDream,1789349855.281,0.1047,3052,3,0,106626669.0,866734.0,2
CONT_s14_bola_ElephantsDream,1789349855.385,0.1048,1552,2,0,305316352.5,40918274.0,2
CONT_s14_bola_ElephantsDream,1789349855.49,0.1047,3052,3,0,264116469.7,537464223.0,2
CONT_s14_bola_ElephantsDream,1789349855.595,0.1047,3052,3,0,127710314.3,564240084.1,2
CONT_s14_bola_ElephantsDream,1789349855.7,0.1049,0,0,0,0,0,0
CONT_s14_bola_ElephantsDream,1789349855.804,0.1047,4552,4,0,145761940.2,604789560.4,3
CONT_s14_bola_ElephantsDream,1789349855.909,0.1047,1604,3,0,339091314.0,476771378.0,2
CONT_s14_bola_ElephantsDream,1789349856.014,0.1047,3052,3,0,252832081.3,537268152.0,2
CONT_s14_bola_ElephantsDream,1789349856.119,0.1048,3052,3,0,155255287.7,873581741.7,2
CONT_s14_bola_ElephantsDream,1789349856.224,0.1049,0,0,0,0,0,0
CONT_s14_bola_ElephantsDream,1789349856.328,0.1047,4552,4,0,166009306.8,616838316.7,3
CONT_s14_bola_ElephantsDream,1789349856.433,0.1047,670,3,0,318318494.3,95441812.6,2
CONT_s14_bola_ElephantsDream,1789349856.538,0.1047,3052,3,0,158420253.0,747449476.6,2
CONT_s14_bola_ElephantsDream,1789349856.642,0.1048,3052,3,0,154526680.7,478507536.5,2
CONT_s14_bola_ElephantsDream,1789349856.749,0.107,3052,3,0,278657289.3,398158236.7,2
CONT_s14_bola_ElephantsDream,1789349856.854,0.1047,0,0,0,0,0,0
CONT_s14_bola_ElephantsDream,1789349856.959,0.1047,3052,3,0,268922225.7,502608.0,2
CONT_s14_bola_ElephantsDream,1789349857.064,0.1047,3052,3,0,177223381.0,747443241.2,2
CONT_s14_bola_ElephantsDream,1789349857.168,0.1048,3052,3,0,175241833.0,671520199.6,2
CONT_s14_bola_ElephantsDream,1789349857.273,0.1047,1552,2,0,294117790.0,40983255.0,2
CONT_s14_bola_ElephantsDream,1789349857.378,0.1048,3052,3,0,265372362.7,604571152.8,2
CONT_s14_bola_ElephantsDream,1789349857.482,0.1047,0,0,0,0,0,0
CONT_s14_bola_ElephantsDream,1789349857.587,0.1047,3052,3,0,252115567.3,604905592.4,2
CONT_s14_bola_ElephantsDream,1789349857.692,0.1048,3052,3,0,202717075.7,1008192158.9,2
CONT_s14_bola_ElephantsDream,1789349857.797,0.1047,3052,3,0,199486837.0,739224014.1,2
CONT_s14_bola_ElephantsDream,1789349857.901,0.1047,1552,2,0,274919961.0,557215114.4,2
CONT_s14_bola_ElephantsDream,1789349858.006,0.1047,3052,3,0,251300228.3,604903174.4,2
CONT_s14_bola_ElephantsDream,1789349858.111,0.1047,3000,2,0,202845807.0,614952936.0,1
CONT_s14_bola_ElephantsDream,1789349858.216,0.1049,52,1,0,312283379.0,804254.0,1
CONT_s14_bola_ElephantsDream,1789349858.32,0.1047,3052,3,0,224493751.3,1075524534.4,2
CONT_s14_bola_ElephantsDream,1789349858.425,0.1047,3052,3,0,219057452.0,739011889.0,2
CONT_s14_bola_ElephantsDream,1789349858.53,0.105,1552,2,0,260225843.0,550898345.3,2
CONT_s14_bola_ElephantsDream,1789349858.635,0.1054,0,0,0,0,0,0
CONT_s14_bola_ElephantsDream,1789349858.74,0.1047,4552,4,0,221563482.0,675364824.3,2
CONT_s14_bola_ElephantsDream,1789349858.845,0.1047,3104,4,0,232408111.0,991501130.7,2
CONT_s14_bola_ElephantsDream,1789349858.95,0.1048,3040,3,0,228580503.0,683402707.0,2
CONT_s14_bola_ElephantsDream,1789349859.054,0.1048,0,0,0,0,0,0
CONT_s14_bola_ElephantsDream,1789349859.159,0.1049,4552,4,0,233376602.2,785001389.9,2
CONT_s14_bola_ElephantsDream,1789349859.264,0.105,52,1,0,300781427.0,54407978.0,1
CONT_s14_bola_ElephantsDream,1789349859.369,0.1049,4552,4,0,215764850.8,675155268.4,2
CONT_s14_bola_ElephantsDream,1789349859.474,0.1047,0,0,0,0,0,0
CONT_s14_bola_ElephantsDream,1789349859.579,0.1047,3052,3,0,259867624.0,890281932.0,1
CONT_s14_bola_ElephantsDream,1789349859.683,0.1046,3000,2,0,244804770.0,0,1
CONT_s14_bola_ElephantsDream,1789349859.788,0.1047,1552,2,0,241905020.0,481036883.0,2
CONT_s14_bola_ElephantsDream,1789349859.893,0.1047,3052,3,0,226794771.0,473201593.2,2
CONT_s14_bola_ElephantsDream,1789349859.997,0.1047,3052,3,0,208047003.3,221198706.4,2
CONT_s14_bola_ElephantsDream,1789349860.102,0.1047,3104,4,0,203375368.5,264793195.3,2
CONT_s14_bola_ElephantsDream,1789349860.207,0.1049,0,0,0,0,0,0
CONT_s14_bola_ElephantsDream,1789349860.312,0.1047,4552,4,0,176064296.2,289572849.5,2
CONT_s14_bola_ElephantsDream,1789349860.416,0.1047,52,1,0,212210885.0,54260719.0,1
CONT_s14_bola_ElephantsDream,1789349860.521,0.1048,3052,3,0,169024722.3,334922564.0,2
CONT_s14_bola_ElephantsDream,1789349860.626,0.1048,0,0,0,0,0,0
CONT_s14_bola_ElephantsDream,1789349860.731,0.1052,4552,4,0,161052989.8,405438695.8,2
CONT_s14_bola_ElephantsDream,1789349860.836,0.1047,0,0,0,0,0,0
CONT_s14_bola_ElephantsDream,1789349860.94,0.1048,6456,7,0,150656210.1,343852061.3,2
CONT_s14_bola_ElephantsDream,1789349861.045,0.1047,447,1,0,174003579.0,0,1
CONT_s14_bola_ElephantsDream,1789349861.15,0.1047,4552,4,0,147138829.5,197286105.4,2
CONT_s14_bola_ElephantsDream,1789349861.255,0.1047,0,0,0,0,0,0
CONT_s14_bola_ElephantsDream,1789349861.359,0.1046,4552,4,0,143752568.5,1169991.0,2
CONT_s14_bola_ElephantsDream,1789349861.464,0.1047,0,0,0,0,0,0
CONT_s14_bola_ElephantsDream,1789349861.569,0.1047,4552,4,0,140607071.0,404471760.4,2
CONT_s14_bola_ElephantsDream,1789349861.674,0.1049,0,0,0,0,0,0
CONT_s14_bola_ElephantsDream,1789349861.778,0.1049,4552,4,0,137724212.2,404740322.0,2
CONT_s14_bola_ElephantsDream,1789349861.883,0.1049,0,0,0,0,0,0
CONT_s14_bola_ElephantsDream,1789349861.988,0.1048,4552,4,0,135070573.2,405309967.4,2
CONT_s14_bola_ElephantsDream,1789349862.093,0.1047,3086,4,0,132174721.0,270801878.8,2
CONT_s14_bola_ElephantsDream,1789349862.198,0.1046,0,0,0,0,0,0
CONT_s14_bola_ElephantsDream,1789349862.302,0.1048,4552,4,0,133449413.8,197606280.9,2
CONT_s14_bola_ElephantsDream,1789349862.407,0.1048,0,0,0,0,0,0
CONT_s14_bola_ElephantsDream,1789349862.512,0.1048,4552,4,0,131355305.5,586070.0,2
CONT_s14_bola_ElephantsDream,1789349862.617,0.1048,0,0,0,0,0,0
CONT_s14_bola_ElephantsDream,1789349862.722,0.1049,4552,4,0,129336254.0,405157863.0,2
CONT_s14_bola_ElephantsDream,1789349862.826,0.1047,0,0,0,0,0,0
CONT_s14_bola_ElephantsDream,1789349862.931,0.1048,4552,4,0,127455879.5,405289710.9,2
CONT_s14_bola_ElephantsDream,1789349863.036,0.1049,0,0,0,0,0,0
CONT_s14_bola_ElephantsDream,1789349863.141,0.105,4552,4,0,125687902.0,404706765.3,2
CONT_s14_bola_ElephantsDream,1789349863.247,0.106,0,0,0,0,0,0
CONT_s14_bola_ElephantsDream,1789349863.352,0.1049,4552,4,0,124026185.0,405314019.6,2
CONT_s14_bola_ElephantsDream,1789349863.456,0.1046,0,0,0,0,0,0
CONT_s14_bola_ElephantsDream,1789349863.561,0.1048,4552,4,0,122470936.2,405383053.4,2
CONT_s14_bola_ElephantsDream,1789349863.666,0.1047,0,0,0,0,0,0
CONT_s14_bola_ElephantsDream,1789349863.771,0.1047,4552,4,0,121012940.8,405253547.4,2
CONT_s14_bola_ElephantsDream,1789349863.876,0.1049,0,0,0,0,0,0
CONT_s14_bola_ElephantsDream,1789349863.98,0.1048,4552,4,0,119654500.5,405163908.3,2
CONT_s14_bola_ElephantsDream,1789349864.085,0.1048,3052,3,0,115469156.0,335405263.9,2
CONT_s14_bola_ElephantsDream,1789349864.19,0.1049,0,0,0,0,0,0
CONT_s14_bola_ElephantsDream,1789349864.295,0.1047,3994,5,0,106973865.8,139616961.9,2
CONT_s14_bola_ElephantsDream,1789349864.399,0.1047,0,0,0,0,0,0
CONT_s14_bola_ElephantsDream,1789349864.504,0.1047,6052,5,0,118183632.4,267940659.1,2
CONT_s14_bola_ElephantsDream,1789349864.609,0.1048,0,0,0,0,0,0
CONT_s14_bola_ElephantsDream,1789349864.714,0.1047,0,0,0,0,0,0
CONT_s14_bola_ElephantsDream,1789349864.818,0.1047,6052,5,0,117542772.6,1306010.0,2
CONT_s14_bola_ElephantsDream,1789349864.923,0.1048,0,0,0,0,0,0
CONT_s14_bola_ElephantsDream,1789349865.028,0.1048,0,0,0,0,0,0
CONT_s14_bola_ElephantsDream,1789349865.136,0.1079,7552,6,0,118266254.8,610803704.8,2
CONT_s14_bola_ElephantsDream,1789349865.241,0.1049,0,0,0,0,0,0
CONT_s14_bola_ElephantsDream,1789349865.346,0.1048,0,0,0,0,0,0
CONT_s14_bola_ElephantsDream,1789349865.45,0.1047,0,0,0,0,0,0
CONT_s14_bola_ElephantsDream,1789349865.555,0.1049,7552,6,0,117011524.2,678320044.2,2
CONT_s14_bola_ElephantsDream,1789349865.66,0.1047,0,0,0,0,0,0
CONT_s14_bola_ElephantsDream,1789349865.765,0.1048,4552,4,0,114883712.5,202100104.8,2
CONT_s14_bola_ElephantsDream,1789349865.869,0.1048,4552,4,0,114429663.5,937475.0,2
CONT_s14_bola_ElephantsDream,1789349865.974,0.1047,0,0,0,0,0,0
CONT_s14_bola_ElephantsDream,1789349866.079,0.1048,0,0,0,0,0,0
CONT_s14_bola_ElephantsDream,1789349866.184,0.1047,6052,5,0,117052182.2,473769435.4,2
CONT_s14_bola_ElephantsDream,1789349866.289,0.1049,3052,3,0,112072606.7,946605.0,2
CONT_s14_bola_ElephantsDream,1789349866.393,0.1049,2498,4,0,100881268.5,401213873.5,2
CONT_s14_bola_ElephantsDream,1789349866.498,0.1048,0,0,0,0,0,0
CONT_s14_bola_ElephantsDream,1789349866.603,0.1049,0,0,0,0,0,0
CONT_s14_bola_ElephantsDream,1789349866.708,0.1049,0,0,0,0,0,0
CONT_s14_bola_ElephantsDream,1789349866.813,0.1048,7552,6,0,119039304.2,337303108.1,2
CONT_s14_bola_ElephantsDream,1789349866.918,0.1047,0,0,0,0,0,0
CONT_s14_bola_ElephantsDream,1789349867.022,0.1048,0,0,0,0,0,0
CONT_s14_bola_ElephantsDream,1789349867.127,0.1048,7552,6,0,118009973.5,574034.0,2
CONT_s14_bola_ElephantsDream,1789349867.232,0.1049,0,0,0,0,0,0
CONT_s14_bola_ElephantsDream,1789349867.337,0.1048,0,0,0,0,0,0
CONT_s14_bola_ElephantsDream,1789349867.442,0.1047,7552,6,0,117044124.0,679007560.1,2
CONT_s14_bola_ElephantsDream,1789349867.546,0.1048,0,0,0,0,0,0
CONT_s14_bola_ElephantsDream,1789349867.651,0.1047,0,0,0,0,0,0
CONT_s14_bola_ElephantsDream,1789349867.757,0.1064,7552,6,0,116148664.2,679032528.5,2
CONT_s14_bola_ElephantsDream,1789349867.862,0.1046,0,0,0,0,0,0
CONT_s14_bola_ElephantsDream,1789349867.967,0.1047,0,0,0,0,0,0
CONT_s14_bola_ElephantsDream,1789349868.071,0.1048,0,0,0,0,0,0
CONT_s14_bola_ElephantsDream,1789349868.176,0.1047,7552,6,0,115320027.7,678839396.4,2
CONT_s14_bola_ElephantsDream,1789349868.281,0.1047,0,0,0,0,0,0
CONT_s14_bola_ElephantsDream,1789349868.386,0.1049,0,0,0,0,0,0
CONT_s14_bola_ElephantsDream,1789349868.491,0.1048,7552,6,0,114546709.7,678637324.4,2
CONT_s14_bola_ElephantsDream,1789349868.599,0.1086,0,0,0,0,0,0
CONT_s14_bola_ElephantsDream,1789349868.704,0.1047,4804,5,0,106805128.2,482202885.2,2
CONT_s14_bola_ElephantsDream,1789349868.809,0.1047,0,0,0,0,0,0
CONT_s14_bola_ElephantsDream,1789349868.913,0.1048,0,0,0,0,0,0
CONT_s14_bola_ElephantsDream,1789349869.018,0.1048,7552,6,0,119564404.2,336100888.1,2
CONT_s14_bola_ElephantsDream,1789349869.123,0.1049,0,0,0,0,0,0
CONT_s14_bola_ElephantsDream,1789349869.228,0.1049,0,0,0,0,0,0
CONT_s14_bola_ElephantsDream,1789349869.333,0.1047,7552,6,0,118493494.3,555070.0,2
CONT_s14_bola_ElephantsDream,1789349869.437,0.1048,0,0,0,0,0,0
CONT_s14_bola_ElephantsDream,1789349869.542,0.1049,60,1,0,0.0,0,1
CONT_s14_bola_ElephantsDream,1789349869.647,0.1048,7552,6,0,117490340.2,678908320.1,2
CONT_s14_bola_ElephantsDream,1789349869.754,0.1071,0,0,0,0,0,0
CONT_s14_bola_ElephantsDream,1789349869.859,0.1049,0,0,0,0,0,0
CONT_s14_bola_ElephantsDream,1789349869.964,0.1049,0,0,0,0,0,0
CONT_s14_bola_ElephantsDream,1789349870.069,0.1048,7885,9,0,84459280.8,654092105.4,4
CONT_s14_bola_ElephantsDream,1789349870.173,0.1049,0,0,0,0,0,0
CONT_s14_bola_ElephantsDream,1789349870.278,0.1049,0,0,0,0,0,0
CONT_s14_bola_ElephantsDream,1789349870.383,0.105,7552,6,0,116003749.5,682069913.5,2
CONT_s14_bola_ElephantsDream,1789349870.488,0.105,0,0,0,0,0,0
CONT_s14_bola_ElephantsDream,1789349870.593,0.1049,0,0,0,0,0,0
CONT_s14_bola_ElephantsDream,1789349870.698,0.105,7604,7,0,98714625.1,681995374.4,3
CONT_s14_bola_ElephantsDream,1789349870.803,0.1049,0,0,0,0,0,0
CONT_s14_bola_ElephantsDream,1789349870.908,0.1049,4552,4,0,113036269.8,542646923.1,2
CONT_s14_bola_ElephantsDream,1789349871.013,0.1049,2429,4,0,99573677.5,668959.0,2
CONT_s14_bola_ElephantsDream,1789349871.118,0.1049,0,0,0,0,0,0
CONT_s14_bola_ElephantsDream,1789349871.223,0.1051,0,0,0,0,0,0
CONT_s14_bola_ElephantsDream,1789349871.328,0.105,7552,6,0,117337695.0,335933287.2,2
CONT_s14_bola_ElephantsDream,1789349871.433,0.105,0,0,0,0,0,0
CONT_s14_bola_ElephantsDream,1789349871.538,0.1049,0,0,0,0,0,0
CONT_s14_bola_ElephantsDream,1789349871.643,0.1048,0,0,0,0,0,0
CONT_s14_bola_ElephantsDream,1789349871.751,0.1078,7552,6,0,116803835.8,1170306.0,2
CONT_s14_bola_ElephantsDream,1789349871.856,0.105,0,0,0,0,0,0
CONT_s14_bola_ElephantsDream,1789349871.96,0.1049,0,0,0,0,0,0
CONT_s14_bola_ElephantsDream,1789349872.065,0.1049,7552,6,0,116182201.3,679047215.0,2
CONT_s14_bola_ElephantsDream,1789349872.17,0.1048,0,0,0,0,0,0
CONT_s14_bola_ElephantsDream,1789349872.275,0.1049,0,0,0,0,0,0
CONT_s14_bola_ElephantsDream,1789349872.38,0.105,7552,6,0,115534623.7,678407912.7,2
CONT_s14_bola_ElephantsDream,1789349872.485,0.105,0,0,0,0,0,0
CONT_s14_bola_ElephantsDream,1789349872.59,0.1049,0,0,0,0,0,0
CONT_s14_bola_ElephantsDream,1789349872.695,0.105,7552,6,0,114884594.0,678697655.9,2
CONT_s14_bola_ElephantsDream,1789349872.8,0.1049,0,0,0,0,0,0
CONT_s14_bola_ElephantsDream,1789349872.905,0.1048,0,0,0,0,0,0
CONT_s14_bola_ElephantsDream,1789349873.01,0.1049,0,0,0,0,0,0
CONT_s14_bola_ElephantsDream,1789349873.115,0.1049,7552,6,0,114239252.7,678562566.9,2
CONT_s14_bola_ElephantsDream,1789349873.22,0.1051,0,0,0,0,0,0
CONT_s14_bola_ElephantsDream,1789349873.324,0.1049,6052,5,0,113687213.2,540534104.9,3
CONT_s14_bola_ElephantsDream,1789349873.429,0.105,1840,4,0,141247974.2,333935086.1,3
CONT_s14_bola_ElephantsDream,1789349873.534,0.105,3052,3,0,314087984.7,171969023.7,2
CONT_s14_bola_ElephantsDream,1789349873.64,0.1052,0,0,0,0,0,0
CONT_s14_bola_ElephantsDream,1789349873.746,0.1068,3052,3,0,296160166.3,558997.0,2
CONT_s14_bola_ElephantsDream,1789349873.851,0.1049,3052,3,0,279130458.0,1341917.0,2
CONT_s14_bola_ElephantsDream,1789349873.956,0.1048,3052,3,0,263682457.7,402271940.1,2
CONT_s14_bola_ElephantsDream,1789349874.061,0.105,0,0,0,0,0,0
CONT_s14_bola_ElephantsDream,1789349874.166,0.1049,3052,3,0,249647368.3,403034411.0,2
CONT_s14_bola_ElephantsDream,1789349874.271,0.1051,3052,3,0,236885565.0,402271424.3,2
CONT_s14_bola_ElephantsDream,1789349874.376,0.1051,3052,3,0,225259105.0,402935895.5,2
CONT_s14_bola_ElephantsDream,1789349874.481,0.1052,3052,3,0,214657441.3,402441395.9,2
CONT_s14_bola_ElephantsDream,1789349874.587,0.1052,0,0,0,0,0,0
CONT_s14_bola_ElephantsDream,1789349874.692,0.1049,3052,3,0,204982669.0,403057875.3,2
CONT_s14_bola_ElephantsDream,1789349874.797,0.1051,3052,3,0,196155363.0,403098120.1,2
CONT_s14_bola_ElephantsDream,1789349874.902,0.1051,3052,3,0,188096121.7,403025641.0,2
CONT_s14_bola_ElephantsDream,1789349875.007,0.1052,0,0,0,0,0,0
CONT_s14_bola_ElephantsDream,1789349875.112,0.1051,3052,3,0,180725821.3,402944307.4,2
CONT_s14_bola_ElephantsDream,1789349875.217,0.1051,3052,3,0,173980944.0,402670943.5,2
CONT_s14_bola_ElephantsDream,1789349875.322,0.1051,3052,3,0,167794702.0,402949733.5,2
CONT_s14_bola_ElephantsDream,1789349875.427,0.1051,447,1,0,185181715.0,0,1
CONT_s14_bola_ElephantsDream,1789349875.533,0.1052,3052,3,0,162115142.3,402605068.8,2
CONT_s14_bola_ElephantsDream,1789349875.639,0.1063,3052,3,0,156894258.7,403024869.1,2
CONT_s14_bola_ElephantsDream,1789349875.746,0.1071,0,0,0,0,0,0
CONT_s14_bola_ElephantsDream,1789349875.851,0.1051,0,0,0,0,0,0
CONT_s14_bola_ElephantsDream,1789349875.956,0.105,7552,6,0,332628540.3,491914407.0,2
CONT_s14_bola_ElephantsDream,1789349876.061,0.105,3052,3,0,186843010.3,739152009.5,2
CONT_s14_bola_ElephantsDream,1789349876.166,0.1049,0,0,0,0,0,0
CONT_s14_bola_ElephantsDream,1789349876.271,0.1049,3052,3,0,185780493.0,739199654.0,2
CONT_s14_bola_ElephantsDream,1789349876.376,0.105,0,0,0,0,0,0
CONT_s14_bola_ElephantsDream,1789349876.488,0.1116,4552,4,0,317600455.8,473006972.2,2
CONT_s14_bola_ElephantsDream,1789349876.593,0.105,0,0,0,0,0,0
CONT_s14_bola_ElephantsDream,1789349876.698,0.1051,4552,4,0,290673147.2,941827.0,2
CONT_s14_bola_ElephantsDream,1789349876.803,0.1049,3052,3,0,219616919.7,1142546109.2,2
CONT_s14_bola_ElephantsDream,1789349876.907,0.1049,3052,3,0,216478913.3,805911649.4,2
CONT_s14_bola_ElephantsDream,1789349877.012,0.1049,0,0,0,0,0,0
CONT_s14_bola_ElephantsDream,1789349877.117,0.1048,4552,4,0,291812984.5,675359716.1,2
CONT_s14_bola_ElephantsDream,1789349877.222,0.1049,0,0,0,0,0,0
CONT_s14_bola_ElephantsDream,1789349877.327,0.1049,4552,4,0,269474111.5,675529939.9,2
CONT_s14_bola_ElephantsDream,1789349877.432,0.1049,3052,3,0,247142498.3,1210006956.3,2
CONT_s14_bola_ElephantsDream,1789349877.537,0.1049,0,0,0,0,0,0
CONT_s14_bola_ElephantsDream,1789349877.642,0.1051,3052,3,0,241200957.7,806543419.8,2
CONT_s14_bola_ElephantsDream,1789349877.749,0.1071,0,0,0,0,0,0
CONT_s14_bola_ElephantsDream,1789349877.854,0.105,4552,4,0,274397898.8,675558452.3,2
CONT_s14_bola_ElephantsDream,1789349877.959,0.1049,0,0,0,0,0,0
CONT_s14_bola_ElephantsDream,1789349878.064,0.1048,4552,4,0,255177445.5,675315430.7,2
CONT_s14_bola_ElephantsDream,1789349878.169,0.1049,3052,3,0,269331511.3,1210126614.8,2
CONT_s14_bola_ElephantsDream,1789349878.274,0.105,3052,3,0,261118448.3,805847210.2,2
CONT_s14_bola_ElephantsDream,1789349878.378,0.105,0,0,0,0,0,0
CONT_s14_bola_ElephantsDream,1789349878.483,0.1049,4552,4,0,262670242.5,675713854.3,2
CONT_s14_bola_ElephantsDream,1789349878.588,0.1049,0,0,0,0,0,0
CONT_s14_bola_ElephantsDream,1789349878.693,0.1049,4552,4,0,245567390.5,675439766.0,2
CONT_s14_bola_ElephantsDream,1789349878.798,0.1049,3052,3,0,287253197.3,1209774178.2,2
CONT_s14_bola_ElephantsDream,1789349878.903,0.1049,0,0,0,0,0,0
CONT_s14_bola_ElephantsDream,1789349879.008,0.1049,3052,3,0,277272707.7,806401179.4,2
CONT_s14_bola_ElephantsDream,1789349879.113,0.1048,0,0,0,0,0,0
CONT_s14_bola_ElephantsDream,1789349879.218,0.1049,5836,7,0,247177259.3,542449496.4,2
CONT_s14_bola_ElephantsDream,1789349879.322,0.1049,3052,3,0,284640641.0,1043704222.4,2
CONT_s14_bola_ElephantsDream,1789349879.427,0.105,0,0,0,0,0,0
CONT_s14_bola_ElephantsDream,1789349879.533,0.1052,3052,3,0,271583552.3,640050663.9,2
CONT_s14_bola_ElephantsDream,1789349879.638,0.1056,0,0,0,0,0,0
CONT_s14_bola_ElephantsDream,1789349879.748,0.1092,4552,4,0,254886166.8,470636253.3,2
CONT_s14_bola_ElephantsDream,1789349879.853,0.105,4552,4,0,239447146.0,1347361.0,2
CONT_s14_bola_ElephantsDream,1789349879.958,0.1051,0,0,0,0,0,0
CONT_s14_bola_ElephantsDream,1789349880.063,0.105,3052,3,0,296741193.7,1043905421.7,2
CONT_s14_bola_ElephantsDream,1789349880.168,0.1051,3052,3,0,285882314.7,806563065.7,2
CONT_s14_bola_ElephantsDream,1789349880.273,0.1053,0,0,0,0,0,0
CONT_s14_bola_ElephantsDream,1789349880.378,0.105,4552,4,0,250059612.5,675412223.7,2
CONT_s14_bola_ElephantsDream,1789349880.483,0.1049,0,0,0,0,0,0
CONT_s14_bola_ElephantsDream,1789349880.588,0.1049,4552,4,0,235512661.5,675190369.4,2
CONT_s14_bola_ElephantsDream,1789349880.693,0.1048,3052,3,0,309627047.7,1210169336.7,2
CONT_s14_bola_ElephantsDream,1789349880.797,0.1048,0,0,0,0,0,0
CONT_s14_bola_ElephantsDream,1789349880.902,0.1049,3052,3,0,297496470.3,806190235.6,2
CONT_s14_bola_ElephantsDream,1789349881.007,0.1049,0,0,0,0,0,0
CONT_s14_bola_ElephantsDream,1789349881.112,0.105,4552,4,0,246832739.2,675540389.2,2
CONT_s14_bola_ElephantsDream,1789349881.217,0.1051,4552,4,0,232852578.5,675895132.9,2
CONT_s14_bola_ElephantsDream,1789349881.322,0.1049,0,0,0,0,0,0
CONT_s14_bola_ElephantsDream,1789349881.427,0.1049,3052,3,0,320125120.7,1209809614.9,2
CONT_s14_bola_ElephantsDream,1789349881.534,0.1064,3104,4,0,303600449.5,793088584.8,2
CONT_s14_bola_ElephantsDream,1789349881.639,0.1052,0,0,0,0,0,0
CONT_s14_bola_ElephantsDream,1789349881.746,0.107,4552,4,0,244643030.2,675995257.7,2
CONT_s14_bola_ElephantsDream,1789349881.851,0.105,0,0,0,0,0,0
CONT_s14_bola_ElephantsDream,1789349881.956,0.105,4552,4,0,231057170.5,675657395.7,2
CONT_s14_bola_ElephantsDream,1789349882.061,0.105,3040,3,0,328065232.3,1230959385.0,2
CONT_s14_bola_ElephantsDream,1789349882.166,0.1049,0,0,0,0,0,0
CONT_s14_bola_ElephantsDream,1789349882.271,0.1049,3052,3,0,289478934.0,753274356.0,1
CONT_s14_bola_ElephantsDream,1789349882.376,0.105,0,0,0,0,0,0
CONT_s14_bola_ElephantsDream,1789349882.481,0.105,4552,4,0,243463237.0,678543747.0,2
CONT_s14_bola_ElephantsDream,1789349882.586,0.1049,3052,3,0,240366746.7,607319992.8,2
CONT_s14_bola_ElephantsDream,1789349882.691,0.1049,3000,2,0,312261243.0,0,1
CONT_s14_bola_ElephantsDream,1789349882.796,0.105,3052,3,0,241615334.0,699384.0,2
CONT_s14_bola_ElephantsDream,1789349882.901,0.105,1776,2,0,241243760.5,353033943.0,2
CONT_s14_bola_ElephantsDream,1789349883.006,0.105,0,0,0,0,0,0
CONT_s14_bola_ElephantsDream,1789349883.11,0.1049,0,0,0,0,0,0
CONT_s14_bola_ElephantsDream,1789349883.216,0.1052,0,0,0,0,0,0
CONT_s14_bola_ElephantsDream,1789349883.321,0.1049,9052,7,0,195855337.0,405261822.4,2
CONT_s14_bola_ElephantsDream,1789349883.426,0.105,0,0,0,0,0,0
CONT_s14_bola_ElephantsDream,1789349883.531,0.105,4552,4,0,197293110.0,202258789.4,2
CONT_s14_bola_ElephantsDream,1789349883.637,0.1069,0,0,0,0,0,0
CONT_s14_bola_ElephantsDream,1789349883.743,0.1053,4552,4,0,187587085.5,1020975.0,2
CONT_s14_bola_ElephantsDream,1789349883.848,0.1048,0,0,0,0,0,0
CONT_s14_bola_ElephantsDream,1789349883.953,0.105,6052,5,0,174114768.0,474365534.5,2
CONT_s14_bola_ElephantsDream,1789349884.058,0.1049,0,0,0,0,0,0
CONT_s14_bola_ElephantsDream,1789349884.162,0.1049,0,0,0,0,0,0
CONT_s14_bola_ElephantsDream,1789349884.267,0.1049,6052,5,0,165650937.8,541737216.8,2
CONT_s14_bola_ElephantsDream,1789349884.372,0.105,0,0,0,0,0,0
CONT_s14_bola_ElephantsDream,1789349884.477,0.1051,0,0,0,0,0,0
CONT_s14_bola_ElephantsDream,1789349884.582,0.105,6052,5,0,158629582.2,541832744.1,2
CONT_s14_bola_ElephantsDream,1789349884.687,0.1051,0,0,0,0,0,0
CONT_s14_bola_ElephantsDream,1789349884.792,0.105,0,0,0,0,0,0
CONT_s14_bola_ElephantsDream,1789349884.897,0.1049,7552,6,0,149954152.3,610542466.6,2
CONT_s14_bola_ElephantsDream,1789349885.002,0.105,0,0,0,0,0,0
CONT_s14_bola_ElephantsDream,1789349885.107,0.105,5520,5,0,146412882.0,585594920.6,2
CONT_s14_bola_ElephantsDream,1789349885.212,0.1051,0,0,0,0,0,0
CONT_s14_bola_ElephantsDream,1789349885.317,0.1049,0,0,0,0,0,0
CONT_s14_bola_ElephantsDream,1789349885.422,0.1049,0,0,0,0,0,0
CONT_s14_bola_ElephantsDream,1789349885.527,0.105,0,0,0,0,0,0
CONT_s14_bola_ElephantsDream,1789349885.635,0.1075,0,0,0,0,0,0
CONT_s14_bola_ElephantsDream,1789349885.74,0.1049,0,0,0,0,0,0
CONT_s14_bola_ElephantsDream,1789349885.844,0.1048,0,0,0,0,0,0
CONT_s14_bola_ElephantsDream,1789349885.949,0.1049,0,0,0,0,0,0
CONT_s14_bola_ElephantsDream,1789349886.054,0.1049,0,0,0,0,0,0
CONT_s14_bola_ElephantsDream,1789349886.159,0.1048,0,0,0,0,0,0
CONT_s14_bola_ElephantsDream,1789349886.264,0.1048,0,0,0,0,0,0
CONT_s14_bola_ElephantsDream,1789349886.369,0.1049,0,0,0,0,0,0
CONT_s14_bola_ElephantsDream,1789349886.474,0.1049,0,0,0,0,0,0
CONT_s14_bola_ElephantsDream,1789349886.579,0.1049,0,0,0,0,0,0
CONT_s14_bola_ElephantsDream,1789349886.684,0.1051,0,0,0,0,0,0
CONT_s14_bola_ElephantsDream,1789349886.789,0.105,0,0,0,0,0,0
CONT_s14_bola_ElephantsDream,1789349886.894,0.105,0,0,0,0,0,0
CONT_s14_bola_ElephantsDream,1789349886.999,0.1049,0,0,0,0,0,0
CONT_s14_bola_ElephantsDream,1789349887.104,0.1051,0,0,0,0,0,0
CONT_s14_bola_ElephantsDream,1789349887.209,0.105,15500,12,0,248953446.5,3113036.5,2
CONT_s14_bola_ElephantsDream,1789349887.314,0.1049,0,0,0,0,0,0
CONT_s14_bola_ElephantsDream,1789349887.419,0.105,0,0,0,0,0,0
CONT_s14_bola_ElephantsDream,1789349887.524,0.105,7552,6,0,225637143.0,329409199.9,2
CONT_s14_bola_ElephantsDream,1789349887.63,0.1065,0,0,0,0,0,0
CONT_s14_bola_ElephantsDream,1789349887.735,0.1052,0,0,0,0,0,0
CONT_s14_bola_ElephantsDream,1789349887.84,0.105,7552,6,0,206089825.5,1185047.0,2
CONT_s14_bola_ElephantsDream,1789349887.945,0.105,0,0,0,0,0,0
CONT_s14_bola_ElephantsDream,1789349888.051,0.105,0,0,0,0,0,0
CONT_s14_bola_ElephantsDream,1789349888.155,0.1049,7552,6,0,190978310.8,678645133.4,2
CONT_s14_bola_ElephantsDream,1789349888.26,0.1049,0,0,0,0,0,0
CONT_s14_bola_ElephantsDream,1789349888.365,0.1051,0,0,0,0,0,0
CONT_s14_bola_ElephantsDream,1789349888.47,0.1049,0,0,0,0,0,0
CONT_s14_bola_ElephantsDream,1789349888.575,0.105,7552,6,0,179204671.0,678423123.4,2
CONT_s14_bola_ElephantsDream,1789349888.68,0.1048,3052,3,0,205448082.0,469980452.4,2
CONT_s14_bola_ElephantsDream,1789349888.785,0.105,0,0,0,0,0,0
CONT_s14_bola_ElephantsDream,1789349888.89,0.105,4552,4,0,185072638.0,337201145.0,2
CONT_s14_bola_ElephantsDream,1789349888.995,0.105,3052,3,0,192787070.3,593848.0,2
CONT_s14_bola_ElephantsDream,1789349889.1,0.105,0,0,0,0,0,0
CONT_s14_bola_ElephantsDream,1789349889.205,0.105,3052,3,0,186157734.7,470094424.7,2
CONT_s14_bola_ElephantsDream,1789349889.31,0.1049,0,0,0,0,0,0
CONT_s14_bola_ElephantsDream,1789349889.415,0.105,4552,4,0,170816129.5,472817532.2,2
CONT_s14_bola_ElephantsDream,1789349889.52,0.1051,3052,3,0,176301614.3,470294913.8,2
CONT_s14_bola_ElephantsDream,1789349889.625,0.105,0,0,0,0,0,0
CONT_s14_bola_ElephantsDream,1789349889.73,0.1049,6647,11,0,91206911.7,346409841.4,4
CONT_s14_bola_ElephantsDream,1789349889.835,0.1051,0,0,0,0,0,0
CONT_s14_bola_ElephantsDream,1789349889.94,0.1051,3052,3,0,14459123.3,137657219.0,2
CONT_s14_bola_ElephantsDream,1789349890.045,0.1052,3052,3,0,24017886.0,1131085.0,2
CONT_s14_bola_ElephantsDream,1789349890.15,0.105,0,0,0,0,0,0
CONT_s14_bola_ElephantsDream,1789349890.257,0.1065,0,0,0,0,0,0
CONT_s14_bola_ElephantsDream,1789349890.362,0.105,6052,5,0,177145965.2,546049133.4,2
CONT_s14_bola_ElephantsDream,1789349890.467,0.1051,4616,5,1,64371312.8,599663676.4,2
CONT_s14_bola_ElephantsDream,1789349890.572,0.1052,0,0,0,0,0,0
CONT_s14_bola_ElephantsDream,1789349890.677,0.105,3052,3,0,69069828.7,604299790.1,2
CONT_s14_bola_ElephantsDream,1789349890.783,0.1054,3052,3,0,210957728.3,469903352.9,2
CONT_s14_bola_ElephantsDream,1789349890.888,0.1052,3052,3,0,208192454.3,817105.0,2
CONT_s14_bola_ElephantsDream,1789349890.993,0.1052,1564,2,1,76852241.5,0,2
CONT_s14_bola_ElephantsDream,1789349891.098,0.1051,3052,3,0,92319679.7,671497718.5,2
CONT_s14_bola_ElephantsDream,1789349891.203,0.105,0,0,0,0,0,0
CONT_s14_bola_ElephantsDream,1789349891.308,0.1051,4552,4,0,121276141.0,739378154.4,3
CONT_s14_bola_ElephantsDream,1789349891.413,0.1051,52,1,0,247893208.0,51068019.0,1
CONT_s14_bola_ElephantsDream,1789349891.518,0.1052,3052,3,0,221542834.0,537333757.6,2
CONT_s14_bola_ElephantsDream,1789349891.624,0.1052,3052,3,0,115298534.0,604383427.0,2
CONT_s14_bola_ElephantsDream,1789349891.729,0.1052,3052,3,0,118067036.3,604677060.3,2
CONT_s14_bola_ElephantsDream,1789349891.834,0.1051,1552,2,0,236116588.0,55430563.0,2
CONT_s14_bola_ElephantsDream,1789349891.939,0.1051,1552,2,0,240355020.5,481412939.4,2
CONT_s14_bola_ElephantsDream,1789349892.044,0.1052,3052,3,0,218408686.3,537463204.1,2
CONT_s14_bola_ElephantsDream,1789349892.149,0.105,3052,3,0,144198414.0,873628981.0,2
CONT_s14_bola_ElephantsDream,1789349892.254,0.105,3052,3,0,145312651.0,671723874.7,2
CONT_s14_bola_ElephantsDream,1789349892.359,0.105,1500,1,0,211808363.0,491996431.0,1
CONT_s14_bola_ElephantsDream,1789349892.464,0.1049,3104,4,0,231391735.5,548072953.0,2
CONT_s14_bola_ElephantsDream,1789349892.569,0.1052,0,0,0,0,0,0
CONT_s14_bola_ElephantsDream,1789349892.674,0.105,3052,3,0,213280883.3,604501743.9,2
CONT_s14_bola_ElephantsDream,1789349892.779,0.1051,3052,3,0,175554456.3,1008392757.6,2
CONT_s14_bola_ElephantsDream,1789349892.885,0.1052,3052,3,0,174793920.3,738645847.6,2
CONT_s14_bola_ElephantsDream,1789349892.99,0.1051,1552,2,0,225391584.0,545937526.3,2
CONT_s14_bola_ElephantsDream,1789349893.095,0.1051,3052,3,0,217277795.3,604865214.7,2
CONT_s14_bola_ElephantsDream,1789349893.2,0.105,0,0,0,0,0,0
CONT_s14_bola_ElephantsDream,1789349893.305,0.1051,3052,3,0,207692837.3,604790191.8,2
CONT_s14_bola_ElephantsDream,1789349893.41,0.1051,3052,3,0,202008771.0,1075540265.7,2
CONT_s14_bola_ElephantsDream,1789349893.515,0.1051,3052,3,0,198557181.3,738933286.6,2
CONT_s14_bola_ElephantsDream,1789349893.62,0.1052,1552,2,0,219385982.0,555938138.4,2
CONT_s14_bola_ElephantsDream,1789349893.726,0.1052,3052,3,0,212898833.3,604727648.9,2
CONT_s14_bola_ElephantsDream,1789349893.831,0.1051,3052,3,0,203844658.3,604716478.3,2
CONT_s14_bola_ElephantsDream,1789349893.936,0.1051,0,0,0,0,0,0
CONT_s14_bola_ElephantsDream,1789349894.041,0.1052,3052,3,0,223390995.7,1075332025.8,2
CONT_s14_bola_ElephantsDream,1789349894.146,0.1051,3052,3,0,217838286.0,739289099.3,2
CONT_s14_bola_ElephantsDream,1789349894.253,0.107,1552,2,0,215357096.0,549808927.0,2
CONT_s14_bola_ElephantsDream,1789349894.358,0.1053,0,0,0,0,0,0
CONT_s14_bola_ElephantsDream,1789349894.463,0.1052,4552,4,0,196788258.5,675924015.9,2
CONT_s14_bola_ElephantsDream,1789349894.569,0.1052,3052,3,0,233832767.3,1008085348.9,2
CONT_s14_bola_ElephantsDream,1789349894.674,0.1051,3052,3,0,225895539.3,671563538.8,2
CONT_s14_bola_ElephantsDream,1789349894.779,0.1051,3052,3,0,219286444.3,940860472.6,2
CONT_s14_bola_ElephantsDream,1789349894.884,0.1052,1500,1,0,203851721.0,628830304.0,1
CONT_s14_bola_ElephantsDream,1789349894.989,0.105,52,1,0,236251956.0,44529342.0,1
CONT_s14_bola_ElephantsDream,1789349895.094,0.1051,4552,4,0,196784251.0,675951249.4,2
CONT_s14_bola_ElephantsDream,1789349895.199,0.1052,3052,3,0,255019013.3,1075538876.6,2
CONT_s14_bola_ElephantsDream,1789349895.304,0.1051,0,0,0,0,0,0
CONT_s14_bola_ElephantsDream,1789349895.41,0.1051,4552,4,0,235100999.2,706523470.5,3
CONT_s14_bola_ElephantsDream,1789349895.515,0.1052,52,1,0,224354846.0,41489530.0,1
CONT_s14_bola_ElephantsDream,1789349895.62,0.1052,3052,3,0,205328371.0,469940263.2,2
CONT_s14_bola_ElephantsDream,1789349895.725,0.1052,3052,3,0,253887715.3,1008242984.5,2
CONT_s14_bola_ElephantsDream,1789349895.83,0.1051,3052,3,0,242709417.0,604707303.4,2
CONT_s14_bola_ElephantsDream,1789349895.935,0.1052,1552,2,0,217670009.0,47107417.0,2
CONT_s14_bola_ElephantsDream,1789349896.041,0.1052,1552,2,0,222786860.0,490384660.3,2
CONT_s14_bola_ElephantsDream,1789349896.146,0.105,3052,3,0,205061621.3,537107533.2,2
CONT_s14_bola_ElephantsDream,1789349896.253,0.1071,3052,3,0,256409484.0,873594138.9,2
CONT_s14_bola_ElephantsDream,1789349896.358,0.1052,3052,3,0,246425996.0,671994125.6,2
CONT_s14_bola_ElephantsDream,1789349896.463,0.1051,1422,2,0,214019351.0,285406397.7,2
CONT_s14_bola_ElephantsDream,1789349896.568,0.1052,3052,3,0,236548452.0,716171647.8,2
CONT_s14_bola_ElephantsDream,1789349896.673,0.1051,3052,3,0,224015814.3,446549801.0,2
CONT_s14_bola_ElephantsDream,1789349896.778,0.1052,0,0,0,0,0,0
CONT_s14_bola_ElephantsDream,1789349896.884,0.1053,500498,411,10,6024514.0,10058062.6,4
CONT_s14_bola_ElephantsDream,1789349896.989,0.1054,1874415,1440,0,645903.6,127976.9,4
CONT_s14_bola_ElephantsDream,1789349897.094,0.1051,0,0,0,0,0,0
CONT_s14_bola_ElephantsDream,1789349897.199,0.105,0,0,0,0,0,0
CONT_s14_bola_ElephantsDream,1789349897.304,0.105,15641,19,0,2434251.1,1437357.9,4
CONT_s14_bola_ElephantsDream,1789349897.41,0.1054,0,0,0,0,0,0
CONT_s14_bola_ElephantsDream,1789349897.515,0.1053,13552,10,0,16291105.0,213638000.5,2
CONT_s14_bola_ElephantsDream,1789349897.62,0.1055,6116,6,1,20146073.3,12772828.5,2
CONT_s14_bola_ElephantsDream,1789349897.726,0.1053,0,0,0,0,0,0
CONT_s14_bola_ElephantsDream,1789349897.831,0.1052,13668,12,1,28220214.8,215071011.0,2
CONT_s14_bola_ElephantsDream,1789349897.936,0.1053,6052,5,0,31203339.8,190814248.8,2
CONT_s14_bola_ElephantsDream,1789349898.042,0.1053,6052,5,0,33345590.8,190461340.2,2
CONT_s14_bola_ElephantsDream,1789349898.147,0.1053,6052,5,0,34932372.6,191234520.8,2
CONT_s14_bola_ElephantsDream,1789349898.254,0.1068,6052,5,0,36112674.4,190967012.9,2
CONT_s14_bola_ElephantsDream,1789349898.359,0.1053,6052,5,0,36973248.4,190310854.2,2
CONT_s14_bola_ElephantsDream,1789349898.464,0.1053,6052,5,0,37589012.6,191065357.5,2
CONT_s14_bola_ElephantsDream,1789349898.57,0.1053,6052,5,0,38011685.6,190325794.9,2
CONT_s14_bola_ElephantsDream,1789349898.675,0.1054,6052,5,0,38285893.4,191099651.4,2
CONT_s14_bola_ElephantsDream,1789349898.78,0.1053,6052,5,0,38459074.6,191162802.4,2
CONT_s14_bola_ElephantsDream,1789349898.886,0.1054,6052,5,0,38560227.0,191036190.2,2
CONT_s14_bola_ElephantsDream,1789349898.991,0.1054,9551,9,0,52150098.3,166097505.1,3
CONT_s14_bola_ElephantsDream,1789349899.096,0.1054,4552,4,0,38441383.2,1138622.0,2
CONT_s14_bola_ElephantsDream,1789349899.202,0.1052,12052,9,0,114890050.1,247039235.6,3
CONT_s14_bola_ElephantsDream,1789349899.307,0.1054,4604,5,0,89390273.6,330062942.2,3
CONT_s14_bola_ElephantsDream,1789349899.412,0.1054,6116,6,1,115565329.5,333475722.6,4
CONT_s14_bola_ElephantsDream,1789349899.518,0.1054,6104,6,0,219631877.0,213265667.1,2
CONT_s14_bola_ElephantsDream,1789349899.623,0.1054,9104,8,0,55234894.0,261919344.8,2
CONT_s14_bola_ElephantsDream,1789349899.729,0.1056,6104,6,0,201353970.3,237144464.2,2
CONT_s14_bola_ElephantsDream,1789349899.834,0.1053,7604,7,0,59646197.1,214057005.8,2
CONT_s14_bola_ElephantsDream,1789349899.939,0.1053,4552,4,0,57274075.8,286361643.2,2
CONT_s14_bola_ElephantsDream,1789349900.045,0.1054,6104,6,0,192243327.3,284694107.1,2
CONT_s14_bola_ElephantsDream,1789349900.15,0.1052,9104,8,0,61746234.2,310135280.0,2
CONT_s14_bola_ElephantsDream,1789349900.256,0.1062,4552,4,0,179145567.8,262974718.6,2
CONT_s14_bola_ElephantsDream,1789349900.362,0.1055,7604,7,0,114243015.9,361483780.3,4
CONT_s14_bola_ElephantsDream,1789349900.467,0.1053,7604,7,0,113370107.9,252075756.4,4
CONT_s14_bola_ElephantsDream,1789349900.572,0.1054,4552,4,0,154228663.2,262088066.6,2
CONT_s14_bola_ElephantsDream,1789349900.678,0.1052,9104,8,0,72001478.0,261923327.8,2
CONT_s14_bola_ElephantsDream,1789349900.783,0.1053,4552,4,0,153598524.8,286303648.7,2
CONT_s14_bola_ElephantsDream,1789349900.888,0.1055,4552,4,0,140639745.0,285748449.0,2
CONT_s14_bola_ElephantsDream,1789349900.994,0.1054,9104,8,0,77825244.5,285946946.0,2
CONT_s14_bola_ElephantsDream,1789349901.099,0.1053,6529,7,0,136319053.7,264152343.4,2
CONT_s14_bola_ElephantsDream,1789349901.204,0.1052,4552,4,0,82804016.0,245039217.9,2
CONT_s14_bola_ElephantsDream,1789349901.31,0.1058,9104,8,0,72715177.0,193988936.0,2
CONT_s14_bola_ElephantsDream,1789349901.416,0.1056,7604,7,0,65587252.9,130157802.5,2
CONT_s14_bola_ElephantsDream,1789349901.521,0.1056,3052,3,0,62756670.7,1028511.0,2
CONT_s14_bola_ElephantsDream,1789349901.627,0.1056,7604,7,0,58408389.7,166060879.6,2
CONT_s14_bola_ElephantsDream,1789349901.733,0.1057,9104,8,0,54157106.8,190322677.6,2
CONT_s14_bola_ElephantsDream,1789349901.838,0.1055,3052,3,0,52667446.7,189551607.0,2
CONT_s14_bola_ElephantsDream,1789349901.944,0.1056,9104,8,0,50154329.8,190184511.4,2
CONT_s14_bola_ElephantsDream,1789349902.049,0.1057,7604,7,0,48250703.3,189964819.8,2
CONT_s14_bola_ElephantsDream,1789349902.155,0.1053,4552,4,0,47384034.5,190679383.7,2
CONT_s14_bola_ElephantsDream,1789349902.26,0.1053,9104,8,0,46376277.0,202437883.9,2
CONT_s14_bola_ElephantsDream,1789349902.365,0.1053,4552,4,0,45875446.5,214050992.0,2
CONT_s14_bola_ElephantsDream,1789349902.471,0.1053,3052,3,0,44731175.0,213184954.9,2
CONT_s14_bola_ElephantsDream,1789349902.576,0.1053,10604,9,0,45238012.6,214821629.0,2
CONT_s14_bola_ElephantsDream,1789349902.681,0.1052,3052,3,0,43886243.7,213297499.8,2
CONT_s14_bola_ElephantsDream,1789349902.786,0.1052,7552,6,0,45238533.7,239295253.5,2
CONT_s14_bola_ElephantsDream,1789349902.892,0.1056,7604,7,0,44386981.3,237877733.5,2
CONT_s14_bola_ElephantsDream,1789349902.997,0.1053,7552,6,0,45044043.7,239458055.3,2
CONT_s14_bola_ElephantsDream,1789349903.103,0.1053,7604,7,0,44536790.7,237946333.1,2
CONT_s14_bola_ElephantsDream,1789349903.208,0.1054,7552,6,0,45033132.7,239492607.5,2
CONT_s14_bola_ElephantsDream,1789349903.313,0.1053,6052,5,0,44618078.8,262934509.9,2
CONT_s14_bola_ElephantsDream,1789349903.419,0.1053,3052,3,0,44380825.0,260927340.7,2
CONT_s14_bola_ElephantsDream,1789349903.524,0.1053,7552,6,0,44960415.7,263522840.5,2
CONT_s14_bola_ElephantsDream,1789349903.631,0.1074,6499,6,0,93191457.2,263135055.6,3
CONT_s14_bola_ElephantsDream,1789349903.737,0.1053,4552,4,0,44411478.5,286271027.9,2
CONT_s14_bola_ElephantsDream,1789349903.842,0.1053,12104,10,0,194663494.6,262840884.6,4
CONT_s14_bola_ElephantsDream,1789349903.947,0.1054,6052,5,0,50624016.2,358534837.0,2
CONT_s14_bola_ElephantsDream,1789349904.053,0.1054,7604,7,0,199911593.0,299893825.3,4
CONT_s14_bola_ElephantsDream,1789349904.158,0.1053,3052,3,0,367075448.0,824661.0,2
CONT_s14_bola_ElephantsDream,1789349904.263,0.1053,9104,8,0,58298909.0,250137388.6,2
CONT_s14_bola_ElephantsDream,1789349904.369,0.1054,7604,7,0,305948146.0,249465473.9,2
CONT_s14_bola_ElephantsDream,1789349904.474,0.1054,6104,6,0,67625617.0,212796506.0,2
CONT_s14_bola_ElephantsDream,1789349904.579,0.1053,4552,4,0,275736002.8,238277608.5,2
CONT_s14_bola_ElephantsDream,1789349904.685,0.1052,9104,8,0,160145695.9,250147949.9,4
CONT_s14_bola_ElephantsDream,1789349904.79,0.1053,3052,3,0,74375760.7,260883469.5,2
CONT_s14_bola_ElephantsDream,1789349904.895,0.1054,9104,8,0,207151907.5,262310571.8,2
CONT_s14_bola_ElephantsDream,1789349905.001,0.1054,4552,4,0,84398643.0,262424111.2,2
CONT_s14_bola_ElephantsDream,1789349905.106,0.1053,9104,8,0,140432417.9,286225278.6,4
CONT_s14_bola_ElephantsDream,1789349905.211,0.1054,4552,4,0,182393746.5,286103606.2,2
CONT_s14_bola_ElephantsDream,1789349905.317,0.1053,9104,8,0,84729014.5,285894526.0,2
CONT_s14_bola_ElephantsDream,1789349905.422,0.1055,7264,7,0,130964075.1,210943308.3,4
CONT_s14_bola_ElephantsDream,1789349905.527,0.1052,4552,4,0,77802096.5,185387576.4,2
CONT_s14_bola_ElephantsDream,1789349905.636,0.1086,9104,8,0,68483684.5,142826753.6,2
CONT_s14_bola_ElephantsDream,1789349905.741,0.1053,4552,4,0,64799391.8,142466570.4,2
CONT_s14_bola_ElephantsDream,1789349905.846,0.1053,4552,4,0,61625540.0,142848405.3,2
CONT_s14_bola_ElephantsDream,1789349905.952,0.1054,10656,10,0,55887228.2,130135697.2,2
CONT_s14_bola_ElephantsDream,1789349906.057,0.1053,4552,4,0,54128700.8,166535462.7,2
CONT_s14_bola_ElephantsDream,1789349906.162,0.1052,6104,6,0,51659232.0,165290917.3,2
CONT_s14_bola_ElephantsDream,1789349906.268,0.1053,9104,8,0,50362776.2,190490153.2,2
CONT_s14_bola_ElephantsDream,1789349906.373,0.1054,3052,3,0,49083597.3,189654653.5,2
CONT_s14_bola_ElephantsDream,1789349906.478,0.1054,9104,8,0,48501758.5,190515446.5,2
CONT_s14_bola_ElephantsDream,1789349906.584,0.1053,3052,3,0,47306874.0,189217758.9,2
CONT_s14_bola_ElephantsDream,1789349906.689,0.1052,10604,9,0,46772566.4,202776480.5,2
CONT_s14_bola_ElephantsDream,1789349906.794,0.1053,3052,3,0,45871170.7,212762388.7,2
CONT_s14_bola_ElephantsDream,1789349906.9,0.1054,11051,10,0,76393306.2,214675224.1,3
CONT_s14_bola_ElephantsDream,1789349907.005,0.1053,4552,4,0,44975782.2,238085016.6,2
CONT_s14_bola_ElephantsDream,1789349907.11,0.1053,6052,5,0,44883753.6,238926180.2,2
CONT_s14_bola_ElephantsDream,1789349907.216,0.1054,9104,8,0,43660679.0,238408190.7,2
CONT_s14_bola_ElephantsDream,1789349907.321,0.1053,6052,5,0,43877128.6,238928031.6,2
CONT_s14_bola_ElephantsDream,1789349907.426,0.1053,4552,4,0,43158216.5,238316482.8,2
CONT_s14_bola_ElephantsDream,1789349907.532,0.1054,6499,6,1,100629582.0,262999824.9,3
CONT_s14_bola_ElephantsDream,1789349907.637,0.1059,7552,6,0,82508591.5,355790359.6,3
CONT_s14_bola_ElephantsDream,1789349907.743,0.106,9156,9,0,224121816.4,275978887.1,4
CONT_s14_bola_ElephantsDream,1789349907.849,0.1053,6052,5,0,109271338.8,227370267.9,3
CONT_s14_bola_ElephantsDream,1789349907.954,0.1054,3052,3,0,328690818.7,213786396.5,2
CONT_s14_bola_ElephantsDream,1789349908.059,0.1053,10604,9,0,82449243.1,214103904.2,3
CONT_s14_bola_ElephantsDream,1789349908.165,0.1052,4604,5,0,287942244.6,236106741.7,2
CONT_s14_bola_ElephantsDream,1789349908.27,0.1053,9052,7,0,61576809.0,239530276.7,2
CONT_s14_bola_ElephantsDream,1789349908.375,0.1055,4604,5,0,216077341.8,232861981.4,3
CONT_s14_bola_ElephantsDream,1789349908.481,0.1054,4604,5,0,238028681.2,283035839.4,2
CONT_s14_bola_ElephantsDream,1789349908.586,0.1054,10604,9,0,83718600.9,273785914.0,3
CONT_s14_bola_ElephantsDream,1789349908.691,0.1052,3104,4,0,233307751.0,210437322.3,2
CONT_s14_bola_ElephantsDream,1789349908.797,0.1054,9104,8,0,68506450.5,214539045.1,2
CONT_s14_bola_ElephantsDream,1789349908.902,0.1054,6104,6,0,198831288.0,214235658.4,2
CONT_s14_bola_ElephantsDream,1789349909.008,0.1054,4664,6,0,62201084.0,235409451.6,3
CONT_s14_bola_ElephantsDream,1789349909.113,0.1055,9092,8,0,128625543.9,251552856.6,4
CONT_s14_bola_ElephantsDream,1789349909.219,0.1055,4552,4,0,168705911.0,285482877.1,2
CONT_s14_bola_ElephantsDream,1789349909.324,0.1054,9437,11,0,90000403.0,245818867.1,5
CONT_s14_bola_ElephantsDream,1789349909.43,0.1056,5434,7,0,74291847.7,131198025.1,4
CONT_s14_bola_ElephantsDream,1789349909.536,0.1061,6104,6,0,19807479.3,933420.0,2
CONT_s14_bola_ElephantsDream,1789349909.641,0.1057,9156,9,0,25118928.0,141689310.5,2
CONT_s14_bola_ElephantsDream,1789349909.749,0.1077,6104,6,0,27532505.3,142103876.6,2
CONT_s14_bola_ElephantsDream,1789349909.855,0.1055,6104,6,0,29301343.3,142025756.7,2
CONT_s14_bola_ElephantsDream,1789349909.96,0.1057,6104,6,0,30586492.7,142003538.7,2
CONT_s14_bola_ElephantsDream,1789349910.066,0.1056,6104,6,0,31506063.7,142105503.6,2
CONT_s14_bola_ElephantsDream,1789349910.171,0.1054,9104,8,0,35252746.8,142606285.0,2
CONT_s14_bola_ElephantsDream,1789349910.277,0.1055,6156,7,0,29513415.1,140580386.1,2
CONT_s14_bola_ElephantsDream,1789349910.383,0.1057,6104,6,0,33026668.7,141681436.6,2
CONT_s14_bola_ElephantsDream,1789349910.488,0.1056,6104,6,0,33158885.7,141890743.0,2
CONT_s14_bola_ElephantsDream,1789349910.594,0.1056,6104,6,0,33250963.0,141455671.6,2
CONT_s14_bola_ElephantsDream,1789349910.699,0.1054,6104,6,0,33264552.7,141820357.0,2
CONT_s14_bola_ElephantsDream,1789349910.805,0.1057,9156,9,0,33243070.0,141538056.3,2
CONT_s14_bola_ElephantsDream,1789349910.91,0.1054,6551,7,0,73217556.3,141884065.7,3
CONT_s14_bola_ElephantsDream,1789349911.016,0.1056,3104,4,0,78182929.8,140517404.6,3
CONT_s14_bola_ElephantsDream,1789349911.121,0.1055,9104,8,0,259555826.5,36970838.0,2
CONT_s14_bola_ElephantsDream,1789349911.227,0.1056,6104,6,0,49397040.7,285205893.1,2
CONT_s14_bola_ElephantsDream,1789349911.332,0.1055,9052,7,0,201160517.7,239679582.9,2
CONT_s14_bola_ElephantsDream,1789349911.438,0.1056,6156,7,0,100571855.6,353219914.4,3
CONT_s14_bola_ElephantsDream,1789349911.543,0.1055,4552,4,0,202667922.2,238367928.8,2
CONT_s14_bola_ElephantsDream,1789349911.649,0.1054,7604,7,0,136718304.3,314120694.7,4
CONT_s14_bola_ElephantsDream,1789349911.755,0.1066,7604,7,0,131716606.4,256762782.8,4
CONT_s14_bola_ElephantsDream,1789349911.861,0.1058,4552,4,0,160717538.5,238261538.9,2
CONT_s14_bola_ElephantsDream,1789349911.966,0.1052,6104,6,0,81608043.3,355326862.8,2
CONT_s14_bola_ElephantsDream,1789349912.072,0.1055,9104,8,0,143927208.5,238121503.2,2
CONT_s14_bola_ElephantsDream,1789349912.178,0.1057,6104,6,0,88714227.3,355763415.7,2
CONT_s14_bola_ElephantsDream,1789349912.283,0.1054,5786,6,0,121348321.3,270574871.5,4
CONT_s14_bola_ElephantsDream,1789349912.389,0.1056,6104,6,0,78362640.0,184153990.3,2
CONT_s14_bola_ElephantsDream,1789349912.494,0.1055,9156,9,0,66656668.0,141757264.8,2
CONT_s14_bola_ElephantsDream,1789349912.6,0.1055,6104,6,0,60720584.0,141997340.8,2
CONT_s14_bola_ElephantsDream,1789349912.705,0.1054,6104,6,0,55888362.0,141787554.3,2
CONT_s14_bola_ElephantsDream,1789349912.811,0.1054,6104,6,0,51961996.3,142083342.4,2
CONT_s14_bola_ElephantsDream,1789349912.916,0.1056,6104,6,0,48743785.0,141656578.8,2
CONT_s14_bola_ElephantsDream,1789349913.022,0.1055,9156,9,0,44978949.0,142005685.3,2
CONT_s14_bola_ElephantsDream,1789349913.127,0.1055,6104,6,0,43003129.3,141755502.7,2
CONT_s14_bola_ElephantsDream,1789349913.233,0.1055,6104,6,0,41394168.7,141768495.3,2
CONT_s14_bola_ElephantsDream,1789349913.338,0.1054,6104,6,0,40029913.3,141629679.7,2
CONT_s14_bola_ElephantsDream,1789349913.444,0.1056,6104,6,0,38906955.7,141782256.3,2
CONT_s14_bola_ElephantsDream,1789349913.549,0.1056,6104,6,0,37979036.0,142034549.8,2
CONT_s14_bola_ElephantsDream,1789349913.655,0.1054,9156,9,0,36817738.0,141730961.0,2
CONT_s14_bola_ElephantsDream,1789349913.76,0.1056,6104,6,0,36192141.0,141916237.9,2
CONT_s14_bola_ElephantsDream,1789349913.866,0.1055,6104,6,0,35667968.0,141340836.6,2
CONT_s14_bola_ElephantsDream,1789349913.971,0.1056,6104,6,0,35222471.7,141727681.4,2
CONT_s14_bola_ElephantsDream,1789349914.077,0.1056,6104,6,0,34841384.0,141998533.5,2
CONT_s14_bola_ElephantsDream,1789349914.182,0.1054,9156,9,0,34353657.7,141553293.9,2
CONT_s14_bola_ElephantsDream,1789349914.288,0.1054,6104,6,0,34090011.3,142117509.6,2
CONT_s14_bola_ElephantsDream,1789349914.393,0.1056,6104,6,0,33853711.3,141631791.3,2
CONT_s14_bola_ElephantsDream,1789349914.499,0.1056,6260,9,0,154403313.1,138784527.2,4
CONT_s14_bola_ElephantsDream,1789349914.605,0.1056,6104,6,0,33600545.0,143107553.4,2
CONT_s14_bola_ElephantsDream,1789349914.71,0.1053,6104,6,0,33423478.0,142550577.4,2
CONT_s14_bola_ElephantsDream,1789349914.815,0.1054,9156,9,0,33198337.0,142026990.1,2
CONT_s14_bola_ElephantsDream,1789349914.921,0.1055,6104,6,0,33073342.7,142063622.8,2
CONT_s14_bola_ElephantsDream,1789349915.026,0.1056,6104,6,0,32967647.0,142054979.6,2
CONT_s14_bola_ElephantsDream,1789349915.134,0.1077,6104,6,0,32875682.3,142094644.4,2
CONT_s14_bola_ElephantsDream,1789349915.24,0.1056,6104,6,0,32793808.7,142088861.9,2
CONT_s14_bola_ElephantsDream,1789349915.345,0.1054,9156,9,0,32694275.3,141974652.8,2
CONT_s14_bola_ElephantsDream,1789349915.451,0.1055,6104,6,0,32639380.0,142029085.7,2
CONT_s14_bola_ElephantsDream,1789349915.556,0.1056,6104,6,0,32593455.3,142061855.6,2
CONT_s14_bola_ElephantsDream,1789349915.662,0.1054,6104,6,0,32547255.3,142043268.8,2
CONT_s14_bola_ElephantsDream,1789349915.768,0.106,6104,6,0,32512959.7,142091565.6,2
CONT_s14_bola_ElephantsDream,1789349915.873,0.1056,9104,8,0,36453141.0,142832959.6,2
CONT_s14_bola_ElephantsDream,1789349915.979,0.1055,6156,7,0,27905751.9,140849334.0,2
CONT_s14_bola_ElephantsDream,1789349916.084,0.1053,6104,6,0,32432628.3,141997743.0,2
CONT_s14_bola_ElephantsDream,1789349916.189,0.1054,6104,6,0,32418394.0,141853309.0,2
CONT_s14_bola_ElephantsDream,1789349916.295,0.1054,6104,6,0,32396696.7,141570820.3,2
CONT_s14_bola_ElephantsDream,1789349916.4,0.1055,6104,6,0,32408970.3,141957530.6,2
CONT_s14_bola_ElephantsDream,1789349916.506,0.1056,9156,9,0,32412974.3,141810603.5,2
CONT_s14_bola_ElephantsDream,1789349916.611,0.1055,6104,6,0,32394596.3,141952255.7,2
CONT_s14_bola_ElephantsDream,1789349916.717,0.1054,6104,6,0,32403677.0,141849392.5,2
CONT_s14_bola_ElephantsDream,1789349916.822,0.1054,6104,6,0,32401964.3,141609603.0,2
CONT_s14_bola_ElephantsDream,1789349916.928,0.1055,6104,6,0,32389869.0,142102518.1,2
CONT_s14_bola_ElephantsDream,1789349917.035,0.1074,9156,9,0,32391813.0,141966510.8,2
CONT_s14_bola_ElephantsDream,1789349917.141,0.1057,6104,6,0,32413605.3,141433504.3,2
CONT_s14_bola_ElephantsDream,1789349917.249,0.1083,6104,6,0,32412563.7,141714211.8,2
CONT_s14_bola_ElephantsDream,1789349917.355,0.1054,6204,8,0,26524992.6,140421768.7,3
CONT_s14_bola_ElephantsDream,1789349917.46,0.1057,6437,9,0,26698133.8,114760459.3,3
CONT_s14_bola_ElephantsDream,1789349917.566,0.1057,6104,6,0,10441932.7,25200012.0,2
CONT_s14_bola_ElephantsDream,1789349917.671,0.1055,9156,9,0,18152385.7,141609382.0,2
CONT_s14_bola_ElephantsDream,1789349917.777,0.1056,6104,6,0,21776207.3,141611772.8,2
CONT_s14_bola_ElephantsDream,1789349917.883,0.1057,6104,6,0,24547417.7,141637300.9,2
CONT_s14_bola_ElephantsDream,1789349917.988,0.1057,6104,6,0,26630276.0,141739761.1,2
CONT_s14_bola_ElephantsDream,1789349918.094,0.1057,6104,6,0,28224900.0,142014527.1,2
CONT_s14_bola_ElephantsDream,1789349918.2,0.1056,9156,9,0,29863745.3,141709020.5,2
CONT_s14_bola_ElephantsDream,1789349918.305,0.1057,6104,6,0,30623806.7,141474824.2,2
CONT_s14_bola_ElephantsDream,1789349918.411,0.1058,6104,6,0,31181977.0,141574039.7,2
CONT_s14_bola_ElephantsDream,1789349918.517,0.1058,6104,6,0,31590317.7,141633969.5,2
CONT_s14_bola_ElephantsDream,1789349918.623,0.1057,6104,6,0,31894488.7,141385596.7,2
CONT_s14_bola_ElephantsDream,1789349918.728,0.1057,6104,6,0,32114880.3,141370078.9,2
CONT_s14_bola_ElephantsDream,1789349918.834,0.1057,9156,9,0,32337351.0,141868241.7,2
CONT_s14_bola_ElephantsDream,1789349918.94,0.1057,6104,6,0,32411967.3,141783733.9,2
CONT_s14_bola_ElephantsDream,1789349919.046,0.1058,6104,6,0,32485608.7,141447555.2,2
CONT_s14_bola_ElephantsDream,1789349919.151,0.1058,6104,6,0,32514384.7,141614181.3,2
CONT_s14_bola_ElephantsDream,1789349919.257,0.1061,6104,6,0,32528123.7,141691400.4,2
CONT_s14_bola_ElephantsDream,1789349919.363,0.1056,9156,9,0,32523537.0,141885456.8,2
CONT_s14_bola_ElephantsDream,1789349919.469,0.1058,6104,6,0,32531986.0,141623036.9,2
CONT_s14_bola_ElephantsDream,1789349919.574,0.1057,6104,6,0,32517560.3,141706216.3,2
CONT_s14_bola_ElephantsDream,1789349919.68,0.1056,6104,6,0,32496571.7,141949388.1,2
CONT_s14_bola_ElephantsDream,1789349919.786,0.1056,6104,6,0,32470580.3,141980694.4,2
CONT_s14_bola_ElephantsDream,1789349919.891,0.1057,9156,9,0,32441369.3,142035079.5,2
CONT_s14_bola_ElephantsDream,1789349919.997,0.1058,6104,6,0,32425362.0,142086755.4,2
CONT_s14_bola_ElephantsDream,1789349920.103,0.1057,6104,6,0,32409875.7,142150763.2,2
CONT_s14_bola_ElephantsDream,1789349920.208,0.1056,6104,6,0,32403833.7,141923539.1,2
CONT_s14_bola_ElephantsDream,1789349920.314,0.1056,6104,6,0,32415959.0,141442769.9,2
CONT_s14_bola_ElephantsDream,1789349920.42,0.1058,6104,6,0,32409969.0,141475720.7,2
CONT_s14_bola_ElephantsDream,1789349920.526,0.1058,9156,9,0,32429156.0,141693070.4,2
CONT_s14_bola_ElephantsDream,1789349920.634,0.1085,6104,6,0,32431608.0,141431272.1,2
CONT_s14_bola_ElephantsDream,1789349920.74,0.106,6104,6,0,32431185.3,141933815.1,2
CONT_s14_bola_ElephantsDream,1789349920.846,0.1056,6104,6,0,32413928.3,141721244.3,2
CONT_s14_bola_ElephantsDream,1789349920.951,0.1057,6104,6,0,32406584.7,141516688.5,2
CONT_s14_bola_ElephantsDream,1789349921.057,0.1057,9156,9,0,32393035.7,141752264.4,2
CONT_s14_bola_ElephantsDream,1789349921.163,0.1056,6104,6,0,32379776.7,141604931.0,2
CONT_s14_bola_ElephantsDream,1789349921.268,0.1057,6104,6,0,32371949.3,141601919.5,2
CONT_s14_bola_ElephantsDream,1789349921.374,0.1058,6104,6,0,32363268.0,141581910.9,2
CONT_s14_bola_ElephantsDream,1789349921.48,0.1057,6104,6,0,32367625.0,142064800.0,2
CONT_s14_bola_ElephantsDream,1789349921.585,0.1057,9268,11,0,27605736.4,140883110.4,3
CONT_s14_bola_ElephantsDream,1789349921.691,0.1057,6425,9,0,27255239.1,122831271.0,4
CONT_s14_bola_ElephantsDream,1789349921.797,0.1059,6104,6,0,18756323.0,48735756.8,3
CONT_s14_bola_ElephantsDream,1789349921.903,0.1059,6104,6,0,13384661.7,1202380.5,2
CONT_s14_bola_ElephantsDream,1789349922.009,0.106,6104,6,0,18145159.3,141443210.6,2
CONT_s14_bola_ElephantsDream,1789349922.115,0.1059,6104,6,0,21778551.0,141426578.0,2
CONT_s14_bola_ElephantsDream,1789349922.221,0.1059,9156,9,0,25660191.7,141746723.9,2
CONT_s14_bola_ElephantsDream,1789349922.326,0.1058,6104,6,0,27501500.0,141464985.0,2
CONT_s14_bola_ElephantsDream,1789349922.433,0.1064,6104,6,0,28861686.7,141723928.7,2
CONT_s14_bola_ElephantsDream,1789349922.539,0.1059,6104,6,0,29871244.7,141467051.3,2
CONT_s14_bola_ElephantsDream,1789349922.644,0.1057,6104,6,0,30626547.3,141464252.8,2
CONT_s14_bola_ElephantsDream,1789349922.752,0.108,9156,9,0,31407783.3,141667782.6,2
CONT_s14_bola_ElephantsDream,1789349922.858,0.1057,6156,7,0,28970737.1,140809793.9,2
CONT_s14_bola_ElephantsDream,1789349922.964,0.1059,6092,6,0,37762481.3,128227704.7,2
CONT_s14_bola_ElephantsDream,1789349923.07,0.106,3000,2,0,44002710.0,0,1
CONT_s14_bola_ElephantsDream,1789349923.176,0.1056,0,0,0,0,0,0
CONT_s14_bola_ElephantsDream,1789349923.282,0.1061,0,0,0,0,0,0
CONT_s14_bola_ElephantsDream,1789349923.388,0.1059,0,0,0,0,0,0
CONT_s14_bola_ElephantsDream,1789349923.493,0.1059,0,0,0,0,0,0
CONT_s14_bola_ElephantsDream,1789349923.599,0.1059,0,0,0,0,0,0
CONT_s14_bola_ElephantsDream,1789349923.705,0.1057,0,0,0,0,0,0
CONT_s14_bola_ElephantsDream,1789349923.811,0.1057,0,0,0,0,0,0
CONT_s14_bola_ElephantsDream,1789349923.917,0.1059,0,0,0,0,0,0
CONT_s14_bola_ElephantsDream,1789349924.023,0.1059,0,0,0,0,0,0
CONT_s14_bola_ElephantsDream,1789349924.13,0.1075,0,0,0,0,0,0
CONT_s14_bola_ElephantsDream,1789349924.236,0.106,0,0,0,0,0,0
CONT_s14_bola_ElephantsDream,1789349924.342,0.1057,0,0,0,0,0,0
CONT_s14_bola_ElephantsDream,1789349924.448,0.1058,0,0,0,0,0,0
CONT_s14_bola_ElephantsDream,1789349924.554,0.1059,0,0,0,0,0,0
CONT_s14_bola_ElephantsDream,1789349924.659,0.1057,0,0,0,0,0,0
CONT_s14_bola_ElephantsDream,1789349924.765,0.1057,0,0,0,0,0,0
CONT_s14_bola_ElephantsDream,1789349924.871,0.1059,0,0,0,0,0,0
CONT_s14_bola_ElephantsDream,1789349924.977,0.1059,0,0,0,0,0,0
CONT_s14_bola_ElephantsDream,1789349925.083,0.1058,0,0,0,0,0,0
CONT_s14_bola_ElephantsDream,1789349925.188,0.1057,0,0,0,0,0,0
CONT_s14_bola_ElephantsDream,1789349925.294,0.1058,0,0,0,0,0,0
CONT_s14_bola_ElephantsDream,1789349925.4,0.1058,0,0,0,0,0,0
CONT_s14_bola_ElephantsDream,1789349925.506,0.1059,0,0,0,0,0,0
CONT_s14_bola_ElephantsDream,1789349925.612,0.1059,0,0,0,0,0,0
CONT_s14_bola_ElephantsDream,1789349925.717,0.1057,0,0,0,0,0,0
CONT_s14_bola_ElephantsDream,1789349925.823,0.1058,0,0,0,0,0,0
CONT_s14_bola_ElephantsDream,1789349925.929,0.1058,0,0,0,0,0,0
CONT_s14_bola_ElephantsDream,1789349926.035,0.1058,0,0,0,0,0,0
CONT_s14_bola_ElephantsDream,1789349926.141,0.1061,0,0,0,0,0,0
CONT_s14_bola_ElephantsDream,1789349926.249,0.1077,0,0,0,0,0,0
CONT_s14_bola_ElephantsDream,1789349926.354,0.1057,0,0,0,0,0,0
CONT_s14_bola_ElephantsDream,1789349926.46,0.1057,0,0,0,0,0,0
CONT_s14_bola_ElephantsDream,1789349926.566,0.1059,0,0,0,0,0,0
CONT_s14_bola_ElephantsDream,1789349926.672,0.1057,0,0,0,0,0,0
CONT_s14_bola_ElephantsDream,1789349926.777,0.1057,0,0,0,0,0,0
CONT_s14_bola_ElephantsDream,1789349926.883,0.1059,0,0,0,0,0,0
CONT_s14_bola_ElephantsDream,1789349926.989,0.1059,0,0,0,0,0,0
CONT_s14_bola_ElephantsDream,1789349927.095,0.1059,0,0,0,0,0,0
CONT_s14_bola_ElephantsDream,1789349927.201,0.1057,0,0,0,0,0,0
CONT_s14_bola_ElephantsDream,1789349927.306,0.1057,0,0,0,0,0,0
CONT_s14_bola_ElephantsDream,1789349927.412,0.1059,0,0,0,0,0,0
CONT_s14_bola_ElephantsDream,1789349927.518,0.1059,0,0,0,0,0,0
CONT_s14_bola_ElephantsDream,1789349927.624,0.1058,0,0,0,0,0,0
CONT_s14_bola_ElephantsDream,1789349927.73,0.1059,0,0,0,0,0,0
CONT_s14_bola_ElephantsDream,1789349927.836,0.1057,0,0,0,0,0,0
CONT_s14_bola_ElephantsDream,1789349927.942,0.1058,0,0,0,0,0,0
CONT_s14_bola_ElephantsDream,1789349928.047,0.1059,0,0,0,0,0,0
CONT_s14_bola_ElephantsDream,1789349928.153,0.1057,0,0,0,0,0,0
CONT_s14_bola_ElephantsDream,1789349928.259,0.1059,0,0,0,0,0,0
CONT_s14_bola_ElephantsDream,1789349928.365,0.106,0,0,0,0,0,0
CONT_s14_bola_ElephantsDream,1789349928.471,0.1058,0,0,0,0,0,0
CONT_s14_bola_ElephantsDream,1789349928.577,0.1059,0,0,0,0,0,0
CONT_s14_bola_ElephantsDream,1789349928.682,0.1057,0,0,0,0,0,0
CONT_s14_bola_ElephantsDream,1789349928.788,0.1058,0,0,0,0,0,0
CONT_s14_bola_ElephantsDream,1789349928.894,0.1058,0,0,0,0,0,0
CONT_s14_bola_ElephantsDream,1789349929.0,0.1058,0,0,0,0,0,0
CONT_s14_bola_ElephantsDream,1789349929.106,0.1059,0,0,0,0,0,0
CONT_s14_bola_ElephantsDream,1789349929.211,0.1057,0,0,0,0,0,0
CONT_s14_bola_ElephantsDream,1789349929.317,0.1058,0,0,0,0,0,0
CONT_s14_bola_ElephantsDream,1789349929.423,0.1059,0,0,0,0,0,0
CONT_s14_bola_ElephantsDream,1789349929.529,0.1062,0,0,0,0,0,0
CONT_s14_bola_ElephantsDream,1789349929.636,0.107,0,0,0,0,0,0
CONT_s14_bola_ElephantsDream,1789349929.742,0.1062,0,0,0,0,0,0
CONT_s14_bola_ElephantsDream,1789349929.848,0.1058,0,0,0,0,0,0
CONT_s14_bola_ElephantsDream,1789349929.954,0.1058,0,0,0,0,0,0
CONT_s14_bola_ElephantsDream,1789349930.06,0.1059,0,0,0,0,0,0
CONT_s14_bola_ElephantsDream,1789349930.166,0.1057,0,0,0,0,0,0
CONT_s14_bola_ElephantsDream,1789349930.271,0.1057,0,0,0,0,0,0
CONT_s14_bola_ElephantsDream,1789349930.377,0.1059,0,0,0,0,0,0
CONT_s14_bola_ElephantsDream,1789349930.483,0.1058,0,0,0,0,0,0
CONT_s14_bola_ElephantsDream,1789349930.589,0.1059,0,0,0,0,0,0
CONT_s14_bola_ElephantsDream,1789349930.695,0.1057,0,0,0,0,0,0
CONT_s14_bola_ElephantsDream,1789349930.8,0.1057,0,0,0,0,0,0
CONT_s14_bola_ElephantsDream,1789349930.906,0.1058,0,0,0,0,0,0
CONT_s14_bola_ElephantsDream,1789349931.012,0.106,0,0,0,0,0,0
CONT_s14_bola_ElephantsDream,1789349931.118,0.1059,0,0,0,0,0,0
CONT_s14_bola_ElephantsDream,1789349931.224,0.1057,0,0,0,0,0,0
CONT_s14_bola_ElephantsDream,1789349931.33,0.1057,0,0,0,0,0,0
CONT_s14_bola_ElephantsDream,1789349931.435,0.1056,0,0,0,0,0,0
CONT_s14_bola_ElephantsDream,1789349931.541,0.1059,0,0,0,0,0,0
CONT_s14_bola_ElephantsDream,1789349931.647,0.1057,0,0,0,0,0,0
CONT_s14_bola_ElephantsDream,1789349931.754,0.1075,0,0,0,0,0,0
CONT_s14_bola_ElephantsDream,1789349931.86,0.106,0,0,0,0,0,0
CONT_s14_bola_ElephantsDream,1789349931.966,0.1059,0,0,0,0,0,0
CONT_s14_bola_ElephantsDream,1789349932.072,0.1059,0,0,0,0,0,0
CONT_s14_bola_ElephantsDream,1789349932.178,0.1057,0,0,0,0,0,0
CONT_s14_bola_ElephantsDream,1789349932.283,0.1057,0,0,0,0,0,0
CONT_s14_bola_ElephantsDream,1789349932.389,0.1059,0,0,0,0,0,0
CONT_s14_bola_ElephantsDream,1789349932.495,0.1058,0,0,0,0,0,0
CONT_s14_bola_ElephantsDream,1789349932.601,0.1059,0,0,0,0,0,0
CONT_s14_bola_ElephantsDream,1789349932.707,0.1057,0,0,0,0,0,0
CONT_s14_bola_ElephantsDream,1789349932.813,0.1058,0,0,0,0,0,0
CONT_s14_bola_ElephantsDream,1789349932.919,0.1059,0,0,0,0,0,0
CONT_s14_bola_ElephantsDream,1789349933.025,0.1062,0,0,0,0,0,0
CONT_s14_bola_ElephantsDream,1789349933.133,0.1079,0,0,0,0,0,0
