run_id,t_epoch,dt,delta_bytes,delta_packets,delta_reorder,jitter_ns,rtt_ns,active_flows
CONT_s9_bola_RedBullPlayStreets,1789325339.955,0.1001,0,0,0,0,0,0
CONT_s9_bola_RedBullPlayStreets,1789325340.056,0.1011,0,0,0,0,0,0
CONT_s9_bola_RedBullPlayStreets,1789325340.157,0.1012,0,0,0,0,0,0
CONT_s9_bola_RedBullPlayStreets,1789325340.258,0.1014,0,0,0,0,0,0
CONT_s9_bola_RedBullPlayStreets,1789325340.36,0.1012,0,0,0,0,0,0
CONT_s9_bola_RedBullPlayStreets,1789325340.461,0.1011,0,0,0,0,0,0
CONT_s9_bola_RedBullPlayStreets,1789325340.562,0.101,0,0,0,0,0,0
CONT_s9_bola_RedBullPlayStreets,1789325340.663,0.1012,0,0,0,0,0,0
CONT_s9_bola_RedBullPlayStreets,1789325340.764,0.1013,0,0,0,0,0,0
CONT_s9_bola_RedBullPlayStreets,1789325340.865,0.1011,0,0,0,0,0,0
CONT_s9_bola_RedBullPlayStreets,1789325340.966,0.1011,0,0,0,0,0,0
CONT_s9_bola_RedBullPlayStreets,1789325341.068,0.1011,0,0,0,0,0,0
CONT_s9_bola_RedBullPlayStreets,1789325341.169,0.1013,0,0,0,0,0,0
CONT_s9_bola_RedBullPlayStreets,1789325341.27,0.1013,0,0,0,0,0,0
CONT_s9_bola_RedBullPlayStreets,1789325341.371,0.1011,0,0,0,0,0,0
CONT_s9_bola_RedBullPlayStreets,1789325341.472,0.101,0,0,0,0,0,0
CONT_s9_bola_RedBullPlayStreets,1789325341.573,0.101,0,0,0,0,0,0
CONT_s9_bola_RedBullPlayStreets,1789325341.674,0.1012,0,0,0,0,0,0
CONT_s9_bola_RedBullPlayStreets,1789325341.776,0.1013,0,0,0,0,0,0
CONT_s9_bola_RedBullPlayStreets,1789325341.877,0.1011,0,0,0,0,0,0
CONT_s9_bola_RedBullPlayStreets,1789325341.978,0.1011,0,0,0,0,0,0
CONT_s9_bola_RedBullPlayStreets,1789325342.079,0.1011,0,0,0,0,0,0
CONT_s9_bola_RedBullPlayStreets,1789325342.18,0.1012,0,0,0,0,0,0
CONT_s9_bola_RedBullPlayStreets,1789325342.282,0.1012,0,0,0,0,0,0
CONT_s9_bola_RedBullPlayStreets,1789325342.383,0.101,0,0,0,0,0,0
CONT_s9_bola_RedBullPlayStreets,1789325342.484,0.1011,0,0,0,0,0,0
CONT_s9_bola_RedBullPlayStreets,1789325342.585,0.1009,0,0,0,0,0,0
CONT_s9_bola_RedBullPlayStreets,1789325342.686,0.1012,0,0,0,0,0,0
CONT_s9_bola_RedBullPlayStreets,1789325342.787,0.1013,0,0,0,0,0,0
CONT_s9_bola_RedBullPlayStreets,1789325342.888,0.1014,0,0,0,0,0,0
CONT_s9_bola_RedBullPlayStreets,1789325342.99,0.1014,0,0,0,0,0,0
CONT_s9_bola_RedBullPlayStreets,1789325343.091,0.1014,0,0,0,0,0,0
CONT_s9_bola_RedBullPlayStreets,1789325343.193,0.1014,0,0,0,0,0,0
CONT_s9_bola_RedBullPlayStreets,1789325343.294,0.1015,0,0,0,0,0,0
CONT_s9_bola_RedBullPlayStreets,1789325343.396,0.1015,0,0,0,0,0,0
CONT_s9_bola_RedBullPlayStreets,1789325343.497,0.1013,0,0,0,0,0,0
CONT_s9_bola_RedBullPlayStreets,1789325343.598,0.1014,0,0,0,0,0,0
CONT_s9_bola_RedBullPlayStreets,1789325343.7,0.1015,0,0,0,0,0,0
CONT_s9_bola_RedBullPlayStreets,1789325343.802,0.1016,0,0,0,0,0,0
CONT_s9_bola_RedBullPlayStreets,1789325343.903,0.1014,0,0,0,0,0,0
CONT_s9_bola_RedBullPlayStreets,1789325344.004,0.1013,0,0,0,0,0,0
CONT_s9_bola_RedBullPlayStreets,1789325344.106,0.1013,0,0,0,0,0,0
CONT_s9_bola_RedBullPlayStreets,1789325344.207,0.1015,0,0,0,0,0,0
CONT_s9_bola_RedBullPlayStreets,1789325344.309,0.1016,0,0,0,0,0,0
CONT_s9_bola_RedBullPlayStreets,1789325344.41,0.1013,0,0,0,0,0,0
CONT_s9_bola_RedBullPlayStreets,1789325344.511,0.1013,0,0,0,0,0,0
CONT_s9_bola_RedBullPlayStreets,1789325344.613,0.1013,0,0,0,0,0,0
CONT_s9_bola_RedBullPlayStreets,1789325344.714,0.1015,0,0,0,0,0,0
CONT_s9_bola_RedBullPlayStreets,1789325344.816,0.1016,0,0,0,0,0,0
CONT_s9_bola_RedBullPlayStreets,1789325344.917,0.1014,0,0,0,0,0,0
CONT_s9_bola_RedBullPlayStreets,1789325345.019,0.1013,0,0,0,0,0,0
CONT_s9_bola_RedBullPlayStreets,1789325345.12,0.1014,0,0,0,0,0,0
CONT_s9_bola_RedBullPlayStreets,1789325345.221,0.1016,0,0,0,0,0,0
CONT_s9_bola_RedBullPlayStreets,1789325345.323,0.1015,0,0,0,0,0,0
CONT_s9_bola_RedBullPlayStreets,1789325345.424,0.1014,0,0,0,0,0,0
CONT_s9_bola_RedBullPlayStreets,1789325345.526,0.1013,0,0,0,0,0,0
CONT_s9_bola_RedBullPlayStreets,1789325345.627,0.1013,0,0,0,0,0,0
CONT_s9_bola_RedBullPlayStreets,1789325345.729,0.1015,0,0,0,0,0,0
CONT_s9_bola_RedBullPlayStreets,1789325345.83,0.1015,0,0,0,0,0,0
CONT_s9_bola_RedBullPlayStreets,1789325345.932,0.1016,0,0,0,0,0,0
CONT_s9_bola_RedBullPlayStreets,1789325346.033,0.1014,0,0,0,0,0,0
CONT_s9_bola_RedBullPlayStreets,1789325346.135,0.1017,0,0,0,0,0,0
CONT_s9_bola_RedBullPlayStreets,1789325346.237,0.102,0,0,0,0,0,0
CONT_s9_bola_RedBullPlayStreets,1789325346.338,0.1016,0,0,0,0,0,0
CONT_s9_bola_RedBullPlayStreets,1789325346.44,0.1013,0,0,0,0,0,0
CONT_s9_bola_RedBullPlayStreets,1789325346.541,0.1013,0,0,0,0,0,0
CONT_s9_bola_RedBullPlayStreets,1789325346.642,0.1015,0,0,0,0,0,0
CONT_s9_bola_RedBullPlayStreets,1789325346.745,0.1027,0,0,0,0,0,0
CONT_s9_bola_RedBullPlayStreets,1789325346.847,0.1015,0,0,0,0,0,0
CONT_s9_bola_RedBullPlayStreets,1789325346.948,0.1013,0,0,0,0,0,0
CONT_s9_bola_RedBullPlayStreets,1789325347.049,0.1013,0,0,0,0,0,0
CONT_s9_bola_RedBullPlayStreets,1789325347.151,0.1017,0,0,0,0,0,0
CONT_s9_bola_RedBullPlayStreets,1789325347.253,0.1023,0,0,0,0,0,0
CONT_s9_bola_RedBullPlayStreets,1789325347.355,0.1014,0,0,0,0,0,0
CONT_s9_bola_RedBullPlayStreets,1789325347.456,0.1013,0,0,0,0,0,0
CONT_s9_bola_RedBullPlayStreets,1789325347.557,0.1013,0,0,0,0,0,0
CONT_s9_bola_RedBullPlayStreets,1789325347.659,0.1016,0,0,0,0,0,0
CONT_s9_bola_RedBullPlayStreets,1789325347.76,0.1015,0,0,0,0,0,0
CONT_s9_bola_RedBullPlayStreets,1789325347.862,0.1014,0,0,0,0,0,0
CONT_s9_bola_RedBullPlayStreets,1789325347.963,0.1013,0,0,0,0,0,0
CONT_s9_bola_RedBullPlayStreets,1789325348.065,0.1014,0,0,0,0,0,0
CONT_s9_bola_RedBullPlayStreets,1789325348.166,0.1015,0,0,0,0,0,0
CONT_s9_bola_RedBullPlayStreets,1789325348.268,0.1015,0,0,0,0,0,0
CONT_s9_bola_RedBullPlayStreets,1789325348.369,0.1013,0,0,0,0,0,0
CONT_s9_bola_RedBullPlayStreets,1789325348.47,0.1013,0,0,0,0,0,0
CONT_s9_bola_RedBullPlayStreets,1789325348.571,0.1013,0,0,0,0,0,0
CONT_s9_bola_RedBullPlayStreets,1789325348.673,0.1015,0,0,0,0,0,0
CONT_s9_bola_RedBullPlayStreets,1789325348.774,0.1015,0,0,0,0,0,0
CONT_s9_bola_RedBullPlayStreets,1789325348.876,0.1013,0,0,0,0,0,0
CONT_s9_bola_RedBullPlayStreets,1789325348.977,0.1013,0,0,0,0,0,0
CONT_s9_bola_RedBullPlayStreets,1789325349.078,0.1013,0,0,0,0,0,0
CONT_s9_bola_RedBullPlayStreets,1789325349.18,0.1015,0,0,0,0,0,0
CONT_s9_bola_RedBullPlayStreets,1789325349.281,0.1015,0,0,0,0,0,0
CONT_s9_bola_RedBullPlayStreets,1789325349.383,0.1013,0,0,0,0,0,0
CONT_s9_bola_RedBullPlayStreets,1789325349.484,0.1013,0,0,0,0,0,0
CONT_s9_bola_RedBullPlayStreets,1789325349.585,0.1013,0,0,0,0,0,0
CONT_s9_bola_RedBullPlayStreets,1789325349.687,0.1015,0,0,0,0,0,0
CONT_s9_bola_RedBullPlayStreets,1789325349.788,0.1015,0,0,0,0,0,0
CONT_s9_bola_RedBullPlayStreets,1789325349.89,0.1013,0,0,0,0,0,0
CONT_s9_bola_RedBullPlayStreets,1789325349.991,0.1013,0,0,0,0,0,0
CONT_s9_bola_RedBullPlayStreets,1789325350.093,0.1016,0,0,0,0,0,0
CONT_s9_bola_RedBullPlayStreets,1789325350.194,0.1015,0,0,0,0,0,0
CONT_s9_bola_RedBullPlayStreets,1789325350.296,0.1015,0,0,0,0,0,0
CONT_s9_bola_RedBullPlayStreets,1789325350.397,0.1013,0,0,0,0,0,0
CONT_s9_bola_RedBullPlayStreets,1789325350.498,0.1012,0,0,0,0,0,0
CONT_s9_bola_RedBullPlayStreets,1789325350.599,0.1013,0,0,0,0,0,0
CONT_s9_bola_RedBullPlayStreets,1789325350.701,0.1015,0,0,0,0,0,0
CONT_s9_bola_RedBullPlayStreets,1789325350.802,0.1015,0,0,0,0,0,0
CONT_s9_bola_RedBullPlayStreets,1789325350.904,0.1013,0,0,0,0,0,0
CONT_s9_bola_RedBullPlayStreets,1789325351.005,0.1013,0,0,0,0,0,0
CONT_s9_bola_RedBullPlayStreets,1789325351.106,0.1014,0,0,0,0,0,0
CONT_s9_bola_RedBullPlayStreets,1789325351.208,0.1015,0,0,0,0,0,0
CONT_s9_bola_RedBullPlayStreets,1789325351.309,0.1015,0,0,0,0,0,0
CONT_s9_bola_RedBullPlayStreets,1789325351.411,0.1013,0,0,0,0,0,0
CONT_s9_bola_RedBullPlayStreets,1789325351.512,0.1013,0,0,0,0,0,0
CONT_s9_bola_RedBullPlayStreets,1789325351.613,0.1013,0,0,0,0,0,0
CONT_s9_bola_RedBullPlayStreets,1789325351.715,0.1015,0,0,0,0,0,0
CONT_s9_bola_RedBullPlayStreets,1789325351.816,0.1015,0,0,0,0,0,0
CONT_s9_bola_RedBullPlayStreets,1789325351.918,0.1014,0,0,0,0,0,0
CONT_s9_bola_RedBullPlayStreets,1789325352.019,0.1013,0,0,0,0,0,0
CONT_s9_bola_RedBullPlayStreets,1789325352.12,0.1013,0,0,0,0,0,0
CONT_s9_bola_RedBullPlayStreets,1789325352.222,0.1015,0,0,0,0,0,0
CONT_s9_bola_RedBullPlayStreets,1789325352.323,0.1015,0,0,0,0,0,0
CONT_s9_bola_RedBullPlayStreets,1789325352.424,0.1013,0,0,0,0,0,0
CONT_s9_bola_RedBullPlayStreets,1789325352.526,0.1013,0,0,0,0,0,0
CONT_s9_bola_RedBullPlayStreets,1789325352.627,0.1013,0,0,0,0,0,0
CONT_s9_bola_RedBullPlayStreets,1789325352.729,0.1015,0,0,0,0,0,0
CONT_s9_bola_RedBullPlayStreets,1789325352.83,0.1015,0,0,0,0,0,0
CONT_s9_bola_RedBullPlayStreets,1789325352.931,0.1013,0,0,0,0,0,0
CONT_s9_bola_RedBullPlayStreets,1789325353.033,0.1013,0,0,0,0,0,0
CONT_s9_bola_RedBullPlayStreets,1789325353.134,0.1016,0,0,0,0,0,0
CONT_s9_bola_RedBullPlayStreets,1789325353.236,0.1019,0,0,0,0,0,0
CONT_s9_bola_RedBullPlayStreets,1789325353.338,0.1015,0,0,0,0,0,0
CONT_s9_bola_RedBullPlayStreets,1789325353.439,0.1013,0,0,0,0,0,0
CONT_s9_bola_RedBullPlayStreets,1789325353.54,0.1013,0,0,0,0,0,0
CONT_s9_bola_RedBullPlayStreets,1789325353.642,0.1015,0,0,0,0,0,0
CONT_s9_bola_RedBullPlayStreets,1789325353.744,0.1026,0,0,0,0,0,0
CONT_s9_bola_RedBullPlayStreets,1789325353.846,0.1015,0,0,0,0,0,0
CONT_s9_bola_RedBullPlayStreets,1789325353.947,0.1013,0,0,0,0,0,0
CONT_s9_bola_RedBullPlayStreets,1789325354.048,0.1013,0,0,0,0,0,0
CONT_s9_bola_RedBullPlayStreets,1789325354.15,0.1015,0,0,0,0,0,0
CONT_s9_bola_RedBullPlayStreets,1789325354.253,0.1032,0,0,0,0,0,0
CONT_s9_bola_RedBullPlayStreets,1789325354.354,0.1014,0,0,0,0,0,0
CONT_s9_bola_RedBullPlayStreets,1789325354.456,0.1013,0,0,0,0,0,0
CONT_s9_bola_RedBullPlayStreets,1789325354.557,0.1013,0,0,0,0,0,0
CONT_s9_bola_RedBullPlayStreets,1789325354.658,0.1015,0,0,0,0,0,0
CONT_s9_bola_RedBullPlayStreets,1789325354.76,0.1015,0,0,0,0,0,0
CONT_s9_bola_RedBullPlayStreets,1789325354.861,0.1013,0,0,0,0,0,0
CONT_s9_bola_RedBullPlayStreets,1789325354.963,0.1013,0,0,0,0,0,0
CONT_s9_bola_RedBullPlayStreets,1789325355.064,0.1014,0,0,0,0,0,0
CONT_s9_bola_RedBullPlayStreets,1789325355.165,0.1015,0,0,0,0,0,0
CONT_s9_bola_RedBullPlayStreets,1789325355.267,0.1015,0,0,0,0,0,0
CONT_s9_bola_RedBullPlayStreets,1789325355.368,0.1013,0,0,0,0,0,0
CONT_s9_bola_RedBullPlayStreets,1789325355.47,0.1013,0,0,0,0,0,0
CONT_s9_bola_RedBullPlayStreets,1789325355.571,0.1013,0,0,0,0,0,0
CONT_s9_bola_RedBullPlayStreets,1789325355.672,0.1015,0,0,0,0,0,0
CONT_s9_bola_RedBullPlayStreets,1789325355.774,0.1015,0,0,0,0,0,0
CONT_s9_bola_RedBullPlayStreets,1789325355.875,0.1014,0,0,0,0,0,0
CONT_s9_bola_RedBullPlayStreets,1789325355.977,0.1013,0,0,0,0,0,0
CONT_s9_bola_RedBullPlayStreets,1789325356.078,0.1014,0,0,0,0,0,0
CONT_s9_bola_RedBullPlayStreets,1789325356.179,0.1015,0,0,0,0,0,0
CONT_s9_bola_RedBullPlayStreets,1789325356.281,0.1015,0,0,0,0,0,0
CONT_s9_bola_RedBullPlayStreets,1789325356.382,0.1013,0,0,0,0,0,0
CONT_s9_bola_RedBullPlayStreets,1789325356.484,0.1015,0,0,0,0,0,0
CONT_s9_bola_RedBullPlayStreets,1789325356.585,0.1014,0,0,0,0,0,0
CONT_s9_bola_RedBullPlayStreets,1789325356.687,0.1015,0,0,0,0,0,0
CONT_s9_bola_RedBullPlayStreets,1789325356.788,0.1016,0,0,0,0,0,0
CONT_s9_bola_RedBullPlayStreets,1789325356.89,0.1014,0,0,0,0,0,0
CONT_s9_bola_RedBullPlayStreets,1789325356.991,0.1014,0,0,0,0,0,0
CONT_s9_bola_RedBullPlayStreets,1789325357.092,0.1014,0,0,0,0,0,0
CONT_s9_bola_RedBullPlayStreets,1789325357.194,0.1017,0,0,0,0,0,0
CONT_s9_bola_RedBullPlayStreets,1789325357.296,0.1015,0,0,0,0,0,0
CONT_s9_bola_RedBullPlayStreets,1789325357.397,0.1013,0,0,0,0,0,0
CONT_s9_bola_RedBullPlayStreets,1789325357.498,0.1013,0,0,0,0,0,0
CONT_s9_bola_RedBullPlayStreets,1789325357.6,0.1015,0,0,0,0,0,0
CONT_s9_bola_RedBullPlayStreets,1789325357.701,0.1015,0,0,0,0,0,0
CONT_s9_bola_RedBullPlayStreets,1789325357.803,0.1015,0,0,0,0,0,0
CONT_s9_bola_RedBullPlayStreets,1789325357.904,0.1013,0,0,0,0,0,0
CONT_s9_bola_RedBullPlayStreets,1789325358.005,0.1013,0,0,0,0,0,0
CONT_s9_bola_RedBullPlayStreets,1789325358.107,0.1014,0,0,0,0,0,0
CONT_s9_bola_RedBullPlayStreets,1789325358.208,0.1016,0,0,0,0,0,0
CONT_s9_bola_RedBullPlayStreets,1789325358.31,0.1015,0,0,0,0,0,0
CONT_s9_bola_RedBullPlayStreets,1789325358.411,0.1015,0,0,0,0,0,0
CONT_s9_bola_RedBullPlayStreets,1789325358.513,0.1014,0,0,0,0,0,0
CONT_s9_bola_RedBullPlayStreets,1789325358.614,0.1013,0,0,0,0,0,0
CONT_s9_bola_RedBullPlayStreets,1789325358.715,0.1015,0,0,0,0,0,0
CONT_s9_bola_RedBullPlayStreets,1789325358.817,0.1015,0,0,0,0,0,0
CONT_s9_bola_RedBullPlayStreets,1789325358.918,0.1013,0,0,0,0,0,0
CONT_s9_bola_RedBullPlayStreets,1789325359.019,0.1013,0,0,0,0,0,0
CONT_s9_bola_RedBullPlayStreets,1789325359.121,0.1014,0,0,0,0,0,0
CONT_s9_bola_RedBullPlayStreets,1789325359.222,0.1015,0,0,0,0,0,0
CONT_s9_bola_RedBullPlayStreets,1789325359.324,0.1015,0,0,0,0,0,0
CONT_s9_bola_RedBullPlayStreets,1789325359.425,0.1013,0,0,0,0,0,0
CONT_s9_bola_RedBullPlayStreets,1789325359.527,0.1014,0,0,0,0,0,0
CONT_s9_bola_RedBullPlayStreets,1789325359.628,0.1014,0,0,0,0,0,0
CONT_s9_bola_RedBullPlayStreets,1789325359.73,0.1016,0,0,0,0,0,0
CONT_s9_bola_RedBullPlayStreets,1789325359.831,0.1016,0,0,0,0,0,0
CONT_s9_bola_RedBullPlayStreets,1789325359.933,0.1014,0,0,0,0,0,0
CONT_s9_bola_RedBullPlayStreets,1789325360.034,0.1014,0,0,0,0,0,0
CONT_s9_bola_RedBullPlayStreets,1789325360.135,0.1016,0,0,0,0,0,0
CONT_s9_bola_RedBullPlayStreets,1789325360.239,0.103,0,0,0,0,0,0
CONT_s9_bola_RedBullPlayStreets,1789325360.34,0.1017,0,0,0,0,0,0
CONT_s9_bola_RedBullPlayStreets,1789325360.442,0.1014,0,0,0,0,0,0
CONT_s9_bola_RedBullPlayStreets,1789325360.543,0.1014,0,0,0,0,0,0
CONT_s9_bola_RedBullPlayStreets,1789325360.645,0.1015,0,0,0,0,0,0
CONT_s9_bola_RedBullPlayStreets,1789325360.747,0.1026,0,0,0,0,0,0
CONT_s9_bola_RedBullPlayStreets,1789325360.849,0.1015,0,0,0,0,0,0
CONT_s9_bola_RedBullPlayStreets,1789325360.95,0.1013,0,0,0,0,0,0
CONT_s9_bola_RedBullPlayStreets,1789325361.051,0.1013,0,0,0,0,0,0
CONT_s9_bola_RedBullPlayStreets,1789325361.153,0.1015,0,0,0,0,0,0
CONT_s9_bola_RedBullPlayStreets,1789325361.255,0.102,0,0,0,0,0,0
CONT_s9_bola_RedBullPlayStreets,1789325361.356,0.1014,0,0,0,0,0,0
CONT_s9_bola_RedBullPlayStreets,1789325361.458,0.1013,0,0,0,0,0,0
CONT_s9_bola_RedBullPlayStreets,1789325361.559,0.1013,0,0,0,0,0,0
CONT_s9_bola_RedBullPlayStreets,1789325361.66,0.1015,0,0,0,0,0,0
CONT_s9_bola_RedBullPlayStreets,1789325361.762,0.1015,0,0,0,0,0,0
CONT_s9_bola_RedBullPlayStreets,1789325361.863,0.1014,0,0,0,0,0,0
CONT_s9_bola_RedBullPlayStreets,1789325361.965,0.1013,0,0,0,0,0,0
CONT_s9_bola_RedBullPlayStreets,1789325362.066,0.1013,0,0,0,0,0,0
CONT_s9_bola_RedBullPlayStreets,1789325362.167,0.1015,0,0,0,0,0,0
CONT_s9_bola_RedBullPlayStreets,1789325362.269,0.1016,0,0,0,0,0,0
CONT_s9_bola_RedBullPlayStreets,1789325362.37,0.1015,0,0,0,0,0,0
CONT_s9_bola_RedBullPlayStreets,1789325362.472,0.1014,0,0,0,0,0,0
CONT_s9_bola_RedBullPlayStreets,1789325362.573,0.1013,0,0,0,0,0,0
CONT_s9_bola_RedBullPlayStreets,1789325362.675,0.1015,0,0,0,0,0,0
CONT_s9_bola_RedBullPlayStreets,1789325362.776,0.1016,0,0,0,0,0,0
CONT_s9_bola_RedBullPlayStreets,1789325362.878,0.1013,0,0,0,0,0,0
CONT_s9_bola_RedBullPlayStreets,1789325362.979,0.1014,0,0,0,0,0,0
CONT_s9_bola_RedBullPlayStreets,1789325363.08,0.1013,0,0,0,0,0,0
CONT_s9_bola_RedBullPlayStreets,1789325363.182,0.1015,0,0,0,0,0,0
CONT_s9_bola_RedBullPlayStreets,1789325363.283,0.1016,0,0,0,0,0,0
CONT_s9_bola_RedBullPlayStreets,1789325363.385,0.1013,0,0,0,0,0,0
CONT_s9_bola_RedBullPlayStreets,1789325363.486,0.1013,0,0,0,0,0,0
CONT_s9_bola_RedBullPlayStreets,1789325363.587,0.1014,0,0,0,0,0,0
CONT_s9_bola_RedBullPlayStreets,1789325363.689,0.1015,0,0,0,0,0,0
CONT_s9_bola_RedBullPlayStreets,1789325363.79,0.1015,0,0,0,0,0,0
CONT_s9_bola_RedBullPlayStreets,1789325363.892,0.1013,0,0,0,0,0,0
CONT_s9_bola_RedBullPlayStreets,1789325363.993,0.1013,0,0,0,0,0,0
CONT_s9_bola_RedBullPlayStreets,1789325364.094,0.1014,0,0,0,0,0,0
CONT_s9_bola_RedBullPlayStreets,1789325364.196,0.1015,0,0,0,0,0,0
CONT_s9_bola_RedBullPlayStreets,1789325364.297,0.1015,0,0,0,0,0,0
CONT_s9_bola_RedBullPlayStreets,1789325364.399,0.1013,0,0,0,0,0,0
CONT_s9_bola_RedBullPlayStreets,1789325364.5,0.1015,0,0,0,0,0,0
CONT_s9_bola_RedBullPlayStreets,1789325364.601,0.1015,0,0,0,0,0,0
CONT_s9_bola_RedBullPlayStreets,1789325364.703,0.1015,0,0,0,0,0,0
CONT_s9_bola_RedBullPlayStreets,1789325364.805,0.1015,0,0,0,0,0,0
CONT_s9_bola_RedBullPlayStreets,1789325364.906,0.1014,0,0,0,0,0,0
CONT_s9_bola_RedBullPlayStreets,1789325365.007,0.1013,0,0,0,0,0,0
CONT_s9_bola_RedBullPlayStreets,1789325365.109,0.1014,0,0,0,0,0,0
CONT_s9_bola_RedBullPlayStreets,1789325365.21,0.1015,0,0,0,0,0,0
CONT_s9_bola_RedBullPlayStreets,1789325365.312,0.1016,0,0,0,0,0,0
CONT_s9_bola_RedBullPlayStreets,1789325365.413,0.1013,0,0,0,0,0,0
CONT_s9_bola_RedBullPlayStreets,1789325365.514,0.1013,0,0,0,0,0,0
CONT_s9_bola_RedBullPlayStreets,1789325365.616,0.1014,0,0,0,0,0,0
CONT_s9_bola_RedBullPlayStreets,1789325365.717,0.1015,0,0,0,0,0,0
CONT_s9_bola_RedBullPlayStreets,1789325365.819,0.1015,0,0,0,0,0,0
CONT_s9_bola_RedBullPlayStreets,1789325365.92,0.1013,0,0,0,0,0,0
CONT_s9_bola_RedBullPlayStreets,1789325366.021,0.1013,0,0,0,0,0,0
CONT_s9_bola_RedBullPlayStreets,1789325366.123,0.1015,0,0,0,0,0,0
CONT_s9_bola_RedBullPlayStreets,1789325366.224,0.1016,0,0,0,0,0,0
CONT_s9_bola_RedBullPlayStreets,1789325366.326,0.1015,0,0,0,0,0,0
CONT_s9_bola_RedBullPlayStreets,1789325366.427,0.1013,0,0,0,0,0,0
CONT_s9_bola_RedBullPlayStreets,1789325366.529,0.1014,0,0,0,0,0,0
CONT_s9_bola_RedBullPlayStreets,1789325366.632,0.1032,0,0,0,0,0,0
CONT_s9_bola_RedBullPlayStreets,1789325366.733,0.1015,0,0,0,0,0,0
CONT_s9_bola_RedBullPlayStreets,1789325366.835,0.1015,0,0,0,0,0,0
CONT_s9_bola_RedBullPlayStreets,1789325366.937,0.102,0,0,0,0,0,0
CONT_s9_bola_RedBullPlayStreets,1789325367.038,0.1015,0,0,0,0,0,0
CONT_s9_bola_RedBullPlayStreets,1789325367.14,0.1015,0,0,0,0,0,0
CONT_s9_bola_RedBullPlayStreets,1789325367.242,0.1026,0,0,0,0,0,0
CONT_s9_bola_RedBullPlayStreets,1789325367.344,0.1015,0,0,0,0,0,0
CONT_s9_bola_RedBullPlayStreets,1789325367.445,0.1014,0,0,0,0,0,0
CONT_s9_bola_RedBullPlayStreets,1789325367.546,0.1013,0,0,0,0,0,0
CONT_s9_bola_RedBullPlayStreets,1789325367.648,0.1016,0,0,0,0,0,0
CONT_s9_bola_RedBullPlayStreets,1789325367.75,0.1024,0,0,0,0,0,0
CONT_s9_bola_RedBullPlayStreets,1789325367.852,0.1014,0,0,0,0,0,0
CONT_s9_bola_RedBullPlayStreets,1789325367.953,0.1013,0,0,0,0,0,0
CONT_s9_bola_RedBullPlayStreets,1789325368.054,0.1013,0,0,0,0,0,0
CONT_s9_bola_RedBullPlayStreets,1789325368.156,0.1016,0,0,0,0,0,0
CONT_s9_bola_RedBullPlayStreets,1789325368.258,0.1015,0,0,0,0,0,0
CONT_s9_bola_RedBullPlayStreets,1789325368.359,0.1014,0,0,0,0,0,0
CONT_s9_bola_RedBullPlayStreets,1789325368.46,0.1015,0,0,0,0,0,0
CONT_s9_bola_RedBullPlayStreets,1789325368.562,0.1014,0,0,0,0,0,0
CONT_s9_bola_RedBullPlayStreets,1789325368.663,0.1016,0,0,0,0,0,0
CONT_s9_bola_RedBullPlayStreets,1789325368.765,0.1015,0,0,0,0,0,0
CONT_s9_bola_RedBullPlayStreets,1789325368.866,0.1014,0,0,0,0,0,0
CONT_s9_bola_RedBullPlayStreets,1789325368.968,0.1013,0,0,0,0,0,0
CONT_s9_bola_RedBullPlayStreets,1789325369.069,0.1014,0,0,0,0,0,0
CONT_s9_bola_RedBullPlayStreets,1789325369.171,0.1015,0,0,0,0,0,0
CONT_s9_bola_RedBullPlayStreets,1789325369.272,0.1015,0,0,0,0,0,0
CONT_s9_bola_RedBullPlayStreets,1789325369.373,0.1014,0,0,0,0,0,0
CONT_s9_bola_RedBullPlayStreets,1789325369.475,0.1013,0,0,0,0,0,0
CONT_s9_bola_RedBullPlayStreets,1789325369.576,0.1013,0,0,0,0,0,0
CONT_s9_bola_RedBullPlayStreets,1789325369.677,0.1015,0,0,0,0,0,0
CONT_s9_bola_RedBullPlayStreets,1789325369.779,0.1015,0,0,0,0,0,0
CONT_s9_bola_RedBullPlayStreets,1789325369.88,0.1014,0,0,0,0,0,0
CONT_s9_bola_RedBullPlayStreets,1789325369.982,0.1013,0,0,0,0,0,0
CONT_s9_bola_RedBullPlayStreets,1789325370.083,0.1014,0,0,0,0,0,0
CONT_s9_bola_RedBullPlayStreets,1789325370.185,0.1015,0,0,0,0,0,0
CONT_s9_bola_RedBullPlayStreets,1789325370.286,0.1015,0,0,0,0,0,0
CONT_s9_bola_RedBullPlayStreets,1789325370.388,0.1016,0,0,0,0,0,0
CONT_s9_bola_RedBullPlayStreets,1789325370.489,0.1013,0,0,0,0,0,0
CONT_s9_bola_RedBullPlayStreets,1789325370.59,0.1014,0,0,0,0,0,0
CONT_s9_bola_RedBullPlayStreets,1789325370.692,0.1015,0,0,0,0,0,0
CONT_s9_bola_RedBullPlayStreets,1789325370.793,0.1015,0,0,0,0,0,0
CONT_s9_bola_RedBullPlayStreets,1789325370.895,0.1013,0,0,0,0,0,0
CONT_s9_bola_RedBullPlayStreets,1789325370.996,0.1014,0,0,0,0,0,0
CONT_s9_bola_RedBullPlayStreets,1789325371.098,0.1014,0,0,0,0,0,0
CONT_s9_bola_RedBullPlayStreets,1789325371.199,0.1015,0,0,0,0,0,0
CONT_s9_bola_RedBullPlayStreets,1789325371.301,0.1015,0,0,0,0,0,0
CONT_s9_bola_RedBullPlayStreets,1789325371.402,0.1013,0,0,0,0,0,0
CONT_s9_bola_RedBullPlayStreets,1789325371.503,0.1014,0,0,0,0,0,0
CONT_s9_bola_RedBullPlayStreets,1789325371.604,0.1013,0,0,0,0,0,0
CONT_s9_bola_RedBullPlayStreets,1789325371.706,0.1015,0,0,0,0,0,0
CONT_s9_bola_RedBullPlayStreets,1789325371.807,0.1015,0,0,0,0,0,0
CONT_s9_bola_RedBullPlayStreets,1789325371.909,0.1014,0,0,0,0,0,0
CONT_s9_bola_RedBullPlayStreets,1789325372.01,0.1014,0,0,0,0,0,0
CONT_s9_bola_RedBullPlayStreets,1789325372.112,0.1013,0,0,0,0,0,0
CONT_s9_bola_RedBullPlayStreets,1789325372.213,0.1015,0,0,0,0,0,0
CONT_s9_bola_RedBullPlayStreets,1789325372.315,0.1015,0,0,0,0,0,0
CONT_s9_bola_RedBullPlayStreets,1789325372.416,0.1013,0,0,0,0,0,0
CONT_s9_bola_RedBullPlayStreets,1789325372.517,0.1014,0,0,0,0,0,0
CONT_s9_bola_RedBullPlayStreets,1789325372.619,0.1013,0,0,0,0,0,0
CONT_s9_bola_RedBullPlayStreets,1789325372.72,0.1015,0,0,0,0,0,0
CONT_s9_bola_RedBullPlayStreets,1789325372.822,0.1015,0,0,0,0,0,0
CONT_s9_bola_RedBullPlayStreets,1789325372.923,0.1013,0,0,0,0,0,0
CONT_s9_bola_RedBullPlayStreets,1789325373.024,0.1014,0,0,0,0,0,0
CONT_s9_bola_RedBullPlayStreets,1789325373.126,0.1013,0,0,0,0,0,0
CONT_s9_bola_RedBullPlayStreets,1789325373.227,0.1015,0,0,0,0,0,0
CONT_s9_bola_RedBullPlayStreets,1789325373.329,0.1015,0,0,0,0,0,0
CONT_s9_bola_RedBullPlayStreets,1789325373.43,0.1013,0,0,0,0,0,0
CONT_s9_bola_RedBullPlayStreets,1789325373.532,0.1015,0,0,0,0,0,0
CONT_s9_bola_RedBullPlayStreets,1789325373.633,0.1018,0,0,0,0,0,0
CONT_s9_bola_RedBullPlayStreets,1789325373.735,0.1015,0,0,0,0,0,0
CONT_s9_bola_RedBullPlayStreets,1789325373.836,0.1016,0,0,0,0,0,0
CONT_s9_bola_RedBullPlayStreets,1789325373.938,0.1013,0,0,0,0,0,0
CONT_s9_bola_RedBullPlayStreets,1789325374.039,0.1014,0,0,0,0,0,0
CONT_s9_bola_RedBullPlayStreets,1789325374.141,0.1015,0,0,0,0,0,0
CONT_s9_bola_RedBullPlayStreets,1789325374.243,0.1023,0,0,0,0,0,0
CONT_s9_bola_RedBullPlayStreets,1789325374.344,0.1015,0,0,0,0,0,0
CONT_s9_bola_RedBullPlayStreets,1789325374.446,0.1013,0,0,0,0,0,0
CONT_s9_bola_RedBullPlayStreets,1789325374.547,0.1013,0,0,0,0,0,0
CONT_s9_bola_RedBullPlayStreets,1789325374.649,0.1015,0,0,0,0,0,0
CONT_s9_bola_RedBullPlayStreets,1789325374.75,0.1015,0,0,0,0,0,0
CONT_s9_bola_RedBullPlayStreets,1789325374.852,0.1014,0,0,0,0,0,0
CONT_s9_bola_RedBullPlayStreets,1789325374.953,0.1014,0,0,0,0,0,0
CONT_s9_bola_RedBullPlayStreets,1789325375.054,0.1014,0,0,0,0,0,0
CONT_s9_bola_RedBullPlayStreets,1789325375.156,0.1015,0,0,0,0,0,0
CONT_s9_bola_RedBullPlayStreets,1789325375.257,0.1015,0,0,0,0,0,0
CONT_s9_bola_RedBullPlayStreets,1789325375.359,0.1015,0,0,0,0,0,0
CONT_s9_bola_RedBullPlayStreets,1789325375.46,0.1013,0,0,0,0,0,0
CONT_s9_bola_RedBullPlayStreets,1789325375.562,0.1014,0,0,0,0,0,0
CONT_s9_bola_RedBullPlayStreets,1789325375.663,0.1015,0,0,0,0,0,0
CONT_s9_bola_RedBullPlayStreets,1789325375.765,0.1016,0,0,0,0,0,0
CONT_s9_bola_RedBullPlayStreets,1789325375.866,0.1015,0,0,0,0,0,0
CONT_s9_bola_RedBullPlayStreets,1789325375.968,0.1014,0,0,0,0,0,0
CONT_s9_bola_RedBullPlayStreets,1789325376.069,0.1013,0,0,0,0,0,0
CONT_s9_bola_RedBullPlayStreets,1789325376.17,0.1015,0,0,0,0,0,0
CONT_s9_bola_RedBullPlayStreets,1789325376.272,0.1016,0,0,0,0,0,0
CONT_s9_bola_RedBullPlayStreets,1789325376.373,0.1015,0,0,0,0,0,0
CONT_s9_bola_RedBullPlayStreets,1789325376.475,0.1013,0,0,0,0,0,0
CONT_s9_bola_RedBullPlayStreets,1789325376.576,0.1013,0,0,0,0,0,0
CONT_s9_bola_RedBullPlayStreets,1789325376.678,0.1015,0,0,0,0,0,0
CONT_s9_bola_RedBullPlayStreets,1789325376.779,0.1015,0,0,0,0,0,0
CONT_s9_bola_RedBullPlayStreets,1789325376.88,0.1014,0,0,0,0,0,0
CONT_s9_bola_RedBullPlayStreets,1789325376.982,0.1013,0,0,0,0,0,0
CONT_s9_bola_RedBullPlayStreets,1789325377.083,0.1013,0,0,0,0,0,0
CONT_s9_bola_RedBullPlayStreets,1789325377.184,0.1015,0,0,0,0,0,0
CONT_s9_bola_RedBullPlayStreets,1789325377.286,0.1015,0,0,0,0,0,0
CONT_s9_bola_RedBullPlayStreets,1789325377.387,0.1013,0,0,0,0,0,0
CONT_s9_bola_RedBullPlayStreets,1789325377.489,0.1014,0,0,0,0,0,0
CONT_s9_bola_RedBullPlayStreets,1789325377.59,0.1013,0,0,0,0,0,0
CONT_s9_bola_RedBullPlayStreets,1789325377.691,0.1015,0,0,0,0,0,0
CONT_s9_bola_RedBullPlayStreets,1789325377.793,0.1015,0,0,0,0,0,0
CONT_s9_bola_RedBullPlayStreets,1789325377.894,0.1013,0,0,0,0,0,0
CONT_s9_bola_RedBullPlayStreets,1789325377.996,0.1013,0,0,0,0,0,0
CONT_s9_bola_RedBullPlayStreets,1789325378.097,0.1013,0,0,0,0,0,0
CONT_s9_bola_RedBullPlayStreets,1789325378.198,0.1015,0,0,0,0,0,0
CONT_s9_bola_RedBullPlayStreets,1789325378.3,0.1015,0,0,0,0,0,0
CONT_s9_bola_RedBullPlayStreets,1789325378.401,0.1014,0,0,0,0,0,0
CONT_s9_bola_RedBullPlayStreets,1789325378.503,0.1013,0,0,0,0,0,0
CONT_s9_bola_RedBullPlayStreets,1789325378.604,0.1014,0,0,0,0,0,0
CONT_s9_bola_RedBullPlayStreets,1789325378.705,0.1015,0,0,0,0,0,0
CONT_s9_bola_RedBullPlayStreets,1789325378.807,0.1015,0,0,0,0,0,0
CONT_s9_bola_RedBullPlayStreets,1789325378.908,0.1014,0,0,0,0,0,0
CONT_s9_bola_RedBullPlayStreets,1789325379.01,0.1013,0,0,0,0,0,0
CONT_s9_bola_RedBullPlayStreets,1789325379.111,0.1013,0,0,0,0,0,0
CONT_s9_bola_RedBullPlayStreets,1789325379.213,0.1015,0,0,0,0,0,0
CONT_s9_bola_RedBullPlayStreets,1789325379.314,0.1015,0,0,0,0,0,0
CONT_s9_bola_RedBullPlayStreets,1789325379.415,0.1013,0,0,0,0,0,0
CONT_s9_bola_RedBullPlayStreets,1789325379.517,0.1014,0,0,0,0,0,0
CONT_s9_bola_RedBullPlayStreets,1789325379.618,0.1013,0,0,0,0,0,0
CONT_s9_bola_RedBullPlayStreets,1789325379.72,0.1015,0,0,0,0,0,0
CONT_s9_bola_RedBullPlayStreets,1789325379.821,0.1015,0,0,0,0,0,0
CONT_s9_bola_RedBullPlayStreets,1789325379.922,0.1013,0,0,0,0,0,0
CONT_s9_bola_RedBullPlayStreets,1789325380.024,0.1013,0,0,0,0,0,0
CONT_s9_bola_RedBullPlayStreets,1789325380.125,0.1013,0,0,0,0,0,0
CONT_s9_bola_RedBullPlayStreets,1789325380.227,0.1015,0,0,0,0,0,0
CONT_s9_bola_RedBullPlayStreets,1789325380.328,0.1015,0,0,0,0,0,0
CONT_s9_bola_RedBullPlayStreets,1789325380.429,0.1013,0,0,0,0,0,0
CONT_s9_bola_RedBullPlayStreets,1789325380.531,0.1016,0,0,0,0,0,0
CONT_s9_bola_RedBullPlayStreets,1789325380.633,0.1022,0,0,0,0,0,0
CONT_s9_bola_RedBullPlayStreets,1789325380.735,0.1015,0,0,0,0,0,0
CONT_s9_bola_RedBullPlayStreets,1789325380.836,0.1015,0,0,0,0,0,0
CONT_s9_bola_RedBullPlayStreets,1789325380.938,0.1014,0,0,0,0,0,0
CONT_s9_bola_RedBullPlayStreets,1789325381.039,0.1014,0,0,0,0,0,0
CONT_s9_bola_RedBullPlayStreets,1789325381.14,0.1015,0,0,0,0,0,0
CONT_s9_bola_RedBullPlayStreets,1789325381.243,0.1022,0,0,0,0,0,0
CONT_s9_bola_RedBullPlayStreets,1789325381.344,0.1015,0,0,0,0,0,0
CONT_s9_bola_RedBullPlayStreets,1789325381.446,0.1013,0,0,0,0,0,0
CONT_s9_bola_RedBullPlayStreets,1789325381.547,0.1013,0,0,0,0,0,0
CONT_s9_bola_RedBullPlayStreets,1789325381.648,0.1015,0,0,0,0,0,0
CONT_s9_bola_RedBullPlayStreets,1789325381.751,0.1024,0,0,0,0,0,0
CONT_s9_bola_RedBullPlayStreets,1789325381.852,0.1013,0,0,0,0,0,0
CONT_s9_bola_RedBullPlayStreets,1789325381.953,0.1013,0,0,0,0,0,0
CONT_s9_bola_RedBullPlayStreets,1789325382.055,0.1013,0,0,0,0,0,0
CONT_s9_bola_RedBullPlayStreets,1789325382.156,0.1015,0,0,0,0,0,0
CONT_s9_bola_RedBullPlayStreets,1789325382.258,0.1015,0,0,0,0,0,0
CONT_s9_bola_RedBullPlayStreets,1789325382.359,0.1013,0,0,0,0,0,0
CONT_s9_bola_RedBullPlayStreets,1789325382.46,0.1013,0,0,0,0,0,0
CONT_s9_bola_RedBullPlayStreets,1789325382.561,0.1013,0,0,0,0,0,0
CONT_s9_bola_RedBullPlayStreets,1789325382.663,0.1015,0,0,0,0,0,0
CONT_s9_bola_RedBullPlayStreets,1789325382.764,0.1015,0,0,0,0,0,0
CONT_s9_bola_RedBullPlayStreets,1789325382.866,0.1013,0,0,0,0,0,0
CONT_s9_bola_RedBullPlayStreets,1789325382.967,0.1013,0,0,0,0,0,0
CONT_s9_bola_RedBullPlayStreets,1789325383.068,0.1013,0,0,0,0,0,0
CONT_s9_bola_RedBullPlayStreets,1789325383.17,0.1015,0,0,0,0,0,0
CONT_s9_bola_RedBullPlayStreets,1789325383.271,0.1015,0,0,0,0,0,0
CONT_s9_bola_RedBullPlayStreets,1789325383.373,0.1013,0,0,0,0,0,0
CONT_s9_bola_RedBullPlayStreets,1789325383.474,0.1013,0,0,0,0,0,0
CONT_s9_bola_RedBullPlayStreets,1789325383.575,0.1013,0,0,0,0,0,0
CONT_s9_bola_RedBullPlayStreets,1789325383.677,0.1015,0,0,0,0,0,0
CONT_s9_bola_RedBullPlayStreets,1789325383.778,0.1015,0,0,0,0,0,0
CONT_s9_bola_RedBullPlayStreets,1789325383.879,0.1013,0,0,0,0,0,0
CONT_s9_bola_RedBullPlayStreets,1789325383.981,0.1013,0,0,0,0,0,0
CONT_s9_bola_RedBullPlayStreets,1789325384.082,0.1013,0,0,0,0,0,0
CONT_s9_bola_RedBullPlayStreets,1789325384.183,0.1015,0,0,0,0,0,0
CONT_s9_bola_RedBullPlayStreets,1789325384.285,0.1015,0,0,0,0,0,0
CONT_s9_bola_RedBullPlayStreets,1789325384.386,0.1013,0,0,0,0,0,0
CONT_s9_bola_RedBullPlayStreets,1789325384.488,0.1013,0,0,0,0,0,0
CONT_s9_bola_RedBullPlayStreets,1789325384.589,0.1013,0,0,0,0,0,0
CONT_s9_bola_RedBullPlayStreets,1789325384.69,0.1015,0,0,0,0,0,0
CONT_s9_bola_RedBullPlayStreets,1789325384.792,0.1015,0,0,0,0,0,0
CONT_s9_bola_RedBullPlayStreets,1789325384.893,0.1013,0,0,0,0,0,0
CONT_s9_bola_RedBullPlayStreets,1789325384.994,0.1013,0,0,0,0,0,0
CONT_s9_bola_RedBullPlayStreets,1789325385.096,0.1013,0,0,0,0,0,0
CONT_s9_bola_RedBullPlayStreets,1789325385.197,0.1015,0,0,0,0,0,0
CONT_s9_bola_RedBullPlayStreets,1789325385.299,0.1014,0,0,0,0,0,0
CONT_s9_bola_RedBullPlayStreets,1789325385.4,0.1013,0,0,0,0,0,0
CONT_s9_bola_RedBullPlayStreets,1789325385.501,0.1013,0,0,0,0,0,0
CONT_s9_bola_RedBullPlayStreets,1789325385.602,0.1013,0,0,0,0,0,0
CONT_s9_bola_RedBullPlayStreets,1789325385.704,0.1015,0,0,0,0,0,0
CONT_s9_bola_RedBullPlayStreets,1789325385.805,0.1015,0,0,0,0,0,0
CONT_s9_bola_RedBullPlayStreets,1789325385.907,0.1013,0,0,0,0,0,0
CONT_s9_bola_RedBullPlayStreets,1789325386.008,0.1014,0,0,0,0,0,0
CONT_s9_bola_RedBullPlayStreets,1789325386.109,0.1014,0,0,0,0,0,0
CONT_s9_bola_RedBullPlayStreets,1789325386.211,0.1015,0,0,0,0,0,0
CONT_s9_bola_RedBullPlayStreets,1789325386.313,0.1015,0,0,0,0,0,0
CONT_s9_bola_RedBullPlayStreets,1789325386.414,0.1013,0,0,0,0,0,0
CONT_s9_bola_RedBullPlayStreets,1789325386.515,0.1014,0,0,0,0,0,0
CONT_s9_bola_RedBullPlayStreets,1789325386.616,0.1013,0,0,0,0,0,0
CONT_s9_bola_RedBullPlayStreets,1789325386.718,0.1015,0,0,0,0,0,0
CONT_s9_bola_RedBullPlayStreets,1789325386.82,0.1016,0,0,0,0,0,0
CONT_s9_bola_RedBullPlayStreets,1789325386.921,0.1013,0,0,0,0,0,0
CONT_s9_bola_RedBullPlayStreets,1789325387.022,0.1014,0,0,0,0,0,0
CONT_s9_bola_RedBullPlayStreets,1789325387.124,0.1013,0,0,0,0,0,0
CONT_s9_bola_RedBullPlayStreets,1789325387.225,0.1015,0,0,0,0,0,0
CONT_s9_bola_RedBullPlayStreets,1789325387.327,0.1015,0,0,0,0,0,0
CONT_s9_bola_RedBullPlayStreets,1789325387.428,0.1013,0,0,0,0,0,0
CONT_s9_bola_RedBullPlayStreets,1789325387.529,0.1014,0,0,0,0,0,0
CONT_s9_bola_RedBullPlayStreets,1789325387.634,0.1042,0,0,0,0,0,0
CONT_s9_bola_RedBullPlayStreets,1789325387.735,0.1015,0,0,0,0,0,0
CONT_s9_bola_RedBullPlayStreets,1789325387.836,0.1014,0,0,0,0,0,0
CONT_s9_bola_RedBullPlayStreets,1789325387.938,0.1012,0,0,0,0,0,0
CONT_s9_bola_RedBullPlayStreets,1789325388.039,0.1013,0,0,0,0,0,0
CONT_s9_bola_RedBullPlayStreets,1789325388.14,0.1012,0,0,0,0,0,0
CONT_s9_bola_RedBullPlayStreets,1789325388.241,0.1011,0,0,0,0,0,0
CONT_s9_bola_RedBullPlayStreets,1789325388.343,0.102,0,0,0,0,0,0
CONT_s9_bola_RedBullPlayStreets,1789325388.445,0.1012,0,0,0,0,0,0
CONT_s9_bola_RedBullPlayStreets,1789325388.546,0.1013,0,0,0,0,0,0
CONT_s9_bola_RedBullPlayStreets,1789325388.648,0.1019,0,0,0,0,0,0
CONT_s9_bola_RedBullPlayStreets,1789325388.751,0.1038,0,0,0,0,0,0
CONT_s9_bola_RedBullPlayStreets,1789325388.853,0.1013,0,0,0,0,0,0
CONT_s9_bola_RedBullPlayStreets,1789325388.954,0.1011,0,0,0,0,0,0
CONT_s9_bola_RedBullPlayStreets,1789325389.055,0.1011,0,0,0,0,0,0
CONT_s9_bola_RedBullPlayStreets,1789325389.156,0.1012,16672,27,0,587045.4,132016.7,4
CONT_s9_bola_RedBullPlayStreets,1789325389.258,0.1016,16604,13,0,9953748.8,45408482.3,2
CONT_s9_bola_RedBullPlayStreets,1789325389.359,0.1015,9164,9,0,11208472.7,68341824.4,3
CONT_s9_bola_RedBullPlayStreets,1789325389.461,0.1015,18491,17,0,14602742.0,158780729.8,4
CONT_s9_bola_RedBullPlayStreets,1789325389.562,0.1015,12104,10,0,15803504.7,150394068.6,3
CONT_s9_bola_RedBullPlayStreets,1789325389.664,0.1016,12104,10,0,18523070.4,45241960.6,2
CONT_s9_bola_RedBullPlayStreets,1789325389.765,0.1017,15104,12,0,19082750.5,108629059.1,2
CONT_s9_bola_RedBullPlayStreets,1789325389.867,0.1016,15104,12,0,19115046.8,114154653.0,2
CONT_s9_bola_RedBullPlayStreets,1789325389.969,0.1015,7552,6,0,19089791.2,114088736.6,2
CONT_s9_bola_RedBullPlayStreets,1789325390.07,0.1015,15104,12,0,19000629.7,114301788.2,2
CONT_s9_bola_RedBullPlayStreets,1789325390.172,0.1016,13656,12,0,23297798.2,108294754.7,4
CONT_s9_bola_RedBullPlayStreets,1789325390.273,0.1017,15340,14,0,32237985.2,127999816.1,4
CONT_s9_bola_RedBullPlayStreets,1789325390.375,0.1015,10656,10,0,28051768.0,155458096.9,3
CONT_s9_bola_RedBullPlayStreets,1789325390.476,0.1015,12104,10,0,20714436.6,149715384.5,2
CONT_s9_bola_RedBullPlayStreets,1789325390.578,0.1015,18156,15,0,20236322.2,137741438.4,2
CONT_s9_bola_RedBullPlayStreets,1789325390.68,0.1018,7552,6,0,20409070.5,149579410.1,2
CONT_s9_bola_RedBullPlayStreets,1789325390.781,0.1016,12104,10,0,19962677.8,149230856.4,2
CONT_s9_bola_RedBullPlayStreets,1789325390.883,0.1015,19656,16,0,20007610.9,149304180.4,2
CONT_s9_bola_RedBullPlayStreets,1789325390.984,0.1015,7552,6,0,20157803.2,149497716.4,2
CONT_s9_bola_RedBullPlayStreets,1789325391.086,0.1014,12104,10,0,19920373.6,149312350.7,2
CONT_s9_bola_RedBullPlayStreets,1789325391.187,0.1016,16604,13,0,20107006.5,161019110.2,2
CONT_s9_bola_RedBullPlayStreets,1789325391.289,0.1016,13604,11,0,20171100.8,160924927.5,2
CONT_s9_bola_RedBullPlayStreets,1789325391.39,0.1015,12104,10,0,20319715.0,160679821.1,2
CONT_s9_bola_RedBullPlayStreets,1789325391.492,0.1014,15156,13,0,20584931.6,97260903.7,2
CONT_s9_bola_RedBullPlayStreets,1789325391.593,0.1014,9104,8,0,20504925.2,114350556.2,2
CONT_s9_bola_RedBullPlayStreets,1789325391.695,0.1016,16656,14,0,20933773.3,126121017.0,2
CONT_s9_bola_RedBullPlayStreets,1789325391.796,0.1016,15104,12,0,21150838.8,137944706.9,2
CONT_s9_bola_RedBullPlayStreets,1789325391.898,0.1015,12104,10,0,21300740.2,137652221.2,2
CONT_s9_bola_RedBullPlayStreets,1789325392.0,0.1016,7612,7,0,18123710.7,149412160.9,3
CONT_s9_bola_RedBullPlayStreets,1789325392.101,0.1015,18661,17,0,17673622.7,128876271.4,4
CONT_s9_bola_RedBullPlayStreets,1789325392.203,0.1017,12156,11,0,16622957.4,138259598.3,4
CONT_s9_bola_RedBullPlayStreets,1789325392.304,0.1017,9052,7,0,22116478.4,161602109.1,2
CONT_s9_bola_RedBullPlayStreets,1789325392.406,0.1016,20290,18,0,22550758.4,151938010.4,4
CONT_s9_bola_RedBullPlayStreets,1789325392.508,0.1016,10858,9,0,23518808.4,142491014.7,4
CONT_s9_bola_RedBullPlayStreets,1789325392.609,0.1015,15156,13,0,25844464.8,116300220.5,4
CONT_s9_bola_RedBullPlayStreets,1789325392.711,0.1017,11253,12,0,26766920.5,110540340.7,4
CONT_s9_bola_RedBullPlayStreets,1789325392.813,0.1017,16899,14,0,24932974.8,103214537.3,4
CONT_s9_bola_RedBullPlayStreets,1789325392.914,0.1016,7552,6,0,23201686.7,125342272.6,2
CONT_s9_bola_RedBullPlayStreets,1789325393.016,0.1022,13656,12,0,31239561.5,128769658.3,4
CONT_s9_bola_RedBullPlayStreets,1789325393.118,0.1021,18156,15,0,29889035.1,160444897.4,4
CONT_s9_bola_RedBullPlayStreets,1789325393.221,0.1023,15208,14,0,38647414.7,176016366.3,4
CONT_s9_bola_RedBullPlayStreets,1789325393.323,0.1022,13708,13,0,41380022.2,130474725.9,4
CONT_s9_bola_RedBullPlayStreets,1789325393.425,0.1021,10656,10,0,38455815.1,141772352.0,4
CONT_s9_bola_RedBullPlayStreets,1789325393.527,0.1022,13708,13,0,42080712.1,154049244.0,4
CONT_s9_bola_RedBullPlayStreets,1789325393.632,0.1053,13708,13,0,44531236.4,159727847.7,4
CONT_s9_bola_RedBullPlayStreets,1789325393.735,0.1022,15208,14,0,43153338.6,164573619.6,4
CONT_s9_bola_RedBullPlayStreets,1789325393.837,0.1023,12156,11,0,40345832.5,164310906.7,4
CONT_s9_bola_RedBullPlayStreets,1789325393.939,0.1021,10656,10,0,41395735.8,161495100.8,4
CONT_s9_bola_RedBullPlayStreets,1789325394.041,0.1021,16708,15,0,45840207.8,169589189.8,4
CONT_s9_bola_RedBullPlayStreets,1789325394.143,0.1023,12156,11,0,41704771.6,180216144.8,4
CONT_s9_bola_RedBullPlayStreets,1789325394.247,0.1035,10656,10,0,43350092.6,154864641.2,4
CONT_s9_bola_RedBullPlayStreets,1789325394.349,0.1021,18260,17,0,64138743.5,184833426.8,5
CONT_s9_bola_RedBullPlayStreets,1789325394.451,0.1021,13760,14,0,97677183.9,190118260.1,6
CONT_s9_bola_RedBullPlayStreets,1789325394.553,0.1021,10656,10,0,45273391.2,166895629.0,4
CONT_s9_bola_RedBullPlayStreets,1789325394.656,0.1023,13656,12,0,53116068.6,196621125.1,4
CONT_s9_bola_RedBullPlayStreets,1789325394.758,0.1022,13708,13,0,50680944.7,144214923.0,4
CONT_s9_bola_RedBullPlayStreets,1789325394.86,0.1022,13708,13,0,42664382.3,142928524.6,4
CONT_s9_bola_RedBullPlayStreets,1789325394.962,0.1021,15208,14,0,41146840.8,138723828.0,4
CONT_s9_bola_RedBullPlayStreets,1789325395.064,0.1021,12156,11,0,55067848.4,174184093.9,4
CONT_s9_bola_RedBullPlayStreets,1789325395.166,0.1022,13708,13,0,52365473.5,175917223.2,4
CONT_s9_bola_RedBullPlayStreets,1789325395.269,0.1023,12156,11,0,53524799.8,165429838.4,4
CONT_s9_bola_RedBullPlayStreets,1789325395.371,0.1021,15156,13,0,32116266.5,171805526.7,2
CONT_s9_bola_RedBullPlayStreets,1789325395.473,0.1021,9156,9,0,60410732.9,201026252.1,4
CONT_s9_bola_RedBullPlayStreets,1789325395.575,0.1021,15156,13,0,41765839.8,187735290.0,4
CONT_s9_bola_RedBullPlayStreets,1789325395.677,0.1022,13808,15,0,48079082.6,166140791.4,5
CONT_s9_bola_RedBullPlayStreets,1789325395.78,0.1025,14370,17,0,35451229.1,89950050.1,5
CONT_s9_bola_RedBullPlayStreets,1789325395.882,0.1022,15260,15,0,32978287.2,93878452.5,4
CONT_s9_bola_RedBullPlayStreets,1789325395.984,0.1023,12208,12,0,39476356.8,124956049.5,4
CONT_s9_bola_RedBullPlayStreets,1789325396.087,0.1023,15260,15,0,44617642.3,140867423.2,4
CONT_s9_bola_RedBullPlayStreets,1789325396.189,0.1025,12208,12,0,42311398.7,136100525.6,4
CONT_s9_bola_RedBullPlayStreets,1789325396.291,0.1024,12208,12,0,43173834.7,136138380.2,4
CONT_s9_bola_RedBullPlayStreets,1789325396.394,0.1023,15260,15,0,44342464.4,131699288.9,4
CONT_s9_bola_RedBullPlayStreets,1789325396.496,0.1023,12208,12,0,43156083.0,136474645.7,4
CONT_s9_bola_RedBullPlayStreets,1789325396.598,0.1023,15260,15,0,43998828.5,141193601.5,4
CONT_s9_bola_RedBullPlayStreets,1789325396.701,0.1025,12208,12,0,45246084.8,136585655.3,4
CONT_s9_bola_RedBullPlayStreets,1789325396.803,0.1024,12208,12,0,45478895.3,136610026.7,4
CONT_s9_bola_RedBullPlayStreets,1789325396.906,0.1023,15260,15,0,44215034.3,131997611.6,4
CONT_s9_bola_RedBullPlayStreets,1789325397.008,0.1023,12208,12,0,45004540.3,136329204.5,4
CONT_s9_bola_RedBullPlayStreets,1789325397.11,0.1023,15260,15,0,46720849.1,141002431.1,4
CONT_s9_bola_RedBullPlayStreets,1789325397.213,0.1025,12208,12,0,46149530.5,136290326.2,4
CONT_s9_bola_RedBullPlayStreets,1789325397.315,0.1024,12208,12,0,46225086.3,136390080.8,4
CONT_s9_bola_RedBullPlayStreets,1789325397.417,0.1023,15260,15,0,45537796.5,131740260.2,4
CONT_s9_bola_RedBullPlayStreets,1789325397.52,0.1023,14030,14,0,45774632.5,132789462.8,4
CONT_s9_bola_RedBullPlayStreets,1789325397.622,0.1022,12208,12,0,45732613.2,92852427.0,4
CONT_s9_bola_RedBullPlayStreets,1789325397.724,0.1025,15260,15,0,44689567.9,122513698.2,4
CONT_s9_bola_RedBullPlayStreets,1789325397.827,0.1024,12208,12,0,45053277.3,136260865.3,4
CONT_s9_bola_RedBullPlayStreets,1789325397.929,0.1022,12208,12,0,45122724.8,136266475.4,4
CONT_s9_bola_RedBullPlayStreets,1789325398.031,0.1022,15260,15,0,46514931.1,140785195.3,4
CONT_s9_bola_RedBullPlayStreets,1789325398.134,0.1027,12208,12,0,46232182.8,136254096.5,4
CONT_s9_bola_RedBullPlayStreets,1789325398.236,0.1024,15260,15,0,45386628.1,131723619.4,4
CONT_s9_bola_RedBullPlayStreets,1789325398.339,0.1025,12208,12,0,45338159.3,136283742.2,4
CONT_s9_bola_RedBullPlayStreets,1789325398.441,0.1023,12208,12,0,45358435.2,136190521.5,4
CONT_s9_bola_RedBullPlayStreets,1789325398.543,0.1023,15260,15,0,46543586.0,140958250.1,4
CONT_s9_bola_RedBullPlayStreets,1789325398.646,0.1024,12208,12,0,46451404.8,136240304.4,4
CONT_s9_bola_RedBullPlayStreets,1789325398.749,0.1032,15260,15,0,45428864.9,131776236.9,4
CONT_s9_bola_RedBullPlayStreets,1789325398.851,0.1024,12208,12,0,45507161.8,136189266.1,4
CONT_s9_bola_RedBullPlayStreets,1789325398.954,0.1023,12208,12,0,45540618.8,136452150.7,4
CONT_s9_bola_RedBullPlayStreets,1789325399.056,0.1023,15260,15,0,46783055.0,140750803.0,4
CONT_s9_bola_RedBullPlayStreets,1789325399.159,0.1027,12208,12,0,46543687.0,136439272.4,4
CONT_s9_bola_RedBullPlayStreets,1789325399.261,0.1024,15260,15,0,45606775.5,131651859.0,4
CONT_s9_bola_RedBullPlayStreets,1789325399.363,0.1024,12208,12,0,45578393.7,136260481.3,4
CONT_s9_bola_RedBullPlayStreets,1789325399.466,0.1023,12208,12,0,45572052.3,136376410.0,4
CONT_s9_bola_RedBullPlayStreets,1789325399.568,0.1023,15260,15,0,46741954.7,140869057.3,4
CONT_s9_bola_RedBullPlayStreets,1789325399.67,0.1024,12208,12,0,46577734.3,136430775.5,4
CONT_s9_bola_RedBullPlayStreets,1789325399.773,0.1025,15260,15,0,45575849.3,131660966.4,4
CONT_s9_bola_RedBullPlayStreets,1789325399.875,0.1022,12208,12,0,45606405.8,136415558.0,4
CONT_s9_bola_RedBullPlayStreets,1789325399.977,0.1023,12208,12,0,45597308.8,136310670.9,4
CONT_s9_bola_RedBullPlayStreets,1789325400.08,0.1023,15260,15,0,46834088.9,140856961.2,4
CONT_s9_bola_RedBullPlayStreets,1789325400.182,0.1023,13795,14,0,44561413.9,126852229.6,4
CONT_s9_bola_RedBullPlayStreets,1789325400.284,0.1024,12208,12,0,43363823.0,80525288.8,4
CONT_s9_bola_RedBullPlayStreets,1789325400.387,0.1022,15260,15,0,43031002.3,122851578.2,4
CONT_s9_bola_RedBullPlayStreets,1789325400.489,0.1023,12208,12,0,43536911.2,136289837.1,4
CONT_s9_bola_RedBullPlayStreets,1789325400.591,0.1023,12208,12,0,43877180.0,136578497.4,4
CONT_s9_bola_RedBullPlayStreets,1789325400.694,0.1025,15260,15,0,45437068.7,141001504.7,4
CONT_s9_bola_RedBullPlayStreets,1789325400.796,0.1024,12208,12,0,45390693.5,136124555.2,4
CONT_s9_bola_RedBullPlayStreets,1789325400.899,0.1028,15260,15,0,44671296.1,131508616.1,4
CONT_s9_bola_RedBullPlayStreets,1789325401.001,0.1022,12208,12,0,44770457.0,136212214.1,4
CONT_s9_bola_RedBullPlayStreets,1789325401.103,0.1023,15208,14,0,46163290.3,141410832.3,4
CONT_s9_bola_RedBullPlayStreets,1789325401.206,0.1025,12260,13,0,46005760.8,135590628.2,4
CONT_s9_bola_RedBullPlayStreets,1789325401.308,0.1024,12208,12,0,46141352.7,136315774.0,4
CONT_s9_bola_RedBullPlayStreets,1789325401.411,0.1023,15260,15,0,45204261.1,131772365.7,4
CONT_s9_bola_RedBullPlayStreets,1789325401.513,0.1023,12208,12,0,45248373.2,136603251.4,4
CONT_s9_bola_RedBullPlayStreets,1789325401.615,0.1023,15260,15,0,46500790.3,141122927.5,4
CONT_s9_bola_RedBullPlayStreets,1789325401.718,0.1024,12208,12,0,46319513.0,136613755.6,4
CONT_s9_bola_RedBullPlayStreets,1789325401.82,0.1024,13237,14,0,45670800.3,121392011.2,4
CONT_s9_bola_RedBullPlayStreets,1789325401.922,0.1023,15260,15,0,45599509.1,101032848.2,4
CONT_s9_bola_RedBullPlayStreets,1789325402.025,0.1023,12208,12,0,45789443.3,124829413.7,4
CONT_s9_bola_RedBullPlayStreets,1789325402.127,0.1023,12208,12,0,45882430.2,136418962.5,4
CONT_s9_bola_RedBullPlayStreets,1789325402.229,0.1025,15260,15,0,44904688.1,131613616.8,4
CONT_s9_bola_RedBullPlayStreets,1789325402.332,0.1024,12208,12,0,45085822.2,136318838.9,4
CONT_s9_bola_RedBullPlayStreets,1789325402.434,0.1022,15260,15,0,46425108.3,140775160.1,4
CONT_s9_bola_RedBullPlayStreets,1789325402.536,0.1023,12208,12,0,46197699.3,136291086.0,4
CONT_s9_bola_RedBullPlayStreets,1789325402.639,0.1024,12208,12,0,46234479.5,136408390.0,4
CONT_s9_bola_RedBullPlayStreets,1789325402.743,0.104,15260,15,0,45308547.5,131826677.6,4
CONT_s9_bola_RedBullPlayStreets,1789325402.845,0.1025,12208,12,0,45257445.7,136489065.2,4
CONT_s9_bola_RedBullPlayStreets,1789325402.947,0.1023,15260,15,0,46448109.9,140779139.3,4
CONT_s9_bola_RedBullPlayStreets,1789325403.05,0.1022,12320,14,0,43248596.4,135994804.3,5
CONT_s9_bola_RedBullPlayStreets,1789325403.152,0.1025,12477,14,0,37234779.0,134335621.8,6
CONT_s9_bola_RedBullPlayStreets,1789325403.255,0.1028,15260,15,0,28354515.4,105465376.6,5
CONT_s9_bola_RedBullPlayStreets,1789325403.357,0.1025,12208,12,0,30999825.0,125339750.9,4
CONT_s9_bola_RedBullPlayStreets,1789325403.46,0.1025,15260,15,0,37348162.7,140953014.5,4
CONT_s9_bola_RedBullPlayStreets,1789325403.562,0.1024,12208,12,0,37029101.3,136497877.2,4
CONT_s9_bola_RedBullPlayStreets,1789325403.665,0.1031,12208,12,0,38783945.8,136251148.8,4
CONT_s9_bola_RedBullPlayStreets,1789325403.768,0.1027,15260,15,0,40437576.5,131772553.0,4
CONT_s9_bola_RedBullPlayStreets,1789325403.871,0.1025,12208,12,0,40314449.2,136307378.9,4
CONT_s9_bola_RedBullPlayStreets,1789325403.973,0.1025,15260,15,0,42030052.7,140901548.3,4
CONT_s9_bola_RedBullPlayStreets,1789325404.076,0.1024,12208,12,0,43244245.7,136343546.9,4
CONT_s9_bola_RedBullPlayStreets,1789325404.178,0.1026,15208,14,0,42795534.1,132191222.9,4
CONT_s9_bola_RedBullPlayStreets,1789325404.281,0.1026,14387,16,0,41373705.2,100604397.3,4
CONT_s9_bola_RedBullPlayStreets,1789325404.383,0.1025,12208,12,0,41836751.0,83020665.7,4
CONT_s9_bola_RedBullPlayStreets,1789325404.486,0.1024,12208,12,0,42620686.2,124985586.1,4
CONT_s9_bola_RedBullPlayStreets,1789325404.588,0.1024,15260,15,0,42041720.4,131737350.1,4
CONT_s9_bola_RedBullPlayStreets,1789325404.691,0.1026,12208,12,0,43044339.8,136342364.8,4
CONT_s9_bola_RedBullPlayStreets,1789325404.793,0.1026,15260,15,0,44985030.7,140802603.3,4
CONT_s9_bola_RedBullPlayStreets,1789325404.896,0.1024,12208,12,0,44762210.8,136372209.0,4
CONT_s9_bola_RedBullPlayStreets,1789325404.998,0.1024,12208,12,0,45001332.0,136305366.7,4
CONT_s9_bola_RedBullPlayStreets,1789325405.101,0.1024,15260,15,0,44428445.7,131760632.7,4
CONT_s9_bola_RedBullPlayStreets,1789325405.203,0.1027,12208,12,0,44413000.3,136506561.0,4
CONT_s9_bola_RedBullPlayStreets,1789325405.306,0.1026,15260,15,0,45668711.7,140940856.6,4
CONT_s9_bola_RedBullPlayStreets,1789325405.408,0.1024,12208,12,0,45706602.8,136330723.0,4
CONT_s9_bola_RedBullPlayStreets,1789325405.511,0.1024,12208,12,0,45806889.3,136293806.9,4
CONT_s9_bola_RedBullPlayStreets,1789325405.613,0.1024,15260,15,0,44842505.7,131821086.6,4
CONT_s9_bola_RedBullPlayStreets,1789325405.716,0.1027,12208,12,0,45006926.2,136079516.1,4
CONT_s9_bola_RedBullPlayStreets,1789325405.818,0.1026,15260,15,0,46338735.9,140791060.4,4
CONT_s9_bola_RedBullPlayStreets,1789325405.921,0.1024,12208,12,0,46126580.0,136298729.6,4
CONT_s9_bola_RedBullPlayStreets,1789325406.023,0.1024,12208,12,0,46165743.2,136210958.0,4
CONT_s9_bola_RedBullPlayStreets,1789325406.126,0.1025,15260,15,0,45223065.4,131771851.1,4
CONT_s9_bola_RedBullPlayStreets,1789325406.228,0.1026,14466,16,0,42726503.4,119955355.9,4
CONT_s9_bola_RedBullPlayStreets,1789325406.331,0.1026,14003,14,0,41608006.6,68624402.3,4
CONT_s9_bola_RedBullPlayStreets,1789325406.433,0.1024,12208,12,0,41957866.7,115908407.2,4
CONT_s9_bola_RedBullPlayStreets,1789325406.536,0.1024,15208,14,0,43847928.6,141397160.0,4
CONT_s9_bola_RedBullPlayStreets,1789325406.638,0.1028,12260,13,0,44000154.5,135970701.6,4
CONT_s9_bola_RedBullPlayStreets,1789325406.743,0.1045,12208,12,0,44647007.3,136586579.5,4
CONT_s9_bola_RedBullPlayStreets,1789325406.845,0.1027,15260,15,0,43888023.0,132046020.0,4
CONT_s9_bola_RedBullPlayStreets,1789325406.948,0.1024,12208,12,0,44324581.2,136612435.6,4
CONT_s9_bola_RedBullPlayStreets,1789325407.05,0.1024,15260,15,0,45870113.7,140998250.9,4
CONT_s9_bola_RedBullPlayStreets,1789325407.153,0.1027,12208,12,0,45688636.8,136277855.3,4
CONT_s9_bola_RedBullPlayStreets,1789325407.256,0.1027,12208,12,0,45799421.5,136228173.8,4
CONT_s9_bola_RedBullPlayStreets,1789325407.358,0.1026,15260,15,0,44963255.4,131813584.1,4
CONT_s9_bola_RedBullPlayStreets,1789325407.461,0.1024,12208,12,0,44962188.7,136343392.9,4
CONT_s9_bola_RedBullPlayStreets,1789325407.563,0.1024,15260,15,0,46182064.3,140804011.8,4
CONT_s9_bola_RedBullPlayStreets,1789325407.666,0.1027,12208,12,0,46093020.3,136443071.6,4
CONT_s9_bola_RedBullPlayStreets,1789325407.768,0.1026,15208,14,0,45103101.7,132257149.1,4
CONT_s9_bola_RedBullPlayStreets,1789325407.871,0.1026,12260,13,0,45172409.5,135795038.2,4
CONT_s9_bola_RedBullPlayStreets,1789325407.973,0.1025,12208,12,0,45186097.5,136252744.6,4
CONT_s9_bola_RedBullPlayStreets,1789325408.076,0.1025,15260,15,0,46434731.9,140944639.1,4
CONT_s9_bola_RedBullPlayStreets,1789325408.179,0.1027,1817410,1404,8,125383.3,2349015.4,4
CONT_s9_bola_RedBullPlayStreets,1789325408.285,0.106,384164,309,13,6631304.0,917313.7,2
CONT_s9_bola_RedBullPlayStreets,1789325408.387,0.1024,12360,14,5,10614378.4,103017946.1,2
CONT_s9_bola_RedBullPlayStreets,1789325408.489,0.1023,18260,17,0,7526305.6,68572552.5,2
CONT_s9_bola_RedBullPlayStreets,1789325408.592,0.1025,17256,23,2,11501646.0,89212710.8,2
CONT_s9_bola_RedBullPlayStreets,1789325408.694,0.1026,14076,18,9,8333729.5,79044969.3,2
CONT_s9_bola_RedBullPlayStreets,1789325408.797,0.1026,17192,22,11,13599369.0,111224601.6,2
CONT_s9_bola_RedBullPlayStreets,1789325408.899,0.1024,16760,16,0,9926146.6,61735888.5,2
CONT_s9_bola_RedBullPlayStreets,1789325409.002,0.1026,15488,18,0,11584657.8,111133334.6,2
CONT_s9_bola_RedBullPlayStreets,1789325409.104,0.1024,15412,17,2,11755900.3,53740892.3,2
CONT_s9_bola_RedBullPlayStreets,1789325409.207,0.1026,15706,16,0,10878988.8,10817669.6,3
CONT_s9_bola_RedBullPlayStreets,1789325409.31,0.1026,12512,16,0,11865032.0,124830144.5,2
CONT_s9_bola_RedBullPlayStreets,1789325409.412,0.1026,16784,16,3,72381059.4,101946226.4,4
CONT_s9_bola_RedBullPlayStreets,1789325409.515,0.1024,16530,15,0,64857141.3,89033165.0,4
CONT_s9_bola_RedBullPlayStreets,1789325409.617,0.1024,12104,10,0,55689920.2,73696542.3,2
CONT_s9_bola_RedBullPlayStreets,1789325409.72,0.1027,18156,15,0,40134579.0,78260772.0,2
CONT_s9_bola_RedBullPlayStreets,1789325409.822,0.1025,18156,15,0,31855239.6,78654199.8,2
CONT_s9_bola_RedBullPlayStreets,1789325409.925,0.1025,13656,12,0,29575561.0,67930493.8,2
CONT_s9_bola_RedBullPlayStreets,1789325410.027,0.1024,13656,12,0,26880665.5,88021569.6,2
CONT_s9_bola_RedBullPlayStreets,1789325410.131,0.1041,18788,17,0,23668358.8,89261404.4,2
CONT_s9_bola_RedBullPlayStreets,1789325410.234,0.1027,0,0,0,0,0,0
CONT_s9_bola_RedBullPlayStreets,1789325410.336,0.1026,0,0,0,0,0,0
CONT_s9_bola_RedBullPlayStreets,1789325410.439,0.1024,0,0,0,0,0,0
CONT_s9_bola_RedBullPlayStreets,1789325410.541,0.1024,0,0,0,0,0,0
CONT_s9_bola_RedBullPlayStreets,1789325410.644,0.1026,0,0,0,0,0,0
CONT_s9_bola_RedBullPlayStreets,1789325410.748,0.1043,0,0,0,0,0,0
CONT_s9_bola_RedBullPlayStreets,1789325410.851,0.1027,0,0,0,0,0,0
CONT_s9_bola_RedBullPlayStreets,1789325410.953,0.1024,0,0,0,0,0,0
CONT_s9_bola_RedBullPlayStreets,1789325411.056,0.1025,0,0,0,0,0,0
CONT_s9_bola_RedBullPlayStreets,1789325411.159,0.103,0,0,0,0,0,0
CONT_s9_bola_RedBullPlayStreets,1789325411.261,0.1026,0,0,0,0,0,0
CONT_s9_bola_RedBullPlayStreets,1789325411.364,0.1025,0,0,0,0,0,0
CONT_s9_bola_RedBullPlayStreets,1789325411.466,0.1024,0,0,0,0,0,0
CONT_s9_bola_RedBullPlayStreets,1789325411.569,0.1023,0,0,0,0,0,0
CONT_s9_bola_RedBullPlayStreets,1789325411.671,0.1027,0,0,0,0,0,0
CONT_s9_bola_RedBullPlayStreets,1789325411.774,0.1026,0,0,0,0,0,0
CONT_s9_bola_RedBullPlayStreets,1789325411.877,0.1025,92,2,0,171362153.0,2431527840.0,2
CONT_s9_bola_RedBullPlayStreets,1789325411.979,0.1026,0,0,0,0,0,0
CONT_s9_bola_RedBullPlayStreets,1789325412.082,0.1026,0,0,0,0,0,0
CONT_s9_bola_RedBullPlayStreets,1789325412.184,0.1025,0,0,0,0,0,0
CONT_s9_bola_RedBullPlayStreets,1789325412.287,0.1025,0,0,0,0,0,0
CONT_s9_bola_RedBullPlayStreets,1789325412.389,0.1025,0,0,0,0,0,0
CONT_s9_bola_RedBullPlayStreets,1789325412.492,0.1024,0,0,0,0,0,0
CONT_s9_bola_RedBullPlayStreets,1789325412.594,0.1024,0,0,0,0,0,0
CONT_s9_bola_RedBullPlayStreets,1789325412.697,0.1027,0,0,0,0,0,0
CONT_s9_bola_RedBullPlayStreets,1789325412.799,0.1026,0,0,0,0,0,0
CONT_s9_bola_RedBullPlayStreets,1789325412.902,0.1024,0,0,0,0,0,0
CONT_s9_bola_RedBullPlayStreets,1789325413.004,0.1025,0,0,0,0,0,0
CONT_s9_bola_RedBullPlayStreets,1789325413.107,0.1024,0,0,0,0,0,0
CONT_s9_bola_RedBullPlayStreets,1789325413.209,0.1027,15498,12,0,260856205.2,606576.9,2
CONT_s9_bola_RedBullPlayStreets,1789325413.312,0.1026,9052,7,0,194457779.9,57647938.8,2
CONT_s9_bola_RedBullPlayStreets,1789325413.414,0.1025,18104,14,0,120554183.0,118281377.2,2
CONT_s9_bola_RedBullPlayStreets,1789325413.517,0.1025,18104,14,0,83722388.7,118593853.1,2
CONT_s9_bola_RedBullPlayStreets,1789325413.619,0.1025,18104,14,0,64313966.0,118391366.5,2
CONT_s9_bola_RedBullPlayStreets,1789325413.722,0.1026,9052,7,0,58074793.9,118512490.1,2
CONT_s9_bola_RedBullPlayStreets,1789325413.825,0.1026,18104,14,0,49390508.1,118535095.2,2
CONT_s9_bola_RedBullPlayStreets,1789325413.927,0.1024,18104,14,0,43626489.4,118540490.1,2
CONT_s9_bola_RedBullPlayStreets,1789325414.03,0.1024,6190,6,0,44793550.0,99394483.4,2
CONT_s9_bola_RedBullPlayStreets,1789325414.133,0.1036,0,0,0,0,0,0
CONT_s9_bola_RedBullPlayStreets,1789325414.236,0.1025,0,0,0,0,0,0
CONT_s9_bola_RedBullPlayStreets,1789325414.338,0.1025,0,0,0,0,0,0
CONT_s9_bola_RedBullPlayStreets,1789325414.441,0.1024,0,0,0,0,0,0
CONT_s9_bola_RedBullPlayStreets,1789325414.543,0.1025,0,0,0,0,0,0
CONT_s9_bola_RedBullPlayStreets,1789325414.646,0.1027,0,0,0,0,0,0
CONT_s9_bola_RedBullPlayStreets,1789325414.75,0.1042,0,0,0,0,0,0
CONT_s9_bola_RedBullPlayStreets,1789325414.853,0.1027,0,0,0,0,0,0
CONT_s9_bola_RedBullPlayStreets,1789325414.955,0.1024,0,0,0,0,0,0
CONT_s9_bola_RedBullPlayStreets,1789325415.057,0.1025,0,0,0,0,0,0
CONT_s9_bola_RedBullPlayStreets,1789325415.16,0.1025,0,0,0,0,0,0
CONT_s9_bola_RedBullPlayStreets,1789325415.263,0.1026,0,0,0,0,0,0
CONT_s9_bola_RedBullPlayStreets,1789325415.365,0.1027,0,0,0,0,0,0
CONT_s9_bola_RedBullPlayStreets,1789325415.468,0.1025,0,0,0,0,0,0
CONT_s9_bola_RedBullPlayStreets,1789325415.57,0.1025,0,0,0,0,0,0
CONT_s9_bola_RedBullPlayStreets,1789325415.673,0.1026,0,0,0,0,0,0
CONT_s9_bola_RedBullPlayStreets,1789325415.776,0.1026,0,0,0,0,0,0
CONT_s9_bola_RedBullPlayStreets,1789325415.878,0.1025,0,0,0,0,0,0
CONT_s9_bola_RedBullPlayStreets,1789325415.98,0.1025,0,0,0,0,0,0
CONT_s9_bola_RedBullPlayStreets,1789325416.083,0.1025,0,0,0,0,0,0
CONT_s9_bola_RedBullPlayStreets,1789325416.186,0.1026,0,0,0,0,0,0
CONT_s9_bola_RedBullPlayStreets,1789325416.288,0.1026,0,0,0,0,0,0
CONT_s9_bola_RedBullPlayStreets,1789325416.391,0.1023,0,0,0,0,0,0
CONT_s9_bola_RedBullPlayStreets,1789325416.493,0.1024,0,0,0,0,0,0
CONT_s9_bola_RedBullPlayStreets,1789325416.595,0.1025,0,0,0,0,0,0
CONT_s9_bola_RedBullPlayStreets,1789325416.698,0.1026,0,0,0,0,0,0
CONT_s9_bola_RedBullPlayStreets,1789325416.801,0.1026,0,0,0,0,0,0
CONT_s9_bola_RedBullPlayStreets,1789325416.903,0.1024,0,0,0,0,0,0
CONT_s9_bola_RedBullPlayStreets,1789325417.005,0.1025,447,1,0,354217306.0,0,1
CONT_s9_bola_RedBullPlayStreets,1789325417.108,0.1025,27104,20,0,178747816.0,41260528.5,2
CONT_s9_bola_RedBullPlayStreets,1789325417.211,0.1027,12104,10,0,161959252.0,38585572.8,2
CONT_s9_bola_RedBullPlayStreets,1789325417.313,0.1026,15104,12,0,111994745.2,93712314.2,2
CONT_s9_bola_RedBullPlayStreets,1789325417.416,0.1024,22656,18,0,80347135.7,98749822.3,2
CONT_s9_bola_RedBullPlayStreets,1789325417.518,0.1024,9104,8,0,91520058.0,88517544.3,2
CONT_s9_bola_RedBullPlayStreets,1789325417.621,0.1025,18156,15,0,65371310.2,111579458.1,2
CONT_s9_bola_RedBullPlayStreets,1789325417.723,0.1027,18156,15,0,55633995.4,118184894.3,2
CONT_s9_bola_RedBullPlayStreets,1789325417.826,0.1026,6796,6,0,46915525.8,113290710.3,2
CONT_s9_bola_RedBullPlayStreets,1789325417.928,0.1025,0,0,0,0,0,0
CONT_s9_bola_RedBullPlayStreets,1789325418.031,0.1027,0,0,0,0,0,0
CONT_s9_bola_RedBullPlayStreets,1789325418.134,0.1032,0,0,0,0,0,0
CONT_s9_bola_RedBullPlayStreets,1789325418.237,0.1025,0,0,0,0,0,0
CONT_s9_bola_RedBullPlayStreets,1789325418.339,0.1026,0,0,0,0,0,0
CONT_s9_bola_RedBullPlayStreets,1789325418.442,0.1024,0,0,0,0,0,0
CONT_s9_bola_RedBullPlayStreets,1789325418.544,0.1025,0,0,0,0,0,0
CONT_s9_bola_RedBullPlayStreets,1789325418.647,0.1026,0,0,0,0,0,0
CONT_s9_bola_RedBullPlayStreets,1789325418.75,0.1033,0,0,0,0,0,0
CONT_s9_bola_RedBullPlayStreets,1789325418.853,0.1026,0,0,0,0,0,0
CONT_s9_bola_RedBullPlayStreets,1789325418.955,0.1024,0,0,0,0,0,0
CONT_s9_bola_RedBullPlayStreets,1789325419.058,0.1025,0,0,0,0,0,0
CONT_s9_bola_RedBullPlayStreets,1789325419.16,0.1026,0,0,0,0,0,0
CONT_s9_bola_RedBullPlayStreets,1789325419.263,0.1026,0,0,0,0,0,0
CONT_s9_bola_RedBullPlayStreets,1789325419.365,0.1025,0,0,0,0,0,0
CONT_s9_bola_RedBullPlayStreets,1789325419.468,0.1026,0,0,0,0,0,0
CONT_s9_bola_RedBullPlayStreets,1789325419.57,0.1024,0,0,0,0,0,0
CONT_s9_bola_RedBullPlayStreets,1789325419.673,0.1026,0,0,0,0,0,0
CONT_s9_bola_RedBullPlayStreets,1789325419.776,0.1026,0,0,0,0,0,0
CONT_s9_bola_RedBullPlayStreets,1789325419.878,0.1025,0,0,0,0,0,0
CONT_s9_bola_RedBullPlayStreets,1789325419.981,0.1025,0,0,0,0,0,0
CONT_s9_bola_RedBullPlayStreets,1789325420.083,0.1025,0,0,0,0,0,0
CONT_s9_bola_RedBullPlayStreets,1789325420.186,0.1026,0,0,0,0,0,0
CONT_s9_bola_RedBullPlayStreets,1789325420.288,0.1026,0,0,0,0,0,0
CONT_s9_bola_RedBullPlayStreets,1789325420.391,0.1024,0,0,0,0,0,0
CONT_s9_bola_RedBullPlayStreets,1789325420.493,0.1025,0,0,0,0,0,0
CONT_s9_bola_RedBullPlayStreets,1789325420.596,0.1025,0,0,0,0,0,0
CONT_s9_bola_RedBullPlayStreets,1789325420.698,0.1026,0,0,0,0,0,0
CONT_s9_bola_RedBullPlayStreets,1789325420.801,0.1026,0,0,0,0,0,0
CONT_s9_bola_RedBullPlayStreets,1789325420.903,0.1024,0,0,0,0,0,0
CONT_s9_bola_RedBullPlayStreets,1789325421.006,0.1025,0,0,0,0,0,0
CONT_s9_bola_RedBullPlayStreets,1789325421.108,0.1026,0,0,0,0,0,0
CONT_s9_bola_RedBullPlayStreets,1789325421.211,0.1026,0,0,0,0,0,0
CONT_s9_bola_RedBullPlayStreets,1789325421.314,0.1026,0,0,0,0,0,0
CONT_s9_bola_RedBullPlayStreets,1789325421.416,0.1027,24551,19,0,246695409.3,31175592.6,2
CONT_s9_bola_RedBullPlayStreets,1789325421.519,0.1025,9052,7,0,189163155.6,738551.0,2
CONT_s9_bola_RedBullPlayStreets,1789325421.621,0.1025,18104,14,0,126529914.6,118696738.1,2
CONT_s9_bola_RedBullPlayStreets,1789325421.724,0.1027,18104,14,0,93873871.6,118649685.1,2
CONT_s9_bola_RedBullPlayStreets,1789325421.826,0.1026,13604,11,0,90813875.0,103698532.9,2
CONT_s9_bola_RedBullPlayStreets,1789325421.929,0.1025,16604,13,0,69327316.6,138616925.2,2
CONT_s9_bola_RedBullPlayStreets,1789325422.031,0.1025,10552,8,0,56041791.9,138784518.4,2
CONT_s9_bola_RedBullPlayStreets,1789325422.135,0.1032,21104,16,0,49069612.5,138725567.2,2
CONT_s9_bola_RedBullPlayStreets,1789325422.237,0.1026,9249,8,0,45822346.0,129693863.1,2
CONT_s9_bola_RedBullPlayStreets,1789325422.34,0.1025,0,0,0,0,0,0
CONT_s9_bola_RedBullPlayStreets,1789325422.442,0.1024,0,0,0,0,0,0
CONT_s9_bola_RedBullPlayStreets,1789325422.545,0.1024,0,0,0,0,0,0
CONT_s9_bola_RedBullPlayStreets,1789325422.647,0.1026,0,0,0,0,0,0
CONT_s9_bola_RedBullPlayStreets,1789325422.751,0.1038,0,0,0,0,0,0
CONT_s9_bola_RedBullPlayStreets,1789325422.853,0.1024,0,0,0,0,0,0
CONT_s9_bola_RedBullPlayStreets,1789325422.956,0.1025,0,0,0,0,0,0
CONT_s9_bola_RedBullPlayStreets,1789325423.058,0.1025,0,0,0,0,0,0
CONT_s9_bola_RedBullPlayStreets,1789325423.161,0.1027,0,0,0,0,0,0
CONT_s9_bola_RedBullPlayStreets,1789325423.264,0.1026,0,0,0,0,0,0
CONT_s9_bola_RedBullPlayStreets,1789325423.366,0.1025,0,0,0,0,0,0
CONT_s9_bola_RedBullPlayStreets,1789325423.469,0.1024,0,0,0,0,0,0
CONT_s9_bola_RedBullPlayStreets,1789325423.571,0.1025,0,0,0,0,0,0
CONT_s9_bola_RedBullPlayStreets,1789325423.674,0.1026,0,0,0,0,0,0
CONT_s9_bola_RedBullPlayStreets,1789325423.776,0.1026,0,0,0,0,0,0
CONT_s9_bola_RedBullPlayStreets,1789325423.879,0.1025,0,0,0,0,0,0
CONT_s9_bola_RedBullPlayStreets,1789325423.981,0.1024,0,0,0,0,0,0
CONT_s9_bola_RedBullPlayStreets,1789325424.084,0.1025,0,0,0,0,0,0
CONT_s9_bola_RedBullPlayStreets,1789325424.186,0.1026,0,0,0,0,0,0
CONT_s9_bola_RedBullPlayStreets,1789325424.289,0.1025,0,0,0,0,0,0
CONT_s9_bola_RedBullPlayStreets,1789325424.391,0.1026,0,0,0,0,0,0
CONT_s9_bola_RedBullPlayStreets,1789325424.494,0.1024,0,0,0,0,0,0
CONT_s9_bola_RedBullPlayStreets,1789325424.596,0.1025,0,0,0,0,0,0
CONT_s9_bola_RedBullPlayStreets,1789325424.699,0.1026,0,0,0,0,0,0
CONT_s9_bola_RedBullPlayStreets,1789325424.801,0.1026,0,0,0,0,0,0
CONT_s9_bola_RedBullPlayStreets,1789325424.904,0.1025,0,0,0,0,0,0
CONT_s9_bola_RedBullPlayStreets,1789325425.006,0.1025,0,0,0,0,0,0
CONT_s9_bola_RedBullPlayStreets,1789325425.109,0.1025,0,0,0,0,0,0
CONT_s9_bola_RedBullPlayStreets,1789325425.212,0.1027,0,0,0,0,0,0
CONT_s9_bola_RedBullPlayStreets,1789325425.314,0.1026,15499,12,0,291351613.7,4272139.5,2
CONT_s9_bola_RedBullPlayStreets,1789325425.417,0.1025,18104,14,0,174255666.7,57882427.7,2
CONT_s9_bola_RedBullPlayStreets,1789325425.519,0.1025,13604,11,0,143301076.8,88605649.7,2
CONT_s9_bola_RedBullPlayStreets,1789325425.622,0.1025,15104,12,0,106359917.7,98339539.1,2
CONT_s9_bola_RedBullPlayStreets,1789325425.724,0.1028,21156,17,0,83402916.4,95273792.1,2
CONT_s9_bola_RedBullPlayStreets,1789325425.827,0.1026,16656,14,0,78506591.5,107973595.1,2
CONT_s9_bola_RedBullPlayStreets,1789325425.93,0.1025,12104,10,0,66694352.2,118062730.6,2
CONT_s9_bola_RedBullPlayStreets,1789325426.032,0.1025,15326,14,0,58949794.2,111752195.3,2
CONT_s9_bola_RedBullPlayStreets,1789325426.135,0.103,0,0,0,0,0,0
CONT_s9_bola_RedBullPlayStreets,1789325426.24,0.105,0,0,0,0,0,0
CONT_s9_bola_RedBullPlayStreets,1789325426.343,0.1027,0,0,0,0,0,0
CONT_s9_bola_RedBullPlayStreets,1789325426.445,0.1024,0,0,0,0,0,0
CONT_s9_bola_RedBullPlayStreets,1789325426.548,0.1025,0,0,0,0,0,0
CONT_s9_bola_RedBullPlayStreets,1789325426.65,0.1026,0,0,0,0,0,0
CONT_s9_bola_RedBullPlayStreets,1789325426.754,0.1036,0,0,0,0,0,0
CONT_s9_bola_RedBullPlayStreets,1789325426.856,0.1024,0,0,0,0,0,0
CONT_s9_bola_RedBullPlayStreets,1789325426.959,0.1024,0,0,0,0,0,0
CONT_s9_bola_RedBullPlayStreets,1789325427.061,0.1025,0,0,0,0,0,0
CONT_s9_bola_RedBullPlayStreets,1789325427.164,0.1025,0,0,0,0,0,0
CONT_s9_bola_RedBullPlayStreets,1789325427.266,0.1026,0,0,0,0,0,0
CONT_s9_bola_RedBullPlayStreets,1789325427.369,0.1025,0,0,0,0,0,0
CONT_s9_bola_RedBullPlayStreets,1789325427.471,0.1024,0,0,0,0,0,0
CONT_s9_bola_RedBullPlayStreets,1789325427.574,0.1025,0,0,0,0,0,0
CONT_s9_bola_RedBullPlayStreets,1789325427.676,0.1026,0,0,0,0,0,0
CONT_s9_bola_RedBullPlayStreets,1789325427.779,0.1025,0,0,0,0,0,0
CONT_s9_bola_RedBullPlayStreets,1789325427.881,0.1025,0,0,0,0,0,0
CONT_s9_bola_RedBullPlayStreets,1789325427.984,0.1024,0,0,0,0,0,0
CONT_s9_bola_RedBullPlayStreets,1789325428.086,0.1025,0,0,0,0,0,0
CONT_s9_bola_RedBullPlayStreets,1789325428.189,0.1026,0,0,0,0,0,0
CONT_s9_bola_RedBullPlayStreets,1789325428.291,0.1026,0,0,0,0,0,0
CONT_s9_bola_RedBullPlayStreets,1789325428.394,0.1024,0,0,0,0,0,0
CONT_s9_bola_RedBullPlayStreets,1789325428.496,0.1025,0,0,0,0,0,0
CONT_s9_bola_RedBullPlayStreets,1789325428.599,0.1024,0,0,0,0,0,0
CONT_s9_bola_RedBullPlayStreets,1789325428.701,0.1026,0,0,0,0,0,0
CONT_s9_bola_RedBullPlayStreets,1789325428.804,0.1026,0,0,0,0,0,0
CONT_s9_bola_RedBullPlayStreets,1789325428.906,0.1023,0,0,0,0,0,0
CONT_s9_bola_RedBullPlayStreets,1789325429.009,0.1024,0,0,0,0,0,0
CONT_s9_bola_RedBullPlayStreets,1789325429.111,0.1025,15499,12,0,285840140.7,601947.1,2
CONT_s9_bola_RedBullPlayStreets,1789325429.214,0.1026,18104,14,0,169617215.4,57527771.2,2
CONT_s9_bola_RedBullPlayStreets,1789325429.316,0.1027,9052,7,0,137966182.6,118198872.6,2
CONT_s9_bola_RedBullPlayStreets,1789325429.419,0.1025,18104,14,0,98952173.9,118683107.0,2
CONT_s9_bola_RedBullPlayStreets,1789325429.521,0.1025,18104,14,0,77663286.0,118402361.1,2
CONT_s9_bola_RedBullPlayStreets,1789325429.624,0.1025,10604,9,0,90554754.9,88180568.4,2
CONT_s9_bola_RedBullPlayStreets,1789325429.727,0.1026,21104,16,0,52962215.1,138481238.4,2
CONT_s9_bola_RedBullPlayStreets,1789325429.829,0.1027,10552,8,0,49488328.0,138811176.4,2
CONT_s9_bola_RedBullPlayStreets,1789325429.932,0.1029,21104,16,0,44207632.6,138427938.9,2
CONT_s9_bola_RedBullPlayStreets,1789325430.035,0.1026,9052,7,0,45881479.9,128764977.8,2
CONT_s9_bola_RedBullPlayStreets,1789325430.137,0.1026,18144,15,0,50149845.8,119043148.8,2
CONT_s9_bola_RedBullPlayStreets,1789325430.241,0.1039,10552,8,0,36796653.5,66260519.0,2
CONT_s9_bola_RedBullPlayStreets,1789325430.344,0.1027,21104,16,0,34018971.9,138235503.7,2
CONT_s9_bola_RedBullPlayStreets,1789325430.446,0.1024,10552,8,0,32785654.4,138209008.5,2
CONT_s9_bola_RedBullPlayStreets,1789325430.549,0.1025,21104,16,0,30573033.1,138668057.2,2
CONT_s9_bola_RedBullPlayStreets,1789325430.651,0.1025,10552,8,0,29583231.9,138569650.2,2
CONT_s9_bola_RedBullPlayStreets,1789325430.754,0.1027,22656,18,0,31238168.0,123287853.7,2
CONT_s9_bola_RedBullPlayStreets,1789325430.857,0.1026,12104,10,0,31925800.6,78586038.5,2
CONT_s9_bola_RedBullPlayStreets,1789325430.959,0.1025,15104,12,0,27967313.0,93209865.1,2
CONT_s9_bola_RedBullPlayStreets,1789325431.062,0.1026,15104,12,0,26419564.3,98300340.7,2
CONT_s9_bola_RedBullPlayStreets,1789325431.164,0.1026,20913,18,0,26702643.6,73720896.7,2
CONT_s9_bola_RedBullPlayStreets,1789325431.267,0.1025,15104,12,0,23469119.5,98484118.1,2
CONT_s9_bola_RedBullPlayStreets,1789325431.37,0.1026,15104,12,0,22499693.7,98666599.6,2
CONT_s9_bola_RedBullPlayStreets,1789325431.472,0.1025,15104,12,0,21631557.7,98399665.6,2
CONT_s9_bola_RedBullPlayStreets,1789325431.575,0.1025,15104,12,0,20854046.7,98399358.3,2
CONT_s9_bola_RedBullPlayStreets,1789325431.678,0.103,15104,12,0,20166043.7,98654902.1,2
CONT_s9_bola_RedBullPlayStreets,1789325431.78,0.1026,15104,12,0,19557471.3,98614159.8,2
CONT_s9_bola_RedBullPlayStreets,1789325431.883,0.1026,15104,12,0,19019855.8,98818186.8,2
CONT_s9_bola_RedBullPlayStreets,1789325431.985,0.1026,15104,12,0,18541769.0,98772236.9,2
CONT_s9_bola_RedBullPlayStreets,1789325432.093,0.1073,15104,12,0,18125463.7,98753449.7,2
CONT_s9_bola_RedBullPlayStreets,1789325432.195,0.1025,15104,12,0,17767795.8,98712514.2,2
CONT_s9_bola_RedBullPlayStreets,1789325432.298,0.1027,15104,12,0,17457677.5,98357581.4,2
CONT_s9_bola_RedBullPlayStreets,1789325432.4,0.1025,15104,12,0,17171685.5,98255505.4,2
CONT_s9_bola_RedBullPlayStreets,1789325432.503,0.1024,15104,12,0,16938253.7,98605057.5,2
CONT_s9_bola_RedBullPlayStreets,1789325432.606,0.1027,15104,12,0,16712627.8,98201503.3,2
CONT_s9_bola_RedBullPlayStreets,1789325432.708,0.1027,15104,12,0,16522716.8,98389335.0,2
CONT_s9_bola_RedBullPlayStreets,1789325432.811,0.1026,15104,12,0,16354740.2,98414257.4,2
CONT_s9_bola_RedBullPlayStreets,1789325432.913,0.1025,22656,18,0,16136222.5,98497837.2,2
CONT_s9_bola_RedBullPlayStreets,1789325433.016,0.1026,15104,12,0,16016039.0,98336287.4,2
CONT_s9_bola_RedBullPlayStreets,1789325433.118,0.1025,15104,12,0,15913787.0,98428885.7,2
CONT_s9_bola_RedBullPlayStreets,1789325433.221,0.1027,15104,12,0,15814172.0,98475060.7,2
CONT_s9_bola_RedBullPlayStreets,1789325433.324,0.1026,15104,12,0,15732505.2,98495820.7,2
CONT_s9_bola_RedBullPlayStreets,1789325433.426,0.1024,15104,12,0,15676180.3,98313509.3,2
CONT_s9_bola_RedBullPlayStreets,1789325433.528,0.1025,15104,12,0,15617992.0,98706835.3,2
CONT_s9_bola_RedBullPlayStreets,1789325433.633,0.1044,15104,12,0,15580344.8,98300019.4,2
CONT_s9_bola_RedBullPlayStreets,1789325433.735,0.1026,15104,12,0,15528755.3,98277349.5,2
CONT_s9_bola_RedBullPlayStreets,1789325433.838,0.1026,15104,12,0,15479591.0,98258317.5,2
CONT_s9_bola_RedBullPlayStreets,1789325433.94,0.1024,15104,12,0,15430663.0,98210709.0,2
CONT_s9_bola_RedBullPlayStreets,1789325434.043,0.1025,15104,12,0,15409635.5,98660147.6,2
CONT_s9_bola_RedBullPlayStreets,1789325434.146,0.1026,15104,12,0,15379329.5,98236717.0,2
CONT_s9_bola_RedBullPlayStreets,1789325434.25,0.1041,17694,16,0,14964002.5,66669186.9,2
CONT_s9_bola_RedBullPlayStreets,1789325434.352,0.1027,15104,12,0,15932299.8,98435328.4,2
CONT_s9_bola_RedBullPlayStreets,1789325434.455,0.1024,15104,12,0,15885419.8,98566879.5,2
CONT_s9_bola_RedBullPlayStreets,1789325434.557,0.1025,15104,12,0,15824288.5,98458714.4,2
CONT_s9_bola_RedBullPlayStreets,1789325434.66,0.1025,15104,12,0,15752749.2,98741067.6,2
CONT_s9_bola_RedBullPlayStreets,1789325434.762,0.1025,15104,12,0,15693607.7,98573831.1,2
CONT_s9_bola_RedBullPlayStreets,1789325434.865,0.1026,15104,12,0,15625673.0,98626172.8,2
CONT_s9_bola_RedBullPlayStreets,1789325434.968,0.1027,15104,12,0,15563595.0,98411075.6,2
CONT_s9_bola_RedBullPlayStreets,1789325435.07,0.1025,15104,12,0,15513169.0,98535405.0,2
CONT_s9_bola_RedBullPlayStreets,1789325435.173,0.1027,15104,12,0,15465292.3,98719767.9,2
CONT_s9_bola_RedBullPlayStreets,1789325435.275,0.1026,15104,12,0,15417418.0,98322395.4,2
CONT_s9_bola_RedBullPlayStreets,1789325435.378,0.1024,22656,18,0,15377248.8,98372326.7,2
CONT_s9_bola_RedBullPlayStreets,1789325435.48,0.1026,15104,12,0,15346369.2,98497580.7,2
CONT_s9_bola_RedBullPlayStreets,1789325435.583,0.1025,15104,12,0,15315327.0,98617990.9,2
CONT_s9_bola_RedBullPlayStreets,1789325435.685,0.1026,15104,12,0,15288906.5,98459546.0,2
CONT_s9_bola_RedBullPlayStreets,1789325435.788,0.1026,15104,12,0,15262489.2,98457940.0,2
CONT_s9_bola_RedBullPlayStreets,1789325435.89,0.1024,15104,12,0,15244599.2,98785734.5,2
CONT_s9_bola_RedBullPlayStreets,1789325435.993,0.1025,15104,12,0,15232145.5,98524018.5,2
CONT_s9_bola_RedBullPlayStreets,1789325436.095,0.1025,15104,12,0,15215206.7,98622260.2,2
CONT_s9_bola_RedBullPlayStreets,1789325436.198,0.1025,15104,12,0,15201110.0,98545538.6,2
CONT_s9_bola_RedBullPlayStreets,1789325436.301,0.1026,15104,12,0,15198727.8,98612478.5,2
CONT_s9_bola_RedBullPlayStreets,1789325436.403,0.1025,15104,12,0,15187328.5,98533651.3,2
CONT_s9_bola_RedBullPlayStreets,1789325436.505,0.1025,15104,12,0,15182036.5,98622315.6,2
CONT_s9_bola_RedBullPlayStreets,1789325436.608,0.1025,15104,12,0,15172319.7,98618225.8,2
CONT_s9_bola_RedBullPlayStreets,1789325436.711,0.1027,15104,12,0,15163176.2,98685243.1,2
CONT_s9_bola_RedBullPlayStreets,1789325436.813,0.1026,15104,12,0,15154894.0,98639492.2,2
CONT_s9_bola_RedBullPlayStreets,1789325436.916,0.1024,15104,12,0,15148133.3,98806234.9,2
CONT_s9_bola_RedBullPlayStreets,1789325437.018,0.1025,15104,12,0,15140643.3,98749641.6,2
CONT_s9_bola_RedBullPlayStreets,1789325437.121,0.1025,15104,12,0,15134137.8,98764323.0,2
CONT_s9_bola_RedBullPlayStreets,1789325437.223,0.1027,15104,12,0,15125728.0,98651814.3,2
CONT_s9_bola_RedBullPlayStreets,1789325437.326,0.1026,18529,16,0,15047610.2,68999708.0,2
CONT_s9_bola_RedBullPlayStreets,1789325437.428,0.1024,15104,12,0,15984540.0,98494854.5,2
CONT_s9_bola_RedBullPlayStreets,1789325437.531,0.1025,15104,12,0,15871502.0,98554822.8,2
CONT_s9_bola_RedBullPlayStreets,1789325437.634,0.1034,15104,12,0,15764542.5,98498209.8,2
CONT_s9_bola_RedBullPlayStreets,1789325437.737,0.1026,15104,12,0,15681260.2,98762216.8,2
CONT_s9_bola_RedBullPlayStreets,1789325437.839,0.1026,15104,12,0,15608409.7,98604140.3,2
CONT_s9_bola_RedBullPlayStreets,1789325437.942,0.1025,15104,12,0,15546160.5,98589768.9,2
CONT_s9_bola_RedBullPlayStreets,1789325438.044,0.1025,15104,12,0,15489688.5,98694878.8,2
CONT_s9_bola_RedBullPlayStreets,1789325438.147,0.1025,22656,18,0,15425544.5,98535002.2,2
CONT_s9_bola_RedBullPlayStreets,1789325438.251,0.104,15104,12,0,15386799.5,98708508.9,2
CONT_s9_bola_RedBullPlayStreets,1789325438.354,0.1026,15104,12,0,15355900.5,98547917.9,2
CONT_s9_bola_RedBullPlayStreets,1789325438.456,0.1025,15104,12,0,15325931.0,98566360.3,2
CONT_s9_bola_RedBullPlayStreets,1789325438.559,0.1024,15104,12,0,15297977.7,98632643.9,2
CONT_s9_bola_RedBullPlayStreets,1789325438.661,0.1026,15104,12,0,15275954.5,98556761.5,2
CONT_s9_bola_RedBullPlayStreets,1789325438.764,0.1026,15104,12,0,15258593.7,98508388.2,2
CONT_s9_bola_RedBullPlayStreets,1789325438.866,0.1025,15104,12,0,15240076.7,98815471.4,2
CONT_s9_bola_RedBullPlayStreets,1789325438.969,0.1025,15104,12,0,15220940.8,98694171.2,2
CONT_s9_bola_RedBullPlayStreets,1789325439.071,0.1024,15104,12,0,15206820.3,98617643.9,2
CONT_s9_bola_RedBullPlayStreets,1789325439.174,0.1027,15104,12,0,15190720.0,98669686.1,2
CONT_s9_bola_RedBullPlayStreets,1789325439.276,0.1026,15104,12,0,15176619.8,98597608.7,2
CONT_s9_bola_RedBullPlayStreets,1789325439.379,0.1024,15104,12,0,15168854.7,98553106.6,2
CONT_s9_bola_RedBullPlayStreets,1789325439.481,0.1025,15104,12,0,15163494.7,98646753.2,2
CONT_s9_bola_RedBullPlayStreets,1789325439.584,0.1025,15104,12,0,15165559.8,98676393.2,2
CONT_s9_bola_RedBullPlayStreets,1789325439.687,0.1026,15104,12,0,15162442.3,98464317.6,2
CONT_s9_bola_RedBullPlayStreets,1789325439.789,0.1026,15104,12,0,15159336.7,98681802.2,2
CONT_s9_bola_RedBullPlayStreets,1789325439.892,0.1025,15104,12,0,15154472.8,98587546.2,2
CONT_s9_bola_RedBullPlayStreets,1789325439.994,0.1025,15104,12,0,15150569.0,98609209.3,2
CONT_s9_bola_RedBullPlayStreets,1789325440.097,0.1026,22656,18,0,15140311.0,98327493.7,2
CONT_s9_bola_RedBullPlayStreets,1789325440.199,0.1026,15104,12,0,15133610.5,98338526.7,2
CONT_s9_bola_RedBullPlayStreets,1789325440.302,0.1026,15327,13,0,14545152.2,95009283.4,2
CONT_s9_bola_RedBullPlayStreets,1789325440.404,0.1024,15104,12,0,15933801.0,44898824.5,2
CONT_s9_bola_RedBullPlayStreets,1789325440.507,0.1026,15104,12,0,15859094.5,98004952.2,2
CONT_s9_bola_RedBullPlayStreets,1789325440.609,0.1025,15104,12,0,15774811.8,98514061.6,2
CONT_s9_bola_RedBullPlayStreets,1789325440.712,0.1027,15104,12,0,15712384.0,98568264.1,2
CONT_s9_bola_RedBullPlayStreets,1789325440.815,0.1026,15104,12,0,15650206.8,98202449.5,2
CONT_s9_bola_RedBullPlayStreets,1789325440.917,0.1025,15104,12,0,15597677.3,98341156.6,2
CONT_s9_bola_RedBullPlayStreets,1789325441.02,0.1025,15104,12,0,15540235.5,98474330.2,2
CONT_s9_bola_RedBullPlayStreets,1789325441.122,0.1025,15104,12,0,15487067.5,98478605.8,2
CONT_s9_bola_RedBullPlayStreets,1789325441.225,0.1027,15104,12,0,15443529.2,98133906.5,2
CONT_s9_bola_RedBullPlayStreets,1789325441.328,0.1026,15104,12,0,15406608.2,98459300.5,2
CONT_s9_bola_RedBullPlayStreets,1789325441.43,0.1025,15104,12,0,15372791.2,98350851.6,2
CONT_s9_bola_RedBullPlayStreets,1789325441.533,0.1025,15104,12,0,15345659.5,98386322.1,2
CONT_s9_bola_RedBullPlayStreets,1789325441.635,0.1027,15104,12,0,15314875.8,98277785.0,2
CONT_s9_bola_RedBullPlayStreets,1789325441.738,0.1025,15104,12,0,15289697.3,98302872.3,2
CONT_s9_bola_RedBullPlayStreets,1789325441.84,0.1026,15104,12,0,15284191.3,98677570.9,2
CONT_s9_bola_RedBullPlayStreets,1789325441.943,0.1029,15104,12,0,15266251.0,98478622.7,2
CONT_s9_bola_RedBullPlayStreets,1789325442.046,0.1025,22656,18,0,15234765.8,98771796.8,2
CONT_s9_bola_RedBullPlayStreets,1789325442.148,0.1027,15104,12,0,15221958.2,98800439.3,2
CONT_s9_bola_RedBullPlayStreets,1789325442.252,0.1037,15104,12,0,15202010.7,98710807.1,2
CONT_s9_bola_RedBullPlayStreets,1789325442.354,0.1024,15104,12,0,15197216.2,98516690.3,2
CONT_s9_bola_RedBullPlayStreets,1789325442.457,0.1025,15104,12,0,15198688.5,98411850.0,2
CONT_s9_bola_RedBullPlayStreets,1789325442.559,0.1024,15104,12,0,15185703.3,98682534.2,2
CONT_s9_bola_RedBullPlayStreets,1789325442.662,0.1027,15104,12,0,15179052.8,98196527.0,2
CONT_s9_bola_RedBullPlayStreets,1789325442.764,0.1026,15104,12,0,15175713.3,98541890.1,2
CONT_s9_bola_RedBullPlayStreets,1789325442.867,0.1025,15104,12,0,15179930.0,98299125.3,2
CONT_s9_bola_RedBullPlayStreets,1789325442.969,0.1025,15104,12,0,15180794.2,98430598.5,2
CONT_s9_bola_RedBullPlayStreets,1789325443.072,0.1025,15104,12,0,15177467.3,98213375.2,2
CONT_s9_bola_RedBullPlayStreets,1789325443.175,0.1026,15104,12,0,15185391.3,98354081.1,2
CONT_s9_bola_RedBullPlayStreets,1789325443.277,0.1026,15104,12,0,15174943.5,98493908.7,2
CONT_s9_bola_RedBullPlayStreets,1789325443.38,0.1024,17710,16,0,14014774.0,84084954.4,2
CONT_s9_bola_RedBullPlayStreets,1789325443.482,0.1025,15104,12,0,15796459.5,45520315.8,2
CONT_s9_bola_RedBullPlayStreets,1789325443.584,0.1025,15104,12,0,15782392.2,98152921.3,2
CONT_s9_bola_RedBullPlayStreets,1789325443.687,0.1026,15104,12,0,15748649.5,98154480.7,2
CONT_s9_bola_RedBullPlayStreets,1789325443.79,0.1026,15104,12,0,15690356.7,98715102.2,2
CONT_s9_bola_RedBullPlayStreets,1789325443.892,0.1024,15104,12,0,15638253.7,98377038.6,2
CONT_s9_bola_RedBullPlayStreets,1789325443.994,0.1025,15104,12,0,15578833.3,98679166.6,2
CONT_s9_bola_RedBullPlayStreets,1789325444.097,0.1025,15104,12,0,15527709.5,98506962.7,2
CONT_s9_bola_RedBullPlayStreets,1789325444.2,0.1026,15104,12,0,15488568.3,98609203.2,2
CONT_s9_bola_RedBullPlayStreets,1789325444.302,0.1026,15104,12,0,15443341.8,98143317.3,2
CONT_s9_bola_RedBullPlayStreets,1789325444.405,0.1025,15104,12,0,15408741.7,98382933.1,2
CONT_s9_bola_RedBullPlayStreets,1789325444.507,0.1025,15104,12,0,15381882.5,98427171.9,2
CONT_s9_bola_RedBullPlayStreets,1789325444.61,0.1026,22604,17,0,16153511.8,98901918.5,2
CONT_s9_bola_RedBullPlayStreets,1789325444.712,0.1027,15156,13,0,14236898.6,97801363.8,2
CONT_s9_bola_RedBullPlayStreets,1789325444.815,0.1026,15104,12,0,15280067.3,98152971.7,2
CONT_s9_bola_RedBullPlayStreets,1789325444.917,0.1024,15104,12,0,15274033.0,98532287.9,2
CONT_s9_bola_RedBullPlayStreets,1789325445.02,0.1025,15104,12,0,15259050.5,98329411.9,2
CONT_s9_bola_RedBullPlayStreets,1789325445.122,0.1025,15104,12,0,15247673.5,98232739.7,2
CONT_s9_bola_RedBullPlayStreets,1789325445.225,0.1027,15164,13,0,14064379.7,98473425.6,3
CONT_s9_bola_RedBullPlayStreets,1789325445.328,0.1028,15437,15,0,12688574.9,97057751.3,4
CONT_s9_bola_RedBullPlayStreets,1789325445.43,0.1027,13708,13,0,11822457.2,87484085.0,4
CONT_s9_bola_RedBullPlayStreets,1789325445.533,0.1029,18156,15,0,18754620.1,137986931.3,4
CONT_s9_bola_RedBullPlayStreets,1789325445.637,0.1037,10604,9,0,21506708.7,143777750.6,4
CONT_s9_bola_RedBullPlayStreets,1789325445.74,0.1027,21208,18,0,25886851.0,157891355.8,4
CONT_s9_bola_RedBullPlayStreets,1789325445.843,0.1028,13656,12,0,30700130.9,168600067.6,4
CONT_s9_bola_RedBullPlayStreets,1789325445.945,0.1027,18156,15,0,27521157.4,158067771.9,4
CONT_s9_bola_RedBullPlayStreets,1789325446.048,0.1027,10604,9,0,31971472.7,143705463.1,4
CONT_s9_bola_RedBullPlayStreets,1789325446.151,0.1028,21208,18,0,34121229.0,157919414.1,4
CONT_s9_bola_RedBullPlayStreets,1789325446.255,0.1037,13656,12,0,39815412.8,168566878.7,4
CONT_s9_bola_RedBullPlayStreets,1789325446.357,0.1028,15104,12,0,24099729.8,138425668.7,2
CONT_s9_bola_RedBullPlayStreets,1789325446.46,0.1027,13656,12,0,42853134.5,168593260.6,4
CONT_s9_bola_RedBullPlayStreets,1789325446.563,0.1026,13656,12,0,43444908.2,168624823.5,4
CONT_s9_bola_RedBullPlayStreets,1789325446.665,0.1028,21208,18,0,38100047.0,157623612.5,4
CONT_s9_bola_RedBullPlayStreets,1789325446.768,0.1027,15104,12,0,25001081.8,138389059.7,2
CONT_s9_bola_RedBullPlayStreets,1789325446.871,0.1027,13656,12,0,46921987.7,168280665.8,4
CONT_s9_bola_RedBullPlayStreets,1789325446.974,0.1028,13656,12,0,46839906.7,168057641.5,4
CONT_s9_bola_RedBullPlayStreets,1789325447.076,0.1027,15007,15,0,42514930.5,131321165.2,4
CONT_s9_bola_RedBullPlayStreets,1789325447.179,0.1028,21208,18,0,39904319.9,113928811.1,4
CONT_s9_bola_RedBullPlayStreets,1789325447.282,0.1028,15104,12,0,26318805.7,138448655.6,2
CONT_s9_bola_RedBullPlayStreets,1789325447.384,0.1026,13656,12,0,48482456.6,168377072.7,4
CONT_s9_bola_RedBullPlayStreets,1789325447.487,0.1026,13656,12,0,48227445.0,168399477.2,4
CONT_s9_bola_RedBullPlayStreets,1789325447.59,0.1027,18156,15,0,36086709.3,157731556.1,4
CONT_s9_bola_RedBullPlayStreets,1789325447.693,0.1027,10604,9,0,42622578.4,143527739.5,4
CONT_s9_bola_RedBullPlayStreets,1789325447.795,0.1028,21208,18,0,42971709.0,157666848.0,4
CONT_s9_bola_RedBullPlayStreets,1789325447.898,0.1026,13656,12,0,49750243.1,168325892.5,4
CONT_s9_bola_RedBullPlayStreets,1789325448.001,0.1027,18156,15,0,36702358.7,157741772.2,4
CONT_s9_bola_RedBullPlayStreets,1789325448.103,0.1028,10604,9,0,43516424.8,143619370.8,4
CONT_s9_bola_RedBullPlayStreets,1789325448.206,0.1028,21156,17,0,44049578.4,157953220.7,4
CONT_s9_bola_RedBullPlayStreets,1789325448.309,0.1028,13708,13,0,49715202.2,167625412.2,4
CONT_s9_bola_RedBullPlayStreets,1789325448.412,0.1028,15104,12,0,26540600.8,138420688.3,2
CONT_s9_bola_RedBullPlayStreets,1789325448.514,0.1026,13656,12,0,51869480.0,168606541.0,4
CONT_s9_bola_RedBullPlayStreets,1789325448.617,0.1028,13656,12,0,51086322.0,168550205.3,4
CONT_s9_bola_RedBullPlayStreets,1789325448.72,0.1028,21208,18,0,43041449.9,157450660.0,4
CONT_s9_bola_RedBullPlayStreets,1789325448.823,0.1027,15104,12,0,26617782.0,138125058.6,2
CONT_s9_bola_RedBullPlayStreets,1789325448.925,0.1026,13656,12,0,52375837.8,168333534.0,4
CONT_s9_bola_RedBullPlayStreets,1789325449.028,0.1027,13656,12,0,51532748.8,168440500.0,4
CONT_s9_bola_RedBullPlayStreets,1789325449.133,0.1047,18156,15,0,37493442.8,157943106.5,4
CONT_s9_bola_RedBullPlayStreets,1789325449.235,0.1027,10604,9,0,44611623.6,143442225.2,4
CONT_s9_bola_RedBullPlayStreets,1789325449.338,0.1027,21208,18,0,44672681.7,157616136.6,4
CONT_s9_bola_RedBullPlayStreets,1789325449.441,0.1027,13656,12,0,51820704.5,168144674.5,4
CONT_s9_bola_RedBullPlayStreets,1789325449.544,0.1027,18156,15,0,37632834.2,157821675.6,4
CONT_s9_bola_RedBullPlayStreets,1789325449.646,0.1028,10604,9,0,44800302.1,143121544.6,4
CONT_s9_bola_RedBullPlayStreets,1789325449.751,0.1049,21208,18,0,44841287.6,157613944.5,4
CONT_s9_bola_RedBullPlayStreets,1789325449.854,0.1027,13656,12,0,52027353.7,168345965.0,4
CONT_s9_bola_RedBullPlayStreets,1789325449.957,0.1027,18104,14,0,33390120.6,158365338.5,3
CONT_s9_bola_RedBullPlayStreets,1789325450.06,0.1028,10656,10,0,50297475.4,142701264.3,4
CONT_s9_bola_RedBullPlayStreets,1789325450.162,0.1028,13656,12,0,52092869.5,168606869.8,4
CONT_s9_bola_RedBullPlayStreets,1789325450.265,0.1027,21208,18,0,43687311.0,157702136.1,4
CONT_s9_bola_RedBullPlayStreets,1789325450.368,0.1027,15104,12,0,26796371.0,138115563.3,2
CONT_s9_bola_RedBullPlayStreets,1789325450.47,0.1027,13656,12,0,53126836.8,168367455.0,4
CONT_s9_bola_RedBullPlayStreets,1789325450.573,0.1026,13656,12,0,52173769.9,168333426.8,4
CONT_s9_bola_RedBullPlayStreets,1789325450.676,0.1027,18156,15,0,37804617.0,157939155.6,4
CONT_s9_bola_RedBullPlayStreets,1789325450.779,0.1028,18156,15,0,36944622.3,141413028.7,4
CONT_s9_bola_RedBullPlayStreets,1789325450.881,0.1026,13708,13,0,55569276.9,167785239.8,4
CONT_s9_bola_RedBullPlayStreets,1789325450.984,0.1027,13644,12,0,47477978.9,159707932.5,4
CONT_s9_bola_RedBullPlayStreets,1789325451.087,0.1027,18104,14,0,32930053.7,138912493.2,3
CONT_s9_bola_RedBullPlayStreets,1789325451.189,0.1027,15104,12,0,25206512.3,118378145.0,2
CONT_s9_bola_RedBullPlayStreets,1789325451.292,0.1027,15104,12,0,22966507.8,98346940.8,2
CONT_s9_bola_RedBullPlayStreets,1789325451.395,0.1025,15104,12,0,21407366.0,92529197.7,2
CONT_s9_bola_RedBullPlayStreets,1789325451.497,0.1027,15794,15,0,20275975.9,79842645.8,2
CONT_s9_bola_RedBullPlayStreets,1789325451.6,0.1027,15104,12,0,19330759.2,46168662.3,2
CONT_s9_bola_RedBullPlayStreets,1789325451.703,0.1028,15104,12,0,18894847.5,98698491.4,2
CONT_s9_bola_RedBullPlayStreets,1789325451.806,0.1027,15104,12,0,18473075.0,98750002.9,2
CONT_s9_bola_RedBullPlayStreets,1789325451.908,0.1027,15104,12,0,18084060.7,98796228.0,2
CONT_s9_bola_RedBullPlayStreets,1789325452.011,0.1026,15104,12,0,17730803.7,98790754.1,2
CONT_s9_bola_RedBullPlayStreets,1789325452.114,0.1027,15104,12,0,17413782.7,98818379.7,2
CONT_s9_bola_RedBullPlayStreets,1789325452.217,0.1033,15104,12,0,17134566.3,98744561.7,2
CONT_s9_bola_RedBullPlayStreets,1789325452.32,0.1028,15104,12,0,16888532.0,98806763.3,2
CONT_s9_bola_RedBullPlayStreets,1789325452.422,0.1026,15104,12,0,16675256.5,98642648.2,2
CONT_s9_bola_RedBullPlayStreets,1789325452.525,0.1026,15104,12,0,16486881.0,98509347.7,2
CONT_s9_bola_RedBullPlayStreets,1789325452.628,0.1027,15104,12,0,16313881.3,98346311.3,2
CONT_s9_bola_RedBullPlayStreets,1789325452.731,0.1038,22656,18,0,16099130.0,98422929.6,2
CONT_s9_bola_RedBullPlayStreets,1789325452.834,0.1027,15104,12,0,15979152.3,98494423.4,2
CONT_s9_bola_RedBullPlayStreets,1789325452.937,0.1026,15104,12,0,15871365.2,98442134.2,2
CONT_s9_bola_RedBullPlayStreets,1789325453.039,0.1027,15104,12,0,15784454.3,98698827.9,2
CONT_s9_bola_RedBullPlayStreets,1789325453.142,0.1028,15104,12,0,15698018.7,98419977.5,2
CONT_s9_bola_RedBullPlayStreets,1789325453.246,0.1042,15104,12,0,15623789.8,98102254.1,2
CONT_s9_bola_RedBullPlayStreets,1789325453.349,0.1028,15104,12,0,15575647.5,97945236.0,2
CONT_s9_bola_RedBullPlayStreets,1789325453.452,0.1026,15104,12,0,15523215.7,98783537.2,2
CONT_s9_bola_RedBullPlayStreets,1789325453.555,0.1027,15104,12,0,15474606.3,98518607.6,2
CONT_s9_bola_RedBullPlayStreets,1789325453.657,0.1028,15104,12,0,15436640.3,98247703.8,2
CONT_s9_bola_RedBullPlayStreets,1789325453.76,0.1027,15104,12,0,15399227.7,98488655.3,2
CONT_s9_bola_RedBullPlayStreets,1789325453.863,0.1026,15104,12,0,15378344.2,98277956.4,2
CONT_s9_bola_RedBullPlayStreets,1789325453.965,0.1027,15104,12,0,15345738.5,98780474.6,2
CONT_s9_bola_RedBullPlayStreets,1789325454.068,0.1027,15104,12,0,15321386.5,98593345.0,2
CONT_s9_bola_RedBullPlayStreets,1789325454.171,0.1028,15104,12,0,15292325.8,98454628.2,2
CONT_s9_bola_RedBullPlayStreets,1789325454.274,0.1027,15104,12,0,15269703.8,98371466.3,2
CONT_s9_bola_RedBullPlayStreets,1789325454.376,0.1027,15104,12,0,15252450.2,98423022.9,2
CONT_s9_bola_RedBullPlayStreets,1789325454.479,0.1027,15104,12,0,15238900.7,98364094.9,2
CONT_s9_bola_RedBullPlayStreets,1789325454.582,0.1028,19502,17,0,14498390.8,88641594.1,2
CONT_s9_bola_RedBullPlayStreets,1789325454.684,0.1027,15104,12,0,15947683.7,44962218.4,2
CONT_s9_bola_RedBullPlayStreets,1789325454.787,0.1028,15104,12,0,15883696.7,98590961.2,2
CONT_s9_bola_RedBullPlayStreets,1789325454.89,0.1026,15104,12,0,15815525.7,98628398.2,2
CONT_s9_bola_RedBullPlayStreets,1789325454.993,0.1027,15104,12,0,15742111.8,98837669.7,2
CONT_s9_bola_RedBullPlayStreets,1789325455.095,0.1027,15104,12,0,15696715.5,98177381.4,2
CONT_s9_bola_RedBullPlayStreets,1789325455.198,0.103,15104,12,0,15643565.0,98436514.4,2
CONT_s9_bola_RedBullPlayStreets,1789325455.301,0.103,15104,12,0,15577295.3,98783231.2,2
CONT_s9_bola_RedBullPlayStreets,1789325455.404,0.1027,15104,12,0,15520848.2,98833941.9,2
CONT_s9_bola_RedBullPlayStreets,1789325455.507,0.1028,22656,18,0,15469028.5,98620229.1,2
CONT_s9_bola_RedBullPlayStreets,1789325455.609,0.1027,15104,12,0,15432001.0,98527639.5,2
CONT_s9_bola_RedBullPlayStreets,1789325455.712,0.1028,15104,12,0,15395885.3,98587894.9,2
CONT_s9_bola_RedBullPlayStreets,1789325455.815,0.1028,15104,12,0,15365212.8,98667921.0,2
CONT_s9_bola_RedBullPlayStreets,1789325455.918,0.1027,15104,12,0,15336769.5,98605641.8,2
CONT_s9_bola_RedBullPlayStreets,1789325456.02,0.1027,15104,12,0,15316087.0,98717762.7,2
CONT_s9_bola_RedBullPlayStreets,1789325456.123,0.1026,15104,12,0,15294039.8,98667702.2,2
CONT_s9_bola_RedBullPlayStreets,1789325456.226,0.1028,15104,12,0,15275149.2,98453951.6,2
CONT_s9_bola_RedBullPlayStreets,1789325456.328,0.1028,15104,12,0,15252957.5,98710378.7,2
CONT_s9_bola_RedBullPlayStreets,1789325456.431,0.1026,15104,12,0,15234738.2,98654599.4,2
CONT_s9_bola_RedBullPlayStreets,1789325456.534,0.1031,15104,12,0,15231594.7,98834971.3,2
CONT_s9_bola_RedBullPlayStreets,1789325456.637,0.1029,15104,12,0,15227189.7,98440303.0,2
CONT_s9_bola_RedBullPlayStreets,1789325456.741,0.104,15104,12,0,15214858.7,98595646.8,2
CONT_s9_bola_RedBullPlayStreets,1789325456.844,0.1027,15104,12,0,15200635.3,98712607.8,2
CONT_s9_bola_RedBullPlayStreets,1789325456.946,0.1026,15104,12,0,15201956.2,98616829.0,2
CONT_s9_bola_RedBullPlayStreets,1789325457.049,0.1027,15104,12,0,15193102.8,98438852.8,2
CONT_s9_bola_RedBullPlayStreets,1789325457.152,0.1027,15104,12,0,15179943.0,98805940.9,2
CONT_s9_bola_RedBullPlayStreets,1789325457.255,0.1034,15104,12,0,15167110.0,98833137.9,2
CONT_s9_bola_RedBullPlayStreets,1789325457.358,0.1027,22656,18,0,15153206.8,98752652.9,2
CONT_s9_bola_RedBullPlayStreets,1789325457.461,0.1027,15104,12,0,15153211.0,98780600.0,2
CONT_s9_bola_RedBullPlayStreets,1789325457.563,0.1026,15397,13,0,14599729.8,95225650.0,2
CONT_s9_bola_RedBullPlayStreets,1789325457.666,0.1029,15104,12,0,15967608.7,45263116.8,2
CONT_s9_bola_RedBullPlayStreets,1789325457.769,0.1028,15104,12,0,15876447.0,98792724.8,2
CONT_s9_bola_RedBullPlayStreets,1789325457.871,0.1027,15104,12,0,15792786.3,98791796.2,2
CONT_s9_bola_RedBullPlayStreets,1789325457.974,0.1027,15104,12,0,15711766.5,98688171.6,2
CONT_s9_bola_RedBullPlayStreets,1789325458.077,0.1026,15104,12,0,15642330.8,98785828.6,2
CONT_s9_bola_RedBullPlayStreets,1789325458.18,0.1028,15104,12,0,15575315.0,98763144.7,2
CONT_s9_bola_RedBullPlayStreets,1789325458.282,0.1027,15104,12,0,15519073.2,98656889.5,2
CONT_s9_bola_RedBullPlayStreets,1789325458.385,0.1026,15104,12,0,15471375.7,98679689.1,2
CONT_s9_bola_RedBullPlayStreets,1789325458.488,0.1027,15104,12,0,15431849.5,98778752.9,2
CONT_s9_bola_RedBullPlayStreets,1789325458.59,0.1026,15104,12,0,15406066.8,98478951.2,2
CONT_s9_bola_RedBullPlayStreets,1789325458.693,0.1029,15104,12,0,15363868.8,98771533.3,2
CONT_s9_bola_RedBullPlayStreets,1789325458.796,0.1028,15104,12,0,15330884.7,98783248.3,2
CONT_s9_bola_RedBullPlayStreets,1789325458.899,0.1026,15104,12,0,15309015.8,98676695.9,2
CONT_s9_bola_RedBullPlayStreets,1789325459.001,0.1027,15104,12,0,15286250.2,98720563.5,2
CONT_s9_bola_RedBullPlayStreets,1789325459.104,0.1027,15104,12,0,15266955.7,98758903.9,2
CONT_s9_bola_RedBullPlayStreets,1789325459.207,0.1035,22656,18,0,15240734.0,98656041.0,2
CONT_s9_bola_RedBullPlayStreets,1789325459.31,0.1027,15104,12,0,15227531.7,98721484.4,2
CONT_s9_bola_RedBullPlayStreets,1789325459.413,0.1027,15104,12,0,15216664.8,98820681.0,2
CONT_s9_bola_RedBullPlayStreets,1789325459.515,0.1027,15104,12,0,15199903.3,98555036.3,2
CONT_s9_bola_RedBullPlayStreets,1789325459.618,0.1026,15104,12,0,15188789.3,98727717.3,2
CONT_s9_bola_RedBullPlayStreets,1789325459.721,0.1029,15104,12,0,15177434.8,98699113.0,2
CONT_s9_bola_RedBullPlayStreets,1789325459.824,0.1028,15104,12,0,15172159.7,98748220.5,2
CONT_s9_bola_RedBullPlayStreets,1789325459.926,0.1027,15104,12,0,15165312.0,98635470.8,2
CONT_s9_bola_RedBullPlayStreets,1789325460.029,0.1027,15104,12,0,15162990.7,98702468.5,2
CONT_s9_bola_RedBullPlayStreets,1789325460.133,0.1035,15104,12,0,15176156.5,98690806.6,2
CONT_s9_bola_RedBullPlayStreets,1789325460.235,0.1027,15104,12,0,15170206.3,98392343.9,2
CONT_s9_bola_RedBullPlayStreets,1789325460.338,0.1027,15104,12,0,15161026.7,98739510.1,2
CONT_s9_bola_RedBullPlayStreets,1789325460.441,0.1026,15104,12,0,15151507.2,98660629.1,2
CONT_s9_bola_RedBullPlayStreets,1789325460.543,0.1027,15104,12,0,15146411.7,98833348.8,2
CONT_s9_bola_RedBullPlayStreets,1789325460.646,0.1029,15104,12,0,15143539.8,98659867.4,2
CONT_s9_bola_RedBullPlayStreets,1789325460.75,0.1038,15104,12,0,15146401.3,98486285.6,2
CONT_s9_bola_RedBullPlayStreets,1789325460.853,0.1026,19387,24,0,10291798.9,64504611.8,4
CONT_s9_bola_RedBullPlayStreets,1789325460.956,0.1029,16604,13,0,7468057.2,595875.5,2
CONT_s9_bola_RedBullPlayStreets,1789325461.058,0.1029,13656,12,0,10548923.0,82343497.9,2
CONT_s9_bola_RedBullPlayStreets,1789325461.162,0.1031,12104,10,0,13417107.8,68841503.7,2
CONT_s9_bola_RedBullPlayStreets,1789325461.264,0.1029,21156,17,0,15678775.2,138328866.0,2
CONT_s9_bola_RedBullPlayStreets,1789325461.367,0.1029,10552,8,0,16276186.1,147977736.0,2
CONT_s9_bola_RedBullPlayStreets,1789325461.47,0.1028,19604,15,0,16422002.2,138347790.5,2
CONT_s9_bola_RedBullPlayStreets,1789325461.573,0.1027,13604,11,0,17056507.7,167372870.0,2
CONT_s9_bola_RedBullPlayStreets,1789325461.676,0.1029,15104,12,0,17035667.3,98629715.8,2
CONT_s9_bola_RedBullPlayStreets,1789325461.779,0.1029,15104,12,0,16893160.3,98241063.0,2
CONT_s9_bola_RedBullPlayStreets,1789325461.881,0.1027,16656,14,0,17140444.3,83235862.1,2
CONT_s9_bola_RedBullPlayStreets,1789325461.984,0.1029,18156,15,0,17401974.6,114801595.5,2
CONT_s9_bola_RedBullPlayStreets,1789325462.087,0.1029,13604,11,0,17404425.2,123188170.5,2
CONT_s9_bola_RedBullPlayStreets,1789325462.19,0.1028,19656,16,0,17188767.1,128480698.2,2
CONT_s9_bola_RedBullPlayStreets,1789325462.293,0.1029,245714,200,10,317348.4,5606504.3,2
CONT_s9_bola_RedBullPlayStreets,1789325462.396,0.1028,0,0,0,0,0,0
CONT_s9_bola_RedBullPlayStreets,1789325462.499,0.1032,0,0,0,0,0,0
CONT_s9_bola_RedBullPlayStreets,1789325462.602,0.1028,0,0,0,0,0,0
CONT_s9_bola_RedBullPlayStreets,1789325462.705,0.1031,0,0,0,0,0,0
CONT_s9_bola_RedBullPlayStreets,1789325462.808,0.103,0,0,0,0,0,0
CONT_s9_bola_RedBullPlayStreets,1789325462.911,0.1028,0,0,0,0,0,0
CONT_s9_bola_RedBullPlayStreets,1789325463.013,0.1029,0,0,0,0,0,0
CONT_s9_bola_RedBullPlayStreets,1789325463.116,0.1028,0,0,0,0,0,0
CONT_s9_bola_RedBullPlayStreets,1789325463.219,0.103,0,0,0,0,0,0
CONT_s9_bola_RedBullPlayStreets,1789325463.322,0.103,0,0,0,0,0,0
CONT_s9_bola_RedBullPlayStreets,1789325463.425,0.1028,0,0,0,0,0,0
CONT_s9_bola_RedBullPlayStreets,1789325463.528,0.1029,0,0,0,0,0,0
CONT_s9_bola_RedBullPlayStreets,1789325463.632,0.1038,0,0,0,0,0,0
CONT_s9_bola_RedBullPlayStreets,1789325463.735,0.103,0,0,0,0,0,0
CONT_s9_bola_RedBullPlayStreets,1789325463.838,0.103,0,0,0,0,0,0
CONT_s9_bola_RedBullPlayStreets,1789325463.941,0.1029,0,0,0,0,0,0
CONT_s9_bola_RedBullPlayStreets,1789325464.043,0.1029,0,0,0,0,0,0
CONT_s9_bola_RedBullPlayStreets,1789325464.146,0.103,0,0,0,0,0,0
CONT_s9_bola_RedBullPlayStreets,1789325464.251,0.1043,0,0,0,0,0,0
CONT_s9_bola_RedBullPlayStreets,1789325464.354,0.1028,0,0,0,0,0,0
CONT_s9_bola_RedBullPlayStreets,1789325464.456,0.1028,0,0,0,0,0,0
CONT_s9_bola_RedBullPlayStreets,1789325464.559,0.1028,0,0,0,0,0,0
CONT_s9_bola_RedBullPlayStreets,1789325464.662,0.1028,0,0,0,0,0,0
CONT_s9_bola_RedBullPlayStreets,1789325464.765,0.1029,0,0,0,0,0,0
CONT_s9_bola_RedBullPlayStreets,1789325464.868,0.1028,0,0,0,0,0,0
CONT_s9_bola_RedBullPlayStreets,1789325464.97,0.1027,0,0,0,0,0,0
CONT_s9_bola_RedBullPlayStreets,1789325465.073,0.1028,0,0,0,0,0,0
CONT_s9_bola_RedBullPlayStreets,1789325465.176,0.1029,0,0,0,0,0,0
CONT_s9_bola_RedBullPlayStreets,1789325465.279,0.1029,0,0,0,0,0,0
CONT_s9_bola_RedBullPlayStreets,1789325465.382,0.1027,38415,30,0,124983555.2,10775292.7,2
CONT_s9_bola_RedBullPlayStreets,1789325465.484,0.1029,34656,26,0,51808115.4,62893787.4,2
CONT_s9_bola_RedBullPlayStreets,1789325465.587,0.1028,36156,27,0,32962339.8,66870342.4,2
CONT_s9_bola_RedBullPlayStreets,1789325465.69,0.103,36156,27,0,26124602.8,66593628.9,2
CONT_s9_bola_RedBullPlayStreets,1789325465.793,0.1029,39260,31,0,27025093.6,66716873.6,2
CONT_s9_bola_RedBullPlayStreets,1789325465.896,0.1029,27156,21,0,21819308.4,75353974.5,2
CONT_s9_bola_RedBullPlayStreets,1789325465.999,0.1028,40708,31,0,17412480.7,75333467.2,2
CONT_s9_bola_RedBullPlayStreets,1789325466.102,0.1028,37708,29,0,15901662.2,79634334.1,2
CONT_s9_bola_RedBullPlayStreets,1789325466.205,0.103,37708,29,0,14086612.8,83472244.3,2
CONT_s9_bola_RedBullPlayStreets,1789325466.308,0.1029,31656,24,0,12381663.1,85155988.0,2
CONT_s9_bola_RedBullPlayStreets,1789325466.41,0.1028,31656,24,0,11497346.2,87853860.1,2
CONT_s9_bola_RedBullPlayStreets,1789325466.513,0.103,43708,33,0,10358253.6,81737225.9,2
CONT_s9_bola_RedBullPlayStreets,1789325466.616,0.1028,42156,31,0,9161405.6,58461222.0,2
CONT_s9_bola_RedBullPlayStreets,1789325466.719,0.1029,34760,28,0,9941017.4,55542416.3,2
CONT_s9_bola_RedBullPlayStreets,1789325466.822,0.1029,31708,25,0,9455546.9,70875646.6,2
CONT_s9_bola_RedBullPlayStreets,1789325466.925,0.1029,34656,26,0,8207659.8,74116215.2,2
CONT_s9_bola_RedBullPlayStreets,1789325467.028,0.1028,40656,30,0,7546045.6,75370716.4,2
CONT_s9_bola_RedBullPlayStreets,1789325467.134,0.1059,33805,28,0,8472734.4,45970505.3,2
CONT_s9_bola_RedBullPlayStreets,1789325467.237,0.1029,40656,30,0,7355838.9,55274764.7,2
CONT_s9_bola_RedBullPlayStreets,1789325467.339,0.1029,40656,30,0,7142528.2,75722664.8,2
CONT_s9_bola_RedBullPlayStreets,1789325467.442,0.1028,27104,20,0,7011709.0,75643450.5,2
CONT_s9_bola_RedBullPlayStreets,1789325467.545,0.1028,40656,30,0,6848185.2,75548354.6,2
CONT_s9_bola_RedBullPlayStreets,1789325467.648,0.1029,40656,30,0,6711564.2,75251296.6,2
CONT_s9_bola_RedBullPlayStreets,1789325467.753,0.1053,27104,20,0,6630914.4,75286835.9,2
CONT_s9_bola_RedBullPlayStreets,1789325467.856,0.1029,40656,30,0,6546081.9,75172236.3,2
CONT_s9_bola_RedBullPlayStreets,1789325467.959,0.1029,40656,30,0,6457255.4,75550326.5,2
CONT_s9_bola_RedBullPlayStreets,1789325468.062,0.1028,27104,20,0,6407637.0,75427759.0,2
CONT_s9_bola_RedBullPlayStreets,1789325468.165,0.1028,40656,30,0,6352139.3,75467829.3,2
CONT_s9_bola_RedBullPlayStreets,1789325468.268,0.1029,40656,30,0,6304913.0,75360773.4,2
CONT_s9_bola_RedBullPlayStreets,1789325468.371,0.1028,27104,20,0,6279543.9,75509896.4,2
CONT_s9_bola_RedBullPlayStreets,1789325468.473,0.1029,40656,30,0,6245829.8,75590206.5,2
CONT_s9_bola_RedBullPlayStreets,1789325468.576,0.1028,40656,30,0,6212484.2,75194721.9,2
CONT_s9_bola_RedBullPlayStreets,1789325468.679,0.1029,40604,29,0,6351026.8,75399863.1,2
CONT_s9_bola_RedBullPlayStreets,1789325468.782,0.103,27156,21,0,5948757.9,75275989.1,2
CONT_s9_bola_RedBullPlayStreets,1789325468.885,0.1028,40656,30,0,6155742.3,75433048.5,2
CONT_s9_bola_RedBullPlayStreets,1789325468.988,0.103,40656,30,0,6140783.3,75187261.6,2
CONT_s9_bola_RedBullPlayStreets,1789325469.091,0.1028,27104,20,0,6131039.1,75460675.0,2
CONT_s9_bola_RedBullPlayStreets,1789325469.194,0.103,40656,30,0,6117036.9,75118595.6,2
CONT_s9_bola_RedBullPlayStreets,1789325469.297,0.1029,32015,25,0,6445309.5,51900689.0,2
CONT_s9_bola_RedBullPlayStreets,1789325469.399,0.1028,40656,30,0,6436934.9,75439462.7,2
CONT_s9_bola_RedBullPlayStreets,1789325469.502,0.1029,40656,30,0,6359482.7,75408307.9,2
CONT_s9_bola_RedBullPlayStreets,1789325469.605,0.1028,27104,20,0,6322821.3,75231509.7,2
CONT_s9_bola_RedBullPlayStreets,1789325469.708,0.103,40656,30,0,6272741.8,75149620.8,2
CONT_s9_bola_RedBullPlayStreets,1789325469.811,0.1029,40656,30,0,6241340.5,75375326.1,2
CONT_s9_bola_RedBullPlayStreets,1789325469.914,0.1028,27104,20,0,6219999.4,75157469.3,2
CONT_s9_bola_RedBullPlayStreets,1789325470.017,0.1028,40656,30,0,6190462.7,75377778.0,2
CONT_s9_bola_RedBullPlayStreets,1789325470.12,0.1028,40656,30,0,6175470.2,75461630.8,2
CONT_s9_bola_RedBullPlayStreets,1789325470.223,0.103,40604,29,0,6330716.7,75441480.9,2
CONT_s9_bola_RedBullPlayStreets,1789325470.326,0.103,27156,21,0,5908232.0,75414019.5,2
CONT_s9_bola_RedBullPlayStreets,1789325470.428,0.1029,40656,30,0,6136493.3,75443050.9,2
CONT_s9_bola_RedBullPlayStreets,1789325470.532,0.1033,40656,30,0,6126634.5,75133061.1,2
CONT_s9_bola_RedBullPlayStreets,1789325470.635,0.1035,27104,20,0,6113921.0,75097185.2,2
CONT_s9_bola_RedBullPlayStreets,1789325470.738,0.1029,40656,30,0,6116179.0,75125092.5,2
CONT_s9_bola_RedBullPlayStreets,1789325470.841,0.1029,40656,30,0,6106249.4,75577293.2,2
CONT_s9_bola_RedBullPlayStreets,1789325470.944,0.1029,27104,20,0,6100757.0,75252437.1,2
CONT_s9_bola_RedBullPlayStreets,1789325471.047,0.1029,40656,30,0,6096741.5,75287423.7,2
CONT_s9_bola_RedBullPlayStreets,1789325471.15,0.1028,40656,30,0,6097108.8,75331136.7,2
CONT_s9_bola_RedBullPlayStreets,1789325471.253,0.1037,27104,20,0,6092942.6,75336388.7,2
CONT_s9_bola_RedBullPlayStreets,1789325471.356,0.1029,40656,30,0,6097553.9,75308690.5,2
CONT_s9_bola_RedBullPlayStreets,1789325471.459,0.1029,40656,30,0,6094770.6,75366798.4,2
CONT_s9_bola_RedBullPlayStreets,1789325471.562,0.1029,30359,25,0,5753394.8,36247362.8,2
CONT_s9_bola_RedBullPlayStreets,1789325471.665,0.103,40656,30,0,6329474.9,75375057.8,2
CONT_s9_bola_RedBullPlayStreets,1789325471.768,0.1029,40656,30,0,6341261.1,75299279.2,2
CONT_s9_bola_RedBullPlayStreets,1789325471.871,0.103,27104,20,0,6314328.0,75399350.4,2
CONT_s9_bola_RedBullPlayStreets,1789325471.974,0.1028,40656,30,0,6271922.1,75558037.6,2
CONT_s9_bola_RedBullPlayStreets,1789325472.077,0.1028,40656,30,0,6234882.3,75334490.3,2
CONT_s9_bola_RedBullPlayStreets,1789325472.179,0.1029,27104,20,0,6216265.9,75682570.4,2
CONT_s9_bola_RedBullPlayStreets,1789325472.282,0.1029,40656,30,0,6181417.6,75673242.3,2
CONT_s9_bola_RedBullPlayStreets,1789325472.385,0.1028,40656,30,0,6155378.3,75740588.2,2
CONT_s9_bola_RedBullPlayStreets,1789325472.488,0.1029,31604,23,0,9104247.0,75686957.1,2
CONT_s9_bola_RedBullPlayStreets,1789325472.591,0.1029,36156,27,0,6058737.4,75659916.5,2
CONT_s9_bola_RedBullPlayStreets,1789325472.694,0.103,40656,30,0,6111090.8,75638762.2,2
CONT_s9_bola_RedBullPlayStreets,1789325472.797,0.1033,40656,30,0,6108110.1,75096081.0,2
CONT_s9_bola_RedBullPlayStreets,1789325472.9,0.1028,27104,20,0,6104364.5,75610452.4,2
CONT_s9_bola_RedBullPlayStreets,1789325473.003,0.1029,40656,30,0,6096244.5,75612460.9,2
CONT_s9_bola_RedBullPlayStreets,1789325473.106,0.1028,40656,30,0,6087003.3,75446459.9,2
CONT_s9_bola_RedBullPlayStreets,1789325473.209,0.103,27104,20,0,6082673.2,75331681.2,2
CONT_s9_bola_RedBullPlayStreets,1789325473.312,0.1029,40656,30,0,6080395.2,75452298.1,2
CONT_s9_bola_RedBullPlayStreets,1789325473.414,0.1027,40656,30,0,6082526.2,75285028.2,2
CONT_s9_bola_RedBullPlayStreets,1789325473.517,0.1029,27104,20,0,6079596.9,75758239.2,2
CONT_s9_bola_RedBullPlayStreets,1789325473.62,0.1028,40656,30,0,6086664.7,75560732.8,2
CONT_s9_bola_RedBullPlayStreets,1789325473.723,0.103,40656,30,0,6082075.3,75141044.8,2
CONT_s9_bola_RedBullPlayStreets,1789325473.826,0.1029,27104,20,0,6088977.6,75356975.1,2
CONT_s9_bola_RedBullPlayStreets,1789325473.929,0.1028,40656,30,0,6091278.0,75172403.7,2
CONT_s9_bola_RedBullPlayStreets,1789325474.032,0.1029,40656,30,0,6086664.2,75428835.4,2
CONT_s9_bola_RedBullPlayStreets,1789325474.135,0.1031,40604,29,0,6278583.0,75567366.8,2
CONT_s9_bola_RedBullPlayStreets,1789325474.238,0.1029,27156,21,0,5817018.1,75098454.5,2
CONT_s9_bola_RedBullPlayStreets,1789325474.341,0.1029,40656,30,0,6077659.9,75415804.5,2
CONT_s9_bola_RedBullPlayStreets,1789325474.444,0.1029,40656,30,0,6075228.4,75621049.3,2
CONT_s9_bola_RedBullPlayStreets,1789325474.547,0.1028,28807,23,0,5823826.0,62877246.9,2
CONT_s9_bola_RedBullPlayStreets,1789325474.65,0.103,40656,30,0,6369514.4,53930153.8,2
CONT_s9_bola_RedBullPlayStreets,1789325474.754,0.1042,40656,30,0,6363947.4,75363281.6,2
CONT_s9_bola_RedBullPlayStreets,1789325474.857,0.1029,27104,20,0,6334429.9,75374350.8,2
CONT_s9_bola_RedBullPlayStreets,1789325474.96,0.1029,40656,30,0,6292293.3,75355162.8,2
CONT_s9_bola_RedBullPlayStreets,1789325475.062,0.1029,40656,30,0,6253083.5,75365291.9,2
CONT_s9_bola_RedBullPlayStreets,1789325475.166,0.1032,27104,20,0,6231115.2,75486910.0,2
CONT_s9_bola_RedBullPlayStreets,1789325475.269,0.1029,40656,30,0,6209788.2,75321797.0,2
CONT_s9_bola_RedBullPlayStreets,1789325475.371,0.1028,40656,30,0,6182405.5,75129815.3,2
CONT_s9_bola_RedBullPlayStreets,1789325475.474,0.1029,27104,20,0,6169304.0,75492804.1,2
CONT_s9_bola_RedBullPlayStreets,1789325475.577,0.1029,40656,30,0,6147606.8,75525410.8,2
CONT_s9_bola_RedBullPlayStreets,1789325475.68,0.1029,40656,30,0,6131532.8,75647330.0,2
CONT_s9_bola_RedBullPlayStreets,1789325475.783,0.103,27104,20,0,6119814.9,75684294.9,2
CONT_s9_bola_RedBullPlayStreets,1789325475.886,0.1028,40656,30,0,6105681.2,75703045.6,2
CONT_s9_bola_RedBullPlayStreets,1789325475.989,0.1029,40656,30,0,6094356.6,75667662.0,2
CONT_s9_bola_RedBullPlayStreets,1789325476.092,0.1028,40604,29,0,6276060.2,75780851.2,2
CONT_s9_bola_RedBullPlayStreets,1789325476.195,0.1031,27156,21,0,5811439.4,75512592.5,2
CONT_s9_bola_RedBullPlayStreets,1789325476.298,0.1029,40656,30,0,6071319.7,75682823.2,2
CONT_s9_bola_RedBullPlayStreets,1789325476.4,0.1028,40656,30,0,6066409.2,75636101.2,2
CONT_s9_bola_RedBullPlayStreets,1789325476.503,0.1029,27104,20,0,6063191.4,75675753.1,2
CONT_s9_bola_RedBullPlayStreets,1789325476.606,0.1028,40656,30,0,6058719.2,75460778.3,2
CONT_s9_bola_RedBullPlayStreets,1789325476.709,0.103,40656,30,0,6063468.9,75364318.6,2
CONT_s9_bola_RedBullPlayStreets,1789325476.812,0.1029,27104,20,0,6071083.0,75609544.5,2
CONT_s9_bola_RedBullPlayStreets,1789325476.915,0.1028,40656,30,0,6076176.7,75179348.9,2
CONT_s9_bola_RedBullPlayStreets,1789325477.018,0.1029,40656,30,0,6076808.5,75453233.4,2
CONT_s9_bola_RedBullPlayStreets,1789325477.121,0.1029,27104,20,0,6082420.2,75152334.6,2
CONT_s9_bola_RedBullPlayStreets,1789325477.224,0.103,40656,30,0,6071865.4,75724255.8,2
CONT_s9_bola_RedBullPlayStreets,1789325477.326,0.1029,40656,30,0,6068654.4,75699404.4,2
CONT_s9_bola_RedBullPlayStreets,1789325477.429,0.1027,27104,20,0,6061369.6,75734189.3,2
CONT_s9_bola_RedBullPlayStreets,1789325477.532,0.103,40656,30,0,6058286.9,75680999.9,2
CONT_s9_bola_RedBullPlayStreets,1789325477.635,0.1031,41215,32,0,7558967.1,52188814.4,2
CONT_s9_bola_RedBullPlayStreets,1789325477.738,0.1029,31656,24,0,6295777.0,75328034.7,2
CONT_s9_bola_RedBullPlayStreets,1789325477.841,0.1029,40656,30,0,6331478.5,75305593.7,2
CONT_s9_bola_RedBullPlayStreets,1789325477.944,0.1028,40656,30,0,6280789.2,75382314.8,2
CONT_s9_bola_RedBullPlayStreets,1789325478.047,0.1029,27104,20,0,6256779.2,75024045.0,2
CONT_s9_bola_RedBullPlayStreets,1789325478.15,0.103,40656,30,0,6227342.3,75313527.8,2
CONT_s9_bola_RedBullPlayStreets,1789325478.253,0.1037,40656,30,0,6211957.1,75578696.0,2
CONT_s9_bola_RedBullPlayStreets,1789325478.356,0.1028,27104,20,0,6194046.3,75127841.6,2
CONT_s9_bola_RedBullPlayStreets,1789325478.459,0.1029,40656,30,0,6167486.3,75437167.1,2
CONT_s9_bola_RedBullPlayStreets,1789325478.562,0.1028,40656,30,0,6153832.4,75484668.3,2
CONT_s9_bola_RedBullPlayStreets,1789325478.665,0.1029,27104,20,0,6146014.0,75421682.8,2
CONT_s9_bola_RedBullPlayStreets,1789325478.768,0.1029,40656,30,0,6137539.3,75327043.3,2
CONT_s9_bola_RedBullPlayStreets,1789325478.871,0.1029,40656,30,0,6133368.4,75311291.0,2
CONT_s9_bola_RedBullPlayStreets,1789325478.973,0.1029,27104,20,0,6127708.9,75373355.5,2
CONT_s9_bola_RedBullPlayStreets,1789325479.076,0.1029,40656,30,0,6119055.7,75211369.5,2
CONT_s9_bola_RedBullPlayStreets,1789325479.179,0.1029,40656,30,0,6107308.2,75533478.2,2
CONT_s9_bola_RedBullPlayStreets,1789325479.282,0.1029,40604,29,0,6288319.6,75777539.0,2
CONT_s9_bola_RedBullPlayStreets,1789325479.385,0.1029,27156,21,0,5831807.6,75424737.4,2
CONT_s9_bola_RedBullPlayStreets,1789325479.488,0.1029,40656,30,0,6091632.0,75272826.0,2
CONT_s9_bola_RedBullPlayStreets,1789325479.591,0.1029,41049,34,0,5723669.6,74991326.8,4
CONT_s9_bola_RedBullPlayStreets,1789325479.694,0.1032,30208,24,0,6019397.9,75289560.8,4
CONT_s9_bola_RedBullPlayStreets,1789325479.797,0.1031,43656,32,0,7589133.9,83810693.1,4
CONT_s9_bola_RedBullPlayStreets,1789325479.9,0.1029,31708,25,0,8824037.4,85879269.0,4
CONT_s9_bola_RedBullPlayStreets,1789325480.003,0.1031,30156,23,0,9180581.2,85724761.8,4
CONT_s9_bola_RedBullPlayStreets,1789325480.106,0.103,46760,36,0,10673597.5,83262013.2,4
CONT_s9_bola_RedBullPlayStreets,1789325480.209,0.103,30156,23,0,10268262.1,83609265.3,4
CONT_s9_bola_RedBullPlayStreets,1789325480.312,0.1031,43656,32,0,10027399.3,83785834.7,4
CONT_s9_bola_RedBullPlayStreets,1789325480.415,0.103,30208,24,0,11067979.1,83581407.4,4
CONT_s9_bola_RedBullPlayStreets,1789325480.518,0.1031,30156,23,0,11561759.0,83879507.4,4
CONT_s9_bola_RedBullPlayStreets,1789325480.621,0.1031,43867,36,0,15087293.5,76645829.5,4
CONT_s9_bola_RedBullPlayStreets,1789325480.725,0.1032,31656,24,0,13749432.2,55132441.7,4
CONT_s9_bola_RedBullPlayStreets,1789325480.828,0.1031,43760,34,0,11007060.4,87746952.3,4
CONT_s9_bola_RedBullPlayStreets,1789325480.93,0.1029,30156,23,0,11384514.8,83873133.3,4
CONT_s9_bola_RedBullPlayStreets,1789325481.034,0.1031,45208,34,0,10978132.5,85511684.4,4
CONT_s9_bola_RedBullPlayStreets,1789325481.137,0.1034,33208,26,0,13595680.6,87850922.8,4
CONT_s9_bola_RedBullPlayStreets,1789325481.24,0.1034,28656,22,0,9565762.4,86156719.3,4
CONT_s9_bola_RedBullPlayStreets,1789325481.344,0.1031,46760,36,0,12033349.9,81845801.0,4
CONT_s9_bola_RedBullPlayStreets,1789325481.447,0.103,30156,23,0,11302198.0,83779503.0,4
CONT_s9_bola_RedBullPlayStreets,1789325481.55,0.1031,43708,33,0,10608561.6,83979208.5,4
CONT_s9_bola_RedBullPlayStreets,1789325481.653,0.103,30156,23,0,12120868.2,83704065.4,4
CONT_s9_bola_RedBullPlayStreets,1789325481.756,0.1032,43708,33,0,10550597.5,83489833.3,4
CONT_s9_bola_RedBullPlayStreets,1789325481.859,0.103,36208,28,0,18246016.1,88109069.9,4
CONT_s9_bola_RedBullPlayStreets,1789325481.962,0.1031,31656,24,0,13757984.1,88145968.7,4
CONT_s9_bola_RedBullPlayStreets,1789325482.065,0.103,30156,23,0,12246774.6,86922879.8,4
CONT_s9_bola_RedBullPlayStreets,1789325482.168,0.103,43708,33,0,11135995.3,83746293.4,4
CONT_s9_bola_RedBullPlayStreets,1789325482.271,0.103,31656,24,0,14558135.1,86479301.4,4
CONT_s9_bola_RedBullPlayStreets,1789325482.374,0.1031,46708,35,0,13648284.7,88385820.0,4
CONT_s9_bola_RedBullPlayStreets,1789325482.477,0.103,34708,27,0,16776255.4,88293517.4,4
CONT_s9_bola_RedBullPlayStreets,1789325482.58,0.103,30156,23,0,12268878.2,87493487.9,4
CONT_s9_bola_RedBullPlayStreets,1789325482.683,0.103,43708,33,0,11152899.4,83689229.7,4
CONT_s9_bola_RedBullPlayStreets,1789325482.786,0.103,31656,24,0,14560800.0,86205417.3,4
CONT_s9_bola_RedBullPlayStreets,1789325482.889,0.103,31656,24,0,14475742.0,88186691.4,4
CONT_s9_bola_RedBullPlayStreets,1789325482.992,0.103,46708,35,0,13573946.8,87974749.7,4
CONT_s9_bola_RedBullPlayStreets,1789325483.096,0.1035,33208,26,0,15591202.7,87215447.9,4
CONT_s9_bola_RedBullPlayStreets,1789325483.199,0.1032,30156,23,0,12233296.0,83864863.7,4
CONT_s9_bola_RedBullPlayStreets,1789325483.302,0.1031,45208,34,0,12714924.6,85465981.1,4
CONT_s9_bola_RedBullPlayStreets,1789325483.405,0.103,31656,24,0,14489997.7,88108018.2,4
CONT_s9_bola_RedBullPlayStreets,1789325483.508,0.103,40811,32,0,14613915.3,82073742.0,4
CONT_s9_bola_RedBullPlayStreets,1789325483.611,0.1031,37760,30,0,18167505.5,56907239.8,4
CONT_s9_bola_RedBullPlayStreets,1789325483.714,0.1032,33364,29,0,15808667.7,62091947.6,4
CONT_s9_bola_RedBullPlayStreets,1789325483.817,0.1031,39312,32,0,13974873.8,68609296.7,4
CONT_s9_bola_RedBullPlayStreets,1789325483.92,0.103,36260,29,0,15230424.0,71928632.5,4
CONT_s9_bola_RedBullPlayStreets,1789325484.023,0.1031,30260,25,0,17237522.4,75352533.6,4
CONT_s9_bola_RedBullPlayStreets,1789325484.126,0.1031,45364,37,0,15225120.0,80736784.4,4
CONT_s9_bola_RedBullPlayStreets,1789325484.229,0.1031,31800,27,0,17752369.6,87540487.5,4
CONT_s9_bola_RedBullPlayStreets,1789325484.333,0.1031,40864,34,0,9616730.8,41403714.5,2
CONT_s9_bola_RedBullPlayStreets,1789325484.435,0.103,36312,30,0,9066021.8,49844958.9,2
CONT_s9_bola_RedBullPlayStreets,1789325484.539,0.103,34708,27,0,8115834.6,49971256.3,2
CONT_s9_bola_RedBullPlayStreets,1789325484.642,0.103,36208,28,0,7657147.0,50001267.5,2
CONT_s9_bola_RedBullPlayStreets,1789325484.746,0.1045,36260,29,0,7810873.0,51858492.1,2
CONT_s9_bola_RedBullPlayStreets,1789325484.849,0.1033,36260,29,0,7872435.1,58172065.4,2
CONT_s9_bola_RedBullPlayStreets,1789325484.952,0.1031,34760,28,0,8042673.0,62440296.0,2
CONT_s9_bola_RedBullPlayStreets,1789325485.055,0.1031,42260,33,0,7973830.5,64046294.1,2
CONT_s9_bola_RedBullPlayStreets,1789325485.159,0.1031,28708,23,0,8211572.7,66572021.0,2
CONT_s9_bola_RedBullPlayStreets,1789325485.262,0.1031,37708,29,0,7996610.4,69913932.5,2
CONT_s9_bola_RedBullPlayStreets,1789325485.365,0.103,42260,33,0,8120280.8,74321910.9,2
CONT_s9_bola_RedBullPlayStreets,1789325485.468,0.103,28656,22,0,7948950.6,76476926.7,2
CONT_s9_bola_RedBullPlayStreets,1789325485.571,0.103,40708,31,0,7684389.3,79473988.9,2
CONT_s9_bola_RedBullPlayStreets,1789325485.674,0.1033,39208,30,0,7601708.3,82627860.3,2
CONT_s9_bola_RedBullPlayStreets,1789325485.777,0.1031,30156,23,0,7495610.3,83884689.3,2
CONT_s9_bola_RedBullPlayStreets,1789325485.88,0.103,42208,32,0,7344474.0,88063154.5,2
CONT_s9_bola_RedBullPlayStreets,1789325485.983,0.103,31656,24,0,7157220.9,58140682.4,2
CONT_s9_bola_RedBullPlayStreets,1789325486.086,0.1031,40708,31,0,7051114.5,56166855.1,2
CONT_s9_bola_RedBullPlayStreets,1789325486.189,0.103,31656,24,0,6910455.4,58300505.6,2
CONT_s9_bola_RedBullPlayStreets,1789325486.292,0.1031,40760,32,0,7320532.5,59382211.8,2
CONT_s9_bola_RedBullPlayStreets,1789325486.395,0.1031,34656,26,0,6941979.5,74039080.7,2
CONT_s9_bola_RedBullPlayStreets,1789325486.498,0.103,40656,30,0,6641484.8,75422188.3,2
CONT_s9_bola_RedBullPlayStreets,1789325486.601,0.103,34656,26,0,6850445.3,69522786.4,2
CONT_s9_bola_RedBullPlayStreets,1789325486.705,0.103,32164,26,0,6887615.6,50969822.2,2
CONT_s9_bola_RedBullPlayStreets,1789325486.808,0.1031,45156,33,0,6543420.9,83950122.0,2
CONT_s9_bola_RedBullPlayStreets,1789325486.911,0.103,30104,22,0,6456123.3,83761096.5,2
CONT_s9_bola_RedBullPlayStreets,1789325487.014,0.1031,30104,22,0,6381975.0,83564796.9,2
CONT_s9_bola_RedBullPlayStreets,1789325487.117,0.1031,45156,33,0,6301289.1,83644572.0,2
CONT_s9_bola_RedBullPlayStreets,1789325487.22,0.1033,30104,22,0,6261610.1,83742757.4,2
CONT_s9_bola_RedBullPlayStreets,1789325487.323,0.1031,46708,35,0,6758470.3,76939891.5,2
CONT_s9_bola_RedBullPlayStreets,1789325487.426,0.103,32464,37,0,2162980.9,47014768.6,2
CONT_s9_bola_RedBullPlayStreets,1789325487.529,0.1031,37052,41,1,5792256.0,62592227.6,2
CONT_s9_bola_RedBullPlayStreets,1789325487.634,0.1052,39260,31,0,6859422.5,64532691.6,2
CONT_s9_bola_RedBullPlayStreets,1789325487.737,0.103,33208,26,0,7051638.0,69843927.4,2
CONT_s9_bola_RedBullPlayStreets,1789325487.841,0.1031,36208,28,0,7063480.4,70876560.3,2
CONT_s9_bola_RedBullPlayStreets,1789325487.943,0.103,43760,34,0,7113174.1,75286856.9,2
CONT_s9_bola_RedBullPlayStreets,1789325488.047,0.1031,28656,22,0,7052284.4,76706993.5,2
CONT_s9_bola_RedBullPlayStreets,1789325488.15,0.1032,39208,30,0,6940427.7,79498456.3,2
CONT_s9_bola_RedBullPlayStreets,1789325488.254,0.1039,39208,30,0,6829245.3,80598453.3,2
CONT_s9_bola_RedBullPlayStreets,1789325488.357,0.103,39208,30,0,6831634.8,83819028.1,2
CONT_s9_bola_RedBullPlayStreets,1789325488.46,0.103,31656,24,0,6740505.2,85043038.1,2
CONT_s9_bola_RedBullPlayStreets,1789325488.563,0.103,31656,24,0,6662618.9,87975668.7,2
CONT_s9_bola_RedBullPlayStreets,1789325488.666,0.1033,43760,34,0,6906377.8,61209355.9,2
CONT_s9_bola_RedBullPlayStreets,1789325488.769,0.1031,34656,26,0,6709494.5,64138396.2,2
CONT_s9_bola_RedBullPlayStreets,1789325488.872,0.103,36156,27,0,6552590.4,66835709.9,2
CONT_s9_bola_RedBullPlayStreets,1789325488.975,0.103,36156,27,0,6482728.1,66830144.2,2
CONT_s9_bola_RedBullPlayStreets,1789325489.078,0.103,39208,30,0,6761818.9,66663743.5,2
CONT_s9_bola_RedBullPlayStreets,1789325489.181,0.1031,37708,29,0,7128243.5,76472884.9,2
CONT_s9_bola_RedBullPlayStreets,1789325489.284,0.1032,28656,22,0,7340193.9,71126449.6,2
CONT_s9_bola_RedBullPlayStreets,1789325489.387,0.103,30156,23,0,7399817.7,80996507.0,2
CONT_s9_bola_RedBullPlayStreets,1789325489.49,0.1031,15640,20,9,14095890.5,27377035.6,2
CONT_s9_bola_RedBullPlayStreets,1789325489.593,0.103,17192,22,11,13468982.5,34510829.5,2
CONT_s9_bola_RedBullPlayStreets,1789325489.697,0.1032,16656,14,0,14194730.6,70589810.3,2
CONT_s9_bola_RedBullPlayStreets,1789325489.8,0.1031,18104,14,0,14588719.1,110795844.3,2
CONT_s9_bola_RedBullPlayStreets,1789325489.903,0.1029,21104,16,0,14371296.6,119560175.7,2
CONT_s9_bola_RedBullPlayStreets,1789325490.006,0.1031,10552,8,0,14273620.1,119570675.6,2
CONT_s9_bola_RedBullPlayStreets,1789325490.109,0.103,21104,16,0,14095753.0,119182773.3,2
CONT_s9_bola_RedBullPlayStreets,1789325490.212,0.1032,21104,16,0,13937963.8,119323126.1,2
CONT_s9_bola_RedBullPlayStreets,1789325490.315,0.1031,16604,13,0,14165485.6,106362112.9,2
CONT_s9_bola_RedBullPlayStreets,1789325490.418,0.103,18156,15,0,14128657.0,67425170.9,2
CONT_s9_bola_RedBullPlayStreets,1789325490.521,0.1031,19470,17,0,14424495.1,57875745.2,2
CONT_s9_bola_RedBullPlayStreets,1789325490.624,0.103,15104,12,0,14643179.3,85257316.2,2
CONT_s9_bola_RedBullPlayStreets,1789325490.727,0.1032,22656,18,0,14407642.3,84873506.6,2
CONT_s9_bola_RedBullPlayStreets,1789325490.83,0.1031,15104,12,0,14268314.5,84917995.7,2
CONT_s9_bola_RedBullPlayStreets,1789325490.933,0.1029,15104,12,0,14128868.2,84693573.4,2
CONT_s9_bola_RedBullPlayStreets,1789325491.036,0.1031,22656,18,0,13949108.8,85146799.6,2
CONT_s9_bola_RedBullPlayStreets,1789325491.139,0.1032,15104,12,0,13852713.5,84860518.6,2
CONT_s9_bola_RedBullPlayStreets,1789325491.244,0.1048,22656,18,0,13724353.8,84951735.4,2
CONT_s9_bola_RedBullPlayStreets,1789325491.347,0.1032,15104,12,0,13658425.2,84853647.7,2
CONT_s9_bola_RedBullPlayStreets,1789325491.45,0.1029,15104,12,0,13594502.5,84919667.6,2
CONT_s9_bola_RedBullPlayStreets,1789325491.553,0.1031,22656,18,0,13519241.8,84794596.9,2
CONT_s9_bola_RedBullPlayStreets,1789325491.656,0.1031,15104,12,0,13474954.5,85100125.8,2
CONT_s9_bola_RedBullPlayStreets,1789325491.759,0.1031,15104,12,0,13423196.5,84750894.6,2
CONT_s9_bola_RedBullPlayStreets,1789325491.863,0.103,22656,18,0,13364830.5,84730161.7,2
CONT_s9_bola_RedBullPlayStreets,1789325491.966,0.1031,15104,12,0,13330071.3,84888589.5,2
CONT_s9_bola_RedBullPlayStreets,1789325492.069,0.103,22656,18,0,13280169.8,84792529.1,2
CONT_s9_bola_RedBullPlayStreets,1789325492.172,0.1032,15104,12,0,13251368.7,84857567.1,2
CONT_s9_bola_RedBullPlayStreets,1789325492.275,0.103,15104,12,0,13223896.5,84877767.3,2
CONT_s9_bola_RedBullPlayStreets,1789325492.378,0.1031,22656,18,0,13192600.2,85181261.0,2
CONT_s9_bola_RedBullPlayStreets,1789325492.481,0.1031,15104,12,0,13173602.3,85262045.0,2
CONT_s9_bola_RedBullPlayStreets,1789325492.584,0.103,22656,18,0,13148020.5,85243347.2,2
CONT_s9_bola_RedBullPlayStreets,1789325492.687,0.1031,15104,12,0,13136607.3,85273535.3,2
CONT_s9_bola_RedBullPlayStreets,1789325492.79,0.1031,15104,12,0,13139809.7,84922903.5,2
CONT_s9_bola_RedBullPlayStreets,1789325492.893,0.1031,22656,18,0,13135201.7,84894696.8,2
CONT_s9_bola_RedBullPlayStreets,1789325492.996,0.103,15104,12,0,13126453.0,84803596.0,2
CONT_s9_bola_RedBullPlayStreets,1789325493.099,0.1029,15104,12,0,13118350.7,84963562.5,2
CONT_s9_bola_RedBullPlayStreets,1789325493.202,0.1034,22656,18,0,13101168.0,84814485.8,2
CONT_s9_bola_RedBullPlayStreets,1789325493.306,0.1031,15104,12,0,13097606.7,84870087.7,2
CONT_s9_bola_RedBullPlayStreets,1789325493.409,0.1034,22656,18,0,13095389.2,85075056.7,2
CONT_s9_bola_RedBullPlayStreets,1789325493.512,0.1031,15104,12,0,13101713.7,84601590.2,2
CONT_s9_bola_RedBullPlayStreets,1789325493.615,0.103,15104,12,0,13102640.3,84918815.8,2
CONT_s9_bola_RedBullPlayStreets,1789325493.718,0.1031,22656,18,0,13111201.8,84777913.1,2
CONT_s9_bola_RedBullPlayStreets,1789325493.821,0.1031,15104,12,0,13103717.7,85168926.8,2
CONT_s9_bola_RedBullPlayStreets,1789325493.924,0.103,22656,18,0,13114373.2,84571309.8,2
CONT_s9_bola_RedBullPlayStreets,1789325494.027,0.1031,15104,12,0,13109699.0,85181866.5,2
CONT_s9_bola_RedBullPlayStreets,1789325494.134,0.1064,15104,12,0,13107898.3,85064496.7,2
CONT_s9_bola_RedBullPlayStreets,1789325494.237,0.1032,22656,18,0,13107471.7,84931676.4,2
CONT_s9_bola_RedBullPlayStreets,1789325494.34,0.1031,15104,12,0,13108484.7,84852350.0,2
CONT_s9_bola_RedBullPlayStreets,1789325494.443,0.1029,22656,18,0,13112695.3,84644967.0,2
CONT_s9_bola_RedBullPlayStreets,1789325494.546,0.1031,15104,12,0,13109986.5,84945583.6,2
CONT_s9_bola_RedBullPlayStreets,1789325494.649,0.103,15104,12,0,13101476.2,85026450.9,2
CONT_s9_bola_RedBullPlayStreets,1789325494.753,0.1039,22656,18,0,13108181.3,85073133.3,2
CONT_s9_bola_RedBullPlayStreets,1789325494.856,0.1031,15104,12,0,13107820.3,84614112.7,2
CONT_s9_bola_RedBullPlayStreets,1789325494.959,0.103,22656,18,0,13113247.0,84931295.6,2
CONT_s9_bola_RedBullPlayStreets,1789325495.062,0.103,15104,12,0,13112759.0,84553966.4,2
CONT_s9_bola_RedBullPlayStreets,1789325495.165,0.103,15104,12,0,13108428.8,84862159.9,2
CONT_s9_bola_RedBullPlayStreets,1789325495.268,0.1031,22656,18,0,13108947.7,84852885.1,2
CONT_s9_bola_RedBullPlayStreets,1789325495.371,0.1031,15104,12,0,13110007.0,84808523.8,2
CONT_s9_bola_RedBullPlayStreets,1789325495.474,0.103,15104,12,0,13106617.0,85041001.2,2
CONT_s9_bola_RedBullPlayStreets,1789325495.577,0.1031,22656,18,0,13094945.3,85168223.9,2
CONT_s9_bola_RedBullPlayStreets,1789325495.68,0.103,15104,12,0,13087227.0,85249760.8,2
CONT_s9_bola_RedBullPlayStreets,1789325495.783,0.1031,22656,18,0,13073892.3,85185914.0,2
CONT_s9_bola_RedBullPlayStreets,1789325495.886,0.103,15104,12,0,13071607.5,85164824.0,2
CONT_s9_bola_RedBullPlayStreets,1789325495.989,0.103,15104,12,0,13066583.7,85126932.0,2
CONT_s9_bola_RedBullPlayStreets,1789325496.093,0.103,22656,18,0,13059746.2,85193808.0,2
CONT_s9_bola_RedBullPlayStreets,1789325496.195,0.103,15104,12,0,13059827.8,85280223.5,2
CONT_s9_bola_RedBullPlayStreets,1789325496.299,0.103,22656,18,0,13055305.7,85104685.9,2
CONT_s9_bola_RedBullPlayStreets,1789325496.402,0.103,13432,12,0,12567840.2,52083326.4,2
CONT_s9_bola_RedBullPlayStreets,1789325496.505,0.103,22656,18,0,13576354.0,85246235.5,2
CONT_s9_bola_RedBullPlayStreets,1789325496.608,0.103,15104,12,0,13530931.3,85224983.7,2
CONT_s9_bola_RedBullPlayStreets,1789325496.711,0.103,15104,12,0,13494273.0,85227300.5,2
CONT_s9_bola_RedBullPlayStreets,1789325496.814,0.103,22656,18,0,13420947.0,85027364.7,2
CONT_s9_bola_RedBullPlayStreets,1789325496.917,0.1031,15104,12,0,13379042.3,85138668.4,2
CONT_s9_bola_RedBullPlayStreets,1789325497.02,0.103,22656,18,0,13322963.8,85209531.9,2
CONT_s9_bola_RedBullPlayStreets,1789325497.123,0.103,15104,12,0,13292953.5,85117401.4,2
CONT_s9_bola_RedBullPlayStreets,1789325497.226,0.1031,15104,12,0,13265838.8,85003335.4,2
CONT_s9_bola_RedBullPlayStreets,1789325497.329,0.1031,22656,18,0,13225906.7,85062462.9,2
CONT_s9_bola_RedBullPlayStreets,1789325497.432,0.103,15104,12,0,13202259.5,85229108.5,2
CONT_s9_bola_RedBullPlayStreets,1789325497.535,0.103,15104,12,0,13181080.8,85217258.0,2
CONT_s9_bola_RedBullPlayStreets,1789325497.638,0.1033,22656,18,0,13155161.8,85266390.3,2
CONT_s9_bola_RedBullPlayStreets,1789325497.743,0.1045,15104,12,0,13143164.0,85318181.0,2
CONT_s9_bola_RedBullPlayStreets,1789325497.846,0.1032,22656,18,0,13132019.2,84788478.7,2
CONT_s9_bola_RedBullPlayStreets,1789325497.949,0.103,15104,12,0,13128461.5,85112362.8,2
CONT_s9_bola_RedBullPlayStreets,1789325498.052,0.103,15104,12,0,13124849.7,84989286.6,2
CONT_s9_bola_RedBullPlayStreets,1789325498.155,0.1031,22656,18,0,13116511.5,85087263.0,2
CONT_s9_bola_RedBullPlayStreets,1789325498.259,0.104,15104,12,0,13107845.0,84738171.3,2
CONT_s9_bola_RedBullPlayStreets,1789325498.362,0.103,22656,18,0,13107915.5,85021274.6,2
CONT_s9_bola_RedBullPlayStreets,1789325498.465,0.1031,15104,12,0,13103896.7,85120231.9,2
CONT_s9_bola_RedBullPlayStreets,1789325498.568,0.103,15104,12,0,13106699.8,85149529.7,2
CONT_s9_bola_RedBullPlayStreets,1789325498.671,0.103,22656,18,0,13108563.3,84695151.9,2
CONT_s9_bola_RedBullPlayStreets,1789325498.774,0.1031,15104,12,0,13101257.0,85142874.0,2
CONT_s9_bola_RedBullPlayStreets,1789325498.877,0.103,22656,18,0,13103796.5,84716567.2,2
CONT_s9_bola_RedBullPlayStreets,1789325498.98,0.1031,15104,12,0,13115873.0,84896113.4,2
CONT_s9_bola_RedBullPlayStreets,1789325499.083,0.1031,15104,12,0,13110353.3,84737397.6,2
CONT_s9_bola_RedBullPlayStreets,1789325499.187,0.1031,22656,18,0,13100342.3,85005528.9,2
CONT_s9_bola_RedBullPlayStreets,1789325499.29,0.1031,15104,12,0,13090688.5,84983421.4,2
CONT_s9_bola_RedBullPlayStreets,1789325499.393,0.103,15104,12,0,13098049.2,85035116.5,2
CONT_s9_bola_RedBullPlayStreets,1789325499.496,0.1032,22656,18,0,13095215.0,84956523.0,2
CONT_s9_bola_RedBullPlayStreets,1789325499.599,0.1031,15104,12,0,13090254.7,84738493.3,2
CONT_s9_bola_RedBullPlayStreets,1789325499.702,0.1032,22656,18,0,13103214.2,84701899.0,2
CONT_s9_bola_RedBullPlayStreets,1789325499.805,0.103,15104,12,0,13102331.3,84843417.9,2
CONT_s9_bola_RedBullPlayStreets,1789325499.908,0.103,15104,12,0,13100535.3,84855885.8,2
CONT_s9_bola_RedBullPlayStreets,1789325500.011,0.103,22656,18,0,13102764.7,84916448.4,2
CONT_s9_bola_RedBullPlayStreets,1789325500.114,0.103,15104,12,0,13100825.7,84620523.4,2
CONT_s9_bola_RedBullPlayStreets,1789325500.217,0.1032,22656,18,0,13098516.0,84942674.4,2
CONT_s9_bola_RedBullPlayStreets,1789325500.32,0.1031,15104,12,0,13100158.5,84865656.4,2
CONT_s9_bola_RedBullPlayStreets,1789325500.423,0.1029,15104,12,0,13105508.0,84984189.3,2
CONT_s9_bola_RedBullPlayStreets,1789325500.526,0.103,22656,18,0,13102761.5,84739622.0,2
CONT_s9_bola_RedBullPlayStreets,1789325500.631,0.1049,15104,12,0,13100765.7,84841433.2,2
CONT_s9_bola_RedBullPlayStreets,1789325500.735,0.1033,22604,17,0,13846737.1,85126003.3,2
CONT_s9_bola_RedBullPlayStreets,1789325500.838,0.1032,15156,13,0,12146363.0,84285597.2,2
CONT_s9_bola_RedBullPlayStreets,1789325500.941,0.103,15104,12,0,13106856.5,84988253.6,2
CONT_s9_bola_RedBullPlayStreets,1789325501.044,0.1031,22656,18,0,13107954.0,84992049.6,2
CONT_s9_bola_RedBullPlayStreets,1789325501.147,0.1031,15104,12,0,13102877.3,84699181.9,2
CONT_s9_bola_RedBullPlayStreets,1789325501.252,0.1046,22604,17,0,13842704.6,85141588.8,2
CONT_s9_bola_RedBullPlayStreets,1789325501.355,0.103,15156,13,0,12135024.3,84379855.0,2
CONT_s9_bola_RedBullPlayStreets,1789325501.458,0.103,15104,12,0,13103105.2,85086139.8,2
CONT_s9_bola_RedBullPlayStreets,1789325501.561,0.103,22656,18,0,13097840.2,84879885.1,2
CONT_s9_bola_RedBullPlayStreets,1789325501.664,0.1031,15104,12,0,13093150.3,84867373.0,2
CONT_s9_bola_RedBullPlayStreets,1789325501.767,0.103,15104,12,0,13083403.2,84648321.9,2
CONT_s9_bola_RedBullPlayStreets,1789325501.87,0.103,22656,18,0,13087680.7,84908491.5,2
CONT_s9_bola_RedBullPlayStreets,1789325501.973,0.103,15104,12,0,13102578.7,85078151.2,2
CONT_s9_bola_RedBullPlayStreets,1789325502.076,0.103,22656,18,0,13107764.5,84783821.6,2
CONT_s9_bola_RedBullPlayStreets,1789325502.179,0.1031,15104,12,0,13105137.0,85089410.7,2
CONT_s9_bola_RedBullPlayStreets,1789325502.282,0.1031,21376,18,0,13073141.2,63543155.3,2
CONT_s9_bola_RedBullPlayStreets,1789325502.385,0.103,15104,12,0,13704935.8,85290593.7,2
CONT_s9_bola_RedBullPlayStreets,1789325502.488,0.103,15104,12,0,13624799.0,85221692.7,2
CONT_s9_bola_RedBullPlayStreets,1789325502.591,0.1031,22656,18,0,13518303.5,85179769.1,2
CONT_s9_bola_RedBullPlayStreets,1789325502.694,0.1032,15104,12,0,13460508.7,85234488.9,2
CONT_s9_bola_RedBullPlayStreets,1789325502.797,0.1031,22604,17,0,14065950.1,85369126.6,2
CONT_s9_bola_RedBullPlayStreets,1789325502.9,0.103,15156,13,0,12482030.5,84881937.4,2
CONT_s9_bola_RedBullPlayStreets,1789325503.003,0.103,15104,12,0,13328868.2,84712584.3,2
CONT_s9_bola_RedBullPlayStreets,1789325503.106,0.103,22656,18,0,13295390.7,85016850.8,2
CONT_s9_bola_RedBullPlayStreets,1789325503.209,0.1032,15104,12,0,13270153.3,84679724.0,2
CONT_s9_bola_RedBullPlayStreets,1789325503.312,0.1031,15104,12,0,13251434.5,84797746.6,2
CONT_s9_bola_RedBullPlayStreets,1789325503.416,0.1031,22656,18,0,13230604.7,84840298.4,2
CONT_s9_bola_RedBullPlayStreets,1789325503.519,0.1031,15104,12,0,13208354.8,84727108.1,2
CONT_s9_bola_RedBullPlayStreets,1789325503.622,0.103,22656,18,0,13191101.7,85005203.8,2
CONT_s9_bola_RedBullPlayStreets,1789325503.725,0.1036,15104,12,0,13172579.8,84828860.3,2
CONT_s9_bola_RedBullPlayStreets,1789325503.829,0.1031,15104,12,0,13165009.3,84975989.4,2
CONT_s9_bola_RedBullPlayStreets,1789325503.931,0.1029,22656,18,0,13153750.2,84904086.7,2
CONT_s9_bola_RedBullPlayStreets,1789325504.034,0.103,15104,12,0,13152324.2,84934801.1,2
CONT_s9_bola_RedBullPlayStreets,1789325504.138,0.1034,22656,18,0,13141424.5,84870706.0,2
CONT_s9_bola_RedBullPlayStreets,1789325504.241,0.1031,15104,12,0,13137202.2,84813907.0,2
CONT_s9_bola_RedBullPlayStreets,1789325504.344,0.103,15104,12,0,13125196.8,84943446.4,2
CONT_s9_bola_RedBullPlayStreets,1789325504.447,0.1029,22656,18,0,13115413.2,85048058.0,2
CONT_s9_bola_RedBullPlayStreets,1789325504.55,0.103,15104,12,0,13102792.3,85128955.7,2
CONT_s9_bola_RedBullPlayStreets,1789325504.653,0.103,15104,12,0,13095570.5,85041031.3,2
CONT_s9_bola_RedBullPlayStreets,1789325504.756,0.1033,22656,18,0,13086771.7,84959558.8,2
CONT_s9_bola_RedBullPlayStreets,1789325504.859,0.1029,15104,12,0,13081092.7,85081054.6,2
CONT_s9_bola_RedBullPlayStreets,1789325504.962,0.1029,22656,18,0,13079918.7,84836404.8,2
CONT_s9_bola_RedBullPlayStreets,1789325505.065,0.103,15104,12,0,13088322.7,84683649.1,2
CONT_s9_bola_RedBullPlayStreets,1789325505.168,0.103,15104,12,0,13087004.2,84889735.5,2
CONT_s9_bola_RedBullPlayStreets,1789325505.271,0.103,22656,18,0,13095234.2,85128613.3,2
CONT_s9_bola_RedBullPlayStreets,1789325505.374,0.103,15104,12,0,13100413.5,84736466.5,2
CONT_s9_bola_RedBullPlayStreets,1789325505.477,0.103,22656,18,0,13107887.0,84947313.9,2
CONT_s9_bola_RedBullPlayStreets,1789325505.58,0.1031,15104,12,0,13099899.8,85167679.3,2
CONT_s9_bola_RedBullPlayStreets,1789325505.683,0.1031,15104,12,0,13090627.7,85185505.0,2
CONT_s9_bola_RedBullPlayStreets,1789325505.786,0.103,22656,18,0,13077742.0,85184109.3,2
CONT_s9_bola_RedBullPlayStreets,1789325505.889,0.103,15104,12,0,13073480.0,85208106.3,2
CONT_s9_bola_RedBullPlayStreets,1789325505.992,0.103,15104,12,0,13068476.5,85121681.3,2
CONT_s9_bola_RedBullPlayStreets,1789325506.095,0.1032,22656,18,0,13070309.5,85190670.4,2
CONT_s9_bola_RedBullPlayStreets,1789325506.199,0.1031,15104,12,0,13069735.2,85025724.2,2
CONT_s9_bola_RedBullPlayStreets,1789325506.302,0.1031,22656,18,0,13066675.7,85197258.0,2
CONT_s9_bola_RedBullPlayStreets,1789325506.405,0.1029,15104,12,0,13062314.7,85237728.7,2
CONT_s9_bola_RedBullPlayStreets,1789325506.508,0.103,15104,12,0,13061056.7,85222642.2,2
CONT_s9_bola_RedBullPlayStreets,1789325506.611,0.103,22656,18,0,13063475.2,85012031.3,2
CONT_s9_bola_RedBullPlayStreets,1789325506.714,0.1031,15104,12,0,13058379.5,84978824.1,2
CONT_s9_bola_RedBullPlayStreets,1789325506.817,0.1031,22656,18,0,13065197.2,84796124.1,2
CONT_s9_bola_RedBullPlayStreets,1789325506.92,0.1029,18165,16,0,12755250.8,44918947.5,2
CONT_s9_bola_RedBullPlayStreets,1789325507.023,0.103,15104,12,0,13631652.2,84892160.3,2
CONT_s9_bola_RedBullPlayStreets,1789325507.126,0.103,15104,12,0,13570919.2,85065099.8,2
CONT_s9_bola_RedBullPlayStreets,1789325507.229,0.1033,22656,18,0,13484100.2,84979204.2,2
CONT_s9_bola_RedBullPlayStreets,1789325507.332,0.1031,15104,12,0,13434219.3,85195002.7,2
CONT_s9_bola_RedBullPlayStreets,1789325507.435,0.1029,22656,18,0,13371376.3,84959367.8,2
CONT_s9_bola_RedBullPlayStreets,1789325507.538,0.1031,15104,12,0,13328177.0,85242070.3,2
CONT_s9_bola_RedBullPlayStreets,1789325507.641,0.1033,15104,12,0,13300978.5,85260733.5,2
CONT_s9_bola_RedBullPlayStreets,1789325507.746,0.1047,22656,18,0,13260764.2,85150523.0,2
CONT_s9_bola_RedBullPlayStreets,1789325507.849,0.1032,15104,12,0,13235758.5,85261157.8,2
CONT_s9_bola_RedBullPlayStreets,1789325507.952,0.1029,22604,17,0,13932003.4,85290592.0,2
CONT_s9_bola_RedBullPlayStreets,1789325508.055,0.1031,15156,13,0,12266650.8,84739318.0,2
CONT_s9_bola_RedBullPlayStreets,1789325508.158,0.1031,15104,12,0,13186542.0,84881140.9,2
CONT_s9_bola_RedBullPlayStreets,1789325508.261,0.1031,22656,18,0,13169817.5,84713002.4,2
CONT_s9_bola_RedBullPlayStreets,1789325508.364,0.103,15104,12,0,13164545.3,84938440.7,2
CONT_s9_bola_RedBullPlayStreets,1789325508.467,0.103,15104,12,0,13160700.0,85101868.0,2
CONT_s9_bola_RedBullPlayStreets,1789325508.57,0.1031,22656,18,0,13152182.5,84986563.3,2
CONT_s9_bola_RedBullPlayStreets,1789325508.674,0.1032,15104,12,0,13143820.2,84864983.7,2
CONT_s9_bola_RedBullPlayStreets,1789325508.777,0.1031,22656,18,0,13135943.2,84828333.0,2
CONT_s9_bola_RedBullPlayStreets,1789325508.88,0.103,15104,12,0,13129483.0,85100635.9,2
CONT_s9_bola_RedBullPlayStreets,1789325508.983,0.103,15104,12,0,13123536.0,84655940.5,2
CONT_s9_bola_RedBullPlayStreets,1789325509.086,0.103,22656,18,0,13117237.2,84968137.7,2
CONT_s9_bola_RedBullPlayStreets,1789325509.189,0.1034,15104,12,0,13112131.2,84729394.3,2
CONT_s9_bola_RedBullPlayStreets,1789325509.292,0.1031,22656,18,0,13127776.3,85105417.8,2
CONT_s9_bola_RedBullPlayStreets,1789325509.395,0.1029,15104,12,0,13124763.2,84896557.6,2
CONT_s9_bola_RedBullPlayStreets,1789325509.498,0.1031,15104,12,0,13121880.3,85067234.4,2
CONT_s9_bola_RedBullPlayStreets,1789325509.601,0.103,22656,18,0,13120338.8,84977545.3,2
CONT_s9_bola_RedBullPlayStreets,1789325509.704,0.103,15104,12,0,13121729.3,84904474.7,2
CONT_s9_bola_RedBullPlayStreets,1789325509.807,0.103,15104,12,0,13110719.0,84809780.7,2
CONT_s9_bola_RedBullPlayStreets,1789325509.91,0.1029,22656,18,0,13118445.7,84742291.2,2
CONT_s9_bola_RedBullPlayStreets,1789325510.013,0.103,15104,12,0,13112529.5,85120094.1,2
CONT_s9_bola_RedBullPlayStreets,1789325510.116,0.1031,22656,18,0,13103434.7,84920971.5,2
CONT_s9_bola_RedBullPlayStreets,1789325510.219,0.1032,15104,12,0,13095831.8,85239386.0,2
CONT_s9_bola_RedBullPlayStreets,1789325510.322,0.103,15104,12,0,13097660.3,84818486.7,2
CONT_s9_bola_RedBullPlayStreets,1789325510.425,0.1029,22656,18,0,13103097.3,84798027.0,2
CONT_s9_bola_RedBullPlayStreets,1789325510.529,0.1035,14415,13,0,12137224.2,79373020.0,2
CONT_s9_bola_RedBullPlayStreets,1789325510.636,0.1067,22656,18,0,13518753.8,60427320.7,2
CONT_s9_bola_RedBullPlayStreets,1789325510.739,0.103,15104,12,0,13534036.0,85264111.1,2
CONT_s9_bola_RedBullPlayStreets,1789325510.842,0.1031,22656,18,0,13497465.5,85178055.6,2
CONT_s9_bola_RedBullPlayStreets,1789325510.945,0.103,15104,12,0,13460208.2,84874516.2,2
CONT_s9_bola_RedBullPlayStreets,1789325511.048,0.1031,15104,12,0,13418518.8,84650937.0,2
CONT_s9_bola_RedBullPlayStreets,1789325511.151,0.103,22656,18,0,13358030.7,84987313.0,2
CONT_s9_bola_RedBullPlayStreets,1789325511.254,0.1037,15104,12,0,13317725.0,85189576.1,2
CONT_s9_bola_RedBullPlayStreets,1789325511.357,0.1031,22604,17,0,13972062.4,85409081.3,2
CONT_s9_bola_RedBullPlayStreets,1789325511.46,0.103,15156,13,0,12325566.5,84962990.4,2
CONT_s9_bola_RedBullPlayStreets,1789325511.564,0.1031,15104,12,0,13213698.5,85216898.0,2
CONT_s9_bola_RedBullPlayStreets,1789325511.667,0.103,22656,18,0,13181379.3,85212923.5,2
CONT_s9_bola_RedBullPlayStreets,1789325511.77,0.1031,15104,12,0,13162348.8,85226223.4,2
CONT_s9_bola_RedBullPlayStreets,1789325511.873,0.103,15104,12,0,13146251.5,85293817.5,2
CONT_s9_bola_RedBullPlayStreets,1789325511.976,0.1031,22656,18,0,13131092.7,85298348.2,2
CONT_s9_bola_RedBullPlayStreets,1789325512.079,0.1031,15104,12,0,13121237.0,85113958.6,2
CONT_s9_bola_RedBullPlayStreets,1789325512.182,0.1032,22656,18,0,13106397.5,85199584.9,2
CONT_s9_bola_RedBullPlayStreets,1789325512.285,0.1031,15104,12,0,13116048.5,85233370.8,2
CONT_s9_bola_RedBullPlayStreets,1789325512.388,0.1029,15104,12,0,13130294.7,84884757.6,2
CONT_s9_bola_RedBullPlayStreets,1789325512.491,0.1031,22656,18,0,13120201.3,85011777.1,2
CONT_s9_bola_RedBullPlayStreets,1789325512.594,0.103,15104,12,0,13120330.3,85226335.9,2
CONT_s9_bola_RedBullPlayStreets,1789325512.697,0.103,22604,17,0,13848727.9,85329672.1,2
CONT_s9_bola_RedBullPlayStreets,1789325512.8,0.1031,15156,13,0,12131277.1,84981639.9,2
CONT_s9_bola_RedBullPlayStreets,1789325512.903,0.103,15104,12,0,13096584.2,85131451.3,2
CONT_s9_bola_RedBullPlayStreets,1789325513.006,0.103,22656,18,0,13099704.8,85274096.0,2
CONT_s9_bola_RedBullPlayStreets,1789325513.109,0.103,15104,12,0,13093553.8,84814198.1,2
CONT_s9_bola_RedBullPlayStreets,1789325513.212,0.1032,15442,13,0,12586200.9,82511592.1,2
CONT_s9_bola_RedBullPlayStreets,1789325513.316,0.1032,22656,18,0,13712604.8,60606392.1,2
CONT_s9_bola_RedBullPlayStreets,1789325513.419,0.103,15104,12,0,13648604.5,84631982.4,2
CONT_s9_bola_RedBullPlayStreets,1789325513.522,0.103,22656,18,0,13562909.2,84922069.8,2
CONT_s9_bola_RedBullPlayStreets,1789325513.625,0.1031,15104,12,0,13507591.5,84772334.1,2
CONT_s9_bola_RedBullPlayStreets,1789325513.728,0.1032,15104,12,0,13453631.3,85068191.2,2
CONT_s9_bola_RedBullPlayStreets,1789325513.831,0.1031,22656,18,0,13392435.7,84829545.7,2
CONT_s9_bola_RedBullPlayStreets,1789325513.934,0.1031,15104,12,0,13346434.2,85275863.4,2
CONT_s9_bola_RedBullPlayStreets,1789325514.037,0.1035,22656,18,0,13300391.3,85240619.6,2
CONT_s9_bola_RedBullPlayStreets,1789325514.141,0.1031,15497,16,0,10742643.9,83130453.6,4
CONT_s9_bola_RedBullPlayStreets,1789325514.246,0.105,21260,19,0,11517557.3,82133674.1,4
CONT_s9_bola_RedBullPlayStreets,1789325514.349,0.1033,18156,15,0,16473050.5,119450841.7,4
CONT_s9_bola_RedBullPlayStreets,1789325514.452,0.1031,18104,14,0,18595491.0,122299718.0,4
CONT_s9_bola_RedBullPlayStreets,1789325514.555,0.1033,13708,13,0,22969427.2,144825741.1,4
CONT_s9_bola_RedBullPlayStreets,1789325514.658,0.1032,21208,18,0,25551205.8,135797144.8,4
CONT_s9_bola_RedBullPlayStreets,1789325514.762,0.1032,13656,12,0,30029659.6,145239335.3,4
CONT_s9_bola_RedBullPlayStreets,1789325514.865,0.1033,21208,18,0,28394135.2,135947072.3,4
CONT_s9_bola_RedBullPlayStreets,1789325514.968,0.1032,18156,15,0,26535206.0,136051779.1,4
CONT_s9_bola_RedBullPlayStreets,1789325515.071,0.1032,18156,15,0,26433966.6,121672439.2,4
CONT_s9_bola_RedBullPlayStreets,1789325515.175,0.1033,13656,12,0,37230292.8,145112427.3,4
CONT_s9_bola_RedBullPlayStreets,1789325515.278,0.1032,21208,18,0,33373507.6,135878384.5,4
CONT_s9_bola_RedBullPlayStreets,1789325515.381,0.1032,21208,18,0,34207570.7,135817942.3,4
CONT_s9_bola_RedBullPlayStreets,1789325515.484,0.1033,13656,12,0,39791533.2,145056208.2,4
CONT_s9_bola_RedBullPlayStreets,1789325515.587,0.1032,21208,18,0,34321469.0,136133588.3,4
CONT_s9_bola_RedBullPlayStreets,1789325515.691,0.1034,18156,15,0,30305036.2,136261445.9,4
CONT_s9_bola_RedBullPlayStreets,1789325515.794,0.1033,18156,15,0,29781793.3,122166205.0,4
CONT_s9_bola_RedBullPlayStreets,1789325515.897,0.1031,13656,12,0,42650682.2,145471473.5,4
CONT_s9_bola_RedBullPlayStreets,1789325516.0,0.1032,21208,18,0,36735047.4,135917217.3,4
CONT_s9_bola_RedBullPlayStreets,1789325516.104,0.1032,21208,18,0,37037836.7,136049420.1,4
CONT_s9_bola_RedBullPlayStreets,1789325516.207,0.1033,13656,12,0,43021049.2,145075620.3,4
CONT_s9_bola_RedBullPlayStreets,1789325516.31,0.1033,21208,18,0,36376255.8,135686103.8,4
CONT_s9_bola_RedBullPlayStreets,1789325516.413,0.1031,18156,15,0,31681355.5,136118640.5,4
CONT_s9_bola_RedBullPlayStreets,1789325516.516,0.1032,18156,15,0,31033337.1,122111694.2,4
CONT_s9_bola_RedBullPlayStreets,1789325516.62,0.1032,13656,12,0,44620268.3,145401936.4,4
CONT_s9_bola_RedBullPlayStreets,1789325516.723,0.1033,21208,18,0,37996728.4,136113388.1,4
CONT_s9_bola_RedBullPlayStreets,1789325516.826,0.1032,21156,17,0,38445652.1,136194692.6,4
CONT_s9_bola_RedBullPlayStreets,1789325516.929,0.1031,13708,13,0,43334672.7,144472808.9,4
CONT_s9_bola_RedBullPlayStreets,1789325517.033,0.1032,21208,18,0,37196212.1,136323483.3,4
CONT_s9_bola_RedBullPlayStreets,1789325517.136,0.1037,18156,15,0,32234555.5,136247224.3,4
CONT_s9_bola_RedBullPlayStreets,1789325517.24,0.1034,18156,15,0,31519465.0,121658101.0,4
CONT_s9_bola_RedBullPlayStreets,1789325517.343,0.1033,13656,12,0,45397480.6,145441698.2,4
CONT_s9_bola_RedBullPlayStreets,1789325517.446,0.103,21208,18,0,38510562.3,135839641.9,4
CONT_s9_bola_RedBullPlayStreets,1789325517.549,0.1033,13656,12,0,44693154.8,145179285.7,4
CONT_s9_bola_RedBullPlayStreets,1789325517.653,0.1032,21208,18,0,37489511.8,136324504.7,4
CONT_s9_bola_RedBullPlayStreets,1789325517.756,0.1038,21208,18,0,37537981.9,136401482.9,4
CONT_s9_bola_RedBullPlayStreets,1789325517.859,0.1031,17335,17,0,38388824.8,120563718.7,4
CONT_s9_bola_RedBullPlayStreets,1789325517.963,0.1032,18156,15,0,32255138.4,91768939.4,4
CONT_s9_bola_RedBullPlayStreets,1789325518.066,0.1032,18156,15,0,31541683.9,121667451.8,4
CONT_s9_bola_RedBullPlayStreets,1789325518.169,0.1032,13656,12,0,45015150.4,145306956.3,4
CONT_s9_bola_RedBullPlayStreets,1789325518.272,0.1033,21208,18,0,38415407.2,135948200.5,4
CONT_s9_bola_RedBullPlayStreets,1789325518.375,0.1032,21208,18,0,38489200.3,136054454.2,4
CONT_s9_bola_RedBullPlayStreets,1789325518.479,0.1032,13656,12,0,44577808.8,145245518.9,4
CONT_s9_bola_RedBullPlayStreets,1789325518.582,0.1033,21208,18,0,37517054.9,136102526.8,4
CONT_s9_bola_RedBullPlayStreets,1789325518.685,0.1033,18156,15,0,32535941.7,136165675.2,4
CONT_s9_bola_RedBullPlayStreets,1789325518.789,0.1033,18156,15,0,31803652.3,122148452.9,4
CONT_s9_bola_RedBullPlayStreets,1789325518.892,0.1032,13656,12,0,45629545.2,145584017.9,4
CONT_s9_bola_RedBullPlayStreets,1789325518.995,0.1032,21208,18,0,38732353.8,136072414.7,4
CONT_s9_bola_RedBullPlayStreets,1789325519.098,0.1032,13656,12,0,44900747.2,145210376.4,4
CONT_s9_bola_RedBullPlayStreets,1789325519.201,0.1032,21208,18,0,37691017.6,135869351.1,4
CONT_s9_bola_RedBullPlayStreets,1789325519.305,0.1032,21208,18,0,37715231.2,136018012.4,4
CONT_s9_bola_RedBullPlayStreets,1789325519.408,0.1031,18156,15,0,32638213.1,136173180.0,4
CONT_s9_bola_RedBullPlayStreets,1789325519.511,0.1033,18150,16,0,31968914.7,117905687.6,4
CONT_s9_bola_RedBullPlayStreets,1789325519.614,0.1032,14009,14,0,53764513.9,123216756.8,4
CONT_s9_bola_RedBullPlayStreets,1789325519.718,0.1034,21208,18,0,34874282.4,92996794.4,4
CONT_s9_bola_RedBullPlayStreets,1789325519.821,0.1033,18156,15,0,31072463.3,136244812.7,4
CONT_s9_bola_RedBullPlayStreets,1789325519.924,0.1032,18156,15,0,30603168.5,121890022.8,4
CONT_s9_bola_RedBullPlayStreets,1789325520.027,0.1032,13656,12,0,43447561.0,145281981.9,4
CONT_s9_bola_RedBullPlayStreets,1789325520.133,0.1055,21208,18,0,37533836.3,135991907.1,4
CONT_s9_bola_RedBullPlayStreets,1789325520.236,0.1034,21208,18,0,37790224.9,136275378.7,4
CONT_s9_bola_RedBullPlayStreets,1789325520.34,0.1033,13656,12,0,43753350.8,145517070.6,4
CONT_s9_bola_RedBullPlayStreets,1789325520.443,0.1031,21208,18,0,37051359.6,136348835.9,4
CONT_s9_bola_RedBullPlayStreets,1789325520.546,0.1033,18156,15,0,32283884.6,136488170.3,4
CONT_s9_bola_RedBullPlayStreets,1789325520.649,0.1032,18156,15,0,31580970.3,122262125.1,4
CONT_s9_bola_RedBullPlayStreets,1789325520.755,0.1058,21156,17,0,37459173.1,136594052.1,4
CONT_s9_bola_RedBullPlayStreets,1789325520.858,0.1034,13708,13,0,44510089.2,145020939.5,4
CONT_s9_bola_RedBullPlayStreets,1789325520.961,0.1032,21208,18,0,38571630.7,136198155.9,4
CONT_s9_bola_RedBullPlayStreets,1789325521.065,0.1033,13656,12,0,44721208.2,145583282.2,4
CONT_s9_bola_RedBullPlayStreets,1789325521.168,0.1032,21208,18,0,37594757.0,136067819.9,4
CONT_s9_bola_RedBullPlayStreets,1789325521.271,0.1032,18156,15,0,32583249.5,136119756.5,4
CONT_s9_bola_RedBullPlayStreets,1789325521.374,0.1032,18156,15,0,31839650.1,121813913.4,4
CONT_s9_bola_RedBullPlayStreets,1789325521.478,0.1032,13656,12,0,45717492.8,145382391.5,4
CONT_s9_bola_RedBullPlayStreets,1789325521.581,0.1033,21208,18,0,38781064.8,136240756.8,4
CONT_s9_bola_RedBullPlayStreets,1789325521.684,0.1033,21208,18,0,38828411.6,135958841.1,4
CONT_s9_bola_RedBullPlayStreets,1789325521.787,0.1032,13656,12,0,45022458.1,145371377.5,4
CONT_s9_bola_RedBullPlayStreets,1789325521.891,0.1031,21208,18,0,37773802.0,135806298.7,4
CONT_s9_bola_RedBullPlayStreets,1789325521.994,0.1033,18156,15,0,32693637.9,136105771.4,4
CONT_s9_bola_RedBullPlayStreets,1789325522.097,0.1032,18156,15,0,31955316.9,122202542.3,4
CONT_s9_bola_RedBullPlayStreets,1789325522.2,0.1033,13656,12,0,45942737.1,145348201.2,4
CONT_s9_bola_RedBullPlayStreets,1789325522.304,0.1032,21208,18,0,38941403.0,136018531.2,4
CONT_s9_bola_RedBullPlayStreets,1789325522.407,0.1032,21208,18,0,38950553.9,135805931.3,4
CONT_s9_bola_RedBullPlayStreets,1789325522.51,0.1032,13628,13,0,44164467.8,139098987.3,4
CONT_s9_bola_RedBullPlayStreets,1789325522.613,0.1032,21208,18,0,37922369.9,102943517.7,4
CONT_s9_bola_RedBullPlayStreets,1789325522.717,0.1033,18156,15,0,32886242.9,136486936.7,4
CONT_s9_bola_RedBullPlayStreets,1789325522.82,0.1033,18156,15,0,32140628.8,122238489.6,4
CONT_s9_bola_RedBullPlayStreets,1789325522.923,0.1031,13656,12,0,46039488.0,145650468.4,4
CONT_s9_bola_RedBullPlayStreets,1789325523.026,0.1032,21208,18,0,39058379.4,136358397.1,4
CONT_s9_bola_RedBullPlayStreets,1789325523.131,0.1048,21208,18,0,39046887.3,136176107.3,4
CONT_s9_bola_RedBullPlayStreets,1789325523.234,0.1032,13656,12,0,45230961.2,145519861.3,4
CONT_s9_bola_RedBullPlayStreets,1789325523.338,0.1032,21208,18,0,37934324.6,135805613.4,4
CONT_s9_bola_RedBullPlayStreets,1789325523.441,0.1032,18156,15,0,32833491.5,136168086.3,4
CONT_s9_bola_RedBullPlayStreets,1789325523.544,0.1033,18156,15,0,32078590.9,121985647.5,4
CONT_s9_bola_RedBullPlayStreets,1789325523.648,0.1036,13656,12,0,46067056.8,145387974.1,4
CONT_s9_bola_RedBullPlayStreets,1789325523.753,0.1055,21208,18,0,39018416.6,135906915.2,4
CONT_s9_bola_RedBullPlayStreets,1789325523.856,0.1032,21208,18,0,39019998.1,135979980.1,4
CONT_s9_bola_RedBullPlayStreets,1789325523.959,0.1032,13656,12,0,45255562.2,145394059.5,4
CONT_s9_bola_RedBullPlayStreets,1789325524.063,0.1033,21208,18,0,37930390.1,136089094.5,4
CONT_s9_bola_RedBullPlayStreets,1789325524.166,0.1034,18156,15,0,32798648.9,136173496.3,4
CONT_s9_bola_RedBullPlayStreets,1789325524.269,0.1032,18156,15,0,32035740.3,121665302.2,4
CONT_s9_bola_RedBullPlayStreets,1789325524.373,0.1037,13708,13,0,48152030.8,144725107.5,4
CONT_s9_bola_RedBullPlayStreets,1789325524.476,0.1032,21196,18,0,36266313.6,131377312.1,4
CONT_s9_bola_RedBullPlayStreets,1789325524.579,0.1032,18104,14,0,28522087.1,110915017.0,3
CONT_s9_bola_RedBullPlayStreets,1789325524.683,0.1032,15104,12,0,20547201.2,93551982.3,2
CONT_s9_bola_RedBullPlayStreets,1789325524.786,0.1033,22656,18,0,18169236.5,84960392.7,2
CONT_s9_bola_RedBullPlayStreets,1789325524.889,0.1032,15104,12,0,17228523.5,84890405.1,2
CONT_s9_bola_RedBullPlayStreets,1789325524.992,0.1033,15104,12,0,16550086.3,85267874.8,2
CONT_s9_bola_RedBullPlayStreets,1789325525.096,0.1032,22656,18,0,15824141.2,85174794.6,2
CONT_s9_bola_RedBullPlayStreets,1789325525.199,0.1032,19905,17,0,15538258.8,77012746.7,2
CONT_s9_bola_RedBullPlayStreets,1789325525.302,0.1033,15104,12,0,15632646.7,37130271.3,2
CONT_s9_bola_RedBullPlayStreets,1789325525.405,0.1031,15104,12,0,15309254.7,84836317.6,2
CONT_s9_bola_RedBullPlayStreets,1789325525.508,0.1032,22656,18,0,14903825.0,85018647.0,2
CONT_s9_bola_RedBullPlayStreets,1789325525.612,0.1032,15104,12,0,14679335.8,84804390.4,2
CONT_s9_bola_RedBullPlayStreets,1789325525.715,0.1033,22656,18,0,14390062.5,84705089.2,2
CONT_s9_bola_RedBullPlayStreets,1789325525.818,0.1033,15104,12,0,14237135.3,84825532.8,2
CONT_s9_bola_RedBullPlayStreets,1789325525.921,0.1032,15104,12,0,14096914.0,85005246.1,2
CONT_s9_bola_RedBullPlayStreets,1789325526.025,0.1032,22656,18,0,13909534.2,84979265.5,2
CONT_s9_bola_RedBullPlayStreets,1789325526.128,0.1032,15104,12,0,13809523.2,85091643.2,2
CONT_s9_bola_RedBullPlayStreets,1789325526.231,0.1033,22656,18,0,13684956.5,84965447.6,2
CONT_s9_bola_RedBullPlayStreets,1789325526.334,0.1032,15104,12,0,13611695.7,84828208.1,2
CONT_s9_bola_RedBullPlayStreets,1789325526.437,0.1031,15104,12,0,13547590.8,84915887.9,2
CONT_s9_bola_RedBullPlayStreets,1789325526.541,0.1033,22656,18,0,13464010.7,85094521.0,2
CONT_s9_bola_RedBullPlayStreets,1789325526.644,0.1032,15104,12,0,13413660.3,84878005.0,2
CONT_s9_bola_RedBullPlayStreets,1789325526.749,0.1047,22656,18,0,13360512.8,85044550.5,2
CONT_s9_bola_RedBullPlayStreets,1789325526.852,0.1033,15104,12,0,13326071.8,84960506.6,2
CONT_s9_bola_RedBullPlayStreets,1789325526.955,0.1031,15104,12,0,13291698.7,84980746.5,2
CONT_s9_bola_RedBullPlayStreets,1789325527.058,0.1033,22656,18,0,13260699.7,84942439.5,2
CONT_s9_bola_RedBullPlayStreets,1789325527.161,0.1032,15104,12,0,13234437.8,84891007.2,2
CONT_s9_bola_RedBullPlayStreets,1789325527.265,0.1033,15104,12,0,13221591.3,84835970.1,2
CONT_s9_bola_RedBullPlayStreets,1789325527.368,0.1032,22656,18,0,13210719.0,84928869.9,2
CONT_s9_bola_RedBullPlayStreets,1789325527.471,0.1032,15104,12,0,13201175.2,84828281.8,2
CONT_s9_bola_RedBullPlayStreets,1789325527.574,0.1032,22656,18,0,13182169.8,84983818.2,2
CONT_s9_bola_RedBullPlayStreets,1789325527.678,0.1034,15104,12,0,13161691.2,85301439.2,2
CONT_s9_bola_RedBullPlayStreets,1789325527.781,0.1033,15104,12,0,13151205.0,85288477.1,2
CONT_s9_bola_RedBullPlayStreets,1789325527.884,0.1031,23224,20,0,12426437.2,48985288.7,2
CONT_s9_bola_RedBullPlayStreets,1789325527.987,0.1033,15104,12,0,13466849.8,85264696.7,2
CONT_s9_bola_RedBullPlayStreets,1789325528.091,0.1032,22656,18,0,13537464.0,85075081.7,2
CONT_s9_bola_RedBullPlayStreets,1789325528.194,0.1034,15104,12,0,13530782.8,84942251.8,2
CONT_s9_bola_RedBullPlayStreets,1789325528.297,0.1033,15104,12,0,13491916.5,84856613.5,2
CONT_s9_bola_RedBullPlayStreets,1789325528.4,0.1032,22656,18,0,13441084.5,84743384.7,2
CONT_s9_bola_RedBullPlayStreets,1789325528.503,0.1032,15104,12,0,13410669.2,85115564.9,2
CONT_s9_bola_RedBullPlayStreets,1789325528.607,0.1032,22656,18,0,13364067.2,84923576.1,2
CONT_s9_bola_RedBullPlayStreets,1789325528.71,0.1034,15104,12,0,13328538.2,85264728.2,2
CONT_s9_bola_RedBullPlayStreets,1789325528.813,0.1032,15104,12,0,13295269.8,84837298.1,2
CONT_s9_bola_RedBullPlayStreets,1789325528.916,0.1031,22656,18,0,13256792.2,84865946.1,2
CONT_s9_bola_RedBullPlayStreets,1789325529.02,0.1032,15104,12,0,13238487.2,85300693.5,2
CONT_s9_bola_RedBullPlayStreets,1789325529.123,0.1032,22656,18,0,13210115.7,84787194.6,2
CONT_s9_bola_RedBullPlayStreets,1789325529.226,0.1033,15104,12,0,13193995.5,85063918.8,2
CONT_s9_bola_RedBullPlayStreets,1789325529.329,0.1032,15104,12,0,13185471.5,84801609.6,2
CONT_s9_bola_RedBullPlayStreets,1789325529.432,0.1031,17946,16,0,12815272.0,57570148.5,2
CONT_s9_bola_RedBullPlayStreets,1789325529.536,0.1032,22656,18,0,13690076.2,85173668.3,2
CONT_s9_bola_RedBullPlayStreets,1789325529.639,0.1035,15104,12,0,13636832.2,84853960.0,2
CONT_s9_bola_RedBullPlayStreets,1789325529.743,0.1042,22656,18,0,13577161.0,84897723.2,2
CONT_s9_bola_RedBullPlayStreets,1789325529.847,0.1032,15104,12,0,13525705.8,84863268.4,2
CONT_s9_bola_RedBullPlayStreets,1789325529.95,0.1031,15104,12,0,13475734.0,84932402.0,2
CONT_s9_bola_RedBullPlayStreets,1789325530.053,0.1033,22656,18,0,13408844.3,84956552.9,2
CONT_s9_bola_RedBullPlayStreets,1789325530.156,0.1034,15104,12,0,13385706.0,85009515.1,2
CONT_s9_bola_RedBullPlayStreets,1789325530.259,0.1032,22656,18,0,13341109.2,84717831.5,2
CONT_s9_bola_RedBullPlayStreets,1789325530.363,0.1031,15104,12,0,13314893.0,85081428.7,2
CONT_s9_bola_RedBullPlayStreets,1789325530.466,0.1032,15104,12,0,13285856.8,84864724.8,2
CONT_s9_bola_RedBullPlayStreets,1789325530.569,0.1032,22656,18,0,13248614.8,84877566.7,2
CONT_s9_bola_RedBullPlayStreets,1789325530.672,0.1032,15104,12,0,13227296.8,84949969.2,2
CONT_s9_bola_RedBullPlayStreets,1789325530.775,0.1033,15104,12,0,13208421.0,84755724.4,2
CONT_s9_bola_RedBullPlayStreets,1789325530.879,0.1032,22656,18,0,13199653.2,84816920.3,2
CONT_s9_bola_RedBullPlayStreets,1789325530.982,0.1032,15104,12,0,13185625.2,84826650.9,2
CONT_s9_bola_RedBullPlayStreets,1789325531.085,0.1034,22656,18,0,13181608.5,85070595.1,2
CONT_s9_bola_RedBullPlayStreets,1789325531.188,0.1033,15104,12,0,13185985.0,84854693.6,2
CONT_s9_bola_RedBullPlayStreets,1789325531.292,0.1032,15104,12,0,13169450.8,84659624.9,2
CONT_s9_bola_RedBullPlayStreets,1789325531.395,0.1032,22656,18,0,13153705.7,85122830.4,2
CONT_s9_bola_RedBullPlayStreets,1789325531.498,0.1032,15104,12,0,13143705.2,84968000.0,2
CONT_s9_bola_RedBullPlayStreets,1789325531.601,0.1032,22656,18,0,13120126.8,84818401.8,2
CONT_s9_bola_RedBullPlayStreets,1789325531.705,0.1033,15104,12,0,13113300.7,85192048.8,2
CONT_s9_bola_RedBullPlayStreets,1789325531.808,0.1033,15104,12,0,13107115.8,84911122.9,2
CONT_s9_bola_RedBullPlayStreets,1789325531.911,0.1031,22656,18,0,13103123.2,84997552.7,2
CONT_s9_bola_RedBullPlayStreets,1789325532.014,0.1032,15104,12,0,13099999.8,84773225.0,2
CONT_s9_bola_RedBullPlayStreets,1789325532.117,0.1032,22210,18,0,12911996.5,84035019.1,2
CONT_s9_bola_RedBullPlayStreets,1789325532.221,0.1034,15551,13,0,12990467.5,36006642.8,2
CONT_s9_bola_RedBullPlayStreets,1789325532.324,0.1033,15104,12,0,13650506.8,84614382.6,2
CONT_s9_bola_RedBullPlayStreets,1789325532.427,0.1032,22656,18,0,13590436.5,84869867.3,2
CONT_s9_bola_RedBullPlayStreets,1789325532.53,0.1032,15104,12,0,13539692.5,84921813.8,2
CONT_s9_bola_RedBullPlayStreets,1789325532.635,0.1045,22656,18,0,13462118.7,85109519.8,2
CONT_s9_bola_RedBullPlayStreets,1789325532.738,0.1034,15104,12,0,13410383.7,85285198.1,2
CONT_s9_bola_RedBullPlayStreets,1789325532.842,0.1032,15104,12,0,13367406.0,85222875.5,2
CONT_s9_bola_RedBullPlayStreets,1789325532.945,0.1031,22656,18,0,13312477.2,85251952.7,2
CONT_s9_bola_RedBullPlayStreets,1789325533.048,0.1032,15104,12,0,13281277.0,85269277.7,2
CONT_s9_bola_RedBullPlayStreets,1789325533.151,0.1032,22656,18,0,13249843.8,85153111.8,2
CONT_s9_bola_RedBullPlayStreets,1789325533.255,0.1038,15104,12,0,13230596.3,84873990.9,2
CONT_s9_bola_RedBullPlayStreets,1789325533.358,0.1032,15104,12,0,13219062.3,84934745.3,2
CONT_s9_bola_RedBullPlayStreets,1789325533.461,0.1032,22656,18,0,13198612.7,84914355.7,2
CONT_s9_bola_RedBullPlayStreets,1789325533.565,0.1032,15104,12,0,13187771.3,85026338.9,2
CONT_s9_bola_RedBullPlayStreets,1789325533.668,0.1032,22604,17,0,13897515.4,85244389.0,2
CONT_s9_bola_RedBullPlayStreets,1789325533.771,0.1032,15156,13,0,12216186.6,84623787.3,2
CONT_s9_bola_RedBullPlayStreets,1789325533.874,0.1032,15104,12,0,13152662.8,84862335.3,2
CONT_s9_bola_RedBullPlayStreets,1789325533.977,0.1032,22656,18,0,13137219.5,84839896.2,2
CONT_s9_bola_RedBullPlayStreets,1789325534.081,0.1032,15104,12,0,13129860.3,85065710.9,2
CONT_s9_bola_RedBullPlayStreets,1789325534.184,0.1033,21335,18,0,12789732.8,79957143.4,2
CONT_s9_bola_RedBullPlayStreets,1789325534.287,0.1032,15104,12,0,13835575.8,39368409.5,2
CONT_s9_bola_RedBullPlayStreets,1789325534.39,0.1031,15104,12,0,13751299.7,84925775.4,2
CONT_s9_bola_RedBullPlayStreets,1789325534.493,0.1032,22656,18,0,13640310.8,84753270.5,2
CONT_s9_bola_RedBullPlayStreets,1789325534.597,0.1032,15104,12,0,13585896.5,84786236.1,2
CONT_s9_bola_RedBullPlayStreets,1789325534.7,0.1037,22656,18,0,13500464.3,84764264.1,2
CONT_s9_bola_RedBullPlayStreets,1789325534.804,0.1033,15104,12,0,13454350.8,85054299.1,2
CONT_s9_bola_RedBullPlayStreets,1789325534.907,0.1031,15104,12,0,13410255.3,84765379.9,2
CONT_s9_bola_RedBullPlayStreets,1789325535.01,0.1033,22656,18,0,13352312.7,85042140.1,2
CONT_s9_bola_RedBullPlayStreets,1789325535.113,0.1033,15104,12,0,13330911.0,84864503.6,2
CONT_s9_bola_RedBullPlayStreets,1789325535.217,0.1034,22656,18,0,13294317.2,84947232.6,2
CONT_s9_bola_RedBullPlayStreets,1789325535.32,0.1032,15104,12,0,13273245.8,84879168.1,2
CONT_s9_bola_RedBullPlayStreets,1789325535.423,0.1031,15104,12,0,13258448.2,84966225.3,2
CONT_s9_bola_RedBullPlayStreets,1789325535.526,0.1031,22656,18,0,13225672.8,84900568.7,2
CONT_s9_bola_RedBullPlayStreets,1789325535.631,0.1047,15104,12,0,13202841.3,85254351.6,2
CONT_s9_bola_RedBullPlayStreets,1789325535.734,0.1033,22656,18,0,13176332.0,85246036.5,2
CONT_s9_bola_RedBullPlayStreets,1789325535.837,0.1032,15104,12,0,13159178.7,85156669.3,2
CONT_s9_bola_RedBullPlayStreets,1789325535.94,0.1031,15104,12,0,13143875.7,85239863.8,2
CONT_s9_bola_RedBullPlayStreets,1789325536.044,0.1032,22656,18,0,13128357.3,85257387.4,2
CONT_s9_bola_RedBullPlayStreets,1789325536.147,0.1033,15104,12,0,13115676.7,85177579.7,2
CONT_s9_bola_RedBullPlayStreets,1789325536.251,0.104,22656,18,0,13109959.0,85200136.7,2
CONT_s9_bola_RedBullPlayStreets,1789325536.354,0.1032,18295,16,0,12943692.5,59101495.5,2
CONT_s9_bola_RedBullPlayStreets,1789325536.457,0.1032,15104,12,0,13772151.0,85253865.1,2
CONT_s9_bola_RedBullPlayStreets,1789325536.561,0.1032,15104,12,0,13683171.3,85303914.9,2
CONT_s9_bola_RedBullPlayStreets,1789325536.664,0.1032,22656,18,0,13568766.2,85180310.9,2
CONT_s9_bola_RedBullPlayStreets,1789325536.767,0.1032,15104,12,0,13509198.3,85192153.6,2
CONT_s9_bola_RedBullPlayStreets,1789325536.87,0.1032,22656,18,0,13437400.0,84947581.3,2
CONT_s9_bola_RedBullPlayStreets,1789325536.973,0.1032,15104,12,0,13392333.2,85150667.5,2
CONT_s9_bola_RedBullPlayStreets,1789325537.077,0.1032,15104,12,0,13348713.3,85084127.1,2
CONT_s9_bola_RedBullPlayStreets,1789325537.18,0.1032,22656,18,0,13296967.3,85009882.7,2
CONT_s9_bola_RedBullPlayStreets,1789325537.283,0.1032,15104,12,0,13268421.2,85252274.6,2
CONT_s9_bola_RedBullPlayStreets,1789325537.386,0.1032,15104,12,0,13256288.2,84783961.6,2
CONT_s9_bola_RedBullPlayStreets,1789325537.489,0.1032,22656,18,0,13222414.2,84731633.2,2
CONT_s9_bola_RedBullPlayStreets,1789325537.593,0.1033,15104,12,0,13206838.5,84665197.0,2
CONT_s9_bola_RedBullPlayStreets,1789325537.696,0.1034,22656,18,0,13176335.7,85006370.8,2
CONT_s9_bola_RedBullPlayStreets,1789325537.799,0.1032,15104,12,0,13159750.7,85223238.9,2
CONT_s9_bola_RedBullPlayStreets,1789325537.902,0.1032,15104,12,0,13147513.2,85189398.5,2
CONT_s9_bola_RedBullPlayStreets,1789325538.006,0.1032,22656,18,0,13131178.0,85223408.3,2
CONT_s9_bola_RedBullPlayStreets,1789325538.109,0.1032,15104,12,0,13117433.2,85273609.8,2
CONT_s9_bola_RedBullPlayStreets,1789325538.212,0.1033,22656,18,0,13124179.5,84908294.8,2
CONT_s9_bola_RedBullPlayStreets,1789325538.315,0.1032,15104,12,0,13130739.3,84864959.2,2
CONT_s9_bola_RedBullPlayStreets,1789325538.419,0.1032,15104,12,0,13131715.5,84877093.4,2
CONT_s9_bola_RedBullPlayStreets,1789325538.522,0.1035,24804,22,0,12777913.3,63526680.1,2
CONT_s9_bola_RedBullPlayStreets,1789325538.625,0.1035,15104,12,0,13547017.2,84625627.3,2
CONT_s9_bola_RedBullPlayStreets,1789325538.729,0.1034,15104,12,0,13569873.5,84863998.1,2
CONT_s9_bola_RedBullPlayStreets,1789325538.832,0.1033,22656,18,0,13550788.7,85002862.8,2
CONT_s9_bola_RedBullPlayStreets,1789325538.935,0.1033,15104,12,0,13506527.8,84990603.9,2
CONT_s9_bola_RedBullPlayStreets,1789325539.039,0.1032,22604,17,0,14095469.6,85282013.0,2
CONT_s9_bola_RedBullPlayStreets,1789325539.142,0.1034,15156,13,0,12545592.2,84832110.4,2
CONT_s9_bola_RedBullPlayStreets,1789325539.247,0.1049,15104,12,0,13362863.2,84647722.3,2
CONT_s9_bola_RedBullPlayStreets,1789325539.35,0.1033,22656,18,0,13312848.7,85087334.7,2
CONT_s9_bola_RedBullPlayStreets,1789325539.453,0.1032,15104,12,0,13284003.0,84842535.3,2
CONT_s9_bola_RedBullPlayStreets,1789325539.557,0.1033,22604,17,0,13956311.2,85238975.2,2
CONT_s9_bola_RedBullPlayStreets,1789325539.66,0.1033,15156,13,0,12303250.8,84601229.0,2
CONT_s9_bola_RedBullPlayStreets,1789325539.763,0.1033,15104,12,0,13201671.8,84878122.8,2
CONT_s9_bola_RedBullPlayStreets,1789325539.867,0.1033,22656,18,0,13181771.7,84875893.1,2
CONT_s9_bola_RedBullPlayStreets,1789325539.97,0.1032,15104,12,0,13168031.5,85063965.4,2
CONT_s9_bola_RedBullPlayStreets,1789325540.073,0.1033,15104,12,0,13161750.8,85222815.6,2
CONT_s9_bola_RedBullPlayStreets,1789325540.176,0.1032,22656,18,0,13144369.2,84860225.5,2
CONT_s9_bola_RedBullPlayStreets,1789325540.28,0.1033,15104,12,0,13143815.0,84836071.8,2
CONT_s9_bola_RedBullPlayStreets,1789325540.383,0.1031,22656,18,0,13139873.7,84758766.2,2
CONT_s9_bola_RedBullPlayStreets,1789325540.486,0.1032,15104,12,0,13132311.0,85226603.7,2
CONT_s9_bola_RedBullPlayStreets,1789325540.589,0.1032,15104,12,0,13122557.5,85172499.6,2
CONT_s9_bola_RedBullPlayStreets,1789325540.692,0.1032,8954,8,0,11782790.8,67555563.5,2
CONT_s9_bola_RedBullPlayStreets,1789325540.796,0.1032,0,0,0,0,0,0
CONT_s9_bola_RedBullPlayStreets,1789325540.899,0.1031,0,0,0,0,0,0
CONT_s9_bola_RedBullPlayStreets,1789325541.002,0.1032,0,0,0,0,0,0
CONT_s9_bola_RedBullPlayStreets,1789325541.105,0.1033,0,0,0,0,0,0
CONT_s9_bola_RedBullPlayStreets,1789325541.209,0.1033,30603,24,0,33559336.8,20413589.6,2
CONT_s9_bola_RedBullPlayStreets,1789325541.312,0.1032,15104,12,0,26666666.2,84866482.7,2
CONT_s9_bola_RedBullPlayStreets,1789325541.415,0.1032,22656,18,0,21391019.5,84976046.0,2
CONT_s9_bola_RedBullPlayStreets,1789325541.518,0.1033,265944,214,10,715013.4,3537960.8,2
CONT_s9_bola_RedBullPlayStreets,1789325541.622,0.1033,0,0,0,0,0,0
CONT_s9_bola_RedBullPlayStreets,1789325541.725,0.1033,0,0,0,0,0,0
CONT_s9_bola_RedBullPlayStreets,1789325541.828,0.1032,0,0,0,0,0,0
CONT_s9_bola_RedBullPlayStreets,1789325541.931,0.1031,0,0,0,0,0,0
CONT_s9_bola_RedBullPlayStreets,1789325542.034,0.1032,0,0,0,0,0,0
CONT_s9_bola_RedBullPlayStreets,1789325542.138,0.1034,0,0,0,0,0,0
CONT_s9_bola_RedBullPlayStreets,1789325542.242,0.1037,0,0,0,0,0,0
CONT_s9_bola_RedBullPlayStreets,1789325542.345,0.1034,0,0,0,0,0,0
CONT_s9_bola_RedBullPlayStreets,1789325542.448,0.1031,0,0,0,0,0,0
CONT_s9_bola_RedBullPlayStreets,1789325542.551,0.1032,0,0,0,0,0,0
CONT_s9_bola_RedBullPlayStreets,1789325542.655,0.1033,0,0,0,0,0,0
CONT_s9_bola_RedBullPlayStreets,1789325542.758,0.1032,0,0,0,0,0,0
CONT_s9_bola_RedBullPlayStreets,1789325542.861,0.1031,0,0,0,0,0,0
CONT_s9_bola_RedBullPlayStreets,1789325542.964,0.1032,0,0,0,0,0,0
CONT_s9_bola_RedBullPlayStreets,1789325543.067,0.1032,0,0,0,0,0,0
CONT_s9_bola_RedBullPlayStreets,1789325543.171,0.1033,0,0,0,0,0,0
CONT_s9_bola_RedBullPlayStreets,1789325543.274,0.1033,0,0,0,0,0,0
CONT_s9_bola_RedBullPlayStreets,1789325543.377,0.1031,0,0,0,0,0,0
CONT_s9_bola_RedBullPlayStreets,1789325543.48,0.1032,0,0,0,0,0,0
CONT_s9_bola_RedBullPlayStreets,1789325543.583,0.1032,0,0,0,0,0,0
CONT_s9_bola_RedBullPlayStreets,1789325543.687,0.1033,0,0,0,0,0,0
CONT_s9_bola_RedBullPlayStreets,1789325543.79,0.1033,0,0,0,0,0,0
CONT_s9_bola_RedBullPlayStreets,1789325543.893,0.1032,0,0,0,0,0,0
CONT_s9_bola_RedBullPlayStreets,1789325543.996,0.1032,0,0,0,0,0,0
CONT_s9_bola_RedBullPlayStreets,1789325544.099,0.1032,0,0,0,0,0,0
CONT_s9_bola_RedBullPlayStreets,1789325544.203,0.1033,0,0,0,0,0,0
CONT_s9_bola_RedBullPlayStreets,1789325544.306,0.1032,0,0,0,0,0,0
CONT_s9_bola_RedBullPlayStreets,1789325544.409,0.1031,0,0,0,0,0,0
CONT_s9_bola_RedBullPlayStreets,1789325544.512,0.1031,0,0,0,0,0,0
CONT_s9_bola_RedBullPlayStreets,1789325544.615,0.1033,0,0,0,0,0,0
CONT_s9_bola_RedBullPlayStreets,1789325544.719,0.1033,0,0,0,0,0,0
CONT_s9_bola_RedBullPlayStreets,1789325544.822,0.1033,0,0,0,0,0,0
CONT_s9_bola_RedBullPlayStreets,1789325544.925,0.1031,0,0,0,0,0,0
CONT_s9_bola_RedBullPlayStreets,1789325545.029,0.1039,0,0,0,0,0,0
CONT_s9_bola_RedBullPlayStreets,1789325545.135,0.1056,447,1,0,228199996.0,0,1
CONT_s9_bola_RedBullPlayStreets,1789325545.238,0.1032,16656,14,0,281123417.6,91035506.6,2
CONT_s9_bola_RedBullPlayStreets,1789325545.341,0.1032,21104,16,0,140521622.5,97809185.2,2
CONT_s9_bola_RedBullPlayStreets,1789325545.444,0.1032,22656,18,0,86723212.0,99712475.5,2
CONT_s9_bola_RedBullPlayStreets,1789325545.547,0.1033,34604,25,0,39322476.2,96773135.4,2
CONT_s9_bola_RedBullPlayStreets,1789325545.651,0.1032,13656,12,0,65755815.8,98513538.4,2
CONT_s9_bola_RedBullPlayStreets,1789325545.755,0.1042,37708,29,0,34335488.6,104122912.1,2
CONT_s9_bola_RedBullPlayStreets,1789325545.858,0.1033,27104,20,0,24895571.1,103152754.3,2
CONT_s9_bola_RedBullPlayStreets,1789325545.961,0.1031,28656,22,0,26661724.6,96224336.1,2
CONT_s9_bola_RedBullPlayStreets,1789325546.065,0.1032,28656,22,0,23914479.7,102080730.7,2
CONT_s9_bola_RedBullPlayStreets,1789325546.168,0.1032,30104,22,0,16784393.2,102357539.1,2
CONT_s9_bola_RedBullPlayStreets,1789325546.271,0.1032,28604,21,0,16253061.4,106505825.4,2
CONT_s9_bola_RedBullPlayStreets,1789325546.374,0.1032,30104,22,0,14940539.6,105470630.0,2
CONT_s9_bola_RedBullPlayStreets,1789325546.477,0.1031,16604,13,0,18539653.4,110432297.4,2
CONT_s9_bola_RedBullPlayStreets,1789325546.58,0.1031,31604,23,0,13378070.3,108225518.6,2
CONT_s9_bola_RedBullPlayStreets,1789325546.684,0.1032,7865,7,0,17386583.4,99952967.4,2
CONT_s9_bola_RedBullPlayStreets,1789325546.787,0.1032,0,0,0,0,0,0
CONT_s9_bola_RedBullPlayStreets,1789325546.89,0.1031,0,0,0,0,0,0
CONT_s9_bola_RedBullPlayStreets,1789325546.993,0.1031,0,0,0,0,0,0
CONT_s9_bola_RedBullPlayStreets,1789325547.096,0.1031,0,0,0,0,0,0
CONT_s9_bola_RedBullPlayStreets,1789325547.199,0.1033,0,0,0,0,0,0
CONT_s9_bola_RedBullPlayStreets,1789325547.303,0.1032,0,0,0,0,0,0
CONT_s9_bola_RedBullPlayStreets,1789325547.406,0.1032,0,0,0,0,0,0
CONT_s9_bola_RedBullPlayStreets,1789325547.509,0.1031,0,0,0,0,0,0
CONT_s9_bola_RedBullPlayStreets,1789325547.612,0.1031,0,0,0,0,0,0
CONT_s9_bola_RedBullPlayStreets,1789325547.715,0.1033,0,0,0,0,0,0
CONT_s9_bola_RedBullPlayStreets,1789325547.819,0.1032,0,0,0,0,0,0
CONT_s9_bola_RedBullPlayStreets,1789325547.922,0.1031,0,0,0,0,0,0
CONT_s9_bola_RedBullPlayStreets,1789325548.025,0.1032,0,0,0,0,0,0
CONT_s9_bola_RedBullPlayStreets,1789325548.128,0.1032,0,0,0,0,0,0
CONT_s9_bola_RedBullPlayStreets,1789325548.232,0.1044,0,0,0,0,0,0
CONT_s9_bola_RedBullPlayStreets,1789325548.336,0.1033,0,0,0,0,0,0
CONT_s9_bola_RedBullPlayStreets,1789325548.439,0.1031,0,0,0,0,0,0
CONT_s9_bola_RedBullPlayStreets,1789325548.542,0.1031,0,0,0,0,0,0
CONT_s9_bola_RedBullPlayStreets,1789325548.645,0.1032,0,0,0,0,0,0
CONT_s9_bola_RedBullPlayStreets,1789325548.75,0.105,0,0,0,0,0,0
CONT_s9_bola_RedBullPlayStreets,1789325548.853,0.1033,0,0,0,0,0,0
CONT_s9_bola_RedBullPlayStreets,1789325548.957,0.1032,0,0,0,0,0,0
CONT_s9_bola_RedBullPlayStreets,1789325549.06,0.1031,0,0,0,0,0,0
CONT_s9_bola_RedBullPlayStreets,1789325549.163,0.1034,447,1,0,217823752.0,0,1
CONT_s9_bola_RedBullPlayStreets,1789325549.266,0.1033,15628,20,5,198671665.0,92960834.6,2
CONT_s9_bola_RedBullPlayStreets,1789325549.37,0.1033,29800,38,17,66618222.0,92465981.8,2
CONT_s9_bola_RedBullPlayStreets,1789325549.473,0.1032,21940,27,10,31115480.1,95876091.0,2
CONT_s9_bola_RedBullPlayStreets,1789325549.576,0.1033,12488,16,4,24612004.0,95082904.4,2
CONT_s9_bola_RedBullPlayStreets,1789325549.679,0.1034,9308,11,3,24752011.6,97030491.0,2
CONT_s9_bola_RedBullPlayStreets,1789325549.783,0.1032,9296,11,3,26151849.6,96681034.3,2
CONT_s9_bola_RedBullPlayStreets,1789325549.886,0.1032,9304,11,3,28081341.9,97458322.6,2
CONT_s9_bola_RedBullPlayStreets,1789325549.989,0.1033,6232,8,2,32282093.0,95863763.7,2
CONT_s9_bola_RedBullPlayStreets,1789325550.092,0.1033,4604,5,0,33448540.2,90116356.8,2
CONT_s9_bola_RedBullPlayStreets,1789325550.196,0.1033,4616,5,1,36381141.2,98813230.0,2
CONT_s9_bola_RedBullPlayStreets,1789325550.299,0.1032,4616,5,1,39238080.8,91090180.7,2
CONT_s9_bola_RedBullPlayStreets,1789325550.402,0.103,3168,5,1,41583496.8,90403103.4,2
CONT_s9_bola_RedBullPlayStreets,1789325550.505,0.1031,4604,5,0,42059368.0,92030814.8,2
CONT_s9_bola_RedBullPlayStreets,1789325550.608,0.1033,4616,5,1,43056378.8,95146890.3,2
CONT_s9_bola_RedBullPlayStreets,1789325550.712,0.1032,3116,4,1,45537479.0,98895785.2,2
CONT_s9_bola_RedBullPlayStreets,1789325550.815,0.1032,4604,5,0,47548831.0,99766589.9,2
CONT_s9_bola_RedBullPlayStreets,1789325550.918,0.1031,6168,7,1,50347263.9,103351520.2,2
CONT_s9_bola_RedBullPlayStreets,1789325551.021,0.1032,6168,7,1,47137933.0,98421187.7,2
CONT_s9_bola_RedBullPlayStreets,1789325551.124,0.1033,4604,5,0,45996370.0,95441332.8,2
CONT_s9_bola_RedBullPlayStreets,1789325551.228,0.1033,4616,5,1,45305135.8,96909433.3,2
CONT_s9_bola_RedBullPlayStreets,1789325551.331,0.1033,3104,4,0,41680882.5,92554903.2,2
CONT_s9_bola_RedBullPlayStreets,1789325551.434,0.1031,3052,3,0,40096296.3,95929079.0,2
CONT_s9_bola_RedBullPlayStreets,1789325551.537,0.1032,3168,5,1,36970429.0,88740241.1,2
CONT_s9_bola_RedBullPlayStreets,1789325551.641,0.1034,4552,4,0,40112375.8,94826128.0,2
CONT_s9_bola_RedBullPlayStreets,1789325551.748,0.1071,3168,5,1,39125320.8,96763773.4,2
CONT_s9_bola_RedBullPlayStreets,1789325551.851,0.1033,4604,5,0,40806633.0,96104199.1,2
CONT_s9_bola_RedBullPlayStreets,1789325551.954,0.1032,4552,4,0,44229778.5,103504296.6,2
CONT_s9_bola_RedBullPlayStreets,1789325552.058,0.1033,3116,4,1,41713570.0,95090225.5,2
CONT_s9_bola_RedBullPlayStreets,1789325552.161,0.1032,6104,6,0,43624060.3,92810424.2,2
CONT_s9_bola_RedBullPlayStreets,1789325552.264,0.1033,6104,6,0,46693958.0,103842254.2,2
CONT_s9_bola_RedBullPlayStreets,1789325552.367,0.1033,7732,9,1,44958967.8,93466186.5,2
CONT_s9_bola_RedBullPlayStreets,1789325552.471,0.1032,4604,5,0,46442868.0,97733777.8,2
CONT_s9_bola_RedBullPlayStreets,1789325552.574,0.1032,6168,7,1,47002866.7,93651701.2,2
CONT_s9_bola_RedBullPlayStreets,1789325552.677,0.1032,6104,6,0,45599524.0,101863667.0,2
CONT_s9_bola_RedBullPlayStreets,1789325552.78,0.1033,6104,6,0,44619327.3,99229917.8,2
CONT_s9_bola_RedBullPlayStreets,1789325552.883,0.1032,6104,6,0,44608278.3,95732358.5,2
CONT_s9_bola_RedBullPlayStreets,1789325552.987,0.1032,7732,9,2,41192281.3,97163574.5,2
CONT_s9_bola_RedBullPlayStreets,1789325553.09,0.1033,6180,7,2,41434847.4,99315755.5,2
CONT_s9_bola_RedBullPlayStreets,1789325553.193,0.1033,6104,6,0,41610325.0,97670351.0,2
CONT_s9_bola_RedBullPlayStreets,1789325553.296,0.1033,4616,5,1,44371199.8,97103068.3,2
CONT_s9_bola_RedBullPlayStreets,1789325553.4,0.1032,3104,4,0,46258706.0,106884807.4,2
CONT_s9_bola_RedBullPlayStreets,1789325553.503,0.1032,4668,6,1,48779373.0,90967698.1,2
CONT_s9_bola_RedBullPlayStreets,1789325553.606,0.1033,4552,4,0,48884417.8,99660349.3,2
CONT_s9_bola_RedBullPlayStreets,1789325553.71,0.1034,3104,4,0,46972112.5,88311639.9,2
CONT_s9_bola_RedBullPlayStreets,1789325553.813,0.1033,4616,5,1,48435507.0,92460433.3,2
CONT_s9_bola_RedBullPlayStreets,1789325553.916,0.1031,6244,8,2,47646158.0,93463539.9,2
CONT_s9_bola_RedBullPlayStreets,1789325554.019,0.1032,3052,3,0,50817924.3,98039674.7,2
CONT_s9_bola_RedBullPlayStreets,1789325554.122,0.1032,4616,5,1,51718953.6,92891652.7,2
CONT_s9_bola_RedBullPlayStreets,1789325554.226,0.1032,4616,5,1,53823847.8,88434242.7,2
CONT_s9_bola_RedBullPlayStreets,1789325554.329,0.1033,4668,6,1,57279916.5,100609913.2,2
CONT_s9_bola_RedBullPlayStreets,1789325554.432,0.1032,6168,7,1,56616085.3,93773323.4,2
CONT_s9_bola_RedBullPlayStreets,1789325554.535,0.1032,4668,6,1,52934853.0,96413313.7,2
CONT_s9_bola_RedBullPlayStreets,1789325554.639,0.1034,4616,5,1,53915336.4,95760610.5,2
CONT_s9_bola_RedBullPlayStreets,1789325554.743,0.1045,1552,2,0,55017449.5,95998155.6,2
CONT_s9_bola_RedBullPlayStreets,1789325554.846,0.1032,1604,3,0,51365179.7,87771433.3,2
CONT_s9_bola_RedBullPlayStreets,1789325554.949,0.1031,4604,5,0,50771806.8,97823434.3,2
CONT_s9_bola_RedBullPlayStreets,1789325555.053,0.1032,4616,5,1,52453755.6,93527457.2,2
CONT_s9_bola_RedBullPlayStreets,1789325555.156,0.1033,6180,7,2,51265195.6,98683769.2,2
CONT_s9_bola_RedBullPlayStreets,1789325555.259,0.1032,3116,4,1,51675586.5,100898690.7,2
CONT_s9_bola_RedBullPlayStreets,1789325555.363,0.1037,4616,5,1,50974777.4,103693390.6,2
CONT_s9_bola_RedBullPlayStreets,1789325555.466,0.1032,4552,4,0,51177686.2,95892029.7,2
CONT_s9_bola_RedBullPlayStreets,1789325555.569,0.1032,3104,4,0,54325196.5,88254277.2,2
CONT_s9_bola_RedBullPlayStreets,1789325555.672,0.1032,4604,5,0,50961788.6,94125506.2,2
CONT_s9_bola_RedBullPlayStreets,1789325555.776,0.1033,6104,6,0,50014863.3,102528473.7,2
CONT_s9_bola_RedBullPlayStreets,1789325555.879,0.1033,6104,6,0,49676865.0,93229290.0,2
CONT_s9_bola_RedBullPlayStreets,1789325555.982,0.1033,6277,7,0,48410106.4,92324225.2,2
CONT_s9_bola_RedBullPlayStreets,1789325556.086,0.1033,7744,9,2,46333955.6,91376614.7,2
CONT_s9_bola_RedBullPlayStreets,1789325556.189,0.1033,6156,7,0,44661371.1,101378227.6,2
CONT_s9_bola_RedBullPlayStreets,1789325556.292,0.1033,9156,9,0,41329654.7,102867114.6,2
CONT_s9_bola_RedBullPlayStreets,1789325556.395,0.1031,10656,10,0,37222898.5,99803960.3,2
CONT_s9_bola_RedBullPlayStreets,1789325556.498,0.1032,10860,13,3,33367333.5,94930440.5,2
CONT_s9_bola_RedBullPlayStreets,1789325556.602,0.1032,6168,7,1,33543033.1,94167950.9,2
CONT_s9_bola_RedBullPlayStreets,1789325556.705,0.1032,6104,6,0,32609139.3,97871667.5,2
CONT_s9_bola_RedBullPlayStreets,1789325556.808,0.1033,4680,6,2,35384283.5,90957604.3,2
CONT_s9_bola_RedBullPlayStreets,1789325556.911,0.1032,4552,4,0,39713013.0,102906866.5,2
CONT_s9_bola_RedBullPlayStreets,1789325557.014,0.1032,3104,4,0,40496606.5,93248488.8,2
CONT_s9_bola_RedBullPlayStreets,1789325557.118,0.1032,4668,6,1,39863472.5,95443507.2,2
CONT_s9_bola_RedBullPlayStreets,1789325557.221,0.1032,4552,4,0,43615052.0,96190551.9,2
CONT_s9_bola_RedBullPlayStreets,1789325557.324,0.1033,6168,7,1,45223272.9,97558215.4,2
CONT_s9_bola_RedBullPlayStreets,1789325557.427,0.1032,6156,7,0,44324563.4,102449166.9,2
CONT_s9_bola_RedBullPlayStreets,1789325557.531,0.1033,7604,7,0,44172324.4,100274203.0,2
CONT_s9_bola_RedBullPlayStreets,1789325557.634,0.1036,6156,7,0,43261020.4,97025916.4,2
CONT_s9_bola_RedBullPlayStreets,1789325557.738,0.1034,9232,10,1,38126910.4,96591702.7,2
CONT_s9_bola_RedBullPlayStreets,1789325557.841,0.1033,6104,6,0,38649638.3,92901096.6,2
CONT_s9_bola_RedBullPlayStreets,1789325557.944,0.1032,7604,7,0,38961875.3,98276788.5,2
CONT_s9_bola_RedBullPlayStreets,1789325558.047,0.1033,6156,7,0,39794983.1,96849600.8,2
CONT_s9_bola_RedBullPlayStreets,1789325558.151,0.1032,7604,7,0,38032668.1,99902867.4,2
CONT_s9_bola_RedBullPlayStreets,1789325558.255,0.1039,9296,11,3,36915569.5,98125612.1,2
CONT_s9_bola_RedBullPlayStreets,1789325558.358,0.1033,9232,10,2,34498302.4,94666570.0,2
CONT_s9_bola_RedBullPlayStreets,1789325558.461,0.1032,7732,9,2,34414200.7,91821293.7,2
CONT_s9_bola_RedBullPlayStreets,1789325558.564,0.1032,7604,7,0,34386149.1,99066167.0,2
CONT_s9_bola_RedBullPlayStreets,1789325558.668,0.1033,6156,7,0,36964323.3,93948132.9,2
CONT_s9_bola_RedBullPlayStreets,1789325558.771,0.1033,7732,9,1,35772899.0,99161003.6,2
CONT_s9_bola_RedBullPlayStreets,1789325558.874,0.1032,4552,4,0,35994674.5,98759373.4,2
CONT_s9_bola_RedBullPlayStreets,1789325558.977,0.1033,4732,7,2,36897701.0,101793668.8,2
CONT_s9_bola_RedBullPlayStreets,1789325559.08,0.1032,6116,6,1,39000819.0,96455125.5,2
CONT_s9_bola_RedBullPlayStreets,1789325559.184,0.1033,6104,6,0,40520263.7,98360380.6,2
CONT_s9_bola_RedBullPlayStreets,1789325559.287,0.1032,6104,6,0,42246786.7,102508414.9,2
CONT_s9_bola_RedBullPlayStreets,1789325559.39,0.1032,7732,9,2,39697501.3,90208306.7,2
CONT_s9_bola_RedBullPlayStreets,1789325559.493,0.1032,9116,8,1,37249776.8,98201288.6,2
CONT_s9_bola_RedBullPlayStreets,1789325559.597,0.1032,7732,9,2,36787067.3,92560809.8,2
CONT_s9_bola_RedBullPlayStreets,1789325559.7,0.1034,6116,6,1,36070609.3,97292370.7,2
CONT_s9_bola_RedBullPlayStreets,1789325559.803,0.1032,4616,5,1,36365478.4,99352476.4,2
CONT_s9_bola_RedBullPlayStreets,1789325559.906,0.1032,4604,5,0,37622565.4,98833316.0,2
CONT_s9_bola_RedBullPlayStreets,1789325560.009,0.1032,6244,8,2,41673269.0,91215563.7,2
CONT_s9_bola_RedBullPlayStreets,1789325560.113,0.1032,3116,4,1,46250846.5,92017378.4,2
CONT_s9_bola_RedBullPlayStreets,1789325560.216,0.1034,3052,3,0,50094813.3,96030923.0,2
CONT_s9_bola_RedBullPlayStreets,1789325560.319,0.1032,4604,5,0,49695377.6,90161695.0,2
CONT_s9_bola_RedBullPlayStreets,1789325560.422,0.1031,4616,5,1,50815926.0,93022484.8,2
CONT_s9_bola_RedBullPlayStreets,1789325560.526,0.1031,3168,5,1,49601588.2,102018912.5,2
CONT_s9_bola_RedBullPlayStreets,1789325560.629,0.1037,4616,5,1,53613998.2,100705623.3,2
CONT_s9_bola_RedBullPlayStreets,1789325560.733,0.1034,4668,6,1,55127796.5,97855178.3,2
CONT_s9_bola_RedBullPlayStreets,1789325560.836,0.1032,3052,3,0,55805850.7,98077599.9,2
CONT_s9_bola_RedBullPlayStreets,1789325560.939,0.1031,4616,5,1,58235738.6,102883649.7,2
CONT_s9_bola_RedBullPlayStreets,1789325561.042,0.1032,4668,6,1,59198653.0,100618623.7,2
CONT_s9_bola_RedBullPlayStreets,1789325561.145,0.1032,3052,3,0,59006726.7,96408337.0,2
CONT_s9_bola_RedBullPlayStreets,1789325561.25,0.1048,4668,6,1,58098353.5,91763850.3,2
CONT_s9_bola_RedBullPlayStreets,1789325561.353,0.1032,4552,4,0,60533132.5,99588091.7,2
CONT_s9_bola_RedBullPlayStreets,1789325561.457,0.1032,3104,4,0,55366582.5,95981387.5,2
CONT_s9_bola_RedBullPlayStreets,1789325561.56,0.1033,4616,5,1,56187669.0,103431092.8,2
CONT_s9_bola_RedBullPlayStreets,1789325561.663,0.1032,4604,5,0,52444574.4,101734289.1,2
CONT_s9_bola_RedBullPlayStreets,1789325561.766,0.1032,6116,6,0,53352850.0,98671261.3,2
CONT_s9_bola_RedBullPlayStreets,1789325561.87,0.1033,4668,6,2,55169024.5,95678446.0,2
CONT_s9_bola_RedBullPlayStreets,1789325561.973,0.1032,4604,5,0,54298124.0,98922273.2,2
CONT_s9_bola_RedBullPlayStreets,1789325562.076,0.1033,6104,6,0,52549132.3,102416002.8,2
CONT_s9_bola_RedBullPlayStreets,1789325562.179,0.1033,6074,7,0,49328987.9,92259864.7,2
CONT_s9_bola_RedBullPlayStreets,1789325562.283,0.1032,4564,4,2,54131840.2,104831703.0,2
CONT_s9_bola_RedBullPlayStreets,1789325562.386,0.1031,7880,11,3,49855669.2,90853385.7,2
CONT_s9_bola_RedBullPlayStreets,1789325562.489,0.1033,7796,10,1,45995514.0,88940631.0,2
CONT_s9_bola_RedBullPlayStreets,1789325562.592,0.1033,10784,12,3,40675495.1,95028411.3,2
CONT_s9_bola_RedBullPlayStreets,1789325562.696,0.1035,7732,9,2,40946541.4,98680796.2,2
CONT_s9_bola_RedBullPlayStreets,1789325562.799,0.1034,6116,6,1,43104909.3,93910217.9,2
CONT_s9_bola_RedBullPlayStreets,1789325562.903,0.1033,3104,4,0,46086963.0,92513412.2,2
CONT_s9_bola_RedBullPlayStreets,1789325563.006,0.1033,6052,5,0,42828191.4,92584670.3,2
CONT_s9_bola_RedBullPlayStreets,1789325563.109,0.1036,4732,7,2,41591106.6,89540326.1,2
CONT_s9_bola_RedBullPlayStreets,1789325563.213,0.1035,4616,5,1,42611423.0,95000028.0,2
CONT_s9_bola_RedBullPlayStreets,1789325563.316,0.1034,4604,5,0,43885115.4,97220603.8,2
CONT_s9_bola_RedBullPlayStreets,1789325563.42,0.1034,4552,4,0,47312200.0,96105069.7,2
CONT_s9_bola_RedBullPlayStreets,1789325563.523,0.1034,3116,4,1,46369160.0,93345782.4,2
CONT_s9_bola_RedBullPlayStreets,1789325563.627,0.1034,4604,5,0,48766944.8,99317048.4,2
CONT_s9_bola_RedBullPlayStreets,1789325563.73,0.1035,6180,7,2,47067195.9,99912368.7,2
CONT_s9_bola_RedBullPlayStreets,1789325563.833,0.1034,4668,6,1,45729525.5,98774891.8,2
CONT_s9_bola_RedBullPlayStreets,1789325563.937,0.1032,9296,11,3,41467106.0,98960934.8,2
CONT_s9_bola_RedBullPlayStreets,1789325564.04,0.1034,7668,8,1,41493491.1,99772046.9,2
CONT_s9_bola_RedBullPlayStreets,1789325564.144,0.1035,7732,9,2,40632917.9,96095185.5,2
CONT_s9_bola_RedBullPlayStreets,1789325564.248,0.1049,6180,7,2,41422750.4,96303451.2,2
CONT_s9_bola_RedBullPlayStreets,1789325564.352,0.1035,6180,7,2,42724692.6,99381943.7,2
CONT_s9_bola_RedBullPlayStreets,1789325564.455,0.1033,3052,3,0,47625685.3,94676134.4,2
CONT_s9_bola_RedBullPlayStreets,1789325564.558,0.1033,4604,5,0,48177824.0,92305277.8,2
CONT_s9_bola_RedBullPlayStreets,1789325564.662,0.1032,4616,5,1,49379083.2,96087571.0,2
CONT_s9_bola_RedBullPlayStreets,1789325564.765,0.1033,4688,6,2,46951408.0,94080480.9,2
CONT_s9_bola_RedBullPlayStreets,1789325564.868,0.1031,6168,7,1,49255774.7,94836650.8,2
CONT_s9_bola_RedBullPlayStreets,1789325564.971,0.1032,1552,2,0,47648737.5,95848755.1,2
CONT_s9_bola_RedBullPlayStreets,1789325565.074,0.1032,4680,6,1,48831431.5,98055000.4,2
CONT_s9_bola_RedBullPlayStreets,1789325565.178,0.1034,4604,5,0,50399716.2,98946301.4,2
CONT_s9_bola_RedBullPlayStreets,1789325565.281,0.1033,4616,5,1,51627449.8,101179427.3,2
CONT_s9_bola_RedBullPlayStreets,1789325565.384,0.1032,3168,5,1,50964769.6,102692275.6,2
CONT_s9_bola_RedBullPlayStreets,1789325565.488,0.1032,4680,6,2,52805747.0,97464103.3,2
CONT_s9_bola_RedBullPlayStreets,1789325565.591,0.1032,4688,6,2,53907885.5,89759750.7,2
CONT_s9_bola_RedBullPlayStreets,1789325565.695,0.1038,7668,8,1,51261705.5,98120837.1,2
CONT_s9_bola_RedBullPlayStreets,1789325565.798,0.1033,1552,2,0,51436069.0,100824081.3,2
CONT_s9_bola_RedBullPlayStreets,1789325565.901,0.1032,6244,8,2,46772576.0,91610149.4,2
CONT_s9_bola_RedBullPlayStreets,1789325566.004,0.1032,6168,7,1,47847261.4,92567974.1,2
CONT_s9_bola_RedBullPlayStreets,1789325566.108,0.1033,6104,6,0,48744506.7,97500040.7,2
CONT_s9_bola_RedBullPlayStreets,1789325566.211,0.1032,6104,6,0,49805850.0,103224687.8,2
CONT_s9_bola_RedBullPlayStreets,1789325566.314,0.1033,7732,9,2,47688320.7,98416010.2,2
CONT_s9_bola_RedBullPlayStreets,1789325566.417,0.1034,6180,7,2,47901072.1,93760294.0,2
CONT_s9_bola_RedBullPlayStreets,1789325566.521,0.1032,6232,8,1,47687082.5,95368231.9,2
CONT_s9_bola_RedBullPlayStreets,1789325566.624,0.1032,6116,6,1,46925523.7,98637427.3,2
CONT_s9_bola_RedBullPlayStreets,1789325566.727,0.1033,4616,5,1,47782341.6,103631699.3,2
CONT_s9_bola_RedBullPlayStreets,1789325566.83,0.1033,4680,6,1,50807282.5,98605913.2,2
CONT_s9_bola_RedBullPlayStreets,1789325566.934,0.1032,3052,3,0,54028374.3,102533447.3,2
CONT_s9_bola_RedBullPlayStreets,1789325567.037,0.1033,4680,6,1,53337409.5,92566972.3,2
CONT_s9_bola_RedBullPlayStreets,1789325567.14,0.1036,4616,5,1,55780071.0,99016803.8,2
CONT_s9_bola_RedBullPlayStreets,1789325567.245,0.1049,4680,6,2,55790413.5,87485338.1,2
CONT_s9_bola_RedBullPlayStreets,1789325567.349,0.1034,4616,5,1,57654710.6,92707153.8,2
CONT_s9_bola_RedBullPlayStreets,1789325567.452,0.1032,4680,6,1,58482355.5,90487349.7,2
CONT_s9_bola_RedBullPlayStreets,1789325567.555,0.1032,6116,6,1,57580688.0,105835988.4,2
CONT_s9_bola_RedBullPlayStreets,1789325567.658,0.1032,3104,4,0,59155144.5,94575399.1,2
CONT_s9_bola_RedBullPlayStreets,1789325567.762,0.1033,4616,5,1,54985359.6,89560841.3,2
CONT_s9_bola_RedBullPlayStreets,1789325567.865,0.1031,6180,7,2,52871354.1,97554186.0,2
CONT_s9_bola_RedBullPlayStreets,1789325567.968,0.1032,4732,7,1,50614762.3,92398544.2,2
CONT_s9_bola_RedBullPlayStreets,1789325568.071,0.1032,6180,7,2,48274849.0,96746615.4,2
CONT_s9_bola_RedBullPlayStreets,1789325568.174,0.1032,7824,10,4,44902863.5,96657477.6,2
CONT_s9_bola_RedBullPlayStreets,1789325568.277,0.1033,7744,9,3,43337764.7,96904624.6,2
CONT_s9_bola_RedBullPlayStreets,1789325568.381,0.1031,3116,4,1,49608823.5,96651913.2,2
CONT_s9_bola_RedBullPlayStreets,1789325568.484,0.1032,3052,3,0,53928514.7,105296474.0,2
CONT_s9_bola_RedBullPlayStreets,1789325568.587,0.1032,6244,8,2,51435000.5,92877649.8,2
CONT_s9_bola_RedBullPlayStreets,1789325568.69,0.1032,4616,5,1,53503214.8,93129279.4,2
CONT_s9_bola_RedBullPlayStreets,1789325568.794,0.1033,4680,6,2,54916683.0,91428436.1,2
CONT_s9_bola_RedBullPlayStreets,1789325568.897,0.1032,4604,5,0,54650475.2,99468635.4,2
CONT_s9_bola_RedBullPlayStreets,1789325569.0,0.1032,3052,3,0,52880630.3,96872594.4,2
CONT_s9_bola_RedBullPlayStreets,1789325569.103,0.1032,3168,5,1,49776843.8,101291508.6,2
CONT_s9_bola_RedBullPlayStreets,1789325569.207,0.1033,4616,5,1,52087445.0,97875996.8,2
CONT_s9_bola_RedBullPlayStreets,1789325569.31,0.1033,6104,6,0,51262152.0,102901014.7,2
CONT_s9_bola_RedBullPlayStreets,1789325569.413,0.1031,6104,6,0,50585926.7,97762266.6,2
CONT_s9_bola_RedBullPlayStreets,1789325569.516,0.1032,7732,9,2,46239706.2,96525544.4,2
CONT_s9_bola_RedBullPlayStreets,1789325569.619,0.1033,6180,7,2,42715952.7,91326866.5,2
CONT_s9_bola_RedBullPlayStreets,1789325569.723,0.1033,6052,5,0,39210537.4,92922535.2,2
CONT_s9_bola_RedBullPlayStreets,1789325569.826,0.1033,3104,4,0,43257399.5,93547201.9,2
CONT_s9_bola_RedBullPlayStreets,1789325569.929,0.1032,4616,5,1,44563582.2,104851292.9,2
CONT_s9_bola_RedBullPlayStreets,1789325570.032,0.1032,4616,5,1,48104507.8,91153229.7,2
CONT_s9_bola_RedBullPlayStreets,1789325570.136,0.1035,6104,6,0,48545505.0,90749252.5,2
CONT_s9_bola_RedBullPlayStreets,1789325570.239,0.1033,6244,8,2,49735240.0,96098264.9,2
CONT_s9_bola_RedBullPlayStreets,1789325570.343,0.1034,3052,3,0,52623281.3,93492485.4,2
CONT_s9_bola_RedBullPlayStreets,1789325570.446,0.1031,4604,5,0,52377213.4,92159286.0,2
CONT_s9_bola_RedBullPlayStreets,1789325570.549,0.1032,4552,4,0,54593484.5,93538746.3,2
CONT_s9_bola_RedBullPlayStreets,1789325570.652,0.1032,8403,12,2,43748584.0,19792593.4,2
CONT_s9_bola_RedBullPlayStreets,1789325570.756,0.1037,75630,73,0,7183594.9,6064259.0,2
CONT_s9_bola_RedBullPlayStreets,1789325570.859,0.1032,63688,54,0,4712246.1,14841753.6,2
CONT_s9_bola_RedBullPlayStreets,1789325570.962,0.1032,68097,57,0,4153383.9,16413116.1,2
CONT_s9_bola_RedBullPlayStreets,1789325571.065,0.1032,62072,52,0,4048290.6,18108337.0,2
CONT_s9_bola_RedBullPlayStreets,1789325571.17,0.1042,67037,56,0,3896658.8,19268247.0,2
CONT_s9_bola_RedBullPlayStreets,1789325571.273,0.1033,60416,48,0,3904799.7,23080627.0,2
CONT_s9_bola_RedBullPlayStreets,1789325571.376,0.1033,64844,53,0,3863895.0,20527127.6,2
CONT_s9_bola_RedBullPlayStreets,1789325571.479,0.1032,67968,54,0,3849997.3,23343114.7,2
CONT_s9_bola_RedBullPlayStreets,1789325571.583,0.1032,60416,48,0,3805995.7,23180455.4,2
CONT_s9_bola_RedBullPlayStreets,1789325571.686,0.1032,67968,54,0,3776754.5,23369261.4,2
CONT_s9_bola_RedBullPlayStreets,1789325571.789,0.1034,60487,49,0,3832946.9,21023932.2,2
CONT_s9_bola_RedBullPlayStreets,1789325571.893,0.1033,67968,54,0,3833925.0,23231577.4,2
CONT_s9_bola_RedBullPlayStreets,1789325571.996,0.1033,60416,48,0,3802896.7,23203186.7,2
CONT_s9_bola_RedBullPlayStreets,1789325572.099,0.1034,67968,54,0,3751010.7,23453618.8,2
CONT_s9_bola_RedBullPlayStreets,1789325572.203,0.1033,66670,54,0,3810362.5,21034597.9,2
CONT_s9_bola_RedBullPlayStreets,1789325572.306,0.1033,60416,48,0,3815130.3,23277098.7,2
CONT_s9_bola_RedBullPlayStreets,1789325572.409,0.1033,67968,54,0,3778912.0,23377086.7,2
CONT_s9_bola_RedBullPlayStreets,1789325572.512,0.1033,60416,48,0,3761680.7,23287743.7,2
CONT_s9_bola_RedBullPlayStreets,1789325572.616,0.1033,45405,37,0,3549517.7,21508362.5,2
CONT_s9_bola_RedBullPlayStreets,1789325572.719,0.1035,0,0,0,0,0,0
CONT_s9_bola_RedBullPlayStreets,1789325572.822,0.1032,0,0,0,0,0,0
CONT_s9_bola_RedBullPlayStreets,1789325572.926,0.1033,0,0,0,0,0,0
CONT_s9_bola_RedBullPlayStreets,1789325573.029,0.1032,0,0,0,0,0,0
CONT_s9_bola_RedBullPlayStreets,1789325573.135,0.106,0,0,0,0,0,0
CONT_s9_bola_RedBullPlayStreets,1789325573.239,0.1038,0,0,0,0,0,0
CONT_s9_bola_RedBullPlayStreets,1789325573.342,0.1032,0,0,0,0,0,0
CONT_s9_bola_RedBullPlayStreets,1789325573.445,0.1032,0,0,0,0,0,0
CONT_s9_bola_RedBullPlayStreets,1789325573.548,0.1032,0,0,0,0,0,0
CONT_s9_bola_RedBullPlayStreets,1789325573.652,0.1033,0,0,0,0,0,0
CONT_s9_bola_RedBullPlayStreets,1789325573.755,0.1038,0,0,0,0,0,0
CONT_s9_bola_RedBullPlayStreets,1789325573.859,0.1032,0,0,0,0,0,0
CONT_s9_bola_RedBullPlayStreets,1789325573.962,0.1032,0,0,0,0,0,0
CONT_s9_bola_RedBullPlayStreets,1789325574.065,0.1033,0,0,0,0,0,0
CONT_s9_bola_RedBullPlayStreets,1789325574.168,0.1033,0,0,0,0,0,0
CONT_s9_bola_RedBullPlayStreets,1789325574.272,0.1034,0,0,0,0,0,0
CONT_s9_bola_RedBullPlayStreets,1789325574.375,0.1033,0,0,0,0,0,0
CONT_s9_bola_RedBullPlayStreets,1789325574.478,0.1033,0,0,0,0,0,0
CONT_s9_bola_RedBullPlayStreets,1789325574.581,0.1032,0,0,0,0,0,0
CONT_s9_bola_RedBullPlayStreets,1789325574.685,0.1033,0,0,0,0,0,0
CONT_s9_bola_RedBullPlayStreets,1789325574.788,0.1033,0,0,0,0,0,0
CONT_s9_bola_RedBullPlayStreets,1789325574.891,0.103,0,0,0,0,0,0
CONT_s9_bola_RedBullPlayStreets,1789325574.994,0.1032,0,0,0,0,0,0
CONT_s9_bola_RedBullPlayStreets,1789325575.098,0.1033,0,0,0,0,0,0
CONT_s9_bola_RedBullPlayStreets,1789325575.201,0.1034,60707,46,0,57654743.3,20312479.5,2
CONT_s9_bola_RedBullPlayStreets,1789325575.304,0.1034,62020,51,0,29992244.1,28638498.8,2
CONT_s9_bola_RedBullPlayStreets,1789325575.408,0.1032,57364,45,0,16455562.5,31766996.0,2
CONT_s9_bola_RedBullPlayStreets,1789325575.511,0.1033,69913,56,0,11186691.9,32248021.2,2
CONT_s9_bola_RedBullPlayStreets,1789325575.614,0.1033,0,0,0,0,0,0
CONT_s9_bola_RedBullPlayStreets,1789325575.717,0.1034,0,0,0,0,0,0
CONT_s9_bola_RedBullPlayStreets,1789325575.821,0.1033,0,0,0,0,0,0
CONT_s9_bola_RedBullPlayStreets,1789325575.924,0.103,0,0,0,0,0,0
CONT_s9_bola_RedBullPlayStreets,1789325576.027,0.1036,0,0,0,0,0,0
CONT_s9_bola_RedBullPlayStreets,1789325576.135,0.1072,0,0,0,0,0,0
CONT_s9_bola_RedBullPlayStreets,1789325576.238,0.1032,0,0,0,0,0,0
CONT_s9_bola_RedBullPlayStreets,1789325576.341,0.1033,0,0,0,0,0,0
CONT_s9_bola_RedBullPlayStreets,1789325576.444,0.1031,0,0,0,0,0,0
CONT_s9_bola_RedBullPlayStreets,1789325576.547,0.1032,0,0,0,0,0,0
CONT_s9_bola_RedBullPlayStreets,1789325576.651,0.1033,0,0,0,0,0,0
CONT_s9_bola_RedBullPlayStreets,1789325576.755,0.1042,0,0,0,0,0,0
CONT_s9_bola_RedBullPlayStreets,1789325576.858,0.1032,0,0,0,0,0,0
CONT_s9_bola_RedBullPlayStreets,1789325576.961,0.1033,0,0,0,0,0,0
CONT_s9_bola_RedBullPlayStreets,1789325577.065,0.1032,0,0,0,0,0,0
CONT_s9_bola_RedBullPlayStreets,1789325577.168,0.1033,0,0,0,0,0,0
CONT_s9_bola_RedBullPlayStreets,1789325577.271,0.1033,0,0,0,0,0,0
CONT_s9_bola_RedBullPlayStreets,1789325577.374,0.1033,0,0,0,0,0,0
CONT_s9_bola_RedBullPlayStreets,1789325577.478,0.1032,0,0,0,0,0,0
CONT_s9_bola_RedBullPlayStreets,1789325577.581,0.1033,0,0,0,0,0,0
CONT_s9_bola_RedBullPlayStreets,1789325577.684,0.1033,0,0,0,0,0,0
CONT_s9_bola_RedBullPlayStreets,1789325577.787,0.1032,0,0,0,0,0,0
CONT_s9_bola_RedBullPlayStreets,1789325577.891,0.1032,0,0,0,0,0,0
CONT_s9_bola_RedBullPlayStreets,1789325577.994,0.1032,0,0,0,0,0,0
CONT_s9_bola_RedBullPlayStreets,1789325578.097,0.1032,0,0,0,0,0,0
CONT_s9_bola_RedBullPlayStreets,1789325578.2,0.1033,0,0,0,0,0,0
CONT_s9_bola_RedBullPlayStreets,1789325578.304,0.1033,0,0,0,0,0,0
CONT_s9_bola_RedBullPlayStreets,1789325578.407,0.1032,0,0,0,0,0,0
CONT_s9_bola_RedBullPlayStreets,1789325578.51,0.1032,0,0,0,0,0,0
CONT_s9_bola_RedBullPlayStreets,1789325578.613,0.1032,0,0,0,0,0,0
CONT_s9_bola_RedBullPlayStreets,1789325578.716,0.1032,0,0,0,0,0,0
CONT_s9_bola_RedBullPlayStreets,1789325578.82,0.1033,0,0,0,0,0,0
CONT_s9_bola_RedBullPlayStreets,1789325578.923,0.1032,0,0,0,0,0,0
CONT_s9_bola_RedBullPlayStreets,1789325579.026,0.1032,0,0,0,0,0,0
CONT_s9_bola_RedBullPlayStreets,1789325579.129,0.1034,27552,21,0,198971298.7,11172012.0,2
CONT_s9_bola_RedBullPlayStreets,1789325579.233,0.1034,61812,47,0,51945921.4,35992636.5,2
CONT_s9_bola_RedBullPlayStreets,1789325579.336,0.1035,72416,56,0,30334138.0,40844016.5,2
CONT_s9_bola_RedBullPlayStreets,1789325579.439,0.1032,61864,48,0,21136263.2,43227986.9,2
CONT_s9_bola_RedBullPlayStreets,1789325579.543,0.1032,58812,45,0,14861025.9,46212000.9,2
CONT_s9_bola_RedBullPlayStreets,1789325579.646,0.1033,75520,60,0,10001647.5,46281286.5,2
CONT_s9_bola_RedBullPlayStreets,1789325579.75,0.1044,65176,56,0,6789848.9,43146477.5,2
CONT_s9_bola_RedBullPlayStreets,1789325579.854,0.1034,53228,49,0,4358231.4,37669234.0,2
CONT_s9_bola_RedBullPlayStreets,1789325579.957,0.1034,69780,61,0,2999649.0,45466099.9,2
CONT_s9_bola_RedBullPlayStreets,1789325580.061,0.1034,60260,45,0,4001799.6,59304165.1,2
CONT_s9_bola_RedBullPlayStreets,1789325580.164,0.1033,67760,50,0,3955905.8,61371815.6,2
CONT_s9_bola_RedBullPlayStreets,1789325580.267,0.1032,66260,49,0,3897641.1,62773350.7,2
CONT_s9_bola_RedBullPlayStreets,1789325580.37,0.1031,67708,49,0,3868931.6,65328649.8,2
CONT_s9_bola_RedBullPlayStreets,1789325580.473,0.1032,58968,48,0,2308922.6,61246157.3,2
CONT_s9_bola_RedBullPlayStreets,1789325580.577,0.1032,69988,65,0,854190.0,44889011.8,2
CONT_s9_bola_RedBullPlayStreets,1789325580.68,0.1034,65592,64,0,224620.2,41317848.6,2
CONT_s9_bola_RedBullPlayStreets,1789325580.783,0.1034,65964,65,0,310692.4,13803851.1,2
CONT_s9_bola_RedBullPlayStreets,1789325580.887,0.1037,64676,71,0,118782.3,42162134.2,2
CONT_s9_bola_RedBullPlayStreets,1789325580.99,0.1033,65912,84,0,3399529.0,47533442.8,2
CONT_s9_bola_RedBullPlayStreets,1789325581.094,0.1033,65968,84,1,3889395.0,42620404.7,2
CONT_s9_bola_RedBullPlayStreets,1789325581.197,0.1034,59432,76,0,3994427.5,52759502.2,2
CONT_s9_bola_RedBullPlayStreets,1789325581.301,0.1037,75072,96,0,3925757.0,57405304.8,2
CONT_s9_bola_RedBullPlayStreets,1789325581.404,0.1033,66192,70,1,4087893.9,46735129.2,2
CONT_s9_bola_RedBullPlayStreets,1789325581.507,0.1032,54208,40,0,3792197.8,42699449.2,2
CONT_s9_bola_RedBullPlayStreets,1789325581.611,0.1033,67760,50,0,3721375.6,42544717.8,2
CONT_s9_bola_RedBullPlayStreets,1789325581.714,0.1034,67760,50,0,3668344.7,42552964.8,2
CONT_s9_bola_RedBullPlayStreets,1789325581.817,0.1033,67708,49,0,3670215.4,42528359.8,2
CONT_s9_bola_RedBullPlayStreets,1789325581.921,0.1033,54260,41,0,3548828.3,42605001.4,2
CONT_s9_bola_RedBullPlayStreets,1789325582.024,0.1032,67760,50,0,3561649.4,42618974.6,2
CONT_s9_bola_RedBullPlayStreets,1789325582.127,0.1032,67760,50,0,3532748.9,42710710.7,2
CONT_s9_bola_RedBullPlayStreets,1789325582.23,0.1032,54208,40,0,3516273.4,42847941.2,2
CONT_s9_bola_RedBullPlayStreets,1789325582.334,0.1034,67760,50,0,3513678.4,42733511.1,2
CONT_s9_bola_RedBullPlayStreets,1789325582.437,0.1031,67760,50,0,3508623.0,42806449.3,2
CONT_s9_bola_RedBullPlayStreets,1789325582.54,0.1031,67760,50,0,3498890.2,42728814.4,2
CONT_s9_bola_RedBullPlayStreets,1789325582.643,0.1032,65914,48,0,3570565.9,41997130.7,2
CONT_s9_bola_RedBullPlayStreets,1789325582.748,0.1052,56511,44,0,3478727.4,24493972.7,2
CONT_s9_bola_RedBullPlayStreets,1789325582.852,0.1034,67760,50,0,3596372.6,42736008.7,2
CONT_s9_bola_RedBullPlayStreets,1789325582.955,0.1031,67760,50,0,3580721.0,42792775.1,2
CONT_s9_bola_RedBullPlayStreets,1789325583.058,0.1031,54208,40,0,3560230.5,42657335.7,2
CONT_s9_bola_RedBullPlayStreets,1789325583.161,0.1032,67760,50,0,3531628.2,42724025.9,2
CONT_s9_bola_RedBullPlayStreets,1789325583.264,0.1032,67760,50,0,3508278.5,42944205.4,2
CONT_s9_bola_RedBullPlayStreets,1789325583.368,0.1033,67760,50,0,3492139.4,42954866.1,2
CONT_s9_bola_RedBullPlayStreets,1789325583.471,0.1032,54208,40,0,3482686.8,42906273.7,2
CONT_s9_bola_RedBullPlayStreets,1789325583.574,0.1031,67760,50,0,3475307.0,42994220.6,2
CONT_s9_bola_RedBullPlayStreets,1789325583.677,0.1032,67760,50,0,3473957.4,42628665.6,2
CONT_s9_bola_RedBullPlayStreets,1789325583.781,0.1033,54208,40,0,3480211.7,42712998.7,2
CONT_s9_bola_RedBullPlayStreets,1789325583.884,0.1034,67760,50,0,3471967.8,42653408.8,2
CONT_s9_bola_RedBullPlayStreets,1789325583.987,0.1033,67760,50,0,3473259.4,42600001.4,2
CONT_s9_bola_RedBullPlayStreets,1789325584.091,0.1033,67760,50,0,3471473.4,42674888.6,2
CONT_s9_bola_RedBullPlayStreets,1789325584.194,0.1034,54208,40,0,3470720.7,42619233.0,2
CONT_s9_bola_RedBullPlayStreets,1789325584.297,0.1033,67760,50,0,3477130.4,42465840.2,2
CONT_s9_bola_RedBullPlayStreets,1789325584.401,0.1033,67760,50,0,3475078.7,42869459.1,2
CONT_s9_bola_RedBullPlayStreets,1789325584.504,0.1032,67760,50,0,3477203.2,42766936.5,2
CONT_s9_bola_RedBullPlayStreets,1789325584.607,0.1032,54208,40,0,3472816.2,42561206.4,2
CONT_s9_bola_RedBullPlayStreets,1789325584.71,0.1033,67760,50,0,3473830.4,42787522.0,2
CONT_s9_bola_RedBullPlayStreets,1789325584.814,0.1033,67760,50,0,3471342.9,42558934.4,2
CONT_s9_bola_RedBullPlayStreets,1789325584.917,0.1032,67708,49,0,3542591.9,42862179.7,2
CONT_s9_bola_RedBullPlayStreets,1789325585.02,0.1033,54260,41,0,3410056.3,42464407.5,2
CONT_s9_bola_RedBullPlayStreets,1789325585.123,0.1032,67760,50,0,3480050.0,42711855.3,2
CONT_s9_bola_RedBullPlayStreets,1789325585.227,0.1034,58883,45,0,3573674.9,31443314.2,2
CONT_s9_bola_RedBullPlayStreets,1789325585.33,0.1033,67760,50,0,3590306.3,42775734.8,2
CONT_s9_bola_RedBullPlayStreets,1789325585.433,0.1032,67760,50,0,3555725.6,42628334.6,2
CONT_s9_bola_RedBullPlayStreets,1789325585.537,0.1032,67760,50,0,3537691.8,42762817.5,2
CONT_s9_bola_RedBullPlayStreets,1789325585.64,0.1034,54208,40,0,3532170.1,42412438.3,2
CONT_s9_bola_RedBullPlayStreets,1789325585.745,0.1048,67760,50,0,3530752.6,42544799.0,2
CONT_s9_bola_RedBullPlayStreets,1789325585.848,0.1034,67760,50,0,3515227.0,42632764.8,2
CONT_s9_bola_RedBullPlayStreets,1789325585.951,0.1031,67760,50,0,3516179.0,42550513.8,2
CONT_s9_bola_RedBullPlayStreets,1789325586.055,0.1032,54208,40,0,3508669.7,42411486.5,2
CONT_s9_bola_RedBullPlayStreets,1789325586.158,0.1034,67760,50,0,3496631.0,42532857.6,2
CONT_s9_bola_RedBullPlayStreets,1789325586.261,0.1033,67760,50,0,3489974.4,42622985.2,2
CONT_s9_bola_RedBullPlayStreets,1789325586.365,0.1035,67708,49,0,3549890.5,42648585.8,2
CONT_s9_bola_RedBullPlayStreets,1789325586.468,0.1032,54260,41,0,3405567.9,42941809.1,2
CONT_s9_bola_RedBullPlayStreets,1789325586.571,0.1032,67760,50,0,3480866.9,42790869.6,2
CONT_s9_bola_RedBullPlayStreets,1789325586.674,0.1032,67760,50,0,3479152.8,42497914.8,2
CONT_s9_bola_RedBullPlayStreets,1789325586.778,0.1032,54208,40,0,3477039.3,42904273.2,2
CONT_s9_bola_RedBullPlayStreets,1789325586.881,0.1032,67760,50,0,3488552.9,42574873.0,2
CONT_s9_bola_RedBullPlayStreets,1789325586.984,0.1032,67760,50,0,3496515.2,42692000.7,2
CONT_s9_bola_RedBullPlayStreets,1789325587.087,0.1032,67760,50,0,3495930.9,42629845.6,2
CONT_s9_bola_RedBullPlayStreets,1789325587.19,0.1032,54208,40,0,3484576.9,42772344.7,2
CONT_s9_bola_RedBullPlayStreets,1789325587.293,0.1033,67760,50,0,3478079.3,42737722.6,2
CONT_s9_bola_RedBullPlayStreets,1789325587.397,0.1032,67760,50,0,3474169.5,42618825.7,2
CONT_s9_bola_RedBullPlayStreets,1789325587.5,0.1034,54208,40,0,3478020.4,42635709.1,2
CONT_s9_bola_RedBullPlayStreets,1789325587.603,0.1032,74229,57,0,3007640.2,29758917.2,2
CONT_s9_bola_RedBullPlayStreets,1789325587.707,0.1034,67708,49,0,3631036.9,42680485.4,2
CONT_s9_bola_RedBullPlayStreets,1789325587.81,0.1033,54260,41,0,3532053.5,42664347.2,2
CONT_s9_bola_RedBullPlayStreets,1789325587.913,0.1031,67760,50,0,3551725.7,42704222.0,2
CONT_s9_bola_RedBullPlayStreets,1789325588.016,0.1032,67760,50,0,3530425.1,42681279.9,2
CONT_s9_bola_RedBullPlayStreets,1789325588.119,0.1032,54208,40,0,3520225.1,42532451.4,2
CONT_s9_bola_RedBullPlayStreets,1789325588.223,0.1035,67760,50,0,3513221.5,42777662.6,2
CONT_s9_bola_RedBullPlayStreets,1789325588.326,0.1032,67760,50,0,3496835.2,42941121.0,2
CONT_s9_bola_RedBullPlayStreets,1789325588.429,0.1031,67760,50,0,3482250.7,42906917.3,2
CONT_s9_bola_RedBullPlayStreets,1789325588.532,0.1031,54208,40,0,3473776.2,42929843.2,2
CONT_s9_bola_RedBullPlayStreets,1789325588.636,0.1035,67760,50,0,3467035.4,42901487.8,2
CONT_s9_bola_RedBullPlayStreets,1789325588.739,0.1032,67760,50,0,3474813.7,42535169.2,2
CONT_s9_bola_RedBullPlayStreets,1789325588.842,0.1032,67708,49,0,3537032.5,42735919.3,2
CONT_s9_bola_RedBullPlayStreets,1789325588.946,0.1032,54260,41,0,3404808.5,42537574.1,2
CONT_s9_bola_RedBullPlayStreets,1789325589.049,0.1032,67760,50,0,3479019.6,42501785.2,2
CONT_s9_bola_RedBullPlayStreets,1789325589.152,0.1033,67760,50,0,3483160.8,42450384.3,2
CONT_s9_bola_RedBullPlayStreets,1789325589.257,0.1049,67708,49,0,3543647.6,42803863.8,2
CONT_s9_bola_RedBullPlayStreets,1789325589.36,0.1033,54260,41,0,3397579.9,42590378.6,2
CONT_s9_bola_RedBullPlayStreets,1789325589.463,0.1031,67760,50,0,3477288.6,42852009.7,2
CONT_s9_bola_RedBullPlayStreets,1789325589.566,0.1031,67760,50,0,3475413.7,42709320.5,2
CONT_s9_bola_RedBullPlayStreets,1789325589.67,0.1032,54208,40,0,3493560.7,42710932.2,2
CONT_s9_bola_RedBullPlayStreets,1789325589.773,0.1034,67760,50,0,3481277.2,42682329.1,2
CONT_s9_bola_RedBullPlayStreets,1789325589.876,0.1032,67760,50,0,3484735.3,42511424.2,2
CONT_s9_bola_RedBullPlayStreets,1789325589.979,0.1031,67760,50,0,3490988.3,42517716.3,2
CONT_s9_bola_RedBullPlayStreets,1789325590.083,0.1032,54208,40,0,3495035.8,42579356.3,2
CONT_s9_bola_RedBullPlayStreets,1789325590.186,0.1034,67760,50,0,3492068.8,42612941.9,2
CONT_s9_bola_RedBullPlayStreets,1789325590.289,0.1033,67760,50,0,3490431.7,42553582.9,2
CONT_s9_bola_RedBullPlayStreets,1789325590.392,0.1032,67708,49,0,3545578.1,42792229.6,2
CONT_s9_bola_RedBullPlayStreets,1789325590.496,0.1032,54260,41,0,3409611.9,42620732.2,2
CONT_s9_bola_RedBullPlayStreets,1789325590.599,0.1032,67760,50,0,3485664.2,42682023.4,2
CONT_s9_bola_RedBullPlayStreets,1789325590.702,0.1032,67760,50,0,3485984.6,42642413.2,2
CONT_s9_bola_RedBullPlayStreets,1789325590.805,0.1033,54208,40,0,3482494.8,42743153.1,2
CONT_s9_bola_RedBullPlayStreets,1789325590.909,0.1033,64221,49,0,3551289.0,33069701.3,2
CONT_s9_bola_RedBullPlayStreets,1789325591.012,0.1034,67760,50,0,3570225.9,42656958.6,2
CONT_s9_bola_RedBullPlayStreets,1789325591.115,0.1033,67760,50,0,3542028.7,42684988.3,2
CONT_s9_bola_RedBullPlayStreets,1789325591.219,0.1034,67760,50,0,3527268.7,42629333.6,2
CONT_s9_bola_RedBullPlayStreets,1789325591.322,0.1032,54208,40,0,3518033.2,42674513.7,2
CONT_s9_bola_RedBullPlayStreets,1789325591.425,0.1031,67760,50,0,3508802.7,42632071.8,2
CONT_s9_bola_RedBullPlayStreets,1789325591.528,0.1031,67760,50,0,3497830.7,42799240.9,2
CONT_s9_bola_RedBullPlayStreets,1789325591.633,0.1054,67760,50,0,3488450.6,42802502.5,2
CONT_s9_bola_RedBullPlayStreets,1789325591.737,0.1032,54208,40,0,3487399.4,42591627.5,2
CONT_s9_bola_RedBullPlayStreets,1789325591.84,0.1033,67760,50,0,3489433.2,42482275.0,2
CONT_s9_bola_RedBullPlayStreets,1789325591.943,0.1031,67760,50,0,3495013.1,42633732.2,2
CONT_s9_bola_RedBullPlayStreets,1789325592.046,0.1031,67760,50,0,3496384.6,42582730.0,2
CONT_s9_bola_RedBullPlayStreets,1789325592.149,0.1032,54208,40,0,3488414.2,42682941.0,2
CONT_s9_bola_RedBullPlayStreets,1789325592.253,0.104,67760,50,0,3485965.7,42717503.4,2
CONT_s9_bola_RedBullPlayStreets,1789325592.357,0.1033,67760,50,0,3479734.3,42695492.6,2
CONT_s9_bola_RedBullPlayStreets,1789325592.46,0.1032,67708,49,0,3546518.7,42611238.4,2
CONT_s9_bola_RedBullPlayStreets,1789325592.563,0.1032,54260,41,0,3407704.5,42763296.7,2
CONT_s9_bola_RedBullPlayStreets,1789325592.667,0.1035,72960,56,0,3564437.9,33967532.3,2
CONT_s9_bola_RedBullPlayStreets,1789325592.77,0.1031,54208,40,0,3586238.0,42697854.2,2
CONT_s9_bola_RedBullPlayStreets,1789325592.873,0.1031,67760,50,0,3554450.7,42601309.2,2
CONT_s9_bola_RedBullPlayStreets,1789325592.976,0.1032,67760,50,0,3538337.8,42596510.7,2
CONT_s9_bola_RedBullPlayStreets,1789325593.079,0.1032,67708,49,0,3575577.7,42738644.0,2
CONT_s9_bola_RedBullPlayStreets,1789325593.182,0.1032,54260,41,0,3435420.1,42650724.1,2
CONT_s9_bola_RedBullPlayStreets,1789325593.286,0.1032,67760,50,0,3506461.9,42679762.0,2
CONT_s9_bola_RedBullPlayStreets,1789325593.389,0.1032,67760,50,0,3489050.7,42948550.2,2
CONT_s9_bola_RedBullPlayStreets,1789325593.492,0.1032,54208,40,0,3479278.6,42926647.9,2
CONT_s9_bola_RedBullPlayStreets,1789325593.595,0.1033,67760,50,0,3471362.4,42886647.2,2
CONT_s9_bola_RedBullPlayStreets,1789325593.699,0.1034,67760,50,0,3465005.0,42854072.1,2
CONT_s9_bola_RedBullPlayStreets,1789325593.802,0.1032,67760,50,0,3470233.9,42614687.0,2
CONT_s9_bola_RedBullPlayStreets,1789325593.905,0.1032,54208,40,0,3476328.3,42760609.7,2
CONT_s9_bola_RedBullPlayStreets,1789325594.008,0.1032,67760,50,0,3480601.4,42665659.6,2
CONT_s9_bola_RedBullPlayStreets,1789325594.112,0.1032,67760,50,0,3480521.3,42616620.2,2
CONT_s9_bola_RedBullPlayStreets,1789325594.215,0.1034,67708,49,0,3545488.8,42496279.9,2
CONT_s9_bola_RedBullPlayStreets,1789325594.318,0.1033,54260,41,0,3405444.8,42698824.9,2
CONT_s9_bola_RedBullPlayStreets,1789325594.421,0.1031,67760,50,0,3488370.9,42695471.3,2
CONT_s9_bola_RedBullPlayStreets,1789325594.525,0.1032,67760,50,0,3486195.5,42722106.9,2
CONT_s9_bola_RedBullPlayStreets,1789325594.628,0.1032,54208,40,0,3495006.8,42512944.2,2
CONT_s9_bola_RedBullPlayStreets,1789325594.731,0.1037,67760,50,0,3493659.4,42598382.3,2
CONT_s9_bola_RedBullPlayStreets,1789325594.835,0.1033,67760,50,0,3493325.1,42844353.9,2
CONT_s9_bola_RedBullPlayStreets,1789325594.938,0.1032,67760,50,0,3485955.6,42764579.8,2
CONT_s9_bola_RedBullPlayStreets,1789325595.041,0.1032,54208,40,0,3478442.1,42539778.2,2
CONT_s9_bola_RedBullPlayStreets,1789325595.144,0.1032,67760,50,0,3478074.9,42691049.1,2
CONT_s9_bola_RedBullPlayStreets,1789325595.248,0.1042,67760,50,0,3473409.1,42543504.4,2
CONT_s9_bola_RedBullPlayStreets,1789325595.352,0.1033,63185,52,0,3278440.1,34696648.1,4
CONT_s9_bola_RedBullPlayStreets,1789325595.455,0.1034,66468,53,0,5275757.2,48046973.3,4
CONT_s9_bola_RedBullPlayStreets,1789325595.558,0.1033,66416,52,0,7095114.9,57170263.8,4
CONT_s9_bola_RedBullPlayStreets,1789325595.662,0.1035,66364,51,0,7893707.3,57248730.0,4
CONT_s9_bola_RedBullPlayStreets,1789325595.765,0.1034,63416,50,0,8779147.8,57260455.9,4
CONT_s9_bola_RedBullPlayStreets,1789325595.869,0.1034,63364,49,0,8451014.7,55219723.3,4
CONT_s9_bola_RedBullPlayStreets,1789325595.972,0.1035,66364,51,0,9898865.8,57355231.2,4
CONT_s9_bola_RedBullPlayStreets,1789325596.076,0.1033,52916,43,0,11677797.2,58476979.5,4
CONT_s9_bola_RedBullPlayStreets,1789325596.179,0.1034,66416,52,0,10732276.6,57186125.1,4
CONT_s9_bola_RedBullPlayStreets,1789325596.283,0.1034,66416,52,0,10896530.2,57244393.0,4
CONT_s9_bola_RedBullPlayStreets,1789325596.386,0.1033,66416,52,0,11017075.2,57326655.6,4
CONT_s9_bola_RedBullPlayStreets,1789325596.489,0.1033,66416,52,0,11101813.5,57255960.1,4
CONT_s9_bola_RedBullPlayStreets,1789325596.592,0.1033,66416,52,0,11168776.8,57099260.4,4
CONT_s9_bola_RedBullPlayStreets,1789325596.696,0.1039,52864,42,0,12313838.8,58238738.5,4
CONT_s9_bola_RedBullPlayStreets,1789325596.8,0.1037,66416,52,0,10941180.0,57019578.8,4
CONT_s9_bola_RedBullPlayStreets,1789325596.903,0.1033,66416,52,0,10981269.7,57034706.4,4
CONT_s9_bola_RedBullPlayStreets,1789325597.007,0.1033,66416,52,0,11002668.7,56978495.6,4
CONT_s9_bola_RedBullPlayStreets,1789325597.11,0.1034,66416,52,0,11003839.3,57014677.5,4
CONT_s9_bola_RedBullPlayStreets,1789325597.214,0.1036,66416,52,0,11014783.5,57009605.4,4
CONT_s9_bola_RedBullPlayStreets,1789325597.317,0.1034,54325,46,0,12828015.9,48980712.0,4
CONT_s9_bola_RedBullPlayStreets,1789325597.421,0.1035,66416,52,0,10112362.2,50140218.2,4
CONT_s9_bola_RedBullPlayStreets,1789325597.524,0.1033,66416,52,0,10335015.3,57010049.8,4
CONT_s9_bola_RedBullPlayStreets,1789325597.627,0.1034,66416,52,0,10576970.7,56891565.1,4
CONT_s9_bola_RedBullPlayStreets,1789325597.731,0.1038,66416,52,0,10714965.8,56881805.6,4
CONT_s9_bola_RedBullPlayStreets,1789325597.834,0.1034,66416,52,0,10826946.5,56976374.1,4
CONT_s9_bola_RedBullPlayStreets,1789325597.938,0.1035,66416,52,0,10903760.2,56950141.1,4
CONT_s9_bola_RedBullPlayStreets,1789325598.041,0.1035,63364,49,0,10063958.7,56905425.5,4
CONT_s9_bola_RedBullPlayStreets,1789325598.145,0.1035,66364,51,0,10794158.1,56957228.8,4
CONT_s9_bola_RedBullPlayStreets,1789325598.25,0.105,63416,50,0,10422482.9,54703370.2,4
CONT_s9_bola_RedBullPlayStreets,1789325598.353,0.1034,52864,42,0,12762608.1,58385274.8,4
CONT_s9_bola_RedBullPlayStreets,1789325598.457,0.1035,66416,52,0,11362070.8,57294382.0,4
CONT_s9_bola_RedBullPlayStreets,1789325598.56,0.1034,66416,52,0,11367224.8,57270918.4,4
CONT_s9_bola_RedBullPlayStreets,1789325598.664,0.1034,66416,52,0,11372944.3,57309039.8,4
CONT_s9_bola_RedBullPlayStreets,1789325598.767,0.1034,66416,52,0,11379427.3,57311829.4,4
CONT_s9_bola_RedBullPlayStreets,1789325598.87,0.1034,66416,52,0,11379334.0,57178360.2,4
CONT_s9_bola_RedBullPlayStreets,1789325598.974,0.1034,66364,51,0,11413682.7,57082156.3,4
CONT_s9_bola_RedBullPlayStreets,1789325599.077,0.1034,52916,43,0,12433022.7,58059168.8,4
CONT_s9_bola_RedBullPlayStreets,1789325599.181,0.1035,66416,52,0,11037648.5,56991177.7,4
CONT_s9_bola_RedBullPlayStreets,1789325599.284,0.1034,66404,52,0,10884400.4,57049166.4,4
CONT_s9_bola_RedBullPlayStreets,1789325599.387,0.1034,70812,53,0,5563484.2,49593279.7,3
CONT_s9_bola_RedBullPlayStreets,1789325599.491,0.1034,54208,40,0,4105495.9,42707977.2,2
CONT_s9_bola_RedBullPlayStreets,1789325599.594,0.1033,67760,50,0,3917179.6,42717569.9,2
CONT_s9_bola_RedBullPlayStreets,1789325599.698,0.1034,67760,50,0,3792304.7,42590497.1,2
CONT_s9_bola_RedBullPlayStreets,1789325599.801,0.1034,55732,42,0,3755054.8,33216855.8,2
CONT_s9_bola_RedBullPlayStreets,1789325599.904,0.1035,67760,50,0,3768182.8,42567560.5,2
CONT_s9_bola_RedBullPlayStreets,1789325600.008,0.1034,67760,50,0,3695424.7,42517961.1,2
CONT_s9_bola_RedBullPlayStreets,1789325600.111,0.1034,67760,50,0,3641584.3,42552785.0,2
CONT_s9_bola_RedBullPlayStreets,1789325600.215,0.1035,54208,40,0,3620010.5,42689933.6,2
CONT_s9_bola_RedBullPlayStreets,1789325600.318,0.1035,67760,50,0,3581342.1,42521904.0,2
CONT_s9_bola_RedBullPlayStreets,1789325600.422,0.1033,67760,50,0,3548772.9,42682416.0,2
CONT_s9_bola_RedBullPlayStreets,1789325600.525,0.1034,67760,50,0,3526092.7,42621413.5,2
CONT_s9_bola_RedBullPlayStreets,1789325600.629,0.1036,54208,40,0,3519914.5,42685226.0,2
CONT_s9_bola_RedBullPlayStreets,1789325600.732,0.1036,67760,50,0,3507851.9,42428062.5,2
CONT_s9_bola_RedBullPlayStreets,1789325600.836,0.1034,67760,50,0,3504715.8,42493956.0,2
CONT_s9_bola_RedBullPlayStreets,1789325600.939,0.1033,67760,50,0,3496475.4,42663358.4,2
CONT_s9_bola_RedBullPlayStreets,1789325601.042,0.1033,54208,40,0,3485905.1,42634611.0,2
CONT_s9_bola_RedBullPlayStreets,1789325601.146,0.1034,67760,50,0,3482459.6,42614614.1,2
CONT_s9_bola_RedBullPlayStreets,1789325601.251,0.1049,67760,50,0,3474727.1,42694939.2,2
CONT_s9_bola_RedBullPlayStreets,1789325601.354,0.1033,63943,49,0,3568788.3,35663385.7,2
CONT_s9_bola_RedBullPlayStreets,1789325601.457,0.1033,67760,50,0,3617655.7,42752448.3,2
CONT_s9_bola_RedBullPlayStreets,1789325601.56,0.1033,54208,40,0,3602186.6,42590652.5,2
CONT_s9_bola_RedBullPlayStreets,1789325601.664,0.1035,67760,50,0,3572860.0,42557512.3,2
CONT_s9_bola_RedBullPlayStreets,1789325601.767,0.1034,67760,50,0,3543108.0,42732598.7,2
CONT_s9_bola_RedBullPlayStreets,1789325601.871,0.1034,67760,50,0,3534497.2,42609337.4,2
CONT_s9_bola_RedBullPlayStreets,1789325601.974,0.1033,54208,40,0,3522280.6,42435801.7,2
CONT_s9_bola_RedBullPlayStreets,1789325602.077,0.1033,67760,50,0,3516809.8,42694564.3,2
CONT_s9_bola_RedBullPlayStreets,1789325602.181,0.1034,67760,50,0,3511094.3,42485098.7,2
CONT_s9_bola_RedBullPlayStreets,1789325602.284,0.1034,67708,49,0,3566260.4,42787160.7,2
CONT_s9_bola_RedBullPlayStreets,1789325602.387,0.1033,54260,41,0,3433745.5,42745538.3,2
CONT_s9_bola_RedBullPlayStreets,1789325602.491,0.1033,67760,50,0,3495882.3,42766596.6,2
CONT_s9_bola_RedBullPlayStreets,1789325602.594,0.1034,67760,50,0,3493002.7,42622625.6,2
CONT_s9_bola_RedBullPlayStreets,1789325602.698,0.1034,54208,40,0,3487789.9,42591330.0,2
CONT_s9_bola_RedBullPlayStreets,1789325602.801,0.1035,67760,50,0,3482614.4,42694954.9,2
CONT_s9_bola_RedBullPlayStreets,1789325602.904,0.1034,67760,50,0,3477077.2,42477427.1,2
CONT_s9_bola_RedBullPlayStreets,1789325603.008,0.1033,67760,50,0,3483443.4,42670276.5,2
CONT_s9_bola_RedBullPlayStreets,1789325603.111,0.1034,54208,40,0,3498135.1,42605485.3,2
CONT_s9_bola_RedBullPlayStreets,1789325603.215,0.1036,67760,50,0,3512384.0,42588568.8,2
CONT_s9_bola_RedBullPlayStreets,1789325603.318,0.1034,67760,50,0,3501186.3,42553693.4,2
CONT_s9_bola_RedBullPlayStreets,1789325603.421,0.1033,67760,50,0,3486271.1,42936850.6,2
CONT_s9_bola_RedBullPlayStreets,1789325603.525,0.1034,61835,47,0,3632096.6,33342007.3,2
CONT_s9_bola_RedBullPlayStreets,1789325603.628,0.1034,67708,49,0,3646731.4,43005257.8,2
CONT_s9_bola_RedBullPlayStreets,1789325603.732,0.1036,54260,41,0,3507746.1,42820025.7,2
CONT_s9_bola_RedBullPlayStreets,1789325603.835,0.1034,67760,50,0,3545899.6,42807631.6,2
CONT_s9_bola_RedBullPlayStreets,1789325603.939,0.1033,67760,50,0,3520057.1,42863184.2,2
CONT_s9_bola_RedBullPlayStreets,1789325604.042,0.1033,54208,40,0,3505218.3,42846110.0,2
CONT_s9_bola_RedBullPlayStreets,1789325604.145,0.1036,67760,50,0,3506605.9,42640553.8,2
CONT_s9_bola_RedBullPlayStreets,1789325604.25,0.1048,67760,50,0,3507615.8,42606424.5,2
CONT_s9_bola_RedBullPlayStreets,1789325604.354,0.1035,67760,50,0,3496943.3,42744705.9,2
CONT_s9_bola_RedBullPlayStreets,1789325604.457,0.1032,54208,40,0,3487836.9,42901284.5,2
CONT_s9_bola_RedBullPlayStreets,1789325604.56,0.1035,67760,50,0,3492630.9,42761525.4,2
CONT_s9_bola_RedBullPlayStreets,1789325604.664,0.1035,67760,50,0,3484422.9,42595126.5,2
CONT_s9_bola_RedBullPlayStreets,1789325604.767,0.1034,67760,50,0,3472459.4,42767918.9,2
CONT_s9_bola_RedBullPlayStreets,1789325604.871,0.1034,54208,40,0,3474963.1,42713085.9,2
CONT_s9_bola_RedBullPlayStreets,1789325604.974,0.1035,67760,50,0,3487613.1,42599343.5,2
CONT_s9_bola_RedBullPlayStreets,1789325605.077,0.1033,67760,50,0,3488849.1,42427579.1,2
CONT_s9_bola_RedBullPlayStreets,1789325605.181,0.1034,67760,50,0,3477175.3,42516511.1,2
CONT_s9_bola_RedBullPlayStreets,1789325605.284,0.1034,54208,40,0,3474528.6,42649714.7,2
CONT_s9_bola_RedBullPlayStreets,1789325605.388,0.1033,67760,50,0,3479571.7,42559480.9,2
CONT_s9_bola_RedBullPlayStreets,1789325605.491,0.1033,67760,50,0,3473350.6,42820812.9,2
CONT_s9_bola_RedBullPlayStreets,1789325605.594,0.1034,67760,50,0,3479081.0,42713051.9,2
CONT_s9_bola_RedBullPlayStreets,1789325605.698,0.1034,54208,40,0,3486872.5,42512745.9,2
CONT_s9_bola_RedBullPlayStreets,1789325605.801,0.1034,58251,44,0,3595990.8,39613509.7,2
CONT_s9_bola_RedBullPlayStreets,1789325605.905,0.1034,0,0,0,0,0,0
CONT_s9_bola_RedBullPlayStreets,1789325606.008,0.1033,0,0,0,0,0,0
CONT_s9_bola_RedBullPlayStreets,1789325606.111,0.1035,0,0,0,0,0,0
CONT_s9_bola_RedBullPlayStreets,1789325606.215,0.1033,0,0,0,0,0,0
CONT_s9_bola_RedBullPlayStreets,1789325606.318,0.1034,0,0,0,0,0,0
CONT_s9_bola_RedBullPlayStreets,1789325606.421,0.1033,0,0,0,0,0,0
CONT_s9_bola_RedBullPlayStreets,1789325606.525,0.1034,0,0,0,0,0,0
CONT_s9_bola_RedBullPlayStreets,1789325606.628,0.1035,0,0,0,0,0,0
CONT_s9_bola_RedBullPlayStreets,1789325606.732,0.1035,0,0,0,0,0,0
CONT_s9_bola_RedBullPlayStreets,1789325606.835,0.1034,0,0,0,0,0,0
CONT_s9_bola_RedBullPlayStreets,1789325606.939,0.1033,0,0,0,0,0,0
CONT_s9_bola_RedBullPlayStreets,1789325607.042,0.1039,0,0,0,0,0,0
CONT_s9_bola_RedBullPlayStreets,1789325607.146,0.1034,0,0,0,0,0,0
CONT_s9_bola_RedBullPlayStreets,1789325607.251,0.1055,0,0,0,0,0,0
CONT_s9_bola_RedBullPlayStreets,1789325607.355,0.1035,30552,23,0,76391677.1,13632529.7,2
CONT_s9_bola_RedBullPlayStreets,1789325607.458,0.1036,71488,66,0,17263292.1,32850581.9,2
CONT_s9_bola_RedBullPlayStreets,1789325607.562,0.1034,65444,78,0,4140129.4,48135273.9,2
CONT_s9_bola_RedBullPlayStreets,1789325607.665,0.1034,66420,71,16,3817462.1,41604452.8,2
CONT_s9_bola_RedBullPlayStreets,1789325607.769,0.1036,59156,71,0,501357.1,39137357.4,2
CONT_s9_bola_RedBullPlayStreets,1789325607.872,0.1035,66360,84,0,3863878.5,48717929.5,2
CONT_s9_bola_RedBullPlayStreets,1789325607.976,0.1035,72496,92,1,3930768.5,45474495.5,2
CONT_s9_bola_RedBullPlayStreets,1789325608.079,0.1035,62880,80,0,3900667.0,56885008.2,2
CONT_s9_bola_RedBullPlayStreets,1789325608.183,0.1035,73396,89,2,2753119.7,45227335.1,2
CONT_s9_bola_RedBullPlayStreets,1789325608.286,0.1034,65592,64,0,393306.7,41688464.2,2
CONT_s9_bola_RedBullPlayStreets,1789325608.39,0.1034,66188,72,0,125237.9,41558606.6,2
CONT_s9_bola_RedBullPlayStreets,1789325608.493,0.1036,62624,81,0,3426244.8,51144360.5,2
CONT_s9_bola_RedBullPlayStreets,1789325608.597,0.1035,65344,79,1,4135963.4,43321683.3,2
CONT_s9_bola_RedBullPlayStreets,1789325608.7,0.1036,67812,51,0,4071262.4,54039015.5,2
CONT_s9_bola_RedBullPlayStreets,1789325608.804,0.1036,64760,48,0,3969873.2,58844882.4,2
CONT_s9_bola_RedBullPlayStreets,1789325608.907,0.1035,64916,51,0,2711217.6,59106340.5,2
CONT_s9_bola_RedBullPlayStreets,1789325609.011,0.1034,65436,61,0,977122.6,45386837.6,2
CONT_s9_bola_RedBullPlayStreets,1789325609.114,0.1035,64448,68,0,261698.6,43866828.3,2
CONT_s9_bola_RedBullPlayStreets,1789325609.218,0.1036,61164,78,0,3037624.5,48683812.8,2
CONT_s9_bola_RedBullPlayStreets,1789325609.321,0.1034,72276,92,3,3869998.0,42530891.4,2
CONT_s9_bola_RedBullPlayStreets,1789325609.425,0.1034,54260,41,0,4013927.2,55552762.1,2
CONT_s9_bola_RedBullPlayStreets,1789325609.528,0.1033,17218,14,0,4034441.7,41816960.3,2
CONT_s9_bola_RedBullPlayStreets,1789325609.633,0.1047,0,0,0,0,0,0
CONT_s9_bola_RedBullPlayStreets,1789325609.736,0.1035,0,0,0,0,0,0
CONT_s9_bola_RedBullPlayStreets,1789325609.84,0.1034,0,0,0,0,0,0
CONT_s9_bola_RedBullPlayStreets,1789325609.943,0.1033,0,0,0,0,0,0
CONT_s9_bola_RedBullPlayStreets,1789325610.046,0.1033,0,0,0,0,0,0
CONT_s9_bola_RedBullPlayStreets,1789325610.149,0.1033,0,0,0,0,0,0
CONT_s9_bola_RedBullPlayStreets,1789325610.254,0.1049,0,0,0,0,0,0
CONT_s9_bola_RedBullPlayStreets,1789325610.358,0.1034,0,0,0,0,0,0
CONT_s9_bola_RedBullPlayStreets,1789325610.461,0.1033,0,0,0,0,0,0
CONT_s9_bola_RedBullPlayStreets,1789325610.564,0.1034,0,0,0,0,0,0
CONT_s9_bola_RedBullPlayStreets,1789325610.668,0.1033,0,0,0,0,0,0
CONT_s9_bola_RedBullPlayStreets,1789325610.771,0.1034,0,0,0,0,0,0
CONT_s9_bola_RedBullPlayStreets,1789325610.875,0.1034,0,0,0,0,0,0
CONT_s9_bola_RedBullPlayStreets,1789325610.978,0.1033,15500,12,0,124727909.3,4221830.1,2
CONT_s9_bola_RedBullPlayStreets,1789325611.081,0.1035,75884,67,0,19757139.7,26934742.5,2
CONT_s9_bola_RedBullPlayStreets,1789325611.185,0.1034,65124,55,0,9147421.4,49426138.3,2
CONT_s9_bola_RedBullPlayStreets,1789325611.288,0.1034,64864,50,0,6129466.9,63883829.5,2
CONT_s9_bola_RedBullPlayStreets,1789325611.392,0.1034,64144,64,0,2140158.5,38075097.8,2
CONT_s9_bola_RedBullPlayStreets,1789325611.495,0.1034,65592,64,0,517170.0,42539219.5,2
CONT_s9_bola_RedBullPlayStreets,1789325611.598,0.1035,66436,74,0,1161394.5,45974048.5,2
CONT_s9_bola_RedBullPlayStreets,1789325611.702,0.1036,59976,63,2,3631602.6,49091015.3,2
CONT_s9_bola_RedBullPlayStreets,1789325611.805,0.1034,58760,44,0,3868342.4,56041307.5,2
CONT_s9_bola_RedBullPlayStreets,1789325611.909,0.1034,75780,65,0,1176132.9,46784302.7,2
CONT_s9_bola_RedBullPlayStreets,1789325612.012,0.1034,64144,64,0,257359.6,36137803.1,2
CONT_s9_bola_RedBullPlayStreets,1789325612.116,0.1035,65592,64,0,86024.8,37729927.8,2
CONT_s9_bola_RedBullPlayStreets,1789325612.219,0.1035,65592,64,0,37173.1,40132578.7,2
CONT_s9_bola_RedBullPlayStreets,1789325612.323,0.1034,64144,64,0,26568.5,41293914.8,2
CONT_s9_bola_RedBullPlayStreets,1789325612.426,0.1034,65592,64,0,45116.7,42553635.0,2
CONT_s9_bola_RedBullPlayStreets,1789325612.53,0.1041,65592,64,0,30036.7,40926455.4,2
CONT_s9_bola_RedBullPlayStreets,1789325612.634,0.104,65644,65,0,40271.9,40062169.1,2
CONT_s9_bola_RedBullPlayStreets,1789325612.738,0.1037,64688,71,0,78285.0,41590195.8,2
CONT_s9_bola_RedBullPlayStreets,1789325612.841,0.1035,64124,82,0,3410450.0,49285188.2,2
CONT_s9_bola_RedBullPlayStreets,1789325612.945,0.1034,63780,77,1,4163158.3,42177160.6,2
CONT_s9_bola_RedBullPlayStreets,1789325613.048,0.1034,30714,24,0,3915780.6,49149743.7,2
CONT_s9_bola_RedBullPlayStreets,1789325613.152,0.1035,0,0,0,0,0,0
CONT_s9_bola_RedBullPlayStreets,1789325613.256,0.1044,0,0,0,0,0,0
CONT_s9_bola_RedBullPlayStreets,1789325613.359,0.1033,0,0,0,0,0,0
CONT_s9_bola_RedBullPlayStreets,1789325613.463,0.1033,0,0,0,0,0,0
CONT_s9_bola_RedBullPlayStreets,1789325613.566,0.1033,0,0,0,0,0,0
CONT_s9_bola_RedBullPlayStreets,1789325613.669,0.1034,0,0,0,0,0,0
CONT_s9_bola_RedBullPlayStreets,1789325613.773,0.1034,0,0,0,0,0,0
CONT_s9_bola_RedBullPlayStreets,1789325613.876,0.1034,0,0,0,0,0,0
CONT_s9_bola_RedBullPlayStreets,1789325613.98,0.1033,0,0,0,0,0,0
CONT_s9_bola_RedBullPlayStreets,1789325614.083,0.1034,0,0,0,0,0,0
CONT_s9_bola_RedBullPlayStreets,1789325614.186,0.1034,0,0,0,0,0,0
CONT_s9_bola_RedBullPlayStreets,1789325614.29,0.1035,0,0,0,0,0,0
CONT_s9_bola_RedBullPlayStreets,1789325614.393,0.1034,0,0,0,0,0,0
CONT_s9_bola_RedBullPlayStreets,1789325614.496,0.1033,0,0,0,0,0,0
CONT_s9_bola_RedBullPlayStreets,1789325614.6,0.1034,0,0,0,0,0,0
CONT_s9_bola_RedBullPlayStreets,1789325614.703,0.1035,0,0,0,0,0,0
CONT_s9_bola_RedBullPlayStreets,1789325614.807,0.1034,0,0,0,0,0,0
CONT_s9_bola_RedBullPlayStreets,1789325614.91,0.1033,0,0,0,0,0,0
CONT_s9_bola_RedBullPlayStreets,1789325615.014,0.1034,0,0,0,0,0,0
CONT_s9_bola_RedBullPlayStreets,1789325615.117,0.1034,70020,58,0,39780991.6,20015885.7,2
CONT_s9_bola_RedBullPlayStreets,1789325615.221,0.1036,65176,56,0,15916319.3,41568046.7,2
CONT_s9_bola_RedBullPlayStreets,1789325615.324,0.1035,63988,61,0,5874037.6,35105414.9,2
CONT_s9_bola_RedBullPlayStreets,1789325615.428,0.1034,65592,64,0,1566883.6,38920859.0,2
CONT_s9_bola_RedBullPlayStreets,1789325615.531,0.1037,65644,65,0,429962.5,40908277.6,2
CONT_s9_bola_RedBullPlayStreets,1789325615.635,0.1041,65960,69,0,158927.2,42302720.1,2
CONT_s9_bola_RedBullPlayStreets,1789325615.739,0.1035,57920,75,2,2870419.9,49028821.0,2
CONT_s9_bola_RedBullPlayStreets,1789325615.842,0.1034,66312,50,0,3837350.8,51498135.1,2
CONT_s9_bola_RedBullPlayStreets,1789325615.946,0.1034,61760,46,0,3890838.2,57901531.3,2
CONT_s9_bola_RedBullPlayStreets,1789325616.049,0.1035,73092,69,0,689676.8,39345545.8,2
CONT_s9_bola_RedBullPlayStreets,1789325616.153,0.1035,65644,65,0,186886.4,36857067.0,2
CONT_s9_bola_RedBullPlayStreets,1789325616.256,0.104,65592,64,0,76720.6,38354338.3,2
CONT_s9_bola_RedBullPlayStreets,1789325616.36,0.1033,64092,63,0,40471.0,40127953.1,2
CONT_s9_bola_RedBullPlayStreets,1789325616.463,0.1034,65592,64,0,31666.5,41931173.8,2
CONT_s9_bola_RedBullPlayStreets,1789325616.567,0.1034,64144,64,0,43143.8,42515095.2,2
CONT_s9_bola_RedBullPlayStreets,1789325616.67,0.1034,65592,64,0,52642.4,40051903.5,2
CONT_s9_bola_RedBullPlayStreets,1789325616.773,0.1035,65592,64,0,47420.1,41907043.8,2
CONT_s9_bola_RedBullPlayStreets,1789325616.877,0.1035,62156,75,0,74332.8,39508430.6,2
CONT_s9_bola_RedBullPlayStreets,1789325616.98,0.1035,64124,82,0,3830767.0,47502712.8,2
CONT_s9_bola_RedBullPlayStreets,1789325617.084,0.1034,64552,67,1,4032510.4,43371656.2,2
CONT_s9_bola_RedBullPlayStreets,1789325617.187,0.1034,48391,38,0,3895868.4,45799748.2,2
CONT_s9_bola_RedBullPlayStreets,1789325617.291,0.1035,0,0,0,0,0,0
CONT_s9_bola_RedBullPlayStreets,1789325617.394,0.1037,0,0,0,0,0,0
CONT_s9_bola_RedBullPlayStreets,1789325617.498,0.1034,0,0,0,0,0,0
CONT_s9_bola_RedBullPlayStreets,1789325617.601,0.1034,0,0,0,0,0,0
CONT_s9_bola_RedBullPlayStreets,1789325617.705,0.1035,0,0,0,0,0,0
CONT_s9_bola_RedBullPlayStreets,1789325617.808,0.1035,0,0,0,0,0,0
CONT_s9_bola_RedBullPlayStreets,1789325617.911,0.1033,0,0,0,0,0,0
CONT_s9_bola_RedBullPlayStreets,1789325618.015,0.1034,0,0,0,0,0,0
CONT_s9_bola_RedBullPlayStreets,1789325618.118,0.1034,0,0,0,0,0,0
CONT_s9_bola_RedBullPlayStreets,1789325618.222,0.1035,0,0,0,0,0,0
CONT_s9_bola_RedBullPlayStreets,1789325618.325,0.1034,0,0,0,0,0,0
CONT_s9_bola_RedBullPlayStreets,1789325618.428,0.1033,0,0,0,0,0,0
CONT_s9_bola_RedBullPlayStreets,1789325618.532,0.1035,0,0,0,0,0,0
CONT_s9_bola_RedBullPlayStreets,1789325618.636,0.1039,0,0,0,0,0,0
CONT_s9_bola_RedBullPlayStreets,1789325618.739,0.1034,0,0,0,0,0,0
CONT_s9_bola_RedBullPlayStreets,1789325618.843,0.1034,0,0,0,0,0,0
CONT_s9_bola_RedBullPlayStreets,1789325618.946,0.1033,0,0,0,0,0,0
CONT_s9_bola_RedBullPlayStreets,1789325619.049,0.1033,0,0,0,0,0,0
CONT_s9_bola_RedBullPlayStreets,1789325619.153,0.1034,15497,16,0,742745.0,192266.3,2
CONT_s9_bola_RedBullPlayStreets,1789325619.256,0.1036,76332,68,0,2654503.0,30325329.4,3
CONT_s9_bola_RedBullPlayStreets,1789325619.36,0.1041,64924,72,14,39355462.5,49007743.8,4
CONT_s9_bola_RedBullPlayStreets,1789325619.464,0.1039,65856,67,1,28569868.2,47559435.5,4
CONT_s9_bola_RedBullPlayStreets,1789325619.568,0.1038,66148,70,0,15864862.9,55187252.7,4
CONT_s9_bola_RedBullPlayStreets,1789325619.672,0.1037,60808,72,8,11435400.7,51976008.8,4
CONT_s9_bola_RedBullPlayStreets,1789325619.775,0.1037,70088,66,5,15290564.5,28720316.8,4
CONT_s9_bola_RedBullPlayStreets,1789325619.879,0.1035,65384,60,0,10830683.8,19643495.3,4
CONT_s9_bola_RedBullPlayStreets,1789325619.983,0.1036,61556,66,0,9312945.7,70795186.4,4
CONT_s9_bola_RedBullPlayStreets,1789325620.086,0.1036,63940,58,6,9277212.4,67175098.0,4
CONT_s9_bola_RedBullPlayStreets,1789325620.19,0.1039,70864,54,0,9768906.8,69793786.2,4
CONT_s9_bola_RedBullPlayStreets,1789325620.294,0.1038,57416,46,0,8239694.1,39617587.4,4
CONT_s9_bola_RedBullPlayStreets,1789325620.398,0.1036,66468,53,0,6207773.7,28185131.6,2
CONT_s9_bola_RedBullPlayStreets,1789325620.501,0.1036,63312,48,0,4902004.8,32913524.1,2
CONT_s9_bola_RedBullPlayStreets,1789325620.605,0.1036,69724,55,0,11792326.5,67538728.4,4
CONT_s9_bola_RedBullPlayStreets,1789325620.708,0.1037,57312,44,0,12556677.8,56287659.8,4
CONT_s9_bola_RedBullPlayStreets,1789325620.812,0.1037,67812,51,0,10924303.7,70242899.2,4
CONT_s9_bola_RedBullPlayStreets,1789325620.916,0.1036,64608,50,0,11322928.0,66318493.0,4
CONT_s9_bola_RedBullPlayStreets,1789325621.019,0.1036,66416,52,0,11102930.5,59178431.5,4
CONT_s9_bola_RedBullPlayStreets,1789325621.123,0.1037,60364,47,0,8996265.2,49081888.9,4
CONT_s9_bola_RedBullPlayStreets,1789325621.227,0.1038,67916,53,0,6010001.0,42580687.0,3
CONT_s9_bola_RedBullPlayStreets,1789325621.33,0.1036,64916,51,0,13710712.9,54168049.7,4
CONT_s9_bola_RedBullPlayStreets,1789325621.434,0.1036,63364,49,0,9292981.6,71733135.3,4
CONT_s9_bola_RedBullPlayStreets,1789325621.538,0.1036,63468,51,0,11922844.6,65509266.6,4
CONT_s9_bola_RedBullPlayStreets,1789325621.641,0.1035,67968,54,0,11838802.0,68643149.9,4
CONT_s9_bola_RedBullPlayStreets,1789325621.747,0.1058,174038,148,6,635236.1,11358933.2,2
CONT_s9_bola_RedBullPlayStreets,1789325621.851,0.1037,64188,63,8,9166442.7,15832700.6,2
CONT_s9_bola_RedBullPlayStreets,1789325621.954,0.1035,39364,33,0,8060262.0,9145887.5,2
CONT_s9_bola_RedBullPlayStreets,1789325622.058,0.1036,74332,65,0,4920135.1,16614444.1,2
CONT_s9_bola_RedBullPlayStreets,1789325622.161,0.1036,22656,18,0,4268369.8,19366554.8,2
CONT_s9_bola_RedBullPlayStreets,1789325622.265,0.1035,0,0,0,0,0,0
CONT_s9_bola_RedBullPlayStreets,1789325622.368,0.1036,360,2,0,19560484.0,191795878.8,2
CONT_s9_bola_RedBullPlayStreets,1789325622.472,0.1035,0,0,0,0,0,0
CONT_s9_bola_RedBullPlayStreets,1789325622.576,0.1036,104,2,0,20932693.5,221597177.0,2
CONT_s9_bola_RedBullPlayStreets,1789325622.679,0.1036,51056,40,0,9761253.1,14194231.5,2
CONT_s9_bola_RedBullPlayStreets,1789325622.783,0.1036,77072,62,0,5751304.9,23874591.6,2
CONT_s9_bola_RedBullPlayStreets,1789325622.886,0.1035,9052,7,0,5215093.1,25436282.0,2
CONT_s9_bola_RedBullPlayStreets,1789325622.99,0.1036,0,0,0,0,0,0
CONT_s9_bola_RedBullPlayStreets,1789325623.093,0.1035,360,2,0,23551082.0,199338554.9,2
CONT_s9_bola_RedBullPlayStreets,1789325623.197,0.1035,0,0,0,0,0,0
CONT_s9_bola_RedBullPlayStreets,1789325623.301,0.1036,62364,50,0,34825559.6,17874736.1,4
CONT_s9_bola_RedBullPlayStreets,1789325623.404,0.1035,78520,62,0,19165905.3,34167661.4,4
CONT_s9_bola_RedBullPlayStreets,1789325623.508,0.1036,76712,60,0,14520153.3,51508351.2,4
CONT_s9_bola_RedBullPlayStreets,1789325623.611,0.1035,73916,57,0,12726634.2,58598504.9,4
CONT_s9_bola_RedBullPlayStreets,1789325623.715,0.1037,80020,63,0,13152895.2,58030912.4,4
CONT_s9_bola_RedBullPlayStreets,1789325623.819,0.1036,73968,58,0,8481473.4,33356302.6,2
CONT_s9_bola_RedBullPlayStreets,1789325623.922,0.1035,79968,62,0,6090415.6,34472931.8,2
CONT_s9_bola_RedBullPlayStreets,1789325624.026,0.1036,75776,60,0,6083537.7,38947787.5,4
CONT_s9_bola_RedBullPlayStreets,1789325624.129,0.1036,81160,62,0,11933683.1,47889306.4,4
CONT_s9_bola_RedBullPlayStreets,1789325624.233,0.1036,78520,62,0,10150067.8,61852794.6,4
CONT_s9_bola_RedBullPlayStreets,1789325624.337,0.1036,76968,60,0,9636521.3,65774077.9,4
CONT_s9_bola_RedBullPlayStreets,1789325624.44,0.1036,77020,61,0,8259490.0,54537961.0,4
CONT_s9_bola_RedBullPlayStreets,1789325624.544,0.1036,78468,61,0,4215587.1,33792683.2,2
CONT_s9_bola_RedBullPlayStreets,1789325624.647,0.1037,73916,57,0,3824989.4,36257549.9,2
CONT_s9_bola_RedBullPlayStreets,1789325624.752,0.105,80276,63,0,4749609.1,40411524.1,4
CONT_s9_bola_RedBullPlayStreets,1789325624.856,0.1036,72364,55,0,12593242.9,54989303.2,4
CONT_s9_bola_RedBullPlayStreets,1789325624.96,0.1036,84416,64,0,8298011.8,65679388.0,4
CONT_s9_bola_RedBullPlayStreets,1789325625.063,0.1037,75416,58,0,9643975.0,57849685.8,4
CONT_s9_bola_RedBullPlayStreets,1789325625.167,0.1038,67916,53,0,11196186.0,63994392.3,4
CONT_s9_bola_RedBullPlayStreets,1789325625.271,0.1036,78520,62,0,11037230.0,58843489.8,4
CONT_s9_bola_RedBullPlayStreets,1789325625.374,0.1035,89072,70,0,8671570.5,46643146.6,4
CONT_s9_bola_RedBullPlayStreets,1789325625.478,0.1035,69520,56,0,9688228.3,36183328.6,4
CONT_s9_bola_RedBullPlayStreets,1789325625.582,0.1036,82764,65,0,9679819.3,55373740.4,4
CONT_s9_bola_RedBullPlayStreets,1789325625.685,0.1037,73864,56,0,8694276.5,59448153.1,4
CONT_s9_bola_RedBullPlayStreets,1789325625.789,0.1036,79864,60,0,8269529.0,61681840.0,4
CONT_s9_bola_RedBullPlayStreets,1789325625.892,0.1035,72364,55,0,8843065.7,63080554.5,4
CONT_s9_bola_RedBullPlayStreets,1789325625.996,0.1036,84832,72,0,4755060.7,42837839.5,4
CONT_s9_bola_RedBullPlayStreets,1789325626.099,0.1036,78936,70,0,1178850.4,33987454.1,2
CONT_s9_bola_RedBullPlayStreets,1789325626.203,0.1038,77280,66,0,7684983.1,42706908.3,4
CONT_s9_bola_RedBullPlayStreets,1789325626.307,0.1036,78520,62,0,9941819.7,60884886.8,4
CONT_s9_bola_RedBullPlayStreets,1789325626.41,0.1035,72468,57,0,10712836.1,67355941.9,4
CONT_s9_bola_RedBullPlayStreets,1789325626.514,0.1035,79916,61,0,8812498.3,63786640.4,4
CONT_s9_bola_RedBullPlayStreets,1789325626.618,0.1036,76916,59,0,10450523.6,52123263.4,4
CONT_s9_bola_RedBullPlayStreets,1789325626.721,0.1037,78416,60,0,9916722.1,51315413.4,4
CONT_s9_bola_RedBullPlayStreets,1789325626.825,0.1036,73916,57,0,9406973.7,50977520.1,4
CONT_s9_bola_RedBullPlayStreets,1789325626.928,0.1035,78416,60,0,9143142.1,46891859.9,4
CONT_s9_bola_RedBullPlayStreets,1789325627.032,0.1036,70916,55,0,9586230.2,53852905.5,4
CONT_s9_bola_RedBullPlayStreets,1789325627.136,0.104,84416,64,0,8569290.2,55418860.6,4
CONT_s9_bola_RedBullPlayStreets,1789325627.24,0.1036,76864,58,0,8663037.6,55365253.9,4
CONT_s9_bola_RedBullPlayStreets,1789325627.343,0.1036,80285,64,0,8477361.8,38133078.8,4
CONT_s9_bola_RedBullPlayStreets,1789325627.447,0.1035,74309,61,0,4667379.4,36635204.1,4
CONT_s9_bola_RedBullPlayStreets,1789325627.55,0.1037,82968,64,0,6424167.4,47364107.5,4
CONT_s9_bola_RedBullPlayStreets,1789325627.654,0.1039,69520,56,0,8189595.1,47353539.5,4
CONT_s9_bola_RedBullPlayStreets,1789325627.758,0.1041,79968,62,0,7640257.5,46577461.0,4
CONT_s9_bola_RedBullPlayStreets,1789325627.862,0.1036,83020,65,0,8750665.5,47897188.9,4
CONT_s9_bola_RedBullPlayStreets,1789325627.966,0.1038,69468,55,0,9463943.8,47147633.3,4
CONT_s9_bola_RedBullPlayStreets,1789325628.069,0.1038,79968,62,0,8339202.7,46525051.7,4
CONT_s9_bola_RedBullPlayStreets,1789325628.173,0.1037,83020,65,0,9290004.9,47850173.8,4
CONT_s9_bola_RedBullPlayStreets,1789325628.277,0.1038,69468,55,0,9885286.5,47267444.1,4
CONT_s9_bola_RedBullPlayStreets,1789325628.381,0.1037,79968,62,0,8547545.7,46479024.6,4
CONT_s9_bola_RedBullPlayStreets,1789325628.484,0.1038,83020,65,0,9461815.9,48020753.5,4
CONT_s9_bola_RedBullPlayStreets,1789325628.588,0.1038,69468,55,0,10027859.7,47382374.1,4
CONT_s9_bola_RedBullPlayStreets,1789325628.692,0.1038,79968,62,0,8624146.5,46896544.1,4
CONT_s9_bola_RedBullPlayStreets,1789325628.796,0.1038,83020,65,0,9513001.5,48222251.7,4
CONT_s9_bola_RedBullPlayStreets,1789325628.899,0.1037,69468,55,0,10084361.4,47603908.7,4
CONT_s9_bola_RedBullPlayStreets,1789325629.003,0.1037,79968,62,0,8661055.6,46880790.7,4
CONT_s9_bola_RedBullPlayStreets,1789325629.107,0.1037,83020,65,0,9538181.8,48004999.6,4
CONT_s9_bola_RedBullPlayStreets,1789325629.211,0.1038,69468,55,0,10083020.6,47381262.7,4
CONT_s9_bola_RedBullPlayStreets,1789325629.315,0.1037,79968,62,0,8659051.1,46599503.8,4
CONT_s9_bola_RedBullPlayStreets,1789325629.418,0.1039,83020,65,0,9540262.6,47873771.3,4
CONT_s9_bola_RedBullPlayStreets,1789325629.522,0.1039,69468,55,0,10091013.9,47351877.5,4
CONT_s9_bola_RedBullPlayStreets,1789325629.626,0.1038,79968,62,0,8652009.8,46657840.8,4
CONT_s9_bola_RedBullPlayStreets,1789325629.73,0.1039,83020,65,0,9539265.8,47958970.1,4
CONT_s9_bola_RedBullPlayStreets,1789325629.834,0.1038,69468,55,0,10119931.9,47379410.1,4
CONT_s9_bola_RedBullPlayStreets,1789325629.938,0.1037,79968,62,0,8673891.8,46459778.1,4
CONT_s9_bola_RedBullPlayStreets,1789325630.041,0.1037,83020,65,0,9550871.7,47971456.8,4
CONT_s9_bola_RedBullPlayStreets,1789325630.145,0.1038,69468,55,0,10112254.3,47435894.4,4
CONT_s9_bola_RedBullPlayStreets,1789325630.251,0.1055,79968,62,0,8647224.4,46557854.3,4
CONT_s9_bola_RedBullPlayStreets,1789325630.354,0.1039,86072,68,0,9922933.3,47982207.8,4
CONT_s9_bola_RedBullPlayStreets,1789325630.458,0.1038,66416,52,0,9177199.6,47357266.1,4
CONT_s9_bola_RedBullPlayStreets,1789325630.562,0.1038,90594,74,0,9985835.0,38257161.0,4
CONT_s9_bola_RedBullPlayStreets,1789325630.666,0.1037,66468,53,0,8723619.6,47322543.2,4
CONT_s9_bola_RedBullPlayStreets,1789325630.77,0.1038,79968,62,0,8151408.6,46535411.5,4
CONT_s9_bola_RedBullPlayStreets,1789325630.873,0.1038,86072,68,0,9524272.2,47884007.4,4
CONT_s9_bola_RedBullPlayStreets,1789325630.977,0.1037,66416,52,0,8941169.3,47405788.9,4
CONT_s9_bola_RedBullPlayStreets,1789325631.081,0.1038,79968,62,0,8507765.3,46742693.5,4
CONT_s9_bola_RedBullPlayStreets,1789325631.185,0.1038,86072,68,0,9789477.3,47868614.7,4
CONT_s9_bola_RedBullPlayStreets,1789325631.289,0.1038,66416,52,0,9080091.3,47360449.1,4
CONT_s9_bola_RedBullPlayStreets,1789325631.392,0.1037,79968,62,0,8587637.4,46813186.8,4
CONT_s9_bola_RedBullPlayStreets,1789325631.496,0.1038,86072,68,0,9872864.7,47884581.7,4
CONT_s9_bola_RedBullPlayStreets,1789325631.6,0.1038,66416,52,0,9149488.0,47270444.1,4
CONT_s9_bola_RedBullPlayStreets,1789325631.704,0.1039,79968,62,0,8624934.2,46613102.6,4
CONT_s9_bola_RedBullPlayStreets,1789325631.808,0.1038,86072,68,0,9902768.0,47953735.7,4
CONT_s9_bola_RedBullPlayStreets,1789325631.911,0.1037,66416,52,0,9182160.5,47218092.0,4
CONT_s9_bola_RedBullPlayStreets,1789325632.015,0.1037,79968,62,0,8655981.3,46743774.0,4
CONT_s9_bola_RedBullPlayStreets,1789325632.119,0.1037,86072,68,0,9918857.1,47904835.7,4
CONT_s9_bola_RedBullPlayStreets,1789325632.223,0.1039,79916,61,0,8664501.8,46716527.2,4
CONT_s9_bola_RedBullPlayStreets,1789325632.326,0.1038,71654,62,0,10644667.7,39701143.3,4
CONT_s9_bola_RedBullPlayStreets,1789325632.43,0.1037,79968,62,0,7746807.9,42465231.7,4
CONT_s9_bola_RedBullPlayStreets,1789325632.534,0.1038,79968,62,0,7686067.7,46785024.9,4
CONT_s9_bola_RedBullPlayStreets,1789325632.639,0.1048,72520,58,0,10305852.0,48891394.4,4
CONT_s9_bola_RedBullPlayStreets,1789325632.746,0.1073,79968,62,0,8399018.4,46765421.3,4
CONT_s9_bola_RedBullPlayStreets,1789325632.85,0.1038,83020,65,0,9355168.9,47954543.3,4
CONT_s9_bola_RedBullPlayStreets,1789325632.954,0.1037,69468,55,0,9959032.0,47423538.1,4
CONT_s9_bola_RedBullPlayStreets,1789325633.057,0.1037,79968,62,0,8577739.8,46764252.5,4
CONT_s9_bola_RedBullPlayStreets,1789325633.161,0.1037,83020,65,0,9474023.7,48029412.2,4
CONT_s9_bola_RedBullPlayStreets,1789325633.265,0.1038,69468,55,0,10045066.1,47144927.5,4
CONT_s9_bola_RedBullPlayStreets,1789325633.369,0.1038,79968,62,0,8616536.1,46776156.7,4
CONT_s9_bola_RedBullPlayStreets,1789325633.472,0.1037,83020,65,0,9506340.2,48025868.1,4
CONT_s9_bola_RedBullPlayStreets,1789325633.576,0.1037,69468,55,0,10055981.3,47174234.7,4
CONT_s9_bola_RedBullPlayStreets,1789325633.68,0.1037,79968,62,0,8615322.8,46725993.7,4
CONT_s9_bola_RedBullPlayStreets,1789325633.784,0.1038,86072,68,0,9901616.0,48217448.5,4
CONT_s9_bola_RedBullPlayStreets,1789325633.887,0.1037,66416,52,0,9169158.8,47594737.7,4
CONT_s9_bola_RedBullPlayStreets,1789325633.991,0.1037,79968,62,0,8650278.8,46948675.1,4
CONT_s9_bola_RedBullPlayStreets,1789325634.095,0.1037,86072,68,0,9936249.4,48199065.9,4
CONT_s9_bola_RedBullPlayStreets,1789325634.199,0.1038,66416,52,0,9196559.9,47371927.9,4
CONT_s9_bola_RedBullPlayStreets,1789325634.302,0.1038,79968,62,0,8656998.5,46690033.3,4
CONT_s9_bola_RedBullPlayStreets,1789325634.406,0.1038,86072,68,0,9931059.2,47928651.7,4
CONT_s9_bola_RedBullPlayStreets,1789325634.51,0.1038,66416,52,0,9192344.2,47292065.1,4
CONT_s9_bola_RedBullPlayStreets,1789325634.614,0.1037,79968,62,0,8668619.4,46764130.7,4
CONT_s9_bola_RedBullPlayStreets,1789325634.717,0.1037,86072,68,0,9923976.9,47895358.2,4
CONT_s9_bola_RedBullPlayStreets,1789325634.821,0.1038,66416,52,0,9172926.7,47303063.4,4
CONT_s9_bola_RedBullPlayStreets,1789325634.925,0.1037,82610,69,0,10273788.0,36781166.8,4
CONT_s9_bola_RedBullPlayStreets,1789325635.029,0.1038,79968,62,0,7984975.0,46833072.8,4
CONT_s9_bola_RedBullPlayStreets,1789325635.134,0.1053,83020,65,0,9017220.1,47882350.5,4
CONT_s9_bola_RedBullPlayStreets,1789325635.238,0.1039,69468,55,0,9692835.7,47154883.7,4
CONT_s9_bola_RedBullPlayStreets,1789325635.341,0.1038,79968,62,0,8434020.7,46654450.4,4
CONT_s9_bola_RedBullPlayStreets,1789325635.445,0.1038,83020,65,0,9376736.9,47950492.0,4
CONT_s9_bola_RedBullPlayStreets,1789325635.549,0.104,69468,55,0,9985680.5,47402606.3,4
CONT_s9_bola_RedBullPlayStreets,1789325635.653,0.1038,79968,62,0,8604606.2,46648790.8,4
CONT_s9_bola_RedBullPlayStreets,1789325635.757,0.1039,83020,65,0,9495324.8,47967801.5,4
CONT_s9_bola_RedBullPlayStreets,1789325635.861,0.1038,69468,55,0,10071080.8,47102355.8,4
CONT_s9_bola_RedBullPlayStreets,1789325635.965,0.1038,79968,62,0,8643173.2,46809706.7,4
CONT_s9_bola_RedBullPlayStreets,1789325636.068,0.1038,83020,65,0,9529479.6,47978830.9,4
CONT_s9_bola_RedBullPlayStreets,1789325636.172,0.1038,69468,55,0,10098470.8,47066377.6,4
CONT_s9_bola_RedBullPlayStreets,1789325636.276,0.1038,79968,62,0,8643300.9,46651248.8,4
CONT_s9_bola_RedBullPlayStreets,1789325636.38,0.1038,83020,65,0,9542807.9,48063253.4,4
CONT_s9_bola_RedBullPlayStreets,1789325636.483,0.1038,74123,61,0,10842646.9,39332174.2,4
CONT_s9_bola_RedBullPlayStreets,1789325636.587,0.1038,79968,62,0,8259894.3,46712394.9,4
CONT_s9_bola_RedBullPlayStreets,1789325636.691,0.1038,79968,62,0,8081534.0,46564159.1,4
CONT_s9_bola_RedBullPlayStreets,1789325636.795,0.1039,72520,58,0,10693986.0,48927787.3,4
CONT_s9_bola_RedBullPlayStreets,1789325636.899,0.1037,79968,62,0,8560005.9,46612050.7,4
CONT_s9_bola_RedBullPlayStreets,1789325637.002,0.1038,79968,62,0,8294146.9,46605367.8,4
CONT_s9_bola_RedBullPlayStreets,1789325637.106,0.104,72520,58,0,10858592.0,48654134.0,4
CONT_s9_bola_RedBullPlayStreets,1789325637.21,0.1039,79968,62,0,8627381.8,46804108.5,4
CONT_s9_bola_RedBullPlayStreets,1789325637.314,0.1037,79968,62,0,8338643.3,46633300.4,4
CONT_s9_bola_RedBullPlayStreets,1789325637.418,0.1039,72520,58,0,10915659.9,48776971.2,4
CONT_s9_bola_RedBullPlayStreets,1789325637.522,0.1038,79968,62,0,8645991.6,46646331.0,4
CONT_s9_bola_RedBullPlayStreets,1789325637.626,0.1038,83020,65,0,9555104.8,47865236.0,4
CONT_s9_bola_RedBullPlayStreets,1789325637.729,0.1039,69849,59,0,9426772.8,47192487.2,6
CONT_s9_bola_RedBullPlayStreets,1789325637.833,0.1039,83020,65,0,5874469.2,46132971.5,5
CONT_s9_bola_RedBullPlayStreets,1789325637.937,0.104,79968,62,0,6047068.9,46721226.7,4
CONT_s9_bola_RedBullPlayStreets,1789325638.041,0.1039,72520,58,0,8780740.9,48819325.8,4
CONT_s9_bola_RedBullPlayStreets,1789325638.146,0.1044,83723,68,0,7837424.7,37953974.6,4
CONT_s9_bola_RedBullPlayStreets,1789325638.251,0.105,72520,58,0,9405427.5,48577534.6,4
CONT_s9_bola_RedBullPlayStreets,1789325638.355,0.104,79968,62,0,8004605.3,46714870.8,4
CONT_s9_bola_RedBullPlayStreets,1789325638.459,0.104,79968,62,0,7884322.3,46650032.6,4
CONT_s9_bola_RedBullPlayStreets,1789325638.563,0.1039,72520,58,0,10438585.0,48724826.5,4
CONT_s9_bola_RedBullPlayStreets,1789325638.666,0.104,79968,62,0,8448725.8,46747686.5,4
CONT_s9_bola_RedBullPlayStreets,1789325638.77,0.1039,83020,65,0,9374152.2,48254611.8,4
CONT_s9_bola_RedBullPlayStreets,1789325638.874,0.104,69468,55,0,9966198.2,47588386.9,4
CONT_s9_bola_RedBullPlayStreets,1789325638.978,0.1039,79968,62,0,8588155.0,46974067.3,4
CONT_s9_bola_RedBullPlayStreets,1789325639.082,0.1039,83020,65,0,9491675.9,48103491.3,4
CONT_s9_bola_RedBullPlayStreets,1789325639.186,0.1039,69468,55,0,10061297.5,47279346.6,4
CONT_s9_bola_RedBullPlayStreets,1789325639.29,0.1039,79968,62,0,8636194.1,46755646.7,4
CONT_s9_bola_RedBullPlayStreets,1789325639.394,0.104,83020,65,0,9519315.4,48101663.4,4
CONT_s9_bola_RedBullPlayStreets,1789325639.498,0.104,69468,55,0,10087761.4,47388007.2,4
CONT_s9_bola_RedBullPlayStreets,1789325639.602,0.1041,79968,62,0,8642135.9,46634137.8,4
CONT_s9_bola_RedBullPlayStreets,1789325639.706,0.1039,76677,64,0,10985590.5,39224157.5,4
CONT_s9_bola_RedBullPlayStreets,1789325639.81,0.1039,79968,62,0,8145666.4,46609094.1,4
CONT_s9_bola_RedBullPlayStreets,1789325639.914,0.104,83020,65,0,9135805.1,47896414.0,4
CONT_s9_bola_RedBullPlayStreets,1789325640.018,0.104,69468,55,0,9811170.9,47308592.9,4
CONT_s9_bola_RedBullPlayStreets,1789325640.122,0.1037,79968,62,0,8533438.1,46783045.4,4
CONT_s9_bola_RedBullPlayStreets,1789325640.226,0.1046,86072,68,0,9844621.8,47996021.8,4
CONT_s9_bola_RedBullPlayStreets,1789325640.33,0.1039,66416,52,0,9141504.5,47237061.2,4
CONT_s9_bola_RedBullPlayStreets,1789325640.434,0.104,79968,62,0,8643744.8,46727440.1,4
CONT_s9_bola_RedBullPlayStreets,1789325640.538,0.1039,86072,68,0,9931882.5,47834394.4,4
CONT_s9_bola_RedBullPlayStreets,1789325640.642,0.1039,66416,52,0,9193586.1,47220902.0,4
CONT_s9_bola_RedBullPlayStreets,1789325640.748,0.106,79968,62,0,8663897.9,46649819.3,4
CONT_s9_bola_RedBullPlayStreets,1789325640.852,0.104,86072,68,0,9935967.9,47837357.6,4
CONT_s9_bola_RedBullPlayStreets,1789325640.956,0.1039,79968,62,0,8660752.4,46734355.5,4
CONT_s9_bola_RedBullPlayStreets,1789325641.06,0.1041,66416,52,0,9452773.8,47406839.5,4
CONT_s9_bola_RedBullPlayStreets,1789325641.164,0.104,86112,69,0,10125286.5,47864689.5,4
CONT_s9_bola_RedBullPlayStreets,1789325641.268,0.1039,82191,61,0,5004910.3,37850231.5,3
CONT_s9_bola_RedBullPlayStreets,1789325641.372,0.1043,67812,51,0,3507379.5,35448914.6,2
CONT_s9_bola_RedBullPlayStreets,1789325641.476,0.1041,81312,60,0,3269377.9,35316917.8,2
CONT_s9_bola_RedBullPlayStreets,1789325641.58,0.1041,81312,60,0,3163612.8,35201987.8,2
CONT_s9_bola_RedBullPlayStreets,1789325641.684,0.104,67760,50,0,3094165.2,35115074.7,2
CONT_s9_bola_RedBullPlayStreets,1789325641.788,0.1041,81312,60,0,3030931.7,35336028.1,2
CONT_s9_bola_RedBullPlayStreets,1789325641.893,0.1041,81312,60,0,2987720.0,35303961.6,2
CONT_s9_bola_RedBullPlayStreets,1789325641.997,0.1041,81312,60,0,2955530.2,35386133.0,2
CONT_s9_bola_RedBullPlayStreets,1789325642.101,0.104,67760,50,0,2964258.6,35230123.7,2
CONT_s9_bola_RedBullPlayStreets,1789325642.205,0.1039,81312,60,0,2941878.8,35395004.6,2
CONT_s9_bola_RedBullPlayStreets,1789325642.308,0.1039,81312,60,0,2934406.9,35244919.8,2
CONT_s9_bola_RedBullPlayStreets,1789325642.412,0.1039,67760,50,0,2923882.1,35412622.4,2
CONT_s9_bola_RedBullPlayStreets,1789325642.516,0.104,74692,56,0,2991220.8,33968825.9,2
CONT_s9_bola_RedBullPlayStreets,1789325642.62,0.104,0,0,0,0,0,0
CONT_s9_bola_RedBullPlayStreets,1789325642.724,0.104,0,0,0,0,0,0
CONT_s9_bola_RedBullPlayStreets,1789325642.828,0.1039,0,0,0,0,0,0
CONT_s9_bola_RedBullPlayStreets,1789325642.932,0.1039,0,0,0,0,0,0
CONT_s9_bola_RedBullPlayStreets,1789325643.036,0.104,30552,23,0,26469901.3,9824494.6,2
CONT_s9_bola_RedBullPlayStreets,1789325643.141,0.1045,89800,84,0,3996740.3,30660180.7,2
CONT_s9_bola_RedBullPlayStreets,1789325643.247,0.106,80928,95,0,402526.7,46336177.9,2
CONT_s9_bola_RedBullPlayStreets,1789325643.351,0.1042,80412,102,12,259656.5,41783880.3,2
CONT_s9_bola_RedBullPlayStreets,1789325643.455,0.104,82160,104,0,81524.0,39940498.2,2
CONT_s9_bola_RedBullPlayStreets,1789325643.559,0.1041,80660,103,0,86059.2,39925700.3,2
CONT_s9_bola_RedBullPlayStreets,1789325643.663,0.104,81472,103,12,531824.7,38519817.5,2
CONT_s9_bola_RedBullPlayStreets,1789325643.767,0.1039,78296,83,1,288371.2,24816424.9,2
CONT_s9_bola_RedBullPlayStreets,1789325643.871,0.104,79300,77,0,57560.8,28918365.1,2
CONT_s9_bola_RedBullPlayStreets,1789325643.975,0.1039,77852,77,0,42007.4,31331765.8,2
CONT_s9_bola_RedBullPlayStreets,1789325644.079,0.104,79352,78,0,23704.0,31350593.3,2
CONT_s9_bola_RedBullPlayStreets,1789325644.183,0.1041,77852,77,0,47873.6,33329972.3,2
CONT_s9_bola_RedBullPlayStreets,1789325644.287,0.104,79300,77,0,33411.0,35255855.7,2
CONT_s9_bola_RedBullPlayStreets,1789325644.391,0.1042,77852,77,0,41096.2,33233016.3,2
CONT_s9_bola_RedBullPlayStreets,1789325644.495,0.104,79352,78,0,37168.7,35773465.3,2
CONT_s9_bola_RedBullPlayStreets,1789325644.599,0.104,77852,77,0,48321.2,37232794.0,2
CONT_s9_bola_RedBullPlayStreets,1789325644.703,0.1039,6509,8,0,1078646.5,27949338.1,2
CONT_s9_bola_RedBullPlayStreets,1789325644.807,0.1039,0,0,0,0,0,0
CONT_s9_bola_RedBullPlayStreets,1789325644.91,0.1039,0,0,0,0,0,0
CONT_s9_bola_RedBullPlayStreets,1789325645.014,0.1039,0,0,0,0,0,0
CONT_s9_bola_RedBullPlayStreets,1789325645.118,0.1039,0,0,0,0,0,0
CONT_s9_bola_RedBullPlayStreets,1789325645.222,0.1041,0,0,0,0,0,0
CONT_s9_bola_RedBullPlayStreets,1789325645.326,0.104,0,0,0,0,0,0
CONT_s9_bola_RedBullPlayStreets,1789325645.43,0.1042,0,0,0,0,0,0
CONT_s9_bola_RedBullPlayStreets,1789325645.534,0.1041,0,0,0,0,0,0
CONT_s9_bola_RedBullPlayStreets,1789325645.639,0.1042,0,0,0,0,0,0
CONT_s9_bola_RedBullPlayStreets,1789325645.743,0.1043,0,0,0,0,0,0
CONT_s9_bola_RedBullPlayStreets,1789325645.847,0.1038,0,0,0,0,0,0
CONT_s9_bola_RedBullPlayStreets,1789325645.951,0.1039,0,0,0,0,0,0
CONT_s9_bola_RedBullPlayStreets,1789325646.054,0.1039,0,0,0,0,0,0
CONT_s9_bola_RedBullPlayStreets,1789325646.158,0.1039,0,0,0,0,0,0
CONT_s9_bola_RedBullPlayStreets,1789325646.262,0.1039,0,0,0,0,0,0
CONT_s9_bola_RedBullPlayStreets,1789325646.366,0.104,0,0,0,0,0,0
CONT_s9_bola_RedBullPlayStreets,1789325646.47,0.1039,0,0,0,0,0,0
CONT_s9_bola_RedBullPlayStreets,1789325646.574,0.104,0,0,0,0,0,0
CONT_s9_bola_RedBullPlayStreets,1789325646.678,0.1039,0,0,0,0,0,0
CONT_s9_bola_RedBullPlayStreets,1789325646.782,0.1039,0,0,0,0,0,0
CONT_s9_bola_RedBullPlayStreets,1789325646.886,0.104,0,0,0,0,0,0
CONT_s9_bola_RedBullPlayStreets,1789325646.99,0.104,0,0,0,0,0,0
CONT_s9_bola_RedBullPlayStreets,1789325647.094,0.1039,0,0,0,0,0,0
CONT_s9_bola_RedBullPlayStreets,1789325647.198,0.1039,30552,23,0,123453222.5,9653224.3,2
CONT_s9_bola_RedBullPlayStreets,1789325647.302,0.1039,79092,73,0,23958329.9,30212529.5,2
CONT_s9_bola_RedBullPlayStreets,1789325647.406,0.1039,77852,77,0,4809097.3,36615987.2,2
CONT_s9_bola_RedBullPlayStreets,1789325647.51,0.104,79352,78,0,891098.3,39278403.2,2
CONT_s9_bola_RedBullPlayStreets,1789325647.614,0.104,80340,91,0,141968.6,38801442.0,2
CONT_s9_bola_RedBullPlayStreets,1789325647.718,0.1041,79764,102,0,85249.0,29822372.4,2
CONT_s9_bola_RedBullPlayStreets,1789325647.822,0.104,80948,99,1,107381.8,31858734.7,2
CONT_s9_bola_RedBullPlayStreets,1789325647.926,0.104,77852,77,0,41989.7,30149861.9,2
CONT_s9_bola_RedBullPlayStreets,1789325648.03,0.1041,79352,78,0,35873.7,33771715.7,2
CONT_s9_bola_RedBullPlayStreets,1789325648.135,0.1051,79352,78,0,37508.3,36596604.5,2
CONT_s9_bola_RedBullPlayStreets,1789325648.239,0.104,77852,77,0,54404.1,38771091.3,2
CONT_s9_bola_RedBullPlayStreets,1789325648.343,0.1039,80276,90,0,78571.9,39436607.2,2
CONT_s9_bola_RedBullPlayStreets,1789325648.447,0.1041,80204,103,0,88544.2,31038545.4,2
CONT_s9_bola_RedBullPlayStreets,1789325648.551,0.1044,81672,103,1,77338.2,34289585.7,2
CONT_s9_bola_RedBullPlayStreets,1789325648.655,0.104,39778,53,2,239734.0,20924699.7,2
CONT_s9_bola_RedBullPlayStreets,1789325648.759,0.104,0,0,0,0,0,0
CONT_s9_bola_RedBullPlayStreets,1789325648.863,0.1038,0,0,0,0,0,0
CONT_s9_bola_RedBullPlayStreets,1789325648.967,0.1038,0,0,0,0,0,0
CONT_s9_bola_RedBullPlayStreets,1789325649.071,0.1037,0,0,0,0,0,0
CONT_s9_bola_RedBullPlayStreets,1789325649.175,0.1039,0,0,0,0,0,0
CONT_s9_bola_RedBullPlayStreets,1789325649.279,0.104,0,0,0,0,0,0
CONT_s9_bola_RedBullPlayStreets,1789325649.383,0.104,0,0,0,0,0,0
CONT_s9_bola_RedBullPlayStreets,1789325649.487,0.1039,0,0,0,0,0,0
CONT_s9_bola_RedBullPlayStreets,1789325649.59,0.1038,0,0,0,0,0,0
CONT_s9_bola_RedBullPlayStreets,1789325649.694,0.104,0,0,0,0,0,0
CONT_s9_bola_RedBullPlayStreets,1789325649.798,0.1039,0,0,0,0,0,0
CONT_s9_bola_RedBullPlayStreets,1789325649.902,0.1039,0,0,0,0,0,0
CONT_s9_bola_RedBullPlayStreets,1789325650.006,0.1039,0,0,0,0,0,0
CONT_s9_bola_RedBullPlayStreets,1789325650.11,0.1038,0,0,0,0,0,0
CONT_s9_bola_RedBullPlayStreets,1789325650.214,0.1039,0,0,0,0,0,0
CONT_s9_bola_RedBullPlayStreets,1789325650.318,0.1039,0,0,0,0,0,0
CONT_s9_bola_RedBullPlayStreets,1789325650.422,0.1041,0,0,0,0,0,0
CONT_s9_bola_RedBullPlayStreets,1789325650.526,0.1039,0,0,0,0,0,0
CONT_s9_bola_RedBullPlayStreets,1789325650.63,0.1047,0,0,0,0,0,0
CONT_s9_bola_RedBullPlayStreets,1789325650.735,0.1041,0,0,0,0,0,0
CONT_s9_bola_RedBullPlayStreets,1789325650.838,0.1039,0,0,0,0,0,0
CONT_s9_bola_RedBullPlayStreets,1789325650.942,0.1039,0,0,0,0,0,0
CONT_s9_bola_RedBullPlayStreets,1789325651.046,0.1039,0,0,0,0,0,0
CONT_s9_bola_RedBullPlayStreets,1789325651.15,0.1039,0,0,0,0,0,0
CONT_s9_bola_RedBullPlayStreets,1789325651.255,0.1049,74572,62,0,44682853.9,17973029.1,2
CONT_s9_bola_RedBullPlayStreets,1789325651.359,0.1042,79352,78,0,9966442.3,32287992.0,2
CONT_s9_bola_RedBullPlayStreets,1789325651.463,0.1041,77852,77,0,1860414.6,35238930.3,2
CONT_s9_bola_RedBullPlayStreets,1789325651.567,0.1039,79300,77,0,375254.0,38010146.1,2
CONT_s9_bola_RedBullPlayStreets,1789325651.671,0.104,79568,81,0,122376.8,39687450.4,2
CONT_s9_bola_RedBullPlayStreets,1789325651.775,0.1041,79972,102,0,99493.5,32825736.8,2
CONT_s9_bola_RedBullPlayStreets,1789325651.879,0.104,81744,104,0,107763.5,31847336.2,2
CONT_s9_bola_RedBullPlayStreets,1789325651.983,0.104,80172,102,1,87765.5,34633973.7,2
CONT_s9_bola_RedBullPlayStreets,1789325652.087,0.1041,81744,104,0,58770.5,34281153.0,2
CONT_s9_bola_RedBullPlayStreets,1789325652.191,0.1041,80244,103,0,92246.7,36894500.5,2
CONT_s9_bola_RedBullPlayStreets,1789325652.296,0.104,81344,103,1,77849.7,41665938.3,2
CONT_s9_bola_RedBullPlayStreets,1789325652.4,0.104,79828,103,0,51926.6,38938588.2,2
CONT_s9_bola_RedBullPlayStreets,1789325652.504,0.104,66488,78,2,692822.5,15472001.0,2
CONT_s9_bola_RedBullPlayStreets,1789325652.608,0.1041,33237,26,0,2440831.8,36653332.7,2
CONT_s9_bola_RedBullPlayStreets,1789325652.712,0.104,0,0,0,0,0,0
CONT_s9_bola_RedBullPlayStreets,1789325652.816,0.1039,0,0,0,0,0,0
CONT_s9_bola_RedBullPlayStreets,1789325652.919,0.1039,0,0,0,0,0,0
CONT_s9_bola_RedBullPlayStreets,1789325653.023,0.1039,0,0,0,0,0,0
CONT_s9_bola_RedBullPlayStreets,1789325653.127,0.1039,0,0,0,0,0,0
CONT_s9_bola_RedBullPlayStreets,1789325653.232,0.1047,0,0,0,0,0,0
CONT_s9_bola_RedBullPlayStreets,1789325653.336,0.1039,0,0,0,0,0,0
CONT_s9_bola_RedBullPlayStreets,1789325653.44,0.1039,0,0,0,0,0,0
CONT_s9_bola_RedBullPlayStreets,1789325653.543,0.1038,0,0,0,0,0,0
CONT_s9_bola_RedBullPlayStreets,1789325653.647,0.104,0,0,0,0,0,0
CONT_s9_bola_RedBullPlayStreets,1789325653.752,0.105,0,0,0,0,0,0
CONT_s9_bola_RedBullPlayStreets,1789325653.856,0.104,0,0,0,0,0,0
CONT_s9_bola_RedBullPlayStreets,1789325653.96,0.1039,0,0,0,0,0,0
CONT_s9_bola_RedBullPlayStreets,1789325654.064,0.1039,0,0,0,0,0,0
CONT_s9_bola_RedBullPlayStreets,1789325654.168,0.1039,0,0,0,0,0,0
CONT_s9_bola_RedBullPlayStreets,1789325654.272,0.1039,0,0,0,0,0,0
CONT_s9_bola_RedBullPlayStreets,1789325654.376,0.104,0,0,0,0,0,0
CONT_s9_bola_RedBullPlayStreets,1789325654.48,0.1039,0,0,0,0,0,0
CONT_s9_bola_RedBullPlayStreets,1789325654.584,0.1039,0,0,0,0,0,0
CONT_s9_bola_RedBullPlayStreets,1789325654.688,0.1039,0,0,0,0,0,0
CONT_s9_bola_RedBullPlayStreets,1789325654.792,0.1039,0,0,0,0,0,0
CONT_s9_bola_RedBullPlayStreets,1789325654.896,0.1039,0,0,0,0,0,0
CONT_s9_bola_RedBullPlayStreets,1789325654.999,0.1039,0,0,0,0,0,0
CONT_s9_bola_RedBullPlayStreets,1789325655.103,0.1039,15500,12,0,207849367.0,4112522.1,2
CONT_s9_bola_RedBullPlayStreets,1789325655.207,0.104,81936,72,0,29134667.0,24138744.0,2
CONT_s9_bola_RedBullPlayStreets,1789325655.311,0.104,77852,77,0,6395111.2,31292918.0,2
CONT_s9_bola_RedBullPlayStreets,1789325655.415,0.1041,79352,78,0,1194432.3,33821824.7,2
CONT_s9_bola_RedBullPlayStreets,1789325655.52,0.1041,77852,77,0,252026.5,34766866.7,2
CONT_s9_bola_RedBullPlayStreets,1789325655.624,0.104,79300,77,0,81774.0,34300007.3,2
CONT_s9_bola_RedBullPlayStreets,1789325655.728,0.104,77852,77,0,32728.0,35264735.0,2
CONT_s9_bola_RedBullPlayStreets,1789325655.832,0.1041,79352,78,0,23795.7,36785505.4,2
CONT_s9_bola_RedBullPlayStreets,1789325655.936,0.1041,77852,77,0,21384.6,38259240.8,2
CONT_s9_bola_RedBullPlayStreets,1789325656.04,0.1041,79300,77,0,22278.9,39298799.0,2
CONT_s9_bola_RedBullPlayStreets,1789325656.144,0.1041,79352,78,0,29661.7,37781511.9,2
CONT_s9_bola_RedBullPlayStreets,1789325656.25,0.106,79352,78,0,34265.7,37256059.6,2
CONT_s9_bola_RedBullPlayStreets,1789325656.354,0.1039,78296,83,0,80739.1,39014044.2,2
CONT_s9_bola_RedBullPlayStreets,1789325656.458,0.104,81264,103,0,49653.1,30339944.0,2
CONT_s9_bola_RedBullPlayStreets,1789325656.562,0.104,81328,104,0,91320.0,27795753.0,2
CONT_s9_bola_RedBullPlayStreets,1789325656.666,0.1041,78080,80,1,48782.7,29242347.4,2
CONT_s9_bola_RedBullPlayStreets,1789325656.77,0.1041,79352,78,0,47501.3,32312977.9,2
CONT_s9_bola_RedBullPlayStreets,1789325656.874,0.1041,77852,77,0,42822.7,35301555.5,2
CONT_s9_bola_RedBullPlayStreets,1789325656.978,0.104,79300,77,0,37418.9,36680188.4,2
CONT_s9_bola_RedBullPlayStreets,1789325657.082,0.104,8790,8,0,802077.5,39092528.0,2
CONT_s9_bola_RedBullPlayStreets,1789325657.186,0.1039,0,0,0,0,0,0
CONT_s9_bola_RedBullPlayStreets,1789325657.29,0.1039,0,0,0,0,0,0
CONT_s9_bola_RedBullPlayStreets,1789325657.394,0.104,0,0,0,0,0,0
CONT_s9_bola_RedBullPlayStreets,1789325657.498,0.1039,0,0,0,0,0,0
CONT_s9_bola_RedBullPlayStreets,1789325657.602,0.1039,0,0,0,0,0,0
CONT_s9_bola_RedBullPlayStreets,1789325657.705,0.1038,0,0,0,0,0,0
CONT_s9_bola_RedBullPlayStreets,1789325657.809,0.1039,0,0,0,0,0,0
CONT_s9_bola_RedBullPlayStreets,1789325657.913,0.1039,0,0,0,0,0,0
CONT_s9_bola_RedBullPlayStreets,1789325658.017,0.1039,0,0,0,0,0,0
CONT_s9_bola_RedBullPlayStreets,1789325658.121,0.1039,0,0,0,0,0,0
CONT_s9_bola_RedBullPlayStreets,1789325658.225,0.1041,0,0,0,0,0,0
CONT_s9_bola_RedBullPlayStreets,1789325658.329,0.104,0,0,0,0,0,0
CONT_s9_bola_RedBullPlayStreets,1789325658.433,0.1039,0,0,0,0,0,0
CONT_s9_bola_RedBullPlayStreets,1789325658.537,0.1039,0,0,0,0,0,0
CONT_s9_bola_RedBullPlayStreets,1789325658.641,0.104,0,0,0,0,0,0
CONT_s9_bola_RedBullPlayStreets,1789325658.747,0.1056,0,0,0,0,0,0
CONT_s9_bola_RedBullPlayStreets,1789325658.85,0.1039,0,0,0,0,0,0
CONT_s9_bola_RedBullPlayStreets,1789325658.955,0.1042,0,0,0,0,0,0
CONT_s9_bola_RedBullPlayStreets,1789325659.059,0.104,17303,14,0,160000392.4,2469571.2,2
CONT_s9_bola_RedBullPlayStreets,1789325659.163,0.1039,78936,70,0,22818199.8,24842696.7,2
CONT_s9_bola_RedBullPlayStreets,1789325659.267,0.104,79412,79,0,4680834.0,32832379.3,3
CONT_s9_bola_RedBullPlayStreets,1789325659.372,0.105,79685,81,0,2002212.5,39759986.1,4
CONT_s9_bola_RedBullPlayStreets,1789325659.476,0.1041,66696,79,0,2791964.5,49557826.7,4
CONT_s9_bola_RedBullPlayStreets,1789325659.58,0.1042,87184,85,2,6362441.6,54195937.2,4
CONT_s9_bola_RedBullPlayStreets,1789325659.684,0.104,70968,56,0,8219391.8,59188320.1,4
CONT_s9_bola_RedBullPlayStreets,1789325659.788,0.1041,89540,79,0,5271913.9,51426844.7,4
CONT_s9_bola_RedBullPlayStreets,1789325659.892,0.1041,79352,78,0,5253439.1,45520781.6,4
CONT_s9_bola_RedBullPlayStreets,1789325659.996,0.1043,77852,77,0,5580992.6,45837798.8,4
CONT_s9_bola_RedBullPlayStreets,1789325660.1,0.1042,79300,77,0,5780990.8,47445633.3,4
CONT_s9_bola_RedBullPlayStreets,1789325660.205,0.1043,77852,77,0,2967515.9,45856053.8,4
CONT_s9_bola_RedBullPlayStreets,1789325660.309,0.1042,79352,78,0,5486695.7,49441178.0,4
CONT_s9_bola_RedBullPlayStreets,1789325660.413,0.1042,79352,78,0,5956274.7,48469619.0,4
CONT_s9_bola_RedBullPlayStreets,1789325660.517,0.1043,77852,77,0,4740319.2,48599257.1,4
CONT_s9_bola_RedBullPlayStreets,1789325660.622,0.1042,79536,99,0,5611775.9,50706218.8,4
CONT_s9_bola_RedBullPlayStreets,1789325660.726,0.1042,77744,94,0,9383722.7,53073567.5,4
CONT_s9_bola_RedBullPlayStreets,1789325660.83,0.1041,80520,71,1,9062947.7,49266826.8,4
CONT_s9_bola_RedBullPlayStreets,1789325660.935,0.1048,79916,61,0,7196640.5,55370371.1,4
CONT_s9_bola_RedBullPlayStreets,1789325661.039,0.104,74020,59,0,9110110.2,61668500.2,4
CONT_s9_bola_RedBullPlayStreets,1789325661.143,0.1043,83384,72,0,7156972.4,56671080.0,4
CONT_s9_bola_RedBullPlayStreets,1789325661.249,0.1058,79352,78,0,6313994.4,49905438.9,4
CONT_s9_bola_RedBullPlayStreets,1789325661.353,0.1042,78840,90,0,2587523.6,46714868.8,4
CONT_s9_bola_RedBullPlayStreets,1789325661.457,0.1042,74896,90,0,9116919.0,56832035.3,4
CONT_s9_bola_RedBullPlayStreets,1789325661.561,0.1042,82828,102,1,6883562.0,49186788.5,4
CONT_s9_bola_RedBullPlayStreets,1789325661.665,0.104,74768,92,0,7221997.9,57761477.3,4
CONT_s9_bola_RedBullPlayStreets,1789325661.769,0.104,79460,98,0,6903648.2,62781234.1,4
CONT_s9_bola_RedBullPlayStreets,1789325661.874,0.1041,81708,89,1,7204004.1,55001841.3,4
CONT_s9_bola_RedBullPlayStreets,1789325661.978,0.1041,77436,69,0,6856806.0,45652525.2,4
CONT_s9_bola_RedBullPlayStreets,1789325662.082,0.1042,86540,77,0,5990979.3,48352795.0,4
CONT_s9_bola_RedBullPlayStreets,1789325662.186,0.1042,79352,78,0,5625988.7,45603566.5,4
CONT_s9_bola_RedBullPlayStreets,1789325662.29,0.1042,79352,78,0,5811260.8,46931417.6,4
CONT_s9_bola_RedBullPlayStreets,1789325662.394,0.1042,76300,75,0,4672647.8,49693468.7,4
CONT_s9_bola_RedBullPlayStreets,1789325662.499,0.1043,77352,89,0,5926238.1,49019952.8,4
CONT_s9_bola_RedBullPlayStreets,1789325662.603,0.1042,75132,76,2,7985788.4,54277237.8,4
CONT_s9_bola_RedBullPlayStreets,1789325662.707,0.1041,83020,65,0,9117554.8,58195921.8,4
CONT_s9_bola_RedBullPlayStreets,1789325662.811,0.1041,81884,71,0,7005327.7,53214734.8,4
CONT_s9_bola_RedBullPlayStreets,1789325662.915,0.1042,77852,77,0,6251180.1,45715423.2,4
CONT_s9_bola_RedBullPlayStreets,1789325663.019,0.1043,79352,78,0,6129952.7,45705499.5,4
CONT_s9_bola_RedBullPlayStreets,1789325663.124,0.1043,77852,77,0,3065448.0,44021909.6,4
CONT_s9_bola_RedBullPlayStreets,1789325663.228,0.1044,80057,76,0,8693496.3,35844400.9,4
CONT_s9_bola_RedBullPlayStreets,1789325663.332,0.1041,77852,77,0,4364899.9,47235576.1,4
CONT_s9_bola_RedBullPlayStreets,1789325663.436,0.104,79352,78,0,5221299.4,49032317.0,4
CONT_s9_bola_RedBullPlayStreets,1789325663.54,0.1043,79352,78,0,6028144.6,48924967.4,4
CONT_s9_bola_RedBullPlayStreets,1789325663.645,0.1048,79352,78,0,3041307.9,46535509.3,4
CONT_s9_bola_RedBullPlayStreets,1789325663.751,0.1055,78916,91,0,5155230.2,49181849.3,4
CONT_s9_bola_RedBullPlayStreets,1789325663.855,0.1041,71488,86,0,9115919.1,52496738.6,4
CONT_s9_bola_RedBullPlayStreets,1789325663.959,0.1044,80208,88,1,8112229.3,47780314.9,4
CONT_s9_bola_RedBullPlayStreets,1789325664.064,0.1044,83072,66,0,8996632.4,55243790.8,4
CONT_s9_bola_RedBullPlayStreets,1789325664.168,0.1042,79916,61,0,5990540.7,57723909.2,4
CONT_s9_bola_RedBullPlayStreets,1789325664.272,0.1041,80020,63,0,8662320.4,61748353.7,4
CONT_s9_bola_RedBullPlayStreets,1789325664.376,0.1042,79352,78,0,6321217.7,46893718.5,4
CONT_s9_bola_RedBullPlayStreets,1789325664.48,0.1042,77852,77,0,4703740.2,49901828.6,4
CONT_s9_bola_RedBullPlayStreets,1789325664.585,0.1042,79536,99,0,5518911.7,52858569.8,4
CONT_s9_bola_RedBullPlayStreets,1789325664.689,0.1044,69584,57,2,10043109.2,55167548.5,4
CONT_s9_bola_RedBullPlayStreets,1789325664.793,0.1042,81572,65,0,11209683.7,60007498.2,4
CONT_s9_bola_RedBullPlayStreets,1789325664.897,0.1041,85144,78,0,4388993.8,51232234.6,4
CONT_s9_bola_RedBullPlayStreets,1789325665.001,0.1042,77852,77,0,5019027.0,42973160.8,4
CONT_s9_bola_RedBullPlayStreets,1789325665.106,0.1043,79352,78,0,5643118.8,45709715.3,4
CONT_s9_bola_RedBullPlayStreets,1789325665.21,0.1042,79352,78,0,5871660.7,47773011.2,4
CONT_s9_bola_RedBullPlayStreets,1789325665.314,0.1042,77852,77,0,6207674.2,49571701.5,4
CONT_s9_bola_RedBullPlayStreets,1789325665.418,0.1042,79300,77,0,6243505.9,49044082.2,4
CONT_s9_bola_RedBullPlayStreets,1789325665.523,0.1042,79352,78,0,3201424.0,45102881.4,4
CONT_s9_bola_RedBullPlayStreets,1789325665.627,0.1043,78220,82,0,6020526.4,49389523.7,4
CONT_s9_bola_RedBullPlayStreets,1789325665.732,0.1054,74768,92,0,7742291.0,55725815.6,4
CONT_s9_bola_RedBullPlayStreets,1789325665.836,0.1041,83988,102,1,8608072.3,48167871.7,4
CONT_s9_bola_RedBullPlayStreets,1789325665.941,0.1041,75520,60,0,8901939.3,51565474.0,4
CONT_s9_bola_RedBullPlayStreets,1789325666.045,0.1042,82968,64,0,8900883.1,57365402.0,4
CONT_s9_bola_RedBullPlayStreets,1789325666.149,0.1041,78520,62,0,8888743.7,62714020.5,4
CONT_s9_bola_RedBullPlayStreets,1789325666.254,0.1055,78988,71,0,3977901.5,51070985.8,4
CONT_s9_bola_RedBullPlayStreets,1789325666.359,0.1042,79352,78,0,6208879.3,50716562.2,4
CONT_s9_bola_RedBullPlayStreets,1789325666.463,0.1042,78904,91,0,4908285.4,49878746.0,4
CONT_s9_bola_RedBullPlayStreets,1789325666.567,0.1042,75132,76,2,8324528.0,54310299.8,4
CONT_s9_bola_RedBullPlayStreets,1789325666.671,0.104,70968,56,0,9863654.0,57655281.2,4
CONT_s9_bola_RedBullPlayStreets,1789325666.775,0.1042,89384,76,0,7089975.3,55091748.7,4
CONT_s9_bola_RedBullPlayStreets,1789325666.879,0.1043,79352,78,0,6268130.5,45692951.7,4
CONT_s9_bola_RedBullPlayStreets,1789325666.984,0.1043,76300,75,0,4700774.9,45227780.5,4
CONT_s9_bola_RedBullPlayStreets,1789325667.088,0.1043,80852,79,0,4314839.4,44293161.8,4
CONT_s9_bola_RedBullPlayStreets,1789325667.192,0.1043,79352,78,0,5794052.5,48709861.9,4
CONT_s9_bola_RedBullPlayStreets,1789325667.296,0.1041,77852,77,0,6029511.9,49494602.6,4
CONT_s9_bola_RedBullPlayStreets,1789325667.401,0.1044,79352,78,0,6356316.3,48870760.6,4
CONT_s9_bola_RedBullPlayStreets,1789325667.505,0.1043,79352,78,0,3236949.2,45377856.4,4
CONT_s9_bola_RedBullPlayStreets,1789325667.609,0.1043,78439,79,0,8098929.9,41554304.2,4
CONT_s9_bola_RedBullPlayStreets,1789325667.714,0.1044,79300,77,0,2969854.3,46308144.5,4
CONT_s9_bola_RedBullPlayStreets,1789325667.818,0.1041,1780684,1459,23,105057.0,2580722.2,4
CONT_s9_bola_RedBullPlayStreets,1789325667.923,0.1047,1655290,1252,0,860430.5,2313737.9,4
CONT_s9_bola_RedBullPlayStreets,1789325668.027,0.1041,41792,47,0,4500360.0,90118693.7,2
CONT_s9_bola_RedBullPlayStreets,1789325668.134,0.1068,43944,55,16,2419250.3,88736469.3,2
CONT_s9_bola_RedBullPlayStreets,1789325668.238,0.1042,40752,53,26,485202.2,91889012.4,2
CONT_s9_bola_RedBullPlayStreets,1789325668.342,0.1042,41912,50,19,246302.8,93509207.0,2
CONT_s9_bola_RedBullPlayStreets,1789325668.446,0.1042,41176,40,0,2677369.2,95177528.3,2
CONT_s9_bola_RedBullPlayStreets,1789325668.55,0.1041,39572,37,0,5361440.6,101505039.5,2
CONT_s9_bola_RedBullPlayStreets,1789325668.654,0.104,43676,54,2,6474053.2,95797850.7,2
CONT_s9_bola_RedBullPlayStreets,1789325668.758,0.1041,40356,48,5,2625334.8,75546528.9,2
CONT_s9_bola_RedBullPlayStreets,1789325668.863,0.1043,39676,39,0,3874203.7,79096590.9,2
CONT_s9_bola_RedBullPlayStreets,1789325668.967,0.1043,39624,38,0,5286990.6,83070927.3,2
CONT_s9_bola_RedBullPlayStreets,1789325669.071,0.1042,44072,40,0,5879262.8,86790094.1,2
CONT_s9_bola_RedBullPlayStreets,1789325669.175,0.104,38124,37,0,5681942.1,87470623.3,2
CONT_s9_bola_RedBullPlayStreets,1789325669.279,0.104,42572,39,0,6053254.5,91560903.1,2
CONT_s9_bola_RedBullPlayStreets,1789325669.384,0.1046,39572,37,0,6151059.0,91437344.5,2
CONT_s9_bola_RedBullPlayStreets,1789325669.488,0.1043,41072,38,0,6287469.2,93519141.4,2
CONT_s9_bola_RedBullPlayStreets,1789325669.592,0.1042,41072,38,0,6307516.9,95128211.0,2
CONT_s9_bola_RedBullPlayStreets,1789325669.697,0.1043,42520,38,0,6554345.7,96478957.7,2
CONT_s9_bola_RedBullPlayStreets,1789325669.801,0.1041,40704,53,2,6434371.5,88364132.5,2
CONT_s9_bola_RedBullPlayStreets,1789325669.905,0.1041,39676,39,0,3797040.3,70065911.4,2
CONT_s9_bola_RedBullPlayStreets,1789325670.009,0.1043,41176,40,0,5372648.0,70959971.1,2
CONT_s9_bola_RedBullPlayStreets,1789325670.113,0.1041,42572,39,0,6096435.5,76076729.6,2
CONT_s9_bola_RedBullPlayStreets,1789325670.218,0.1042,38124,37,0,5898200.8,79092922.5,2
CONT_s9_bola_RedBullPlayStreets,1789325670.322,0.1041,41072,38,0,6258135.9,81228196.7,2
CONT_s9_bola_RedBullPlayStreets,1789325670.426,0.1042,43357,45,0,12099301.6,77767341.2,6
CONT_s9_bola_RedBullPlayStreets,1789325670.53,0.1045,41432,44,0,7264970.1,84854912.0,4
CONT_s9_bola_RedBullPlayStreets,1789325670.636,0.1057,42048,51,4,10454513.8,95189604.9,4
CONT_s9_bola_RedBullPlayStreets,1789325670.74,0.1044,41884,47,7,10665771.4,99051716.6,4
CONT_s9_bola_RedBullPlayStreets,1789325670.845,0.1042,40304,46,10,10848907.2,101292367.1,4
CONT_s9_bola_RedBullPlayStreets,1789325670.949,0.1042,42388,54,1,11407381.9,100191556.8,4
CONT_s9_bola_RedBullPlayStreets,1789325671.053,0.1045,41500,44,5,8922889.5,83598048.6,5
CONT_s9_bola_RedBullPlayStreets,1789325671.158,0.1044,40184,41,0,7246698.3,77620600.2,5
CONT_s9_bola_RedBullPlayStreets,1789325671.262,0.1046,42780,43,0,8299424.2,79587740.2,4
CONT_s9_bola_RedBullPlayStreets,1789325671.367,0.1045,40060,43,0,11254123.3,102176997.7,4
CONT_s9_bola_RedBullPlayStreets,1789325671.471,0.1043,40488,49,8,11292134.3,93959206.8,4
CONT_s9_bola_RedBullPlayStreets,1789325671.576,0.1045,43196,48,2,8976184.1,94414009.9,4
CONT_s9_bola_RedBullPlayStreets,1789325671.68,0.1044,41672,47,4,12827262.7,83028540.9,4
CONT_s9_bola_RedBullPlayStreets,1789325671.785,0.1045,41176,40,0,11556112.5,85792055.3,4
CONT_s9_bola_RedBullPlayStreets,1789325671.889,0.1044,41176,40,0,13169951.2,87896618.6,4
CONT_s9_bola_RedBullPlayStreets,1789325671.994,0.1045,41176,40,0,14109133.6,93786261.2,4
CONT_s9_bola_RedBullPlayStreets,1789325672.098,0.1045,39728,40,0,13960703.0,93728051.3,4
CONT_s9_bola_RedBullPlayStreets,1789325672.203,0.1045,41176,40,0,13964848.5,96669553.6,4
CONT_s9_bola_RedBullPlayStreets,1789325672.307,0.1044,41176,40,0,14186184.3,102002427.4,4
CONT_s9_bola_RedBullPlayStreets,1789325672.412,0.1045,39980,43,0,14339410.7,101783504.5,4
CONT_s9_bola_RedBullPlayStreets,1789325672.516,0.1047,43540,53,2,13425003.9,97134817.3,4
CONT_s9_bola_RedBullPlayStreets,1789325672.621,0.1045,41176,40,0,12233104.7,72748177.0,4
CONT_s9_bola_RedBullPlayStreets,1789325672.725,0.1044,39624,38,0,13840027.0,76360232.6,4
CONT_s9_bola_RedBullPlayStreets,1789325672.83,0.1045,42728,42,0,12897939.3,83488037.1,4
CONT_s9_bola_RedBullPlayStreets,1789325672.934,0.1045,39624,38,0,13513924.9,90561338.7,4
CONT_s9_bola_RedBullPlayStreets,1789325673.039,0.1045,41176,40,0,13097310.8,92210878.1,4
CONT_s9_bola_RedBullPlayStreets,1789325673.143,0.1046,42728,42,0,12609162.6,97074622.5,4
CONT_s9_bola_RedBullPlayStreets,1789325673.249,0.1061,41280,42,0,12479450.8,97753063.7,4
CONT_s9_bola_RedBullPlayStreets,1789325673.354,0.1044,38632,44,0,13624201.1,99419605.6,4
CONT_s9_bola_RedBullPlayStreets,1789325673.458,0.1045,42892,44,1,14276764.6,93036845.9,4
CONT_s9_bola_RedBullPlayStreets,1789325673.563,0.1045,39676,39,0,13429033.0,82282571.1,4
CONT_s9_bola_RedBullPlayStreets,1789325673.667,0.1044,41176,40,0,12808335.2,89781710.8,4
CONT_s9_bola_RedBullPlayStreets,1789325673.772,0.1045,42728,42,0,15111915.5,96699230.4,4
CONT_s9_bola_RedBullPlayStreets,1789325673.876,0.1045,39728,40,0,15136750.2,98603402.2,4
CONT_s9_bola_RedBullPlayStreets,1789325673.981,0.1045,41124,39,0,14236151.7,99004259.8,4
CONT_s9_bola_RedBullPlayStreets,1789325674.085,0.1045,41304,42,0,14723331.4,101282536.9,4
CONT_s9_bola_RedBullPlayStreets,1789325674.19,0.1044,41804,48,1,14016097.4,101067416.5,4
CONT_s9_bola_RedBullPlayStreets,1789325674.294,0.1044,41316,42,1,12350939.5,97062906.5,4
CONT_s9_bola_RedBullPlayStreets,1789325674.398,0.1045,41176,40,0,11772264.8,94363658.7,4
CONT_s9_bola_RedBullPlayStreets,1789325674.503,0.1045,41176,40,0,12498414.0,98249033.3,4
CONT_s9_bola_RedBullPlayStreets,1789325674.607,0.1046,41456,44,0,12423702.6,101324498.9,4
CONT_s9_bola_RedBullPlayStreets,1789325674.712,0.1045,41580,45,1,12331072.3,100553579.3,4
CONT_s9_bola_RedBullPlayStreets,1789325674.816,0.1044,39764,40,2,12065713.4,98053824.5,4
CONT_s9_bola_RedBullPlayStreets,1789325674.921,0.1044,39676,39,0,11833620.4,99538852.0,4
CONT_s9_bola_RedBullPlayStreets,1789325675.025,0.1046,41328,42,0,12535176.2,101292079.0,4
CONT_s9_bola_RedBullPlayStreets,1789325675.133,0.1075,43236,49,1,13089583.8,93903409.8,4
CONT_s9_bola_RedBullPlayStreets,1789325675.237,0.1046,42676,41,0,13195452.7,87656851.0,4
CONT_s9_bola_RedBullPlayStreets,1789325675.342,0.1045,41176,40,0,12762258.1,91609076.8,4
CONT_s9_bola_RedBullPlayStreets,1789325675.446,0.1045,39624,38,0,12671229.9,94212961.6,4
CONT_s9_bola_RedBullPlayStreets,1789325675.551,0.1045,41252,41,0,12639035.6,101618966.8,4
CONT_s9_bola_RedBullPlayStreets,1789325675.655,0.1043,41748,48,1,13511962.5,98170201.0,4
CONT_s9_bola_RedBullPlayStreets,1789325675.76,0.1045,41124,39,0,13318345.8,88309820.5,4
CONT_s9_bola_RedBullPlayStreets,1789325675.864,0.1045,41176,40,0,14364432.3,91222930.4,4
CONT_s9_bola_RedBullPlayStreets,1789325675.969,0.1045,39676,39,0,14247855.7,96233541.2,4
CONT_s9_bola_RedBullPlayStreets,1789325676.073,0.1046,41176,40,0,14217763.2,99145162.0,4
CONT_s9_bola_RedBullPlayStreets,1789325676.178,0.1043,41632,46,0,14053319.6,100551979.6,4
CONT_s9_bola_RedBullPlayStreets,1789325676.282,0.1044,41380,43,1,12883687.2,90611771.3,4
CONT_s9_bola_RedBullPlayStreets,1789325676.387,0.1046,41176,40,0,12279313.1,85859352.7,4
CONT_s9_bola_RedBullPlayStreets,1789325676.491,0.1044,39624,38,0,12365300.3,94269906.3,4
CONT_s9_bola_RedBullPlayStreets,1789325676.596,0.1047,41228,41,0,13324472.9,98159664.2,4
CONT_s9_bola_RedBullPlayStreets,1789325676.701,0.1052,42880,44,0,15170987.7,101744282.9,4
CONT_s9_bola_RedBullPlayStreets,1789325676.806,0.1046,41708,47,0,14800214.6,102135904.7,4
CONT_s9_bola_RedBullPlayStreets,1789325676.91,0.1045,40044,44,1,12598763.1,89350019.4,4
CONT_s9_bola_RedBullPlayStreets,1789325677.015,0.1045,42728,42,0,12076320.0,93420867.3,4
CONT_s9_bola_RedBullPlayStreets,1789325677.119,0.1045,41176,40,0,13347350.8,96994726.3,4
CONT_s9_bola_RedBullPlayStreets,1789325677.224,0.1046,38176,38,0,13309142.4,101315410.0,4
CONT_s9_bola_RedBullPlayStreets,1789325677.328,0.1045,41512,44,0,13719756.3,101990915.4,4
CONT_s9_bola_RedBullPlayStreets,1789325677.433,0.1045,43080,46,2,12992674.9,97483835.8,4
CONT_s9_bola_RedBullPlayStreets,1789325677.537,0.1045,42470,44,0,11444575.1,89979326.4,4
CONT_s9_bola_RedBullPlayStreets,1789325677.642,0.1044,39676,39,0,12881647.3,52327745.5,4
CONT_s9_bola_RedBullPlayStreets,1789325677.749,0.1073,41176,40,0,13456600.8,99245496.5,4
CONT_s9_bola_RedBullPlayStreets,1789325677.854,0.1047,42340,42,0,13942620.2,77616137.8,4
CONT_s9_bola_RedBullPlayStreets,1789325677.958,0.1043,41572,46,0,13639057.5,100859185.1,4
CONT_s9_bola_RedBullPlayStreets,1789325678.062,0.1046,41041,47,3,14119688.9,90382277.0,4
CONT_s9_bola_RedBullPlayStreets,1789325678.167,0.1044,42728,42,0,13929791.0,64041163.1,4
CONT_s9_bola_RedBullPlayStreets,1789325678.271,0.1044,39624,38,0,14002192.8,96024112.9,4
CONT_s9_bola_RedBullPlayStreets,1789325678.376,0.1045,41695,42,0,13031422.2,93291156.5,4
CONT_s9_bola_RedBullPlayStreets,1789325678.48,0.1044,39780,41,0,7963823.7,52150431.2,3
CONT_s9_bola_RedBullPlayStreets,1789325678.585,0.1046,42676,41,0,6225701.8,56211316.3,2
CONT_s9_bola_RedBullPlayStreets,1789325678.689,0.1044,41228,41,0,5575869.1,59562533.1,2
CONT_s9_bola_RedBullPlayStreets,1789325678.794,0.1045,24416,24,0,5298376.3,62834737.3,2
CONT_s9_bola_RedBullPlayStreets,1789325678.898,0.1044,0,0,0,0,0,0
CONT_s9_bola_RedBullPlayStreets,1789325679.003,0.1045,0,0,0,0,0,0
CONT_s9_bola_RedBullPlayStreets,1789325679.107,0.1044,44020,39,0,13924233.3,30430993.8,2
CONT_s9_bola_RedBullPlayStreets,1789325679.211,0.1044,42728,42,0,8402282.7,65807742.0,2
CONT_s9_bola_RedBullPlayStreets,1789325679.316,0.1045,41176,40,0,6537595.3,71875141.0,2
CONT_s9_bola_RedBullPlayStreets,1789325679.42,0.1046,9156,9,0,6276085.7,75994969.9,2
CONT_s9_bola_RedBullPlayStreets,1789325679.525,0.1044,0,0,0,0,0,0
CONT_s9_bola_RedBullPlayStreets,1789325679.631,0.1058,40,1,0,14883925.0,0,1
CONT_s9_bola_RedBullPlayStreets,1789325679.735,0.1045,0,0,0,0,0,0
CONT_s9_bola_RedBullPlayStreets,1789325679.84,0.1048,0,0,0,0,0,0
CONT_s9_bola_RedBullPlayStreets,1789325679.944,0.1045,0,0,0,0,0,0
CONT_s9_bola_RedBullPlayStreets,1789325680.049,0.1045,0,0,0,0,0,0
CONT_s9_bola_RedBullPlayStreets,1789325680.153,0.1044,0,0,0,0,0,0
CONT_s9_bola_RedBullPlayStreets,1789325680.258,0.1045,0,0,0,0,0,0
CONT_s9_bola_RedBullPlayStreets,1789325680.362,0.1043,0,0,0,0,0,0
CONT_s9_bola_RedBullPlayStreets,1789325680.466,0.1044,0,0,0,0,0,0
CONT_s9_bola_RedBullPlayStreets,1789325680.571,0.1044,0,0,0,0,0,0
CONT_s9_bola_RedBullPlayStreets,1789325680.675,0.1043,0,0,0,0,0,0
CONT_s9_bola_RedBullPlayStreets,1789325680.78,0.1044,0,0,0,0,0,0
CONT_s9_bola_RedBullPlayStreets,1789325680.884,0.1045,0,0,0,0,0,0
CONT_s9_bola_RedBullPlayStreets,1789325680.989,0.1044,0,0,0,0,0,0
CONT_s9_bola_RedBullPlayStreets,1789325681.093,0.1045,0,0,0,0,0,0
CONT_s9_bola_RedBullPlayStreets,1789325681.197,0.1044,0,0,0,0,0,0
CONT_s9_bola_RedBullPlayStreets,1789325681.302,0.1044,0,0,0,0,0,0
CONT_s9_bola_RedBullPlayStreets,1789325681.406,0.1044,0,0,0,0,0,0
CONT_s9_bola_RedBullPlayStreets,1789325681.511,0.1044,0,0,0,0,0,0
CONT_s9_bola_RedBullPlayStreets,1789325681.615,0.1045,0,0,0,0,0,0
CONT_s9_bola_RedBullPlayStreets,1789325681.72,0.1045,0,0,0,0,0,0
CONT_s9_bola_RedBullPlayStreets,1789325681.824,0.1044,0,0,0,0,0,0
CONT_s9_bola_RedBullPlayStreets,1789325681.929,0.1048,15499,12,0,294570712.0,23150469.2,2
CONT_s9_bola_RedBullPlayStreets,1789325682.033,0.1046,42676,41,0,94155884.9,46353476.3,2
CONT_s9_bola_RedBullPlayStreets,1789325682.138,0.1049,42676,41,0,35749323.7,55339342.4,2
CONT_s9_bola_RedBullPlayStreets,1789325682.246,0.1074,42450,41,0,17611139.6,46822675.5,2
CONT_s9_bola_RedBullPlayStreets,1789325682.35,0.1044,41124,39,0,10541849.1,59977390.2,2
CONT_s9_bola_RedBullPlayStreets,1789325682.455,0.1045,38176,38,0,7786311.1,64059877.7,2
CONT_s9_bola_RedBullPlayStreets,1789325682.559,0.1045,36654,37,0,6350509.8,65205253.0,2
CONT_s9_bola_RedBullPlayStreets,1789325682.664,0.1045,47176,44,0,6294696.3,57621349.8,2
CONT_s9_bola_RedBullPlayStreets,1789325682.768,0.1044,39676,39,0,5761820.3,69988521.3,2
CONT_s9_bola_RedBullPlayStreets,1789325682.873,0.1045,42728,42,0,5470455.0,75706822.0,2
CONT_s9_bola_RedBullPlayStreets,1789325682.977,0.1045,41176,40,0,5390411.8,78575273.9,2
CONT_s9_bola_RedBullPlayStreets,1789325683.081,0.1044,39624,38,0,5266921.4,79503703.1,2
CONT_s9_bola_RedBullPlayStreets,1789325683.186,0.1044,41228,41,0,4700157.6,82938221.3,2
CONT_s9_bola_RedBullPlayStreets,1789325683.29,0.1044,42999,40,0,6002134.6,68113118.9,2
CONT_s9_bola_RedBullPlayStreets,1789325683.395,0.1044,38176,38,0,5527708.6,84705177.0,2
CONT_s9_bola_RedBullPlayStreets,1789325683.499,0.1045,42728,42,0,5487922.7,91044770.1,2
CONT_s9_bola_RedBullPlayStreets,1789325683.604,0.1044,41176,40,0,5354720.7,92224542.1,2
CONT_s9_bola_RedBullPlayStreets,1789325683.708,0.1045,41176,40,0,5371810.3,94634610.4,2
CONT_s9_bola_RedBullPlayStreets,1789325683.812,0.1044,39676,39,0,5250939.7,96580173.9,2
CONT_s9_bola_RedBullPlayStreets,1789325683.917,0.1044,42728,42,0,5280322.0,98425295.5,2
CONT_s9_bola_RedBullPlayStreets,1789325684.021,0.1045,41124,39,0,5414845.4,101795014.6,2
CONT_s9_bola_RedBullPlayStreets,1789325684.126,0.1044,38176,38,0,5155195.2,102025456.5,2
CONT_s9_bola_RedBullPlayStreets,1789325684.23,0.1047,41744,41,0,5944646.9,81500072.8,2
CONT_s9_bola_RedBullPlayStreets,1789325684.335,0.1044,43336,50,0,6741739.7,95959264.8,2
CONT_s9_bola_RedBullPlayStreets,1789325684.44,0.1046,41620,46,2,3228268.3,87875551.6,2
CONT_s9_bola_RedBullPlayStreets,1789325684.544,0.1045,41400,42,0,4781415.3,73551630.1,2
CONT_s9_bola_RedBullPlayStreets,1789325684.649,0.1047,39676,39,0,5364022.3,80019917.4,2
CONT_s9_bola_RedBullPlayStreets,1789325684.754,0.1055,41176,40,0,5378818.9,84981311.2,2
CONT_s9_bola_RedBullPlayStreets,1789325684.859,0.1047,42728,42,0,5216954.0,88093820.9,2
CONT_s9_bola_RedBullPlayStreets,1789325684.963,0.1045,39676,39,0,5268872.0,90917104.1,2
CONT_s9_bola_RedBullPlayStreets,1789325685.068,0.1045,41176,40,0,5337315.7,94157431.4,2
CONT_s9_bola_RedBullPlayStreets,1789325685.172,0.1045,39676,39,0,5324044.7,95964366.1,2
CONT_s9_bola_RedBullPlayStreets,1789325685.277,0.1045,42728,42,0,5334165.7,98563725.1,2
CONT_s9_bola_RedBullPlayStreets,1789325685.382,0.1045,42183,40,0,5821033.4,90151402.8,2
CONT_s9_bola_RedBullPlayStreets,1789325685.486,0.1045,38176,38,0,5624554.8,91880380.7,2
CONT_s9_bola_RedBullPlayStreets,1789325685.591,0.1045,42728,42,0,5488204.0,101255627.7,2
CONT_s9_bola_RedBullPlayStreets,1789325685.695,0.1044,41252,41,0,5439834.3,100262574.2,2
CONT_s9_bola_RedBullPlayStreets,1789325685.799,0.1045,42152,53,1,6355340.2,99729657.9,2
CONT_s9_bola_RedBullPlayStreets,1789325685.904,0.1046,39676,39,0,4252961.7,80953419.0,2
CONT_s9_bola_RedBullPlayStreets,1789325686.009,0.1046,42728,42,0,5297966.7,74169371.5,2
CONT_s9_bola_RedBullPlayStreets,1789325686.113,0.1047,41176,40,0,5368148.5,78352664.6,2
CONT_s9_bola_RedBullPlayStreets,1789325686.218,0.1046,41124,39,0,5484484.1,79608858.9,2
CONT_s9_bola_RedBullPlayStreets,1789325686.322,0.1045,39676,39,0,5135111.0,79108206.2,2
CONT_s9_bola_RedBullPlayStreets,1789325686.427,0.1045,41228,41,0,5245521.0,82952326.0,2
CONT_s9_bola_RedBullPlayStreets,1789325686.531,0.1045,41176,40,0,5193946.0,83961883.9,2
CONT_s9_bola_RedBullPlayStreets,1789325686.637,0.1053,41176,40,0,5284945.4,86978972.6,2
CONT_s9_bola_RedBullPlayStreets,1789325686.741,0.1047,39624,38,0,5312600.3,89625470.9,2
CONT_s9_bola_RedBullPlayStreets,1789325686.846,0.1046,42728,42,0,5233855.7,90563130.5,2
CONT_s9_bola_RedBullPlayStreets,1789325686.95,0.1046,39676,39,0,5159449.0,94659780.4,2
CONT_s9_bola_RedBullPlayStreets,1789325687.055,0.1047,41729,40,0,5948140.4,86104403.8,2
CONT_s9_bola_RedBullPlayStreets,1789325687.16,0.1045,42676,41,0,5809092.1,90968791.2,2
CONT_s9_bola_RedBullPlayStreets,1789325687.264,0.1042,38176,38,0,5395827.5,100302023.0,2
CONT_s9_bola_RedBullPlayStreets,1789325687.368,0.1044,41176,40,0,5318132.8,101804354.3,2
CONT_s9_bola_RedBullPlayStreets,1789325687.473,0.1045,41620,46,0,5751521.9,101241767.1,2
CONT_s9_bola_RedBullPlayStreets,1789325687.577,0.1046,43336,50,1,4064385.6,95786203.3,2
CONT_s9_bola_RedBullPlayStreets,1789325687.682,0.1045,39676,39,0,4943624.0,72068059.4,2
CONT_s9_bola_RedBullPlayStreets,1789325687.787,0.1046,41176,40,0,5305387.3,76470832.9,2
CONT_s9_bola_RedBullPlayStreets,1789325687.891,0.1046,42676,41,0,5494763.7,80615250.8,2
CONT_s9_bola_RedBullPlayStreets,1789325687.996,0.1045,41176,40,0,5322684.3,84742910.5,2
CONT_s9_bola_RedBullPlayStreets,1789325688.1,0.1045,38176,38,0,5184538.1,86956181.6,2
CONT_s9_bola_RedBullPlayStreets,1789325688.205,0.1045,42728,42,0,5251787.3,89387415.6,2
CONT_s9_bola_RedBullPlayStreets,1789325688.309,0.1044,41176,40,0,5247802.5,91760318.8,2
CONT_s9_bola_RedBullPlayStreets,1789325688.413,0.1044,41176,40,0,5307698.0,94513112.6,2
CONT_s9_bola_RedBullPlayStreets,1789325688.518,0.1044,39676,39,0,5155599.3,95010663.7,2
CONT_s9_bola_RedBullPlayStreets,1789325688.622,0.1046,42676,41,0,5423109.2,98954622.1,2
CONT_s9_bola_RedBullPlayStreets,1789325688.727,0.1046,39728,40,0,5176074.5,98512627.4,2
CONT_s9_bola_RedBullPlayStreets,1789325688.832,0.1045,41176,40,0,5365292.8,102284996.4,2
CONT_s9_bola_RedBullPlayStreets,1789325688.936,0.1045,41176,40,0,5353937.0,102396378.6,2
CONT_s9_bola_RedBullPlayStreets,1789325689.041,0.1045,36959,36,0,5140377.0,100822444.3,2
CONT_s9_bola_RedBullPlayStreets,1789325689.145,0.1044,45676,43,0,5800964.1,54932433.2,2
CONT_s9_bola_RedBullPlayStreets,1789325689.252,0.1072,43512,52,0,6991862.8,97152415.7,2
CONT_s9_bola_RedBullPlayStreets,1789325689.357,0.1044,38392,41,2,2914102.7,81123827.3,2
CONT_s9_bola_RedBullPlayStreets,1789325689.461,0.1045,42728,42,0,5010853.0,73361557.2,2
CONT_s9_bola_RedBullPlayStreets,1789325689.565,0.1044,41176,40,0,5425275.7,78066169.9,2
CONT_s9_bola_RedBullPlayStreets,1789325689.67,0.1044,39676,39,0,5324290.3,82528139.5,2
CONT_s9_bola_RedBullPlayStreets,1789325689.774,0.1046,42676,41,0,5327309.7,86391175.5,2
CONT_s9_bola_RedBullPlayStreets,1789325689.879,0.1045,39676,39,0,5220692.7,88302521.7,2
CONT_s9_bola_RedBullPlayStreets,1789325689.984,0.1046,42676,41,0,5319086.5,90915349.2,2
CONT_s9_bola_RedBullPlayStreets,1789325690.088,0.1045,41176,40,0,5284076.5,93229877.7,2
CONT_s9_bola_RedBullPlayStreets,1789325690.192,0.1044,38176,38,0,5170017.9,94348257.2,2
CONT_s9_bola_RedBullPlayStreets,1789325690.297,0.1049,42728,42,0,5023033.7,97259815.8,2
CONT_s9_bola_RedBullPlayStreets,1789325690.402,0.1045,39676,39,0,5114606.0,98522326.6,2
CONT_s9_bola_RedBullPlayStreets,1789325690.506,0.1046,41228,41,0,5296636.6,98496393.3,2
CONT_s9_bola_RedBullPlayStreets,1789325690.611,0.1046,41176,40,0,5423612.4,102744144.0,2
CONT_s9_bola_RedBullPlayStreets,1789325690.715,0.1045,41176,40,0,5392611.9,102369598.8,2
CONT_s9_bola_RedBullPlayStreets,1789325690.82,0.1046,41176,40,0,5382783.5,102238548.2,2
CONT_s9_bola_RedBullPlayStreets,1789325690.925,0.1045,41784,48,0,6536240.1,101521871.9,2
CONT_s9_bola_RedBullPlayStreets,1789325691.029,0.1046,43120,47,1,3104808.6,89561950.6,2
CONT_s9_bola_RedBullPlayStreets,1789325691.137,0.1077,40964,40,0,5578397.1,65169838.0,2
CONT_s9_bola_RedBullPlayStreets,1789325691.243,0.1058,42728,42,0,5595277.7,73470860.3,2
CONT_s9_bola_RedBullPlayStreets,1789325691.347,0.1046,41124,39,0,5269603.4,79464356.1,2
CONT_s9_bola_RedBullPlayStreets,1789325691.452,0.1045,39728,40,0,5287829.7,83073129.2,2
CONT_s9_bola_RedBullPlayStreets,1789325691.556,0.1045,41176,40,0,5379749.3,85580765.7,2
CONT_s9_bola_RedBullPlayStreets,1789325691.661,0.1045,39624,38,0,5253548.4,87270840.3,2
CONT_s9_bola_RedBullPlayStreets,1789325691.765,0.1045,42728,42,0,5296876.3,90424400.6,2
CONT_s9_bola_RedBullPlayStreets,1789325691.87,0.1046,41176,40,0,5399684.2,93490827.9,2
CONT_s9_bola_RedBullPlayStreets,1789325691.974,0.1046,41176,40,0,5359782.6,94676010.2,2
CONT_s9_bola_RedBullPlayStreets,1789325692.079,0.1045,39676,39,0,5191269.7,97222796.6,2
CONT_s9_bola_RedBullPlayStreets,1789325692.183,0.1046,42676,41,0,5319017.5,98639194.1,2
CONT_s9_bola_RedBullPlayStreets,1789325692.288,0.1044,38176,38,0,5086672.9,99757995.5,2
CONT_s9_bola_RedBullPlayStreets,1789325692.392,0.1044,41176,40,0,5078488.8,102022326.7,2
CONT_s9_bola_RedBullPlayStreets,1789325692.497,0.1045,41176,40,0,5206882.2,102116390.0,2
CONT_s9_bola_RedBullPlayStreets,1789325692.601,0.1046,42728,42,0,5003060.0,102087324.4,2
CONT_s9_bola_RedBullPlayStreets,1789325692.706,0.1043,42228,54,1,6799930.5,96105338.4,2
CONT_s9_bola_RedBullPlayStreets,1789325692.81,0.1046,39676,39,1,3585626.0,78166187.9,2
CONT_s9_bola_RedBullPlayStreets,1789325692.915,0.1045,42676,41,0,5326014.9,73910878.1,2
CONT_s9_bola_RedBullPlayStreets,1789325693.019,0.1046,41176,40,0,5525348.7,78430810.5,2
CONT_s9_bola_RedBullPlayStreets,1789325693.124,0.1045,37696,29,0,6475554.4,83764879.1,2
CONT_s9_bola_RedBullPlayStreets,1789325693.228,0.1046,0,0,0,0,0,0
CONT_s9_bola_RedBullPlayStreets,1789325693.333,0.1045,0,0,0,0,0,0
CONT_s9_bola_RedBullPlayStreets,1789325693.437,0.1045,0,0,0,0,0,0
CONT_s9_bola_RedBullPlayStreets,1789325693.542,0.1045,0,0,0,0,0,0
CONT_s9_bola_RedBullPlayStreets,1789325693.646,0.1044,0,0,0,0,0,0
CONT_s9_bola_RedBullPlayStreets,1789325693.752,0.1056,0,0,0,0,0,0
CONT_s9_bola_RedBullPlayStreets,1789325693.856,0.1042,0,0,0,0,0,0
CONT_s9_bola_RedBullPlayStreets,1789325693.961,0.1044,0,0,0,0,0,0
CONT_s9_bola_RedBullPlayStreets,1789325694.065,0.1044,0,0,0,0,0,0
CONT_s9_bola_RedBullPlayStreets,1789325694.169,0.1044,0,0,0,0,0,0
CONT_s9_bola_RedBullPlayStreets,1789325694.274,0.1044,0,0,0,0,0,0
CONT_s9_bola_RedBullPlayStreets,1789325694.378,0.1044,0,0,0,0,0,0
CONT_s9_bola_RedBullPlayStreets,1789325694.483,0.1045,0,0,0,0,0,0
CONT_s9_bola_RedBullPlayStreets,1789325694.587,0.1044,0,0,0,0,0,0
CONT_s9_bola_RedBullPlayStreets,1789325694.691,0.1043,0,0,0,0,0,0
CONT_s9_bola_RedBullPlayStreets,1789325694.796,0.1044,0,0,0,0,0,0
CONT_s9_bola_RedBullPlayStreets,1789325694.9,0.1044,0,0,0,0,0,0
CONT_s9_bola_RedBullPlayStreets,1789325695.005,0.1045,0,0,0,0,0,0
CONT_s9_bola_RedBullPlayStreets,1789325695.109,0.1045,0,0,0,0,0,0
CONT_s9_bola_RedBullPlayStreets,1789325695.214,0.1044,0,0,0,0,0,0
CONT_s9_bola_RedBullPlayStreets,1789325695.318,0.1044,0,0,0,0,0,0
CONT_s9_bola_RedBullPlayStreets,1789325695.422,0.1044,0,0,0,0,0,0
CONT_s9_bola_RedBullPlayStreets,1789325695.527,0.1044,0,0,0,0,0,0
CONT_s9_bola_RedBullPlayStreets,1789325695.635,0.1082,0,0,0,0,0,0
CONT_s9_bola_RedBullPlayStreets,1789325695.74,0.105,0,0,0,0,0,0
CONT_s9_bola_RedBullPlayStreets,1789325695.844,0.1044,0,0,0,0,0,0
CONT_s9_bola_RedBullPlayStreets,1789325695.949,0.1044,0,0,0,0,0,0
CONT_s9_bola_RedBullPlayStreets,1789325696.053,0.1045,0,0,0,0,0,0
CONT_s9_bola_RedBullPlayStreets,1789325696.158,0.1044,0,0,0,0,0,0
CONT_s9_bola_RedBullPlayStreets,1789325696.262,0.1044,0,0,0,0,0,0
CONT_s9_bola_RedBullPlayStreets,1789325696.366,0.1042,0,0,0,0,0,0
CONT_s9_bola_RedBullPlayStreets,1789325696.471,0.1044,0,0,0,0,0,0
CONT_s9_bola_RedBullPlayStreets,1789325696.575,0.1045,0,0,0,0,0,0
CONT_s9_bola_RedBullPlayStreets,1789325696.68,0.1043,0,0,0,0,0,0
CONT_s9_bola_RedBullPlayStreets,1789325696.784,0.1044,0,0,0,0,0,0
CONT_s9_bola_RedBullPlayStreets,1789325696.888,0.1044,0,0,0,0,0,0
CONT_s9_bola_RedBullPlayStreets,1789325696.993,0.1044,0,0,0,0,0,0
CONT_s9_bola_RedBullPlayStreets,1789325697.097,0.1044,0,0,0,0,0,0
CONT_s9_bola_RedBullPlayStreets,1789325697.202,0.1043,0,0,0,0,0,0
CONT_s9_bola_RedBullPlayStreets,1789325697.306,0.1044,0,0,0,0,0,0
CONT_s9_bola_RedBullPlayStreets,1789325697.41,0.1044,0,0,0,0,0,0
CONT_s9_bola_RedBullPlayStreets,1789325697.515,0.1044,0,0,0,0,0,0
CONT_s9_bola_RedBullPlayStreets,1789325697.619,0.1044,0,0,0,0,0,0
CONT_s9_bola_RedBullPlayStreets,1789325697.724,0.1045,0,0,0,0,0,0
CONT_s9_bola_RedBullPlayStreets,1789325697.828,0.1044,0,0,0,0,0,0
CONT_s9_bola_RedBullPlayStreets,1789325697.933,0.1044,0,0,0,0,0,0
CONT_s9_bola_RedBullPlayStreets,1789325698.037,0.1045,0,0,0,0,0,0
CONT_s9_bola_RedBullPlayStreets,1789325698.141,0.1043,0,0,0,0,0,0
CONT_s9_bola_RedBullPlayStreets,1789325698.248,0.1069,0,0,0,0,0,0
CONT_s9_bola_RedBullPlayStreets,1789325698.353,0.1045,0,0,0,0,0,0
CONT_s9_bola_RedBullPlayStreets,1789325698.457,0.1044,0,0,0,0,0,0
CONT_s9_bola_RedBullPlayStreets,1789325698.562,0.1045,0,0,0,0,0,0
CONT_s9_bola_RedBullPlayStreets,1789325698.666,0.1043,0,0,0,0,0,0
CONT_s9_bola_RedBullPlayStreets,1789325698.77,0.1044,0,0,0,0,0,0
CONT_s9_bola_RedBullPlayStreets,1789325698.875,0.1045,0,0,0,0,0,0
CONT_s9_bola_RedBullPlayStreets,1789325698.979,0.1045,0,0,0,0,0,0
CONT_s9_bola_RedBullPlayStreets,1789325699.084,0.1044,0,0,0,0,0,0
CONT_s9_bola_RedBullPlayStreets,1789325699.188,0.1045,0,0,0,0,0,0
CONT_s9_bola_RedBullPlayStreets,1789325699.293,0.1044,0,0,0,0,0,0
CONT_s9_bola_RedBullPlayStreets,1789325699.397,0.1045,0,0,0,0,0,0
CONT_s9_bola_RedBullPlayStreets,1789325699.502,0.1045,0,0,0,0,0,0
CONT_s9_bola_RedBullPlayStreets,1789325699.606,0.1045,0,0,0,0,0,0
CONT_s9_bola_RedBullPlayStreets,1789325699.71,0.1043,0,0,0,0,0,0
CONT_s9_bola_RedBullPlayStreets,1789325699.815,0.1044,0,0,0,0,0,0
CONT_s9_bola_RedBullPlayStreets,1789325699.919,0.1044,0,0,0,0,0,0
CONT_s9_bola_RedBullPlayStreets,1789325700.024,0.1045,0,0,0,0,0,0
CONT_s9_bola_RedBullPlayStreets,1789325700.128,0.1046,0,0,0,0,0,0
CONT_s9_bola_RedBullPlayStreets,1789325700.233,0.1044,0,0,0,0,0,0
CONT_s9_bola_RedBullPlayStreets,1789325700.337,0.1044,0,0,0,0,0,0
CONT_s9_bola_RedBullPlayStreets,1789325700.442,0.1045,0,0,0,0,0,0
CONT_s9_bola_RedBullPlayStreets,1789325700.546,0.1044,0,0,0,0,0,0
CONT_s9_bola_RedBullPlayStreets,1789325700.65,0.1043,0,0,0,0,0,0
CONT_s9_bola_RedBullPlayStreets,1789325700.757,0.1066,0,0,0,0,0,0
CONT_s9_bola_RedBullPlayStreets,1789325700.861,0.1043,0,0,0,0,0,0
CONT_s9_bola_RedBullPlayStreets,1789325700.966,0.1044,0,0,0,0,0,0
CONT_s9_bola_RedBullPlayStreets,1789325701.07,0.1046,0,0,0,0,0,0
CONT_s9_bola_RedBullPlayStreets,1789325701.175,0.1043,0,0,0,0,0,0
CONT_s9_bola_RedBullPlayStreets,1789325701.279,0.1044,0,0,0,0,0,0
CONT_s9_bola_RedBullPlayStreets,1789325701.384,0.1044,0,0,0,0,0,0
CONT_s9_bola_RedBullPlayStreets,1789325701.488,0.1045,0,0,0,0,0,0
CONT_s9_bola_RedBullPlayStreets,1789325701.592,0.1045,0,0,0,0,0,0
CONT_s9_bola_RedBullPlayStreets,1789325701.697,0.1044,0,0,0,0,0,0
CONT_s9_bola_RedBullPlayStreets,1789325701.801,0.1044,0,0,0,0,0,0
CONT_s9_bola_RedBullPlayStreets,1789325701.906,0.1044,0,0,0,0,0,0
CONT_s9_bola_RedBullPlayStreets,1789325702.01,0.1045,0,0,0,0,0,0
CONT_s9_bola_RedBullPlayStreets,1789325702.115,0.1045,0,0,0,0,0,0
CONT_s9_bola_RedBullPlayStreets,1789325702.219,0.1043,0,0,0,0,0,0
CONT_s9_bola_RedBullPlayStreets,1789325702.323,0.1044,0,0,0,0,0,0
CONT_s9_bola_RedBullPlayStreets,1789325702.428,0.1042,0,0,0,0,0,0
CONT_s9_bola_RedBullPlayStreets,1789325702.532,0.1045,0,0,0,0,0,0
CONT_s9_bola_RedBullPlayStreets,1789325702.637,0.1049,0,0,0,0,0,0
CONT_s9_bola_RedBullPlayStreets,1789325702.741,0.1044,0,0,0,0,0,0
CONT_s9_bola_RedBullPlayStreets,1789325702.846,0.1044,0,0,0,0,0,0
CONT_s9_bola_RedBullPlayStreets,1789325702.95,0.1046,0,0,0,0,0,0
CONT_s9_bola_RedBullPlayStreets,1789325703.055,0.1045,0,0,0,0,0,0
CONT_s9_bola_RedBullPlayStreets,1789325703.159,0.1043,0,0,0,0,0,0
CONT_s9_bola_RedBullPlayStreets,1789325703.263,0.1044,0,0,0,0,0,0
CONT_s9_bola_RedBullPlayStreets,1789325703.368,0.1045,0,0,0,0,0,0
CONT_s9_bola_RedBullPlayStreets,1789325703.472,0.1044,0,0,0,0,0,0
CONT_s9_bola_RedBullPlayStreets,1789325703.577,0.1044,0,0,0,0,0,0
CONT_s9_bola_RedBullPlayStreets,1789325703.681,0.1044,0,0,0,0,0,0
CONT_s9_bola_RedBullPlayStreets,1789325703.786,0.1044,0,0,0,0,0,0
CONT_s9_bola_RedBullPlayStreets,1789325703.89,0.1044,0,0,0,0,0,0
CONT_s9_bola_RedBullPlayStreets,1789325703.994,0.1044,0,0,0,0,0,0
CONT_s9_bola_RedBullPlayStreets,1789325704.099,0.1044,0,0,0,0,0,0
CONT_s9_bola_RedBullPlayStreets,1789325704.203,0.1045,0,0,0,0,0,0
CONT_s9_bola_RedBullPlayStreets,1789325704.308,0.1044,0,0,0,0,0,0
CONT_s9_bola_RedBullPlayStreets,1789325704.412,0.1046,0,0,0,0,0,0
CONT_s9_bola_RedBullPlayStreets,1789325704.517,0.1044,0,0,0,0,0,0
CONT_s9_bola_RedBullPlayStreets,1789325704.621,0.1044,0,0,0,0,0,0
CONT_s9_bola_RedBullPlayStreets,1789325704.725,0.1044,0,0,0,0,0,0
CONT_s9_bola_RedBullPlayStreets,1789325704.83,0.1044,0,0,0,0,0,0
CONT_s9_bola_RedBullPlayStreets,1789325704.934,0.1045,0,0,0,0,0,0
CONT_s9_bola_RedBullPlayStreets,1789325705.039,0.1045,0,0,0,0,0,0
CONT_s9_bola_RedBullPlayStreets,1789325705.143,0.1045,0,0,0,0,0,0
CONT_s9_bola_RedBullPlayStreets,1789325705.25,0.1066,0,0,0,0,0,0
CONT_s9_bola_RedBullPlayStreets,1789325705.354,0.1045,0,0,0,0,0,0
CONT_s9_bola_RedBullPlayStreets,1789325705.459,0.1044,0,0,0,0,0,0
CONT_s9_bola_RedBullPlayStreets,1789325705.563,0.1043,0,0,0,0,0,0
CONT_s9_bola_RedBullPlayStreets,1789325705.667,0.1043,0,0,0,0,0,0
CONT_s9_bola_RedBullPlayStreets,1789325705.772,0.1044,0,0,0,0,0,0
CONT_s9_bola_RedBullPlayStreets,1789325705.876,0.1045,0,0,0,0,0,0
CONT_s9_bola_RedBullPlayStreets,1789325705.981,0.1044,0,0,0,0,0,0
CONT_s9_bola_RedBullPlayStreets,1789325706.085,0.1044,0,0,0,0,0,0
CONT_s9_bola_RedBullPlayStreets,1789325706.19,0.1044,0,0,0,0,0,0
CONT_s9_bola_RedBullPlayStreets,1789325706.294,0.1045,0,0,0,0,0,0
CONT_s9_bola_RedBullPlayStreets,1789325706.398,0.1044,0,0,0,0,0,0
CONT_s9_bola_RedBullPlayStreets,1789325706.503,0.1044,0,0,0,0,0,0
CONT_s9_bola_RedBullPlayStreets,1789325706.607,0.1044,0,0,0,0,0,0
CONT_s9_bola_RedBullPlayStreets,1789325706.712,0.1046,0,0,0,0,0,0
CONT_s9_bola_RedBullPlayStreets,1789325706.816,0.1045,0,0,0,0,0,0
CONT_s9_bola_RedBullPlayStreets,1789325706.921,0.1044,0,0,0,0,0,0
CONT_s9_bola_RedBullPlayStreets,1789325707.025,0.1045,0,0,0,0,0,0
CONT_s9_bola_RedBullPlayStreets,1789325707.132,0.1064,0,0,0,0,0,0
CONT_s9_bola_RedBullPlayStreets,1789325707.236,0.1046,0,0,0,0,0,0
CONT_s9_bola_RedBullPlayStreets,1789325707.34,0.1044,0,0,0,0,0,0
CONT_s9_bola_RedBullPlayStreets,1789325707.445,0.1045,0,0,0,0,0,0
CONT_s9_bola_RedBullPlayStreets,1789325707.549,0.1045,0,0,0,0,0,0
CONT_s9_bola_RedBullPlayStreets,1789325707.654,0.1043,0,0,0,0,0,0
CONT_s9_bola_RedBullPlayStreets,1789325707.758,0.1043,0,0,0,0,0,0
CONT_s9_bola_RedBullPlayStreets,1789325707.862,0.1044,0,0,0,0,0,0
CONT_s9_bola_RedBullPlayStreets,1789325707.967,0.1044,0,0,0,0,0,0
CONT_s9_bola_RedBullPlayStreets,1789325708.071,0.1043,0,0,0,0,0,0
CONT_s9_bola_RedBullPlayStreets,1789325708.176,0.1044,0,0,0,0,0,0
CONT_s9_bola_RedBullPlayStreets,1789325708.28,0.1042,0,0,0,0,0,0
CONT_s9_bola_RedBullPlayStreets,1789325708.384,0.1043,0,0,0,0,0,0
CONT_s9_bola_RedBullPlayStreets,1789325708.488,0.1044,0,0,0,0,0,0
CONT_s9_bola_RedBullPlayStreets,1789325708.593,0.1044,0,0,0,0,0,0
CONT_s9_bola_RedBullPlayStreets,1789325708.697,0.1045,0,0,0,0,0,0
CONT_s9_bola_RedBullPlayStreets,1789325708.802,0.1044,0,0,0,0,0,0
CONT_s9_bola_RedBullPlayStreets,1789325708.906,0.1044,0,0,0,0,0,0
CONT_s9_bola_RedBullPlayStreets,1789325709.011,0.1044,0,0,0,0,0,0
CONT_s9_bola_RedBullPlayStreets,1789325709.115,0.1044,0,0,0,0,0,0
CONT_s9_bola_RedBullPlayStreets,1789325709.219,0.1044,0,0,0,0,0,0
CONT_s9_bola_RedBullPlayStreets,1789325709.324,0.1044,0,0,0,0,0,0
CONT_s9_bola_RedBullPlayStreets,1789325709.428,0.1045,0,0,0,0,0,0
CONT_s9_bola_RedBullPlayStreets,1789325709.533,0.1045,0,0,0,0,0,0
CONT_s9_bola_RedBullPlayStreets,1789325709.638,0.1051,0,0,0,0,0,0
CONT_s9_bola_RedBullPlayStreets,1789325709.742,0.1044,0,0,0,0,0,0
CONT_s9_bola_RedBullPlayStreets,1789325709.847,0.1044,0,0,0,0,0,0
CONT_s9_bola_RedBullPlayStreets,1789325709.951,0.1044,0,0,0,0,0,0
CONT_s9_bola_RedBullPlayStreets,1789325710.055,0.1045,0,0,0,0,0,0
CONT_s9_bola_RedBullPlayStreets,1789325710.16,0.1044,0,0,0,0,0,0
CONT_s9_bola_RedBullPlayStreets,1789325710.264,0.1044,0,0,0,0,0,0
CONT_s9_bola_RedBullPlayStreets,1789325710.369,0.1045,0,0,0,0,0,0
CONT_s9_bola_RedBullPlayStreets,1789325710.473,0.1045,0,0,0,0,0,0
CONT_s9_bola_RedBullPlayStreets,1789325710.578,0.1044,0,0,0,0,0,0
CONT_s9_bola_RedBullPlayStreets,1789325710.682,0.1043,0,0,0,0,0,0
CONT_s9_bola_RedBullPlayStreets,1789325710.786,0.1044,0,0,0,0,0,0
CONT_s9_bola_RedBullPlayStreets,1789325710.891,0.1044,0,0,0,0,0,0
CONT_s9_bola_RedBullPlayStreets,1789325710.995,0.1044,0,0,0,0,0,0
CONT_s9_bola_RedBullPlayStreets,1789325711.1,0.1046,0,0,0,0,0,0
CONT_s9_bola_RedBullPlayStreets,1789325711.204,0.1048,0,0,0,0,0,0
CONT_s9_bola_RedBullPlayStreets,1789325711.309,0.1044,0,0,0,0,0,0
CONT_s9_bola_RedBullPlayStreets,1789325711.413,0.1044,0,0,0,0,0,0
CONT_s9_bola_RedBullPlayStreets,1789325711.518,0.1044,0,0,0,0,0,0
CONT_s9_bola_RedBullPlayStreets,1789325711.622,0.1045,0,0,0,0,0,0
CONT_s9_bola_RedBullPlayStreets,1789325711.726,0.1044,0,0,0,0,0,0
CONT_s9_bola_RedBullPlayStreets,1789325711.831,0.1045,0,0,0,0,0,0
CONT_s9_bola_RedBullPlayStreets,1789325711.935,0.1044,0,0,0,0,0,0
CONT_s9_bola_RedBullPlayStreets,1789325712.04,0.1045,0,0,0,0,0,0
CONT_s9_bola_RedBullPlayStreets,1789325712.144,0.1045,0,0,0,0,0,0
CONT_s9_bola_RedBullPlayStreets,1789325712.251,0.1064,0,0,0,0,0,0
CONT_s9_bola_RedBullPlayStreets,1789325712.355,0.1044,0,0,0,0,0,0
CONT_s9_bola_RedBullPlayStreets,1789325712.46,0.1044,0,0,0,0,0,0
CONT_s9_bola_RedBullPlayStreets,1789325712.564,0.1044,0,0,0,0,0,0
CONT_s9_bola_RedBullPlayStreets,1789325712.668,0.1044,0,0,0,0,0,0
CONT_s9_bola_RedBullPlayStreets,1789325712.773,0.1044,0,0,0,0,0,0
CONT_s9_bola_RedBullPlayStreets,1789325712.877,0.1045,0,0,0,0,0,0
